FeatureID,dry,wet,Contrib.dry,Contrib.wet,Contrib,GroupContrib,color,importance,component
FT_1.700_249.10806,1.3467129117030188,-0.6733564558515098,TRUE,FALSE,FALSE,dry,#388ECC,-0.1700681944536836,comp1
FT_1.375_276.11905,1.3448244879208566,-0.6724122439604291,TRUE,FALSE,FALSE,dry,#388ECC,-0.16909052295668417,comp1
FT_7.543_311.12383,1.3373310665470615,-0.668665533273531,TRUE,FALSE,FALSE,dry,#388ECC,-0.168526498513098,comp1
FT_6.857_247.12883,1.3151602573842476,-0.657580128692123,TRUE,FALSE,FALSE,dry,#388ECC,-0.16460027161440433,comp1
FT_1.822_277.10307,1.3229854597014872,-0.6614927298507435,TRUE,FALSE,FALSE,dry,#388ECC,-0.16363919344282463,comp1
FT_6.781_279.10096,1.3092088865300193,-0.6546044432650099,TRUE,FALSE,FALSE,dry,#388ECC,-0.16347679608412172,comp1
FT_9.727_295.12883,1.295709438570764,-0.6478547192853815,TRUE,FALSE,FALSE,dry,#388ECC,-0.1631439640220096,comp1
FT_2.524_430.15560,1.2401778789712352,-0.6200889394856155,TRUE,FALSE,FALSE,dry,#388ECC,-0.15478450607204663,comp1
FT_3.022_317.14564,1.2637429073208657,-0.6318714536604318,TRUE,FALSE,FALSE,dry,#388ECC,-0.1547688947137189,comp1
FT_2.525_435.11107,1.2356776590173657,-0.6178388295086804,TRUE,FALSE,FALSE,dry,#388ECC,-0.1537305719126574,comp1
FT_9.013_261.14449,1.2588304924289353,-0.6294152462144686,TRUE,FALSE,FALSE,dry,#388ECC,-0.1503337368329929,comp1
FT_9.313_261.14449,1.2325529997734217,-0.6162764998867096,TRUE,FALSE,FALSE,dry,#388ECC,-0.1462912816658017,comp1
FT_1.759_288.11903,1.2286823454874358,-0.6143411727437182,TRUE,FALSE,FALSE,dry,#388ECC,-0.14593737868056364,comp1
FT_1.419_230.09584,1.2064117740705487,-0.6032058870352746,TRUE,FALSE,FALSE,dry,#388ECC,-0.14373358639322897,comp1
FT_1.349_505.14323,1.1774139600925473,-0.588706980046272,TRUE,FALSE,FALSE,dry,#388ECC,-0.14298397012785144,comp1
FT_1.425_404.17774,1.2117544376357983,-0.6058772188178992,TRUE,FALSE,FALSE,dry,#388ECC,-0.14148687464457654,comp1
FT_1.988_684.25597,1.1897324093244106,-0.5948662046622027,TRUE,FALSE,FALSE,dry,#388ECC,-0.13543069765283575,comp1
FT_1.251_162.07613,-1.168176487966231,0.5840882439831161,FALSE,TRUE,FALSE,wet,#F68B33,0.13059404256548032,comp1
FT_1.125_423.08999,1.1385778277479206,-0.5692889138739585,TRUE,FALSE,FALSE,dry,#388ECC,-0.1267923238167542,comp1
FT_1.350_186.07614,1.1164714115867058,-0.5582357057933486,TRUE,FALSE,FALSE,dry,#388ECC,-0.1240977427844019,comp1
FT_1.404_425.19671,1.1222390214624003,-0.5611195107312001,TRUE,FALSE,FALSE,dry,#388ECC,-0.12266340713721736,comp1
FT_1.411_846.30863,1.0507009968910006,-0.5253504984455015,TRUE,FALSE,FALSE,dry,#388ECC,-0.11917518114080368,comp1
FT_1.380_176.09175,-1.120594705186102,0.560297352593049,FALSE,TRUE,FALSE,wet,#F68B33,0.11702885865870294,comp1
FT_2.047_204.12298,-1.039815181194779,0.5199075905973897,FALSE,TRUE,FALSE,wet,#F68B33,0.11121416309386094,comp1
FT_5.996_504.19243,-1.105567096657711,0.5527835483288547,FALSE,TRUE,FALSE,wet,#F68B33,0.11018735080425136,comp1
FT_1.706_467.13727,1.0483027137913703,-0.5241513568956839,TRUE,FALSE,FALSE,dry,#388ECC,-0.1098111946494675,comp1
FT_2.305_673.21659,1.0492029570563417,-0.5246014785281694,TRUE,FALSE,FALSE,dry,#388ECC,-0.10882052566894186,comp1
FT_1.106_90.05498,-1.060705779174899,0.5303528895874466,FALSE,TRUE,FALSE,wet,#F68B33,0.10871576537000782,comp1
FT_1.310_702.26646,1.001958983051285,-0.5009794915256425,TRUE,FALSE,FALSE,dry,#388ECC,-0.10843433265397061,comp1
FT_1.406_684.25587,1.0075677645099315,-0.5037838822549674,TRUE,FALSE,FALSE,dry,#388ECC,-0.1083382157102756,comp1
FT_1.720_462.18184,1.0329431620925207,-0.5164715810462607,TRUE,FALSE,FALSE,dry,#388ECC,-0.10690914585695965,comp1
FT_5.744_176.05536,1.0482677144819272,-0.5241338572409611,TRUE,FALSE,FALSE,dry,#388ECC,-0.10594702807781638,comp1
FT_1.174_398.12947,1.002684836973823,-0.5013424184869121,TRUE,FALSE,FALSE,dry,#388ECC,-0.10566789137725953,comp1
FT_1.183_176.10298,-1.0492533416760998,0.5246266708380507,FALSE,TRUE,FALSE,wet,#F68B33,0.10414024615515845,comp1
FT_1.694_347.09500,-1.0589399188759296,0.5294699594379657,FALSE,TRUE,FALSE,wet,#F68B33,0.0999329315915542,comp1
FT_1.135_120.06548,-1.020542727082723,0.5102713635413606,FALSE,TRUE,FALSE,wet,#F68B33,0.09879308807914992,comp1
FT_1.309_127.03898,0.9993697711970395,-0.49968488559852253,TRUE,FALSE,FALSE,dry,#388ECC,-0.0974696653785924,comp1
FT_5.996_509.14786,-1.0546067764160252,0.5273033882080106,FALSE,TRUE,FALSE,wet,#F68B33,0.09718174839131093,comp1
FT_1.202_166.05326,-1.0086553294712732,0.5043276647356371,FALSE,TRUE,FALSE,wet,#F68B33,0.09406443257712693,comp1
FT_1.190_536.21888,0.9451275457404678,-0.47256377287023504,TRUE,FALSE,FALSE,dry,#388ECC,-0.09239813839706838,comp1
FT_1.259_198.12371,0.979124555619523,-0.4895622778097594,TRUE,FALSE,FALSE,dry,#388ECC,-0.09180216231160442,comp1
FT_1.300_189.12341,0.9978216607785225,-0.49891083038926076,TRUE,FALSE,FALSE,dry,#388ECC,-0.09173497296118018,comp1
FT_1.302_189.12341,0.9978216607785225,-0.49891083038926076,TRUE,FALSE,FALSE,dry,#388ECC,-0.09173497296118018,comp1
FT_1.090_133.06074,-0.951728171776994,0.47586408588849566,FALSE,TRUE,FALSE,wet,#F68B33,0.09068516606148472,comp1
FT_1.223_448.11210,0.9197581281609066,-0.4598790640804541,TRUE,FALSE,FALSE,dry,#388ECC,-0.09032410444165274,comp1
FT_1.080_106.04983,-0.9779836746959547,0.48899183734798,FALSE,TRUE,FALSE,wet,#F68B33,0.0894341966386398,comp1
FT_2.382_126.05492,0.9199506311027561,-0.45997531555137805,TRUE,FALSE,FALSE,dry,#388ECC,-0.08780483094668984,comp1
FT_1.395_130.08623,-1.0027463921742574,0.5013731960871285,FALSE,TRUE,FALSE,wet,#F68B33,0.08746307828109047,comp1
FT_1.308_97.02841,0.9167743481062824,-0.4583871740531463,TRUE,FALSE,FALSE,dry,#388ECC,-0.08387622039154267,comp1
FT_1.909_511.16356,0.9370749336235659,-0.4685374668117824,TRUE,FALSE,FALSE,dry,#388ECC,-0.08378164641113209,comp1
FT_2.050_247.12881,0.8847068178393283,-0.4423534089196632,TRUE,FALSE,FALSE,dry,#388ECC,-0.08178312886554842,comp1
FT_18.817_261.22130,-0.9350471186343078,0.4675235593171548,FALSE,TRUE,FALSE,wet,#F68B33,0.0803479031181593,comp1
FT_1.354_222.09721,0.9500905207095691,-0.4750452603547821,TRUE,FALSE,FALSE,dry,#388ECC,-0.08007776084592101,comp1
FT_1.311_191.10270,-0.9131485636288534,0.45657428181442605,FALSE,TRUE,FALSE,wet,#F68B33,0.07768495857798817,comp1
FT_2.163_260.16048,0.8612232064742241,-0.4306116032371123,TRUE,FALSE,FALSE,dry,#388ECC,-0.07372011021677159,comp1
FT_3.589_132.10187,-0.895730455109497,0.4478652275547477,FALSE,TRUE,FALSE,wet,#F68B33,0.07336253524959022,comp1
FT_1.360_350.19235,0.8508538378169016,-0.4254269189084492,TRUE,FALSE,FALSE,dry,#388ECC,-0.07212411735551558,comp1
FT_3.874_132.10187,-0.8912882601730531,0.44564413008652815,FALSE,TRUE,FALSE,wet,#F68B33,0.07208899870244331,comp1
FT_1.776_453.12153,0.8714321809265212,-0.4357160904632626,TRUE,FALSE,FALSE,dry,#388ECC,-0.06989149211355913,comp1
FT_1.257_278.08058,-0.9050041268627375,0.45250206343137195,FALSE,TRUE,FALSE,wet,#F68B33,0.06886244903295519,comp1
FT_1.188_132.06551,-0.8991269408686019,0.4495634704343013,FALSE,TRUE,FALSE,wet,#F68B33,0.06856969132774371,comp1
FT_4.186_113.03450,0.8925688864526163,-0.44628444322630517,TRUE,FALSE,FALSE,dry,#388ECC,-0.0681320088332858,comp1
FT_1.826_199.14414,-0.893782682634551,0.4468913413172758,FALSE,TRUE,FALSE,wet,#F68B33,0.06751115848052792,comp1
FT_1.081_154.13391,0.8740649626297873,-0.43703248131489125,TRUE,FALSE,FALSE,dry,#388ECC,-0.0673534841193864,comp1
FT_1.422_231.09760,0.866101161310903,-0.4330505806554552,TRUE,FALSE,FALSE,dry,#388ECC,-0.0671468053157294,comp1
FT_19.437_137.13245,-0.8448317278778463,0.42241586393892216,FALSE,TRUE,FALSE,wet,#F68B33,0.06695021116008174,comp1
FT_1.280_146.08119,-0.8741224009040724,0.4370612004520361,FALSE,TRUE,FALSE,wet,#F68B33,0.06375111158981187,comp1
FT_19.436_263.16178,-0.8283866984137439,0.4141933492068712,FALSE,TRUE,FALSE,wet,#F68B33,0.06313798149405882,comp1
FT_1.310_180.08674,0.842257648374719,-0.42112882418736486,TRUE,FALSE,FALSE,dry,#388ECC,-0.06309071013423372,comp1
FT_1.774_72.08080,-0.8406158458470111,0.4203079229235035,FALSE,TRUE,FALSE,wet,#F68B33,0.06126458055840731,comp1
FT_6.845_166.08628,-0.837794512323471,0.41889725616173606,FALSE,TRUE,FALSE,wet,#F68B33,0.060739551234230645,comp1
FT_1.745_204.12300,0.8705214510967583,-0.43526072554837975,TRUE,FALSE,FALSE,dry,#388ECC,-0.060451162398571616,comp1
FT_18.821_297.24243,-0.8506457953203095,0.4253228976601539,FALSE,TRUE,FALSE,wet,#F68B33,0.06016561340078633,comp1
FT_1.155_335.07393,0.8379961086353281,-0.41899805431766024,TRUE,FALSE,FALSE,dry,#388ECC,-0.05912605931399706,comp1
FT_1.141_162.11250,-0.8227076194834113,0.4113538097417056,FALSE,TRUE,FALSE,wet,#F68B33,0.05902857348907509,comp1
FT_1.774_118.08621,-0.8339890153132246,0.4169945076566125,FALSE,TRUE,FALSE,wet,#F68B33,0.05882794916492126,comp1
FT_1.412_522.20299,0.7811230285662789,-0.3905615142831399,TRUE,FALSE,FALSE,dry,#388ECC,-0.05872067749254451,comp1
FT_1.413_522.20300,0.7811230285662789,-0.3905615142831399,TRUE,FALSE,FALSE,dry,#388ECC,-0.05872067749254451,comp1
FT_4.181_267.05877,0.8376906409438548,-0.4188453204719285,TRUE,FALSE,FALSE,dry,#388ECC,-0.057059148263511744,comp1
FT_7.703_266.12479,-0.8501074269277054,0.42505371346385595,FALSE,TRUE,FALSE,wet,#F68B33,0.05672181306506448,comp1
FT_1.774_469.09629,0.8140218692006836,-0.4070109346003434,TRUE,FALSE,FALSE,dry,#388ECC,-0.056623316026118885,comp1
FT_1.222_313.14287,-0.7993699020068324,0.39968495100341517,FALSE,TRUE,FALSE,wet,#F68B33,0.0554218439373794,comp1
FT_12.931_209.08086,0.8152045295753363,-0.4076022647876622,TRUE,FALSE,FALSE,dry,#388ECC,-0.053420882979164,comp1
FT_1.420_246.14481,0.7487900366803182,-0.3743950183401611,TRUE,FALSE,FALSE,dry,#388ECC,-0.052876861785621176,comp1
FT_18.213_277.21623,-0.7842209532469091,0.39211047662345655,FALSE,TRUE,FALSE,wet,#F68B33,0.051753363129998425,comp1
FT_18.816_279.23187,-0.8057897434759188,0.402894871737962,FALSE,TRUE,FALSE,wet,#F68B33,0.051019726991511395,comp1
FT_17.117_249.11211,0.7621170159174591,-0.3810585079587333,TRUE,FALSE,FALSE,dry,#388ECC,-0.05094953228776554,comp1
FT_1.676_349.11061,0.7786053766933593,-0.3893026883466805,TRUE,FALSE,FALSE,dry,#388ECC,-0.05083428136271861,comp1
FT_1.264_374.12946,0.8423715900291047,-0.4211857950145495,TRUE,FALSE,FALSE,dry,#388ECC,-0.05036086256016933,comp1
FT_10.539_209.11480,-0.758544502328467,0.3792722511642326,FALSE,TRUE,FALSE,wet,#F68B33,0.05014518366791539,comp1
FT_1.786_448.16613,0.7779465847053393,-0.38897329235266964,TRUE,FALSE,FALSE,dry,#388ECC,-0.04955963912181412,comp1
FT_1.310_325.11303,0.744150449280127,-0.37207522464006076,TRUE,FALSE,FALSE,dry,#388ECC,-0.048041784918118266,comp1
FT_7.691_227.12538,-0.7506354079401926,0.3753177039700949,FALSE,TRUE,FALSE,wet,#F68B33,0.047424723040237114,comp1
FT_1.310_360.15014,0.7342176567722092,-0.367108828386111,TRUE,FALSE,FALSE,dry,#388ECC,-0.04678506699806931,comp1
FT_10.758_207.09912,-0.7411897056134394,0.37059485280672505,FALSE,TRUE,FALSE,wet,#F68B33,0.044646833373408475,comp1
FT_6.817_282.08332,-0.7970284086587706,0.398514204329385,FALSE,TRUE,FALSE,wet,#F68B33,0.04441554813871684,comp1
FT_1.432_453.12162,0.7376070383053048,-0.3688035191526489,TRUE,FALSE,FALSE,dry,#388ECC,-0.04379085762237384,comp1
FT_2.389_184.05804,0.7132063927641157,-0.35660319638206195,TRUE,FALSE,FALSE,dry,#388ECC,-0.04336505760790367,comp1
FT_8.058_227.12537,-0.7240816874740896,0.3620408437370469,FALSE,TRUE,FALSE,wet,#F68B33,0.041644736842962576,comp1
FT_10.898_185.11722,-0.7188015480722928,0.3594007740361445,FALSE,TRUE,FALSE,wet,#F68B33,0.041593017737186454,comp1
FT_15.224_219.10156,-0.7216524861012452,0.3608262430506241,FALSE,TRUE,FALSE,wet,#F68B33,0.04141132575144243,comp1
FT_1.124_522.20317,0.7310024005625084,-0.36550120028125366,TRUE,FALSE,FALSE,dry,#388ECC,-0.04065913097225595,comp1
FT_11.565_223.09649,0.7292333079400353,-0.36461665397001847,TRUE,FALSE,FALSE,dry,#388ECC,-0.040323194608263474,comp1
FT_7.372_192.10192,-0.7770440668674171,0.3885220334337086,FALSE,TRUE,FALSE,wet,#F68B33,0.040314905594093044,comp1
FT_6.231_137.04577,0.7654159929327382,-0.3827079964663702,TRUE,FALSE,FALSE,dry,#388ECC,-0.03980609255953883,comp1
FT_1.309_85.02847,0.7353372082022978,-0.36766860410115365,TRUE,FALSE,FALSE,dry,#388ECC,-0.03945481790243826,comp1
FT_1.386_218.14992,0.7349240815010427,-0.36746204075052274,TRUE,FALSE,FALSE,dry,#388ECC,-0.038081118105940594,comp1
FT_20.230_349.19862,-0.7261752195591596,0.36308760977957943,FALSE,TRUE,FALSE,wet,#F68B33,0.03737750235313662,comp1
FT_10.754_121.10111,-0.712552041926331,0.3562760209631598,FALSE,TRUE,FALSE,wet,#F68B33,0.03707412542853096,comp1
FT_8.550_224.16450,-0.7463859733410461,0.37319298667052375,FALSE,TRUE,FALSE,wet,#F68B33,0.036879469375899664,comp1
FT_1.106_134.04476,-0.7371116836266173,0.36855584181330797,FALSE,TRUE,FALSE,wet,#F68B33,0.03683074909225,comp1
FT_12.768_223.09653,0.7373393133718888,-0.3686696566859384,TRUE,FALSE,FALSE,dry,#388ECC,-0.036242717706883094,comp1
FT_10.898_149.09608,-0.6706107847414445,0.3353053923707171,FALSE,TRUE,FALSE,wet,#F68B33,0.03566735744655015,comp1
FT_18.214_285.24245,-0.7719678837847018,0.3859839418923523,FALSE,TRUE,FALSE,wet,#F68B33,0.035546011832380944,comp1
FT_1.200_118.08621,-0.7305904905126615,0.3652952452563285,FALSE,TRUE,FALSE,wet,#F68B33,0.034112513511321274,comp1
FT_10.540_169.12233,-0.686101927792194,0.3430509638960952,FALSE,TRUE,FALSE,wet,#F68B33,0.033960893427816906,comp1
FT_11.364_204.15939,-0.6721244160908707,0.3360622080454317,FALSE,TRUE,FALSE,wet,#F68B33,0.033828780550085154,comp1
FT_11.217_185.11726,-0.6594550838612636,0.3297275419306263,FALSE,TRUE,FALSE,wet,#F68B33,0.03230156919717799,comp1
FT_7.106_225.10971,-0.6672144029197035,0.3336072014598522,FALSE,TRUE,FALSE,wet,#F68B33,0.03214271283392409,comp1
FT_1.100_198.09738,0.7538404587580624,-0.37692022937903014,TRUE,FALSE,FALSE,dry,#388ECC,-0.03203372655724043,comp1
FT_13.958_151.07537,-0.7436455026173273,0.3718227513086625,FALSE,TRUE,FALSE,wet,#F68B33,0.03087454006049092,comp1
FT_1.418_74.09646,-0.7067941688282827,0.3533970844141437,FALSE,TRUE,FALSE,wet,#F68B33,0.030123835530560212,comp1
FT_10.758_167.10667,-0.6604957775388722,0.3302478887694352,FALSE,TRUE,FALSE,wet,#F68B33,0.029837683681933513,comp1
FT_10.898_167.10667,-0.6475856076509763,0.3237928038254842,FALSE,TRUE,FALSE,wet,#F68B33,0.02938682450837958,comp1
FT_3.668_182.08119,-0.6998760424148016,0.34993802120740203,FALSE,TRUE,FALSE,wet,#F68B33,0.029100392193834812,comp1
FT_12.560_169.04957,0.6757347966615792,-0.337867398330793,TRUE,FALSE,FALSE,dry,#388ECC,-0.02858946384021481,comp1
FT_15.595_247.13285,-0.6754518829291777,0.33772594146458834,FALSE,TRUE,FALSE,wet,#F68B33,0.027826889707892502,comp1
FT_10.899_139.11172,-0.636516346374224,0.3182581731871167,FALSE,TRUE,FALSE,wet,#F68B33,0.027186582812825037,comp1
FT_1.103_365.10547,0.661844603523082,-0.33092230176153753,TRUE,FALSE,FALSE,dry,#388ECC,-0.02649133632948046,comp1
FT_1.100_365.10547,0.661844603523082,-0.33092230176153753,TRUE,FALSE,FALSE,dry,#388ECC,-0.02649133632948046,comp1
FT_1.333_132.10188,-0.651139300466258,0.32556965023313045,FALSE,TRUE,FALSE,wet,#F68B33,0.026315438423563906,comp1
FT_2.188_150.05834,-0.6877698382257351,0.34388491911286967,FALSE,TRUE,FALSE,wet,#F68B33,0.02560701899153938,comp1
FT_2.079_174.03864,0.6992445023904453,-0.3496222511952189,TRUE,FALSE,FALSE,dry,#388ECC,-0.02499120226046909,comp1
FT_2.078_174.03865,0.6992445023904453,-0.3496222511952189,TRUE,FALSE,FALSE,dry,#388ECC,-0.02499120226046909,comp1
FT_0.982_650.85025,-0.6541870992986062,0.32709354964930387,FALSE,TRUE,FALSE,wet,#F68B33,0.023836697758971615,comp1
FT_1.274_440.10703,0.6189178075843954,-0.30945890379219837,TRUE,FALSE,FALSE,dry,#388ECC,-0.023663240224979,comp1
FT_14.130_229.08603,-0.6358632401641012,0.3179316200820485,FALSE,TRUE,FALSE,wet,#F68B33,0.023583043411492796,comp1
FT_2.988_159.02775,0.6686419445405128,-0.3343209722702575,TRUE,FALSE,FALSE,dry,#388ECC,-0.02334131056194835,comp1
FT_2.989_159.02775,0.6686419445405128,-0.3343209722702575,TRUE,FALSE,FALSE,dry,#388ECC,-0.02334131056194835,comp1
FT_18.226_311.21946,-0.6962227139076002,0.3481113569538028,FALSE,TRUE,FALSE,wet,#F68B33,0.022343377121142403,comp1
FT_1.141_287.12717,-0.7050583325005998,0.3525291662503015,FALSE,TRUE,FALSE,wet,#F68B33,0.022284950323419494,comp1
FT_1.428_448.16617,0.6466591503134407,-0.3233295751567159,TRUE,FALSE,FALSE,dry,#388ECC,-0.022229319231223274,comp1
FT_1.323_522.20307,0.6508433251394548,-0.32542166256973115,TRUE,FALSE,FALSE,dry,#388ECC,-0.02171698561096419,comp1
FT_0.982_718.83752,-0.6374410141039083,0.3187205070519551,FALSE,TRUE,FALSE,wet,#F68B33,0.021457336844864672,comp1
FT_0.981_446.88778,-0.6469985409608806,0.32349927048044047,FALSE,TRUE,FALSE,wet,#F68B33,0.020993500109760838,comp1
FT_8.403_205.09712,-0.678637598951185,0.339318799475595,FALSE,TRUE,FALSE,wet,#F68B33,0.019831921414711608,comp1
FT_1.252_198.08906,0.683622579942485,-0.3418112899712457,TRUE,FALSE,FALSE,dry,#388ECC,-0.01919638533128099,comp1
FT_1.097_208.11789,0.5990083440353233,-0.29950417201766094,TRUE,FALSE,FALSE,dry,#388ECC,-0.019064514328469725,comp1
FT_0.981_514.87531,-0.6348586990116847,0.31742934950584334,FALSE,TRUE,FALSE,wet,#F68B33,0.019006495462453258,comp1
FT_11.741_384.18062,-0.6628831687597748,0.3314415843798863,FALSE,TRUE,FALSE,wet,#F68B33,0.018924414519196776,comp1
FT_0.981_582.86283,-0.630638811670198,0.3153194058350987,FALSE,TRUE,FALSE,wet,#F68B33,0.018754706989084827,comp1
FT_1.366_439.14234,-0.6329743673549265,0.31648718367746437,FALSE,TRUE,FALSE,wet,#F68B33,0.018513248117258206,comp1
FT_15.285_209.07863,-0.6119382298384698,0.30596911491923395,FALSE,TRUE,FALSE,wet,#F68B33,0.01850850511423185,comp1
FT_20.136_301.21621,-0.6214109488384906,0.3107054744192453,FALSE,TRUE,FALSE,wet,#F68B33,0.018431947584664835,comp1
FT_12.241_179.07033,-0.6388800015234212,0.31944000076171475,FALSE,TRUE,FALSE,wet,#F68B33,0.018071416994162336,comp1
FT_0.980_430.91383,-0.6163412536314331,0.30817062681571583,FALSE,TRUE,FALSE,wet,#F68B33,0.017653963572910852,comp1
FT_10.064_211.13043,-0.6059267747783988,0.3029633873892,FALSE,TRUE,FALSE,wet,#F68B33,0.017233664278262298,comp1
FT_20.190_381.26142,-0.6530175450136616,0.3265087725068318,FALSE,TRUE,FALSE,wet,#F68B33,0.01717281523503055,comp1
FT_16.581_233.08084,-0.6317939215825754,0.3158969607912901,FALSE,TRUE,FALSE,wet,#F68B33,0.016915714396530352,comp1
FT_19.446_315.25299,-0.633785685779853,0.3168928428899303,FALSE,TRUE,FALSE,wet,#F68B33,0.016783235618803315,comp1
FT_13.197_283.11747,0.6417044973004112,-0.3208522486502012,TRUE,FALSE,FALSE,dry,#388ECC,-0.016473178405566474,comp1
FT_0.981_294.93894,-0.6098748636012157,0.30493743180060623,FALSE,TRUE,FALSE,wet,#F68B33,0.015837290513517253,comp1
FT_17.197_297.13095,-0.6667594068627435,0.33337970343137135,FALSE,TRUE,FALSE,wet,#F68B33,0.015139522758690302,comp1
FT_0.980_362.92643,-0.6066960467834868,0.3033480233917428,FALSE,TRUE,FALSE,wet,#F68B33,0.015102834116185872,comp1
FT_14.540_209.08081,0.6294884655479009,-0.31474423277395175,TRUE,FALSE,FALSE,dry,#388ECC,-0.015095642950958348,comp1
FT_20.300_359.21947,-0.5927933174454414,0.29639665872271737,FALSE,TRUE,FALSE,wet,#F68B33,0.014991633630261472,comp1
FT_7.836_223.09406,-0.6044489061468414,0.30222445307342327,FALSE,TRUE,FALSE,wet,#F68B33,0.014791027732971059,comp1
FT_1.095_203.05263,0.6583435667215188,-0.3291717833607575,TRUE,FALSE,FALSE,dry,#388ECC,-0.014356499466381954,comp1
FT_1.068_150.11249,-0.6679625217659333,0.33398126088296765,FALSE,TRUE,FALSE,wet,#F68B33,0.013877506020348805,comp1
FT_1.262_380.20290,0.6358286655481664,-0.317914332774085,TRUE,FALSE,FALSE,dry,#388ECC,-0.013717239622595629,comp1
FT_0.980_498.90137,-0.5957858955327981,0.2978929477663999,FALSE,TRUE,FALSE,wet,#F68B33,0.013709564364481201,comp1
FT_17.364_315.19562,-0.5590373098981583,0.27951865494907996,FALSE,TRUE,FALSE,wet,#F68B33,0.013669070495878776,comp1
FT_19.416_534.30670,-0.6062253266641394,0.3031126633320748,FALSE,TRUE,FALSE,wet,#F68B33,0.013612735373481101,comp1
FT_0.981_378.90035,-0.6161389715831246,0.3080694857915634,FALSE,TRUE,FALSE,wet,#F68B33,0.013432364777361464,comp1
FT_11.693_171.10169,-0.584038994006827,0.29201949700341845,FALSE,TRUE,FALSE,wet,#F68B33,0.01329020696455251,comp1
FT_9.676_167.10667,-0.5743302010022314,0.28716510050111216,FALSE,TRUE,FALSE,wet,#F68B33,0.012536121845587044,comp1
FT_10.900_107.08547,-0.5745051620957277,0.2872525810478644,FALSE,TRUE,FALSE,wet,#F68B33,0.012506238547438497,comp1
FT_10.254_310.12853,-0.6528091822377053,0.3264045911188517,FALSE,TRUE,FALSE,wet,#F68B33,0.011157835956284372,comp1
FT_1.359_198.07952,0.5601046533400049,-0.28005232667000596,TRUE,FALSE,FALSE,dry,#388ECC,-0.0109528626289448,comp1
FT_17.482_179.07029,0.5721388453823973,-0.2860694226911909,TRUE,FALSE,FALSE,dry,#388ECC,-0.010653177642176853,comp1
FT_9.043_195.06277,-0.5678888719924396,0.28394443599621216,FALSE,TRUE,FALSE,wet,#F68B33,0.009636671385867967,comp1
FT_0.979_226.95148,-0.5811726091519583,0.2905863045759787,FALSE,TRUE,FALSE,wet,#F68B33,0.009413925496577043,comp1
FT_11.332_239.09131,0.5894179948303859,-0.2947089974151938,TRUE,FALSE,FALSE,dry,#388ECC,-0.009382274007736524,comp1
FT_0.981_566.88882,-0.5707285856629922,0.2853642928314968,FALSE,TRUE,FALSE,wet,#F68B33,0.009337330716672077,comp1
FT_16.666_291.15902,-0.6019310665766944,0.3009655332883388,FALSE,TRUE,FALSE,wet,#F68B33,0.009273308632926965,comp1
FT_11.379_209.11474,-0.577956136543268,0.288978068271631,FALSE,TRUE,FALSE,wet,#F68B33,0.008428723655507073,comp1
FT_1.411_527.15849,0.5558093548581925,-0.2779046774290993,TRUE,FALSE,FALSE,dry,#388ECC,-0.008387631408944092,comp1
FT_17.727_319.22678,-0.5703055912971388,0.2851527956485677,FALSE,TRUE,FALSE,wet,#F68B33,0.00804520224030056,comp1
FT_16.886_295.11540,-0.5828359815522629,0.291417990776133,FALSE,TRUE,FALSE,wet,#F68B33,0.00645929850920008,comp1
FT_1.414_325.11299,0.56615420351559,-0.28307710175779494,TRUE,FALSE,FALSE,dry,#388ECC,-0.006277214110798638,comp1
FT_10.898_121.10112,-0.5761275470637287,0.2880637735318652,FALSE,TRUE,FALSE,wet,#F68B33,0.006076719558635218,comp1
FT_9.172_282.09721,-0.633428057072416,0.3167140285362074,FALSE,TRUE,FALSE,wet,#F68B33,0.005382772791303483,comp1
FT_0.981_666.82426,-0.6008884560530978,0.30044422802654763,FALSE,TRUE,FALSE,wet,#F68B33,0.00486201335571861,comp1
FT_13.396_267.08631,0.5537516029438329,-0.27687580147191815,TRUE,FALSE,FALSE,dry,#388ECC,-0.004730895775716889,comp1
FT_15.594_229.12236,-0.5389406788684385,0.2694703394342165,FALSE,TRUE,FALSE,wet,#F68B33,0.004133005317836551,comp1
FT_14.823_269.13832,-0.5766863984606542,0.28834319923032264,FALSE,TRUE,FALSE,wet,#F68B33,0.0038752994974084174,comp1
FT_0.984_122.92447,0.5272142490907682,-0.2636071245453823,TRUE,FALSE,FALSE,dry,#388ECC,-0.003266981057855395,comp1
FT_1.058_304.15048,-0.5366379651731215,0.2683189825865606,FALSE,TRUE,FALSE,wet,#F68B33,0.0018122411400919862,comp1
FT_0.981_158.96409,-0.5531707873127513,0.2765853936563737,FALSE,TRUE,FALSE,wet,#F68B33,9.387836582248339e-4,comp1
FT_14.624_313.12824,0.5970773509941182,-0.2985386754970582,TRUE,FALSE,FALSE,dry,#388ECC,-9.140123519264804e-4,comp1
DNA-1_bin_24_1__K00088,1.369048635889347,-0.6845243179446736,TRUE,FALSE,FALSE,dry,#388ECC,-0.2536909567989855,comp1
DNA-4_bin_17__K00088,1.351257694293309,-0.6756288471466545,TRUE,FALSE,FALSE,dry,#388ECC,-0.22792079307988422,comp1
bcn_bin_97__K02669,-1.3621243768298599,0.6810621884149298,FALSE,TRUE,FALSE,wet,#F68B33,0.22408673682117883,comp1
bcn_bin_51__K11927,-1.347732256740886,0.6738661283704428,FALSE,TRUE,FALSE,wet,#F68B33,0.2190903500223491,comp1
bcn_bin_19__K04564,1.3615267678085055,-0.6807633839042526,TRUE,FALSE,FALSE,dry,#388ECC,-0.21758789748195234,comp1
DNA-1_bin_54__K00645,1.3054254708989945,-0.65271273544949715,TRUE,FALSE,FALSE,dry,#388ECC,-0.21632515391634688,comp1
bcn_bin_19__K00527,1.3463431508620838,-0.6731715754310419,TRUE,FALSE,FALSE,dry,#388ECC,-0.21549530226180486,comp1
DNA-8_bin_23_1__K06881,1.3190605175804586,-0.6595302587902293,TRUE,FALSE,FALSE,dry,#388ECC,-0.20470221529560131,comp1
bcn_bin_280__K00527,1.3451572011895023,-0.6725786005947512,TRUE,FALSE,FALSE,dry,#388ECC,-0.20260401585263885,comp1
DNA-1_bin_54__K04564,1.3351148189818762,-0.6675574094909379,TRUE,FALSE,FALSE,dry,#388ECC,-0.19442602071467763,comp1
bcn_bin_35__K14393,1.342176496661967,-0.6710882483309835,TRUE,FALSE,FALSE,dry,#388ECC,-0.17929400484516872,comp1
DNA-1_bin_39_1__K02283,-1.3657829878468835,0.6828914939234417,FALSE,TRUE,FALSE,wet,#F68B33,0.1772796828646949,comp1
bco_bin_193__K02871,-1.3550826599550414,0.6775413299775208,FALSE,TRUE,FALSE,wet,#F68B33,0.16093669017638582,comp1
bco_bin_193__K06207,-1.3541497217093705,0.6770748608546853,FALSE,TRUE,FALSE,wet,#F68B33,0.15337308555158974,comp1
DNA-1-22_bin_3__K23262,1.336613805006706,-0.668306902503353,TRUE,FALSE,FALSE,dry,#388ECC,-0.1458008349901514,comp1
bco_bin_136__K00088,1.3496054992338384,-0.6748027496169194,TRUE,FALSE,FALSE,dry,#388ECC,-0.14451269006528894,comp1
DNA-6_bin_5_1__K23262,1.3144984222668283,-0.6572492111334141,TRUE,FALSE,FALSE,dry,#388ECC,-0.1400592087603929,comp1
DNA-6_bin_31_1__K16710,1.2880203925933398,-0.6440101962966699,TRUE,FALSE,FALSE,dry,#388ECC,-0.13851923615785083,comp1
bcn_bin_29_1__K00527,1.346614662703522,-0.673307331351761,TRUE,FALSE,FALSE,dry,#388ECC,-0.13781624332789255,comp1
bco_bin_115__K00034,1.350973742145471,-0.6754868710727355,TRUE,FALSE,FALSE,dry,#388ECC,-0.13004623771779664,comp1
bco_bin_3__K00527,1.3599500134871632,-0.6799750067435816,TRUE,FALSE,FALSE,dry,#388ECC,-0.1298988933277757,comp1
bco_bin_199__K04564,1.346701901691398,-0.673350950845699,TRUE,FALSE,FALSE,dry,#388ECC,-0.12817201866948502,comp1
bcn_bin_43__K07636,-1.321105254362158,0.6605526271810789,FALSE,TRUE,FALSE,wet,#F68B33,0.11976892542228025,comp1
bcn_bin_156_1__K11927,-1.3481725516500458,0.6740862758250231,FALSE,TRUE,FALSE,wet,#F68B33,0.11937204727129655,comp1
bcn_bin_97__K02650,-1.3372230493020199,0.6686115246510098,FALSE,TRUE,FALSE,wet,#F68B33,0.11540417214670456,comp1
bcn_bin_14_1__K04564,1.358159963204214,-0.6790799816021069,TRUE,FALSE,FALSE,dry,#388ECC,-0.11514483437421193,comp1
DNA-1_bin_54__K14393,1.312450357221853,-0.6562251786109267,TRUE,FALSE,FALSE,dry,#388ECC,-0.11089089430332945,comp1
DNA-6_bin_31_1__K04065,1.2632539110444787,-0.6316269555222394,TRUE,FALSE,FALSE,dry,#388ECC,-0.10623269158460552,comp1
bco_bin_201_1__K04564,1.3494127080004086,-0.6747063540002042,TRUE,FALSE,FALSE,dry,#388ECC,-0.0997636742771289,comp1
bco_bin_201_1__K07093,1.291902835243553,-0.6459514176217764,TRUE,FALSE,FALSE,dry,#388ECC,-0.09838081753262037,comp1
bcn_bin_97__K02653,-1.3348840706940828,0.6674420353470414,FALSE,TRUE,FALSE,wet,#F68B33,0.08885408358469765,comp1
bcn_bin_174_1__K01895,1.3496462639730347,-0.6748231319865172,TRUE,FALSE,FALSE,dry,#388ECC,-0.08860210032866599,comp1
bcn_bin_267__K00134,1.351601027789957,-0.6758005138949786,TRUE,FALSE,FALSE,dry,#388ECC,-0.08703819423605504,comp1
bcn_bin_225__K04564,1.3328652277817512,-0.6664326138908757,TRUE,FALSE,FALSE,dry,#388ECC,-0.08486876846445636,comp1
DNA-1_bin_8__K00034,1.3441361824875189,-0.6720680912437592,TRUE,FALSE,FALSE,dry,#388ECC,-0.08225469345436993,comp1
bcn_bin_151__K08483,1.3622915950807977,-0.6811457975403987,TRUE,FALSE,FALSE,dry,#388ECC,-0.08199141258733918,comp1
bcn_bin_177__K00527,1.359494001759366,-0.679747000879683,TRUE,FALSE,FALSE,dry,#388ECC,-0.07985992503523355,comp1
bcn_bin_38_1__K00088,1.3515784140081615,-0.6757892070040806,TRUE,FALSE,FALSE,dry,#388ECC,-0.07943323654114473,comp1
DNA-8_bin_23_1__K00088,1.3147710702441102,-0.6573855351220552,TRUE,FALSE,FALSE,dry,#388ECC,-0.07837468823301655,comp1
bco_bin_112__K04564,1.3658189250486643,-0.6829094625243322,TRUE,FALSE,FALSE,dry,#388ECC,-0.0754846488216373,comp1
bco_bin_150__K10553,-1.3164086798178956,0.6582043399089479,FALSE,TRUE,FALSE,wet,#F68B33,0.07447022612879563,comp1
DNA-4_bin_17__K00034,1.3247177612674816,-0.6623588806337406,TRUE,FALSE,FALSE,dry,#388ECC,-0.07074437639718693,comp1
bcn_bin_151__K00527,1.3648743800597078,-0.6824371900298539,TRUE,FALSE,FALSE,dry,#388ECC,-0.0668946980209003,comp1
DNA-1-22_bin_3__K00955,1.3299499082294,-0.6649749541146999,TRUE,FALSE,FALSE,dry,#388ECC,-0.06602686217076587,comp1
bcn_bin_267__K00626,1.349082474357177,-0.6745412371785886,TRUE,FALSE,FALSE,dry,#388ECC,-0.06489448058406176,comp1
bco_bin_55_1__K04564,1.3565974172460369,-0.6782987086230184,TRUE,FALSE,FALSE,dry,#388ECC,-0.06332506522974674,comp1
bcn_bin_51__K03704,-1.3595980374683905,0.6797990187341952,FALSE,TRUE,FALSE,wet,#F68B33,0.06263142595966731,comp1
bcn_bin_151__K00626,1.3433787843584855,-0.6716893921792425,TRUE,FALSE,FALSE,dry,#388ECC,-0.06205982325509922,comp1
DNA-1_bin_39_1__K06197,1.325604606458245,-0.6628023032291226,TRUE,FALSE,FALSE,dry,#388ECC,-0.06120214530944789,comp1
bco_bin_153__K04065,1.3432359754406793,-0.6716179877203398,TRUE,FALSE,FALSE,dry,#388ECC,-0.059547020377515976,comp1
DNA-1_bin_50__K07736,-1.3115888284777535,0.6557944142388771,FALSE,TRUE,FALSE,wet,#F68B33,0.05780202775642418,comp1
bcn_bin_151__K04065,1.3596180718543969,-0.6798090359271983,TRUE,FALSE,FALSE,dry,#388ECC,-0.055859421441286514,comp1
bcn_bin_38_1__K00034,1.3339714035580454,-0.6669857017790227,TRUE,FALSE,FALSE,dry,#388ECC,-0.05383859410613333,comp1
bcn_bin_30__K07636,-1.3504017677010423,0.675200883850521,FALSE,TRUE,FALSE,wet,#F68B33,0.0509395104709052,comp1
bcn_bin_174_1__K13587,1.3307998755559125,-0.6653999377779563,TRUE,FALSE,FALSE,dry,#388ECC,-0.049414108975071855,comp1
bco_bin_201_1__K07058,1.2453104998155144,-0.6226552499077571,TRUE,FALSE,FALSE,dry,#388ECC,-0.048913554944400424,comp1
bco_bin_193__K02992,-1.3435949822141198,0.6717974911070598,FALSE,TRUE,FALSE,wet,#F68B33,0.047525874717904176,comp1
DNA-1-22_bin_3__K02078,1.3392054590362263,-0.6696027295181134,TRUE,FALSE,FALSE,dry,#388ECC,-0.04745702388593226,comp1
DNA-4_bin_12_1__K00156,1.3089238440978777,-0.6544619220489387,TRUE,FALSE,FALSE,dry,#388ECC,-0.046774431141128635,comp1
bco_bin_112__K02669,-1.2845251550471388,0.6422625775235692,FALSE,TRUE,FALSE,wet,#F68B33,0.04640285542329013,comp1
bcn_bin_21_1__K13993,1.3225743670313237,-0.6612871835156617,TRUE,FALSE,FALSE,dry,#388ECC,-0.046326363443334614,comp1
DNA-4_bin_14_1__K00367,1.3041349597185108,-0.6520674798592554,TRUE,FALSE,FALSE,dry,#388ECC,-0.04155981917141101,comp1
DNA-1_bin_13_1__K02283,-1.3060622138110103,0.6530311069055054,FALSE,TRUE,FALSE,wet,#F68B33,0.040265560801820977,comp1
DNA-1-22_bin_3__K00059,1.318732099236623,-0.6593660496183112,TRUE,FALSE,FALSE,dry,#388ECC,-0.036906679783803714,comp1
DNA-1-22_bin_3__K03090,1.3278607615848323,-0.6639303807924162,TRUE,FALSE,FALSE,dry,#388ECC,-0.03611121972572253,comp1
bcn_bin_257_1__K02004,-1.346200030872,0.673100015436,FALSE,TRUE,FALSE,wet,#F68B33,0.03559673714512541,comp1
bcn_bin_156_1__K00939,-1.3157683637295503,0.6578841818647748,FALSE,TRUE,FALSE,wet,#F68B33,0.03489470744393948,comp1
bcn_bin_124__K00527,1.3407276252702993,-0.6703638126351498,TRUE,FALSE,FALSE,dry,#388ECC,-0.03405973337583673,comp1
bcn_bin_225__K01895,1.3459354869213913,-0.6729677434606957,TRUE,FALSE,FALSE,dry,#388ECC,-0.032569555331513934,comp1
bcn_bin_59__K13993,1.3304861062673672,-0.6652430531336835,TRUE,FALSE,FALSE,dry,#388ECC,-0.03203018075926467,comp1
DNA-1_bin_52_1__K04564,1.3483500995602289,-0.6741750497801144,TRUE,FALSE,FALSE,dry,#388ECC,-0.02999475144903591,comp1
bcn_bin_280__K14393,1.3151074096198212,-0.6575537048099105,TRUE,FALSE,FALSE,dry,#388ECC,-0.02954769996593174,comp1
bco_bin_153__K03821,1.360689374954569,-0.6803446874772843,TRUE,FALSE,FALSE,dry,#388ECC,-0.029161421121540437,comp1
bcn_bin_38_1__K15510,1.320395657801097,-0.6601978289005486,TRUE,FALSE,FALSE,dry,#388ECC,-0.028758192489964546,comp1
bcn_bin_151__K00615,1.3529899945865056,-0.6764949972932528,TRUE,FALSE,FALSE,dry,#388ECC,-0.02869457599501102,comp1
bcn_bin_267__K09165,1.3477571204664056,-0.6738785602332028,TRUE,FALSE,FALSE,dry,#388ECC,-0.028163634764161675,comp1
bcn_bin_174_1__K00527,1.3415751773199895,-0.6707875886599947,TRUE,FALSE,FALSE,dry,#388ECC,-0.027524445446804012,comp1
bco_bin_193__K03628,-1.3478568082871523,0.6739284041435762,FALSE,TRUE,FALSE,wet,#F68B33,0.027351907708824154,comp1
bcn_bin_238_1__K04564,1.3332082882101324,-0.6666041441050662,TRUE,FALSE,FALSE,dry,#388ECC,-0.026073074024036646,comp1
bcn_bin_9_1__K04564,1.34417949784632,-0.67208974892316,TRUE,FALSE,FALSE,dry,#388ECC,-0.025651605847140498,comp1
DNA-1_bin_22_1__K23262,1.333698392998397,-0.6668491964991985,TRUE,FALSE,FALSE,dry,#388ECC,-0.025465889218957732,comp1
bcn_bin_72__K03594,1.307532839416414,-0.6537664197082071,TRUE,FALSE,FALSE,dry,#388ECC,-0.02298803950851745,comp1
bco_bin_115__K00648,1.3238474537639906,-0.6619237268819952,TRUE,FALSE,FALSE,dry,#388ECC,-0.022740234350136116,comp1
bcn_bin_97__K02652,-1.2934498075943457,0.6467249037971728,FALSE,TRUE,FALSE,wet,#F68B33,0.02154721019983594,comp1
bcn_bin_51__K02871,-1.3125290631484239,0.656264531574212,FALSE,TRUE,FALSE,wet,#F68B33,0.01883486052872265,comp1
DNA-1_bin_54__K03090,1.261747377218875,-0.6308736886094375,TRUE,FALSE,FALSE,dry,#388ECC,-0.016953271082149033,comp1
bcn_bin_97__K02406,-1.299452879947544,0.649726439973772,FALSE,TRUE,FALSE,wet,#F68B33,0.013274823317391306,comp1
bco_bin_201_1__K00612,1.3368454935824308,-0.6684227467912154,TRUE,FALSE,FALSE,dry,#388ECC,-0.013044855355335162,comp1
bco_bin_118__K00088,1.2877299404138303,-0.643864970206915,TRUE,FALSE,FALSE,dry,#388ECC,-0.012366419782622255,comp1
bco_bin_115__K04564,1.3352953452185239,-0.6676476726092619,TRUE,FALSE,FALSE,dry,#388ECC,-0.011900592444891002,comp1
DNA-4_bin_14_1__K22373,1.3432627365840026,-0.6716313682920012,TRUE,FALSE,FALSE,dry,#388ECC,-0.01154112197190539,comp1
DNA-1_bin_13_1__K12510,-1.2902674698532748,0.6451337349266375,FALSE,TRUE,FALSE,wet,#F68B33,0.011402811433704148,comp1
bco_bin_26__K04564,1.345078138175025,-0.6725390690875125,TRUE,FALSE,FALSE,dry,#388ECC,-0.011339130091023763,comp1
DNA-1-22_bin_2__K04062,1.2818949197008,-0.6409474598504002,TRUE,FALSE,FALSE,dry,#388ECC,-0.005934295264424022,comp1
bco_bin_201_1__K00527,1.3390175987245865,-0.6695087993622932,TRUE,FALSE,FALSE,dry,#388ECC,-0.005697566286654106,comp1
bcn_bin_10__K00615,1.3155547946058208,-0.6577773973029104,TRUE,FALSE,FALSE,dry,#388ECC,-0.004129567574018073,comp1
DNA-1-22_bin_3__K06197,1.363963152834405,-0.6819815764172025,TRUE,FALSE,FALSE,dry,#388ECC,-0.004024683614343125,comp1
bco_bin_115__K00645,1.3010525685146628,-0.6505262842573314,TRUE,FALSE,FALSE,dry,#388ECC,-0.0035795724192163878,comp1
DNA-6_bin_10_1__K00156,1.333641183670113,-0.6668205918350565,TRUE,FALSE,FALSE,dry,#388ECC,-0.0024546514409720596,comp1
bcn_bin_256_1__K07217,1.32836583309469,-0.664182916547345,TRUE,FALSE,FALSE,dry,#388ECC,-9.16155326661735e-4,comp1
FT_1.215_464.10688,0.36591849507056645,-0.1829592475352848,TRUE,FALSE,FALSE,dry,#388ECC,-0.19206608958264057,comp2
FT_6.552_290.08599,-0.22762550928107217,0.11381275464053461,FALSE,TRUE,FALSE,wet,#F68B33,-0.18784461627739474,comp2
FT_6.598_275.07509,-0.3172408812907667,0.15862044064538217,FALSE,TRUE,FALSE,wet,#F68B33,-0.1817881089327087,comp2
FT_6.150_174.14886,-0.3294089829914842,0.16470449149574085,FALSE,TRUE,FALSE,wet,#F68B33,-0.17729039172619926,comp2
FT_1.809_232.12923,-0.3130066810657882,0.15650334053289292,FALSE,TRUE,FALSE,wet,#F68B33,-0.17617600507745962,comp2
FT_1.388_286.11329,0.4566526657427574,-0.22832633287137918,TRUE,FALSE,FALSE,dry,#388ECC,-0.1723836021435536,comp2
FT_1.257_324.16538,-0.313784301772642,0.15689215088632164,FALSE,TRUE,FALSE,wet,#F68B33,-0.16434664902005922,comp2
FT_6.554_152.05670,-0.12620909064265734,0.06310454532132712,FALSE,TRUE,FALSE,wet,#F68B33,-0.16339705010267477,comp2
FT_14.703_251.09138,0.1377412681849773,-0.06887063409249221,TRUE,FALSE,FALSE,dry,#388ECC,0.15642141190552783,comp2
FT_13.836_283.08127,-0.016022091532730393,0.00801104576636633,FALSE,TRUE,FALSE,wet,#F68B33,0.15557730209901136,comp2
FT_14.703_211.06009,0.0430580820490458,-0.02152904102452478,TRUE,FALSE,FALSE,dry,#388ECC,0.147440223241666,comp2
FT_7.344_265.07950,-0.09132837752493356,0.04566418876246854,FALSE,TRUE,FALSE,wet,#F68B33,-0.14512291686987755,comp2
FT_7.344_127.05016,-0.219731289453427,0.10986564472671018,FALSE,TRUE,FALSE,wet,#F68B33,-0.14205073605004886,comp2
FT_6.596_137.04577,-0.18805989045581722,0.09402994522791154,FALSE,TRUE,FALSE,wet,#F68B33,-0.13704748789412102,comp2
FT_1.396_196.10019,0.49147498250086064,-0.24573749125042724,TRUE,FALSE,FALSE,dry,#388ECC,-0.13239510003591212,comp2
FT_15.305_311.16421,-0.35334534405459583,0.17667267202729683,FALSE,TRUE,FALSE,wet,#F68B33,0.13115898251326752,comp2
FT_19.230_235.09647,-0.327251822159264,0.1636259110796272,FALSE,TRUE,FALSE,wet,#F68B33,0.13057309608717563,comp2
FT_1.387_291.06866,-0.2251142030755094,0.1125571015377547,FALSE,TRUE,FALSE,wet,#F68B33,-0.12799475459794768,comp2
FT_1.097_208.11789,0.5990083440353233,-0.29950417201766094,TRUE,FALSE,FALSE,dry,#388ECC,-0.12496345444329243,comp2
FT_13.836_197.04447,0.20029532575697792,-0.10014766287849285,TRUE,FALSE,FALSE,dry,#388ECC,0.12330067357854557,comp2
FT_13.284_297.09689,0.3011720165813438,-0.15058600829067084,TRUE,FALSE,FALSE,dry,#388ECC,0.12312569053009245,comp2
FT_14.925_311.16420,-0.2938344809049918,0.14691724045249538,FALSE,TRUE,FALSE,wet,#F68B33,0.1226872980267884,comp2
FT_19.589_237.22128,-0.1924970386843848,0.0962485193421956,FALSE,TRUE,FALSE,wet,#F68B33,0.12057716942872783,comp2
FT_15.510_313.17987,-0.38433382924759935,0.1921669146238003,FALSE,TRUE,FALSE,wet,#F68B33,0.11888911415431092,comp2
FT_13.279_195.02880,0.38169072774666557,-0.19084536387333462,TRUE,FALSE,FALSE,dry,#388ECC,0.11888859081924925,comp2
FT_13.986_251.09140,0.25019957122959996,-0.12509978561480223,TRUE,FALSE,FALSE,dry,#388ECC,0.11599569533272736,comp2
FT_1.210_275.19660,0.39737811794353073,-0.1986890589717635,TRUE,FALSE,FALSE,dry,#388ECC,-0.11593334907900237,comp2
FT_14.703_225.07574,0.15103701624248125,-0.07551850812124063,TRUE,FALSE,FALSE,dry,#388ECC,0.11518844577611366,comp2
FT_1.390_163.06023,0.17503821830942237,-0.08751910915470955,TRUE,FALSE,FALSE,dry,#388ECC,-0.11450747795382414,comp2
FT_6.199_252.10911,-0.16249583164333015,0.08124791582166463,FALSE,TRUE,FALSE,wet,#F68B33,-0.109089012163362,comp2
FT_2.484_112.05050,-0.42683477687322274,0.21341738843661173,FALSE,TRUE,FALSE,wet,#F68B33,-0.10567954931034156,comp2
FT_1.224_363.16189,-0.05402211274546262,0.02701105637272811,FALSE,TRUE,FALSE,wet,#F68B33,-0.10362521975819876,comp2
FT_16.077_251.09138,-0.3009420955630294,0.15047104778151107,FALSE,TRUE,FALSE,wet,#F68B33,0.1030376309832646,comp2
FT_1.147_168.06892,-0.18883696773964706,0.09441848386982314,FALSE,TRUE,FALSE,wet,#F68B33,-0.10246965931232269,comp2
FT_8.403_205.09712,-0.678637598951185,0.339318799475595,FALSE,TRUE,FALSE,wet,#F68B33,-0.10082683023542323,comp2
FT_1.217_285.18429,-0.03223717298914004,0.01611858649457224,FALSE,TRUE,FALSE,wet,#F68B33,-0.10069761213264339,comp2
FT_15.679_251.16414,0.011651489035652973,-0.005825744517824839,TRUE,FALSE,FALSE,dry,#388ECC,0.10021785927673181,comp2
FT_1.147_335.13059,0.17946803767941877,-0.08973401883971122,TRUE,FALSE,FALSE,dry,#388ECC,-0.09757941860935564,comp2
FT_1.177_271.16864,0.15080422066565943,-0.07540211033282836,TRUE,FALSE,FALSE,dry,#388ECC,-0.09478935499913431,comp2
FT_1.236_106.04984,0.453959576164785,-0.22697978808239336,TRUE,FALSE,FALSE,dry,#388ECC,-0.09326846749318488,comp2
FT_1.892_146.09241,-0.35639271375691084,0.17819635687845437,FALSE,TRUE,FALSE,wet,#F68B33,-0.08617345240142114,comp2
FT_13.285_211.06008,0.28570258902171813,-0.14285129451085746,TRUE,FALSE,FALSE,dry,#388ECC,0.08493633959540575,comp2
FT_14.508_265.10707,0.21776577507599604,-0.10888288753799298,TRUE,FALSE,FALSE,dry,#388ECC,0.08395983089583048,comp2
FT_13.482_269.10199,-0.07051639919248669,0.03525819959624206,FALSE,TRUE,FALSE,wet,#F68B33,0.08111380081417513,comp2
FT_1.359_198.07952,0.5601046533400049,-0.28005232667000596,TRUE,FALSE,FALSE,dry,#388ECC,-0.0789567492497673,comp2
FT_2.484_455.18861,-0.2108403219184888,0.10542016095924475,FALSE,TRUE,FALSE,wet,#F68B33,-0.07871716871211992,comp2
FT_1.189_104.10691,0.17658388692005408,-0.08829194346002556,TRUE,FALSE,FALSE,dry,#388ECC,-0.07848667004347273,comp2
FT_8.244_181.04702,-0.2691118306090667,0.13455591530452546,FALSE,TRUE,FALSE,wet,#F68B33,0.07730592765644312,comp2
FT_16.080_209.08083,0.40653241995526596,-0.2032662099776324,TRUE,FALSE,FALSE,dry,#388ECC,0.07638676870399216,comp2
FT_2.382_126.05492,0.9199506311027561,-0.45997531555137805,TRUE,FALSE,FALSE,dry,#388ECC,-0.07590640788612059,comp2
FT_2.486_250.07981,-0.48807794131228605,0.24403897065614222,FALSE,TRUE,FALSE,wet,#F68B33,-0.07527675945882265,comp2
FT_1.188_287.16354,0.17831018221952147,-0.08915509110976338,TRUE,FALSE,FALSE,dry,#388ECC,-0.07428564499854466,comp2
FT_3.022_160.13323,-0.1732526599064213,0.08662632995321098,FALSE,TRUE,FALSE,wet,#F68B33,-0.07407308869375759,comp2
FT_12.162_209.08087,-0.12794116162400837,0.06397058081200649,FALSE,TRUE,FALSE,wet,#F68B33,0.07403012868970886,comp2
FT_1.826_199.14414,-0.893782682634551,0.4468913413172758,FALSE,TRUE,FALSE,wet,#F68B33,-0.07206160163942264,comp2
FT_14.168_341.12328,0.2918428947138306,-0.14592144735691331,TRUE,FALSE,FALSE,dry,#388ECC,0.06996546638885849,comp2
FT_12.148_227.08895,-0.22982125588608185,0.11491062794304262,FALSE,TRUE,FALSE,wet,#F68B33,0.06945440857812897,comp2
FT_13.279_253.07065,0.5196533785070344,-0.2598266892535136,TRUE,FALSE,FALSE,dry,#388ECC,0.06857144309039905,comp2
FT_11.998_324.14413,-0.4585978590923718,0.22929892954618508,FALSE,TRUE,FALSE,wet,#F68B33,-0.06851333384789442,comp2
FT_15.134_253.10704,-0.35179213816488103,0.1758960690824425,FALSE,TRUE,FALSE,wet,#F68B33,0.06759580974716888,comp2
FT_11.157_241.07067,0.4540127135353586,-0.22700635676768122,TRUE,FALSE,FALSE,dry,#388ECC,0.06702922099244918,comp2
FT_1.141_287.12717,-0.7050583325005998,0.3525291662503015,FALSE,TRUE,FALSE,wet,#F68B33,-0.06620698001756808,comp2
FT_12.343_165.05466,0.09033046358768691,-0.04516523179384191,TRUE,FALSE,FALSE,dry,#388ECC,0.06494788778057795,comp2
FT_14.729_283.11759,-0.10753681984749365,0.05376840992375168,FALSE,TRUE,FALSE,wet,#F68B33,0.0646598033646775,comp2
FT_5.996_509.14786,-1.0546067764160252,0.5273033882080106,FALSE,TRUE,FALSE,wet,#F68B33,-0.06430932320931208,comp2
FT_18.358_534.30638,0.5556518700134468,-0.2778259350067217,TRUE,FALSE,FALSE,dry,#388ECC,0.06340273188565118,comp2
FT_7.703_266.12479,-0.8501074269277054,0.42505371346385595,FALSE,TRUE,FALSE,wet,#F68B33,-0.06313922987323964,comp2
FT_16.186_227.10660,-0.021910811436101168,0.01095540571805152,FALSE,TRUE,FALSE,wet,#F68B33,0.06309507162250566,comp2
FT_14.624_313.12824,0.5970773509941182,-0.2985386754970582,TRUE,FALSE,FALSE,dry,#388ECC,0.062276731172561266,comp2
FT_9.801_171.10161,-0.4443067671352514,0.22215338356762895,FALSE,TRUE,FALSE,wet,#F68B33,0.06202299321562585,comp2
FT_1.202_166.05326,-1.0086553294712732,0.5043276647356371,FALSE,TRUE,FALSE,wet,#F68B33,-0.06189491972299435,comp2
FT_2.389_124.03927,-0.547192708969033,0.2735963544845183,FALSE,TRUE,FALSE,wet,#F68B33,-0.060407746001615616,comp2
FT_1.257_278.08058,-0.9050041268627375,0.45250206343137195,FALSE,TRUE,FALSE,wet,#F68B33,-0.05957845730513302,comp2
FT_11.793_209.08088,-0.08743399445347455,0.04371699722672658,FALSE,TRUE,FALSE,wet,#F68B33,0.058639958937104573,comp2
FT_12.342_223.09646,0.023358893322077183,-0.011679446661038144,TRUE,FALSE,FALSE,dry,#388ECC,0.058198145855668654,comp2
FT_1.040_257.17208,-0.11403478791462958,0.05701739395731388,FALSE,TRUE,FALSE,wet,#F68B33,-0.058094591270023865,comp2
FT_1.190_536.21888,0.9451275457404678,-0.47256377287023504,TRUE,FALSE,FALSE,dry,#388ECC,-0.05770196213884297,comp2
FT_11.963_207.09907,-0.22885355221519008,0.11442677610760293,FALSE,TRUE,FALSE,wet,#F68B33,0.056967081481295215,comp2
FT_10.944_159.10159,-0.24262848809404455,0.12131424404702522,FALSE,TRUE,FALSE,wet,#F68B33,0.05634937197873661,comp2
FT_11.447_324.14417,-0.6028442742868181,0.30142213714340954,FALSE,TRUE,FALSE,wet,#F68B33,-0.05488970634307767,comp2
FT_9.172_282.09721,-0.633428057072416,0.3167140285362074,FALSE,TRUE,FALSE,wet,#F68B33,-0.05285287684468115,comp2
FT_1.080_106.04983,-0.9779836746959547,0.48899183734798,FALSE,TRUE,FALSE,wet,#F68B33,-0.05064106845389505,comp2
FT_16.338_219.10158,0.2055830309355937,-0.10279151546779622,TRUE,FALSE,FALSE,dry,#388ECC,0.049015802561159096,comp2
FT_12.613_267.15909,0.08629424983748739,-0.043147124918743715,TRUE,FALSE,FALSE,dry,#388ECC,0.048613915024825594,comp2
FT_14.531_253.17983,-0.13585264184345405,0.06792632092172078,FALSE,TRUE,FALSE,wet,#F68B33,0.04833815724883662,comp2
FT_11.232_283.11759,0.42739343742541525,-0.2136967187127059,TRUE,FALSE,FALSE,dry,#388ECC,0.04820789704763485,comp2
FT_1.414_325.11299,0.56615420351559,-0.28307710175779494,TRUE,FALSE,FALSE,dry,#388ECC,-0.04732303067912532,comp2
FT_2.389_184.05804,0.7132063927641157,-0.35660319638206195,TRUE,FALSE,FALSE,dry,#388ECC,-0.046175263259337206,comp2
FT_15.037_235.09648,0.057633378940142664,-0.02881668947007649,TRUE,FALSE,FALSE,dry,#388ECC,0.04548917467931623,comp2
FT_3.668_182.08119,-0.6998760424148016,0.34993802120740203,FALSE,TRUE,FALSE,wet,#F68B33,-0.04531101449989241,comp2
FT_1.420_246.14481,0.7487900366803182,-0.3743950183401611,TRUE,FALSE,FALSE,dry,#388ECC,-0.044988229044016365,comp2
FT_13.290_167.03389,0.5801976262063933,-0.29009881310319285,TRUE,FALSE,FALSE,dry,#388ECC,0.04426097766756603,comp2
FT_10.254_310.12853,-0.6528091822377053,0.3264045911188517,FALSE,TRUE,FALSE,wet,#F68B33,-0.04411275947166754,comp2
FT_1.229_182.08459,-0.12773120549089934,0.06386560274544431,FALSE,TRUE,FALSE,wet,#F68B33,-0.04393039554177845,comp2
FT_12.822_267.08631,0.40172460546914646,-0.20086230273457384,TRUE,FALSE,FALSE,dry,#388ECC,0.04391087509192118,comp2
FT_12.554_121.10112,0.31679373597678134,-0.1583968679883879,TRUE,FALSE,FALSE,dry,#388ECC,0.04340820657366462,comp2
FT_1.242_452.13762,0.19627249428401927,-0.09813624714200808,TRUE,FALSE,FALSE,dry,#388ECC,-0.0428971063493807,comp2
FT_2.188_150.05834,-0.6877698382257351,0.34388491911286967,FALSE,TRUE,FALSE,wet,#F68B33,-0.04235820274106769,comp2
FT_1.223_448.11210,0.9197581281609066,-0.4598790640804541,TRUE,FALSE,FALSE,dry,#388ECC,-0.04179313363615124,comp2
FT_11.090_179.07054,0.05213536195190467,-0.02606768097595287,TRUE,FALSE,FALSE,dry,#388ECC,0.04177694531103061,comp2
FT_0.891_214.98862,0.14973429973428656,-0.07486714986714114,TRUE,FALSE,FALSE,dry,#388ECC,-0.03904514393614157,comp2
FT_6.246_284.09896,0.2798461463168071,-0.13992307315840674,TRUE,FALSE,FALSE,dry,#388ECC,-0.038876906283988044,comp2
FT_15.310_197.04449,-0.34676553447707725,0.17338276723854099,FALSE,TRUE,FALSE,wet,#F68B33,0.0387011201986937,comp2
FT_15.338_383.13368,-0.2710324116741564,0.1355162058370807,FALSE,TRUE,FALSE,wet,#F68B33,0.03820639836123319,comp2
FT_15.074_281.13833,0.5422740026736156,-0.2711370013368085,TRUE,FALSE,FALSE,dry,#388ECC,0.038188791847089794,comp2
FT_18.475_292.19058,-0.27618024889671844,0.13809012444836036,FALSE,TRUE,FALSE,wet,#F68B33,-0.03776557976532962,comp2
FT_7.326_171.06273,0.3456375007592719,-0.17281875037962885,TRUE,FALSE,FALSE,dry,#388ECC,0.03738906673858278,comp2
FT_12.591_237.11205,0.1310726435771241,-0.06553632178855916,TRUE,FALSE,FALSE,dry,#388ECC,0.0368462441472307,comp2
FT_16.353_177.16380,0.47718619609020513,-0.23859309804510037,TRUE,FALSE,FALSE,dry,#388ECC,0.03643584805427843,comp2
FT_19.145_433.22208,-0.38138990607185635,0.19069495303592737,FALSE,TRUE,FALSE,wet,#F68B33,0.035690242410230694,comp2
FT_1.188_184.06383,-0.13873328510064378,0.06936664255032127,FALSE,TRUE,FALSE,wet,#F68B33,-0.03558987246031188,comp2
FT_12.079_169.12233,-0.23006942704518782,0.1150347135225957,FALSE,TRUE,FALSE,wet,#F68B33,0.03548116306818606,comp2
FT_9.925_171.10161,-0.39549928434863824,0.19774964217431956,FALSE,TRUE,FALSE,wet,#F68B33,0.033894866931305306,comp2
FT_11.694_235.09645,0.29142917029154997,-0.14571458514578078,TRUE,FALSE,FALSE,dry,#388ECC,0.0333538652505765,comp2
FT_13.287_225.07575,0.5153851394033013,-0.2576925697016523,TRUE,FALSE,FALSE,dry,#388ECC,0.03316438614081889,comp2
FT_5.996_504.19243,-1.105567096657711,0.5527835483288547,FALSE,TRUE,FALSE,wet,#F68B33,-0.03290644177805946,comp2
FT_6.761_200.05429,-0.07777724773588923,0.0388886238679457,FALSE,TRUE,FALSE,wet,#F68B33,-0.030944891648580154,comp2
FT_1.418_127.03894,0.2288263986529786,-0.11441319932648955,TRUE,FALSE,FALSE,dry,#388ECC,-0.030489214426174,comp2
FT_19.782_415.21164,0.3180760256055475,-0.15903801280277605,TRUE,FALSE,FALSE,dry,#388ECC,0.030331934613291672,comp2
FT_11.492_253.07066,0.3230541407227847,-0.16152707036139416,TRUE,FALSE,FALSE,dry,#388ECC,0.030191458569479832,comp2
FT_11.232_326.12348,-0.47798328813461793,0.23899164406731008,FALSE,TRUE,FALSE,wet,#F68B33,-0.030140311710776163,comp2
FT_13.285_193.04949,0.2143025640384546,-0.10715128201923492,TRUE,FALSE,FALSE,dry,#388ECC,0.02931279638943136,comp2
FT_19.321_427.17535,-0.4576557986530153,0.22882789932650496,FALSE,TRUE,FALSE,wet,#F68B33,-0.028879663491948197,comp2
FT_14.762_328.17552,-0.09629455044028729,0.04814727522014655,FALSE,TRUE,FALSE,wet,#F68B33,0.02776112583164133,comp2
FT_1.135_120.06548,-1.020542727082723,0.5102713635413606,FALSE,TRUE,FALSE,wet,#F68B33,-0.026944228817486635,comp2
FT_1.774_118.08621,-0.8339890153132246,0.4169945076566125,FALSE,TRUE,FALSE,wet,#F68B33,-0.026858071561061413,comp2
FT_19.206_297.09692,-0.3307464708004244,0.16537323540020976,FALSE,TRUE,FALSE,wet,#F68B33,0.026715720439217557,comp2
FT_6.817_282.08332,-0.7970284086587706,0.398514204329385,FALSE,TRUE,FALSE,wet,#F68B33,-0.026533408136398474,comp2
FT_10.186_171.10172,-0.37092921279792573,0.18546460639895596,FALSE,TRUE,FALSE,wet,#F68B33,0.025331743279335215,comp2
FT_1.106_134.04476,-0.7371116836266173,0.36855584181330797,FALSE,TRUE,FALSE,wet,#F68B33,-0.02530445466161335,comp2
FT_6.261_246.20635,-0.3845927511223693,0.1922963755611877,FALSE,TRUE,FALSE,wet,#F68B33,-0.024850987443570408,comp2
FT_13.401_219.17435,-0.44380221924782315,0.22190110962390702,FALSE,TRUE,FALSE,wet,#F68B33,0.024509536938612263,comp2
FT_1.412_522.20299,0.7811230285662789,-0.3905615142831399,TRUE,FALSE,FALSE,dry,#388ECC,-0.024149841271560266,comp2
FT_1.413_522.20300,0.7811230285662789,-0.3905615142831399,TRUE,FALSE,FALSE,dry,#388ECC,-0.024149841271560266,comp2
FT_14.255_235.16924,0.28911567744327354,-0.14455783872163752,TRUE,FALSE,FALSE,dry,#388ECC,0.024007040212205295,comp2
FT_1.411_846.30863,1.0507009968910006,-0.5253504984455015,TRUE,FALSE,FALSE,dry,#388ECC,-0.023120184070203147,comp2
FT_9.043_195.06277,-0.5678888719924396,0.28394443599621216,FALSE,TRUE,FALSE,wet,#F68B33,0.02234461202679673,comp2
FT_1.328_116.07056,-0.07139814653394022,0.03569907326696957,FALSE,TRUE,FALSE,wet,#F68B33,-0.021927093252759627,comp2
FT_6.845_166.08628,-0.837794512323471,0.41889725616173606,FALSE,TRUE,FALSE,wet,#F68B33,-0.021517731163234362,comp2
FT_13.089_255.08629,0.33154776568082295,-0.16577388284041583,TRUE,FALSE,FALSE,dry,#388ECC,0.021186971254347424,comp2
FT_1.973_244.09277,0.3267703416077007,-0.16338517080385256,TRUE,FALSE,FALSE,dry,#388ECC,-0.021131823292003037,comp2
FT_5.752_251.06383,0.42111532815440034,-0.21055766407720342,TRUE,FALSE,FALSE,dry,#388ECC,-0.02086372169261673,comp2
FT_13.704_269.17474,0.3816802635778506,-0.19084013178892148,TRUE,FALSE,FALSE,dry,#388ECC,-0.02086243835857362,comp2
FT_12.160_193.04957,0.006321363508192988,-0.003160681754089337,TRUE,FALSE,FALSE,dry,#388ECC,-0.020260041635956613,comp2
FT_12.826_249.07576,0.15175801991831372,-0.07587900995915628,TRUE,FALSE,FALSE,dry,#388ECC,0.020120985747436357,comp2
FT_16.762_297.13332,0.4337653460198717,-0.21688267300994094,TRUE,FALSE,FALSE,dry,#388ECC,0.01994807537911514,comp2
FT_1.784_174.08735,-0.48668547069736084,0.243342735348679,FALSE,TRUE,FALSE,wet,#F68B33,-0.019849914602822677,comp2
FT_10.769_195.06528,-0.24597321586595916,0.12298660793297204,FALSE,TRUE,FALSE,wet,#F68B33,-0.01975093878456717,comp2
FT_13.126_237.11210,-0.05525854085298808,0.027629270426491805,FALSE,TRUE,FALSE,wet,#F68B33,0.01851550349365712,comp2
FT_17.474_413.15955,-0.12217886107459913,0.06108943053730284,FALSE,TRUE,FALSE,wet,#F68B33,-0.017673542007134283,comp2
FT_15.594_229.12236,-0.5389406788684385,0.2694703394342165,FALSE,TRUE,FALSE,wet,#F68B33,0.0173259116560059,comp2
FT_8.308_223.05768,0.2568822113720618,-0.12844110568603495,TRUE,FALSE,FALSE,dry,#388ECC,0.017116164793358677,comp2
FT_5.754_113.03450,0.21329669986005695,-0.10664834993002593,TRUE,FALSE,FALSE,dry,#388ECC,-0.016838230052796065,comp2
FT_2.253_139.05020,0.5157882843362022,-0.2578941421681018,TRUE,FALSE,FALSE,dry,#388ECC,-0.01633493395000174,comp2
FT_15.937_235.16919,-0.16997518288714275,0.084987591443573,FALSE,TRUE,FALSE,wet,#F68B33,0.016269568657323992,comp2
FT_0.889_476.86690,-0.14300579323346974,0.07150289661673682,FALSE,TRUE,FALSE,wet,#F68B33,0.016255048617657763,comp2
FT_14.766_167.07029,0.2727612213329874,-0.13638061066649662,TRUE,FALSE,FALSE,dry,#388ECC,0.01579261670504267,comp2
FT_13.953_281.13815,-0.11445595489422532,0.05722797744711069,FALSE,TRUE,FALSE,wet,#F68B33,0.015741843964707066,comp2
FT_11.686_213.07332,-0.39962474269456777,0.19981237134727844,FALSE,TRUE,FALSE,wet,#F68B33,0.015196020638028836,comp2
FT_13.030_235.09647,0.17129547558903374,-0.08564773779452137,TRUE,FALSE,FALSE,dry,#388ECC,0.015122537958156067,comp2
FT_16.097_293.13833,0.10801575763187993,-0.05400787881593629,TRUE,FALSE,FALSE,dry,#388ECC,0.014915727954114031,comp2
FT_12.302_297.13320,0.4441568105813562,-0.22207840529067482,TRUE,FALSE,FALSE,dry,#388ECC,0.014275951725956325,comp2
FT_14.685_401.15946,-0.17028771873331366,0.08514385936665787,FALSE,TRUE,FALSE,wet,#F68B33,0.014085601961011362,comp2
FT_13.693_267.15907,-0.514224391674073,0.25711219583704303,FALSE,TRUE,FALSE,wet,#F68B33,0.014027362661141952,comp2
FT_1.406_684.25587,1.0075677645099315,-0.5037838822549674,TRUE,FALSE,FALSE,dry,#388ECC,-0.013718493647298378,comp2
FT_1.774_72.08080,-0.8406158458470111,0.4203079229235035,FALSE,TRUE,FALSE,wet,#F68B33,-0.01288828310896591,comp2
FT_3.874_132.10187,-0.8912882601730531,0.44564413008652815,FALSE,TRUE,FALSE,wet,#F68B33,-0.012325973133189805,comp2
FT_3.589_132.10187,-0.895730455109497,0.4478652275547477,FALSE,TRUE,FALSE,wet,#F68B33,-0.012202939991930686,comp2
FT_19.790_297.09692,-0.21999182317708324,0.10999591158854119,FALSE,TRUE,FALSE,wet,#F68B33,0.012046319925257763,comp2
FT_11.271_202.14372,-0.20398782606887414,0.1019939130344348,FALSE,TRUE,FALSE,wet,#F68B33,0.011305031318492276,comp2
FT_9.811_185.08093,-0.196826848115908,0.09841342405795128,FALSE,TRUE,FALSE,wet,#F68B33,0.011295574329630182,comp2
FT_15.410_309.13329,0.3892120645159683,-0.1946060322579786,TRUE,FALSE,FALSE,dry,#388ECC,0.011257757496088025,comp2
FT_15.580_237.07574,0.5141178141846088,-0.2570589070923002,TRUE,FALSE,FALSE,dry,#388ECC,0.010694374522966416,comp2
FT_19.428_285.24243,-0.522614587340001,0.2613072936699932,FALSE,TRUE,FALSE,wet,#F68B33,0.010395441072652077,comp2
FT_2.050_247.12881,0.8847068178393283,-0.4423534089196632,TRUE,FALSE,FALSE,dry,#388ECC,-0.010285352366894276,comp2
FT_15.020_341.26868,0.0664042979509081,-0.0332021489754558,TRUE,FALSE,FALSE,dry,#388ECC,0.010211216692822364,comp2
FT_15.371_251.12770,0.03269306336396332,-0.016346531681983995,TRUE,FALSE,FALSE,dry,#388ECC,0.00990859131273536,comp2
FT_19.100_345.20596,-0.11687484530374787,0.05843742265187506,FALSE,TRUE,FALSE,wet,#F68B33,0.009713902499712285,comp2
FT_16.412_283.08124,-0.12683550776831415,0.06341775388415442,FALSE,TRUE,FALSE,wet,#F68B33,0.009373390630193953,comp2
FT_15.849_297.09689,-0.45907933867574746,0.22953966933787084,FALSE,TRUE,FALSE,wet,#F68B33,0.009072882485425208,comp2
FT_14.606_265.14325,0.06386645866631657,-0.031933229333151035,TRUE,FALSE,FALSE,dry,#388ECC,0.008937758900521365,comp2
FT_12.438_267.15908,-0.08111645542529483,0.04055822771265066,FALSE,TRUE,FALSE,wet,#F68B33,0.00886562256233298,comp2
FT_16.355_240.19580,0.4709499386789302,-0.2354749693394644,TRUE,FALSE,FALSE,dry,#388ECC,0.008818343250761012,comp2
FT_13.639_283.11762,0.3639304010391121,-0.18196520051955495,TRUE,FALSE,FALSE,dry,#388ECC,0.008628692418788827,comp2
FT_16.093_203.17935,0.3755043635693208,-0.18775218178466085,TRUE,FALSE,FALSE,dry,#388ECC,0.008499985088462376,comp2
FT_12.555_167.10667,-0.35448482549995575,0.17724241274998503,FALSE,TRUE,FALSE,wet,#F68B33,0.008087266272054217,comp2
FT_14.612_193.04952,-0.23232647385935415,0.11616323692968122,FALSE,TRUE,FALSE,wet,#F68B33,-0.008027388575122673,comp2
FT_11.685_208.11791,-0.4490791776523762,0.22453958882619046,FALSE,TRUE,FALSE,wet,#F68B33,0.007850162192931083,comp2
FT_19.265_197.04448,-0.2611494744329727,0.13057473721648843,FALSE,TRUE,FALSE,wet,#F68B33,0.007428768392890639,comp2
FT_12.206_169.12233,-0.3528405059596669,0.1764202529798309,FALSE,TRUE,FALSE,wet,#F68B33,0.006653143193015959,comp2
FT_8.445_183.06528,0.279606317767458,-0.13980315888372533,TRUE,FALSE,FALSE,dry,#388ECC,0.006299567209528277,comp2
FT_16.429_289.10700,-0.24311288813850235,0.12155644406925407,FALSE,TRUE,FALSE,wet,#F68B33,0.005446169500285434,comp2
FT_1.401_689.21129,0.45501652858674185,-0.22750826429337134,TRUE,FALSE,FALSE,dry,#388ECC,-0.0053890832736846524,comp2
FT_13.642_195.10159,-0.12556416157079622,0.06278208078539955,FALSE,TRUE,FALSE,wet,#F68B33,-0.00461802640109538,comp2
FT_14.804_237.11212,0.39172279904537505,-0.19586139952268689,TRUE,FALSE,FALSE,dry,#388ECC,0.0031870311563526165,comp2
FT_12.812_291.12045,-0.0053811146486079904,0.0026905573243026686,FALSE,TRUE,FALSE,wet,#F68B33,0.0016895292942646545,comp2
FT_12.081_83.04916,0.04037171047391577,-0.020185855236955617,TRUE,FALSE,FALSE,dry,#388ECC,0.001380452739893698,comp2
FT_15.955_307.15400,0.396304494371154,-0.19815224718557353,TRUE,FALSE,FALSE,dry,#388ECC,0.0012352930740383698,comp2
FT_1.411_527.15849,0.5558093548581925,-0.2779046774290993,TRUE,FALSE,FALSE,dry,#388ECC,-0.0011246498893105993,comp2
FT_11.492_225.07575,0.4607462194779735,-0.2303731097389902,TRUE,FALSE,FALSE,dry,#388ECC,7.185606559522687e-4,comp2
DNA-1_bin_47_1__K03553,0.19557673719615534,-0.09778836859807769,TRUE,FALSE,FALSE,dry,#388ECC,0.14921269302638596,comp2
DNA-1_bin_47_1__K20074,0.13825163606296978,-0.0691258180314848,TRUE,FALSE,FALSE,dry,#388ECC,0.14464270294589213,comp2
DNA-1_bin_47_1__K00380,0.200278673059523,-0.10013933652976145,TRUE,FALSE,FALSE,dry,#388ECC,0.1436018327210876,comp2
DNA-1_bin_47_1__K06898,0.10677599755028269,-0.05338799877514136,TRUE,FALSE,FALSE,dry,#388ECC,0.14069054774747497,comp2
DNA-1_bin_47_1__K03088,0.1708907463928503,-0.08544537319642521,TRUE,FALSE,FALSE,dry,#388ECC,0.14023924613851554,comp2
DNA-1_bin_47_1__K09015,0.45492658310853373,-0.22746329155426684,TRUE,FALSE,FALSE,dry,#388ECC,0.13689398531743785,comp2
DNA-1_bin_47_1__K07636,0.06781797625150665,-0.03390898812575342,TRUE,FALSE,FALSE,dry,#388ECC,0.13509312740936902,comp2
DNA-1_bin_47_1__K03590,0.3687696896607653,-0.18438484483038262,TRUE,FALSE,FALSE,dry,#388ECC,0.13485155336871485,comp2
DNA-1_bin_47_1__K02439,0.14196763113024946,-0.07098381556512484,TRUE,FALSE,FALSE,dry,#388ECC,0.134164471129312,comp2
DNA-1_bin_47_1__K02600,0.2684690177792042,-0.13423450888960206,TRUE,FALSE,FALSE,dry,#388ECC,0.13252900940145937,comp2
DNA-1_bin_47_1__K02529,0.16594394076270602,-0.08297197038135298,TRUE,FALSE,FALSE,dry,#388ECC,0.132314083348395,comp2
DNA-1_bin_47_1__K05794,0.31657007642049934,-0.15828503821024972,TRUE,FALSE,FALSE,dry,#388ECC,0.13102910653988487,comp2
DNA-1_bin_47_1__K03798,-0.050860005472104064,0.02543000273605211,FALSE,TRUE,FALSE,wet,#F68B33,0.13059922175448435,comp2
DNA-1_bin_47_1__K23269,0.10213580409469175,-0.0510679020473459,TRUE,FALSE,FALSE,dry,#388ECC,0.1297853014691674,comp2
DNA-1_bin_47_1__K07114,0.11767566630611123,-0.058837833153055616,TRUE,FALSE,FALSE,dry,#388ECC,0.1295076907757798,comp2
DNA-1_bin_47_1__K02967,0.23801380849735576,-0.11900690424867787,TRUE,FALSE,FALSE,dry,#388ECC,0.12846447708212444,comp2
DNA-1_bin_47_1__K12574,0.1562691628626438,-0.078134581431321945,TRUE,FALSE,FALSE,dry,#388ECC,0.1283462362382584,comp2
DNA-1_bin_47_1__K00962,-0.00716367266073728,0.0035818363303687047,FALSE,TRUE,FALSE,wet,#F68B33,0.12833749323866034,comp2
DNA-1_bin_47_1__K07657,0.20024150457846956,-0.10012075228923474,TRUE,FALSE,FALSE,dry,#388ECC,0.12760072002457368,comp2
DNA-1_bin_47_1__K01005,0.14548132992861282,-0.07274066496430637,TRUE,FALSE,FALSE,dry,#388ECC,0.12692600380087132,comp2
DNA-1_bin_47_1__K00943,0.1774330582926002,-0.08871652914630015,TRUE,FALSE,FALSE,dry,#388ECC,0.12652319292312839,comp2
DNA-1_bin_47_1__K03969,0.12910093581235793,-0.0645504679061789,TRUE,FALSE,FALSE,dry,#388ECC,0.12557138113550462,comp2
DNA-1_bin_47_1__K03639,0.09130032595946044,-0.045650162979730194,TRUE,FALSE,FALSE,dry,#388ECC,0.12529971242478882,comp2
DNA-1_bin_47_1__K02004,0.18911458388663255,-0.09455729194331629,TRUE,FALSE,FALSE,dry,#388ECC,0.12338223893979934,comp2
DNA-1_bin_47_1__K02950,0.35336962418556517,-0.1766848120927826,TRUE,FALSE,FALSE,dry,#388ECC,0.12275060213737604,comp2
DNA-1_bin_47_1__K03531,0.2915008720491473,-0.1457504360245737,TRUE,FALSE,FALSE,dry,#388ECC,0.12234610698167608,comp2
DNA-1_bin_47_1__K19668,0.0044005845498714296,-0.0022002922749357265,TRUE,FALSE,FALSE,dry,#388ECC,0.12109903332615307,comp2
DNA-1_bin_47_1__K00945,0.3901169779198391,-0.19505848895991956,TRUE,FALSE,FALSE,dry,#388ECC,0.12073685553639454,comp2
DNA-1_bin_47_1__K03589,0.3077120904234598,-0.15385604521172985,TRUE,FALSE,FALSE,dry,#388ECC,0.11976299635268338,comp2
DNA-1_bin_47_1__K03495,0.07210030623799449,-0.03605015311899729,TRUE,FALSE,FALSE,dry,#388ECC,0.11883459697066771,comp2
DNA-1_bin_47_1__K04077,0.17970437287624236,-0.08985218643812122,TRUE,FALSE,FALSE,dry,#388ECC,0.11804745731171631,comp2
DNA-1_bin_47_1__K13525,0.21210587999170213,-0.10605293999585104,TRUE,FALSE,FALSE,dry,#388ECC,0.1177665104801982,comp2
DNA-1_bin_47_1__K07192,-0.036990891348794804,0.018495445674397384,FALSE,TRUE,FALSE,wet,#F68B33,0.11670737612770134,comp2
DNA-1_bin_47_1__K01858,-0.15773241073985017,0.07886620536992514,FALSE,TRUE,FALSE,wet,#F68B33,0.11466281008958581,comp2
DNA-1_bin_47_1__K03556,0.04342958976369713,-0.021714794881848493,TRUE,FALSE,FALSE,dry,#388ECC,0.11407348197322432,comp2
DNA-1_bin_47_1__K08676,0.1382614652481085,-0.06913073262405424,TRUE,FALSE,FALSE,dry,#388ECC,0.11365826295970766,comp2
DNA-1_bin_47_1__K02434,0.35844445951816656,-0.17922222975908333,TRUE,FALSE,FALSE,dry,#388ECC,0.11362966072300423,comp2
DNA-1_bin_47_1__K01990,0.20101057365928518,-0.1005052868296426,TRUE,FALSE,FALSE,dry,#388ECC,0.11301116768873043,comp2
DNA-1_bin_47_1__K08677,0.5209143347790457,-0.26045716738952285,TRUE,FALSE,FALSE,dry,#388ECC,0.11283041947658548,comp2
DNA-1_bin_47_1__K01923,0.32588115642528237,-0.16294057821264119,TRUE,FALSE,FALSE,dry,#388ECC,0.1126464675231631,comp2
DNA-1_bin_47_1__K15367,0.18558931718241659,-0.09279465859120822,TRUE,FALSE,FALSE,dry,#388ECC,0.11195794319133921,comp2
DNA-1_bin_47_1__K05816,-0.1153053418142121,0.057652670907106046,FALSE,TRUE,FALSE,wet,#F68B33,0.11163698003269551,comp2
DNA-1_bin_47_1__K02660,0.10861166475409453,-0.05430583237704729,TRUE,FALSE,FALSE,dry,#388ECC,0.11089420569059648,comp2
DNA-1_bin_47_1__K00872,0.3311365631310771,-0.16556828156553857,TRUE,FALSE,FALSE,dry,#388ECC,0.10805130711987637,comp2
DNA-1_bin_47_1__K09903,0.3481783469425313,-0.17408917347126562,TRUE,FALSE,FALSE,dry,#388ECC,0.10702989755612764,comp2
DNA-1_bin_47_1__K03587,0.15487665883300225,-0.07743832941650115,TRUE,FALSE,FALSE,dry,#388ECC,0.10697102070948265,comp2
DNA-1_bin_47_1__K00392,0.428772063213782,-0.21438603160689101,TRUE,FALSE,FALSE,dry,#388ECC,0.10587487054761384,comp2
DNA-1_bin_47_1__K22934,0.1947398578417205,-0.0973699289208602,TRUE,FALSE,FALSE,dry,#388ECC,0.1053664737414494,comp2
DNA-1_bin_47_1__K01915,0.1736461229779839,-0.08682306148899192,TRUE,FALSE,FALSE,dry,#388ECC,0.10470864247211442,comp2
DNA-1_bin_47_1__K03438,0.1923652882416238,-0.0961826441208119,TRUE,FALSE,FALSE,dry,#388ECC,0.10243155436558755,comp2
DNA-1_bin_47_1__K03215,0.021851664797526225,-0.010925832398763102,TRUE,FALSE,FALSE,dry,#388ECC,0.10031149713879241,comp2
bco_bin_172__K16645,0.11544297350446905,-0.057721486752234395,TRUE,FALSE,FALSE,dry,#388ECC,0.09998412216846166,comp2
DNA-1_bin_47_1__K07034,0.10135658442622136,-0.05067829221311064,TRUE,FALSE,FALSE,dry,#388ECC,0.09941147883026209,comp2
DNA-1_bin_47_1__K01895,0.1144938082083835,-0.057246904104191774,TRUE,FALSE,FALSE,dry,#388ECC,0.0992152754665347,comp2
DNA-1_bin_47_1__K05813,0.082894859129234,-0.04144742956461697,TRUE,FALSE,FALSE,dry,#388ECC,0.09897460761945541,comp2
DNA-1_bin_47_1__K05972,0.059580419196965266,-0.029790209598482588,TRUE,FALSE,FALSE,dry,#388ECC,0.09867333893892877,comp2
DNA-1_bin_47_1__K00368,0.0264672450813263,-0.013233622540663192,TRUE,FALSE,FALSE,dry,#388ECC,0.09572773859566006,comp2
DNA-1_bin_47_1__K01768,-0.05015774187236232,0.025078870936181198,FALSE,TRUE,FALSE,wet,#F68B33,0.09545916450374485,comp2
DNA-1_bin_47_1__K03705,0.11807264117830221,-0.059036320589151176,TRUE,FALSE,FALSE,dry,#388ECC,0.09529187224662752,comp2
DNA-1_bin_47_1__K02040,0.11650147863091648,-0.05825073931545819,TRUE,FALSE,FALSE,dry,#388ECC,0.09296623026020714,comp2
DNA-1_bin_47_1__K02520,0.3574681929688555,-0.17873409648442778,TRUE,FALSE,FALSE,dry,#388ECC,0.09281475467619134,comp2
DNA-1_bin_47_1__K00036,0.37585946868848014,-0.1879297343442401,TRUE,FALSE,FALSE,dry,#388ECC,0.09237122739954112,comp2
DNA-1_bin_36_1__K01181,-0.04532848677155715,0.022664243385778625,FALSE,TRUE,FALSE,wet,#F68B33,0.09173123566839352,comp2
DNA-1_bin_47_1__K02003,0.41303384121952397,-0.20651692060976193,TRUE,FALSE,FALSE,dry,#388ECC,0.08944950843724284,comp2
DNA-1_bin_47_1__K03111,0.19804718850719816,-0.09902359425359915,TRUE,FALSE,FALSE,dry,#388ECC,0.08871968388069035,comp2
DNA-1_bin_47_1__K13993,0.6654096196854378,-0.3327048098427188,TRUE,FALSE,FALSE,dry,#388ECC,0.08857294747466234,comp2
DNA-1_bin_47_1__K20202,0.2599760183781644,-0.12998800918908224,TRUE,FALSE,FALSE,dry,#388ECC,0.08841747472953017,comp2
DNA-1_bin_47_1__K03076,0.12971850060283166,-0.06485925030141577,TRUE,FALSE,FALSE,dry,#388ECC,0.08678007643563168,comp2
DNA-1_bin_47_1__K03624,0.11792047164229433,-0.05896023582114713,TRUE,FALSE,FALSE,dry,#388ECC,0.08459390347675713,comp2
DNA-1_bin_47_1__K02035,-0.24982754665549456,0.12491377332774725,FALSE,TRUE,FALSE,wet,#F68B33,0.08386974986344842,comp2
DNA-1_bin_47_1__K00524,0.089462978216467,-0.04473148910823337,TRUE,FALSE,FALSE,dry,#388ECC,0.08255221111129031,comp2
DNA-1_bin_47_1__K03116,0.2169647395031241,-0.10848236975156209,TRUE,FALSE,FALSE,dry,#388ECC,0.08210813861529925,comp2
DNA-1_bin_47_1__K01338,0.33854381070796435,-0.16927190535398226,TRUE,FALSE,FALSE,dry,#388ECC,0.08031259080695649,comp2
DNA-1_bin_36_1__K01637,0.07318454786890034,-0.03659227393445014,TRUE,FALSE,FALSE,dry,#388ECC,0.07549944873003389,comp2
DNA-1_bin_36_1__K23269,0.0661451745264872,-0.033072587263243663,TRUE,FALSE,FALSE,dry,#388ECC,0.06846637149659844,comp2
DNA-1_bin_47_1__K00615,0.7808436792309619,-0.390421839615481,TRUE,FALSE,FALSE,dry,#388ECC,0.06118257059305793,comp2
bco_bin_29_1__K03088,0.14758444716743058,-0.07379222358371526,TRUE,FALSE,FALSE,dry,#388ECC,0.05730991001058333,comp2
bco_bin_172__K01005,0.15207381068673875,-0.07603690534336932,TRUE,FALSE,FALSE,dry,#388ECC,0.05516121173327289,comp2
bco_bin_116__K01915,0.4241195808700823,-0.21205979043504114,TRUE,FALSE,FALSE,dry,#388ECC,0.05386116698827616,comp2
DNA-1_bin_47_1__K07029,0.7111504070817402,-0.35557520354087013,TRUE,FALSE,FALSE,dry,#388ECC,0.0510565872488804,comp2
DNA-1_bin_36_1__K03520,0.25072664176422654,-0.12536332088211327,TRUE,FALSE,FALSE,dry,#388ECC,0.05096260164599736,comp2
bco_bin_29_1__K01114,0.05640872487015261,-0.02820436243507619,TRUE,FALSE,FALSE,dry,#388ECC,0.050368323293089316,comp2
bco_bin_29_1__K02004,0.007508148067818736,-0.0037540740339093003,TRUE,FALSE,FALSE,dry,#388ECC,0.04652521054441232,comp2
bco_bin_125_1__K11175,0.0804701923928519,-0.04023509619642594,TRUE,FALSE,FALSE,dry,#388ECC,0.04629816579392504,comp2
DNA-1_bin_36_1__K07657,-0.08934472956576063,0.04467236478288044,FALSE,TRUE,FALSE,wet,#F68B33,0.04244276262729132,comp2
bco_bin_125_1__K00380,0.13107753754543838,-0.06553876877271918,TRUE,FALSE,FALSE,dry,#388ECC,0.04035406774147141,comp2
bco_bin_116__K02035,0.11480181667731426,-0.05740090833865718,TRUE,FALSE,FALSE,dry,#388ECC,0.03738067498483973,comp2
bco_bin_172__K00943,0.3197762146961589,-0.15988810734807943,TRUE,FALSE,FALSE,dry,#388ECC,0.03735152559919665,comp2
bco_bin_29_1__K02945,-0.167682721143925,0.0838413605719625,FALSE,TRUE,FALSE,wet,#F68B33,0.03369932822836835,comp2
bco_bin_23_1__K08995,0.41564236578421715,-0.20782118289210869,TRUE,FALSE,FALSE,dry,#388ECC,0.033572115766806986,comp2
DNA-1_bin_22_1__K09013,0.32840408492762535,-0.16420204246381268,TRUE,FALSE,FALSE,dry,#388ECC,0.030379113984615926,comp2
DNA-1_bin_47_1__K02945,0.4308894324322118,-0.21544471621610567,TRUE,FALSE,FALSE,dry,#388ECC,0.027242819638047918,comp2
DNA-1_bin_18__K03696,0.5577592054307311,-0.2788796027153655,TRUE,FALSE,FALSE,dry,#388ECC,0.024984357858555184,comp2
bco_bin_18_1__K03832,-0.24304970937665263,0.12152485468832616,FALSE,TRUE,FALSE,wet,#F68B33,0.02062030614597203,comp2
DNA-1_bin_47_1__K04047,0.9148311060438673,-0.4574155530219337,TRUE,FALSE,FALSE,dry,#388ECC,0.010689837492865869,comp2
bco_bin_125_1__K07658,-0.06203547867145884,0.031017739335729443,FALSE,TRUE,FALSE,wet,#F68B33,0.010546021202590267,comp2
bco_bin_18_1__K04065,0.15612046664375778,-0.07806023332187886,TRUE,FALSE,FALSE,dry,#388ECC,0.008927904481195487,comp2
bco_bin_116__K07657,0.08008808850679282,-0.04004404425339646,TRUE,FALSE,FALSE,dry,#388ECC,0.004779018595486436,comp2
DNA-1_bin_47_1__K01087,0.7479571575065261,-0.373978578753263,TRUE,FALSE,FALSE,dry,#388ECC,0.0047396082080650645,comp2
DNA-1_bin_36_1__K02004,0.09125700078334742,-0.045628500391673724,TRUE,FALSE,FALSE,dry,#388ECC,0.0044746349439381515,comp2
FT_0.892_232.92815,-0.15369002247965505,0.07684501123982754,FALSE,TRUE,FALSE,wet,#F68B33,0.17259732618186666,comp3
FT_0.892_344.87556,-0.16799569712953177,0.083997848564766,FALSE,TRUE,FALSE,wet,#F68B33,0.1700473737213987,comp3
FT_0.904_189.00708,-0.24118429455910523,0.12059214727955131,FALSE,TRUE,FALSE,wet,#F68B33,0.16971981567006206,comp3
FT_0.892_214.91758,-0.17276131251852941,0.08638065625926536,FALSE,TRUE,FALSE,wet,#F68B33,0.16913413767268365,comp3
FT_0.895_143.99682,-0.2163829778720405,0.10819148893602246,FALSE,TRUE,FALSE,wet,#F68B33,0.15604443177957936,comp3
FT_0.889_476.86690,-0.14300579323346974,0.07150289661673682,FALSE,TRUE,FALSE,wet,#F68B33,0.15258586378054126,comp3
FT_0.890_148.97575,-0.21673017451709764,0.108365087258548,FALSE,TRUE,FALSE,wet,#F68B33,0.1505115138754114,comp3
FT_0.890_144.98083,-0.20434470113773434,0.10217235056886716,FALSE,TRUE,FALSE,wet,#F68B33,0.15026242445849586,comp3
FT_0.891_102.97023,-0.21413073956765208,0.10706536978382686,FALSE,TRUE,FALSE,wet,#F68B33,0.14644608197860218,comp3
FT_0.891_130.96515,-0.23211908223222225,0.11605954111610887,FALSE,TRUE,FALSE,wet,#F68B33,0.14640836367759588,comp3
FT_0.891_125.98621,-0.23631804521659552,0.1181590226082991,FALSE,TRUE,FALSE,wet,#F68B33,0.14597653888842824,comp3
FT_0.889_151.00876,0.027563700338786537,-0.01378185016939153,TRUE,FALSE,FALSE,dry,#388ECC,-0.14558583823404964,comp3
FT_0.889_458.85599,-0.19702299111233615,0.09851149555616966,FALSE,TRUE,FALSE,wet,#F68B33,0.1424629037104601,comp3
FT_0.891_84.95972,-0.21269948403263844,0.10634974201631951,FALSE,TRUE,FALSE,wet,#F68B33,0.14048483417448282,comp3
FT_0.893_200.97310,0.03903067673585783,-0.01951533836792726,TRUE,FALSE,FALSE,dry,#388ECC,-0.13996486401050526,comp3
FT_0.893_182.96245,0.020141324963349735,-0.010070662481672923,TRUE,FALSE,FALSE,dry,#388ECC,-0.1390113851778037,comp3
FT_1.096_191.99907,-0.14442715548420793,0.07221357774210617,FALSE,TRUE,FALSE,wet,#F68B33,0.13827363189829542,comp3
FT_0.892_232.99927,0.048875113572767845,-0.024437556786383315,TRUE,FALSE,FALSE,dry,#388ECC,-0.1338972784610784,comp3
FT_0.891_121.01643,0.017993909211455404,-0.008996954605725133,TRUE,FALSE,FALSE,dry,#388ECC,-0.1277991117597978,comp3
FT_0.892_218.98361,0.05959806007452566,-0.029799030037264012,TRUE,FALSE,FALSE,dry,#388ECC,-0.12694465952908962,comp3
FT_0.894_133.03457,-0.027605504566209638,0.013802752283105894,FALSE,TRUE,FALSE,wet,#F68B33,-0.12430786644847738,comp3
FT_1.091_269.97637,-0.10897570392365079,0.054487851961826005,FALSE,TRUE,FALSE,wet,#F68B33,0.123875863484547,comp3
FT_0.891_114.98758,0.01033419933872376,-0.005167099669361365,TRUE,FALSE,FALSE,dry,#388ECC,-0.12362228105654213,comp3
FT_0.892_119.01888,-0.005363378022097416,0.0026816890110462534,FALSE,TRUE,FALSE,wet,#F68B33,-0.12169873760956806,comp3
FT_8.272_360.20173,-0.31759798039406745,0.1587989901970314,FALSE,TRUE,FALSE,wet,#F68B33,0.12082200716971926,comp3
FT_0.891_132.99816,-0.013352926934396075,0.006676463467195887,FALSE,TRUE,FALSE,wet,#F68B33,-0.11993717483142513,comp3
FT_0.891_86.99273,-0.017585458315612146,0.008792729157805018,FALSE,TRUE,FALSE,wet,#F68B33,-0.11962118975538374,comp3
FT_15.141_195.06518,-0.17226844023225057,0.08613422011613035,FALSE,TRUE,FALSE,wet,#F68B33,-0.11945943268387786,comp3
FT_0.891_214.98862,0.14973429973428656,-0.07486714986714114,TRUE,FALSE,FALSE,dry,#388ECC,-0.11932730951203459,comp3
FT_0.889_460.85312,-0.18123286743624828,0.09061643371812418,FALSE,TRUE,FALSE,wet,#F68B33,0.11859993008111071,comp3
FT_0.891_105.00324,-0.029873243758950452,0.014936621879472218,FALSE,TRUE,FALSE,wet,#F68B33,-0.11749020662787488,comp3
FT_0.889_147.01385,-0.018227797304885433,0.009113898652441095,FALSE,TRUE,FALSE,wet,#F68B33,-0.11706915831665798,comp3
FT_13.422_211.06008,0.08903081147151569,-0.044515405735761106,TRUE,FALSE,FALSE,dry,#388ECC,-0.11479608598162833,comp3
FT_1.098_196.95448,-0.2594250144604453,0.12971250723022312,FALSE,TRUE,FALSE,wet,#F68B33,0.1112110863729312,comp3
FT_12.219_197.11725,-0.24869866266735025,0.12434933133366449,FALSE,TRUE,FALSE,wet,#F68B33,0.1107490629921534,comp3
FT_1.337_527.15849,-0.22616343549885565,0.11308171774942435,FALSE,TRUE,FALSE,wet,#F68B33,0.11071265760628098,comp3
FT_0.887_128.01924,-0.024693647031215293,0.012346823515605022,FALSE,TRUE,FALSE,wet,#F68B33,-0.10962262879811235,comp3
FT_0.891_110.00865,-0.05504009339546281,0.02752004669773298,FALSE,TRUE,FALSE,wet,#F68B33,-0.10854502990215684,comp3
FT_12.554_121.10112,0.31679373597678134,-0.1583968679883879,TRUE,FALSE,FALSE,dry,#388ECC,0.10320781901131658,comp3
FT_13.033_366.15475,0.13590267240775902,-0.06795133620387915,TRUE,FALSE,FALSE,dry,#388ECC,-0.1013181397730068,comp3
FT_0.969_288.92204,-0.4684029450501184,0.2342014725250603,FALSE,TRUE,FALSE,wet,#F68B33,0.09956430733168353,comp3
FT_19.846_411.14400,0.020249851572192917,-0.010124925786099529,TRUE,FALSE,FALSE,dry,#388ECC,-0.09609045942194935,comp3
FT_14.703_225.07574,0.15103701624248125,-0.07551850812124063,TRUE,FALSE,FALSE,dry,#388ECC,0.09554122772741228,comp3
FT_0.886_135.03210,0.02347386717352983,-0.011736933586763072,TRUE,FALSE,FALSE,dry,#388ECC,-0.09099874780555726,comp3
FT_0.890_330.93105,-0.009188524289533886,0.004594262144767127,FALSE,TRUE,FALSE,wet,#F68B33,-0.08969542201867793,comp3
FT_13.477_195.06519,0.21628240200260954,-0.10814120100130649,TRUE,FALSE,FALSE,dry,#388ECC,-0.08913437769968746,comp3
FT_8.092_258.16998,-0.3646418397878347,0.18232091989391738,FALSE,TRUE,FALSE,wet,#F68B33,0.08697814130565991,comp3
FT_14.703_211.06009,0.0430580820490458,-0.02152904102452478,TRUE,FALSE,FALSE,dry,#388ECC,0.08578949139524444,comp3
FT_1.112_147.07644,0.2502047091479146,-0.12510235457395763,TRUE,FALSE,FALSE,dry,#388ECC,0.08330824842085463,comp3
FT_17.838_514.31653,-0.37452942192378763,0.18726471096189382,FALSE,TRUE,FALSE,wet,#F68B33,0.07993800856707983,comp3
FT_1.107_527.15854,0.42058981933123146,-0.21029490966561226,TRUE,FALSE,FALSE,dry,#388ECC,0.07880835405498161,comp3
FT_1.405_190.10742,0.17449269532265632,-0.0872463476613327,TRUE,FALSE,FALSE,dry,#388ECC,0.0775411397732818,comp3
FT_15.164_326.19615,0.2737207048906655,-0.13686035244532846,TRUE,FALSE,FALSE,dry,#388ECC,-0.07649592143623846,comp3
FT_14.703_251.09138,0.1377412681849773,-0.06887063409249221,TRUE,FALSE,FALSE,dry,#388ECC,0.07526833320423966,comp3
FT_16.545_467.20649,0.17942741239906618,-0.08971370619953133,TRUE,FALSE,FALSE,dry,#388ECC,-0.07218009026194236,comp3
FT_17.960_483.20153,0.03398069405647428,-0.016990347028236277,TRUE,FALSE,FALSE,dry,#388ECC,-0.07138137756356401,comp3
FT_18.812_237.07569,0.16839809205868336,-0.08419904602934226,TRUE,FALSE,FALSE,dry,#388ECC,-0.07007824637144322,comp3
FT_8.445_183.06528,0.279606317767458,-0.13980315888372533,TRUE,FALSE,FALSE,dry,#388ECC,-0.06857514633223563,comp3
FT_16.867_481.14965,0.19707224246676006,-0.09853612123337903,TRUE,FALSE,FALSE,dry,#388ECC,-0.06839250178325182,comp3
FT_16.925_467.20647,0.11106173487658058,-0.055530867438293066,TRUE,FALSE,FALSE,dry,#388ECC,-0.06826848531963949,comp3
FT_12.670_361.16231,-0.08672493591266194,0.04336246795633072,FALSE,TRUE,FALSE,wet,#F68B33,-0.06555787092666011,comp3
FT_15.988_469.18571,0.14329463819361782,-0.07164731909680769,TRUE,FALSE,FALSE,dry,#388ECC,-0.06513448961597113,comp3
FT_12.933_195.06530,0.36587320204309054,-0.1829366010215467,TRUE,FALSE,FALSE,dry,#388ECC,-0.06508844889599699,comp3
FT_12.343_165.05466,0.09033046358768691,-0.04516523179384191,TRUE,FALSE,FALSE,dry,#388ECC,0.06460386060220771,comp3
FT_1.323_138.05494,0.14474988145349654,-0.07237494072674629,TRUE,FALSE,FALSE,dry,#388ECC,0.061539794342156624,comp3
FT_12.812_291.12045,-0.0053811146486079904,0.0026905573243026686,FALSE,TRUE,FALSE,wet,#F68B33,-0.060509359986409925,comp3
FT_14.025_555.22021,0.25993025909215,-0.12996512954607656,TRUE,FALSE,FALSE,dry,#388ECC,-0.060003016190624224,comp3
FT_17.837_415.21159,-0.29191162786664254,0.14595581393331847,FALSE,TRUE,FALSE,wet,#F68B33,0.05968623188459541,comp3
FT_15.503_261.11213,-0.11217002159436794,0.056085010797183116,FALSE,TRUE,FALSE,wet,#F68B33,-0.0580728456864809,comp3
FT_1.333_132.10188,-0.651139300466258,0.32556965023313045,FALSE,TRUE,FALSE,wet,#F68B33,0.05676521035485094,comp3
FT_0.981_310.91292,-0.5597410616632305,0.2798705308316149,FALSE,TRUE,FALSE,wet,#F68B33,0.05566291887222158,comp3
FT_7.633_302.19623,-0.2859004644519095,0.1429502322259543,FALSE,TRUE,FALSE,wet,#F68B33,0.054980121348821936,comp3
FT_18.868_303.15911,0.174357156946591,-0.08717857847329977,TRUE,FALSE,FALSE,dry,#388ECC,-0.0548424756065277,comp3
FT_0.981_378.90035,-0.6161389715831246,0.3080694857915634,FALSE,TRUE,FALSE,wet,#F68B33,0.054456977255621916,comp3
FT_1.188_184.06383,-0.13873328510064378,0.06936664255032127,FALSE,TRUE,FALSE,wet,#F68B33,0.051524673144945916,comp3
FT_11.232_326.12348,-0.47798328813461793,0.23899164406731008,FALSE,TRUE,FALSE,wet,#F68B33,-0.050856249828156536,comp3
FT_1.074_104.10696,0.35251523099072435,-0.17625761549535882,TRUE,FALSE,FALSE,dry,#388ECC,0.05049913993225111,comp3
FT_17.541_467.20646,0.19614768884878891,-0.09807384442439328,TRUE,FALSE,FALSE,dry,#388ECC,-0.05033957075805296,comp3
FT_12.206_109.10113,-0.3450452017342895,0.17252260086714047,FALSE,TRUE,FALSE,wet,#F68B33,0.04911786880814382,comp3
FT_13.617_197.04447,0.3987613253337829,-0.199380662666893,TRUE,FALSE,FALSE,dry,#388ECC,-0.04900022023600131,comp3
FT_17.978_277.14344,0.18550655178504888,-0.09275327589252338,TRUE,FALSE,FALSE,dry,#388ECC,-0.04896528165482373,comp3
FT_20.069_413.15960,0.04432804568521452,-0.022164022842605526,TRUE,FALSE,FALSE,dry,#388ECC,-0.0485083104334246,comp3
FT_1.155_335.07393,0.8379961086353281,-0.41899805431766024,TRUE,FALSE,FALSE,dry,#388ECC,0.04762906542171131,comp3
FT_0.980_90.97665,-0.5433143202007372,0.2716571601003697,FALSE,TRUE,FALSE,wet,#F68B33,0.04732160417005239,comp3
FT_14.959_233.11720,0.18854128769410214,-0.09427064384705601,TRUE,FALSE,FALSE,dry,#388ECC,-0.04698068653370679,comp3
FT_13.404_253.10703,0.44522097308668757,-0.22261048654334,TRUE,FALSE,FALSE,dry,#388ECC,-0.04684684901804411,comp3
FT_10.615_181.08602,0.12383071489386771,-0.06191535744693029,TRUE,FALSE,FALSE,dry,#388ECC,0.046638654549832584,comp3
FT_12.022_269.10197,0.29981373764956404,-0.14990686882478468,TRUE,FALSE,FALSE,dry,#388ECC,-0.046404504192368703,comp3
FT_20.067_237.07568,0.0026951482247794265,-0.0013475741123860417,TRUE,FALSE,FALSE,dry,#388ECC,-0.04562177932764392,comp3
FT_0.981_242.92541,-0.5164964127315518,0.25824820636577334,FALSE,TRUE,FALSE,wet,#F68B33,0.04413572915880384,comp3
FT_1.378_288.10135,-0.23730444244512441,0.11865222122256222,FALSE,TRUE,FALSE,wet,#F68B33,0.04387487941588795,comp3
FT_0.981_514.87531,-0.6348586990116847,0.31742934950584334,FALSE,TRUE,FALSE,wet,#F68B33,0.043017539621902974,comp3
FT_19.660_423.14401,0.3007297053350579,-0.15036485266752503,TRUE,FALSE,FALSE,dry,#388ECC,-0.041651048512139896,comp3
FT_9.687_356.09768,0.19019364723189758,-0.09509682361594778,TRUE,FALSE,FALSE,dry,#388ECC,-0.04145759762655286,comp3
FT_14.025_267.12269,0.25896719570597193,-0.129483597852986,TRUE,FALSE,FALSE,dry,#388ECC,-0.04098393344242247,comp3
FT_14.276_311.11260,0.29811385383452377,-0.1490569269172652,TRUE,FALSE,FALSE,dry,#388ECC,-0.04073200171045581,comp3
FT_0.981_158.96409,-0.5531707873127513,0.2765853936563737,FALSE,TRUE,FALSE,wet,#F68B33,0.04021557242673258,comp3
FT_1.401_689.21129,0.45501652858674185,-0.22750826429337134,TRUE,FALSE,FALSE,dry,#388ECC,0.03997621928856808,comp3
FT_14.358_555.22021,0.22172049692293758,-0.11086024846146683,TRUE,FALSE,FALSE,dry,#388ECC,-0.03927580278201532,comp3
FT_0.979_226.95148,-0.5811726091519583,0.2905863045759787,FALSE,TRUE,FALSE,wet,#F68B33,0.039243927844552225,comp3
FT_0.981_294.93894,-0.6098748636012157,0.30493743180060623,FALSE,TRUE,FALSE,wet,#F68B33,0.038906999938197157,comp3
FT_0.980_362.92643,-0.6066960467834868,0.3033480233917428,FALSE,TRUE,FALSE,wet,#F68B33,0.038746187255281804,comp3
FT_12.218_179.03372,0.3717307310496787,-0.18586536552483932,TRUE,FALSE,FALSE,dry,#388ECC,-0.03866114683146579,comp3
FT_0.981_582.86283,-0.630638811670198,0.3153194058350987,FALSE,TRUE,FALSE,wet,#F68B33,0.03861427781117696,comp3
FT_0.981_446.88778,-0.6469985409608806,0.32349927048044047,FALSE,TRUE,FALSE,wet,#F68B33,0.0384397895469997,comp3
FT_0.980_498.90137,-0.5957858955327981,0.2978929477663999,FALSE,TRUE,FALSE,wet,#F68B33,0.03828368715316222,comp3
FT_0.981_566.88882,-0.5707285856629922,0.2853642928314968,FALSE,TRUE,FALSE,wet,#F68B33,0.03820061751004932,comp3
FT_20.113_473.19368,0.142371771291024,-0.07118588564551555,TRUE,FALSE,FALSE,dry,#388ECC,0.03782242687363347,comp3
FT_16.567_353.15961,0.05587196428926952,-0.027935982144629123,TRUE,FALSE,FALSE,dry,#388ECC,-0.037494766181719257,comp3
FT_12.079_109.10113,-0.06247092708986409,0.031235463544934665,FALSE,TRUE,FALSE,wet,#F68B33,0.03693504574145042,comp3
FT_20.069_223.06006,0.20402613814365045,-0.10201306907182359,TRUE,FALSE,FALSE,dry,#388ECC,-0.03639905934950366,comp3
FT_15.505_326.19621,0.20329698503493351,-0.10164849251746919,TRUE,FALSE,FALSE,dry,#388ECC,-0.03571306663084411,comp3
FT_0.982_718.83752,-0.6374410141039083,0.3187205070519551,FALSE,TRUE,FALSE,wet,#F68B33,0.034501750539766576,comp3
FT_0.980_430.91383,-0.6163412536314331,0.30817062681571583,FALSE,TRUE,FALSE,wet,#F68B33,0.03437820395004528,comp3
FT_19.657_311.16419,-0.02745682636526444,0.01372841318263121,FALSE,TRUE,FALSE,wet,#F68B33,0.03398843101606433,comp3
FT_12.753_167.03385,0.4244353591713962,-0.21221767958569984,TRUE,FALSE,FALSE,dry,#388ECC,-0.033238756802181954,comp3
FT_18.882_431.24292,-0.5411243545265236,0.2705621772632667,FALSE,TRUE,FALSE,wet,#F68B33,-0.03193274397572248,comp3
FT_0.982_650.85025,-0.6541870992986062,0.32709354964930387,FALSE,TRUE,FALSE,wet,#F68B33,0.03182668734565385,comp3
FT_11.015_360.08063,0.49315240480328243,-0.24657620240164052,TRUE,FALSE,FALSE,dry,#388ECC,0.031370198429692825,comp3
FT_14.354_195.06518,0.2248754754023639,-0.11243773770117621,TRUE,FALSE,FALSE,dry,#388ECC,-0.03084110029413683,comp3
FT_0.889_328.89801,-0.23140760330521995,0.11570380165260503,FALSE,TRUE,FALSE,wet,#F68B33,0.030009357154403546,comp3
FT_16.095_421.20123,0.03518954365333123,-0.01759477182666558,TRUE,FALSE,FALSE,dry,#388ECC,-0.0294114009676254,comp3
FT_15.452_179.07028,0.4753755917317509,-0.23768779586587188,TRUE,FALSE,FALSE,dry,#388ECC,-0.028908247843481543,comp3
FT_12.245_283.08124,0.10701865695301807,-0.05350932847650572,TRUE,FALSE,FALSE,dry,#388ECC,-0.02889907418511494,comp3
FT_12.260_235.06014,0.4473112684148284,-0.2236556342074193,TRUE,FALSE,FALSE,dry,#388ECC,-0.028247654229760322,comp3
FT_18.820_395.16211,-0.403713009730605,0.20185650486530132,FALSE,TRUE,FALSE,wet,#F68B33,-0.02796239360935176,comp3
FT_13.390_209.08082,0.2774832869217991,-0.13874164346089646,TRUE,FALSE,FALSE,dry,#388ECC,-0.027952700305595397,comp3
FT_15.987_217.08590,0.07723301478290556,-0.03861650739145759,TRUE,FALSE,FALSE,dry,#388ECC,-0.02742899438172271,comp3
FT_18.056_413.12325,-0.1475055715130378,0.07375278575651512,FALSE,TRUE,FALSE,wet,#F68B33,-0.026777923207271487,comp3
FT_16.668_291.12280,0.02236292792475103,-0.011181463962377035,TRUE,FALSE,FALSE,dry,#388ECC,-0.02645097829913766,comp3
FT_13.094_295.11759,-0.3429127430334514,0.17145637151672036,FALSE,TRUE,FALSE,wet,#F68B33,-0.0260267940821061,comp3
FT_13.705_239.09124,0.36933729658549524,-0.1846686482927481,TRUE,FALSE,FALSE,dry,#388ECC,-0.0252516773736165,comp3
FT_11.491_271.08123,0.331500522247745,-0.1657502611238694,TRUE,FALSE,FALSE,dry,#388ECC,-0.025009692729211334,comp3
FT_0.889_346.90863,-0.2302883343949826,0.1151441671974942,FALSE,TRUE,FALSE,wet,#F68B33,0.025008727553995344,comp3
FT_1.892_146.09241,-0.35639271375691084,0.17819635687845437,FALSE,TRUE,FALSE,wet,#F68B33,-0.02479694255695494,comp3
FT_1.147_168.06892,-0.18883696773964706,0.09441848386982314,FALSE,TRUE,FALSE,wet,#F68B33,0.024779521725465294,comp3
FT_11.491_185.04450,0.36682788998111987,-0.1834139449905616,TRUE,FALSE,FALSE,dry,#388ECC,-0.0242625776943149,comp3
FT_18.589_329.17482,-0.3507372812572761,0.17536864062863433,FALSE,TRUE,FALSE,wet,#F68B33,0.024234506698676984,comp3
FT_12.220_269.10198,0.33900713806365673,-0.16950356903182992,TRUE,FALSE,FALSE,dry,#388ECC,-0.024014316239828297,comp3
FT_19.622_493.22225,0.15003293039365861,-0.07501646519682856,TRUE,FALSE,FALSE,dry,#388ECC,-0.023835039247358778,comp3
FT_17.721_467.20646,0.12288256063666779,-0.0614412803183317,TRUE,FALSE,FALSE,dry,#388ECC,-0.02361276774807974,comp3
FT_1.264_374.12946,0.8423715900291047,-0.4211857950145495,TRUE,FALSE,FALSE,dry,#388ECC,0.02268880016816731,comp3
FT_10.790_239.05499,-0.02113962481296025,0.010569812406482264,FALSE,TRUE,FALSE,wet,#F68B33,-0.02181311602507939,comp3
FT_1.229_182.08459,-0.12773120549089934,0.06386560274544431,FALSE,TRUE,FALSE,wet,#F68B33,0.02103140217958939,comp3
FT_15.560_251.12772,0.06219627341792527,-0.031098136708957745,TRUE,FALSE,FALSE,dry,#388ECC,-0.02086525548541406,comp3
FT_14.026_374.08225,-0.06957545889588057,0.0347877294479382,FALSE,TRUE,FALSE,wet,#F68B33,-0.020708500056578878,comp3
FT_14.355_267.12270,0.1138537583226842,-0.05692687916134729,TRUE,FALSE,FALSE,dry,#388ECC,-0.020189073023087274,comp3
FT_11.491_167.03390,0.2813913885404156,-0.14069569427020742,TRUE,FALSE,FALSE,dry,#388ECC,-0.019593812750663978,comp3
FT_0.888_442.87849,-0.010720960733188886,0.005360480366596255,FALSE,TRUE,FALSE,wet,#F68B33,-0.019442339395491767,comp3
FT_15.310_273.07568,-0.09297393046610047,0.046486965233049175,FALSE,TRUE,FALSE,wet,#F68B33,-0.018985192134820625,comp3
FT_8.445_223.05767,0.18351134098725827,-0.09175567049363353,TRUE,FALSE,FALSE,dry,#388ECC,-0.018899778117975368,comp3
FT_18.031_311.12773,-0.1266584877129683,0.06332924385648454,FALSE,TRUE,FALSE,wet,#F68B33,-0.017584414063061597,comp3
FT_14.027_407.11767,0.2020417181594249,-0.10102085907971484,TRUE,FALSE,FALSE,dry,#388ECC,-0.016411427476116236,comp3
FT_14.957_273.10978,0.1269516005328591,-0.06347580026642499,TRUE,FALSE,FALSE,dry,#388ECC,-0.01609384999787479,comp3
FT_18.011_235.06008,-0.081418742637366745,0.040709371318680146,FALSE,TRUE,FALSE,wet,#F68B33,-0.015976143996922338,comp3
FT_1.386_218.14992,0.7349240815010427,-0.36746204075052274,TRUE,FALSE,FALSE,dry,#388ECC,0.015807002139068518,comp3
FT_13.639_283.11762,0.3639304010391121,-0.18196520051955495,TRUE,FALSE,FALSE,dry,#388ECC,-0.015273992323580463,comp3
FT_15.371_251.12770,0.03269306336396332,-0.016346531681983995,TRUE,FALSE,FALSE,dry,#388ECC,-0.015055404883465493,comp3
FT_15.395_353.15960,-0.05439470028847447,0.027197350144232583,FALSE,TRUE,FALSE,wet,#F68B33,-0.015035143174944412,comp3
FT_17.223_251.12775,0.05374460788557085,-0.02687230394277839,TRUE,FALSE,FALSE,dry,#388ECC,-0.014061401859382785,comp3
FT_16.546_507.19918,-0.046053279509451546,0.02302663975472142,FALSE,TRUE,FALSE,wet,#F68B33,-0.013710090352372011,comp3
FT_3.279_202.17965,-0.4153953679319927,0.20769768396600052,FALSE,TRUE,FALSE,wet,#F68B33,0.013297553888190577,comp3
FT_1.312_365.10543,-0.3679968721598537,0.18399843607992641,FALSE,TRUE,FALSE,wet,#F68B33,0.013291112380292158,comp3
FT_11.589_193.04953,-0.02641118819512129,0.013205594097558117,FALSE,TRUE,FALSE,wet,#F68B33,-0.01313636732881996,comp3
FT_1.411_527.15849,0.5558093548581925,-0.2779046774290993,TRUE,FALSE,FALSE,dry,#388ECC,0.012984128782209507,comp3
FT_20.064_205.04949,0.08945392989438544,-0.04472696494718874,TRUE,FALSE,FALSE,dry,#388ECC,-0.012963497081748791,comp3
FT_12.818_265.10704,0.13566146580243404,-0.06783073290121439,TRUE,FALSE,FALSE,dry,#388ECC,-0.01249943720773434,comp3
FT_15.160_233.11721,0.35778962285195015,-0.17889481142597943,TRUE,FALSE,FALSE,dry,#388ECC,-0.012437099212227468,comp3
FT_17.140_467.20647,0.22311946979273542,-0.11155973489637105,TRUE,FALSE,FALSE,dry,#388ECC,-0.012063267223924154,comp3
FT_18.816_397.16470,-0.4127314393163655,0.20636571965818087,FALSE,TRUE,FALSE,wet,#F68B33,-0.011487251419251205,comp3
FT_15.986_235.09646,0.32165899604946685,-0.16082949802472565,TRUE,FALSE,FALSE,dry,#388ECC,-0.011360382596314158,comp3
FT_6.234_291.06999,0.5683959796503338,-0.2841979898251722,TRUE,FALSE,FALSE,dry,#388ECC,0.010157522573633159,comp3
FT_19.798_455.20453,-0.22223250848139467,0.11111625424069492,FALSE,TRUE,FALSE,wet,#F68B33,-0.010098072241403118,comp3
FT_1.157_148.06046,-0.16028232386895425,0.0801411619344763,FALSE,TRUE,FALSE,wet,#F68B33,0.009899568058838244,comp3
FT_11.929_277.06831,0.19958803264674732,-0.09979401632337288,TRUE,FALSE,FALSE,dry,#388ECC,-0.009700678836891572,comp3
FT_16.821_217.12229,-0.29401738826038776,0.1470086941301966,FALSE,TRUE,FALSE,wet,#F68B33,-0.009598474104569476,comp3
FT_11.951_219.10167,0.4559699439050303,-0.227984971952514,TRUE,FALSE,FALSE,dry,#388ECC,-0.00935441024378365,comp3
FT_13.772_283.11761,0.4464548810010863,-0.2232274405005447,TRUE,FALSE,FALSE,dry,#388ECC,-0.009129117209136587,comp3
FT_2.880_158.15396,-0.48418585760892996,0.2420929288044616,FALSE,TRUE,FALSE,wet,#F68B33,0.009074828890111167,comp3
FT_1.311_191.10270,-0.9131485636288534,0.45657428181442605,FALSE,TRUE,FALSE,wet,#F68B33,0.008677006280636291,comp3
FT_17.735_321.16969,0.3416009090840886,-0.1708004545420457,TRUE,FALSE,FALSE,dry,#388ECC,-0.008646335428140656,comp3
FT_12.900_283.11761,0.3259926558340309,-0.16299632791701668,TRUE,FALSE,FALSE,dry,#388ECC,-0.008451801954006407,comp3
FT_12.561_255.08605,0.4800493080796355,-0.2400246540398192,TRUE,FALSE,FALSE,dry,#388ECC,-0.008080103405938807,comp3
FT_2.496_250.07980,-0.24878721525858977,0.12439360762929581,FALSE,TRUE,FALSE,wet,#F68B33,0.007835667511725524,comp3
FT_19.829_335.21962,-0.5210773847863379,0.2605386923931703,FALSE,TRUE,FALSE,wet,#F68B33,0.007066519161988631,comp3
FT_17.143_499.19649,0.22833925953061668,-0.11416962976530994,TRUE,FALSE,FALSE,dry,#388ECC,-0.006473016063150744,comp3
FT_19.782_415.21164,0.3180760256055475,-0.15903801280277605,TRUE,FALSE,FALSE,dry,#388ECC,0.00600870069437104,comp3
FT_8.308_223.05768,0.2568822113720618,-0.12844110568603495,TRUE,FALSE,FALSE,dry,#388ECC,-0.005805417494390211,comp3
FT_1.090_133.06074,-0.951728171776994,0.47586408588849566,FALSE,TRUE,FALSE,wet,#F68B33,0.005643310486743874,comp3
FT_12.510_209.08084,0.00785742402663133,-0.003928712013317678,TRUE,FALSE,FALSE,dry,#388ECC,-0.005394784301392311,comp3
FT_9.089_340.10279,0.12485618684178353,-0.062428093420892596,TRUE,FALSE,FALSE,dry,#388ECC,-0.004606197876928214,comp3
FT_9.710_248.22200,-0.5366197457735363,0.268309872886767,FALSE,TRUE,FALSE,wet,#F68B33,0.004554392778231384,comp3
FT_8.881_316.21191,-0.18253092820126682,0.09126546410063341,FALSE,TRUE,FALSE,wet,#F68B33,0.004542666098026774,comp3
FT_16.723_281.10198,-0.03593225487391866,0.017966127436967065,FALSE,TRUE,FALSE,wet,#F68B33,-0.004413369677966006,comp3
FT_10.766_267.08627,0.10165351971074217,-0.05082675985537415,TRUE,FALSE,FALSE,dry,#388ECC,-0.004278299730655747,comp3
FT_15.514_233.11721,0.1397648154164882,-0.06988240770824289,TRUE,FALSE,FALSE,dry,#388ECC,-0.003628075090982879,comp3
FT_12.756_239.09136,0.4512170294022367,-0.2256085147011208,TRUE,FALSE,FALSE,dry,#388ECC,-0.0034939709100111353,comp3
FT_13.400_201.16375,-0.15647507944466127,0.07823753972233101,FALSE,TRUE,FALSE,wet,#F68B33,-0.0016704487681643324,comp3
FT_9.352_183.10168,-0.39466848601100385,0.19733424300550143,FALSE,TRUE,FALSE,wet,#F68B33,6.998925476634362e-4,comp3
FT_1.289_205.11826,-0.27005586858135777,0.13502793429067525,FALSE,TRUE,FALSE,wet,#F68B33,2.593310241060106e-5,comp3
bco_bin_109__K02035,-0.08868188905598205,0.04434094452799094,FALSE,TRUE,FALSE,wet,#F68B33,0.2826143197717715,comp3
DNA-1_bin_31__K05813,-0.23504210891501168,0.11752105445750584,FALSE,TRUE,FALSE,wet,#F68B33,0.2821553498151442,comp3
DNA-1_bin_31__K02520,-0.3784526038841382,0.18922630194206927,FALSE,TRUE,FALSE,wet,#F68B33,0.2699015713749043,comp3
bcn_bin_81__K02035,0.14199042946487095,-0.07099521473243528,TRUE,FALSE,FALSE,dry,#388ECC,0.2590897934914394,comp3
DNA-1_bin_3__K02314,-0.20443934894056395,0.10221967447028178,FALSE,TRUE,FALSE,wet,#F68B33,0.22938213765279436,comp3
DNA-1_bin_31__K13993,0.3730114395723082,-0.18650571978615427,TRUE,FALSE,FALSE,dry,#388ECC,0.21535487614704835,comp3
DNA-1_bin_31__K01999,-0.6802736664965862,0.3401368332482932,FALSE,TRUE,FALSE,wet,#F68B33,0.211858948979919,comp3
DNA-1_bin_29_1__K04749,0.29411098421909815,-0.1470554921095491,TRUE,FALSE,FALSE,dry,#388ECC,0.20880353562481183,comp3
bcn_bin_154_1__K08995,0.9627315613675621,-0.481365780683781,TRUE,FALSE,FALSE,dry,#388ECC,0.2054286777151973,comp3
DNA-1_bin_31__K23269,-0.46133233287581865,0.23066616643790952,FALSE,TRUE,FALSE,wet,#F68B33,0.19363269067307132,comp3
DNA-1_bin_31__K00873,-0.4565279244069163,0.22826396220345815,FALSE,TRUE,FALSE,wet,#F68B33,0.1850916324623777,comp3
bco_bin_106_1__K08995,0.9398048471931457,-0.46990242359657275,TRUE,FALSE,FALSE,dry,#388ECC,0.16122449355519944,comp3
DNA-1_bin_24_1__K02440,-0.27391205040717875,0.13695602520358952,FALSE,TRUE,FALSE,wet,#F68B33,0.1561205421001045,comp3
bco_bin_67__K07657,-0.9760543285035487,0.48802716425177445,FALSE,TRUE,FALSE,wet,#F68B33,0.14465940333939797,comp3
bco_bin_113__K08995,0.841382877891417,-0.4206914389457085,TRUE,FALSE,FALSE,dry,#388ECC,0.1397215386801522,comp3
bcn_bin_114__K07636,-0.24430737503601127,0.12215368751800576,FALSE,TRUE,FALSE,wet,#F68B33,0.13686841255124935,comp3
bco_bin_67__K00943,-0.9394979822913874,0.4697489911456938,FALSE,TRUE,FALSE,wet,#F68B33,0.12820496571473378,comp3
bco_bin_82__K05365,0.7878669173312962,-0.393933458665648,TRUE,FALSE,FALSE,dry,#388ECC,0.1260191198859593,comp3
bcn_bin_154_1__K13993,1.0684874207383164,-0.5342437103691581,TRUE,FALSE,FALSE,dry,#388ECC,0.12409056141109866,comp3
bco_bin_67__K02847,-0.9126515394095922,0.45632576970479616,FALSE,TRUE,FALSE,wet,#F68B33,0.11337185036245495,comp3
DNA-1_bin_24_1__K09386,0.7111659396267046,-0.3555829698133522,TRUE,FALSE,FALSE,dry,#388ECC,0.11248567379065048,comp3
bcn_bin_271__K11902,-0.7461722969085796,0.3730861484542899,FALSE,TRUE,FALSE,wet,#F68B33,0.10907384522629128,comp3
bco_bin_89_1__K00088,1.0587940886704335,-0.5293970443352167,TRUE,FALSE,FALSE,dry,#388ECC,0.10132013210231482,comp3
DNA-1_bin_31__K03752,-0.7842073886687656,0.39210369433438286,FALSE,TRUE,FALSE,wet,#F68B33,0.10016600184392879,comp3
bco_bin_150__K07058,1.0235453687445635,-0.5117726843722816,TRUE,FALSE,FALSE,dry,#388ECC,0.0986629178603531,comp3
bco_bin_67__K16137,-0.8674504739317411,0.4337252369658707,FALSE,TRUE,FALSE,wet,#F68B33,0.0977127451750897,comp3
DNA-1_bin_3__K05813,-0.8306028866736899,0.415301443336845,FALSE,TRUE,FALSE,wet,#F68B33,0.09350117504436825,comp3
bcn_bin_70__K07636,-0.9751636970425634,0.4875818485212815,FALSE,TRUE,FALSE,wet,#F68B33,0.09275134859681507,comp3
DNA-1_bin_55_1__K00117,0.4260170389574391,-0.21300851947871943,TRUE,FALSE,FALSE,dry,#388ECC,0.08997771457175294,comp3
bcn_bin_244_1__K00616,0.8730393386522772,-0.43651966932613867,TRUE,FALSE,FALSE,dry,#388ECC,0.0899730079131646,comp3
DNA-1_bin_47_1__K02945,0.4308894324322118,-0.21544471621610567,TRUE,FALSE,FALSE,dry,#388ECC,0.08369812933895263,comp3
bcn_bin_270_1__K04749,0.37805208410686586,-0.18902604205343296,TRUE,FALSE,FALSE,dry,#388ECC,0.08140400417069535,comp3
DNA-1_bin_24_1__K17840,0.8875887337253542,-0.4437943668626771,TRUE,FALSE,FALSE,dry,#388ECC,0.08082351519960497,comp3
DNA-6_bin_44_1__K07058,1.0579140027672025,-0.5289570013836011,TRUE,FALSE,FALSE,dry,#388ECC,0.07866702620278057,comp3
bco_bin_150__K07100,1.086104526322355,-0.5430522631611776,TRUE,FALSE,FALSE,dry,#388ECC,0.07106955145811282,comp3
DNA-1_bin_31__K00527,1.006123186193624,-0.503061593096812,TRUE,FALSE,FALSE,dry,#388ECC,0.07015017025412675,comp3
bco_bin_55_1__K13626,-0.7555502569328939,0.37777512846644695,FALSE,TRUE,FALSE,wet,#F68B33,0.06761108473068404,comp3
bco_bin_76_1__K14475,-0.45244428272158155,0.22622214136079077,FALSE,TRUE,FALSE,wet,#F68B33,0.06541639644358123,comp3
DNA-1_bin_53_1__K03844,1.1326237594634838,-0.5663118797317418,TRUE,FALSE,FALSE,dry,#388ECC,0.06436441372854505,comp3
bcn_bin_244_1__K07100,0.979385499770403,-0.48969274988520134,TRUE,FALSE,FALSE,dry,#388ECC,0.06355765147771597,comp3
bco_bin_107__K21929,0.9028345149454539,-0.45141725747272693,TRUE,FALSE,FALSE,dry,#388ECC,0.06113602580100915,comp3
DNA-1_bin_31__K22719,-0.8383967197794294,0.4191983598897148,FALSE,TRUE,FALSE,wet,#F68B33,0.05934617178704725,comp3
bco_bin_67__K01989,-0.9853510455208464,0.4926755227604231,FALSE,TRUE,FALSE,wet,#F68B33,0.058836969383020694,comp3
bco_bin_76_1__K04757,0.9469459532907103,-0.47347297664535526,TRUE,FALSE,FALSE,dry,#388ECC,0.05871521656340873,comp3
bco_bin_89_1__K07636,-1.1318202076189916,0.5659101038094958,FALSE,TRUE,FALSE,wet,#F68B33,0.05795007926948902,comp3
DNA-1_bin_55_1__K03090,0.907359872046461,-0.4536799360232304,TRUE,FALSE,FALSE,dry,#388ECC,0.05725468645087326,comp3
DNA-1_bin_24_1__K10241,-0.7140957376109098,0.35704786880545497,FALSE,TRUE,FALSE,wet,#F68B33,0.05604653612494853,comp3
bcn_bin_230__K14645,-0.7172565306721341,0.35862826533606695,FALSE,TRUE,FALSE,wet,#F68B33,0.05435675797942682,comp3
bco_bin_107__K03284,1.116825178186757,-0.5584125890933785,TRUE,FALSE,FALSE,dry,#388ECC,0.05409638617172117,comp3
bco_bin_23_1__K08995,0.41564236578421715,-0.20782118289210869,TRUE,FALSE,FALSE,dry,#388ECC,0.052927343981888135,comp3
bcn_bin_230__K06996,-0.7889872090054425,0.39449360450272136,FALSE,TRUE,FALSE,wet,#F68B33,0.05197777000105259,comp3
bcn_bin_165_1__K13993,1.2110347895141,-0.6055173947570501,TRUE,FALSE,FALSE,dry,#388ECC,0.05006347970839332,comp3
bco_bin_18_1__K04065,0.15612046664375778,-0.07806023332187886,TRUE,FALSE,FALSE,dry,#388ECC,0.049009373232805915,comp3
bco_bin_67__K00156,1.1032464700428533,-0.5516232350214266,TRUE,FALSE,FALSE,dry,#388ECC,0.04773699593154607,comp3
bcn_bin_274_1__K16147,1.0693252368778123,-0.5346626184389063,TRUE,FALSE,FALSE,dry,#388ECC,-0.04739893113650523,comp3
bcn_bin_81__K02004,-0.7104565436658429,0.3552282718329215,FALSE,TRUE,FALSE,wet,#F68B33,0.04533515592186536,comp3
bco_bin_107__K13993,1.034165394086071,-0.5170826970430356,TRUE,FALSE,FALSE,dry,#388ECC,0.044571671544720644,comp3
bco_bin_82__K07222,-0.6736849556963255,0.3368424778481628,FALSE,TRUE,FALSE,wet,#F68B33,0.043388297981706334,comp3
bco_bin_107__K00648,1.0399414622207703,-0.5199707311103853,TRUE,FALSE,FALSE,dry,#388ECC,0.04319634901864076,comp3
DNA-6_bin_44_1__K07636,-1.0410633023770415,0.5205316511885208,FALSE,TRUE,FALSE,wet,#F68B33,0.04278765137968678,comp3
bcn_bin_235__K03286,0.9479097147345974,-0.4739548573672987,TRUE,FALSE,FALSE,dry,#388ECC,0.04269225046096398,comp3
bco_bin_172__K00943,0.3197762146961589,-0.15988810734807943,TRUE,FALSE,FALSE,dry,#388ECC,0.04099855407339315,comp3
bco_bin_23_1__K02014,-0.5576254169952575,0.27881270849762885,FALSE,TRUE,FALSE,wet,#F68B33,0.04075141111822261,comp3
bcn_bin_97__K14645,-0.7269555952860626,0.36347779764303123,FALSE,TRUE,FALSE,wet,#F68B33,0.04011546589195381,comp3
bco_bin_5_1__K03641,-0.5455954001262564,0.2727977000631281,FALSE,TRUE,FALSE,wet,#F68B33,0.03814722913761335,comp3
DNA-1_bin_3__K15510,1.1418056759104809,-0.5709028379552404,TRUE,FALSE,FALSE,dry,#388ECC,0.03794499875030106,comp3
DNA-1_bin_8__K05913,0.9352782754443953,-0.46763913772219756,TRUE,FALSE,FALSE,dry,#388ECC,0.034020116837789306,comp3
bco_bin_107__K22579,0.9621097080215892,-0.4810548540107947,TRUE,FALSE,FALSE,dry,#388ECC,0.03398874848171798,comp3
bcn_bin_170__K02014,-1.0399972394846606,0.5199986197423303,FALSE,TRUE,FALSE,wet,#F68B33,0.032424700312747634,comp3
bcn_bin_135_1__K13993,0.546078013110505,-0.2730390065552526,TRUE,FALSE,FALSE,dry,#388ECC,0.030823643099990906,comp3
bcn_bin_165_1__K08995,1.1251962428308737,-0.5625981214154369,TRUE,FALSE,FALSE,dry,#388ECC,0.029992315255799533,comp3
bco_bin_115__K07058,1.1199583536031463,-0.5599791768015732,TRUE,FALSE,FALSE,dry,#388ECC,0.029203805357332035,comp3
bco_bin_82__K15367,-0.7565615475426952,0.3782807737713476,FALSE,TRUE,FALSE,wet,#F68B33,0.028587548204784808,comp3
DNA-1_bin_24_1__K10240,-0.9753592258741105,0.48767961293705525,FALSE,TRUE,FALSE,wet,#F68B33,0.027880663149699565,comp3
DNA-1_bin_24_1__K05813,-0.9233541997707647,0.4616770998853826,FALSE,TRUE,FALSE,wet,#F68B33,0.02555201080895053,comp3
bco_bin_158_1__K03799,-0.37607577716196283,0.1880378885809814,FALSE,TRUE,FALSE,wet,#F68B33,0.025108052737986566,comp3
DNA-1_bin_8__K03748,0.934058563254894,-0.467029281627447,TRUE,FALSE,FALSE,dry,#388ECC,0.02451257975217731,comp3
bcn_bin_110_1__K04065,1.0610287698677958,-0.530514384933898,TRUE,FALSE,FALSE,dry,#388ECC,0.02233533383620885,comp3
bcn_bin_81__K07636,-0.8370535756504913,0.41852678782524577,FALSE,TRUE,FALSE,wet,#F68B33,0.022133317282221236,comp3
DNA-6_bin_44_1__K01745,0.969656475043566,-0.48482823752178306,TRUE,FALSE,FALSE,dry,#388ECC,0.021925871437829293,comp3
bco_bin_82__K04065,1.0650944418403998,-0.5325472209201998,TRUE,FALSE,FALSE,dry,#388ECC,0.019740657118863327,comp3
bco_bin_55_1__K15521,1.0466697385764727,-0.5233348692882364,TRUE,FALSE,FALSE,dry,#388ECC,0.017194519132220913,comp3
DNA-6_bin_44_1__K03406,-1.0178795041401096,0.5089397520700548,FALSE,TRUE,FALSE,wet,#F68B33,0.016944688920023675,comp3
bco_bin_109__K02004,-1.0452389327370686,0.5226194663685343,FALSE,TRUE,FALSE,wet,#F68B33,0.016610116130768987,comp3
bco_bin_1__K06880,1.224876084846067,-0.6124380424230335,TRUE,FALSE,FALSE,dry,#388ECC,0.01622093262197905,comp3
bco_bin_55_1__K02409,-0.6059211698613134,0.3029605849306566,FALSE,TRUE,FALSE,wet,#F68B33,0.015547849076527436,comp3
DNA-6_bin_19_1__K02014,-0.516936685137661,0.2584683425688305,FALSE,TRUE,FALSE,wet,#F68B33,0.013214151523457588,comp3
bco_bin_196_1__K06893,-0.6807840360612047,0.3403920180306024,FALSE,TRUE,FALSE,wet,#F68B33,0.01308689104960419,comp3
bco_bin_82__K20523,0.9894878992817008,-0.49474394964085044,TRUE,FALSE,FALSE,dry,#388ECC,0.011994563704431641,comp3
DNA-1_bin_31__K04065,1.0774643597836564,-0.5387321798918282,TRUE,FALSE,FALSE,dry,#388ECC,0.01064893364146481,comp3
bcn_bin_81__K01990,-0.5765458373414336,0.28827291867071675,FALSE,TRUE,FALSE,wet,#F68B33,0.010367774971029337,comp3
bco_bin_74__K10708,-1.093684426746187,0.5468422133730936,FALSE,TRUE,FALSE,wet,#F68B33,0.010091836861611032,comp3
bcn_bin_216__K06996,1.0178677074261708,-0.5089338537130855,TRUE,FALSE,FALSE,dry,#388ECC,-0.009976899658182145,comp3
bco_bin_150__K00088,1.2210603475309865,-0.6105301737654932,TRUE,FALSE,FALSE,dry,#388ECC,0.009133635994500126,comp3
bcn_bin_235__K04065,1.182018295919821,-0.5910091479599106,TRUE,FALSE,FALSE,dry,#388ECC,0.007495628318110247,comp3
bco_bin_158_1__K03090,0.8774756549938973,-0.4387378274969487,TRUE,FALSE,FALSE,dry,#388ECC,0.006284012097543129,comp3
bco_bin_170__K00034,1.1850950678251533,-0.5925475339125766,TRUE,FALSE,FALSE,dry,#388ECC,0.005781612097424201,comp3
bcn_bin_100_1__K18917,1.075198896865193,-0.5375994484325965,TRUE,FALSE,FALSE,dry,#388ECC,-0.003844906181953623,comp3
DNA-6_bin_44_1__K06336,-0.9249380380087018,0.4624690190043508,FALSE,TRUE,FALSE,wet,#F68B33,0.002951607321892343,comp3
DNA-1_bin_8__K11263,1.1236086364615794,-0.5618043182307897,TRUE,FALSE,FALSE,dry,#388ECC,8.410950937651844e-5,comp3
