month,genome,geTMM_month,mean_zs,order,Domain,Phylum,Class,Order,Family,Genus,Species
August,DNA-1-22_bin_14,3727.8678440326726,-0.16498943073436695,1,Bacteria,Desulfobacterota_B,Binatia,Bin18,Bin18,NA,NA
August,DNA-1-22_bin_2,71721.80229063427,-0.8443529043251734,1,Bacteria,Tectomicrobia,Entotheonellia,NA,NA,NA,NA
August,DNA-1-22_bin_3,6885.549351944853,0.1907903709141619,1,Bacteria,Actinomycetota,Thermoleophilia,Solirubrobacterales,Thermoleophilaceae,JACVRW01,NA
August,DNA-1-22_bin_6_1,8035.115653946243,-1.1188514339237998,1,Archaea,Thermoproteota,Nitrososphaeria,Nitrososphaerales,Nitrososphaeraceae,Nitrososphaera,NA
August,DNA-1_bin_10_1,1299.2358171833396,-0.45140928462868013,2,Bacteria,Actinomycetota,UBA4738,UBA4738,HRBIN12,NA,NA
August,DNA-1_bin_13_1,4304.591146445344,1.3771648890629131,3,Bacteria,Planctomycetota,Planctomycetia,Gemmatales,Gemmataceae,NA,NA
August,DNA-1_bin_18,452.20751679095275,0.8816850676245196,3,Bacteria,Eremiobacterota,Eremiobacteria,Baltobacterales,Baltobacteraceae,NA,NA
August,DNA-1_bin_22_1,7486.045031706196,-0.1683133838747171,2,Bacteria,Actinomycetota,Actinomycetes,Streptomycetales,Streptomycetaceae,Streptomyces,NA
August,DNA-1_bin_24_1,47194.16574339122,0.002961256734354576,1,Bacteria,Actinomycetota,NA,NA,NA,NA,NA
August,DNA-1_bin_29_1,1366.3137402810203,-0.24426286814277764,2,Bacteria,Actinomycetota,Thermoleophilia,Gaiellales,Gaiellaceae,13-2-20CM-68-14,NA
August,DNA-1_bin_3,3271.134674271186,0.32604044636271984,2,Bacteria,Actinomycetota,Thermoleophilia,Gaiellales,Gaiellaceae,NA,NA
August,DNA-1_bin_30,1459.750928380865,0.8036714508203717,2,Bacteria,Acidobacteriota,Thermoanaerobaculia,Multivoradales,UBA5704,UBA5704,NA
August,DNA-1_bin_31,4739.710931876744,0.04952144401599765,2,Bacteria,Chloroflexota,Limnocylindria,Limnocylindrales,CSP1-4,NA,NA
August,DNA-1_bin_36_1,7090.31507915656,2.1984849814351617,2,Bacteria,Chloroflexota,Dormibacteria,Dormibacterales,Dormibacteraceae,NA,NA
August,DNA-1_bin_39_1,926.6700595935688,-0.8995567724277392,1,Bacteria,Actinomycetota,Acidimicrobiia,Acidimicrobiales,AC-14,JAHFUQ01,NA
August,DNA-1_bin_41,2273.889327852492,-0.16219664602853126,2,Bacteria,Chloroflexota,Limnocylindria,Limnocylindrales,CSP1-4,NA,NA
August,DNA-1_bin_43,1193.3234172833709,-0.6397882177328948,1,Bacteria,Nitrospirota,Nitrospiria,Nitrospirales,Nitrospiraceae,NA,NA
August,DNA-1_bin_45_1,3145.631336287377,1.072093008988804,2,Bacteria,Actinomycetota,Actinomycetes,Mycobacteriales,Jatrophihabitantaceae,Jatrophihabitans,NA
August,DNA-1_bin_46,2417.1374235662774,-0.12286980979547672,3,Bacteria,Gemmatimonadota,Gemmatimonadetes,Gemmatimonadales,Gemmatimonadaceae,NA,NA
August,DNA-1_bin_47_1,11021.182017482284,1.4034508440321565,3,Bacteria,Chloroflexota,Ktedonobacteria,Ktedonobacterales,Ktedonobacteraceae,NA,NA
August,DNA-1_bin_49_1,465.5993044771802,0.4804240480878437,2,Bacteria,Pseudomonadota,Gammaproteobacteria,Steroidobacterales,Steroidobacteraceae,13-2-20CM-66-19,NA
August,DNA-1_bin_50,1482.4004498691486,1.4530596909136357,2,Bacteria,Myxococcota,Polyangia,Polyangiales,Polyangiaceae,SZUA-265,NA
August,DNA-1_bin_51_1,1390.2217141699798,0.377108203984768,2,Bacteria,Acidobacteriota,Blastocatellia,Pyrinomonadales,Pyrinomonadaceae,NA,NA
August,DNA-1_bin_52_1,483.567636089777,0.6538801559433289,3,Bacteria,Actinomycetota,Thermoleophilia,Solirubrobacterales,70-9,AC-56,NA
August,DNA-1_bin_53_1,6483.411367556001,-1.1131302990369916,1,Archaea,Thermoproteota,Nitrososphaeria,Nitrososphaerales,Nitrososphaeraceae,Nitrososphaera,NA
August,DNA-1_bin_54,8882.461137106362,0.26726005515812074,1,Bacteria,Actinomycetota,Thermoleophilia,Solirubrobacterales,Thermoleophilaceae,JACVRW01,NA
August,DNA-1_bin_55_1,3523.882056675765,0.48870790351622745,2,Bacteria,Actinomycetota,Thermoleophilia,Solirubrobacterales,Solirubrobacteraceae,Palsa-465,NA
August,DNA-1_bin_59_1,884.2002495283867,-0.856130405074685,1,Bacteria,Actinomycetota,UBA4738,UBA4738,NA,NA,NA
August,DNA-1_bin_7,545.5712834587863,-0.10134753971534737,2,Bacteria,Actinomycetota,UBA4738,UBA4738,JACQTL01,NA,NA
August,DNA-1_bin_8,15319.426160376937,0.07135594938978546,3,Bacteria,Actinomycetota,Actinomycetes,Streptosporangiales,Streptosporangiaceae,NA,NA
August,DNA-4_bin_11,2200.337352585924,-0.09260131641858545,2,Bacteria,Actinomycetota,Thermoleophilia,Gaiellales,Gaiellaceae,NA,NA
August,DNA-4_bin_12_1,20164.13262469132,0.735739098888005,2,Bacteria,Actinomycetota,Actinomycetes,Mycobacteriales,Micromonosporaceae,Natronosporangium,NA
August,DNA-4_bin_14_1,4067.947295735131,-1.0663695854100872,1,Bacteria,Actinomycetota,Rubrobacteria,Rubrobacterales,Rubrobacteraceae,JALYGY01,NA
August,DNA-4_bin_15_1,1367.6945685638225,0.47915413431028725,2,Bacteria,Actinomycetota,Thermoleophilia,Gaiellales,Gaiellaceae,3-1-20CM-4-69-9,NA
August,DNA-4_bin_17,22289.247362943108,0.14936127423305445,2,Bacteria,Actinomycetota,NA,NA,NA,NA,NA
August,DNA-4_bin_18,1826.8506629341282,0.33082665533059613,2,Bacteria,Actinomycetota,Thermoleophilia,Solirubrobacterales,70-9,NA,NA
August,DNA-4_bin_1_1,1423.088550293866,0.40891449252656176,2,Bacteria,Gemmatimonadota,Gemmatimonadetes,Gemmatimonadales,GWC2-71-9,JACDDX01,NA
August,DNA-4_bin_27_1,1421.240825741798,0.1031583375249453,1,Bacteria,Actinomycetota,Nitriliruptoria,Euzebyales,NA,NA,NA
August,DNA-4_bin_7_1,1608.399854507215,0.35311592113317525,2,Bacteria,Actinomycetota,Thermoleophilia,Solirubrobacterales,Thermoleophilaceae,NA,NA
August,DNA-6_bin_10_1,30047.698862982645,0.09675834973561236,2,Bacteria,Actinomycetota,Actinomycetes,Mycobacteriales,Pseudonocardiaceae,Pseudonocardia,NA
August,DNA-6_bin_14_1,468.1630824681184,0.18838632080363119,2,Bacteria,Actinomycetota,Thermoleophilia,Solirubrobacterales,Thermoleophilaceae,NA,NA
August,DNA-6_bin_18_1,175.0956514442068,-0.8369205776331035,1,Bacteria,Chloroflexota,UBA6077,UBA6077,NA,NA,NA
August,DNA-6_bin_19_1,665.7290498126755,0.02285622618523458,2,Bacteria,Pseudomonadota,Gammaproteobacteria,Xanthomonadales,Rhodanobacteraceae,Dyella_B,NA
August,DNA-6_bin_31_1,2090.519570955928,1.288162246818017,2,Bacteria,Desulfobacterota,NA,NA,NA,NA,NA
August,DNA-6_bin_33_1,398.9889603729191,-0.40676840977766565,2,Bacteria,Desulfobacterota_B,Binatia,UBA9968,UBA9968,DP-1,NA
August,DNA-6_bin_34_1,1052.9418188244576,0.45833390296799925,2,Bacteria,Bacteroidota,Bacteroidia,Chitinophagales,Chitinophagaceae,Niastella,NA
August,DNA-6_bin_35_1,1145.487347450616,1.0316875429870094,2,Bacteria,Pseudomonadota,Gammaproteobacteria,Steroidobacterales,Steroidobacteraceae,13-2-20CM-66-19,NA
August,DNA-6_bin_37_1,3697.0620334622718,0.8841016051912312,2,Bacteria,Actinomycetota,Actinomycetes,Mycobacteriales,Mycobacteriaceae,Mycobacterium,NA
August,DNA-6_bin_38_1,1217.4174079301165,0.848523840810582,2,Bacteria,Gemmatimonadota,Gemmatimonadetes,Gemmatimonadales,GWC2-71-9,JACDDX01,NA
August,DNA-6_bin_42_1,1170.2190071837865,-0.2285362449103607,2,Bacteria,Pseudomonadota,Gammaproteobacteria,Burkholderiales,Burkholderiaceae,Trinickia,NA
August,DNA-6_bin_44_1,12444.323776560333,1.0239120999393965,2,Bacteria,Actinomycetota,Thermoleophilia,Solirubrobacterales,Solirubrobacteraceae,NA,NA
August,DNA-6_bin_48_1,1687.077246589452,-0.9414032595123999,1,Bacteria,Actinomycetota,Actinomycetes,Mycobacteriales,Pseudonocardiaceae,GCA-003244245,NA
August,DNA-6_bin_5_1,3822.2617918604815,0.30464033527871515,2,Bacteria,Actinomycetota,Thermoleophilia,Solirubrobacterales,Thermoleophilaceae,JACVRW01,NA
August,DNA-8_bin_11_1,1311.7667554068937,-0.6241237288563224,3,Bacteria,Pseudomonadota,Alphaproteobacteria,Reyranellales,Reyranellaceae,Reyranella,NA
August,DNA-8_bin_14,1581.4246358347375,0.884144459377875,2,Bacteria,Acidobacteriota,Blastocatellia,Pyrinomonadales,Pyrinomonadaceae,NA,NA
August,DNA-8_bin_19,444.37855336424224,-1.047092436419522,1,Bacteria,Pseudomonadota,Gammaproteobacteria,JACCYU01,JACCYU01,NA,NA
August,DNA-8_bin_23_1,2162.1444440229443,-0.10820801923477667,2,Bacteria,Actinomycetota,Thermoleophilia,Gaiellales,Gaiellaceae,NA,NA
August,DNA-8_bin_28,8843.066974121224,-0.03872281439334441,2,Bacteria,Actinomycetota,Actinomycetes,Mycobacteriales,Pseudonocardiaceae,Pseudonocardia,NA
August,DNA-8_bin_29,2904.738142515532,0.2581689862215636,2,Bacteria,Actinomycetota,Actinomycetes,Mycobacteriales,Mycobacteriaceae,Mycobacterium,NA
August,DNA-8_bin_30_1,18484.41030316555,0.220818713066403,2,Bacteria,Pseudomonadota,Gammaproteobacteria,NA,NA,NA,NA
August,DNA-8_bin_35_1,10306.674409172698,0.019978439949299313,2,Bacteria,Actinomycetota,Actinomycetes,NA,NA,NA,NA
August,DNA-8_bin_39_1,480.38935767349267,-1.001256747193025,1,Archaea,Thermoproteota,Nitrososphaeria,Nitrososphaerales,Nitrososphaeraceae,TH5893,NA
August,DNA-8_bin_7_1,3196.329691405039,-0.467613926258562,2,Bacteria,Actinomycetota,Actinomycetes,Propionibacteriales,Propionibacteriaceae,NA,NA
August,bcn_bin_10,1659.773229637986,0.19848040410065443,2,Bacteria,Actinomycetota,Thermoleophilia,Gaiellales,Gaiellaceae,NA,NA
August,bcn_bin_100_1,1632.3763760710328,-0.8394972621038164,1,Bacteria,Chloroflexota,Dehalococcoidia,CAUJGQ01,CAUJGQ01,NA,NA
August,bcn_bin_103_1,4217.3791039719,1.1810336390917628,2,Bacteria,Myxococcota,Polyangia,Polyangiales,JAFGIB01,NA,NA
August,bcn_bin_105_1,113.78331027827369,-1.2259542269871262,1,Bacteria,Actinomycetota,UBA4738,CADDZG01,WHSQ01,NA,NA
August,bcn_bin_106_1,3801.924302921153,0.5271712626916041,2,Bacteria,Acidobacteriota,Blastocatellia,Pyrinomonadales,Pyrinomonadaceae,QHXN01,NA
August,bcn_bin_110_1,3292.998938768425,1.3506973503940687,2,Bacteria,Actinomycetota,Thermoleophilia,Gaiellales,Gaiellaceae,NA,NA
August,bcn_bin_114,1735.0861561789093,0.14586962174525012,3,Bacteria,Chloroflexota,UBA6077,UBA6077,CF-72,CF-72,NA
August,bcn_bin_115,10139.602441720639,0.6049192640433685,2,Bacteria,Actinomycetota,Actinomycetes,Mycobacteriales,Micromonosporaceae,NA,NA
August,bcn_bin_116,855.7259459844756,-0.29069829419551874,2,Bacteria,Actinomycetota,Thermoleophilia,Gaiellales,Gaiellaceae,NA,NA
August,bcn_bin_123,363.3223117242776,0.8195136111230249,2,Bacteria,Gemmatimonadota,Gemmatimonadetes,Gemmatimonadales,GWC2-71-9,JACDDX01,NA
August,bcn_bin_124,6711.6507707214205,-1.1811039300194426,1,Bacteria,Chloroflexota,UBA6077,UBA6077,JACCZL01,NA,NA
August,bcn_bin_125_1,1380.198724507799,0.40081054387216425,2,Bacteria,Actinomycetota,Thermoleophilia,Solirubrobacterales,Thermoleophilaceae,NA,NA
August,bcn_bin_126,691.0620430652607,0.5698238369242246,2,Bacteria,Gemmatimonadota,Gemmatimonadetes,Gemmatimonadales,GWC2-71-9,JACDDX01,NA
August,bcn_bin_130_1,317.8944002070383,0.5206878888692809,2,Bacteria,Actinomycetota,Acidimicrobiia,IMCC26256,JACDBD01,NA,NA
August,bcn_bin_131_1,2574.433469526364,0.3641835505265606,2,Bacteria,Methylomirabilota,Methylomirabilia,Rokubacteriales,CSP1-6,NA,NA
August,bcn_bin_133,3045.9932070448563,-0.28051762322089047,2,Bacteria,Actinomycetota,Actinomycetes,Propionibacteriales,Propionibacteriaceae,JAJTCL01,NA
August,bcn_bin_135_1,2995.9599040281,0.4036426939346955,3,Bacteria,Chloroflexota,UBA6077,UBA6077,CF-72,NA,NA
August,bcn_bin_137_1,2164.8720773470195,0.29581820784989205,2,Bacteria,Methylomirabilota,Methylomirabilia,Rokubacteriales,CSP1-6,NA,NA
August,bcn_bin_138,488.1806412998591,-0.863925461160635,1,Archaea,Thermoproteota,Nitrososphaeria,Nitrososphaerales,Nitrososphaeraceae,NA,NA
August,bcn_bin_139_1,2598.6730572949905,-0.3207445621343249,2,Bacteria,Pseudomonadota,Alphaproteobacteria,Rhizobiales,Beijerinckiaceae,NA,NA
August,bcn_bin_13_1,247.31495291937352,0.7953866980038662,2,Bacteria,Gemmatimonadota,Gemmatimonadetes,Gemmatimonadales,GWC2-71-9,JACDDX01,NA
August,bcn_bin_140,12640.471002619743,0.0887512481435655,2,Bacteria,Actinomycetota,Actinomycetes,Mycobacteriales,Pseudonocardiaceae,Pseudonocardia,NA
August,bcn_bin_142_1,1117.9725306526611,-0.8632204670790888,1,Archaea,Thermoproteota,Nitrososphaeria,Nitrososphaerales,Nitrososphaeraceae,NA,NA
August,bcn_bin_14_1,935.6060236997921,-0.028639146169402004,2,Bacteria,Actinomycetota,Thermoleophilia,Gaiellales,Gaiellaceae,NA,NA
August,bcn_bin_151,6456.987657753507,-0.9883866688627854,1,Bacteria,Actinomycetota,Rubrobacteria,Rubrobacterales,Rubrobacteraceae,JALYGY01,NA
August,bcn_bin_154_1,1534.2045749485806,0.4116047123535706,2,Bacteria,Gemmatimonadota,Gemmatimonadetes,Gemmatimonadales,GWC2-71-9,JACDDX01,NA
August,bcn_bin_156_1,2351.3920662135065,0.7613996451659044,2,Bacteria,Pseudomonadota,Alphaproteobacteria,Sphingomonadales,Sphingomonadaceae,Sphingomicrobium,NA
August,bcn_bin_158,2333.565432332727,0.4068918638662459,2,Bacteria,Actinomycetota,Thermoleophilia,Solirubrobacterales,Thermoleophilaceae,NA,NA
August,bcn_bin_159,120.72368611931824,-1.0359510243874055,1,Bacteria,Actinomycetota,UBA4738,CADDZG01,WHSQ01,NA,NA
August,bcn_bin_160,844.0344830399586,-0.04562967859326899,2,Bacteria,Actinomycetota,Thermoleophilia,Solirubrobacterales,Thermoleophilaceae,NA,NA
August,bcn_bin_163,212.49993384324327,-0.6219804573784298,1,Bacteria,Actinomycetota,UBA4738,UBA4738,NA,NA,NA
August,bcn_bin_164,222.83737067425687,-0.2142783605421693,3,Bacteria,Acidobacteriota,Terriglobia,Terriglobales,Gp1-AA117,Angelobacter,NA
August,bcn_bin_165_1,8656.068172513222,-0.4397165888213978,3,Bacteria,Chloroflexota,UBA6077,UBA6077,JACCZL01,NA,NA
August,bcn_bin_167_1,966.0041790220477,0.37073864432873777,2,Bacteria,Actinomycetota,Thermoleophilia,Gaiellales,Gaiellaceae,NA,NA
August,bcn_bin_169,621.1480182577569,0.18962847405130506,2,Bacteria,Actinomycetota,UBA4738,UBA4738,HRBIN12,NA,NA
August,bcn_bin_16_1,5592.371065688198,0.300751349198101,2,Bacteria,Actinomycetota,Actinomycetes,NA,NA,NA,NA
August,bcn_bin_170,168.9338110663346,0.07491514685260638,2,Bacteria,Verrucomicrobiota,Verrucomicrobiae,Chthoniobacterales,UBA10450,AV80,NA
August,bcn_bin_174_1,1003.6324126751254,-0.5363012647111657,1,Bacteria,Actinomycetota,UBA4738,CADDZG01,WHSQ01,NA,NA
August,bcn_bin_175,1599.5220953392018,0.18031776714038392,2,Bacteria,Actinomycetota,Thermoleophilia,Gaiellales,Gaiellaceae,NA,NA
August,bcn_bin_176,1196.593257833289,0.1228393870748813,3,Bacteria,Pseudomonadota,Alphaproteobacteria,Reyranellales,Reyranellaceae,Reyranella,NA
August,bcn_bin_177,650.2127786174879,-0.6155980572896519,1,Bacteria,Actinomycetota,UBA4738,CADDZG01,WHSQ01,NA,NA
August,bcn_bin_182_1,328.4688926485157,-0.7815086159354557,3,Bacteria,Acidobacteriota,Terriglobia,Bryobacterales,Bryobacteraceae,Bog-105,NA
August,bcn_bin_19,4020.7378115619886,0.3285842781011734,1,Bacteria,Actinomycetota,Thermoleophilia,Solirubrobacterales,Thermoleophilaceae,JACVRW01,NA
August,bcn_bin_192,1467.9088943445927,0.835504342419895,2,Bacteria,Pseudomonadota,Gammaproteobacteria,Burkholderiales,SG8-39,SCGC-AG-212-J23,NA
August,bcn_bin_193_1,119.33455319936158,-1.31351526104845,1,Bacteria,Actinomycetota,UBA4738,CADDZG01,NA,NA,NA
August,bcn_bin_194_1,154.51192482262206,-0.9153114223295433,1,Bacteria,Chloroflexota,Chloroflexia,Thermomicrobiales,Thermomicrobiaceae,NA,NA
August,bcn_bin_205,878.5620164656173,0.55468113863156,2,Bacteria,Actinomycetota,Thermoleophilia,Solirubrobacterales,70-9,NA,NA
August,bcn_bin_206,708.9943146260302,0.1300607195422051,2,Bacteria,Actinomycetota,Actinomycetes,Mycobacteriales,Mycobacteriaceae,Mycobacterium,NA
August,bcn_bin_209_1,777.2724453866828,0.1334262698681768,3,Bacteria,Acidobacteriota,Terriglobia,Bryobacterales,Bryobacteraceae,Bog-105,NA
August,bcn_bin_212,891.3912286593646,0.314347939494905,2,Bacteria,Actinomycetota,Thermoleophilia,Solirubrobacterales,70-9,NA,NA
August,bcn_bin_213,345.09064810793757,0.49763175625252737,2,Bacteria,Gemmatimonadota,Gemmatimonadetes,Gemmatimonadales,GWC2-71-9,JACDDX01,NA
August,bcn_bin_216,380.2893903281362,-0.9681909159040549,1,Archaea,Thermoproteota,Nitrososphaeria,Nitrososphaerales,Nitrososphaeraceae,TH5893,NA
August,bcn_bin_217,1650.0541913533943,0.027419438619135005,2,Bacteria,Actinomycetota,Thermoleophilia,Gaiellales,Gaiellaceae,NA,NA
August,bcn_bin_21_1,6605.508676821794,-0.8952920044764111,1,Bacteria,Chloroflexota,Dehalococcoidia,UBA3495,UBA3495,NA,NA
August,bcn_bin_222_1,1353.737159342988,-0.2686168680945966,2,Bacteria,Acidobacteriota,Terriglobia,Bryobacterales,Bryobacteraceae,Bog-105,NA
August,bcn_bin_224,539.5145878234131,0.7017266643913808,2,Bacteria,Actinomycetota,Thermoleophilia,Gaiellales,Gaiellaceae,NA,NA
August,bcn_bin_225,2838.215127240403,-0.13104680622462236,2,Bacteria,Actinomycetota,Thermoleophilia,Solirubrobacterales,Thermoleophilaceae,JACVRW01,NA
August,bcn_bin_226_1,7823.226922753624,0.7192568008403234,2,Bacteria,Myxococcota,Myxococcia,Myxococcales,Myxococcaceae,Archangium,NA
August,bcn_bin_229_1,18459.774070988275,0.29093423405182534,2,Bacteria,Actinomycetota,Actinomycetes,Propionibacteriales,Propionibacteriaceae,NA,NA
August,bcn_bin_230,10847.65362059945,0.5429183602047404,2,Bacteria,Actinomycetota,Thermoleophilia,Solirubrobacterales,Solirubrobacteraceae,NA,NA
August,bcn_bin_234,1250.4204287172831,-0.4779420700313867,1,Bacteria,Actinomycetota,UBA4738,UBA4738,NA,NA,NA
August,bcn_bin_235,2047.4433532944663,1.1205271710191578,2,Bacteria,Pseudomonadota,Gammaproteobacteria,Steroidobacterales,Steroidobacteraceae,NA,NA
August,bcn_bin_238_1,612.3892673445694,0.38085357554903543,2,Bacteria,Actinomycetota,Thermoleophilia,Solirubrobacterales,Thermoleophilaceae,NA,NA
August,bcn_bin_244_1,797.6744839836202,-0.48729833533478795,3,Bacteria,Chloroflexota,Ktedonobacteria,Ktedonobacterales,Ktedonobacteraceae,NA,NA
August,bcn_bin_245,1251.689616650499,0.606846320064639,2,Bacteria,Actinomycetota,UBA4738,UBA4738,NA,NA,NA
August,bcn_bin_247,1325.9915685129326,1.0817573536914655,2,Bacteria,Actinomycetota,Thermoleophilia,Gaiellales,Gaiellaceae,NA,NA
August,bcn_bin_248_1,829.2398023425096,1.0244037989729191,2,Bacteria,Gemmatimonadota,Gemmatimonadetes,Gemmatimonadales,GWC2-71-9,JACDDX01,NA
August,bcn_bin_249_1,1963.3835712481448,-0.8066438424589755,1,Bacteria,Chloroflexota,Chloroflexia,Chloroflexales,Kallotenuaceae,NA,NA
August,bcn_bin_251,15060.28017066682,0.5987549247646878,2,Bacteria,Actinomycetota,Actinomycetes,Mycobacteriales,Micromonosporaceae,NA,NA
August,bcn_bin_253,2063.9492606568547,0.03640438427594594,2,Bacteria,Pseudomonadota,Alphaproteobacteria,Rhizobiales,Xanthobacteraceae,NA,NA
August,bcn_bin_254,1161.6640892738983,-1.2408087016940355,1,Bacteria,Actinomycetota,Actinomycetes,Mycobacteriales,Pseudonocardiaceae,GCA-003244245,NA
August,bcn_bin_256_1,476.21621822334043,-0.08784621793303053,2,Bacteria,Actinomycetota,Thermoleophilia,Solirubrobacterales,NA,NA,NA
August,bcn_bin_257_1,4319.637485507843,0.7134085615204526,2,Bacteria,Actinomycetota,Thermoleophilia,Gaiellales,Gaiellaceae,NA,NA
August,bcn_bin_260_1,2015.505731652461,-0.8390440259665259,1,Bacteria,Chloroflexota,Dehalococcoidia,UBA3495,UBA3495,NA,NA
August,bcn_bin_262,596.0178253019953,0.7252908394466571,2,Bacteria,Actinomycetota,Thermoleophilia,Gaiellales,Gaiellaceae,3-1-20CM-4-69-9,NA
August,bcn_bin_263_1,221.85781166375952,-0.5508943885331928,2,Bacteria,Actinomycetota,UBA4738,UBA4738,HRBIN12,NA,NA
August,bcn_bin_267,1824.0204321452516,-0.9856695989463521,1,Bacteria,Actinomycetota,Rubrobacteria,Rubrobacterales,Rubrobacteraceae,Rubrobacter_D,NA
August,bcn_bin_270_1,694.7374119464218,0.3905351861372163,2,Bacteria,Actinomycetota,Thermoleophilia,Gaiellales,Gaiellaceae,13-2-20CM-68-14,NA
August,bcn_bin_271,1119.8108919914998,-0.43990561048119525,3,Bacteria,Acidobacteriota,Terriglobia,Bryobacterales,Bryobacteraceae,NA,NA
August,bcn_bin_273,6846.467957822543,-0.3330033378493093,2,Bacteria,Actinomycetota,Actinomycetes,NA,NA,NA,NA
August,bcn_bin_274_1,722.3649754045035,-1.004687702933547,1,Bacteria,Actinomycetota,UBA4738,CADDZG01,WHSQ01,JALZEG01,NA
August,bcn_bin_277_1,1794.9629701638503,0.5097529089523023,2,Bacteria,Acidobacteriota,Terriglobia,Terriglobales,DSPA01,NA,NA
August,bcn_bin_278_1,2974.7217847693732,0.5457798958868998,2,Bacteria,Actinomycetota,Acidimicrobiia,Acidimicrobiales,JACDCH01,ZC4RG19,NA
August,bcn_bin_280,3394.781849545485,0.35944005626673214,2,Bacteria,Actinomycetota,Thermoleophilia,Solirubrobacterales,Thermoleophilaceae,JACVRW01,NA
August,bcn_bin_289_1,331.1407365645913,-1.0591854330308936,1,Bacteria,Actinomycetota,UBA4738,UBA4738,NA,NA,NA
August,bcn_bin_28_1,604.7265293598691,-0.17327822514294222,2,Bacteria,Actinomycetota,Thermoleophilia,Solirubrobacterales,NA,NA,NA
August,bcn_bin_29_1,277.06068307901865,-0.8331472965145458,1,Bacteria,Actinomycetota,UBA4738,CADDZG01,WHSQ01,NA,NA
August,bcn_bin_2_1,3712.1258811857615,1.0465292069737124,3,Bacteria,Actinomycetota,Actinomycetes,Streptosporangiales,Streptosporangiaceae,NA,NA
August,bcn_bin_3,947.4518684335227,0.1899121408190918,2,Bacteria,Actinomycetota,Thermoleophilia,Gaiellales,Gaiellaceae,JAIBJP01,NA
August,bcn_bin_30,1397.746558138786,0.8993466513261537,2,Bacteria,Actinomycetota,Thermoleophilia,Gaiellales,Gaiellaceae,3-1-20CM-4-69-9,NA
August,bcn_bin_34,1286.8030134726566,0.578832352387617,3,Bacteria,Actinomycetota,Thermoleophilia,Gaiellales,Gaiellaceae,JAIBJP01,NA
August,bcn_bin_35,1868.545110541099,-0.008062899184609474,2,Bacteria,Actinomycetota,Thermoleophilia,Solirubrobacterales,Thermoleophilaceae,JACVRW01,NA
August,bcn_bin_38_1,8787.139004226503,0.5010328601035304,2,Bacteria,Actinomycetota,Actinomycetes,Mycobacteriales,Pseudonocardiaceae,NA,NA
August,bcn_bin_42,3768.5387326296404,-0.10824863594551278,2,Bacteria,Actinomycetota,Actinomycetes,Mycobacteriales,Pseudonocardiaceae,GCA-003244245,NA
August,bcn_bin_43,1446.6070642879831,0.8606823119007296,2,Bacteria,Actinomycetota,Thermoleophilia,Gaiellales,NA,NA,NA
August,bcn_bin_48,726.8362759726098,0.710574118130866,2,Bacteria,Actinomycetota,Thermoleophilia,Gaiellales,JAICJC01,NA,NA
August,bcn_bin_51,4568.204955418514,0.6965936728658843,2,Bacteria,Pseudomonadota,Alphaproteobacteria,Rhizobiales,Rhizobiaceae,NA,NA
August,bcn_bin_56_1,809.628022646659,-0.15824632416874637,3,Bacteria,Chloroflexota,Dormibacteria,UBA8260,UBA8260,NA,NA
August,bcn_bin_59,1085.9089541171784,0.3353031671249872,2,Bacteria,Chloroflexota,Limnocylindria,Limnocylindrales,CSP1-4,NA,NA
August,bcn_bin_63_1,2046.477679429753,-0.4557445171210087,2,Bacteria,Pseudomonadota,Alphaproteobacteria,Rhizobiales,Aestuariivirgaceae,NA,NA
August,bcn_bin_68,1195.8807574195355,0.3153061726674546,2,Bacteria,Actinomycetota,Thermoleophilia,Gaiellales,Gaiellaceae,NA,NA
August,bcn_bin_70,3687.6177566397223,0.07400993440822512,2,Bacteria,Actinomycetota,Thermoleophilia,Solirubrobacterales,Thermoleophilaceae,NA,NA
August,bcn_bin_71,1562.6558287410808,0.27933897033332017,2,Bacteria,Actinomycetota,Actinomycetes,Mycobacteriales,Mycobacteriaceae,Mycobacterium,NA
August,bcn_bin_72,661.0566604481326,0.5183636948042143,2,Bacteria,Actinomycetota,Thermoleophilia,Solirubrobacterales,70-9,NA,NA
August,bcn_bin_80_1,371.17882264216615,-0.4562395503702484,2,Bacteria,Myxococcota,Myxococcia,Myxococcales,40CM-4-68-19,VBKO01,NA
August,bcn_bin_81,1269.6540242454064,0.5599305886769601,2,Bacteria,Actinomycetota,Thermoleophilia,Gaiellales,Gaiellaceae,AC-21,NA
August,bcn_bin_82_1,851.2111646173627,0.7492674609909696,2,Bacteria,Gemmatimonadota,Gemmatimonadetes,Gemmatimonadales,GWC2-71-9,JACDDX01,NA
August,bcn_bin_84_1,3228.2089811473397,0.1106433001172564,2,Bacteria,Actinomycetota,Thermoleophilia,Gaiellales,Gaiellaceae,NA,NA
August,bcn_bin_85,634.6175722669142,0.2736513644003151,2,Bacteria,Methylomirabilota,Methylomirabilia,Rokubacteriales,CSP1-6,NA,NA
August,bcn_bin_87,722.96706641926,-0.5823154495791111,1,Bacteria,Actinomycetota,Thermoleophilia,Gaiellales,Gaiellaceae,GMQP-bins7,NA
August,bcn_bin_97,21843.481978647986,0.7350098430999893,2,Bacteria,Actinomycetota,Thermoleophilia,Solirubrobacterales,Solirubrobacteraceae,NA,NA
August,bcn_bin_99_1,1708.2478499282988,-1.0856533729268572,3,Bacteria,Acidobacteriota,Terriglobia,Bryobacterales,Bryobacteraceae,Bog-105,NA
August,bcn_bin_9_1,453.65161277561,-0.8721615815297432,1,Bacteria,Actinomycetota,UBA4738,CADDZG01,WHSQ01,NA,NA
August,bco_bin_1,6989.2743007002655,0.06677042031783659,3,Bacteria,Actinomycetota,Acidimicrobiia,Acidimicrobiales,JACDCH01,NA,NA
August,bco_bin_101,591.1485128198614,-0.589260221167847,2,Bacteria,Actinomycetota,Actinomycetes,Jiangellales,Jiangellaceae,NA,NA
August,bco_bin_102_1,326.9759263983758,0.34123401233963924,1,Bacteria,Actinomycetota,UBA4738,JAHWKV01,JAHWKV01,NA,NA
August,bco_bin_104_1,5632.115535165066,1.0381429013272665,2,Bacteria,Actinomycetota,Actinomycetes,Mycobacteriales,Pseudonocardiaceae,Pseudonocardia,NA
August,bco_bin_105_1,2566.5767412237283,0.024042615130445113,2,Bacteria,Pseudomonadota,Gammaproteobacteria,Burkholderiales,Burkholderiaceae,Telluria,NA
August,bco_bin_106_1,842.2418581870547,0.6890227526123559,2,Bacteria,Gemmatimonadota,Gemmatimonadetes,Gemmatimonadales,GWC2-71-9,JACDDX01,NA
August,bco_bin_107,1806.6788491481427,-0.6834220965854978,1,Bacteria,Actinomycetota,UBA4738,JAHWKV01,NA,NA,NA
August,bco_bin_108_1,1074.4064402201568,1.2900539884890732,3,Bacteria,Pseudomonadota,Alphaproteobacteria,Acetobacterales,Acetobacteraceae,NA,NA
August,bco_bin_109,3292.4562094573184,0.7445790204608955,2,Bacteria,Actinomycetota,Thermoleophilia,Gaiellales,Gaiellaceae,3-1-20CM-4-69-9,NA
August,bco_bin_11,572.4915244096717,-0.7692576901284938,3,Bacteria,Nitrospirota,Nitrospiria,Nitrospirales,Nitrospiraceae,NA,NA
August,bco_bin_111,3746.3964385378313,1.1691802789628674,2,Bacteria,Actinomycetota,Thermoleophilia,Gaiellales,Gaiellaceae,NA,NA
August,bco_bin_112,5451.596946465752,1.167460200371601,2,Bacteria,Actinomycetota,Thermoleophilia,Solirubrobacterales,Solirubrobacteraceae,NA,NA
August,bco_bin_113,725.3691525486114,1.3261551895656554,2,Bacteria,Gemmatimonadota,Gemmatimonadetes,Gemmatimonadales,GWC2-71-9,JACDDX01,NA
August,bco_bin_115,1712.2600863661492,-0.21574669152851164,1,Bacteria,Actinomycetota,Thermoleophilia,Solirubrobacterales,Thermoleophilaceae,JACVRW01,NA
August,bco_bin_116,1234.9364539736573,0.6210925499497166,3,Bacteria,Chloroflexota,Dormibacteria,Dormibacterales,Dormibacteraceae,NA,NA
August,bco_bin_117,764.0064165895893,-0.8633657386534457,1,Bacteria,Actinomycetota,Acidimicrobiia,IMCC26256,PALSA-610,NA,NA
August,bco_bin_118,2397.9828998128687,0.42723009005316964,2,Bacteria,Actinomycetota,Thermoleophilia,Gaiellales,Gaiellaceae,NA,NA
August,bco_bin_123,3619.178462718204,0.12178281979447075,2,Bacteria,Actinomycetota,Actinomycetes,Jiangellales,Jiangellaceae,NA,NA
August,bco_bin_125_1,12259.275009249433,1.0710321346917269,3,Bacteria,Actinomycetota,Actinomycetes,Streptosporangiales,Streptosporangiaceae,NA,NA
August,bco_bin_128,985.0450731284996,0.3519004637203892,2,Bacteria,Actinomycetota,Thermoleophilia,Gaiellales,Gaiellaceae,NA,NA
August,bco_bin_129,676.0298147081214,-0.5130952373664251,1,Bacteria,Actinomycetota,Thermoleophilia,Solirubrobacterales,70-9,NA,NA
August,bco_bin_130,657.644255534286,0.27558410803760824,2,Bacteria,Actinomycetota,Thermoleophilia,Solirubrobacterales,70-9,AC-56,NA
August,bco_bin_134_1,627.0411360585458,-0.6539049717058114,1,Bacteria,Nitrospirota,Nitrospiria,Nitrospirales,Nitrospiraceae,NA,NA
August,bco_bin_135,5241.056015185447,0.3277424064782963,2,Bacteria,Pseudomonadota,Alphaproteobacteria,Rhizobiales,Beijerinckiaceae,NA,NA
August,bco_bin_136,13682.747566721708,-0.09817734487203707,2,Bacteria,Actinomycetota,Actinomycetes,Mycobacteriales,Pseudonocardiaceae,NA,NA
August,bco_bin_137,367.00843951440675,0.2027565087588971,3,Bacteria,Gemmatimonadota,Gemmatimonadetes,Gemmatimonadales,GWC2-71-9,JACDDX01,NA
August,bco_bin_139,1385.250090875906,-1.0562354010067707,3,Bacteria,Chloroflexota,UBA6077,UBA6077,JAJPHF01,NA,NA
August,bco_bin_14,2072.0560129057867,0.2325161910700352,2,Bacteria,Actinomycetota,Actinomycetes,Jiangellales,Jiangellaceae,NA,NA
August,bco_bin_143,1091.7861995364797,-1.1888137994136538,1,Bacteria,Actinomycetota,Rubrobacteria,Rubrobacterales,Rubrobacteraceae,Rubrobacter_F,NA
August,bco_bin_145,1632.4770165420869,-1.0746662455137357,1,Bacteria,Chloroflexota,Chloroflexia,Thermomicrobiales,UBA6265,JACCXM01,NA
August,bco_bin_146_1,178.62667497246085,-0.12251602572712039,1,Bacteria,Actinomycetota,UBA4738,CADDZG01,WHSQ01,NA,NA
August,bco_bin_147,2453.9838681365577,0.9343595869895365,2,Bacteria,Actinomycetota,Thermoleophilia,Solirubrobacterales,Solirubrobacteraceae,Palsa-465,NA
August,bco_bin_148_1,510.2576365097663,-0.08207782743307802,2,Bacteria,Actinomycetota,Acidimicrobiia,Acidimicrobiales,AC-14,NA,NA
August,bco_bin_149,157.3245795276725,-0.9213593816206539,1,Bacteria,Actinomycetota,UBA4738,CADDZG01,WHSQ01,NA,NA
August,bco_bin_150,12424.640138536995,-0.24805115218888793,3,Bacteria,Actinomycetota,Actinomycetes,Streptosporangiales,Streptosporangiaceae,NA,NA
August,bco_bin_153,2809.0322677040203,-1.2078264147058195,1,Bacteria,Actinomycetota,Rubrobacteria,Rubrobacterales,Rubrobacteraceae,Rubrobacter_F,NA
August,bco_bin_155,2229.5947116827915,-0.2490373929673792,2,Bacteria,Actinomycetota,Actinomycetes,Propionibacteriales,Propionibacteriaceae,JAJTCL01,NA
August,bco_bin_158_1,1532.269895853829,1.2266422762785747,2,Bacteria,Actinomycetota,Thermoleophilia,Solirubrobacterales,Solirubrobacteraceae,Palsa-465,NA
August,bco_bin_16,1796.069943389507,0.5689337526395525,2,Bacteria,Actinomycetota,Thermoleophilia,Gaiellales,Gaiellaceae,JAIBJP01,NA
August,bco_bin_160,196.56978908898589,-0.5969332036697933,1,Bacteria,Actinomycetota,UBA4738,CADDZG01,WHSQ01,NA,NA
August,bco_bin_161,1763.1670904875787,-0.6971637344019516,3,Bacteria,Acidobacteriota,Terriglobia,Bryobacterales,Bryobacteraceae,NA,NA
August,bco_bin_167_1,3177.2543123435134,-0.412683997929388,2,Bacteria,Actinomycetota,Actinomycetes,Mycobacteriales,Pseudonocardiaceae,Saccharopolyspora,NA
August,bco_bin_168,963.438880391272,-0.6428986772357645,3,Bacteria,Actinomycetota,UBA4738,UBA4738,HRBIN12,NA,NA
August,bco_bin_170,5945.200961033203,0.2730685784195759,2,Bacteria,Actinomycetota,Actinomycetes,Mycobacteriales,Pseudonocardiaceae,Pseudonocardia,NA
August,bco_bin_172,6939.555458892086,0.47977812692612704,2,Bacteria,Actinomycetota,Actinomycetes,Mycobacteriales,Pseudonocardiaceae,NA,NA
August,bco_bin_176,1135.1512745410305,0.5634712383391106,2,Bacteria,Actinomycetota,Actinomycetes,Mycobacteriales,Mycobacteriaceae,Mycobacterium,NA
August,bco_bin_181,4214.069243792723,0.050770113774208224,2,Bacteria,Actinomycetota,Actinomycetes,Mycobacteriales,Pseudonocardiaceae,Lentzea,NA
August,bco_bin_183_1,198.32995304468858,-0.6006616635390019,1,Bacteria,Actinomycetota,UBA4738,UBA4738,HRBIN12,NA,NA
August,bco_bin_186,2147.152322224393,0.6928909713626071,2,Bacteria,Actinomycetota,Thermoleophilia,Solirubrobacterales,Solirubrobacteraceae,AC-38,NA
August,bco_bin_187,259.89976703349066,0.18811750338338107,2,Bacteria,Pseudomonadota,Alphaproteobacteria,Rhizobiales,Methyloligellaceae,Methyloceanibacter,NA
August,bco_bin_189,988.8128336284761,1.6884689151918824,2,Bacteria,Actinomycetota,Thermoleophilia,Gaiellales,Gaiellaceae,Palsa-739,NA
August,bco_bin_18_1,1388.0467890277175,1.4065810874384688,2,Bacteria,Acidobacteriota,Terriglobia,Terriglobales,NA,NA,NA
August,bco_bin_19,476.97655857102836,0.6185371409927849,2,Bacteria,Gemmatimonadota,Gemmatimonadetes,Gemmatimonadales,GWC2-71-9,JACDDX01,NA
August,bco_bin_190_1,2257.31747992535,-0.3406079843641532,2,Bacteria,Actinomycetota,Thermoleophilia,Gaiellales,Gaiellaceae,JAIBJP01,NA
August,bco_bin_193,3497.1422042788918,0.7921765282146088,2,Bacteria,Gemmatimonadota,Gemmatimonadetes,Longimicrobiales,Longimicrobiaceae,NA,NA
August,bco_bin_196_1,6702.573274620938,0.04975484505704757,2,Bacteria,Actinomycetota,Actinomycetes,Mycobacteriales,Pseudonocardiaceae,Actinomycetospora,NA
August,bco_bin_197,1394.5797422582991,0.1917590731935897,2,Bacteria,Actinomycetota,Thermoleophilia,Gaiellales,Gaiellaceae,NA,NA
August,bco_bin_199,1396.4679547792418,-0.646893847636207,2,Bacteria,Actinomycetota,Thermoleophilia,Solirubrobacterales,Thermoleophilaceae,JACVRW01,NA
August,bco_bin_20,107.40206049407398,-0.8788966120844567,1,Bacteria,Actinomycetota,UBA4738,CADDZG01,WHSQ01,NA,NA
August,bco_bin_200,1643.4776367510322,0.042533914049943375,2,Bacteria,Actinomycetota,Actinomycetes,Propionibacteriales,Propionibacteriaceae,JAJTCL01,NA
August,bco_bin_201_1,2940.160346130589,-0.46228008211761645,2,Bacteria,Actinomycetota,Thermoleophilia,Solirubrobacterales,Thermoleophilaceae,JACVRW01,NA
August,bco_bin_205,216.752299420148,-0.9704946688015608,1,Bacteria,Actinomycetota,UBA4738,UBA4738,HRBIN12,NA,NA
August,bco_bin_208,1603.3211632790717,0.23607797146928955,2,Bacteria,Actinomycetota,Actinomycetes,Mycobacteriales,Mycobacteriaceae,Mycobacterium,NA
August,bco_bin_215,1707.6037865250503,-0.47843281785893,2,Bacteria,Actinomycetota,Thermoleophilia,Gaiellales,Gaiellaceae,NA,NA
August,bco_bin_21_1,1517.5804378549492,1.8282617087592772,2,Bacteria,Chloroflexota,Limnocylindria,QHBO01,QHBO01,NA,NA
August,bco_bin_23_1,1191.6294730434188,0.37826854555737344,2,Bacteria,Pseudomonadota,Gammaproteobacteria,Steroidobacterales,Steroidobacteraceae,13-2-20CM-66-19,NA
August,bco_bin_24,2066.9478198269508,0.5425764832553306,2,Bacteria,Actinomycetota,Actinomycetes,Mycobacteriales,Mycobacteriaceae,Mycobacterium,NA
August,bco_bin_25_1,1374.6511669855668,1.3333931152429999,2,Bacteria,Gemmatimonadota,Gemmatimonadetes,Gemmatimonadales,GWC2-71-9,JACDDX01,NA
August,bco_bin_26,1965.871146579813,-0.9871543748212878,1,Bacteria,Actinomycetota,Rubrobacteria,Rubrobacterales,Rubrobacteraceae,JALYGY01,NA
August,bco_bin_27,1513.6447315063724,0.08048487389851838,2,Bacteria,Actinomycetota,Thermoleophilia,Solirubrobacterales,Thermoleophilaceae,AC-37,NA
August,bco_bin_28_1,262.4081819831793,0.5304649966932828,2,Bacteria,Verrucomicrobiota,Verrucomicrobiae,Chthoniobacterales,UBA10450,NA,NA
August,bco_bin_29_1,2403.866105277741,1.507735246854527,3,Bacteria,Acidobacteriota,Terriglobia,Terriglobales,Acidobacteriaceae,KBS-83,NA
August,bco_bin_3,1157.7356930254555,0.5355113510795761,2,Bacteria,Actinomycetota,Thermoleophilia,Solirubrobacterales,NA,NA,NA
August,bco_bin_30,2319.1885295198886,0.1351260656597641,2,Bacteria,Actinomycetota,Actinomycetes,Mycobacteriales,Jatrophihabitantaceae,NA,NA
August,bco_bin_32,554.614982417903,-0.9721972104961684,1,Bacteria,Actinomycetota,Thermoleophilia,Gaiellales,Gaiellaceae,NA,NA
August,bco_bin_35,1356.2439214579338,1.0973157276416408,2,Bacteria,Gemmatimonadota,Gemmatimonadetes,Gemmatimonadales,GWC2-71-9,JACDDX01,NA
August,bco_bin_4,1325.6094014704468,0.1193758316690055,2,Bacteria,Actinomycetota,Thermoleophilia,Gaiellales,Gaiellaceae,JAIBJP01,NA
August,bco_bin_40_1,1037.0243756808152,0.16395566033426448,2,Bacteria,Actinomycetota,Thermoleophilia,Gaiellales,Gaiellaceae,NA,NA
August,bco_bin_46,1342.6612744388462,0.4993356187733601,2,Bacteria,Actinomycetota,Thermoleophilia,Gaiellales,Gaiellaceae,PALSA-600,NA
August,bco_bin_49,278.82722694560954,0.5366099935438458,2,Bacteria,Pseudomonadota,Gammaproteobacteria,Steroidobacterales,Steroidobacteraceae,13-2-20CM-66-19,NA
August,bco_bin_51_1,786.3833685343311,0.1092644466779491,2,Bacteria,Gemmatimonadota,Gemmatimonadetes,Gemmatimonadales,GWC2-71-9,JACDDX01,NA
August,bco_bin_52,1080.3074837224776,0.41942740415247537,2,Bacteria,Methylomirabilota,Methylomirabilia,Rokubacteriales,CSP1-6,AR5,NA
August,bco_bin_54,1200.7962987845494,0.28900157971751,2,Bacteria,Actinomycetota,Thermoleophilia,Gaiellales,NA,NA,NA
August,bco_bin_55_1,18349.25079190897,0.611565520261731,2,Bacteria,Actinomycetota,Thermoleophilia,Solirubrobacterales,Solirubrobacteraceae,NA,NA
August,bco_bin_57,962.2765085174678,-0.4369206636089388,1,Bacteria,Actinomycetota,Thermoleophilia,Gaiellales,Gaiellaceae,NA,NA
August,bco_bin_58,2904.783435878517,1.2041321669245273,2,Bacteria,Actinomycetota,Thermoleophilia,Solirubrobacterales,Solirubrobacteraceae,Palsa-465,NA
August,bco_bin_59_1,507.19369152072846,-0.44671298857326175,2,Bacteria,Actinomycetota,Thermoleophilia,Gaiellales,NA,NA,NA
August,bco_bin_5_1,8458.672160853912,1.1274023088921368,2,Bacteria,Acidobacteriota,Blastocatellia,Pyrinomonadales,Pyrinomonadaceae,QHXN01,NA
August,bco_bin_66,379.32720196220623,-1.4272645745647887,1,Bacteria,Actinomycetota,UBA4738,UBA4738,HRBIN12,NA,NA
August,bco_bin_67,3371.7101768808993,-0.07601730347673397,2,Bacteria,Chloroflexota,UBA6077,UBA6077,CF-72,NA,NA
August,bco_bin_68_1,48.385274837352924,-1.120286649477355,1,Bacteria,Actinomycetota,UBA4738,CADDZG01,WHSQ01,NA,NA
August,bco_bin_74,1531.7704528617764,0.05780400892221145,2,Bacteria,Chloroflexota,UBA6077,UBA6077,CF-72,NA,NA
August,bco_bin_76_1,22886.05420726915,0.7006214420394901,2,Bacteria,Actinomycetota,Actinomycetes,Mycobacteriales,Pseudonocardiaceae,NA,NA
August,bco_bin_78_1,7172.185245838415,-0.9709292966073624,1,Archaea,Thermoproteota,Nitrososphaeria,Nitrososphaerales,Nitrososphaeraceae,Nitrososphaera,NA
August,bco_bin_79,2730.005162555681,0.512391689998324,2,Bacteria,Actinomycetota,Thermoleophilia,Gaiellales,Gaiellaceae,NA,NA
August,bco_bin_80,444.11495240083093,-0.6517249954415684,2,Bacteria,Actinomycetota,Nitriliruptoria,Euzebyales,Egibacteraceae,NA,NA
August,bco_bin_82,569.5329030217165,-0.7659193495921353,3,Bacteria,Acidobacteriota,Terriglobia,Bryobacterales,Bryobacteraceae,TMP-7,NA
August,bco_bin_84,3690.2329053191734,1.0790406559999228,2,Bacteria,Gemmatimonadota,Gemmatimonadetes,Gemmatimonadales,Gemmatimonadaceae,NA,NA
August,bco_bin_87_2,1455.6752284400454,-1.2302329577875497,1,Bacteria,Actinomycetota,Rubrobacteria,Rubrobacterales,Rubrobacteraceae,Rubrobacter_F,NA
August,bco_bin_89_1,1306.7777582710946,0.3083441742421598,2,Bacteria,Actinomycetota,Thermoleophilia,Gaiellales,NA,NA,NA
August,bco_bin_91,8652.99192444274,-0.9544531174221018,1,Archaea,Thermoproteota,Nitrososphaeria,Nitrososphaerales,Nitrososphaeraceae,Nitrososphaera,NA
August,bco_bin_93_1,2261.9860469431646,-0.7019730479832866,1,Bacteria,Chloroflexota,UBA6077,UBA6077,CF-72,NA,NA
August,bco_bin_96,1803.2658671089584,0.16606696759715117,2,Bacteria,Actinomycetota,Actinomycetes,Mycobacteriales,Mycobacteriaceae,Mycobacterium,NA
July_1,DNA-1-22_bin_14,5133.381000925329,1.0574631677414694,1,Bacteria,Desulfobacterota_B,Binatia,Bin18,Bin18,NA,NA
July_1,DNA-1-22_bin_2,106637.68766281266,-0.392737725935897,1,Bacteria,Tectomicrobia,Entotheonellia,NA,NA,NA,NA
July_1,DNA-1-22_bin_3,7600.407499902058,0.850269916556374,1,Bacteria,Actinomycetota,Thermoleophilia,Solirubrobacterales,Thermoleophilaceae,JACVRW01,NA
July_1,DNA-1-22_bin_6_1,8292.758786497467,-1.0609728198095678,1,Archaea,Thermoproteota,Nitrososphaeria,Nitrososphaerales,Nitrososphaeraceae,Nitrososphaera,NA
July_1,DNA-1_bin_10_1,2234.867797971356,1.712348856294784,2,Bacteria,Actinomycetota,UBA4738,UBA4738,HRBIN12,NA,NA
July_1,DNA-1_bin_13_1,2009.6987375343601,-0.49726456338931724,3,Bacteria,Planctomycetota,Planctomycetia,Gemmatales,Gemmataceae,NA,NA
July_1,DNA-1_bin_18,113.10611418139176,-0.38484627771620744,3,Bacteria,Eremiobacterota,Eremiobacteria,Baltobacterales,Baltobacteraceae,NA,NA
July_1,DNA-1_bin_22_1,8819.665100977376,0.5778591325587689,2,Bacteria,Actinomycetota,Actinomycetes,Streptomycetales,Streptomycetaceae,Streptomyces,NA
July_1,DNA-1_bin_24_1,50630.81815667686,0.37769752775774706,1,Bacteria,Actinomycetota,NA,NA,NA,NA,NA
July_1,DNA-1_bin_29_1,2338.0206578519924,1.498776249739376,2,Bacteria,Actinomycetota,Thermoleophilia,Gaiellales,Gaiellaceae,13-2-20CM-68-14,NA
July_1,DNA-1_bin_3,3489.210291090139,0.5526920399518898,2,Bacteria,Actinomycetota,Thermoleophilia,Gaiellales,Gaiellaceae,NA,NA
July_1,DNA-1_bin_30,1044.1345195293934,0.06382787310466602,2,Bacteria,Acidobacteriota,Thermoanaerobaculia,Multivoradales,UBA5704,UBA5704,NA
July_1,DNA-1_bin_31,6726.094255759051,1.1419578882168204,2,Bacteria,Chloroflexota,Limnocylindria,Limnocylindrales,CSP1-4,NA,NA
July_1,DNA-1_bin_36_1,699.0782707219912,-0.3862571009561125,2,Bacteria,Chloroflexota,Dormibacteria,Dormibacterales,Dormibacteraceae,NA,NA
July_1,DNA-1_bin_39_1,1283.0834012855578,0.5523613539047755,1,Bacteria,Actinomycetota,Acidimicrobiia,Acidimicrobiales,AC-14,JAHFUQ01,NA
July_1,DNA-1_bin_41,2439.474230355316,0.06576692013863081,2,Bacteria,Chloroflexota,Limnocylindria,Limnocylindrales,CSP1-4,NA,NA
July_1,DNA-1_bin_43,1277.5890840055554,-0.4622262321348765,1,Bacteria,Nitrospirota,Nitrospiria,Nitrospirales,Nitrospiraceae,NA,NA
July_1,DNA-1_bin_45_1,3225.859926886261,1.1600924677767868,2,Bacteria,Actinomycetota,Actinomycetes,Mycobacteriales,Jatrophihabitantaceae,Jatrophihabitans,NA
July_1,DNA-1_bin_46,2198.425323877094,-0.328883443672809,3,Bacteria,Gemmatimonadota,Gemmatimonadetes,Gemmatimonadales,Gemmatimonadaceae,NA,NA
July_1,DNA-1_bin_47_1,1821.3929514249617,-0.45609348557569224,3,Bacteria,Chloroflexota,Ktedonobacteria,Ktedonobacterales,Ktedonobacteraceae,NA,NA
July_1,DNA-1_bin_49_1,400.1676999819654,0.23178234073010218,2,Bacteria,Pseudomonadota,Gammaproteobacteria,Steroidobacterales,Steroidobacteraceae,13-2-20CM-66-19,NA
July_1,DNA-1_bin_50,391.24660166927845,-0.41985476854278525,2,Bacteria,Myxococcota,Polyangia,Polyangiales,Polyangiaceae,SZUA-265,NA
July_1,DNA-1_bin_51_1,1389.0638618718333,0.3748238454767303,2,Bacteria,Acidobacteriota,Blastocatellia,Pyrinomonadales,Pyrinomonadaceae,NA,NA
July_1,DNA-1_bin_52_1,409.8131114837872,0.05606762106203583,3,Bacteria,Actinomycetota,Thermoleophilia,Solirubrobacterales,70-9,AC-56,NA
July_1,DNA-1_bin_53_1,7909.616116737103,-0.8758566313804945,1,Archaea,Thermoproteota,Nitrososphaeria,Nitrososphaerales,Nitrososphaeraceae,Nitrososphaera,NA
July_1,DNA-1_bin_54,9242.441267993428,0.4656017626365352,1,Bacteria,Actinomycetota,Thermoleophilia,Solirubrobacterales,Thermoleophilaceae,JACVRW01,NA
July_1,DNA-1_bin_55_1,4868.906277161213,1.4253647819344974,2,Bacteria,Actinomycetota,Thermoleophilia,Solirubrobacterales,Solirubrobacteraceae,Palsa-465,NA
July_1,DNA-1_bin_59_1,1326.09450597445,-0.34301466721430574,1,Bacteria,Actinomycetota,UBA4738,UBA4738,NA,NA,NA
July_1,DNA-1_bin_7,783.5265077118474,1.7454750888362698,2,Bacteria,Actinomycetota,UBA4738,UBA4738,JACQTL01,NA,NA
July_1,DNA-1_bin_8,12614.053125752978,-0.6840693020397207,3,Bacteria,Actinomycetota,Actinomycetes,Streptosporangiales,Streptosporangiaceae,NA,NA
July_1,DNA-4_bin_11,3382.5993861582506,1.6651385611146448,2,Bacteria,Actinomycetota,Thermoleophilia,Gaiellales,Gaiellaceae,NA,NA
July_1,DNA-4_bin_12_1,20594.906087700714,0.8175871188486687,2,Bacteria,Actinomycetota,Actinomycetes,Mycobacteriales,Micromonosporaceae,Natronosporangium,NA
July_1,DNA-4_bin_14_1,11318.525205003018,-0.3156967368679369,1,Bacteria,Actinomycetota,Rubrobacteria,Rubrobacterales,Rubrobacteraceae,JALYGY01,NA
July_1,DNA-4_bin_15_1,1678.465214808303,1.01090610528198,2,Bacteria,Actinomycetota,Thermoleophilia,Gaiellales,Gaiellaceae,3-1-20CM-4-69-9,NA
July_1,DNA-4_bin_17,27656.476976753813,1.3879731859419968,2,Bacteria,Actinomycetota,NA,NA,NA,NA,NA
July_1,DNA-4_bin_18,2664.865560215132,1.3802583268834003,2,Bacteria,Actinomycetota,Thermoleophilia,Solirubrobacterales,70-9,NA,NA
July_1,DNA-4_bin_1_1,1111.7713133613693,-0.31955426490430466,2,Bacteria,Gemmatimonadota,Gemmatimonadetes,Gemmatimonadales,GWC2-71-9,JACDDX01,NA
July_1,DNA-4_bin_27_1,1545.8122641329705,0.640920689498614,1,Bacteria,Actinomycetota,Nitriliruptoria,Euzebyales,NA,NA,NA
July_1,DNA-4_bin_7_1,2474.280473594109,1.4828200523462463,2,Bacteria,Actinomycetota,Thermoleophilia,Solirubrobacterales,Thermoleophilaceae,NA,NA
July_1,DNA-6_bin_10_1,41883.67251973594,1.339912170427387,2,Bacteria,Actinomycetota,Actinomycetes,Mycobacteriales,Pseudonocardiaceae,Pseudonocardia,NA
July_1,DNA-6_bin_14_1,822.5970802961197,1.8600898112172157,2,Bacteria,Actinomycetota,Thermoleophilia,Solirubrobacterales,Thermoleophilaceae,NA,NA
July_1,DNA-6_bin_18_1,226.36523888752234,-0.49319780470870395,1,Bacteria,Chloroflexota,UBA6077,UBA6077,NA,NA,NA
July_1,DNA-6_bin_19_1,318.13780065365,-0.44075998295059077,2,Bacteria,Pseudomonadota,Gammaproteobacteria,Xanthomonadales,Rhodanobacteraceae,Dyella_B,NA
July_1,DNA-6_bin_31_1,1771.3842253019836,-0.01702730500870994,2,Bacteria,Desulfobacterota,NA,NA,NA,NA,NA
July_1,DNA-6_bin_33_1,722.3427386166176,1.3812726409552818,2,Bacteria,Desulfobacterota_B,Binatia,UBA9968,UBA9968,DP-1,NA
July_1,DNA-6_bin_34_1,545.8928937066936,-0.20041678045583952,2,Bacteria,Bacteroidota,Bacteroidia,Chitinophagales,Chitinophagaceae,Niastella,NA
July_1,DNA-6_bin_35_1,722.0872533290933,0.14818935524802984,2,Bacteria,Pseudomonadota,Gammaproteobacteria,Steroidobacterales,Steroidobacteraceae,13-2-20CM-66-19,NA
July_1,DNA-6_bin_37_1,3582.461842804408,0.7969943858368241,2,Bacteria,Actinomycetota,Actinomycetes,Mycobacteriales,Mycobacteriaceae,Mycobacterium,NA
July_1,DNA-6_bin_38_1,1244.73192671084,0.9223728666089582,2,Bacteria,Gemmatimonadota,Gemmatimonadetes,Gemmatimonadales,GWC2-71-9,JACDDX01,NA
July_1,DNA-6_bin_42_1,1221.3227234292094,-0.1882141195832366,2,Bacteria,Pseudomonadota,Gammaproteobacteria,Burkholderiales,Burkholderiaceae,Trinickia,NA
July_1,DNA-6_bin_44_1,9714.93354637271,0.2025652099931659,2,Bacteria,Actinomycetota,Thermoleophilia,Solirubrobacterales,Solirubrobacteraceae,NA,NA
July_1,DNA-6_bin_48_1,2481.0437153063863,-0.6933349915474489,1,Bacteria,Actinomycetota,Actinomycetes,Mycobacteriales,Pseudonocardiaceae,GCA-003244245,NA
July_1,DNA-6_bin_5_1,4914.688154409622,1.6075522273976361,2,Bacteria,Actinomycetota,Thermoleophilia,Solirubrobacterales,Thermoleophilaceae,JACVRW01,NA
July_1,DNA-8_bin_11_1,1300.7257456888344,-0.6713803563013245,3,Bacteria,Pseudomonadota,Alphaproteobacteria,Reyranellales,Reyranellaceae,Reyranella,NA
July_1,DNA-8_bin_14,1134.5683118542454,0.09270655718174385,2,Bacteria,Acidobacteriota,Blastocatellia,Pyrinomonadales,Pyrinomonadaceae,NA,NA
July_1,DNA-8_bin_19,812.1857285091525,1.0903705799615702,1,Bacteria,Pseudomonadota,Gammaproteobacteria,JACCYU01,JACCYU01,NA,NA
July_1,DNA-8_bin_23_1,2763.7731499068195,0.6640664714514171,2,Bacteria,Actinomycetota,Thermoleophilia,Gaiellales,Gaiellaceae,NA,NA
July_1,DNA-8_bin_28,16860.452200324697,2.0162659573924704,2,Bacteria,Actinomycetota,Actinomycetes,Mycobacteriales,Pseudonocardiaceae,Pseudonocardia,NA
July_1,DNA-8_bin_29,4056.279182701933,1.0438666014831188,2,Bacteria,Actinomycetota,Actinomycetes,Mycobacteriales,Mycobacteriaceae,Mycobacterium,NA
July_1,DNA-8_bin_30_1,15211.429779100197,-0.4000305675518159,2,Bacteria,Pseudomonadota,Gammaproteobacteria,NA,NA,NA,NA
July_1,DNA-8_bin_35_1,21777.09883578789,1.9865803850428012,2,Bacteria,Actinomycetota,Actinomycetes,NA,NA,NA,NA
July_1,DNA-8_bin_39_1,535.6632135356577,-0.8202056099612415,1,Archaea,Thermoproteota,Nitrososphaeria,Nitrososphaerales,Nitrososphaeraceae,TH5893,NA
July_1,DNA-8_bin_7_1,6978.646717823752,1.9919179685282726,2,Bacteria,Actinomycetota,Actinomycetes,Propionibacteriales,Propionibacteriaceae,NA,NA
July_1,bcn_bin_10,1813.2315379542852,0.7057513830263428,2,Bacteria,Actinomycetota,Thermoleophilia,Gaiellales,Gaiellaceae,NA,NA
July_1,bcn_bin_100_1,2077.6549532311333,-0.5169044718688481,1,Bacteria,Chloroflexota,Dehalococcoidia,CAUJGQ01,CAUJGQ01,NA,NA
July_1,bcn_bin_103_1,719.4933183114229,-0.8243379486436239,2,Bacteria,Myxococcota,Polyangia,Polyangiales,JAFGIB01,NA,NA
July_1,bcn_bin_105_1,313.02851817089606,1.1519248758022875,1,Bacteria,Actinomycetota,UBA4738,CADDZG01,WHSQ01,NA,NA
July_1,bcn_bin_106_1,3884.4570230341747,0.6009239818283051,2,Bacteria,Acidobacteriota,Blastocatellia,Pyrinomonadales,Pyrinomonadaceae,QHXN01,NA
July_1,bcn_bin_110_1,1866.770378609818,-0.22916529237728014,2,Bacteria,Actinomycetota,Thermoleophilia,Gaiellales,Gaiellaceae,NA,NA
July_1,bcn_bin_114,1758.197927388605,0.1710065655485927,3,Bacteria,Chloroflexota,UBA6077,UBA6077,CF-72,CF-72,NA
July_1,bcn_bin_115,11484.471545419965,1.0188096722701205,2,Bacteria,Actinomycetota,Actinomycetes,Mycobacteriales,Micromonosporaceae,NA,NA
July_1,bcn_bin_116,1072.354734508595,0.8993104160820831,2,Bacteria,Actinomycetota,Thermoleophilia,Gaiellales,Gaiellaceae,NA,NA
July_1,bcn_bin_123,368.6022199995361,0.8608797545634564,2,Bacteria,Gemmatimonadota,Gemmatimonadetes,Gemmatimonadales,GWC2-71-9,JACDDX01,NA
July_1,bcn_bin_124,9228.903338755434,0.4426127648634485,1,Bacteria,Chloroflexota,UBA6077,UBA6077,JACCZL01,NA,NA
July_1,bcn_bin_125_1,2019.2758764590872,1.513130019769536,2,Bacteria,Actinomycetota,Thermoleophilia,Solirubrobacterales,Thermoleophilaceae,NA,NA
July_1,bcn_bin_126,729.0380212244211,0.6957144956280386,2,Bacteria,Gemmatimonadota,Gemmatimonadetes,Gemmatimonadales,GWC2-71-9,JACDDX01,NA
July_1,bcn_bin_130_1,336.7732478025074,0.7637102856641572,2,Bacteria,Actinomycetota,Acidimicrobiia,IMCC26256,JACDBD01,NA,NA
July_1,bcn_bin_131_1,3614.0582792496725,1.0751342750862518,2,Bacteria,Methylomirabilota,Methylomirabilia,Rokubacteriales,CSP1-6,NA,NA
July_1,bcn_bin_133,6221.8136603526455,2.060584264564376,2,Bacteria,Actinomycetota,Actinomycetes,Propionibacteriales,Propionibacteriaceae,JAJTCL01,NA
July_1,bcn_bin_135_1,2328.341929391682,-0.17198686669663518,3,Bacteria,Chloroflexota,UBA6077,UBA6077,CF-72,NA,NA
July_1,bcn_bin_137_1,2335.430904987532,0.46730419269997225,2,Bacteria,Methylomirabilota,Methylomirabilia,Rokubacteriales,CSP1-6,NA,NA
July_1,bcn_bin_138,900.0481068705076,-0.6603006975515405,1,Archaea,Thermoproteota,Nitrososphaeria,Nitrososphaerales,Nitrososphaeraceae,NA,NA
July_1,bcn_bin_139_1,3160.8326232754375,0.6841857433820623,2,Bacteria,Pseudomonadota,Alphaproteobacteria,Rhizobiales,Beijerinckiaceae,NA,NA
July_1,bcn_bin_13_1,177.0028706378893,0.17866751131792477,2,Bacteria,Gemmatimonadota,Gemmatimonadetes,Gemmatimonadales,GWC2-71-9,JACDDX01,NA
July_1,bcn_bin_140,21151.52207669091,1.6393842924606294,2,Bacteria,Actinomycetota,Actinomycetes,Mycobacteriales,Pseudonocardiaceae,Pseudonocardia,NA
July_1,bcn_bin_142_1,1563.6288518796746,-0.7094804780140475,1,Archaea,Thermoproteota,Nitrososphaeria,Nitrososphaerales,Nitrososphaeraceae,NA,NA
July_1,bcn_bin_14_1,1130.0521479719214,1.406863867017348,2,Bacteria,Actinomycetota,Thermoleophilia,Gaiellales,Gaiellaceae,NA,NA
July_1,bcn_bin_151,12517.027957766239,-0.4075509027396291,1,Bacteria,Actinomycetota,Rubrobacteria,Rubrobacterales,Rubrobacteraceae,JALYGY01,NA
July_1,bcn_bin_154_1,1131.526277248313,-0.3591258727559827,2,Bacteria,Gemmatimonadota,Gemmatimonadetes,Gemmatimonadales,GWC2-71-9,JACDDX01,NA
July_1,bcn_bin_156_1,1717.6563080462215,0.215554938089096,2,Bacteria,Pseudomonadota,Alphaproteobacteria,Sphingomonadales,Sphingomonadaceae,Sphingomicrobium,NA
July_1,bcn_bin_158,3498.008141419625,1.533840522781541,2,Bacteria,Actinomycetota,Thermoleophilia,Solirubrobacterales,Thermoleophilaceae,NA,NA
July_1,bcn_bin_159,216.5113779928318,0.8669142830748854,1,Bacteria,Actinomycetota,UBA4738,CADDZG01,WHSQ01,NA,NA
July_1,bcn_bin_160,1004.9579869920731,0.915167851785187,2,Bacteria,Actinomycetota,Thermoleophilia,Solirubrobacterales,Thermoleophilaceae,NA,NA
July_1,bcn_bin_163,399.6317995641343,0.11250580391214328,1,Bacteria,Actinomycetota,UBA4738,UBA4738,NA,NA,NA
July_1,bcn_bin_164,182.3843762438757,-0.47191279397853103,3,Bacteria,Acidobacteriota,Terriglobia,Terriglobales,Gp1-AA117,Angelobacter,NA
July_1,bcn_bin_165_1,6337.612281236914,-1.3636454958299806,3,Bacteria,Chloroflexota,UBA6077,UBA6077,JACCZL01,NA,NA
July_1,bcn_bin_167_1,1361.161008808015,1.5614851323713677,2,Bacteria,Actinomycetota,Thermoleophilia,Gaiellales,Gaiellaceae,NA,NA
July_1,bcn_bin_169,932.4858231267024,1.4947655472192953,2,Bacteria,Actinomycetota,UBA4738,UBA4738,HRBIN12,NA,NA
July_1,bcn_bin_16_1,8839.867390129404,1.5939645256222839,2,Bacteria,Actinomycetota,Actinomycetes,NA,NA,NA,NA
July_1,bcn_bin_170,223.40065905722307,0.642674999742511,2,Bacteria,Verrucomicrobiota,Verrucomicrobiae,Chthoniobacterales,UBA10450,AV80,NA
July_1,bcn_bin_174_1,973.9720871129791,-0.5873198241911859,1,Bacteria,Actinomycetota,UBA4738,CADDZG01,WHSQ01,NA,NA
July_1,bcn_bin_175,2618.021906590241,1.6087102196425416,2,Bacteria,Actinomycetota,Thermoleophilia,Gaiellales,Gaiellaceae,NA,NA
July_1,bcn_bin_176,1293.603984676671,0.5143582011225001,3,Bacteria,Pseudomonadota,Alphaproteobacteria,Reyranellales,Reyranellaceae,Reyranella,NA
July_1,bcn_bin_177,826.385702067809,-0.19443161222962574,1,Bacteria,Actinomycetota,UBA4738,CADDZG01,WHSQ01,NA,NA
July_1,bcn_bin_182_1,352.7159888495781,-0.6379162296220113,3,Bacteria,Acidobacteriota,Terriglobia,Bryobacterales,Bryobacteraceae,Bog-105,NA
July_1,bcn_bin_19,4345.858887270881,0.9222382668182066,1,Bacteria,Actinomycetota,Thermoleophilia,Solirubrobacterales,Thermoleophilaceae,JACVRW01,NA
July_1,bcn_bin_192,1173.4015400634837,0.4064334072952279,2,Bacteria,Pseudomonadota,Gammaproteobacteria,Burkholderiales,SG8-39,SCGC-AG-212-J23,NA
July_1,bcn_bin_193_1,220.2744943422603,1.737190442537772,1,Bacteria,Actinomycetota,UBA4738,CADDZG01,NA,NA,NA
July_1,bcn_bin_194_1,285.170646598106,-0.3986863090997392,1,Bacteria,Chloroflexota,Chloroflexia,Thermomicrobiales,Thermomicrobiaceae,NA,NA
July_1,bcn_bin_205,1026.3029718081898,1.0966250864111957,2,Bacteria,Actinomycetota,Thermoleophilia,Solirubrobacterales,70-9,NA,NA
July_1,bcn_bin_206,1020.9747247129538,1.3143304331730437,2,Bacteria,Actinomycetota,Actinomycetes,Mycobacteriales,Mycobacteriaceae,Mycobacterium,NA
July_1,bcn_bin_209_1,773.8599119439378,0.12360428642472676,3,Bacteria,Acidobacteriota,Terriglobia,Bryobacterales,Bryobacteraceae,Bog-105,NA
July_1,bcn_bin_212,1258.5008910339864,1.3661040472949741,2,Bacteria,Actinomycetota,Thermoleophilia,Solirubrobacterales,70-9,NA,NA
July_1,bcn_bin_213,446.86704028540754,1.716971833631067,2,Bacteria,Gemmatimonadota,Gemmatimonadetes,Gemmatimonadales,GWC2-71-9,JACDDX01,NA
July_1,bcn_bin_216,510.65039208338914,-0.742044479157546,1,Archaea,Thermoproteota,Nitrososphaeria,Nitrososphaerales,Nitrososphaeraceae,TH5893,NA
July_1,bcn_bin_217,2742.066073379599,1.374745568781531,2,Bacteria,Actinomycetota,Thermoleophilia,Gaiellales,Gaiellaceae,NA,NA
July_1,bcn_bin_21_1,8420.722020939933,-0.4493008865024005,1,Bacteria,Chloroflexota,Dehalococcoidia,UBA3495,UBA3495,NA,NA
July_1,bcn_bin_222_1,1523.9181152765168,0.8054087051808713,2,Bacteria,Acidobacteriota,Terriglobia,Bryobacterales,Bryobacteraceae,Bog-105,NA
July_1,bcn_bin_224,681.1260013813542,1.3889069444492448,2,Bacteria,Actinomycetota,Thermoleophilia,Gaiellales,Gaiellaceae,NA,NA
July_1,bcn_bin_225,4156.253168276881,1.732456744217286,2,Bacteria,Actinomycetota,Thermoleophilia,Solirubrobacterales,Thermoleophilaceae,JACVRW01,NA
July_1,bcn_bin_226_1,4935.373446869325,0.014066586457739588,2,Bacteria,Myxococcota,Myxococcia,Myxococcales,Myxococcaceae,Archangium,NA
July_1,bcn_bin_229_1,23243.10743949683,1.2593638412610462,2,Bacteria,Actinomycetota,Actinomycetes,Propionibacteriales,Propionibacteriaceae,NA,NA
July_1,bcn_bin_230,11674.881698899631,0.8128742252315277,2,Bacteria,Actinomycetota,Thermoleophilia,Solirubrobacterales,Solirubrobacteraceae,NA,NA
July_1,bcn_bin_234,1281.1434982526525,-0.40960426334957134,1,Bacteria,Actinomycetota,UBA4738,UBA4738,NA,NA,NA
July_1,bcn_bin_235,668.8787274873752,-0.5487504179474612,2,Bacteria,Pseudomonadota,Gammaproteobacteria,Steroidobacterales,Steroidobacteraceae,NA,NA
July_1,bcn_bin_238_1,642.5703276643828,0.7168622969477708,2,Bacteria,Actinomycetota,Thermoleophilia,Solirubrobacterales,Thermoleophilaceae,NA,NA
July_1,bcn_bin_244_1,886.590009686211,-0.42212955447314787,3,Bacteria,Chloroflexota,Ktedonobacteria,Ktedonobacterales,Ktedonobacteraceae,NA,NA
July_1,bcn_bin_245,1501.8506473754849,1.3462074115690152,2,Bacteria,Actinomycetota,UBA4738,UBA4738,NA,NA,NA
July_1,bcn_bin_247,920.8320154416377,0.30655163293791593,2,Bacteria,Actinomycetota,Thermoleophilia,Gaiellales,Gaiellaceae,NA,NA
July_1,bcn_bin_248_1,735.7457277402095,0.6512098850331429,2,Bacteria,Gemmatimonadota,Gemmatimonadetes,Gemmatimonadales,GWC2-71-9,JACDDX01,NA
July_1,bcn_bin_249_1,2940.9557900927493,1.0737845229430312,1,Bacteria,Chloroflexota,Chloroflexia,Chloroflexales,Kallotenuaceae,NA,NA
July_1,bcn_bin_251,16330.547160940854,0.8664758075630239,2,Bacteria,Actinomycetota,Actinomycetes,Mycobacteriales,Micromonosporaceae,NA,NA
July_1,bcn_bin_253,3519.452169803462,1.455944602053013,2,Bacteria,Pseudomonadota,Alphaproteobacteria,Rhizobiales,Xanthobacteraceae,NA,NA
July_1,bcn_bin_254,1484.4398216885882,-0.06521366868018842,1,Bacteria,Actinomycetota,Actinomycetes,Mycobacteriales,Pseudonocardiaceae,GCA-003244245,NA
July_1,bcn_bin_256_1,940.1104245399156,2.082127628875601,2,Bacteria,Actinomycetota,Thermoleophilia,Solirubrobacterales,NA,NA,NA
July_1,bcn_bin_257_1,4880.536228144272,1.1314829928977856,2,Bacteria,Actinomycetota,Thermoleophilia,Gaiellales,Gaiellaceae,NA,NA
July_1,bcn_bin_260_1,2448.6027354151734,-0.6467756849668089,1,Bacteria,Chloroflexota,Dehalococcoidia,UBA3495,UBA3495,NA,NA
July_1,bcn_bin_262,688.5863259812329,1.1376990804846943,2,Bacteria,Actinomycetota,Thermoleophilia,Gaiellales,Gaiellaceae,3-1-20CM-4-69-9,NA
July_1,bcn_bin_263_1,330.85897049537334,1.1600466413803825,2,Bacteria,Actinomycetota,UBA4738,UBA4738,HRBIN12,NA,NA
July_1,bcn_bin_267,4381.619052252228,-0.39434772554674896,1,Bacteria,Actinomycetota,Rubrobacteria,Rubrobacterales,Rubrobacteraceae,Rubrobacter_D,NA
July_1,bcn_bin_270_1,794.5943037236503,0.7528195363462039,2,Bacteria,Actinomycetota,Thermoleophilia,Gaiellales,Gaiellaceae,13-2-20CM-68-14,NA
July_1,bcn_bin_271,924.1436098457,-0.869455551003224,3,Bacteria,Acidobacteriota,Terriglobia,Bryobacterales,Bryobacteraceae,NA,NA
July_1,bcn_bin_273,11726.069525761508,1.7715525425249063,2,Bacteria,Actinomycetota,Actinomycetes,NA,NA,NA,NA
July_1,bcn_bin_274_1,1585.2215200855815,0.8304377033524819,1,Bacteria,Actinomycetota,UBA4738,CADDZG01,WHSQ01,JALZEG01,NA
July_1,bcn_bin_277_1,2140.938042306542,0.9315524309248645,2,Bacteria,Acidobacteriota,Terriglobia,Terriglobales,DSPA01,NA,NA
July_1,bcn_bin_278_1,3857.09370480057,1.545843621813978,2,Bacteria,Actinomycetota,Acidimicrobiia,Acidimicrobiales,JACDCH01,ZC4RG19,NA
July_1,bcn_bin_280,4585.2866592212795,1.4663586365964034,2,Bacteria,Actinomycetota,Thermoleophilia,Solirubrobacterales,Thermoleophilaceae,JACVRW01,NA
July_1,bcn_bin_289_1,651.5324565096682,0.8694553220083108,1,Bacteria,Actinomycetota,UBA4738,UBA4738,NA,NA,NA
July_1,bcn_bin_28_1,713.3853513976579,0.45780077327580243,2,Bacteria,Actinomycetota,Thermoleophilia,Solirubrobacterales,NA,NA,NA
July_1,bcn_bin_29_1,438.8316274573272,0.6878526984011744,1,Bacteria,Actinomycetota,UBA4738,CADDZG01,WHSQ01,NA,NA
July_1,bcn_bin_2_1,2716.5852194421623,-0.03676820409087899,3,Bacteria,Actinomycetota,Actinomycetes,Streptosporangiales,Streptosporangiaceae,NA,NA
July_1,bcn_bin_3,1027.4887159592267,0.6356641869286221,2,Bacteria,Actinomycetota,Thermoleophilia,Gaiellales,Gaiellaceae,JAIBJP01,NA
July_1,bcn_bin_30,1254.789803151666,0.5252049927964962,2,Bacteria,Actinomycetota,Thermoleophilia,Gaiellales,Gaiellaceae,3-1-20CM-4-69-9,NA
July_1,bcn_bin_34,1307.5110060830968,0.6487424309047648,3,Bacteria,Actinomycetota,Thermoleophilia,Gaiellales,Gaiellaceae,JAIBJP01,NA
July_1,bcn_bin_35,2739.9763981289793,1.66759014443543,2,Bacteria,Actinomycetota,Thermoleophilia,Solirubrobacterales,Thermoleophilaceae,JACVRW01,NA
July_1,bcn_bin_38_1,9716.035489531392,0.8925153939407585,2,Bacteria,Actinomycetota,Actinomycetes,Mycobacteriales,Pseudonocardiaceae,NA,NA
July_1,bcn_bin_42,8377.809748155223,2.038613398157688,2,Bacteria,Actinomycetota,Actinomycetes,Mycobacteriales,Pseudonocardiaceae,GCA-003244245,NA
July_1,bcn_bin_43,1340.9634650887454,0.6070227511214223,2,Bacteria,Actinomycetota,Thermoleophilia,Gaiellales,NA,NA,NA
July_1,bcn_bin_48,663.004518781757,0.3876804073121971,2,Bacteria,Actinomycetota,Thermoleophilia,Gaiellales,JAICJC01,NA,NA
July_1,bcn_bin_51,4486.180832076025,0.6559012541028791,2,Bacteria,Pseudomonadota,Alphaproteobacteria,Rhizobiales,Rhizobiaceae,NA,NA
July_1,bcn_bin_56_1,1202.7960984399579,1.0246413356332522,3,Bacteria,Chloroflexota,Dormibacteria,UBA8260,UBA8260,NA,NA
July_1,bcn_bin_59,1279.7306403056957,1.0165897126735566,2,Bacteria,Chloroflexota,Limnocylindria,Limnocylindrales,CSP1-4,NA,NA
July_1,bcn_bin_63_1,2536.98021736843,1.0728501318210157,2,Bacteria,Pseudomonadota,Alphaproteobacteria,Rhizobiales,Aestuariivirgaceae,NA,NA
July_1,bcn_bin_68,1720.8858083200332,1.4596684056760802,2,Bacteria,Actinomycetota,Thermoleophilia,Gaiellales,Gaiellaceae,NA,NA
July_1,bcn_bin_70,7292.160982246517,1.6143318459040656,2,Bacteria,Actinomycetota,Thermoleophilia,Solirubrobacterales,Thermoleophilaceae,NA,NA
July_1,bcn_bin_71,2160.73476316597,1.1898177018639389,2,Bacteria,Actinomycetota,Actinomycetes,Mycobacteriales,Mycobacteriaceae,Mycobacterium,NA
July_1,bcn_bin_72,801.8729744239571,1.3478875068048612,2,Bacteria,Actinomycetota,Thermoleophilia,Solirubrobacterales,70-9,NA,NA
July_1,bcn_bin_80_1,335.1612409189456,-0.4854024265451875,2,Bacteria,Myxococcota,Myxococcia,Myxococcales,40CM-4-68-19,VBKO01,NA
July_1,bcn_bin_81,1903.269712754821,1.6007436588251098,2,Bacteria,Actinomycetota,Thermoleophilia,Gaiellales,Gaiellaceae,AC-21,NA
July_1,bcn_bin_82_1,931.4012154040138,1.088257109355685,2,Bacteria,Gemmatimonadota,Gemmatimonadetes,Gemmatimonadales,GWC2-71-9,JACDDX01,NA
July_1,bcn_bin_84_1,5805.691531501121,1.987872121022451,2,Bacteria,Actinomycetota,Thermoleophilia,Gaiellales,Gaiellaceae,NA,NA
July_1,bcn_bin_85,702.7226719380105,0.48280979592528395,2,Bacteria,Methylomirabilota,Methylomirabilia,Rokubacteriales,CSP1-6,NA,NA
July_1,bcn_bin_87,869.4834420706084,0.4400411512456273,1,Bacteria,Actinomycetota,Thermoleophilia,Gaiellales,Gaiellaceae,GMQP-bins7,NA
July_1,bcn_bin_97,25402.18669228619,1.1176137151703507,2,Bacteria,Actinomycetota,Thermoleophilia,Solirubrobacterales,Solirubrobacteraceae,NA,NA
July_1,bcn_bin_99_1,2066.958121781675,-0.08799159322931942,3,Bacteria,Acidobacteriota,Terriglobia,Bryobacterales,Bryobacteraceae,Bog-105,NA
July_1,bcn_bin_9_1,623.1799962314965,-0.2808309123913705,1,Bacteria,Actinomycetota,UBA4738,CADDZG01,WHSQ01,NA,NA
July_1,bco_bin_1,5927.944038144724,-0.4229547717670961,3,Bacteria,Actinomycetota,Acidimicrobiia,Acidimicrobiales,JACDCH01,NA,NA
July_1,bco_bin_101,1253.1571571988936,1.9886881548529562,2,Bacteria,Actinomycetota,Actinomycetes,Jiangellales,Jiangellaceae,NA,NA
July_1,bco_bin_102_1,363.9240413801702,0.8709650044325742,1,Bacteria,Actinomycetota,UBA4738,JAHWKV01,JAHWKV01,NA,NA
July_1,bco_bin_104_1,5757.251935267981,1.1172258688328054,2,Bacteria,Actinomycetota,Actinomycetes,Mycobacteriales,Pseudonocardiaceae,Pseudonocardia,NA
July_1,bco_bin_105_1,3450.5459969952553,0.8765746279197489,2,Bacteria,Pseudomonadota,Gammaproteobacteria,Burkholderiales,Burkholderiaceae,Telluria,NA
July_1,bco_bin_106_1,865.771532408112,0.77267538267936,2,Bacteria,Gemmatimonadota,Gemmatimonadetes,Gemmatimonadales,GWC2-71-9,JACDDX01,NA
July_1,bco_bin_107,1501.0099955411124,-0.8290854619714203,1,Bacteria,Actinomycetota,UBA4738,JAHWKV01,NA,NA,NA
July_1,bco_bin_108_1,628.7785292106355,-0.12836951280259973,3,Bacteria,Pseudomonadota,Alphaproteobacteria,Acetobacterales,Acetobacteraceae,NA,NA
July_1,bco_bin_109,3792.9715310835063,1.2370828446923303,2,Bacteria,Actinomycetota,Thermoleophilia,Gaiellales,Gaiellaceae,3-1-20CM-4-69-9,NA
July_1,bco_bin_11,858.2483126528638,0.23681873798978822,3,Bacteria,Nitrospirota,Nitrospiria,Nitrospirales,Nitrospiraceae,NA,NA
July_1,bco_bin_111,2213.804472022413,0.04053118527750109,2,Bacteria,Actinomycetota,Thermoleophilia,Gaiellales,Gaiellaceae,NA,NA
July_1,bco_bin_112,5503.283876023127,1.2023381390393428,2,Bacteria,Actinomycetota,Thermoleophilia,Solirubrobacterales,Solirubrobacteraceae,NA,NA
July_1,bco_bin_113,570.7907809437721,0.4927264705574176,2,Bacteria,Gemmatimonadota,Gemmatimonadetes,Gemmatimonadales,GWC2-71-9,JACDDX01,NA
July_1,bco_bin_115,2215.4844193583385,1.3211836804930222,1,Bacteria,Actinomycetota,Thermoleophilia,Solirubrobacterales,Thermoleophilaceae,JACVRW01,NA
July_1,bco_bin_116,874.9177610586262,0.11058161500185874,3,Bacteria,Chloroflexota,Dormibacteria,Dormibacterales,Dormibacteraceae,NA,NA
July_1,bco_bin_117,957.1928430476228,0.4865496649225686,1,Bacteria,Actinomycetota,Acidimicrobiia,IMCC26256,PALSA-610,NA,NA
July_1,bco_bin_118,2636.687071357576,0.7720990785611929,2,Bacteria,Actinomycetota,Thermoleophilia,Gaiellales,Gaiellaceae,NA,NA
July_1,bco_bin_123,6585.7482410731745,1.8157625576894172,2,Bacteria,Actinomycetota,Actinomycetes,Jiangellales,Jiangellaceae,NA,NA
July_1,bco_bin_125_1,9765.128318929937,0.5107708893307759,3,Bacteria,Actinomycetota,Actinomycetes,Streptosporangiales,Streptosporangiaceae,NA,NA
July_1,bco_bin_128,1480.568397467134,1.7797043029690336,2,Bacteria,Actinomycetota,Thermoleophilia,Gaiellales,Gaiellaceae,NA,NA
July_1,bco_bin_129,662.0779096098888,-0.6155347869510127,1,Bacteria,Actinomycetota,Thermoleophilia,Solirubrobacterales,70-9,NA,NA
July_1,bco_bin_130,1105.6883934285936,1.7370079044450346,2,Bacteria,Actinomycetota,Thermoleophilia,Solirubrobacterales,70-9,AC-56,NA
July_1,bco_bin_134_1,722.6869870427399,-0.5055647280081734,1,Bacteria,Nitrospirota,Nitrospiria,Nitrospirales,Nitrospiraceae,NA,NA
July_1,bco_bin_135,4954.49024853552,0.07205527082518853,2,Bacteria,Pseudomonadota,Alphaproteobacteria,Rhizobiales,Beijerinckiaceae,NA,NA
July_1,bco_bin_136,20207.569853286273,1.7354702410629386,2,Bacteria,Actinomycetota,Actinomycetes,Mycobacteriales,Pseudonocardiaceae,NA,NA
July_1,bco_bin_137,298.63343965244576,-0.4393192676225307,3,Bacteria,Gemmatimonadota,Gemmatimonadetes,Gemmatimonadales,GWC2-71-9,JACDDX01,NA
July_1,bco_bin_139,2061.840683068095,0.28731439840519657,3,Bacteria,Chloroflexota,UBA6077,UBA6077,JAJPHF01,NA,NA
July_1,bco_bin_14,3263.5502080746846,1.5396854885434925,2,Bacteria,Actinomycetota,Actinomycetes,Jiangellales,Jiangellaceae,NA,NA
July_1,bco_bin_143,1717.1816347281365,-0.48293804402219653,1,Bacteria,Actinomycetota,Rubrobacteria,Rubrobacterales,Rubrobacteraceae,Rubrobacter_F,NA
July_1,bco_bin_145,2316.6823545017396,1.0307547833942723,1,Bacteria,Chloroflexota,Chloroflexia,Thermomicrobiales,UBA6265,JACCXM01,NA
July_1,bco_bin_146_1,194.50902025789003,0.18507770709417654,1,Bacteria,Actinomycetota,UBA4738,CADDZG01,WHSQ01,NA,NA
July_1,bco_bin_147,2847.620631110569,1.4181518635111188,2,Bacteria,Actinomycetota,Thermoleophilia,Solirubrobacterales,Solirubrobacteraceae,Palsa-465,NA
July_1,bco_bin_148_1,661.4191377316766,1.2275873517867704,2,Bacteria,Actinomycetota,Acidimicrobiia,Acidimicrobiales,AC-14,NA,NA
July_1,bco_bin_149,302.11414495804087,-0.43432383165078214,1,Bacteria,Actinomycetota,UBA4738,CADDZG01,WHSQ01,NA,NA
July_1,bco_bin_150,15554.564951747087,0.8870811642403665,3,Bacteria,Actinomycetota,Actinomycetes,Streptosporangiales,Streptosporangiaceae,NA,NA
July_1,bco_bin_153,3707.529038794317,-0.5510892638015,1,Bacteria,Actinomycetota,Rubrobacteria,Rubrobacterales,Rubrobacteraceae,Rubrobacter_F,NA
July_1,bco_bin_155,4613.018020541929,1.9703069425262205,2,Bacteria,Actinomycetota,Actinomycetes,Propionibacteriales,Propionibacteriaceae,JAJTCL01,NA
July_1,bco_bin_158_1,1508.2710791119293,1.1805765650715538,2,Bacteria,Actinomycetota,Thermoleophilia,Solirubrobacterales,Solirubrobacteraceae,Palsa-465,NA
July_1,bco_bin_16,1501.494377602308,-0.28227226063797944,2,Bacteria,Actinomycetota,Thermoleophilia,Gaiellales,Gaiellaceae,JAIBJP01,NA
July_1,bco_bin_160,194.95387496498066,-0.606696727863117,1,Bacteria,Actinomycetota,UBA4738,CADDZG01,WHSQ01,NA,NA
July_1,bco_bin_161,1709.4716567919127,-0.7741681636884093,3,Bacteria,Acidobacteriota,Terriglobia,Bryobacterales,Bryobacteraceae,NA,NA
July_1,bco_bin_167_1,4809.677317338066,1.6882042102117318,2,Bacteria,Actinomycetota,Actinomycetes,Mycobacteriales,Pseudonocardiaceae,Saccharopolyspora,NA
July_1,bco_bin_168,1291.6472139333375,0.36017968491027885,3,Bacteria,Actinomycetota,UBA4738,UBA4738,HRBIN12,NA,NA
July_1,bco_bin_170,8370.755459356766,1.64078393728843,2,Bacteria,Actinomycetota,Actinomycetes,Mycobacteriales,Pseudonocardiaceae,Pseudonocardia,NA
July_1,bco_bin_172,6202.775848538218,0.2157361817002718,2,Bacteria,Actinomycetota,Actinomycetes,Mycobacteriales,Pseudonocardiaceae,NA,NA
July_1,bco_bin_176,1270.4757254800077,0.8157429106656889,2,Bacteria,Actinomycetota,Actinomycetes,Mycobacteriales,Mycobacteriaceae,Mycobacterium,NA
July_1,bco_bin_181,4632.878950606675,0.2959222617684701,2,Bacteria,Actinomycetota,Actinomycetes,Mycobacteriales,Pseudonocardiaceae,Lentzea,NA
July_1,bco_bin_183_1,205.6291601350121,-0.5656103073644705,1,Bacteria,Actinomycetota,UBA4738,UBA4738,HRBIN12,NA,NA
July_1,bco_bin_186,2425.537301243765,1.1844029348072955,2,Bacteria,Actinomycetota,Thermoleophilia,Solirubrobacterales,Solirubrobacteraceae,AC-38,NA
July_1,bco_bin_187,309.80999922934575,1.0649425817577067,2,Bacteria,Pseudomonadota,Alphaproteobacteria,Rhizobiales,Methyloligellaceae,Methyloceanibacter,NA
July_1,bco_bin_189,660.4309999885779,0.656219868078066,2,Bacteria,Actinomycetota,Thermoleophilia,Gaiellales,Gaiellaceae,Palsa-739,NA
July_1,bco_bin_18_1,688.4032474846978,0.1498271103051703,2,Bacteria,Acidobacteriota,Terriglobia,Terriglobales,NA,NA,NA
July_1,bco_bin_19,524.6523766727271,0.901889212515697,2,Bacteria,Gemmatimonadota,Gemmatimonadetes,Gemmatimonadales,GWC2-71-9,JACDDX01,NA
July_1,bco_bin_190_1,3376.8978344795337,1.672091348861235,2,Bacteria,Actinomycetota,Thermoleophilia,Gaiellales,Gaiellaceae,JAIBJP01,NA
July_1,bco_bin_193,1751.602359519996,-0.11481106234109283,2,Bacteria,Gemmatimonadota,Gemmatimonadetes,Longimicrobiales,Longimicrobiaceae,NA,NA
July_1,bco_bin_196_1,10826.295283658506,1.7178814907979274,2,Bacteria,Actinomycetota,Actinomycetes,Mycobacteriales,Pseudonocardiaceae,Actinomycetospora,NA
July_1,bco_bin_197,1790.2105280822545,1.4641316375300368,2,Bacteria,Actinomycetota,Thermoleophilia,Gaiellales,Gaiellaceae,NA,NA
July_1,bco_bin_199,2364.6467277208462,1.664378241176645,2,Bacteria,Actinomycetota,Thermoleophilia,Solirubrobacterales,Thermoleophilaceae,JACVRW01,NA
July_1,bco_bin_20,230.119197677978,1.5218281869633004,1,Bacteria,Actinomycetota,UBA4738,CADDZG01,WHSQ01,NA,NA
July_1,bco_bin_200,2809.6167563944045,1.63607216169023,2,Bacteria,Actinomycetota,Actinomycetes,Propionibacteriales,Propionibacteriaceae,JAJTCL01,NA
July_1,bco_bin_201_1,5201.7992935215825,1.9432239916538045,2,Bacteria,Actinomycetota,Thermoleophilia,Solirubrobacterales,Thermoleophilaceae,JACVRW01,NA
July_1,bco_bin_205,384.04256778800806,-0.31487382051010593,1,Bacteria,Actinomycetota,UBA4738,UBA4738,HRBIN12,NA,NA
July_1,bco_bin_208,2037.6849328096412,0.8010149777217066,2,Bacteria,Actinomycetota,Actinomycetes,Mycobacteriales,Mycobacteriaceae,Mycobacterium,NA
July_1,bco_bin_215,2329.902800181314,0.791573621241237,2,Bacteria,Actinomycetota,Thermoleophilia,Gaiellales,Gaiellaceae,NA,NA
July_1,bco_bin_21_1,1122.0575975766717,0.11468617460362192,2,Bacteria,Chloroflexota,Limnocylindria,QHBO01,QHBO01,NA,NA
July_1,bco_bin_23_1,762.3125154451077,-0.10351865413674394,2,Bacteria,Pseudomonadota,Gammaproteobacteria,Steroidobacterales,Steroidobacteraceae,13-2-20CM-66-19,NA
July_1,bco_bin_24,2190.860040649157,0.6991555510270078,2,Bacteria,Actinomycetota,Actinomycetes,Mycobacteriales,Mycobacteriaceae,Mycobacterium,NA
July_1,bco_bin_25_1,1067.8897452589842,0.5173488091088834,2,Bacteria,Gemmatimonadota,Gemmatimonadetes,Gemmatimonadales,GWC2-71-9,JACDDX01,NA
July_1,bco_bin_26,4835.068192530822,-0.43044810373094655,1,Bacteria,Actinomycetota,Rubrobacteria,Rubrobacterales,Rubrobacteraceae,JALYGY01,NA
July_1,bco_bin_27,2283.356856058093,1.8891013392552651,2,Bacteria,Actinomycetota,Thermoleophilia,Solirubrobacterales,Thermoleophilaceae,AC-37,NA
July_1,bco_bin_28_1,331.64060296497877,0.9578799873125358,2,Bacteria,Verrucomicrobiota,Verrucomicrobiae,Chthoniobacterales,UBA10450,NA,NA
July_1,bco_bin_29_1,1374.4037631420015,0.32458057223895187,3,Bacteria,Acidobacteriota,Terriglobia,Terriglobales,Acidobacteriaceae,KBS-83,NA
July_1,bco_bin_3,1132.112274925224,0.482511615876264,2,Bacteria,Actinomycetota,Thermoleophilia,Solirubrobacterales,NA,NA,NA
July_1,bco_bin_30,3503.7476749126727,1.310160339137876,2,Bacteria,Actinomycetota,Actinomycetes,Mycobacteriales,Jatrophihabitantaceae,NA,NA
July_1,bco_bin_32,769.813830035891,-0.006499233083421705,1,Bacteria,Actinomycetota,Thermoleophilia,Gaiellales,Gaiellaceae,NA,NA
July_1,bco_bin_35,987.2598273659981,0.25718724171131974,2,Bacteria,Gemmatimonadota,Gemmatimonadetes,Gemmatimonadales,GWC2-71-9,JACDDX01,NA
July_1,bco_bin_4,2273.9158029611694,1.9780111497506807,2,Bacteria,Actinomycetota,Thermoleophilia,Gaiellales,Gaiellaceae,JAIBJP01,NA
July_1,bco_bin_40_1,1311.1698419015936,0.8949362606726295,2,Bacteria,Actinomycetota,Thermoleophilia,Gaiellales,Gaiellaceae,NA,NA
July_1,bco_bin_46,1843.9780135055555,1.2165779117802495,2,Bacteria,Actinomycetota,Thermoleophilia,Gaiellales,Gaiellaceae,PALSA-600,NA
July_1,bco_bin_49,180.79400476660842,-0.27258774529416074,2,Bacteria,Pseudomonadota,Gammaproteobacteria,Steroidobacterales,Steroidobacteraceae,13-2-20CM-66-19,NA
July_1,bco_bin_51_1,777.6377050931662,0.08162180846496901,2,Bacteria,Gemmatimonadota,Gemmatimonadetes,Gemmatimonadales,GWC2-71-9,JACDDX01,NA
July_1,bco_bin_52,1099.4204309594581,0.4833990532063144,2,Bacteria,Methylomirabilota,Methylomirabilia,Rokubacteriales,CSP1-6,AR5,NA
July_1,bco_bin_54,1484.5833193392255,1.405836508499149,2,Bacteria,Actinomycetota,Thermoleophilia,Gaiellales,NA,NA,NA
July_1,bco_bin_55_1,22818.24515136108,1.1430366732706685,2,Bacteria,Actinomycetota,Thermoleophilia,Solirubrobacterales,Solirubrobacteraceae,NA,NA
July_1,bco_bin_57,1442.3118021043183,0.6001891988498214,1,Bacteria,Actinomycetota,Thermoleophilia,Gaiellales,Gaiellaceae,NA,NA
July_1,bco_bin_58,2965.3446315849324,1.2655001098057588,2,Bacteria,Actinomycetota,Thermoleophilia,Solirubrobacterales,Solirubrobacteraceae,Palsa-465,NA
July_1,bco_bin_59_1,954.2933611715989,2.174990050952308,2,Bacteria,Actinomycetota,Thermoleophilia,Gaiellales,NA,NA,NA
July_1,bco_bin_5_1,7319.982965742314,0.6835394934596902,2,Bacteria,Acidobacteriota,Blastocatellia,Pyrinomonadales,Pyrinomonadaceae,QHXN01,NA
July_1,bco_bin_66,591.4802556843539,0.10204436470982801,1,Bacteria,Actinomycetota,UBA4738,UBA4738,HRBIN12,NA,NA
July_1,bco_bin_67,3983.515610319293,0.3869300916155672,2,Bacteria,Chloroflexota,UBA6077,UBA6077,CF-72,NA,NA
July_1,bco_bin_68_1,131.51326012973223,0.6829322204100278,1,Bacteria,Actinomycetota,UBA4738,CADDZG01,WHSQ01,NA,NA
July_1,bco_bin_74,1581.1592710431664,0.11027824821491021,2,Bacteria,Chloroflexota,UBA6077,UBA6077,CF-72,NA,NA
July_1,bco_bin_76_1,26583.719212968463,1.3067043437684283,2,Bacteria,Actinomycetota,Actinomycetes,Mycobacteriales,Pseudonocardiaceae,NA,NA
July_1,bco_bin_78_1,9158.958023470197,-0.7000540957437296,1,Archaea,Thermoproteota,Nitrososphaeria,Nitrososphaerales,Nitrososphaeraceae,Nitrososphaera,NA
July_1,bco_bin_79,1864.31667627533,-0.40952076257716474,2,Bacteria,Actinomycetota,Thermoleophilia,Gaiellales,Gaiellaceae,NA,NA
July_1,bco_bin_80,561.3403108862744,1.3608889852954185,2,Bacteria,Actinomycetota,Nitriliruptoria,Euzebyales,Egibacteraceae,NA,NA
July_1,bco_bin_82,1479.7553736704479,0.38162368336955904,3,Bacteria,Acidobacteriota,Terriglobia,Bryobacterales,Bryobacteraceae,TMP-7,NA
July_1,bco_bin_84,1339.6827706190556,-0.26745420933610564,2,Bacteria,Gemmatimonadota,Gemmatimonadetes,Gemmatimonadales,Gemmatimonadaceae,NA,NA
July_1,bco_bin_87_2,2120.618881545839,-0.5059143442890692,1,Bacteria,Actinomycetota,Rubrobacteria,Rubrobacterales,Rubrobacteraceae,Rubrobacter_F,NA
July_1,bco_bin_89_1,2174.89696290404,1.6201547142894153,2,Bacteria,Actinomycetota,Thermoleophilia,Gaiellales,NA,NA,NA
July_1,bco_bin_91,9535.176111912107,-0.8267726295614243,1,Archaea,Thermoproteota,Nitrososphaeria,Nitrososphaerales,Nitrososphaeraceae,Nitrososphaera,NA
July_1,bco_bin_93_1,2918.3847382809713,1.0670922330593948,1,Bacteria,Chloroflexota,UBA6077,UBA6077,CF-72,NA,NA
July_1,bco_bin_96,2400.0857838625107,0.8303720325117921,2,Bacteria,Actinomycetota,Actinomycetes,Mycobacteriales,Mycobacteriaceae,Mycobacterium,NA
July_2,DNA-1-22_bin_14,3227.732901450664,-0.599984476600475,1,Bacteria,Desulfobacterota_B,Binatia,Bin18,Bin18,NA,NA
July_2,DNA-1-22_bin_2,68807.09244994489,-0.8820528563849538,1,Bacteria,Tectomicrobia,Entotheonellia,NA,NA,NA,NA
July_2,DNA-1-22_bin_3,5232.006816506521,-1.3346555977540497,1,Bacteria,Actinomycetota,Thermoleophilia,Solirubrobacterales,Thermoleophilaceae,JACVRW01,NA
July_2,DNA-1-22_bin_6_1,12549.798546090473,-0.10464396650532139,1,Archaea,Thermoproteota,Nitrososphaeria,Nitrososphaerales,Nitrososphaeraceae,Nitrososphaera,NA
July_2,DNA-1_bin_10_1,1235.1456768973976,-0.599625213160577,2,Bacteria,Actinomycetota,UBA4738,UBA4738,HRBIN12,NA,NA
July_2,DNA-1_bin_13_1,2735.5469823079575,0.09559605296525141,3,Bacteria,Planctomycetota,Planctomycetia,Gemmatales,Gemmataceae,NA,NA
July_2,DNA-1_bin_18,85.17329163952236,-0.4891743490272288,3,Bacteria,Eremiobacterota,Eremiobacteria,Baltobacterales,Baltobacteraceae,NA,NA
July_2,DNA-1_bin_22_1,10878.699699506864,1.729907653130296,2,Bacteria,Actinomycetota,Actinomycetes,Streptomycetales,Streptomycetaceae,Streptomyces,NA
July_2,DNA-1_bin_24_1,30735.105449844363,-1.791752359082307,1,Bacteria,Actinomycetota,NA,NA,NA,NA,NA
July_2,DNA-1_bin_29_1,1865.841745122329,0.6517859683649984,2,Bacteria,Actinomycetota,Thermoleophilia,Gaiellales,Gaiellaceae,13-2-20CM-68-14,NA
July_2,DNA-1_bin_3,3750.7362537999675,0.8245026947961451,2,Bacteria,Actinomycetota,Thermoleophilia,Gaiellales,Gaiellaceae,NA,NA
July_2,DNA-1_bin_30,1692.1913212699653,1.2174412833347876,2,Bacteria,Acidobacteriota,Thermoanaerobaculia,Multivoradales,UBA5704,UBA5704,NA
July_2,DNA-1_bin_31,6155.909433072873,0.8283775874040097,2,Bacteria,Chloroflexota,Limnocylindria,Limnocylindrales,CSP1-4,NA,NA
July_2,DNA-1_bin_36_1,886.7557802874978,-0.3103566185561851,2,Bacteria,Chloroflexota,Dormibacteria,Dormibacterales,Dormibacteraceae,NA,NA
July_2,DNA-1_bin_39_1,857.6716060801376,-1.1806352103713933,1,Bacteria,Actinomycetota,Acidimicrobiia,Acidimicrobiales,AC-14,JAHFUQ01,NA
July_2,DNA-1_bin_41,3592.66232881151,1.653380690549364,2,Bacteria,Chloroflexota,Limnocylindria,Limnocylindrales,CSP1-4,NA,NA
July_2,DNA-1_bin_43,1147.9414212837428,-0.7354157447381946,1,Bacteria,Nitrospirota,Nitrospiria,Nitrospirales,Nitrospiraceae,NA,NA
July_2,DNA-1_bin_45_1,2499.5351970403167,0.36341658635278934,2,Bacteria,Actinomycetota,Actinomycetes,Mycobacteriales,Jatrophihabitantaceae,Jatrophihabitans,NA
July_2,DNA-1_bin_46,2907.021267992803,0.33857128610881815,3,Bacteria,Gemmatimonadota,Gemmatimonadetes,Gemmatimonadales,Gemmatimonadaceae,NA,NA
July_2,DNA-1_bin_47_1,2132.2160096676416,-0.393267126045446,3,Bacteria,Chloroflexota,Ktedonobacteria,Ktedonobacterales,Ktedonobacteraceae,NA,NA
July_2,DNA-1_bin_49_1,719.1585889285943,1.4439555691132457,2,Bacteria,Pseudomonadota,Gammaproteobacteria,Steroidobacterales,Steroidobacteraceae,13-2-20CM-66-19,NA
July_2,DNA-1_bin_50,1171.0030204106763,0.918560592337847,2,Bacteria,Myxococcota,Polyangia,Polyangiales,Polyangiaceae,SZUA-265,NA
July_2,DNA-1_bin_51_1,1744.5962343346162,1.0762633997431075,2,Bacteria,Acidobacteriota,Blastocatellia,Pyrinomonadales,Pyrinomonadaceae,NA,NA
July_2,DNA-1_bin_52_1,367.24562061043304,-0.2889604264846164,3,Bacteria,Actinomycetota,Thermoleophilia,Solirubrobacterales,70-9,AC-56,NA
July_2,DNA-1_bin_53_1,12319.478569144445,-0.142200234187767,1,Archaea,Thermoproteota,Nitrososphaeria,Nitrososphaerales,Nitrososphaeraceae,Nitrososphaera,NA
July_2,DNA-1_bin_54,6183.718635298421,-1.21969200115157,1,Bacteria,Actinomycetota,Thermoleophilia,Solirubrobacterales,Thermoleophilaceae,JACVRW01,NA
July_2,DNA-1_bin_55_1,2840.100219738624,0.01253137736155825,2,Bacteria,Actinomycetota,Thermoleophilia,Solirubrobacterales,Solirubrobacteraceae,Palsa-465,NA
July_2,DNA-1_bin_59_1,947.3945411106886,-0.7827508915806584,1,Bacteria,Actinomycetota,UBA4738,UBA4738,NA,NA,NA
July_2,DNA-1_bin_7,589.8046427735246,0.241957252922599,2,Bacteria,Actinomycetota,UBA4738,UBA4738,JACQTL01,NA,NA
July_2,DNA-1_bin_8,15391.150421963002,0.09138361938161714,3,Bacteria,Actinomycetota,Actinomycetes,Streptosporangiales,Streptosporangiaceae,NA,NA
July_2,DNA-4_bin_11,1971.79426009377,-0.4323900400692874,2,Bacteria,Actinomycetota,Thermoleophilia,Gaiellales,Gaiellaceae,NA,NA
July_2,DNA-4_bin_12_1,20617.13194696214,0.8218100869019087,2,Bacteria,Actinomycetota,Actinomycetes,Mycobacteriales,Micromonosporaceae,Natronosporangium,NA
July_2,DNA-4_bin_14_1,5523.175689998105,-0.9157056717647392,1,Bacteria,Actinomycetota,Rubrobacteria,Rubrobacterales,Rubrobacteraceae,JALYGY01,NA
July_2,DNA-4_bin_15_1,1672.708449797147,1.0010558469705988,2,Bacteria,Actinomycetota,Thermoleophilia,Gaiellales,Gaiellaceae,3-1-20CM-4-69-9,NA
July_2,DNA-4_bin_17,16895.096163833645,-1.0954634136439367,2,Bacteria,Actinomycetota,NA,NA,NA,NA,NA
July_2,DNA-4_bin_18,2075.386711202132,0.6420640825186725,2,Bacteria,Actinomycetota,Thermoleophilia,Solirubrobacterales,70-9,NA,NA
July_2,DNA-4_bin_1_1,2082.4303020295624,1.9517454367487075,2,Bacteria,Gemmatimonadota,Gemmatimonadetes,Gemmatimonadales,GWC2-71-9,JACDDX01,NA
July_2,DNA-4_bin_27_1,1232.3207825579946,-0.7123904597721444,1,Bacteria,Actinomycetota,Nitriliruptoria,Euzebyales,NA,NA,NA
July_2,DNA-4_bin_7_1,1635.6676066017476,0.38869183253603345,2,Bacteria,Actinomycetota,Thermoleophilia,Solirubrobacterales,Thermoleophilaceae,NA,NA
July_2,DNA-6_bin_10_1,36703.34004695476,0.7958124374648079,2,Bacteria,Actinomycetota,Actinomycetes,Mycobacteriales,Pseudonocardiaceae,Pseudonocardia,NA
July_2,DNA-6_bin_14_1,414.6410010715546,-0.06405292270329341,2,Bacteria,Actinomycetota,Thermoleophilia,Solirubrobacterales,Thermoleophilaceae,NA,NA
July_2,DNA-6_bin_18_1,198.83361315594675,-0.677775976905557,1,Bacteria,Chloroflexota,UBA6077,UBA6077,NA,NA,NA
July_2,DNA-6_bin_19_1,2078.57077678376,1.9073004610502273,2,Bacteria,Pseudomonadota,Gammaproteobacteria,Xanthomonadales,Rhodanobacteraceae,Dyella_B,NA
July_2,DNA-6_bin_31_1,1851.2686357231,0.30968140731467725,2,Bacteria,Desulfobacterota,NA,NA,NA,NA,NA
July_2,DNA-6_bin_33_1,538.6095219836392,0.36528781001453736,2,Bacteria,Desulfobacterota_B,Binatia,UBA9968,UBA9968,DP-1,NA
July_2,DNA-6_bin_34_1,2075.2410312002744,1.7864903617551118,2,Bacteria,Bacteroidota,Bacteroidia,Chitinophagales,Chitinophagaceae,Niastella,NA
July_2,DNA-6_bin_35_1,1153.9338425519932,1.0493126290897798,2,Bacteria,Pseudomonadota,Gammaproteobacteria,Steroidobacterales,Steroidobacteraceae,13-2-20CM-66-19,NA
July_2,DNA-6_bin_37_1,3539.043900310149,0.7639925538236858,2,Bacteria,Actinomycetota,Actinomycetes,Mycobacteriales,Mycobacteriaceae,Mycobacterium,NA
July_2,DNA-6_bin_38_1,1165.82625167419,0.7090391711410309,2,Bacteria,Gemmatimonadota,Gemmatimonadetes,Gemmatimonadales,GWC2-71-9,JACDDX01,NA
July_2,DNA-6_bin_42_1,3898.4780062670907,1.9241291455590477,2,Bacteria,Pseudomonadota,Gammaproteobacteria,Burkholderiales,Burkholderiaceae,Trinickia,NA
July_2,DNA-6_bin_44_1,10063.324078147729,0.3074052862106495,2,Bacteria,Actinomycetota,Thermoleophilia,Solirubrobacterales,Solirubrobacteraceae,NA,NA
July_2,DNA-6_bin_48_1,2568.170068421732,-0.6661130818535118,1,Bacteria,Actinomycetota,Actinomycetes,Mycobacteriales,Pseudonocardiaceae,GCA-003244245,NA
July_2,DNA-6_bin_5_1,3288.247237079877,-0.3322665884654862,2,Bacteria,Actinomycetota,Thermoleophilia,Solirubrobacterales,Thermoleophilaceae,JACVRW01,NA
July_2,DNA-8_bin_11_1,1651.3829663509828,0.8294676694572967,3,Bacteria,Pseudomonadota,Alphaproteobacteria,Reyranellales,Reyranellaceae,Reyranella,NA
July_2,DNA-8_bin_14,1237.4391301717471,0.27490351910715505,2,Bacteria,Acidobacteriota,Blastocatellia,Pyrinomonadales,Pyrinomonadaceae,NA,NA
July_2,DNA-8_bin_19,477.83506359425814,-0.8526643281433306,1,Bacteria,Pseudomonadota,Gammaproteobacteria,JACCYU01,JACCYU01,NA,NA
July_2,DNA-8_bin_23_1,1915.891384794382,-0.42430822196074514,2,Bacteria,Actinomycetota,Thermoleophilia,Gaiellales,Gaiellaceae,NA,NA
July_2,DNA-8_bin_28,8882.37477278882,-0.028647573822201417,2,Bacteria,Actinomycetota,Actinomycetes,Mycobacteriales,Pseudonocardiaceae,Pseudonocardia,NA
July_2,DNA-8_bin_29,3996.872112684975,1.003333097584339,2,Bacteria,Actinomycetota,Actinomycetes,Mycobacteriales,Mycobacteriaceae,Mycobacterium,NA
July_2,DNA-8_bin_30_1,22212.37911074544,0.927974388248453,2,Bacteria,Pseudomonadota,Gammaproteobacteria,NA,NA,NA,NA
July_2,DNA-8_bin_35_1,9432.079671348856,-0.12997065073839872,2,Bacteria,Actinomycetota,Actinomycetes,NA,NA,NA,NA
July_2,DNA-8_bin_39_1,882.1894089685463,0.3148511141467736,1,Archaea,Thermoproteota,Nitrososphaeria,Nitrososphaerales,Nitrososphaeraceae,TH5893,NA
July_2,DNA-8_bin_7_1,4036.0380649286926,0.07842425948191854,2,Bacteria,Actinomycetota,Actinomycetes,Propionibacteriales,Propionibacteriaceae,NA,NA
July_2,bcn_bin_10,1443.5320973565053,-0.5163251483646686,2,Bacteria,Actinomycetota,Thermoleophilia,Gaiellales,Gaiellaceae,NA,NA
July_2,bcn_bin_100_1,1728.8423422479402,-0.769610169420865,1,Bacteria,Chloroflexota,Dehalococcoidia,CAUJGQ01,CAUJGQ01,NA,NA
July_2,bcn_bin_103_1,4425.275020367273,1.3002223689395476,2,Bacteria,Myxococcota,Polyangia,Polyangiales,JAFGIB01,NA,NA
July_2,bcn_bin_105_1,167.16341863768167,-0.5888927612936733,1,Bacteria,Actinomycetota,UBA4738,CADDZG01,WHSQ01,NA,NA
July_2,bcn_bin_106_1,4549.495635807238,1.1952144154374877,2,Bacteria,Acidobacteriota,Blastocatellia,Pyrinomonadales,Pyrinomonadaceae,QHXN01,NA
July_2,bcn_bin_110_1,2903.8814328377503,0.919663904254225,2,Bacteria,Actinomycetota,Thermoleophilia,Gaiellales,Gaiellaceae,NA,NA
July_2,bcn_bin_114,1776.9733938408226,0.19142723520687255,3,Bacteria,Chloroflexota,UBA6077,UBA6077,CF-72,CF-72,NA
July_2,bcn_bin_115,10306.542023497632,0.6562957819965465,2,Bacteria,Actinomycetota,Actinomycetes,Mycobacteriales,Micromonosporaceae,NA,NA
July_2,bcn_bin_116,819.560753602446,-0.4893648437187312,2,Bacteria,Actinomycetota,Thermoleophilia,Gaiellales,Gaiellaceae,NA,NA
July_2,bcn_bin_123,381.8282776321472,0.9645010617262635,2,Bacteria,Gemmatimonadota,Gemmatimonadetes,Gemmatimonadales,GWC2-71-9,JACDDX01,NA
July_2,bcn_bin_124,6378.435764231168,-1.3960393623611778,1,Bacteria,Chloroflexota,UBA6077,UBA6077,JACCZL01,NA,NA
July_2,bcn_bin_125_1,1326.8095243227608,0.30788616535686414,2,Bacteria,Actinomycetota,Thermoleophilia,Solirubrobacterales,Thermoleophilaceae,NA,NA
July_2,bcn_bin_126,866.0549108597181,1.1499265350768388,2,Bacteria,Gemmatimonadota,Gemmatimonadetes,Gemmatimonadales,GWC2-71-9,JACDDX01,NA
July_2,bcn_bin_130_1,355.33988021982594,1.0027136192971433,2,Bacteria,Actinomycetota,Acidimicrobiia,IMCC26256,JACDBD01,NA,NA
July_2,bcn_bin_131_1,3156.933197715458,0.7625278377527167,2,Bacteria,Methylomirabilota,Methylomirabilia,Rokubacteriales,CSP1-6,NA,NA
July_2,bcn_bin_133,2859.345665854104,-0.4181075523294551,2,Bacteria,Actinomycetota,Actinomycetes,Propionibacteriales,Propionibacteriaceae,JAJTCL01,NA
July_2,bcn_bin_135_1,2073.05567536511,-0.39209824749126154,3,Bacteria,Chloroflexota,UBA6077,UBA6077,CF-72,NA,NA
July_2,bcn_bin_137_1,2888.80725415905,1.0236886938319392,2,Bacteria,Methylomirabilota,Methylomirabilia,Rokubacteriales,CSP1-6,NA,NA
July_2,bcn_bin_138,767.265494487416,-0.7259476114694526,1,Archaea,Thermoproteota,Nitrososphaeria,Nitrososphaerales,Nitrososphaeraceae,NA,NA
July_2,bcn_bin_139_1,3433.5746685069844,1.171746150476933,2,Bacteria,Pseudomonadota,Alphaproteobacteria,Rhizobiales,Beijerinckiaceae,NA,NA
July_2,bcn_bin_13_1,296.9996638587603,1.231179715747187,2,Bacteria,Gemmatimonadota,Gemmatimonadetes,Gemmatimonadales,GWC2-71-9,JACDDX01,NA
July_2,bcn_bin_140,14138.356653077126,0.3616518530152213,2,Bacteria,Actinomycetota,Actinomycetes,Mycobacteriales,Pseudonocardiaceae,Pseudonocardia,NA
July_2,bcn_bin_142_1,1618.5264073599335,-0.6905422308104736,1,Archaea,Thermoproteota,Nitrososphaeria,Nitrososphaerales,Nitrososphaeraceae,NA,NA
July_2,bcn_bin_14_1,837.9529899644729,-0.7495649280466128,2,Bacteria,Actinomycetota,Thermoleophilia,Gaiellales,Gaiellaceae,NA,NA
July_2,bcn_bin_151,7523.458400554007,-0.8861688088691548,1,Bacteria,Actinomycetota,Rubrobacteria,Rubrobacterales,Rubrobacteraceae,JALYGY01,NA
July_2,bcn_bin_154_1,2245.6543335329316,1.7733271886860786,2,Bacteria,Gemmatimonadota,Gemmatimonadetes,Gemmatimonadales,GWC2-71-9,JACDDX01,NA
July_2,bcn_bin_156_1,2736.4605806281725,1.0930640774570874,2,Bacteria,Pseudomonadota,Alphaproteobacteria,Sphingomonadales,Sphingomonadaceae,Sphingomicrobium,NA
July_2,bcn_bin_158,2358.8073128091314,0.431320977578238,2,Bacteria,Actinomycetota,Thermoleophilia,Solirubrobacterales,Thermoleophilaceae,NA,NA
July_2,bcn_bin_159,105.84213727814154,-1.331579642817567,1,Bacteria,Actinomycetota,UBA4738,CADDZG01,WHSQ01,NA,NA
July_2,bcn_bin_160,991.3177399213512,0.8337284387880568,2,Bacteria,Actinomycetota,Thermoleophilia,Solirubrobacterales,Thermoleophilaceae,NA,NA
July_2,bcn_bin_163,236.90944949504956,-0.5261739317397158,1,Bacteria,Actinomycetota,UBA4738,UBA4738,NA,NA,NA
July_2,bcn_bin_164,290.79087360880874,0.2184995456444518,3,Bacteria,Acidobacteriota,Terriglobia,Terriglobales,Gp1-AA117,Angelobacter,NA
July_2,bcn_bin_165_1,13891.707897855998,1.6467405687757246,3,Bacteria,Chloroflexota,UBA6077,UBA6077,JACCZL01,NA,NA
July_2,bcn_bin_167_1,902.4225971433198,0.17914497918242747,2,Bacteria,Actinomycetota,Thermoleophilia,Gaiellales,Gaiellaceae,NA,NA
July_2,bcn_bin_169,501.4509588080133,-0.312145057443892,2,Bacteria,Actinomycetota,UBA4738,UBA4738,HRBIN12,NA,NA
July_2,bcn_bin_16_1,5530.892038436847,0.2762692620231851,2,Bacteria,Actinomycetota,Actinomycetes,NA,NA,NA,NA
July_2,bcn_bin_170,326.3250603738345,1.715554101541763,2,Bacteria,Verrucomicrobiota,Verrucomicrobiae,Chthoniobacterales,UBA10450,AV80,NA
July_2,bcn_bin_174_1,994.3076019615244,-0.5523408192681439,1,Bacteria,Actinomycetota,UBA4738,CADDZG01,WHSQ01,NA,NA
July_2,bcn_bin_175,1615.5826234987599,0.20284181373606536,2,Bacteria,Actinomycetota,Thermoleophilia,Gaiellales,Gaiellaceae,NA,NA
July_2,bcn_bin_176,1387.053582890176,0.8915049049591379,3,Bacteria,Pseudomonadota,Alphaproteobacteria,Reyranellales,Reyranellaceae,Reyranella,NA
July_2,bcn_bin_177,531.9965813920733,-0.8982107003612341,1,Bacteria,Actinomycetota,UBA4738,CADDZG01,WHSQ01,NA,NA
July_2,bcn_bin_182_1,658.767738981583,1.1745358995915085,3,Bacteria,Acidobacteriota,Terriglobia,Bryobacterales,Bryobacteraceae,Bog-105,NA
July_2,bcn_bin_19,3196.000192397426,-1.1773432481119215,1,Bacteria,Actinomycetota,Thermoleophilia,Solirubrobacterales,Thermoleophilaceae,JACVRW01,NA
July_2,bcn_bin_192,1555.9523391040896,0.9637757849676286,2,Bacteria,Pseudomonadota,Gammaproteobacteria,Burkholderiales,SG8-39,SCGC-AG-212-J23,NA
July_2,bcn_bin_193_1,138.57082528202477,-0.7321378172550272,1,Bacteria,Actinomycetota,UBA4738,CADDZG01,NA,NA,NA
July_2,bcn_bin_194_1,183.87454867457737,-0.7992114891133983,1,Bacteria,Chloroflexota,Chloroflexia,Thermomicrobiales,Thermomicrobiaceae,NA,NA
July_2,bcn_bin_205,844.6399369414646,0.4302480344081125,2,Bacteria,Actinomycetota,Thermoleophilia,Solirubrobacterales,70-9,NA,NA
July_2,bcn_bin_206,896.7610171867543,0.8428183539367495,2,Bacteria,Actinomycetota,Actinomycetes,Mycobacteriales,Mycobacteriaceae,Mycobacterium,NA
July_2,bcn_bin_209_1,1050.3232705147925,0.9193235302541262,3,Bacteria,Acidobacteriota,Terriglobia,Bryobacterales,Bryobacteraceae,Bog-105,NA
July_2,bcn_bin_212,1010.6473607343117,0.6560125104874343,2,Bacteria,Actinomycetota,Thermoleophilia,Solirubrobacterales,70-9,NA,NA
July_2,bcn_bin_213,332.9810409348447,0.3525516543590018,2,Bacteria,Gemmatimonadota,Gemmatimonadetes,Gemmatimonadales,GWC2-71-9,JACDDX01,NA
July_2,bcn_bin_216,621.9730853081877,-0.5489251408367318,1,Archaea,Thermoproteota,Nitrososphaeria,Nitrososphaerales,Nitrososphaeraceae,TH5893,NA
July_2,bcn_bin_217,2193.3584192865465,0.6977491254754878,2,Bacteria,Actinomycetota,Thermoleophilia,Gaiellales,Gaiellaceae,NA,NA
July_2,bcn_bin_21_1,8347.137301419329,-0.4673803764043117,1,Bacteria,Chloroflexota,Dehalococcoidia,UBA3495,UBA3495,NA,NA
July_2,bcn_bin_222_1,1686.655242456548,1.8324556820529763,2,Bacteria,Acidobacteriota,Terriglobia,Bryobacterales,Bryobacteraceae,Bog-105,NA
July_2,bcn_bin_224,446.22445099032757,0.24902909754330768,2,Bacteria,Actinomycetota,Thermoleophilia,Gaiellales,Gaiellaceae,NA,NA
July_2,bcn_bin_225,2705.816403180106,-0.3182382868030751,2,Bacteria,Actinomycetota,Thermoleophilia,Solirubrobacterales,Thermoleophilaceae,JACVRW01,NA
July_2,bcn_bin_226_1,9102.66530662971,1.0316851964460259,2,Bacteria,Myxococcota,Myxococcia,Myxococcales,Myxococcaceae,Archangium,NA
July_2,bcn_bin_229_1,18373.08751028377,0.27338374666868137,2,Bacteria,Actinomycetota,Actinomycetes,Propionibacteriales,Propionibacteriaceae,NA,NA
July_2,bcn_bin_230,10961.075698681443,0.5799322817639276,2,Bacteria,Actinomycetota,Thermoleophilia,Solirubrobacterales,Solirubrobacteraceae,NA,NA
July_2,bcn_bin_234,963.3596889036729,-1.1164557875731038,1,Bacteria,Actinomycetota,UBA4738,UBA4738,NA,NA,NA
July_2,bcn_bin_235,2099.759324976564,1.1838755824313616,2,Bacteria,Pseudomonadota,Gammaproteobacteria,Steroidobacterales,Steroidobacteraceae,NA,NA
July_2,bcn_bin_238_1,718.3954120624584,1.5610304404315392,2,Bacteria,Actinomycetota,Thermoleophilia,Solirubrobacterales,Thermoleophilaceae,NA,NA
July_2,bcn_bin_244_1,1192.945274346294,-0.19759285010475697,3,Bacteria,Chloroflexota,Ktedonobacteria,Ktedonobacterales,Ktedonobacteraceae,NA,NA
July_2,bcn_bin_245,963.3590336474882,-0.24532643420242603,2,Bacteria,Actinomycetota,UBA4738,UBA4738,NA,NA,NA
July_2,bcn_bin_247,665.370460585417,-0.18223175438675915,2,Bacteria,Actinomycetota,Thermoleophilia,Gaiellales,Gaiellaceae,NA,NA
July_2,bcn_bin_248_1,806.098404701512,0.9320318620729934,2,Bacteria,Gemmatimonadota,Gemmatimonadetes,Gemmatimonadales,GWC2-71-9,JACDDX01,NA
July_2,bcn_bin_249_1,1832.9160926343893,-1.057607139920259,1,Bacteria,Chloroflexota,Chloroflexia,Chloroflexales,Kallotenuaceae,NA,NA
July_2,bcn_bin_251,14415.454824941906,0.4628518334224701,2,Bacteria,Actinomycetota,Actinomycetes,Mycobacteriales,Micromonosporaceae,NA,NA
July_2,bcn_bin_253,3076.8776158943374,1.024305218379706,2,Bacteria,Pseudomonadota,Alphaproteobacteria,Rhizobiales,Xanthobacteraceae,NA,NA
July_2,bcn_bin_254,1415.773735382285,-0.315305301636286,1,Bacteria,Actinomycetota,Actinomycetes,Mycobacteriales,Pseudonocardiaceae,GCA-003244245,NA
July_2,bcn_bin_256_1,427.71754148504317,-0.3147101422802808,2,Bacteria,Actinomycetota,Thermoleophilia,Solirubrobacterales,NA,NA,NA
July_2,bcn_bin_257_1,3887.7677032905967,0.3915078334481104,2,Bacteria,Actinomycetota,Thermoleophilia,Gaiellales,Gaiellaceae,NA,NA
July_2,bcn_bin_260_1,2776.5610789771463,-0.5011824204421177,1,Bacteria,Chloroflexota,Dehalococcoidia,UBA3495,UBA3495,NA,NA
July_2,bcn_bin_262,567.7984014051297,0.599568559329578,2,Bacteria,Actinomycetota,Thermoleophilia,Gaiellales,Gaiellaceae,3-1-20CM-4-69-9,NA
July_2,bcn_bin_263_1,278.8534497492011,0.34373991418216526,2,Bacteria,Actinomycetota,UBA4738,UBA4738,HRBIN12,NA,NA
July_2,bcn_bin_267,2058.6224947835804,-0.9314291367830964,1,Bacteria,Actinomycetota,Rubrobacteria,Rubrobacterales,Rubrobacteraceae,Rubrobacter_D,NA
July_2,bcn_bin_270_1,605.4880660214671,0.06673538905227656,2,Bacteria,Actinomycetota,Thermoleophilia,Gaiellales,Gaiellaceae,13-2-20CM-68-14,NA
July_2,bcn_bin_271,1811.6596717363773,1.0789155175610823,3,Bacteria,Acidobacteriota,Terriglobia,Bryobacterales,Bryobacteraceae,NA,NA
July_2,bcn_bin_273,7432.001314074623,-0.08046475434031668,2,Bacteria,Actinomycetota,Actinomycetes,NA,NA,NA,NA
July_2,bcn_bin_274_1,955.9014709259827,-0.5080017139724573,1,Bacteria,Actinomycetota,UBA4738,CADDZG01,WHSQ01,JALZEG01,NA
July_2,bcn_bin_277_1,1969.517799436624,0.7225634536232546,2,Bacteria,Acidobacteriota,Terriglobia,Terriglobales,DSPA01,NA,NA
July_2,bcn_bin_278_1,2903.4148588549006,0.4649619682131446,2,Bacteria,Actinomycetota,Acidimicrobiia,Acidimicrobiales,JACDCH01,ZC4RG19,NA
July_2,bcn_bin_280,3304.886168410829,0.2758560178566393,2,Bacteria,Actinomycetota,Thermoleophilia,Solirubrobacterales,Thermoleophilaceae,JACVRW01,NA
July_2,bcn_bin_289_1,339.60984528615313,-1.008204501806884,1,Bacteria,Actinomycetota,UBA4738,UBA4738,NA,NA,NA
July_2,bcn_bin_28_1,675.836725986127,0.23972231013482873,2,Bacteria,Actinomycetota,Thermoleophilia,Solirubrobacterales,NA,NA,NA
July_2,bcn_bin_29_1,253.80432151422823,-1.0518078598050906,1,Bacteria,Actinomycetota,UBA4738,CADDZG01,WHSQ01,NA,NA
July_2,bcn_bin_2_1,2146.3240216427757,-0.6572978348190839,3,Bacteria,Actinomycetota,Actinomycetes,Streptosporangiales,Streptosporangiaceae,NA,NA
July_2,bcn_bin_3,1147.9223392449078,1.3063994252541458,2,Bacteria,Actinomycetota,Thermoleophilia,Gaiellales,Gaiellaceae,JAIBJP01,NA
July_2,bcn_bin_30,1356.8194559091742,0.7922336022898949,2,Bacteria,Actinomycetota,Thermoleophilia,Gaiellales,Gaiellaceae,3-1-20CM-4-69-9,NA
July_2,bcn_bin_34,984.6237285022938,-0.4413233882457368,3,Bacteria,Actinomycetota,Thermoleophilia,Gaiellales,Gaiellaceae,JAIBJP01,NA
July_2,bcn_bin_35,1901.7465544608904,0.055779312300330064,2,Bacteria,Actinomycetota,Thermoleophilia,Solirubrobacterales,Thermoleophilaceae,JACVRW01,NA
July_2,bcn_bin_38_1,10072.91680876229,1.042922684033827,2,Bacteria,Actinomycetota,Actinomycetes,Mycobacteriales,Pseudonocardiaceae,NA,NA
July_2,bcn_bin_42,4134.543309605089,0.062225464616134325,2,Bacteria,Actinomycetota,Actinomycetes,Mycobacteriales,Pseudonocardiaceae,GCA-003244245,NA
July_2,bcn_bin_43,1303.5022615497505,0.5170751110562188,2,Bacteria,Actinomycetota,Thermoleophilia,Gaiellales,NA,NA,NA
July_2,bcn_bin_48,548.7050449934447,-0.19050485438725934,2,Bacteria,Actinomycetota,Thermoleophilia,Gaiellales,JAICJC01,NA,NA
July_2,bcn_bin_51,5117.792289806757,0.9692456323923482,2,Bacteria,Pseudomonadota,Alphaproteobacteria,Rhizobiales,Rhizobiaceae,NA,NA
July_2,bcn_bin_56_1,796.0064929684197,-0.19922813412751567,3,Bacteria,Chloroflexota,Dormibacteria,UBA8260,UBA8260,NA,NA
July_2,bcn_bin_59,998.4213020704417,0.027782572225696682,2,Bacteria,Chloroflexota,Limnocylindria,Limnocylindrales,CSP1-4,NA,NA
July_2,bcn_bin_63_1,2513.1232304864643,0.9985025807544964,2,Bacteria,Pseudomonadota,Alphaproteobacteria,Rhizobiales,Aestuariivirgaceae,NA,NA
July_2,bcn_bin_68,1218.6184015267886,0.36486779334005853,2,Bacteria,Actinomycetota,Thermoleophilia,Gaiellales,Gaiellaceae,NA,NA
July_2,bcn_bin_70,4071.3403752417435,0.23798531779948828,2,Bacteria,Actinomycetota,Thermoleophilia,Solirubrobacterales,Thermoleophilaceae,NA,NA
July_2,bcn_bin_71,1900.679004787804,0.793924746290996,2,Bacteria,Actinomycetota,Actinomycetes,Mycobacteriales,Mycobacteriaceae,Mycobacterium,NA
July_2,bcn_bin_72,619.6599170285854,0.27450285626748816,2,Bacteria,Actinomycetota,Thermoleophilia,Solirubrobacterales,70-9,NA,NA
July_2,bcn_bin_80_1,2817.3702069054716,1.5244035974033838,2,Bacteria,Myxococcota,Myxococcia,Myxococcales,40CM-4-68-19,VBKO01,NA
July_2,bcn_bin_81,1354.6348325030506,0.6995248846363722,2,Bacteria,Actinomycetota,Thermoleophilia,Gaiellales,Gaiellaceae,AC-21,NA
July_2,bcn_bin_82_1,839.8678048604122,0.7013153584849664,2,Bacteria,Gemmatimonadota,Gemmatimonadetes,Gemmatimonadales,GWC2-71-9,JACDDX01,NA
July_2,bcn_bin_84_1,3007.08857976824,-0.050402830069733916,2,Bacteria,Actinomycetota,Thermoleophilia,Gaiellales,Gaiellaceae,NA,NA
July_2,bcn_bin_85,802.3709702827433,0.788840943175214,2,Bacteria,Methylomirabilota,Methylomirabilia,Rokubacteriales,CSP1-6,NA,NA
July_2,bcn_bin_87,680.2787626206282,-0.8801843326478236,1,Bacteria,Actinomycetota,Thermoleophilia,Gaiellales,Gaiellaceae,GMQP-bins7,NA
July_2,bcn_bin_97,19174.402295864267,0.4480514400653723,2,Bacteria,Actinomycetota,Thermoleophilia,Solirubrobacterales,Solirubrobacteraceae,NA,NA
July_2,bcn_bin_99_1,2564.1415128669432,1.2947981000330353,3,Bacteria,Acidobacteriota,Terriglobia,Bryobacterales,Bryobacteraceae,Bog-105,NA
July_2,bcn_bin_9_1,400.08395275231953,-1.059010530360732,1,Bacteria,Actinomycetota,UBA4738,CADDZG01,WHSQ01,NA,NA
July_2,bco_bin_1,6498.316162167939,-0.15977034383551011,3,Bacteria,Actinomycetota,Acidimicrobiia,Acidimicrobiales,JACDCH01,NA,NA
July_2,bco_bin_101,634.1730012570913,-0.4217172275262436,2,Bacteria,Actinomycetota,Actinomycetes,Jiangellales,Jiangellaceae,NA,NA
July_2,bco_bin_102_1,241.69120063300937,-0.881506644722898,1,Bacteria,Actinomycetota,UBA4738,JAHWKV01,JAHWKV01,NA,NA
July_2,bco_bin_104_1,4486.899855200757,0.314396219059224,2,Bacteria,Actinomycetota,Actinomycetes,Mycobacteriales,Pseudonocardiaceae,Pseudonocardia,NA
July_2,bco_bin_105_1,3772.272025135902,1.1868588788104215,2,Bacteria,Pseudomonadota,Gammaproteobacteria,Burkholderiales,Burkholderiaceae,Telluria,NA
July_2,bco_bin_106_1,977.5095037007842,1.169925896612036,2,Bacteria,Gemmatimonadota,Gemmatimonadetes,Gemmatimonadales,GWC2-71-9,JACDDX01,NA
July_2,bco_bin_107,2699.038625752761,-0.25817717332495843,1,Bacteria,Actinomycetota,UBA4738,JAHWKV01,NA,NA,NA
July_2,bco_bin_108_1,537.3971900601184,-0.41923423610272725,3,Bacteria,Pseudomonadota,Alphaproteobacteria,Acetobacterales,Acetobacteraceae,NA,NA
July_2,bco_bin_109,2780.6225111402614,0.24093798711019987,2,Bacteria,Actinomycetota,Thermoleophilia,Gaiellales,Gaiellaceae,3-1-20CM-4-69-9,NA
July_2,bco_bin_11,814.6763607954407,0.0834130605241285,3,Bacteria,Nitrospirota,Nitrospiria,Nitrospirales,Nitrospiraceae,NA,NA
July_2,bco_bin_111,3847.123993646712,1.243359229568529,2,Bacteria,Actinomycetota,Thermoleophilia,Gaiellales,Gaiellaceae,NA,NA
July_2,bco_bin_112,3860.4919446039776,0.09379490154067242,2,Bacteria,Actinomycetota,Thermoleophilia,Solirubrobacterales,Solirubrobacteraceae,NA,NA
July_2,bco_bin_113,559.095219156485,0.42966837920050704,2,Bacteria,Gemmatimonadota,Gemmatimonadetes,Gemmatimonadales,GWC2-71-9,JACDDX01,NA
July_2,bco_bin_115,1399.1544143267947,-1.172023217641899,1,Bacteria,Actinomycetota,Thermoleophilia,Solirubrobacterales,Thermoleophilaceae,JACVRW01,NA
July_2,bco_bin_116,504.36788442996334,-0.4148626679902982,3,Bacteria,Chloroflexota,Dormibacteria,Dormibacterales,Dormibacteraceae,NA,NA
July_2,bco_bin_117,776.7280110845811,-0.7744719344576949,1,Bacteria,Actinomycetota,Acidimicrobiia,IMCC26256,PALSA-610,NA,NA
July_2,bco_bin_118,2345.791976130073,0.3518270045381179,2,Bacteria,Actinomycetota,Thermoleophilia,Gaiellales,Gaiellaceae,NA,NA
July_2,bco_bin_123,3505.9753290250633,0.0571412205502653,2,Bacteria,Actinomycetota,Actinomycetes,Jiangellales,Jiangellaceae,NA,NA
July_2,bco_bin_125_1,6530.373476170726,-0.21585348431802898,3,Bacteria,Actinomycetota,Actinomycetes,Streptosporangiales,Streptosporangiaceae,NA,NA
July_2,bco_bin_128,886.0213728950479,0.06657298784700831,2,Bacteria,Actinomycetota,Thermoleophilia,Gaiellales,Gaiellaceae,NA,NA
July_2,bco_bin_129,638.7755651371068,-0.7866283870901852,1,Bacteria,Actinomycetota,Thermoleophilia,Solirubrobacterales,70-9,NA,NA
July_2,bco_bin_130,644.0500095577397,0.23124259593188082,2,Bacteria,Actinomycetota,Thermoleophilia,Solirubrobacterales,70-9,AC-56,NA
July_2,bco_bin_134_1,611.9799532724472,-0.6772638472019763,1,Bacteria,Nitrospirota,Nitrospiria,Nitrospirales,Nitrospiraceae,NA,NA
July_2,bco_bin_135,5502.321629097265,0.5608555841153516,2,Bacteria,Pseudomonadota,Alphaproteobacteria,Rhizobiales,Beijerinckiaceae,NA,NA
July_2,bco_bin_136,15090.626790123573,0.2974739427644992,2,Bacteria,Actinomycetota,Actinomycetes,Mycobacteriales,Pseudonocardiaceae,NA,NA
July_2,bco_bin_137,357.2043187186804,0.11069086364939865,3,Bacteria,Gemmatimonadota,Gemmatimonadetes,Gemmatimonadales,GWC2-71-9,JACDDX01,NA
July_2,bco_bin_139,1719.5640301703293,-0.39236653959632617,3,Bacteria,Chloroflexota,UBA6077,UBA6077,JAJPHF01,NA,NA
July_2,bco_bin_14,1917.1012959370378,0.06251783997313744,2,Bacteria,Actinomycetota,Actinomycetes,Jiangellales,Jiangellaceae,NA,NA
July_2,bco_bin_143,1615.7223712802793,-0.5974538050874646,1,Bacteria,Actinomycetota,Rubrobacteria,Rubrobacterales,Rubrobacteraceae,Rubrobacter_F,NA
July_2,bco_bin_145,1674.3563839197923,-0.9457960133443623,1,Bacteria,Chloroflexota,Chloroflexia,Thermomicrobiales,UBA6265,JACCXM01,NA
July_2,bco_bin_146_1,129.9458192536629,-1.065319236359838,1,Bacteria,Actinomycetota,UBA4738,CADDZG01,WHSQ01,NA,NA
July_2,bco_bin_147,1672.098986984395,-0.026602147815161865,2,Bacteria,Actinomycetota,Thermoleophilia,Solirubrobacterales,Solirubrobacteraceae,Palsa-465,NA
July_2,bco_bin_148_1,551.6647160461216,0.2766736390685719,2,Bacteria,Actinomycetota,Acidimicrobiia,Acidimicrobiales,AC-14,NA,NA
July_2,bco_bin_149,176.0267710265643,-0.8584499302715156,1,Bacteria,Actinomycetota,UBA4738,CADDZG01,WHSQ01,NA,NA
July_2,bco_bin_150,14258.703508387114,0.41711006596854816,3,Bacteria,Actinomycetota,Actinomycetes,Streptosporangiales,Streptosporangiaceae,NA,NA
July_2,bco_bin_153,4705.442386050093,0.17831432407214912,1,Bacteria,Actinomycetota,Rubrobacteria,Rubrobacterales,Rubrobacteraceae,Rubrobacter_F,NA
July_2,bco_bin_155,2254.232759023087,-0.22609547132087085,2,Bacteria,Actinomycetota,Actinomycetes,Propionibacteriales,Propionibacteriaceae,JAJTCL01,NA
July_2,bco_bin_158_1,1003.9060088329288,0.21244818106597607,2,Bacteria,Actinomycetota,Thermoleophilia,Solirubrobacterales,Solirubrobacteraceae,Palsa-465,NA
July_2,bco_bin_16,2307.605052911749,2.047066401097102,2,Bacteria,Actinomycetota,Thermoleophilia,Gaiellales,Gaiellaceae,JAIBJP01,NA
July_2,bco_bin_160,141.47751866691107,-0.9298065334713956,1,Bacteria,Actinomycetota,UBA4738,CADDZG01,WHSQ01,NA,NA
July_2,bco_bin_161,3166.481115819142,1.3153238868510417,3,Bacteria,Acidobacteriota,Terriglobia,Bryobacterales,Bryobacteraceae,NA,NA
July_2,bco_bin_167_1,4141.9152468228085,0.8288108694556175,2,Bacteria,Actinomycetota,Actinomycetes,Mycobacteriales,Pseudonocardiaceae,Saccharopolyspora,NA
July_2,bco_bin_168,1024.3131975727963,-0.4568530954060271,3,Bacteria,Actinomycetota,UBA4738,UBA4738,HRBIN12,NA,NA
July_2,bco_bin_170,5880.147777763354,0.23638655871522415,2,Bacteria,Actinomycetota,Actinomycetes,Mycobacteriales,Pseudonocardiaceae,Pseudonocardia,NA
July_2,bco_bin_172,10069.888775566513,1.6016051787673695,2,Bacteria,Actinomycetota,Actinomycetes,Mycobacteriales,Pseudonocardiaceae,NA,NA
July_2,bco_bin_176,1318.7558960269364,0.905746744263938,2,Bacteria,Actinomycetota,Actinomycetes,Mycobacteriales,Mycobacteriaceae,Mycobacterium,NA
July_2,bco_bin_181,6908.303421185161,1.627852223002211,2,Bacteria,Actinomycetota,Actinomycetes,Mycobacteriales,Pseudonocardiaceae,Lentzea,NA
July_2,bco_bin_183_1,193.60769017814553,-0.6233383345303475,1,Bacteria,Actinomycetota,UBA4738,UBA4738,HRBIN12,NA,NA
July_2,bco_bin_186,1911.421408631872,0.2766883278413571,2,Bacteria,Actinomycetota,Thermoleophilia,Solirubrobacterales,Solirubrobacteraceae,AC-38,NA
July_2,bco_bin_187,271.95917672865386,0.3999777249430739,2,Bacteria,Pseudomonadota,Alphaproteobacteria,Rhizobiales,Methyloligellaceae,Methyloceanibacter,NA
July_2,bco_bin_189,487.2134148365464,0.11172054168531542,2,Bacteria,Actinomycetota,Thermoleophilia,Gaiellales,Gaiellaceae,Palsa-739,NA
July_2,bco_bin_18_1,661.8628005630319,0.10215310169481871,2,Bacteria,Acidobacteriota,Terriglobia,Terriglobales,NA,NA,NA
July_2,bco_bin_19,509.9749022007019,0.8146564609454661,2,Bacteria,Gemmatimonadota,Gemmatimonadetes,Gemmatimonadales,GWC2-71-9,JACDDX01,NA
July_2,bco_bin_190_1,2194.21506421802,-0.45404887273132055,2,Bacteria,Actinomycetota,Thermoleophilia,Gaiellales,Gaiellaceae,JAIBJP01,NA
July_2,bco_bin_193,4257.802433177956,1.187417800026428,2,Bacteria,Gemmatimonadota,Gemmatimonadetes,Longimicrobiales,Longimicrobiaceae,NA,NA
July_2,bco_bin_196_1,7729.616205107076,0.4652139072608008,2,Bacteria,Actinomycetota,Actinomycetes,Mycobacteriales,Pseudonocardiaceae,Actinomycetospora,NA
July_2,bco_bin_197,1380.9419469192744,0.14789909755678013,2,Bacteria,Actinomycetota,Thermoleophilia,Gaiellales,Gaiellaceae,NA,NA
July_2,bco_bin_199,1422.526004150995,-0.5846871107348671,2,Bacteria,Actinomycetota,Thermoleophilia,Solirubrobacterales,Thermoleophilaceae,JACVRW01,NA
July_2,bco_bin_20,94.58035666906078,-1.1297285907723695,1,Bacteria,Actinomycetota,UBA4738,CADDZG01,WHSQ01,NA,NA
July_2,bco_bin_200,1832.1670968371977,0.3003795402783603,2,Bacteria,Actinomycetota,Actinomycetes,Propionibacteriales,Propionibacteriaceae,JAJTCL01,NA
July_2,bco_bin_201_1,3038.417999068823,-0.35777216112748567,2,Bacteria,Actinomycetota,Thermoleophilia,Solirubrobacterales,Thermoleophilaceae,JACVRW01,NA
July_2,bco_bin_205,260.3582008942822,-0.7996004596290325,1,Bacteria,Actinomycetota,UBA4738,UBA4738,HRBIN12,NA,NA
July_2,bco_bin_208,2252.481129745328,1.080380636101535,2,Bacteria,Actinomycetota,Actinomycetes,Mycobacteriales,Mycobacteriaceae,Mycobacterium,NA
July_2,bco_bin_215,1682.7680113592746,-0.529118410618043,2,Bacteria,Actinomycetota,Thermoleophilia,Gaiellales,Gaiellaceae,NA,NA
July_2,bco_bin_21_1,1057.2094895913744,-0.16626379835295194,2,Bacteria,Chloroflexota,Limnocylindria,QHBO01,QHBO01,NA,NA
July_2,bco_bin_23_1,2574.116487353936,1.9297203003733252,2,Bacteria,Pseudomonadota,Gammaproteobacteria,Steroidobacterales,Steroidobacteraceae,13-2-20CM-66-19,NA
July_2,bco_bin_24,2427.518116235663,0.9982035433081174,2,Bacteria,Actinomycetota,Actinomycetes,Mycobacteriales,Mycobacteriaceae,Mycobacterium,NA
July_2,bco_bin_25_1,1100.506603037984,0.6041159160179869,2,Bacteria,Gemmatimonadota,Gemmatimonadetes,Gemmatimonadales,GWC2-71-9,JACDDX01,NA
July_2,bco_bin_26,2489.051142559829,-0.8856424953628466,1,Bacteria,Actinomycetota,Rubrobacteria,Rubrobacterales,Rubrobacteraceae,JALYGY01,NA
July_2,bco_bin_27,1514.922738057826,0.0834878455525496,2,Bacteria,Actinomycetota,Thermoleophilia,Solirubrobacterales,Thermoleophilaceae,AC-37,NA
July_2,bco_bin_28_1,392.7342087764619,1.3350489868146054,2,Bacteria,Verrucomicrobiota,Verrucomicrobiae,Chthoniobacterales,UBA10450,NA,NA
July_2,bco_bin_29_1,1071.171244028443,-0.02392267824454938,3,Bacteria,Acidobacteriota,Terriglobia,Terriglobales,Acidobacteriaceae,KBS-83,NA
July_2,bco_bin_3,1555.4795708786576,1.3582087805364154,2,Bacteria,Actinomycetota,Thermoleophilia,Solirubrobacterales,NA,NA,NA
July_2,bco_bin_30,3291.5578747578925,1.0996767270412733,2,Bacteria,Actinomycetota,Actinomycetes,Mycobacteriales,Jatrophihabitantaceae,NA,NA
July_2,bco_bin_32,538.4930360019259,-1.0445439317644116,1,Bacteria,Actinomycetota,Thermoleophilia,Gaiellales,Gaiellaceae,NA,NA
July_2,bco_bin_35,1265.2148184188165,0.8900543748181392,2,Bacteria,Gemmatimonadota,Gemmatimonadetes,Gemmatimonadales,GWC2-71-9,JACDDX01,NA
July_2,bco_bin_4,1310.4591271090426,0.08968201650286528,2,Bacteria,Actinomycetota,Thermoleophilia,Gaiellales,Gaiellaceae,JAIBJP01,NA
July_2,bco_bin_40_1,1132.3059796656976,0.41801422654808995,2,Bacteria,Actinomycetota,Thermoleophilia,Gaiellales,Gaiellaceae,NA,NA
July_2,bco_bin_46,1583.9289186286428,0.8445212965331305,2,Bacteria,Actinomycetota,Thermoleophilia,Gaiellales,Gaiellaceae,PALSA-600,NA
July_2,bco_bin_49,386.97392678319267,1.429287629004757,2,Bacteria,Pseudomonadota,Gammaproteobacteria,Steroidobacterales,Steroidobacteraceae,13-2-20CM-66-19,NA
July_2,bco_bin_51_1,1317.3157265775435,1.7873956928305115,2,Bacteria,Gemmatimonadota,Gemmatimonadetes,Gemmatimonadales,GWC2-71-9,JACDDX01,NA
July_2,bco_bin_52,1213.8562408591113,0.8664193890720543,2,Bacteria,Methylomirabilota,Methylomirabilia,Rokubacteriales,CSP1-6,AR5,NA
July_2,bco_bin_54,903.701465621798,-0.8802058286698897,2,Bacteria,Actinomycetota,Thermoleophilia,Gaiellales,NA,NA,NA
July_2,bco_bin_55_1,19246.55453334444,0.7182765643361765,2,Bacteria,Actinomycetota,Thermoleophilia,Solirubrobacterales,Solirubrobacteraceae,NA,NA
July_2,bco_bin_57,793.970895309614,-0.8005427007736996,1,Bacteria,Actinomycetota,Thermoleophilia,Gaiellales,Gaiellaceae,NA,NA
July_2,bco_bin_58,1598.9902359016446,-0.11905575194268368,2,Bacteria,Actinomycetota,Thermoleophilia,Solirubrobacterales,Solirubrobacteraceae,Palsa-465,NA
July_2,bco_bin_59_1,561.910836417026,-0.12586259474317343,2,Bacteria,Actinomycetota,Thermoleophilia,Gaiellales,NA,NA,NA
July_2,bco_bin_5_1,7862.142565393549,0.8948741468032138,2,Bacteria,Acidobacteriota,Blastocatellia,Pyrinomonadales,Pyrinomonadaceae,QHXN01,NA
July_2,bco_bin_66,472.0250913157328,-0.7590502436699695,1,Bacteria,Actinomycetota,UBA4738,UBA4738,HRBIN12,NA,NA
July_2,bco_bin_67,4956.833123154963,1.1234302639540394,2,Bacteria,Chloroflexota,UBA6077,UBA6077,CF-72,NA,NA
July_2,bco_bin_68_1,58.86318627805243,-0.8929989609760153,1,Bacteria,Actinomycetota,UBA4738,CADDZG01,WHSQ01,NA,NA
July_2,bco_bin_74,2984.7850114908965,1.6015913772542896,2,Bacteria,Chloroflexota,UBA6077,UBA6077,CF-72,NA,NA
July_2,bco_bin_76_1,24337.912063541506,0.9385949255949825,2,Bacteria,Actinomycetota,Actinomycetes,Mycobacteriales,Pseudonocardiaceae,NA,NA
July_2,bco_bin_78_1,10723.215345663233,-0.48678435442156587,1,Archaea,Thermoproteota,Nitrososphaeria,Nitrososphaerales,Nitrososphaeraceae,Nitrososphaera,NA
July_2,bco_bin_79,2069.42045404111,-0.19109608697010966,2,Bacteria,Actinomycetota,Thermoleophilia,Gaiellales,Gaiellaceae,NA,NA
July_2,bco_bin_80,554.207157142591,1.2384215845830853,2,Bacteria,Actinomycetota,Nitriliruptoria,Euzebyales,Egibacteraceae,NA,NA
July_2,bco_bin_82,1057.8929589250415,-0.1502301111917393,3,Bacteria,Acidobacteriota,Terriglobia,Bryobacterales,Bryobacteraceae,TMP-7,NA
July_2,bco_bin_84,3509.096882108778,0.9752782551986732,2,Bacteria,Gemmatimonadota,Gemmatimonadetes,Gemmatimonadales,Gemmatimonadaceae,NA,NA
July_2,bco_bin_87_2,2242.817538701424,-0.37280417546664846,1,Bacteria,Actinomycetota,Rubrobacteria,Rubrobacterales,Rubrobacteraceae,Rubrobacter_F,NA
July_2,bco_bin_89_1,1511.718952877693,0.6180297770258042,2,Bacteria,Actinomycetota,Thermoleophilia,Gaiellales,NA,NA,NA
July_2,bco_bin_91,12481.122886256997,-0.40039917297188876,1,Archaea,Thermoproteota,Nitrososphaeria,Nitrososphaerales,Nitrososphaeraceae,Nitrososphaera,NA
July_2,bco_bin_93_1,2041.462636315278,-1.2963074282115723,1,Bacteria,Chloroflexota,UBA6077,UBA6077,CF-72,NA,NA
July_2,bco_bin_96,2879.0577951196406,1.3635035921307264,2,Bacteria,Actinomycetota,Actinomycetes,Mycobacteriales,Mycobacteriaceae,Mycobacterium,NA
July_3,DNA-1-22_bin_14,2070.9032956209835,-1.6061432241761655,1,Bacteria,Desulfobacterota_B,Binatia,Bin18,Bin18,NA,NA
July_3,DNA-1-22_bin_2,68830.10616659792,-0.8817551883281116,1,Bacteria,Tectomicrobia,Entotheonellia,NA,NA,NA,NA
July_3,DNA-1-22_bin_3,6221.434284094168,-0.42187705751463955,1,Bacteria,Actinomycetota,Thermoleophilia,Solirubrobacterales,Thermoleophilaceae,JACVRW01,NA
July_3,DNA-1-22_bin_6_1,10228.030638375421,-0.6262208758635778,1,Archaea,Thermoproteota,Nitrososphaeria,Nitrososphaerales,Nitrososphaeraceae,Nitrososphaera,NA
July_3,DNA-1_bin_10_1,1611.0752721419212,0.269755845660557,2,Bacteria,Actinomycetota,UBA4738,UBA4738,HRBIN12,NA,NA
July_3,DNA-1_bin_13_1,3136.8987776329914,0.4234134369221844,3,Bacteria,Planctomycetota,Planctomycetia,Gemmatales,Gemmataceae,NA,NA
July_3,DNA-1_bin_18,109.62110674562676,-0.39786265311947877,3,Bacteria,Eremiobacterota,Eremiobacteria,Baltobacterales,Baltobacteraceae,NA,NA
July_3,DNA-1_bin_22_1,8226.809437157792,0.2461510151217994,2,Bacteria,Actinomycetota,Actinomycetes,Streptomycetales,Streptomycetaceae,Streptomyces,NA
July_3,DNA-1_bin_24_1,46200.89913393007,-0.10534560139380318,1,Bacteria,Actinomycetota,NA,NA,NA,NA,NA
July_3,DNA-1_bin_29_1,1702.6872028647267,0.35912081977672905,2,Bacteria,Actinomycetota,Thermoleophilia,Gaiellales,Gaiellaceae,13-2-20CM-68-14,NA
July_3,DNA-1_bin_3,3865.9857597014275,0.9442844684486141,2,Bacteria,Actinomycetota,Thermoleophilia,Gaiellales,Gaiellaceae,NA,NA
July_3,DNA-1_bin_30,1497.0740118031122,0.8701107034158228,2,Bacteria,Acidobacteriota,Thermoanaerobaculia,Multivoradales,UBA5704,UBA5704,NA
July_3,DNA-1_bin_31,5784.2552272242,0.6239816914919973,2,Bacteria,Chloroflexota,Limnocylindria,Limnocylindrales,CSP1-4,NA,NA
July_3,DNA-1_bin_36_1,559.8421364179212,-0.44256693683173887,2,Bacteria,Chloroflexota,Dormibacteria,Dormibacterales,Dormibacteraceae,NA,NA
July_3,DNA-1_bin_39_1,1120.3230406391813,-0.1106742012431954,1,Bacteria,Actinomycetota,Acidimicrobiia,Acidimicrobiales,AC-14,JAHFUQ01,NA
July_3,DNA-1_bin_41,3019.7202289298984,0.8646015064441772,2,Bacteria,Chloroflexota,Limnocylindria,Limnocylindrales,CSP1-4,NA,NA
July_3,DNA-1_bin_43,930.0556685563492,-1.1945378094261303,1,Bacteria,Nitrospirota,Nitrospiria,Nitrospirales,Nitrospiraceae,NA,NA
July_3,DNA-1_bin_45_1,2542.5975512256136,0.4106499209303417,2,Bacteria,Actinomycetota,Actinomycetes,Mycobacteriales,Jatrophihabitantaceae,Jatrophihabitans,NA
July_3,DNA-1_bin_46,2878.0662319391377,0.3112973849166026,3,Bacteria,Gemmatimonadota,Gemmatimonadetes,Gemmatimonadales,Gemmatimonadaceae,NA,NA
July_3,DNA-1_bin_47_1,1499.893568985361,-0.5210778400315708,3,Bacteria,Chloroflexota,Ktedonobacteria,Ktedonobacterales,Ktedonobacteraceae,NA,NA
July_3,DNA-1_bin_49_1,553.3564816256679,0.8139034809617773,2,Bacteria,Pseudomonadota,Gammaproteobacteria,Steroidobacterales,Steroidobacteraceae,13-2-20CM-66-19,NA
July_3,DNA-1_bin_50,1048.2559184285076,0.707870942534527,2,Bacteria,Myxococcota,Polyangia,Polyangiales,Polyangiaceae,SZUA-265,NA
July_3,DNA-1_bin_51_1,1752.7374449941233,1.0923254172090167,2,Bacteria,Acidobacteriota,Blastocatellia,Pyrinomonadales,Pyrinomonadaceae,NA,NA
July_3,DNA-1_bin_52_1,345.6509471427034,-0.4639946573286567,3,Bacteria,Actinomycetota,Thermoleophilia,Solirubrobacterales,70-9,AC-56,NA
July_3,DNA-1_bin_53_1,9120.662397089382,-0.6743782722557379,1,Archaea,Thermoproteota,Nitrososphaeria,Nitrososphaerales,Nitrososphaeraceae,Nitrososphaera,NA
July_3,DNA-1_bin_54,6847.028943181885,-0.8542215549648805,1,Bacteria,Actinomycetota,Thermoleophilia,Solirubrobacterales,Thermoleophilaceae,JACVRW01,NA
July_3,DNA-1_bin_55_1,3245.394582199511,0.29477295085985816,2,Bacteria,Actinomycetota,Thermoleophilia,Solirubrobacterales,Solirubrobacteraceae,Palsa-465,NA
July_3,DNA-1_bin_59_1,1014.6528168608163,-0.7046523888612504,1,Bacteria,Actinomycetota,UBA4738,UBA4738,NA,NA,NA
July_3,DNA-1_bin_7,620.7796713757772,0.48236123616037274,2,Bacteria,Actinomycetota,UBA4738,UBA4738,JACQTL01,NA,NA
July_3,DNA-1_bin_8,12719.678564341193,-0.6545753570341127,3,Bacteria,Actinomycetota,Actinomycetes,Streptosporangiales,Streptosporangiaceae,NA,NA
July_3,DNA-4_bin_11,2479.617790412011,0.32262166177224855,2,Bacteria,Actinomycetota,Thermoleophilia,Gaiellales,Gaiellaceae,NA,NA
July_3,DNA-4_bin_12_1,20464.41169054396,0.7927928616801209,2,Bacteria,Actinomycetota,Actinomycetes,Mycobacteriales,Micromonosporaceae,Natronosporangium,NA
July_3,DNA-4_bin_14_1,6658.518707790747,-0.7981603963530444,1,Bacteria,Actinomycetota,Rubrobacteria,Rubrobacterales,Rubrobacteraceae,JALYGY01,NA
July_3,DNA-4_bin_15_1,1461.8417734126435,0.640247089339419,2,Bacteria,Actinomycetota,Thermoleophilia,Gaiellales,Gaiellaceae,3-1-20CM-4-69-9,NA
July_3,DNA-4_bin_17,22798.422022573584,0.26686505997306537,2,Bacteria,Actinomycetota,NA,NA,NA,NA,NA
July_3,DNA-4_bin_18,2106.713439538555,0.6812940066990648,2,Bacteria,Actinomycetota,Thermoleophilia,Solirubrobacterales,70-9,NA,NA
July_3,DNA-4_bin_1_1,1220.4029062378736,-0.06536107515284316,2,Bacteria,Gemmatimonadota,Gemmatimonadetes,Gemmatimonadales,GWC2-71-9,JACDDX01,NA
July_3,DNA-4_bin_27_1,1131.521929557702,-1.1475289551266836,1,Bacteria,Actinomycetota,Nitriliruptoria,Euzebyales,NA,NA,NA
July_3,DNA-4_bin_7_1,1889.6918197820833,0.72011419808175825,2,Bacteria,Actinomycetota,Thermoleophilia,Solirubrobacterales,Thermoleophilaceae,NA,NA
July_3,DNA-6_bin_10_1,36209.90597146658,0.7439861598815816,2,Bacteria,Actinomycetota,Actinomycetes,Mycobacteriales,Pseudonocardiaceae,Pseudonocardia,NA
July_3,DNA-6_bin_14_1,537.6441875597245,0.5160969992690669,2,Bacteria,Actinomycetota,Thermoleophilia,Solirubrobacterales,Thermoleophilaceae,NA,NA
July_3,DNA-6_bin_18_1,233.12436098215912,-0.44788313952884923,1,Bacteria,Chloroflexota,UBA6077,UBA6077,NA,NA,NA
July_3,DNA-6_bin_19_1,1193.783652918233,0.7271739381553565,2,Bacteria,Pseudomonadota,Gammaproteobacteria,Xanthomonadales,Rhodanobacteraceae,Dyella_B,NA
July_3,DNA-6_bin_31_1,1830.9447896142713,0.22656159011040652,2,Bacteria,Desulfobacterota,NA,NA,NA,NA,NA
July_3,DNA-6_bin_33_1,360.2354334554568,-0.6210627884160487,2,Bacteria,Desulfobacterota_B,Binatia,UBA9968,UBA9968,DP-1,NA
July_3,DNA-6_bin_34_1,1126.6575303120576,0.5541042969398485,2,Bacteria,Bacteroidota,Bacteroidia,Chitinophagales,Chitinophagaceae,Niastella,NA
July_3,DNA-6_bin_35_1,1048.8411496256995,0.8300183846290302,2,Bacteria,Pseudomonadota,Gammaproteobacteria,Steroidobacterales,Steroidobacteraceae,13-2-20CM-66-19,NA
July_3,DNA-6_bin_37_1,3484.2728158483715,0.7223612367979191,2,Bacteria,Actinomycetota,Actinomycetes,Mycobacteriales,Mycobacteriaceae,Mycobacterium,NA
July_3,DNA-6_bin_38_1,1113.5080613761436,0.5675888525005488,2,Bacteria,Gemmatimonadota,Gemmatimonadetes,Gemmatimonadales,GWC2-71-9,JACDDX01,NA
July_3,DNA-6_bin_42_1,1550.2134037440437,0.07128894995655692,2,Bacteria,Pseudomonadota,Gammaproteobacteria,Burkholderiales,Burkholderiaceae,Trinickia,NA
July_3,DNA-6_bin_44_1,13099.55452295408,1.2210886450135892,2,Bacteria,Actinomycetota,Thermoleophilia,Solirubrobacterales,Solirubrobacteraceae,NA,NA
July_3,DNA-6_bin_48_1,1880.3618314650455,-0.881013086773874,1,Bacteria,Actinomycetota,Actinomycetes,Mycobacteriales,Pseudonocardiaceae,GCA-003244245,NA
July_3,DNA-6_bin_5_1,4122.607495605501,0.6628557743890187,2,Bacteria,Actinomycetota,Thermoleophilia,Solirubrobacterales,Thermoleophilaceae,JACVRW01,NA
July_3,DNA-8_bin_11_1,1546.79361592924,0.3818147741328072,3,Bacteria,Pseudomonadota,Alphaproteobacteria,Reyranellales,Reyranellaceae,Reyranella,NA
July_3,DNA-8_bin_14,1917.554020793256,1.479471236737435,2,Bacteria,Acidobacteriota,Blastocatellia,Pyrinomonadales,Pyrinomonadaceae,NA,NA
July_3,DNA-8_bin_19,439.3706252317892,-1.0761953520099954,1,Bacteria,Pseudomonadota,Gammaproteobacteria,JACCYU01,JACCYU01,NA,NA
July_3,DNA-8_bin_23_1,2634.85392307194,0.4985806339741381,2,Bacteria,Actinomycetota,Thermoleophilia,Gaiellales,Gaiellaceae,NA,NA
July_3,DNA-8_bin_28,9718.517523234485,0.18566967741328774,2,Bacteria,Actinomycetota,Actinomycetes,Mycobacteriales,Pseudonocardiaceae,Pseudonocardia,NA
July_3,DNA-8_bin_29,3688.013730099498,0.7925987110689707,2,Bacteria,Actinomycetota,Actinomycetes,Mycobacteriales,Mycobacteriaceae,Mycobacterium,NA
July_3,DNA-8_bin_30_1,14776.57083535339,-0.4825186423846782,2,Bacteria,Pseudomonadota,Gammaproteobacteria,NA,NA,NA,NA
July_3,DNA-8_bin_35_1,12422.858709672752,0.38279780972634353,2,Bacteria,Actinomycetota,Actinomycetes,NA,NA,NA,NA
July_3,DNA-8_bin_39_1,479.7764341186643,-1.003264396286921,1,Archaea,Thermoproteota,Nitrososphaeria,Nitrososphaerales,Nitrososphaeraceae,TH5893,NA
July_3,DNA-8_bin_7_1,4387.939312364216,0.30725551181680105,2,Bacteria,Actinomycetota,Actinomycetes,Propionibacteriales,Propionibacteriaceae,NA,NA
July_3,bcn_bin_10,1656.2244127446504,0.18674945359519252,2,Bacteria,Actinomycetota,Thermoleophilia,Gaiellales,Gaiellaceae,NA,NA
July_3,bcn_bin_100_1,1795.7995721372965,-0.7211013914909414,1,Bacteria,Chloroflexota,Dehalococcoidia,CAUJGQ01,CAUJGQ01,NA,NA
July_3,bcn_bin_103_1,3304.781351950144,0.6578325641915854,2,Bacteria,Myxococcota,Polyangia,Polyangiales,JAFGIB01,NA,NA
July_3,bcn_bin_105_1,165.48000061618984,-0.6089834052640006,1,Bacteria,Actinomycetota,UBA4738,CADDZG01,WHSQ01,NA,NA
July_3,bcn_bin_106_1,3936.017320299482,0.6469991883355609,2,Bacteria,Acidobacteriota,Blastocatellia,Pyrinomonadales,Pyrinomonadaceae,QHXN01,NA
July_3,bcn_bin_110_1,2685.7108859351465,0.6779919125181408,2,Bacteria,Actinomycetota,Thermoleophilia,Gaiellales,Gaiellaceae,NA,NA
July_3,bcn_bin_114,1611.5982180729025,0.011561033606443716,3,Bacteria,Chloroflexota,UBA6077,UBA6077,CF-72,CF-72,NA
July_3,bcn_bin_115,10713.52612341156,0.7815472393999676,2,Bacteria,Actinomycetota,Actinomycetes,Mycobacteriales,Micromonosporaceae,NA,NA
July_3,bcn_bin_116,1022.9421767321944,0.6278720050028237,2,Bacteria,Actinomycetota,Thermoleophilia,Gaiellales,Gaiellaceae,NA,NA
July_3,bcn_bin_123,324.6648305236063,0.5166464344551751,2,Bacteria,Gemmatimonadota,Gemmatimonadetes,Gemmatimonadales,GWC2-71-9,JACDDX01,NA
July_3,bcn_bin_124,8419.945107031903,-0.07919382816281434,1,Bacteria,Chloroflexota,UBA6077,UBA6077,JACCZL01,NA,NA
July_3,bcn_bin_125_1,1537.6731480908227,0.674896180907207,2,Bacteria,Actinomycetota,Thermoleophilia,Solirubrobacterales,Thermoleophilaceae,NA,NA
July_3,bcn_bin_126,732.6630606415271,0.7077315290836123,2,Bacteria,Gemmatimonadota,Gemmatimonadetes,Gemmatimonadales,GWC2-71-9,JACDDX01,NA
July_3,bcn_bin_130_1,335.93601792011185,0.7529328474937844,2,Bacteria,Actinomycetota,Acidimicrobiia,IMCC26256,JACDBD01,NA,NA
July_3,bcn_bin_131_1,3387.786887666648,0.9203978660581764,2,Bacteria,Methylomirabilota,Methylomirabilia,Rokubacteriales,CSP1-6,NA,NA
July_3,bcn_bin_133,3403.3707684564915,-0.017071595344393047,2,Bacteria,Actinomycetota,Actinomycetes,Propionibacteriales,Propionibacteriaceae,JAJTCL01,NA
July_3,bcn_bin_135_1,3164.968264807846,0.5493640677662617,3,Bacteria,Chloroflexota,UBA6077,UBA6077,CF-72,NA,NA
July_3,bcn_bin_137_1,3078.7727101209393,1.2146868013692436,2,Bacteria,Methylomirabilota,Methylomirabilia,Rokubacteriales,CSP1-6,NA,NA
July_3,bcn_bin_138,597.5864496101522,-0.8098358966358449,1,Archaea,Thermoproteota,Nitrososphaeria,Nitrososphaerales,Nitrososphaeraceae,NA,NA
July_3,bcn_bin_139_1,3442.1220045958144,1.1870255792848703,2,Bacteria,Pseudomonadota,Alphaproteobacteria,Rhizobiales,Beijerinckiaceae,NA,NA
July_3,bcn_bin_13_1,252.48433732980416,0.8407282445179466,2,Bacteria,Gemmatimonadota,Gemmatimonadetes,Gemmatimonadales,GWC2-71-9,JACDDX01,NA
July_3,bcn_bin_140,16117.903804901382,0.7223066299268269,2,Bacteria,Actinomycetota,Actinomycetes,Mycobacteriales,Pseudonocardiaceae,Pseudonocardia,NA
July_3,bcn_bin_142_1,1397.4511460513663,-0.7668075200866399,1,Archaea,Thermoproteota,Nitrososphaeria,Nitrososphaerales,Nitrososphaeraceae,NA,NA
July_3,bcn_bin_14_1,981.2136745338677,0.30806039177077754,2,Bacteria,Actinomycetota,Thermoleophilia,Gaiellales,Gaiellaceae,NA,NA
July_3,bcn_bin_151,7726.19387749667,-0.8667372522720663,1,Bacteria,Actinomycetota,Rubrobacteria,Rubrobacterales,Rubrobacteraceae,JALYGY01,NA
July_3,bcn_bin_154_1,1550.4341053407734,0.4426682077707952,2,Bacteria,Gemmatimonadota,Gemmatimonadetes,Gemmatimonadales,GWC2-71-9,JACDDX01,NA
July_3,bcn_bin_156_1,2638.696064679327,1.0088582505286388,2,Bacteria,Pseudomonadota,Alphaproteobacteria,Sphingomonadales,Sphingomonadaceae,Sphingomicrobium,NA
July_3,bcn_bin_158,2521.2189387291032,0.588503089325314,2,Bacteria,Actinomycetota,Thermoleophilia,Solirubrobacterales,Thermoleophilaceae,NA,NA
July_3,bcn_bin_159,138.1254779521783,-0.6902566526078278,1,Bacteria,Actinomycetota,UBA4738,CADDZG01,WHSQ01,NA,NA
July_3,bcn_bin_160,876.7690577408632,0.1498128624787744,2,Bacteria,Actinomycetota,Thermoleophilia,Solirubrobacterales,Thermoleophilaceae,NA,NA
July_3,bcn_bin_163,291.545873865823,-0.31172780888521295,1,Bacteria,Actinomycetota,UBA4738,UBA4738,NA,NA,NA
July_3,bcn_bin_164,343.7781152740097,0.5559612880443453,3,Bacteria,Acidobacteriota,Terriglobia,Terriglobales,Gp1-AA117,Angelobacter,NA
July_3,bcn_bin_165_1,7596.033146952963,-0.8621516268317815,3,Bacteria,Chloroflexota,UBA6077,UBA6077,JACCZL01,NA,NA
July_3,bcn_bin_167_1,954.49004131325,0.3360424983782398,2,Bacteria,Actinomycetota,Thermoleophilia,Gaiellales,Gaiellaceae,NA,NA
July_3,bcn_bin_169,672.2000602338331,0.40364010900823777,2,Bacteria,Actinomycetota,UBA4738,UBA4738,HRBIN12,NA,NA
July_3,bcn_bin_16_1,6486.511030922337,0.6568144418352315,2,Bacteria,Actinomycetota,Actinomycetes,NA,NA,NA,NA
July_3,bcn_bin_170,187.08456106757998,0.2641177082395336,2,Bacteria,Verrucomicrobiota,Verrucomicrobiae,Chthoniobacterales,UBA10450,AV80,NA
July_3,bcn_bin_174_1,979.7582951998343,-0.5773670001459993,1,Bacteria,Actinomycetota,UBA4738,CADDZG01,WHSQ01,NA,NA
July_3,bcn_bin_175,1980.702890817388,0.7149037977759926,2,Bacteria,Actinomycetota,Thermoleophilia,Gaiellales,Gaiellaceae,NA,NA
July_3,bcn_bin_176,1358.653207050472,0.7768858125239381,3,Bacteria,Pseudomonadota,Alphaproteobacteria,Reyranellales,Reyranellaceae,Reyranella,NA
July_3,bcn_bin_177,678.5343407514747,-0.5478913325052301,1,Bacteria,Actinomycetota,UBA4738,CADDZG01,WHSQ01,NA,NA
July_3,bcn_bin_182_1,577.8663246440342,0.6954341117101072,3,Bacteria,Acidobacteriota,Terriglobia,Bryobacterales,Bryobacteraceae,Bog-105,NA
July_3,bcn_bin_19,3585.2553210496885,-0.4665838510192355,1,Bacteria,Actinomycetota,Thermoleophilia,Solirubrobacterales,Thermoleophilaceae,JACVRW01,NA
July_3,bcn_bin_192,1541.9918003445287,0.9434365257493633,2,Bacteria,Pseudomonadota,Gammaproteobacteria,Burkholderiales,SG8-39,SCGC-AG-212-J23,NA
July_3,bcn_bin_193_1,157.26814217531313,-0.1670492047367836,1,Bacteria,Actinomycetota,UBA4738,CADDZG01,NA,NA,NA
July_3,bcn_bin_194_1,207.14805123627022,-0.7071879660542223,1,Bacteria,Chloroflexota,Chloroflexia,Thermomicrobiales,Thermomicrobiaceae,NA,NA
July_3,bcn_bin_205,997.7867648923869,0.9920218251434115,2,Bacteria,Actinomycetota,Thermoleophilia,Solirubrobacterales,70-9,NA,NA
July_3,bcn_bin_206,863.9343445294444,0.7182091381962669,2,Bacteria,Actinomycetota,Actinomycetes,Mycobacteriales,Mycobacteriaceae,Mycobacterium,NA
July_3,bcn_bin_209_1,743.4381155683463,0.03604400743132238,3,Bacteria,Acidobacteriota,Terriglobia,Bryobacterales,Bryobacteraceae,Bog-105,NA
July_3,bcn_bin_212,1019.4353652909588,0.6811898305504414,2,Bacteria,Actinomycetota,Thermoleophilia,Solirubrobacterales,70-9,NA,NA
July_3,bcn_bin_213,313.7442832942031,0.12208416530563587,2,Bacteria,Gemmatimonadota,Gemmatimonadetes,Gemmatimonadales,GWC2-71-9,JACDDX01,NA
July_3,bcn_bin_216,442.5094289137012,-0.8602534205573009,1,Archaea,Thermoproteota,Nitrososphaeria,Nitrososphaerales,Nitrososphaeraceae,TH5893,NA
July_3,bcn_bin_217,2204.9775120814124,0.7120847820640018,2,Bacteria,Actinomycetota,Thermoleophilia,Gaiellales,Gaiellaceae,NA,NA
July_3,bcn_bin_21_1,6463.32087846507,-0.930227013827715,1,Bacteria,Chloroflexota,Dehalococcoidia,UBA3495,UBA3495,NA,NA
July_3,bcn_bin_222_1,1341.1368775925835,-0.3481382502385335,2,Bacteria,Acidobacteriota,Terriglobia,Bryobacterales,Bryobacteraceae,Bog-105,NA
July_3,bcn_bin_224,521.9590085041854,0.6165368649955223,2,Bacteria,Actinomycetota,Thermoleophilia,Gaiellales,Gaiellaceae,NA,NA
July_3,bcn_bin_225,3160.8896218007158,0.32516541795165177,2,Bacteria,Actinomycetota,Thermoleophilia,Solirubrobacterales,Thermoleophilaceae,JACVRW01,NA
July_3,bcn_bin_226_1,9829.896387058681,1.2092690821230327,2,Bacteria,Myxococcota,Myxococcia,Myxococcales,Myxococcaceae,Archangium,NA
July_3,bcn_bin_229_1,22061.21152511694,1.020078199231463,2,Bacteria,Actinomycetota,Actinomycetes,Propionibacteriales,Propionibacteriaceae,NA,NA
July_3,bcn_bin_230,11857.32631626943,0.8724128165747398,2,Bacteria,Actinomycetota,Thermoleophilia,Solirubrobacterales,Solirubrobacteraceae,NA,NA
July_3,bcn_bin_234,1069.7319039761142,-0.8798503969050787,1,Bacteria,Actinomycetota,UBA4738,UBA4738,NA,NA,NA
July_3,bcn_bin_235,1833.5085711042486,0.8614776272217398,2,Bacteria,Pseudomonadota,Gammaproteobacteria,Steroidobacterales,Steroidobacteraceae,NA,NA
July_3,bcn_bin_238_1,586.7533224227363,0.09544607217584866,2,Bacteria,Actinomycetota,Thermoleophilia,Solirubrobacterales,Thermoleophilaceae,NA,NA
July_3,bcn_bin_244_1,1480.9541211843255,0.013497229805263198,3,Bacteria,Chloroflexota,Ktedonobacteria,Ktedonobacterales,Ktedonobacteraceae,NA,NA
July_3,bcn_bin_245,1266.7293721458568,0.6512969285658139,2,Bacteria,Actinomycetota,UBA4738,UBA4738,NA,NA,NA
July_3,bcn_bin_247,1534.767781400361,1.481216069056165,2,Bacteria,Actinomycetota,Thermoleophilia,Gaiellales,Gaiellaceae,NA,NA
July_3,bcn_bin_248_1,706.5552990626372,0.5346924439642616,2,Bacteria,Gemmatimonadota,Gemmatimonadetes,Gemmatimonadales,GWC2-71-9,JACDDX01,NA
July_3,bcn_bin_249_1,1960.9840867872506,-0.8112594182247634,1,Bacteria,Chloroflexota,Chloroflexia,Chloroflexales,Kallotenuaceae,NA,NA
July_3,bcn_bin_251,17604.01453884164,1.13487120257595,2,Bacteria,Actinomycetota,Actinomycetes,Mycobacteriales,Micromonosporaceae,NA,NA
July_3,bcn_bin_253,2346.9527652753018,0.3124154139023239,2,Bacteria,Pseudomonadota,Alphaproteobacteria,Rhizobiales,Xanthobacteraceae,NA,NA
July_3,bcn_bin_254,1190.861164323752,-1.1344688100597953,1,Bacteria,Actinomycetota,Actinomycetes,Mycobacteriales,Pseudonocardiaceae,GCA-003244245,NA
July_3,bcn_bin_256_1,544.3090914340414,0.2306741516023493,2,Bacteria,Actinomycetota,Thermoleophilia,Solirubrobacterales,NA,NA,NA
July_3,bcn_bin_257_1,4278.697935541207,0.6828936436358182,2,Bacteria,Actinomycetota,Thermoleophilia,Gaiellales,Gaiellaceae,NA,NA
July_3,bcn_bin_260_1,2052.9615863552704,-0.822415938074278,1,Bacteria,Chloroflexota,Dehalococcoidia,UBA3495,UBA3495,NA,NA
July_3,bcn_bin_262,580.9758717785675,0.6582764063635449,2,Bacteria,Actinomycetota,Thermoleophilia,Gaiellales,Gaiellaceae,3-1-20CM-4-69-9,NA
July_3,bcn_bin_263_1,292.93975729015307,0.5648462014008815,2,Bacteria,Actinomycetota,UBA4738,UBA4738,HRBIN12,NA,NA
July_3,bcn_bin_267,2720.8509162643463,-0.7783206123532195,1,Bacteria,Actinomycetota,Rubrobacteria,Rubrobacterales,Rubrobacteraceae,Rubrobacter_D,NA
July_3,bcn_bin_270_1,1028.8943816345854,1.6028685411684749,2,Bacteria,Actinomycetota,Thermoleophilia,Gaiellales,Gaiellaceae,13-2-20CM-68-14,NA
July_3,bcn_bin_271,1172.3969279623118,-0.32446306752851073,3,Bacteria,Acidobacteriota,Terriglobia,Bryobacterales,Bryobacteraceae,NA,NA
July_3,bcn_bin_273,9788.9518615664,0.9360801552003574,2,Bacteria,Actinomycetota,Actinomycetes,NA,NA,NA,NA
July_3,bcn_bin_274_1,760.0831918315234,-0.92446850813031,1,Bacteria,Actinomycetota,UBA4738,CADDZG01,WHSQ01,JALZEG01,NA
July_3,bcn_bin_277_1,2172.8374704745315,0.9704429887593515,2,Bacteria,Acidobacteriota,Terriglobia,Terriglobales,DSPA01,NA,NA
July_3,bcn_bin_278_1,2846.6239258406827,0.40059619366870325,2,Bacteria,Actinomycetota,Acidimicrobiia,Acidimicrobiales,JACDCH01,ZC4RG19,NA
July_3,bcn_bin_280,3831.6637027465854,0.7656481091756934,2,Bacteria,Actinomycetota,Thermoleophilia,Solirubrobacterales,Thermoleophilaceae,JACVRW01,NA
July_3,bcn_bin_289_1,426.89662653727794,-0.48277006259612754,1,Bacteria,Actinomycetota,UBA4738,UBA4738,NA,NA,NA
July_3,bcn_bin_28_1,764.9337839094585,0.757188642107013,2,Bacteria,Actinomycetota,Thermoleophilia,Solirubrobacterales,NA,NA,NA
July_3,bcn_bin_29_1,306.3506835107718,-0.5577573574931379,1,Bacteria,Actinomycetota,UBA4738,CADDZG01,WHSQ01,NA,NA
July_3,bcn_bin_2_1,2359.483084066912,-0.42534883530298545,3,Bacteria,Actinomycetota,Actinomycetes,Streptosporangiales,Streptosporangiaceae,NA,NA
July_3,bcn_bin_3,906.803978447391,-0.036469590739417454,2,Bacteria,Actinomycetota,Thermoleophilia,Gaiellales,Gaiellaceae,JAIBJP01,NA
July_3,bcn_bin_30,1343.7002782345749,0.7578985273634804,2,Bacteria,Actinomycetota,Thermoleophilia,Gaiellales,Gaiellaceae,3-1-20CM-4-69-9,NA
July_3,bcn_bin_34,1227.9887805140636,0.38027579881862983,3,Bacteria,Actinomycetota,Thermoleophilia,Gaiellales,Gaiellaceae,JAIBJP01,NA
July_3,bcn_bin_35,2221.358443549859,0.6703528792094389,2,Bacteria,Actinomycetota,Thermoleophilia,Solirubrobacterales,Thermoleophilaceae,JACVRW01,NA
July_3,bcn_bin_38_1,9259.59266501918,0.700148002828054,2,Bacteria,Actinomycetota,Actinomycetes,Mycobacteriales,Pseudonocardiaceae,NA,NA
July_3,bcn_bin_42,4328.754000398321,0.15268305699387455,2,Bacteria,Actinomycetota,Actinomycetes,Mycobacteriales,Pseudonocardiaceae,GCA-003244245,NA
July_3,bcn_bin_43,1544.0770997888612,1.0947164283233233,2,Bacteria,Actinomycetota,Thermoleophilia,Gaiellales,NA,NA,NA
July_3,bcn_bin_48,889.1192136860823,1.5314843087149215,2,Bacteria,Actinomycetota,Thermoleophilia,Gaiellales,JAICJC01,NA,NA
July_3,bcn_bin_51,4912.509349535081,0.8674041371098399,2,Bacteria,Pseudomonadota,Alphaproteobacteria,Rhizobiales,Rhizobiaceae,NA,NA
July_3,bcn_bin_56_1,894.7660082372595,0.09790029285330167,3,Bacteria,Chloroflexota,Dormibacteria,UBA8260,UBA8260,NA,NA
July_3,bcn_bin_59,1314.1393401070497,1.1375368816177045,2,Bacteria,Chloroflexota,Limnocylindria,Limnocylindrales,CSP1-4,NA,NA
July_3,bcn_bin_63_1,2233.004312010989,0.1255442436814863,2,Bacteria,Pseudomonadota,Alphaproteobacteria,Rhizobiales,Aestuariivirgaceae,NA,NA
July_3,bcn_bin_68,1303.5996591204319,0.5501028525779441,2,Bacteria,Actinomycetota,Thermoleophilia,Gaiellales,Gaiellaceae,NA,NA
July_3,bcn_bin_70,5415.502049506716,0.8123831124367629,2,Bacteria,Actinomycetota,Thermoleophilia,Solirubrobacterales,Thermoleophilaceae,NA,NA
July_3,bcn_bin_71,1922.0901776933833,0.8265198042767792,2,Bacteria,Actinomycetota,Actinomycetes,Mycobacteriales,Mycobacteriaceae,Mycobacterium,NA
July_3,bcn_bin_72,703.5400031900615,0.7686254963158283,2,Bacteria,Actinomycetota,Thermoleophilia,Solirubrobacterales,70-9,NA,NA
July_3,bcn_bin_80_1,2649.53987956531,1.3885139895937293,2,Bacteria,Myxococcota,Myxococcia,Myxococcales,40CM-4-68-19,VBKO01,NA
July_3,bcn_bin_81,829.0019331546541,-0.16390953099291972,2,Bacteria,Actinomycetota,Thermoleophilia,Gaiellales,Gaiellaceae,AC-21,NA
July_3,bcn_bin_82_1,718.8222553731666,0.189616115819993,2,Bacteria,Gemmatimonadota,Gemmatimonadetes,Gemmatimonadales,GWC2-71-9,JACDDX01,NA
July_3,bcn_bin_84_1,3150.0428949811735,0.05371347541355652,2,Bacteria,Actinomycetota,Thermoleophilia,Gaiellales,Gaiellaceae,NA,NA
July_3,bcn_bin_85,1008.8908050526348,1.4230866153476645,2,Bacteria,Methylomirabilota,Methylomirabilia,Rokubacteriales,CSP1-6,NA,NA
July_3,bcn_bin_87,868.4107461726445,0.4325561330892225,1,Bacteria,Actinomycetota,Thermoleophilia,Gaiellales,Gaiellaceae,GMQP-bins7,NA
July_3,bcn_bin_97,22856.339632445917,0.8439043121224022,2,Bacteria,Actinomycetota,Thermoleophilia,Solirubrobacterales,Solirubrobacteraceae,NA,NA
July_3,bcn_bin_99_1,1752.367754377398,-0.9629450318321102,3,Bacteria,Acidobacteriota,Terriglobia,Bryobacterales,Bryobacteraceae,Bog-105,NA
July_3,bcn_bin_9_1,514.3994622562653,-0.660267468285512,1,Bacteria,Actinomycetota,UBA4738,CADDZG01,WHSQ01,NA,NA
July_3,bco_bin_1,6961.301257236206,0.053862935657358564,3,Bacteria,Actinomycetota,Acidimicrobiia,Acidimicrobiales,JACDCH01,NA,NA
July_3,bco_bin_101,845.7932008018352,0.40235954908638794,2,Bacteria,Actinomycetota,Actinomycetes,Jiangellales,Jiangellaceae,NA,NA
July_3,bco_bin_102_1,323.5123115993678,0.29157561692189377,1,Bacteria,Actinomycetota,UBA4738,JAHWKV01,JAHWKV01,NA,NA
July_3,bco_bin_104_1,4563.935558012018,0.36308079027254764,2,Bacteria,Actinomycetota,Actinomycetes,Mycobacteriales,Pseudonocardiaceae,Pseudonocardia,NA
July_3,bco_bin_105_1,3254.104411161439,0.6871192373923306,2,Bacteria,Pseudomonadota,Gammaproteobacteria,Burkholderiales,Burkholderiaceae,Telluria,NA
July_3,bco_bin_106_1,758.4508422765746,0.39112917401682096,2,Bacteria,Gemmatimonadota,Gemmatimonadetes,Gemmatimonadales,GWC2-71-9,JACDDX01,NA
July_3,bco_bin_107,1815.101314854896,-0.6794084567094821,1,Bacteria,Actinomycetota,UBA4738,JAHWKV01,NA,NA,NA
July_3,bco_bin_108_1,554.6685257683993,-0.3642599675210625,3,Bacteria,Pseudomonadota,Alphaproteobacteria,Acetobacterales,Acetobacteraceae,NA,NA
July_3,bco_bin_109,3018.5636890486494,0.47507056007773607,2,Bacteria,Actinomycetota,Thermoleophilia,Gaiellales,Gaiellaceae,3-1-20CM-4-69-9,NA
July_3,bco_bin_11,491.5587457514313,-1.0542012652951982,3,Bacteria,Nitrospirota,Nitrospiria,Nitrospirales,Nitrospiraceae,NA,NA
July_3,bco_bin_111,2736.466804549178,0.42543622249431884,2,Bacteria,Actinomycetota,Thermoleophilia,Gaiellales,Gaiellaceae,NA,NA
July_3,bco_bin_112,4115.94941633421,0.26617561959692837,2,Bacteria,Actinomycetota,Thermoleophilia,Solirubrobacterales,Solirubrobacteraceae,NA,NA
July_3,bco_bin_113,631.3547323029774,0.8192646264154357,2,Bacteria,Gemmatimonadota,Gemmatimonadetes,Gemmatimonadales,GWC2-71-9,JACDDX01,NA
July_3,bco_bin_115,1812.7818517831447,0.09126341150043363,1,Bacteria,Actinomycetota,Thermoleophilia,Solirubrobacterales,Thermoleophilaceae,JACVRW01,NA
July_3,bco_bin_116,310.04752348450256,-0.6904113300401474,3,Bacteria,Chloroflexota,Dormibacteria,Dormibacterales,Dormibacteraceae,NA,NA
July_3,bco_bin_117,822.813278932505,-0.45244510220841544,1,Bacteria,Actinomycetota,Acidimicrobiia,IMCC26256,PALSA-610,NA,NA
July_3,bco_bin_118,2817.5448964856287,1.0333942826292575,2,Bacteria,Actinomycetota,Thermoleophilia,Gaiellales,Gaiellaceae,NA,NA
July_3,bco_bin_123,4412.109884454408,0.5745649426900262,2,Bacteria,Actinomycetota,Actinomycetes,Jiangellales,Jiangellaceae,NA,NA
July_3,bco_bin_125_1,6610.998938795625,-0.19774255192044715,3,Bacteria,Actinomycetota,Actinomycetes,Streptosporangiales,Streptosporangiaceae,NA,NA
July_3,bco_bin_128,893.413365859319,0.08787232011995821,2,Bacteria,Actinomycetota,Thermoleophilia,Gaiellales,Gaiellaceae,NA,NA
July_3,bco_bin_129,673.839825637853,-0.5291748689560845,1,Bacteria,Actinomycetota,Thermoleophilia,Solirubrobacterales,70-9,NA,NA
July_3,bco_bin_130,735.0729258731434,0.5281398091102675,2,Bacteria,Actinomycetota,Thermoleophilia,Solirubrobacterales,70-9,AC-56,NA
July_3,bco_bin_134_1,470.5828790171554,-0.8965611427702828,1,Bacteria,Nitrospirota,Nitrospiria,Nitrospirales,Nitrospiraceae,NA,NA
July_3,bco_bin_135,6811.0369580314145,1.7285514947342422,2,Bacteria,Pseudomonadota,Alphaproteobacteria,Rhizobiales,Beijerinckiaceae,NA,NA
July_3,bco_bin_136,14549.852718312373,0.14550212992989656,2,Bacteria,Actinomycetota,Actinomycetes,Mycobacteriales,Pseudonocardiaceae,NA,NA
July_3,bco_bin_137,289.2536781913289,-0.5273999642891161,3,Bacteria,Gemmatimonadota,Gemmatimonadetes,Gemmatimonadales,GWC2-71-9,JACDDX01,NA
July_3,bco_bin_139,1927.7195589081873,0.020981387657737948,3,Bacteria,Chloroflexota,UBA6077,UBA6077,JAJPHF01,NA,NA
July_3,bco_bin_14,2666.3066799777225,0.8844591297340745,2,Bacteria,Actinomycetota,Actinomycetes,Jiangellales,Jiangellaceae,NA,NA
July_3,bco_bin_143,1399.9567888272838,-0.8409856330017688,1,Bacteria,Actinomycetota,Rubrobacteria,Rubrobacterales,Rubrobacteraceae,Rubrobacter_F,NA
July_3,bco_bin_145,1727.6118501548294,-0.781919509764439,1,Bacteria,Chloroflexota,Chloroflexia,Thermomicrobiales,UBA6265,JACCXM01,NA
July_3,bco_bin_146_1,125.08130997419055,-1.1595302952888662,1,Bacteria,Actinomycetota,UBA4738,CADDZG01,WHSQ01,NA,NA
July_3,bco_bin_147,2116.509128790533,0.5195922487378493,2,Bacteria,Actinomycetota,Thermoleophilia,Solirubrobacterales,Solirubrobacteraceae,Palsa-465,NA
July_3,bco_bin_148_1,672.9318707444698,1.3273338178024479,2,Bacteria,Actinomycetota,Acidimicrobiia,Acidimicrobiales,AC-14,NA,NA
July_3,bco_bin_149,180.08702348592323,-0.8447922658971349,1,Bacteria,Actinomycetota,UBA4738,CADDZG01,WHSQ01,NA,NA
July_3,bco_bin_150,12548.663367728564,-0.20307154921277892,3,Bacteria,Actinomycetota,Actinomycetes,Streptosporangiales,Streptosporangiaceae,NA,NA
July_3,bco_bin_153,2829.8635989334034,-1.1926001951340695,1,Bacteria,Actinomycetota,Rubrobacteria,Rubrobacterales,Rubrobacteraceae,Rubrobacter_F,NA
July_3,bco_bin_155,2749.93210654395,0.23547907774859062,2,Bacteria,Actinomycetota,Actinomycetes,Propionibacteriales,Propionibacteriaceae,JAJTCL01,NA
July_3,bco_bin_158_1,1030.4715976668228,0.2634408094287758,2,Bacteria,Actinomycetota,Thermoleophilia,Solirubrobacterales,Solirubrobacteraceae,Palsa-465,NA
July_3,bco_bin_16,1387.3152867167987,-0.6122043393308786,2,Bacteria,Actinomycetota,Thermoleophilia,Gaiellales,Gaiellaceae,JAIBJP01,NA
July_3,bco_bin_160,167.43090966038025,-0.7729933977365252,1,Bacteria,Actinomycetota,UBA4738,CADDZG01,WHSQ01,NA,NA
July_3,bco_bin_161,2125.772195267327,-0.17715305140462928,3,Bacteria,Acidobacteriota,Terriglobia,Bryobacterales,Bryobacteraceae,NA,NA
July_3,bco_bin_167_1,3513.762405921437,0.020393631814176926,2,Bacteria,Actinomycetota,Actinomycetes,Mycobacteriales,Pseudonocardiaceae,Saccharopolyspora,NA
July_3,bco_bin_168,1088.9060750611252,-0.25944275832514724,3,Bacteria,Actinomycetota,UBA4738,UBA4738,HRBIN12,NA,NA
July_3,bco_bin_170,6072.025765069155,0.3445822189027691,2,Bacteria,Actinomycetota,Actinomycetes,Mycobacteriales,Pseudonocardiaceae,Pseudonocardia,NA
July_3,bco_bin_172,5666.98963176631,0.02372484898476697,2,Bacteria,Actinomycetota,Actinomycetes,Mycobacteriales,Pseudonocardiaceae,NA,NA
July_3,bco_bin_176,1316.2799346807237,0.901131060216517,2,Bacteria,Actinomycetota,Actinomycetes,Mycobacteriales,Mycobacteriaceae,Mycobacterium,NA
July_3,bco_bin_181,5434.90016097808,0.7653889891641912,2,Bacteria,Actinomycetota,Actinomycetes,Mycobacteriales,Pseudonocardiaceae,Lentzea,NA
July_3,bco_bin_183_1,154.30143427713625,-0.8120900110377863,1,Bacteria,Actinomycetota,UBA4738,UBA4738,HRBIN12,NA,NA
July_3,bco_bin_186,2261.0092054164115,0.8939148211641703,2,Bacteria,Actinomycetota,Thermoleophilia,Solirubrobacterales,Solirubrobacteraceae,AC-38,NA
July_3,bco_bin_187,221.12959732425486,-0.4929984842258642,2,Bacteria,Pseudomonadota,Alphaproteobacteria,Rhizobiales,Methyloligellaceae,Methyloceanibacter,NA
July_3,bco_bin_189,551.5620035313572,0.3139965586837991,2,Bacteria,Actinomycetota,Thermoleophilia,Gaiellales,Gaiellaceae,Palsa-739,NA
July_3,bco_bin_18_1,1240.9253638431003,1.1423101762620267,2,Bacteria,Acidobacteriota,Terriglobia,Terriglobales,NA,NA,NA
July_3,bco_bin_19,482.47771671229935,0.65123221822836,2,Bacteria,Gemmatimonadota,Gemmatimonadetes,Gemmatimonadales,GWC2-71-9,JACDDX01,NA
July_3,bco_bin_190_1,2419.0942418498526,-0.04977760355913695,2,Bacteria,Actinomycetota,Thermoleophilia,Gaiellales,Gaiellaceae,JAIBJP01,NA
July_3,bco_bin_193,4000.365954887432,1.0536530556311952,2,Bacteria,Gemmatimonadota,Gemmatimonadetes,Longimicrobiales,Longimicrobiaceae,NA,NA
July_3,bco_bin_196_1,7738.728184195257,0.4688998819892419,2,Bacteria,Actinomycetota,Actinomycetes,Mycobacteriales,Pseudonocardiaceae,Actinomycetospora,NA
July_3,bco_bin_197,1468.2860470693272,0.4288030126960679,2,Bacteria,Actinomycetota,Thermoleophilia,Gaiellales,Gaiellaceae,NA,NA
July_3,bco_bin_199,1614.2681510239308,-0.12695318317725413,2,Bacteria,Actinomycetota,Thermoleophilia,Solirubrobacterales,Thermoleophilaceae,JACVRW01,NA
July_3,bco_bin_20,119.39255102136251,-0.6443257231101625,1,Bacteria,Actinomycetota,UBA4738,CADDZG01,WHSQ01,NA,NA
July_3,bco_bin_200,2132.247109059103,0.7104412291223209,2,Bacteria,Actinomycetota,Actinomycetes,Propionibacteriales,Propionibacteriaceae,JAJTCL01,NA
July_3,bco_bin_201_1,3282.1078392775075,-0.09858096527594243,2,Bacteria,Actinomycetota,Thermoleophilia,Solirubrobacterales,Thermoleophilaceae,JACVRW01,NA
July_3,bco_bin_205,246.39419451465446,-0.8543262592674633,1,Bacteria,Actinomycetota,UBA4738,UBA4738,HRBIN12,NA,NA
July_3,bco_bin_208,2170.564840898835,0.9738396531041278,2,Bacteria,Actinomycetota,Actinomycetes,Mycobacteriales,Mycobacteriaceae,Mycobacterium,NA
July_3,bco_bin_215,2001.4874787400763,0.12133381083409929,2,Bacteria,Actinomycetota,Thermoleophilia,Gaiellales,Gaiellaceae,NA,NA
July_3,bco_bin_21_1,991.6761715843635,-0.45018239665652415,2,Bacteria,Chloroflexota,Limnocylindria,QHBO01,QHBO01,NA,NA
July_3,bco_bin_23_1,1086.0168320517323,0.2597481431946671,2,Bacteria,Pseudomonadota,Gammaproteobacteria,Steroidobacterales,Steroidobacteraceae,13-2-20CM-66-19,NA
July_3,bco_bin_24,2369.3981434327275,0.9247614639069547,2,Bacteria,Actinomycetota,Actinomycetes,Mycobacteriales,Mycobacteriaceae,Mycobacterium,NA
July_3,bco_bin_25_1,1111.0766451422412,0.6322342583643887,2,Bacteria,Gemmatimonadota,Gemmatimonadetes,Gemmatimonadales,GWC2-71-9,JACDDX01,NA
July_3,bco_bin_26,2833.9104770736985,-0.818729923276227,1,Bacteria,Actinomycetota,Rubrobacteria,Rubrobacterales,Rubrobacteraceae,JALYGY01,NA
July_3,bco_bin_27,1641.2537981340101,0.3803318578160018,2,Bacteria,Actinomycetota,Thermoleophilia,Solirubrobacterales,Thermoleophilaceae,AC-37,NA
July_3,bco_bin_28_1,203.93399856456216,0.16946732821788638,2,Bacteria,Verrucomicrobiota,Verrucomicrobiae,Chthoniobacterales,UBA10450,NA,NA
July_3,bco_bin_29_1,642.0185052386811,-0.517145254963372,3,Bacteria,Acidobacteriota,Terriglobia,Terriglobales,Acidobacteriaceae,KBS-83,NA
July_3,bco_bin_3,1166.3403815810125,0.5533093752607205,2,Bacteria,Actinomycetota,Thermoleophilia,Solirubrobacterales,NA,NA,NA
July_3,bco_bin_30,2548.975312703572,0.3630651659430015,2,Bacteria,Actinomycetota,Actinomycetes,Mycobacteriales,Jatrophihabitantaceae,NA,NA
July_3,bco_bin_32,681.7465370445225,-0.4016984065889934,1,Bacteria,Actinomycetota,Thermoleophilia,Gaiellales,Gaiellaceae,NA,NA
July_3,bco_bin_35,1110.8804840820226,0.5386552963496549,2,Bacteria,Gemmatimonadota,Gemmatimonadetes,Gemmatimonadales,GWC2-71-9,JACDDX01,NA
July_3,bco_bin_4,1384.4644493141939,0.23472891839057108,2,Bacteria,Actinomycetota,Thermoleophilia,Gaiellales,Gaiellaceae,JAIBJP01,NA
July_3,bco_bin_40_1,1380.8649745611576,1.0807711410172192,2,Bacteria,Actinomycetota,Thermoleophilia,Gaiellales,Gaiellaceae,NA,NA
July_3,bco_bin_46,1377.0839195042497,0.5485846762136442,2,Bacteria,Actinomycetota,Thermoleophilia,Gaiellales,Gaiellaceae,PALSA-600,NA
July_3,bco_bin_49,339.4056553962758,1.0366438212102718,2,Bacteria,Pseudomonadota,Gammaproteobacteria,Steroidobacterales,Steroidobacteraceae,13-2-20CM-66-19,NA
July_3,bco_bin_51_1,782.0307551856102,0.0955070322874803,2,Bacteria,Gemmatimonadota,Gemmatimonadetes,Gemmatimonadales,GWC2-71-9,JACDDX01,NA
July_3,bco_bin_52,1331.1178215016894,1.258897670488088,2,Bacteria,Methylomirabilota,Methylomirabilia,Rokubacteriales,CSP1-6,AR5,NA
July_3,bco_bin_54,1178.9063721042721,0.2028544590450456,2,Bacteria,Actinomycetota,Thermoleophilia,Gaiellales,NA,NA,NA
July_3,bco_bin_55_1,18964.643686340598,0.6847505692572241,2,Bacteria,Actinomycetota,Thermoleophilia,Solirubrobacterales,Solirubrobacteraceae,NA,NA
July_3,bco_bin_57,992.85035161321,-0.37086628254263493,1,Bacteria,Actinomycetota,Thermoleophilia,Gaiellales,Gaiellaceae,NA,NA
July_3,bco_bin_58,1902.4481900110013,0.1884446231310822,2,Bacteria,Actinomycetota,Thermoleophilia,Solirubrobacterales,Solirubrobacteraceae,Palsa-465,NA
July_3,bco_bin_59_1,513.9743467069665,-0.406952582743357,2,Bacteria,Actinomycetota,Thermoleophilia,Gaiellales,NA,NA,NA
July_3,bco_bin_5_1,6312.866159012194,0.29096379921086957,2,Bacteria,Acidobacteriota,Blastocatellia,Pyrinomonadales,Pyrinomonadaceae,QHXN01,NA
July_3,bco_bin_66,469.41699079445027,-0.7778507811675253,1,Bacteria,Actinomycetota,UBA4738,UBA4738,HRBIN12,NA,NA
July_3,bco_bin_67,4605.469533140896,0.8575567528066902,2,Bacteria,Chloroflexota,UBA6077,UBA6077,CF-72,NA,NA
July_3,bco_bin_68_1,66.08264513556149,-0.7363938851228251,1,Bacteria,Actinomycetota,UBA4738,CADDZG01,WHSQ01,NA,NA
July_3,bco_bin_74,2366.5312247929974,0.9447140041685087,2,Bacteria,Chloroflexota,UBA6077,UBA6077,CF-72,NA,NA
July_3,bco_bin_76_1,18638.17024793739,0.004352355383086835,2,Bacteria,Actinomycetota,Actinomycetes,Mycobacteriales,Pseudonocardiaceae,NA,NA
July_3,bco_bin_78_1,7159.002075868051,-0.972726680713862,1,Archaea,Thermoproteota,Nitrososphaeria,Nitrososphaerales,Nitrososphaeraceae,Nitrososphaera,NA
July_3,bco_bin_79,2911.0750241381334,0.7052215159975607,2,Bacteria,Actinomycetota,Thermoleophilia,Gaiellales,Gaiellaceae,NA,NA
July_3,bco_bin_80,417.1024497571775,-1.1154961553485996,2,Bacteria,Actinomycetota,Nitriliruptoria,Euzebyales,Egibacteraceae,NA,NA
July_3,bco_bin_82,954.5508368974212,-0.28051642686548023,3,Bacteria,Acidobacteriota,Terriglobia,Bryobacterales,Bryobacteraceae,TMP-7,NA
July_3,bco_bin_84,3651.2374414181486,1.0567023994620228,2,Bacteria,Gemmatimonadota,Gemmatimonadetes,Gemmatimonadales,Gemmatimonadaceae,NA,NA
July_3,bco_bin_87_2,1726.692026393757,-0.9350161970714381,1,Bacteria,Actinomycetota,Rubrobacteria,Rubrobacterales,Rubrobacteraceae,Rubrobacter_F,NA
July_3,bco_bin_89_1,1323.3216031431753,0.333343494566237,2,Bacteria,Actinomycetota,Thermoleophilia,Gaiellales,NA,NA,NA
July_3,bco_bin_91,9032.690164189436,-0.8994985431060868,1,Archaea,Thermoproteota,Nitrososphaeria,Nitrososphaerales,Nitrososphaeraceae,Nitrososphaera,NA
July_3,bco_bin_93_1,2279.903936432222,-0.6536824029485631,1,Bacteria,Chloroflexota,UBA6077,UBA6077,CF-72,NA,NA
July_3,bco_bin_96,2226.1631046975017,0.6367831233123207,2,Bacteria,Actinomycetota,Actinomycetes,Mycobacteriales,Mycobacteriaceae,Mycobacterium,NA
May,DNA-1-22_bin_14,4702.040870012468,0.6823027779041472,1,Bacteria,Desulfobacterota_B,Binatia,Bin18,Bin18,NA,NA
May,DNA-1-22_bin_2,220727.554619598,1.0829434738641581,1,Bacteria,Tectomicrobia,Entotheonellia,NA,NA,NA,NA
May,DNA-1-22_bin_3,6231.388823279546,-0.4126936761713472,1,Bacteria,Actinomycetota,Thermoleophilia,Solirubrobacterales,Thermoleophilaceae,JACVRW01,NA
May,DNA-1-22_bin_6_1,15575.886948029,0.5751560388626871,1,Archaea,Thermoproteota,Nitrososphaeria,Nitrososphaerales,Nitrososphaeraceae,Nitrososphaera,NA
May,DNA-1_bin_10_1,1090.981750940981,-0.9330211154179606,2,Bacteria,Actinomycetota,UBA4738,UBA4738,HRBIN12,NA,NA
May,DNA-1_bin_13_1,3779.7768718329944,0.9485054322705323,3,Bacteria,Planctomycetota,Planctomycetia,Gemmatales,Gemmataceae,NA,NA
May,DNA-1_bin_18,721.1449425205828,1.8861565236568179,3,Bacteria,Eremiobacterota,Eremiobacteria,Baltobacterales,Baltobacteraceae,NA,NA
May,DNA-1_bin_22_1,7573.047068189947,-0.11963495589230361,2,Bacteria,Actinomycetota,Actinomycetes,Streptomycetales,Streptomycetaceae,Streptomyces,NA
May,DNA-1_bin_24_1,60234.159154256544,1.424856146676233,1,Bacteria,Actinomycetota,NA,NA,NA,NA,NA
May,DNA-1_bin_29_1,1491.78424187288,-0.019195012331271435,2,Bacteria,Actinomycetota,Thermoleophilia,Gaiellales,Gaiellaceae,13-2-20CM-68-14,NA
May,DNA-1_bin_3,2812.3922438706145,-0.1507423522551498,2,Bacteria,Actinomycetota,Thermoleophilia,Gaiellales,Gaiellaceae,NA,NA
May,DNA-1_bin_30,579.3011196025129,-0.7636274398220173,2,Bacteria,Acidobacteriota,Thermoanaerobaculia,Multivoradales,UBA5704,UBA5704,NA
May,DNA-1_bin_31,4596.279454129548,-0.029360497678102348,2,Bacteria,Chloroflexota,Limnocylindria,Limnocylindrales,CSP1-4,NA,NA
May,DNA-1_bin_36_1,1977.4174574434983,0.13072845137522437,2,Bacteria,Chloroflexota,Dormibacteria,Dormibacterales,Dormibacteraceae,NA,NA
May,DNA-1_bin_39_1,1370.4339954808586,0.9082007578283117,1,Bacteria,Actinomycetota,Acidimicrobiia,Acidimicrobiales,AC-14,JAHFUQ01,NA
May,DNA-1_bin_41,2035.8195849704118,-0.48995133116942263,2,Bacteria,Chloroflexota,Limnocylindria,Limnocylindrales,CSP1-4,NA,NA
May,DNA-1_bin_43,2117.33564135573,1.3072615310580293,1,Bacteria,Nitrospirota,Nitrospiria,Nitrospirales,Nitrospiraceae,NA,NA
May,DNA-1_bin_45_1,1570.6197758141882,-0.6554727362379968,2,Bacteria,Actinomycetota,Actinomycetes,Mycobacteriales,Jatrophihabitantaceae,Jatrophihabitans,NA
May,DNA-1_bin_46,4528.252117827581,1.8656731666318735,3,Bacteria,Gemmatimonadota,Gemmatimonadetes,Gemmatimonadales,Gemmatimonadaceae,NA,NA
May,DNA-1_bin_47_1,11467.185686314964,1.4936011276318153,3,Bacteria,Chloroflexota,Ktedonobacteria,Ktedonobacterales,Ktedonobacteraceae,NA,NA
May,DNA-1_bin_49_1,113.99557674470233,-0.8556787702855514,2,Bacteria,Pseudomonadota,Gammaproteobacteria,Steroidobacterales,Steroidobacteraceae,13-2-20CM-66-19,NA
May,DNA-1_bin_50,151.5997161817285,-0.8311974199331457,2,Bacteria,Myxococcota,Polyangia,Polyangiales,Polyangiaceae,SZUA-265,NA
May,DNA-1_bin_51_1,928.8411810851082,-0.5331620851380977,2,Bacteria,Acidobacteriota,Blastocatellia,Pyrinomonadales,Pyrinomonadaceae,NA,NA
May,DNA-1_bin_52_1,630.740942559424,1.8467838845958733,3,Bacteria,Actinomycetota,Thermoleophilia,Solirubrobacterales,70-9,AC-56,NA
May,DNA-1_bin_53_1,23064.74206698011,1.6454589932344243,1,Archaea,Thermoproteota,Nitrososphaeria,Nitrososphaerales,Nitrososphaeraceae,Nitrososphaera,NA
May,DNA-1_bin_54,7756.409019572371,-0.35317168686889555,1,Bacteria,Actinomycetota,Thermoleophilia,Solirubrobacterales,Thermoleophilaceae,JACVRW01,NA
May,DNA-1_bin_55_1,3414.1778203107237,0.412311340526564,2,Bacteria,Actinomycetota,Thermoleophilia,Solirubrobacterales,Solirubrobacteraceae,Palsa-465,NA
May,DNA-1_bin_59_1,1539.084589720268,-0.09569630454280773,1,Bacteria,Actinomycetota,UBA4738,UBA4738,NA,NA,NA
May,DNA-1_bin_7,501.19632792154215,-0.4457512916581884,2,Bacteria,Actinomycetota,UBA4738,UBA4738,JACQTL01,NA,NA
May,DNA-1_bin_8,18040.14435859282,0.8310660531913299,3,Bacteria,Actinomycetota,Actinomycetes,Streptosporangiales,Streptosporangiaceae,NA,NA
May,DNA-4_bin_11,1614.6901729255203,-0.9633181056091124,2,Bacteria,Actinomycetota,Thermoleophilia,Gaiellales,Gaiellaceae,NA,NA
May,DNA-4_bin_12_1,12226.802132455938,-0.7723732625939704,2,Bacteria,Actinomycetota,Actinomycetes,Mycobacteriales,Micromonosporaceae,Natronosporangium,NA
May,DNA-4_bin_14_1,26400.878990695343,1.245822030422897,1,Bacteria,Actinomycetota,Rubrobacteria,Rubrobacterales,Rubrobacteraceae,JALYGY01,NA
May,DNA-4_bin_15_1,491.1320195563314,-1.0207103758919305,2,Bacteria,Actinomycetota,Thermoleophilia,Gaiellales,Gaiellaceae,3-1-20CM-4-69-9,NA
May,DNA-4_bin_17,19913.648696564804,-0.39886285950713124,2,Bacteria,Actinomycetota,NA,NA,NA,NA,NA
May,DNA-4_bin_18,680.7071200047194,-1.10446923021801,2,Bacteria,Actinomycetota,Thermoleophilia,Solirubrobacterales,70-9,NA,NA
May,DNA-4_bin_1_1,1240.6330229330124,-0.018023484350620317,2,Bacteria,Gemmatimonadota,Gemmatimonadetes,Gemmatimonadales,GWC2-71-9,JACDDX01,NA
May,DNA-4_bin_27_1,1755.4837967519616,1.546051576476495,1,Bacteria,Actinomycetota,Nitriliruptoria,Euzebyales,NA,NA,NA
May,DNA-4_bin_7_1,474.36251238134287,-1.1264490929220974,2,Bacteria,Actinomycetota,Thermoleophilia,Solirubrobacterales,Thermoleophilaceae,NA,NA
May,DNA-6_bin_10_1,19953.25574368399,-0.9634793540169488,2,Bacteria,Actinomycetota,Actinomycetes,Mycobacteriales,Pseudonocardiaceae,Pseudonocardia,NA
May,DNA-6_bin_14_1,195.49919652188484,-1.0976448518245823,2,Bacteria,Actinomycetota,Thermoleophilia,Solirubrobacterales,Thermoleophilaceae,NA,NA
May,DNA-6_bin_18_1,275.71200903992394,-0.16236602865044156,1,Bacteria,Chloroflexota,UBA6077,UBA6077,NA,NA,NA
May,DNA-6_bin_19_1,112.89608441231825,-0.7145107941995921,2,Bacteria,Pseudomonadota,Gammaproteobacteria,Xanthomonadales,Rhodanobacteraceae,Dyella_B,NA
May,DNA-6_bin_31_1,1733.1078706809371,-0.17356871859307857,2,Bacteria,Desulfobacterota,NA,NA,NA,NA,NA
May,DNA-6_bin_33_1,427.08839333554045,-0.25138769979375625,2,Bacteria,Desulfobacterota_B,Binatia,UBA9968,UBA9968,DP-1,NA
May,DNA-6_bin_34_1,39.05377299324921,-0.8588948890099084,2,Bacteria,Bacteroidota,Bacteroidia,Chitinophagales,Chitinophagaceae,Niastella,NA
May,DNA-6_bin_35_1,165.33639950800858,-1.0135684648432381,2,Bacteria,Pseudomonadota,Gammaproteobacteria,Steroidobacterales,Steroidobacteraceae,13-2-20CM-66-19,NA
May,DNA-6_bin_37_1,1517.7697606268496,-0.7723711193086688,2,Bacteria,Actinomycetota,Actinomycetes,Mycobacteriales,Mycobacteriaceae,Mycobacterium,NA
May,DNA-6_bin_38_1,638.199237939252,-0.7174820596386179,2,Bacteria,Gemmatimonadota,Gemmatimonadetes,Gemmatimonadales,GWC2-71-9,JACDDX01,NA
May,DNA-6_bin_42_1,2005.972419000729,0.430894346243029,2,Bacteria,Pseudomonadota,Gammaproteobacteria,Burkholderiales,Burkholderiaceae,Trinickia,NA
May,DNA-6_bin_44_1,8281.59974010253,-0.22876346225531521,2,Bacteria,Actinomycetota,Thermoleophilia,Solirubrobacterales,Solirubrobacteraceae,NA,NA
May,DNA-6_bin_48_1,8570.34449435599,1.2092167620770597,1,Bacteria,Actinomycetota,Actinomycetes,Mycobacteriales,Pseudonocardiaceae,GCA-003244245,NA
May,DNA-6_bin_5_1,2785.697351496874,-0.9316463221998444,2,Bacteria,Actinomycetota,Thermoleophilia,Solirubrobacterales,Thermoleophilaceae,JACVRW01,NA
May,DNA-8_bin_11_1,1648.2638931862134,0.8161177239101861,3,Bacteria,Pseudomonadota,Alphaproteobacteria,Reyranellales,Reyranellaceae,Reyranella,NA
May,DNA-8_bin_14,599.445842778163,-0.8550616215720108,2,Bacteria,Acidobacteriota,Blastocatellia,Pyrinomonadales,Pyrinomonadaceae,NA,NA
May,DNA-8_bin_19,804.755324092223,1.0471897621004609,1,Bacteria,Pseudomonadota,Gammaproteobacteria,JACCYU01,JACCYU01,NA,NA
May,DNA-8_bin_23_1,1468.2690633994098,-0.9988940036800728,2,Bacteria,Actinomycetota,Thermoleophilia,Gaiellales,Gaiellaceae,NA,NA
May,DNA-8_bin_28,8054.6583699219,-0.24080501245383956,2,Bacteria,Actinomycetota,Actinomycetes,Mycobacteriales,Pseudonocardiaceae,Pseudonocardia,NA
May,DNA-8_bin_29,929.4686466366487,-1.0895593866723066,2,Bacteria,Actinomycetota,Actinomycetes,Mycobacteriales,Mycobacteriaceae,Mycobacterium,NA
May,DNA-8_bin_30_1,13072.411635555953,-0.805779353981883,2,Bacteria,Pseudomonadota,Gammaproteobacteria,NA,NA,NA,NA
May,DNA-8_bin_35_1,4899.00414286892,-0.9071655321134249,2,Bacteria,Actinomycetota,Actinomycetes,NA,NA,NA,NA
May,DNA-8_bin_39_1,796.0011228797688,0.03253885333138993,1,Archaea,Thermoproteota,Nitrososphaeria,Nitrososphaerales,Nitrososphaeraceae,TH5893,NA
May,DNA-8_bin_7_1,2181.313926877697,-1.1276494624468696,2,Bacteria,Actinomycetota,Actinomycetes,Propionibacteriales,Propionibacteriaceae,NA,NA
May,bcn_bin_10,1612.7595563471357,0.04307225230487985,2,Bacteria,Actinomycetota,Thermoleophilia,Gaiellales,Gaiellaceae,NA,NA
May,bcn_bin_100_1,4726.273600367472,1.4019511018653192,1,Bacteria,Chloroflexota,Dehalococcoidia,CAUJGQ01,CAUJGQ01,NA,NA
May,bcn_bin_103_1,984.6378327002973,-0.6723280465538831,2,Bacteria,Myxococcota,Polyangia,Polyangiales,JAFGIB01,NA,NA
May,bcn_bin_105_1,166.05244425432727,-0.60215161352833535,1,Bacteria,Actinomycetota,UBA4738,CADDZG01,WHSQ01,NA,NA
May,bcn_bin_106_1,2471.1523561257277,-0.6620304198968069,2,Bacteria,Acidobacteriota,Blastocatellia,Pyrinomonadales,Pyrinomonadaceae,QHXN01,NA
May,bcn_bin_110_1,1475.01420705214,-0.6631216425784503,2,Bacteria,Actinomycetota,Thermoleophilia,Gaiellales,Gaiellaceae,NA,NA
May,bcn_bin_114,3249.0590096794367,1.7925045850692085,3,Bacteria,Chloroflexota,UBA6077,UBA6077,CF-72,CF-72,NA
May,bcn_bin_115,5108.61748501354,-0.9433923238921713,2,Bacteria,Actinomycetota,Actinomycetes,Mycobacteriales,Micromonosporaceae,NA,NA
May,bcn_bin_116,797.6905635648599,-0.6095045389894556,2,Bacteria,Actinomycetota,Thermoleophilia,Gaiellales,Gaiellaceae,NA,NA
May,bcn_bin_123,130.38015983347208,-1.0055026516767511,2,Bacteria,Gemmatimonadota,Gemmatimonadetes,Gemmatimonadales,GWC2-71-9,JACDDX01,NA
May,bcn_bin_124,9648.614684921513,0.7133413871938983,1,Bacteria,Chloroflexota,UBA6077,UBA6077,JACCZL01,NA,NA
May,bcn_bin_125_1,447.61207324577873,-1.2223648301705041,2,Bacteria,Actinomycetota,Thermoleophilia,Solirubrobacterales,Thermoleophilaceae,NA,NA
May,bcn_bin_126,276.8309075650385,-0.8033555525623626,2,Bacteria,Gemmatimonadota,Gemmatimonadetes,Gemmatimonadales,GWC2-71-9,JACDDX01,NA
May,bcn_bin_130_1,155.81764888369963,-1.5656831341574662,2,Bacteria,Actinomycetota,Acidimicrobiia,IMCC26256,JACDBD01,NA,NA
May,bcn_bin_131_1,480.6219885190808,-1.0676760738216808,2,Bacteria,Methylomirabilota,Methylomirabilia,Rokubacteriales,CSP1-6,NA,NA
May,bcn_bin_133,1872.4369642092079,-1.1456215470472957,2,Bacteria,Actinomycetota,Actinomycetes,Propionibacteriales,Propionibacteriaceae,JAJTCL01,NA
May,bcn_bin_135_1,4557.3681452689725,1.7499107304732573,3,Bacteria,Chloroflexota,UBA6077,UBA6077,CF-72,NA,NA
May,bcn_bin_137_1,919.8772866184347,-0.9559443703457319,2,Bacteria,Methylomirabilota,Methylomirabilia,Rokubacteriales,CSP1-6,NA,NA
May,bcn_bin_138,4902.168436022281,1.318323190182786,1,Archaea,Thermoproteota,Nitrososphaeria,Nitrososphaerales,Nitrososphaeraceae,NA,NA
May,bcn_bin_139_1,2189.1835400839636,-1.0527581229441183,2,Bacteria,Pseudomonadota,Alphaproteobacteria,Rhizobiales,Beijerinckiaceae,NA,NA
May,bcn_bin_13_1,51.36145308000964,-0.9233546495414625,2,Bacteria,Gemmatimonadota,Gemmatimonadetes,Gemmatimonadales,GWC2-71-9,JACDDX01,NA
May,bcn_bin_140,6816.6345661626,-0.9722966934649524,2,Bacteria,Actinomycetota,Actinomycetes,Mycobacteriales,Pseudonocardiaceae,Pseudonocardia,NA
May,bcn_bin_142_1,7158.6109752530265,1.2206447092563393,1,Archaea,Thermoproteota,Nitrososphaeria,Nitrososphaerales,Nitrososphaeraceae,NA,NA
May,bcn_bin_14_1,913.6130963578443,-0.19100244133068578,2,Bacteria,Actinomycetota,Thermoleophilia,Gaiellales,Gaiellaceae,NA,NA
May,bcn_bin_151,27261.745165620316,1.0056837775108003,1,Bacteria,Actinomycetota,Rubrobacteria,Rubrobacterales,Rubrobacteraceae,JALYGY01,NA
May,bcn_bin_154_1,1217.6883993560953,-0.19421064597154272,2,Bacteria,Gemmatimonadota,Gemmatimonadetes,Gemmatimonadales,GWC2-71-9,JACDDX01,NA
May,bcn_bin_156_1,252.03435226672593,-1.0468039817410584,2,Bacteria,Pseudomonadota,Alphaproteobacteria,Sphingomonadales,Sphingomonadaceae,Sphingomicrobium,NA
May,bcn_bin_158,852.6893306734071,-1.0263013055025867,2,Bacteria,Actinomycetota,Thermoleophilia,Solirubrobacterales,Thermoleophilaceae,NA,NA
May,bcn_bin_159,232.4017168930368,1.1825829668651409,1,Bacteria,Actinomycetota,UBA4738,CADDZG01,WHSQ01,NA,NA
May,bcn_bin_160,543.8520429530686,-1.8378759323430338,2,Bacteria,Actinomycetota,Thermoleophilia,Solirubrobacterales,Thermoleophilaceae,NA,NA
May,bcn_bin_163,217.78743014801637,-0.6012272127211413,1,Bacteria,Actinomycetota,UBA4738,UBA4738,NA,NA,NA
May,bcn_bin_164,546.9276446301093,1.8497669663506937,3,Bacteria,Acidobacteriota,Terriglobia,Terriglobales,Gp1-AA117,Angelobacter,NA
May,bcn_bin_165_1,10428.932122105036,0.26678822646735306,3,Bacteria,Chloroflexota,UBA6077,UBA6077,JACCZL01,NA,NA
May,bcn_bin_167_1,500.4713560425819,-1.0320754594578987,2,Bacteria,Actinomycetota,Thermoleophilia,Gaiellales,Gaiellaceae,NA,NA
May,bcn_bin_169,352.96374363780853,-0.9346077535231015,2,Bacteria,Actinomycetota,UBA4738,UBA4738,HRBIN12,NA,NA
May,bcn_bin_16_1,2203.942367219003,-1.0485837084753538,2,Bacteria,Actinomycetota,Actinomycetes,NA,NA,NA,NA
May,bcn_bin_170,55.31029848828973,-1.109490985790442,2,Bacteria,Verrucomicrobiota,Verrucomicrobiae,Chthoniobacterales,UBA10450,AV80,NA
May,bcn_bin_174_1,928.0184735591107,-0.6663643768717552,1,Bacteria,Actinomycetota,UBA4738,CADDZG01,WHSQ01,NA,NA
May,bcn_bin_175,644.0099661410527,-1.1597377719415924,2,Bacteria,Actinomycetota,Thermoleophilia,Gaiellales,Gaiellaceae,NA,NA
May,bcn_bin_176,1175.3152146184043,0.036964819222244066,3,Bacteria,Pseudomonadota,Alphaproteobacteria,Reyranellales,Reyranellaceae,Reyranella,NA
May,bcn_bin_177,731.5993422364978,-0.4210318946594682,1,Bacteria,Actinomycetota,UBA4738,CADDZG01,WHSQ01,NA,NA
May,bcn_bin_182_1,637.7070747034107,1.0498137053967018,3,Bacteria,Acidobacteriota,Terriglobia,Bryobacterales,Bryobacteraceae,Bog-105,NA
May,bcn_bin_19,3303.546219763766,-0.980969857129834,1,Bacteria,Actinomycetota,Thermoleophilia,Solirubrobacterales,Thermoleophilaceae,JACVRW01,NA
May,bcn_bin_192,223.98694293252802,-0.976778940682863,2,Bacteria,Pseudomonadota,Gammaproteobacteria,Burkholderiales,SG8-39,SCGC-AG-212-J23,NA
May,bcn_bin_193_1,187.956448007819,0.7604428125617658,1,Bacteria,Actinomycetota,UBA4738,CADDZG01,NA,NA,NA
May,bcn_bin_194_1,527.0576126220003,0.5577357307977606,1,Bacteria,Chloroflexota,Chloroflexia,Thermomicrobiales,Thermomicrobiaceae,NA,NA
May,bcn_bin_205,416.9893235731979,-1.1384616110776924,2,Bacteria,Actinomycetota,Thermoleophilia,Solirubrobacterales,70-9,NA,NA
May,bcn_bin_206,382.15972675613546,-1.1105950757158727,2,Bacteria,Actinomycetota,Actinomycetes,Mycobacteriales,Mycobacteriaceae,Mycobacterium,NA
May,bcn_bin_209_1,1199.2654210160354,1.3480101236017183,3,Bacteria,Acidobacteriota,Terriglobia,Bryobacterales,Bryobacteraceae,Bog-105,NA
May,bcn_bin_212,361.6288510475898,-1.2034024044535159,2,Bacteria,Actinomycetota,Thermoleophilia,Solirubrobacterales,70-9,NA,NA
May,bcn_bin_213,262.7668261755313,-0.48865527217859467,2,Bacteria,Gemmatimonadota,Gemmatimonadetes,Gemmatimonadales,GWC2-71-9,JACDDX01,NA
May,bcn_bin_216,1476.7512635951575,0.9339189354246044,1,Archaea,Thermoproteota,Nitrososphaeria,Nitrososphaerales,Nitrososphaeraceae,TH5893,NA
May,bcn_bin_217,820.3503056795819,-0.996270636429678,2,Bacteria,Actinomycetota,Thermoleophilia,Gaiellales,Gaiellaceae,NA,NA
May,bcn_bin_21_1,11704.155488111199,0.35742641503604006,1,Bacteria,Chloroflexota,Dehalococcoidia,UBA3495,UBA3495,NA,NA
May,bcn_bin_222_1,1261.955519928101,-0.8478581077973463,2,Bacteria,Acidobacteriota,Terriglobia,Bryobacterales,Bryobacteraceae,Bog-105,NA
May,bcn_bin_224,147.3962644531247,-1.2010576698612072,2,Bacteria,Actinomycetota,Thermoleophilia,Gaiellales,Gaiellaceae,NA,NA
May,bcn_bin_225,1937.367216784503,-1.4047075256243617,2,Bacteria,Actinomycetota,Thermoleophilia,Solirubrobacterales,Thermoleophilaceae,JACVRW01,NA
May,bcn_bin_226_1,1074.1778517174646,-0.9288058176501062,2,Bacteria,Myxococcota,Myxococcia,Myxococcales,Myxococcaceae,Archangium,NA
May,bcn_bin_229_1,11032.348066019682,-1.2128161204441745,2,Bacteria,Actinomycetota,Actinomycetes,Propionibacteriales,Propionibacteriaceae,NA,NA
May,bcn_bin_230,9187.61504769353,0.0011848761969195049,2,Bacteria,Actinomycetota,Thermoleophilia,Solirubrobacterales,Solirubrobacteraceae,NA,NA
May,bcn_bin_234,1742.352179683849,0.6162694591746553,1,Bacteria,Actinomycetota,UBA4738,UBA4738,NA,NA,NA
May,bcn_bin_235,478.9579940279483,-0.7787218085584136,2,Bacteria,Pseudomonadota,Gammaproteobacteria,Steroidobacterales,Steroidobacteraceae,NA,NA
May,bcn_bin_238_1,451.3320989603444,-1.4122117656761506,2,Bacteria,Actinomycetota,Thermoleophilia,Solirubrobacterales,Thermoleophilaceae,NA,NA
May,bcn_bin_244_1,4486.541335594771,2.2163797184228207,3,Bacteria,Chloroflexota,Ktedonobacteria,Ktedonobacterales,Ktedonobacteraceae,NA,NA
May,bcn_bin_245,575.9848238990643,-1.3902266519150064,2,Bacteria,Actinomycetota,UBA4738,UBA4738,NA,NA,NA
May,bcn_bin_247,286.6023867025592,-0.9069417494664663,2,Bacteria,Actinomycetota,Thermoleophilia,Gaiellales,Gaiellaceae,NA,NA
May,bcn_bin_248_1,335.10356981896444,-0.9480060614310091,2,Bacteria,Gemmatimonadota,Gemmatimonadetes,Gemmatimonadales,GWC2-71-9,JACDDX01,NA
May,bcn_bin_249_1,2822.8231688428427,0.8465481841892929,1,Bacteria,Chloroflexota,Chloroflexia,Chloroflexales,Kallotenuaceae,NA,NA
May,bcn_bin_251,7147.834362764681,-1.0688684906312893,2,Bacteria,Actinomycetota,Actinomycetes,Mycobacteriales,Micromonosporaceae,NA,NA
May,bcn_bin_253,935.62744066232,-1.064038762908671,2,Bacteria,Pseudomonadota,Alphaproteobacteria,Rhizobiales,Xanthobacteraceae,NA,NA
May,bcn_bin_254,1695.4179197838089,0.703198511318514,1,Bacteria,Actinomycetota,Actinomycetes,Mycobacteriales,Pseudonocardiaceae,GCA-003244245,NA
May,bcn_bin_256_1,299.33382260167747,-0.9152550694200207,2,Bacteria,Actinomycetota,Thermoleophilia,Solirubrobacterales,NA,NA,NA
May,bcn_bin_257_1,1984.1101604327725,-1.0274123463807354,2,Bacteria,Actinomycetota,Thermoleophilia,Gaiellales,Gaiellaceae,NA,NA
May,bcn_bin_260_1,4483.7191019892925,0.2566903841657294,1,Bacteria,Chloroflexota,Dehalococcoidia,UBA3495,UBA3495,NA,NA
May,bcn_bin_262,195.85302066143365,-1.057510675066358,2,Bacteria,Actinomycetota,Thermoleophilia,Gaiellales,Gaiellaceae,3-1-20CM-4-69-9,NA
May,bcn_bin_263_1,179.42938486260425,-1.2168738792734985,2,Bacteria,Actinomycetota,UBA4738,UBA4738,HRBIN12,NA,NA
May,bcn_bin_267,10157.828957010934,0.9411234602675431,1,Bacteria,Actinomycetota,Rubrobacteria,Rubrobacterales,Rubrobacteraceae,Rubrobacter_D,NA
May,bcn_bin_270_1,343.62045603778785,-0.8833296013077806,2,Bacteria,Actinomycetota,Thermoleophilia,Gaiellales,Gaiellaceae,13-2-20CM-68-14,NA
May,bcn_bin_271,2090.189889945222,1.6903751205827378,3,Bacteria,Acidobacteriota,Terriglobia,Bryobacterales,Bryobacteraceae,NA,NA
May,bcn_bin_273,6212.380686489788,-0.6064830629813435,2,Bacteria,Actinomycetota,Actinomycetes,NA,NA,NA,NA
May,bcn_bin_274_1,2020.9461541204364,1.7571379190384966,1,Bacteria,Actinomycetota,UBA4738,CADDZG01,WHSQ01,JALZEG01,NA
May,bcn_bin_277_1,497.9260114870038,-1.0715447428189853,2,Bacteria,Acidobacteriota,Terriglobia,Terriglobales,DSPA01,NA,NA
May,bcn_bin_278_1,1702.0106021099389,-0.8966870032347904,2,Bacteria,Actinomycetota,Acidimicrobiia,Acidimicrobiales,JACDCH01,ZC4RG19,NA
May,bcn_bin_280,1577.7448697997052,-1.3300214038465157,2,Bacteria,Actinomycetota,Thermoleophilia,Solirubrobacterales,Thermoleophilaceae,JACVRW01,NA
May,bcn_bin_289_1,476.03762300577944,-0.1869592702677976,1,Bacteria,Actinomycetota,UBA4738,UBA4738,NA,NA,NA
May,bcn_bin_28_1,411.473004580377,-1.295674350662506,2,Bacteria,Actinomycetota,Thermoleophilia,Solirubrobacterales,NA,NA,NA
May,bcn_bin_29_1,321.63176485234646,-0.4140818369467033,1,Bacteria,Actinomycetota,UBA4738,CADDZG01,WHSQ01,NA,NA
May,bcn_bin_2_1,4322.421627199844,1.7106224249070479,3,Bacteria,Actinomycetota,Actinomycetes,Streptosporangiales,Streptosporangiaceae,NA,NA
May,bcn_bin_3,758.4170365368695,-0.8628862352894008,2,Bacteria,Actinomycetota,Thermoleophilia,Gaiellales,Gaiellaceae,JAIBJP01,NA
May,bcn_bin_30,629.9827675978457,-1.1100191738696183,2,Bacteria,Actinomycetota,Thermoleophilia,Gaiellales,Gaiellaceae,3-1-20CM-4-69-9,NA
May,bcn_bin_34,1485.961383260135,1.2511900034218475,3,Bacteria,Actinomycetota,Thermoleophilia,Gaiellales,Gaiellaceae,JAIBJP01,NA
May,bcn_bin_35,1300.8555241262275,-1.099658756318154,2,Bacteria,Actinomycetota,Thermoleophilia,Solirubrobacterales,Thermoleophilaceae,JACVRW01,NA
May,bcn_bin_38_1,5056.516187025471,-1.071234552222258,2,Bacteria,Actinomycetota,Actinomycetes,Mycobacteriales,Pseudonocardiaceae,NA,NA
May,bcn_bin_42,2932.28158661846,-0.4977524666969756,2,Bacteria,Actinomycetota,Actinomycetes,Mycobacteriales,Pseudonocardiaceae,GCA-003244245,NA
May,bcn_bin_43,713.829348256578,-0.8987813471027712,2,Bacteria,Actinomycetota,Thermoleophilia,Gaiellales,NA,NA,NA
May,bcn_bin_48,583.64754334695,-0.013747806560673986,2,Bacteria,Actinomycetota,Thermoleophilia,Gaiellales,JAICJC01,NA,NA
May,bcn_bin_51,1101.3234211567153,-1.0233368725037109,2,Bacteria,Pseudomonadota,Alphaproteobacteria,Rhizobiales,Rhizobiaceae,NA,NA
May,bcn_bin_56_1,1362.4737695153754,1.5050484650267757,3,Bacteria,Chloroflexota,Dormibacteria,UBA8260,UBA8260,NA,NA
May,bcn_bin_59,646.799839472178,-1.2081728892354504,2,Bacteria,Chloroflexota,Limnocylindria,Limnocylindrales,CSP1-4,NA,NA
May,bcn_bin_63_1,1873.8781876702114,-0.993630948091388,2,Bacteria,Pseudomonadota,Alphaproteobacteria,Rhizobiales,Aestuariivirgaceae,NA,NA
May,bcn_bin_68,536.7773727631503,-1.1213524266264308,2,Bacteria,Actinomycetota,Thermoleophilia,Gaiellales,Gaiellaceae,NA,NA
May,bcn_bin_70,915.8014450741798,-1.1104645279911691,2,Bacteria,Actinomycetota,Thermoleophilia,Solirubrobacterales,Thermoleophilaceae,NA,NA
May,bcn_bin_71,728.5730574688075,-0.9904175448493675,2,Bacteria,Actinomycetota,Actinomycetes,Mycobacteriales,Mycobacteriaceae,Mycobacterium,NA
May,bcn_bin_72,375.03650792705935,-1.1665300545735757,2,Bacteria,Actinomycetota,Thermoleophilia,Solirubrobacterales,70-9,NA,NA
May,bcn_bin_80_1,172.57117846031474,-0.6170490733188035,2,Bacteria,Myxococcota,Myxococcia,Myxococcales,40CM-4-68-19,VBKO01,NA
May,bcn_bin_81,580.7617936370075,-0.5716828649411175,2,Bacteria,Actinomycetota,Thermoleophilia,Gaiellales,Gaiellaceae,AC-21,NA
May,bcn_bin_82_1,614.0871350251812,-0.25313359277739766,2,Bacteria,Gemmatimonadota,Gemmatimonadetes,Gemmatimonadales,GWC2-71-9,JACDDX01,NA
May,bcn_bin_84_1,1883.9098138747713,-0.8684349638176591,2,Bacteria,Actinomycetota,Thermoleophilia,Gaiellales,Gaiellaceae,NA,NA
May,bcn_bin_85,237.58806516161138,-0.945670967940672,2,Bacteria,Methylomirabilota,Methylomirabilia,Rokubacteriales,CSP1-6,NA,NA
May,bcn_bin_87,680.2866654202882,-0.8801291887817442,1,Bacteria,Actinomycetota,Thermoleophilia,Gaiellales,Gaiellaceae,GMQP-bins7,NA
May,bcn_bin_97,5361.358484563633,-1.0370181210666556,2,Bacteria,Actinomycetota,Thermoleophilia,Solirubrobacterales,Solirubrobacteraceae,NA,NA
May,bcn_bin_99_1,2459.676588109034,1.0042553670037857,3,Bacteria,Acidobacteriota,Terriglobia,Bryobacterales,Bryobacteraceae,Bog-105,NA
May,bcn_bin_9_1,1115.0873470880153,1.43498738898328,1,Bacteria,Actinomycetota,UBA4738,CADDZG01,WHSQ01,NA,NA
May,bco_bin_1,11099.879590012833,1.9635098575282117,3,Bacteria,Actinomycetota,Acidimicrobiia,Acidimicrobiales,JACDCH01,NA,NA
May,bco_bin_101,511.5991283902025,-0.8990359441061092,2,Bacteria,Actinomycetota,Actinomycetes,Jiangellales,Jiangellaceae,NA,NA
May,bco_bin_102_1,203.0858697959822,-1.4349974037088709,1,Bacteria,Actinomycetota,UBA4738,JAHWKV01,JAHWKV01,NA,NA
May,bco_bin_104_1,3610.6990799176438,-0.23934000303965897,2,Bacteria,Actinomycetota,Actinomycetes,Mycobacteriales,Pseudonocardiaceae,Pseudonocardia,NA
May,bco_bin_105_1,1267.092460704123,-1.2292271587063248,2,Bacteria,Pseudomonadota,Gammaproteobacteria,Burkholderiales,Burkholderiaceae,Telluria,NA
May,bco_bin_106_1,502.93909682738183,-0.5172654479838332,2,Bacteria,Gemmatimonadota,Gemmatimonadetes,Gemmatimonadales,GWC2-71-9,JACDDX01,NA
May,bco_bin_107,7557.173636443135,2.056917370347771,1,Bacteria,Actinomycetota,UBA4738,JAHWKV01,NA,NA,NA
May,bco_bin_108_1,1137.3557923804817,1.4904203441175088,3,Bacteria,Pseudomonadota,Alphaproteobacteria,Acetobacterales,Acetobacteraceae,NA,NA
May,bco_bin_109,2504.0796848076125,-0.03117835708099656,2,Bacteria,Actinomycetota,Thermoleophilia,Gaiellales,Gaiellaceae,3-1-20CM-4-69-9,NA
May,bco_bin_11,1354.7611445555344,1.9849131909915805,3,Bacteria,Nitrospirota,Nitrospiria,Nitrospirales,Nitrospiraceae,NA,NA
May,bco_bin_111,819.2410459302445,-0.9864693349747043,2,Bacteria,Actinomycetota,Thermoleophilia,Gaiellales,Gaiellaceae,NA,NA
May,bco_bin_112,3311.776473053328,-0.2764740373704772,2,Bacteria,Actinomycetota,Thermoleophilia,Solirubrobacterales,Solirubrobacteraceae,NA,NA
May,bco_bin_113,279.4364974790397,-1.0781467682053918,2,Bacteria,Gemmatimonadota,Gemmatimonadetes,Gemmatimonadales,GWC2-71-9,JACDDX01,NA
May,bco_bin_115,1490.4209530852777,-0.8932801081162909,1,Bacteria,Actinomycetota,Thermoleophilia,Solirubrobacterales,Thermoleophilaceae,JACVRW01,NA
May,bco_bin_116,2160.1951776664296,1.9331208012509355,3,Bacteria,Chloroflexota,Dormibacteria,Dormibacterales,Dormibacteraceae,NA,NA
May,bco_bin_117,1057.394102945258,1.186719064364952,1,Bacteria,Actinomycetota,Acidimicrobiia,IMCC26256,PALSA-610,NA,NA
May,bco_bin_118,1261.5761619865445,-1.2145989557976915,2,Bacteria,Actinomycetota,Thermoleophilia,Gaiellales,Gaiellaceae,NA,NA
May,bco_bin_123,1503.8927301167448,-1.0860941015675925,2,Bacteria,Actinomycetota,Actinomycetes,Jiangellales,Jiangellaceae,NA,NA
May,bco_bin_125_1,13072.092554860501,1.2536156900707225,3,Bacteria,Actinomycetota,Actinomycetes,Streptosporangiales,Streptosporangiaceae,NA,NA
May,bco_bin_128,815.629451674483,-0.136254710536219,2,Bacteria,Actinomycetota,Thermoleophilia,Gaiellales,Gaiellaceae,NA,NA
May,bco_bin_129,1005.3881957409467,1.905164058934666,1,Bacteria,Actinomycetota,Thermoleophilia,Solirubrobacterales,70-9,NA,NA
May,bco_bin_130,271.2764809447821,-0.9846646313026223,2,Bacteria,Actinomycetota,Thermoleophilia,Solirubrobacterales,70-9,AC-56,NA
May,bco_bin_134_1,2226.856178103271,1.8272999186901047,1,Bacteria,Nitrospirota,Nitrospiria,Nitrospirales,Nitrospiraceae,NA,NA
May,bco_bin_135,4229.901845450007,-0.5744557743643783,2,Bacteria,Pseudomonadota,Alphaproteobacteria,Rhizobiales,Beijerinckiaceae,NA,NA
May,bco_bin_136,10507.161708498928,-0.9906009369826675,2,Bacteria,Actinomycetota,Actinomycetes,Mycobacteriales,Pseudonocardiaceae,NA,NA
May,bco_bin_137,561.143369228265,2.0257815320923966,3,Bacteria,Gemmatimonadota,Gemmatimonadetes,Gemmatimonadales,GWC2-71-9,JACDDX01,NA
May,bco_bin_139,2948.2496886900735,2.0475142230017513,3,Bacteria,Chloroflexota,UBA6077,UBA6077,JAJPHF01,NA,NA
May,bco_bin_14,673.3130661569086,-1.3020224096727941,2,Bacteria,Actinomycetota,Actinomycetes,Jiangellales,Jiangellaceae,NA,NA
May,bco_bin_143,3145.8679407980017,1.1296017488297336,1,Bacteria,Actinomycetota,Rubrobacteria,Rubrobacterales,Rubrobacteraceae,Rubrobacter_F,NA
May,bco_bin_145,2350.197856036895,1.1338879187435837,1,Bacteria,Chloroflexota,Chloroflexia,Thermomicrobiales,UBA6265,JACCXM01,NA
May,bco_bin_146_1,167.0852721149563,-0.3460386304265104,1,Bacteria,Actinomycetota,UBA4738,CADDZG01,WHSQ01,NA,NA
May,bco_bin_147,1135.591242065815,-0.6859874687506375,2,Bacteria,Actinomycetota,Thermoleophilia,Solirubrobacterales,Solirubrobacteraceae,Palsa-465,NA
May,bco_bin_148_1,428.3142236847081,-0.7920366038140342,2,Bacteria,Actinomycetota,Acidimicrobiia,Acidimicrobiales,AC-14,NA,NA
May,bco_bin_149,865.9568103914786,1.4623005683162011,1,Bacteria,Actinomycetota,UBA4738,CADDZG01,WHSQ01,NA,NA
May,bco_bin_150,15481.827879878672,0.8607015526497631,3,Bacteria,Actinomycetota,Actinomycetes,Streptosporangiales,Streptosporangiaceae,NA,NA
May,bco_bin_153,6118.860119774148,1.2114220272386085,1,Bacteria,Actinomycetota,Rubrobacteria,Rubrobacterales,Rubrobacteraceae,Rubrobacter_F,NA
May,bco_bin_155,1242.271405748941,-1.1683916588170162,2,Bacteria,Actinomycetota,Actinomycetes,Propionibacteriales,Propionibacteriaceae,JAJTCL01,NA
May,bco_bin_158_1,577.2885105421499,-0.6064437952960722,2,Bacteria,Actinomycetota,Thermoleophilia,Solirubrobacterales,Solirubrobacteraceae,Palsa-465,NA
May,bco_bin_16,1386.1129924262577,-0.6156784907836743,2,Bacteria,Actinomycetota,Thermoleophilia,Gaiellales,Gaiellaceae,JAIBJP01,NA
May,bco_bin_160,334.40712430687705,0.23589456678590737,1,Bacteria,Actinomycetota,UBA4738,CADDZG01,WHSQ01,NA,NA
May,bco_bin_161,3281.750203703669,1.4806308732370175,3,Bacteria,Acidobacteriota,Terriglobia,Bryobacterales,Bryobacteraceae,NA,NA
May,bco_bin_167_1,2385.036994203894,-1.4322481776012261,2,Bacteria,Actinomycetota,Actinomycetes,Mycobacteriales,Pseudonocardiaceae,Saccharopolyspora,NA
May,bco_bin_168,1855.1279213865407,2.082303249029381,3,Bacteria,Actinomycetota,UBA4738,UBA4738,HRBIN12,NA,NA
May,bco_bin_170,5311.78360920729,-0.08410114968387873,2,Bacteria,Actinomycetota,Actinomycetes,Mycobacteriales,Pseudonocardiaceae,Pseudonocardia,NA
May,bco_bin_172,6091.349227603535,0.17580388535536204,2,Bacteria,Actinomycetota,Actinomycetes,Mycobacteriales,Pseudonocardiaceae,NA,NA
May,bco_bin_176,276.30479407454965,-1.0375892972530585,2,Bacteria,Actinomycetota,Actinomycetes,Mycobacteriales,Mycobacteriaceae,Mycobacterium,NA
May,bco_bin_181,3031.6018021697273,-0.6413925284253242,2,Bacteria,Actinomycetota,Actinomycetes,Mycobacteriales,Pseudonocardiaceae,Lentzea,NA
May,bco_bin_183_1,734.7598636495495,1.9753161963314714,1,Bacteria,Actinomycetota,UBA4738,UBA4738,HRBIN12,NA,NA
May,bco_bin_186,1208.684583765372,-0.9640523105067494,2,Bacteria,Actinomycetota,Thermoleophilia,Solirubrobacterales,Solirubrobacteraceae,AC-38,NA
May,bco_bin_187,220.33172164059016,-0.5070155981137929,2,Bacteria,Pseudomonadota,Alphaproteobacteria,Rhizobiales,Methyloligellaceae,Methyloceanibacter,NA
May,bco_bin_189,180.8697189733366,-0.8512529110145423,2,Bacteria,Actinomycetota,Thermoleophilia,Gaiellales,Gaiellaceae,Palsa-739,NA
May,bco_bin_18_1,204.4697874600531,-0.7194516930302195,2,Bacteria,Acidobacteriota,Terriglobia,Terriglobales,NA,NA,NA
May,bco_bin_19,323.8039223851308,-0.291815014293104,2,Bacteria,Gemmatimonadota,Gemmatimonadetes,Gemmatimonadales,GWC2-71-9,JACDDX01,NA
May,bco_bin_190_1,2362.30085785568,-0.15187657808267777,2,Bacteria,Actinomycetota,Thermoleophilia,Gaiellales,Gaiellaceae,JAIBJP01,NA
May,bco_bin_193,109.89456333549545,-0.9678472178483662,2,Bacteria,Gemmatimonadota,Gemmatimonadetes,Longimicrobiales,Longimicrobiaceae,NA,NA
May,bco_bin_196_1,5074.749224159072,-0.6087319945509972,2,Bacteria,Actinomycetota,Actinomycetes,Mycobacteriales,Pseudonocardiaceae,Actinomycetospora,NA
May,bco_bin_197,990.9832126959383,-1.1062318053652291,2,Bacteria,Actinomycetota,Thermoleophilia,Gaiellales,Gaiellaceae,NA,NA
May,bco_bin_199,1322.5502766455725,-0.8233528561529188,2,Bacteria,Actinomycetota,Thermoleophilia,Solirubrobacterales,Thermoleophilaceae,JACVRW01,NA
May,bco_bin_20,160.58385912905538,0.16150300748644583,1,Bacteria,Actinomycetota,UBA4738,CADDZG01,WHSQ01,NA,NA
May,bco_bin_200,711.4563472170826,-1.2310804836400822,2,Bacteria,Actinomycetota,Actinomycetes,Propionibacteriales,Propionibacteriaceae,JAJTCL01,NA
May,bco_bin_201_1,2530.442740408881,-0.8980602365036181,2,Bacteria,Actinomycetota,Thermoleophilia,Solirubrobacterales,Thermoleophilaceae,JACVRW01,NA
May,bco_bin_205,885.1894481748175,1.649151618885626,1,Bacteria,Actinomycetota,UBA4738,UBA4738,HRBIN12,NA,NA
May,bco_bin_208,642.6855869976766,-1.0133323721937837,2,Bacteria,Actinomycetota,Actinomycetes,Mycobacteriales,Mycobacteriaceae,Mycobacterium,NA
May,bco_bin_215,1786.661019039315,-0.31709045326052715,2,Bacteria,Actinomycetota,Thermoleophilia,Gaiellales,Gaiellaceae,NA,NA
May,bco_bin_21_1,1019.5225119706454,-0.32954003990127045,2,Bacteria,Chloroflexota,Limnocylindria,QHBO01,QHBO01,NA,NA
May,bco_bin_23_1,247.78667668851782,-0.6809287904881333,2,Bacteria,Pseudomonadota,Gammaproteobacteria,Steroidobacterales,Steroidobacteraceae,13-2-20CM-66-19,NA
May,bco_bin_24,886.5376145755317,-0.9490240086092996,2,Bacteria,Actinomycetota,Actinomycetes,Mycobacteriales,Mycobacteriaceae,Mycobacterium,NA
May,bco_bin_25_1,474.4741949562348,-1.0612505410650077,2,Bacteria,Gemmatimonadota,Gemmatimonadetes,Gemmatimonadales,GWC2-71-9,JACDDX01,NA
May,bco_bin_26,13589.294878015391,1.2681221987978282,1,Bacteria,Actinomycetota,Rubrobacteria,Rubrobacterales,Rubrobacteraceae,JALYGY01,NA
May,bco_bin_27,1209.5639776418525,-0.6340231099243455,2,Bacteria,Actinomycetota,Thermoleophilia,Solirubrobacterales,Thermoleophilaceae,AC-37,NA
May,bco_bin_28_1,23.45649152609186,-0.9447330837265837,2,Bacteria,Verrucomicrobiota,Verrucomicrobiae,Chthoniobacterales,UBA10450,NA,NA
May,bco_bin_29_1,1904.9338651544379,0.9343155227355936,3,Bacteria,Acidobacteriota,Terriglobia,Terriglobales,Acidobacteriaceae,KBS-83,NA
May,bco_bin_3,332.68863028136855,-1.1710242752236188,2,Bacteria,Actinomycetota,Thermoleophilia,Solirubrobacterales,NA,NA,NA
May,bco_bin_30,1401.4722731025615,-0.7752109646291039,2,Bacteria,Actinomycetota,Actinomycetes,Mycobacteriales,Jatrophihabitantaceae,NA,NA
May,bco_bin_32,787.9193826065973,0.07474885765221735,1,Bacteria,Actinomycetota,Thermoleophilia,Gaiellales,Gaiellaceae,NA,NA
May,bco_bin_35,836.7959283983447,-0.08539936202280103,2,Bacteria,Gemmatimonadota,Gemmatimonadetes,Gemmatimonadales,GWC2-71-9,JACDDX01,NA
May,bco_bin_4,935.5526070971869,-0.6451168818044202,2,Bacteria,Actinomycetota,Thermoleophilia,Gaiellales,Gaiellaceae,JAIBJP01,NA
May,bco_bin_40_1,558.7824222967621,-1.1112271650863634,2,Bacteria,Actinomycetota,Thermoleophilia,Gaiellales,Gaiellaceae,NA,NA
May,bco_bin_46,313.102341287903,-0.9736716687424194,2,Bacteria,Actinomycetota,Thermoleophilia,Gaiellales,Gaiellaceae,PALSA-600,NA
May,bco_bin_49,119.6671731133486,-0.7771482693360252,2,Bacteria,Pseudomonadota,Gammaproteobacteria,Steroidobacterales,Steroidobacteraceae,13-2-20CM-66-19,NA
May,bco_bin_51_1,828.7402793258153,0.24314299902623354,2,Bacteria,Gemmatimonadota,Gemmatimonadetes,Gemmatimonadales,GWC2-71-9,JACDDX01,NA
May,bco_bin_52,708.2729805521254,-0.8257840421850396,2,Bacteria,Methylomirabilota,Methylomirabilia,Rokubacteriales,CSP1-6,AR5,NA
May,bco_bin_54,1079.646852299006,-0.18777827150034532,2,Bacteria,Actinomycetota,Thermoleophilia,Gaiellales,NA,NA,NA
May,bco_bin_55_1,4725.268500151358,-1.0086543759346625,2,Bacteria,Actinomycetota,Thermoleophilia,Solirubrobacterales,Solirubrobacteraceae,NA,NA
May,bco_bin_57,1263.5628542955283,0.2140044762819546,1,Bacteria,Actinomycetota,Thermoleophilia,Gaiellales,Gaiellaceae,NA,NA
May,bco_bin_58,1565.061212637355,-0.1534367501612895,2,Bacteria,Actinomycetota,Thermoleophilia,Solirubrobacterales,Solirubrobacteraceae,Palsa-465,NA
May,bco_bin_59_1,604.5290198107442,0.12404190871937297,2,Bacteria,Actinomycetota,Thermoleophilia,Gaiellales,NA,NA,NA
May,bco_bin_5_1,4034.9752302623538,-0.5969616199671388,2,Bacteria,Acidobacteriota,Blastocatellia,Pyrinomonadales,Pyrinomonadaceae,QHXN01,NA
May,bco_bin_66,731.1246067054684,1.1086730725647103,1,Bacteria,Actinomycetota,UBA4738,UBA4738,HRBIN12,NA,NA
May,bco_bin_67,4021.548880249779,0.41570950787901195,2,Bacteria,Chloroflexota,UBA6077,UBA6077,CF-72,NA,NA
May,bco_bin_68_1,177.99070317699022,1.6911246123242207,1,Bacteria,Actinomycetota,UBA4738,CADDZG01,WHSQ01,NA,NA
May,bco_bin_74,818.8057868480943,-0.699701027020078,2,Bacteria,Chloroflexota,UBA6077,UBA6077,CF-72,NA,NA
May,bco_bin_76_1,12982.213664438596,-0.9227133936493979,2,Bacteria,Actinomycetota,Actinomycetes,Mycobacteriales,Pseudonocardiaceae,NA,NA
May,bco_bin_78_1,22647.514512046087,1.1389661935108129,1,Archaea,Thermoproteota,Nitrososphaeria,Nitrososphaerales,Nitrososphaeraceae,Nitrososphaera,NA
May,bco_bin_79,1428.9107044944924,-0.8732050943802006,2,Bacteria,Actinomycetota,Thermoleophilia,Gaiellales,Gaiellaceae,NA,NA
May,bco_bin_80,434.6550431334059,-0.8141399020292686,2,Bacteria,Actinomycetota,Nitriliruptoria,Euzebyales,Egibacteraceae,NA,NA
May,bco_bin_82,2788.2706371319628,2.031305626553292,3,Bacteria,Acidobacteriota,Terriglobia,Bryobacterales,Bryobacteraceae,TMP-7,NA
May,bco_bin_84,197.94339334830303,-0.9214909756028064,2,Bacteria,Gemmatimonadota,Gemmatimonadetes,Gemmatimonadales,Gemmatimonadaceae,NA,NA
May,bco_bin_87_2,3552.285159590365,1.053590026738825,1,Bacteria,Actinomycetota,Rubrobacteria,Rubrobacterales,Rubrobacteraceae,Rubrobacter_F,NA
May,bco_bin_89_1,548.0512265571035,-0.8381636509553521,2,Bacteria,Actinomycetota,Thermoleophilia,Gaiellales,NA,NA,NA
May,bco_bin_91,25259.034919700687,1.448976575817039,1,Archaea,Thermoproteota,Nitrososphaeria,Nitrososphaerales,Nitrososphaeraceae,Nitrososphaera,NA
May,bco_bin_93_1,2654.613703186757,0.3562008396307608,1,Bacteria,Chloroflexota,UBA6077,UBA6077,CF-72,NA,NA
May,bco_bin_96,645.8452972270862,-1.1222284213893652,2,Bacteria,Actinomycetota,Actinomycetes,Mycobacteriales,Mycobacteriaceae,Mycobacterium,NA
May_22,DNA-1-22_bin_14,5189.480021175077,1.106255591163437,1,Bacteria,Desulfobacterota_B,Binatia,Bin18,Bin18,NA,NA
May_22,DNA-1-22_bin_2,170040.79202440457,0.42734184476604375,1,Bacteria,Tectomicrobia,Entotheonellia,NA,NA,NA,NA
May_22,DNA-1-22_bin_3,8495.949534854095,1.676436137087482,1,Bacteria,Actinomycetota,Thermoleophilia,Solirubrobacterales,Thermoleophilaceae,JACVRW01,NA
May_22,DNA-1-22_bin_6_1,16949.916624927493,0.8838269227446754,1,Archaea,Thermoproteota,Nitrososphaeria,Nitrososphaerales,Nitrososphaeraceae,Nitrososphaera,NA
May_22,DNA-1_bin_10_1,1876.8985007016379,0.884503082451474,2,Bacteria,Actinomycetota,UBA4738,UBA4738,HRBIN12,NA,NA
May_22,DNA-1_bin_13_1,1279.7912218449567,-1.093440723832369,3,Bacteria,Planctomycetota,Planctomycetia,Gemmatales,Gemmataceae,NA,NA
May_22,DNA-1_bin_18,12.063851381871928,-0.7622354364012708,3,Bacteria,Eremiobacterota,Eremiobacteria,Baltobacterales,Baltobacteraceae,NA,NA
May_22,DNA-1_bin_22_1,5830.632780060898,-1.094531543009081,2,Bacteria,Actinomycetota,Actinomycetes,Streptomycetales,Streptomycetaceae,Streptomyces,NA
May_22,DNA-1_bin_24_1,52616.118366066665,0.5941767953300593,1,Bacteria,Actinomycetota,NA,NA,NA,NA,NA
May_22,DNA-1_bin_29_1,1186.0331449111159,-0.5676485765725793,2,Bacteria,Actinomycetota,Thermoleophilia,Gaiellales,Gaiellaceae,13-2-20CM-68-14,NA
May_22,DNA-1_bin_3,2393.444726110083,-0.5861652753483062,2,Bacteria,Actinomycetota,Thermoleophilia,Gaiellales,Gaiellaceae,NA,NA
May_22,DNA-1_bin_30,534.0215098084059,-0.8442301970620835,2,Bacteria,Acidobacteriota,Thermoanaerobaculia,Multivoradales,UBA5704,UBA5704,NA
May_22,DNA-1_bin_31,2846.707779247955,-0.9915594027950535,2,Bacteria,Chloroflexota,Limnocylindria,Limnocylindrales,CSP1-4,NA,NA
May_22,DNA-1_bin_36_1,200.6784528019455,-0.5878198065554413,2,Bacteria,Chloroflexota,Dormibacteria,Dormibacterales,Dormibacteraceae,NA,NA
May_22,DNA-1_bin_39_1,1505.3643753459046,1.4578655469996857,1,Bacteria,Actinomycetota,Acidimicrobiia,Acidimicrobiales,AC-14,JAHFUQ01,NA
May_22,DNA-1_bin_41,2007.8632208281522,-0.5284393356348575,2,Bacteria,Chloroflexota,Limnocylindria,Limnocylindrales,CSP1-4,NA,NA
May_22,DNA-1_bin_43,2061.0762841293467,1.1887135676209244,1,Bacteria,Nitrospirota,Nitrospiria,Nitrospirales,Nitrospiraceae,NA,NA
May_22,DNA-1_bin_45_1,1027.870715031665,-1.2507919765489743,2,Bacteria,Actinomycetota,Actinomycetes,Mycobacteriales,Jatrophihabitantaceae,Jatrophihabitans,NA
May_22,DNA-1_bin_46,1627.9008387393746,-0.8662831694595773,3,Bacteria,Gemmatimonadota,Gemmatimonadetes,Gemmatimonadales,Gemmatimonadaceae,NA,NA
May_22,DNA-1_bin_47_1,308.98015419901367,-0.7617959990696395,3,Bacteria,Chloroflexota,Ktedonobacteria,Ktedonobacterales,Ktedonobacteraceae,NA,NA
May_22,DNA-1_bin_49_1,56.71651817475338,-1.0733406024926118,2,Bacteria,Pseudomonadota,Gammaproteobacteria,Steroidobacterales,Steroidobacteraceae,13-2-20CM-66-19,NA
May_22,DNA-1_bin_50,132.42187243129564,-0.8641152902413869,2,Bacteria,Myxococcota,Polyangia,Polyangiales,Polyangiaceae,SZUA-265,NA
May_22,DNA-1_bin_51_1,766.5979803252138,-0.8532561391209981,2,Bacteria,Acidobacteriota,Blastocatellia,Pyrinomonadales,Pyrinomonadaceae,NA,NA
May_22,DNA-1_bin_52_1,249.50778411412563,-1.2432768547079311,3,Bacteria,Actinomycetota,Thermoleophilia,Solirubrobacterales,70-9,AC-56,NA
May_22,DNA-1_bin_53_1,15079.888990305699,0.3170414737382644,1,Archaea,Thermoproteota,Nitrososphaeria,Nitrososphaerales,Nitrososphaeraceae,Nitrososphaera,NA
May_22,DNA-1_bin_54,11719.852474769981,1.830604791185284,1,Bacteria,Actinomycetota,Thermoleophilia,Solirubrobacterales,Thermoleophilaceae,JACVRW01,NA
May_22,DNA-1_bin_55_1,997.6747324958417,-1.2705090908437167,2,Bacteria,Actinomycetota,Thermoleophilia,Solirubrobacterales,Solirubrobacteraceae,Palsa-465,NA
May_22,DNA-1_bin_59_1,3063.529659485328,1.6744483519890474,1,Bacteria,Actinomycetota,UBA4738,UBA4738,NA,NA,NA
May_22,DNA-1_bin_7,505.6149492525076,-0.41145740344185155,2,Bacteria,Actinomycetota,UBA4738,UBA4738,JACQTL01,NA,NA
May_22,DNA-1_bin_8,10405.831842864252,-1.3006741459887443,3,Bacteria,Actinomycetota,Actinomycetes,Streptosporangiales,Streptosporangiaceae,NA,NA
May_22,DNA-4_bin_11,2745.898175363459,0.7185166816095965,2,Bacteria,Actinomycetota,Thermoleophilia,Gaiellales,Gaiellaceae,NA,NA
May_22,DNA-4_bin_12_1,9455.76051154267,-1.298878002036086,2,Bacteria,Actinomycetota,Actinomycetes,Mycobacteriales,Micromonosporaceae,Natronosporangium,NA
May_22,DNA-4_bin_14_1,22242.66430742386,0.8153102973993452,1,Bacteria,Actinomycetota,Rubrobacteria,Rubrobacterales,Rubrobacteraceae,JALYGY01,NA
May_22,DNA-4_bin_15_1,578.0078961208017,-0.8720592109530506,2,Bacteria,Actinomycetota,Thermoleophilia,Gaiellales,Gaiellaceae,3-1-20CM-4-69-9,NA
May_22,DNA-4_bin_17,25885.471483278026,0.9792728586303716,2,Bacteria,Actinomycetota,NA,NA,NA,NA,NA
May_22,DNA-4_bin_18,884.4947821988184,-0.8492694388156391,2,Bacteria,Actinomycetota,Thermoleophilia,Solirubrobacterales,70-9,NA,NA
May_22,DNA-4_bin_1_1,836.2839611049158,-0.9641826547858856,2,Bacteria,Gemmatimonadota,Gemmatimonadetes,Gemmatimonadales,GWC2-71-9,JACDDX01,NA
May_22,DNA-4_bin_27_1,1532.213193261508,0.5822148703241559,1,Bacteria,Actinomycetota,Nitriliruptoria,Euzebyales,NA,NA,NA
May_22,DNA-4_bin_7_1,798.8600481864147,-0.7030810226746874,2,Bacteria,Actinomycetota,Thermoleophilia,Solirubrobacterales,Thermoleophilaceae,NA,NA
May_22,DNA-6_bin_10_1,17978.044356975188,-1.1709393951822065,2,Bacteria,Actinomycetota,Actinomycetes,Mycobacteriales,Pseudonocardiaceae,Pseudonocardia,NA
May_22,DNA-6_bin_14_1,311.3989154532086,-0.5509987460255845,2,Bacteria,Actinomycetota,Thermoleophilia,Solirubrobacterales,Thermoleophilaceae,NA,NA
May_22,DNA-6_bin_18_1,392.78900862863463,0.6225443431912011,1,Bacteria,Chloroflexota,UBA6077,UBA6077,NA,NA,NA
May_22,DNA-6_bin_19_1,87.47682699184523,-0.7484149266909592,2,Bacteria,Pseudomonadota,Gammaproteobacteria,Xanthomonadales,Rhodanobacteraceae,Dyella_B,NA
May_22,DNA-6_bin_31_1,1866.574932537773,0.37228061154488734,2,Bacteria,Desulfobacterota,NA,NA,NA,NA,NA
May_22,DNA-6_bin_33_1,660.29212836950785,1.038152981282572,2,Bacteria,Desulfobacterota_B,Binatia,UBA9968,UBA9968,DP-1,NA
May_22,DNA-6_bin_34_1,40.833874160726246,-0.8565822071313959,2,Bacteria,Bacteroidota,Bacteroidia,Chitinophagales,Chitinophagaceae,Niastella,NA
May_22,DNA-6_bin_35_1,182.4198349426209,-0.9779208954251173,2,Bacteria,Pseudomonadota,Gammaproteobacteria,Steroidobacterales,Steroidobacteraceae,13-2-20CM-66-19,NA
May_22,DNA-6_bin_37_1,852.6839193711812,-1.2779006296105133,2,Bacteria,Actinomycetota,Actinomycetes,Mycobacteriales,Mycobacteriaceae,Mycobacterium,NA
May_22,DNA-6_bin_38_1,632.8288612383083,-0.7320017035949625,2,Bacteria,Gemmatimonadota,Gemmatimonadetes,Gemmatimonadales,GWC2-71-9,JACDDX01,NA
May_22,DNA-6_bin_42_1,197.45614631389958,-0.996070758470917,2,Bacteria,Pseudomonadota,Gammaproteobacteria,Burkholderiales,Burkholderiaceae,Trinickia,NA
May_22,DNA-6_bin_44_1,5516.549674910015,-1.0608413551388758,2,Bacteria,Actinomycetota,Thermoleophilia,Solirubrobacterales,Solirubrobacteraceae,NA,NA
May_22,DNA-6_bin_48_1,7692.485371420514,0.9349369269402515,1,Bacteria,Actinomycetota,Actinomycetes,Mycobacteriales,Pseudonocardiaceae,GCA-003244245,NA
May_22,DNA-6_bin_5_1,3623.4414939004632,0.06751192142182015,2,Bacteria,Actinomycetota,Thermoleophilia,Solirubrobacterales,Thermoleophilaceae,JACVRW01,NA
May_22,DNA-8_bin_11_1,1067.815306389436,-1.6682603644785203,3,Bacteria,Pseudomonadota,Alphaproteobacteria,Reyranellales,Reyranellaceae,Reyranella,NA
May_22,DNA-8_bin_14,821.6262389316486,-0.46155261833253436,2,Bacteria,Acidobacteriota,Blastocatellia,Pyrinomonadales,Pyrinomonadaceae,NA,NA
May_22,DNA-8_bin_19,771.8367601170173,0.8558878577217456,1,Bacteria,Pseudomonadota,Gammaproteobacteria,JACCYU01,JACCYU01,NA,NA
May_22,DNA-8_bin_23_1,3499.0652912543737,1.6079166541492278,2,Bacteria,Actinomycetota,Thermoleophilia,Gaiellales,Gaiellaceae,NA,NA
May_22,DNA-8_bin_28,4703.619781130387,-1.0997317671868763,2,Bacteria,Actinomycetota,Actinomycetes,Mycobacteriales,Pseudonocardiaceae,Pseudonocardia,NA
May_22,DNA-8_bin_29,1126.4454080477512,-0.9551619433318629,2,Bacteria,Actinomycetota,Actinomycetes,Mycobacteriales,Mycobacteriaceae,Mycobacterium,NA
May_22,DNA-8_bin_30_1,26106.385914619445,1.6666256894498257,2,Bacteria,Pseudomonadota,Gammaproteobacteria,NA,NA,NA,NA
May_22,DNA-8_bin_35_1,7857.1014240185605,-0.40000035229790004,2,Bacteria,Actinomycetota,Actinomycetes,NA,NA,NA,NA
May_22,DNA-8_bin_39_1,1247.6717343152104,1.511999198172954,1,Archaea,Thermoproteota,Nitrososphaeria,Nitrososphaerales,Nitrososphaeraceae,TH5893,NA
May_22,DNA-8_bin_7_1,3714.0595315413557,-0.1309491131813109,2,Bacteria,Actinomycetota,Actinomycetes,Propionibacteriales,Propionibacteriaceae,NA,NA
May_22,bcn_bin_10,1983.1010025034018,1.2672709939020523,2,Bacteria,Actinomycetota,Thermoleophilia,Gaiellales,Gaiellaceae,NA,NA
May_22,bcn_bin_100_1,2859.4814272660446,0.04950854837354729,1,Bacteria,Chloroflexota,Dehalococcoidia,CAUJGQ01,CAUJGQ01,NA,NA
May_22,bcn_bin_103_1,772.7733524401359,-0.7937919922623985,2,Bacteria,Myxococcota,Polyangia,Polyangiales,JAFGIB01,NA,NA
May_22,bcn_bin_105_1,329.25457226788836,1.345573673512705,1,Bacteria,Actinomycetota,UBA4738,CADDZG01,WHSQ01,NA,NA
May_22,bcn_bin_106_1,2428.041050107355,-0.7005554562706866,2,Bacteria,Acidobacteriota,Blastocatellia,Pyrinomonadales,Pyrinomonadaceae,QHXN01,NA
May_22,bcn_bin_110_1,1473.7065986970117,-0.6645701071859834,2,Bacteria,Actinomycetota,Thermoleophilia,Gaiellales,Gaiellaceae,NA,NA
May_22,bcn_bin_114,432.8941055107867,-1.2704272125307863,3,Bacteria,Chloroflexota,UBA6077,UBA6077,CF-72,CF-72,NA
May_22,bcn_bin_115,6223.8851273843175,-0.6001629504808773,2,Bacteria,Actinomycetota,Actinomycetes,Mycobacteriales,Micromonosporaceae,NA,NA
May_22,bcn_bin_116,1156.5078315028484,1.3615893177103755,2,Bacteria,Actinomycetota,Thermoleophilia,Gaiellales,Gaiellaceae,NA,NA
May_22,bcn_bin_123,142.25444328651574,-0.9124719990662379,2,Bacteria,Gemmatimonadota,Gemmatimonadetes,Gemmatimonadales,GWC2-71-9,JACDDX01,NA
May_22,bcn_bin_124,10698.094388310416,1.3902928131146526,1,Bacteria,Chloroflexota,UBA6077,UBA6077,JACCZL01,NA,NA
May_22,bcn_bin_125_1,799.6803723863892,-0.6095868192770517,2,Bacteria,Actinomycetota,Thermoleophilia,Solirubrobacterales,Thermoleophilaceae,NA,NA
May_22,bcn_bin_126,207.34142730554166,-1.0337137122966518,2,Bacteria,Gemmatimonadota,Gemmatimonadetes,Gemmatimonadales,GWC2-71-9,JACDDX01,NA
May_22,bcn_bin_130_1,230.46311505749932,-0.604791850529467,2,Bacteria,Actinomycetota,Acidimicrobiia,IMCC26256,JACDBD01,NA,NA
May_22,bcn_bin_131_1,725.5779461509079,-0.9001621650203797,2,Bacteria,Methylomirabilota,Methylomirabilia,Rokubacteriales,CSP1-6,NA,NA
May_22,bcn_bin_133,3684.4144390592955,0.19010380309887617,2,Bacteria,Actinomycetota,Actinomycetes,Propionibacteriales,Propionibacteriaceae,JAJTCL01,NA
May_22,bcn_bin_135_1,1328.1885351105782,-1.0343331197727286,3,Bacteria,Chloroflexota,UBA6077,UBA6077,CF-72,NA,NA
May_22,bcn_bin_137_1,1138.8576191570123,-0.7357736614609084,2,Bacteria,Methylomirabilota,Methylomirabilia,Rokubacteriales,CSP1-6,NA,NA
May_22,bcn_bin_138,3115.2909842145496,0.43490187352538273,1,Archaea,Thermoproteota,Nitrososphaeria,Nitrososphaerales,Nitrososphaeraceae,NA,NA
May_22,bcn_bin_139_1,2461.8540799481507,-0.5653255406075822,2,Bacteria,Pseudomonadota,Alphaproteobacteria,Rhizobiales,Beijerinckiaceae,NA,NA
May_22,bcn_bin_13_1,42.61335257260495,-1.0000857212849348,2,Bacteria,Gemmatimonadota,Gemmatimonadetes,Gemmatimonadales,GWC2-71-9,JACDDX01,NA
May_22,bcn_bin_140,6641.166573754095,-1.0042653028506383,2,Bacteria,Actinomycetota,Actinomycetes,Mycobacteriales,Pseudonocardiaceae,Pseudonocardia,NA
May_22,bcn_bin_142_1,4709.301717180137,0.3756958986655525,1,Archaea,Thermoproteota,Nitrososphaeria,Nitrososphaerales,Nitrososphaeraceae,NA,NA
May_22,bcn_bin_14_1,1056.2169486789094,0.8617737992100412,2,Bacteria,Actinomycetota,Thermoleophilia,Gaiellales,Gaiellaceae,NA,NA
May_22,bcn_bin_151,27124.484377070625,0.992527763469811,1,Bacteria,Actinomycetota,Rubrobacteria,Rubrobacterales,Rubrobacteraceae,JALYGY01,NA
May_22,bcn_bin_154_1,624.0933214413254,-1.3303579981686595,2,Bacteria,Gemmatimonadota,Gemmatimonadetes,Gemmatimonadales,GWC2-71-9,JACDDX01,NA
May_22,bcn_bin_156_1,310.44538259928623,-0.9964938148757151,2,Bacteria,Pseudomonadota,Alphaproteobacteria,Sphingomonadales,Sphingomonadaceae,Sphingomicrobium,NA
May_22,bcn_bin_158,1030.3504615833394,-0.8543607096639797,2,Bacteria,Actinomycetota,Thermoleophilia,Solirubrobacterales,Thermoleophilaceae,NA,NA
May_22,bcn_bin_159,193.35922381851404,0.40698639349276483,1,Bacteria,Actinomycetota,UBA4738,CADDZG01,WHSQ01,NA,NA
May_22,bcn_bin_160,728.1860325471841,-0.7373055518998166,2,Bacteria,Actinomycetota,Thermoleophilia,Solirubrobacterales,Thermoleophilaceae,NA,NA
May_22,bcn_bin_163,929.4892718642747,2.1921785114298395,1,Bacteria,Actinomycetota,UBA4738,UBA4738,NA,NA,NA
May_22,bcn_bin_164,73.94090295553497,-1.162560623488284,3,Bacteria,Acidobacteriota,Terriglobia,Terriglobales,Gp1-AA117,Angelobacter,NA
May_22,bcn_bin_165_1,10043.46909491472,0.11317718096753442,3,Bacteria,Chloroflexota,UBA6077,UBA6077,JACCZL01,NA,NA
May_22,bcn_bin_167_1,866.5217104064494,0.07096298262501233,2,Bacteria,Actinomycetota,Thermoleophilia,Gaiellales,Gaiellaceae,NA,NA
May_22,bcn_bin_169,728.1370205386389,0.6381294627340378,2,Bacteria,Actinomycetota,UBA4738,UBA4738,HRBIN12,NA,NA
May_22,bcn_bin_16_1,3353.9228883104483,-0.590640168612379,2,Bacteria,Actinomycetota,Actinomycetes,NA,NA,NA,NA
May_22,bcn_bin_170,104.40990320202197,-0.597679023514151,2,Bacteria,Verrucomicrobiota,Verrucomicrobiae,Chthoniobacterales,UBA10450,AV80,NA
May_22,bcn_bin_174_1,2102.2415973535,1.353410226026581,1,Bacteria,Actinomycetota,UBA4738,CADDZG01,WHSQ01,NA,NA
May_22,bcn_bin_175,1188.8744762905978,-0.395593934764125,2,Bacteria,Actinomycetota,Thermoleophilia,Gaiellales,Gaiellaceae,NA,NA
May_22,bcn_bin_176,655.9227164921078,-2.0592150725121754,3,Bacteria,Pseudomonadota,Alphaproteobacteria,Reyranellales,Reyranellaceae,Reyranella,NA
May_22,bcn_bin_177,1217.4664216082886,0.7405025033799578,1,Bacteria,Actinomycetota,UBA4738,CADDZG01,WHSQ01,NA,NA
May_22,bcn_bin_182_1,221.02040597734148,-1.4178233514791785,3,Bacteria,Acidobacteriota,Terriglobia,Bryobacterales,Bryobacteraceae,Bog-105,NA
May_22,bcn_bin_19,4696.264145521258,1.5620598433622501,1,Bacteria,Actinomycetota,Thermoleophilia,Solirubrobacterales,Thermoleophilaceae,JACVRW01,NA
May_22,bcn_bin_192,180.01820004796957,-1.040837475559809,2,Bacteria,Pseudomonadota,Gammaproteobacteria,Burkholderiales,SG8-39,SCGC-AG-212-J23,NA
May_22,bcn_bin_193_1,164.4481805854388,0.049952944082871154,1,Bacteria,Actinomycetota,UBA4738,CADDZG01,NA,NA,NA
May_22,bcn_bin_194_1,493.87239358449676,0.42652124079022874,1,Bacteria,Chloroflexota,Chloroflexia,Thermomicrobiales,Thermomicrobiaceae,NA,NA
May_22,bcn_bin_205,538.7572078466196,-0.6917921837486536,2,Bacteria,Actinomycetota,Thermoleophilia,Solirubrobacterales,70-9,NA,NA
May_22,bcn_bin_206,430.58862893181197,-0.9267601929581228,2,Bacteria,Actinomycetota,Actinomycetes,Mycobacteriales,Mycobacteriaceae,Mycobacterium,NA
May_22,bcn_bin_209_1,246.90094460252755,-1.393093597843228,3,Bacteria,Acidobacteriota,Terriglobia,Bryobacterales,Bryobacteraceae,Bog-105,NA
May_22,bcn_bin_212,518.3451183435795,-0.7544158802252723,2,Bacteria,Actinomycetota,Thermoleophilia,Solirubrobacterales,70-9,NA,NA
May_22,bcn_bin_213,215.93102684523348,-1.0497752525362123,2,Bacteria,Gemmatimonadota,Gemmatimonadetes,Gemmatimonadales,GWC2-71-9,JACDDX01,NA
May_22,bcn_bin_216,1381.4186147864552,0.7685386564806707,1,Archaea,Thermoproteota,Nitrososphaeria,Nitrososphaerales,Nitrososphaeraceae,TH5893,NA
May_22,bcn_bin_217,1286.7508078661074,-0.420824898100532,2,Bacteria,Actinomycetota,Thermoleophilia,Gaiellales,Gaiellaceae,NA,NA
May_22,bcn_bin_21_1,12309.996544554779,0.5062792928277111,1,Bacteria,Chloroflexota,Dehalococcoidia,UBA3495,UBA3495,NA,NA
May_22,bcn_bin_222_1,1233.114214190811,-1.0298778864417029,2,Bacteria,Acidobacteriota,Terriglobia,Bryobacterales,Bryobacteraceae,Bog-105,NA
May_22,bcn_bin_224,271.1654379536694,-0.6004582324872183,2,Bacteria,Actinomycetota,Thermoleophilia,Gaiellales,Gaiellaceae,NA,NA
May_22,bcn_bin_225,3300.7282231975664,0.5228757435101914,2,Bacteria,Actinomycetota,Thermoleophilia,Solirubrobacterales,Thermoleophilaceae,JACVRW01,NA
May_22,bcn_bin_226_1,593.1352309370936,-1.046272493749867,2,Bacteria,Myxococcota,Myxococcia,Myxococcales,Myxococcaceae,Archangium,NA
May_22,bcn_bin_229_1,15239.860078961317,-0.36096681534511726,2,Bacteria,Actinomycetota,Actinomycetes,Propionibacteriales,Propionibacteriaceae,NA,NA
May_22,bcn_bin_230,4944.728237109893,-1.3834298500288247,2,Bacteria,Actinomycetota,Thermoleophilia,Solirubrobacterales,Solirubrobacteraceae,NA,NA
May_22,bcn_bin_234,2227.8284377985474,1.6961219341189187,1,Bacteria,Actinomycetota,UBA4738,UBA4738,NA,NA,NA
May_22,bcn_bin_235,396.5220146302148,-0.8785419623307378,2,Bacteria,Pseudomonadota,Gammaproteobacteria,Steroidobacterales,Steroidobacteraceae,NA,NA
May_22,bcn_bin_238_1,519.0726888653875,-0.6580490967838643,2,Bacteria,Actinomycetota,Thermoleophilia,Solirubrobacterales,Thermoleophilaceae,NA,NA
May_22,bcn_bin_244_1,649.4684759476288,-0.5959228391405904,3,Bacteria,Chloroflexota,Ktedonobacteria,Ktedonobacterales,Ktedonobacteraceae,NA,NA
May_22,bcn_bin_245,1113.5729981540205,0.19863704178295058,2,Bacteria,Actinomycetota,UBA4738,UBA4738,NA,NA,NA
May_22,bcn_bin_247,412.95997063640203,-0.665177434189726,2,Bacteria,Actinomycetota,Thermoleophilia,Gaiellales,Gaiellaceae,NA,NA
May_22,bcn_bin_248_1,343.13538513245555,-0.9159460126457416,2,Bacteria,Gemmatimonadota,Gemmatimonadetes,Gemmatimonadales,GWC2-71-9,JACDDX01,NA
May_22,bcn_bin_249_1,3016.7421563931357,1.2195648859226864,1,Bacteria,Chloroflexota,Chloroflexia,Chloroflexales,Kallotenuaceae,NA,NA
May_22,bcn_bin_251,9192.381990506194,-0.6379605791345747,2,Bacteria,Actinomycetota,Actinomycetes,Mycobacteriales,Micromonosporaceae,NA,NA
May_22,bcn_bin_253,1270.7761030531776,-0.7371709825639673,2,Bacteria,Pseudomonadota,Alphaproteobacteria,Rhizobiales,Xanthobacteraceae,NA,NA
May_22,bcn_bin_254,1651.2230699461463,0.5422345950870457,1,Bacteria,Actinomycetota,Actinomycetes,Mycobacteriales,Pseudonocardiaceae,GCA-003244245,NA
May_22,bcn_bin_256_1,451.34875831569656,-0.2041695884373052,2,Bacteria,Actinomycetota,Thermoleophilia,Solirubrobacterales,NA,NA,NA
May_22,bcn_bin_257_1,2912.7892906435736,-0.33520719457396386,2,Bacteria,Actinomycetota,Thermoleophilia,Gaiellales,Gaiellaceae,NA,NA
May_22,bcn_bin_260_1,5520.335415800754,0.7168840525083764,1,Bacteria,Chloroflexota,Dehalococcoidia,UBA3495,UBA3495,NA,NA
May_22,bcn_bin_262,260.9989468888349,-0.7672746158334977,2,Bacteria,Actinomycetota,Thermoleophilia,Gaiellales,Gaiellaceae,3-1-20CM-4-69-9,NA
May_22,bcn_bin_263_1,316.9783849110335,0.9421694770452638,2,Bacteria,Actinomycetota,UBA4738,UBA4738,HRBIN12,NA,NA
May_22,bcn_bin_267,9347.32462238759,0.7537332506466418,1,Bacteria,Actinomycetota,Rubrobacteria,Rubrobacterales,Rubrobacteraceae,Rubrobacter_D,NA
May_22,bcn_bin_270_1,370.8884385503828,-0.7844003922139896,2,Bacteria,Actinomycetota,Thermoleophilia,Gaiellales,Gaiellaceae,13-2-20CM-68-14,NA
May_22,bcn_bin_271,891.3926185888865,-0.9413540625587682,3,Bacteria,Acidobacteriota,Terriglobia,Bryobacterales,Bryobacteraceae,NA,NA
May_22,bcn_bin_273,5209.969515378346,-1.038819657546061,2,Bacteria,Actinomycetota,Actinomycetes,NA,NA,NA,NA
May_22,bcn_bin_274_1,1059.9748421364402,-0.28665821393939117,1,Bacteria,Actinomycetota,UBA4738,CADDZG01,WHSQ01,JALZEG01,NA
May_22,bcn_bin_277_1,742.2216482204029,-0.7737088838481059,2,Bacteria,Acidobacteriota,Terriglobia,Terriglobales,DSPA01,NA,NA
May_22,bcn_bin_278_1,1525.1185485659062,-1.0971731272128553,2,Bacteria,Actinomycetota,Acidimicrobiia,Acidimicrobiales,JACDCH01,ZC4RG19,NA
May_22,bcn_bin_280,2431.104835115715,-0.5365764772569168,2,Bacteria,Actinomycetota,Thermoleophilia,Solirubrobacterales,Thermoleophilaceae,JACVRW01,NA
May_22,bcn_bin_289_1,785.0677142715798,1.6732886432890133,1,Bacteria,Actinomycetota,UBA4738,UBA4738,NA,NA,NA
May_22,bcn_bin_28_1,861.9501857831759,1.3206496899671074,2,Bacteria,Actinomycetota,Thermoleophilia,Solirubrobacterales,NA,NA,NA
May_22,bcn_bin_29_1,552.0333381286405,1.752195878304162,1,Bacteria,Actinomycetota,UBA4738,CADDZG01,WHSQ01,NA,NA
May_22,bcn_bin_2_1,1898.9860293509837,-0.9264386313771457,3,Bacteria,Actinomycetota,Actinomycetes,Streptosporangiales,Streptosporangiaceae,NA,NA
May_22,bcn_bin_3,997.2243902707187,0.4671120073160354,2,Bacteria,Actinomycetota,Thermoleophilia,Gaiellales,Gaiellaceae,JAIBJP01,NA
May_22,bcn_bin_30,930.7110312589925,-0.32296317680908787,2,Bacteria,Actinomycetota,Thermoleophilia,Gaiellales,Gaiellaceae,3-1-20CM-4-69-9,NA
May_22,bcn_bin_34,622.0906350928309,-1.6652332814983626,3,Bacteria,Actinomycetota,Thermoleophilia,Gaiellales,Gaiellaceae,JAIBJP01,NA
May_22,bcn_bin_35,1852.631015242057,-0.038663707996640775,2,Bacteria,Actinomycetota,Thermoleophilia,Solirubrobacterales,Thermoleophilaceae,JACVRW01,NA
May_22,bcn_bin_38_1,5662.474467194561,-0.8158540155606496,2,Bacteria,Actinomycetota,Actinomycetes,Mycobacteriales,Pseudonocardiaceae,NA,NA
May_22,bcn_bin_42,2911.680090731467,-0.5073480338086821,2,Bacteria,Actinomycetota,Actinomycetes,Mycobacteriales,Pseudonocardiaceae,GCA-003244245,NA
May_22,bcn_bin_43,778.1371500120723,-0.7443726666751249,2,Bacteria,Actinomycetota,Thermoleophilia,Gaiellales,NA,NA,NA
May_22,bcn_bin_48,367.0574662663024,-1.1093713142446173,2,Bacteria,Actinomycetota,Thermoleophilia,Gaiellales,JAICJC01,NA,NA
May_22,bcn_bin_51,964.1706413426808,-1.09137878655623,2,Bacteria,Pseudomonadota,Alphaproteobacteria,Rhizobiales,Rhizobiaceae,NA,NA
May_22,bcn_bin_56_1,528.2342278473375,-1.004849260435543,3,Bacteria,Chloroflexota,Dormibacteria,UBA8260,UBA8260,NA,NA
May_22,bcn_bin_59,1028.581257574273,0.1337953322174683,2,Bacteria,Chloroflexota,Limnocylindria,Limnocylindrales,CSP1-4,NA,NA
May_22,bcn_bin_63_1,2421.489633148153,0.7129370317090352,2,Bacteria,Pseudomonadota,Alphaproteobacteria,Rhizobiales,Aestuariivirgaceae,NA,NA
May_22,bcn_bin_68,989.8850624221602,-0.13370606657295966,2,Bacteria,Actinomycetota,Thermoleophilia,Gaiellales,Gaiellaceae,NA,NA
May_22,bcn_bin_70,2165.8344801013063,-0.5762905277274335,2,Bacteria,Actinomycetota,Thermoleophilia,Solirubrobacterales,Thermoleophilaceae,NA,NA
May_22,bcn_bin_71,646.5297929134913,-1.1153151848486516,2,Bacteria,Actinomycetota,Actinomycetes,Mycobacteriales,Mycobacteriaceae,Mycobacterium,NA
May_22,bcn_bin_72,498.02910742391794,-0.442002568361866,2,Bacteria,Actinomycetota,Thermoleophilia,Solirubrobacterales,70-9,NA,NA
May_22,bcn_bin_80_1,26.701753109766315,-0.7351572800800872,2,Bacteria,Myxococcota,Myxococcia,Myxococcales,40CM-4-68-19,VBKO01,NA
May_22,bcn_bin_81,348.91004996809016,-0.9525356902790465,2,Bacteria,Actinomycetota,Thermoleophilia,Gaiellales,Gaiellaceae,AC-21,NA
May_22,bcn_bin_82_1,510.6297020055566,-0.6904820979348072,2,Bacteria,Gemmatimonadota,Gemmatimonadetes,Gemmatimonadales,GWC2-71-9,JACDDX01,NA
May_22,bcn_bin_84_1,2926.8909178673484,-0.10881228943499706,2,Bacteria,Actinomycetota,Thermoleophilia,Gaiellales,Gaiellaceae,NA,NA
May_22,bcn_bin_85,290.65639899616934,-0.7826921378371422,2,Bacteria,Methylomirabilota,Methylomirabilia,Rokubacteriales,CSP1-6,NA,NA
May_22,bcn_bin_87,1076.7318674391122,1.8861716246762483,1,Bacteria,Actinomycetota,Thermoleophilia,Gaiellales,Gaiellaceae,GMQP-bins7,NA
May_22,bcn_bin_97,5456.913313874107,-1.0267448192248085,2,Bacteria,Actinomycetota,Thermoleophilia,Solirubrobacterales,Solirubrobacteraceae,NA,NA
May_22,bcn_bin_99_1,1792.2633380097332,-0.8519855693024816,3,Bacteria,Acidobacteriota,Terriglobia,Bryobacterales,Bryobacteraceae,Bog-105,NA
May_22,bcn_bin_9_1,1054.621746665825,1.224077786540151,1,Bacteria,Actinomycetota,UBA4738,CADDZG01,WHSQ01,NA,NA
May_22,bco_bin_1,3842.0867553069934,-1.385423189505261,3,Bacteria,Actinomycetota,Acidimicrobiia,Acidimicrobiales,JACDCH01,NA,NA
May_22,bco_bin_101,800.3551138888222,0.22541768682903163,2,Bacteria,Actinomycetota,Actinomycetes,Jiangellales,Jiangellaceae,NA,NA
May_22,bco_bin_102_1,399.0243907425559,1.3742042874029496,1,Bacteria,Actinomycetota,UBA4738,JAHWKV01,JAHWKV01,NA,NA
May_22,bco_bin_104_1,1767.9200894448966,-1.4039286511355955,2,Bacteria,Actinomycetota,Actinomycetes,Mycobacteriales,Pseudonocardiaceae,Pseudonocardia,NA
May_22,bco_bin_105_1,2329.389765084893,-0.20470910768661332,2,Bacteria,Pseudomonadota,Gammaproteobacteria,Burkholderiales,Burkholderiaceae,Telluria,NA
May_22,bco_bin_106_1,298.9729269624858,-1.2424053880269645,2,Bacteria,Gemmatimonadota,Gemmatimonadetes,Gemmatimonadales,GWC2-71-9,JACDDX01,NA
May_22,bco_bin_107,3794.8751596068355,0.26403251716330234,1,Bacteria,Actinomycetota,UBA4738,JAHWKV01,NA,NA,NA
May_22,bco_bin_108_1,329.1719094634655,-1.0820105664547885,3,Bacteria,Pseudomonadota,Alphaproteobacteria,Acetobacterales,Acetobacteraceae,NA,NA
May_22,bco_bin_109,1378.184788648701,-1.1390516190608855,2,Bacteria,Actinomycetota,Thermoleophilia,Gaiellales,Gaiellaceae,3-1-20CM-4-69-9,NA
May_22,bco_bin_11,637.850112716994,-0.5391468484041565,3,Bacteria,Nitrospirota,Nitrospiria,Nitrospirales,Nitrospiraceae,NA,NA
May_22,bco_bin_111,1235.2420286143151,-0.6801130820797335,2,Bacteria,Actinomycetota,Thermoleophilia,Gaiellales,Gaiellaceae,NA,NA
May_22,bco_bin_112,2072.6687485819516,-1.112614307007973,2,Bacteria,Actinomycetota,Thermoleophilia,Solirubrobacterales,Solirubrobacteraceae,NA,NA
May_22,bco_bin_113,298.89679607573584,-0.9732241224136275,2,Bacteria,Gemmatimonadota,Gemmatimonadetes,Gemmatimonadales,GWC2-71-9,JACDDX01,NA
May_22,bco_bin_115,2222.5652748113007,1.3428097845823106,1,Bacteria,Actinomycetota,Thermoleophilia,Solirubrobacterales,Thermoleophilaceae,JACVRW01,NA
May_22,bco_bin_116,254.56790969344,-0.7690821048204614,3,Bacteria,Chloroflexota,Dormibacteria,Dormibacterales,Dormibacteraceae,NA,NA
May_22,bco_bin_117,1084.2374848980257,1.37429070408358,1,Bacteria,Actinomycetota,Acidimicrobiia,IMCC26256,PALSA-610,NA,NA
May_22,bco_bin_118,2250.3365086659824,0.2139172633766151,2,Bacteria,Actinomycetota,Thermoleophilia,Gaiellales,Gaiellaceae,NA,NA
May_22,bco_bin_123,2447.042641332362,-0.5475337578824959,2,Bacteria,Actinomycetota,Actinomycetes,Jiangellales,Jiangellaceae,NA,NA
May_22,bco_bin_125_1,1954.8755442491542,-1.2436495555893856,3,Bacteria,Actinomycetota,Actinomycetes,Streptosporangiales,Streptosporangiaceae,NA,NA
May_22,bco_bin_128,638.5961149301594,-0.6463596147118381,2,Bacteria,Actinomycetota,Thermoleophilia,Gaiellales,Gaiellaceae,NA,NA
May_22,bco_bin_129,702.9870377616315,-0.31516629732492113,1,Bacteria,Actinomycetota,Thermoleophilia,Solirubrobacterales,70-9,NA,NA
May_22,bco_bin_130,318.13872757960945,-0.8318100426741106,2,Bacteria,Actinomycetota,Thermoleophilia,Solirubrobacterales,70-9,AC-56,NA
May_22,bco_bin_134_1,1089.0055688829377,0.062570608151133425,1,Bacteria,Nitrospirota,Nitrospiria,Nitrospirales,Nitrospiraceae,NA,NA
May_22,bco_bin_135,3579.819096354911,-1.1544894538815729,2,Bacteria,Pseudomonadota,Alphaproteobacteria,Rhizobiales,Beijerinckiaceae,NA,NA
May_22,bco_bin_136,14955.45423412272,0.2594868804186026,2,Bacteria,Actinomycetota,Actinomycetes,Mycobacteriales,Pseudonocardiaceae,NA,NA
May_22,bco_bin_137,222.97081518095473,-1.149829519156968,3,Bacteria,Gemmatimonadota,Gemmatimonadetes,Gemmatimonadales,GWC2-71-9,JACDDX01,NA
May_22,bco_bin_139,1614.3743665584257,-0.6012484736298407,3,Bacteria,Chloroflexota,UBA6077,UBA6077,JAJPHF01,NA,NA
May_22,bco_bin_14,1407.2792664504302,-0.49679978559534754,2,Bacteria,Actinomycetota,Actinomycetes,Jiangellales,Jiangellaceae,NA,NA
May_22,bco_bin_143,2879.697060988674,0.8291781123971462,1,Bacteria,Actinomycetota,Rubrobacteria,Rubrobacterales,Rubrobacteraceae,Rubrobacter_F,NA
May_22,bco_bin_145,1881.400100005194,-0.3086858220538501,1,Bacteria,Chloroflexota,Chloroflexia,Thermomicrobiales,UBA6265,JACCXM01,NA
May_22,bco_bin_146_1,266.2706382149132,1.5748865510655532,1,Bacteria,Actinomycetota,UBA4738,CADDZG01,WHSQ01,NA,NA
May_22,bco_bin_147,934.233806011401,-0.9334622514597554,2,Bacteria,Actinomycetota,Thermoleophilia,Solirubrobacterales,Solirubrobacteraceae,Palsa-465,NA
May_22,bco_bin_148_1,433.1784859100301,-0.7498925737031766,2,Bacteria,Actinomycetota,Acidimicrobiia,Acidimicrobiales,AC-14,NA,NA
May_22,bco_bin_149,602.4455477592912,0.5759151969819449,1,Bacteria,Actinomycetota,UBA4738,CADDZG01,WHSQ01,NA,NA
May_22,bco_bin_150,7526.176106631236,-2.024580990865667,3,Bacteria,Actinomycetota,Actinomycetes,Streptosporangiales,Streptosporangiaceae,NA,NA
May_22,bco_bin_153,5229.718374270306,0.5615227337957354,1,Bacteria,Actinomycetota,Rubrobacteria,Rubrobacterales,Rubrobacteraceae,Rubrobacter_F,NA
May_22,bco_bin_155,2690.8228692836938,0.180439022378951,2,Bacteria,Actinomycetota,Actinomycetes,Propionibacteriales,Propionibacteriaceae,JAJTCL01,NA
May_22,bco_bin_158_1,361.47841730336796,-1.0206911116373483,2,Bacteria,Actinomycetota,Thermoleophilia,Solirubrobacterales,Solirubrobacteraceae,Palsa-465,NA
May_22,bco_bin_16,1457.2926792674398,-0.4099975569271477,2,Bacteria,Actinomycetota,Thermoleophilia,Gaiellales,Gaiellaceae,JAIBJP01,NA
May_22,bco_bin_160,465.07848656354685,1.0254247700403438,1,Bacteria,Actinomycetota,UBA4738,CADDZG01,WHSQ01,NA,NA
May_22,bco_bin_161,1578.0224651289159,-0.9626789789943347,3,Bacteria,Acidobacteriota,Terriglobia,Bryobacterales,Bryobacteraceae,NA,NA
May_22,bco_bin_167_1,3248.0618583849064,-0.32155642984768956,2,Bacteria,Actinomycetota,Actinomycetes,Mycobacteriales,Pseudonocardiaceae,Saccharopolyspora,NA
May_22,bco_bin_168,879.0084014535105,-0.9009371786172091,3,Bacteria,Actinomycetota,UBA4738,UBA4738,HRBIN12,NA,NA
May_22,bco_bin_170,2844.4969778881996,-1.4753483151131677,2,Bacteria,Actinomycetota,Actinomycetes,Mycobacteriales,Pseudonocardiaceae,Pseudonocardia,NA
May_22,bco_bin_172,1919.8171323938395,-1.3191607329817767,2,Bacteria,Actinomycetota,Actinomycetes,Mycobacteriales,Pseudonocardiaceae,NA,NA
May_22,bco_bin_176,258.5700334777817,-1.0706504157945675,2,Bacteria,Actinomycetota,Actinomycetes,Mycobacteriales,Mycobacteriaceae,Mycobacterium,NA
May_22,bco_bin_181,2632.6791466656878,-0.8749037013739361,2,Bacteria,Actinomycetota,Actinomycetes,Mycobacteriales,Pseudonocardiaceae,Lentzea,NA
May_22,bco_bin_183_1,327.35274912261576,0.018915767817436036,1,Bacteria,Actinomycetota,UBA4738,UBA4738,HRBIN12,NA,NA
May_22,bco_bin_186,1314.885921052782,-0.7765449672784567,2,Bacteria,Actinomycetota,Thermoleophilia,Solirubrobacterales,Solirubrobacteraceae,AC-38,NA
May_22,bco_bin_187,310.6735995567407,1.0801143489773166,2,Bacteria,Pseudomonadota,Alphaproteobacteria,Rhizobiales,Methyloligellaceae,Methyloceanibacter,NA
May_22,bco_bin_189,192.0506062171048,-0.816106447291695,2,Bacteria,Actinomycetota,Thermoleophilia,Gaiellales,Gaiellaceae,Palsa-739,NA
May_22,bco_bin_18_1,24.455918875035476,-1.042806561402804,2,Bacteria,Acidobacteriota,Terriglobia,Terriglobales,NA,NA,NA
May_22,bco_bin_19,142.61553305841454,-1.368673419577515,2,Bacteria,Gemmatimonadota,Gemmatimonadetes,Gemmatimonadales,GWC2-71-9,JACDDX01,NA
May_22,bco_bin_190_1,2896.4734584295634,0.808419690629935,2,Bacteria,Actinomycetota,Thermoleophilia,Gaiellales,Gaiellaceae,JAIBJP01,NA
May_22,bco_bin_193,93.73003734974854,-0.9762463526606183,2,Bacteria,Gemmatimonadota,Gemmatimonadetes,Longimicrobiales,Longimicrobiaceae,NA,NA
May_22,bco_bin_196_1,3604.808078662389,-1.2033520943297815,2,Bacteria,Actinomycetota,Actinomycetes,Mycobacteriales,Pseudonocardiaceae,Actinomycetospora,NA
May_22,bco_bin_197,1451.1703768586108,0.37375798087178375,2,Bacteria,Actinomycetota,Thermoleophilia,Gaiellales,Gaiellaceae,NA,NA
May_22,bco_bin_199,2155.346456561473,1.1647289114956711,2,Bacteria,Actinomycetota,Thermoleophilia,Solirubrobacterales,Thermoleophilaceae,JACVRW01,NA
May_22,bco_bin_20,146.3557158314693,-0.11684325484308562,1,Bacteria,Actinomycetota,UBA4738,CADDZG01,WHSQ01,NA,NA
May_22,bco_bin_200,1277.5197935389406,-0.45755034721792237,2,Bacteria,Actinomycetota,Actinomycetes,Propionibacteriales,Propionibacteriaceae,JAJTCL01,NA
May_22,bco_bin_201_1,3999.1175232328715,0.6640384252673032,2,Bacteria,Actinomycetota,Thermoleophilia,Solirubrobacterales,Thermoleophilaceae,JACVRW01,NA
May_22,bco_bin_205,664.0755711358597,0.7825927386373049,1,Bacteria,Actinomycetota,UBA4738,UBA4738,HRBIN12,NA,NA
May_22,bco_bin_208,641.8810686284411,-1.014378735244464,2,Bacteria,Actinomycetota,Actinomycetes,Mycobacteriales,Mycobacteriaceae,Mycobacterium,NA
May_22,bco_bin_215,2791.2184298507013,1.7330403555293397,2,Bacteria,Actinomycetota,Thermoleophilia,Gaiellales,Gaiellaceae,NA,NA
May_22,bco_bin_21_1,1200.013049586602,0.4524228151078144,2,Bacteria,Chloroflexota,Limnocylindria,QHBO01,QHBO01,NA,NA
May_22,bco_bin_23_1,81.68619929279639,-0.867329729132667,2,Bacteria,Pseudomonadota,Gammaproteobacteria,Steroidobacterales,Steroidobacteraceae,13-2-20CM-66-19,NA
May_22,bco_bin_24,705.0448016268225,-1.1783635787518076,2,Bacteria,Actinomycetota,Actinomycetes,Mycobacteriales,Mycobacteriaceae,Mycobacterium,NA
May_22,bco_bin_25_1,521.1061465095927,-0.937200592623456,2,Bacteria,Gemmatimonadota,Gemmatimonadetes,Gemmatimonadales,GWC2-71-9,JACDDX01,NA
May_22,bco_bin_26,10945.300718017628,0.7551117272186216,1,Bacteria,Actinomycetota,Rubrobacteria,Rubrobacterales,Rubrobacteraceae,JALYGY01,NA
May_22,bco_bin_27,1247.6630870878241,-0.5445004501383324,2,Bacteria,Actinomycetota,Thermoleophilia,Solirubrobacterales,Thermoleophilaceae,AC-37,NA
May_22,bco_bin_28_1,11.513093095928616,-1.0184671443819553,2,Bacteria,Verrucomicrobiota,Verrucomicrobiae,Chthoniobacterales,UBA10450,NA,NA
May_22,bco_bin_29_1,161.9737241723355,-1.0688577397203598,3,Bacteria,Acidobacteriota,Terriglobia,Terriglobales,Acidobacteriaceae,KBS-83,NA
May_22,bco_bin_3,693.1875849420675,-0.4253646187582191,2,Bacteria,Actinomycetota,Thermoleophilia,Solirubrobacterales,NA,NA,NA
May_22,bco_bin_30,950.5903136486049,-1.2224674462594003,2,Bacteria,Actinomycetota,Actinomycetes,Mycobacteriales,Jatrophihabitantaceae,NA,NA
May_22,bco_bin_32,1193.4367317244296,1.8944950513866474,1,Bacteria,Actinomycetota,Thermoleophilia,Gaiellales,Gaiellaceae,NA,NA
May_22,bco_bin_35,291.75970544306176,-1.3263755019170935,2,Bacteria,Gemmatimonadota,Gemmatimonadetes,Gemmatimonadales,GWC2-71-9,JACDDX01,NA
May_22,bco_bin_4,856.527441427618,-0.8000024374643048,2,Bacteria,Actinomycetota,Thermoleophilia,Gaiellales,Gaiellaceae,JAIBJP01,NA
May_22,bco_bin_40_1,1034.296243767314,0.1566813780657141,2,Bacteria,Actinomycetota,Thermoleophilia,Gaiellales,Gaiellaceae,NA,NA
May_22,bco_bin_46,330.90726077657405,-0.9481978708703758,2,Bacteria,Actinomycetota,Thermoleophilia,Gaiellales,Gaiellaceae,PALSA-600,NA
May_22,bco_bin_49,103.90725124061814,-0.9072357321391078,2,Bacteria,Pseudomonadota,Gammaproteobacteria,Steroidobacterales,Steroidobacteraceae,13-2-20CM-66-19,NA
May_22,bco_bin_51_1,426.7210172700578,-1.027529385112111,2,Bacteria,Gemmatimonadota,Gemmatimonadetes,Gemmatimonadales,GWC2-71-9,JACDDX01,NA
May_22,bco_bin_52,707.2087754454252,-0.8293459709008479,2,Bacteria,Methylomirabilota,Methylomirabilia,Rokubacteriales,CSP1-6,AR5,NA
May_22,bco_bin_54,1319.618760063584,0.7566236535560206,2,Bacteria,Actinomycetota,Thermoleophilia,Gaiellales,NA,NA,NA
May_22,bco_bin_55_1,4710.769865200116,-1.010378613115292,2,Bacteria,Actinomycetota,Thermoleophilia,Solirubrobacterales,Solirubrobacteraceae,NA,NA
May_22,bco_bin_57,2027.716025251998,1.8649472311498414,1,Bacteria,Actinomycetota,Thermoleophilia,Gaiellales,Gaiellaceae,NA,NA
May_22,bco_bin_58,659.9114056480765,-1.0706442294117662,2,Bacteria,Actinomycetota,Thermoleophilia,Solirubrobacterales,Solirubrobacteraceae,Palsa-465,NA
May_22,bco_bin_59_1,476.8707256048468,-0.6245207958820328,2,Bacteria,Actinomycetota,Thermoleophilia,Gaiellales,NA,NA,NA
May_22,bco_bin_5_1,3167.763553571849,-0.9350020774020715,2,Bacteria,Acidobacteriota,Blastocatellia,Pyrinomonadales,Pyrinomonadaceae,QHXN01,NA
May_22,bco_bin_66,705.7771478985348,0.9259554794816187,1,Bacteria,Actinomycetota,UBA4738,UBA4738,HRBIN12,NA,NA
May_22,bco_bin_67,1769.812067005639,-1.2881584788210163,2,Bacteria,Chloroflexota,UBA6077,UBA6077,CF-72,NA,NA
May_22,bco_bin_68_1,111.67406582319137,0.2525788392822357,1,Bacteria,Actinomycetota,UBA4738,CADDZG01,WHSQ01,NA,NA
May_22,bco_bin_74,588.2385501865144,-0.944672273450813,2,Bacteria,Chloroflexota,UBA6077,UBA6077,CF-72,NA,NA
May_22,bco_bin_76_1,11920.305532975874,-1.0967703622213145,2,Bacteria,Actinomycetota,Actinomycetes,Mycobacteriales,Pseudonocardiaceae,NA,NA
May_22,bco_bin_78_1,19926.81110437806,0.7680274075863797,1,Archaea,Thermoproteota,Nitrososphaeria,Nitrososphaerales,Nitrososphaeraceae,Nitrososphaera,NA
May_22,bco_bin_79,3736.472884597246,1.584226583000371,2,Bacteria,Actinomycetota,Thermoleophilia,Gaiellales,Gaiellaceae,NA,NA
May_22,bco_bin_80,503.43221173854806,0.36667876108791553,2,Bacteria,Actinomycetota,Nitriliruptoria,Euzebyales,Egibacteraceae,NA,NA
May_22,bco_bin_82,387.16872763354127,-0.9958309873254403,3,Bacteria,Acidobacteriota,Terriglobia,Bryobacterales,Bryobacteraceae,TMP-7,NA
May_22,bco_bin_84,134.13480047654645,-0.9580432453875557,2,Bacteria,Gemmatimonadota,Gemmatimonadetes,Gemmatimonadales,Gemmatimonadaceae,NA,NA
May_22,bco_bin_87_2,3267.8047490918,0.7437074441510108,1,Bacteria,Actinomycetota,Rubrobacteria,Rubrobacterales,Rubrobacteraceae,Rubrobacter_F,NA
May_22,bco_bin_89_1,421.6395870343542,-1.029183640175279,2,Bacteria,Actinomycetota,Thermoleophilia,Gaiellales,NA,NA,NA
May_22,bco_bin_91,20556.04014646315,0.7683016378817722,1,Archaea,Thermoproteota,Nitrososphaeria,Nitrososphaerales,Nitrososphaeraceae,Nitrososphaera,NA
May_22,bco_bin_93_1,3058.507650454588,1.4447385968870265,1,Bacteria,Chloroflexota,UBA6077,UBA6077,CF-72,NA,NA
May_22,bco_bin_96,783.6048421601804,-0.9688917768330141,2,Bacteria,Actinomycetota,Actinomycetes,Mycobacteriales,Mycobacteriaceae,Mycobacterium,NA
October,DNA-1-22_bin_14,3371.5435376257005,-0.47490440529804534,1,Bacteria,Desulfobacterota_B,Binatia,Bin18,Bin18,NA,NA
October,DNA-1-22_bin_2,252245.8816543992,1.4906133563439343,1,Bacteria,Tectomicrobia,Entotheonellia,NA,NA,NA,NA
October,DNA-1-22_bin_3,6084.427621881305,-0.548270093117983,1,Bacteria,Actinomycetota,Thermoleophilia,Solirubrobacterales,Thermoleophilaceae,JACVRW01,NA
October,DNA-1-22_bin_6_1,19477.796417233585,1.4517061344949047,1,Archaea,Thermoproteota,Nitrososphaeria,Nitrososphaerales,Nitrososphaeraceae,Nitrososphaera,NA
October,DNA-1_bin_10_1,1112.8050579706446,-0.8825521711995978,2,Bacteria,Actinomycetota,UBA4738,UBA4738,HRBIN12,NA,NA
October,DNA-1_bin_13_1,1083.2472554158583,-1.2539745239991962,3,Bacteria,Planctomycetota,Planctomycetia,Gemmatales,Gemmataceae,NA,NA
October,DNA-1_bin_18,19.697811325235946,-0.7337228750171515,3,Bacteria,Eremiobacterota,Eremiobacteria,Baltobacterales,Baltobacteraceae,NA,NA
October,DNA-1_bin_22_1,5693.179466074781,-1.1714379180347612,2,Bacteria,Actinomycetota,Actinomycetes,Streptomycetales,Streptomycetaceae,Streptomyces,NA
October,DNA-1_bin_24_1,42557.79338407715,-0.5025937660222846,1,Bacteria,Actinomycetota,NA,NA,NA,NA,NA
October,DNA-1_bin_29_1,566.7146135082066,-1.6785765808344741,2,Bacteria,Actinomycetota,Thermoleophilia,Gaiellales,Gaiellaceae,13-2-20CM-68-14,NA
October,DNA-1_bin_3,1119.1120084948561,-1.9106120219559122,2,Bacteria,Actinomycetota,Thermoleophilia,Gaiellales,Gaiellaceae,NA,NA
October,DNA-1_bin_30,251.47546862066056,-1.347193673791548,2,Bacteria,Acidobacteriota,Thermoanaerobaculia,Multivoradales,UBA5704,UBA5704,NA
October,DNA-1_bin_31,1698.7036027398556,-1.6229187106556693,2,Bacteria,Chloroflexota,Limnocylindria,Limnocylindrales,CSP1-4,NA,NA
October,DNA-1_bin_36_1,165.08878369957685,-0.6022129699109083,2,Bacteria,Chloroflexota,Dormibacteria,Dormibacterales,Dormibacteraceae,NA,NA
October,DNA-1_bin_39_1,968.8910483050345,-0.7275614746904454,1,Bacteria,Actinomycetota,Acidimicrobiia,Acidimicrobiales,AC-14,JAHFUQ01,NA
October,DNA-1_bin_41,1372.4948717269965,-1.4031618042993628,2,Bacteria,Chloroflexota,Limnocylindria,Limnocylindrales,CSP1-4,NA,NA
October,DNA-1_bin_43,1751.3143629382919,0.5359929053531411,1,Bacteria,Nitrospirota,Nitrospiria,Nitrospirales,Nitrospiraceae,NA,NA
October,DNA-1_bin_45_1,1165.3584806101314,-1.0999872712617498,2,Bacteria,Actinomycetota,Actinomycetes,Mycobacteriales,Jatrophihabitantaceae,Jatrophihabitans,NA
October,DNA-1_bin_46,1276.262399266624,-1.1975054147294322,3,Bacteria,Gemmatimonadota,Gemmatimonadetes,Gemmatimonadales,Gemmatimonadaceae,NA,NA
October,DNA-1_bin_47_1,294.03167276830175,-0.7648175209416233,3,Bacteria,Chloroflexota,Ktedonobacteria,Ktedonobacterales,Ktedonobacteraceae,NA,NA
October,DNA-1_bin_49_1,65.2150253402817,-1.041046066114805,2,Bacteria,Pseudomonadota,Gammaproteobacteria,Steroidobacterales,Steroidobacteraceae,13-2-20CM-66-19,NA
October,DNA-1_bin_50,74.04075270785674,-0.9643237470686925,2,Bacteria,Myxococcota,Polyangia,Polyangiales,Polyangiaceae,SZUA-265,NA
October,DNA-1_bin_51_1,421.5034229478943,-1.5341026421545267,2,Bacteria,Acidobacteriota,Blastocatellia,Pyrinomonadales,Pyrinomonadaceae,NA,NA
October,DNA-1_bin_52_1,333.7447310109592,-0.5604997230800329,3,Bacteria,Actinomycetota,Thermoleophilia,Solirubrobacterales,70-9,AC-56,NA
October,DNA-1_bin_53_1,18241.711436933558,0.8430649698883023,1,Archaea,Thermoproteota,Nitrososphaeria,Nitrososphaerales,Nitrososphaeraceae,Nitrososphaera,NA
October,DNA-1_bin_54,8149.872447287767,-0.13638136599459116,1,Bacteria,Actinomycetota,Thermoleophilia,Solirubrobacterales,Thermoleophilaceae,JACVRW01,NA
October,DNA-1_bin_55_1,864.6018544588904,-1.3631792633549888,2,Bacteria,Actinomycetota,Thermoleophilia,Solirubrobacterales,Solirubrobacteraceae,Palsa-465,NA
October,DNA-1_bin_59_1,2575.530039972177,1.1077963052846607,1,Bacteria,Actinomycetota,UBA4738,UBA4738,NA,NA,NA
October,DNA-1_bin_7,363.9129914545742,-1.5112373431038533,2,Bacteria,Actinomycetota,UBA4738,UBA4738,JACQTL01,NA,NA
October,DNA-1_bin_8,20956.889991879332,1.6455131830998464,3,Bacteria,Actinomycetota,Actinomycetes,Streptosporangiales,Streptosporangiaceae,NA,NA
October,DNA-4_bin_11,1443.4121319538617,-1.2179674423995057,2,Bacteria,Actinomycetota,Thermoleophilia,Gaiellales,Gaiellaceae,NA,NA
October,DNA-4_bin_12_1,10519.957757723765,-1.0966779016886463,2,Bacteria,Actinomycetota,Actinomycetes,Mycobacteriales,Micromonosporaceae,Natronosporangium,NA
October,DNA-4_bin_14_1,24362.66591101621,1.0348000625735654,1,Bacteria,Actinomycetota,Rubrobacteria,Rubrobacterales,Rubrobacteraceae,JALYGY01,NA
October,DNA-4_bin_15_1,363.7950078335642,-1.2385935890573039,2,Bacteria,Actinomycetota,Thermoleophilia,Gaiellales,Gaiellaceae,3-1-20CM-4-69-9,NA
October,DNA-4_bin_17,16055.818364008477,-1.2891461056274196,2,Bacteria,Actinomycetota,NA,NA,NA,NA,NA
October,DNA-4_bin_18,699.6843247949536,-1.0807044023980847,2,Bacteria,Actinomycetota,Thermoleophilia,Solirubrobacterales,70-9,NA,NA
October,DNA-4_bin_1_1,823.7385156260268,-0.9935384500816165,2,Bacteria,Gemmatimonadota,Gemmatimonadetes,Gemmatimonadales,GWC2-71-9,JACDDX01,NA
October,DNA-4_bin_27_1,1162.8182113610696,-1.0124260589253793,1,Bacteria,Actinomycetota,Nitriliruptoria,Euzebyales,NA,NA,NA
October,DNA-4_bin_7_1,482.97545558709453,-1.1152118885004279,2,Bacteria,Actinomycetota,Thermoleophilia,Solirubrobacterales,Thermoleophilaceae,NA,NA
October,DNA-6_bin_10_1,21109.371947542964,-0.8420503683102335,2,Bacteria,Actinomycetota,Actinomycetes,Mycobacteriales,Pseudonocardiaceae,Pseudonocardia,NA
October,DNA-6_bin_14_1,247.6068942850033,-0.8518766107364542,2,Bacteria,Actinomycetota,Thermoleophilia,Solirubrobacterales,Thermoleophilaceae,NA,NA
October,DNA-6_bin_18_1,597.593463795966,1.9955991842354532,1,Bacteria,Chloroflexota,UBA6077,UBA6077,NA,NA,NA
October,DNA-6_bin_19_1,83.55569479194767,-0.7536449215496769,2,Bacteria,Pseudomonadota,Gammaproteobacteria,Xanthomonadales,Rhodanobacteraceae,Dyella_B,NA
October,DNA-6_bin_31_1,1285.033291639002,-2.0060898321862024,2,Bacteria,Desulfobacterota,NA,NA,NA,NA,NA
October,DNA-6_bin_33_1,200.29260300328502,-1.5054945342649195,2,Bacteria,Desulfobacterota_B,Binatia,UBA9968,UBA9968,DP-1,NA
October,DNA-6_bin_34_1,20.47305960545788,-0.883034685065816,2,Bacteria,Bacteroidota,Bacteroidia,Chitinophagales,Chitinophagaceae,Niastella,NA
October,DNA-6_bin_35_1,139.38597631090605,-1.067718551685494,2,Bacteria,Pseudomonadota,Gammaproteobacteria,Steroidobacterales,Steroidobacteraceae,13-2-20CM-66-19,NA
October,DNA-6_bin_37_1,1064.1341341982609,-1.1171780327304788,2,Bacteria,Actinomycetota,Actinomycetes,Mycobacteriales,Mycobacteriaceae,Mycobacterium,NA
October,DNA-6_bin_38_1,312.5071577088773,-1.59804096782754,2,Bacteria,Gemmatimonadota,Gemmatimonadetes,Gemmatimonadales,GWC2-71-9,JACDDX01,NA
October,DNA-6_bin_42_1,175.37756378952233,-1.013491318794119,2,Bacteria,Pseudomonadota,Gammaproteobacteria,Burkholderiales,Burkholderiaceae,Trinickia,NA
October,DNA-6_bin_44_1,4172.28602250868,-1.4653664237626096,2,Bacteria,Actinomycetota,Thermoleophilia,Solirubrobacterales,Solirubrobacteraceae,NA,NA
October,DNA-6_bin_48_1,8021.422863882804,1.0377107306699231,1,Bacteria,Actinomycetota,Actinomycetes,Mycobacteriales,Pseudonocardiaceae,GCA-003244245,NA
October,DNA-6_bin_5_1,2410.909380468497,-1.3786473478218602,2,Bacteria,Actinomycetota,Thermoleophilia,Solirubrobacterales,Thermoleophilaceae,JACVRW01,NA
October,DNA-8_bin_11_1,1676.3582259753687,0.9363642821358753,3,Bacteria,Pseudomonadota,Alphaproteobacteria,Reyranellales,Reyranellaceae,Reyranella,NA
October,DNA-8_bin_14,283.51655055331486,-1.4146115324996629,2,Bacteria,Acidobacteriota,Blastocatellia,Pyrinomonadales,Pyrinomonadaceae,NA,NA
October,DNA-8_bin_19,621.5479000668176,-0.01749608321092752,1,Bacteria,Pseudomonadota,Gammaproteobacteria,JACCYU01,JACCYU01,NA,NA
October,DNA-8_bin_23_1,1281.0985425107954,-1.23915351469919,2,Bacteria,Actinomycetota,Thermoleophilia,Gaiellales,Gaiellaceae,NA,NA
October,DNA-8_bin_28,5896.298377030896,-0.794028466949496,2,Bacteria,Actinomycetota,Actinomycetes,Mycobacteriales,Pseudonocardiaceae,Pseudonocardia,NA
October,DNA-8_bin_29,982.6904941259644,-1.0532460663538221,2,Bacteria,Actinomycetota,Actinomycetes,Mycobacteriales,Mycobacteriaceae,Mycobacterium,NA
October,DNA-8_bin_30_1,11378.53155566199,-1.1270902268463068,2,Bacteria,Pseudomonadota,Gammaproteobacteria,NA,NA,NA,NA
October,DNA-8_bin_35_1,4636.218370507027,-0.9522200995687198,2,Bacteria,Actinomycetota,Actinomycetes,NA,NA,NA,NA
October,DNA-8_bin_39_1,1080.7791341378381,0.9653375877900697,1,Archaea,Thermoproteota,Nitrososphaeria,Nitrososphaerales,Nitrososphaeraceae,TH5893,NA
October,DNA-8_bin_7_1,2913.722516188396,-0.6513852379402488,2,Bacteria,Actinomycetota,Actinomycetes,Propionibacteriales,Propionibacteriaceae,NA,NA
October,bcn_bin_10,1029.4843110844497,-1.8849993385644555,2,Bacteria,Actinomycetota,Thermoleophilia,Gaiellales,Gaiellaceae,NA,NA
October,bcn_bin_100_1,4717.581146985366,1.3956536446456052,1,Bacteria,Chloroflexota,Dehalococcoidia,CAUJGQ01,CAUJGQ01,NA,NA
October,bcn_bin_103_1,677.1206891698514,-0.8486305847629908,2,Bacteria,Myxococcota,Polyangia,Polyangiales,JAFGIB01,NA,NA
October,bcn_bin_105_1,260.78964917147516,0.5284834577581439,1,Bacteria,Actinomycetota,UBA4738,CADDZG01,WHSQ01,NA,NA
October,bcn_bin_106_1,1412.8784424359865,-1.6077229721254631,2,Bacteria,Acidobacteriota,Blastocatellia,Pyrinomonadales,Pyrinomonadaceae,QHXN01,NA
October,bcn_bin_110_1,817.4706578652728,-1.3914961250247218,2,Bacteria,Actinomycetota,Thermoleophilia,Gaiellales,Gaiellaceae,NA,NA
October,bcn_bin_114,642.9714306791769,-1.041941828645581,3,Bacteria,Chloroflexota,UBA6077,UBA6077,CF-72,CF-72,NA
October,bcn_bin_115,3241.469728289192,-1.5180166833369546,2,Bacteria,Actinomycetota,Actinomycetes,Mycobacteriales,Micromonosporaceae,NA,NA
October,bcn_bin_116,635.7299593001959,-1.4992040618915785,2,Bacteria,Actinomycetota,Thermoleophilia,Gaiellales,Gaiellaceae,NA,NA
October,bcn_bin_123,99.9941085116229,-1.2435662111249297,2,Bacteria,Gemmatimonadota,Gemmatimonadetes,Gemmatimonadales,GWC2-71-9,JACDDX01,NA
October,bcn_bin_124,8713.392600145016,0.11009015537143405,1,Bacteria,Chloroflexota,UBA6077,UBA6077,JACCZL01,NA,NA
October,bcn_bin_125_1,538.1566082286929,-1.0647712604582151,2,Bacteria,Actinomycetota,Thermoleophilia,Solirubrobacterales,Thermoleophilaceae,NA,NA
October,bcn_bin_126,131.19879204671903,-1.2861271318536993,2,Bacteria,Gemmatimonadota,Gemmatimonadetes,Gemmatimonadales,GWC2-71-9,JACDDX01,NA
October,bcn_bin_130_1,209.89422957986105,-0.8695696566374341,2,Bacteria,Actinomycetota,Acidimicrobiia,IMCC26256,JACDBD01,NA,NA
October,bcn_bin_131_1,353.79766391153333,-1.154405290581645,2,Bacteria,Methylomirabilota,Methylomirabilia,Rokubacteriales,CSP1-6,NA,NA
October,bcn_bin_133,2898.3299158701075,-0.3893697497212189,2,Bacteria,Actinomycetota,Actinomycetes,Propionibacteriales,Propionibacteriaceae,JAJTCL01,NA
October,bcn_bin_135_1,1246.8095051966723,-1.1044992582135889,3,Bacteria,Chloroflexota,UBA6077,UBA6077,CF-72,NA,NA
October,bcn_bin_137_1,567.9548422358677,-1.309779863944407,2,Bacteria,Methylomirabilota,Methylomirabilia,Rokubacteriales,CSP1-6,NA,NA
October,bcn_bin_138,4878.829582093174,1.3067846031093038,1,Archaea,Thermoproteota,Nitrososphaeria,Nitrososphaerales,Nitrososphaeraceae,NA,NA
October,bcn_bin_139_1,2160.4464536392243,-1.1041292474578426,2,Bacteria,Pseudomonadota,Alphaproteobacteria,Rhizobiales,Beijerinckiaceae,NA,NA
October,bcn_bin_13_1,28.654429711867166,-1.1225217987605267,2,Bacteria,Gemmatimonadota,Gemmatimonadetes,Gemmatimonadales,GWC2-71-9,JACDDX01,NA
October,bcn_bin_140,7567.302858518697,-0.8355320272306522,2,Bacteria,Actinomycetota,Actinomycetes,Mycobacteriales,Pseudonocardiaceae,Pseudonocardia,NA
October,bcn_bin_142_1,7776.237745488019,1.4337100880683586,1,Archaea,Thermoproteota,Nitrososphaeria,Nitrososphaerales,Nitrososphaeraceae,NA,NA
October,bcn_bin_14_1,721.7425023872995,-1.6074915424514684,2,Bacteria,Actinomycetota,Thermoleophilia,Gaiellales,Gaiellaceae,NA,NA
October,bcn_bin_151,28774.036035120844,1.1506320917630253,1,Bacteria,Actinomycetota,Rubrobacteria,Rubrobacterales,Rubrobacteraceae,JALYGY01,NA
October,bcn_bin_154_1,930.4930688954643,-0.743905591914259,2,Bacteria,Gemmatimonadota,Gemmatimonadetes,Gemmatimonadales,GWC2-71-9,JACDDX01,NA
October,bcn_bin_156_1,265.06662972688724,-1.0355791146239535,2,Bacteria,Pseudomonadota,Alphaproteobacteria,Sphingomonadales,Sphingomonadaceae,Sphingomicrobium,NA
October,bcn_bin_158,797.3131319902723,-1.0798944383847717,2,Bacteria,Actinomycetota,Thermoleophilia,Solirubrobacterales,Thermoleophilaceae,NA,NA
October,bcn_bin_159,203.14089567195944,0.601303676380008,1,Bacteria,Actinomycetota,UBA4738,CADDZG01,WHSQ01,NA,NA
October,bcn_bin_160,972.6214844450254,0.7221020097841013,2,Bacteria,Actinomycetota,Thermoleophilia,Solirubrobacterales,Thermoleophilaceae,NA,NA
October,bcn_bin_163,308.90982034387997,-0.24357490461748252,1,Bacteria,Actinomycetota,UBA4738,UBA4738,NA,NA,NA
October,bcn_bin_164,134.71977873700385,-0.7754760220305077,3,Bacteria,Acidobacteriota,Terriglobia,Terriglobales,Gp1-AA117,Angelobacter,NA
October,bcn_bin_165_1,11362.457218372114,0.6388077352725484,3,Bacteria,Chloroflexota,UBA6077,UBA6077,JACCZL01,NA,NA
October,bcn_bin_167_1,349.7344459225012,-1.4862987774278862,2,Bacteria,Actinomycetota,Thermoleophilia,Gaiellales,Gaiellaceae,NA,NA
October,bcn_bin_169,223.00208484091374,-1.4794107820458828,2,Bacteria,Actinomycetota,UBA4738,UBA4738,HRBIN12,NA,NA
October,bcn_bin_16_1,1852.396704537506,-1.1885757015910687,2,Bacteria,Actinomycetota,Actinomycetes,NA,NA,NA,NA
October,bcn_bin_170,66.76459427733415,-0.9900919470718214,2,Bacteria,Verrucomicrobiota,Verrucomicrobiae,Chthoniobacterales,UBA10450,AV80,NA
October,bcn_bin_174_1,2225.9980812384633,1.5662830591616703,1,Bacteria,Actinomycetota,UBA4738,CADDZG01,WHSQ01,NA,NA
October,bcn_bin_175,649.9252540286394,-1.1514418915892655,2,Bacteria,Actinomycetota,Thermoleophilia,Gaiellales,Gaiellaceae,NA,NA
October,bcn_bin_176,1095.9504094793137,-0.28333805239052423,3,Bacteria,Pseudomonadota,Alphaproteobacteria,Reyranellales,Reyranellaceae,Reyranella,NA
October,bcn_bin_177,1717.816718343683,1.9366610936652529,1,Bacteria,Actinomycetota,UBA4738,CADDZG01,WHSQ01,NA,NA
October,bcn_bin_182_1,446.4979075735087,-0.0825355196616717,3,Bacteria,Acidobacteriota,Terriglobia,Bryobacterales,Bryobacteraceae,Bog-105,NA
October,bcn_bin_19,3737.8327809794573,-0.18798543202063828,1,Bacteria,Actinomycetota,Thermoleophilia,Solirubrobacterales,Thermoleophilaceae,JACVRW01,NA
October,bcn_bin_192,117.76581593160934,-1.1315336441894424,2,Bacteria,Pseudomonadota,Gammaproteobacteria,Burkholderiales,SG8-39,SCGC-AG-212-J23,NA
October,bcn_bin_193_1,151.7149267763064,-0.3348839161421455,1,Bacteria,Actinomycetota,UBA4738,CADDZG01,NA,NA,NA
October,bcn_bin_194_1,850.3765755249441,1.8361402150089146,1,Bacteria,Chloroflexota,Chloroflexia,Thermomicrobiales,Thermomicrobiaceae,NA,NA
October,bcn_bin_205,388.402941326401,-1.243322289767934,2,Bacteria,Actinomycetota,Thermoleophilia,Solirubrobacterales,70-9,NA,NA
October,bcn_bin_206,419.70784401486725,-0.9680633761742699,2,Bacteria,Actinomycetota,Actinomycetes,Mycobacteriales,Mycobacteriaceae,Mycobacterium,NA
October,bcn_bin_209_1,325.3452138168701,-1.1673146197368434,3,Bacteria,Acidobacteriota,Terriglobia,Bryobacterales,Bryobacteraceae,Bog-105,NA
October,bcn_bin_212,411.7398967890848,-1.0598360431489666,2,Bacteria,Actinomycetota,Thermoleophilia,Solirubrobacterales,70-9,NA,NA
October,bcn_bin_213,207.4979089853642,-1.1508088848334241,2,Bacteria,Gemmatimonadota,Gemmatimonadetes,Gemmatimonadales,GWC2-71-9,JACDDX01,NA
October,bcn_bin_216,1755.1958150638084,1.4169563645503587,1,Archaea,Thermoproteota,Nitrososphaeria,Nitrososphaerales,Nitrososphaeraceae,TH5893,NA
October,bcn_bin_217,497.2572673676975,-1.3949033804099453,2,Bacteria,Actinomycetota,Thermoleophilia,Gaiellales,Gaiellaceae,NA,NA
October,bcn_bin_21_1,17895.00348262286,1.8784945733470884,1,Bacteria,Chloroflexota,Dehalococcoidia,UBA3495,UBA3495,NA,NA
October,bcn_bin_222_1,1373.5821937493508,-0.14337327466167252,2,Bacteria,Acidobacteriota,Terriglobia,Bryobacterales,Bryobacteraceae,Bog-105,NA
October,bcn_bin_224,156.95283643354531,-1.1546836690310298,2,Bacteria,Actinomycetota,Thermoleophilia,Gaiellales,Gaiellaceae,NA,NA
October,bcn_bin_225,2417.053101888049,-0.7265052870270713,2,Bacteria,Actinomycetota,Thermoleophilia,Solirubrobacterales,Thermoleophilaceae,JACVRW01,NA
October,bcn_bin_226_1,785.906381366918,-0.9991993544671482,2,Bacteria,Myxococcota,Myxococcia,Myxococcales,Myxococcaceae,Archangium,NA
October,bcn_bin_229_1,10750.014740884408,-1.2699770854237238,2,Bacteria,Actinomycetota,Actinomycetes,Propionibacteriales,Propionibacteriaceae,NA,NA
October,bcn_bin_230,4814.608930376286,-1.4258927099430287,2,Bacteria,Actinomycetota,Thermoleophilia,Solirubrobacterales,Solirubrobacteraceae,NA,NA
October,bcn_bin_234,1722.2074070198837,0.571461124565565,1,Bacteria,Actinomycetota,UBA4738,UBA4738,NA,NA,NA
October,bcn_bin_235,329.360802643964,-0.9598661918356466,2,Bacteria,Pseudomonadota,Gammaproteobacteria,Steroidobacterales,Steroidobacteraceae,NA,NA
October,bcn_bin_238_1,516.7478710664282,-0.6839315226441818,2,Bacteria,Actinomycetota,Thermoleophilia,Solirubrobacterales,Thermoleophilaceae,NA,NA
October,bcn_bin_244_1,743.5969053711424,-0.5269333691748004,3,Bacteria,Chloroflexota,Ktedonobacteria,Ktedonobacterales,Ktedonobacteraceae,NA,NA
October,bcn_bin_245,651.3659685332642,-1.167434615864986,2,Bacteria,Actinomycetota,UBA4738,UBA4738,NA,NA,NA
October,bcn_bin_247,177.77020065624492,-1.1151741176425947,2,Bacteria,Actinomycetota,Thermoleophilia,Gaiellales,Gaiellaceae,NA,NA
October,bcn_bin_248_1,252.3354495113296,-1.2783859159665671,2,Bacteria,Gemmatimonadota,Gemmatimonadetes,Gemmatimonadales,GWC2-71-9,JACDDX01,NA
October,bcn_bin_249_1,2141.311430090606,-0.4643871924510099,1,Bacteria,Chloroflexota,Chloroflexia,Chloroflexales,Kallotenuaceae,NA,NA
October,bcn_bin_251,5784.87726031729,-1.3561246985602693,2,Bacteria,Actinomycetota,Actinomycetes,Mycobacteriales,Micromonosporaceae,NA,NA
October,bcn_bin_253,972.7228879423253,-1.0278598731383504,2,Bacteria,Pseudomonadota,Alphaproteobacteria,Rhizobiales,Xanthobacteraceae,NA,NA
October,bcn_bin_254,1917.0360986228568,1.510363375664747,1,Bacteria,Actinomycetota,Actinomycetes,Mycobacteriales,Pseudonocardiaceae,GCA-003244245,NA
October,bcn_bin_256_1,325.93522804032267,-0.7908207624073131,2,Bacteria,Actinomycetota,Thermoleophilia,Solirubrobacterales,NA,NA,NA
October,bcn_bin_257_1,1274.0406416835979,-1.5566734905474673,2,Bacteria,Actinomycetota,Thermoleophilia,Gaiellales,Gaiellaceae,NA,NA
October,bcn_bin_260_1,8040.864999743233,1.8358436327756247,1,Bacteria,Chloroflexota,Dehalococcoidia,UBA3495,UBA3495,NA,NA
October,bcn_bin_262,142.31095251354287,-1.2960495947246193,2,Bacteria,Actinomycetota,Thermoleophilia,Gaiellales,Gaiellaceae,3-1-20CM-4-69-9,NA
October,bcn_bin_263_1,177.7627699761245,-1.243033966202005,2,Bacteria,Actinomycetota,UBA4738,UBA4738,HRBIN12,NA,NA
October,bcn_bin_267,12120.558238189607,1.3949103627152326,1,Bacteria,Actinomycetota,Rubrobacteria,Rubrobacterales,Rubrobacteraceae,Rubrobacter_D,NA
October,bcn_bin_270_1,271.4328888308199,-1.1452286591824004,2,Bacteria,Actinomycetota,Thermoleophilia,Gaiellales,Gaiellaceae,13-2-20CM-68-14,NA
October,bcn_bin_271,1231.773891824269,-0.19411234657212087,3,Bacteria,Acidobacteriota,Terriglobia,Bryobacterales,Bryobacteraceae,NA,NA
October,bcn_bin_273,6114.121586630177,-0.6488618850082338,2,Bacteria,Actinomycetota,Actinomycetes,NA,NA,NA,NA
October,bcn_bin_274_1,1258.817349640355,0.1362405165847262,1,Bacteria,Actinomycetota,UBA4738,CADDZG01,WHSQ01,JALZEG01,NA
October,bcn_bin_277_1,319.5137213913364,-1.2890581555926814,2,Bacteria,Acidobacteriota,Terriglobia,Terriglobales,DSPA01,NA,NA
October,bcn_bin_278_1,1643.2178965231635,-0.9633215491350788,2,Bacteria,Actinomycetota,Acidimicrobiia,Acidimicrobiales,JACDCH01,ZC4RG19,NA
October,bcn_bin_280,1931.9288563364803,-1.0007049387920346,2,Bacteria,Actinomycetota,Thermoleophilia,Solirubrobacterales,Thermoleophilaceae,JACVRW01,NA
October,bcn_bin_289_1,539.3860922806995,0.19437530240437906,1,Bacteria,Actinomycetota,UBA4738,UBA4738,NA,NA,NA
October,bcn_bin_28_1,409.6247463834391,-1.3064088396793034,2,Bacteria,Actinomycetota,Thermoleophilia,Solirubrobacterales,NA,NA,NA
October,bcn_bin_29_1,409.99716110248113,0.41674577405414,1,Bacteria,Actinomycetota,UBA4738,CADDZG01,WHSQ01,NA,NA
October,bcn_bin_2_1,2096.6982352641885,-0.7112981262906679,3,Bacteria,Actinomycetota,Actinomycetes,Streptosporangiales,Streptosporangiaceae,NA,NA
October,bcn_bin_3,608.1575095241312,-1.6997319342890775,2,Bacteria,Actinomycetota,Thermoleophilia,Gaiellales,Gaiellaceae,JAIBJP01,NA
October,bcn_bin_30,465.0401793342038,-1.5417014230973203,2,Bacteria,Actinomycetota,Thermoleophilia,Gaiellales,Gaiellaceae,3-1-20CM-4-69-9,NA
October,bcn_bin_34,892.4551879757504,-0.7524839157887586,3,Bacteria,Actinomycetota,Thermoleophilia,Gaiellales,Gaiellaceae,JAIBJP01,NA
October,bcn_bin_35,1224.0547696270928,-1.2473369724457937,2,Bacteria,Actinomycetota,Thermoleophilia,Solirubrobacterales,Thermoleophilaceae,JACVRW01,NA
October,bcn_bin_38_1,4633.461907295195,-1.2495303731232612,2,Bacteria,Actinomycetota,Actinomycetes,Mycobacteriales,Pseudonocardiaceae,NA,NA
October,bcn_bin_42,1553.0176664680516,-1.1401727833165258,2,Bacteria,Actinomycetota,Actinomycetes,Mycobacteriales,Pseudonocardiaceae,GCA-003244245,NA
October,bcn_bin_43,489.9469754817504,-1.436342588623797,2,Bacteria,Actinomycetota,Thermoleophilia,Gaiellales,NA,NA,NA
October,bcn_bin_48,326.1870395431063,-1.3161148589654326,2,Bacteria,Actinomycetota,Thermoleophilia,Gaiellales,JAICJC01,NA,NA
October,bcn_bin_51,998.3364234901811,-1.0744290374110115,2,Bacteria,Pseudomonadota,Alphaproteobacteria,Rhizobiales,Rhizobiaceae,NA,NA
October,bcn_bin_56_1,441.6768148059408,-1.2652663747815238,3,Bacteria,Chloroflexota,Dormibacteria,UBA8260,UBA8260,NA,NA
October,bcn_bin_59,580.0400260060258,-1.442834776623964,2,Bacteria,Chloroflexota,Limnocylindria,Limnocylindrales,CSP1-4,NA,NA
October,bcn_bin_63_1,1724.0803911712678,-1.460458522753639,2,Bacteria,Pseudomonadota,Alphaproteobacteria,Rhizobiales,Aestuariivirgaceae,NA,NA
October,bcn_bin_68,392.935598968711,-1.4348867310621487,2,Bacteria,Actinomycetota,Thermoleophilia,Gaiellales,Gaiellaceae,NA,NA
October,bcn_bin_70,1052.7205936552714,-1.0519551548299395,2,Bacteria,Actinomycetota,Thermoleophilia,Solirubrobacterales,Thermoleophilaceae,NA,NA
October,bcn_bin_71,732.875024967706,-0.9838684930670145,2,Bacteria,Actinomycetota,Actinomycetes,Mycobacteriales,Mycobacteriaceae,Mycobacterium,NA
October,bcn_bin_72,352.2354656837016,-1.3008469312569484,2,Bacteria,Actinomycetota,Thermoleophilia,Solirubrobacterales,70-9,NA,NA
October,bcn_bin_80_1,170.07615297065874,-0.6190692566827867,2,Bacteria,Myxococcota,Myxococcia,Myxococcales,40CM-4-68-19,VBKO01,NA
October,bcn_bin_81,215.2635292723065,-1.1720710459253578,2,Bacteria,Actinomycetota,Thermoleophilia,Gaiellales,Gaiellaceae,AC-21,NA
October,bcn_bin_82_1,251.75264026890025,-1.7848403539394078,2,Bacteria,Gemmatimonadota,Gemmatimonadetes,Gemmatimonadales,GWC2-71-9,JACDDX01,NA
October,bcn_bin_84_1,1532.217843833177,-1.1245788132308736,2,Bacteria,Actinomycetota,Thermoleophilia,Gaiellales,Gaiellaceae,NA,NA
October,bcn_bin_85,141.74180977010863,-1.2400256130706642,2,Bacteria,Methylomirabilota,Methylomirabilia,Rokubacteriales,CSP1-6,NA,NA
October,bcn_bin_87,746.7820774032795,-0.41613993800241694,1,Bacteria,Actinomycetota,Thermoleophilia,Gaiellales,Gaiellaceae,GMQP-bins7,NA
October,bcn_bin_97,4953.978824034251,-1.0808163701666504,2,Bacteria,Actinomycetota,Thermoleophilia,Solirubrobacterales,Solirubrobacteraceae,NA,NA
October,bcn_bin_99_1,2346.5139332147455,0.6895221002539512,3,Bacteria,Acidobacteriota,Terriglobia,Bryobacterales,Bryobacteraceae,Bog-105,NA
October,bcn_bin_9_1,764.815070676128,0.2132053170439256,1,Bacteria,Actinomycetota,UBA4738,CADDZG01,WHSQ01,NA,NA
October,bco_bin_1,6593.186091548519,-0.11599490839553851,3,Bacteria,Actinomycetota,Acidimicrobiia,Acidimicrobiales,JACDCH01,NA,NA
October,bco_bin_101,561.0540508773353,-0.7064519979681747,2,Bacteria,Actinomycetota,Actinomycetes,Jiangellales,Jiangellaceae,NA,NA
October,bco_bin_102_1,264.0130411300015,-0.5614748726652904,1,Bacteria,Actinomycetota,UBA4738,JAHWKV01,JAHWKV01,NA,NA
October,bco_bin_104_1,2107.0977802122407,-1.1895771253165885,2,Bacteria,Actinomycetota,Actinomycetes,Mycobacteriales,Pseudonocardiaceae,Pseudonocardia,NA
October,bco_bin_105_1,1151.5514576387548,-1.3406590928600084,2,Bacteria,Pseudomonadota,Gammaproteobacteria,Burkholderiales,Burkholderiaceae,Telluria,NA
October,bco_bin_106_1,293.15693950115286,-1.2630823699097744,2,Bacteria,Gemmatimonadota,Gemmatimonadetes,Gemmatimonadales,GWC2-71-9,JACDDX01,NA
October,bco_bin_107,3511.8154353253876,0.12914330108028468,1,Bacteria,Actinomycetota,UBA4738,JAHWKV01,NA,NA,NA
October,bco_bin_108_1,421.98140630307597,-0.7866000497254043,3,Bacteria,Pseudomonadota,Alphaproteobacteria,Acetobacterales,Acetobacteraceae,NA,NA
October,bco_bin_109,983.4780997627921,-1.5274404361992782,2,Bacteria,Actinomycetota,Thermoleophilia,Gaiellales,Gaiellaceae,3-1-20CM-4-69-9,NA
October,bco_bin_11,807.3051210813891,0.05746081432235042,3,Bacteria,Nitrospirota,Nitrospiria,Nitrospirales,Nitrospiraceae,NA,NA
October,bco_bin_111,513.0956057672606,-1.211924499248778,2,Bacteria,Actinomycetota,Thermoleophilia,Gaiellales,Gaiellaceae,NA,NA
October,bco_bin_112,1734.6888524740777,-1.3406805161700954,2,Bacteria,Actinomycetota,Thermoleophilia,Solirubrobacterales,Solirubrobacteraceae,NA,NA
October,bco_bin_113,290.8807253736999,-1.016443775119997,2,Bacteria,Gemmatimonadota,Gemmatimonadetes,Gemmatimonadales,GWC2-71-9,JACDDX01,NA
October,bco_bin_115,1627.6346225884495,-0.4742068592890669,1,Bacteria,Actinomycetota,Thermoleophilia,Solirubrobacterales,Thermoleophilaceae,JACVRW01,NA
October,bco_bin_116,239.50685660929963,-0.7904388633516037,3,Bacteria,Chloroflexota,Dormibacteria,Dormibacterales,Dormibacteraceae,NA,NA
October,bco_bin_117,750.5668226151473,-0.957276658051542,1,Bacteria,Actinomycetota,Acidimicrobiia,IMCC26256,PALSA-610,NA,NA
October,bco_bin_118,1005.9827441146399,-1.5838687633606618,2,Bacteria,Actinomycetota,Thermoleophilia,Gaiellales,Gaiellaceae,NA,NA
October,bco_bin_123,1767.4029666286478,-0.935623681274092,2,Bacteria,Actinomycetota,Actinomycetes,Jiangellales,Jiangellaceae,NA,NA
October,bco_bin_125_1,2246.3606876911617,-1.1781731222653637,3,Bacteria,Actinomycetota,Actinomycetes,Streptosporangiales,Streptosporangiaceae,NA,NA
October,bco_bin_128,341.1454401234539,-1.5034357494083326,2,Bacteria,Actinomycetota,Thermoleophilia,Gaiellales,Gaiellaceae,NA,NA
October,bco_bin_129,862.2826770613602,0.8544355187539654,1,Bacteria,Actinomycetota,Thermoleophilia,Solirubrobacterales,70-9,NA,NA
October,bco_bin_130,280.2178688042794,-0.9554997435480583,2,Bacteria,Actinomycetota,Thermoleophilia,Solirubrobacterales,70-9,AC-56,NA
October,bco_bin_134_1,1592.479210769085,0.8434241628450061,1,Bacteria,Nitrospirota,Nitrospiria,Nitrospirales,Nitrospiraceae,NA,NA
October,bco_bin_135,3797.5056354177887,-0.9602595279071277,2,Bacteria,Pseudomonadota,Alphaproteobacteria,Rhizobiales,Beijerinckiaceae,NA,NA
October,bco_bin_136,9231.288968736624,-1.3491549123212327,2,Bacteria,Actinomycetota,Actinomycetes,Mycobacteriales,Pseudonocardiaceae,NA,NA
October,bco_bin_137,321.70345716089025,-0.2226801534320769,3,Bacteria,Gemmatimonadota,Gemmatimonadetes,Gemmatimonadales,GWC2-71-9,JACDDX01,NA
October,bco_bin_139,1763.0772114110769,-0.30595959483174906,3,Bacteria,Chloroflexota,UBA6077,UBA6077,JAJPHF01,NA,NA
October,bco_bin_14,1021.204323619898,-0.9203564540525985,2,Bacteria,Actinomycetota,Actinomycetes,Jiangellales,Jiangellaceae,NA,NA
October,bco_bin_143,3165.1909857888954,1.1514114202982026,1,Bacteria,Actinomycetota,Rubrobacteria,Rubrobacterales,Rubrobacteraceae,Rubrobacter_F,NA
October,bco_bin_145,2289.2774015647014,0.946424888538531,1,Bacteria,Chloroflexota,Chloroflexia,Thermomicrobiales,UBA6265,JACCXM01,NA
October,bco_bin_146_1,233.15007808461309,0.933439929642605,1,Bacteria,Actinomycetota,UBA4738,CADDZG01,WHSQ01,NA,NA
October,bco_bin_147,696.1687920718172,-1.2260518312129491,2,Bacteria,Actinomycetota,Thermoleophilia,Solirubrobacterales,Solirubrobacteraceae,Palsa-465,NA
October,bco_bin_148_1,380.35132125198066,-1.2075878037074979,2,Bacteria,Actinomycetota,Acidimicrobiia,Acidimicrobiales,AC-14,NA,NA
October,bco_bin_149,734.6773626937876,1.0207096441419405,1,Bacteria,Actinomycetota,UBA4738,CADDZG01,WHSQ01,NA,NA
October,bco_bin_150,13965.60255185132,0.3108109094086573,3,Bacteria,Actinomycetota,Actinomycetes,Streptosporangiales,Streptosporangiaceae,NA,NA
October,bco_bin_153,5829.960238169247,1.000256788534895,1,Bacteria,Actinomycetota,Rubrobacteria,Rubrobacterales,Rubrobacteraceae,Rubrobacter_F,NA
October,bco_bin_155,1699.4344369564158,-0.7427005195484959,2,Bacteria,Actinomycetota,Actinomycetes,Propionibacteriales,Propionibacteriaceae,JAJTCL01,NA
October,bco_bin_158_1,238.90383912977288,-1.2559729249114595,2,Bacteria,Actinomycetota,Thermoleophilia,Solirubrobacterales,Solirubrobacteraceae,Palsa-465,NA
October,bco_bin_16,1358.3690236756108,-0.6958475060569731,2,Bacteria,Actinomycetota,Thermoleophilia,Gaiellales,Gaiellaceae,JAIBJP01,NA
October,bco_bin_160,567.639707853577,1.645110525914581,1,Bacteria,Actinomycetota,UBA4738,CADDZG01,WHSQ01,NA,NA
October,bco_bin_161,2120.4463468220515,-0.18479083159873358,3,Bacteria,Acidobacteriota,Terriglobia,Bryobacterales,Bryobacteraceae,NA,NA
October,bco_bin_167_1,3209.705509666126,-0.37092010610322185,2,Bacteria,Actinomycetota,Actinomycetes,Mycobacteriales,Pseudonocardiaceae,Saccharopolyspora,NA
October,bco_bin_168,1114.1305090128683,-0.18235122435551204,3,Bacteria,Actinomycetota,UBA4738,UBA4738,HRBIN12,NA,NA
October,bco_bin_170,3802.1102616247354,-0.9353718285289515,2,Bacteria,Actinomycetota,Actinomycetes,Mycobacteriales,Pseudonocardiaceae,Pseudonocardia,NA
October,bco_bin_172,2315.1405253941757,-1.1774874887521212,2,Bacteria,Actinomycetota,Actinomycetes,Mycobacteriales,Pseudonocardiaceae,NA,NA
October,bco_bin_176,254.7068055672007,-1.0778522404376283,2,Bacteria,Actinomycetota,Actinomycetes,Mycobacteriales,Mycobacteriaceae,Mycobacterium,NA
October,bco_bin_181,2036.914264958965,-1.2236373579098185,2,Bacteria,Actinomycetota,Actinomycetes,Mycobacteriales,Pseudonocardiaceae,Lentzea,NA
October,bco_bin_183_1,449.9148313558431,0.6074683523226986,1,Bacteria,Actinomycetota,UBA4738,UBA4738,HRBIN12,NA,NA
October,bco_bin_186,1014.2743842716991,-1.3072997773902246,2,Bacteria,Actinomycetota,Thermoleophilia,Solirubrobacterales,Solirubrobacteraceae,AC-38,NA
October,bco_bin_187,150.53894413319446,-1.733138076721822,2,Bacteria,Pseudomonadota,Alphaproteobacteria,Rhizobiales,Methyloligellaceae,Methyloceanibacter,NA
October,bco_bin_189,100.76845949545942,-1.1030465253328259,2,Bacteria,Actinomycetota,Thermoleophilia,Gaiellales,Gaiellaceae,Palsa-739,NA
October,bco_bin_18_1,26.79038003176685,-1.0386132212674615,2,Bacteria,Acidobacteriota,Terriglobia,Terriglobales,NA,NA,NA
October,bco_bin_19,149.8247876867238,-1.32582659881169,2,Bacteria,Gemmatimonadota,Gemmatimonadetes,Gemmatimonadales,GWC2-71-9,JACDDX01,NA
October,bco_bin_190_1,1621.185130677152,-1.4842000007538838,2,Bacteria,Actinomycetota,Thermoleophilia,Gaiellales,Gaiellaceae,JAIBJP01,NA
October,bco_bin_193,97.39360732919131,-0.9743427510221544,2,Bacteria,Gemmatimonadota,Gemmatimonadetes,Longimicrobiales,Longimicrobiaceae,NA,NA
October,bco_bin_196_1,4380.261252461163,-0.8896660362242377,2,Bacteria,Actinomycetota,Actinomycetes,Mycobacteriales,Pseudonocardiaceae,Actinomycetospora,NA
October,bco_bin_197,868.5081583637239,-1.5001189964830282,2,Bacteria,Actinomycetota,Thermoleophilia,Gaiellales,Gaiellaceae,NA,NA
October,bco_bin_199,1396.331266486851,-0.6472201549710708,2,Bacteria,Actinomycetota,Thermoleophilia,Solirubrobacterales,Thermoleophilaceae,JACVRW01,NA
October,bco_bin_20,207.86476390502568,1.0864629863603301,1,Bacteria,Actinomycetota,UBA4738,CADDZG01,WHSQ01,NA,NA
October,bco_bin_200,879.9767631916878,-1.0007960142828494,2,Bacteria,Actinomycetota,Actinomycetes,Propionibacteriales,Propionibacteriaceae,JAJTCL01,NA
October,bco_bin_201_1,2631.5053131937793,-0.790568971896445,2,Bacteria,Actinomycetota,Thermoleophilia,Solirubrobacterales,Thermoleophilaceae,JACVRW01,NA
October,bco_bin_205,593.8950218628893,0.5075508506852323,1,Bacteria,Actinomycetota,UBA4738,UBA4738,HRBIN12,NA,NA
October,bco_bin_208,604.0346194230015,-1.0636021309584118,2,Bacteria,Actinomycetota,Actinomycetes,Mycobacteriales,Mycobacteriaceae,Mycobacterium,NA
October,bco_bin_215,1294.5986240186464,-1.3213061058671767,2,Bacteria,Actinomycetota,Thermoleophilia,Gaiellales,Gaiellaceae,NA,NA
October,bco_bin_21_1,761.0430704247404,-1.44938446355997,2,Bacteria,Chloroflexota,Limnocylindria,QHBO01,QHBO01,NA,NA
October,bco_bin_23_1,38.352294441286425,-0.9159598153678221,2,Bacteria,Pseudomonadota,Gammaproteobacteria,Steroidobacterales,Steroidobacteraceae,13-2-20CM-66-19,NA
October,bco_bin_24,816.6710239947208,-1.0373094541363024,2,Bacteria,Actinomycetota,Actinomycetes,Mycobacteriales,Mycobacteriaceae,Mycobacterium,NA
October,bco_bin_25_1,464.1777866131086,-1.0886409650457942,2,Bacteria,Gemmatimonadota,Gemmatimonadetes,Gemmatimonadales,GWC2-71-9,JACDDX01,NA
October,bco_bin_26,12716.324438893975,1.0987409711748581,1,Bacteria,Actinomycetota,Rubrobacteria,Rubrobacterales,Rubrobacteraceae,JALYGY01,NA
October,bco_bin_27,945.3383118625613,-1.2548823564596565,2,Bacteria,Actinomycetota,Thermoleophilia,Solirubrobacterales,Thermoleophilaceae,AC-37,NA
October,bco_bin_28_1,9.699907662083843,-1.0296610709297713,2,Bacteria,Verrucomicrobiota,Verrucomicrobiae,Chthoniobacterales,UBA10450,NA,NA
October,bco_bin_29_1,85.53728110520522,-1.1567056689007922,3,Bacteria,Acidobacteriota,Terriglobia,Terriglobales,Acidobacteriaceae,KBS-83,NA
October,bco_bin_3,254.3057416962316,-1.3331522287711377,2,Bacteria,Actinomycetota,Thermoleophilia,Solirubrobacterales,NA,NA,NA
October,bco_bin_30,1265.2379096632103,-0.9103498868934122,2,Bacteria,Actinomycetota,Actinomycetes,Mycobacteriales,Jatrophihabitantaceae,NA,NA
October,bco_bin_32,872.8104618075279,0.45569487289412924,1,Bacteria,Actinomycetota,Thermoleophilia,Gaiellales,Gaiellaceae,NA,NA
October,bco_bin_35,271.96837248269975,-1.3714377765808599,2,Bacteria,Gemmatimonadota,Gemmatimonadetes,Gemmatimonadales,GWC2-71-9,JACDDX01,NA
October,bco_bin_4,766.3843501548658,-0.9766785970443962,2,Bacteria,Actinomycetota,Thermoleophilia,Gaiellales,Gaiellaceae,JAIBJP01,NA
October,bco_bin_40_1,374.29962809695724,-1.6031315015515541,2,Bacteria,Actinomycetota,Thermoleophilia,Gaiellales,Gaiellaceae,NA,NA
October,bco_bin_46,163.89161608823127,-1.1871499636875886,2,Bacteria,Actinomycetota,Thermoleophilia,Gaiellales,Gaiellaceae,PALSA-600,NA
October,bco_bin_49,87.14827669063683,-1.045569696989581,2,Bacteria,Pseudomonadota,Gammaproteobacteria,Steroidobacterales,Steroidobacteraceae,13-2-20CM-66-19,NA
October,bco_bin_51_1,343.868760800316,-1.2894025941750316,2,Bacteria,Gemmatimonadota,Gemmatimonadetes,Gemmatimonadales,GWC2-71-9,JACDDX01,NA
October,bco_bin_52,544.776056810218,-1.3730135038330447,2,Bacteria,Methylomirabilota,Methylomirabilia,Rokubacteriales,CSP1-6,AR5,NA
October,bco_bin_54,724.2752445252656,-1.586332100647491,2,Bacteria,Actinomycetota,Thermoleophilia,Gaiellales,NA,NA,NA
October,bco_bin_55_1,3632.6223751878842,-1.138596338075845,2,Bacteria,Actinomycetota,Thermoleophilia,Solirubrobacterales,Solirubrobacteraceae,NA,NA
October,bco_bin_57,668.8747492186562,-1.070811259356343,1,Bacteria,Actinomycetota,Thermoleophilia,Gaiellales,Gaiellaceae,NA,NA
October,bco_bin_58,418.8269978378088,-1.314940168345628,2,Bacteria,Actinomycetota,Thermoleophilia,Solirubrobacterales,Solirubrobacteraceae,Palsa-465,NA
October,bco_bin_59_1,464.854251315396,-0.6949829977298544,2,Bacteria,Actinomycetota,Thermoleophilia,Gaiellales,NA,NA,NA
October,bco_bin_5_1,1808.5745740589605,-1.4648160509966999,2,Bacteria,Acidobacteriota,Blastocatellia,Pyrinomonadales,Pyrinomonadaceae,QHXN01,NA
October,bco_bin_66,692.1179175820093,0.8274926826461255,1,Bacteria,Actinomycetota,UBA4738,UBA4738,HRBIN12,NA,NA
October,bco_bin_67,1596.3034198180994,-1.4194508339575598,2,Bacteria,Chloroflexota,UBA6077,UBA6077,CF-72,NA,NA
October,bco_bin_68_1,105.70253066367823,0.12304382355971222,1,Bacteria,Actinomycetota,UBA4738,CADDZG01,WHSQ01,NA,NA
October,bco_bin_74,470.26644569603116,-1.070014338089029,2,Bacteria,Chloroflexota,UBA6077,UBA6077,CF-72,NA,NA
October,bco_bin_76_1,12932.943116502374,-0.9307893109152758,2,Bacteria,Actinomycetota,Actinomycetes,Mycobacteriales,Pseudonocardiaceae,NA,NA
October,bco_bin_78_1,23267.54582844069,1.2235008263893279,1,Archaea,Thermoproteota,Nitrososphaeria,Nitrososphaerales,Nitrososphaeraceae,Nitrososphaera,NA
October,bco_bin_79,1001.8352695281119,-1.3280178450687805,2,Bacteria,Actinomycetota,Thermoleophilia,Gaiellales,Gaiellaceae,NA,NA
October,bco_bin_80,459.6720879145561,-0.3846282781469815,2,Bacteria,Actinomycetota,Nitriliruptoria,Euzebyales,Egibacteraceae,NA,NA
October,bco_bin_82,1002.2090056968668,-0.220432434948056,3,Bacteria,Acidobacteriota,Terriglobia,Bryobacterales,Bryobacteraceae,TMP-7,NA
October,bco_bin_84,123.67881019171918,-0.9640328803341507,2,Bacteria,Gemmatimonadota,Gemmatimonadetes,Gemmatimonadales,Gemmatimonadaceae,NA,NA
October,bco_bin_87_2,3729.537871083307,1.24667020372487,1,Bacteria,Actinomycetota,Rubrobacteria,Rubrobacterales,Rubrobacteraceae,Rubrobacter_F,NA
October,bco_bin_89_1,432.6638918005085,-1.012524868992986,2,Bacteria,Actinomycetota,Thermoleophilia,Gaiellales,NA,NA,NA
October,bco_bin_91,21216.180663424166,0.8638452493626899,1,Archaea,Thermoproteota,Nitrososphaeria,Nitrososphaerales,Nitrososphaeraceae,Nitrososphaera,NA
October,bco_bin_93_1,2442.277256198593,-0.21606879043375773,1,Bacteria,Chloroflexota,UBA6077,UBA6077,CF-72,NA,NA
October,bco_bin_96,840.4620033099578,-0.9056055173296104,2,Bacteria,Actinomycetota,Actinomycetes,Mycobacteriales,Mycobacteriaceae,Mycobacterium,NA
