FeatureID,Formula_CD,Potential_fragment,Formula_sirius,Formula_cmmrt,zscore_cmmrt,name_cmmrt,cd_vs_sirius,cd_vs_cmmrt,cmmrt_vs_sirius,Notes_name,Sirius_structure_percentage,use_Sirius_class,Final_name,Keep_formula,Final_annotation_comment
FT_0.886_135.03210,C3 H7 N2 O2 P,NA,C2 H6 N4 O S,NA,NA,NA,FALSE,FALSE,FALSE,"low confidence, class gui",na,yes,no name,C3 H7 N2 O2 P,L4.3
FT_0.887_156.01426,C2 H5 N O7,NA,NA,NA,NA,NA,FALSE,FALSE,TRUE,delete,delete,delete,delete,delete,delete
FT_0.888_286.95853,C4 H4 Cl N4 O7 P,NA,C2 H3 N6 O7 P S,NA,NA,NA,FALSE,FALSE,FALSE,delete,delete,delete,delete,delete,delete
FT_0.888_442.87849,C16 H9 Cl O P2 S4,NA,C6 H9 N2 O9 P3 S3,NA,NA,NA,FALSE,FALSE,FALSE,na,na,yes,no name,C6 H9 N2 O9 P3 S3,L4.3
FT_0.889_147.01385,C4 H7 N2 P S,NA,C2 H2 N4 O4,NA,NA,NA,FALSE,FALSE,FALSE,na,na,yes,no name,C2 H2 N4 O4,L4.3
FT_0.889_151.00876,C3 H7 N2 O P S,NA,C4 H8 O2 P2,NA,NA,NA,FALSE,FALSE,FALSE,na,na,yes,no name,C4 H8 O2 P2,L4.3
FT_0.889_199.94041,C2 H2 N O6 P S,NA,NA,NA,NA,NA,FALSE,FALSE,TRUE,no name,na,na,no name,C2 H2 N O6 P S,L4.3
FT_0.889_328.89801,C11 H5 O2 P S4,NA,C2 H7 N2 O7 P3 S2,NA,NA,NA,FALSE,FALSE,FALSE,na,na,yes,no name,C2 H7 N2 O7 P3 S2,L4.3
FT_0.889_346.90863,C10 H3 O8 P S2,NA,C3 H11 N2 O5 P S5,NA,NA,NA,FALSE,FALSE,FALSE,na,na,yes,no name,C3 H11 N2 O5 P S5,L4.3
FT_0.889_458.85599,C6 H4 N8 O3 P2 S5,NA,C5 H8 N4 O7 P2 S5,NA,NA,NA,FALSE,FALSE,FALSE,na,na,yes,no name,C5 H8 N4 O7 P2 S5,L4.3
FT_0.889_460.85312,C3 H5 N6 O9 P S5,NA,NA,NA,NA,NA,FALSE,FALSE,TRUE,no name,na,na,no name,C3 H5 N6 O9 P S5,L4.3
FT_0.889_476.86690,C14 H2 N6 O2 P2 S4,NA,NA,NA,NA,NA,FALSE,FALSE,TRUE,no name,na,na,no name,C14 H2 N6 O2 P2 S4,L4.3
FT_0.889_572.83632,C25 H3 Cl N2 O P2 S4,NA,NA,NA,NA,NA,FALSE,FALSE,TRUE,delete,delete,delete,delete,delete,delete
FT_0.890_144.98083,C H4 O6 S,NA,C H6 O4 P2,C2 H6 ClO3 P,1.5365161,Ethephon,FALSE,FALSE,FALSE,na,na,yes,no name,C H6 O4 P2,L4.3
FT_0.890_248.97677,C3 H5 Cl N2 O9,NA,NA,NA,NA,NA,FALSE,FALSE,TRUE,no name,na,na,no name,"halogenated,unknown",L5
FT_0.890_312.92037,C4 H11 Cl N2 O2 P2 S3,NA,C5 H4 N4 O4 S4,NA,NA,NA,FALSE,FALSE,FALSE,delete,delete,delete,delete,delete,delete
FT_0.890_330.89510,C4 H12 O3 P2 S5,NA,NA,NA,NA,NA,FALSE,FALSE,TRUE,no name,na,na,no name,C4 H12 O3 P2 S5,L4.3
FT_0.890_330.93105,C12 H7 Cl O3 S3,NA,C3 H11 N2 O6 P S4,NA,NA,NA,FALSE,FALSE,FALSE,na,na,yes,no name,C3 H11 N2 O6 P S4,L4.3
FT_0.890_398.90589,C11 H7 Cl O8 S3,NA,C6 H8 N O11 S4,NA,NA,NA,FALSE,FALSE,FALSE,delete,delete,delete,delete,delete,delete
FT_0.891_110.00865,C H3 N O5,NA,NA,NA,NA,NA,FALSE,FALSE,TRUE,no name,na,na,no name,C H3 N O5,L4.3
FT_0.891_121.01643,C3 H5 Cl N2 O,NA,C2 H5 N2 O2 P,NA,NA,NA,FALSE,FALSE,FALSE,na,na,yes,no name,C2 H5 N2 O2 P,L4.3
FT_0.891_132.99816,C3 H5 N2 P S,NA,NA,NA,NA,NA,FALSE,FALSE,TRUE,no name,na,na,no name,C3 H5 N2 P S,L4.3
FT_0.891_198.94006,C3 H3 Cl N2 O2 S2,NA,NA,NA,NA,NA,FALSE,FALSE,TRUE,no name,na,na,no name,"halogenated,unknown",L5
FT_0.891_200.06168,C4 H14 N3 O2 P S,NA,NA,NA,NA,NA,FALSE,FALSE,TRUE,no name,na,na,no name,C4 H14 N3 O2 P S,L4.3
FT_0.891_214.98862,C3 H7 N2 O5 P S,NA,C3 H7 N2 O5 P S,NA,NA,NA,TRUE,FALSE,FALSE,na,na,yes,no name,C3 H7 N2 O5 P S,L4.3
FT_0.891_221.98196,C4 H5 N3 O4 P2,NA,C5 H7 N3 O S3,NA,NA,NA,FALSE,FALSE,FALSE,delete,delete,delete,delete,delete,delete
FT_0.891_230.96632,C5 H10 Cl O2 P3,NA,C3 H7 N2 O4 P S2,NA,NA,NA,FALSE,FALSE,FALSE,na,na,yes,no name,C3 H7 N2 O4 P S2,L4.3
FT_0.891_241.99958,C5 H8 Cl N3 O4 S,NA,C4 H8 N3 O5 P S,NA,NA,NA,FALSE,FALSE,FALSE,delete,delete,delete,delete,delete,delete
FT_0.892_214.91758,C H N2 O5 P3,NA,C2 H3 N2 O2 P S3,NA,NA,NA,FALSE,FALSE,FALSE,na,na,yes,no name,C2 H3 N2 O2 P S3,L4.3
FT_0.892_218.98361,C3 H7 Cl N2 O5 S,NA,C3 H8 O7 P2,NA,NA,NA,FALSE,FALSE,FALSE,na,na,yes,no name,C3 H8 O7 P2,L4.3
FT_0.892_232.92815,C H3 N2 O6 P3,NA,C6 H2 N O3 S3,NA,NA,NA,FALSE,FALSE,FALSE,na,na,yes,no name,C6 H2 N O3 S3,L4.3
FT_0.892_232.99927,C4 H9 Cl N2 O5 S,NA,C4 H10 O7 P2,NA,NA,NA,FALSE,FALSE,FALSE,"low confidence, class gui",na,yes,no name,C7H6NO6S,L4.3
FT_0.892_284.92547,C4 H4 Cl N4 O3 P3,NA,C5 H2 N O9 S2,NA,NA,NA,FALSE,FALSE,FALSE,delete,delete,delete,delete,delete,delete
FT_0.892_344.87556,C10 H3 O4 P3 S2,NA,C6 H4 N O6 P2 S3,NA,NA,NA,FALSE,FALSE,FALSE,na,na,yes,no name,C6 H4 N O6 P2 S3,L4.3
FT_0.892_414.88353,C12 H3 Cl N4 O3 S4,NA,NA,NA,NA,NA,FALSE,FALSE,TRUE,delete,delete,delete,delete,delete,delete
FT_0.893_182.96245,C3 H3 Cl N2 O3 S,NA,C2 H3 N2 O4 P S,NA,NA,NA,FALSE,FALSE,FALSE,na,na,yes,no name,C2 H3 N2 O4 P S,L4.3
FT_0.894_416.91645,C3 H5 Cl N6 O12 S2,NA,NA,C14 H11 Cl4 O4 P,2.379734,Phosdiphen,FALSE,FALSE,FALSE,delete,delete,delete,delete,delete,delete
FT_0.895_143.99682,C2 H N5 O S,NA,C H5 N O5 S,NA,NA,NA,FALSE,FALSE,FALSE,na,na,yes,no name,C H5 N O5 S,L4.3
FT_0.895_302.93617,C5 H2 Cl N8 P3,NA,NA,NA,NA,NA,FALSE,FALSE,TRUE,delete,delete,delete,delete,delete,delete
FT_0.895_348.94174,C6 H4 Cl N8 O2 P3,NA,NA,NA,NA,NA,FALSE,FALSE,TRUE,delete,delete,delete,delete,delete,delete
FT_0.896_528.86411,C18 H4 Cl N6 P3 S3,NA,NA,NA,NA,NA,FALSE,FALSE,TRUE,delete,delete,delete,delete,delete,delete
FT_0.904_189.00708,C4 H4 N4 O3 S,NA,C4 H4 N4 O3 S,NA,NA,NA,TRUE,FALSE,FALSE,low confidence,na,yes,no name,C4 H4 N4 O3 S,L4.3
FT_0.927_282.90504,C8 H N2 O2 P3 S,NA,NA,NA,NA,NA,FALSE,FALSE,TRUE,delete,delete,delete,delete,delete,delete
FT_0.969_288.92204,C4 H O13 P,NA,C7 N2 O7 S2,NA,NA,NA,FALSE,FALSE,FALSE,no structure Sirius,na,yes,no name,C7 N2 O7 S2,L4.3
FT_0.976_304.89561,C H2 Cl O14 P,NA,C9 H5 O2 P S4,NA,NA,NA,FALSE,FALSE,FALSE,na,na,na,no name,C9 H5 O2 P S4,L4.3
FT_0.979_226.95148,C3 H3 N2 O6 P S,NA,NA,C6 H4 Cl2 O5,1.9097933,"2,5-Dichloro-4-oxohex-2-enedioate",FALSE,FALSE,FALSE,cmmrt prediction,na,na,no name,C3 H3 N2 O6 P S,L4.3
FT_0.980_362.92643,C4 H3 N4 O12 P S,NA,C8 H13 O4 P3 S3,NA,NA,NA,FALSE,FALSE,FALSE,na,na,na,no name,C4 H3 N4 O12 P S,L4.3
FT_0.980_430.91383,C8 H4 N2 O15 P2,NA,C5 H9 N2 O13 P3 S,NA,NA,NA,FALSE,FALSE,FALSE,na,na,na,no name,C8 H4 N2 O15 P2,L4.3
FT_0.980_498.90137,C8 H9 N2 O15 P3 S,NA,C9 H13 N2 O10 P3 S3,NA,NA,NA,FALSE,FALSE,FALSE,na,na,yes,no name,C9 H13 N2 O10 P3 S3,L4.3
FT_0.980_90.97665,C2 H3 P S,NA,NA,NA,NA,NA,FALSE,FALSE,TRUE,no name,na,na,no name,C2 H3 P S,L4.3
FT_0.981_242.92541,C4 H2 O8 S2,NA,NA,NA,NA,NA,FALSE,FALSE,TRUE,no name,na,na,no name,C4 H2 O8 S2,L4.3
FT_0.981_294.93894,C7 H4 O9 P2,NA,C8 H8 O4 P2 S2,NA,NA,NA,FALSE,FALSE,FALSE,na,na,yes,no name,C8 H8 O4 P2 S2,L4.3
FT_0.981_310.91292,C4 H N4 O7 P3,NA,NA,NA,NA,NA,FALSE,FALSE,TRUE,na,na,yes,no name,C4 H N4 O7 P3,L4.3
FT_0.981_378.90035,C6 H5 O13 P3,NA,NA,NA,NA,NA,FALSE,FALSE,TRUE,0,na,yes,no name,C6 H5 O13 P3,L4.3
FT_0.981_446.88778,C3 H4 N4 O16 P2 S,NA,C5 H9 N2 O12 P3 S2,NA,NA,NA,FALSE,FALSE,FALSE,na,na,yes,no name,C5 H9 N2 O12 P3 S2,L4.3
FT_0.981_514.87531,C3 H9 N4 O16 P3 S2,NA,C10 H14 O10 P4 S3,NA,NA,NA,FALSE,FALSE,FALSE,na,na,yes,no name,C10 H14 O10 P4 S3,L4.3
FT_0.981_530.84929,C4 H8 N2 O18 P2 S3,NA,NA,NA,NA,NA,FALSE,FALSE,TRUE,no name,na,na,no name,C4 H8 N2 O18 P2 S3,L4.3
FT_0.981_566.88882,C7 H5 N8 O15 P3 S,NA,C14 H8 N4 O11 P2 S3,NA,NA,NA,FALSE,FALSE,FALSE,na,na,yes,no name,C14 H8 N4 O11 P2 S3,L4.3
FT_0.981_582.86283,C8 H4 N6 O17 P2 S2,NA,NA,NA,NA,NA,FALSE,FALSE,TRUE,na,na,na,no name,C8 H4 N6 O17 P2 S2,L4.3
FT_0.981_598.83677,C6 H5 N10 O10 P3 S4,NA,NA,NA,NA,NA,FALSE,FALSE,TRUE,no name,na,na,no name,C6 H5 N10 O10 P3 S4,L4.3
FT_0.981_666.82426,C8 H N10 O17 P3 S2,NA,C11 H14 N4 O11 S9,NA,NA,NA,FALSE,FALSE,FALSE,na,na,na,no name,C8 H N10 O17 P3 S2,L4.3
FT_0.981_682.79804,C3 H9 N8 O17 P3 S5,NA,C11 H14 N4 O10 S10,NA,NA,NA,FALSE,FALSE,FALSE,na,na,na,no name,C3 H9 N8 O17 P3 S5,L4.3
FT_0.981_734.81146,C14 H5 N6 O18 P3 S3,NA,NA,NA,NA,NA,FALSE,FALSE,TRUE,no name,na,na,no name,C14 H5 N6 O18 P3 S3,L4.3
FT_0.981_750.78520,C25 H5 O14 P3 S4,NA,NA,NA,NA,NA,FALSE,FALSE,TRUE,no name,na,na,no name,C25 H5 O14 P3 S4,L4.3
FT_0.982_394.87427,C9 H O12 P3,NA,NA,NA,NA,NA,FALSE,FALSE,TRUE,no name,na,na,no name,C9 H O12 P3,L4.3
FT_0.982_462.86176,C7 H4 N4 O10 P2 S3,NA,C8 H5 N2 O11 P3 S2,NA,NA,NA,FALSE,FALSE,FALSE,na,na,na,no name,C7 H4 N4 O10 P2 S3,L4.3
FT_0.982_614.81064,C14 H2 Cl N2 O16 P3 S,NA,NA,NA,NA,NA,FALSE,FALSE,TRUE,no name,na,na,na,"halogenated,unknown",L5
FT_0.982_650.85025,C5 H5 N10 O18 P3 S2,NA,C10 H13 N4 O15 P3 S4,NA,NA,NA,FALSE,FALSE,FALSE,na,na,yes,no name,C10 H13 N4 O15 P3 S4,L4.3
FT_0.982_718.83752,C19 H5 N4 O17 P3 S2,NA,C14 H18 N4 O10 P4 S6,NA,NA,NA,FALSE,FALSE,FALSE,na,na,yes,no name,C14 H18 N4 O10 P4 S6,L4.3
FT_0.982_766.75913,C20 H5 N2 O15 P3 S5,NA,NA,NA,NA,NA,FALSE,FALSE,TRUE,delete,delete,delete,delete,delete,delete
FT_0.983_326.88687,C6 H O10 P3,NA,C7 H5 O5 P3 S2,C12 H5 Cl5,2.3311627,"2,3,4,4',5-Pentachlorobiphenyl",FALSE,FALSE,FALSE,na,na,na,no name,C6 H O10 P3,L4.3
FT_0.983_326.88687,C6 H O10 P3,NA,C7 H5 O5 P3 S2,C12 H5 Cl5,2.3258839,"2,3,3',4,5-Pentachlorobiphenyl",FALSE,FALSE,FALSE,na,na,na,no name,C6 H O10 P3,L4.3
FT_0.983_326.88687,C6 H O10 P3,NA,C7 H5 O5 P3 S2,C12 H5 Cl5,2.3162696,"2,3,3',4,4'-Pentachlorobiphenyl",FALSE,FALSE,FALSE,na,na,na,no name,C6 H O10 P3,L4.3
FT_0.983_410.84824,C5 H Cl N2 O12 P2 S,NA,NA,NA,NA,NA,FALSE,FALSE,TRUE,no name,na,na,na,"halogenated,unknown",L5
FT_0.983_478.83569,C8 H3 N2 O12 P S4,NA,NA,NA,NA,NA,FALSE,FALSE,TRUE,no name,na,na,no name,C8 H3 N2 O12 P S4,L4.3
FT_0.983_546.82330,C6 H Cl N4 O18 P2 S,NA,C7 H6 N2 O15 P4 S2,NA,NA,NA,FALSE,FALSE,FALSE,na,na,yes,no name,C7 H6 N2 O15 P4 S2,L4.3
FT_0.983_630.78465,C9 H2 Cl N4 O17 P3 S2,NA,C8 H12 O15 P6 S3,NA,NA,NA,FALSE,FALSE,FALSE,na,na,yes,no name,C8 H12 O15 P6 S3,L4.3
FT_0.983_698.77196,C16 H2 Cl N4 O14 P3 S3,NA,NA,NA,NA,NA,FALSE,FALSE,TRUE,delete,delete,delete,delete,delete,delete
FT_0.984_342.86081,C5 H2 Cl N4 O2 P3 S2,NA,NA,NA,NA,NA,FALSE,FALSE,TRUE,no name,na,na,na,"halogenated,unknown",L5
FT_0.984_494.80968,C4 H2 Cl N2 O16 P3 S,NA,NA,NA,NA,NA,FALSE,FALSE,TRUE,delete,delete,delete,delete,delete,delete
FT_0.984_562.79714,C7 H2 Cl N2 O18 P3 S,NA,NA,NA,NA,NA,FALSE,FALSE,TRUE,delete,delete,delete,delete,delete,delete
FT_0.984_714.74594,C9 H N8 O15 P3 S5,NA,NA,NA,NA,NA,FALSE,FALSE,TRUE,delete,delete,delete,delete,delete,delete
FT_0.985_426.82215,C6 H2 Cl O12 P3 S,NA,NA,NA,NA,NA,FALSE,FALSE,TRUE,na,na,na,no name,C6 H2 Cl O12 P3 S,L4.3
FT_0.985_510.78362,C H3 Cl2 N2 O17 P3 S,NA,NA,NA,NA,NA,FALSE,FALSE,TRUE,delete,delete,delete,delete,delete,delete
FT_0.985_578.77118,C6 H2 Cl N4 O14 P3 S3,NA,NA,NA,NA,NA,FALSE,FALSE,TRUE,delete,delete,delete,delete,delete,delete
FT_0.985_646.75857,C8 H Cl N6 O15 P2 S4,NA,C11 H9 N2 O10 P3 S7,NA,NA,NA,FALSE,FALSE,FALSE,delete,delete,delete,delete,delete,delete
FT_0.986_358.83480,C3 H2 Cl O10 P3 S,NA,NA,NA,NA,NA,FALSE,FALSE,TRUE,na,na,na,no name,C3 H2 Cl O10 P3 S,L4.3
FT_0.986_730.72001,C18 H2 Cl O16 P3 S4,NA,NA,NA,NA,NA,FALSE,FALSE,TRUE,delete,delete,delete,delete,delete,delete
FT_0.987_442.79617,C5 H2 Cl N2 O8 P3 S3,NA,NA,NA,NA,NA,FALSE,FALSE,TRUE,na,na,na,no name,C5 H2 Cl N2 O8 P3 S3,L4.3
FT_1.022_122.08113,C4 H11 N O3,NA,C4 H11 N O3,C4 H11 N O3,0.6259431,Tromethamine,TRUE,TRUE,TRUE,"match name cmmrt, sirius",94.54,na,Tromethamine,C4 H11 N O3,L3.1
FT_1.037_181.02580,C5 H9 O5 P,NA,C4 H8 N2 O4 S,NA,NA,NA,FALSE,FALSE,FALSE,delete,delete,delete,delete,delete,delete
FT_1.037_198.12377,C9 H15 N3 O2,NA,NA,C9 H15 N3 O2,2.2496939,Nitrilacarb,FALSE,TRUE,FALSE,keep cmmrt,na,na,3-(1H-imidazol-5-yl)-2-(trimethylazaniumyl)propanoate,C9 H15 N3 O2,L3.3
FT_1.037_198.12377,C9 H15 N3 O2,NA,NA,C9 H15 N3 O2,0.8895073,3-(1H-imidazol-5-yl)-2-(trimethylazaniumyl)propanoate,FALSE,TRUE,FALSE,keep cmmrt,na,na,3-(1H-imidazol-5-yl)-2-(trimethylazaniumyl)propanoate,C9 H15 N3 O2,L3.3
FT_1.040_257.17208,C10 H20 N6 O2,NA,C10 H20 N6 O2,NA,NA,NA,TRUE,FALSE,FALSE,na,na,yes,no name,C10 H20 N6 O2,L4.1
FT_1.058_304.15048,C12 H21 N3 O6,NA,C12 H21 N3 O6,C12 H21 N3 O6,1.1344087,N5-Acetyl-N2-gamma-L-glutamyl-L-ornithine,TRUE,TRUE,TRUE,Name also predicted by SIRIUS,29.85,na,Nicotianamine,C12 H21 N3 O6,L3.1
FT_1.058_304.15048,C12 H21 N3 O6,NA,C12 H21 N3 O6,C12 H21 N3 O6,0.9992864,Nicotianamine,TRUE,TRUE,TRUE,Name also predicted by SIRIUS,29.85,na,Nicotianamine,C12 H21 N3 O6,L3.1
FT_1.060_222.13361,C9 H19 N O5,NA,C9 H19 N O5,C10 H15 N5 O,0.97482306,2-Methyl-4-(1H-purin-6-ylamino)butan-1-ol,TRUE,FALSE,FALSE,delete,delete,delete,delete,delete,delete
FT_1.081_154.13391,C8 H15 N3,NA,C8 H15 N3,NA,NA,NA,TRUE,FALSE,FALSE,na,na,yes,no name,C8 H15 N3,L4.3
FT_1.091_269.97637,C5 H8 N3 O4 P S2,NA,C6 H9 N O5 P2 S,NA,NA,NA,FALSE,FALSE,FALSE,na,na,yes,no name,C6 H9 N O5 P2 S,L4.3
FT_1.096_191.99907,C4 H6 N3 O2 P S,NA,C5 H7 N O3 P2,NA,NA,NA,FALSE,FALSE,FALSE,na,na,yes,no name,C5 H7 N O3 P2,L4.3
FT_1.098_196.95448,C H3 N4 O2 P3,NA,NA,NA,NA,NA,FALSE,FALSE,TRUE,no name,na,na,no name,C H3 N4 O2 P3,L4.3
FT_1.098_274.93181,C2 H5 N4 O4 P3 S,NA,C5 H9 N O2 P S4,NA,NA,NA,FALSE,FALSE,FALSE,na,na,yes,no name,C5 H9 N O2 P S4,L4.3
FT_1.099_258.92490,C3 H5 N2 O4 P3 S,NA,NA,NA,NA,NA,FALSE,FALSE,TRUE,no name,na,na,no name,C3 H5 N2 O4 P3 S,L4.3
FT_1.100_198.09738,C6 H15 N O6,NA,C7 H11 N5 O2,NA,NA,NA,FALSE,FALSE,FALSE,na,62.5,na,1-Guanidino-2-(4-imidazole)propionic acid,C7 H11 N5 O2,L3.3
FT_1.103_381.07947,C9 H20 N2 O12 S,NA,NA,NA,NA,NA,FALSE,FALSE,TRUE,na,na,na,no name,C9 H20 N2 O12 S,L4.3
FT_1.135_159.07646,C6 H10 N2 O3,NA,C6 H10 N2 O3,C6 H10 N2 O3,0.99836624,4-Methylene-L-glutamine,TRUE,TRUE,TRUE,"no name match, keeping cmmrt",na,na,4-Methylene-L-glutamine,C6 H10 N2 O3,L3.3
FT_1.135_159.07646,C6 H10 N2 O3,NA,C6 H10 N2 O3,C6 H10 N2 O3,0.9972851,"1-(Hydroxymethyl)-5,5-dimethylhydantoin",TRUE,TRUE,TRUE,"no name match, keeping cmmrt",na,na,4-Methylene-L-glutamine,C6 H10 N2 O3,L3.3
FT_1.135_159.07646,C6 H10 N2 O3,NA,C6 H10 N2 O3,C6 H10 N2 O3,0.90842205,"(4S,5S)-5-Hydroxy-2-methyl-1,4,5,6-tetrahydropyrimidine-4-carboxylic acid",TRUE,TRUE,TRUE,"no name match, keeping cmmrt",na,na,4-Methylene-L-glutamine,C6 H10 N2 O3,L3.3
FT_1.141_287.12717,C11 H19 N4 O3 P,NA,C13 H14 N6 O2,C17 H18 O4,2.7412865,Myrigalone H,FALSE,FALSE,FALSE,Only compound among CMMRT candidates,50,na,"4-Hydroxy-3,5,4'-trimethoxystilbene",C17 H18 O4,L3.3
FT_1.141_287.12717,C11 H19 N4 O3 P,NA,C13 H14 N6 O2,C17 H18 O4,2.7217894,"7,3'-Dihydroxy-4'-methoxy-8-methylflavan",FALSE,FALSE,FALSE,Only compound among CMMRT candidates,50,na,"4-Hydroxy-3,5,4'-trimethoxystilbene",C17 H18 O4,L3.3
FT_1.141_287.12717,C11 H19 N4 O3 P,NA,C13 H14 N6 O2,C17 H18 O4,2.7190635,"3-(3,4-Dimethoxyphenyl)chroman-7-ol",FALSE,FALSE,FALSE,Only compound among CMMRT candidates,50,na,"4-Hydroxy-3,5,4'-trimethoxystilbene",C17 H18 O4,L3.3
FT_1.143_222.13363,C9 H19 N O5,NA,C9 H19 N O5,C10 H15 N5 O,0.84699976,2-Methyl-4-(1H-purin-6-ylamino)butan-1-ol,TRUE,FALSE,FALSE,delete,delete,delete,delete,delete,delete
FT_1.147_168.06892,C5 H13 N O3 S,NA,C5 H13 N O3 S,NA,NA,NA,TRUE,FALSE,FALSE,na,70.43,na,5-Aminopentane-1-sulfonate,C5 H13 N O3 S,L3.3
FT_1.147_335.13059,C11 H22 N6 O2 S2,NA,C22 H14 N4,NA,NA,NA,FALSE,FALSE,FALSE,na,72.73,na,2-(3-Quinoxalin-2-ylphenyl)quinoxaline,C22 H14 N4,L3.3
FT_1.155_335.07393,C10 H15 N4 O7 P,NA,C9 H19 O11 P,C16 H14 O8,2.3622694,NA,FALSE,FALSE,FALSE,"sirius, 60%",na,yes,no name,C9 H19 O11 P,L4.3
FT_1.155_335.07393,C10 H15 N4 O7 P,NA,C9 H19 O11 P,C16 H14 O8,2.313317,NA,FALSE,FALSE,FALSE,"sirius, 60%",na,yes,no name,C9 H19 O11 P,L4.3
FT_1.155_335.07393,C10 H15 N4 O7 P,NA,C9 H19 O11 P,C16 H14 O8,2.1038823,NA,FALSE,FALSE,FALSE,"sirius, 60%",na,yes,no name,C9 H19 O11 P,L4.3
FT_1.170_315.12215,C11 H18 N6 O3 S,NA,C14 H14 N6 O3,C18 H18 O5,2.7073047,NA,FALSE,FALSE,FALSE,delete,delete,delete,delete,delete,delete
FT_1.170_315.12215,C11 H18 N6 O3 S,NA,C14 H14 N6 O3,C18 H18 O5,2.6983695,"(E)-4,2',4'-trihydroxy-6'-methoxy-3',5'-dimethylchalcone",FALSE,FALSE,FALSE,delete,delete,delete,delete,delete,delete
FT_1.170_315.12215,C11 H18 N6 O3 S,NA,C14 H14 N6 O3,C18 H18 O5,2.5653586,NA,FALSE,FALSE,FALSE,delete,delete,delete,delete,delete,delete
FT_1.174_398.12947,C14 H23 N O12,NA,C14 H23 N O12,NA,NA,NA,TRUE,FALSE,FALSE,Match CD and SIRIUS,85,na,alpha-D-GlcNAc-(1->4)-D-GlcA,C14 H23 N O12,L3.3
FT_1.176_198.09727,C6 H15 N O6,NA,C6 H15 N O6,NA,NA,NA,TRUE,FALSE,FALSE,na,na,yes,no name,C6 H15 N O6,L4.1
FT_1.177_271.16864,C11 H22 N6 S,NA,NA,C18 H22 O2,2.6633763,"3-Hydroxy-estra-1,3,5(10)-trien-16-one",FALSE,FALSE,FALSE,na,na,na,"3-Hydroxy-estra-1,3,5(10)-trien-16-one",C18 H22 O2,L3.3
FT_1.177_271.16864,C11 H22 N6 S,NA,NA,C18 H22 O2,2.612387,Estrone,FALSE,FALSE,FALSE,na,na,na,"3-Hydroxy-estra-1,3,5(10)-trien-16-one",C18 H22 O2,L3.3
FT_1.177_271.16864,C11 H22 N6 S,NA,NA,C18 H22 O2,2.5945444,"Estra-1,3,5(10),6-tetraene-3,17-diol",FALSE,FALSE,FALSE,na,na,na,"3-Hydroxy-estra-1,3,5(10)-trien-16-one",C18 H22 O2,L3.3
FT_1.179_180.08673,C6 H13 N O5,NA,C6 H13 N O5,C6 H13 N O5,0.82239896,beta-D-Glucosamine,TRUE,TRUE,TRUE,"match name cmmrt, sirius",77.98,na,D-Mannosamine,C6 H13 N O5,L3.1
FT_1.179_180.08673,C6 H13 N O5,NA,C6 H13 N O5,C6 H13 N O5,0.82239896,D-(+)-Glucosamine,TRUE,TRUE,TRUE,"match name cmmrt, sirius",77.98,na,D-Mannosamine,C6 H13 N O5,L3.1
FT_1.179_180.08673,C6 H13 N O5,NA,C6 H13 N O5,C6 H13 N O5,0.82239896,D-Mannosamine,TRUE,TRUE,TRUE,"match name cmmrt, sirius",77.98,na,D-Mannosamine,C6 H13 N O5,L3.1
FT_1.180_342.13304,C11 H25 N3 O5 P2,NA,C12 H24 N O8 P,C19 H19 N O5,2.0649662,Gravacridonediol,FALSE,FALSE,FALSE,na,na,yes,no name,C12 H24 N O8 P,L4.3
FT_1.180_342.13304,C11 H25 N3 O5 P2,NA,C12 H24 N O8 P,C19 H19 N O5,1.894371,N-[4'-hydroxy-(E)-cinnamoyl]-L-tyrosine methyl ester,FALSE,FALSE,FALSE,na,na,yes,no name,C12 H24 N O8 P,L4.3
FT_1.180_342.13304,C11 H25 N3 O5 P2,NA,C12 H24 N O8 P,C19 H19 N O5,1.4178345,Cassyfiline,FALSE,FALSE,FALSE,na,na,yes,no name,C12 H24 N O8 P,L4.3
FT_1.182_331.11710,C11 H18 N6 O4 S,NA,C14 H14 N6 O4,C18 H18 O6,2.684281,NA,FALSE,FALSE,FALSE,na,na,na,no name,C11 H18 N6 O4 S,L4.3
FT_1.182_331.11710,C11 H18 N6 O4 S,NA,C14 H14 N6 O4,C18 H18 O6,2.6784549,"4-Hydroxy-2,3,9-trimethoxypterocarpan",FALSE,FALSE,FALSE,na,na,na,no name,C11 H18 N6 O4 S,L4.3
FT_1.182_331.11710,C11 H18 N6 O4 S,NA,C14 H14 N6 O4,C18 H18 O6,2.6653485,NA,FALSE,FALSE,FALSE,na,na,na,no name,C11 H18 N6 O4 S,L4.3
FT_1.187_229.12164,C9 H17 N4 O P,NA,NA,C15 H16 O2,2.686627,4-(3-Hydroxy-3-phenylpropyl)phenol,FALSE,FALSE,FALSE,na,na,na,4-(3-Hydroxy-3-phenylpropyl)phenol,C15 H16 O2,L3.3
FT_1.187_229.12164,C9 H17 N4 O P,NA,NA,C15 H16 O2,2.6734695,"4,4'-Propane-1,1-diyldiphenol",FALSE,FALSE,FALSE,na,na,na,4-(3-Hydroxy-3-phenylpropyl)phenol,C15 H16 O2,L3.3
FT_1.187_229.12164,C9 H17 N4 O P,NA,NA,C15 H16 O2,2.6246486,Bisphenol A,FALSE,FALSE,FALSE,na,na,na,4-(3-Hydroxy-3-phenylpropyl)phenol,C15 H16 O2,L3.3
FT_1.188_184.06383,C5 H13 N O4 S,NA,C5 H13 N O4 S,C5 H13 N O4 S,2.437821,Choline sulfate,TRUE,TRUE,TRUE,"match name cmmrt, sirius",81.82,na,Choline sulfate,C5 H13 N O4 S,L3.1
FT_1.188_287.16354,C11 H22 N6 O S,NA,C14 H18 N6 O,C18 H22 O3,2.6800704,Estrololactone,FALSE,FALSE,FALSE,na,na,na,no name,C11 H22 N6 O S,L4.3
FT_1.188_287.16354,C11 H22 N6 O S,NA,C14 H18 N6 O,C18 H22 O3,2.654583,"17beta-Estradiol-3,4-quinone",FALSE,FALSE,FALSE,na,na,na,no name,C11 H22 N6 O S,L4.3
FT_1.188_287.16354,C11 H22 N6 O S,NA,C14 H18 N6 O,C18 H22 O3,2.5136366,"17beta-Estradiol-2,3-quinone",FALSE,FALSE,FALSE,na,na,na,no name,C11 H22 N6 O S,L4.3
FT_1.190_536.21888,C18 H36 N9 O4 P3,NA,C19 H37 N O16,NA,NA,NA,FALSE,FALSE,FALSE,na,na,yes,no name,C19 H37 N O16,L4.3
FT_1.210_275.19660,C13 H26 N2 O4,NA,C13 H26 N2 O4,NA,NA,NA,TRUE,FALSE,FALSE,na,48.35,na,(2S)-6-(ethylamino)-2-[(2-methylpropan-2-yl)oxycarbonylamino]hexanoic acid,C13 H26 N2 O4,L3.3
FT_1.215_464.10688,C14 H25 N O14 S,NA,C14 H25 N O14 S,C25 H19 O9+,2.2911162,Pinotin A aglycone,TRUE,FALSE,FALSE,na,na,na,2-acetamido-2-deoxy-3-O-(6-O-sulfonato-beta-D-glucosyl)-beta-D-galactose,C14 H25 N O14 S,L3.3
FT_1.215_464.10688,C14 H25 N O14 S,NA,C14 H25 N O14 S,C25 H19 O9+,2.2099507,NA,TRUE,FALSE,FALSE,na,na,na,2-acetamido-2-deoxy-3-O-(6-O-sulfonato-beta-D-glucosyl)-beta-D-galactose,C14 H25 N O14 S,L3.3
FT_1.215_464.10688,C14 H25 N O14 S,NA,C14 H25 N O14 S,C15 H29 N O9 S3,1.8911533,7-Methylthioheptyl glucosinolate,TRUE,FALSE,FALSE,na,na,na,2-acetamido-2-deoxy-3-O-(6-O-sulfonato-beta-D-glucosyl)-beta-D-galactose,C14 H25 N O14 S,L3.3
FT_1.217_285.18429,C13 H25 N4 O P,NA,NA,C19 H24 O2,2.6483219,"1-Methylestra-1,3,5(10),6-tetraene-3,17beta-diol",FALSE,FALSE,FALSE,na,na,na,"1-Methylestra-1,3,5(10),6-tetraene-3,17beta-diol",C19 H24 O2,L3.3
FT_1.217_285.18429,C13 H25 N4 O P,NA,NA,C19 H24 O2,2.6392658,Methyltrienolone,FALSE,FALSE,FALSE,na,na,na,"1-Methylestra-1,3,5(10),6-tetraene-3,17beta-diol",C19 H24 O2,L3.3
FT_1.217_285.18429,C13 H25 N4 O P,NA,NA,C19 H24 O2,2.6362216,1-Methylestrone,FALSE,FALSE,FALSE,na,na,na,"1-Methylestra-1,3,5(10),6-tetraene-3,17beta-diol",C19 H24 O2,L3.3
FT_1.222_313.14287,C12 H20 N6 O2 S,NA,C15 H16 N6 O2,C19 H20 O4,2.6428928,Tetrahydrobisdemethoxydiferuloylmethane,FALSE,FALSE,FALSE,"no matches, keeping sirius structure, low confidence",51.08,na,N-(2-methoxyphenyl)-N~3~-9H-purin-6-yl-beta-alaninamide,C15 H16 N6 O2,L3.3
FT_1.222_313.14287,C12 H20 N6 O2 S,NA,C15 H16 N6 O2,C19 H20 O4,2.635936,Honyudisin,FALSE,FALSE,FALSE,"no matches, keeping sirius structure, low confidence",51.08,na,N-(2-methoxyphenyl)-N~3~-9H-purin-6-yl-beta-alaninamide,C15 H16 N6 O2,L3.3
FT_1.222_313.14287,C12 H20 N6 O2 S,NA,C15 H16 N6 O2,C19 H20 O4,2.6003397,m-(beta-Acetyl-alpha-ethyl-p-hydroxyphenethyl)benzoic acid,FALSE,FALSE,FALSE,"no matches, keeping sirius structure, low confidence",51.08,na,N-(2-methoxyphenyl)-N~3~-9H-purin-6-yl-beta-alaninamide,C15 H16 N6 O2,L3.3
FT_1.223_448.11210,C17 H28 N3 O3 P3 S,NA,C20 H21 N3 O7 S,C25 H19 O8+,2.563526,NA,FALSE,FALSE,FALSE,na,na,na,no name,C17 H28 N3 O3 P3 S,L4.3
FT_1.223_448.11210,C17 H28 N3 O3 P3 S,NA,C20 H21 N3 O7 S,C25 H19 O8+,2.5146656,Malvidin 4-vinylphenol,FALSE,FALSE,FALSE,na,na,na,no name,C17 H28 N3 O3 P3 S,L4.3
FT_1.224_363.16189,C13 H26 N6 O2 S2,NA,C16 H26 O9,NA,NA,NA,FALSE,FALSE,FALSE,na,61.54,na,"2-[(5,7-dihydroxy-4,7-dimethyl-4a,5,6,7a-tetrahydro-1H-cyclopenta[c]pyran-1-yl)oxy]-6-(hydroxymethyl)tetrahydropyran-3,4,5-triol",C16 H26 O9,L3.3
FT_1.228_325.11301,C13 H16 N4 O6,NA,C12 H20 O10,C10 H28 Cl2 N2 O P2,2.1826603,2-[Dimethyl(2-phosphanylethyl)azaniumyl]ethyl-dimethyl-(2-phosphanyloxyethyl)azanium;dichloride,FALSE,FALSE,FALSE,delete,delete,delete,delete,delete,delete
FT_1.228_325.11301,C13 H16 N4 O6,NA,C12 H20 O10,C19 H17 ClN2 O,1.9670072,Prazepam,FALSE,FALSE,FALSE,delete,delete,delete,delete,delete,delete
FT_1.228_325.11301,C13 H16 N4 O6,NA,C12 H20 O10,C12 H20 O10,0.86473536,"Bis-D-fructose 2',1:2,1'-dianhydride",FALSE,FALSE,TRUE,delete,delete,delete,delete,delete,delete
FT_1.243_227.14244,C10 H19 N4 P,NA,NA,NA,NA,NA,FALSE,FALSE,TRUE,no name,na,na,no name,C10 H19 N4 P,L4.3
FT_1.251_310.14319,C12 H19 N7 O S,NA,C11 H23 N3 O5 S,C19 H19 N O3,2.2678373,Koenigine,FALSE,FALSE,FALSE,delete,delete,delete,delete,delete,delete
FT_1.251_310.14319,C12 H19 N7 O S,NA,C11 H23 N3 O5 S,C17 H18 F3 N O,2.1815727,Fluoxetine,FALSE,FALSE,FALSE,delete,delete,delete,delete,delete,delete
FT_1.251_310.14319,C12 H19 N7 O S,NA,C11 H23 N3 O5 S,C17 H16 F N5,1.3299114,4-(Fluorophenyl)-1-cyclopropylmethyl-5-(2-amino-4-pyrimidinyl)imidazole,FALSE,FALSE,FALSE,delete,delete,delete,delete,delete,delete
FT_1.252_198.08906,C6 H16 N O4 P,NA,NA,C8 H11 N3 O3,0.84439,"Methyl 5-(but-3-en-1-yl)amino-1,3,4-oxadiazole-2-carboxylate",FALSE,FALSE,FALSE,na,na,na,"Methyl 5-(but-3-en-1-yl)amino-1,3,4-oxadiazole-2-carboxylate",C8 H11 N3 O3,L3.3
FT_1.252_198.08906,C6 H16 N O4 P,NA,NA,C8 H11 N3 O3,0.82464993,2-(4-Amino-2-nitroanilino)ethanol,FALSE,FALSE,FALSE,na,na,na,"Methyl 5-(but-3-en-1-yl)amino-1,3,4-oxadiazole-2-carboxylate",C8 H11 N3 O3,L3.3
FT_1.252_198.08906,C6 H16 N O4 P,NA,NA,C8 H11 N3 O3,0.74412507,N-Acetylhistidine,FALSE,FALSE,FALSE,na,na,na,"Methyl 5-(but-3-en-1-yl)amino-1,3,4-oxadiazole-2-carboxylate",C8 H11 N3 O3,L3.3
FT_1.257_324.16538,C13 H25 N O8,NA,C14 H21 N5 O4,NA,NA,NA,FALSE,FALSE,FALSE,na,60.62,na,"3,8-bis(2-methoxyethyl)-1-methyl-7,8-dihydro-1H-imidazo[2,1-f]purine-2,4(3H,6H)-dione",C14 H21 N5 O4,L3.3
FT_1.259_198.12371,C9 H15 N3 O2,NA,NA,C9 H15 N3 O2,1.9832608,Nitrilacarb,FALSE,TRUE,FALSE,keep cmmrt,na,na,3-(1H-imidazol-5-yl)-2-(trimethylazaniumyl)propanoate,C9 H15 N3 O2,L3.3
FT_1.259_198.12371,C9 H15 N3 O2,NA,NA,C9 H15 N3 O2,0.56585175,3-(1H-imidazol-5-yl)-2-(trimethylazaniumyl)propanoate,FALSE,TRUE,FALSE,keep cmmrt,na,na,3-(1H-imidazol-5-yl)-2-(trimethylazaniumyl)propanoate,C9 H15 N3 O2,L3.3
FT_1.262_380.20290,C15 H29 N3 O8,NA,C19 H29 N3 O3 S,C19 H29 N3 O3 S,0.8286328,Thaumatin,FALSE,FALSE,TRUE,na,na,"yes, gui",no name,C15 H29 N3 O8,L4.3
FT_1.264_374.12946,C12 H23 N O12,NA,C16 H23 N O7 S,NA,NA,NA,FALSE,FALSE,FALSE,,na,"yes, gui",no name,C12 H23 N O12,L4.3
FT_1.274_440.10703,C12 H25 N O14 S,NA,C12 H25 N O14 S,NA,NA,NA,TRUE,FALSE,FALSE,na,na,yes,no name,C12 H25 N O14 S,L4.1
FT_1.280_204.12308,C9 H17 N O4,NA,C9 H17 N O4,C9 H17 N O4,1.5114214,Acetylcarnitine,TRUE,TRUE,TRUE,delete,delete,delete,delete,delete,delete
FT_1.280_204.12308,C9 H17 N O4,NA,C9 H17 N O4,C9 H17 N O4,1.2085885,N-Lactoyl-Leucine,TRUE,TRUE,TRUE,delete,delete,delete,delete,delete,delete
FT_1.280_204.12308,C9 H17 N O4,NA,C9 H17 N O4,C10 H13 N5,0.99973756,NA,TRUE,FALSE,FALSE,delete,delete,delete,delete,delete,delete
FT_1.289_205.11826,C8 H16 N2 O4,NA,C8 H16 N2 O4,C9 H12 N6,0.8668636,Triethylenemelamine,TRUE,FALSE,FALSE,na,na,yes,no name,C8 H16 N2 O4,L4.1
FT_1.289_205.11826,C8 H16 N2 O4,NA,C8 H16 N2 O4,C8 H16 N2 O4,0.8330429,N(6)-acetyl-N(6)-hydroxy-L-lysine,TRUE,TRUE,TRUE,na,na,yes,no name,C8 H16 N2 O4,L4.1
FT_1.289_205.11826,C8 H16 N2 O4,NA,C8 H16 N2 O4,C8 H16 N2 O4,0.79111964,SV,TRUE,TRUE,TRUE,na,na,yes,no name,C8 H16 N2 O4,L4.1
FT_1.296_462.03891,C5 H16 Cl N9 O12 S,NA,NA,NA,NA,NA,FALSE,FALSE,TRUE,delete,delete,delete,delete,delete,delete
FT_1.300_189.12341,C8 H16 N2 O3,NA,NA,C8 H16 N2 O3,0.8002385,2-[(2-Amino-3-methylbutanoyl)amino]propanoic acid,FALSE,TRUE,FALSE,keep cmmrt,na,na,2-[(2-Amino-3-methylbutanoyl)amino]propanoic acid,C8 H16 N2 O3,L3.3
FT_1.300_189.12341,C8 H16 N2 O3,NA,NA,C8 H16 N2 O3,0.77817947,l-Alanyl-l-valine,FALSE,TRUE,FALSE,keep cmmrt,na,na,2-[(2-Amino-3-methylbutanoyl)amino]propanoic acid,C8 H16 N2 O3,L3.3
FT_1.300_189.12341,C8 H16 N2 O3,NA,NA,C8 H16 N2 O3,0.7770865,N6-Acetyl-L-lysine,FALSE,TRUE,FALSE,keep cmmrt,na,na,2-[(2-Amino-3-methylbutanoyl)amino]propanoic acid,C8 H16 N2 O3,L3.3
FT_1.302_189.12341,C8 H13 N O3,NA,C8 H13 N O3,C8 H13 N O3,0.9494526,N-[(3s)-2-Oxotetrahydrofuran-3-Yl]butanamide,TRUE,TRUE,TRUE,keeping SIRIUS (as % is higher than cmmrt),60.78,na,2-acetamidohex-4-enoic acid,C8 H13 N O3,L3.3
FT_1.302_189.12341,C8 H13 N O3,NA,C8 H13 N O3,C8 H13 N O3,0.6348444,Crotanecine,TRUE,TRUE,TRUE,keeping SIRIUS (as % is higher than cmmrt),60.78,na,2-acetamidohex-4-enoic acid,C8 H13 N O3,L3.3
FT_1.308_97.02841,C5 H4 O2,NA,C5 H4 O2,C5 H4 O2,1.5030776,Protoanemonin,TRUE,TRUE,TRUE,keeping SIRIUS (as % is higher than cmmrt),52.38,na,"4-Cyclopentene-1,3-dione",C5 H4 O2,L3.3
FT_1.308_97.02841,C5 H4 O2,NA,C5 H4 O2,C5 H4 O2,1.2613264,Furfural,TRUE,TRUE,TRUE,keeping SIRIUS (as % is higher than cmmrt),52.38,na,"4-Cyclopentene-1,3-dione",C5 H4 O2,L3.3
FT_1.309_85.02847,C4 H4 O2,NA,C4 H4 O2,C4 H4 O2,1.3842943,2(5H)-Furanone,TRUE,TRUE,TRUE,"match name cmmrt, sirius (not first option)",42.22,na,2(5H)-Furanone,C4 H4 O2,L3.1
FT_1.309_85.02847,C4 H4 O2,NA,C4 H4 O2,C4 H4 O2,1.3816346,2(3H)-Furanone,TRUE,TRUE,TRUE,"match name cmmrt, sirius (not first option)",42.22,na,2(5H)-Furanone,C4 H4 O2,L3.1
FT_1.309_85.02847,C4 H4 O2,NA,C4 H4 O2,C4 H4 O2,0.9336726,3-Butynoic acid,TRUE,TRUE,TRUE,"match name cmmrt, sirius (not first option)",42.22,na,2(5H)-Furanone,C4 H4 O2,L3.1
FT_1.310_180.08674,C6 H10 O5,NA,C4 H8 N3 O4,C6 H10 O5,2.349065,Diethyl pyrocarbonate,FALSE,TRUE,FALSE,na,na,na,"(3S)-2-hydroxy-2,3-dimethylbutanedioic acid",C6 H10 O5,L3.3
FT_1.310_180.08674,C6 H10 O5,NA,C4 H8 N3 O4,C7 H14 S2,1.8553976,(E)-1-Propenyl sec-butyl disulfide,FALSE,FALSE,FALSE,na,na,na,"(3S)-2-hydroxy-2,3-dimethylbutanedioic acid",C6 H10 O5,L3.3
FT_1.310_180.08674,C6 H10 O5,NA,C4 H8 N3 O4,C6 H10 O5,0.90511066,"(3S)-2-hydroxy-2,3-dimethylbutanedioic acid",FALSE,TRUE,FALSE,na,na,na,"(3S)-2-hydroxy-2,3-dimethylbutanedioic acid",C6 H10 O5,L3.3
FT_1.310_325.11303,C12 H20 O10,NA,C12 H20 O10,C10 H28 Cl2 N2 O P2,2.0925472,2-[Dimethyl(2-phosphanylethyl)azaniumyl]ethyl-dimethyl-(2-phosphanyloxyethyl)azanium;dichloride,TRUE,FALSE,FALSE,na,86.9,na,"3,6-Anhydro-l-lactose",C12 H20 O10,L3.3
FT_1.310_325.11303,C12 H20 O10,NA,C12 H20 O10,C19 H17 ClN2 O,1.8836535,Prazepam,TRUE,FALSE,FALSE,na,86.9,na,"3,6-Anhydro-l-lactose",C12 H20 O10,L3.3
FT_1.310_325.11303,C12 H20 O10,NA,C12 H20 O10,C12 H20 O10,0.7551575,"Bis-D-fructose 2',1:2,1'-dianhydride",TRUE,TRUE,TRUE,na,86.9,na,"3,6-Anhydro-l-lactose",C12 H20 O10,L3.3
FT_1.310_702.26646,C25 H40 N4 O18,NA,C32 H36 N4 O13,C37 H36 N2 O11,2.4745471,Citbismine C,FALSE,FALSE,FALSE,na,na,na,Citbismine C,C37 H36 N2 O11,L3.3
FT_1.313_734.15675,C29 H31 N7 O12 S2,NA,NA,NA,NA,NA,FALSE,FALSE,TRUE,no name,na,na,no name,C29 H31 N7 O12 S2,L4.3
FT_1.313_738.15172,C37 H25 N9 O5 P2,NA,C23 H35 N3 O22 S,NA,NA,NA,FALSE,FALSE,FALSE,na,na,na,no name,C37 H25 N9 O5 P2,L4.3
FT_1.314_370.08322,C7 H18 N9 O3 P3,NA,C11 H20 N3 O7 P S,C16 H14 F3 N3 O2 S,1.1045295,Lansoprazole,FALSE,FALSE,FALSE,na,na,yes,no name,C11 H20 N3 O7 P S,L4.3
FT_1.314_729.15677,C21 H34 N10 O13 P2 S,NA,NA,NA,NA,NA,FALSE,FALSE,TRUE,delete,delete,delete,delete,delete,delete
FT_1.323_438.04617,C14 H11 N7 O8 S,NA,C11 H22 N O11 P3,NA,NA,NA,FALSE,FALSE,FALSE,na,na,yes,no name,C11 H22 N O11 P3,L4.3
FT_1.325_446.04676,C5 H18 Cl N9 O9 P2,NA,C10 H17 N5 O11 P2,C17 H16 N3 NaO6 S2,0.73030376,Cephapirin sodium,FALSE,FALSE,FALSE,na,na,yes,no name,C10 H17 N5 O11 P2,L4.3
FT_1.339_427.07594,C6 H19 N8 O10 P S,NA,C11 H24 O13 P2,NA,NA,NA,FALSE,FALSE,FALSE,na,na,yes,no name,C11 H24 O13 P2,L4.3
FT_1.340_471.18238,C17 H30 N2 O13,NA,C17 H30 N2 O13,NA,NA,NA,TRUE,FALSE,FALSE,na,82.13,na,O-(3-O-beta-D-galactosyl-N-acetyl-alpha-D-galactosaminyl)-L-serine,C17 H30 N2 O13,L3.3
FT_1.350_186.07614,C8 H11 N O4,NA,C8 H11 N O4,NA,NA,NA,TRUE,FALSE,FALSE,na,na,yes,no name,C8 H11 N O4,L4.1
FT_1.355_313.14280,C12 H20 N6 O2 S,NA,C15 H16 N6 O2,C19 H20 O4,2.4920478,Tetrahydrobisdemethoxydiferuloylmethane,FALSE,FALSE,FALSE,delete,delete,delete,delete,delete,delete
FT_1.355_313.14280,C12 H20 N6 O2 S,NA,C15 H16 N6 O2,C19 H20 O4,2.484772,Honyudisin,FALSE,FALSE,FALSE,delete,delete,delete,delete,delete,delete
FT_1.355_313.14280,C12 H20 N6 O2 S,NA,C15 H16 N6 O2,C19 H20 O4,2.4511726,m-(beta-Acetyl-alpha-ethyl-p-hydroxyphenethyl)benzoic acid,FALSE,FALSE,FALSE,delete,delete,delete,delete,delete,delete
FT_1.359_198.07952,C6 H15 N O4 S,NA,C6 H15 N O4 S,NA,NA,NA,TRUE,FALSE,FALSE,na,na,yes,no name,C6 H15 N O4 S,L4.1
FT_1.360_350.19235,C14 H27 N3 O7,NA,C15 H23 N7 O3,NA,NA,NA,FALSE,FALSE,FALSE,na,na,"yes, gui",no name,C14 H27 N3 O7,L4.3
FT_1.375_276.11905,C10 H17 N3 O6,NA,C10 H17 N3 O6,C10 H17 N3 O6,0.7512323,Glutamylglutamine,TRUE,TRUE,TRUE,"match name cmmrt, sirius (not first option)",44.23,na,Gln-Glu,C10 H17 N3 O6,L3.1
FT_1.375_276.11905,C10 H17 N3 O6,NA,C10 H17 N3 O6,C10 H17 N3 O6,0.7512322,Gln-Glu,TRUE,TRUE,TRUE,"match name cmmrt, sirius (not first option)",44.23,na,Gln-Glu,C10 H17 N3 O6,L3.1
FT_1.375_276.11905,C10 H17 N3 O6,NA,C10 H17 N3 O6,C10 H17 N3 O6,0.66611755,N-succinyl-L-citrulline,TRUE,TRUE,TRUE,"match name cmmrt, sirius (not first option)",44.23,na,Gln-Glu,C10 H17 N3 O6,L3.1
FT_1.378_288.10135,C5 H18 N7 O3 P S,NA,C11 H17 N3 O4 S,NA,NA,NA,FALSE,FALSE,FALSE,na,na,yes,no name,C11 H17 N3 O4 S,L4.3
FT_1.386_218.14992,C9 H19 N3 O3,NA,C9 H19 N3 O3,C9 H19 N3 O3,0.78963965,6-Amino-2-(2-aminopropanoylamino)hexanoic acid,TRUE,TRUE,TRUE,keeping SIRIUS (as % is higher than cmmrt),52.53,na,(2S)-2-amino-6-[[(2S)-2-aminopropanoyl]amino]hexanoic acid,C9 H19 N3 O3,L3.3
FT_1.386_218.14992,C9 H19 N3 O3,NA,C9 H19 N3 O3,C9 H19 N3 O3,0.6839897,Lysylalanine,TRUE,TRUE,TRUE,keeping SIRIUS (as % is higher than cmmrt),52.53,na,(2S)-2-amino-6-[[(2S)-2-aminopropanoyl]amino]hexanoic acid,C9 H19 N3 O3,L3.3
FT_1.386_218.14992,C9 H19 N3 O3,NA,C9 H19 N3 O3,C9 H19 N3 O3,0.20220399,gamma-L-Glutamylputrescine,TRUE,TRUE,TRUE,keeping SIRIUS (as % is higher than cmmrt),52.53,na,(2S)-2-amino-6-[[(2S)-2-aminopropanoyl]amino]hexanoic acid,C9 H19 N3 O3,L3.3
FT_1.387_353.03927,C11 H17 N2 O5 P S2,NA,C8 H18 O11 P2,C16 H13 ClO7,1.2224501,Petunidin chloride,FALSE,FALSE,FALSE,na,na,yes,no name,C8 H18 O11 P2,L4.3
FT_1.387_353.03927,C11 H17 N2 O5 P S2,NA,C8 H18 O11 P2,C16 H13 ClO7,1.2224499,Petunidin chloride,FALSE,FALSE,FALSE,na,na,yes,no name,C8 H18 O11 P2,L4.3
FT_1.387_353.03927,C11 H17 N2 O5 P S2,NA,C8 H18 O11 P2,C16 H13 ClO7,1.1340363,Petunidin chloride,FALSE,FALSE,FALSE,na,na,yes,no name,C8 H18 O11 P2,L4.3
FT_1.387_364.00941,C19 H9 N O3 S2,NA,NA,NA,NA,NA,FALSE,FALSE,TRUE,no name,na,na,no name,C19 H9 N O3 S2,L4.3
FT_1.388_286.11329,C9 H16 O9,NA,C10 H12 N4 O5,C9 H16 O9,1.0489687,3-Deoxyglycerogalacto-2-nonulopyranosonic acid,FALSE,TRUE,FALSE,na,na,na,2-O-alpha-mannosyl-D-glycerate,C9 H16 O9,L3.3
FT_1.388_286.11329,C9 H16 O9,NA,C10 H12 N4 O5,C9 H16 O9,1.0370133,2-O-alpha-mannosyl-D-glycerate,FALSE,TRUE,FALSE,na,na,na,2-O-alpha-mannosyl-D-glycerate,C9 H16 O9,L3.3
FT_1.388_286.11329,C9 H16 O9,NA,C10 H12 N4 O5,C10 H12 N4 O5,0.707065,NA,FALSE,FALSE,TRUE,na,na,na,2-O-alpha-mannosyl-D-glycerate,C9 H16 O9,L3.3
FT_1.388_371.01204,C8 H13 Cl2 N8 O P S,NA,C12 H10 N4 O6 S2,C12 H11 ClN6 O2 S2,1.5469165,Azosemide,FALSE,FALSE,FALSE,na,na,na,"D-Glycero-D-manno-heptose 1,7-bisphosphate",C7 H16 O13 P2,L3.3
FT_1.388_371.01204,C8 H13 Cl2 N8 O P S,NA,C12 H10 N4 O6 S2,C7 H16 O13 P2,0.7560387,"D-Glycero-D-manno-heptose 1,7-bisphosphate",FALSE,FALSE,FALSE,na,na,na,"D-Glycero-D-manno-heptose 1,7-bisphosphate",C7 H16 O13 P2,L3.3
FT_1.388_371.01204,C8 H13 Cl2 N8 O P S,NA,C12 H10 N4 O6 S2,C7 H16 O13 P2,0.67452246,"Sedoheptulose 1,7-bisphosphate",FALSE,FALSE,FALSE,na,na,na,"D-Glycero-D-manno-heptose 1,7-bisphosphate",C7 H16 O13 P2,L3.3
FT_1.390_366.18722,C14 H27 N3 O8,NA,C14 H27 N3 O8,C14 H27 N3 O8,0.6494988,2'-N-Acetylparomamine,TRUE,TRUE,TRUE,"match name cmmrt, sirius",72.1,na,2'-N-Acetylparomamine,C14 H27 N3 O8,L3.1
FT_1.396_196.10019,C9 H14 N3 P,NA,C7 H17 N O3 S,NA,NA,NA,FALSE,FALSE,FALSE,na,na,na,Ethyldimethyl(3-sulfopropyl)azanium,C7 H17 N O3 S,L3.3
FT_1.404_425.19671,C18 H28 N6 O4 S,NA,C18 H28 N6 O4 S,C25 H28 O6,2.4320817,Gancaonin E,TRUE,FALSE,FALSE,na,na,yes,no name,C18 H28 N6 O4 S,L4.1
FT_1.404_425.19671,C18 H28 N6 O4 S,NA,C18 H28 N6 O4 S,C25 H28 O6,2.4167519,Glisoflavanone,TRUE,FALSE,FALSE,na,na,yes,no name,C18 H28 N6 O4 S,L4.1
FT_1.404_425.19671,C18 H28 N6 O4 S,NA,C18 H28 N6 O4 S,C25 H28 O6,2.414703,NA,TRUE,FALSE,FALSE,na,na,yes,no name,C18 H28 N6 O4 S,L4.1
FT_1.405_190.10742,C8 H15 N O4,NA,C8 H15 N O4,C8 H15 N O4,0.84676707,N-lactoyl-Valine,TRUE,TRUE,TRUE,Higher zscore of cmmrt candidates,37.07,na,N-lactoyl-Valine,C8 H15 N O4,L3.3
FT_1.405_190.10742,C8 H15 N O4,NA,C8 H15 N O4,C8 H15 N O4,0.657144,2-(Butylamido)-4-hydroxybutanoic acid,TRUE,TRUE,TRUE,Higher zscore of cmmrt candidates,37.07,na,N-lactoyl-Valine,C8 H15 N O4,L3.3
FT_1.405_190.10742,C8 H15 N O4,NA,C8 H15 N O4,C8 H15 N O4,0.6546941,2-Hydroxyhexanoylglycine,TRUE,TRUE,TRUE,Higher zscore of cmmrt candidates,37.07,na,N-lactoyl-Valine,C8 H15 N O4,L3.3
FT_1.406_684.25587,C22 H48 N5 O13 P3,NA,C24 H45 N O21,NA,NA,NA,FALSE,FALSE,FALSE,na,na,yes,no name,C24 H45 N O21,L4.3
FT_1.410_487.16575,C18 H30 O15,NA,NA,NA,NA,NA,FALSE,FALSE,TRUE,no name,na,na,no name,C18 H30 O15,L4.3
FT_1.410_851.26419,C31 H49 N8 O14 P3,NA,NA,NA,NA,NA,FALSE,FALSE,TRUE,no name,na,na,no name,C31 H49 N8 O14 P3,L4.3
FT_1.411_846.30863,C35 H53 N5 O15 P2,NA,C30 H55 N O26,NA,NA,NA,FALSE,FALSE,FALSE,na,na,yes,no name,C30 H55 N O26,L4.3
FT_1.411_85.02843,C4 H4 O2,NA,NA,C4 H4 O2,1.2772205,2(5H)-Furanone,FALSE,TRUE,FALSE,delete,delete,delete,delete,delete,delete
FT_1.411_85.02843,C4 H4 O2,NA,NA,C4 H4 O2,1.2744936,2(3H)-Furanone,FALSE,TRUE,FALSE,delete,delete,delete,delete,delete,delete
FT_1.411_85.02843,C4 H4 O2,NA,NA,C4 H4 O2,0.8127008,3-Butynoic acid,FALSE,TRUE,FALSE,delete,delete,delete,delete,delete,delete
FT_1.414_325.11299,C13 H16 N4 O6,NA,C17 H16 N4 O S,C10 H28 Cl2 N2 O P2,1.9859521,2-[Dimethyl(2-phosphanylethyl)azaniumyl]ethyl-dimethyl-(2-phosphanyloxyethyl)azanium;dichloride,FALSE,FALSE,FALSE,na,na,na,no name,C13 H16 N4 O6,L4.3
FT_1.414_325.11299,C13 H16 N4 O6,NA,C17 H16 N4 O S,C19 H17 ClN2 O,1.7850543,Prazepam,FALSE,FALSE,FALSE,na,na,na,no name,C13 H16 N4 O6,L4.3
FT_1.414_325.11299,C13 H16 N4 O6,NA,C17 H16 N4 O S,C12 H20 O10,0.62553763,"Bis-D-fructose 2',1:2,1'-dianhydride",FALSE,FALSE,FALSE,na,na,na,no name,C13 H16 N4 O6,L4.3
FT_1.416_275.12378,C11 H18 N2 O6,NA,C15 H18 N2 O S,NA,NA,NA,FALSE,FALSE,FALSE,na,na,"yes, gui",no name,C7H14N8O4,L4.3
FT_1.417_97.02840,C5 H4 O2,NA,C5 H4 O2,C5 H4 O2,1.3915151,Protoanemonin,TRUE,TRUE,TRUE,"match name cmmrt, sirius (not first option)",45.92,na,Protoanemonin,C5 H4 O2,L3.1
FT_1.417_97.02840,C5 H4 O2,NA,C5 H4 O2,C5 H4 O2,1.1433977,Furfural,TRUE,TRUE,TRUE,"match name cmmrt, sirius (not first option)",45.92,na,Protoanemonin,C5 H4 O2,L3.1
FT_1.418_74.09646,C4 H11 N,NA,C4 H11 N,C4 H11 N,0.5228475,Sec-butylamine,TRUE,TRUE,TRUE,"no matches, keeping sirius structure, low confidence",79.25,na,Diethamine,C4 H11 N,L3.3
FT_1.418_74.09646,C4 H11 N,NA,C4 H11 N,C4 H11 N,0.4842358,Isobutylamine,TRUE,TRUE,TRUE,"no matches, keeping sirius structure, low confidence",79.25,na,Diethamine,C4 H11 N,L3.3
FT_1.418_74.09646,C4 H11 N,NA,C4 H11 N,C4 H11 N,0.4111426,tert-Butylamine,TRUE,TRUE,TRUE,"no matches, keeping sirius structure, low confidence",79.25,na,Diethamine,C4 H11 N,L3.3
FT_1.419_244.11139,C10 H17 N3 O2 S,NA,C10 H17 N3 O2 S,C10 H17 N3 O2 S,0.70597315,"5-[(3aR,4R,6aS)-2-oxo-1,3,3a,4,6,6a-hexahydrothieno[3,4-d]imidazol-4-yl]pentanamide",TRUE,TRUE,TRUE,"no matches, keeping sirius structure, low confidence",76.26,na,S-methylergothioneine,C10 H17 N3 O2 S,L3.3
FT_1.419_244.11139,C10 H17 N3 O2 S,NA,C10 H17 N3 O2 S,C10 H17 N3 O2 S,0.70597315,Biotinamide,TRUE,TRUE,TRUE,"no matches, keeping sirius structure, low confidence",76.26,na,S-methylergothioneine,C10 H17 N3 O2 S,L3.3
FT_1.421_176.10298,C6 H13 N3 O3,NA,C6 H13 N3 O3,C6 H13 N3 O3,0.5345938,L-Citrulline,TRUE,TRUE,TRUE,"match name cmmrt, sirius",71.93,na,L-Citrulline,C6 H13 N3 O3,L3.1
FT_1.421_176.10298,C6 H13 N3 O3,NA,C6 H13 N3 O3,C6 H13 N3 O3,0.44943398,Argininic acid,TRUE,TRUE,TRUE,"match name cmmrt, sirius",71.93,na,L-Citrulline,C6 H13 N3 O3,L3.1
FT_1.421_189.12346,C8 H16 N2 O3,NA,C8 H16 N2 O3,C8 H16 N2 O3,0.65059906,2-[(2-Amino-3-methylbutanoyl)amino]propanoic acid,TRUE,TRUE,TRUE,"match name cmmrt, sirius",67.3,na,N6-Acetyl-L-lysine,C8 H16 N2 O3,L3.1
FT_1.421_189.12346,C8 H16 N2 O3,NA,C8 H16 N2 O3,C8 H16 N2 O3,0.6284084,N6-Acetyl-L-lysine,TRUE,TRUE,TRUE,"match name cmmrt, sirius",67.3,na,N6-Acetyl-L-lysine,C8 H16 N2 O3,L3.1
FT_1.421_189.12346,C8 H16 N2 O3,NA,C8 H16 N2 O3,C8 H16 N2 O3,0.627567,l-Alanyl-l-valine,TRUE,TRUE,TRUE,"match name cmmrt, sirius",67.3,na,N6-Acetyl-L-lysine,C8 H16 N2 O3,L3.1
FT_1.421_462.14561,C12 H29 N7 O6 P2 S,NA,C16 H23 N5 O11,C20 H23 N5 O6 S,1.4875352,"(2S,5R,6R)-3,3-dimethyl-7-oxo-6-[[(2S)-2-[(2-oxoimidazolidine-1-carbonyl)amino]-2-phenylacetyl]amino]-4-thia-1-azabicyclo[3.2.0]heptane-2-carboxylic acid",FALSE,FALSE,FALSE,na,na,yes,no name,C16 H23 N5 O11,L4.3
FT_1.425_175.10771,C7 H14 N2 O3,NA,C7 H14 N2 O3,C7 H14 N2 O3,0.6123084,N-acetylornithine,TRUE,TRUE,TRUE,"match name cmmrt, sirius",89.01,na,N-acetylornithine,C7 H14 N2 O3,L3.1
FT_1.425_175.10771,C7 H14 N2 O3,NA,C7 H14 N2 O3,C7 H14 N2 O3,0.6106935,Glycylvaline,TRUE,TRUE,TRUE,"match name cmmrt, sirius",89.01,na,N-acetylornithine,C7 H14 N2 O3,L3.1
FT_1.425_175.10771,C7 H14 N2 O3,NA,C7 H14 N2 O3,C7 H14 N2 O3,0.6055962,(S)-2-(2-Amino-3-methylbutanamido)acetic acid,TRUE,TRUE,TRUE,"match name cmmrt, sirius",89.01,na,N-acetylornithine,C7 H14 N2 O3,L3.1
FT_1.425_404.17774,C15 H25 N5 O8,NA,C15 H25 N5 O8,C20 H25 N3 O6,1.0518554,Myxochelin B,TRUE,FALSE,FALSE,na,na,yes,no name,C15 H25 N5 O8,L4.1
FT_1.428_448.16617,C15 H29 N O14,NA,C20 H25 N5 O5 S,NA,NA,NA,FALSE,FALSE,FALSE,na,na,"yes, gui",no name,C15 H29 N O14,L4.3
FT_1.429_190.11850,C7 H15 N3 O3,NA,C7 H15 N3 O3,C7 H15 N3 O3,0.041008282,L-Homocitrulline,TRUE,TRUE,TRUE,"match name cmmrt, sirius",52.48,na,L-Homocitrulline,C7 H15 N3 O3,L3.1
FT_1.523_190.11863,C7 H15 N3 O3,NA,C7 H15 N3 O3,C7 H15 N3 O3,0.13140255,L-Homocitrulline,TRUE,TRUE,TRUE,"match name cmmrt, sirius",66.67,na,L-Homocitrulline,C7 H15 N3 O3,L3.1
FT_1.546_236.14923,C10 H21 N O5,NA,C10 H21 N O5,NA,NA,NA,TRUE,FALSE,FALSE,na,na,yes,no name,C10 H21 N O5,L4.1
FT_1.700_249.10806,C9 H16 N2 O6,NA,C9 H16 N2 O6,C9 H16 N2 O6,0.39605188,Glu-Thr,TRUE,TRUE,TRUE,"match name cmmrt, sirius",100,na,Glu-Thr,C9 H16 N2 O6,L3.1
FT_1.700_249.10806,C9 H16 N2 O6,NA,C9 H16 N2 O6,C9 H16 N2 O6,0.36012214,2-[(2-Amino-3-hydroxybutanoyl)amino]pentanedioic acid,TRUE,TRUE,TRUE,"match name cmmrt, sirius",100,na,Glu-Thr,C9 H16 N2 O6,L3.1
FT_1.700_249.10806,C9 H16 N2 O6,NA,C9 H16 N2 O6,C9 H16 N2 O6,0.22289728,gamma-Glutamylthreonine,TRUE,TRUE,TRUE,"match name cmmrt, sirius",100,na,Glu-Thr,C9 H16 N2 O6,L3.1
FT_1.700_340.12391,C13 H17 N5 O6,NA,NA,C18 H23 Cl2 N O,2.0574908,Dibenzyline,FALSE,FALSE,FALSE,na,na,na,no name,C13 H17 N5 O6,L4.3
FT_1.720_248.16049,C10 H21 N3 O4,NA,C10 H21 N3 O4,C10 H21 N3 O4,0.13001852,H-Lys-Thr-OH,TRUE,TRUE,TRUE,"match name cmmrt, sirius",37.06,na,H-Lys-Thr-OH,C10 H21 N3 O4,L3.1
FT_1.720_248.16049,C10 H21 N3 O4,NA,C10 H21 N3 O4,C10 H21 N3 O4,0.008899404,Threonyllysine,TRUE,TRUE,TRUE,"match name cmmrt, sirius",37.06,na,H-Lys-Thr-OH,C10 H21 N3 O4,L3.1
FT_1.720_462.18184,C16 H31 N O14,NA,C21 H27 N5 O5 S,C21 H27 N5 O5 S,1.2941394,3-cis-Hydroxyglipizide,FALSE,FALSE,TRUE,na,na,na,3-cis-Hydroxyglipizide,C21 H27 N5 O5 S,L3.3
FT_1.769_217.06825,C5 H8 N6 O4,NA,C7 H10 N3 O5,NA,NA,NA,FALSE,FALSE,FALSE,na,na,yes,no name,C7 H10 N3 O5,L4.3
FT_1.774_72.08080,C4 H9 N,NA,C4 H9 N,C4 H9 N,0.49537772,3-Buten-1-amine,TRUE,TRUE,TRUE,"match name cmmrt, sirius (not first option), position amine changed",41.67,na,3-Buten-1-amine,C4 H9 N,L3.1
FT_1.774_72.08080,C4 H9 N,NA,C4 H9 N,C4 H9 N,0.16571231,Pyrrolidine,TRUE,TRUE,TRUE,"match name cmmrt, sirius (not first option), position amine changed",41.67,na,3-Buten-1-amine,C4 H9 N,L3.1
FT_1.778_548.21876,C21 H33 N5 O12,NA,C20 H37 N O16,NA,NA,NA,FALSE,FALSE,FALSE,na,na,na,beta-D-galactosyl-(1->4)-N-acetyl-beta-D-glucosaminyl-(1->6)-D-galactitol,C20 H37 N O16,L3.3
FT_1.784_174.08735,C6 H11 N3 O3,NA,NA,C6 H11 N3 O3,0.052587245,2-Oxoarginine,FALSE,TRUE,FALSE,na,na,na,2-Oxoarginine,C6 H11 N3 O3,L3.3
FT_1.790_515.09219,C10 H24 N6 O14 P2,NA,C14 H28 O16 P2,C28 H18 O10,1.5236727,NA,FALSE,FALSE,FALSE,na,na,yes,no name,C14 H28 O16 P2,L4.3
FT_1.809_232.12923,C9 H17 N3 O4,NA,C9 H17 N3 O4,C12 H16 F3 N,0.9925513,Fenfluramine,TRUE,FALSE,FALSE,na,na,na,l-Alanyl-d-alanyl-l-alanine,C9 H17 N3 O4,L3.3
FT_1.809_232.12923,C9 H17 N3 O4,NA,C9 H17 N3 O4,C12 H16 F3 N,0.9925512,Dexfenfluramine,TRUE,FALSE,FALSE,na,na,na,l-Alanyl-d-alanyl-l-alanine,C9 H17 N3 O4,L3.3
FT_1.809_232.12923,C9 H17 N3 O4,NA,C9 H17 N3 O4,C9 H17 N3 O4,0.20786777,Asn-Val,TRUE,TRUE,TRUE,na,na,na,l-Alanyl-d-alanyl-l-alanine,C9 H17 N3 O4,L3.3
FT_1.826_199.14414,C10 H18 N2 O2,NA,NA,C10 H18 N2 O2,0.3579914,(-)-Slaframine,FALSE,TRUE,FALSE,na,na,na,(-)-Slaframine,C10 H18 N2 O2,L3.3
FT_1.909_511.16356,C17 H37 O11 P3,NA,C27 H26 O10,C27 H26 O10,1.3477769,Piperenol A triacetate,FALSE,FALSE,TRUE,na,na,na,Piperenol A triacetate,C27 H26 O10,L3.3
FT_1.912_217.06825,C5 H8 N6 O4,NA,C7 H10 N3 O5,NA,NA,NA,FALSE,FALSE,FALSE,na,na,na,no name,C7 H10 N3 O5,L4.3
FT_1.988_684.25597,C25 H41 N5 O17,NA,C24 H45 N O21,NA,NA,NA,FALSE,FALSE,FALSE,na,na,yes,no name,C24 H45 N O21,L4.3
FT_10.186_171.10172,C9 H14 O3,NA,C9 H14 O3,C9 H14 O3,2.6768773,Epiaspinonediol,TRUE,TRUE,TRUE,keeping SIRIUS (as % is higher than cmmrt),53.13,na,7-methyl-3-oxooct-6-enoic acid,C9 H14 O3,L3.3
FT_10.186_171.10172,C9 H14 O3,NA,C9 H14 O3,C9 H14 O3,2.6768765,Aspinonediol,TRUE,TRUE,TRUE,keeping SIRIUS (as % is higher than cmmrt),53.13,na,7-methyl-3-oxooct-6-enoic acid,C9 H14 O3,L3.3
FT_10.186_171.10172,C9 H14 O3,NA,C9 H14 O3,C9 H14 O3,1.5625325,"1,4-Ipomeadiol",TRUE,TRUE,TRUE,keeping SIRIUS (as % is higher than cmmrt),53.13,na,7-methyl-3-oxooct-6-enoic acid,C9 H14 O3,L3.3
FT_10.254_310.12853,C15 H19 N O6,NA,C15 H19 N O6,C15 H19 N O6,1.697943,Azacoccone A,TRUE,TRUE,TRUE,keeping SIRIUS,47.26,na,Sporovexin C,C15 H19 N O6,L3.3
FT_10.254_310.12853,C15 H19 N O6,NA,C15 H19 N O6,C19 H19 N OS,1.1867814,Ketotifen,TRUE,FALSE,FALSE,keeping SIRIUS,47.26,na,Sporovexin C,C15 H19 N O6,L3.3
FT_10.540_204.15939,C10 H21 N O3,NA,C10 H21 N O3,NA,NA,NA,TRUE,FALSE,FALSE,na,61.5,na,"(2S,8R)-2-amino-8-hydroxydecanoic acid",C10 H21 N O3,L3.3
FT_10.719_396.08792,C16 H18 Cl N5 O3 S,NA,C13 H21 N3 O7 S2,NA,NA,NA,FALSE,FALSE,FALSE,delete,delete,delete,delete,delete,delete
FT_10.757_149.09608,C10 H12 O,NA,C10 H12 O,C10 H12 O,1.4542212,trans-Lachnophyllol,TRUE,TRUE,TRUE,keeping SIRIUS,68.57,na,"2-Methyl-5-prop-1-en-2-ylcyclohexa-2,4-dien-1-one",C10 H12 O,L3.3
FT_10.757_149.09608,C10 H12 O,NA,C10 H12 O,C10 H12 O,0.9067102,"5,6,7,8-Tetrahydro-2-naphthol",TRUE,TRUE,TRUE,keeping SIRIUS,68.57,na,"2-Methyl-5-prop-1-en-2-ylcyclohexa-2,4-dien-1-one",C10 H12 O,L3.3
FT_10.757_149.09608,C10 H12 O,NA,C10 H12 O,C10 H12 O,0.6698889,Benzylacetone,TRUE,TRUE,TRUE,keeping SIRIUS,68.57,na,"2-Methyl-5-prop-1-en-2-ylcyclohexa-2,4-dien-1-one",C10 H12 O,L3.3
FT_10.758_167.10667,C10 H14 O2,NA,C10 H14 O2,C10 H14 O2,2.2207413,Piquerol A,TRUE,TRUE,TRUE,keeping SIRIUS,78.1,na,Camphorquinone,C10 H14 O2,L3.3
FT_10.758_167.10667,C10 H14 O2,NA,C10 H14 O2,C10 H14 O2,1.4665552,"5-Hydroxy-p-mentha-6,8-dien-2-one",TRUE,TRUE,TRUE,keeping SIRIUS,78.1,na,Camphorquinone,C10 H14 O2,L3.3
FT_10.758_167.10667,C10 H14 O2,NA,C10 H14 O2,C10 H14 O2,1.1540123,6-Hydroxycarvone,TRUE,TRUE,TRUE,keeping SIRIUS,78.1,na,Camphorquinone,C10 H14 O2,L3.3
FT_10.790_239.05499,C11 H10 O6,NA,C11 H10 O6,C11 H10 O6,1.2912081,Benzoylmalic acid,TRUE,TRUE,TRUE,"match name cmmrt, sirius (not first option)",43.32,na,Benzoylmalic acid,C11 H10 O6,L3.1
FT_10.790_239.05499,C11 H10 O6,NA,C11 H10 O6,C11 H10 O6,1.216556,Cyclopaldic acid,TRUE,TRUE,TRUE,"match name cmmrt, sirius (not first option)",43.32,na,Benzoylmalic acid,C11 H10 O6,L3.1
FT_10.898_149.09608,C10 H12 O,NA,C10 H12 O,C10 H12 O,1.4725661,trans-Lachnophyllol,TRUE,TRUE,TRUE,keeping SIRIUS,64.6,na,"2-Methyl-5-prop-1-en-2-ylcyclohexa-2,4-dien-1-one",C10 H12 O,L3.3
FT_10.898_149.09608,C10 H12 O,NA,C10 H12 O,C10 H12 O,0.9249789,"5,6,7,8-Tetrahydro-2-naphthol",TRUE,TRUE,TRUE,keeping SIRIUS,64.6,na,"2-Methyl-5-prop-1-en-2-ylcyclohexa-2,4-dien-1-one",C10 H12 O,L3.3
FT_10.898_149.09608,C10 H12 O,NA,C10 H12 O,C10 H12 O,0.68886715,Benzylacetone,TRUE,TRUE,TRUE,keeping SIRIUS,64.6,na,"2-Methyl-5-prop-1-en-2-ylcyclohexa-2,4-dien-1-one",C10 H12 O,L3.3
FT_10.898_167.10667,C10 H14 O2,NA,C10 H14 O2,C10 H14 O2,2.2410254,Piquerol A,TRUE,TRUE,TRUE,"no match, Keeping SIRIUS (cmmrt hits are also monoterpenoids",61.78,na,Camphenal,C10 H14 O2,L3.3
FT_10.898_167.10667,C10 H14 O2,NA,C10 H14 O2,C10 H14 O2,1.4847945,"5-Hydroxy-p-mentha-6,8-dien-2-one",TRUE,TRUE,TRUE,"no match, Keeping SIRIUS (cmmrt hits are also monoterpenoids",61.78,na,Camphenal,C10 H14 O2,L3.3
FT_10.898_167.10667,C10 H14 O2,NA,C10 H14 O2,C10 H14 O2,1.1718904,6-Hydroxycarvone,TRUE,TRUE,TRUE,"no match, Keeping SIRIUS (cmmrt hits are also monoterpenoids",61.78,na,Camphenal,C10 H14 O2,L3.3
FT_10.898_185.11722,C10 H16 O3,NA,C10 H16 O3,C10 H16 O3,2.0196955,"5-(1,2-Dihydroxypropan-2-yl)-2-methylcyclohex-2-en-1-one",TRUE,TRUE,TRUE,"no match, Keeping SIRIUS",60.56,na,"(2,2,3-Trimethyl-4-oxocyclopentyl)acetic acid",C10 H16 O3,L3.3
FT_10.898_185.11722,C10 H16 O3,NA,C10 H16 O3,C10 H16 O3,1.8862494,"5-exo-Hydroxy-1,2-campholide",TRUE,TRUE,TRUE,"no match, Keeping SIRIUS",60.56,na,"(2,2,3-Trimethyl-4-oxocyclopentyl)acetic acid",C10 H16 O3,L3.3
FT_10.898_185.11722,C10 H16 O3,NA,C10 H16 O3,C10 H16 O3,1.6475124,Pestalotiolactone D,TRUE,TRUE,TRUE,"no match, Keeping SIRIUS",60.56,na,"(2,2,3-Trimethyl-4-oxocyclopentyl)acetic acid",C10 H16 O3,L3.3
FT_10.905_199.13289,C11 H18 O3,NA,C11 H18 O3,C9 H16 N3 O2+,2.789153,"N,N,N-Trimethyl-Histidine",TRUE,FALSE,FALSE,na,51.06,na,Methyl 2-butyl-3-oxocyclopentanecarboxylate,C11 H18 O3,L3.3
FT_11.015_360.08063,C13 H20 N3 O3 P3,NA,C17 H17 N3 O2 S2,NA,NA,NA,FALSE,FALSE,FALSE,na,64.15,na,"2-[(3,6-dimethyl-4-oxo-2-thieno[2,3-d]pyrimidinyl)thio]-N-(4-methylphenyl)acetamide",C17 H17 N3 O2 S2,L3.3
FT_11.115_235.06010,C12 H10 O5,NA,C12 H10 O5,C12 H10 O5,2.030077,7-Hydroxy-2-methyl-4-oxo-4H-1-benzopyran-5-acetic acid,TRUE,TRUE,TRUE,"match name cmmrt, sirius (not first option)",69.83,na,"3-(2-Oxopropyl)-6,8-dihydroxyisocoumarin",C12 H10 O5,L3.1
FT_11.115_235.06010,C12 H10 O5,NA,C12 H10 O5,C12 H10 O5,1.8764232,"3-(2-Oxopropyl)-6,8-dihydroxyisocoumarin",TRUE,TRUE,TRUE,"match name cmmrt, sirius (not first option)",69.83,na,"3-(2-Oxopropyl)-6,8-dihydroxyisocoumarin",C12 H10 O5,L3.1
FT_11.115_235.06010,C12 H10 O5,NA,C12 H10 O5,C12 H10 O5,1.6034617,NA,TRUE,TRUE,TRUE,"match name cmmrt, sirius (not first option)",69.83,na,"3-(2-Oxopropyl)-6,8-dihydroxyisocoumarin",C12 H10 O5,L3.1
FT_11.119_275.05264,C11 H17 O2 P3,NA,C8 H19 O4 P S2,C7 H15 O9 P,2.805276,"(2,3,4,5-Tetrahydroxy-6-oxoheptyl) dihydrogen phosphate",FALSE,FALSE,FALSE,na,na,na,Parasperone A,C14 H10 O6,L3.3
FT_11.119_275.05264,C11 H17 O2 P3,NA,C8 H19 O4 P S2,C14 H10 O6,1.6228422,Parasperone A,FALSE,FALSE,FALSE,na,na,na,Parasperone A,C14 H10 O6,L3.3
FT_11.119_275.05264,C11 H17 O2 P3,NA,C8 H19 O4 P S2,C14 H10 O6,1.5068449,NA,FALSE,FALSE,FALSE,na,na,na,Parasperone A,C14 H10 O6,L3.3
FT_11.136_199.09658,C10 H14 O4,NA,C10 H14 O4,C11 H10 N4,2.8879292,"2-Amino-6-methyldipyrido[1,2-a:3',2'-d]imidazole",TRUE,FALSE,FALSE,delete,delete,delete,delete,delete,delete
FT_11.136_199.09658,C10 H14 O4,NA,C10 H14 O4,C10 H14 O4,2.7330942,"1-(3,4-Dimethoxyphenyl)ethane-1,2-diol",TRUE,TRUE,TRUE,delete,delete,delete,delete,delete,delete
FT_11.136_199.09658,C10 H14 O4,NA,C10 H14 O4,C11 H10 N4,2.6376903,"3-methyl-3H-imidazo[4,5-f]quinolin-2-amine",TRUE,FALSE,FALSE,delete,delete,delete,delete,delete,delete
FT_11.157_241.07067,C11 H12 O6,NA,C11 H12 O6,C11 H12 O6,2.741615,"2-(3-Carboxypropionyl)-6-hydroxy-cyclohexa-2,4-diene carboxylic acid",TRUE,TRUE,TRUE,keeping SIRIUS,65.24,na,"methyl 5-hydroxy-2-methylene-3-oxo-4a,5,8,8a-tetrahydro-1,4-benzodioxine-7-carboxylate",C11 H12 O6,L3.3
FT_11.157_241.07067,C11 H12 O6,NA,C11 H12 O6,C11 H12 O6,2.7198188,Csypyrone B2,TRUE,TRUE,TRUE,keeping SIRIUS,65.24,na,"methyl 5-hydroxy-2-methylene-3-oxo-4a,5,8,8a-tetrahydro-1,4-benzodioxine-7-carboxylate",C11 H12 O6,L3.3
FT_11.157_241.07067,C11 H12 O6,NA,C11 H12 O6,C11 H12 O6,1.934695,"3-(4-Hydroxy-3,5-dimethoxyphenyl)oxirane-2-carboxylic acid",TRUE,TRUE,TRUE,keeping SIRIUS,65.24,na,"methyl 5-hydroxy-2-methylene-3-oxo-4a,5,8,8a-tetrahydro-1,4-benzodioxine-7-carboxylate",C11 H12 O6,L3.3
FT_11.197_225.07332,C7 H8 N6 O3,NA,C11 H12 O5,NA,NA,NA,FALSE,FALSE,FALSE,na,na,na,no name,C11 H12 O5,L4.3
FT_11.217_185.11726,C10 H16 O3,NA,C10 H16 O3,C10 H16 O3,2.063525,"5-(1,2-Dihydroxypropan-2-yl)-2-methylcyclohex-2-en-1-one",TRUE,TRUE,TRUE,keeping SIRIUS,45.56,na,3-(1-Hydroxy-2-Methylbutyl)-4-Methyl-2(5H)-Furanone),C10 H16 O3,L3.3
FT_11.217_185.11726,C10 H16 O3,NA,C10 H16 O3,C10 H16 O3,1.9292275,"5-exo-Hydroxy-1,2-campholide",TRUE,TRUE,TRUE,keeping SIRIUS,45.56,na,3-(1-Hydroxy-2-Methylbutyl)-4-Methyl-2(5H)-Furanone),C10 H16 O3,L3.3
FT_11.217_185.11726,C10 H16 O3,NA,C10 H16 O3,C10 H16 O3,1.6890489,Pestalotiolactone D,TRUE,TRUE,TRUE,keeping SIRIUS,45.56,na,3-(1-Hydroxy-2-Methylbutyl)-4-Methyl-2(5H)-Furanone),C10 H16 O3,L3.3
FT_11.232_326.12348,C15 H19 N O7,NA,C16 H15 N5 O3,NA,NA,NA,FALSE,FALSE,FALSE,na,na,"yes, gui",no name,C15 H19 N O7,L4.3
FT_11.271_202.14372,C10 H19 N O3,NA,C10 H19 N O3,C10 H19 N O3,2.814117,2-[(5-Methyl-3-oxohexyl)amino]propionic acid,TRUE,TRUE,TRUE,keeping SIRIUS,67.23,na,L-2-amino-8-oxodecanoic acid,C10 H19 N O3,L3.3
FT_11.271_202.14372,C10 H19 N O3,NA,C10 H19 N O3,C10 H19 N O3,1.9458417,2-(2-propylpentanoylamino)acetic Acid,TRUE,TRUE,TRUE,keeping SIRIUS,67.23,na,L-2-amino-8-oxodecanoic acid,C10 H19 N O3,L3.3
FT_11.271_202.14372,C10 H19 N O3,NA,C10 H19 N O3,C10 H19 N O3,1.6026063,2-Octanamidoacetic acid,TRUE,TRUE,TRUE,keeping SIRIUS,67.23,na,L-2-amino-8-oxodecanoic acid,C10 H19 N O3,L3.3
FT_11.305_384.18063,C22 H25 N O5,NA,C23 H21 N5 O,C22 H25 N O5,0.71889865,Peniprequinolone,FALSE,TRUE,FALSE,na,na,na,Peniprequinolone,C22 H25 N O5,L3.3
FT_11.310_182.19033,C12 H23 N,NA,C12 H23 N,C12 H23 N,1.6834768,Dicyclohexylamine,TRUE,TRUE,TRUE,"match name cmmrt, sirius (not first option, low match)",34.88,na,Dicyclohexylamine,C12 H23 N,L3.1
FT_11.332_239.09131,C12 H14 O5,NA,C12 H14 O5,C12 H14 O5,1.5484337,Banksialactone C,TRUE,TRUE,TRUE,keeping SIRIUS,68.57,na,46-Dimethylcurvulinic acid,C12 H14 O5,L3.3
FT_11.332_239.09131,C12 H14 O5,NA,C12 H14 O5,C12 H14 O5,1.3955688,"1-(2,4,5-Trimethoxyphenyl)-1,2-propanedione",TRUE,TRUE,TRUE,keeping SIRIUS,68.57,na,46-Dimethylcurvulinic acid,C12 H14 O5,L3.3
FT_11.332_239.09131,C12 H14 O5,NA,C12 H14 O5,C12 H14 O5,1.3167733,(3r)-Methyl-8-hydroxy-6-(hydroxymethyl)-7-methoxydihydroisocoumarin,TRUE,TRUE,TRUE,keeping SIRIUS,68.57,na,46-Dimethylcurvulinic acid,C12 H14 O5,L3.3
FT_11.364_204.15939,C10 H21 N O3,NA,C10 H21 N O3,NA,NA,NA,TRUE,FALSE,FALSE,na,na,na,no name,C10 H21 N O3,L4.1
FT_11.428_153.09102,C9 H12 O2,NA,C9 H12 O2,C9 H12 O2,2.7338321,3-(4-Hydroxyphenyl)-1-propanol,TRUE,TRUE,TRUE,keeping SIRIUS,66.92,na,"2,6,6-Trimethyl-2-cyclohexene-1,4-dione",C9 H12 O2,L3.3
FT_11.428_153.09102,C9 H12 O2,NA,C9 H12 O2,C9 H12 O2,1.28984,2-(Ethoxymethyl)phenol,TRUE,TRUE,TRUE,keeping SIRIUS,66.92,na,"2,6,6-Trimethyl-2-cyclohexene-1,4-dione",C9 H12 O2,L3.3
FT_11.428_153.09102,C9 H12 O2,NA,C9 H12 O2,C9 H12 O2,1.2195907,4-(Ethoxymethyl)phenol,TRUE,TRUE,TRUE,keeping SIRIUS,66.92,na,"2,6,6-Trimethyl-2-cyclohexene-1,4-dione",C9 H12 O2,L3.3
FT_11.447_324.14417,C16 H21 N O6,NA,C16 H21 N O6,C16 H21 N O6,1.7607445,Acremoauxin A,TRUE,TRUE,TRUE,keeping SIRIUS,45.55,na,4-(benzyloxy)-2-{[(tert-butoxy)carbonyl]amino}-4-oxobutanoic acid,C16 H21 N O6,L3.3
FT_11.451_223.09644,C12 H14 O4,NA,C12 H14 O4,C12 H14 O4,1.9546244,Dihydrodeoxy-8-epiaustdiol,TRUE,TRUE,TRUE,keeping SIRIUS,87.63,na,"1-(5-Acetyl-2,4-dimethoxyphenyl)ethanone",C12 H14 O4,L3.3
FT_11.451_223.09644,C12 H14 O4,NA,C12 H14 O4,C12 H14 O4,1.7175903,Asperunguisone B,TRUE,TRUE,TRUE,keeping SIRIUS,87.63,na,"1-(5-Acetyl-2,4-dimethoxyphenyl)ethanone",C12 H14 O4,L3.3
FT_11.451_223.09644,C12 H14 O4,NA,C12 H14 O4,C12 H14 O4,1.7175903,Asperunguisone A,TRUE,TRUE,TRUE,keeping SIRIUS,87.63,na,"1-(5-Acetyl-2,4-dimethoxyphenyl)ethanone",C12 H14 O4,L3.3
FT_11.491_185.04450,C8 H8 O5,NA,C8 H8 O5,C8 H8 O5,2.7854936,"2,4,5-Trihydroxyphenylacetic acid",TRUE,TRUE,TRUE,keeping SIRIUS,95.52,na,"2,3-Dihydroxy-4-methoxybenzoic acid",C8 H8 O5,L3.3
FT_11.491_185.04450,C8 H8 O5,NA,C8 H8 O5,C8 H8 O5,2.6875677,"(2,3,4-Trihydroxyphenyl)acetic acid",TRUE,TRUE,TRUE,keeping SIRIUS,95.52,na,"2,3-Dihydroxy-4-methoxybenzoic acid",C8 H8 O5,L3.3
FT_11.491_185.04450,C8 H8 O5,NA,C8 H8 O5,C8 H8 O5,2.6098378,"2-(3,4,5-trihydroxyphenyl)acetic Acid",TRUE,TRUE,TRUE,keeping SIRIUS,95.52,na,"2,3-Dihydroxy-4-methoxybenzoic acid",C8 H8 O5,L3.3
FT_11.491_271.08123,C12 H14 O7,NA,C16 H14 O2 S,C6 H15 N4 O6 P,2.9772463,D-Lombricine,FALSE,FALSE,FALSE,na,na,na,D-Lombricine,C6 H15 N4 O6 P,L3.3
FT_11.491_271.08123,C12 H14 O7,NA,C16 H14 O2 S,C6 H15 N4 O6 P,2.9772463,Lombricine,FALSE,FALSE,FALSE,na,na,na,D-Lombricine,C6 H15 N4 O6 P,L3.3
FT_11.491_271.08123,C12 H14 O7,NA,C16 H14 O2 S,C12 H14 O7,2.2376728,Phenylglucuronide,FALSE,TRUE,FALSE,na,na,na,D-Lombricine,C6 H15 N4 O6 P,L3.3
FT_11.492_225.07575,C11 H12 O5,NA,C11 H12 O5,C11 H12 O5,2.1705964,"5-(3',4',5'-Trihydroxyphenyl)-gamma-valerolactone",TRUE,TRUE,TRUE,keeping SIRIUS,67.84,na,"1-(3-Acetyl-2,4-dihydroxy-6-methoxyphenyl)ethan-1-one",C11 H12 O5,L3.3
FT_11.492_225.07575,C11 H12 O5,NA,C11 H12 O5,C11 H12 O5,2.136084,"5-[(2,4,5-Trihydroxyphenyl)methyl]oxolan-2-one",TRUE,TRUE,TRUE,keeping SIRIUS,67.84,na,"1-(3-Acetyl-2,4-dihydroxy-6-methoxyphenyl)ethan-1-one",C11 H12 O5,L3.3
FT_11.492_225.07575,C11 H12 O5,NA,C11 H12 O5,C11 H12 O5,1.8492812,Reticulone,TRUE,TRUE,TRUE,keeping SIRIUS,67.84,na,"1-(3-Acetyl-2,4-dihydroxy-6-methoxyphenyl)ethan-1-one",C11 H12 O5,L3.3
FT_11.492_253.07066,C12 H12 O6,NA,C12 H12 O6,C12 H12 O6,2.3488522,2-O-(Z-p-Hydroxycinnamoyl)-(x)-glyceric acid,TRUE,TRUE,TRUE,keeping SIRIUS,49.36,na,Phloroglucinol triacetate,C12 H12 O6,L3.3
FT_11.492_253.07066,C12 H12 O6,NA,C12 H12 O6,C12 H12 O6,1.4455746,"3-(4,7-Dimethoxy-1,3-benzodioxol-5-yl)prop-2-enoic acid",TRUE,TRUE,TRUE,keeping SIRIUS,49.36,na,Phloroglucinol triacetate,C12 H12 O6,L3.3
FT_11.492_253.07066,C12 H12 O6,NA,C12 H12 O6,C12 H12 O6,1.2794667,"(Z)-3-(6,7-dimethoxy-1,3-benzodioxol-5-yl)-2-hydroxyprop-2-enal",TRUE,TRUE,TRUE,keeping SIRIUS,49.36,na,Phloroglucinol triacetate,C12 H12 O6,L3.3
FT_11.524_210.11004,C7 H11 N7 O,NA,C7 H11 N7 O,NA,NA,NA,TRUE,FALSE,FALSE,na,na,na,no name,C7 H11 N7 O,L4.1
FT_11.579_197.04447,C9 H8 O5,NA,C9 H8 O5,C9 H8 O5,2.644917,"3-(2,4-Dihydroxyphenyl)-2-oxopropanoic acid",TRUE,TRUE,TRUE,keeping SIRIUS,75.32,na,Haematommic acid,C9 H8 O5,L3.3
FT_11.579_197.04447,C9 H8 O5,NA,C9 H8 O5,C9 H8 O5,2.6406496,"3-(3,5-Dihydroxyphenyl)-2-oxopropanoic acid",TRUE,TRUE,TRUE,keeping SIRIUS,75.32,na,Haematommic acid,C9 H8 O5,L3.3
FT_11.579_197.04447,C9 H8 O5,NA,C9 H8 O5,C9 H8 O5,2.581147,"3,4-Dihydroxyphenylpyruvic acid",TRUE,TRUE,TRUE,keeping SIRIUS,75.32,na,Haematommic acid,C9 H8 O5,L3.3
FT_11.592_167.10668,C10 H14 O2,NA,C10 H14 O2,C10 H14 O2,2.3378823,Piquerol A,TRUE,TRUE,TRUE,keeping SIRIUS,69.66,na,Camphorquinone,C10 H14 O2,L3.3
FT_11.592_167.10668,C10 H14 O2,NA,C10 H14 O2,C10 H14 O2,1.5718853,"5-Hydroxy-p-mentha-6,8-dien-2-one",TRUE,TRUE,TRUE,keeping SIRIUS,69.66,na,Camphorquinone,C10 H14 O2,L3.3
FT_11.592_167.10668,C10 H14 O2,NA,C10 H14 O2,C10 H14 O2,1.257259,6-Hydroxycarvone,TRUE,TRUE,TRUE,keeping SIRIUS,69.66,na,Camphorquinone,C10 H14 O2,L3.3
FT_11.593_149.09609,C10 H12 O,NA,C10 H12 O,C10 H12 O,1.5596614,trans-Lachnophyllol,TRUE,TRUE,TRUE,keeping SIRIUS,57.14,na,"2-Methyl-5-prop-1-en-2-ylcyclohexa-2,4-dien-1-one",C10 H12 O,L3.3
FT_11.593_149.09609,C10 H12 O,NA,C10 H12 O,C10 H12 O,1.0117128,"5,6,7,8-Tetrahydro-2-naphthol",TRUE,TRUE,TRUE,keeping SIRIUS,57.14,na,"2-Methyl-5-prop-1-en-2-ylcyclohexa-2,4-dien-1-one",C10 H12 O,L3.3
FT_11.593_149.09609,C10 H12 O,NA,C10 H12 O,C10 H12 O,0.7789693,Benzylacetone,TRUE,TRUE,TRUE,keeping SIRIUS,57.14,na,"2-Methyl-5-prop-1-en-2-ylcyclohexa-2,4-dien-1-one",C10 H12 O,L3.3
FT_11.593_391.20921,C18 H26 N6 O4,NA,C17 H30 N2 O8,C22 H30 O6,0.91572917,"(1S,2S,6S,8S,12R,14S,15S,19S,20S)-17-methoxy-7,15,19,20-tetramethyl-3,5,11-trioxapentacyclo[10.7.1.02,6.08,20.014,19]icos-16-ene-10,18-dione",FALSE,FALSE,FALSE,na,na,na,no name,C18 H26 N6 O4,L4.3
FT_11.593_391.20921,C18 H26 N6 O4,NA,C17 H30 N2 O8,C22 H30 O6,0.846236,Megaphone,FALSE,FALSE,FALSE,na,na,na,no name,C18 H26 N6 O4,L4.3
FT_11.593_391.20921,C18 H26 N6 O4,NA,C17 H30 N2 O8,C22 H30 O6,0.79574424,Ochraceopone E,FALSE,FALSE,FALSE,na,na,na,no name,C18 H26 N6 O4,L4.3
FT_11.685_208.11791,C8 H17 N O5,NA,C9 H13 N5 O,C8 H17 N O5,3.2435663,Miglitol,FALSE,TRUE,FALSE,na,na,na,"alpha-D-Glucopyranose, 2-deoxy-2-(dimethylamino)",C8 H17 N O5,L3.3
FT_11.685_208.11791,C8 H17 N O5,NA,C9 H13 N5 O,C8 H17 N O5,3.0146122,"alpha-D-Glucopyranose, 2-deoxy-2-(dimethylamino)",FALSE,TRUE,FALSE,na,na,na,"alpha-D-Glucopyranose, 2-deoxy-2-(dimethylamino)",C8 H17 N O5,L3.3
FT_11.686_163.09650,C7 H14 O4,NA,C7 H14 O4,C7 H14 O4,2.2199242,beta-L-Oleandropyranose,TRUE,TRUE,TRUE,"match name cmmrt, sirius (not first option)",51.8,na,beta-Cymaropyranose,C7 H14 O4,L3.1
FT_11.686_163.09650,C7 H14 O4,NA,C7 H14 O4,C7 H14 O4,2.2199242,beta-Cymaropyranose,TRUE,TRUE,TRUE,"match name cmmrt, sirius (not first option)",51.8,na,beta-Cymaropyranose,C7 H14 O4,L3.1
FT_11.686_163.09650,C7 H14 O4,NA,C7 H14 O4,C7 H14 O4,1.3655629,2-(1-Ethoxyethoxy)propanoic acid,TRUE,TRUE,TRUE,"match name cmmrt, sirius (not first option)",51.8,na,beta-Cymaropyranose,C7 H14 O4,L3.1
FT_11.686_213.07331,C6 H8 N6 O3,NA,C6 H16 N2 O2 S2,NA,NA,NA,FALSE,FALSE,FALSE,delete,delete,delete,delete,delete,delete
FT_11.686_213.07332,C8 H14 O5,NA,C9 H10 N4 O,C8 H14 O5,2.975839,(2-Hydroxyethyl) hydrogen adipate,FALSE,TRUE,FALSE,na,na,na,3-Hydroxysuberic acid,C8 H14 O5,L3.3
FT_11.686_213.07332,C8 H14 O5,NA,C9 H10 N4 O,C8 H14 O5,2.9493783,3-Hydroxysuberic acid,FALSE,TRUE,FALSE,na,na,na,3-Hydroxysuberic acid,C8 H14 O5,L3.3
FT_11.686_213.07332,C8 H14 O5,NA,C9 H10 N4 O,C8 H14 O5,2.1419961,Diethyl malate,FALSE,TRUE,FALSE,na,na,na,3-Hydroxysuberic acid,C8 H14 O5,L3.3
FT_11.689_213.02368,C10 H10 Cl O P,NA,C9 H8 O4 S,NA,NA,NA,FALSE,FALSE,FALSE,delete,delete,delete,delete,delete,delete
FT_11.693_171.10169,C9 H14 O3,NA,C9 H14 O3,C9 H14 O3,2.911087,Epiaspinonediol,TRUE,TRUE,TRUE,keeping cmmrt,56.71,na,Aspinonediol,C9 H14 O3,L3.3
FT_11.693_171.10169,C9 H14 O3,NA,C9 H14 O3,C9 H14 O3,2.911087,Aspinonediol,TRUE,TRUE,TRUE,keeping cmmrt,56.71,na,Aspinonediol,C9 H14 O3,L3.3
FT_11.693_171.10169,C9 H14 O3,NA,C9 H14 O3,C9 H14 O3,1.7615058,"1,4-Ipomeadiol",TRUE,TRUE,TRUE,keeping cmmrt,56.71,na,Aspinonediol,C9 H14 O3,L3.3
FT_11.741_384.18062,C22 H25 N O5,NA,C22 H25 N O5,C22 H25 N O5,0.77429485,Peniprequinolone,TRUE,TRUE,TRUE,keeping cmmrt,59.04,na,Peniprequinolone,C22 H25 N O5,L3.3
FT_11.793_209.08088,C11 H12 O4,NA,C11 H12 O4,C11 H12 O4,2.3568375,"5-(3',5'-Dihydroxyphenyl)-gamma-valerolactone",TRUE,TRUE,TRUE,keeping sirius,61.5,na,methyl (E)-3-(5-methyl-6-oxopyran-2-yl)but-2-enoate,C11 H12 O4,L3.3
FT_11.793_209.08088,C11 H12 O4,NA,C11 H12 O4,C11 H12 O4,2.2413387,"5-[(3,4-Dihydroxyphenyl)methyl]oxolan-2-one",TRUE,TRUE,TRUE,keeping sirius,61.5,na,methyl (E)-3-(5-methyl-6-oxopyran-2-yl)but-2-enoate,C11 H12 O4,L3.3
FT_11.793_209.08088,C11 H12 O4,NA,C11 H12 O4,C11 H12 O4,2.1863801,NA,TRUE,TRUE,TRUE,keeping sirius,61.5,na,methyl (E)-3-(5-methyl-6-oxopyran-2-yl)but-2-enoate,C11 H12 O4,L3.3
FT_11.794_197.08092,C10 H12 O4,NA,C10 H12 O4,C10 H12 O4,2.3687537,Homoveratric acid,TRUE,TRUE,TRUE,keeping sirius,75.46,na,"Methyl 2,4-dihydroxy-3,6-dimethylbenzoate",C10 H12 O4,L3.3
FT_11.794_197.08092,C10 H12 O4,NA,C10 H12 O4,C10 H12 O4,2.3371553,Acetosyringone,TRUE,TRUE,TRUE,keeping sirius,75.46,na,"Methyl 2,4-dihydroxy-3,6-dimethylbenzoate",C10 H12 O4,L3.3
FT_11.794_197.08092,C10 H12 O4,NA,C10 H12 O4,C10 H12 O4,2.277464,"1,2-Propanediol, 3-(1,3-benzodioxol-5-yl)-",TRUE,TRUE,TRUE,keeping sirius,75.46,na,"Methyl 2,4-dihydroxy-3,6-dimethylbenzoate",C10 H12 O4,L3.3
FT_11.834_119.07021,C5 H10 O3,NA,C5 H10 O3,C5 H10 O3,3.011059,5-Hydroxypentanoic acid,TRUE,TRUE,TRUE,keeping sirius,64.49,na,Methyl 3-hydroxybutyrate,C5 H10 O3,L3.3
FT_11.834_119.07021,C5 H10 O3,NA,C5 H10 O3,C5 H10 O3,3.0017223,2-Hydroxy-2-methylbutyric acid,TRUE,TRUE,TRUE,keeping sirius,64.49,na,Methyl 3-hydroxybutyrate,C5 H10 O3,L3.3
FT_11.834_119.07021,C5 H10 O3,NA,C5 H10 O3,C5 H10 O3,3.00172,2-Hydroxypentanoic acid,TRUE,TRUE,TRUE,keeping sirius,64.49,na,Methyl 3-hydroxybutyrate,C5 H10 O3,L3.3
FT_11.929_277.06831,C11 H19 O2 P3,NA,C14 H12 O6,C14 H12 O6,2.0957177,Dehydrocitreoisocoumarin,FALSE,FALSE,TRUE,na,na,na,Dehydrocitreoisocoumarin,C14 H12 O6,L3.3
FT_11.929_277.06831,C11 H19 O2 P3,NA,C14 H12 O6,C14 H12 O6,1.6041151,O-Demethylfonsecin,FALSE,FALSE,TRUE,na,na,na,Dehydrocitreoisocoumarin,C14 H12 O6,L3.3
FT_11.929_277.06831,C11 H19 O2 P3,NA,C14 H12 O6,C14 H12 O6,1.1130929,"3,4-Dihydroxy-5-(3-hydroxy-5-methylphenoxy)benzoic acid",FALSE,FALSE,TRUE,na,na,na,Dehydrocitreoisocoumarin,C14 H12 O6,L3.3
FT_11.931_237.07573,C12 H12 O5,NA,C12 H12 O5,C12 H12 O5,2.3062973,Austidiol,TRUE,TRUE,TRUE,keeping sirius,75.78,na,5-acetyl-2-(acetyloxy)phenyl acetate,C12 H12 O5,L3.3
FT_11.931_237.07573,C12 H12 O5,NA,C12 H12 O5,C12 H12 O5,1.921055,"(S)-2,3-Dihydro-7-hydroxy-2-methyl-4-oxo-4H-1-benzopyran-5-acetic acid",TRUE,TRUE,TRUE,keeping sirius,75.78,na,5-acetyl-2-(acetyloxy)phenyl acetate,C12 H12 O5,L3.3
FT_11.931_237.07573,C12 H12 O5,NA,C12 H12 O5,C12 H12 O5,1.8539047,Aspergillusol B,TRUE,TRUE,TRUE,keeping sirius,75.78,na,5-acetyl-2-(acetyloxy)phenyl acetate,C12 H12 O5,L3.3
FT_11.951_219.10167,C13 H14 O3,NA,C13 H14 O3,C13 H14 O3,1.7267771,Asperfuran,TRUE,TRUE,TRUE,"match name cmmrt, sirius",68.15,na,Eupatoriochromene,C13 H14 O3,L3.1
FT_11.951_219.10167,C13 H14 O3,NA,C13 H14 O3,C13 H14 O3,1.6673486,(R)-Bitalin A,TRUE,TRUE,TRUE,"match name cmmrt, sirius",68.15,na,Eupatoriochromene,C13 H14 O3,L3.1
FT_11.951_219.10167,C13 H14 O3,NA,C13 H14 O3,C13 H14 O3,0.90690184,Toxol,TRUE,TRUE,TRUE,"match name cmmrt, sirius",68.15,na,Eupatoriochromene,C13 H14 O3,L3.1
FT_11.963_202.14373,C10 H19 N O3,NA,C10 H19 N O3,C10 H19 N O3,2.91477,2-[(5-Methyl-3-oxohexyl)amino]propionic acid,TRUE,TRUE,TRUE,keeping sirius (cmmrt matches lower %),64.57,na,"Decanoic acid, 2-amino-8-oxo-, (2S)-",C10 H19 N O3,L3.3
FT_11.963_202.14373,C10 H19 N O3,NA,C10 H19 N O3,C10 H19 N O3,2.0347314,2-(2-propylpentanoylamino)acetic Acid,TRUE,TRUE,TRUE,keeping sirius (cmmrt matches lower %),64.57,na,"Decanoic acid, 2-amino-8-oxo-, (2S)-",C10 H19 N O3,L3.3
FT_11.963_202.14373,C10 H19 N O3,NA,C10 H19 N O3,C10 H19 N O3,1.6873649,2-Octanamidoacetic acid,TRUE,TRUE,TRUE,keeping sirius (cmmrt matches lower %),64.57,na,"Decanoic acid, 2-amino-8-oxo-, (2S)-",C10 H19 N O3,L3.3
FT_11.964_265.07067,C13 H12 O6,NA,C13 H12 O6,C13 H12 O6,1.000197,Banksiamarin A,TRUE,TRUE,TRUE,keeping sirius,67.11,na,"3,3'-Methylenebis(4-hydroxy-6-methyl-2H-pyran-2-one)",C13 H12 O6,L3.3
FT_11.998_324.14413,C16 H21 N O6,NA,C16 H21 N O6,C16 H21 N O6,1.8288249,Acremoauxin A,TRUE,TRUE,TRUE,keeping sirius,45.35,na,Boc-Asp(OBzl)-OH,C16 H21 N O6,L3.3
FT_12.022_269.10197,C13 H16 O6,NA,C13 H16 O6,C14 H12 N4 O2,2.4534237,Disperse blue 1,TRUE,FALSE,FALSE,keeping sirius,65.89,na,"2-(3-Butanoyl-2,6-dihydroxy-4-methoxyphenyl)acetic acid",C13 H16 O6,L3.3
FT_12.022_269.10197,C13 H16 O6,NA,C13 H16 O6,C13 H16 O6,1.4431276,Methyl 4-methoxy-3-(3'-hydroxy-2'-methyl)propionyloxy-benzoate,TRUE,TRUE,TRUE,keeping sirius,65.89,na,"2-(3-Butanoyl-2,6-dihydroxy-4-methoxyphenyl)acetic acid",C13 H16 O6,L3.3
FT_12.079_109.10113,C8 H12,NA,C8 H12,C8 H12,0.9348112,"1,3,6-Octatriene",TRUE,TRUE,TRUE,keeping sirius (cmmrt matches lower %),50.91,na,"5-Methylhepta-1,3,6-triene",C8 H12,L3.3
FT_12.079_109.10113,C8 H12,NA,C8 H12,C8 H12,0.85147274,4-Vinylcyclohexene,TRUE,TRUE,TRUE,keeping sirius (cmmrt matches lower %),50.91,na,"5-Methylhepta-1,3,6-triene",C8 H12,L3.3
FT_12.079_109.10113,C8 H12,NA,C8 H12,C8 H12,0.74397767,"(z)-1,3-Octadiene",TRUE,TRUE,TRUE,keeping sirius (cmmrt matches lower %),50.91,na,"5-Methylhepta-1,3,6-triene",C8 H12,L3.3
FT_12.079_169.12233,C10 H16 O2,NA,C10 H16 O2,C10 H16 O2,1.42312,5-Hydroxycamphor,TRUE,TRUE,TRUE,keeping sirius,59.75,na,"2-Cyclohexen-1-one, 4-hydroxy-3-methyl-6-(1-methylethyl)-",C10 H16 O2,L3.3
FT_12.079_169.12233,C10 H16 O2,NA,C10 H16 O2,C10 H16 O2,1.1941015,Diosphenol,TRUE,TRUE,TRUE,keeping sirius,59.75,na,"2-Cyclohexen-1-one, 4-hydroxy-3-methyl-6-(1-methylethyl)-",C10 H16 O2,L3.3
FT_12.079_169.12233,C10 H16 O2,NA,C10 H16 O2,C10 H16 O2,1.0830328,(+)-Iridodial,TRUE,TRUE,TRUE,keeping sirius,59.75,na,"2-Cyclohexen-1-one, 4-hydroxy-3-methyl-6-(1-methylethyl)-",C10 H16 O2,L3.3
FT_12.081_83.04916,C5 H6 O,NA,C5 H6 O,C5 H6 O,2.3099964,"cis-2,4-Pentadienal",TRUE,TRUE,TRUE,"match name cmmrt, sirius",55,na,"cis-2,4-Pentadienal",C5 H6 O,L3.1
FT_12.081_83.04916,C5 H6 O,NA,C5 H6 O,C5 H6 O,1.4685086,2-Methylfuran,TRUE,TRUE,TRUE,"match name cmmrt, sirius",55,na,"cis-2,4-Pentadienal",C5 H6 O,L3.1
FT_12.112_202.14371,C10 H19 N O3,NA,C10 H19 N O3,C10 H19 N O3,2.9356804,2-[(5-Methyl-3-oxohexyl)amino]propionic acid,TRUE,TRUE,TRUE,keeping sirius (cmmrt matches lower %),76.88,na,8(S)-Amino-2(R)-methyl-7-oxononanoic acid,C10 H19 N O3,L3.3
FT_12.112_202.14371,C10 H19 N O3,NA,C10 H19 N O3,C10 H19 N O3,2.0531979,2-(2-propylpentanoylamino)acetic Acid,TRUE,TRUE,TRUE,keeping sirius (cmmrt matches lower %),76.88,na,8(S)-Amino-2(R)-methyl-7-oxononanoic acid,C10 H19 N O3,L3.3
FT_12.112_202.14371,C10 H19 N O3,NA,C10 H19 N O3,C10 H19 N O3,1.7049732,2-Octanamidoacetic acid,TRUE,TRUE,TRUE,keeping sirius (cmmrt matches lower %),76.88,na,8(S)-Amino-2(R)-methyl-7-oxononanoic acid,C10 H19 N O3,L3.3
FT_12.135_171.10176,C9 H14 O3,NA,C9 H14 O3,C9 H14 O3,2.9740763,Epiaspinonediol,TRUE,TRUE,TRUE,keeping sirius (cmmrt matches lower %),52.02,na,3-(2-Oxocyclohexyl)propanoic acid,C9 H14 O3,L3.3
FT_12.135_171.10176,C9 H14 O3,NA,C9 H14 O3,C9 H14 O3,2.9740763,Aspinonediol,TRUE,TRUE,TRUE,keeping sirius (cmmrt matches lower %),52.02,na,3-(2-Oxocyclohexyl)propanoic acid,C9 H14 O3,L3.3
FT_12.135_171.10176,C9 H14 O3,NA,C9 H14 O3,C9 H14 O3,1.8150194,"1,4-Ipomeadiol",TRUE,TRUE,TRUE,keeping sirius (cmmrt matches lower %),52.02,na,3-(2-Oxocyclohexyl)propanoic acid,C9 H14 O3,L3.3
FT_12.162_209.08087,C11 H12 O4,NA,C11 H12 O4,C11 H12 O4,2.405125,"5-(3',5'-Dihydroxyphenyl)-gamma-valerolactone",TRUE,TRUE,TRUE,keeping sirius,82.04,na,"3-(3,5-dimethoxyphenyl)prop-2-enoic acid",C11 H12 O4,L3.3
FT_12.162_209.08087,C11 H12 O4,NA,C11 H12 O4,C11 H12 O4,2.2888386,"5-[(3,4-Dihydroxyphenyl)methyl]oxolan-2-one",TRUE,TRUE,TRUE,keeping sirius,82.04,na,"3-(3,5-dimethoxyphenyl)prop-2-enoic acid",C11 H12 O4,L3.3
FT_12.162_209.08087,C11 H12 O4,NA,C11 H12 O4,C11 H12 O4,2.233507,NA,TRUE,TRUE,TRUE,keeping sirius,82.04,na,"3-(3,5-dimethoxyphenyl)prop-2-enoic acid",C11 H12 O4,L3.3
FT_12.206_109.10113,C8 H12,NA,C8 H12,C8 H12,0.94978577,"1,3,6-Octatriene",TRUE,TRUE,TRUE,keeping sirius,49.21,na,"1,2-Dimethyl-1,4-cyclohexadiene",C8 H12,L3.3
FT_12.206_109.10113,C8 H12,NA,C8 H12,C8 H12,0.8658811,4-Vinylcyclohexene,TRUE,TRUE,TRUE,keeping sirius,49.21,na,"1,2-Dimethyl-1,4-cyclohexadiene",C8 H12,L3.3
FT_12.206_109.10113,C8 H12,NA,C8 H12,C8 H12,0.75912964,"(z)-1,3-Octadiene",TRUE,TRUE,TRUE,keeping sirius,49.21,na,"1,2-Dimethyl-1,4-cyclohexadiene",C8 H12,L3.3
FT_12.206_169.12233,C10 H16 O2,NA,C10 H16 O2,C10 H16 O2,1.4376265,5-Hydroxycamphor,TRUE,TRUE,TRUE,keeping sirius,59.75,na,"2-Cyclohexen-1-one, 4-hydroxy-3-methyl-6-(1-methylethyl)-",C10 H16 O2,L3.3
FT_12.206_169.12233,C10 H16 O2,NA,C10 H16 O2,C10 H16 O2,1.2086147,Diosphenol,TRUE,TRUE,TRUE,keeping sirius,59.75,na,"2-Cyclohexen-1-one, 4-hydroxy-3-methyl-6-(1-methylethyl)-",C10 H16 O2,L3.3
FT_12.206_169.12233,C10 H16 O2,NA,C10 H16 O2,C10 H16 O2,1.097685,"Cyclopentaneacetaldehyde, 2-formyl-alpha,3-dimethyl-",TRUE,TRUE,TRUE,keeping sirius,59.75,na,"2-Cyclohexen-1-one, 4-hydroxy-3-methyl-6-(1-methylethyl)-",C10 H16 O2,L3.3
FT_12.219_197.11725,C11 H16 O3,NA,C11 H16 O3,C11 H16 O3,1.2427206,4-(3-Hydroxybutyl)-2-methoxyphenol,TRUE,TRUE,TRUE,keeping sirius,59.62,na,Trichocyalide B,C11 H16 O3,L3.3
FT_12.219_197.11725,C11 H16 O3,NA,C11 H16 O3,C11 H16 O3,1.0333332,"2,6-Dimethoxy-4-propylphenol",TRUE,TRUE,TRUE,keeping sirius,59.62,na,Trichocyalide B,C11 H16 O3,L3.3
FT_12.219_197.11725,C11 H16 O3,NA,C11 H16 O3,C11 H16 O3,0.93212235,Hexyl 2-furoate,TRUE,TRUE,TRUE,keeping sirius,59.62,na,Trichocyalide B,C11 H16 O3,L3.3
FT_12.220_269.10198,C13 H16 O6,NA,C13 H16 O6,C14 H12 N4 O2,2.4792664,Disperse blue 1,TRUE,FALSE,FALSE,keeping sirius,73.63,na,"(3S,4S)-3,4,8-trihydroxy-7-(1-hydroxyethyl)-6-methoxy-3,4-dihydro-2H-naphthalen-1-one",C13 H16 O6,L3.3
FT_12.220_269.10198,C13 H16 O6,NA,C13 H16 O6,C13 H16 O6,1.4658166,Methyl 4-methoxy-3-(3'-hydroxy-2'-methyl)propionyloxy-benzoate,TRUE,TRUE,TRUE,keeping sirius,73.63,na,"(3S,4S)-3,4,8-trihydroxy-7-(1-hydroxyethyl)-6-methoxy-3,4-dihydro-2H-naphthalen-1-one",C13 H16 O6,L3.3
FT_12.227_199.09657,C10 H14 O4,NA,C10 H14 O4,C11 H10 N4,3.0479434,"2-Amino-6-methyldipyrido[1,2-a:3',2'-d]imidazole",TRUE,FALSE,FALSE,delete,delete,delete,delete,delete,delete
FT_12.227_199.09657,C10 H14 O4,NA,C10 H14 O4,C10 H14 O4,2.8896046,"1-(3,4-Dimethoxyphenyl)ethane-1,2-diol",TRUE,TRUE,TRUE,delete,delete,delete,delete,delete,delete
FT_12.227_199.09657,C10 H14 O4,NA,C10 H14 O4,C11 H10 N4,2.792083,"3-methyl-3H-imidazo[4,5-f]quinolin-2-amine",TRUE,FALSE,FALSE,delete,delete,delete,delete,delete,delete
FT_12.241_179.07033,C10 H10 O3,NA,C10 H10 O3,C10 H10 O3,3.0724537,"(E)-10-Hydroxy-2-decene-4,6-diynoic acid",TRUE,TRUE,TRUE,keeping sirius,88.76,na,4-Hydroxy-3-methoxycinnamaldehyde,C10 H10 O3,L3.3
FT_12.241_179.07033,C10 H10 O3,NA,C10 H10 O3,C10 H10 O3,3.0255694,"(Z)-10-Hydroxy-8-decene-4,6-diynoic acid",TRUE,TRUE,TRUE,keeping sirius,88.76,na,4-Hydroxy-3-methoxycinnamaldehyde,C10 H10 O3,L3.3
FT_12.241_179.07033,C10 H10 O3,NA,C10 H10 O3,C10 H10 O3,2.2507405,Vermelone,TRUE,TRUE,TRUE,keeping sirius,88.76,na,4-Hydroxy-3-methoxycinnamaldehyde,C10 H10 O3,L3.3
FT_12.260_235.06014,C6 H11 N4 O4 P,NA,C12 H10 O5,C12 H10 O5,2.1786103,7-Hydroxy-2-methyl-4-oxo-4H-1-benzopyran-5-acetic acid,FALSE,FALSE,TRUE,na,81.46,na,Hexaketide pyrone,C12 H10 O5,L3.3
FT_12.260_235.06014,C6 H11 N4 O4 P,NA,C12 H10 O5,C12 H10 O5,2.0216553,"3-(2-Oxopropyl)-6,8-dihydroxyisocoumarin",FALSE,FALSE,TRUE,na,81.46,na,Hexaketide pyrone,C12 H10 O5,L3.3
FT_12.260_235.06014,C6 H11 N4 O4 P,NA,C12 H10 O5,C12 H10 O5,1.7432925,NA,FALSE,FALSE,TRUE,na,81.46,na,Hexaketide pyrone,C12 H10 O5,L3.3
FT_12.299_283.11761,C14 H18 O6,NA,C14 H18 O6,C10 H14 N6 O4,3.086364,2-Aminoadenosine,TRUE,FALSE,FALSE,delete,delete,delete,delete,delete,delete
FT_12.299_283.11761,C14 H18 O6,NA,C14 H18 O6,C15 H14 N4 O2,3.0803978,12-Hydroxynevirapine,TRUE,FALSE,FALSE,delete,delete,delete,delete,delete,delete
FT_12.299_283.11761,C14 H18 O6,NA,C14 H18 O6,C15 H14 N4 O2,2.9962013,8-Hydroxynevirapine,TRUE,FALSE,FALSE,delete,delete,delete,delete,delete,delete
FT_12.324_183.06534,C9 H10 O4,NA,C9 H10 O4,C9 H10 O4,2.939819,(2R)-2-hydroxy-3-(4-hydroxyphenyl)propanoic acid,TRUE,TRUE,TRUE,keeping sirius,82.23,na,"Methyl 2,4-dihydroxy-6-methylbenzoate",C9 H10 O4,L3.3
FT_12.324_183.06534,C9 H10 O4,NA,C9 H10 O4,C9 H10 O4,2.939819,2-Hydroxy-3-(4-hydroxyphenyl)propanoic acid,TRUE,TRUE,TRUE,keeping sirius,82.23,na,"Methyl 2,4-dihydroxy-6-methylbenzoate",C9 H10 O4,L3.3
FT_12.324_183.06534,C9 H10 O4,NA,C9 H10 O4,C9 H10 O4,2.888697,Meta-hydroxyphenylhydracrylic acid,TRUE,TRUE,TRUE,keeping sirius,82.23,na,"Methyl 2,4-dihydroxy-6-methylbenzoate",C9 H10 O4,L3.3
FT_12.335_291.15676,C14 H29 P3,NA,C17 H22 O4,C17 H22 O4,1.0450877,Laurenoniolide,FALSE,FALSE,TRUE,delete,delete,delete,delete,delete,delete
FT_12.335_291.15676,C14 H29 P3,NA,C17 H22 O4,C17 H22 O4,1.0450877,Laurenobiolide,FALSE,FALSE,TRUE,delete,delete,delete,delete,delete,delete
FT_12.335_291.15676,C14 H29 P3,NA,C17 H22 O4,C17 H22 O4,1.0393474,(-)-Odemasin A,FALSE,FALSE,TRUE,delete,delete,delete,delete,delete,delete
FT_12.342_223.09646,C12 H14 O4,NA,C12 H14 O4,C12 H14 O4,2.0661693,Dihydrodeoxy-8-epiaustdiol,TRUE,TRUE,TRUE,keeping cmmrt,na,na,Dihydrodeoxy-8-epiaustdiol,C12 H14 O4,L3.3
FT_12.342_223.09646,C12 H14 O4,NA,C12 H14 O4,C12 H14 O4,1.8254608,Asperunguisone B,TRUE,TRUE,TRUE,keeping cmmrt,na,na,Dihydrodeoxy-8-epiaustdiol,C12 H14 O4,L3.3
FT_12.342_223.09646,C12 H14 O4,NA,C12 H14 O4,C12 H14 O4,1.8254606,Asperunguisone A,TRUE,TRUE,TRUE,keeping cmmrt,na,na,Dihydrodeoxy-8-epiaustdiol,C12 H14 O4,L3.3
FT_12.343_165.05466,C9 H8 O3,NA,C9 H8 O3,C9 H8 O3,1.8373432,3-Oxo-3-phenylpropanoic acid,TRUE,TRUE,TRUE,keeping sirius,58.64,na,"3-(2,5-Dihydroxyphenyl)prop-2-enal",C9 H8 O3,L3.3
FT_12.343_165.05466,C9 H8 O3,NA,C9 H8 O3,C9 H8 O3,1.7876666,3-(4-Hydroxyphenyl)oxirane-2-carbaldehyde,TRUE,TRUE,TRUE,keeping sirius,58.64,na,"3-(2,5-Dihydroxyphenyl)prop-2-enal",C9 H8 O3,L3.3
FT_12.343_165.05466,C9 H8 O3,NA,C9 H8 O3,C9 H8 O3,1.7051502,Caffeic aldehyde,TRUE,TRUE,TRUE,keeping sirius,58.64,na,"3-(2,5-Dihydroxyphenyl)prop-2-enal",C9 H8 O3,L3.3
FT_12.422_283.11763,C14 H18 O6,NA,C14 H18 O6,C10 H14 N6 O4,3.1023664,2-Aminoadenosine,TRUE,FALSE,FALSE,delete,delete,delete,delete,delete,delete
FT_12.422_283.11763,C14 H18 O6,NA,C14 H18 O6,C15 H14 N4 O2,3.097478,12-Hydroxynevirapine,TRUE,FALSE,FALSE,delete,delete,delete,delete,delete,delete
FT_12.422_283.11763,C14 H18 O6,NA,C14 H18 O6,C15 H14 N4 O2,3.0130956,8-Hydroxynevirapine,TRUE,FALSE,FALSE,delete,delete,delete,delete,delete,delete
FT_12.434_199.09653,C10 H14 O4,NA,C10 H14 O4,C11 H10 N4,3.076687,"2-Amino-6-methyldipyrido[1,2-a:3',2'-d]imidazole",TRUE,FALSE,FALSE,delete,delete,delete,delete,delete,delete
FT_12.434_199.09653,C10 H14 O4,NA,C10 H14 O4,C10 H14 O4,2.9177191,"1-(3,4-Dimethoxyphenyl)ethane-1,2-diol",TRUE,TRUE,TRUE,delete,delete,delete,delete,delete,delete
FT_12.434_199.09653,C10 H14 O4,NA,C10 H14 O4,C11 H10 N4,2.8198173,"3-methyl-3H-imidazo[4,5-f]quinolin-2-amine",TRUE,FALSE,FALSE,delete,delete,delete,delete,delete,delete
FT_12.435_340.13914,C16 H21 N O7,NA,C17 H17 N5 O3,C16 H21 N O7,2.3054762,5-Hydroxytryptophol glucuronide,FALSE,TRUE,FALSE,delete,delete,delete,delete,delete,delete
FT_12.435_340.13914,C16 H21 N O7,NA,C17 H17 N5 O3,C24 H20 P+,1.0136242,Tetraphenylphosphonium,FALSE,FALSE,FALSE,delete,delete,delete,delete,delete,delete
FT_12.451_378.17595,C16 H27 N O9,NA,C17 H31 N O4 S2,NA,NA,NA,FALSE,FALSE,FALSE,delete,delete,delete,delete,delete,delete
FT_12.455_249.07577,C13 H12 O5,NA,C13 H12 O5,C13 H12 O5,0.83121806,"7,8-Dihydro-8-hydroxy-4-methoxy-7-methyl-5H-furo[2,3-g][2]benzopyran-5-one",TRUE,TRUE,TRUE,keeping sirius,71.37,na,(2S)-2-(4-methyl-2-oxochromen-7-yl)oxypropanoate,C13 H12 O5,L3.3
FT_12.469_289.06831,C19 H12 O S,NA,C15 H12 O6,C10 H12 N2 O8,2.929904,Orotidine,FALSE,FALSE,FALSE,delete,delete,delete,delete,delete,delete
FT_12.469_289.06831,C19 H12 O S,NA,C15 H12 O6,C15 H12 O6,2.2532685,Fustin,FALSE,FALSE,TRUE,delete,delete,delete,delete,delete,delete
FT_12.469_289.06831,C19 H12 O S,NA,C15 H12 O6,C15 H12 O6,1.6688622,NA,FALSE,FALSE,TRUE,delete,delete,delete,delete,delete,delete
FT_12.510_209.08084,C11 H12 O4,NA,C11 H12 O4,C11 H12 O4,2.449342,"5-(3',5'-Dihydroxyphenyl)-gamma-valerolactone",TRUE,TRUE,TRUE,keeping sirius,59.34,na,"3,4-Dihydroxy cinnamic acid",C11 H12 O4,L3.3
FT_12.510_209.08084,C11 H12 O4,NA,C11 H12 O4,C11 H12 O4,2.3323348,"5-[(3,4-Dihydroxyphenyl)methyl]oxolan-2-one",TRUE,TRUE,TRUE,keeping sirius,59.34,na,"3,4-Dihydroxy cinnamic acid",C11 H12 O4,L3.3
FT_12.510_209.08084,C11 H12 O4,NA,C11 H12 O4,C11 H12 O4,2.2766614,NA,TRUE,TRUE,TRUE,keeping sirius,59.34,na,"3,4-Dihydroxy cinnamic acid",C11 H12 O4,L3.3
FT_12.514_209.11511,C8 H12 N6 O,NA,C10 H14 N3 O2,NA,NA,NA,FALSE,FALSE,FALSE,delete,delete,delete,delete,delete,delete
FT_12.553_239.09112,C12 H14 O5,NA,C12 H14 O5,C12 H14 O5,1.6929393,Banksialactone C,TRUE,TRUE,TRUE,keeping sirius,49.42,na,"2,3,5-Trimethoxy-6-(1-propenyl)-2,5-cyclohexadiene-1,4-dione",C12 H14 O5,L3.3
FT_12.553_239.09112,C12 H14 O5,NA,C12 H14 O5,C12 H14 O5,1.5380155,"1-(2,4,5-Trimethoxyphenyl)-1,2-propanedione",TRUE,TRUE,TRUE,keeping sirius,49.42,na,"2,3,5-Trimethoxy-6-(1-propenyl)-2,5-cyclohexadiene-1,4-dione",C12 H14 O5,L3.3
FT_12.553_239.09112,C12 H14 O5,NA,C12 H14 O5,C12 H14 O5,1.4585767,(3r)-Methyl-8-hydroxy-6-(hydroxymethyl)-7-methoxydihydroisocoumarin,TRUE,TRUE,TRUE,keeping sirius,49.42,na,"2,3,5-Trimethoxy-6-(1-propenyl)-2,5-cyclohexadiene-1,4-dione",C12 H14 O5,L3.3
FT_12.554_149.09609,C10 H12 O,NA,C10 H12 O,C10 H12 O,1.6718668,trans-Lachnophyllol,TRUE,TRUE,TRUE,keeping sirius,64.86,na,"2-Methyl-5-prop-1-en-2-ylcyclohexa-2,4-dien-1-one",C10 H12 O,L3.3
FT_12.554_149.09609,C10 H12 O,NA,C10 H12 O,C10 H12 O,1.1234525,"5,6,7,8-Tetrahydro-2-naphthol",TRUE,TRUE,TRUE,keeping sirius,64.86,na,"2-Methyl-5-prop-1-en-2-ylcyclohexa-2,4-dien-1-one",C10 H12 O,L3.3
FT_12.554_149.09609,C10 H12 O,NA,C10 H12 O,C10 H12 O,0.8950484,Benzylacetone,TRUE,TRUE,TRUE,keeping sirius,64.86,na,"2-Methyl-5-prop-1-en-2-ylcyclohexa-2,4-dien-1-one",C10 H12 O,L3.3
FT_12.554_293.08636,C14 H17 N2 O P S,NA,C11 H16 O9,C11 H16 O9,2.4035282,NA,FALSE,FALSE,TRUE,na,62.7,na,"6-[(E)-3-carboxy-2-methylprop-2-enoxy]-3,4,5-trihydroxyoxane-2-carboxylic acid",C11 H16 O9,L3.3
FT_12.554_293.08636,C14 H17 N2 O P S,NA,C11 H16 O9,C11 H16 O9,2.2236438,NA,FALSE,FALSE,TRUE,na,62.7,na,"6-[(E)-3-carboxy-2-methylprop-2-enoxy]-3,4,5-trihydroxyoxane-2-carboxylic acid",C11 H16 O9,L3.3
FT_12.554_293.08636,C14 H17 N2 O P S,NA,C11 H16 O9,C11 H16 O9,1.6892067,NA,FALSE,FALSE,TRUE,na,62.7,na,"6-[(E)-3-carboxy-2-methylprop-2-enoxy]-3,4,5-trihydroxyoxane-2-carboxylic acid",C11 H16 O9,L3.3
FT_12.555_167.10667,C10 H14 O2,NA,C10 H14 O2,C10 H14 O2,2.4630973,Piquerol A,TRUE,TRUE,TRUE,keeping sirius,51.56,na,"2,5-Cyclohexadien-1-one, 4-hydroxy-2,3,5,6-tetramethyl-",C10 H14 O2,L3.3
FT_12.555_167.10667,C10 H14 O2,NA,C10 H14 O2,C10 H14 O2,1.6844758,"5-Hydroxy-p-mentha-6,8-dien-2-one",TRUE,TRUE,TRUE,keeping sirius,51.56,na,"2,5-Cyclohexadien-1-one, 4-hydroxy-2,3,5,6-tetramethyl-",C10 H14 O2,L3.3
FT_12.555_167.10667,C10 H14 O2,NA,C10 H14 O2,C10 H14 O2,1.3676227,6-Hydroxycarvone,TRUE,TRUE,TRUE,keeping sirius,51.56,na,"2,5-Cyclohexadien-1-one, 4-hydroxy-2,3,5,6-tetramethyl-",C10 H14 O2,L3.3
FT_12.561_255.08605,C12 H14 O6,NA,C12 H14 O6,C6 H15 N4 O5 P,3.245618,Phospho-L-arginine,TRUE,FALSE,FALSE,keeping sirius,73.42,na,"Methyl 4-acetyloxy-3,5-dimethoxybenzoate",C12 H14 O6,L3.3
FT_12.561_255.08605,C12 H14 O6,NA,C12 H14 O6,C6 H15 N4 O5 P,3.2456179,2-Amino-5-[[amino-(phosphonoamino)methylidene]amino]pentanoic acid,TRUE,FALSE,FALSE,keeping sirius,73.42,na,"Methyl 4-acetyloxy-3,5-dimethoxybenzoate",C12 H14 O6,L3.3
FT_12.561_255.08605,C12 H14 O6,NA,C12 H14 O6,C12 H14 O6,2.8879974,Csypyrone B3,TRUE,TRUE,TRUE,keeping sirius,73.42,na,"Methyl 4-acetyloxy-3,5-dimethoxybenzoate",C12 H14 O6,L3.3
FT_12.580_269.10198,C13 H16 O6,NA,C13 H16 O6,C14 H12 N4 O2,2.5251997,Disperse blue 1,TRUE,FALSE,FALSE,delete,delete,delete,delete,delete,delete
FT_12.580_269.10198,C13 H16 O6,NA,C13 H16 O6,C13 H16 O6,1.5061443,Methyl 4-methoxy-3-(3'-hydroxy-2'-methyl)propionyloxy-benzoate,TRUE,TRUE,TRUE,delete,delete,delete,delete,delete,delete
FT_12.591_237.11205,C13 H16 O4,NA,C13 H16 O4,C13 H16 O4,1.3386965,3-Dimethylallyl-4-hydroxymandelic acid,TRUE,TRUE,TRUE,keeping sirius,64.59,na,"1-(5-Acetyl-2,4-dihydroxyphenyl)-3-methylbutan-1-one",C13 H16 O4,L3.3
FT_12.591_237.11205,C13 H16 O4,NA,C13 H16 O4,C13 H16 O4,1.2032976,Asperfuranone B,TRUE,TRUE,TRUE,keeping sirius,64.59,na,"1-(5-Acetyl-2,4-dihydroxyphenyl)-3-methylbutan-1-one",C13 H16 O4,L3.3
FT_12.591_237.11205,C13 H16 O4,NA,C13 H16 O4,C13 H16 O4,1.0138072,Proglobeflowery acid,TRUE,TRUE,TRUE,keeping sirius,64.59,na,"1-(5-Acetyl-2,4-dihydroxyphenyl)-3-methylbutan-1-one",C13 H16 O4,L3.3
FT_12.618_235.06013,C12 H10 O5,NA,C12 H10 O5,C12 H10 O5,2.2222161,7-Hydroxy-2-methyl-4-oxo-4H-1-benzopyran-5-acetic acid,TRUE,TRUE,TRUE,keeping sirius,82.76,na,Hexaketide pyrone,C12 H10 O5,L3.3
FT_12.618_235.06013,C12 H10 O5,NA,C12 H10 O5,C12 H10 O5,2.0642955,"3-(2-Oxopropyl)-6,8-dihydroxyisocoumarin",TRUE,TRUE,TRUE,keeping sirius,82.76,na,Hexaketide pyrone,C12 H10 O5,L3.3
FT_12.618_235.06013,C12 H10 O5,NA,C12 H10 O5,C12 H10 O5,1.7843444,NA,TRUE,TRUE,TRUE,keeping sirius,82.76,na,Hexaketide pyrone,C12 H10 O5,L3.3
FT_12.662_249.07560,C13 H12 O5,NA,C13 H12 O5,C13 H12 O5,0.8554808,"7,8-Dihydro-8-hydroxy-4-methoxy-7-methyl-5H-furo[2,3-g][2]benzopyran-5-one",TRUE,TRUE,TRUE,keeping sirius,71.03,na,2-(7-Methoxy-4-methyl-2-oxochromen-3-yl)acetate,C13 H12 O5,L3.3
FT_12.690_185.04449,C8 H8 O5,NA,C8 H8 O5,C8 H8 O5,2.951698,"2,4,5-Trihydroxyphenylacetic acid",TRUE,TRUE,TRUE,keeping sirius,75.96,na,"2,6-Dihydroxy-4-methoxybenzoic acid",C8 H8 O5,L3.3
FT_12.690_185.04449,C8 H8 O5,NA,C8 H8 O5,C8 H8 O5,2.8514807,"(2,3,4-Trihydroxyphenyl)acetic acid",TRUE,TRUE,TRUE,keeping sirius,75.96,na,"2,6-Dihydroxy-4-methoxybenzoic acid",C8 H8 O5,L3.3
FT_12.690_185.04449,C8 H8 O5,NA,C8 H8 O5,C8 H8 O5,2.7719674,"2-(3,4,5-trihydroxyphenyl)acetic Acid",TRUE,TRUE,TRUE,keeping sirius,75.96,na,"2,6-Dihydroxy-4-methoxybenzoic acid",C8 H8 O5,L3.3
FT_12.691_227.09140,C11 H14 O5,NA,C11 H14 O5,C11 H14 O5,2.2861578,"5-(3,5-Dihydroxyphenyl)-4-hydroxyvaleric acid",TRUE,TRUE,TRUE,keeping sirius,61.35,na,"1-(2-Hydroxy-3,4,6-trimethoxyphenyl)ethanone",C11 H14 O5,L3.3
FT_12.691_227.09140,C11 H14 O5,NA,C11 H14 O5,C11 H14 O5,2.18064,"4-Hydroxy-(3',4'-dihydroxyphenyl)-valeric acid",TRUE,TRUE,TRUE,keeping sirius,61.35,na,"1-(2-Hydroxy-3,4,6-trimethoxyphenyl)ethanone",C11 H14 O5,L3.3
FT_12.691_227.09140,C11 H14 O5,NA,C11 H14 O5,C11 H14 O5,2.1685398,Dihydrosinapic acid,TRUE,TRUE,TRUE,keeping sirius,61.35,na,"1-(2-Hydroxy-3,4,6-trimethoxyphenyl)ethanone",C11 H14 O5,L3.3
FT_12.723_202.14371,C10 H16 O3,NA,C8 H14 N3 O2,C10 H16 O3,2.2549295,"5-(1,2-Dihydroxypropan-2-yl)-2-methylcyclohex-2-en-1-one",FALSE,TRUE,FALSE,na,na,na,"5-(1,2-Dihydroxypropan-2-yl)-2-methylcyclohex-2-en-1-one",C10 H16 O3,L3.3
FT_12.723_202.14371,C10 H16 O3,NA,C8 H14 N3 O2,C10 H16 O3,2.1169143,"5-exo-Hydroxy-1,2-campholide",FALSE,TRUE,FALSE,na,na,na,"5-(1,2-Dihydroxypropan-2-yl)-2-methylcyclohex-2-en-1-one",C10 H16 O3,L3.3
FT_12.723_202.14371,C10 H16 O3,NA,C8 H14 N3 O2,C10 H16 O3,1.8704405,Pestalotiolactone D,FALSE,TRUE,FALSE,na,na,na,"5-(1,2-Dihydroxypropan-2-yl)-2-methylcyclohex-2-en-1-one",C10 H16 O3,L3.3
FT_12.740_283.08123,C13 H14 O7,NA,C13 H14 O7,NA,NA,NA,TRUE,FALSE,FALSE,delete,delete,delete,delete,delete,delete
FT_12.756_239.09136,C12 H14 O5,NA,C12 H14 O5,C12 H14 O5,1.7155951,Banksialactone C,TRUE,TRUE,TRUE,keeping sirius,76.09,na,"8-Hydroxy-6,7-dimethoxy-3-methyl-3,4-dihydroisochromen-1-one",C12 H14 O5,L3.3
FT_12.756_239.09136,C12 H14 O5,NA,C12 H14 O5,C12 H14 O5,1.5603486,"1-(2,4,5-Trimethoxyphenyl)-1,2-propanedione",TRUE,TRUE,TRUE,keeping sirius,76.09,na,"8-Hydroxy-6,7-dimethoxy-3-methyl-3,4-dihydroisochromen-1-one",C12 H14 O5,L3.3
FT_12.756_239.09136,C12 H14 O5,NA,C12 H14 O5,C12 H14 O5,1.480809,(3r)-Methyl-8-hydroxy-6-(hydroxymethyl)-7-methoxydihydroisocoumarin,TRUE,TRUE,TRUE,keeping sirius,76.09,na,"8-Hydroxy-6,7-dimethoxy-3-methyl-3,4-dihydroisochromen-1-one",C12 H14 O5,L3.3
FT_12.768_223.09653,C12 H14 O4,NA,C12 H14 O4,C12 H14 O4,2.1166883,Dihydrodeoxy-8-epiaustdiol,TRUE,TRUE,TRUE,keeping sirius,68.87,na,"1,3-Diacetyl-4,6-dimethoxybenzene",C12 H14 O4,L3.3
FT_12.768_223.09653,C12 H14 O4,NA,C12 H14 O4,C12 H14 O4,1.8743154,Asperunguisone B,TRUE,TRUE,TRUE,keeping sirius,68.87,na,"1,3-Diacetyl-4,6-dimethoxybenzene",C12 H14 O4,L3.3
FT_12.768_223.09653,C12 H14 O4,NA,C12 H14 O4,C12 H14 O4,1.8743154,Asperunguisone A,TRUE,TRUE,TRUE,keeping sirius,68.87,na,"1,3-Diacetyl-4,6-dimethoxybenzene",C12 H14 O4,L3.3
FT_12.771_255.08618,C12 H14 O6,NA,C12 H14 O6,C6 H15 N4 O5 P,3.2741508,2-Amino-5-[[amino-(phosphonoamino)methylidene]amino]pentanoic acid,TRUE,FALSE,FALSE,delete,delete,delete,delete,delete,delete
FT_12.771_255.08618,C12 H14 O6,NA,C12 H14 O6,C6 H15 N4 O5 P,3.2741508,Phospho-L-arginine,TRUE,FALSE,FALSE,delete,delete,delete,delete,delete,delete
FT_12.771_255.08618,C12 H14 O6,NA,C12 H14 O6,C12 H14 O6,2.915585,Csypyrone B3,TRUE,TRUE,TRUE,delete,delete,delete,delete,delete,delete
FT_12.809_297.09690,C8 H17 N4 O6 P,NA,C15 H12 N4 O3,C15 H12 N4 O3,2.930399,4-Carboxy nevirapine,FALSE,FALSE,TRUE,delete,delete,delete,delete,delete,delete
FT_12.809_297.09690,C8 H17 N4 O6 P,NA,C15 H12 N4 O3,C14 H16 O7,2.3538811,"6-(4-Ethenylphenoxy)-3,4,5-trihydroxyoxane-2-carboxylic acid",FALSE,FALSE,FALSE,delete,delete,delete,delete,delete,delete
FT_12.809_297.09690,C8 H17 N4 O6 P,NA,C15 H12 N4 O3,C14 H16 O7,2.3227649,"6-(3-Ethenylphenoxy)-3,4,5-trihydroxyoxane-2-carboxylic acid",FALSE,FALSE,FALSE,delete,delete,delete,delete,delete,delete
FT_12.826_249.07576,C13 H12 O5,NA,C13 H12 O5,C13 H12 O5,0.8744238,"7,8-Dihydro-8-hydroxy-4-methoxy-7-methyl-5H-furo[2,3-g][2]benzopyran-5-one",TRUE,TRUE,TRUE,keeping sirius,72.06,na,(7-Methoxy-4-methyl-2-oxo-2h-chromen-3-yl)acetic acid,C13 H12 O5,L3.3
FT_12.893_191.10404,C8 H10 N6,NA,C12 H14 O2,C7 H14 N2 O4,3.4267316,"(2S,6S)-2,6-diaminoheptanedioic acid",FALSE,FALSE,FALSE,na,na,na,"(2S,6S)-2,6-diaminoheptanedioic acid",C7 H14 N2 O4,L3.3
FT_12.893_191.10404,C8 H10 N6,NA,C12 H14 O2,C7 H14 N2 O4,3.426731,"(2R,6S)-2,6-diaminoheptanedioic acid",FALSE,FALSE,FALSE,na,na,na,"(2S,6S)-2,6-diaminoheptanedioic acid",C7 H14 N2 O4,L3.3
FT_12.893_191.10404,C8 H10 N6,NA,C12 H14 O2,C7 H14 N2 O4,3.3501418,2-Amino-4-[(2-hydroxy-1-oxopropyl)amino]butanoic acid,FALSE,FALSE,FALSE,na,na,na,"(2S,6S)-2,6-diaminoheptanedioic acid",C7 H14 N2 O4,L3.3
FT_12.894_183.13796,C11 H18 O2,NA,C11 H18 O2,C11 H18 O2,1.1056206,Tsibulin 2,TRUE,TRUE,TRUE,"match name cmmrt, sirius (not first option)",41.03,na,Tsibulin 2,C11 H18 O2,L3.1
FT_12.894_183.13796,C11 H18 O2,NA,C11 H18 O2,C11 H18 O2,1.1049567,Allyl cyclohexaneacetate,TRUE,TRUE,TRUE,"match name cmmrt, sirius (not first option)",41.03,na,Tsibulin 2,C11 H18 O2,L3.1
FT_12.894_183.13796,C11 H18 O2,NA,C11 H18 O2,C11 H18 O2,1.1025246,"Methyl (2E,4Z)-2,4-decadienoate",TRUE,TRUE,TRUE,"match name cmmrt, sirius (not first option)",41.03,na,Tsibulin 2,C11 H18 O2,L3.1
FT_12.900_283.11761,C14 H18 O6,NA,C14 H18 O6,C10 H14 N6 O4,3.1631215,2-Aminoadenosine,TRUE,FALSE,FALSE,na,na,yes,no name,C14 H18 O6,L4.1
FT_12.900_283.11761,C14 H18 O6,NA,C14 H18 O6,C15 H14 N4 O2,3.162289,12-Hydroxynevirapine,TRUE,FALSE,FALSE,na,na,yes,no name,C14 H18 O6,L4.1
FT_12.900_283.11761,C14 H18 O6,NA,C14 H18 O6,C15 H14 N4 O2,3.0771954,8-Hydroxynevirapine,TRUE,FALSE,FALSE,na,na,yes,no name,C14 H18 O6,L4.1
FT_12.928_299.11251,C14 H18 O7,NA,C13 H18 N2 O4 S,C14 H18 O7,2.6419282,Picein,FALSE,TRUE,FALSE,na,na,na,Aspergilate D,C14 H18 O7,L3.3
FT_12.928_299.11251,C14 H18 O7,NA,C13 H18 N2 O4 S,C14 H18 O7,2.301017,Aspergilate D,FALSE,TRUE,FALSE,na,na,na,Aspergilate D,C14 H18 O7,L3.3
FT_12.928_299.11251,C14 H18 O7,NA,C13 H18 N2 O4 S,C14 H18 O7,2.2876594,Aspergilate E,FALSE,TRUE,FALSE,na,na,na,Aspergilate D,C14 H18 O7,L3.3
FT_12.929_313.12823,C15 H20 O7,NA,C15 H20 O7,C15 H20 O7,2.9415443,CID 440908,TRUE,TRUE,TRUE,"match name cmmrt, sirius (not first option)",51.61,na,Nivalenol,C15 H20 O7,L3.1
FT_12.929_313.12823,C15 H20 O7,NA,C15 H20 O7,C15 H20 O7,2.819139,p-Coumaryl alcohol 4-O-glucoside,TRUE,TRUE,TRUE,"match name cmmrt, sirius (not first option)",51.61,na,Nivalenol,C15 H20 O7,L3.1
FT_12.929_313.12823,C15 H20 O7,NA,C15 H20 O7,C15 H20 O7,2.3442962,"(2S,3R,4R,5S,6R)-3-(dimethylamino)-6-(hydroxymethyl)tetrahydropyran-2,4,5-triol",TRUE,TRUE,TRUE,"match name cmmrt, sirius (not first option)",51.61,na,Nivalenol,C15 H20 O7,L3.1
FT_12.930_195.09917,C7 H10 N6 O,NA,C9 H12 N3 O2,NA,NA,NA,FALSE,FALSE,FALSE,delete,delete,delete,delete,delete,delete
FT_12.932_219.10163,C13 H14 O3,NA,C13 H14 O3,C13 H14 O3,1.8395811,Asperfuran,TRUE,TRUE,TRUE,"match name cmmrt, sirius (not first option)",59.05,na,Asperfuran,C13 H14 O3,L3.1
FT_12.932_219.10163,C13 H14 O3,NA,C13 H14 O3,C13 H14 O3,1.7793257,(R)-Bitalin A,TRUE,TRUE,TRUE,"match name cmmrt, sirius (not first option)",59.05,na,Asperfuran,C13 H14 O3,L3.1
FT_12.932_219.10163,C13 H14 O3,NA,C13 H14 O3,C13 H14 O3,1.0201043,Toxol,TRUE,TRUE,TRUE,"match name cmmrt, sirius (not first option)",59.05,na,Asperfuran,C13 H14 O3,L3.1
FT_12.939_253.10703,C13 H16 O5,NA,C13 H16 O5,C13 H16 O5,2.1227217,"2,4-Dihydroxy-6-(4-hydroxy-2-oxopentyl)-3-methylbenzaldehyde",TRUE,TRUE,TRUE,keeping sirius,80.54,na,Eugenone,C13 H16 O5,L3.3
FT_12.939_253.10703,C13 H16 O5,NA,C13 H16 O5,C13 H16 O5,2.0891511,"2-[2,4,6-Trihydroxy-3-(3-methylbut-2-enyl)phenyl]acetic acid",TRUE,TRUE,TRUE,keeping sirius,80.54,na,Eugenone,C13 H16 O5,L3.3
FT_12.939_253.10703,C13 H16 O5,NA,C13 H16 O5,C13 H16 O5,1.7321026,"2-[2,4-Dihydroxy-3-(3-methylbut-2-enyl)phenyl]-2-hydroxyacetic acid",TRUE,TRUE,TRUE,keeping sirius,80.54,na,Eugenone,C13 H16 O5,L3.3
FT_13.033_366.15475,C18 H23 N O7,NA,C18 H23 N O7,NA,NA,NA,TRUE,FALSE,FALSE,na,48.46,na,Erucifoline N-oxide,C18 H23 N O7,L3.3
FT_13.089_255.08629,C12 H14 O6,NA,C12 H14 O6,C6 H15 N4 O5 P,3.316496,Phospho-L-arginine,TRUE,FALSE,FALSE,na,na,yes,no name,C12 H14 O6,L4.1
FT_13.089_255.08629,C12 H14 O6,NA,C12 H14 O6,C6 H15 N4 O5 P,3.316496,2-Amino-5-[[amino-(phosphonoamino)methylidene]amino]pentanoic acid,TRUE,FALSE,FALSE,na,na,yes,no name,C12 H14 O6,L4.1
FT_13.089_255.08629,C12 H14 O6,NA,C12 H14 O6,C12 H14 O6,2.9565098,Csypyrone B3,TRUE,TRUE,TRUE,na,na,yes,no name,C12 H14 O6,L4.1
FT_13.094_295.11759,C15 H18 O6,NA,C15 H18 O6,C15 H18 O6,2.2831662,Tutin,TRUE,TRUE,TRUE,"match name cmmrt, sirius (not first option)",39.32,na,Tutin,C15 H18 O6,L3.1
FT_13.094_295.11759,C15 H18 O6,NA,C15 H18 O6,C15 H18 O6,1.9941555,"14-Hydroxy-3,9-dimethyl-12-methylidene-5,8,10-trioxatetracyclo[9.3.1.01,9.02,7]pentadecane-6,13-dione",TRUE,TRUE,TRUE,"match name cmmrt, sirius (not first option)",39.32,na,Tutin,C15 H18 O6,L3.1
FT_13.094_295.11759,C15 H18 O6,NA,C15 H18 O6,C15 H18 O6,1.4729632,Aspersclerolide C,TRUE,TRUE,TRUE,"match name cmmrt, sirius (not first option)",39.32,na,Tutin,C15 H18 O6,L3.1
FT_13.111_297.09692,C14 H16 O7,NA,C15 H12 N4 O3,C15 H12 N4 O3,2.9692273,4-Carboxy nevirapine,FALSE,FALSE,TRUE,delete,delete,delete,delete,delete,delete
FT_13.111_297.09692,C14 H16 O7,NA,C15 H12 N4 O3,C14 H16 O7,2.3897367,"6-(4-Ethenylphenoxy)-3,4,5-trihydroxyoxane-2-carboxylic acid",FALSE,TRUE,FALSE,delete,delete,delete,delete,delete,delete
FT_13.111_297.09692,C14 H16 O7,NA,C15 H12 N4 O3,C14 H16 O7,2.3584635,"6-(3-Ethenylphenoxy)-3,4,5-trihydroxyoxane-2-carboxylic acid",FALSE,TRUE,FALSE,delete,delete,delete,delete,delete,delete
FT_13.146_211.09656,C4 H14 N6 O2 S,NA,C11 H14 O4,C5 H15 N4 O3 P,3.449908,N(4)-phosphoagmatine,FALSE,FALSE,FALSE,delete,delete,delete,delete,delete,delete
FT_13.146_211.09656,C4 H14 N6 O2 S,NA,C11 H14 O4,C11 H14 O4,2.8718061,1-Hydroxy-4-(4-hydroxy-3-methoxyphenyl)butan-2-one,FALSE,FALSE,TRUE,delete,delete,delete,delete,delete,delete
FT_13.146_211.09656,C4 H14 N6 O2 S,NA,C11 H14 O4,C11 H14 O4,2.5010242,"2-[(E)-4-hydroxy-3-methylbut-2-enyl]benzene-1,3,5-triol",FALSE,FALSE,TRUE,delete,delete,delete,delete,delete,delete
FT_13.148_195.09894,C7 H10 N6 O,NA,C11 H14 O3,NA,NA,NA,FALSE,FALSE,FALSE,delete,delete,delete,delete,delete,delete
FT_13.183_291.08404,C11 H10 N6 O4,NA,C15 H14 O6,C15 H14 O6,2.4875693,Cartorimine,FALSE,FALSE,TRUE,delete,delete,delete,delete,delete,delete
FT_13.183_291.08404,C11 H10 N6 O4,NA,C15 H14 O6,C15 H14 O6,2.264663,NA,FALSE,FALSE,TRUE,delete,delete,delete,delete,delete,delete
FT_13.183_291.08404,C11 H10 N6 O4,NA,C15 H14 O6,C15 H14 O6,2.2013412,Ptaeroglycol,FALSE,FALSE,TRUE,delete,delete,delete,delete,delete,delete
FT_13.197_283.11747,C14 H18 O6,NA,C14 H18 O6,C15 H14 N4 O2,3.2013612,12-Hydroxynevirapine,TRUE,FALSE,FALSE,na,70.27,na,"(3S,4S)-3,4,8-trihydroxy-6-methoxy-7-(1-methoxyethyl)-3,4-dihydro-2H-naphthalen-1-one",C14 H18 O6,L3.3
FT_13.197_283.11747,C14 H18 O6,NA,C14 H18 O6,C10 H14 N6 O4,3.199744,2-Aminoadenosine,TRUE,FALSE,FALSE,na,70.27,na,"(3S,4S)-3,4,8-trihydroxy-6-methoxy-7-(1-methoxyethyl)-3,4-dihydro-2H-naphthalen-1-one",C14 H18 O6,L3.3
FT_13.197_283.11747,C14 H18 O6,NA,C14 H18 O6,C15 H14 N4 O2,3.11584,8-Hydroxynevirapine,TRUE,FALSE,FALSE,na,70.27,na,"(3S,4S)-3,4,8-trihydroxy-6-methoxy-7-(1-methoxyethyl)-3,4-dihydro-2H-naphthalen-1-one",C14 H18 O6,L3.3
FT_13.227_237.07573,C12 H12 O5,NA,C12 H12 O5,C12 H12 O5,2.4663558,Austidiol,TRUE,TRUE,TRUE,keeping sirius,61.86,na,Acetic acid 2-acetoxy-5-acetyl-phenyl ester,C12 H12 O5,L3.3
FT_13.227_237.07573,C12 H12 O5,NA,C12 H12 O5,C12 H12 O5,2.0725074,"(S)-2,3-Dihydro-7-hydroxy-2-methyl-4-oxo-4H-1-benzopyran-5-acetic acid",TRUE,TRUE,TRUE,keeping sirius,61.86,na,Acetic acid 2-acetoxy-5-acetyl-phenyl ester,C12 H12 O5,L3.3
FT_13.227_237.07573,C12 H12 O5,NA,C12 H12 O5,C12 H12 O5,2.0039365,Aspergillusol B,TRUE,TRUE,TRUE,keeping sirius,61.86,na,Acetic acid 2-acetoxy-5-acetyl-phenyl ester,C12 H12 O5,L3.3
FT_13.230_244.22706,C14 H29 N O2,NA,C14 H29 N O2,NA,NA,NA,TRUE,FALSE,FALSE,na,76.88,na,N-(2-Hydroxyethyl)dodecanamide,C14 H29 N O2,L3.3
FT_13.250_241.10461,C8 H20 N2 O2 S2,NA,C12 H16 O5,NA,NA,NA,FALSE,FALSE,FALSE,na,na,yes,no name,C12 H16 O5,L3.3
FT_13.257_239.09130,C12 H14 O5,NA,C12 H14 O5,C12 H14 O5,1.7700037,Banksialactone C,TRUE,TRUE,TRUE,keeping sirius,58.33,na,46-Dimethylcurvulinic acid,C12 H14 O5,L3.3
FT_13.257_239.09130,C12 H14 O5,NA,C12 H14 O5,C12 H14 O5,1.613982,"1-(2,4,5-Trimethoxyphenyl)-1,2-propanedione",TRUE,TRUE,TRUE,keeping sirius,58.33,na,46-Dimethylcurvulinic acid,C12 H14 O5,L3.3
FT_13.257_239.09130,C12 H14 O5,NA,C12 H14 O5,C12 H14 O5,1.5342,(3r)-Methyl-8-hydroxy-6-(hydroxymethyl)-7-methoxydihydroisocoumarin,TRUE,TRUE,TRUE,keeping sirius,58.33,na,46-Dimethylcurvulinic acid,C12 H14 O5,L3.3
FT_13.279_253.07065,C12 H12 O6,NA,C12 H12 O6,C12 H12 O6,2.5764303,2-O-(Z-p-Hydroxycinnamoyl)-(x)-glyceric acid,TRUE,TRUE,TRUE,keeping sirius,70.85,na,"8-Hydroxy-5,6,7-trimethoxychromen-2-one",C12 H12 O6,L3.3
FT_13.279_253.07065,C12 H12 O6,NA,C12 H12 O6,C12 H12 O6,1.6472509,"3-(4,7-Dimethoxy-1,3-benzodioxol-5-yl)prop-2-enoic acid",TRUE,TRUE,TRUE,keeping sirius,70.85,na,"8-Hydroxy-5,6,7-trimethoxychromen-2-one",C12 H12 O6,L3.3
FT_13.279_253.07065,C12 H12 O6,NA,C12 H12 O6,C12 H12 O6,1.479421,"(Z)-3-(6,7-dimethoxy-1,3-benzodioxol-5-yl)-2-hydroxyprop-2-enal",TRUE,TRUE,TRUE,keeping sirius,70.85,na,"8-Hydroxy-5,6,7-trimethoxychromen-2-one",C12 H12 O6,L3.3
FT_13.284_251.12774,C14 H18 O4,NA,C14 H18 O4,C14 H18 O4,1.7619177,Helinorbisabone,TRUE,TRUE,TRUE,keeping sirius,70.55,na,Preremirol,C14 H18 O4,L3.3
FT_13.284_251.12774,C14 H18 O4,NA,C14 H18 O4,C14 H18 O4,1.6143768,2-Hydroxy-3-[4-hydroxy-3-(3-methylbut-2-enyl)phenyl]propanoic acid,TRUE,TRUE,TRUE,keeping sirius,70.55,na,Preremirol,C14 H18 O4,L3.3
FT_13.284_251.12774,C14 H18 O4,NA,C14 H18 O4,C14 H18 O4,1.4562225,NA,TRUE,TRUE,TRUE,keeping sirius,70.55,na,Preremirol,C14 H18 O4,L3.3
FT_13.284_297.09689,C14 H16 O7,NA,C14 H16 O7,C15 H12 N4 O3,2.9910696,4-Carboxy nevirapine,TRUE,FALSE,FALSE,na,na,yes,no name,C14 H16 O7,L4.1
FT_13.284_297.09689,C14 H16 O7,NA,C14 H16 O7,C14 H16 O7,2.4099066,"6-(4-Ethenylphenoxy)-3,4,5-trihydroxyoxane-2-carboxylic acid",TRUE,TRUE,TRUE,na,na,yes,no name,C14 H16 O7,L4.1
FT_13.284_297.09689,C14 H16 O7,NA,C14 H16 O7,C14 H16 O7,2.3785453,"6-(3-Ethenylphenoxy)-3,4,5-trihydroxyoxane-2-carboxylic acid",TRUE,TRUE,TRUE,na,na,yes,no name,C14 H16 O7,L4.1
FT_13.285_279.08631,C14 H14 O6,NA,C14 H14 O6,C14 H14 O6,2.1491346,"8-(1,2-Dihydroxypropan-2-yl)-9-hydroxy-8,9-dihydrouro[2,3-h]chromen-2-one",TRUE,TRUE,TRUE,keeping sirius,53.55,na,"2,3,5,7-Tetramethoxynaphthoquinone",C14 H14 O6,L3.3
FT_13.285_279.08631,C14 H14 O6,NA,C14 H14 O6,C14 H14 O6,2.0648746,NA,TRUE,TRUE,TRUE,keeping sirius,53.55,na,"2,3,5,7-Tetramethoxynaphthoquinone",C14 H14 O6,L3.3
FT_13.285_279.08631,C14 H14 O6,NA,C14 H14 O6,C14 H14 O6,1.7875073,Citreoisocoumarin,TRUE,TRUE,TRUE,keeping sirius,53.55,na,"2,3,5,7-Tetramethoxynaphthoquinone",C14 H14 O6,L3.3
FT_13.287_225.07575,C11 H12 O5,NA,C11 H12 O5,C11 H12 O5,2.3933666,"5-(3',4',5'-Trihydroxyphenyl)-gamma-valerolactone",TRUE,TRUE,TRUE,keeping sirius,74.78,na,"1-(3-Acetyl-2,4-dihydroxy-6-methoxyphenyl)ethan-1-one",C11 H12 O5,L3.3
FT_13.287_225.07575,C11 H12 O5,NA,C11 H12 O5,C11 H12 O5,2.3577456,"5-[(2,4,5-Trihydroxyphenyl)methyl]oxolan-2-one",TRUE,TRUE,TRUE,keeping sirius,74.78,na,"1-(3-Acetyl-2,4-dihydroxy-6-methoxyphenyl)ethan-1-one",C11 H12 O5,L3.3
FT_13.287_225.07575,C11 H12 O5,NA,C11 H12 O5,C11 H12 O5,2.06193,Reticulone,TRUE,TRUE,TRUE,keeping sirius,74.78,na,"1-(3-Acetyl-2,4-dihydroxy-6-methoxyphenyl)ethan-1-one",C11 H12 O5,L3.3
FT_13.317_251.09143,C13 H14 O5,NA,C13 H14 O5,C13 H14 O5,2.7868922,"3-(1,2,4-Trihydroxybutyl)isochromen-1-one",TRUE,TRUE,TRUE,keeping sirius,70.27,na,"1H-2-Benzopyran-1-one, 6,7,8-trimethoxy-3-methyl-",C13 H14 O5,L3.3
FT_13.317_251.09143,C13 H14 O5,NA,C13 H14 O5,C13 H14 O5,2.565452,"7-hydroxy-3-(2-hydroxypropyl)-7-methyl-6H-2-benzopyran-6,8(7H)-dione",TRUE,TRUE,TRUE,keeping sirius,70.27,na,"1H-2-Benzopyran-1-one, 6,7,8-trimethoxy-3-methyl-",C13 H14 O5,L3.3
FT_13.317_251.09143,C13 H14 O5,NA,C13 H14 O5,C13 H14 O5,2.493031,NA,TRUE,TRUE,TRUE,keeping sirius,70.27,na,"1H-2-Benzopyran-1-one, 6,7,8-trimethoxy-3-methyl-",C13 H14 O5,L3.3
FT_13.327_333.09509,C17 H16 O7,NA,NA,C17 H16 O7,1.9355451,Asperphenone A,FALSE,TRUE,FALSE,delete,delete,delete,delete,delete,delete
FT_13.327_333.09509,C17 H16 O7,NA,NA,C17 H16 O7,1.6927208,"2,3,6,8,9-Pentahydroxy-3-(2-oxopropyl)-1,2,3,4-tetrahydroanthracen-1-one",FALSE,TRUE,FALSE,delete,delete,delete,delete,delete,delete
FT_13.327_333.09509,C17 H16 O7,NA,NA,C17 H16 O7,1.3627051,"4',5,7-Trihydroxy-3',5'-dimethoxyflavanone",FALSE,TRUE,FALSE,delete,delete,delete,delete,delete,delete
FT_13.330_233.08081,C13 H12 O4,NA,C13 H12 O4,C13 H12 O4,3.1936295,"(2S,3S,4S)-5,7,9,11-Tridecatetrayne-1,2,3,4-tetrol",TRUE,TRUE,TRUE,keeping sirius,71.55,na,"Benzofuran, 2,5-diacetyl-6-methoxy-",C13 H12 O4,L3.3
FT_13.330_233.08081,C13 H12 O4,NA,C13 H12 O4,C13 H12 O4,2.2181263,Cassiachromone,TRUE,TRUE,TRUE,keeping sirius,71.55,na,"Benzofuran, 2,5-diacetyl-6-methoxy-",C13 H12 O4,L3.3
FT_13.330_233.08081,C13 H12 O4,NA,C13 H12 O4,C13 H12 O4,1.7458998,Altholactone,TRUE,TRUE,TRUE,keeping sirius,71.55,na,"Benzofuran, 2,5-diacetyl-6-methoxy-",C13 H12 O4,L3.3
FT_13.333_273.07341,C11 H16 N2 O2 S2,NA,C9 H21 O3 P S2,C10 H12 N2 O7,3.074414,"1-(2-Deoxypentofuranosyl)-4-hydroxy-2-oxo-1,2-dihydropyrimidine-5-carboxylic acid",FALSE,FALSE,FALSE,na,na,na,"5,8-dihydroxy-10-methoxy-2-methyl-4H-benzo[h]chromen-4-one",C15 H12 O5,L3.3
FT_13.333_273.07341,C11 H16 N2 O2 S2,NA,C9 H21 O3 P S2,C15 H12 O5,2.1118364,"5,8-dihydroxy-10-methoxy-2-methyl-4H-benzo[h]chromen-4-one",FALSE,FALSE,FALSE,na,na,na,"5,8-dihydroxy-10-methoxy-2-methyl-4H-benzo[h]chromen-4-one",C15 H12 O5,L3.3
FT_13.396_267.08631,C13 H14 O6,NA,C13 H14 O6,C13 H14 O6,2.2152388,Antafumicin A,TRUE,TRUE,TRUE,keeping sirius,59.18,na,"methyl 5,7-dimethoxy-6-methyl-1-oxo-3H-2-benzofuran-4-carboxylate",C13 H14 O6,L3.3
FT_13.396_267.08631,C13 H14 O6,NA,C13 H14 O6,C13 H14 O6,2.2152388,Antafumicin B,TRUE,TRUE,TRUE,keeping sirius,59.18,na,"methyl 5,7-dimethoxy-6-methyl-1-oxo-3H-2-benzofuran-4-carboxylate",C13 H14 O6,L3.3
FT_13.396_267.08631,C13 H14 O6,NA,C13 H14 O6,C13 H14 O6,2.1291933,Ruakuric acid,TRUE,TRUE,TRUE,keeping sirius,59.18,na,"methyl 5,7-dimethoxy-6-methyl-1-oxo-3H-2-benzofuran-4-carboxylate",C13 H14 O6,L3.3
FT_13.400_201.16375,C15 H20,NA,C15 H20,C15 H20,1.0804409,alpha-Corocalene,TRUE,TRUE,TRUE,"match name cmmrt, sirius (not first option)",38.3,na,alpha-Corocalene,C15 H20,L3.1
FT_13.400_201.16375,C15 H20,NA,C15 H20,C15 H20,1.04841,"3,4-Dihydrocadalene",TRUE,TRUE,TRUE,"match name cmmrt, sirius (not first option)",38.3,na,alpha-Corocalene,C15 H20,L3.1
FT_13.400_201.16375,C15 H20,NA,C15 H20,C15 H20,1.0173589,beta-Calacorene,TRUE,TRUE,TRUE,"match name cmmrt, sirius (not first option)",38.3,na,alpha-Corocalene,C15 H20,L3.1
FT_13.400_293.10187,C9 H17 N4 O5 P,NA,C15 H16 O6,C15 H16 O6,2.4365108,CID 31306,FALSE,FALSE,TRUE,delete,delete,delete,delete,delete,delete
FT_13.400_293.10187,C9 H17 N4 O5 P,NA,C15 H16 O6,C15 H16 O6,2.4365108,Picrotoxinin,FALSE,FALSE,TRUE,delete,delete,delete,delete,delete,delete
FT_13.400_293.10187,C9 H17 N4 O5 P,NA,C15 H16 O6,C15 H16 O6,2.3570373,NA,FALSE,FALSE,TRUE,delete,delete,delete,delete,delete,delete
FT_13.401_527.18906,C25 H37 O6 P3,NA,NA,C28 H30 O10,1.0342638,CID 131752698,FALSE,FALSE,FALSE,na,na,na,Isophysalin G,C28 H30 O10,L3.3
FT_13.401_527.18906,C25 H37 O6 P3,NA,NA,C28 H30 O10,0.9119536,Isophysalin G,FALSE,FALSE,FALSE,na,na,na,Isophysalin G,C28 H30 O10,L3.3
FT_13.401_527.18906,C25 H37 O6 P3,NA,NA,C28 H30 O10,0.8913277,Physalin F,FALSE,FALSE,FALSE,na,na,na,Isophysalin G,C28 H30 O10,L3.3
FT_13.406_267.12259,C14 H18 O5,NA,C14 H18 O5,C15 H14 N4 O,3.2237327,Nevirapine,TRUE,FALSE,FALSE,delete,delete,delete,delete,delete,delete
FT_13.406_267.12259,C14 H18 O5,NA,C14 H18 O5,C15 H14 N4 O,2.9078717,N-(1-Methyl-5-indolyl)-N'-(3-pyridyl)urea,TRUE,FALSE,FALSE,delete,delete,delete,delete,delete,delete
FT_13.406_267.12259,C14 H18 O5,NA,C14 H18 O5,C14 H18 O5,2.2049947,Sapidolide A,TRUE,TRUE,TRUE,keeping sirius,63.76,na,no name,C14 H18 O5,L3.3
FT_13.482_269.10199,C13 H16 O6,NA,C13 H16 O6,C14 H12 N4 O2,2.634758,Disperse blue 1,TRUE,FALSE,FALSE,keeping sirius,64.07,na,"2-(3-Butanoyl-2,6-dihydroxy-4-methoxyphenyl)acetic acid",C13 H16 O6,L3.3
FT_13.482_269.10199,C13 H16 O6,NA,C13 H16 O6,C13 H16 O6,1.6023327,Methyl 4-methoxy-3-(3'-hydroxy-2'-methyl)propionyloxy-benzoate,TRUE,TRUE,TRUE,keeping sirius,64.07,na,"2-(3-Butanoyl-2,6-dihydroxy-4-methoxyphenyl)acetic acid",C13 H16 O6,L3.3
FT_13.615_305.01353,C7 H8 N6 O4 S2,NA,C11 H12 O6 S2,NA,NA,NA,FALSE,FALSE,FALSE,delete,delete,delete,delete,delete,delete
FT_13.617_197.04447,C9 H8 O5,NA,C9 H8 O5,C9 H8 O5,2.9106133,"3-(2,4-Dihydroxyphenyl)-2-oxopropanoic acid",TRUE,TRUE,TRUE,keeping sirius,65.45,na,Haematommic acid,C9 H8 O5,L3.3
FT_13.617_197.04447,C9 H8 O5,NA,C9 H8 O5,C9 H8 O5,2.9061866,"3-(3,5-Dihydroxyphenyl)-2-oxopropanoic acid",TRUE,TRUE,TRUE,keeping sirius,65.45,na,Haematommic acid,C9 H8 O5,L3.3
FT_13.617_197.04447,C9 H8 O5,NA,C9 H8 O5,C9 H8 O5,2.8444762,"3,4-Dihydroxyphenylpyruvic acid",TRUE,TRUE,TRUE,keeping sirius,65.45,na,Haematommic acid,C9 H8 O5,L3.3
FT_13.642_195.10159,C11 H14 O3,NA,C11 H14 O3,C11 H14 O3,2.5037062,1-Hydroxy-4-(3-methoxyphenyl)butan-2-one,TRUE,TRUE,TRUE,keeping sirius,56.99,na,5-[(E)-but-1-enyl]-4-methoxy-6-methylpyran-2-one,C11 H14 O3,L3.3
FT_13.642_195.10159,C11 H14 O3,NA,C11 H14 O3,C11 H14 O3,2.3074286,"4-(4-Hydroxy-3-methylbut-2-enyl)benzene-1,3-diol",TRUE,TRUE,TRUE,keeping sirius,56.99,na,5-[(E)-but-1-enyl]-4-methoxy-6-methylpyran-2-one,C11 H14 O3,L3.3
FT_13.642_195.10159,C11 H14 O3,NA,C11 H14 O3,C11 H14 O3,2.3074286,"4-[(E)-4-hydroxy-3-methylbut-2-enyl]benzene-1,3-diol",TRUE,TRUE,TRUE,keeping sirius,56.99,na,5-[(E)-but-1-enyl]-4-methoxy-6-methylpyran-2-one,C11 H14 O3,L3.3
FT_13.663_203.07093,C12 H10 O3,NA,C12 H10 O3,C12 H10 O3,2.1694298,"3,4',5-Biphenyltriol",TRUE,TRUE,TRUE,"match name cmmrt, sirius (not first option)",52.04,na,"[1,1'-Biphenyl]-2,3',4-triol",C12 H10 O3,L3.1
FT_13.663_203.07093,C12 H10 O3,NA,C12 H10 O3,C12 H10 O3,1.5575348,2-[(R)-hydroxy(phenyl)methyl]pyran-4-one,TRUE,TRUE,TRUE,"match name cmmrt, sirius (not first option)",52.04,na,"[1,1'-Biphenyl]-2,3',4-triol",C12 H10 O3,L3.1
FT_13.663_203.07093,C12 H10 O3,NA,C12 H10 O3,C12 H10 O3,1.4248713,3-(2-Hydroxyphenyl)catechol,TRUE,TRUE,TRUE,"match name cmmrt, sirius (not first option)",52.04,na,"[1,1'-Biphenyl]-2,3',4-triol",C12 H10 O3,L3.1
FT_13.704_269.17474,C15 H24 O4,NA,C15 H24 O4,C15 H24 O4,2.592166,"3,11,12-Trihydroxy-1(10)-spirovetiven-2-one",TRUE,TRUE,TRUE,keeping cmmrt,NA,na,"3,11,12-Trihydroxy-1(10)-spirovetiven-2-one",C15 H24 O4,L3.3
FT_13.704_269.17474,C15 H24 O4,NA,C15 H24 O4,C15 H24 O4,2.2090425,Ustusol B,TRUE,TRUE,TRUE,keeping cmmrt,NA,na,"3,11,12-Trihydroxy-1(10)-spirovetiven-2-one",C15 H24 O4,L3.3
FT_13.704_269.17474,C15 H24 O4,NA,C15 H24 O4,C15 H24 O4,2.2090425,"2a,9a,11-Trihydroxy-6-oxodrim-7-ene",TRUE,TRUE,TRUE,keeping cmmrt,NA,na,"3,11,12-Trihydroxy-1(10)-spirovetiven-2-one",C15 H24 O4,L3.3
FT_13.705_235.06011,C12 H10 O5,NA,C12 H10 O5,C12 H10 O5,2.3474247,7-Hydroxy-2-methyl-4-oxo-4H-1-benzopyran-5-acetic acid,TRUE,TRUE,TRUE,keeping sirius,73.3,na,"6-(2,4-dihydroxy-6-methylphenyl)-4-hydroxypyran-2-one",C12 H10 O5,L3.3
FT_13.705_235.06011,C12 H10 O5,NA,C12 H10 O5,C12 H10 O5,2.1867208,"3-(2-Oxopropyl)-6,8-dihydroxyisocoumarin",TRUE,TRUE,TRUE,keeping sirius,73.3,na,"6-(2,4-dihydroxy-6-methylphenyl)-4-hydroxypyran-2-one",C12 H10 O5,L3.3
FT_13.705_235.06011,C12 H10 O5,NA,C12 H10 O5,C12 H10 O5,1.9022171,NA,TRUE,TRUE,TRUE,keeping sirius,73.3,na,"6-(2,4-dihydroxy-6-methylphenyl)-4-hydroxypyran-2-one",C12 H10 O5,L3.3
FT_13.705_239.09124,C12 H14 O5,NA,C12 H14 O5,C12 H14 O5,1.8169445,Banksialactone C,TRUE,TRUE,TRUE,keeping sirius,63.31,na,5-Hydroxy-7-methoxy-4-(methoxymethyl)-6-methyl-1(3H)-isobenzofuranone,C12 H14 O5,L3.3
FT_13.705_239.09124,C12 H14 O5,NA,C12 H14 O5,C12 H14 O5,1.660254,"1-(2,4,5-Trimethoxyphenyl)-1,2-propanedione",TRUE,TRUE,TRUE,keeping sirius,63.31,na,5-Hydroxy-7-methoxy-4-(methoxymethyl)-6-methyl-1(3H)-isobenzofuranone,C12 H14 O5,L3.3
FT_13.705_239.09124,C12 H14 O5,NA,C12 H14 O5,C12 H14 O5,1.580263,(3r)-Methyl-8-hydroxy-6-(hydroxymethyl)-7-methoxydihydroisocoumarin,TRUE,TRUE,TRUE,keeping sirius,63.31,na,5-Hydroxy-7-methoxy-4-(methoxymethyl)-6-methyl-1(3H)-isobenzofuranone,C12 H14 O5,L3.3
FT_13.719_329.01355,C15 H9 N2 O3 P S,NA,NA,NA,NA,NA,FALSE,FALSE,TRUE,no name,na,na,no name,C15 H9 N2 O3 P S,L4.3
FT_13.772_283.11761,C14 H18 O6,NA,C14 H18 O6,C15 H14 N4 O2,3.274571,12-Hydroxynevirapine,TRUE,FALSE,FALSE,na,62.27,na,6-[1-Hydroxy-1-(3-methyl-5-oxooxolan-2-yl)ethyl]-4-methoxy-3-methylpyran-2-one,C14 H18 O6,L3.3
FT_13.772_283.11761,C14 H18 O6,NA,C14 H18 O6,C10 H14 N6 O4,3.2683635,2-Aminoadenosine,TRUE,FALSE,FALSE,na,62.27,na,6-[1-Hydroxy-1-(3-methyl-5-oxooxolan-2-yl)ethyl]-4-methoxy-3-methylpyran-2-one,C14 H18 O6,L3.3
FT_13.772_283.11761,C14 H18 O6,NA,C14 H18 O6,C15 H14 N4 O2,3.188248,8-Hydroxynevirapine,TRUE,FALSE,FALSE,na,62.27,na,6-[1-Hydroxy-1-(3-methyl-5-oxooxolan-2-yl)ethyl]-4-methoxy-3-methylpyran-2-one,C14 H18 O6,L3.3
FT_13.807_313.17989,C20 H24 O3,NA,C20 H24 O3,C20 H24 O3,1.1931751,"Methyl (9Z)-10'-oxo-6,10'-diapo-6-carotenoate",TRUE,TRUE,TRUE,keeping cmmrt,,na,Aspergiloid G,C20 H24 O3,L3.3
FT_13.807_313.17989,C20 H24 O3,NA,C20 H24 O3,C20 H24 O3,1.1907909,Aspergiloid G,TRUE,TRUE,TRUE,keeping cmmrt,,na,Aspergiloid G,C20 H24 O3,L3.3
FT_13.807_313.17989,C20 H24 O3,NA,C20 H24 O3,C20 H24 O3,1.187499,Centrolobine,TRUE,TRUE,TRUE,keeping cmmrt,,na,Aspergiloid G,C20 H24 O3,L3.3
FT_13.808_299.11020,C10 H22 N2 O4 S2,NA,C14 H18 O7,C14 H18 O7,2.747179,Picein,FALSE,FALSE,TRUE,na,na,na,Picein,C14 H18 O7,L3.3
FT_13.808_299.11020,C10 H22 N2 O4 S2,NA,C14 H18 O7,C14 H18 O7,2.4013917,Aspergilate D,FALSE,FALSE,TRUE,na,na,na,Picein,C14 H18 O7,L3.3
FT_13.808_299.11020,C10 H22 N2 O4 S2,NA,C14 H18 O7,C14 H18 O7,2.3878448,Aspergilate E,FALSE,FALSE,TRUE,na,na,na,Picein,C14 H18 O7,L3.3
FT_13.809_294.15474,C12 H23 N O7,NA,C12 H23 N O7,C12 H23 N O7,3.1025538,N-(1-Deoxy-1-fructosyl)leucine,TRUE,TRUE,TRUE,Similar structures keeping cmmrt,39.55,na,N-(1-Deoxy-1-fructosyl)leucine,C12 H23 N O7,L3.3
FT_13.809_294.15474,C12 H23 N O7,NA,C12 H23 N O7,C12 H23 N O7,2.9923978,N-(1-Deoxy-1-fructosyl)isoleucine,TRUE,TRUE,TRUE,Similar structures keeping cmmrt,39.55,na,N-(1-Deoxy-1-fructosyl)leucine,C12 H23 N O7,L3.3
FT_13.811_527.18896,C21 H35 O13 P,NA,NA,C28 H30 O10,1.0778173,CID 131752698,FALSE,FALSE,FALSE,na,na,na,Isophysalin G,C28 H30 O10,L3.3
FT_13.811_527.18896,C21 H35 O13 P,NA,NA,C28 H30 O10,0.95513946,Isophysalin G,FALSE,FALSE,FALSE,na,na,na,Isophysalin G,C28 H30 O10,L3.3
FT_13.811_527.18896,C21 H35 O13 P,NA,NA,C28 H30 O10,0.9359385,Physalin F,FALSE,FALSE,FALSE,na,na,na,Isophysalin G,C28 H30 O10,L3.3
FT_13.821_267.12261,C14 H18 O5,NA,C14 H18 O5,C15 H14 N4 O,3.276055,Nevirapine,TRUE,FALSE,FALSE,delete,delete,delete,delete,delete,delete
FT_13.821_267.12261,C14 H18 O5,NA,C14 H18 O5,C15 H14 N4 O,2.957995,N-(1-Methyl-5-indolyl)-N'-(3-pyridyl)urea,TRUE,FALSE,FALSE,delete,delete,delete,delete,delete,delete
FT_13.821_267.12261,C14 H18 O5,NA,C14 H18 O5,C14 H18 O5,2.2504869,Sapidolide A,TRUE,TRUE,TRUE,delete,delete,delete,delete,delete,delete
FT_13.834_205.04949,C11 H8 O4,NA,C11 H8 O4,C11 H8 O4,1.6341745,Spirodilactone,TRUE,TRUE,TRUE,Similar structures keeping sirius,68.02,na,"3,7-Dihydroxy-2-naphthoic acid",C11 H8 O4,L3.3
FT_13.834_205.04949,C11 H8 O4,NA,C11 H8 O4,C11 H8 O4,1.5901651,"1,4-Dihydroxy-6-naphthoic acid",TRUE,TRUE,TRUE,Similar structures keeping sirius,68.02,na,"3,7-Dihydroxy-2-naphthoic acid",C11 H8 O4,L3.3
FT_13.834_205.04949,C11 H8 O4,NA,C11 H8 O4,C11 H8 O4,1.4532697,"1,2-Dihydroxy-8-carboxynaphthalene",TRUE,TRUE,TRUE,Similar structures keeping sirius,68.02,na,"3,7-Dihydroxy-2-naphthoic acid",C11 H8 O4,L3.3
FT_13.836_197.04447,C9 H8 O5,NA,C9 H8 O5,C9 H8 O5,2.9367633,"3-(2,4-Dihydroxyphenyl)-2-oxopropanoic acid",TRUE,TRUE,TRUE,keeping sirius,65.29,na,Haematommic Acid,C9 H8 O5,L3.3
FT_13.836_197.04447,C9 H8 O5,NA,C9 H8 O5,C9 H8 O5,2.93232,"3-(3,5-Dihydroxyphenyl)-2-oxopropanoic acid",TRUE,TRUE,TRUE,keeping sirius,65.29,na,Haematommic Acid,C9 H8 O5,L3.3
FT_13.836_197.04447,C9 H8 O5,NA,C9 H8 O5,C9 H8 O5,2.8703933,"3,4-Dihydroxyphenylpyruvic acid",TRUE,TRUE,TRUE,keeping sirius,65.29,na,Haematommic Acid,C9 H8 O5,L3.3
FT_13.836_283.08127,C13 H14 O7,NA,C13 H14 O7,NA,NA,NA,TRUE,FALSE,FALSE,na,71.2,na,"Benzoic acid, 3,5-bis(acetyloxy)-4-methoxy-, methyl ester",C13 H14 O7,L3.3
FT_13.841_277.10701,C15 H16 O5,NA,C15 H16 O5,C15 H16 O5,2.0079722,Hamaudol,TRUE,TRUE,TRUE,Similar structures keeping sirius,67.28,na,6-[(2S)-2-hydroperoxy-3-methylbut-3-enyl]-7-methoxychromen-2-one,C15 H16 O5,L3.3
FT_13.841_277.10701,C15 H16 O5,NA,C15 H16 O5,C15 H16 O5,1.738631,"4-hydroxy-9-(hydroxymethyl)-6-methyl-3-methylidene-4,5,9a,9b-tetrahydro-3aH-azuleno[4,5-b]furan-2,7-dione",TRUE,TRUE,TRUE,Similar structures keeping sirius,67.28,na,6-[(2S)-2-hydroperoxy-3-methylbut-3-enyl]-7-methoxychromen-2-one,C15 H16 O5,L3.3
FT_13.841_277.10701,C15 H16 O5,NA,C15 H16 O5,C15 H16 O5,1.738631,Lactucin,TRUE,TRUE,TRUE,Similar structures keeping sirius,67.28,na,6-[(2S)-2-hydroperoxy-3-methylbut-3-enyl]-7-methoxychromen-2-one,C15 H16 O5,L3.3
FT_13.868_253.07068,C12 H12 O6,NA,C12 H12 O6,C12 H12 O6,2.6447766,2-O-(Z-p-Hydroxycinnamoyl)-(x)-glyceric acid,TRUE,TRUE,TRUE,keeping sirius,47.48,na,Phloroglucinol triacetate,C12 H12 O6,L3.3
FT_13.868_253.07068,C12 H12 O6,NA,C12 H12 O6,C12 H12 O6,1.7078176,"3-(4,7-Dimethoxy-1,3-benzodioxol-5-yl)prop-2-enoic acid",TRUE,TRUE,TRUE,keeping sirius,47.48,na,Phloroglucinol triacetate,C12 H12 O6,L3.3
FT_13.868_253.07068,C12 H12 O6,NA,C12 H12 O6,C12 H12 O6,1.5394707,"(Z)-3-(6,7-dimethoxy-1,3-benzodioxol-5-yl)-2-hydroxyprop-2-enal",TRUE,TRUE,TRUE,keeping sirius,47.48,na,Phloroglucinol triacetate,C12 H12 O6,L3.3
FT_13.869_285.09687,C14 H12 N4 O3,NA,C13 H16 O7,C13 H16 O7,2.263539,p-Cresol glucuronide,FALSE,FALSE,TRUE,na,na,na,p-Cresol glucuronide,C13 H16 O7,L3.3
FT_13.869_285.09687,C14 H12 N4 O3,NA,C13 H16 O7,C13 H16 O7,2.2245438,2-O-Benzoyl-D-glucose,FALSE,FALSE,TRUE,na,na,na,p-Cresol glucuronide,C13 H16 O7,L3.3
FT_13.869_285.09687,C14 H12 N4 O3,NA,C13 H16 O7,C13 H16 O7,2.103858,D-Vacciniin,FALSE,FALSE,TRUE,na,na,na,p-Cresol glucuronide,C13 H16 O7,L3.3
FT_13.871_307.07895,C9 H15 N4 O6 P,NA,C15 H14 O7,C15 H14 O7,2.6343367,Gallocatechin,FALSE,FALSE,TRUE,na,na,na,Gallocatechin,C15 H14 O7,L3.3
FT_13.871_307.07895,C9 H15 N4 O6 P,NA,C15 H14 O7,C15 H14 O7,2.6343367,Epigallocatechin,FALSE,FALSE,TRUE,na,na,na,Gallocatechin,C15 H14 O7,L3.3
FT_13.871_307.07895,C9 H15 N4 O6 P,NA,C15 H14 O7,C15 H14 O7,2.6343367,"Flavan-3,3',4',5,5',7-hexol",FALSE,FALSE,TRUE,na,na,na,Gallocatechin,C15 H14 O7,L3.3
FT_13.945_255.12251,C13 H18 O5,NA,C13 H18 O5,C13 H18 O5,1.6025642,"Methyl 3-(2,3-dihydroxy-3-methylbutyl)-4-hydroxybenzoate",TRUE,TRUE,TRUE,delete,delete,delete,delete,delete,delete
FT_13.945_255.12251,C13 H18 O5,NA,C13 H18 O5,C12 H22 O2 Si2,1.1944791,"Silane, (o-phenylenedioxy)bis[trimethyl-",TRUE,FALSE,FALSE,delete,delete,delete,delete,delete,delete
FT_13.949_269.10202,C13 H16 O6,NA,C13 H16 O6,C14 H12 N4 O2,2.6886365,Disperse blue 1,TRUE,FALSE,FALSE,delete,delete,delete,delete,delete,delete
FT_13.949_269.10202,C13 H16 O6,NA,C13 H16 O6,C13 H16 O6,1.649636,Methyl 4-methoxy-3-(3'-hydroxy-2'-methyl)propionyloxy-benzoate,TRUE,TRUE,TRUE,delete,delete,delete,delete,delete,delete
FT_13.953_281.13815,C15 H20 O5,NA,C15 H20 O5,C16 H16 N4 O,2.8122761,Hydroxystilbamidine,TRUE,FALSE,FALSE,delete,delete,delete,delete,delete,delete
FT_13.953_281.13815,C15 H20 O5,NA,C15 H20 O5,C15 H20 O5,2.6095939,"(1beta,4alpha,5alpha,6beta,8alpha,10b)-1,10:4,5-Diepoxy-6-hydroxy-7(11)-germacren-12,8-olide",TRUE,TRUE,TRUE,delete,delete,delete,delete,delete,delete
FT_13.953_281.13815,C15 H20 O5,NA,C15 H20 O5,C15 H20 O5,2.2667315,Nigellic acid,TRUE,TRUE,TRUE,keeping sirius,54.88,na,"1-(2,3,4,6-tetramethoxyphenyl)pent-2-en-1-one",C15 H20 O5,L3.3
FT_13.986_227.05508,C10 H10 O6,NA,C10 H10 O6,C10 H10 O6,3.1613073,Prephenic acid,TRUE,TRUE,TRUE,keeping sirius,63.53,na,"4,5-Dimethoxyphthalic acid",C10 H10 O6,L3.3
FT_13.986_227.05508,C10 H10 O6,NA,C10 H10 O6,C10 H10 O6,3.0575037,Chorismic acid,TRUE,TRUE,TRUE,keeping sirius,63.53,na,"4,5-Dimethoxyphthalic acid",C10 H10 O6,L3.3
FT_13.986_227.05508,C10 H10 O6,NA,C10 H10 O6,C10 H10 O6,3.0561392,Isochorismic acid,TRUE,TRUE,TRUE,keeping sirius,63.53,na,"4,5-Dimethoxyphthalic acid",C10 H10 O6,L3.3
FT_14.025_555.22021,C34 H36 O3 P2,NA,NA,C30 H34 O10,1.2434634,"2(3H)-Furanone, dihydro-4-((4-hydroxy-3-(2-hydroxy-2-(4-hydroxy-3-methoxyphenyl)-1-(hydroxymethyl)ethyl)-5-methoxyphenyl)methyl)-3-((4-hydroxy-3-methoxyphenyl)methyl)-, (3R,4R)-",FALSE,FALSE,FALSE,,,na,"2(3H)-Furanone, dihydro-4-((4-hydroxy-3-(2-hydroxy-2-(4-hydroxy-3-methoxyphenyl)-1-(hydroxymethyl)ethyl)-5-methoxyphenyl)methyl)-3-((4-hydroxy-3-methoxyphenyl)methyl)-, (3R,4R)-",C30 H34 O10,L3.3
FT_14.026_374.08225,C7 H16 N7 O9 P,NA,C15 H20 N O6 P S,C11 H20 N O11 P,3.0111969,N-acetylmuramic acid 6-phosphate,FALSE,FALSE,FALSE,na,na,na,N-acetylmuramic acid 6-phosphate,C11 H20 N O11 P,L3.3
FT_14.027_407.11767,C19 H23 N2 O4 P S,NA,C16 H22 O12,C21 H27 BrO3,1.1975687,Braxoron,FALSE,FALSE,FALSE,na,na,na,no name,C16 H22 O12,L4.3
FT_14.027_407.11767,C19 H23 N2 O4 P S,NA,C16 H22 O12,C20 H17 F3 N2 O4,1.186926,"1H-Indole-3-carboxylic acid, 1-(((4-methylphenyl)amino)carbonyl)-2-hydroxy-6-(trifluoromethyl)-, ethyl ester",FALSE,FALSE,FALSE,na,na,na,no name,C16 H22 O12,L4.3
FT_14.074_557.23545,C17 H37 N10 O7 P S,NA,C20 H36 N4 O14,C30 H36 O10,1.1973342,Terreulactone D,FALSE,FALSE,FALSE,delete,delete,delete,delete,delete,delete
FT_14.074_557.23545,C17 H37 N10 O7 P S,NA,C20 H36 N4 O14,C33 H32 MgN4 O3,1.1451256,Pyrochlorophyllide,FALSE,FALSE,FALSE,delete,delete,delete,delete,delete,delete
FT_14.078_239.16427,C14 H22 O3,NA,C14 H22 O3,C14 H22 O3,1.1574861,"(2Z)-3,7-dimethylocta-2,6-dien-1-yl 3-oxobutanoate",TRUE,TRUE,TRUE,delete,delete,delete,delete,delete,delete
FT_14.078_239.16427,C14 H22 O3,NA,C14 H22 O3,C14 H22 O3,1.1323658,Nipyrone B,TRUE,TRUE,TRUE,delete,delete,delete,delete,delete,delete
FT_14.078_239.16427,C14 H22 O3,NA,C14 H22 O3,C14 H22 O3,1.1079175,"3,4-Dimethyl-5-pentyl-2-furanpropanoic acid",TRUE,TRUE,TRUE,delete,delete,delete,delete,delete,delete
FT_14.089_251.12776,C14 H18 O4,NA,C14 H18 O4,C14 H18 O4,1.8449173,Helinorbisabone,TRUE,TRUE,TRUE,Similar structures keeping sirius,74.72,na,Preremirol,C14 H18 O4,L3.3
FT_14.089_251.12776,C14 H18 O4,NA,C14 H18 O4,C14 H18 O4,1.6962774,2-Hydroxy-3-[4-hydroxy-3-(3-methylbut-2-enyl)phenyl]propanoic acid,TRUE,TRUE,TRUE,Similar structures keeping sirius,74.72,na,Preremirol,C14 H18 O4,L3.3
FT_14.089_251.12776,C14 H18 O4,NA,C14 H18 O4,C14 H18 O4,1.5376037,NA,TRUE,TRUE,TRUE,Similar structures keeping sirius,74.72,na,Preremirol,C14 H18 O4,L3.3
FT_14.095_291.12042,C10 H19 N4 O4 P,NA,C16 H18 O5,C11 H18 N2 O7,3.2542005,"N-succinyl-L,L-2,6-diaminopimelate",FALSE,FALSE,FALSE,na,na,na,"N-succinyl-L,L-2,6-diaminopimelate",C11 H18 N2 O7,L3.3
FT_14.095_291.12042,C10 H19 N4 O4 P,NA,C16 H18 O5,C11 H18 N2 O7,3.2542005,"N-succinyl-LL-2,6-diaminopimelic acid",FALSE,FALSE,FALSE,na,na,na,"N-succinyl-L,L-2,6-diaminopimelate",C11 H18 N2 O7,L3.3
FT_14.095_291.12042,C10 H19 N4 O4 P,NA,C16 H18 O5,C16 H18 O5,1.531836,Unii-8jti620gsi,FALSE,FALSE,TRUE,na,na,na,"N-succinyl-L,L-2,6-diaminopimelate",C11 H18 N2 O7,L3.3
FT_14.165_251.16415,C15 H22 O3,NA,C15 H22 O3,C15 H22 O3,2.1815991,Abscisic alcohol,TRUE,TRUE,TRUE,delete,delete,delete,delete,delete,delete
FT_14.165_251.16415,C15 H22 O3,NA,C15 H22 O3,C15 H22 O3,2.1815991,"4-Hydroxy-4-[(1E,3E)-5-hydroxy-3-methylpenta-1,3-dienyl]-3,5,5-trimethylcyclohex-2-en-1-one",TRUE,TRUE,TRUE,delete,delete,delete,delete,delete,delete
FT_14.165_251.16415,C15 H22 O3,NA,C15 H22 O3,C15 H22 O3,1.6405874,Procurcumadiol,TRUE,TRUE,TRUE,delete,delete,delete,delete,delete,delete
FT_14.168_341.12328,C16 H20 O8,NA,C16 H20 O8,C16 H20 O8,2.8041975,Tetrahydrobostrycin,TRUE,TRUE,TRUE,Similar structures keeping cmmrt,27.48,na,"6-(2-Benzyl-3-oxopropoxy)-3,4,5-trihydroxyoxane-2-carboxylic acid",C16 H20 O8,L3.3
FT_14.168_341.12328,C16 H20 O8,NA,C16 H20 O8,C16 H20 O8,2.720693,NA,TRUE,TRUE,TRUE,Similar structures keeping cmmrt,27.48,na,"6-(2-Benzyl-3-oxopropoxy)-3,4,5-trihydroxyoxane-2-carboxylic acid",C16 H20 O8,L3.3
FT_14.168_341.12328,C16 H20 O8,NA,C16 H20 O8,C16 H20 O8,2.7052255,"6-(2-Benzyl-3-oxopropoxy)-3,4,5-trihydroxyoxane-2-carboxylic acid",TRUE,TRUE,TRUE,Similar structures keeping cmmrt,27.48,na,"6-(2-Benzyl-3-oxopropoxy)-3,4,5-trihydroxyoxane-2-carboxylic acid",C16 H20 O8,L3.3
FT_14.255_235.16924,C15 H22 O2,NA,C15 H22 O2,C15 H22 O2,1.3479451,"3-Hydroxy-3,8-dimethyl-5-(propan-2-ylidene)-1,2,3,3a,4,5,6,8a-octahydroazulen-6-one",TRUE,TRUE,TRUE,keeping sirius,68.13,na,"2-[(2S,5S)-5-hydroxy-6-methylhept-6-en-2-yl]-5-methylphenol",C15 H22 O2,L3.3
FT_14.255_235.16924,C15 H22 O2,NA,C15 H22 O2,C15 H22 O2,1.3143364,Chrysantherol,TRUE,TRUE,TRUE,keeping sirius,68.13,na,"2-[(2S,5S)-5-hydroxy-6-methylhept-6-en-2-yl]-5-methylphenol",C15 H22 O2,L3.3
FT_14.255_235.16924,C15 H22 O2,NA,C15 H22 O2,C15 H22 O2,1.3004515,"(3S,3aS,6R,8aS)-3,8-Dimethyl-5-(propan-2-ylidene)-2,3,4,5,6,8a-hexahydro-1H-3a,6-epoxyazulen-6-ol",TRUE,TRUE,TRUE,keeping sirius,68.13,na,"2-[(2S,5S)-5-hydroxy-6-methylhept-6-en-2-yl]-5-methylphenol",C15 H22 O2,L3.3
FT_14.258_323.11261,C16 H18 O7,NA,C16 H18 O7,C16 H18 O7,2.12035,8-beta-Hydroxy-oxocurvularin,TRUE,TRUE,TRUE,delete,delete,delete,delete,delete,delete
FT_14.258_323.11261,C16 H18 O7,NA,C16 H18 O7,C16 H18 O7,1.5792867,8-Methoxy-1-naphthalenol-6-O-alpha-D-ribofuranoside,TRUE,TRUE,TRUE,delete,delete,delete,delete,delete,delete
FT_14.258_323.11261,C16 H18 O7,NA,C16 H18 O7,C19 H16 N O4+,1.5315403,Berberrubine,TRUE,FALSE,FALSE,delete,delete,delete,delete,delete,delete
FT_14.276_311.11260,C15 H18 O7,NA,C15 H18 O7,C15 H18 O7,2.294755,(E)-1-O-Cinnamoyl-beta-D-glucose,TRUE,TRUE,TRUE,"match name cmmrt, sirius (not first option)",38.46,na,1-O-trans-Cinnamoyl-beta-D-glucopyranose,C15 H18 O7,L3.1
FT_14.276_311.11260,C15 H18 O7,NA,C15 H18 O7,C15 H18 O7,2.2947543,1-O-trans-Cinnamoyl-beta-D-glucopyranose,TRUE,TRUE,TRUE,"match name cmmrt, sirius (not first option)",38.46,na,1-O-trans-Cinnamoyl-beta-D-glucopyranose,C15 H18 O7,L3.1
FT_14.276_311.11260,C15 H18 O7,NA,C15 H18 O7,C15 H18 O7,2.1476743,(E)-2-O-Cinnamoyl-beta-D-glucopyranose,TRUE,TRUE,TRUE,"match name cmmrt, sirius (not first option)",38.46,na,1-O-trans-Cinnamoyl-beta-D-glucopyranose,C15 H18 O7,L3.1
FT_14.283_325.12829,C13 H12 N10 O,NA,NA,C16 H20 O7,2.3548946,9Alpha-Hydroxydihydrodesoxybostrycin,FALSE,FALSE,FALSE,delete,delete,delete,delete,delete,delete
FT_14.283_325.12829,C13 H12 N10 O,NA,NA,C16 H20 O7,2.1461856,"3,4,5-trihydroxy-6-[(E)-4-phenylbut-3-en-2-yl]oxyoxane-2-carboxylic acid",FALSE,FALSE,FALSE,delete,delete,delete,delete,delete,delete
FT_14.283_325.12829,C13 H12 N10 O,NA,NA,C16 H20 O7,1.994217,"3,4,5-trihydroxy-6-[(E)-2-methyl-3-phenylprop-2-enoxy]oxane-2-carboxylic acid",FALSE,FALSE,FALSE,delete,delete,delete,delete,delete,delete
FT_14.285_293.10194,C15 H16 O6,NA,C15 H16 O6,C15 H16 O6,2.5351048,CID 31306,TRUE,TRUE,TRUE,delete,delete,delete,delete,delete,delete
FT_14.285_293.10194,C15 H16 O6,NA,C15 H16 O6,C15 H16 O6,2.5351048,Picrotoxinin,TRUE,TRUE,TRUE,delete,delete,delete,delete,delete,delete
FT_14.285_293.10194,C15 H16 O6,NA,C15 H16 O6,C15 H16 O6,2.4545426,NA,TRUE,TRUE,TRUE,delete,delete,delete,delete,delete,delete
FT_14.289_217.08594,C13 H12 O3,NA,C13 H12 O3,C13 H12 O3,1.4561741,Bis(4-hydroxyphenyl)methanol,TRUE,TRUE,TRUE,keeping sirius,79.6,na,Euparin,C13 H12 O3,L3.3
FT_14.289_217.08594,C13 H12 O3,NA,C13 H12 O3,C13 H12 O3,1.4091722,Allenolic acid,TRUE,TRUE,TRUE,keeping sirius,79.6,na,Euparin,C13 H12 O3,L3.3
FT_14.289_217.08594,C13 H12 O3,NA,C13 H12 O3,C13 H12 O3,1.2588241,NA,TRUE,TRUE,TRUE,keeping sirius,79.6,na,Euparin,C13 H12 O3,L3.3
FT_14.295_253.07057,C6 H13 N4 O5 P,NA,C12 H12 O6,C12 H12 O6,2.6925347,2-O-(Z-p-Hydroxycinnamoyl)-(x)-glyceric acid,FALSE,FALSE,TRUE,delete,delete,delete,delete,delete,delete
FT_14.295_253.07057,C6 H13 N4 O5 P,NA,C12 H12 O6,C12 H12 O6,1.75014,"3-(4,7-Dimethoxy-1,3-benzodioxol-5-yl)prop-2-enoic acid",FALSE,FALSE,TRUE,delete,delete,delete,delete,delete,delete
FT_14.295_253.07057,C6 H13 N4 O5 P,NA,C12 H12 O6,C12 H12 O6,1.5814316,"(Z)-3-(6,7-dimethoxy-1,3-benzodioxol-5-yl)-2-hydroxyprop-2-enal",FALSE,FALSE,TRUE,delete,delete,delete,delete,delete,delete
FT_14.358_555.22021,C26 H30 N6 O8,NA,NA,C30 H34 O10,1.2765504,"2(3H)-Furanone, dihydro-4-((4-hydroxy-3-(2-hydroxy-2-(4-hydroxy-3-methoxyphenyl)-1-(hydroxymethyl)ethyl)-5-methoxyphenyl)methyl)-3-((4-hydroxy-3-methoxyphenyl)methyl)-, (3R,4R)-",FALSE,FALSE,FALSE,na,na,na,"2(3H)-Furanone, dihydro-4-((4-hydroxy-3-(2-hydroxy-2-(4-hydroxy-3-methoxyphenyl)-1-(hydroxymethyl)ethyl)-5-methoxyphenyl)methyl)-3-((4-hydroxy-3-methoxyphenyl)methyl)-, (3R,4R)-",C30 H34 O10,L3.3
FT_14.359_351.07529,C15 H15 N2 O6 P,NA,C14 H14 N4 O5 S,C14 H14 N4 O5 S,2.584489,Sulfometuron,FALSE,FALSE,TRUE,na,na,na,Sulfometuron,C14 H14 N4 O5 S,L3.3
FT_14.362_407.11799,C14 H18 N10 O S2,NA,C16 H22 O12,C21 H27 BrO3,1.2278303,Braxoron,FALSE,FALSE,FALSE,na,na,yes,no name,C16 H22 O12,L4.3
FT_14.362_407.11799,C14 H18 N10 O S2,NA,C16 H22 O12,C20 H17 F3 N2 O4,1.2171466,"1H-Indole-3-carboxylic acid, 1-(((4-methylphenyl)amino)carbonyl)-2-hydroxy-6-(trifluoromethyl)-, ethyl ester",FALSE,FALSE,FALSE,na,na,yes,no name,C16 H22 O12,L4.3
FT_14.385_253.14446,C7 H22 N6 P2,NA,C14 H20 O4,C14 H20 O4,1.615761,3alpha-Hydroxyoreadone,FALSE,FALSE,TRUE,delete,delete,delete,delete,delete,delete
FT_14.385_253.14446,C7 H22 N6 P2,NA,C14 H20 O4,C14 H20 O4,1.3363967,Aspergillide C,FALSE,FALSE,TRUE,delete,delete,delete,delete,delete,delete
FT_14.385_253.14446,C7 H22 N6 P2,NA,C14 H20 O4,C14 H20 O4,1.1851387,"2,2,4,4-Tetramethyl-6-(1-oxobutyl)-1,3,5-cyclohexanetrione",FALSE,FALSE,TRUE,delete,delete,delete,delete,delete,delete
FT_14.394_281.13832,C15 H20 O5,NA,C15 H20 O5,C16 H16 N4 O,2.8623385,Hydroxystilbamidine,TRUE,FALSE,FALSE,Similar structure keeping cmmrt,62.64,na,"(1beta,4alpha,5alpha,6beta,8alpha,10b)-1,10:4,5-Diepoxy-6-hydroxy-7(11)-germacren-12,8-olide",C15 H20 O5,L3.3
FT_14.394_281.13832,C15 H20 O5,NA,C15 H20 O5,C15 H20 O5,2.6583009,"(1beta,4alpha,5alpha,6beta,8alpha,10b)-1,10:4,5-Diepoxy-6-hydroxy-7(11)-germacren-12,8-olide",TRUE,TRUE,TRUE,Similar structure keeping cmmrt,62.64,na,"(1beta,4alpha,5alpha,6beta,8alpha,10b)-1,10:4,5-Diepoxy-6-hydroxy-7(11)-germacren-12,8-olide",C15 H20 O5,L3.3
FT_14.394_281.13832,C15 H20 O5,NA,C15 H20 O5,C15 H20 O5,2.3131795,Nigellic acid,TRUE,TRUE,TRUE,Similar structure keeping cmmrt,62.64,na,"(1beta,4alpha,5alpha,6beta,8alpha,10b)-1,10:4,5-Diepoxy-6-hydroxy-7(11)-germacren-12,8-olide",C15 H20 O5,L3.3
FT_14.462_349.12818,C18 H20 O7,NA,C18 H20 O7,C18 H20 O7,1.678204,"2-[3-hydroxy-2-methoxy-4-(methoxymethyl)phenyl]-3,4-dihydro-2H-chromene-3,5,7-triol",TRUE,TRUE,TRUE,"match name cmmrt, sirius (not first option)",40.79,na,"1-(2,4,6-Trihydroxyphenyl)-3-(3,4,5-trimethoxyphenyl)propan-1-one",C18 H20 O7,L3.1
FT_14.462_349.12818,C18 H20 O7,NA,C18 H20 O7,C18 H21 ClN2 O3,1.2527181,"5-(5-(6-Chloro-4-(4,5-dihydro-2-oxazolyl)phenoxy)pentyl)-3-methyl isoxazole",TRUE,FALSE,FALSE,"match name cmmrt, sirius (not first option)",40.79,na,"1-(2,4,6-Trihydroxyphenyl)-3-(3,4,5-trimethoxyphenyl)propan-1-one",C18 H20 O7,L3.1
FT_14.462_349.12818,C18 H20 O7,NA,C18 H20 O7,C18 H20 O7,1.2375702,"1-(2,4,6-Trihydroxyphenyl)-3-(3,4,5-trimethoxyphenyl)propan-1-one",TRUE,TRUE,TRUE,"match name cmmrt, sirius (not first option)",40.79,na,"1-(2,4,6-Trihydroxyphenyl)-3-(3,4,5-trimethoxyphenyl)propan-1-one",C18 H20 O7,L3.1
FT_14.504_193.11979,C8 H12 N6,NA,C12 H16 O2,NA,NA,NA,FALSE,FALSE,FALSE,delete,delete,delete,delete,delete,delete
FT_14.505_551.18902,C16 H37 N6 O9 P3,NA,NA,NA,NA,NA,FALSE,FALSE,TRUE,delete,delete,delete,delete,delete,delete
FT_14.524_257.13847,C13 H20 O5,NA,C13 H20 O5,C13 H20 O5,1.8483113,"2-[4-(3-Hydroxypropyl)-2-methoxyphenoxy]-1,3-propanediol",TRUE,TRUE,TRUE,keeping sirius,68.47,na,Colisiderin A,C13 H20 O5,L3.3
FT_14.524_257.13847,C13 H20 O5,NA,C13 H20 O5,C13 H20 O5,1.6660471,"1-Methoxy-1-(2,4,5-trimethoxyphenyl)-2-propanol",TRUE,TRUE,TRUE,keeping sirius,68.47,na,Colisiderin A,C13 H20 O5,L3.3
FT_14.531_253.17983,C15 H24 O3,NA,C15 H24 O3,C15 H24 O3,2.2680004,"6-(Hydroxymethyl)-1,2,10-trimethyl-7-oxatricyclo[6.4.0.0^{2,6}]dodec-9-en-4-ol",TRUE,TRUE,TRUE,keeping sirius,76.92,na,Ethyl 2-methyl-4-oxo-6-pentylcyclohex-2-ene-1-carboxylate,C15 H24 O3,L3.3
FT_14.531_253.17983,C15 H24 O3,NA,C15 H24 O3,C15 H24 O3,2.1231904,"(4R,5S,7R,11R)-11,12-Dihydroxy-1(10)-spirovetiven-2-one",TRUE,TRUE,TRUE,keeping sirius,76.92,na,Ethyl 2-methyl-4-oxo-6-pentylcyclohex-2-ene-1-carboxylate,C15 H24 O3,L3.3
FT_14.531_253.17983,C15 H24 O3,NA,C15 H24 O3,C15 H24 O3,2.1052427,5-Demethoxyfumagillol,TRUE,TRUE,TRUE,keeping sirius,76.92,na,Ethyl 2-methyl-4-oxo-6-pentylcyclohex-2-ene-1-carboxylate,C15 H24 O3,L3.3
FT_14.539_225.11216,C12 H16 O4,NA,C12 H16 O4,C13 H12 N4,3.1310136,"2-Amino-1-methyl-6-phenylimidazo[4,5-b]pyridine",TRUE,FALSE,FALSE,delete,delete,delete,delete,delete,delete
FT_14.539_225.11216,C12 H16 O4,NA,C12 H16 O4,C12 H16 O4,2.0845838,"6-Methoxy-3-(3-methylbut-2-enyl)benzene-1,2,4-triol",TRUE,TRUE,TRUE,keeping sirius,74.29,na,"Ethyl 6-ethyl-2,4-dihydroxy-3-methylbenzoate",C12 H16 O4,L3.3
FT_14.539_225.11216,C12 H16 O4,NA,C12 H16 O4,C12 H16 O4,2.0716968,"(5S,6X)-6-Ethyl-5-hydroxy-3-hydroxymethyl-5,6,7,8-tetrahydrobenzo[b]pyran-4-one",TRUE,TRUE,TRUE,keeping sirius,74.29,na,"Ethyl 6-ethyl-2,4-dihydroxy-3-methylbenzoate",C12 H16 O4,L3.3
FT_14.546_457.18571,C17 H34 N2 O8 P2,NA,NA,C25 H28 O8,1.4359841,NA,FALSE,FALSE,FALSE,delete,delete,delete,delete,delete,delete
FT_14.546_457.18571,C17 H34 N2 O8 P2,NA,NA,C25 H28 O8,1.1288377,"3,4,5-trihydroxy-6-[(E)-5-oxo-1,7-diphenylhept-1-en-3-yl]oxyoxane-2-carboxylic acid",FALSE,FALSE,FALSE,delete,delete,delete,delete,delete,delete
FT_14.546_457.18571,C17 H34 N2 O8 P2,NA,NA,C25 H28 O8,1.1148018,"(1S,2R,5R,7R,8R,9S,13R)-8-hydroxy-2,6',6',9,13-pentamethyl-6,16-dimethylidenespiro[10,14,17-trioxapentacyclo[7.6.1.17,12.01,12.02,7]heptadecane-5,5'-pyran]-2',11,15-trione",FALSE,FALSE,FALSE,delete,delete,delete,delete,delete,delete
FT_14.548_555.22039,C27 H26 N10 O4,NA,C30 H34 O10,C30 H34 O10,1.2950872,"2(3H)-Furanone, dihydro-4-((4-hydroxy-3-(2-hydroxy-2-(4-hydroxy-3-methoxyphenyl)-1-(hydroxymethyl)ethyl)-5-methoxyphenyl)methyl)-3-((4-hydroxy-3-methoxyphenyl)methyl)-, (3R,4R)-",FALSE,FALSE,TRUE,delete,delete,delete,delete,delete,delete
FT_14.564_219.10168,C13 H14 O3,NA,C13 H14 O3,C13 H14 O3,2.0095413,Asperfuran,TRUE,TRUE,TRUE,delete,delete,delete,delete,delete,delete
FT_14.564_219.10168,C13 H14 O3,NA,C13 H14 O3,C13 H14 O3,1.9480412,(R)-Bitalin A,TRUE,TRUE,TRUE,delete,delete,delete,delete,delete,delete
FT_14.564_219.10168,C13 H14 O3,NA,C13 H14 O3,C13 H14 O3,1.1906661,Toxol,TRUE,TRUE,TRUE,delete,delete,delete,delete,delete,delete
FT_14.606_265.14325,C15 H20 O4,NA,C15 H20 O4,C15 H20 O4,1.9736539,"4-Ethenyl-2-(2-hydroxypropan-2-yl)-8-methyl-1-oxaspiro[4.5]dec-7-ene-6,9-dione",TRUE,TRUE,TRUE,keeping sirius,77.82,na,"2'-Hydroxy4',6'-dimethoxy-3'-(3-methyl-2-butenyl)acetophenone",C15 H20 O4,L3.3
FT_14.606_265.14325,C15 H20 O4,NA,C15 H20 O4,C15 H20 O4,1.8699207,(-)-Abscisic acid,TRUE,TRUE,TRUE,keeping sirius,77.82,na,"2'-Hydroxy4',6'-dimethoxy-3'-(3-methyl-2-butenyl)acetophenone",C15 H20 O4,L3.3
FT_14.606_265.14325,C15 H20 O4,NA,C15 H20 O4,C15 H20 O4,1.8699207,(+)-Abscisic acid,TRUE,TRUE,TRUE,keeping sirius,77.82,na,"2'-Hydroxy4',6'-dimethoxy-3'-(3-methyl-2-butenyl)acetophenone",C15 H20 O4,L3.3
FT_14.607_247.09646,C14 H14 O4,NA,NA,C14 H14 O4,2.8369427,"(2Z,4E,6Z,8E,10E,12Z)-tetradeca-2,4,6,8,10,12-hexaenedioic acid",FALSE,TRUE,FALSE,delete,delete,delete,delete,delete,delete
FT_14.607_247.09646,C14 H14 O4,NA,NA,C14 H14 O4,1.6822226,p-Hydroxykavain,FALSE,TRUE,FALSE,delete,delete,delete,delete,delete,delete
FT_14.607_247.09646,C14 H14 O4,NA,NA,C14 H14 O4,1.6806692,7-Hydroxy-8-(2-hydroxy-3-methylbut-3-enyl)chromen-2-one,FALSE,TRUE,FALSE,delete,delete,delete,delete,delete,delete
FT_14.624_313.12824,C15 H20 O7,NA,C15 H20 O7,C15 H20 O7,3.1467001,CID 440908,TRUE,TRUE,TRUE,"match name cmmrt, sirius (not first option)",42.8,na,p-Coumaryl alcohol 4-O-glucoside,C15 H20 O7,L3.1
FT_14.624_313.12824,C15 H20 O7,NA,C15 H20 O7,C15 H20 O7,3.0208716,p-Coumaryl alcohol 4-O-glucoside,TRUE,TRUE,TRUE,"match name cmmrt, sirius (not first option)",42.8,na,p-Coumaryl alcohol 4-O-glucoside,C15 H20 O7,L3.1
FT_14.624_313.12824,C15 H20 O7,NA,C15 H20 O7,C15 H20 O7,2.5332208,"(2S,3R,4R,5S,6R)-3-(dimethylamino)-6-(hydroxymethyl)tetrahydropyran-2,4,5-triol",TRUE,TRUE,TRUE,"match name cmmrt, sirius (not first option)",42.8,na,p-Coumaryl alcohol 4-O-glucoside,C15 H20 O7,L3.1
FT_14.645_239.09135,C12 H14 O5,NA,C12 H14 O5,C12 H14 O5,1.9106461,Banksialactone C,TRUE,TRUE,TRUE,Similar structures keeping sirius,67.9,na,"2'-Acetoxy-4',6'-dimethoxyacetophenone",C12 H14 O5,L3.3
FT_14.645_239.09135,C12 H14 O5,NA,C12 H14 O5,C12 H14 O5,1.7526205,"1-(2,4,5-Trimethoxyphenyl)-1,2-propanedione",TRUE,TRUE,TRUE,Similar structures keeping sirius,67.9,na,"2'-Acetoxy-4',6'-dimethoxyacetophenone",C12 H14 O5,L3.3
FT_14.645_239.09135,C12 H14 O5,NA,C12 H14 O5,C12 H14 O5,1.6722124,(3r)-Methyl-8-hydroxy-6-(hydroxymethyl)-7-methoxydihydroisocoumarin,TRUE,TRUE,TRUE,Similar structures keeping sirius,67.9,na,"2'-Acetoxy-4',6'-dimethoxyacetophenone",C12 H14 O5,L3.3
FT_14.657_263.12762,C15 H18 O4,NA,C15 H18 O4,C15 H18 O4,1.7567644,Ustusorane A,TRUE,TRUE,TRUE,delete,delete,delete,delete,delete,delete
FT_14.657_263.12762,C15 H18 O4,NA,C15 H18 O4,C15 H18 O4,1.7197891,Farinosin,TRUE,TRUE,TRUE,delete,delete,delete,delete,delete,delete
FT_14.657_263.12762,C15 H18 O4,NA,C15 H18 O4,C15 H18 O4,1.6901382,"2-(2-Hydroxy-1,3,3-trimethyl-4-oxocyclopentyl)-5-methylcyclohexa-2,5-diene-1,4-dione",TRUE,TRUE,TRUE,delete,delete,delete,delete,delete,delete
FT_14.657_321.13330,C17 H20 O6,NA,C17 H20 O6,C15 H17 F N4 O3,2.554543,Enoxacin,TRUE,FALSE,FALSE,delete,delete,delete,delete,delete,delete
FT_14.657_321.13330,C17 H20 O6,NA,C17 H20 O6,C17 H20 O6,2.0138364,Oleacein,TRUE,TRUE,TRUE,delete,delete,delete,delete,delete,delete
FT_14.657_321.13330,C17 H20 O6,NA,C17 H20 O6,C17 H20 O6,1.996705,"5-Hydroxy-8-(2-hydroxypropan-2-yl)-4-(1-hydroxypropyl)-8,9-dihydrouro[2,3-h]chromen-2-one",TRUE,TRUE,TRUE,delete,delete,delete,delete,delete,delete
FT_14.657_339.14390,C17 H22 O7,NA,C17 H22 O7,C17 H22 O7,2.3338559,15-Acetyl-4-deoxynivalenol,TRUE,TRUE,TRUE,"No match, low sirius %, keeping cmmrt higher zscore",NA,na,15-Acetyl-4-deoxynivalenol,C17 H22 O7,L3.3
FT_14.657_339.14390,C17 H22 O7,NA,C17 H22 O7,C17 H22 O7,2.302863,Acetyldeoxynivalenol,TRUE,TRUE,TRUE,"No match, low sirius %, keeping cmmrt higher zscore",NA,na,15-Acetyl-4-deoxynivalenol,C17 H22 O7,L3.3
FT_14.657_339.14390,C17 H22 O7,NA,C17 H22 O7,C20 H20 N O4+,2.1917453,Jatrorrhizine,TRUE,FALSE,FALSE,"No match, low sirius %, keeping cmmrt higher zscore",NA,na,15-Acetyl-4-deoxynivalenol,C17 H22 O7,L3.3
FT_14.660_293.13831,C16 H20 O5,NA,C16 H20 O5,C12 H16 N6 O3,3.6362872,DL-Histidyl-DL-histidine,TRUE,FALSE,FALSE,delete,delete,delete,delete,delete,delete
FT_14.660_293.13831,C16 H20 O5,NA,C16 H20 O5,C17 H16 N4 O,3.0896769,"Benzo(1,2-b:4,5-b')dipyrrole-1(2H)-carboxamide, 3,5-dihydro-5-methyl-N-3-pyridinyl-",TRUE,FALSE,FALSE,delete,delete,delete,delete,delete,delete
FT_14.660_293.13831,C16 H20 O5,NA,C16 H20 O5,C16 H20 O5,1.5214094,Botryosphaerin F,TRUE,TRUE,TRUE,delete,delete,delete,delete,delete,delete
FT_14.672_325.12826,C16 H20 O7,NA,C16 H20 O7,C16 H20 O7,2.395303,9Alpha-Hydroxydihydrodesoxybostrycin,TRUE,TRUE,TRUE,delete,delete,delete,delete,delete,delete
FT_14.672_325.12826,C16 H20 O7,NA,C16 H20 O7,C16 H20 O7,2.1854486,"3,4,5-trihydroxy-6-[(E)-4-phenylbut-3-en-2-yl]oxyoxane-2-carboxylic acid",TRUE,TRUE,TRUE,delete,delete,delete,delete,delete,delete
FT_14.672_325.12826,C16 H20 O7,NA,C16 H20 O7,C16 H20 O7,2.0327065,"3,4,5-trihydroxy-6-[(E)-2-methyl-3-phenylprop-2-enoxy]oxane-2-carboxylic acid",TRUE,TRUE,TRUE,delete,delete,delete,delete,delete,delete
FT_14.679_223.09651,C12 H14 O4,NA,C12 H14 O4,C12 H14 O4,2.324355,Dihydrodeoxy-8-epiaustdiol,TRUE,TRUE,TRUE,delete,delete,delete,delete,delete,delete
FT_14.679_223.09651,C12 H14 O4,NA,C12 H14 O4,C12 H14 O4,2.0751412,Asperunguisone A,TRUE,TRUE,TRUE,delete,delete,delete,delete,delete,delete
FT_14.679_223.09651,C12 H14 O4,NA,C12 H14 O4,C12 H14 O4,2.0751407,Asperunguisone B,TRUE,TRUE,TRUE,delete,delete,delete,delete,delete,delete
FT_14.703_251.09138,C13 H14 O5,NA,C13 H14 O5,C13 H14 O5,2.9472623,"3-(1,2,4-Trihydroxybutyl)isochromen-1-one",TRUE,TRUE,TRUE,"Similar structure sirius (not first option), keeping cmmrt",43.87,na,Azanigerone E,C13 H14 O5,L3.3
FT_14.703_251.09138,C13 H14 O5,NA,C13 H14 O5,C13 H14 O5,2.721045,"7-hydroxy-3-(2-hydroxypropyl)-7-methyl-6H-2-benzopyran-6,8(7H)-dione",TRUE,TRUE,TRUE,"Similar structure sirius (not first option), keeping cmmrt",43.87,na,Azanigerone E,C13 H14 O5,L3.3
FT_14.703_251.09138,C13 H14 O5,NA,C13 H14 O5,C13 H14 O5,2.6470761,NA,TRUE,TRUE,TRUE,"Similar structure sirius (not first option), keeping cmmrt",43.87,na,Azanigerone E,C13 H14 O5,L3.3
FT_14.720_307.11764,C16 H18 O6,NA,C16 H18 O6,C16 H18 O6,1.7922665,7-Oxocurvularin,TRUE,TRUE,TRUE,"match name cmmrt, sirius",68.42,na,7-Oxocurvularin,C16 H18 O6,L3.1
FT_14.720_307.11764,C16 H18 O6,NA,C16 H18 O6,C16 H18 O6,1.7340431,Cimifugin,TRUE,TRUE,TRUE,"match name cmmrt, sirius",68.42,na,7-Oxocurvularin,C16 H18 O6,L3.1
FT_14.720_307.11764,C16 H18 O6,NA,C16 H18 O6,C16 H18 O6,1.6587638,NA,TRUE,TRUE,TRUE,"match name cmmrt, sirius",68.42,na,7-Oxocurvularin,C16 H18 O6,L3.1
FT_14.729_283.11759,C14 H18 O6,NA,C14 H18 O6,C15 H14 N4 O2,3.389901,12-Hydroxynevirapine,TRUE,FALSE,FALSE,na,na,yes,no name,C14 H18 O6,L4.1
FT_14.729_283.11759,C14 H18 O6,NA,C14 H18 O6,C10 H14 N6 O4,3.3764606,2-Aminoadenosine,TRUE,FALSE,FALSE,na,na,yes,no name,C14 H18 O6,L4.1
FT_14.729_283.11759,C14 H18 O6,NA,C14 H18 O6,C15 H14 N4 O2,3.302315,8-Hydroxynevirapine,TRUE,FALSE,FALSE,na,na,yes,no name,C14 H18 O6,L4.1
FT_14.738_217.08595,C13 H12 O3,NA,C13 H12 O3,C13 H12 O3,1.4990498,Bis(4-hydroxyphenyl)methanol,TRUE,TRUE,TRUE,delete,delete,delete,delete,delete,delete
FT_14.738_217.08595,C13 H12 O3,NA,C13 H12 O3,C13 H12 O3,1.4521604,Allenolic acid,TRUE,TRUE,TRUE,delete,delete,delete,delete,delete,delete
FT_14.738_217.08595,C13 H12 O3,NA,C13 H12 O3,C13 H12 O3,1.3025187,NA,TRUE,TRUE,TRUE,delete,delete,delete,delete,delete,delete
FT_14.743_315.12049,C12 H19 N4 O4 P,NA,NA,C14 H14 N6 O3,3.0334113,NA,FALSE,FALSE,FALSE,delete,delete,delete,delete,delete,delete
FT_14.743_315.12049,C12 H19 N4 O4 P,NA,NA,C18 H18 O5,1.6866684,5-Hydroxyenterolactone,FALSE,FALSE,FALSE,delete,delete,delete,delete,delete,delete
FT_14.743_315.12049,C12 H19 N4 O4 P,NA,NA,C18 H18 O5,1.5759438,4-Hydroxyenterolactone,FALSE,FALSE,FALSE,delete,delete,delete,delete,delete,delete
FT_14.757_253.10702,C13 H16 O5,NA,C13 H16 O5,C13 H16 O5,2.3180923,"2,4-Dihydroxy-6-(4-hydroxy-2-oxopentyl)-3-methylbenzaldehyde",TRUE,TRUE,TRUE,delete,delete,delete,delete,delete,delete
FT_14.757_253.10702,C13 H16 O5,NA,C13 H16 O5,C13 H16 O5,2.2835987,"2-[2,4,6-Trihydroxy-3-(3-methylbut-2-enyl)phenyl]acetic acid",TRUE,TRUE,TRUE,delete,delete,delete,delete,delete,delete
FT_14.757_253.10702,C13 H16 O5,NA,C13 H16 O5,C13 H16 O5,1.9177243,"2-[2,4-Dihydroxy-3-(3-methylbut-2-enyl)phenyl]-2-hydroxyacetic acid",TRUE,TRUE,TRUE,delete,delete,delete,delete,delete,delete
FT_14.761_275.12771,C16 H18 O4,NA,C16 H18 O4,C16 H18 O4,1.7823229,"4,4'-Dihydroxy-3,5-dimethoxydihydrostilbene",TRUE,TRUE,TRUE,delete,delete,delete,delete,delete,delete
FT_14.761_275.12771,C16 H18 O4,NA,C16 H18 O4,C16 H18 O4,1.6233264,"3',4-Dihydroxy-3,5'-dimethoxybibenzyl",TRUE,TRUE,TRUE,delete,delete,delete,delete,delete,delete
FT_14.761_275.12771,C16 H18 O4,NA,C16 H18 O4,C16 H18 O4,1.4672408,"3,3'-Dihydroxy-4,5dimethoxybibenzyl",TRUE,TRUE,TRUE,delete,delete,delete,delete,delete,delete
FT_14.762_328.17552,C16 H25 N O6,NA,C17 H21 N5 O2,NA,NA,NA,FALSE,FALSE,FALSE,na,na,yes,no name,C16 H25 N O6,L4.3
FT_14.823_269.13832,C14 H20 O5,NA,C14 H20 O5,C15 H16 N4 O,2.943011,Ripazepam,TRUE,FALSE,FALSE,keeping sirius,60.29,na,"6-[(E)-4,5-dihydroxy-4-methylhex-2-en-2-yl]-4-methoxy-3-methylpyran-2-one",C14 H20 O5,L3.3
FT_14.823_269.13832,C14 H20 O5,NA,C14 H20 O5,C14 H20 O5,2.6256673,Kamahine C,TRUE,TRUE,TRUE,keeping sirius,60.29,na,"6-[(E)-4,5-dihydroxy-4-methylhex-2-en-2-yl]-4-methoxy-3-methylpyran-2-one",C14 H20 O5,L3.3
FT_14.823_269.13832,C14 H20 O5,NA,C14 H20 O5,C14 H20 O5,1.5666701,Huaspenone B,TRUE,TRUE,TRUE,keeping sirius,60.29,na,"6-[(E)-4,5-dihydroxy-4-methylhex-2-en-2-yl]-4-methoxy-3-methylpyran-2-one",C14 H20 O5,L3.3
FT_14.827_427.13880,C24 H26 O3 S2,NA,NA,C19 H18 N6 O6,1.4468783,Nicarbazin,FALSE,FALSE,FALSE,delete,delete,delete,delete,delete,delete
FT_14.827_427.13880,C24 H26 O3 S2,NA,NA,C23 H22 O8,1.2628773,Austocystin E,FALSE,FALSE,FALSE,delete,delete,delete,delete,delete,delete
FT_14.827_427.13880,C24 H26 O3 S2,NA,NA,C23 H22 O8,1.2217507,methyl (2R)-4-hydroxy-2-[[4-hydroxy-3-(2-oxopropyl)phenyl]methyl]-3-(4-methoxyphenyl)-5-oxofuran-2-carboxylate,FALSE,FALSE,FALSE,delete,delete,delete,delete,delete,delete
FT_14.851_459.10528,C19 H23 O11 P,NA,C20 H19 N4 O7 P,NA,NA,NA,FALSE,FALSE,FALSE,na,69.25,na,6-(Naphthalen-2-Yl)-9-(5-O-Phosphono-Beta-D-Ribofuranosyl)-9h-Purine,C20 H19 N4 O7 P,L3.3
FT_14.862_227.09138,C11 H14 O5,NA,C11 H14 O5,C11 H14 O5,2.5273187,"5-(3,5-Dihydroxyphenyl)-4-hydroxyvaleric acid",TRUE,TRUE,TRUE,keeping sirius,97.45,na,"Methyl 3,4,5-trimethoxybenzoate",C11 H14 O5,L3.3
FT_14.862_227.09138,C11 H14 O5,NA,C11 H14 O5,C11 H14 O5,2.4182131,"4-Hydroxy-(3',4'-dihydroxyphenyl)-valeric acid",TRUE,TRUE,TRUE,keeping sirius,97.45,na,"Methyl 3,4,5-trimethoxybenzoate",C11 H14 O5,L3.3
FT_14.862_227.09138,C11 H14 O5,NA,C11 H14 O5,C11 H14 O5,2.405704,Dihydrosinapic acid,TRUE,TRUE,TRUE,keeping sirius,97.45,na,"Methyl 3,4,5-trimethoxybenzoate",C11 H14 O5,L3.3
FT_14.869_219.10139,C13 H14 O3,NA,C13 H14 O3,C13 H14 O3,2.0391827,Asperfuran,TRUE,TRUE,TRUE,"match name cmmrt, sirius (not first option)",67.52,na,Toxol,C13 H14 O3,L3.1
FT_14.869_219.10139,C13 H14 O3,NA,C13 H14 O3,C13 H14 O3,1.9774659,(R)-Bitalin A,TRUE,TRUE,TRUE,"match name cmmrt, sirius (not first option)",67.52,na,Toxol,C13 H14 O3,L3.1
FT_14.869_219.10139,C13 H14 O3,NA,C13 H14 O3,C13 H14 O3,1.2204123,Toxol,TRUE,TRUE,TRUE,"match name cmmrt, sirius (not first option)",67.52,na,Toxol,C13 H14 O3,L3.1
FT_14.922_277.10706,C15 H16 O5,NA,C15 H16 O5,C15 H16 O5,2.116505,Hamaudol,TRUE,TRUE,TRUE,delete,delete,delete,delete,delete,delete
FT_14.922_277.10706,C15 H16 O5,NA,C15 H16 O5,C15 H16 O5,1.8438822,"4-hydroxy-9-(hydroxymethyl)-6-methyl-3-methylidene-4,5,9a,9b-tetrahydro-3aH-azuleno[4,5-b]furan-2,7-dione",TRUE,TRUE,TRUE,delete,delete,delete,delete,delete,delete
FT_14.922_277.10706,C15 H16 O5,NA,C15 H16 O5,C15 H16 O5,1.8438822,Lactucin,TRUE,TRUE,TRUE,delete,delete,delete,delete,delete,delete
FT_14.964_291.15877,C17 H22 O4,NA,C17 H22 O4,C17 H22 O4,1.2954736,Laurenobiolide,TRUE,TRUE,TRUE,keeping sirius,48.29,na,1-(o-Methoxybenzyl)-2-oxocyclohexanepropionic acid,C17 H22 O4,L3.3
FT_14.964_291.15877,C17 H22 O4,NA,C17 H22 O4,C17 H22 O4,1.2954736,Laurenoniolide,TRUE,TRUE,TRUE,keeping sirius,48.29,na,1-(o-Methoxybenzyl)-2-oxocyclohexanepropionic acid,C17 H22 O4,L3.3
FT_14.964_291.15877,C17 H22 O4,NA,C17 H22 O4,C17 H22 O4,1.2905426,(-)-Odemasin A,TRUE,TRUE,TRUE,keeping sirius,48.29,na,1-(o-Methoxybenzyl)-2-oxocyclohexanepropionic acid,C17 H22 O4,L3.3
FT_14.968_326.19618,C11 H28 N5 O4 P,NA,C15 H34 O3 P S,NA,NA,NA,FALSE,FALSE,FALSE,na,na,yes,no name,C15 H34 O3 P S,L4.3
FT_14.985_383.13360,C22 H24 O2 P2,NA,NA,C18 H22 O9,2.593821,"3,4,5-trihydroxy-6-[(E)-5-(4-methoxyphenyl)-3-oxopent-4-enoxy]oxane-2-carboxylic acid",FALSE,FALSE,FALSE,na,na,na,"3,4,5-trihydroxy-6-[(E)-5-(4-methoxyphenyl)-3-oxopent-4-enoxy]oxane-2-carboxylic acid",C18 H22 O9,L3.3
FT_14.985_383.13360,C22 H24 O2 P2,NA,NA,C18 H22 O9,2.4425714,"3,4,5-trihydroxy-6-[5-methoxy-2-[(E)-3-oxopent-1-enyl]phenoxy]oxane-2-carboxylic acid",FALSE,FALSE,FALSE,na,na,na,"3,4,5-trihydroxy-6-[(E)-5-(4-methoxyphenyl)-3-oxopent-4-enoxy]oxane-2-carboxylic acid",C18 H22 O9,L3.3
FT_14.985_383.13360,C22 H24 O2 P2,NA,NA,C18 H22 O9,2.226211,"3,4,5-trihydroxy-6-[(E)-5-(4-methoxyphenyl)-3-oxopent-4-en-2-yl]oxyoxane-2-carboxylic acid",FALSE,FALSE,FALSE,na,na,na,"3,4,5-trihydroxy-6-[(E)-5-(4-methoxyphenyl)-3-oxopent-4-enoxy]oxane-2-carboxylic acid",C18 H22 O9,L3.3
FT_14.989_315.12052,C14 H14 N6 O3,NA,C18 H18 O5,C14 H14 N6 O3,3.0605102,NA,FALSE,TRUE,FALSE,delete,delete,delete,delete,delete,delete
FT_14.989_315.12052,C14 H14 N6 O3,NA,C18 H18 O5,C18 H18 O5,1.7096119,5-Hydroxyenterolactone,FALSE,FALSE,TRUE,delete,delete,delete,delete,delete,delete
FT_14.989_315.12052,C14 H14 N6 O3,NA,C18 H18 O5,C18 H18 O5,1.5988357,4-Hydroxyenterolactone,FALSE,FALSE,TRUE,delete,delete,delete,delete,delete,delete
FT_15.004_237.18488,C15 H24 O2,NA,C15 H24 O2,C15 H24 O2,1.4341749,7-Hydroxycostol,TRUE,TRUE,TRUE,delete,delete,delete,delete,delete,delete
FT_15.004_237.18488,C15 H24 O2,NA,C15 H24 O2,C15 H24 O2,1.3928283,"2-Methyl-6-methylidene-9-(propan-2-yl)-11-oxatricyclo[6.2.1.0^{1,5}]undecan-8-ol",TRUE,TRUE,TRUE,delete,delete,delete,delete,delete,delete
FT_15.004_237.18488,C15 H24 O2,NA,C15 H24 O2,C15 H24 O2,1.3917719,8-Hydroxy-6-methyl-3-prop-1-en-2-ylspiro[4.5]decane-10-carbaldehyde,TRUE,TRUE,TRUE,delete,delete,delete,delete,delete,delete
FT_15.018_275.12768,C16 H18 O4,NA,C16 H18 O4,C16 H18 O4,1.8063904,"4,4'-Dihydroxy-3,5-dimethoxydihydrostilbene",TRUE,TRUE,TRUE,delete,delete,delete,delete,delete,delete
FT_15.018_275.12768,C16 H18 O4,NA,C16 H18 O4,C16 H18 O4,1.6472107,"3',4-Dihydroxy-3,5'-dimethoxybibenzyl",TRUE,TRUE,TRUE,delete,delete,delete,delete,delete,delete
FT_15.018_275.12768,C16 H18 O4,NA,C16 H18 O4,C16 H18 O4,1.4912045,"3,3'-Dihydroxy-4,5dimethoxybibenzyl",TRUE,TRUE,TRUE,delete,delete,delete,delete,delete,delete
FT_15.019_109.10112,C8 H12,NA,C8 H12,C8 H12,1.2467413,"1,3,6-Octatriene",TRUE,TRUE,TRUE,"Similar structures, keeping cmmrt",41.51,na,"1,3,6-Octatriene",C8 H12,L3.3
FT_15.019_109.10112,C8 H12,NA,C8 H12,C8 H12,1.1516082,4-Vinylcyclohexene,TRUE,TRUE,TRUE,"Similar structures, keeping cmmrt",41.51,na,"1,3,6-Octatriene",C8 H12,L3.3
FT_15.019_109.10112,C8 H12,NA,C8 H12,C8 H12,1.0596027,"(z)-1,3-Octadiene",TRUE,TRUE,TRUE,"Similar structures, keeping cmmrt",41.51,na,"1,3,6-Octatriene",C8 H12,L3.3
FT_15.020_135.11680,C10 H14,NA,C10 H14,C10 H14,1.3027018,p-CYMENE,TRUE,TRUE,TRUE,keeping sirius,68.48,na,1-Isopropyl-4-methylenebicyclo[3.1.0]hex-2-ene,C10 H14,L3.3
FT_15.020_135.11680,C10 H14,NA,C10 H14,C10 H14,1.3019588,Butylbenzene,TRUE,TRUE,TRUE,keeping sirius,68.48,na,1-Isopropyl-4-methylenebicyclo[3.1.0]hex-2-ene,C10 H14,L3.3
FT_15.020_135.11680,C10 H14,NA,C10 H14,C10 H14,1.299737,M-Cymene,TRUE,TRUE,TRUE,keeping sirius,68.48,na,1-Isopropyl-4-methylenebicyclo[3.1.0]hex-2-ene,C10 H14,L3.3
FT_15.020_341.26868,C20 H36 O4,NA,C20 H36 O4,NA,NA,NA,TRUE,FALSE,FALSE,na,41.47,na,"(6e,8s,10e,14r)-3,7,11,15-Tetramethylhexadeca-1,6,10-triene-3,8,14,15-tetraol",C20 H36 O4,L3.3
FT_15.024_219.10151,C13 H14 O3,NA,C13 H14 O3,C13 H14 O3,2.0540135,Asperfuran,TRUE,TRUE,TRUE,keeping sirius,92.34,na,Eupatoriochromene,C13 H14 O3,L3.3
FT_15.024_219.10151,C13 H14 O3,NA,C13 H14 O3,C13 H14 O3,1.9921892,(R)-Bitalin A,TRUE,TRUE,TRUE,keeping sirius,92.34,na,Eupatoriochromene,C13 H14 O3,L3.3
FT_15.024_219.10151,C13 H14 O3,NA,C13 H14 O3,C13 H14 O3,1.2352962,Toxol,TRUE,TRUE,TRUE,keeping sirius,92.34,na,Eupatoriochromene,C13 H14 O3,L3.3
FT_15.029_191.07030,C11 H10 O3,NA,NA,C11 H10 O3,2.5161386,"10-Hydroxy-2,8-decadiene-4,6-diyneoic acid methyl ester",FALSE,TRUE,FALSE,delete,delete,delete,delete,delete,delete
FT_15.029_191.07030,C11 H10 O3,NA,NA,C11 H10 O3,2.0459864,"7-Hydroxy-2,5-dimethyl-4H-1-benzopyran-4-one",FALSE,TRUE,FALSE,delete,delete,delete,delete,delete,delete
FT_15.029_191.07030,C11 H10 O3,NA,NA,C11 H10 O3,1.8323544,"1,2-Dihydroxy-7-hydroxymethylnaphthalene",FALSE,TRUE,FALSE,delete,delete,delete,delete,delete,delete
FT_15.074_281.13833,C15 H20 O5,NA,C15 H20 O5,C16 H16 N4 O,2.9366066,Hydroxystilbamidine,TRUE,FALSE,FALSE,keeping sirius,67.09,na,"7-(1-ethoxyethyl)-4,8-dihydroxy-6-methoxy-tetralin-1-one",C15 H20 O5,L3.3
FT_15.074_281.13833,C15 H20 O5,NA,C15 H20 O5,C15 H20 O5,2.730556,"(1beta,4alpha,5alpha,6beta,8alpha,10b)-1,10:4,5-Diepoxy-6-hydroxy-7(11)-germacren-12,8-olide",TRUE,TRUE,TRUE,keeping sirius,67.09,na,"7-(1-ethoxyethyl)-4,8-dihydroxy-6-methoxy-tetralin-1-one",C15 H20 O5,L3.3
FT_15.074_281.13833,C15 H20 O5,NA,C15 H20 O5,C15 H20 O5,2.382085,Nigellic acid,TRUE,TRUE,TRUE,keeping sirius,67.09,na,"7-(1-ethoxyethyl)-4,8-dihydroxy-6-methoxy-tetralin-1-one",C15 H20 O5,L3.3
FT_15.164_326.19615,C17 H27 N O5,NA,C17 H27 N O5,NA,NA,NA,TRUE,FALSE,FALSE,na,na,na,no name,C17 H27 N O5,L4.1
FT_15.165_291.15894,C17 H22 O4,NA,C17 H22 O4,C17 H22 O4,1.3127676,Laurenoniolide,TRUE,TRUE,TRUE,keeping sirius,52.63,na,1-(o-Methoxybenzyl)-2-oxocyclohexanepropionic acid,C17 H22 O4,L3.3
FT_15.165_291.15894,C17 H22 O4,NA,C17 H22 O4,C17 H22 O4,1.3127676,Laurenobiolide,TRUE,TRUE,TRUE,keeping sirius,52.63,na,1-(o-Methoxybenzyl)-2-oxocyclohexanepropionic acid,C17 H22 O4,L3.3
FT_15.165_291.15894,C17 H22 O4,NA,C17 H22 O4,C17 H22 O4,1.3078926,(-)-Odemasin A,TRUE,TRUE,TRUE,keeping sirius,52.63,na,1-(o-Methoxybenzyl)-2-oxocyclohexanepropionic acid,C17 H22 O4,L3.3
FT_15.166_323.14898,C17 H22 O6,NA,C17 H22 O6,C17 H22 O6,2.081355,Aculeatusquinone C,TRUE,TRUE,TRUE,delete,delete,delete,delete,delete,delete
FT_15.166_323.14898,C17 H22 O6,NA,C17 H22 O6,C17 H22 O6,1.8121638,Tetraneurin A,TRUE,TRUE,TRUE,delete,delete,delete,delete,delete,delete
FT_15.166_323.14898,C17 H22 O6,NA,C17 H22 O6,C17 H22 O6,1.5868564,5'-hydroxy-asperentin-8-O-methylether,TRUE,TRUE,TRUE,delete,delete,delete,delete,delete,delete
FT_15.178_219.17433,C15 H22 O,NA,C15 H22 O,C15 H22 O,1.3163685,"2-Methyl-1-(5-methyl-2-prop-1-en-2-ylcyclohexa-1,5-dien-1-yl)but-3-en-2-ol",TRUE,TRUE,TRUE,keeping sirius,64.79,na,"5-isopropyl-3,8-dimethyl-4a,5,6,7-tetrahydro-1H-naphthalen-2-one",C15 H22 O,L3.3
FT_15.178_219.17433,C15 H22 O,NA,C15 H22 O,C15 H22 O,1.3162993,"2,6,10-Cycloundecatrien-1-one, 2,6,9,9-tetramethyl-, (E,E,E)-",TRUE,TRUE,TRUE,keeping sirius,64.79,na,"5-isopropyl-3,8-dimethyl-4a,5,6,7-tetrahydro-1H-naphthalen-2-one",C15 H22 O,L3.3
FT_15.178_219.17433,C15 H22 O,NA,C15 H22 O,C15 H22 O,1.3161906,Dendrolasin,TRUE,TRUE,TRUE,keeping sirius,64.79,na,"5-isopropyl-3,8-dimethyl-4a,5,6,7-tetrahydro-1H-naphthalen-2-one",C15 H22 O,L3.3
FT_15.198_267.12270,C14 H18 O5,NA,C14 H18 O5,C15 H14 N4 O,3.4390554,Nevirapine,TRUE,FALSE,FALSE,delete,delete,delete,delete,delete,delete
FT_15.198_267.12270,C14 H18 O5,NA,C14 H18 O5,C15 H14 N4 O,3.1141539,N-(1-Methyl-5-indolyl)-N'-(3-pyridyl)urea,TRUE,FALSE,FALSE,delete,delete,delete,delete,delete,delete
FT_15.198_267.12270,C14 H18 O5,NA,C14 H18 O5,C14 H18 O5,2.3922174,Sapidolide A,TRUE,TRUE,TRUE,delete,delete,delete,delete,delete,delete
FT_15.224_219.10156,C13 H14 O3,NA,C13 H14 O3,C13 H14 O3,2.0729272,Asperfuran,TRUE,TRUE,TRUE,"Similar structures, keeping sirius",65.88,na,"1-(4-Hydroxy-2-prop-1-en-2-yl-2,3-dihydro-1-benzofuran-5-yl)ethanone",C13 H14 O3,L3.3
FT_15.224_219.10156,C13 H14 O3,NA,C13 H14 O3,C13 H14 O3,2.0109644,(R)-Bitalin A,TRUE,TRUE,TRUE,"Similar structures, keeping sirius",65.88,na,"1-(4-Hydroxy-2-prop-1-en-2-yl-2,3-dihydro-1-benzofuran-5-yl)ethanone",C13 H14 O3,L3.3
FT_15.224_219.10156,C13 H14 O3,NA,C13 H14 O3,C13 H14 O3,1.2542769,Toxol,TRUE,TRUE,TRUE,"Similar structures, keeping sirius",65.88,na,"1-(4-Hydroxy-2-prop-1-en-2-yl-2,3-dihydro-1-benzofuran-5-yl)ethanone",C13 H14 O3,L3.3
FT_15.256_237.18487,C15 H24 O2,NA,C15 H24 O2,C15 H24 O2,1.4573985,7-Hydroxycostol,TRUE,TRUE,TRUE,keeping sirius,55.88,na,5-Nonylresorcinol,C15 H24 O2,L3.3
FT_15.256_237.18487,C15 H24 O2,NA,C15 H24 O2,C15 H24 O2,1.416153,"2-Methyl-6-methylidene-9-(propan-2-yl)-11-oxatricyclo[6.2.1.0^{1,5}]undecan-8-ol",TRUE,TRUE,TRUE,keeping sirius,55.88,na,5-Nonylresorcinol,C15 H24 O2,L3.3
FT_15.256_237.18487,C15 H24 O2,NA,C15 H24 O2,C15 H24 O2,1.4150978,Lubimin,TRUE,TRUE,TRUE,keeping sirius,55.88,na,5-Nonylresorcinol,C15 H24 O2,L3.3
FT_15.268_337.16450,C18 H24 O6,NA,NA,NA,NA,NA,FALSE,FALSE,TRUE,delete,delete,delete,delete,delete,delete
FT_15.284_281.13834,C15 H20 O5,NA,C15 H20 O5,C16 H16 N4 O,2.958867,Hydroxystilbamidine,TRUE,FALSE,FALSE,na,na,yes,no name,C15 H20 O5,L4.1
FT_15.284_281.13834,C15 H20 O5,NA,C15 H20 O5,C15 H20 O5,2.7522135,"(1beta,4alpha,5alpha,6beta,8alpha,10b)-1,10:4,5-Diepoxy-6-hydroxy-7(11)-germacren-12,8-olide",TRUE,TRUE,TRUE,na,na,yes,no name,C15 H20 O5,L4.1
FT_15.284_281.13834,C15 H20 O5,NA,C15 H20 O5,C15 H20 O5,2.4027383,Nigellic acid,TRUE,TRUE,TRUE,na,na,yes,no name,C15 H20 O5,L4.1
FT_15.307_291.08636,C15 H14 O6,NA,C15 H14 O6,C15 H14 O6,2.7203221,Cartorimine,TRUE,TRUE,TRUE,keeping sirius,57014,na,"(2,6-Dihydroxy-4-methoxyphenyl)-(2,4-dihydroxy-6-methylphenyl)methanone",C15 H14 O6,L3.3
FT_15.307_291.08636,C15 H14 O6,NA,C15 H14 O6,C15 H14 O6,2.4902608,NA,TRUE,TRUE,TRUE,keeping sirius,57014,na,"(2,6-Dihydroxy-4-methoxyphenyl)-(2,4-dihydroxy-6-methylphenyl)methanone",C15 H14 O6,L3.3
FT_15.307_291.08636,C15 H14 O6,NA,C15 H14 O6,C15 H14 O6,2.424932,Ptaeroglycol,TRUE,TRUE,TRUE,keeping sirius,57014,na,"(2,6-Dihydroxy-4-methoxyphenyl)-(2,4-dihydroxy-6-methylphenyl)methanone",C15 H14 O6,L3.3
FT_15.310_197.04449,C9 H8 O5,NA,NA,C9 H8 O5,3.102696,"3-(2,4-Dihydroxyphenyl)-2-oxopropanoic acid",FALSE,TRUE,FALSE,na,na,na,"3-(2,4-Dihydroxyphenyl)-2-oxopropanoic acid",C9 H8 O5,L3.3
FT_15.310_197.04449,C9 H8 O5,NA,NA,C9 H8 O5,3.0981545,"3-(3,5-Dihydroxyphenyl)-2-oxopropanoic acid",FALSE,TRUE,FALSE,na,na,na,"3-(2,4-Dihydroxyphenyl)-2-oxopropanoic acid",C9 H8 O5,L3.3
FT_15.310_197.04449,C9 H8 O5,NA,NA,C9 H8 O5,3.034848,"3,4-Dihydroxyphenylpyruvic acid",FALSE,TRUE,FALSE,na,na,na,"3-(2,4-Dihydroxyphenyl)-2-oxopropanoic acid",C9 H8 O5,L3.3
FT_15.310_273.07568,C9 H13 N4 O4 P,NA,C15 H12 O5,C15 H12 O5,2.315721,"5,8-dihydroxy-10-methoxy-2-methyl-4H-benzo[h]chromen-4-one",FALSE,FALSE,TRUE,na,73.86,na,"1,3-Dihydroxy-6-methoxy-8-methyl-9-xanthenone",C15 H12 O5,L3.3
FT_15.310_273.07568,C9 H13 N4 O4 P,NA,C15 H12 O5,C15 H12 O5,2.16833,p-Coumaroyltriacetic acid lactone,FALSE,FALSE,TRUE,na,73.86,na,"1,3-Dihydroxy-6-methoxy-8-methyl-9-xanthenone",C15 H12 O5,L3.3
FT_15.318_371.11271,C20 H18 O7,NA,C20 H18 O7,C20 H18 O7,1.5087636,8'-Episesaminone,TRUE,TRUE,TRUE,delete,delete,delete,delete,delete,delete
FT_15.318_371.11271,C20 H18 O7,NA,C20 H18 O7,C20 H18 O7,1.4485276,Glycyrrhizaisoflavone A,TRUE,TRUE,TRUE,delete,delete,delete,delete,delete,delete
FT_15.318_371.11271,C20 H18 O7,NA,C20 H18 O7,C20 H18 O7,1.2372159,Norsolorinic acid,TRUE,TRUE,TRUE,delete,delete,delete,delete,delete,delete
FT_15.338_383.13368,C18 H22 O9,NA,NA,C18 H22 O9,2.6296456,"3,4,5-trihydroxy-6-[(E)-5-(4-methoxyphenyl)-3-oxopent-4-enoxy]oxane-2-carboxylic acid",FALSE,TRUE,FALSE,na,na,na,"3,4,5-trihydroxy-6-[(E)-5-(4-methoxyphenyl)-3-oxopent-4-enoxy]oxane-2-carboxylic acid",C18 H22 O9,L3.3
FT_15.338_383.13368,C18 H22 O9,NA,NA,C18 H22 O9,2.4776618,"3,4,5-trihydroxy-6-[5-methoxy-2-[(E)-3-oxopent-1-enyl]phenoxy]oxane-2-carboxylic acid",FALSE,TRUE,FALSE,na,na,na,"3,4,5-trihydroxy-6-[(E)-5-(4-methoxyphenyl)-3-oxopent-4-enoxy]oxane-2-carboxylic acid",C18 H22 O9,L3.3
FT_15.338_383.13368,C18 H22 O9,NA,NA,C18 H22 O9,2.2602794,"3,4,5-trihydroxy-6-[(E)-5-(4-methoxyphenyl)-3-oxopent-4-en-2-yl]oxyoxane-2-carboxylic acid",FALSE,TRUE,FALSE,na,na,na,"3,4,5-trihydroxy-6-[(E)-5-(4-methoxyphenyl)-3-oxopent-4-enoxy]oxane-2-carboxylic acid",C18 H22 O9,L3.3
FT_15.346_185.11748,C10 H16 O3,NA,NA,C10 H16 O3,2.539772,"5-(1,2-Dihydroxypropan-2-yl)-2-methylcyclohex-2-en-1-one",FALSE,TRUE,FALSE,delete,delete,delete,delete,delete,delete
FT_15.346_185.11748,C10 H16 O3,NA,NA,C10 H16 O3,2.3962243,"5-exo-Hydroxy-1,2-campholide",FALSE,TRUE,FALSE,delete,delete,delete,delete,delete,delete
FT_15.346_185.11748,C10 H16 O3,NA,NA,C10 H16 O3,2.1403818,Pestalotiolactone D,FALSE,TRUE,FALSE,delete,delete,delete,delete,delete,delete
FT_15.349_225.07579,C11 H12 O5,NA,C11 H12 O5,C11 H12 O5,2.61484,"5-(3',4',5'-Trihydroxyphenyl)-gamma-valerolactone",TRUE,TRUE,TRUE,delete,delete,delete,delete,delete,delete
FT_15.349_225.07579,C11 H12 O5,NA,C11 H12 O5,C11 H12 O5,2.5781171,"5-[(2,4,5-Trihydroxyphenyl)methyl]oxolan-2-one",TRUE,TRUE,TRUE,delete,delete,delete,delete,delete,delete
FT_15.349_225.07579,C11 H12 O5,NA,C11 H12 O5,C11 H12 O5,2.2733421,Reticulone,TRUE,TRUE,TRUE,delete,delete,delete,delete,delete,delete
FT_15.395_353.15960,C18 H24 O7,NA,C18 H24 O7,C21 H22 N O4+,1.360899,Palmatine,TRUE,FALSE,FALSE,"match name cmmrt, sirius (not first option)",66.12,na,"3-Hydroxy-1-(8-hydroxy-6-methoxy-3-methyl-1-oxo-3,4-dihydro-1H-2-benzopyran-7-yl)-3-methylbutan-2-yl acetate",C18 H24 O7,L3.1
FT_15.395_353.15960,C18 H24 O7,NA,C18 H24 O7,C18 H24 O7,1.2703253,"3-Hydroxy-1-(8-hydroxy-6-methoxy-3-methyl-1-oxo-3,4-dihydro-1H-2-benzopyran-7-yl)-3-methylbutan-2-yl acetate",TRUE,TRUE,TRUE,"match name cmmrt, sirius (not first option)",66.12,na,"3-Hydroxy-1-(8-hydroxy-6-methoxy-3-methyl-1-oxo-3,4-dihydro-1H-2-benzopyran-7-yl)-3-methylbutan-2-yl acetate",C18 H24 O7,L3.1
FT_15.410_309.13329,C16 H20 O6,NA,C16 H20 O6,C16 H20 O6,1.7911911,5'-Hydroxyasperentin,TRUE,TRUE,TRUE,"keeping cmmrt, higher zscore",NA,na,5'-Hydroxyasperentin,C16 H20 O6,L3.3
FT_15.410_309.13329,C16 H20 O6,NA,C16 H20 O6,C16 H20 O6,1.6889024,"(4S)-4,5,6,7,8,9-Hexahydro-8alpha,11,13-trihydroxy-4-methyl-2H-3-benzoxacyclododecin-2,10(1H)-dione",TRUE,TRUE,TRUE,"keeping cmmrt, higher zscore",NA,na,5'-Hydroxyasperentin,C16 H20 O6,L3.3
FT_15.410_309.13329,C16 H20 O6,NA,C16 H20 O6,C16 H20 O6,1.5453409,Asperentin B,TRUE,TRUE,TRUE,"keeping cmmrt, higher zscore",NA,na,5'-Hydroxyasperentin,C16 H20 O6,L3.3
FT_15.413_288.18057,C14 H25 N O5,NA,C14 H25 N O5,NA,NA,NA,TRUE,FALSE,FALSE,na,na,na,no name,C14 H25 N O5,L4.1
FT_15.433_275.12778,C16 H18 O4,NA,C16 H18 O4,C16 H18 O4,1.8443986,"4,4'-Dihydroxy-3,5-dimethoxydihydrostilbene",TRUE,TRUE,TRUE,keeping sirius,71.86,na,"Heteropeucenin, methyl ether",C16 H18 O4,L3.3
FT_15.433_275.12778,C16 H18 O4,NA,C16 H18 O4,C16 H18 O4,1.6849296,"3',4-Dihydroxy-3,5'-dimethoxybibenzyl",TRUE,TRUE,TRUE,keeping sirius,71.86,na,"Heteropeucenin, methyl ether",C16 H18 O4,L3.3
FT_15.433_275.12778,C16 H18 O4,NA,C16 H18 O4,C16 H18 O4,1.5290487,"3,3'-Dihydroxy-4,5dimethoxybibenzyl",TRUE,TRUE,TRUE,keeping sirius,71.86,na,"Heteropeucenin, methyl ether",C16 H18 O4,L3.3
FT_15.459_323.14898,C11 H23 N4 O5 P,NA,C17 H22 O6,C17 H22 O6,2.1087701,Aculeatusquinone C,FALSE,FALSE,TRUE,na,53.27,na,Aculeatusquinone C,C17 H22 O6,L3.3
FT_15.459_323.14898,C11 H23 N4 O5 P,NA,C17 H22 O6,C17 H22 O6,1.8388301,Tetraneurin A,FALSE,FALSE,TRUE,na,53.27,na,Aculeatusquinone C,C17 H22 O6,L3.3
FT_15.459_323.14898,C11 H23 N4 O5 P,NA,C17 H22 O6,C17 H22 O6,1.6133363,5'-hydroxy-asperentin-8-O-methylether,FALSE,FALSE,TRUE,na,53.27,na,Aculeatusquinone C,C17 H22 O6,L3.3
FT_15.481_365.15958,C19 H24 O7,NA,NA,C19 H24 O7,2.339846,"12,13,14-Trihydroxy-11-methyl-6-methylidene-16-oxo-15-oxapentacyclo[9.3.2.15,8.01,10.02,8]heptadecane-9-carboxylic acid",FALSE,TRUE,FALSE,delete,delete,delete,delete,delete,delete
FT_15.481_365.15958,C19 H24 O7,NA,NA,C19 H24 O7,2.2880003,"4,12,13-Trihydroxy-11-methyl-6-methylidene-16-oxo-15-oxapentacyclo[9.3.2.15,8.01,10.02,8]heptadecane-9-carboxylic acid",FALSE,TRUE,FALSE,delete,delete,delete,delete,delete,delete
FT_15.481_365.15958,C19 H24 O7,NA,NA,C19 H24 O7,2.2203293,"3,12,13-Trihydroxy-11-methyl-6-methylidene-16-oxo-15-oxapentacyclo[9.3.2.15,8.01,10.02,8]heptadecane-9-carboxylic acid",FALSE,TRUE,FALSE,delete,delete,delete,delete,delete,delete
FT_15.488_217.08593,C13 H12 O3,NA,C13 H12 O3,C13 H12 O3,1.5678384,Bis(4-hydroxyphenyl)methanol,TRUE,TRUE,TRUE,delete,delete,delete,delete,delete,delete
FT_15.488_217.08593,C13 H12 O3,NA,C13 H12 O3,C13 H12 O3,1.5211296,Allenolic acid,TRUE,TRUE,TRUE,delete,delete,delete,delete,delete,delete
FT_15.488_217.08593,C13 H12 O3,NA,C13 H12 O3,C13 H12 O3,1.3726213,NA,TRUE,TRUE,TRUE,delete,delete,delete,delete,delete,delete
FT_15.490_283.15399,C16 H26 S2,NA,C15 H22 O5,C15 H22 O5,2.5422695,Pisumic acid,FALSE,FALSE,TRUE,delete,delete,delete,delete,delete,delete
FT_15.490_283.15399,C16 H26 S2,NA,C15 H22 O5,C15 H22 O5,2.4012816,Scirpentriol,FALSE,FALSE,TRUE,delete,delete,delete,delete,delete,delete
FT_15.490_283.15399,C16 H26 S2,NA,C15 H22 O5,C15 H22 O5,2.3416858,"6beta,9alpha,14-Trihydroxycinnamolide",FALSE,FALSE,TRUE,delete,delete,delete,delete,delete,delete
FT_15.505_326.19621,C17 H27 N O5,NA,C14 H31 N O5 S,NA,NA,NA,FALSE,FALSE,FALSE,na,na,na,no name,C14 H31 N O5 S,L4.3
FT_15.523_337.16460,C12 H25 N4 O5 P,NA,C18 H24 O6,NA,NA,NA,FALSE,FALSE,FALSE,delete,delete,delete,delete,delete,delete
FT_15.546_281.13829,C15 H20 O5,NA,C15 H20 O5,C16 H16 N4 O,2.9862149,Hydroxystilbamidine,TRUE,FALSE,FALSE,delete,delete,delete,delete,delete,delete
FT_15.546_281.13829,C15 H20 O5,NA,C15 H20 O5,C15 H20 O5,2.7788205,"(1beta,4alpha,5alpha,6beta,8alpha,10b)-1,10:4,5-Diepoxy-6-hydroxy-7(11)-germacren-12,8-olide",TRUE,TRUE,TRUE,delete,delete,delete,delete,delete,delete
FT_15.546_281.13829,C15 H20 O5,NA,C15 H20 O5,C15 H20 O5,2.4281116,Nigellic acid,TRUE,TRUE,TRUE,delete,delete,delete,delete,delete,delete
FT_15.572_291.07076,C15 H16 O2 P2,NA,C12 H18 O4 S2,C12 H18 O4 S2,1.3417275,Isoprothiolane,FALSE,FALSE,TRUE,delete,delete,delete,delete,delete,delete
FT_15.572_291.07076,C15 H16 O2 P2,NA,C12 H18 O4 S2,C15 H15 ClN2 S,1.1080531,Didemethylchlorpromazine,FALSE,FALSE,FALSE,delete,delete,delete,delete,delete,delete
FT_15.577_209.08083,C11 H12 O4,NA,C11 H12 O4,C11 H12 O4,2.7930553,"5-(3',5'-Dihydroxyphenyl)-gamma-valerolactone",TRUE,TRUE,TRUE,delete,delete,delete,delete,delete,delete
FT_15.577_209.08083,C11 H12 O4,NA,C11 H12 O4,C11 H12 O4,2.6704445,"5-[(3,4-Dihydroxyphenyl)methyl]oxolan-2-one",TRUE,TRUE,TRUE,delete,delete,delete,delete,delete,delete
FT_15.577_209.08083,C11 H12 O4,NA,C11 H12 O4,C11 H12 O4,2.6121156,NA,TRUE,TRUE,TRUE,delete,delete,delete,delete,delete,delete
FT_15.580_277.14321,C16 H20 O4,NA,C16 H20 O4,C16 H20 O4,1.3385783,Scorpioidin,TRUE,TRUE,TRUE,delete,delete,delete,delete,delete,delete
FT_15.580_277.14321,C16 H20 O4,NA,C16 H20 O4,C16 H20 O4,1.1666843,Acetylpterosin C,TRUE,TRUE,TRUE,delete,delete,delete,delete,delete,delete
FT_15.580_277.14321,C16 H20 O4,NA,C16 H20 O4,C16 H20 O4,1.1442964,"4-[(E)-but-2-enoyl]-2-[(1E,3E)-hexa-1,3-dienyl]-5-methoxy-2-methylfuran-3-one",TRUE,TRUE,TRUE,delete,delete,delete,delete,delete,delete
FT_15.591_269.13833,C8 H21 N4 O4 P,NA,C14 H20 O5,C15 H16 N4 O,3.0246484,Ripazepam,FALSE,FALSE,FALSE,delete,delete,delete,delete,delete,delete
FT_15.591_269.13833,C8 H21 N4 O4 P,NA,C14 H20 O5,C14 H20 O5,2.703904,Kamahine C,FALSE,FALSE,TRUE,delete,delete,delete,delete,delete,delete
FT_15.591_269.13833,C8 H21 N4 O4 P,NA,C14 H20 O5,C14 H20 O5,1.6365588,Huaspenone B,FALSE,FALSE,TRUE,delete,delete,delete,delete,delete,delete
FT_15.597_211.11174,C15 H14 O,NA,C15 H14 O,C15 H14 O,1.3270932,P-Methoxystilbene,TRUE,TRUE,TRUE,"Similar structures, keeping sirius",77.68,na,"4,4'-Dimethylbenzophenone",C15 H14 O,L3.3
FT_15.597_211.11174,C15 H14 O,NA,C15 H14 O,C15 H14 O,1.302042,Dihydrochalcone,TRUE,TRUE,TRUE,"Similar structures, keeping sirius",77.68,na,"4,4'-Dimethylbenzophenone",C15 H14 O,L3.3
FT_15.597_211.11174,C15 H14 O,NA,C15 H14 O,C15 H14 O,1.2552651,Lactaroviolin,TRUE,TRUE,TRUE,"Similar structures, keeping sirius",77.68,na,"4,4'-Dimethylbenzophenone",C15 H14 O,L3.3
FT_15.647_281.10197,C14 H16 O6,NA,C14 H16 O6,C14 H16 O6,2.024827,"(Z)-3-[4,5-dihydroxy-2-(2-hydroxypropan-2-yl)-2,3-dihydro-1-benzofuran-7-yl]prop-2-enoic acid",TRUE,TRUE,TRUE,keeping sirius,52.04,na,"1,4-Dimethyl-2,3,5-triacetoxybenzene",C14 H16 O6,L3.3
FT_15.647_281.10197,C14 H16 O6,NA,C14 H16 O6,C14 H16 O6,1.4140592,Asperphenone C,TRUE,TRUE,TRUE,keeping sirius,52.04,na,"1,4-Dimethyl-2,3,5-triacetoxybenzene",C14 H16 O6,L3.3
FT_15.672_323.11267,C16 H18 O7,NA,C16 H18 O7,C16 H18 O7,2.258086,8-beta-Hydroxy-oxocurvularin,TRUE,TRUE,TRUE,keeping sirius,60.11,na,"6-Hydroxy-7,8-dimethoxy-2-(2-oxopropyl)-2,3,3a,9b-tetrahydrouro[3,2-c]isochromen-5-one",C16 H18 O7,L3.3
FT_15.672_323.11267,C16 H18 O7,NA,C16 H18 O7,C16 H18 O7,1.7101364,8-Methoxy-1-naphthalenol-6-O-alpha-D-ribofuranoside,TRUE,TRUE,TRUE,keeping sirius,60.11,na,"6-Hydroxy-7,8-dimethoxy-2-(2-oxopropyl)-2,3,3a,9b-tetrahydrouro[3,2-c]isochromen-5-one",C16 H18 O7,L3.3
FT_15.672_323.11267,C16 H18 O7,NA,C16 H18 O7,C19 H16 N O4+,1.6623436,Berberrubine,TRUE,FALSE,FALSE,keeping sirius,60.11,na,"6-Hydroxy-7,8-dimethoxy-2-(2-oxopropyl)-2,3,3a,9b-tetrahydrouro[3,2-c]isochromen-5-one",C16 H18 O7,L3.3
FT_15.708_277.10707,C15 H16 O5,NA,C15 H16 O5,C15 H16 O5,2.190595,Hamaudol,TRUE,TRUE,TRUE,delete,delete,delete,delete,delete,delete
FT_15.708_277.10707,C15 H16 O5,NA,C15 H16 O5,C15 H16 O5,1.9157325,Lactucin,TRUE,TRUE,TRUE,delete,delete,delete,delete,delete,delete
FT_15.708_277.10707,C15 H16 O5,NA,C15 H16 O5,C15 H16 O5,1.9157325,"4-hydroxy-9-(hydroxymethyl)-6-methyl-3-methylidene-4,5,9a,9b-tetrahydro-3aH-azuleno[4,5-b]furan-2,7-dione",TRUE,TRUE,TRUE,delete,delete,delete,delete,delete,delete
FT_15.736_211.09403,C9 H16 O4,NA,C9 H16 O4,C9 H16 O4,3.0100577,Aspinonene,TRUE,TRUE,TRUE,"keeping cmmrt, higher zscore",NA,na,Aspinonene,C9 H16 O4,L3.3
FT_15.736_211.09403,C9 H16 O4,NA,C9 H16 O4,C9 H16 O4,2.1834495,3-Methylsuberic acid,TRUE,TRUE,TRUE,"keeping cmmrt, higher zscore",NA,na,Aspinonene,C9 H16 O4,L3.3
FT_15.736_211.09403,C9 H16 O4,NA,C9 H16 O4,C9 H16 O4,1.8574746,Azelaic acid,TRUE,TRUE,TRUE,"keeping cmmrt, higher zscore",NA,na,Aspinonene,C9 H16 O4,L3.3
FT_15.739_211.09401,C7 H10 N6 O2,NA,C9 H12 N3 O3,C5 H15 N4 O3 P,3.7333357,N(4)-phosphoagmatine,FALSE,FALSE,FALSE,na,na,yes,no name,C9 H12 N3 O3,L4.3
FT_15.741_251.12776,C14 H18 O4,NA,C14 H18 O4,C14 H18 O4,2.0013475,Helinorbisabone,TRUE,TRUE,TRUE,"Similar structures, keeping sirius",49.84,na,Preremirol,C14 H18 O4,L3.3
FT_15.741_251.12776,C14 H18 O4,NA,C14 H18 O4,C14 H18 O4,1.8506361,2-Hydroxy-3-[4-hydroxy-3-(3-methylbut-2-enyl)phenyl]propanoic acid,TRUE,TRUE,TRUE,"Similar structures, keeping sirius",49.84,na,Preremirol,C14 H18 O4,L3.3
FT_15.741_251.12776,C14 H18 O4,NA,C14 H18 O4,C14 H18 O4,1.6909838,NA,TRUE,TRUE,TRUE,"Similar structures, keeping sirius",49.84,na,Preremirol,C14 H18 O4,L3.3
FT_15.744_281.13827,C9 H21 N4 O4 P,NA,C15 H20 O5,C16 H16 N4 O,3.006579,Hydroxystilbamidine,FALSE,FALSE,FALSE,delete,delete,delete,delete,delete,delete
FT_15.744_281.13827,C9 H21 N4 O4 P,NA,C15 H20 O5,C15 H20 O5,2.7986336,"(1beta,4alpha,5alpha,6beta,8alpha,10b)-1,10:4,5-Diepoxy-6-hydroxy-7(11)-germacren-12,8-olide",FALSE,FALSE,TRUE,delete,delete,delete,delete,delete,delete
FT_15.744_281.13827,C9 H21 N4 O4 P,NA,C15 H20 O5,C15 H20 O5,2.447005,Nigellic acid,FALSE,FALSE,TRUE,delete,delete,delete,delete,delete,delete
FT_15.810_337.16467,C18 H24 O6,NA,C18 H24 O6,NA,NA,NA,TRUE,FALSE,FALSE,delete,delete,delete,delete,delete,delete
FT_15.842_365.15938,C13 H25 N4 O6 P,NA,C19 H24 O7,C19 H24 O7,2.3738751,"12,13,14-Trihydroxy-11-methyl-6-methylidene-16-oxo-15-oxapentacyclo[9.3.2.15,8.01,10.02,8]heptadecane-9-carboxylic acid",FALSE,FALSE,TRUE,delete,delete,delete,delete,delete,delete
FT_15.842_365.15938,C13 H25 N4 O6 P,NA,C19 H24 O7,C19 H24 O7,2.3217926,"4,12,13-Trihydroxy-11-methyl-6-methylidene-16-oxo-15-oxapentacyclo[9.3.2.15,8.01,10.02,8]heptadecane-9-carboxylic acid",FALSE,FALSE,TRUE,delete,delete,delete,delete,delete,delete
FT_15.842_365.15938,C13 H25 N4 O6 P,NA,C19 H24 O7,C19 H24 O7,2.2538202,"3,12,13-Trihydroxy-11-methyl-6-methylidene-16-oxo-15-oxapentacyclo[9.3.2.15,8.01,10.02,8]heptadecane-9-carboxylic acid",FALSE,FALSE,TRUE,delete,delete,delete,delete,delete,delete
FT_15.849_297.09689,C14 H16 O7,NA,C14 H16 O7,C15 H12 N4 O3,3.2852736,4-Carboxy nevirapine,TRUE,FALSE,FALSE,"match name cmmrt, sirius",43.4,na,"6-(4-Ethenylphenoxy)-3,4,5-trihydroxyoxane-2-carboxylic acid",C14 H16 O7,L3.1
FT_15.849_297.09689,C14 H16 O7,NA,C14 H16 O7,C14 H16 O7,2.6815848,"6-(4-Ethenylphenoxy)-3,4,5-trihydroxyoxane-2-carboxylic acid",TRUE,TRUE,TRUE,"match name cmmrt, sirius",43.4,na,"6-(4-Ethenylphenoxy)-3,4,5-trihydroxyoxane-2-carboxylic acid",C14 H16 O7,L3.1
FT_15.849_297.09689,C14 H16 O7,NA,C14 H16 O7,C14 H16 O7,2.6490345,"6-(3-Ethenylphenoxy)-3,4,5-trihydroxyoxane-2-carboxylic acid",TRUE,TRUE,TRUE,"match name cmmrt, sirius",43.4,na,"6-(4-Ethenylphenoxy)-3,4,5-trihydroxyoxane-2-carboxylic acid",C14 H16 O7,L3.1
FT_15.894_251.12775,C14 H18 O4,NA,C14 H18 O4,C14 H18 O4,2.0149956,Helinorbisabone,TRUE,TRUE,TRUE,"Similar structures, keeping sirius",61.9,na,Preremirol,C14 H18 O4,L3.3
FT_15.894_251.12775,C14 H18 O4,NA,C14 H18 O4,C14 H18 O4,1.8641033,2-Hydroxy-3-[4-hydroxy-3-(3-methylbut-2-enyl)phenyl]propanoic acid,TRUE,TRUE,TRUE,"Similar structures, keeping sirius",61.9,na,Preremirol,C14 H18 O4,L3.3
FT_15.894_251.12775,C14 H18 O4,NA,C14 H18 O4,C14 H18 O4,1.7043656,NA,TRUE,TRUE,TRUE,"Similar structures, keeping sirius",61.9,na,Preremirol,C14 H18 O4,L3.3
FT_15.914_289.10704,C16 H16 O5,NA,C16 H16 O5,C16 H16 O5,1.8387909,Alkannin,TRUE,TRUE,TRUE,delete,delete,delete,delete,delete,delete
FT_15.914_289.10704,C16 H16 O5,NA,C16 H16 O5,C16 H16 O5,1.8387909,Shikonin,TRUE,TRUE,TRUE,delete,delete,delete,delete,delete,delete
FT_15.914_289.10704,C16 H16 O5,NA,C16 H16 O5,C16 H16 O5,1.8387909,(+)-Shikonin,TRUE,TRUE,TRUE,delete,delete,delete,delete,delete,delete
FT_15.915_237.18481,C15 H24 O2,NA,C15 H24 O2,C15 H24 O2,1.5163639,7-Hydroxycostol,TRUE,TRUE,TRUE,delete,delete,delete,delete,delete,delete
FT_15.915_237.18481,C15 H24 O2,NA,C15 H24 O2,C15 H24 O2,1.4753709,"2-Methyl-6-methylidene-9-(propan-2-yl)-11-oxatricyclo[6.2.1.0^{1,5}]undecan-8-ol",TRUE,TRUE,TRUE,delete,delete,delete,delete,delete,delete
FT_15.915_237.18481,C15 H24 O2,NA,C15 H24 O2,C15 H24 O2,1.4743229,Lubimin,TRUE,TRUE,TRUE,delete,delete,delete,delete,delete,delete
FT_15.955_307.15400,C17 H22 O5,NA,C17 H22 O5,C13 H18 N6 O3,3.5148973,(S)-2-Amino-3-{[(E)-4-hydroxy-3-methylbut-2-enylamino]purin-9-yl}propanoic acid,TRUE,FALSE,FALSE,na,70,na,"13-hydroxy-15-methoxy-3-methyl-3,4,5,6,9,10-hexahydro-1H-benzo(c)(1)oxacyclododecine-1,7(8H)-dione",C17 H22 O5,L3.3
FT_15.955_307.15400,C17 H22 O5,NA,C17 H22 O5,C17 H22 O5,1.7932491,NA,TRUE,TRUE,TRUE,na,70,na,"13-hydroxy-15-methoxy-3-methyl-3,4,5,6,9,10-hexahydro-1H-benzo(c)(1)oxacyclododecine-1,7(8H)-dione",C17 H22 O5,L3.3
FT_15.955_307.15400,C17 H22 O5,NA,C17 H22 O5,C17 H22 O5,1.614275,Gaillardin,TRUE,TRUE,TRUE,na,70,na,"13-hydroxy-15-methoxy-3-methyl-3,4,5,6,9,10-hexahydro-1H-benzo(c)(1)oxacyclododecine-1,7(8H)-dione",C17 H22 O5,L3.3
FT_15.987_217.08590,C13 H12 O3,NA,C13 H12 O3,C13 H12 O3,1.611787,Bis(4-hydroxyphenyl)methanol,TRUE,TRUE,TRUE,keeping sirius,68.78,na,"7-hydroxy-6-methyl-1H,2H,3H,4H-cyclopenta[c]chromen-4-one",C13 H12 O3,L3.3
FT_15.987_217.08590,C13 H12 O3,NA,C13 H12 O3,C13 H12 O3,1.5651934,Allenolic acid,TRUE,TRUE,TRUE,keeping sirius,68.78,na,"7-hydroxy-6-methyl-1H,2H,3H,4H-cyclopenta[c]chromen-4-one",C13 H12 O3,L3.3
FT_15.987_217.08590,C13 H12 O3,NA,C13 H12 O3,C13 H12 O3,1.4174091,NA,TRUE,TRUE,TRUE,keeping sirius,68.78,na,"7-hydroxy-6-methyl-1H,2H,3H,4H-cyclopenta[c]chromen-4-one",C13 H12 O3,L3.3
FT_15.988_469.18571,C26 H28 O8,NA,C23 H32 O8 S,C27 H25 ClN6,1.4657713,Acriflavine,FALSE,FALSE,FALSE,na,na,na,Dukunolide D,C26 H28 O8,L3.3
FT_15.988_469.18571,C26 H28 O8,NA,C23 H32 O8 S,C26 H28 O8,1.157771,Dukunolide D,FALSE,TRUE,FALSE,na,na,na,Dukunolide D,C26 H28 O8,L3.3
FT_16.044_297.09698,C14 H16 O7,NA,C14 H16 O7,C15 H12 N4 O3,3.3056536,4-Carboxy nevirapine,TRUE,FALSE,FALSE,delete,delete,delete,delete,delete,delete
FT_16.044_297.09698,C14 H16 O7,NA,C14 H16 O7,C14 H16 O7,2.7004044,"6-(4-Ethenylphenoxy)-3,4,5-trihydroxyoxane-2-carboxylic acid",TRUE,TRUE,TRUE,delete,delete,delete,delete,delete,delete
FT_16.044_297.09698,C14 H16 O7,NA,C14 H16 O7,C14 H16 O7,2.6677718,"6-(3-Ethenylphenoxy)-3,4,5-trihydroxyoxane-2-carboxylic acid",TRUE,TRUE,TRUE,delete,delete,delete,delete,delete,delete
FT_16.073_312.18047,C9 H25 N7 O3 S,NA,C13 H29 N O5 S,C12 H21 N7 O3,3.7308939,Histidylarginine,FALSE,FALSE,FALSE,delete,delete,delete,delete,delete,delete
FT_16.073_312.18047,C9 H25 N7 O3 S,NA,C13 H29 N O5 S,C12 H21 N7 O3,3.7261286,Arginylhistidine,FALSE,FALSE,FALSE,delete,delete,delete,delete,delete,delete
FT_16.073_312.18047,C9 H25 N7 O3 S,NA,C13 H29 N O5 S,C16 H25 N O5,2.8084226,"6-Hydroxy-5-(2-hydroxyethylamino)-3-methoxy-2,6-dimethyl-4-(2-methylbutanoyl)cyclohexa-2,4-dien-1-one",FALSE,FALSE,FALSE,delete,delete,delete,delete,delete,delete
FT_16.073_317.13676,C12 H21 N4 O4 P,NA,C18 H20 O5,C18 H20 O5,1.3297753,"5'-Hydroxy-3',4',7-trimethoxyflavan",FALSE,FALSE,TRUE,delete,delete,delete,delete,delete,delete
FT_16.073_317.13676,C12 H21 N4 O4 P,NA,C18 H20 O5,C18 H20 O5,1.3062135,Flavokawin A,FALSE,FALSE,TRUE,delete,delete,delete,delete,delete,delete
FT_16.073_317.13676,C12 H21 N4 O4 P,NA,C18 H20 O5,C18 H20 O5,1.2359359,Verimol B,FALSE,FALSE,TRUE,delete,delete,delete,delete,delete,delete
FT_16.076_237.11207,C13 H16 O4,NA,C13 H16 O4,C13 H16 O4,1.6767472,3-Dimethylallyl-4-hydroxymandelic acid,TRUE,TRUE,TRUE,"Similar structures, keeping sirius",60.59,na,"Ethanone, 1-[2,4,6-trihydroxy-3-(3-methyl-2-butenyl)phenyl]-",C13 H16 O4,L3.3
FT_16.076_237.11207,C13 H16 O4,NA,C13 H16 O4,C13 H16 O4,1.5435615,Asperfuranone B,TRUE,TRUE,TRUE,"Similar structures, keeping sirius",60.59,na,"Ethanone, 1-[2,4,6-trihydroxy-3-(3-methyl-2-butenyl)phenyl]-",C13 H16 O4,L3.3
FT_16.076_237.11207,C13 H16 O4,NA,C13 H16 O4,C13 H16 O4,1.3625095,Proglobeflowery acid,TRUE,TRUE,TRUE,"Similar structures, keeping sirius",60.59,na,"Ethanone, 1-[2,4,6-trihydroxy-3-(3-methyl-2-butenyl)phenyl]-",C13 H16 O4,L3.3
FT_16.080_209.08083,C11 H12 O4,NA,C11 H12 O4,C11 H12 O4,2.8428812,"5-(3',5'-Dihydroxyphenyl)-gamma-valerolactone",TRUE,TRUE,TRUE,"Similar structures, keeping sirius",69.7,na,"2-Propenal, 3-(4-hydroxy-3,5-dimethoxyphenyl)-",C11 H12 O4,L3.3
FT_16.080_209.08083,C11 H12 O4,NA,C11 H12 O4,C11 H12 O4,2.7194576,"5-[(3,4-Dihydroxyphenyl)methyl]oxolan-2-one",TRUE,TRUE,TRUE,"Similar structures, keeping sirius",69.7,na,"2-Propenal, 3-(4-hydroxy-3,5-dimethoxyphenyl)-",C11 H12 O4,L3.3
FT_16.080_209.08083,C11 H12 O4,NA,C11 H12 O4,C11 H12 O4,2.660744,NA,TRUE,TRUE,TRUE,"Similar structures, keeping sirius",69.7,na,"2-Propenal, 3-(4-hydroxy-3,5-dimethoxyphenyl)-",C11 H12 O4,L3.3
FT_16.093_203.17935,C15 H22,NA,C15 H22,C15 H22,1.3906646,"1,4,9-Cadinatriene",TRUE,TRUE,TRUE,"match name cmmrt, sirius (not first option)",47.42,na,"1,4,9-Cadinatriene",C15 H22,L3.1
FT_16.093_203.17935,C15 H22,NA,C15 H22,C15 H22,1.3707736,beta-Vatirenene,TRUE,TRUE,TRUE,"match name cmmrt, sirius (not first option)",47.42,na,"1,4,9-Cadinatriene",C15 H22,L3.1
FT_16.093_203.17935,C15 H22,NA,C15 H22,C15 H22,1.3707732,beta-Vetivenene,TRUE,TRUE,TRUE,"match name cmmrt, sirius (not first option)",47.42,na,"1,4,9-Cadinatriene",C15 H22,L3.1
FT_16.094_283.11761,C14 H18 O6,NA,C14 H18 O6,C15 H14 N4 O2,3.5420635,12-Hydroxynevirapine,TRUE,FALSE,FALSE,coconut,66.78,na,"methyl 3,5,7-trimethoxy-6-methyl-1,3-dihydroisobenzofuran-4-carboxylate",C14 H18 O6,L3.3
FT_16.094_283.11761,C14 H18 O6,NA,C14 H18 O6,C10 H14 N6 O4,3.519082,2-Aminoadenosine,TRUE,FALSE,FALSE,coconut,66.78,na,"methyl 3,5,7-trimethoxy-6-methyl-1,3-dihydroisobenzofuran-4-carboxylate",C14 H18 O6,L3.3
FT_16.094_283.11761,C14 H18 O6,NA,C14 H18 O6,C15 H14 N4 O2,3.4528112,8-Hydroxynevirapine,TRUE,FALSE,FALSE,coconut,66.78,na,"methyl 3,5,7-trimethoxy-6-methyl-1,3-dihydroisobenzofuran-4-carboxylate",C14 H18 O6,L3.3
FT_16.095_421.20123,C13 H29 N10 O2 P S,NA,C26 H28 O5,C26 H28 O5,1.3442887,Prenylterphenyllin I,FALSE,FALSE,TRUE,na,66.87,na,Gangetin,C26H28O5,L3.3
FT_16.095_421.20123,C13 H29 N10 O2 P S,NA,C26 H28 O5,C26 H28 O5,1.2501099,(-)-Kanzonol F,FALSE,FALSE,TRUE,na,66.87,na,Gangetin,C26H28O5,L3.3
FT_16.095_421.20123,C13 H29 N10 O2 P S,NA,C26 H28 O5,C23 H29 F O6,1.1712358,Isoflupredone acetate,FALSE,FALSE,FALSE,na,66.87,na,Gangetin,C26H28O5,L3.3
FT_16.097_293.13833,C16 H20 O5,NA,C16 H20 O5,C12 H16 N6 O3,3.7798526,DL-Histidyl-DL-histidine,TRUE,FALSE,FALSE,"match name cmmrt, sirius (not first option)",45.81,na,Botryosphaerin F,C16 H20 O5,L3.1
FT_16.097_293.13833,C16 H20 O5,NA,C16 H20 O5,C17 H16 N4 O,3.2441533,"Benzo(1,2-b:4,5-b')dipyrrole-1(2H)-carboxamide, 3,5-dihydro-5-methyl-N-3-pyridinyl-",TRUE,FALSE,FALSE,"match name cmmrt, sirius (not first option)",45.81,na,Botryosphaerin F,C16 H20 O5,L3.1
FT_16.097_293.13833,C16 H20 O5,NA,C16 H20 O5,C16 H20 O5,1.6508667,Botryosphaerin F,TRUE,TRUE,TRUE,"match name cmmrt, sirius (not first option)",45.81,na,Botryosphaerin F,C16 H20 O5,L3.1
FT_16.101_265.10706,C14 H16 O5,NA,C14 H16 O5,C14 H16 O5,1.8263153,Aspersclerotiorone E,TRUE,TRUE,TRUE,delete,delete,delete,delete,delete,delete
FT_16.101_265.10706,C14 H16 O5,NA,C14 H16 O5,C14 H16 O5,1.3750255,Aspersclerotiorone A,TRUE,TRUE,TRUE,delete,delete,delete,delete,delete,delete
FT_16.101_265.10706,C14 H16 O5,NA,C14 H16 O5,C14 H16 O5,1.3750255,Aspersclerotiorone B,TRUE,TRUE,TRUE,delete,delete,delete,delete,delete,delete
FT_16.104_281.13832,C15 H20 O5,NA,C15 H20 O5,C16 H16 N4 O,3.0429566,Hydroxystilbamidine,TRUE,FALSE,FALSE,delete,delete,delete,delete,delete,delete
FT_16.104_281.13832,C15 H20 O5,NA,C15 H20 O5,C15 H20 O5,2.8340251,"(1beta,4alpha,5alpha,6beta,8alpha,10b)-1,10:4,5-Diepoxy-6-hydroxy-7(11)-germacren-12,8-olide",TRUE,TRUE,TRUE,delete,delete,delete,delete,delete,delete
FT_16.104_281.13832,C15 H20 O5,NA,C15 H20 O5,C15 H20 O5,2.4807565,Nigellic acid,TRUE,TRUE,TRUE,delete,delete,delete,delete,delete,delete
FT_16.126_323.14900,C18 H18 N4 O2,NA,C17 H22 O6,C17 H22 O6,2.1692905,Aculeatusquinone C,FALSE,FALSE,TRUE,delete,delete,delete,delete,delete,delete
FT_16.126_323.14900,C18 H18 N4 O2,NA,C17 H22 O6,C17 H22 O6,1.8976977,Tetraneurin A,FALSE,FALSE,TRUE,delete,delete,delete,delete,delete,delete
FT_16.126_323.14900,C18 H18 N4 O2,NA,C17 H22 O6,C17 H22 O6,1.671793,5'-hydroxy-asperentin-8-O-methylether,FALSE,FALSE,TRUE,delete,delete,delete,delete,delete,delete
FT_16.135_249.14848,C15 H20 O3,NA,C15 H20 O3,C15 H20 O3,1.9615232,Abscisic aldehyde,TRUE,TRUE,TRUE,"keeping cmmrt, fungal product",NA,na,Aspergentisyl B,C15 H20 O3,L3.3
FT_16.135_249.14848,C15 H20 O3,NA,C15 H20 O3,C15 H20 O3,1.7632494,Illudin C2,TRUE,TRUE,TRUE,"keeping cmmrt, fungal product",NA,na,Aspergentisyl B,C15 H20 O3,L3.3
FT_16.135_249.14848,C15 H20 O3,NA,C15 H20 O3,C15 H20 O3,1.6660098,Aspergentisyl B,TRUE,TRUE,TRUE,"keeping cmmrt, fungal product",NA,na,Aspergentisyl B,C15 H20 O3,L3.3
FT_16.147_537.17350,C16 H34 N4 O12 P2,NA,NA,C29 H28 O10,1.3961207,"4-(2,4-Dihydroxyphenyl)-2-[3-[3-(2,4-dihydroxyphenyl)propanoyl]-2,6-dihydroxyphenyl]-6-methyl-7-oxabicyclo[4.1.0]heptane-3-carboxylic acid",FALSE,FALSE,FALSE,delete,delete,delete,delete,delete,delete
FT_16.147_537.17350,C16 H34 N4 O12 P2,NA,NA,C29 H28 O10,1.3958826,NA,FALSE,FALSE,FALSE,delete,delete,delete,delete,delete,delete
FT_16.147_537.17350,C16 H34 N4 O12 P2,NA,NA,C29 H28 O10,1.3956993,NA,FALSE,FALSE,FALSE,delete,delete,delete,delete,delete,delete
FT_16.186_217.08589,C13 H12 O3,NA,C13 H12 O3,C13 H12 O3,1.6289319,Bis(4-hydroxyphenyl)methanol,TRUE,TRUE,TRUE,delete,delete,delete,delete,delete,delete
FT_16.186_217.08589,C13 H12 O3,NA,C13 H12 O3,C13 H12 O3,1.5823834,Allenolic acid,TRUE,TRUE,TRUE,delete,delete,delete,delete,delete,delete
FT_16.186_217.08589,C13 H12 O3,NA,C13 H12 O3,C13 H12 O3,1.4348816,NA,TRUE,TRUE,TRUE,delete,delete,delete,delete,delete,delete
FT_16.204_277.10699,C15 H16 O5,NA,C15 H16 O5,C15 H16 O5,2.235468,Hamaudol,TRUE,TRUE,TRUE,delete,delete,delete,delete,delete,delete
FT_16.204_277.10699,C15 H16 O5,NA,C15 H16 O5,C15 H16 O5,1.9592484,"4-hydroxy-9-(hydroxymethyl)-6-methyl-3-methylidene-4,5,9a,9b-tetrahydro-3aH-azuleno[4,5-b]furan-2,7-dione",TRUE,TRUE,TRUE,delete,delete,delete,delete,delete,delete
FT_16.204_277.10699,C15 H16 O5,NA,C15 H16 O5,C15 H16 O5,1.9592484,Lactucin,TRUE,TRUE,TRUE,delete,delete,delete,delete,delete,delete
FT_16.216_269.10201,C13 H16 O6,NA,NA,C14 H12 N4 O2,2.9269314,Disperse blue 1,FALSE,FALSE,FALSE,delete,delete,delete,delete,delete,delete
FT_16.216_269.10201,C13 H16 O6,NA,NA,C13 H16 O6,1.8588502,Methyl 4-methoxy-3-(3'-hydroxy-2'-methyl)propionyloxy-benzoate,FALSE,TRUE,FALSE,delete,delete,delete,delete,delete,delete
FT_16.240_353.15967,C18 H24 O7,NA,C19 H20 N4 O3,C21 H22 N O4+,1.4364063,Palmatine,FALSE,FALSE,FALSE,delete,delete,delete,delete,delete,delete
FT_16.240_353.15967,C18 H24 O7,NA,C19 H20 N4 O3,C18 H24 O7,1.3470223,"3-Hydroxy-1-(8-hydroxy-6-methoxy-3-methyl-1-oxo-3,4-dihydro-1H-2-benzopyran-7-yl)-3-methylbutan-2-yl acetate",FALSE,TRUE,FALSE,delete,delete,delete,delete,delete,delete
FT_16.259_211.06012,C10 H10 O5,NA,C10 H10 O5,C10 H10 O5,2.6474152,Vanilpyruvic acid,TRUE,TRUE,TRUE,delete,delete,delete,delete,delete,delete
FT_16.259_211.06012,C10 H10 O5,NA,C10 H10 O5,C10 H10 O5,2.3460484,Asperochrin F,TRUE,TRUE,TRUE,delete,delete,delete,delete,delete,delete
FT_16.259_211.06012,C10 H10 O5,NA,C10 H10 O5,C10 H10 O5,2.150778,"5-Acetyl-2, 4-dihydroxy-3-methylbenzoic acid",TRUE,TRUE,TRUE,delete,delete,delete,delete,delete,delete
FT_16.285_235.13280,C8 H19 N4 O2 P,NA,C14 H18 O3,C14 H18 O3,1.9396312,Aspergentisyl A,FALSE,FALSE,TRUE,delete,delete,delete,delete,delete,delete
FT_16.285_235.13280,C8 H19 N4 O2 P,NA,C14 H18 O3,C14 H18 O3,1.7654543,Pterosin N,FALSE,FALSE,TRUE,delete,delete,delete,delete,delete,delete
FT_16.285_235.13280,C8 H19 N4 O2 P,NA,C14 H18 O3,C14 H18 O3,1.7490791,Ochracene G,FALSE,FALSE,TRUE,delete,delete,delete,delete,delete,delete
FT_16.287_233.08085,C13 H12 O4,NA,C13 H12 O4,C13 H12 O4,3.5356238,"(2S,3S,4S)-5,7,9,11-Tridecatetrayne-1,2,3,4-tetrol",TRUE,TRUE,TRUE,delete,delete,delete,delete,delete,delete
FT_16.287_233.08085,C13 H12 O4,NA,C13 H12 O4,C13 H12 O4,2.518024,Cassiachromone,TRUE,TRUE,TRUE,delete,delete,delete,delete,delete,delete
FT_16.287_233.08085,C13 H12 O4,NA,C13 H12 O4,C13 H12 O4,2.0279436,Altholactone,TRUE,TRUE,TRUE,delete,delete,delete,delete,delete,delete
FT_16.302_310.20126,C10 H27 N7 O2 S,NA,NA,C17 H27 N O4,3.079632,Metipranolol,FALSE,FALSE,FALSE,delete,delete,delete,delete,delete,delete
FT_16.302_310.20126,C10 H27 N7 O2 S,NA,NA,C17 H27 N O4,2.9154093,Corgard,FALSE,FALSE,FALSE,delete,delete,delete,delete,delete,delete
FT_16.308_305.13835,C17 H20 O5,NA,C17 H20 O5,C17 H20 O5,1.6614606,p-Hpea-eda,TRUE,TRUE,TRUE,delete,delete,delete,delete,delete,delete
FT_16.308_305.13835,C17 H20 O5,NA,C17 H20 O5,C17 H20 O5,1.6614606,3'-Deoxyoleacein,TRUE,TRUE,TRUE,delete,delete,delete,delete,delete,delete
FT_16.308_305.13835,C17 H20 O5,NA,C17 H20 O5,C17 H20 O5,1.4978175,NA,TRUE,TRUE,TRUE,delete,delete,delete,delete,delete,delete
FT_16.309_285.10996,C10 H21 O7 P,NA,NA,C17 H16 O4,1.4033014,Propylene glycol dibenzoate,FALSE,FALSE,FALSE,delete,delete,delete,delete,delete,delete
FT_16.309_285.10996,C10 H21 O7 P,NA,NA,C17 H16 O4,1.3866899,"1-(2-Hydroxy-4,6-dimethoxyphenyl)-3-phenyl-2-propen-1-one",FALSE,FALSE,FALSE,delete,delete,delete,delete,delete,delete
FT_16.309_285.10996,C10 H21 O7 P,NA,NA,C17 H16 O4,1.3866899,Flavokawain b,FALSE,FALSE,FALSE,delete,delete,delete,delete,delete,delete
FT_16.320_275.12763,C16 H18 O4,NA,C16 H18 O4,C16 H18 O4,1.9223238,"4,4'-Dihydroxy-3,5-dimethoxydihydrostilbene",TRUE,TRUE,TRUE,delete,delete,delete,delete,delete,delete
FT_16.320_275.12763,C16 H18 O4,NA,C16 H18 O4,C16 H18 O4,1.7622614,"3',4-Dihydroxy-3,5'-dimethoxybibenzyl",TRUE,TRUE,TRUE,delete,delete,delete,delete,delete,delete
FT_16.320_275.12763,C16 H18 O4,NA,C16 H18 O4,C16 H18 O4,1.6066374,"3,3'-Dihydroxy-4,5dimethoxybibenzyl",TRUE,TRUE,TRUE,delete,delete,delete,delete,delete,delete
FT_16.326_319.15401,C18 H22 O5,NA,C18 H22 O5,C18 H22 O5,1.5822645,4-Hydroxyenterodiol,TRUE,TRUE,TRUE,delete,delete,delete,delete,delete,delete
FT_16.326_319.15401,C18 H22 O5,NA,C18 H22 O5,C18 H22 O5,1.40769,"Bis(2,3-dimethoxy-5-methylphenyl) ether",TRUE,TRUE,TRUE,delete,delete,delete,delete,delete,delete
FT_16.326_319.15401,C18 H22 O5,NA,C18 H22 O5,C18 H22 O5,1.3973855,6-Hydroxyenterodiol,TRUE,TRUE,TRUE,delete,delete,delete,delete,delete,delete
FT_16.338_219.10158,C13 H14 O3,NA,C13 H14 O3,C13 H14 O3,2.1739357,Asperfuran,TRUE,TRUE,TRUE,keeping sirius,53.13,na,"(2E,6E)-5-hydroxy-7-phenylhepta-2,6-dienoic acid",C13 H14 O3,L3.3
FT_16.338_219.10158,C13 H14 O3,NA,C13 H14 O3,C13 H14 O3,2.1112323,(R)-Bitalin A,TRUE,TRUE,TRUE,keeping sirius,53.13,na,"(2E,6E)-5-hydroxy-7-phenylhepta-2,6-dienoic acid",C13 H14 O3,L3.3
FT_16.338_219.10158,C13 H14 O3,NA,C13 H14 O3,C13 H14 O3,1.3556424,Toxol,TRUE,TRUE,TRUE,keeping sirius,53.13,na,"(2E,6E)-5-hydroxy-7-phenylhepta-2,6-dienoic acid",C13 H14 O3,L3.3
FT_16.352_205.15865,C14 H20 O,NA,C14 H20 O,C14 H20 O,1.4099705,"4-(1,1-Dimethylpropyl)-2-(2-propen-1-yl)-phenol",TRUE,TRUE,TRUE,keeping sirius,61.87,na,"1-[(4aR)-4a,8-dimethyl-4,5,6,7-tetrahydro-3H-naphthalen-2-yl]ethanone",C14 H20 O,L3.3
FT_16.352_205.15865,C14 H20 O,NA,C14 H20 O,C14 H20 O,1.4085526,2-Benzylheptan-1-al,TRUE,TRUE,TRUE,keeping sirius,61.87,na,"1-[(4aR)-4a,8-dimethyl-4,5,6,7-tetrahydro-3H-naphthalen-2-yl]ethanone",C14 H20 O,L3.3
FT_16.352_205.15865,C14 H20 O,NA,C14 H20 O,C14 H20 O,1.4071202,3-Benzyl-4-heptanone,TRUE,TRUE,TRUE,keeping sirius,61.87,na,"1-[(4aR)-4a,8-dimethyl-4,5,6,7-tetrahydro-3H-naphthalen-2-yl]ethanone",C14 H20 O,L3.3
FT_16.353_177.16380,C13 H20,NA,C13 H20,C13 H20,1.3999804,"3,5,7-Trimethyl-2E,4E,6E,8E-decatetraene",TRUE,TRUE,TRUE,"match name cmmrt, sirius",63.33,na,"Megastigma-4,6(E),8(Z)-triene",C13 H20,L3.1
FT_16.353_177.16380,C13 H20,NA,C13 H20,C13 H20,1.3353359,"(6E,8E)-4,6,8-Megastigmatriene",TRUE,TRUE,TRUE,"match name cmmrt, sirius",63.33,na,"Megastigma-4,6(E),8(Z)-triene",C13 H20,L3.1
FT_16.353_177.16380,C13 H20,NA,C13 H20,C13 H20,1.3353359,"Megastigma-4,6(E),8(Z)-triene",TRUE,TRUE,TRUE,"match name cmmrt, sirius",63.33,na,"Megastigma-4,6(E),8(Z)-triene",C13 H20,L3.1
FT_16.354_245.15123,C12 H16 N6,NA,C16 H20 O2,C11 H20 N2 O4,3.5692067,Isoleucyl-hydroxyproline,FALSE,FALSE,FALSE,na,na,na,Isoleucyl-hydroxyproline,C11 H20 N2 O4,L3.3
FT_16.354_245.15123,C12 H16 N6,NA,C16 H20 O2,C11 H20 N2 O4,3.569114,1-(2-Amino-4-methylpentanoyl)-4-hydroxypyrrolidine-2-carboxylic acid,FALSE,FALSE,FALSE,na,na,na,Isoleucyl-hydroxyproline,C11 H20 N2 O4,L3.3
FT_16.354_245.15123,C12 H16 N6,NA,C16 H20 O2,C11 H20 N2 O4,3.5602357,Hydroxyprolyl-Leucine,FALSE,FALSE,FALSE,na,na,na,Isoleucyl-hydroxyproline,C11 H20 N2 O4,L3.3
FT_16.372_335.14903,C18 H22 O6,NA,C18 H22 O6,C16 H19 F N4 O3,3.2966568,Amifloxacin,TRUE,FALSE,FALSE,keeping sirius,54.64,na,"methyl 10-(acetoxymethyl)-3-methylene-2-oxo-3a,4,5,8,9,11a-hexahydrocyclodeca[b]furan-6-carboxylate",C18 H22 O6,L3.3
FT_16.372_335.14903,C18 H22 O6,NA,C18 H22 O6,C14 H26 N2 O3 S2,2.7626944,"(2R)-2-amino-6-[5-(1,2-dithiolan-3-yl)pentanamido]hexanoic acid",TRUE,FALSE,FALSE,keeping sirius,54.64,na,"methyl 10-(acetoxymethyl)-3-methylene-2-oxo-3a,4,5,8,9,11a-hexahydrocyclodeca[b]furan-6-carboxylate",C18 H22 O6,L3.3
FT_16.372_335.14903,C18 H22 O6,NA,C18 H22 O6,C18 H22 O6,1.8323346,Asteltoxin G,TRUE,TRUE,TRUE,keeping sirius,54.64,na,"methyl 10-(acetoxymethyl)-3-methylene-2-oxo-3a,4,5,8,9,11a-hexahydrocyclodeca[b]furan-6-carboxylate",C18 H22 O6,L3.3
FT_16.386_461.25141,C23 H36 N6 S2,NA,NA,C26 H36 O7,1.3761568,Austalide P,FALSE,FALSE,FALSE,delete,delete,delete,delete,delete,delete
FT_16.386_461.25141,C23 H36 N6 S2,NA,NA,C26 H36 O7,1.371268,Tropolactone D,FALSE,FALSE,FALSE,delete,delete,delete,delete,delete,delete
FT_16.399_421.25865,C25 H40 O S2,NA,NA,C24 H36 O6,1.3447332,"Dimethyl 3-methoxy-4-oxo-5-(8,11,14-pentadecatrienyl)-2-hexenedioate",FALSE,FALSE,FALSE,delete,delete,delete,delete,delete,delete
FT_16.404_369.16933,C22 H24 O5,NA,C22 H24 O5,C22 H24 O5,1.4166062,"9-Hydroxy-4-(3,7-dimethyl-2,6-octadienyloxy)-psoralen",TRUE,TRUE,TRUE,delete,delete,delete,delete,delete,delete
FT_16.404_369.16933,C22 H24 O5,NA,C22 H24 O5,C19 H28 O5 S,1.4122684,Dehydroepiandrosterone sulfate,TRUE,FALSE,FALSE,delete,delete,delete,delete,delete,delete
FT_16.404_369.16933,C22 H24 O5,NA,C22 H24 O5,C22 H24 O5,1.4118866,"4,4-Bis(p-hydroxyphenyl)-3-hexanone diacetate",TRUE,TRUE,TRUE,delete,delete,delete,delete,delete,delete
FT_16.412_283.08124,C13 H14 O7,NA,C13 H14 O7,NA,NA,NA,TRUE,FALSE,FALSE,na,69.92,na,"Trimethyl 5-methoxybenzene-1,2,4-tricarboxylate",C13 H14 O7,L3.3
FT_16.449_445.14934,C16 H32 N2 O6 S3,NA,C23 H24 O9,NA,NA,NA,FALSE,FALSE,FALSE,delete,delete,delete,delete,delete,delete
FT_16.461_223.06004,C11 H10 O5,NA,C11 H10 O5,C11 H10 O5,2.660888,Sphagnum acid,TRUE,TRUE,TRUE,delete,delete,delete,delete,delete,delete
FT_16.461_223.06004,C11 H10 O5,NA,C11 H10 O5,C11 H10 O5,2.3327324,2-Succinylbenzoate,TRUE,TRUE,TRUE,delete,delete,delete,delete,delete,delete
FT_16.461_223.06004,C11 H10 O5,NA,C11 H10 O5,C11 H10 O5,2.2078633,2-Hydroxy-7-hydroxymethylchromene-2-carboxylate,TRUE,TRUE,TRUE,delete,delete,delete,delete,delete,delete
FT_16.465_279.15705,C10 H23 N4 O3 P,NA,C16 H22 O4,C16 H22 O4,1.7415998,NA,FALSE,FALSE,TRUE,delete,delete,delete,delete,delete,delete
FT_16.465_279.15705,C10 H23 N4 O3 P,NA,C16 H22 O4,C16 H22 O4,1.6107395,NA,FALSE,FALSE,TRUE,delete,delete,delete,delete,delete,delete
FT_16.465_279.15705,C10 H23 N4 O3 P,NA,C16 H22 O4,C16 H22 O4,1.5988736,Asperspin A,FALSE,FALSE,TRUE,delete,delete,delete,delete,delete,delete
FT_16.529_389.15938,C21 H24 O7,NA,C21 H24 O7,C21 H25 ClN2 O3,3.1609962,4-(4-((4-Chlorophenyl)(pyridin-2-yl)methoxy)piperidin-1-yl)butanoic acid,TRUE,FALSE,FALSE,delete,delete,delete,delete,delete,delete
FT_16.529_389.15938,C21 H24 O7,NA,C21 H24 O7,C21 H25 ClN2 O3,2.2554355,Cetirizine,TRUE,FALSE,FALSE,delete,delete,delete,delete,delete,delete
FT_16.529_389.15938,C21 H24 O7,NA,C21 H24 O7,C21 H25 ClN2 O3,2.2554355,Levocetirizine,TRUE,FALSE,FALSE,delete,delete,delete,delete,delete,delete
FT_16.538_405.19068,C23 H32 O2 S2,NA,C22 H28 O7,C22 H28 O7,1.9239495,"(2S,4R,6S)-2-[2-(4-hydroxy-3-methoxyphenyl)ethyl]tetrahydro-6-(4-hydroxy-3,5-dimethoxyphenyl)-2H-pyran-4-ol",FALSE,FALSE,TRUE,delete,delete,delete,delete,delete,delete
FT_16.538_405.19068,C23 H32 O2 S2,NA,C22 H28 O7,C22 H28 O7,1.7278727,CID 442047,FALSE,FALSE,TRUE,delete,delete,delete,delete,delete,delete
FT_16.538_405.19068,C23 H32 O2 S2,NA,C22 H28 O7,C22 H28 O7,1.7019211,Dihydroclusin,FALSE,FALSE,TRUE,delete,delete,delete,delete,delete,delete
FT_16.545_467.20649,C27 H30 O7,NA,C27 H30 O7,C28 H26 N4 O3,1.4197873,5-N-acetyl-15b-didehydroardeemin,TRUE,FALSE,FALSE,"Similar structures, keeping sirius",74.8,na,"(7R,8R)-8-(3,4-dimethoxyphenyl)-5,7-dihydroxy-2,2-dimethyl-10-(3-methylbut-2-enyl)-7,8-dihydropyrano[3,2-g]chromen-6-one",C27 H30 O7,L3.3
FT_16.545_467.20649,C27 H30 O7,NA,C27 H30 O7,C28 H26 N4 O3,1.2936546,Indolocarbazole nitrogen derivative,TRUE,FALSE,FALSE,"Similar structures, keeping sirius",74.8,na,"(7R,8R)-8-(3,4-dimethoxyphenyl)-5,7-dihydroxy-2,2-dimethyl-10-(3-methylbut-2-enyl)-7,8-dihydropyrano[3,2-g]chromen-6-one",C27 H30 O7,L3.3
FT_16.545_467.20649,C27 H30 O7,NA,C27 H30 O7,C27 H30 O7,1.2050818,Terreulactone B,TRUE,TRUE,TRUE,"Similar structures, keeping sirius",74.8,na,"(7R,8R)-8-(3,4-dimethoxyphenyl)-5,7-dihydroxy-2,2-dimethyl-10-(3-methylbut-2-enyl)-7,8-dihydropyrano[3,2-g]chromen-6-one",C27 H30 O7,L3.3
FT_16.567_353.15961,C11 H24 N6 O5 S,NA,C18 H24 O7,C21 H22 N O4+,1.4645779,Palmatine,FALSE,FALSE,FALSE,na,na,na,"3-(7-hydroxy-4-methoxycarbonyl-9-methyl-11-oxo-10-oxatricyclo[6.3.2.0^{1,7}]tridec-3-en-9-yl)propanoic acid",C18 H24 O7,L3.3
FT_16.567_353.15961,C11 H24 N6 O5 S,NA,C18 H24 O7,C18 H24 O7,1.375638,"3-Hydroxy-1-(8-hydroxy-6-methoxy-3-methyl-1-oxo-3,4-dihydro-1H-2-benzopyran-7-yl)-3-methylbutan-2-yl acetate",FALSE,FALSE,TRUE,na,na,na,"3-(7-hydroxy-4-methoxycarbonyl-9-methyl-11-oxo-10-oxatricyclo[6.3.2.0^{1,7}]tridec-3-en-9-yl)propanoic acid",C18 H24 O7,L3.3
FT_16.573_343.15385,C20 H22 O5,NA,C20 H22 O5,C20 H22 O5,2.2559304,Deoxymiroestrol,TRUE,TRUE,TRUE,delete,delete,delete,delete,delete,delete
FT_16.573_343.15385,C20 H22 O5,NA,C20 H22 O5,C20 H22 O5,1.4283143,NA,TRUE,TRUE,TRUE,delete,delete,delete,delete,delete,delete
FT_16.573_343.15385,C20 H22 O5,NA,C20 H22 O5,C20 H22 O5,1.4238288,7-Hydroxyaustrobailignan 5,TRUE,TRUE,TRUE,delete,delete,delete,delete,delete,delete
FT_16.595_379.17386,C16 H30 N2 O4 S2,NA,C20 H26 O7,C20 H26 O7,2.7307017,Carinol,FALSE,FALSE,TRUE,delete,delete,delete,delete,delete,delete
FT_16.595_379.17386,C16 H30 N2 O4 S2,NA,C20 H26 O7,C20 H26 O7,2.4492898,"Gibbane-1,10-dicarboxylic acid, 2,3,5-trihydroxy-4a-(hydroxymethyl)-1-methyl-8-methylene-, 1,4a-lactone, (1alpha,2beta,3beta,4aalpha,4bbeta,5beta,10beta)-",FALSE,FALSE,TRUE,delete,delete,delete,delete,delete,delete
FT_16.595_379.17386,C16 H30 N2 O4 S2,NA,C20 H26 O7,C20 H26 O7,2.4326859,Chaparrinone,FALSE,FALSE,TRUE,delete,delete,delete,delete,delete,delete
FT_16.598_499.19643,C27 H30 O9,NA,C27 H30 O9,C27 H30 O9,1.4314135,"[(2S)-2,2',2',9,13-pentamethyl-6,16-dimethylidene-6',11,15-trioxospiro[10,14,17-trioxapentacyclo[7.6.1.17,12.01,12.02,7]heptadecane-5,3'-pyran]-8-yl] acetate",TRUE,TRUE,TRUE,"Name not  match, cmmrt name from fungi",less 50,na,Dehydroaustin,C27 H30 O9,L3.3
FT_16.598_499.19643,C27 H30 O9,NA,C27 H30 O9,C27 H30 O9,1.4314135,Dehydroaustin,TRUE,TRUE,TRUE,"Name not  match, cmmrt name from fungi",less 50,na,Dehydroaustin,C27 H30 O9,L3.3
FT_16.600_511.19644,C29 H34 O4 S2,NA,C28 H30 O9,C28 H30 O9,1.4012365,Territrema(RG),FALSE,FALSE,TRUE,delete,delete,delete,delete,delete,delete
FT_16.600_511.19644,C29 H34 O4 S2,NA,C28 H30 O9,C28 H30 O9,1.3385912,Isophysalin B,FALSE,FALSE,TRUE,delete,delete,delete,delete,delete,delete
FT_16.600_511.19644,C29 H34 O4 S2,NA,C28 H30 O9,C28 H30 O9,1.2706938,Physalin B,FALSE,FALSE,TRUE,delete,delete,delete,delete,delete,delete
FT_16.641_301.28498,C17 H36 N2 O2,NA,C17 H36 N2 O2,NA,NA,NA,TRUE,FALSE,FALSE,na,82.43,na,3-(Dodecanoylamino)propyl-hydroxy-dimethylazanium,C17 H36 N2 O2,L3.3
FT_16.666_291.15902,C17 H22 O4,NA,C17 H22 O4,C17 H22 O4,1.4351021,Laurenobiolide,TRUE,TRUE,TRUE,Similar structure keeping cmmrt,33.73,na,Laurenoniolide,C17 H22 O4,L3.3
FT_16.666_291.15902,C17 H22 O4,NA,C17 H22 O4,C17 H22 O4,1.4351021,Laurenoniolide,TRUE,TRUE,TRUE,Similar structure keeping cmmrt,33.73,na,Laurenoniolide,C17 H22 O4,L3.3
FT_16.666_291.15902,C17 H22 O4,NA,C17 H22 O4,C17 H22 O4,1.4306225,(-)-Odemasin A,TRUE,TRUE,TRUE,Similar structure keeping cmmrt,33.73,na,Laurenoniolide,C17 H22 O4,L3.3
FT_16.668_291.12280,C16 H18 O5,NA,C16 H18 O5,C16 H18 O5,1.7637868,Wentilactone B,TRUE,TRUE,TRUE,keeping sirius,67.89,na,"2-(5-acetyl-6-methoxy-2,3-dihydrobenzofuran-2-yl)allyl acetate",C16 H18 O5,L3.3
FT_16.668_291.12280,C16 H18 O5,NA,C16 H18 O5,C16 H18 O5,1.7637868,Unii-8jti620gsi,TRUE,TRUE,TRUE,keeping sirius,67.89,na,"2-(5-acetyl-6-methoxy-2,3-dihydrobenzofuran-2-yl)allyl acetate",C16 H18 O5,L3.3
FT_16.668_291.12280,C16 H18 O5,NA,C16 H18 O5,C16 H18 O5,1.697544,5-O-Methylvisamminol,TRUE,TRUE,TRUE,keeping sirius,67.89,na,"2-(5-acetyl-6-methoxy-2,3-dihydrobenzofuran-2-yl)allyl acetate",C16 H18 O5,L3.3
FT_16.686_287.16414,C18 H22 O3,NA,C18 H22 O3,C14 H18 N6 O,3.289369,Abacavir,TRUE,FALSE,FALSE,"Similar structure sirius (not first option), keeping sirius",58.94,na,"Estradiol-3,4-quinone",C18 H22 O3,L3.3
FT_16.686_287.16414,C18 H22 O3,NA,C18 H22 O3,C18 H22 O3,1.5924015,2-Hydroxyestrone,TRUE,TRUE,TRUE,"Similar structure sirius (not first option), keeping sirius",58.94,na,"Estradiol-3,4-quinone",C18 H22 O3,L3.3
FT_16.686_287.16414,C18 H22 O3,NA,C18 H22 O3,C18 H22 O3,1.5210532,"Estra-1,3,5(10)-triene-3,4-diol-17-one",TRUE,TRUE,TRUE,"Similar structure sirius (not first option), keeping sirius",58.94,na,"Estradiol-3,4-quinone",C18 H22 O3,L3.3
FT_16.721_209.08081,C11 H12 O4,NA,C11 H12 O4,C11 H12 O4,2.9041667,NA,TRUE,TRUE,TRUE,keeping sirius,79.79,na,Methyl 4-hydroxy-3-methoxy-cinnamate,C11 H12 O4,L3.3
FT_16.721_209.08081,C11 H12 O4,NA,C11 H12 O4,C11 H12 O4,2.7797441,NA,TRUE,TRUE,TRUE,keeping sirius,79.79,na,Methyl 4-hydroxy-3-methoxy-cinnamate,C11 H12 O4,L3.3
FT_16.721_209.08081,C11 H12 O4,NA,C11 H12 O4,C11 H12 O4,2.720557,NA,TRUE,TRUE,TRUE,keeping sirius,79.79,na,Methyl 4-hydroxy-3-methoxy-cinnamate,C11 H12 O4,L3.3
FT_16.723_281.10198,C14 H16 O6,NA,C14 H16 O6,C14 H16 O6,2.1189902,"(Z)-3-[4,5-dihydroxy-2-(2-hydroxypropan-2-yl)-2,3-dihydro-1-benzofuran-7-yl]prop-2-enoic acid",TRUE,TRUE,TRUE,keeping cmmrt,NA,na,"(Z)-3-[4,5-dihydroxy-2-(2-hydroxypropan-2-yl)-2,3-dihydro-1-benzofuran-7-yl]prop-2-enoic acid",C14 H16 O6,L3.3
FT_16.723_281.10198,C14 H16 O6,NA,C14 H16 O6,C14 H16 O6,1.5076319,Asperphenone C,TRUE,TRUE,TRUE,keeping cmmrt,NA,na,"(Z)-3-[4,5-dihydroxy-2-(2-hydroxypropan-2-yl)-2,3-dihydro-1-benzofuran-7-yl]prop-2-enoic acid",C14 H16 O6,L3.3
FT_16.740_201.09101,C13 H12 O2,NA,C13 H12 O2,C13 H12 O2,3.4737134,"(2S,3E,11E)-trideca-3,11-dien-5,7,9-triyne-1,2-diol",TRUE,TRUE,TRUE,keeping sirius,63.52,na,"1,4-Naphthalenedione, 2,3,6-trimethyl-",C13 H12 O2,L3.3
FT_16.740_201.09101,C13 H12 O2,NA,C13 H12 O2,C13 H12 O2,3.4737134,"(3E,11Z)-trideca-3,11-dien-5,7,9-triyne-1,2-diol",TRUE,TRUE,TRUE,keeping sirius,63.52,na,"1,4-Naphthalenedione, 2,3,6-trimethyl-",C13 H12 O2,L3.3
FT_16.740_201.09101,C13 H12 O2,NA,C13 H12 O2,C13 H12 O2,1.9250267,"(+)-(3S,4R)-3,4-dihydroxy-3,4-dihydrofluorene",TRUE,TRUE,TRUE,keeping sirius,63.52,na,"1,4-Naphthalenedione, 2,3,6-trimethyl-",C13 H12 O2,L3.3
FT_16.740_334.16488,C18 H23 N O5,NA,C18 H23 N O5,C18 H23 N O5,3.609681,Seneciphylline,TRUE,TRUE,TRUE,keeping sirius,59.04,na,"N-(sec-butyl)-2-(7,8-dimethoxy-4-methyl-2-oxo-2H-chromen-3-yl)acetamide",C18 H23 N O5,L3.3
FT_16.740_334.16488,C18 H23 N O5,NA,C18 H23 N O5,C18 H23 N O5,3.5837104,Narcissidine,TRUE,TRUE,TRUE,keeping sirius,59.04,na,"N-(sec-butyl)-2-(7,8-dimethoxy-4-methyl-2-oxo-2H-chromen-3-yl)acetamide",C18 H23 N O5,L3.3
FT_16.740_334.16488,C18 H23 N O5,NA,C18 H23 N O5,C18 H23 N O5,1.8743204,"3-hydroxy-7-(hydroxymethyl)-6-methyl-2-[(1E,3E)-nona-1,3-dien-1-yl]-6,7-dihydropyrano[2,3-c]pyrrole-4,5-dione",TRUE,TRUE,TRUE,keeping sirius,59.04,na,"N-(sec-butyl)-2-(7,8-dimethoxy-4-methyl-2-oxo-2H-chromen-3-yl)acetamide",C18 H23 N O5,L3.3
FT_16.740_339.12045,C16 H14 N6 O3,NA,C20 H18 O5,C20 H18 O5,1.7984816,Glyceollin III,FALSE,FALSE,TRUE,na,na,na,"(E)-1-(5,7-dihydroxy-2,2-dimethylchromen-6-yl)-3-(4-hydroxyphenyl)prop-2-en-1-one",C20H18O5,L3.3
FT_16.740_339.12045,C16 H14 N6 O3,NA,C20 H18 O5,C20 H18 O5,1.7984812,"1,2-Dihydro-2-(1-methylethenyl)-6H-benzofuro[3,2-c]furo[3,2-g][1]benzopyran-6a,9(11aH)-diol, 9CI",FALSE,FALSE,TRUE,na,na,na,"(E)-1-(5,7-dihydroxy-2,2-dimethylchromen-6-yl)-3-(4-hydroxyphenyl)prop-2-en-1-one",C20H18O5,L3.3
FT_16.740_339.12045,C16 H14 N6 O3,NA,C20 H18 O5,C20 H18 O5,1.7851939,"(1E,4Z,6E)-1-(4-Hydroxyphenyl)-5-hydroxy-7-(3-methoxy-4-hydroxyphenyl)-1,4,6-heptatriene-3-one",FALSE,FALSE,TRUE,na,na,na,"(E)-1-(5,7-dihydroxy-2,2-dimethylchromen-6-yl)-3-(4-hydroxyphenyl)prop-2-en-1-one",C20H18O5,L3.3
FT_16.743_279.15689,C12 H18 N6 O2,NA,C16 H22 O4,C16 H22 O4,1.7647637,NA,FALSE,FALSE,TRUE,na,na,na,"2-(4-Hydroxy-3-methylbut-2-en-1-yl)-4-(3-methylbut-2-en-1-yl)benzene-1,3,5-triol",C16 H22 O4,L3.3
FT_16.743_279.15689,C12 H18 N6 O2,NA,C16 H22 O4,C16 H22 O4,1.6339995,NA,FALSE,FALSE,TRUE,na,na,na,"2-(4-Hydroxy-3-methylbut-2-en-1-yl)-4-(3-methylbut-2-en-1-yl)benzene-1,3,5-triol",C16 H22 O4,L3.3
FT_16.743_279.15689,C12 H18 N6 O2,NA,C16 H22 O4,C16 H22 O4,1.622153,Asperspin A,FALSE,FALSE,TRUE,na,na,na,"2-(4-Hydroxy-3-methylbut-2-en-1-yl)-4-(3-methylbut-2-en-1-yl)benzene-1,3,5-triol",C16 H22 O4,L3.3
FT_16.752_353.15975,C18 H24 O7,NA,C18 H24 O7,C21 H22 N O4+,1.4802711,Palmatine,TRUE,FALSE,FALSE,delete,delete,delete,delete,delete,delete
FT_16.752_353.15975,C18 H24 O7,NA,C18 H24 O7,C18 H24 O7,1.3915784,"3-Hydroxy-1-(8-hydroxy-6-methoxy-3-methyl-1-oxo-3,4-dihydro-1H-2-benzopyran-7-yl)-3-methylbutan-2-yl acetate",TRUE,TRUE,TRUE,delete,delete,delete,delete,delete,delete
FT_16.755_279.12274,C15 H18 O5,NA,C15 H18 O5,C15 H18 O5,2.4154418,CID 442189,TRUE,TRUE,TRUE,delete,delete,delete,delete,delete,delete
FT_16.755_279.12274,C15 H18 O5,NA,C15 H18 O5,C15 H18 O5,2.3174148,Isohelenol,TRUE,TRUE,TRUE,delete,delete,delete,delete,delete,delete
FT_16.755_279.12274,C15 H18 O5,NA,C15 H18 O5,C15 H18 O5,2.224961,Solanolone,TRUE,TRUE,TRUE,delete,delete,delete,delete,delete,delete
FT_16.762_297.13332,C9 H21 N4 O5 P,NA,C15 H20 O6,C15 H20 O6,3.4384072,Vomitoxin,FALSE,FALSE,TRUE,na,na,na,Deoxynivalenol,C15 H20 O6,L3.3
FT_16.762_297.13332,C9 H21 N4 O5 P,NA,C15 H20 O6,C15 H20 O6,3.438406,CID 442408,FALSE,FALSE,TRUE,na,na,na,Deoxynivalenol,C15 H20 O6,L3.3
FT_16.762_297.13332,C9 H21 N4 O5 P,NA,C15 H20 O6,C15 H20 O6,2.5039103,"2,6'-Dihydroxy-2,2',4-trimethylspiro[3a,4,5,7a-tetrahydrofuro[2,3-c]pyran-3,5'-cyclohex-2-ene]-1',7-dione",FALSE,FALSE,TRUE,na,na,na,Deoxynivalenol,C15 H20 O6,L3.3
FT_16.767_451.17509,C26 H26 O7,NA,C26 H26 O7,C26 H26 O7,1.4299463,"4-Benzyloxy-2'-hydroxy-3',4',5',6'-tetramethoxychalcone",TRUE,TRUE,TRUE,"match name cmmrt, sirius",47.74,na,"4-Benzyloxy-2'-hydroxy-3',4',5',6'-tetramethoxychalcone",C26 H26 O7,L3.1
FT_16.767_451.17509,C26 H26 O7,NA,C26 H26 O7,C26 H26 O7,1.3428044,Cycloaltilisin,TRUE,TRUE,TRUE,"match name cmmrt, sirius",47.74,na,"4-Benzyloxy-2'-hydroxy-3',4',5',6'-tetramethoxychalcone",C26 H26 O7,L3.1
FT_16.767_451.17509,C26 H26 O7,NA,C26 H26 O7,C26 H26 O7,1.3428044,Dihydroisocycloartomunin,TRUE,TRUE,TRUE,"match name cmmrt, sirius",47.74,na,"4-Benzyloxy-2'-hydroxy-3',4',5',6'-tetramethoxychalcone",C26 H26 O7,L3.1
FT_16.787_405.20633,C26 H28 O4,NA,C26 H28 O4,C23 H32 O4 S,1.2325273,"15beta-Hydroxy-7alpha-mercapto-pregn-4-ene-3,20-dione 7-acetate",TRUE,FALSE,FALSE,delete,delete,delete,delete,delete,delete
FT_16.804_219.10160,C13 H14 O3,NA,C13 H14 O3,C13 H14 O3,2.2141623,Asperfuran,TRUE,TRUE,TRUE,delete,delete,delete,delete,delete,delete
FT_16.804_219.10160,C13 H14 O3,NA,C13 H14 O3,C13 H14 O3,2.1511643,(R)-Bitalin A,TRUE,TRUE,TRUE,delete,delete,delete,delete,delete,delete
FT_16.804_219.10160,C13 H14 O3,NA,C13 H14 O3,C13 H14 O3,1.396011,Toxol,TRUE,TRUE,TRUE,delete,delete,delete,delete,delete,delete
FT_16.837_251.12775,C14 H18 O4,NA,C14 H18 O4,C14 H18 O4,2.0963228,Helinorbisabone,TRUE,TRUE,TRUE,"Similar structures, keeping sirius",67.13,na,Preremirol,C14 H18 O4,L3.3
FT_16.837_251.12775,C14 H18 O4,NA,C14 H18 O4,C14 H18 O4,1.9443536,2-Hydroxy-3-[4-hydroxy-3-(3-methylbut-2-enyl)phenyl]propanoic acid,TRUE,TRUE,TRUE,"Similar structures, keeping sirius",67.13,na,Preremirol,C14 H18 O4,L3.3
FT_16.837_251.12775,C14 H18 O4,NA,C14 H18 O4,C14 H18 O4,1.784107,NA,TRUE,TRUE,TRUE,"Similar structures, keeping sirius",67.13,na,Preremirol,C14 H18 O4,L3.3
FT_16.850_481.18526,C21 H37 O6 P S2,NA,C27 H28 O8,NA,NA,NA,FALSE,FALSE,FALSE,delete,delete,delete,delete,delete,delete
FT_16.867_481.14965,C27 H20 N4 O5,NA,C26 H24 O9,NA,NA,NA,FALSE,FALSE,FALSE,na,na,yes,no name,C26 H24 O9,L4.3
FT_16.870_335.14907,C18 H22 O6,NA,C18 H22 O6,C16 H19 F N4 O3,3.3463194,Amifloxacin,TRUE,FALSE,FALSE,delete,delete,delete,delete,delete,delete
FT_16.870_335.14907,C18 H22 O6,NA,C18 H22 O6,C18 H22 O6,1.8738842,Asteltoxin G,TRUE,TRUE,TRUE,delete,delete,delete,delete,delete,delete
FT_16.870_335.14907,C18 H22 O6,NA,C18 H22 O6,C18 H22 O6,1.4235806,"3-Ethoxy-1,3-dihydro-7-methoxy-6-methyl-5-<(3-methyl-2-butenyl)oxy>-1-oxo-4-isobenzofurancarbaldehyde",TRUE,TRUE,TRUE,delete,delete,delete,delete,delete,delete
FT_16.885_255.12266,C13 H18 O5,NA,C13 H18 O5,C13 H18 O5,1.8677292,"Methyl 3-(2,3-dihydroxy-3-methylbutyl)-4-hydroxybenzoate",TRUE,TRUE,TRUE,delete,delete,delete,delete,delete,delete
FT_16.885_255.12266,C13 H18 O5,NA,C13 H18 O5,C12 H22 O2 Si2,1.4437743,"Silane, (o-phenylenedioxy)bis[trimethyl-",TRUE,FALSE,FALSE,delete,delete,delete,delete,delete,delete
FT_16.915_239.12777,C13 H18 O4,NA,C13 H18 O4,C13 H18 O4,1.3507242,"3,6,8-Trimethoxy-3-methyl-1,4-dihydroisochromene",TRUE,TRUE,TRUE,delete,delete,delete,delete,delete,delete
FT_16.915_239.12777,C13 H18 O4,NA,C13 H18 O4,C13 H18 O4,1.3256081,"2,2,4,4,-Tetramethyl-6-(1-oxopropyl)-1,3,5-cyclohexanetrione",TRUE,TRUE,TRUE,delete,delete,delete,delete,delete,delete
FT_16.915_239.12777,C13 H18 O4,NA,C13 H18 O4,C13 H18 O4,1.2511812,Allyltetramethoxybenzene,TRUE,TRUE,TRUE,delete,delete,delete,delete,delete,delete
FT_16.919_537.21043,C27 H24 N10 O3,NA,C30 H32 O9,C30 H32 O9,1.4376776,Schisantherin A,FALSE,FALSE,TRUE,delete,delete,delete,delete,delete,delete
FT_16.919_537.21043,C27 H24 N10 O3,NA,C30 H32 O9,C30 H32 O9,1.4267473,"2(3H)-Furanone, 4-(((2S,3R)-2,3-dihydro-2-(4-hydroxy-3-methoxyphenyl)-3-(hydroxymethyl)-7-methoxy-5-benzofuranyl)methyl)dihydro-3-((4-hydroxy-3-methoxyphenyl)methyl)-, (3R,4R)-",FALSE,FALSE,TRUE,delete,delete,delete,delete,delete,delete
FT_16.925_467.20647,C27 H30 O7,NA,C27 H30 O7,C28 H26 N4 O3,1.4493408,5-N-acetyl-15b-didehydroardeemin,TRUE,FALSE,FALSE,keeping sirius,71.58,na,"(7R,8R)-8-(3,4-dimethoxyphenyl)-5,7-dihydroxy-2,2-dimethyl-10-(3-methylbut-2-enyl)-7,8-dihydropyrano[3,2-g]chromen-6-one",C27 H30 O7,L3.3
FT_16.925_467.20647,C27 H30 O7,NA,C27 H30 O7,C28 H26 N4 O3,1.3267925,Indolocarbazole nitrogen derivative,TRUE,FALSE,FALSE,keeping sirius,71.58,na,"(7R,8R)-8-(3,4-dimethoxyphenyl)-5,7-dihydroxy-2,2-dimethyl-10-(3-methylbut-2-enyl)-7,8-dihydropyrano[3,2-g]chromen-6-one",C27 H30 O7,L3.3
FT_16.925_467.20647,C27 H30 O7,NA,C27 H30 O7,C27 H30 O7,1.2387052,Terreulactone B,TRUE,TRUE,TRUE,keeping sirius,71.58,na,"(7R,8R)-8-(3,4-dimethoxyphenyl)-5,7-dihydroxy-2,2-dimethyl-10-(3-methylbut-2-enyl)-7,8-dihydropyrano[3,2-g]chromen-6-one",C27 H30 O7,L3.3
FT_16.963_209.08083,C11 H12 O4,NA,C11 H12 O4,C11 H12 O4,2.9266953,"5-(3',5'-Dihydroxyphenyl)-gamma-valerolactone",TRUE,TRUE,TRUE,delete,delete,delete,delete,delete,delete
FT_16.963_209.08083,C11 H12 O4,NA,C11 H12 O4,C11 H12 O4,2.8019059,"5-[(3,4-Dihydroxyphenyl)methyl]oxolan-2-one",TRUE,TRUE,TRUE,delete,delete,delete,delete,delete,delete
FT_16.963_209.08083,C11 H12 O4,NA,C11 H12 O4,C11 H12 O4,2.7425447,NA,TRUE,TRUE,TRUE,delete,delete,delete,delete,delete,delete
FT_16.965_419.24324,C18 H30 N10 S,NA,NA,C25 H30 N4 O2,2.3537078,Naphthyl dipeptide,FALSE,FALSE,FALSE,delete,delete,delete,delete,delete,delete
FT_16.965_419.24324,C18 H30 N10 S,NA,NA,C24 H34 O6,1.398454,Aspernidgulene A1,FALSE,FALSE,FALSE,delete,delete,delete,delete,delete,delete
FT_16.965_419.24324,C18 H30 N10 S,NA,NA,C24 H34 O6,1.398454,Aspernidgulene A2,FALSE,FALSE,FALSE,delete,delete,delete,delete,delete,delete
FT_16.967_413.15954,C17 H25 N4 O6 P,NA,C23 H24 O7,C23 H24 O7,1.2386267,Garcimangosone C,FALSE,FALSE,TRUE,delete,delete,delete,delete,delete,delete
FT_17.002_275.12778,C10 H19 N4 O3 P,NA,C16 H18 O4,C16 H18 O4,1.9794141,"4,4'-Dihydroxy-3,5-dimethoxydihydrostilbene",FALSE,FALSE,TRUE,delete,delete,delete,delete,delete,delete
FT_17.002_275.12778,C10 H19 N4 O3 P,NA,C16 H18 O4,C16 H18 O4,1.8189169,"3',4-Dihydroxy-3,5'-dimethoxybibenzyl",FALSE,FALSE,TRUE,delete,delete,delete,delete,delete,delete
FT_17.002_275.12778,C10 H19 N4 O3 P,NA,C16 H18 O4,C16 H18 O4,1.6634812,"3,3'-Dihydroxy-4,5dimethoxybibenzyl",FALSE,FALSE,TRUE,delete,delete,delete,delete,delete,delete
FT_17.017_235.13068,C10 H14 N6 O,NA,C14 H18 O3,C9 H18 N2 O5,3.8100462,"2,6-Diamino-7-hydroxy-azelaic acid",FALSE,FALSE,FALSE,delete,delete,delete,delete,delete,delete
FT_17.017_235.13068,C10 H14 N6 O,NA,C14 H18 O3,C14 H18 O3,2.0010424,Aspergentisyl A,FALSE,FALSE,TRUE,delete,delete,delete,delete,delete,delete
FT_17.017_235.13068,C10 H14 N6 O,NA,C14 H18 O3,C14 H18 O3,1.8263088,Pterosin N,FALSE,FALSE,TRUE,delete,delete,delete,delete,delete,delete
FT_17.054_223.05968,C11 H10 O5,NA,C11 H10 O5,C11 H10 O5,2.7147844,Sphagnum acid,TRUE,TRUE,TRUE,delete,delete,delete,delete,delete,delete
FT_17.054_223.05968,C11 H10 O5,NA,C11 H10 O5,C11 H10 O5,2.3843112,2-Succinylbenzoate,TRUE,TRUE,TRUE,delete,delete,delete,delete,delete,delete
FT_17.054_223.05968,C11 H10 O5,NA,C11 H10 O5,C11 H10 O5,2.2586288,2-Hydroxy-7-hydroxymethylchromene-2-carboxylate,TRUE,TRUE,TRUE,delete,delete,delete,delete,delete,delete
FT_17.072_443.24208,C26 H34 O6,NA,C26 H34 O6,C26 H34 O6,1.4281024,"(2E,4E,6E,8E)-10-[(1R,2S,3S)-2-methoxy-4-methylidene-3-[(2R,3R)-2-methyl-3-(3-methylbut-2-enyl)oxiran-2-yl]cyclohexyl]oxy-10-oxodeca-2,4,6,8-tetraenoic acid",TRUE,TRUE,TRUE,delete,delete,delete,delete,delete,delete
FT_17.072_443.24208,C26 H34 O6,NA,C26 H34 O6,C26 H34 O6,1.4281024,"2,4,6,8-Decatetraenedioic acid, mono[2-methoxy-4-methylene-3-[2-methyl-3-(3-methyl-2-butenyl)-2-oxiranyl]cyclohex-1-yl] ester [1R-[1beta(2E,4E,6E,8E),2beta,3alpha(2R *,3R *)]] (2)",TRUE,TRUE,TRUE,delete,delete,delete,delete,delete,delete
FT_17.072_443.24208,C26 H34 O6,NA,C26 H34 O6,C26 H34 O6,1.4003861,3-O-Acetylepisamarcandin,TRUE,TRUE,TRUE,delete,delete,delete,delete,delete,delete
FT_17.080_303.15899,C18 H22 O4,NA,C18 H22 O4,C18 H22 O4,1.4090058,Enterodiol,TRUE,TRUE,TRUE,delete,delete,delete,delete,delete,delete
FT_17.080_303.15899,C18 H22 O4,NA,C18 H22 O4,C18 H22 O4,1.3068761,6-Ketoestriol,TRUE,TRUE,TRUE,delete,delete,delete,delete,delete,delete
FT_17.080_303.15899,C18 H22 O4,NA,C18 H22 O4,C18 H22 O4,1.2813852,Arnebinone,TRUE,TRUE,TRUE,delete,delete,delete,delete,delete,delete
FT_17.087_487.19601,C19 H40 N2 O4 P2 S2,NA,C26 H30 O9,C26 H30 O9,1.5743358,Astellolide B,FALSE,FALSE,TRUE,delete,delete,delete,delete,delete,delete
FT_17.087_487.19601,C19 H40 N2 O4 P2 S2,NA,C26 H30 O9,C26 H30 O9,1.4688728,Asperterpene D,FALSE,FALSE,TRUE,delete,delete,delete,delete,delete,delete
FT_17.087_487.19601,C19 H40 N2 O4 P2 S2,NA,C26 H30 O9,C26 H30 O9,1.4235848,Aspernolide G,FALSE,FALSE,TRUE,delete,delete,delete,delete,delete,delete
FT_17.114_281.13835,C15 H20 O5,NA,C15 H20 O5,C16 H16 N4 O,3.1408386,Hydroxystilbamidine,TRUE,FALSE,FALSE,delete,delete,delete,delete,delete,delete
FT_17.114_281.13835,C15 H20 O5,NA,C15 H20 O5,C15 H20 O5,2.9292555,"(1beta,4alpha,5alpha,6beta,8alpha,10b)-1,10:4,5-Diepoxy-6-hydroxy-7(11)-germacren-12,8-olide",TRUE,TRUE,TRUE,delete,delete,delete,delete,delete,delete
FT_17.114_281.13835,C15 H20 O5,NA,C15 H20 O5,C15 H20 O5,2.571571,Nigellic acid,TRUE,TRUE,TRUE,delete,delete,delete,delete,delete,delete
FT_17.118_483.20146,C22 H27 N8 O3 P,NA,C27 H30 O8,C27 H30 O8,1.4767995,Territrem E,FALSE,FALSE,TRUE,na,na,na,Territrem E,C27 H30 O8,L3.3
FT_17.118_483.20146,C22 H27 N8 O3 P,NA,C27 H30 O8,C27 H30 O8,1.4415549,Aspergixanthone I,FALSE,FALSE,TRUE,na,na,na,Territrem E,C27 H30 O8,L3.3
FT_17.118_483.20146,C22 H27 N8 O3 P,NA,C27 H30 O8,C27 H30 O8,1.4415545,Emerixanthone D,FALSE,FALSE,TRUE,na,na,na,Territrem E,C27 H30 O8,L3.3
FT_17.119_217.08594,C13 H12 O3,NA,C13 H12 O3,C13 H12 O3,1.706607,Bis(4-hydroxyphenyl)methanol,TRUE,TRUE,TRUE,keeping cmmrt,NA,na,Allenolic acid,C13 H12 O3,L3.3
FT_17.119_217.08594,C13 H12 O3,NA,C13 H12 O3,C13 H12 O3,1.6602622,Allenolic acid,TRUE,TRUE,TRUE,keeping cmmrt,NA,na,Allenolic acid,C13 H12 O3,L3.3
FT_17.119_217.08594,C13 H12 O3,NA,C13 H12 O3,C13 H12 O3,1.5140401,NA,TRUE,TRUE,TRUE,keeping cmmrt,NA,na,Allenolic acid,C13 H12 O3,L3.3
FT_17.140_467.20647,C27 H30 O7,NA,C27 H30 O7,C28 H26 N4 O3,1.4657696,5-N-acetyl-15b-didehydroardeemin,TRUE,FALSE,FALSE,keeping sirius,73.3,na,"(7R,8R)-8-(3,4-dimethoxyphenyl)-5,7-dihydroxy-2,2-dimethyl-10-(3-methylbut-2-enyl)-7,8-dihydropyrano[3,2-g]chromen-6-one",C27 H30 O7,L3.3
FT_17.140_467.20647,C27 H30 O7,NA,C27 H30 O7,C28 H26 N4 O3,1.345214,Indolocarbazole nitrogen derivative,TRUE,FALSE,FALSE,keeping sirius,73.3,na,"(7R,8R)-8-(3,4-dimethoxyphenyl)-5,7-dihydroxy-2,2-dimethyl-10-(3-methylbut-2-enyl)-7,8-dihydropyrano[3,2-g]chromen-6-one",C27 H30 O7,L3.3
FT_17.140_467.20647,C27 H30 O7,NA,C27 H30 O7,C27 H30 O7,1.2573965,Terreulactone B,TRUE,TRUE,TRUE,keeping sirius,73.3,na,"(7R,8R)-8-(3,4-dimethoxyphenyl)-5,7-dihydroxy-2,2-dimethyl-10-(3-methylbut-2-enyl)-7,8-dihydropyrano[3,2-g]chromen-6-one",C27 H30 O7,L3.3
FT_17.143_499.19649,C28 H26 N4 O5,NA,C27 H30 O9,C27 H30 O9,1.4732119,Dehydroaustin,FALSE,FALSE,TRUE,na,na,na,Dehydroaustin,C27 H30 O9,L3.3
FT_17.143_499.19649,C28 H26 N4 O5,NA,C27 H30 O9,C27 H30 O9,1.4732119,"[(2S)-2,2',2',9,13-pentamethyl-6,16-dimethylidene-6',11,15-trioxospiro[10,14,17-trioxapentacyclo[7.6.1.17,12.01,12.02,7]heptadecane-5,3'-pyran]-8-yl] acetate",FALSE,FALSE,TRUE,na,na,na,Dehydroaustin,C27 H30 O9,L3.3
FT_17.159_263.12778,C15 H18 O4,NA,C15 H18 O4,C15 H18 O4,1.9762797,Ustusorane A,TRUE,TRUE,TRUE,keeping cmmrt,NA,na,Ustusorane A,C15 H18 O4,L3.3
FT_17.159_263.12778,C15 H18 O4,NA,C15 H18 O4,C15 H18 O4,1.9387785,Farinosin,TRUE,TRUE,TRUE,keeping cmmrt,NA,na,Ustusorane A,C15 H18 O4,L3.3
FT_17.159_263.12778,C15 H18 O4,NA,C15 H18 O4,C15 H18 O4,1.9087807,"2-(2-Hydroxy-1,3,3-trimethyl-4-oxocyclopentyl)-5-methylcyclohexa-2,5-diene-1,4-dione",TRUE,TRUE,TRUE,keeping cmmrt,NA,na,Ustusorane A,C15 H18 O4,L3.3
FT_17.193_201.16373,C15 H20,NA,C15 H20,C15 H20,1.3984786,alpha-Corocalene,TRUE,TRUE,TRUE,delete,delete,delete,delete,delete,delete
FT_17.193_201.16373,C15 H20,NA,C15 H20,C15 H20,1.3658966,"3,4-Dihydrocadalene",TRUE,TRUE,TRUE,delete,delete,delete,delete,delete,delete
FT_17.193_201.16373,C15 H20,NA,C15 H20,C15 H20,1.3343427,beta-Calacorene,TRUE,TRUE,TRUE,delete,delete,delete,delete,delete,delete
FT_17.198_257.13835,C13 H20 O5,NA,C13 H20 O5,C13 H20 O5,2.0857892,"2-[4-(3-Hydroxypropyl)-2-methoxyphenoxy]-1,3-propanediol",TRUE,TRUE,TRUE,keeping sirius,54.47,na,ethyl 3-(2-methoxycarbonylcyclopentyl)-3-methyl-oxirane-2-carboxylate,C13 H20 O5,L3.3
FT_17.198_257.13835,C13 H20 O5,NA,C13 H20 O5,C13 H20 O5,1.9003606,"1-Methoxy-1-(2,4,5-trimethoxyphenyl)-2-propanol",TRUE,TRUE,TRUE,keeping sirius,54.47,na,ethyl 3-(2-methoxycarbonylcyclopentyl)-3-methyl-oxirane-2-carboxylate,C13 H20 O5,L3.3
FT_17.202_417.22730,C24 H32 O6,NA,C24 H32 O6,C24 H32 O6,1.788727,Hellebrigenin,TRUE,TRUE,TRUE,delete,delete,delete,delete,delete,delete
FT_17.202_417.22730,C24 H32 O6,NA,C24 H32 O6,C24 H32 O6,1.5978535,Armillyl everninate,TRUE,TRUE,TRUE,delete,delete,delete,delete,delete,delete
FT_17.202_417.22730,C24 H32 O6,NA,C24 H32 O6,C24 H32 O6,1.4571074,Terreustoxin H,TRUE,TRUE,TRUE,delete,delete,delete,delete,delete,delete
FT_17.219_247.13284,C15 H18 O3,NA,C15 H18 O3,C15 H18 O3,1.6518997,annuolide A,TRUE,TRUE,TRUE,delete,delete,delete,delete,delete,delete
FT_17.219_247.13284,C15 H18 O3,NA,C15 H18 O3,C15 H18 O3,1.6425586,Annuolide C,TRUE,TRUE,TRUE,delete,delete,delete,delete,delete,delete
FT_17.219_247.13284,C15 H18 O3,NA,C15 H18 O3,C15 H18 O3,1.5978628,"2-Methyl-5-(1,2,2-trimethyl-4-oxocyclopentyl)cyclohexa-2,5-diene-1,4-dione",TRUE,TRUE,TRUE,delete,delete,delete,delete,delete,delete
FT_17.223_251.12775,C14 H18 O4,NA,C14 H18 O4,C14 H18 O4,2.1283073,Helinorbisabone,TRUE,TRUE,TRUE,"Similar structures, keeping sirius",67.13,na,Preremirol,C14 H18 O4,L3.3
FT_17.223_251.12775,C14 H18 O4,NA,C14 H18 O4,C14 H18 O4,1.9759146,2-Hydroxy-3-[4-hydroxy-3-(3-methylbut-2-enyl)phenyl]propanoic acid,TRUE,TRUE,TRUE,"Similar structures, keeping sirius",67.13,na,Preremirol,C14 H18 O4,L3.3
FT_17.223_251.12775,C14 H18 O4,NA,C14 H18 O4,C14 H18 O4,1.8154678,NA,TRUE,TRUE,TRUE,"Similar structures, keeping sirius",67.13,na,Preremirol,C14 H18 O4,L3.3
FT_17.226_191.10667,C12 H14 O2,NA,C12 H14 O2,C12 H14 O2,3.3038597,"(2S,3R)-2-[(E)-hept-1-en-3,5-diynyl]oxan-3-ol",TRUE,TRUE,TRUE,delete,delete,delete,delete,delete,delete
FT_17.226_191.10667,C12 H14 O2,NA,C12 H14 O2,C12 H14 O2,1.4169343,Prenyl benzoate,TRUE,TRUE,TRUE,delete,delete,delete,delete,delete,delete
FT_17.226_191.10667,C12 H14 O2,NA,C12 H14 O2,C12 H14 O2,1.4137564,Butylphthalide,TRUE,TRUE,TRUE,delete,delete,delete,delete,delete,delete
FT_17.249_329.13776,C13 H21 N4 O4 P,NA,C19 H20 O5,C19 H20 O5,1.4596628,NA,FALSE,FALSE,TRUE,delete,delete,delete,delete,delete,delete
FT_17.249_329.13776,C13 H21 N4 O4 P,NA,C19 H20 O5,C19 H20 O5,1.445558,NA,FALSE,FALSE,TRUE,delete,delete,delete,delete,delete,delete
FT_17.249_329.13776,C13 H21 N4 O4 P,NA,C19 H20 O5,C19 H20 O5,1.4179698,NA,FALSE,FALSE,TRUE,delete,delete,delete,delete,delete,delete
FT_17.251_213.12736,C9 H17 N4 P,NA,C15 H16 O,C15 H16 O,1.4804236,1-(4-Methoxyphenyl)-2-phenylethane,FALSE,FALSE,TRUE,delete,delete,delete,delete,delete,delete
FT_17.251_213.12736,C9 H17 N4 P,NA,C15 H16 O,C15 H16 O,1.4788436,Pyrocurzerenone,FALSE,FALSE,TRUE,delete,delete,delete,delete,delete,delete
FT_17.251_213.12736,C9 H17 N4 P,NA,C15 H16 O,C15 H16 O,1.4781665,"11,12-Dihydrolactaroviolin",FALSE,FALSE,TRUE,delete,delete,delete,delete,delete,delete
FT_17.267_383.13378,C19 H26 O4 S2,NA,C18 H22 O9,C18 H22 O9,2.8119292,"3,4,5-trihydroxy-6-[(E)-5-(4-methoxyphenyl)-3-oxopent-4-enoxy]oxane-2-carboxylic acid",FALSE,FALSE,TRUE,na,na,na,"3,4,5-trihydroxy-6-[(E)-5-(4-methoxyphenyl)-3-oxopent-4-enoxy]oxane-2-carboxylic acid",C18 H22 O9,L3.3
FT_17.267_383.13378,C19 H26 O4 S2,NA,C18 H22 O9,C18 H22 O9,2.6562107,"3,4,5-trihydroxy-6-[5-methoxy-2-[(E)-3-oxopent-1-enyl]phenoxy]oxane-2-carboxylic acid",FALSE,FALSE,TRUE,na,na,na,"3,4,5-trihydroxy-6-[(E)-5-(4-methoxyphenyl)-3-oxopent-4-enoxy]oxane-2-carboxylic acid",C18 H22 O9,L3.3
FT_17.267_383.13378,C19 H26 O4 S2,NA,C18 H22 O9,C18 H22 O9,2.4336278,"3,4,5-trihydroxy-6-[(E)-5-(4-methoxyphenyl)-3-oxopent-4-en-2-yl]oxyoxane-2-carboxylic acid",FALSE,FALSE,TRUE,na,na,na,"3,4,5-trihydroxy-6-[(E)-5-(4-methoxyphenyl)-3-oxopent-4-enoxy]oxane-2-carboxylic acid",C18 H22 O9,L3.3
FT_17.284_481.18567,C27 H28 O8,NA,C27 H28 O8,NA,NA,NA,TRUE,FALSE,FALSE,delete,delete,delete,delete,delete,delete
FT_17.295_491.16842,C19 H27 N10 P S2,NA,NA,C28 H26 O8,1.4835975,NA,FALSE,FALSE,FALSE,delete,delete,delete,delete,delete,delete
FT_17.295_491.16842,C19 H27 N10 P S2,NA,NA,C28 H26 O8,1.3073338,Edulisin I,FALSE,FALSE,FALSE,delete,delete,delete,delete,delete,delete
FT_17.296_347.14901,C13 H23 N4 O5 P,NA,C19 H22 O6,C20 H18 N4 O2,3.626634,Lepidine D,FALSE,FALSE,FALSE,delete,delete,delete,delete,delete,delete
FT_17.296_347.14901,C13 H23 N4 O5 P,NA,C19 H22 O6,C20 H18 N4 O2,3.616323,Lepidine E,FALSE,FALSE,FALSE,delete,delete,delete,delete,delete,delete
FT_17.296_347.14901,C13 H23 N4 O5 P,NA,C19 H22 O6,C20 H18 N4 O2,3.581335,Lepidine B,FALSE,FALSE,FALSE,delete,delete,delete,delete,delete,delete
FT_17.300_219.10156,C13 H14 O3,NA,C13 H14 O3,C13 H14 O3,2.2557712,Asperfuran,TRUE,TRUE,TRUE,keeping sirius,59.24,na,4-Methoxy-3-(3-methylbut-2-enoyl)benzaldehyde,C13 H14 O3,L3.3
FT_17.300_219.10156,C13 H14 O3,NA,C13 H14 O3,C13 H14 O3,2.1924696,(R)-Bitalin A,TRUE,TRUE,TRUE,keeping sirius,59.24,na,4-Methoxy-3-(3-methylbut-2-enoyl)benzaldehyde,C13 H14 O3,L3.3
FT_17.300_219.10156,C13 H14 O3,NA,C13 H14 O3,C13 H14 O3,1.4377686,Toxol,TRUE,TRUE,TRUE,keeping sirius,59.24,na,4-Methoxy-3-(3-methylbut-2-enoyl)benzaldehyde,C13 H14 O3,L3.3
FT_17.303_481.15020,C27 H28 O4 S2,NA,C26 H24 O9,NA,NA,NA,FALSE,FALSE,FALSE,delete,delete,delete,delete,delete,delete
FT_17.315_521.21496,C27 H32 N6 O S2,NA,C30 H32 O8,C30 H32 O8,1.3180789,Divanillyltetrahydrofuran ferulate,FALSE,FALSE,TRUE,delete,delete,delete,delete,delete,delete
FT_17.318_467.20648,C22 H27 N8 O2 P,NA,C27 H30 O7,C28 H26 N4 O3,1.4792163,5-N-acetyl-15b-didehydroardeemin,FALSE,FALSE,FALSE,delete,delete,delete,delete,delete,delete
FT_17.318_467.20648,C22 H27 N8 O2 P,NA,C27 H30 O7,C28 H26 N4 O3,1.3602917,Indolocarbazole nitrogen derivative,FALSE,FALSE,FALSE,delete,delete,delete,delete,delete,delete
FT_17.318_467.20648,C22 H27 N8 O2 P,NA,C27 H30 O7,C27 H30 O7,1.272695,Terreulactone B,FALSE,FALSE,TRUE,delete,delete,delete,delete,delete,delete
FT_17.323_287.12714,C17 H18 O4,NA,NA,C17 H18 O4,1.6915028,Diphenolic acid,FALSE,TRUE,FALSE,delete,delete,delete,delete,delete,delete
FT_17.323_287.12714,C17 H18 O4,NA,NA,C16 H22 O Si2,1.4690491,"1,1,3,3-Tetramethyl-1,3-diphenyldisiloxane",FALSE,FALSE,FALSE,delete,delete,delete,delete,delete,delete
FT_17.323_287.12714,C17 H18 O4,NA,NA,C17 H18 O4,1.4270822,Sativan,FALSE,TRUE,FALSE,delete,delete,delete,delete,delete,delete
FT_17.336_189.12740,C13 H16 O,NA,C13 H16 O,C13 H16 O,1.4880744,2-Benzylidenehexanal,TRUE,TRUE,TRUE,delete,delete,delete,delete,delete,delete
FT_17.336_189.12740,C13 H16 O,NA,C13 H16 O,C13 H16 O,1.4751501,5-Methyl-2-phenyl-2-hexenal,TRUE,TRUE,TRUE,delete,delete,delete,delete,delete,delete
FT_17.336_189.12740,C13 H16 O,NA,C13 H16 O,C13 H16 O,1.4738415,"3,3,5,6-Tetramethyl-1-indanone",TRUE,TRUE,TRUE,delete,delete,delete,delete,delete,delete
FT_17.341_437.15793,C21 H20 N6 O5,NA,C25 H24 O7,C25 H24 O7,1.4383649,Artonin E,FALSE,FALSE,TRUE,delete,delete,delete,delete,delete,delete
FT_17.341_437.15793,C21 H20 N6 O5,NA,C25 H24 O7,C25 H24 O7,1.2948494,Artonin J,FALSE,FALSE,TRUE,delete,delete,delete,delete,delete,delete
FT_17.341_437.15793,C21 H20 N6 O5,NA,C25 H24 O7,C25 H24 O7,1.2642686,Albanin B,FALSE,FALSE,TRUE,delete,delete,delete,delete,delete,delete
FT_17.349_343.15382,C14 H23 N4 O4 P,NA,C20 H22 O5,C20 H22 O5,2.321884,Deoxymiroestrol,FALSE,FALSE,TRUE,delete,delete,delete,delete,delete,delete
FT_17.349_343.15382,C14 H23 N4 O4 P,NA,C20 H22 O5,C20 H22 O5,1.4872726,NA,FALSE,FALSE,TRUE,delete,delete,delete,delete,delete,delete
FT_17.349_343.15382,C14 H23 N4 O4 P,NA,C20 H22 O5,C20 H22 O5,1.4826654,7-Hydroxyaustrobailignan 5,FALSE,FALSE,TRUE,delete,delete,delete,delete,delete,delete
FT_17.364_315.19562,C20 H26 O3,NA,C20 H26 O3,C20 H26 O3,1.4901593,"10-Hydroxyestra-1,4-dien-3-one acetate",TRUE,TRUE,TRUE,keeping sirius,67.05,na,"(4aS,10aR,11bR)-4,4,8,11b-tetramethyl-1,2,3,4a,5,7,10a,11-octahydronaphtho[2,1-f][1]benzofuran-6,9-dione",C20 H26 O3,L3.3
FT_17.364_315.19562,C20 H26 O3,NA,C20 H26 O3,C20 H26 O3,1.4900758,"Methyl cis-p-coumarate 3-(3,7-dimethyl-2,6-octadienyl)",TRUE,TRUE,TRUE,keeping sirius,67.05,na,"(4aS,10aR,11bR)-4,4,8,11b-tetramethyl-1,2,3,4a,5,7,10a,11-octahydronaphtho[2,1-f][1]benzofuran-6,9-dione",C20 H26 O3,L3.3
FT_17.364_315.19562,C20 H26 O3,NA,C20 H26 O3,C20 H26 O3,1.4899642,Yucalexin B5,TRUE,TRUE,TRUE,keeping sirius,67.05,na,"(4aS,10aR,11bR)-4,4,8,11b-tetramethyl-1,2,3,4a,5,7,10a,11-octahydronaphtho[2,1-f][1]benzofuran-6,9-dione",C20 H26 O3,L3.3
FT_17.376_239.20049,C15 H26 O2,NA,C15 H26 O2,C15 H26 O2,1.8057793,Seiricardine A,TRUE,TRUE,TRUE,delete,delete,delete,delete,delete,delete
FT_17.376_239.20049,C15 H26 O2,NA,C15 H26 O2,C15 H26 O2,1.6718742,"1,4-Dimethyl-7-(prop-1-en-2-yl)-decahydroazulene-1,4-diol",TRUE,TRUE,TRUE,delete,delete,delete,delete,delete,delete
FT_17.376_239.20049,C15 H26 O2,NA,C15 H26 O2,C15 H26 O2,1.4910262,Germacrenone,TRUE,TRUE,TRUE,delete,delete,delete,delete,delete,delete
FT_17.413_319.15405,C18 H22 O5,NA,C18 H22 O5,C18 H22 O5,1.6719179,4-Hydroxyenterodiol,TRUE,TRUE,TRUE,keeping sirius,69.06,na,"(3,6,9,9a-tetramethyl-2,7-dioxo-3a,4,5,9b-tetrahydro-3H-azuleno[4,5-b]furan-4-yl) acetate",C18 H22 O5,L3.3
FT_17.413_319.15405,C18 H22 O5,NA,C18 H22 O5,C18 H22 O5,1.4906739,"Bis(2,3-dimethoxy-5-methylphenyl) ether",TRUE,TRUE,TRUE,keeping sirius,69.06,na,"(3,6,9,9a-tetramethyl-2,7-dioxo-3a,4,5,9b-tetrahydro-3H-azuleno[4,5-b]furan-4-yl) acetate",C18 H22 O5,L3.3
FT_17.413_319.15405,C18 H22 O5,NA,C18 H22 O5,C18 H22 O5,1.4891781,6-Hydroxyenterodiol,TRUE,TRUE,TRUE,keeping sirius,69.06,na,"(3,6,9,9a-tetramethyl-2,7-dioxo-3a,4,5,9b-tetrahydro-3H-azuleno[4,5-b]furan-4-yl) acetate",C18 H22 O5,L3.3
FT_17.420_203.17939,C15 H22,NA,C15 H22,C15 H22,1.4927692,"1,4,9-Cadinatriene",TRUE,TRUE,TRUE,delete,delete,delete,delete,delete,delete
FT_17.420_203.17939,C15 H22,NA,C15 H22,C15 H22,1.4745362,beta-Vetivenene,TRUE,TRUE,TRUE,delete,delete,delete,delete,delete,delete
FT_17.420_203.17939,C15 H22,NA,C15 H22,C15 H22,1.474535,beta-Vatirenene,TRUE,TRUE,TRUE,delete,delete,delete,delete,delete,delete
FT_17.436_499.16024,C22 H32 N2 O5 P2 S,NA,C26 H26 O10,C27 H22 N4 O6,1.8955814,Aspertryptanthrin C,FALSE,FALSE,FALSE,delete,delete,delete,delete,delete,delete
FT_17.436_499.16024,C22 H32 N2 O5 P2 S,NA,C26 H26 O10,C26 H26 O10,1.2685487,Dukunolide B,FALSE,FALSE,TRUE,delete,delete,delete,delete,delete,delete
FT_17.466_273.11028,C10 H17 N4 O3 P,NA,C16 H16 O4,C16 H16 O4,1.6222777,NA,FALSE,FALSE,TRUE,delete,delete,delete,delete,delete,delete
FT_17.466_273.11028,C10 H17 N4 O3 P,NA,C16 H16 O4,C16 H16 O4,1.6161383,"1,2-Bis(4-hydroxy-3-methoxyphenyl)ethylene",FALSE,FALSE,TRUE,delete,delete,delete,delete,delete,delete
FT_17.466_273.11028,C10 H17 N4 O3 P,NA,C16 H16 O4,C16 H16 O4,1.6161383,"3,3'-Dimethoxy-cis-stilbene-4,4'-diol",FALSE,FALSE,TRUE,delete,delete,delete,delete,delete,delete
FT_17.470_449.21693,C24 H32 O8,NA,NA,C24 H32 O8,2.322327,"(8R,9S,13S,14S)-2-methoxy-13-methyl-3-[(2R,3R,4S,5S,6S)-3,4,5,6-tetrahydroxyoxan-2-yl]oxy-7,8,9,11,12,14,15,16-octahydro-6H-cyclopenta[a]phenanthren-17-one",FALSE,TRUE,FALSE,delete,delete,delete,delete,delete,delete
FT_17.470_449.21693,C24 H32 O8,NA,NA,C24 H32 O8,1.800456,Estradiol-17beta-glucuronide,FALSE,TRUE,FALSE,delete,delete,delete,delete,delete,delete
FT_17.470_449.21693,C24 H32 O8,NA,NA,C24 H32 O8,1.800456,17beta-Estradiol glucuronide,FALSE,TRUE,FALSE,delete,delete,delete,delete,delete,delete
FT_17.471_451.17518,C18 H30 N2 O9 S,NA,C26 H26 O7,C26 H26 O7,1.4827214,"4-Benzyloxy-2'-hydroxy-3',4',5',6'-tetramethoxychalcone",FALSE,FALSE,TRUE,delete,delete,delete,delete,delete,delete
FT_17.471_451.17518,C18 H30 N2 O9 S,NA,C26 H26 O7,C26 H26 O7,1.3984935,Dihydroisocycloartomunin,FALSE,FALSE,TRUE,delete,delete,delete,delete,delete,delete
FT_17.471_451.17518,C18 H30 N2 O9 S,NA,C26 H26 O7,C26 H26 O7,1.3984927,Cycloaltilisin,FALSE,FALSE,TRUE,delete,delete,delete,delete,delete,delete
FT_17.474_251.20052,C16 H26 O2,NA,C16 H26 O2,C16 H26 O2,1.4960628,"[2,2-Bis(2-methylpropoxy)ethyl]benzene",TRUE,TRUE,TRUE,delete,delete,delete,delete,delete,delete
FT_17.474_251.20052,C16 H26 O2,NA,C16 H26 O2,C16 H26 O2,1.4684283,Methyl farnesoate,TRUE,TRUE,TRUE,delete,delete,delete,delete,delete,delete
FT_17.474_251.20052,C16 H26 O2,NA,C16 H26 O2,C16 H26 O2,1.4440402,Norambreinolide,TRUE,TRUE,TRUE,delete,delete,delete,delete,delete,delete
FT_17.474_413.15955,C17 H25 N4 O6 P,NA,C23 H24 O7,C23 H24 O7,1.2822206,Garcimangosone C,FALSE,FALSE,TRUE,na,na,na,Garcimangosone C,C23 H24 O7,L3.3
FT_17.486_483.20149,C21 H39 O6 P S2,NA,C27 H30 O8,C27 H30 O8,1.5070267,Territrem E,FALSE,FALSE,TRUE,na,na,na,Territrem E,C27 H30 O8,L3.3
FT_17.486_483.20149,C21 H39 O6 P S2,NA,C27 H30 O8,C27 H30 O8,1.4695318,Emerixanthone D,FALSE,FALSE,TRUE,na,na,na,Territrem E,C27 H30 O8,L3.3
FT_17.486_483.20149,C21 H39 O6 P S2,NA,C27 H30 O8,C27 H30 O8,1.4695318,Aspergixanthone I,FALSE,FALSE,TRUE,na,na,na,Territrem E,C27 H30 O8,L3.3
FT_17.489_493.18435,C24 H24 N6 O6,NA,C28 H28 O8,NA,NA,NA,FALSE,FALSE,FALSE,delete,delete,delete,delete,delete,delete
FT_17.499_497.21693,C23 H29 N8 O3 P,NA,C28 H32 O8,C28 H32 O8,1.3132176,7alpha-1(10->19)-Abeo-7-acetoxyobacun-9(11)-ene,FALSE,FALSE,TRUE,delete,delete,delete,delete,delete,delete
FT_17.506_219.10157,C13 H14 O3,NA,C13 H14 O3,C13 H14 O3,2.2727032,Asperfuran,TRUE,TRUE,TRUE,delete,delete,delete,delete,delete,delete
FT_17.506_219.10157,C13 H14 O3,NA,C13 H14 O3,C13 H14 O3,2.2092776,(R)-Bitalin A,TRUE,TRUE,TRUE,delete,delete,delete,delete,delete,delete
FT_17.506_219.10157,C13 H14 O3,NA,C13 H14 O3,C13 H14 O3,1.45476,Toxol,TRUE,TRUE,TRUE,delete,delete,delete,delete,delete,delete
FT_17.508_349.16471,C19 H24 O6,NA,C19 H24 O6,C19 H24 O6,2.183842,Gibberellin A34,TRUE,TRUE,TRUE,delete,delete,delete,delete,delete,delete
FT_17.508_349.16471,C19 H24 O6,NA,C19 H24 O6,C19 H24 O6,2.1694722,"13,14-Dihydroxy-11-methyl-6-methylidene-16-oxo-15-oxapentacyclo[9.3.2.15,8.01,10.02,8]heptadecane-9-carboxylic acid",TRUE,TRUE,TRUE,delete,delete,delete,delete,delete,delete
FT_17.508_349.16471,C19 H24 O6,NA,C19 H24 O6,C19 H24 O6,2.073771,Eurycomalactone,TRUE,TRUE,TRUE,delete,delete,delete,delete,delete,delete
FT_17.509_219.17434,C15 H22 O,NA,C15 H22 O,C15 H22 O,1.5008988,"2,6,10-Cycloundecatrien-1-one, 2,6,9,9-tetramethyl-, (E,E,E)-",TRUE,TRUE,TRUE,delete,delete,delete,delete,delete,delete
FT_17.509_219.17434,C15 H22 O,NA,C15 H22 O,C15 H22 O,1.5008674,"2-Methyl-1-(5-methyl-2-prop-1-en-2-ylcyclohexa-1,5-dien-1-yl)but-3-en-2-ol",TRUE,TRUE,TRUE,delete,delete,delete,delete,delete,delete
FT_17.509_219.17434,C15 H22 O,NA,C15 H22 O,C15 H22 O,1.5008557,Dendrolasin,TRUE,TRUE,TRUE,delete,delete,delete,delete,delete,delete
FT_17.515_313.17987,C20 H24 O3,NA,C20 H24 O3,C20 H24 O3,1.4996679,"Methyl (9Z)-10'-oxo-6,10'-diapo-6-carotenoate",TRUE,TRUE,TRUE,delete,delete,delete,delete,delete,delete
FT_17.515_313.17987,C20 H24 O3,NA,C20 H24 O3,C20 H24 O3,1.4968309,Aspergiloid G,TRUE,TRUE,TRUE,delete,delete,delete,delete,delete,delete
FT_17.515_313.17987,C20 H24 O3,NA,C20 H24 O3,C20 H24 O3,1.4965587,Centrolobine,TRUE,TRUE,TRUE,delete,delete,delete,delete,delete,delete
FT_17.535_271.22676,C16 H30 O3,NA,C16 H30 O3,C16 H30 O3,1.5010735,8-Oxohexadecanoic acid,TRUE,TRUE,TRUE,delete,delete,delete,delete,delete,delete
FT_17.535_271.22676,C16 H30 O3,NA,C16 H30 O3,C16 H30 O3,1.5010735,11-Oxohexadecanoic acid,TRUE,TRUE,TRUE,delete,delete,delete,delete,delete,delete
FT_17.535_271.22676,C16 H30 O3,NA,C16 H30 O3,C16 H30 O3,1.5010734,9-Oxohexadecanoic acid,TRUE,TRUE,TRUE,delete,delete,delete,delete,delete,delete
FT_17.541_251.12777,C14 H18 O4,NA,C14 H18 O4,C14 H18 O4,2.154124,Helinorbisabone,TRUE,TRUE,TRUE,"Similar structures, keeping sirius",64.6,na,Preremirol,C14 H18 O4,L3.3
FT_17.541_251.12777,C14 H18 O4,NA,C14 H18 O4,C14 H18 O4,2.0013895,2-Hydroxy-3-[4-hydroxy-3-(3-methylbut-2-enyl)phenyl]propanoic acid,TRUE,TRUE,TRUE,"Similar structures, keeping sirius",64.6,na,Preremirol,C14 H18 O4,L3.3
FT_17.541_251.12777,C14 H18 O4,NA,C14 H18 O4,C14 H18 O4,1.8407813,NA,TRUE,TRUE,TRUE,"Similar structures, keeping sirius",64.6,na,Preremirol,C14 H18 O4,L3.3
FT_17.541_467.20646,C27 H30 O7,NA,C27 H30 O7,C28 H26 N4 O3,1.4958689,5-N-acetyl-15b-didehydroardeemin,TRUE,FALSE,FALSE,keeping sirius,72.19,na,"(7R,8R)-8-(3,4-dimethoxyphenyl)-5,7-dihydroxy-2,2-dimethyl-10-(3-methylbut-2-enyl)-7,8-dihydropyrano[3,2-g]chromen-6-one",C27 H30 O7,L3.3
FT_17.541_467.20646,C27 H30 O7,NA,C27 H30 O7,C28 H26 N4 O3,1.378964,Indolocarbazole nitrogen derivative,TRUE,FALSE,FALSE,keeping sirius,72.19,na,"(7R,8R)-8-(3,4-dimethoxyphenyl)-5,7-dihydroxy-2,2-dimethyl-10-(3-methylbut-2-enyl)-7,8-dihydropyrano[3,2-g]chromen-6-one",C27 H30 O7,L3.3
FT_17.541_467.20646,C27 H30 O7,NA,C27 H30 O7,C27 H30 O7,1.2916406,Terreulactone B,TRUE,TRUE,TRUE,keeping sirius,72.19,na,"(7R,8R)-8-(3,4-dimethoxyphenyl)-5,7-dihydroxy-2,2-dimethyl-10-(3-methylbut-2-enyl)-7,8-dihydropyrano[3,2-g]chromen-6-one",C27 H30 O7,L3.3
FT_17.552_471.16519,C17 H32 N2 O9 P2,NA,C25 H26 O9,C25 H26 O9,2.0748284,NA,FALSE,FALSE,TRUE,delete,delete,delete,delete,delete,delete
FT_17.552_471.16519,C17 H32 N2 O9 P2,NA,C25 H26 O9,C25 H26 O9,1.8681806,NA,FALSE,FALSE,TRUE,delete,delete,delete,delete,delete,delete
FT_17.593_453.19007,C22 H24 N6 O5,NA,C26 H28 O7,C27 H24 N4 O3,1.7067463,"(5S,6R,7R)-6-Hydroxy-5-methyl-7-(methylamino)-6,7,8,9,15,16-hexahydro-5H,14H-5,9-epoxy-4b,9a,15-triazadibenzo[b,h]cyclonona[1,2,3,4-jkl]cyclopenta[e]-as-indacen-14-one",FALSE,FALSE,FALSE,delete,delete,delete,delete,delete,delete
FT_17.593_453.19007,C22 H24 N6 O5,NA,C26 H28 O7,C27 H24 N4 O3,1.6725105,okaramine I,FALSE,FALSE,FALSE,delete,delete,delete,delete,delete,delete
FT_17.593_453.19007,C22 H24 N6 O5,NA,C26 H28 O7,C26 H28 O7,1.3867869,Heteroartonin A,FALSE,FALSE,TRUE,delete,delete,delete,delete,delete,delete
FT_17.620_429.15434,C15 H30 N2 O8 P2,NA,C23 H24 O8,C23 H24 O8,1.6851826,beta-Peltatin A methyl ether,FALSE,FALSE,TRUE,delete,delete,delete,delete,delete,delete
FT_17.620_429.15434,C15 H30 N2 O8 P2,NA,C23 H24 O8,C22 H19 F3 N4 O2,1.3120548,"5-methyl-N-[6-(2-methylpyridin-3-yl)oxypyridin-3-yl]-6-(trifluoromethyl)-2,3-dihydroindole-1-carboxamide",FALSE,FALSE,FALSE,delete,delete,delete,delete,delete,delete
FT_17.620_429.15434,C15 H30 N2 O8 P2,NA,C23 H24 O8,C23 H24 O8,1.2929502,Wortmannin,FALSE,FALSE,TRUE,delete,delete,delete,delete,delete,delete
FT_17.635_481.18592,C27 H28 O8,NA,C27 H28 O8,NA,NA,NA,TRUE,FALSE,FALSE,delete,delete,delete,delete,delete,delete
FT_17.640_535.19424,C34 H30 O4 S,NA,C30 H30 O9,NA,NA,NA,FALSE,FALSE,FALSE,delete,delete,delete,delete,delete,delete
FT_17.647_487.20941,C23 H35 O9 P,NA,NA,C18 H34 N2 O13,3.6755245,Glucosylgalactosylhydroxylysine,FALSE,FALSE,FALSE,na,na,na,Glucosylgalactosylhydroxylysine,C18 H34 N2 O13,L3.3
FT_17.673_215.10672,C14 H14 O2,NA,C14 H14 O2,C14 H14 O2,1.5090985,"(E)-2-(2,4-Hexadiynylidene)-1,6-dioxaspiro[4.5]dec-3-ene",TRUE,TRUE,TRUE,keeping sirius,52.32,na,"4,4'-Benzene-1,4-diylbisbut-3-en-2-one",C14 H14 O2,L3.3
FT_17.673_215.10672,C14 H14 O2,NA,C14 H14 O2,C14 H14 O2,1.4548942,Lunularin,TRUE,TRUE,TRUE,keeping sirius,52.32,na,"4,4'-Benzene-1,4-diylbisbut-3-en-2-one",C14 H14 O2,L3.3
FT_17.673_215.10672,C14 H14 O2,NA,C14 H14 O2,C14 H14 O2,1.4296982,Ethyl 1-naphthaleneacetate,TRUE,TRUE,TRUE,keeping sirius,52.32,na,"4,4'-Benzene-1,4-diylbisbut-3-en-2-one",C14 H14 O2,L3.3
FT_17.694_217.08596,C13 H12 O3,NA,C13 H12 O3,C13 H12 O3,1.7523975,Bis(4-hydroxyphenyl)methanol,TRUE,TRUE,TRUE,keeping sirius,58.41,na,Methyl 3-Methoxy-2-naphthoate,C13 H12 O3,L3.3
FT_17.694_217.08596,C13 H12 O3,NA,C13 H12 O3,C13 H12 O3,1.7061731,Allenolic acid,TRUE,TRUE,TRUE,keeping sirius,58.41,na,Methyl 3-Methoxy-2-naphthoate,C13 H12 O3,L3.3
FT_17.694_217.08596,C13 H12 O3,NA,C13 H12 O3,C13 H12 O3,1.5607053,NA,TRUE,TRUE,TRUE,keeping sirius,58.41,na,Methyl 3-Methoxy-2-naphthoate,C13 H12 O3,L3.3
FT_17.697_321.13342,C17 H20 O6,NA,C17 H20 O6,C15 H17 F N4 O3,2.8443475,Enoxacin,TRUE,FALSE,FALSE,keeping sirius,59.18,na,"4-acetoxy-10-methyl-3-methylene-2-oxo-3a,4,5,8,9,11a-hexahydrocyclodeca[b]furan-6-carboxylic acid",C17 H20 O6,L3.3
FT_17.697_321.13342,C17 H20 O6,NA,C17 H20 O6,C17 H20 O6,2.2832594,Oleacein,TRUE,TRUE,TRUE,keeping sirius,59.18,na,"4-acetoxy-10-methyl-3-methylene-2-oxo-3a,4,5,8,9,11a-hexahydrocyclodeca[b]furan-6-carboxylic acid",C17 H20 O6,L3.3
FT_17.697_321.13342,C17 H20 O6,NA,C17 H20 O6,C17 H20 O6,2.2655678,"5-Hydroxy-8-(2-hydroxypropan-2-yl)-4-(1-hydroxypropyl)-8,9-dihydrouro[2,3-h]chromen-2-one",TRUE,TRUE,TRUE,keeping sirius,59.18,na,"4-acetoxy-10-methyl-3-methylene-2-oxo-3a,4,5,8,9,11a-hexahydrocyclodeca[b]furan-6-carboxylic acid",C17 H20 O6,L3.3
FT_17.714_333.16953,C19 H24 O5,NA,C19 H24 O5,C19 H24 O5,1.8308704,gibberellin A40,TRUE,TRUE,TRUE,delete,delete,delete,delete,delete,delete
FT_17.714_333.16953,C19 H24 O5,NA,C19 H24 O5,C19 H24 O5,1.8308694,Gibberellin A51,TRUE,TRUE,TRUE,delete,delete,delete,delete,delete,delete
FT_17.714_333.16953,C19 H24 O5,NA,C19 H24 O5,C19 H24 O5,1.825994,"[(1S,2R,7R,9R,11R,12R)-1,2,5-trimethyl-4-oxospiro[8-oxatricyclo[7.2.1.02,7]dodec-5-ene-12,2'-oxirane]-11-yl] (Z)-but-2-enoate",TRUE,TRUE,TRUE,delete,delete,delete,delete,delete,delete
FT_17.721_467.20646,C22 H27 N8 O2 P,NA,C27 H30 O7,C28 H26 N4 O3,1.5091568,5-N-acetyl-15b-didehydroardeemin,FALSE,FALSE,FALSE,na,61.99,na,Nimbolide,C27H30O7,L3.3
FT_17.721_467.20646,C22 H27 N8 O2 P,NA,C27 H30 O7,C28 H26 N4 O3,1.3938637,Indolocarbazole nitrogen derivative,FALSE,FALSE,FALSE,na,61.99,na,Nimbolide,C27H30O7,L3.3
FT_17.721_467.20646,C22 H27 N8 O2 P,NA,C27 H30 O7,C27 H30 O7,1.3067585,Terreulactone B,FALSE,FALSE,TRUE,na,61.99,na,Nimbolide,C27H30O7,L3.3
FT_17.727_451.17524,C26 H26 O7,NA,C26 H26 O7,C26 H26 O7,1.5013876,"4-Benzyloxy-2'-hydroxy-3',4',5',6'-tetramethoxychalcone",TRUE,TRUE,TRUE,delete,delete,delete,delete,delete,delete
FT_17.727_451.17524,C26 H26 O7,NA,C26 H26 O7,C26 H26 O7,1.4181899,Cycloaltilisin,TRUE,TRUE,TRUE,delete,delete,delete,delete,delete,delete
FT_17.727_451.17524,C26 H26 O7,NA,C26 H26 O7,C26 H26 O7,1.418189,Dihydroisocycloartomunin,TRUE,TRUE,TRUE,delete,delete,delete,delete,delete,delete
FT_17.728_429.19102,C25 H24 N4 O3,NA,C24 H28 O7,C24 H28 O7,1.5124105,3-Isomangostin Hydrate,FALSE,FALSE,TRUE,delete,delete,delete,delete,delete,delete
FT_17.728_429.19102,C25 H24 N4 O3,NA,C24 H28 O7,C24 H28 O7,1.4933842,1-Isomangostin Hydrate,FALSE,FALSE,TRUE,delete,delete,delete,delete,delete,delete
FT_17.728_429.19102,C25 H24 N4 O3,NA,C24 H28 O7,C24 H28 O7,1.4898552,psi-Rhodomyrtoxin,FALSE,FALSE,TRUE,delete,delete,delete,delete,delete,delete
FT_17.735_321.16969,C18 H24 O5,NA,C18 H24 O5,C18 H24 O5,1.498373,"Bis(2-methylpropanoyloxy)-9,10-epoxy-p-mentha-1,3,5-triene",TRUE,TRUE,TRUE,keeping sirius,43.39,na,Pseudoalteromone A,C18 H24 O5,L3.3
FT_17.735_321.16969,C18 H24 O5,NA,C18 H24 O5,C18 H24 O5,1.3903266,Zearalanone,TRUE,TRUE,TRUE,keeping sirius,43.39,na,Pseudoalteromone A,C18 H24 O5,L3.3
FT_17.735_321.16969,C18 H24 O5,NA,C18 H24 O5,C18 H24 O5,1.3361098,beta-Zearalenol,TRUE,TRUE,TRUE,keeping sirius,43.39,na,Pseudoalteromone A,C18 H24 O5,L3.3
FT_17.737_343.15269,C14 H23 N4 O4 P,NA,C20 H22 O5,C20 H22 O5,2.3537636,Deoxymiroestrol,FALSE,FALSE,TRUE,delete,delete,delete,delete,delete,delete
FT_17.737_343.15269,C14 H23 N4 O4 P,NA,C20 H22 O5,C20 H22 O5,1.5157712,NA,FALSE,FALSE,TRUE,delete,delete,delete,delete,delete,delete
FT_17.737_343.15269,C14 H23 N4 O4 P,NA,C20 H22 O5,C20 H22 O5,1.5111052,7-Hydroxyaustrobailignan 5,FALSE,FALSE,TRUE,delete,delete,delete,delete,delete,delete
FT_17.746_441.15461,C18 H25 N4 O7 P,NA,C24 H24 O8,C24 H24 O8,1.4828221,8''-hydroxy-9''-en-butyrolactone I,FALSE,FALSE,TRUE,delete,delete,delete,delete,delete,delete
FT_17.746_441.15461,C18 H25 N4 O7 P,NA,C24 H24 O8,C24 H24 O8,1.3457035,Butyrolactone IV,FALSE,FALSE,TRUE,delete,delete,delete,delete,delete,delete
FT_17.746_441.15461,C18 H25 N4 O7 P,NA,C24 H24 O8,C24 H24 O8,1.3020388,Butyrolactone III,FALSE,FALSE,TRUE,delete,delete,delete,delete,delete,delete
FT_17.763_317.13850,C18 H20 O5,NA,C18 H20 O5,C18 H21 ClN2 O,2.6790938,8-Hydroxydemethylclomipramine,TRUE,FALSE,FALSE,delete,delete,delete,delete,delete,delete
FT_17.763_317.13850,C18 H20 O5,NA,C18 H20 O5,C18 H20 O5,1.4627768,"5'-Hydroxy-3',4',7-trimethoxyflavan",TRUE,TRUE,TRUE,delete,delete,delete,delete,delete,delete
FT_17.763_317.13850,C18 H20 O5,NA,C18 H20 O5,C18 H20 O5,1.4404523,Flavokawin A,TRUE,TRUE,TRUE,delete,delete,delete,delete,delete,delete
FT_17.788_277.14343,C16 H20 O4,NA,C16 H20 O4,C16 H20 O4,1.5113369,Scorpioidin,TRUE,TRUE,TRUE,keeping sirius,40.35,na,"4-methyl-5-[2-(1-methylene-2-oxo-propyl)-5-oxo-hexyl]cyclopent-4-ene-1,3-dione",C16 H20 O4,L3.3
FT_17.788_277.14343,C16 H20 O4,NA,C16 H20 O4,C16 H20 O4,1.3616215,Acetylpterosin C,TRUE,TRUE,TRUE,keeping sirius,40.35,na,"4-methyl-5-[2-(1-methylene-2-oxo-propyl)-5-oxo-hexyl]cyclopent-4-ene-1,3-dione",C16 H20 O4,L3.3
FT_17.788_277.14343,C16 H20 O4,NA,C16 H20 O4,C16 H20 O4,1.3399945,"4-[(E)-but-2-enoyl]-2-[(1E,3E)-hexa-1,3-dienyl]-5-methoxy-2-methylfuran-3-one",TRUE,TRUE,TRUE,keeping sirius,40.35,na,"4-methyl-5-[2-(1-methylene-2-oxo-propyl)-5-oxo-hexyl]cyclopent-4-ene-1,3-dione",C16 H20 O4,L3.3
FT_17.788_315.19550,C20 H26 O3,NA,C20 H26 O3,C20 H26 O3,1.5213274,"10-Hydroxyestra-1,4-dien-3-one acetate",TRUE,TRUE,TRUE,keeping sirius,65,na,"1-ethyl-4b,8,8-trimethyl-10-oxo-6,7,8a,9-tetrahydro-5H-phenanthrene-2-carboxylic acid",C20 H26 O3,L3.3
FT_17.788_315.19550,C20 H26 O3,NA,C20 H26 O3,C20 H26 O3,1.5212251,"Methyl cis-p-coumarate 3-(3,7-dimethyl-2,6-octadienyl)",TRUE,TRUE,TRUE,keeping sirius,65,na,"1-ethyl-4b,8,8-trimethyl-10-oxo-6,7,8a,9-tetrahydro-5H-phenanthrene-2-carboxylic acid",C20 H26 O3,L3.3
FT_17.788_315.19550,C20 H26 O3,NA,C20 H26 O3,C20 H26 O3,1.5211648,Yucalexin B5,TRUE,TRUE,TRUE,keeping sirius,65,na,"1-ethyl-4b,8,8-trimethyl-10-oxo-6,7,8a,9-tetrahydro-5H-phenanthrene-2-carboxylic acid",C20 H26 O3,L3.3
FT_17.793_219.10156,C13 H14 O3,NA,C13 H14 O3,C13 H14 O3,2.2959652,Asperfuran,TRUE,TRUE,TRUE,"Similar structures, keeping sirius (not top sirius match)",70.16,na,6-Hydroxytremetone,C13 H14 O3,L3.3
FT_17.793_219.10156,C13 H14 O3,NA,C13 H14 O3,C13 H14 O3,2.2323685,(R)-Bitalin A,TRUE,TRUE,TRUE,"Similar structures, keeping sirius (not top sirius match)",70.16,na,6-Hydroxytremetone,C13 H14 O3,L3.3
FT_17.793_219.10156,C13 H14 O3,NA,C13 H14 O3,C13 H14 O3,1.4781039,Toxol,TRUE,TRUE,TRUE,"Similar structures, keeping sirius (not top sirius match)",70.16,na,6-Hydroxytremetone,C13 H14 O3,L3.3
FT_17.811_369.24240,C16 H36 N2 O5 S,NA,C24 H32 O3,NA,NA,NA,FALSE,FALSE,FALSE,na,na,yes,no name,C24 H32 O3,L4.3
FT_17.815_427.24643,C19 H34 N6 O3 S,NA,C24 H36 O5,C27 H30 N4 O,2.433588,Oxatomide,FALSE,FALSE,FALSE,delete,delete,delete,delete,delete,delete
FT_17.815_427.24643,C19 H34 N6 O3 S,NA,C24 H36 O5,C26 H34 O5,1.3838629,Deflectin 2b,FALSE,FALSE,TRUE,delete,delete,delete,delete,delete,delete
FT_17.820_209.08084,C11 H12 O4,NA,C11 H12 O4,C11 H12 O4,3.0039737,"5-(3',5'-Dihydroxyphenyl)-gamma-valerolactone",TRUE,TRUE,TRUE,delete,delete,delete,delete,delete,delete
FT_17.820_209.08084,C11 H12 O4,NA,C11 H12 O4,C11 H12 O4,2.8779237,"5-[(3,4-Dihydroxyphenyl)methyl]oxolan-2-one",TRUE,TRUE,TRUE,delete,delete,delete,delete,delete,delete
FT_17.820_209.08084,C11 H12 O4,NA,C11 H12 O4,C11 H12 O4,2.817966,NA,TRUE,TRUE,TRUE,delete,delete,delete,delete,delete,delete
FT_17.838_514.31653,C30 H43 N O6,NA,C24 H43 N5 O7,NA,NA,NA,FALSE,FALSE,FALSE,na,na,yes,no name,C24 H43 N5 O7,L4.3
FT_17.842_487.20997,C20 H27 N10 O3 P,NA,C30 H30 O6,C18 H34 N2 O13,3.694297,Glucosylgalactosylhydroxylysine,FALSE,FALSE,FALSE,delete,delete,delete,delete,delete,delete
FT_17.865_515.26419,C30 H34 N4 O4,NA,C29 H38 O8,C29 H38 O8,1.5003601,"12b-Acetoxy-3,7,11,15-tetraoxo-25,26,27-trisnorlanost-8-en-24-oic acid",FALSE,FALSE,TRUE,delete,delete,delete,delete,delete,delete
FT_17.922_257.11714,C16 H16 O3,NA,C16 H16 O3,C16 H16 O3,1.5238935,"3',5'-Dimethoxy-trans-stilbene-2-ol",TRUE,TRUE,TRUE,delete,delete,delete,delete,delete,delete
FT_17.922_257.11714,C16 H16 O3,NA,C16 H16 O3,C16 H16 O3,1.4537594,Loroglossol,TRUE,TRUE,TRUE,delete,delete,delete,delete,delete,delete
FT_17.922_257.11714,C16 H16 O3,NA,C16 H16 O3,C16 H16 O3,1.442712,"2-(3,5-Dimethoxyphenyl)-3-phenyloxirane",TRUE,TRUE,TRUE,delete,delete,delete,delete,delete,delete
FT_17.934_439.13889,C18 H18 N10 O2 S,NA,C24 H22 O8,C24 H22 O8,1.5240681,Isokotanin A,FALSE,FALSE,TRUE,delete,delete,delete,delete,delete,delete
FT_17.934_439.13889,C18 H18 N10 O2 S,NA,C24 H22 O8,C24 H22 O8,1.4827516,Kotanin,FALSE,FALSE,TRUE,delete,delete,delete,delete,delete,delete
FT_17.942_181.12232,C11 H16 O2,NA,C11 H16 O2,C11 H16 O2,1.6553851,Jasmolone,TRUE,TRUE,TRUE,keeping sirius,49.64,na,"formyl 2Z,4E,6Z-decatrienoate",C11 H16 O2,L3.3
FT_17.942_181.12232,C11 H16 O2,NA,C11 H16 O2,C11 H16 O2,1.5315114,Myrtenyl formate,TRUE,TRUE,TRUE,keeping sirius,49.64,na,"formyl 2Z,4E,6Z-decatrienoate",C11 H16 O2,L3.3
FT_17.942_181.12232,C11 H16 O2,NA,C11 H16 O2,C11 H16 O2,1.522198,Dihydroactinidiolide,TRUE,TRUE,TRUE,keeping sirius,49.64,na,"formyl 2Z,4E,6Z-decatrienoate",C11 H16 O2,L3.3
FT_17.945_297.13337,C9 H21 N4 O5 P,NA,C15 H20 O6,C15 H20 O6,3.552965,Vomitoxin,FALSE,FALSE,TRUE,delete,delete,delete,delete,delete,delete
FT_17.945_297.13337,C9 H21 N4 O5 P,NA,C15 H20 O6,C15 H20 O6,3.552965,CID 442408,FALSE,FALSE,TRUE,delete,delete,delete,delete,delete,delete
FT_17.945_297.13337,C9 H21 N4 O5 P,NA,C15 H20 O6,C11 H16 N6 O4,3.5424926,2-Methylaminoadenosine,FALSE,FALSE,FALSE,delete,delete,delete,delete,delete,delete
FT_17.953_467.20645,C21 H31 N4 O6 P,NA,C27 H30 O7,C28 H26 N4 O3,1.5260859,5-N-acetyl-15b-didehydroardeemin,FALSE,FALSE,FALSE,na,72.85,na,"(7R,8R)-8-(3,4-dimethoxyphenyl)-5,7-dihydroxy-2,2-dimethyl-10-(3-methylbut-2-enyl)-7,8-dihydropyrano[3,2-g]chromen-6-one",C27H30O7,L3.3
FT_17.953_467.20645,C21 H31 N4 O6 P,NA,C27 H30 O7,C28 H26 N4 O3,1.412846,Indolocarbazole nitrogen derivative,FALSE,FALSE,FALSE,na,72.85,na,"(7R,8R)-8-(3,4-dimethoxyphenyl)-5,7-dihydroxy-2,2-dimethyl-10-(3-methylbut-2-enyl)-7,8-dihydropyrano[3,2-g]chromen-6-one",C27H30O7,L3.3
FT_17.953_467.20645,C21 H31 N4 O6 P,NA,C27 H30 O7,C27 H30 O7,1.3260188,Terreulactone B,FALSE,FALSE,TRUE,na,72.85,na,"(7R,8R)-8-(3,4-dimethoxyphenyl)-5,7-dihydroxy-2,2-dimethyl-10-(3-methylbut-2-enyl)-7,8-dihydropyrano[3,2-g]chromen-6-one",C27H30O7,L3.3
FT_17.967_281.13839,C15 H20 O5,NA,C11 H16 N6 O3,C16 H16 N4 O,3.2191107,Hydroxystilbamidine,FALSE,FALSE,FALSE,delete,delete,delete,delete,delete,delete
FT_17.967_281.13839,C15 H20 O5,NA,C11 H16 N6 O3,C15 H20 O5,3.005407,"(1beta,4alpha,5alpha,6beta,8alpha,10b)-1,10:4,5-Diepoxy-6-hydroxy-7(11)-germacren-12,8-olide",FALSE,TRUE,FALSE,delete,delete,delete,delete,delete,delete
FT_17.967_281.13839,C15 H20 O5,NA,C11 H16 N6 O3,C15 H20 O5,2.6441917,Nigellic acid,FALSE,TRUE,FALSE,delete,delete,delete,delete,delete,delete
FT_17.968_317.17450,C19 H24 O4,NA,C15 H20 N6 O2,C19 H24 O4,1.7480961,"3,4-Dihydroxy-9,10-secoandrosta-1,3,5(10)-triene-9,17-dione",FALSE,TRUE,FALSE,delete,delete,delete,delete,delete,delete
FT_17.968_317.17450,C19 H24 O4,NA,C15 H20 N6 O2,C19 H24 O4,1.5915992,"11beta,13-Dihydroxy-3-oxo-13,17-secoandrosta-1,4-dien-17-oic acid delta-lactone",FALSE,TRUE,FALSE,delete,delete,delete,delete,delete,delete
FT_17.968_317.17450,C19 H24 O4,NA,C15 H20 N6 O2,C19 H24 O4,1.5461034,Isopulegone caffeate,FALSE,TRUE,FALSE,delete,delete,delete,delete,delete,delete
FT_17.978_277.14344,C16 H20 O4,NA,C16 H20 O4,C16 H20 O4,1.525187,Scorpioidin,TRUE,TRUE,TRUE,keeping sirius,49.6,na,"[(E)-3-(3,4-dimethoxyphenyl)prop-2-enyl] (Z)-2-methylbut-2-enoate",C16 H20 O4,L3.3
FT_17.978_277.14344,C16 H20 O4,NA,C16 H20 O4,C16 H20 O4,1.3772497,Acetylpterosin C,TRUE,TRUE,TRUE,keeping sirius,49.6,na,"[(E)-3-(3,4-dimethoxyphenyl)prop-2-enyl] (Z)-2-methylbut-2-enoate",C16 H20 O4,L3.3
FT_17.978_277.14344,C16 H20 O4,NA,C16 H20 O4,C16 H20 O4,1.3556838,"4-[(E)-but-2-enoyl]-2-[(1E,3E)-hexa-1,3-dienyl]-5-methoxy-2-methylfuran-3-one",TRUE,TRUE,TRUE,keeping sirius,49.6,na,"[(E)-3-(3,4-dimethoxyphenyl)prop-2-enyl] (Z)-2-methylbut-2-enoate",C16 H20 O4,L3.3
FT_17.981_483.16591,C27 H22 N4 O5,NA,C26 H26 O9,C27 H22 N4 O5,2.0254662,Aspertryptanthrin B,FALSE,TRUE,FALSE,delete,delete,delete,delete,delete,delete
FT_17.981_483.16591,C27 H22 N4 O5,NA,C26 H26 O9,C27 H28 ClF N2 O S,1.3845758,Crinecerfont,FALSE,FALSE,FALSE,delete,delete,delete,delete,delete,delete
FT_17.981_483.16591,C27 H22 N4 O5,NA,C26 H26 O9,C26 H26 O9,1.3125076,Dukunolide A,FALSE,FALSE,TRUE,delete,delete,delete,delete,delete,delete
FT_17.983_373.09180,C19 H16 O8,NA,C19 H16 O8,C16 H20 O8 S,1.7902325,Banksialactone E,TRUE,FALSE,FALSE,delete,delete,delete,delete,delete,delete
FT_17.983_373.09180,C19 H16 O8,NA,C19 H16 O8,C19 H17 ClN2 O4,1.5330698,Quizalofop-ethyl,TRUE,FALSE,FALSE,delete,delete,delete,delete,delete,delete
FT_17.983_373.09180,C19 H16 O8,NA,C19 H16 O8,C20 H17 F O4 S,1.3980608,2-[6-Fluoro-2-methyl-3-[(4-methylsulfonylphenyl)methylidene]inden-1-yl]acetic acid,TRUE,FALSE,FALSE,delete,delete,delete,delete,delete,delete
FT_18.011_235.06008,C12 H10 O5,NA,C12 H10 O5,C12 H10 O5,2.7614858,7-Hydroxy-2-methyl-4-oxo-4H-1-benzopyran-5-acetic acid,TRUE,TRUE,TRUE,keeping sirius,76.82,na,Hexaketide pyrone,C12 H10 O5,L3.3
FT_18.011_235.06008,C12 H10 O5,NA,C12 H10 O5,C12 H10 O5,2.5915818,"3-(2-Oxopropyl)-6,8-dihydroxyisocoumarin",TRUE,TRUE,TRUE,keeping sirius,76.82,na,Hexaketide pyrone,C12 H10 O5,L3.3
FT_18.011_235.06008,C12 H10 O5,NA,C12 H10 O5,C12 H10 O5,2.292019,NA,TRUE,TRUE,TRUE,keeping sirius,76.82,na,Hexaketide pyrone,C12 H10 O5,L3.3
FT_18.011_481.15092,C26 H24 O9,NA,C24 H32 O4 S3,NA,NA,NA,FALSE,FALSE,FALSE,na,na,yes,no name,C24 H32 O4 S3,L4.3
FT_18.011_481.18575,C20 H30 N6 O4 P2,NA,C27 H28 O8,NA,NA,NA,FALSE,FALSE,FALSE,na,na,yes,no name,C27 H28 O8,L4.3
FT_18.011_535.19438,C28 H33 N4 O P3,NA,C30 H30 O9,NA,NA,NA,FALSE,FALSE,FALSE,delete,delete,delete,delete,delete,delete
FT_18.015_497.25350,C29 H36 O7,NA,C29 H36 O7,C30 H32 N4 O3,1.5367132,5-N-acetyl-8-isopropylardeemin,TRUE,FALSE,FALSE,delete,delete,delete,delete,delete,delete
FT_18.027_329.13843,C13 H21 N4 O4 P,NA,C19 H20 O5,C19 H21 ClN2 O,1.5343583,Pencycuron,FALSE,FALSE,FALSE,delete,delete,delete,delete,delete,delete
FT_18.027_329.13843,C13 H21 N4 O4 P,NA,C19 H20 O5,C19 H20 O5,1.5174887,NA,FALSE,FALSE,TRUE,delete,delete,delete,delete,delete,delete
FT_18.027_329.13843,C13 H21 N4 O4 P,NA,C19 H20 O5,C19 H20 O5,1.5037308,NA,FALSE,FALSE,TRUE,delete,delete,delete,delete,delete,delete
FT_18.028_343.15407,C13 H22 N6 O3 S,NA,C20 H22 O5,C20 H22 O5,2.377219,Deoxymiroestrol,FALSE,FALSE,TRUE,delete,delete,delete,delete,delete,delete
FT_18.028_343.15407,C13 H22 N6 O3 S,NA,C20 H22 O5,C20 H22 O5,1.5367389,NA,FALSE,FALSE,TRUE,delete,delete,delete,delete,delete,delete
FT_18.028_343.15407,C13 H22 N6 O3 S,NA,C20 H22 O5,C20 H22 O5,1.5320296,7-Hydroxyaustrobailignan 5,FALSE,FALSE,TRUE,delete,delete,delete,delete,delete,delete
FT_18.038_451.17535,C26 H26 O7,NA,C19 H26 N6 O5 S,C26 H26 O7,1.5237054,"4-Benzyloxy-2'-hydroxy-3',4',5',6'-tetramethoxychalcone",FALSE,TRUE,FALSE,delete,delete,delete,delete,delete,delete
FT_18.038_451.17535,C26 H26 O7,NA,C19 H26 N6 O5 S,C26 H26 O7,1.4417396,Cycloaltilisin,FALSE,TRUE,FALSE,delete,delete,delete,delete,delete,delete
FT_18.038_451.17535,C26 H26 O7,NA,C19 H26 N6 O5 S,C26 H26 O7,1.4417386,Dihydroisocycloartomunin,FALSE,TRUE,FALSE,delete,delete,delete,delete,delete,delete
FT_18.052_429.22729,C19 H33 N4 O5 P,NA,C25 H32 O6,C25 H32 O6,1.5377226,Insuetolide A,FALSE,FALSE,TRUE,delete,delete,delete,delete,delete,delete
FT_18.052_429.22729,C19 H33 N4 O5 P,NA,C25 H32 O6,C25 H32 O6,1.4765562,Andibenin C,FALSE,FALSE,TRUE,delete,delete,delete,delete,delete,delete
FT_18.052_429.22729,C19 H33 N4 O5 P,NA,C25 H32 O6,C25 H32 O6,1.4444453,andilesin A,FALSE,FALSE,TRUE,delete,delete,delete,delete,delete,delete
FT_18.056_285.11209,C17 H16 O4,NA,C11 H25 O2 P S2,C17 H16 O4,1.5355713,Propylene glycol dibenzoate,FALSE,TRUE,FALSE,delete,delete,delete,delete,delete,delete
FT_18.056_285.11209,C17 H16 O4,NA,C11 H25 O2 P S2,C17 H16 O4,1.5171168,Flavokawain b,FALSE,TRUE,FALSE,delete,delete,delete,delete,delete,delete
FT_18.056_285.11209,C17 H16 O4,NA,C11 H25 O2 P S2,C17 H16 O4,1.5171168,"1-(2-Hydroxy-4,6-dimethoxyphenyl)-3-phenyl-2-propen-1-one",FALSE,TRUE,FALSE,delete,delete,delete,delete,delete,delete
FT_18.056_413.12325,C22 H20 O8,NA,C23 H16 N4 O4,C21 H21 ClN4 O S,2.2561278,Ziprasidone,FALSE,FALSE,FALSE,na,na,na,Austocystin D,C22 H20 O8,L3.3
FT_18.056_413.12325,C22 H20 O8,NA,C23 H16 N4 O4,C22 H20 O8,1.4416165,Austocystin D,FALSE,TRUE,FALSE,na,na,na,Austocystin D,C22 H20 O8,L3.3
FT_18.056_413.12325,C22 H20 O8,NA,C23 H16 N4 O4,C22 H20 O8,1.362101,Podophyllotoxone,FALSE,TRUE,FALSE,na,na,na,Austocystin D,C22 H20 O8,L3.3
FT_18.058_455.17042,C26 H22 N4 O4,NA,C21 H30 N2 O5 S2,C25 H26 O8,1.51307,"5,2',4',5'-Tetrahydroxy-3-(3-hydroxy-3-methylbutyl)-6'',6''-dimethylpyrano[2'',3'':7,8]flavone",FALSE,FALSE,FALSE,delete,delete,delete,delete,delete,delete
FT_18.058_455.17042,C26 H22 N4 O4,NA,C21 H30 N2 O5 S2,C25 H26 O8,1.348927,Terrephenol A,FALSE,FALSE,FALSE,delete,delete,delete,delete,delete,delete
FT_18.058_455.17042,C26 H22 N4 O4,NA,C21 H30 N2 O5 S2,C25 H26 O8,1.3196224,Aspernolide P,FALSE,FALSE,FALSE,delete,delete,delete,delete,delete,delete
FT_18.095_383.22173,C16 H36 N2 O4 P2,NA,C17 H35 O7 P,C24 H30 O4,1.5376239,"4-[(6-hydroxy-5,5,8a-trimethyl-2-methylidene-3,4,4a,6,7,8-hexahydro-1H-naphthalen-1-yl)methoxy]chromen-2-one",FALSE,FALSE,FALSE,delete,delete,delete,delete,delete,delete
FT_18.095_383.22173,C16 H36 N2 O4 P2,NA,C17 H35 O7 P,C24 H30 O4,1.4857825,"(3'alpha,5'alpha,9'xi,10'beta)-O-(3-Hydroxy-7-drimen-11-yl)umbelliferone",FALSE,FALSE,FALSE,delete,delete,delete,delete,delete,delete
FT_18.095_383.22173,C16 H36 N2 O4 P2,NA,C17 H35 O7 P,C17 H35 O7 P,1.4787996,{2-Hydroxy-3-[(12-methyltridecanoyl)oxy]propoxy}phosphonic acid,FALSE,FALSE,TRUE,delete,delete,delete,delete,delete,delete
FT_18.118_497.18110,C28 H32 O4 S2,NA,C24 H34 O7 P2,C22 H28 N2 O11,2.7578726,"2-[4-[3,4,5-trihydroxy-6-[[3,4,5-trihydroxy-6-(hydroxymethyl)oxan-2-yl]oxymethyl]oxan-2-yl]oxy-1H-indol-3-yl]acetonitrile",FALSE,FALSE,FALSE,delete,delete,delete,delete,delete,delete
FT_18.121_523.23245,C26 H30 N6 O6,NA,C30 H34 O8,NA,NA,NA,FALSE,FALSE,FALSE,delete,delete,delete,delete,delete,delete
FT_18.124_471.27427,C21 H38 N6 O4 S,NA,C28 H38 O6,C28 H38 O6,1.6790824,Withaferin A,FALSE,FALSE,TRUE,delete,delete,delete,delete,delete,delete
FT_18.124_471.27427,C21 H38 N6 O4 S,NA,C28 H38 O6,C28 H38 O6,1.5875816,Withanolide,FALSE,FALSE,TRUE,delete,delete,delete,delete,delete,delete
FT_18.124_471.27427,C21 H38 N6 O4 S,NA,C28 H38 O6,C28 H38 O6,1.5875813,Withanolide D,FALSE,FALSE,TRUE,delete,delete,delete,delete,delete,delete
FT_18.127_534.30652,C29 H43 N O8,NA,NA,NA,NA,NA,FALSE,FALSE,TRUE,delete,delete,delete,delete,delete,delete
FT_18.129_574.36028,C24 H48 N9 O5 P,NA,C35 H47 N3 O4,NA,NA,NA,FALSE,FALSE,FALSE,delete,delete,delete,delete,delete,delete
FT_18.142_445.22216,C20 H29 N8 O2 P,NA,C25 H32 O7,C25 H32 O7,1.4936793,Austalide J,FALSE,FALSE,TRUE,delete,delete,delete,delete,delete,delete
FT_18.142_445.22216,C20 H29 N8 O2 P,NA,C25 H32 O7,C25 H32 O7,1.393779,Andibenin A,FALSE,FALSE,TRUE,delete,delete,delete,delete,delete,delete
FT_18.142_445.22216,C20 H29 N8 O2 P,NA,C25 H32 O7,C25 H32 O7,1.3636667,Insuetolide B,FALSE,FALSE,TRUE,delete,delete,delete,delete,delete,delete
FT_18.205_683.28469,C44 H44 O3 P2,NA,NA,C33 H46 O15,1.8291024,Myricanol 5-laminaribioside,FALSE,FALSE,FALSE,delete,delete,delete,delete,delete,delete
FT_18.205_683.28469,C44 H44 O3 P2,NA,NA,C33 H46 O15,1.8253562,Myricanol 5-beta-sophoroside,FALSE,FALSE,FALSE,delete,delete,delete,delete,delete,delete
FT_18.212_483.20182,C27 H30 O8,NA,C27 H30 O8,C27 H30 O8,1.5648395,Territrem E,TRUE,TRUE,TRUE,delete,delete,delete,delete,delete,delete
FT_18.212_483.20182,C27 H30 O8,NA,C27 H30 O8,C27 H30 O8,1.5230407,Emerixanthone D,TRUE,TRUE,TRUE,delete,delete,delete,delete,delete,delete
FT_18.212_483.20182,C27 H30 O8,NA,C27 H30 O8,C27 H30 O8,1.5230407,Aspergixanthone I,TRUE,TRUE,TRUE,delete,delete,delete,delete,delete,delete
FT_18.213_277.21623,C18 H28 O2,NA,C18 H28 O2,C18 H28 O2,1.4912931,"(E,E)-11,13-Octadecadien-9-ynoic acid",TRUE,TRUE,TRUE,"Similar structures, keeping sirius",83.6,na,"1,4a,7-Trimethyl-2,3,4,4b,5,6,7,9,10,10a-decahydrophenanthrene-1-carboxylic acid",C18 H28 O2,L3.3
FT_18.213_277.21623,C18 H28 O2,NA,C18 H28 O2,C18 H28 O2,1.477136,19-Nor-5-androstenediol,TRUE,TRUE,TRUE,"Similar structures, keeping sirius",83.6,na,"1,4a,7-Trimethyl-2,3,4,4b,5,6,7,9,10,10a-decahydrophenanthrene-1-carboxylic acid",C18 H28 O2,L3.3
FT_18.213_277.21623,C18 H28 O2,NA,C18 H28 O2,C18 H28 O2,1.4763886,17beta-Hydroxy-5beta-estran-3-one,TRUE,TRUE,TRUE,"Similar structures, keeping sirius",83.6,na,"1,4a,7-Trimethyl-2,3,4,4b,5,6,7,9,10,10a-decahydrophenanthrene-1-carboxylic acid",C18 H28 O2,L3.3
FT_18.213_453.15466,C13 H26 N8 O6 P2,NA,C25 H24 O8,C21 H28 N2 O5 S2,2.1950638,Etrenol,FALSE,FALSE,FALSE,delete,delete,delete,delete,delete,delete
FT_18.213_453.15466,C13 H26 N8 O6 P2,NA,C25 H24 O8,C25 H24 O8,1.4580585,Landomycin H,FALSE,FALSE,TRUE,delete,delete,delete,delete,delete,delete
FT_18.213_453.15466,C13 H26 N8 O6 P2,NA,C25 H24 O8,C25 H24 O8,1.4313346,Urdamycinone B,FALSE,FALSE,TRUE,delete,delete,delete,delete,delete,delete
FT_18.214_285.24245,C17 H32 O3,NA,C17 H32 O3,C17 H32 O3,1.5393991,Muricatacin,TRUE,TRUE,TRUE,"Similar structures, keeping cmmrt",NA,na,2-Methoxy-6Z-hexadecenoic acid,C17 H32 O3,L3.3
FT_18.214_285.24245,C17 H32 O3,NA,C17 H32 O3,C17 H32 O3,1.4289188,2-Methoxy-6Z-hexadecenoic acid,TRUE,TRUE,TRUE,"Similar structures, keeping cmmrt",NA,na,2-Methoxy-6Z-hexadecenoic acid,C17 H32 O3,L3.3
FT_18.214_285.24245,C17 H32 O3,NA,C17 H32 O3,C17 H32 O3,1.4158009,2-Methoxy-5Z-hexadecenoic acid,TRUE,TRUE,TRUE,"Similar structures, keeping cmmrt",NA,na,2-Methoxy-6Z-hexadecenoic acid,C17 H32 O3,L3.3
FT_18.229_327.14389,C10 H26 N6 S3,NA,C16 H22 O7,C16 H22 O7,3.1726649,1-Methoxy-3-(4-hydroxyphenyl)-2E-propenal 4'-glucoside,FALSE,FALSE,TRUE,delete,delete,delete,delete,delete,delete
FT_18.229_327.14389,C10 H26 N6 S3,NA,C16 H22 O7,C16 H22 O7,2.998483,Hinokitiol glucoside,FALSE,FALSE,TRUE,delete,delete,delete,delete,delete,delete
FT_18.229_327.14389,C10 H26 N6 S3,NA,C16 H22 O7,C16 H22 O7,2.9706204,4-(4-Hydroxyphenyl)-2-butanone glucoside,FALSE,FALSE,TRUE,delete,delete,delete,delete,delete,delete
FT_18.241_387.25313,C17 H34 N6 O2 S,NA,C20 H30 N6 O2,C24 H34 O4,1.5530044,Medroxyprogesterone acetate,FALSE,FALSE,FALSE,delete,delete,delete,delete,delete,delete
FT_18.241_387.25313,C17 H34 N6 O2 S,NA,C20 H30 N6 O2,C24 H34 O4,1.530332,"(1R,2R,6R)-3-methyl-5-oxo-6-[(2E,6E)-3,7,11-trimethyldodeca-2,6,10-trien-1-yl]-7-oxabicyclo[4.1.0]hept-3-en-2-yl acetate",FALSE,FALSE,FALSE,delete,delete,delete,delete,delete,delete
FT_18.241_387.25313,C17 H34 N6 O2 S,NA,C20 H30 N6 O2,C24 H34 O4,1.49799,Bufalin,FALSE,FALSE,FALSE,delete,delete,delete,delete,delete,delete
FT_18.253_443.13376,C16 H24 N6 O5 P2,NA,C23 H22 O9,C19 H18 N6 O7,2.337133,Terrelumamide B,FALSE,FALSE,FALSE,delete,delete,delete,delete,delete,delete
FT_18.254_217.15866,C9 H21 N4 P,NA,C15 H20 O,C15 H20 O,1.5547135,Curzerene,FALSE,FALSE,TRUE,delete,delete,delete,delete,delete,delete
FT_18.254_217.15866,C9 H21 N4 P,NA,C15 H20 O,C15 H20 O,1.5021855,Hexylcinnamaldehyde,FALSE,FALSE,TRUE,delete,delete,delete,delete,delete,delete
FT_18.254_217.15866,C9 H21 N4 P,NA,C15 H20 O,C15 H20 O,1.5012348,"(1S,8S)-4,8,10,10-tetramethyl-9-oxatricyclo[6.2.2.02,7]dodeca-2(7),3,5-triene",FALSE,FALSE,TRUE,delete,delete,delete,delete,delete,delete
FT_18.256_445.14937,C17 H28 N6 O2 S3,NA,C23 H24 O9,NA,NA,NA,FALSE,FALSE,FALSE,delete,delete,delete,delete,delete,delete
FT_18.257_481.18586,C22 H25 N8 O3 P,NA,C27 H28 O8,NA,NA,NA,FALSE,FALSE,FALSE,delete,delete,delete,delete,delete,delete
FT_18.284_425.12325,C23 H20 O8,NA,C23 H20 O8,C23 H20 O8,1.9545442,"[1-hydroxy-2-(9-hydroxy-2-oxo-8,9-dihydrouro[2,3-h]chromen-8-yl)propan-2-yl] (E)-3-(4-hydroxyphenyl)prop-2-enoate",TRUE,TRUE,TRUE,keeping sirius,57.05,na,"8-(7-Hydroxy-4-methoxy-5-methyl-2-oxochromen-6-yl)-4,7-dimethoxy-5-methylchromen-2-one",C23 H20 O8,L3.3
FT_18.284_425.12325,C23 H20 O8,NA,C23 H20 O8,C23 H20 O8,1.8622298,"2-(9-hydroxy-2-oxo-8,9-dihydrouro[2,3-h]chromen-8-yl)propan-2-yl (E)-3-(2,4-dihydroxyphenyl)prop-2-enoate",TRUE,TRUE,TRUE,keeping sirius,57.05,na,"8-(7-Hydroxy-4-methoxy-5-methyl-2-oxochromen-6-yl)-4,7-dimethoxy-5-methylchromen-2-one",C23 H20 O8,L3.3
FT_18.284_425.12325,C23 H20 O8,NA,C23 H20 O8,C23 H20 O8,1.7478474,"2-(9-hydroxy-2-oxo-8,9-dihydrouro[2,3-h]chromen-8-yl)propan-2-yl (E)-3-(3,4-dihydroxyphenyl)prop-2-enoate",TRUE,TRUE,TRUE,keeping sirius,57.05,na,"8-(7-Hydroxy-4-methoxy-5-methyl-2-oxochromen-6-yl)-4,7-dimethoxy-5-methylchromen-2-one",C23 H20 O8,L3.3
FT_18.294_485.21717,C20 H34 N6 O4 P2,NA,C27 H32 O8,C27 H32 O8,1.4432791,"(10,15-Dihydroxy-6,14,18,18,22-pentamethyl-8,19-dioxo-7,13-dioxapentacyclo[12.8.0.03,12.04,9.017,22]docosa-3(12),4(9),10,20-tetraen-5-yl) acetate",FALSE,FALSE,TRUE,na,na,na,"(10,15-Dihydroxy-6,14,18,18,22-pentamethyl-8,19-dioxo-7,13-dioxapentacyclo[12.8.0.03,12.04,9.017,22]docosa-3(12),4(9),10,20-tetraen-5-yl) acetate",C27 H32 O8,L3.3
FT_18.294_485.21717,C20 H34 N6 O4 P2,NA,C27 H32 O8,C28 H28 N4 O4,1.4268973,5-N-acetyl-15bbeta-hydroxyardeemin,FALSE,FALSE,FALSE,na,na,na,"(10,15-Dihydroxy-6,14,18,18,22-pentamethyl-8,19-dioxo-7,13-dioxapentacyclo[12.8.0.03,12.04,9.017,22]docosa-3(12),4(9),10,20-tetraen-5-yl) acetate",C27 H32 O8,L3.3
FT_18.294_485.21717,C20 H34 N6 O4 P2,NA,C27 H32 O8,C28 H28 N4 O4,1.4268969,5-N-acetyl-15bbeta-hydroxyardeemin,FALSE,FALSE,FALSE,na,na,na,"(10,15-Dihydroxy-6,14,18,18,22-pentamethyl-8,19-dioxo-7,13-dioxapentacyclo[12.8.0.03,12.04,9.017,22]docosa-3(12),4(9),10,20-tetraen-5-yl) acetate",C27 H32 O8,L3.3
FT_18.295_327.15916,C14 H23 N4 O3 P,NA,C20 H22 O4,C20 H22 O4,1.7483082,Uncinatone,FALSE,FALSE,TRUE,delete,delete,delete,delete,delete,delete
FT_18.295_327.15916,C14 H23 N4 O3 P,NA,C20 H22 O4,C20 H22 O4,1.5575832,NA,FALSE,FALSE,TRUE,delete,delete,delete,delete,delete,delete
FT_18.295_327.15916,C14 H23 N4 O3 P,NA,C20 H22 O4,C20 H22 O4,1.5348629,Dehydrodieugenol,FALSE,FALSE,TRUE,delete,delete,delete,delete,delete,delete
FT_18.306_521.21564,C24 H33 N4 O7 P,NA,C30 H32 O8,C30 H32 O8,1.4000052,Divanillyltetrahydrofuran ferulate,FALSE,FALSE,TRUE,delete,delete,delete,delete,delete,delete
FT_18.343_429.15423,C24 H20 N4 O4,NA,C23 H24 O8,C18 H24 N2 O10,3.3147035,Lacosamide-glucuronide,FALSE,FALSE,FALSE,delete,delete,delete,delete,delete,delete
FT_18.343_429.15423,C24 H20 N4 O4,NA,C23 H24 O8,C23 H24 O8,1.7411314,beta-Peltatin A methyl ether,FALSE,FALSE,TRUE,delete,delete,delete,delete,delete,delete
FT_18.343_429.15423,C24 H20 N4 O4,NA,C23 H24 O8,C22 H19 F3 N4 O2,1.3693786,"5-methyl-N-[6-(2-methylpyridin-3-yl)oxypyridin-3-yl]-6-(trifluoromethyl)-2,3-dihydroindole-1-carboxamide",FALSE,FALSE,FALSE,delete,delete,delete,delete,delete,delete
FT_18.348_517.27973,C23 H36 N10 O2 S,NA,C29 H40 O8,C29 H40 O8,2.1158319,Ajugalactone,FALSE,FALSE,TRUE,delete,delete,delete,delete,delete,delete
FT_18.348_517.27973,C23 H36 N10 O2 S,NA,C29 H40 O8,C29 H40 O8,1.5314522,Cavipetin E isomer 1,FALSE,FALSE,TRUE,delete,delete,delete,delete,delete,delete
FT_18.348_517.27973,C23 H36 N10 O2 S,NA,C29 H40 O8,C29 H40 O8,1.5314522,Cavipetin E isomer 2,FALSE,FALSE,TRUE,delete,delete,delete,delete,delete,delete
FT_18.358_534.30638,C30 H39 N5 O4,NA,C30 H39 N5 O4,NA,NA,NA,TRUE,FALSE,FALSE,na,43.42,na,"1-[(1R)-1-(hydroxymethyl)-7-methoxy-9-methyl-1'-(pyridin-4-ylmethyl)-2-spiro[1,3-dihydropyrido[3,4-b]indole-4,4'-piperidine]yl]-2-(4-morpholinyl)ethanone",C30 H39 N5 O4,L3.3
FT_18.368_317.17430,C19 H24 O4,NA,C19 H24 O4,C19 H24 O4,1.778655,"3,4-Dihydroxy-9,10-secoandrosta-1,3,5(10)-triene-9,17-dione",TRUE,TRUE,TRUE,delete,delete,delete,delete,delete,delete
FT_18.368_317.17430,C19 H24 O4,NA,C19 H24 O4,C19 H24 O4,1.6226578,"11beta,13-Dihydroxy-3-oxo-13,17-secoandrosta-1,4-dien-17-oic acid delta-lactone",TRUE,TRUE,TRUE,delete,delete,delete,delete,delete,delete
FT_18.368_317.17430,C19 H24 O4,NA,C19 H24 O4,C19 H24 O4,1.5773915,Isopulegone caffeate,TRUE,TRUE,TRUE,delete,delete,delete,delete,delete,delete
FT_18.387_475.20996,C16 H31 N10 O3 P S,NA,NA,C22 H30 N6 O4 S,2.5436888,NA,FALSE,FALSE,FALSE,delete,delete,delete,delete,delete,delete
FT_18.390_487.26915,C15 H39 N10 O4 P S,NA,C28 H38 O7,C28 H38 O7,2.0952053,CID 14860927,FALSE,FALSE,TRUE,delete,delete,delete,delete,delete,delete
FT_18.390_487.26915,C15 H39 N10 O4 P S,NA,C28 H38 O7,C28 H38 O7,1.8590555,"(4beta,5beta,6beta,14beta,15alpha,20S,22R)-5,6-Epoxy-4,14,15-trihydroxy-1-oxowitha-2,24-dienolide",FALSE,FALSE,TRUE,delete,delete,delete,delete,delete,delete
FT_18.390_487.26915,C15 H39 N10 O4 P S,NA,C28 H38 O7,C28 H38 O7,1.5636061,"5-[(1S)-1-[(1R,2R)-2-[(1R,3R)-2,2-Dimethyl-3-(3-oxobutyl)cyclopropyl]-1-methyl-3-oxocyclopentyl]-3-methylbutyl]-2,4,6-trihydroxybenzene-1,3-dicarbaldehyde",FALSE,FALSE,TRUE,delete,delete,delete,delete,delete,delete
FT_18.430_467.17067,C26 H26 O8,NA,C26 H26 O8,C22 H30 N2 O5 S2,1.7193931,Spirapril,TRUE,FALSE,FALSE,delete,delete,delete,delete,delete,delete
FT_18.456_317.13831,C12 H21 N4 O4 P,NA,C18 H20 O5,C18 H20 O5,1.5136946,"5'-Hydroxy-3',4',7-trimethoxyflavan",FALSE,FALSE,TRUE,delete,delete,delete,delete,delete,delete
FT_18.456_317.13831,C12 H21 N4 O4 P,NA,C18 H20 O5,C18 H20 O5,1.4918423,Flavokawin A,FALSE,FALSE,TRUE,delete,delete,delete,delete,delete,delete
FT_18.456_317.13831,C12 H21 N4 O4 P,NA,C18 H20 O5,C18 H20 O5,1.4272739,Verimol B,FALSE,FALSE,TRUE,delete,delete,delete,delete,delete,delete
FT_18.475_292.19058,C17 H25 N O3,NA,C17 H25 N O3,C17 H25 N O3,3.6440861,Mesembrinol,TRUE,TRUE,TRUE,keeping sirius,63.38,na,"Propiophenone, 2',4'-dimethoxy-3-(2-methylpiperidino)-",C17 H25 N O3,L3.3
FT_18.475_292.19058,C17 H25 N O3,NA,C17 H25 N O3,C17 H25 N O3,3.4363556,Lyconnotine,TRUE,TRUE,TRUE,keeping sirius,63.38,na,"Propiophenone, 2',4'-dimethoxy-3-(2-methylpiperidino)-",C17 H25 N O3,L3.3
FT_18.475_292.19058,C17 H25 N O3,NA,C17 H25 N O3,C17 H25 N O3,3.2949224,Cyclopentolate,TRUE,TRUE,TRUE,keeping sirius,63.38,na,"Propiophenone, 2',4'-dimethoxy-3-(2-methylpiperidino)-",C17 H25 N O3,L3.3
FT_18.481_539.22792,C20 H41 N6 O3 P3 S,NA,C30 H34 O9,NA,NA,NA,FALSE,FALSE,FALSE,delete,delete,delete,delete,delete,delete
FT_18.497_343.19033,C15 H27 N4 O3 P,NA,C21 H26 O4,C21 H26 O4,1.4492451,Aspergiloid B,FALSE,FALSE,TRUE,delete,delete,delete,delete,delete,delete
FT_18.497_343.19033,C15 H27 N4 O3 P,NA,C21 H26 O4,C21 H26 O4,1.4391235,7-(4-Hydroxy-3-methoxyphenyl)-5-methoxy-1-phenyl-3-heptanone,FALSE,FALSE,TRUE,delete,delete,delete,delete,delete,delete
FT_18.507_247.13290,C9 H19 N4 O2 P,NA,C15 H18 O3,C15 H18 O3,1.7522718,annuolide A,FALSE,FALSE,TRUE,delete,delete,delete,delete,delete,delete
FT_18.507_247.13290,C9 H19 N4 O2 P,NA,C15 H18 O3,C15 H18 O3,1.7430072,Annuolide C,FALSE,FALSE,TRUE,delete,delete,delete,delete,delete,delete
FT_18.507_247.13290,C9 H19 N4 O2 P,NA,C15 H18 O3,C15 H18 O3,1.6987487,"2-Methyl-5-(1,2,2-trimethyl-4-oxocyclopentyl)cyclohexa-2,5-diene-1,4-dione",FALSE,FALSE,TRUE,delete,delete,delete,delete,delete,delete
FT_18.525_369.24246,C24 H32 O3,NA,C24 H32 O3,NA,NA,NA,TRUE,FALSE,FALSE,na,49.14,na,"(5R,8S,9S,10S,14R)-17-acetyl-4,4,8,10,14-pentamethyl-2,5,6,7,9,15-hexahydro-1H-cyclopenta[a]phenanthrene-3,16-dione",C24 H32 O3,L3.3
FT_18.527_351.23205,C19 H31 Cl N4,NA,NA,C21 H31 F O3,1.5280682,"(2alpha,5alpha,17beta)-17-(Acetyloxy)-2-fluoro-androstan-3-one",FALSE,FALSE,FALSE,delete,delete,delete,delete,delete,delete
FT_18.527_351.23205,C19 H31 Cl N4,NA,NA,C21 H31 F O3,1.5280682,5alpha-Androstane-2beta-fluoro-17beta-ol-3-one acetate,FALSE,FALSE,FALSE,delete,delete,delete,delete,delete,delete
FT_18.527_351.23205,C19 H31 Cl N4,NA,NA,C21 H31 F O3,1.391065,"6beta-Fluoro-5alpha-hydroxypregnane-3,20-dione",FALSE,FALSE,FALSE,delete,delete,delete,delete,delete,delete
FT_18.528_427.24591,C20 H35 N4 O4 P,NA,C24 H36 O5,C27 H30 N4 O,2.490679,Oxatomide,FALSE,FALSE,FALSE,na,na,yes,no name,C24 H36 O5,L4.3
FT_18.528_427.24591,C20 H35 N4 O4 P,NA,C24 H36 O5,C26 H34 O5,1.4337897,Deflectin 2b,FALSE,FALSE,TRUE,na,na,yes,no name,C24 H36 O5,L3.3
FT_18.536_387.25304,C18 H35 N4 O3 P,NA,C24 H34 O4,C24 H34 O4,1.5736961,Medroxyprogesterone acetate,FALSE,FALSE,TRUE,na,na,na,4-O-Methylgrifolic acid,C24 H34 O4,L3.3
FT_18.536_387.25304,C18 H35 N4 O3 P,NA,C24 H34 O4,C24 H34 O4,1.5513868,"(1R,2R,6R)-3-methyl-5-oxo-6-[(2E,6E)-3,7,11-trimethyldodeca-2,6,10-trien-1-yl]-7-oxabicyclo[4.1.0]hept-3-en-2-yl acetate",FALSE,FALSE,TRUE,na,na,na,4-O-Methylgrifolic acid,C24 H34 O4,L3.3
FT_18.536_387.25304,C18 H35 N4 O3 P,NA,C24 H34 O4,C24 H34 O4,1.5193354,Bufalin,FALSE,FALSE,TRUE,na,na,na,4-O-Methylgrifolic acid,C24 H34 O4,L3.3
FT_18.547_363.18019,C20 H26 O6,NA,C20 H26 O6,C16 H22 N6 O4,3.9790604,Protirelin,TRUE,FALSE,FALSE,delete,delete,delete,delete,delete,delete
FT_18.547_363.18019,C20 H26 O6,NA,C20 H26 O6,C20 H26 O6,2.1024218,Shikodonin,TRUE,TRUE,TRUE,"keeping sirius, not first match",66.67,na,"7-(6,7-Dihydroxy-3,7-dimethyloct-2-enyloxy)-6-methoxycoumarin",C20 H26 O6,L3.3
FT_18.547_363.18019,C20 H26 O6,NA,C20 H26 O6,C20 H26 O6,1.9903914,Secoisolariciresinol,TRUE,TRUE,TRUE,"keeping sirius, not first match",66.67,na,"7-(6,7-Dihydroxy-3,7-dimethyloct-2-enyloxy)-6-methoxycoumarin",C20 H26 O6,L3.3
FT_18.548_483.20159,C22 H27 N8 O3 P,NA,C28 H26 N4 O4,C27 H30 O8,1.5908207,Territrem E,FALSE,FALSE,FALSE,delete,delete,delete,delete,delete,delete
FT_18.548_483.20159,C22 H27 N8 O3 P,NA,C28 H26 N4 O4,C27 H30 O8,1.5470878,Aspergixanthone I,FALSE,FALSE,FALSE,delete,delete,delete,delete,delete,delete
FT_18.548_483.20159,C22 H27 N8 O3 P,NA,C28 H26 N4 O4,C27 H30 O8,1.5470874,Emerixanthone D,FALSE,FALSE,FALSE,delete,delete,delete,delete,delete,delete
FT_18.558_443.13375,C23 H22 O9,NA,C23 H22 O9,C19 H18 N6 O7,2.3608518,Terrelumamide B,TRUE,FALSE,FALSE,delete,delete,delete,delete,delete,delete
FT_18.559_355.15196,C17 H18 N6 O3,NA,C21 H22 O5,C21 H22 O5,1.5761569,Gancaonin I,FALSE,FALSE,TRUE,delete,delete,delete,delete,delete,delete
FT_18.559_355.15196,C17 H18 N6 O3,NA,C21 H22 O5,C21 H22 O5,1.5759437,"4-[(Z)-5-(3,3-dimethyloxiran-2-yl)-3-methylpent-2-enoxy]furo[3,2-g]chromen-7-one",FALSE,FALSE,TRUE,delete,delete,delete,delete,delete,delete
FT_18.559_355.15196,C17 H18 N6 O3,NA,C21 H22 O5,C21 H22 O5,1.5759321,"2,3-Dihydro-7-methoxy-2-(3-methoxy-4,5-methylenedioxyphenyl)-3-methyl-5-(1-propenyl)benzofuran",FALSE,FALSE,TRUE,delete,delete,delete,delete,delete,delete
FT_18.560_481.14978,C26 H24 O9,NA,C26 H24 O9,NA,NA,NA,TRUE,FALSE,FALSE,delete,delete,delete,delete,delete,delete
FT_18.566_357.16973,C15 H25 N4 O4 P,NA,C21 H24 O5,C21 H24 O5,1.6472845,Denudatin B,FALSE,FALSE,TRUE,delete,delete,delete,delete,delete,delete
FT_18.566_357.16973,C15 H25 N4 O4 P,NA,C21 H24 O5,C21 H24 O5,1.6472845,Kadsurenone,FALSE,FALSE,TRUE,delete,delete,delete,delete,delete,delete
FT_18.566_357.16973,C15 H25 N4 O4 P,NA,C21 H24 O5,C21 H24 O5,1.574313,Mammea B/AC cyclo D,FALSE,FALSE,TRUE,delete,delete,delete,delete,delete,delete
FT_18.571_504.33259,C29 H45 N O6,NA,NA,NA,NA,NA,FALSE,FALSE,TRUE,delete,delete,delete,delete,delete,delete
FT_18.578_509.21717,C30 H36 O3 S2,NA,NA,NA,NA,NA,FALSE,FALSE,TRUE,delete,delete,delete,delete,delete,delete
FT_18.584_225.07576,C12 H16 S2,NA,NA,C11 H12 O5,2.9084995,"5-(3',4',5'-Trihydroxyphenyl)-gamma-valerolactone",FALSE,FALSE,FALSE,delete,delete,delete,delete,delete,delete
FT_18.584_225.07576,C12 H16 S2,NA,NA,C11 H12 O5,2.8703156,"5-[(2,4,5-Trihydroxyphenyl)methyl]oxolan-2-one",FALSE,FALSE,FALSE,delete,delete,delete,delete,delete,delete
FT_18.584_225.07576,C12 H16 S2,NA,NA,C11 H12 O5,2.5536613,Reticulone,FALSE,FALSE,FALSE,delete,delete,delete,delete,delete,delete
FT_18.586_429.18915,C18 H37 O5 P S2,NA,C24 H28 O7,C24 H28 O7,1.573819,3-Isomangostin Hydrate,FALSE,FALSE,TRUE,delete,delete,delete,delete,delete,delete
FT_18.586_429.18915,C18 H37 O5 P S2,NA,C24 H28 O7,C24 H28 O7,1.5553976,1-Isomangostin Hydrate,FALSE,FALSE,TRUE,delete,delete,delete,delete,delete,delete
FT_18.586_429.18915,C18 H37 O5 P S2,NA,C24 H28 O7,C24 H28 O7,1.5504084,psi-Rhodomyrtoxin,FALSE,FALSE,TRUE,delete,delete,delete,delete,delete,delete
FT_18.600_511.26794,C26 H34 N6 O5,NA,C30 H38 O7,C19 H38 N6 O10,3.8394754,6''-O-Carbamoyltobramycin,FALSE,FALSE,FALSE,delete,delete,delete,delete,delete,delete
FT_18.600_511.26794,C26 H34 N6 O5,NA,C30 H38 O7,C29 H32 N7 O2-,3.0154505,Imatinib Impurity A,FALSE,FALSE,FALSE,delete,delete,delete,delete,delete,delete
FT_18.600_511.26794,C26 H34 N6 O5,NA,C30 H38 O7,C30 H38 O7,1.3733475,Physagulin A,FALSE,FALSE,TRUE,delete,delete,delete,delete,delete,delete
FT_18.600_513.21210,C22 H41 O7 P S2,NA,C28 H32 O9,C28 H32 O9,1.5901196,Territrem D,FALSE,FALSE,TRUE,delete,delete,delete,delete,delete,delete
FT_18.600_513.21210,C22 H41 O7 P S2,NA,C28 H32 O9,C28 H32 O9,1.4395097,"5,18-Dihydroxy-1,14,21,25-tetramethyl-4,20,23-trioxaheptacyclo[20.3.1.12,5.03,18.03,21.06,15.09,14]heptacosa-8,10-diene-13,19,24,27-tetrone",FALSE,FALSE,TRUE,delete,delete,delete,delete,delete,delete
FT_18.600_513.21210,C22 H41 O7 P S2,NA,C28 H32 O9,C28 H32 O9,1.3701963,Citrifuran D,FALSE,FALSE,TRUE,delete,delete,delete,delete,delete,delete
FT_18.602_683.28421,C32 H48 N2 O10 P2,NA,C33 H46 O15,C33 H46 O15,1.8589679,Myricanol 5-laminaribioside,FALSE,FALSE,TRUE,delete,delete,delete,delete,delete,delete
FT_18.602_683.28421,C32 H48 N2 O10 P2,NA,C33 H46 O15,C33 H46 O15,1.8552244,Myricanol 5-beta-sophoroside,FALSE,FALSE,TRUE,delete,delete,delete,delete,delete,delete
FT_18.624_381.20596,C24 H28 O4,NA,C24 H28 O4,C21 H29 F O5,2.4147236,Fludrocortisone,TRUE,FALSE,FALSE,delete,delete,delete,delete,delete,delete
FT_18.624_381.20596,C24 H28 O4,NA,C24 H28 O4,C24 H28 O4,1.5799285,Kinocoumarin,TRUE,TRUE,TRUE,delete,delete,delete,delete,delete,delete
FT_18.624_381.20596,C24 H28 O4,NA,C24 H28 O4,C24 H28 O4,1.5630869,"(3'x,5'a,9'x,10'b)-O-(6-Oxo-7-drimen-11-yl)umbelliferone",TRUE,TRUE,TRUE,delete,delete,delete,delete,delete,delete
FT_18.640_397.16466,C23 H24 O6,NA,C23 H24 O6,C23 H24 O6,1.8510703,"(2Z,7E)-1,9-bis(4-hydroxy-3-methoxyphenyl)nona-2,7-diene-4,6-dione",TRUE,TRUE,TRUE,"Similar structures, keeping sirius",56.01,na,Dimethoxycurcumin,C23 H24 O6,L3.3
FT_18.640_397.16466,C23 H24 O6,NA,C23 H24 O6,C23 H24 O6,1.5648385,BR-xanthone A,TRUE,TRUE,TRUE,"Similar structures, keeping sirius",56.01,na,Dimethoxycurcumin,C23 H24 O6,L3.3
FT_18.640_397.16466,C23 H24 O6,NA,C23 H24 O6,C20 H28 O6 S,1.4674487,Eremopetasitenin A2,TRUE,FALSE,FALSE,delete,delete,delete,delete,delete,delete
FT_18.644_313.17984,C20 H24 O3,NA,C20 H24 O3,C20 H24 O3,1.5801638,"Methyl (9Z)-10'-oxo-6,10'-diapo-6-carotenoate",TRUE,TRUE,TRUE,delete,delete,delete,delete,delete,delete
FT_18.644_313.17984,C20 H24 O3,NA,C20 H24 O3,C20 H24 O3,1.5777286,Centrolobine,TRUE,TRUE,TRUE,delete,delete,delete,delete,delete,delete
FT_18.644_313.17984,C20 H24 O3,NA,C20 H24 O3,C20 H24 O3,1.577208,Aspergiloid G,TRUE,TRUE,TRUE,delete,delete,delete,delete,delete,delete
FT_18.646_411.18034,C24 H26 O6,NA,C24 H26 O6,C24 H26 O6,1.5779823,3-Isomangostin,TRUE,TRUE,TRUE,delete,delete,delete,delete,delete,delete
FT_18.646_411.18034,C24 H26 O6,NA,C24 H26 O6,C22 H31 F O2 S2,1.5712216,"(1R,14R)-14-(ethylsulfanyl)-1-fluoro-17-hydroxy-2,15-dimethyl-14-(methylsulfanyl)tetracyclo[8.7.0.0^{2,7}.0^{11,15}]heptadeca-3,6-dien-5-one",TRUE,FALSE,FALSE,delete,delete,delete,delete,delete,delete
FT_18.646_411.18034,C24 H26 O6,NA,C24 H26 O6,C24 H26 O6,1.5600953,1-Isomangostin,TRUE,TRUE,TRUE,delete,delete,delete,delete,delete,delete
FT_18.648_465.15458,C26 H24 O8,NA,C21 H24 N2 O10,C21 H24 N2 O10,2.4244897,Kioukasin F,FALSE,FALSE,TRUE,delete,delete,delete,delete,delete,delete
FT_18.648_465.15458,C26 H24 O8,NA,C21 H24 N2 O10,C21 H24 N2 O10,2.2013202,Kioukasin A,FALSE,FALSE,TRUE,delete,delete,delete,delete,delete,delete
FT_18.651_467.20653,C27 H30 O7,NA,C27 H30 O7,C28 H26 N4 O3,1.5757314,5-N-acetyl-15b-didehydroardeemin,TRUE,FALSE,FALSE,delete,delete,delete,delete,delete,delete
FT_18.651_467.20653,C27 H30 O7,NA,C27 H30 O7,C28 H26 N4 O3,1.468513,Indolocarbazole nitrogen derivative,TRUE,FALSE,FALSE,delete,delete,delete,delete,delete,delete
FT_18.651_467.20653,C27 H30 O7,NA,C27 H30 O7,C27 H30 O7,1.3825011,Terreulactone B,TRUE,TRUE,TRUE,delete,delete,delete,delete,delete,delete
FT_18.660_469.18587,C26 H28 O8,NA,C26 H28 O8,C27 H25 ClN6,1.6826199,Acriflavine,TRUE,FALSE,FALSE,na,na,yes,no name,C26 H28 O8,L4.1
FT_18.660_469.18587,C26 H28 O8,NA,C26 H28 O8,C26 H28 O8,1.3804051,Dukunolide D,TRUE,TRUE,TRUE,na,na,yes,no name,C26 H28 O8,L4.1
FT_18.677_435.17930,C26 H26 O6,NA,C26 H26 O6,C26 H26 O6,1.518338,cycloartocarpin A,TRUE,TRUE,TRUE,delete,delete,delete,delete,delete,delete
FT_18.677_435.17930,C26 H26 O6,NA,C26 H26 O6,C26 H26 O6,1.5153716,Prenylcandidusin C,TRUE,TRUE,TRUE,delete,delete,delete,delete,delete,delete
FT_18.679_429.15475,C17 H36 N2 S5,NA,C23 H24 O8,C23 H24 O8,1.7663873,beta-Peltatin A methyl ether,FALSE,FALSE,TRUE,delete,delete,delete,delete,delete,delete
FT_18.679_429.15475,C17 H36 N2 S5,NA,C23 H24 O8,C22 H19 F3 N4 O2,1.3952532,"5-methyl-N-[6-(2-methylpyridin-3-yl)oxypyridin-3-yl]-6-(trifluoromethyl)-2,3-dihydroindole-1-carboxamide",FALSE,FALSE,FALSE,delete,delete,delete,delete,delete,delete
FT_18.679_429.15475,C17 H36 N2 S5,NA,C23 H24 O8,C23 H24 O8,1.377388,Wortmannin,FALSE,FALSE,TRUE,delete,delete,delete,delete,delete,delete
FT_18.687_431.24286,C25 H34 O6,NA,C25 H34 O6,C25 H34 O6,2.2057686,Antibiotic CP 412065,TRUE,TRUE,TRUE,"Similar structures, keeping sirius",38.79,na,"14,16,20-Trihydroxy-2,5-dimethyl-8-propan-2-yl-18,22-dioxahexacyclo[17.2.1.02,10.05,9.013,21.016,20]docosa-8,13-dien-15-one",C25 H34 O6,L3.3
FT_18.687_431.24286,C25 H34 O6,NA,C25 H34 O6,C25 H34 O6,2.1786861,Antibiotic CJ 15544,TRUE,TRUE,TRUE,"Similar structures, keeping sirius",38.79,na,"14,16,20-Trihydroxy-2,5-dimethyl-8-propan-2-yl-18,22-dioxahexacyclo[17.2.1.02,10.05,9.013,21.016,20]docosa-8,13-dien-15-one",C25 H34 O6,L3.3
FT_18.687_431.24286,C25 H34 O6,NA,C25 H34 O6,C25 H34 O6,1.5128865,"21-Hydroxypregn-4-ene-3,20-dione 21-(hydrogen succinate)",TRUE,TRUE,TRUE,"Similar structures, keeping sirius",38.79,na,"14,16,20-Trihydroxy-2,5-dimethyl-8-propan-2-yl-18,22-dioxahexacyclo[17.2.1.02,10.05,9.013,21.016,20]docosa-8,13-dien-15-one",C25 H34 O6,L3.3
FT_18.690_231.10162,C14 H14 O3,NA,C14 H14 O3,C9 H16 N3 O2 S+,3.72313,"trimethyl-[(2S)-1-oxidanyl-1-oxidanylidene-3-(2-sulfanylidene-1,3-dihydroimidazol-4-yl)propan-2-yl]azanium",TRUE,FALSE,FALSE,keeping sirius,70.04,na,Euparin methyl ether,C14 H14 O3,L3.3
FT_18.690_231.10162,C14 H14 O3,NA,C14 H14 O3,C14 H14 O3,1.952665,"3,3',5-Trihydroxybibenzyl",TRUE,TRUE,TRUE,keeping sirius,70.04,na,Euparin methyl ether,C14 H14 O3,L3.3
FT_18.690_231.10162,C14 H14 O3,NA,C14 H14 O3,C14 H14 O3,1.8340647,Dihydroresveratrol,TRUE,TRUE,TRUE,keeping sirius,70.04,na,Euparin methyl ether,C14 H14 O3,L3.3
FT_18.702_217.08604,C13 H12 O3,NA,C13 H12 O3,C13 H12 O3,1.8291956,Bis(4-hydroxyphenyl)methanol,TRUE,TRUE,TRUE,delete,delete,delete,delete,delete,delete
FT_18.702_217.08604,C13 H12 O3,NA,C13 H12 O3,C13 H12 O3,1.7831727,Allenolic acid,TRUE,TRUE,TRUE,delete,delete,delete,delete,delete,delete
FT_18.702_217.08604,C13 H12 O3,NA,C13 H12 O3,C13 H12 O3,1.6389703,NA,TRUE,TRUE,TRUE,delete,delete,delete,delete,delete,delete
FT_18.733_504.33264,C18 H45 N7 O9,NA,NA,NA,NA,NA,FALSE,FALSE,TRUE,no name,na,na,no name,C18 H45 N7 O9,L4.3
FT_18.747_395.14892,C17 H31 O4 P S2,NA,C24 H18 N4 O2,C23 H22 O6,1.5838351,Deguelin,FALSE,FALSE,FALSE,delete,delete,delete,delete,delete,delete
FT_18.747_395.14892,C17 H31 O4 P S2,NA,C24 H18 N4 O2,C23 H22 O6,1.5417746,garcinone B,FALSE,FALSE,FALSE,delete,delete,delete,delete,delete,delete
FT_18.747_395.14892,C17 H31 O4 P S2,NA,C24 H18 N4 O2,C23 H22 O6,1.5017321,Rotenone,FALSE,FALSE,FALSE,delete,delete,delete,delete,delete,delete
FT_18.759_499.16027,C22 H32 N2 O5 P2 S,NA,C26 H26 O10,C27 H22 N4 O6,1.996909,Aspertryptanthrin C,FALSE,FALSE,FALSE,delete,delete,delete,delete,delete,delete
FT_18.759_499.16027,C22 H32 N2 O5 P2 S,NA,C26 H26 O10,C26 H26 O10,1.3765357,Dukunolide B,FALSE,FALSE,TRUE,delete,delete,delete,delete,delete,delete
FT_18.761_499.23299,C28 H34 O8,NA,C28 H34 O8,C28 H34 O8,1.5355151,Isobisvertinol,TRUE,TRUE,TRUE,"Name match sirius, cmmrt, not top sirius match",62.12,na,Isobisvertinol,C28H34O8,L3.1
FT_18.761_499.23299,C28 H34 O8,NA,C28 H34 O8,C29 H30 N4 O4,1.5269842,Amauromine B,TRUE,FALSE,FALSE,"Name match sirius, cmmrt, not top sirius match",62.12,na,Isobisvertinol,C28H34O8,L3.1
FT_18.761_499.23299,C28 H34 O8,NA,C28 H34 O8,C29 H30 N4 O4,1.4234,15b-beta-methoxy-5-N-acetylardeemin,TRUE,FALSE,FALSE,"Name match sirius, cmmrt, not top sirius match",62.12,na,Isobisvertinol,C28H34O8,L3.1
FT_18.767_281.10196,C14 H16 O6,NA,C14 H16 O6,C14 H16 O6,2.2822754,"(Z)-3-[4,5-dihydroxy-2-(2-hydroxypropan-2-yl)-2,3-dihydro-1-benzofuran-7-yl]prop-2-enoic acid",TRUE,TRUE,TRUE,"name match, cmmrt and sirius (no top sirius option)",56.72,na,"(Z)-3-[4,5-dihydroxy-2-(2-hydroxypropan-2-yl)-2,3-dihydro-1-benzofuran-7-yl]prop-2-enoic acid",C14 H16 O6,L3.1
FT_18.767_281.10196,C14 H16 O6,NA,C14 H16 O6,C14 H16 O6,1.669893,Asperphenone C,TRUE,TRUE,TRUE,"name match, cmmrt and sirius (no top sirius option)",56.72,na,"(Z)-3-[4,5-dihydroxy-2-(2-hydroxypropan-2-yl)-2,3-dihydro-1-benzofuran-7-yl]prop-2-enoic acid",C14 H16 O6,L3.1
FT_18.783_499.19680,C27 H30 O9,NA,C27 H30 O9,C27 H30 O9,1.5914204,"[(2S)-2,2',2',9,13-pentamethyl-6,16-dimethylidene-6',11,15-trioxospiro[10,14,17-trioxapentacyclo[7.6.1.17,12.01,12.02,7]heptadecane-5,3'-pyran]-8-yl] acetate",TRUE,TRUE,TRUE,delete,delete,delete,delete,delete,delete
FT_18.783_499.19680,C27 H30 O9,NA,C27 H30 O9,C27 H30 O9,1.5914204,Dehydroaustin,TRUE,TRUE,TRUE,delete,delete,delete,delete,delete,delete
FT_18.807_465.15455,C26 H24 O8,NA,C21 H24 N2 O10,C21 H24 N2 O10,2.4367254,Kioukasin F,FALSE,FALSE,TRUE,na,63.11,na,Kioukasin A,C21H24N2O10,L3.3
FT_18.807_465.15455,C26 H24 O8,NA,C21 H24 N2 O10,C21 H24 N2 O10,2.2132552,Kioukasin A,FALSE,FALSE,TRUE,na,63.11,na,Kioukasin A,C21H24N2O10,L3.3
FT_18.812_237.07569,C12 H12 O5,NA,C12 H12 O5,C12 H12 O5,3.013225,Austidiol,TRUE,TRUE,TRUE,keeping sirius,53.44,na,"4-(3,4-Dimethoxyphenyl)-4-oxocrotonic acid",C12 H12 O5,L3.3
FT_18.812_237.07569,C12 H12 O5,NA,C12 H12 O5,C12 H12 O5,2.5899775,"(S)-2,3-Dihydro-7-hydroxy-2-methyl-4-oxo-4H-1-benzopyran-5-acetic acid",TRUE,TRUE,TRUE,keeping sirius,53.44,na,"4-(3,4-Dimethoxyphenyl)-4-oxocrotonic acid",C12 H12 O5,L3.3
FT_18.812_237.07569,C12 H12 O5,NA,C12 H12 O5,C12 H12 O5,2.5165482,Aspergillusol B,TRUE,TRUE,TRUE,keeping sirius,53.44,na,"4-(3,4-Dimethoxyphenyl)-4-oxocrotonic acid",C12 H12 O5,L3.3
FT_18.816_397.16470,C23 H24 O6,NA,C23 H24 O6,C23 H24 O6,1.8640841,"(2Z,7E)-1,9-bis(4-hydroxy-3-methoxyphenyl)nona-2,7-diene-4,6-dione",TRUE,TRUE,TRUE,keeping sirius,67.74,na,"8,8-Dimethyl-3-(2,4,5-trimethoxyphenyl)-2,3-dihydropyrano[2,3-f]chromen-4-one",C23 H24 O6,L3.3
FT_18.816_397.16470,C23 H24 O6,NA,C23 H24 O6,C23 H24 O6,1.5771369,BR-xanthone A,TRUE,TRUE,TRUE,keeping sirius,67.74,na,"8,8-Dimethyl-3-(2,4,5-trimethoxyphenyl)-2,3-dihydropyrano[2,3-f]chromen-4-one",C23 H24 O6,L3.3
FT_18.816_397.16470,C23 H24 O6,NA,C23 H24 O6,C20 H28 O6 S,1.4802852,Eremopetasitenin A2,TRUE,FALSE,FALSE,keeping sirius,67.74,na,"8,8-Dimethyl-3-(2,4,5-trimethoxyphenyl)-2,3-dihydropyrano[2,3-f]chromen-4-one",C23 H24 O6,L3.3
FT_18.817_261.22130,C18 H28 O,NA,C18 H28 O,NA,NA,NA,TRUE,FALSE,FALSE,na,na,yes,no name,C18 H28 O,L4.1
FT_18.819_427.17494,C24 H26 O7,NA,C24 H26 O7,C24 H26 O7,1.583445,Aspergiside C,TRUE,TRUE,TRUE,delete,delete,delete,delete,delete,delete
FT_18.819_427.17494,C24 H26 O7,NA,C24 H26 O7,C24 H26 O7,1.5607989,"[1-methyl-1-[(9R)-9-(3-methylbut-2-enoyloxy)-2-oxo-8,9-dihydrofuro[2,3-h]chromen-8-yl]ethyl] (E)-2-methylbut-2-enoate",TRUE,TRUE,TRUE,delete,delete,delete,delete,delete,delete
FT_18.819_427.17494,C24 H26 O7,NA,C24 H26 O7,C24 H26 O7,1.5607989,"2-(9-{[(2Z)-2-methylbut-2-enoyl]oxy}-2-oxo-2H,8H,9H-furo[2,3-h]chromen-8-yl)propan-2-yl (2Z)-2-methylbut-2-enoate",TRUE,TRUE,TRUE,delete,delete,delete,delete,delete,delete
FT_18.820_395.16211,C21 H23 N4 O2 P,NA,C27 H22 O3,C21 H27 ClO5,1.4003825,Loteprednol,FALSE,FALSE,FALSE,na,na,yes,no name,C27 H22 O3,L4.3
FT_18.824_423.10759,C23 H18 O8,NA,C23 H18 O8,C23 H18 O8,1.5783656,Tetracenomycin A2,TRUE,TRUE,TRUE,"name match, cmmrt and sirius",52.92,na,Tetracenomycin A2,C23 H18 O8,L3.1
FT_18.824_423.10759,C23 H18 O8,NA,C23 H18 O8,C20 H22 O8 S,1.4739258,NA,TRUE,FALSE,FALSE,"name match, cmmrt and sirius",52.92,na,Tetracenomycin A2,C23 H18 O8,L3.1
FT_18.833_305.17470,C18 H24 O4,NA,C18 H24 O4,C18 H24 O4,1.5264949,"2-[(2E)-3,7-dimethylocta-2,6-dienyl]-5-hydroxy-6-methoxy-3-methylcyclohexa-2,5-diene-1,4-dione",TRUE,TRUE,TRUE,keeping sirius,68.45,na,"4-Methoxy-6-pentyl-2-prop-1-en-2-yl-2,3-dihydro-1-benzofuran-7-carboxylic acid",C18 H24 O4,L3.3
FT_18.833_305.17470,C18 H24 O4,NA,C18 H24 O4,C18 H24 O4,1.4152442,"3-[(2E)-3,7-dimethylocta-2,6-dienyl]-4-hydroxy-5-methoxybenzoic acid",TRUE,TRUE,TRUE,keeping sirius,68.45,na,"4-Methoxy-6-pentyl-2-prop-1-en-2-yl-2,3-dihydro-1-benzofuran-7-carboxylic acid",C18 H24 O4,L3.3
FT_18.834_379.19026,C17 H26 N6 O2 S,NA,NA,C21 H27 F O5,2.5216467,Isoflupredone,FALSE,FALSE,FALSE,delete,delete,delete,delete,delete,delete
FT_18.834_379.19026,C17 H26 N6 O2 S,NA,NA,C21 H27 F O5,1.988092,Descinolone,FALSE,FALSE,FALSE,delete,delete,delete,delete,delete,delete
FT_18.834_379.19026,C17 H26 N6 O2 S,NA,NA,C24 H26 O4,1.5572201,"4-(3,7-Dimethylocta-2,6-dienyl)-5-(6-hydroxy-1-benzofuran-2-yl)benzene-1,3-diol",FALSE,FALSE,FALSE,delete,delete,delete,delete,delete,delete
FT_18.840_441.19096,C18 H28 N6 O5 S,NA,C22 H32 O7 S,C25 H28 O7,1.5184779,"1,6-Dihydroxy-3,7-dimethoxy-2-(3-methyl-2-butenyl)-8-(3-hydroxy-3-methyl-1E-butenyl)-xanthone",FALSE,FALSE,FALSE,delete,delete,delete,delete,delete,delete
FT_18.840_441.19096,C18 H28 N6 O5 S,NA,C22 H32 O7 S,C25 H28 O7,1.4902761,Arugosin D,FALSE,FALSE,FALSE,delete,delete,delete,delete,delete,delete
FT_18.840_441.19096,C18 H28 N6 O5 S,NA,C22 H32 O7 S,C25 H28 O7,1.4868454,"1,6-Dihydroxy-3,7-dimethoxy-2-(3-methyl-2-butenyl)-8-(2-hydroxy-3-methyl-3-butenyl)-xanthone",FALSE,FALSE,FALSE,delete,delete,delete,delete,delete,delete
FT_18.848_179.14304,C12 H18 O,NA,C12 H18 O,C12 H18 O,1.5960481,"2,5-Diisopropylphenol",TRUE,TRUE,TRUE,keeping sirius,53.23,na,(E)-4-(4-Methylcyclohex-3-en-1-yl)pent-3-en-2-one,C12 H18 O,L3.3
FT_18.848_179.14304,C12 H18 O,NA,C12 H18 O,C12 H18 O,1.5917693,Propofol,TRUE,TRUE,TRUE,keeping sirius,53.23,na,(E)-4-(4-Methylcyclohex-3-en-1-yl)pent-3-en-2-one,C12 H18 O,L3.3
FT_18.848_179.14304,C12 H18 O,NA,C12 H18 O,C12 H18 O,1.5895084,4-Hexylphenol,TRUE,TRUE,TRUE,keeping sirius,53.23,na,(E)-4-(4-Methylcyclohex-3-en-1-yl)pent-3-en-2-one,C12 H18 O,L3.3
FT_18.848_369.24245,C24 H32 O3,NA,C24 H32 O3,NA,NA,NA,TRUE,FALSE,FALSE,na,na,yes,no name,C24 H32 O3,L4.1
FT_18.868_303.15911,C18 H22 O4,NA,C18 H22 O4,C18 H22 O4,1.5522228,Enterodiol,TRUE,TRUE,TRUE,"name match, cmmrt and sirius (no top sirius option)",35.62,na,Enterodiol,C18 H22 O4,L3.1
FT_18.868_303.15911,C18 H22 O4,NA,C18 H22 O4,C18 H22 O4,1.4531775,6-Ketoestriol,TRUE,TRUE,TRUE,"name match, cmmrt and sirius (no top sirius option)",35.62,na,Enterodiol,C18 H22 O4,L3.1
FT_18.868_303.15911,C18 H22 O4,NA,C18 H22 O4,C18 H22 O4,1.4220881,Arnebinone,TRUE,TRUE,TRUE,"name match, cmmrt and sirius (no top sirius option)",35.62,na,Enterodiol,C18 H22 O4,L3.1
FT_18.868_359.18538,C21 H26 O5,NA,C21 H26 O5,C21 H26 O5,1.9691103,Prednisone,TRUE,TRUE,TRUE,delete,delete,delete,delete,delete,delete
FT_18.868_359.18538,C21 H26 O5,NA,C21 H26 O5,C21 H26 O5,1.5943635,Monascoflavin,TRUE,TRUE,TRUE,delete,delete,delete,delete,delete,delete
FT_18.868_359.18538,C21 H26 O5,NA,C21 H26 O5,C21 H26 O5,1.5891268,Malabaricone C,TRUE,TRUE,TRUE,delete,delete,delete,delete,delete,delete
FT_18.869_175.07533,C11 H10 O2,NA,C11 H10 O2,C11 H10 O2,1.622139,"8-Methylnaphthalene-1,2-diol",TRUE,TRUE,TRUE,keeping sirius,91.72,na,"3,6-Dimethylchromone",C11 H10 O2,L3.3
FT_18.869_175.07533,C11 H10 O2,NA,C11 H10 O2,C11 H10 O2,1.5311056,4-Methoxy-1-naphthol,TRUE,TRUE,TRUE,keeping sirius,91.72,na,"3,6-Dimethylchromone",C11 H10 O2,L3.3
FT_18.869_175.07533,C11 H10 O2,NA,C11 H10 O2,C11 H10 O2,1.5083002,"1,8-Dihydroxy-3-methylnaphthalene",TRUE,TRUE,TRUE,keeping sirius,91.72,na,"3,6-Dimethylchromone",C11 H10 O2,L3.3
FT_18.877_504.33255,C17 H47 N9 O4 P2,NA,NA,NA,NA,NA,FALSE,FALSE,TRUE,delete,delete,delete,delete,delete,delete
FT_18.882_431.24292,C25 H34 O6,NA,C25 H34 O6,C25 H34 O6,2.2203639,Antibiotic CP 412065,TRUE,TRUE,TRUE,keeping sirius,44.32,na,"14,16,20-Trihydroxy-2,5-dimethyl-8-propan-2-yl-18,22-dioxahexacyclo[17.2.1.02,10.05,9.013,21.016,20]docosa-8,13-dien-15-one",C25 H34 O6,L3.3
FT_18.882_431.24292,C25 H34 O6,NA,C25 H34 O6,C25 H34 O6,2.1932447,Antibiotic CJ 15544,TRUE,TRUE,TRUE,keeping sirius,44.32,na,"14,16,20-Trihydroxy-2,5-dimethyl-8-propan-2-yl-18,22-dioxahexacyclo[17.2.1.02,10.05,9.013,21.016,20]docosa-8,13-dien-15-one",C25 H34 O6,L3.3
FT_18.882_431.24292,C25 H34 O6,NA,C25 H34 O6,C25 H34 O6,1.5267998,"21-Hydroxypregn-4-ene-3,20-dione 21-(hydrogen succinate)",TRUE,TRUE,TRUE,keeping sirius,44.32,na,"14,16,20-Trihydroxy-2,5-dimethyl-8-propan-2-yl-18,22-dioxahexacyclo[17.2.1.02,10.05,9.013,21.016,20]docosa-8,13-dien-15-one",C25 H34 O6,L3.3
FT_18.883_375.21457,C18 H26 N6 O3,NA,C20 H32 O5,C22 H30 O5,1.8717644,Methylprednisolone,FALSE,FALSE,TRUE,delete,delete,delete,delete,delete,delete
FT_18.883_375.21457,C18 H26 N6 O3,NA,C20 H32 O5,C22 H30 O5,1.693259,"1-[(5,5,8a-Trimethyl-2-methylidene-6-oxo-1,3,4,4a,7,8-hexahydronaphthalen-1-yl)methyl]-5-hydroxy-4-(hydroxymethyl)-7-oxabicyclo[4.1.0]hept-3-en-2-one",FALSE,FALSE,TRUE,delete,delete,delete,delete,delete,delete
FT_18.883_375.21457,C18 H26 N6 O3,NA,C20 H32 O5,C22 H30 O5,1.5825746,Jasmolin II,FALSE,FALSE,TRUE,delete,delete,delete,delete,delete,delete
FT_18.910_497.21722,C28 H32 O8,NA,C28 H32 O8,C28 H32 O8,1.4229766,7alpha-1(10->19)-Abeo-7-acetoxyobacun-9(11)-ene,TRUE,TRUE,TRUE,delete,delete,delete,delete,delete,delete
FT_18.931_301.14327,C18 H20 O4,NA,C18 H20 O4,C18 H20 O4,1.537828,Toxyl angelate,TRUE,TRUE,TRUE,keeping sirius,62.95,na,"2-[(2R)-5-acetyl-2,3-dihydro-1-benzofuran-2-yl]prop-2-enyl (Z)-2-methylbut-2-enoate",C18 H20 O4,L3.3
FT_18.931_301.14327,C18 H20 O4,NA,C18 H20 O4,C18 H20 O4,1.5318818,Verimol C,TRUE,TRUE,TRUE,keeping sirius,62.95,na,"2-[(2R)-5-acetyl-2,3-dihydro-1-benzofuran-2-yl]prop-2-enyl (Z)-2-methylbut-2-enoate",C18 H20 O4,L3.3
FT_18.931_301.14327,C18 H20 O4,NA,C18 H20 O4,C18 H20 O4,1.5107311,Decarboxyunguinolic acid,TRUE,TRUE,TRUE,keeping sirius,62.95,na,"2-[(2R)-5-acetyl-2,3-dihydro-1-benzofuran-2-yl]prop-2-enyl (Z)-2-methylbut-2-enoate",C18 H20 O4,L3.3
FT_18.947_326.23241,C18 H31 N O4,NA,C16 H31 N5 S,C19 H27 N5,3.7795198,Dapiprazole,FALSE,FALSE,FALSE,delete,delete,delete,delete,delete,delete
FT_18.947_326.23241,C18 H31 N O4,NA,C16 H31 N5 S,C18 H31 N O4,3.6313746,Bisoprolol,FALSE,TRUE,FALSE,delete,delete,delete,delete,delete,delete
FT_18.947_326.23241,C18 H31 N O4,NA,C16 H31 N5 S,C18 H31 N O4,1.5417329,N-[[3-Hydroxy-2-(2-pentenyl)cyclopentyl]acetyl]isoleucine,FALSE,TRUE,FALSE,delete,delete,delete,delete,delete,delete
FT_18.947_429.18893,C16 H32 N2 O9 S,NA,C24 H28 O7,C24 H28 O7,1.5988142,3-Isomangostin Hydrate,FALSE,FALSE,TRUE,delete,delete,delete,delete,delete,delete
FT_18.947_429.18893,C16 H32 N2 O9 S,NA,C24 H28 O7,C24 H28 O7,1.580639,1-Isomangostin Hydrate,FALSE,FALSE,TRUE,delete,delete,delete,delete,delete,delete
FT_18.947_429.18893,C16 H32 N2 O9 S,NA,C24 H28 O7,C24 H28 O7,1.5751016,Garcinone D,FALSE,FALSE,TRUE,delete,delete,delete,delete,delete,delete
FT_18.978_465.19085,C27 H28 O7,NA,C27 H28 O7,C24 H32 O7 S,1.603319,"[3,4a,5-trimethyl-6-[(E)-3-methylsulfinylprop-2-enoyl]oxy-2-oxo-4,5,6,7,8,8a,9,9a-octahydrobenzo[f][1]benzofuran-4-yl] (E)-2-methylbut-2-enoate",TRUE,FALSE,FALSE,delete,delete,delete,delete,delete,delete
FT_18.978_465.19085,C27 H28 O7,NA,C27 H28 O7,C27 H28 O7,1.5930604,Aspulvinone F,TRUE,TRUE,TRUE,delete,delete,delete,delete,delete,delete
FT_18.978_465.19085,C27 H28 O7,NA,C27 H28 O7,C27 H28 O7,1.5778008,Prenylcandidusin G,TRUE,TRUE,TRUE,delete,delete,delete,delete,delete,delete
FT_18.984_283.22674,C17 H30 O3,NA,C17 H30 O3,C17 H30 O3,1.6031036,6-Oxabicyclo[3.1.0]hexane-2-undecanoic acid methyl ester,TRUE,TRUE,TRUE,delete,delete,delete,delete,delete,delete
FT_18.990_485.21724,C14 H33 N10 O5 P S,NA,C27 H32 O8,C27 H32 O8,1.4942474,"(10,15-Dihydroxy-6,14,18,18,22-pentamethyl-8,19-dioxo-7,13-dioxapentacyclo[12.8.0.03,12.04,9.017,22]docosa-3(12),4(9),10,20-tetraen-5-yl) acetate",FALSE,FALSE,TRUE,delete,delete,delete,delete,delete,delete
FT_18.990_485.21724,C14 H33 N10 O5 P S,NA,C27 H32 O8,C28 H28 N4 O4,1.4815508,5-N-acetyl-15bbeta-hydroxyardeemin,FALSE,FALSE,FALSE,delete,delete,delete,delete,delete,delete
FT_18.990_485.21724,C14 H33 N10 O5 P S,NA,C27 H32 O8,C28 H28 N4 O4,1.4815505,5-N-acetyl-15bbeta-hydroxyardeemin,FALSE,FALSE,FALSE,delete,delete,delete,delete,delete,delete
FT_18.999_278.17503,C16 H23 N O3,NA,C16 H23 N O3,C16 H23 N O3,2.0254943,Nornorcapsaicin,TRUE,TRUE,TRUE,keeping sirius,62.16,na,"N-cycloheptyl-3,4-dimethoxybenzamide",C16 H23 N O3,L3.3
FT_18.999_278.17503,C16 H23 N O3,NA,C16 H23 N O3,C13 H25 O6-,2.0128481,NA,TRUE,FALSE,FALSE,keeping sirius,62.16,na,"N-cycloheptyl-3,4-dimethoxybenzamide",C16 H23 N O3,L3.3
FT_18.999_278.17503,C16 H23 N O3,NA,C16 H23 N O3,C16 H23 N O3,1.5380319,Asperpyridone A,TRUE,TRUE,TRUE,keeping sirius,62.16,na,"N-cycloheptyl-3,4-dimethoxybenzamide",C16 H23 N O3,L3.3
FT_19.027_357.16964,C21 H24 O5,NA,NA,C21 H24 O5,1.6818352,Kadsurenone,FALSE,TRUE,FALSE,delete,delete,delete,delete,delete,delete
FT_19.027_357.16964,C21 H24 O5,NA,NA,C21 H24 O5,1.6818352,Denudatin B,FALSE,TRUE,FALSE,delete,delete,delete,delete,delete,delete
FT_19.027_357.16964,C21 H24 O5,NA,NA,C21 H24 O5,1.6059109,Mammea B/AC cyclo D,FALSE,TRUE,FALSE,delete,delete,delete,delete,delete,delete
FT_19.038_323.12544,C13 H23 O7 P,NA,C20 H18 O4,C12 H22 N2 O6 S,3.6707652,D-Pantothenoyl-L-cysteine,FALSE,FALSE,FALSE,delete,delete,delete,delete,delete,delete
FT_19.038_323.12544,C13 H23 O7 P,NA,C20 H18 O4,C20 H18 O4,1.6088704,Abyssinone I,FALSE,FALSE,TRUE,delete,delete,delete,delete,delete,delete
FT_19.038_323.12544,C13 H23 O7 P,NA,C20 H18 O4,C15 H18 N2 O6,1.6069583,Binapacryl,FALSE,FALSE,FALSE,delete,delete,delete,delete,delete,delete
FT_19.044_303.15911,C18 H22 O4,NA,C18 H22 O4,C18 H22 O4,1.5655794,Enterodiol,TRUE,TRUE,TRUE,"name match, cmmrt and sirius",61.9,na,Arnebinone,C18 H22 O4,L3.1
FT_19.044_303.15911,C18 H22 O4,NA,C18 H22 O4,C18 H22 O4,1.4668223,6-Ketoestriol,TRUE,TRUE,TRUE,"name match, cmmrt and sirius",61.9,na,Arnebinone,C18 H22 O4,L3.1
FT_19.044_303.15911,C18 H22 O4,NA,C18 H22 O4,C18 H22 O4,1.4352107,Arnebinone,TRUE,TRUE,TRUE,"name match, cmmrt and sirius",61.9,na,Arnebinone,C18 H22 O4,L3.1
FT_19.076_469.22203,C21 H33 N4 O6 P,NA,C27 H32 O7,C27 H32 O7,1.5432855,12a-dehydroxyisoterreulactone A,FALSE,FALSE,TRUE,delete,delete,delete,delete,delete,delete
FT_19.076_469.22203,C21 H33 N4 O6 P,NA,C27 H32 O7,C27 H32 O7,1.5365442,Emerixanthone C,FALSE,FALSE,TRUE,delete,delete,delete,delete,delete,delete
FT_19.076_469.22203,C21 H33 N4 O6 P,NA,C27 H32 O7,C28 H28 N4 O3,1.5039561,5-N-Acetylardeemin,FALSE,FALSE,FALSE,delete,delete,delete,delete,delete,delete
FT_19.100_223.20560,C15 H26 O,NA,C15 H26 O,C15 H26 O,1.6121622,Korayol,TRUE,TRUE,TRUE,delete,delete,delete,delete,delete,delete
FT_19.100_223.20560,C15 H26 O,NA,C15 H26 O,C15 H26 O,1.6112001,Rosifoliol,TRUE,TRUE,TRUE,delete,delete,delete,delete,delete,delete
FT_19.100_223.20560,C15 H26 O,NA,C15 H26 O,C15 H26 O,1.6105438,"12,13,14,15,16-Pentanorlabda-9(11)-ene-8-ol",TRUE,TRUE,TRUE,delete,delete,delete,delete,delete,delete
FT_19.100_345.20596,C21 H28 O4,NA,C21 H28 O4,C21 H28 O4,1.6129702,Neotussilagolactone,TRUE,TRUE,TRUE,keeping sirius,66.55,na,"(E)-3-[3-[(2E)-3,7-dimethylocta-2,6-dienyl]-4,5-dimethoxyphenyl]prop-2-enoic acid",C21 H28 O4,L3.3
FT_19.100_345.20596,C21 H28 O4,NA,C21 H28 O4,C21 H28 O4,1.60498,3beta-Hydroxy-17-oxoandrost-5-en-19-al acetate,TRUE,TRUE,TRUE,keeping sirius,66.55,na,"(E)-3-[3-[(2E)-3,7-dimethylocta-2,6-dienyl]-4,5-dimethoxyphenyl]prop-2-enoic acid",C21 H28 O4,L3.3
FT_19.100_345.20596,C21 H28 O4,NA,C21 H28 O4,C21 H28 O4,1.5944229,11-Nor-9-carboxy-thc,TRUE,TRUE,TRUE,keeping sirius,66.55,na,"(E)-3-[3-[(2E)-3,7-dimethylocta-2,6-dienyl]-4,5-dimethoxyphenyl]prop-2-enoic acid",C21 H28 O4,L3.3
FT_19.102_347.18508,C13 H26 N6 O3 S,NA,C20 H26 O5,C20 H26 O5,1.7839336,19-Noraldosterone,FALSE,FALSE,TRUE,delete,delete,delete,delete,delete,delete
FT_19.102_347.18508,C13 H26 N6 O3 S,NA,C20 H26 O5,C20 H26 O5,1.7700644,Annuolide G,FALSE,FALSE,TRUE,delete,delete,delete,delete,delete,delete
FT_19.102_347.18508,C13 H26 N6 O3 S,NA,C20 H26 O5,C20 H26 O5,1.6361681,"4-Hydroxy-11-methyl-6-methylidene-12-oxo-13-oxapentacyclo[9.3.3.15,8.01,10.02,8]octadecane-9-carboxylic acid",FALSE,FALSE,TRUE,delete,delete,delete,delete,delete,delete
FT_19.105_509.21725,C29 H32 O8,NA,C29 H32 O8,NA,NA,NA,TRUE,FALSE,FALSE,delete,delete,delete,delete,delete,delete
FT_19.116_261.11214,C9 H17 N4 O3 P,NA,NA,C15 H16 O4,2.2478924,Dendrosinene B,FALSE,FALSE,FALSE,delete,delete,delete,delete,delete,delete
FT_19.116_261.11214,C9 H17 N4 O3 P,NA,NA,C15 H16 O4,2.2075903,"2,3-Bis(4-hydroxyphenyl)-1,2-propanediol",FALSE,FALSE,FALSE,delete,delete,delete,delete,delete,delete
FT_19.116_261.11214,C9 H17 N4 O3 P,NA,NA,C15 H16 O4,2.1058643,"7H-Furo(3,2-h)(2)benzopyran-3(2H)-one, 6,9-dihydro-7-hydroxy-7-methyl-2-(1-methylethylidene)-, (7R)-",FALSE,FALSE,FALSE,delete,delete,delete,delete,delete,delete
FT_19.117_235.20560,C16 H26 O,NA,C16 H26 O,C16 H26 O,1.4300089,"2,6-Di-tert-butyl-4-ethylphenol",TRUE,TRUE,TRUE,delete,delete,delete,delete,delete,delete
FT_19.135_405.22706,C23 H32 O6,NA,C23 H32 O6,C23 H32 O6,1.5400318,1alpha-O-Methylquassin,TRUE,TRUE,TRUE,delete,delete,delete,delete,delete,delete
FT_19.135_405.22706,C23 H32 O6,NA,C23 H32 O6,C23 H32 O6,1.5059325,16-Methyl-epi-nigakihemiacetal B,TRUE,TRUE,TRUE,delete,delete,delete,delete,delete,delete
FT_19.135_405.22706,C23 H32 O6,NA,C23 H32 O6,C23 H32 O6,1.4051772,Ustusolate C,TRUE,TRUE,TRUE,delete,delete,delete,delete,delete,delete
FT_19.145_433.22208,C24 H32 O7,NA,C24 H32 O7,C24 H32 O7,1.6163014,Grandisin,TRUE,TRUE,TRUE,"keeping sirius, not first match",67.58,na,"[(2R,2aS,7R,7aS,7bR)-2,2a,7-trihydroxy-6,6,7b-trimethyl-1,2,4a,5,7,7a-hexahydrocyclobuta[e]inden-3-yl]methyl 2-hydroxy-4-methoxy-6-methylbenzoate",C24 H32 O7,L3.3
FT_19.145_433.22208,C24 H32 O7,NA,C24 H32 O7,C24 H32 O7,1.5890472,"2,4-Dimethyl-3,5-bis(2,4,5-trimethoxyphenyl)oxolane",TRUE,TRUE,TRUE,"keeping sirius, not first match",67.58,na,"[(2R,2aS,7R,7aS,7bR)-2,2a,7-trihydroxy-6,6,7b-trimethyl-1,2,4a,5,7,7a-hexahydrocyclobuta[e]inden-3-yl]methyl 2-hydroxy-4-methoxy-6-methylbenzoate",C24 H32 O7,L3.3
FT_19.145_433.22208,C24 H32 O7,NA,C24 H32 O7,C24 H32 O7,1.5779287,Schisandrin,TRUE,TRUE,TRUE,"keeping sirius, not first match",67.58,na,"[(2R,2aS,7R,7aS,7bR)-2,2a,7-trihydroxy-6,6,7b-trimethyl-1,2,4a,5,7,7a-hexahydrocyclobuta[e]inden-3-yl]methyl 2-hydroxy-4-methoxy-6-methylbenzoate",C24 H32 O7,L3.3
FT_19.153_449.19597,C27 H28 O6,NA,C27 H28 O6,C27 H28 O6,1.6168442,Lonchocarpenin,TRUE,TRUE,TRUE,delete,delete,delete,delete,delete,delete
FT_19.153_449.19597,C27 H28 O6,NA,C27 H28 O6,C27 H28 O6,1.6165379,aspulvinone D,TRUE,TRUE,TRUE,delete,delete,delete,delete,delete,delete
FT_19.153_449.19597,C27 H28 O6,NA,C27 H28 O6,C27 H28 O6,1.6159801,Aspulvinone O,TRUE,TRUE,TRUE,delete,delete,delete,delete,delete,delete
FT_19.158_439.17540,C19 H35 O5 P S2,NA,C25 H26 O7,C25 H26 O7,1.6882074,Kanzonol T,FALSE,FALSE,TRUE,delete,delete,delete,delete,delete,delete
FT_19.158_439.17540,C19 H35 O5 P S2,NA,C25 H26 O7,C25 H26 O7,1.6074077,Morusinol,FALSE,FALSE,TRUE,delete,delete,delete,delete,delete,delete
FT_19.158_439.17540,C19 H35 O5 P S2,NA,C25 H26 O7,C25 H26 O7,1.605896,"2-(3,5-Dihydroxy-9,13,13-trimethyl-8-oxatetracyclo[7.4.1.02,7.012,14]tetradeca-2(7),3,5-trien-4-yl)-5,7-dihydroxy-2,3-dihydrochromen-4-one",FALSE,FALSE,TRUE,delete,delete,delete,delete,delete,delete
FT_19.161_485.29002,C29 H40 O6,NA,C29 H40 O6,C29 H40 O6,1.5040076,Stigmatellin Y,TRUE,TRUE,TRUE,"Name not  match, cmmrt name from bacteria",less 50,na,Stigmatellin Y,C29H40O6,L3.3
FT_19.175_415.24804,C25 H34 O5,NA,C25 H34 O5,NA,NA,NA,TRUE,FALSE,FALSE,delete,delete,delete,delete,delete,delete
FT_19.177_425.15962,C18 H33 O5 P S2,NA,C24 H24 O7,C19 H24 N2 O9,3.2851834,"6-[[3-(2-acetamidoethyl)-5-methoxy-1H-indol-6-yl]oxy]-3,4,5-trihydroxyoxane-2-carboxylic acid",FALSE,FALSE,FALSE,na,na,na,fumicycline A,C24 H24 O7,L3.3
FT_19.177_425.15962,C18 H33 O5 P S2,NA,C24 H24 O7,C24 H24 O7,1.9300041,fumicycline A,FALSE,FALSE,TRUE,na,na,na,fumicycline A,C24 H24 O7,L3.3
FT_19.177_425.15962,C18 H33 O5 P S2,NA,C24 H24 O7,C24 H24 O7,1.5890003,7-Carboxyfolipastatin,FALSE,FALSE,TRUE,na,na,na,fumicycline A,C24 H24 O7,L3.3
FT_19.188_429.15442,C23 H24 O8,NA,C23 H24 O8,C18 H24 N2 O10,3.3877578,Lacosamide-glucuronide,TRUE,FALSE,FALSE,delete,delete,delete,delete,delete,delete
FT_19.188_429.15442,C23 H24 O8,NA,C23 H24 O8,C23 H24 O8,1.8037941,beta-Peltatin A methyl ether,TRUE,TRUE,TRUE,delete,delete,delete,delete,delete,delete
FT_19.188_429.15442,C23 H24 O8,NA,C23 H24 O8,C22 H19 F3 N4 O2,1.4335797,"5-methyl-N-[6-(2-methylpyridin-3-yl)oxypyridin-3-yl]-6-(trifluoromethyl)-2,3-dihydroindole-1-carboxamide",TRUE,FALSE,FALSE,delete,delete,delete,delete,delete,delete
FT_19.190_432.27456,C25 H37 N O5,NA,NA,C25 H37 N O5,2.391837,alpha-Hydroxysalmeterol,FALSE,TRUE,FALSE,na,na,na,alpha-Hydroxysalmeterol,C25 H37 N O5,L3.3
FT_19.206_297.09692,C15 H20 O2 S2,NA,C14 H16 O7,C15 H12 N4 O3,3.605486,4-Carboxy nevirapine,FALSE,FALSE,FALSE,na,na,na,"6-(4-Ethenylphenoxy)-3,4,5-trihydroxyoxane-2-carboxylic acid",C14 H16 O7,L3.3
FT_19.206_297.09692,C15 H20 O2 S2,NA,C14 H16 O7,C14 H16 O7,2.97728,"6-(4-Ethenylphenoxy)-3,4,5-trihydroxyoxane-2-carboxylic acid",FALSE,FALSE,TRUE,na,na,na,"6-(4-Ethenylphenoxy)-3,4,5-trihydroxyoxane-2-carboxylic acid",C14 H16 O7,L3.3
FT_19.206_297.09692,C15 H20 O2 S2,NA,C14 H16 O7,C14 H16 O7,2.9434357,"6-(3-Ethenylphenoxy)-3,4,5-trihydroxyoxane-2-carboxylic acid",FALSE,FALSE,TRUE,na,na,na,"6-(4-Ethenylphenoxy)-3,4,5-trihydroxyoxane-2-carboxylic acid",C14 H16 O7,L3.3
FT_19.215_565.24340,C32 H36 O9,NA,C32 H36 O9,NA,NA,NA,TRUE,FALSE,FALSE,na,na,yes,no name,C32 H36 O9,L4.1
FT_19.218_369.24251,C18 H33 N4 O2 P,NA,C24 H32 O3,NA,NA,NA,FALSE,FALSE,FALSE,delete,delete,delete,delete,delete,delete
FT_19.223_385.23715,C18 H33 N4 O3 P,NA,C24 H32 O4,C24 H32 O4,1.6075467,Bufogenin,FALSE,FALSE,TRUE,delete,delete,delete,delete,delete,delete
FT_19.223_385.23715,C18 H33 N4 O3 P,NA,C24 H32 O4,C24 H32 O4,1.5914648,"Estra-1,3,5(10)-triene-3,16alpha-diol, dipropionate",FALSE,FALSE,TRUE,delete,delete,delete,delete,delete,delete
FT_19.223_385.23715,C18 H33 N4 O3 P,NA,C24 H32 O4,C24 H32 O4,1.5825757,Megestrol acetate,FALSE,FALSE,TRUE,delete,delete,delete,delete,delete,delete
FT_19.230_453.15471,C20 H21 N8 O3 P,NA,C25 H24 O8,C21 H28 N2 O5 S2,2.2716482,Etrenol,FALSE,FALSE,FALSE,na,67.38,na,"(16,17-Dimethoxy-12-oxo-6-prop-1-en-2-yl-2,7,20-trioxapentacyclo[11.8.0.03,11.04,8.014,19]henicosa-3,8,10,14,16,18-hexaen-10-yl) acetate",C25 H24 O8,L3.3
FT_19.230_453.15471,C20 H21 N8 O3 P,NA,C25 H24 O8,C25 H24 O8,1.5369445,Landomycin H,FALSE,FALSE,TRUE,na,67.38,na,"(16,17-Dimethoxy-12-oxo-6-prop-1-en-2-yl-2,7,20-trioxapentacyclo[11.8.0.03,11.04,8.014,19]henicosa-3,8,10,14,16,18-hexaen-10-yl) acetate",C25 H24 O8,L3.3
FT_19.230_453.15471,C20 H21 N8 O3 P,NA,C25 H24 O8,C25 H24 O8,1.5106795,Urdamycinone B,FALSE,FALSE,TRUE,na,67.38,na,"(16,17-Dimethoxy-12-oxo-6-prop-1-en-2-yl-2,7,20-trioxapentacyclo[11.8.0.03,11.04,8.014,19]henicosa-3,8,10,14,16,18-hexaen-10-yl) acetate",C25 H24 O8,L3.3
FT_19.265_197.04448,C4 H5 N8 P,NA,NA,C9 H8 O5,3.4794056,"3-(2,4-Dihydroxyphenyl)-2-oxopropanoic acid",FALSE,FALSE,FALSE,na,na,na,"3-(2,4-Dihydroxyphenyl)-2-oxopropanoic acid",C9 H8 O5,L3.3
FT_19.265_197.04448,C4 H5 N8 P,NA,NA,C9 H8 O5,3.4746373,"3-(3,5-Dihydroxyphenyl)-2-oxopropanoic acid",FALSE,FALSE,FALSE,na,na,na,"3-(2,4-Dihydroxyphenyl)-2-oxopropanoic acid",C9 H8 O5,L3.3
FT_19.265_197.04448,C4 H5 N8 P,NA,NA,C9 H8 O5,3.4082017,"3,4-Dihydroxyphenylpyruvic acid",FALSE,FALSE,FALSE,na,na,na,"3-(2,4-Dihydroxyphenyl)-2-oxopropanoic acid",C9 H8 O5,L3.3
FT_19.350_369.16957,C16 H25 N4 O4 P,NA,C19 H28 O5 S,C22 H24 O5,1.6298331,"9-Hydroxy-4-(3,7-dimethyl-2,6-octadienyloxy)-psoralen",FALSE,FALSE,FALSE,na,na,na,"9-Hydroxy-4-(3,7-dimethyl-2,6-octadienyloxy)-psoralen",C22 H24 O5,L3.3
FT_19.350_369.16957,C16 H25 N4 O4 P,NA,C19 H28 O5 S,C19 H28 O5 S,1.626763,Dehydroepiandrosterone sulfate,FALSE,FALSE,TRUE,na,na,na,"9-Hydroxy-4-(3,7-dimethyl-2,6-octadienyloxy)-psoralen",C22 H24 O5,L3.3
FT_19.350_369.16957,C16 H25 N4 O4 P,NA,C19 H28 O5 S,C22 H24 O5,1.6264366,"4,4-Bis(p-hydroxyphenyl)-3-hexanone diacetate",FALSE,FALSE,FALSE,na,na,na,"9-Hydroxy-4-(3,7-dimethyl-2,6-octadienyloxy)-psoralen",C22 H24 O5,L3.3
FT_19.353_425.15962,C24 H24 O7,NA,C24 H24 O7,C19 H24 N2 O9,3.2998142,"6-[[3-(2-acetamidoethyl)-5-methoxy-1H-indol-6-yl]oxy]-3,4,5-trihydroxyoxane-2-carboxylic acid",TRUE,FALSE,FALSE,keeping sirius,67.7,na,Erythynone,C24 H24 O7,L3.3
FT_19.353_425.15962,C24 H24 O7,NA,C24 H24 O7,C24 H24 O7,1.9426459,fumicycline A,TRUE,TRUE,TRUE,keeping sirius,67.7,na,Erythynone,C24 H24 O7,L3.3
FT_19.353_425.15962,C24 H24 O7,NA,C24 H24 O7,C24 H24 O7,1.6010284,7-Carboxyfolipastatin,TRUE,TRUE,TRUE,keeping sirius,67.7,na,Erythynone,C24 H24 O7,L3.3
FT_19.377_483.27427,C17 H40 N8 O4 P2,NA,C29 H38 O6,NA,NA,NA,FALSE,FALSE,FALSE,delete,delete,delete,delete,delete,delete
FT_19.388_481.22207,C21 H32 N6 O5 S,NA,C28 H32 O7,C29 H28 N4 O3,2.1897955,"1-[(4-amino-3-methylphenyl)methyl]-5-(2,2-diphenylacetyl)-6,7-dihydro-4H-imidazo[4,5-c]pyridine-6-carboxylic acid",FALSE,FALSE,FALSE,delete,delete,delete,delete,delete,delete
FT_19.388_481.22207,C21 H32 N6 O5 S,NA,C28 H32 O7,C28 H32 O7,1.6217879,Arugosin K,FALSE,FALSE,TRUE,delete,delete,delete,delete,delete,delete
FT_19.389_467.20663,C27 H30 O7,NA,C27 H30 O7,C28 H26 N4 O3,1.6262424,5-N-acetyl-15b-didehydroardeemin,TRUE,FALSE,FALSE,delete,delete,delete,delete,delete,delete
FT_19.389_467.20663,C27 H30 O7,NA,C27 H30 O7,C28 H26 N4 O3,1.5251504,Indolocarbazole nitrogen derivative,TRUE,FALSE,FALSE,delete,delete,delete,delete,delete,delete
FT_19.389_467.20663,C27 H30 O7,NA,C27 H30 O7,C27 H30 O7,1.4399679,Terreulactone B,TRUE,TRUE,TRUE,delete,delete,delete,delete,delete,delete
FT_19.416_315.19553,C14 H27 N4 O2 P,NA,C16 H22 N6 O,C20 H26 O3,1.6344739,"10-Hydroxyestra-1,4-dien-3-one acetate",FALSE,FALSE,FALSE,delete,delete,delete,delete,delete,delete
FT_19.416_315.19553,C14 H27 N4 O2 P,NA,C16 H22 N6 O,C20 H26 O3,1.6344284,Yucalexin B5,FALSE,FALSE,FALSE,delete,delete,delete,delete,delete,delete
FT_19.416_315.19553,C14 H27 N4 O2 P,NA,C16 H22 N6 O,C20 H26 O3,1.6343033,"Methyl cis-p-coumarate 3-(3,7-dimethyl-2,6-octadienyl)",FALSE,FALSE,FALSE,delete,delete,delete,delete,delete,delete
FT_19.416_534.30670,C17 H45 N9 O6 P2,NA,NA,NA,NA,NA,FALSE,FALSE,TRUE,no name,na,na,no name,C17 H45 N9 O6 P2,L4.3
FT_19.426_207.21079,C15 H26,NA,NA,C15 H26,1.5929118,"1,1,2-Trimethyl-3,5-bis(1-methylethenyl)cyclohexane",FALSE,TRUE,FALSE,delete,delete,delete,delete,delete,delete
FT_19.428_285.24243,C17 H32 O3,NA,C17 H32 O3,C17 H32 O3,1.6236409,Muricatacin,TRUE,TRUE,TRUE,"name match, cmmrt and sirius (no top sirius option)",43.59,na,2-Methoxy-6Z-hexadecenoic acid,C17 H32 O3,L3.1
FT_19.428_285.24243,C17 H32 O3,NA,C17 H32 O3,C17 H32 O3,1.5110835,2-Methoxy-6Z-hexadecenoic acid,TRUE,TRUE,TRUE,"name match, cmmrt and sirius (no top sirius option)",43.59,na,2-Methoxy-6Z-hexadecenoic acid,C17 H32 O3,L3.1
FT_19.428_285.24243,C17 H32 O3,NA,C17 H32 O3,C17 H32 O3,1.4979115,2-Methoxy-5Z-hexadecenoic acid,TRUE,TRUE,TRUE,"name match, cmmrt and sirius (no top sirius option)",43.59,na,2-Methoxy-6Z-hexadecenoic acid,C17 H32 O3,L3.1
FT_19.442_486.24889,C19 H41 N3 O7 P2,NA,NA,NA,NA,NA,FALSE,FALSE,TRUE,delete,delete,delete,delete,delete,delete
FT_19.446_315.25299,C18 H34 O4,NA,C18 H34 O4,C18 H34 O4,1.593343,Octadecanedioic acid,TRUE,TRUE,TRUE,"Similar structures, keeping sirius",50,na,9-hydroperoxy-10E-octadecenoate,C18 H34 O4,L3.3
FT_19.446_315.25299,C18 H34 O4,NA,C18 H34 O4,C18 H34 O4,1.5664134,"(Z)-(7S,8S)-Dihydroxyoctadeca-9-enoate",TRUE,TRUE,TRUE,"Similar structures, keeping sirius",50,na,9-hydroperoxy-10E-octadecenoate,C18 H34 O4,L3.3
FT_19.446_315.25299,C18 H34 O4,NA,C18 H34 O4,C18 H34 O4,1.4942515,Dibutyl sebacate,TRUE,TRUE,TRUE,"Similar structures, keeping sirius",50,na,9-hydroperoxy-10E-octadecenoate,C18 H34 O4,L3.3
FT_19.476_465.22755,C28 H32 O6,NA,C28 H32 O6,C23 H32 N2 O8,2.3427174,Na-Hexanoyl-Nb-inosityltryptophan,TRUE,FALSE,FALSE,delete,delete,delete,delete,delete,delete
FT_19.476_465.22755,C28 H32 O6,NA,C28 H32 O6,C28 H32 O6,1.5013617,Dulciol A,TRUE,TRUE,TRUE,delete,delete,delete,delete,delete,delete
FT_19.476_465.22755,C28 H32 O6,NA,C28 H32 O6,C28 H32 O6,1.444391,Garcinone E,TRUE,TRUE,TRUE,delete,delete,delete,delete,delete,delete
FT_19.494_465.15514,C19 H24 N6 O6 S,NA,C26 H24 O8,NA,NA,NA,FALSE,FALSE,FALSE,delete,delete,delete,delete,delete,delete
FT_19.504_332.22200,C20 H29 N O3,NA,C20 H29 N O3,C20 H29 N O3,2.2055655,Megastachine,TRUE,TRUE,TRUE,delete,delete,delete,delete,delete,delete
FT_19.504_332.22200,C20 H29 N O3,NA,C20 H29 N O3,C20 H29 N O3,1.6398321,"2-[Octahydro-4,7-dimethyl-1-oxocyclopenta[c]pyran-3-yl]nepetalactam",TRUE,TRUE,TRUE,delete,delete,delete,delete,delete,delete
FT_19.524_399.14393,C14 H28 N2 O7 P2,NA,C22 H22 O7,C15 H22 N6 O5 S,3.8637457,S-adenosylmethionine,FALSE,FALSE,FALSE,delete,delete,delete,delete,delete,delete
FT_19.524_399.14393,C14 H28 N2 O7 P2,NA,C22 H22 O7,C22 H22 O7,1.7526209,5'-Methoxycurcumin,FALSE,FALSE,TRUE,delete,delete,delete,delete,delete,delete
FT_19.524_399.14393,C14 H28 N2 O7 P2,NA,C22 H22 O7,C22 H22 O7,1.7137864,Deoxypodophyllotoxin,FALSE,FALSE,TRUE,delete,delete,delete,delete,delete,delete
FT_19.528_413.15957,C23 H24 O7,NA,C23 H24 O7,C23 H24 O7,1.446776,Garcimangosone C,TRUE,TRUE,TRUE,delete,delete,delete,delete,delete,delete
FT_19.569_415.21170,C17 H30 N6 O4 S,NA,C24 H30 O6,C24 H30 O6,1.643328,Asperbiphenyl,FALSE,FALSE,TRUE,delete,delete,delete,delete,delete,delete
FT_19.569_415.21170,C17 H30 N6 O4 S,NA,C24 H30 O6,C24 H30 O6,1.6376121,"(3-Formyl-2a-methoxy-6,6,7b-trimethyl-1,2,4a,5,7,7a-hexahydrocyclobuta[e]inden-2-yl) 2,4-dihydroxy-6-methylbenzoate",FALSE,FALSE,TRUE,delete,delete,delete,delete,delete,delete
FT_19.569_415.21170,C17 H30 N6 O4 S,NA,C24 H30 O6,C24 H30 O6,1.6328907,Armillaripin,FALSE,FALSE,TRUE,delete,delete,delete,delete,delete,delete
FT_19.588_219.21072,C16 H26,NA,C16 H26,C16 H26,1.6403561,"(3E,7Z)-4,8,12-Trimethyltrideca-1,3,7,11-tetraene",TRUE,TRUE,TRUE,keeping sirius,61.11,na,"(1Z,5Z)-1,5,10-trimethyl-8-propan-2-ylidenecyclodeca-1,5-diene",C16 H26,L3.3
FT_19.588_219.21072,C16 H26,NA,C16 H26,C16 H26,1.6397516,"1,2-Dimethyl-4-(6-methyl-4-heptenyl)-1,3-cyclohexadiene",TRUE,TRUE,TRUE,keeping sirius,61.11,na,"(1Z,5Z)-1,5,10-trimethyl-8-propan-2-ylidenecyclodeca-1,5-diene",C16 H26,L3.3
FT_19.589_237.22128,C16 H28 O,NA,C16 H28 O,C16 H28 O,1.6302822,"3-(5,5,6-Trimethylbicyclo[2.2.1]hept-2-yl)cyclohexanol",TRUE,TRUE,TRUE,keeping sirius,64.81,na,Cyclohexadec-8-en-1-one,C16 H28 O,L3.3
FT_19.589_237.22128,C16 H28 O,NA,C16 H28 O,C16 H28 O,1.5428855,Ambrox,TRUE,TRUE,TRUE,keeping sirius,64.81,na,Cyclohexadec-8-en-1-one,C16 H28 O,L3.3
FT_19.589_273.24230,C16 H32 O3,NA,C16 H32 O3,C16 H32 O3,1.6454868,3-Hydroxyhexadecanoic acid,TRUE,TRUE,TRUE,"Similar structures, keeping sirius",70.25,na,16-Hydroxyhexadecanoic acid,C16 H32 O3,L3.3
FT_19.589_273.24230,C16 H32 O3,NA,C16 H32 O3,C16 H32 O3,1.6454868,(R)-beta-hydroxypalmitic acid,TRUE,TRUE,TRUE,"Similar structures, keeping sirius",70.25,na,16-Hydroxyhexadecanoic acid,C16 H32 O3,L3.3
FT_19.589_273.24230,C16 H32 O3,NA,C16 H32 O3,C16 H32 O3,1.60686,8-Hydroxyhexadecanoic acid,TRUE,TRUE,TRUE,"Similar structures, keeping sirius",70.25,na,16-Hydroxyhexadecanoic acid,C16 H32 O3,L3.3
FT_19.591_369.24246,C24 H32 O3,NA,C24 H32 O3,NA,NA,NA,TRUE,FALSE,FALSE,na,na,yes,no name,C24 H32 O3,L4.1
FT_19.593_351.23192,C16 H34 N2 O4 S,NA,C24 H30 O2,C21 H31 F O3,1.599625,5alpha-Androstane-2beta-fluoro-17beta-ol-3-one acetate,FALSE,FALSE,FALSE,na,60.27,na,"3,5-Dihydroxy-4-geranylbibenzyl",C24H30O2,L3.3
FT_19.593_351.23192,C16 H34 N2 O4 S,NA,C24 H30 O2,C21 H31 F O3,1.599625,"(2alpha,5alpha,17beta)-17-(Acetyloxy)-2-fluoro-androstan-3-one",FALSE,FALSE,FALSE,na,60.27,na,"3,5-Dihydroxy-4-geranylbibenzyl",C24H30O2,L3.3
FT_19.593_351.23192,C16 H34 N2 O4 S,NA,C24 H30 O2,C21 H31 F O3,1.4704043,"6beta-Fluoro-5alpha-hydroxypregnane-3,20-dione",FALSE,FALSE,FALSE,na,60.27,na,"3,5-Dihydroxy-4-geranylbibenzyl",C24H30O2,L3.3
FT_19.595_413.19593,C16 H34 N2 O6 P2,NA,C24 H28 O6,C25 H24 N4 O2,1.9713384,Bisindolylmaleimide i,FALSE,FALSE,FALSE,delete,delete,delete,delete,delete,delete
FT_19.595_413.19593,C16 H34 N2 O6 P2,NA,C24 H28 O6,C24 H28 O6,1.6151229,"(9E,11S,12S)-6,11-dihydroxy-7-(hydroxymethyl)-16-methyl-12-pentyl-2,13-dioxatricyclo[13.3.1.03,8]nonadeca-1(19),3(8),4,6,9,15,17-heptaen-14-one",FALSE,FALSE,TRUE,delete,delete,delete,delete,delete,delete
FT_19.595_413.19593,C16 H34 N2 O6 P2,NA,C24 H28 O6,C21 H32 O6 S,1.5491465,17-Hydroxypregnenolone sulfate,FALSE,FALSE,FALSE,delete,delete,delete,delete,delete,delete
FT_19.613_461.23019,C19 H29 N10 O2 P,NA,NA,NA,NA,NA,FALSE,FALSE,TRUE,delete,delete,delete,delete,delete,delete
FT_19.618_481.18598,C28 H24 N4 O4,NA,C27 H28 O8,NA,NA,NA,FALSE,FALSE,FALSE,delete,delete,delete,delete,delete,delete
FT_19.620_513.21161,C32 H34 O2 P2,NA,NA,C28 H32 O9,1.6660599,Territrem D,FALSE,FALSE,FALSE,delete,delete,delete,delete,delete,delete
FT_19.620_513.21161,C32 H34 O2 P2,NA,NA,C28 H32 O9,1.5133489,"5,18-Dihydroxy-1,14,21,25-tetramethyl-4,20,23-trioxaheptacyclo[20.3.1.12,5.03,18.03,21.06,15.09,14]heptacosa-8,10-diene-13,19,24,27-tetrone",FALSE,FALSE,FALSE,delete,delete,delete,delete,delete,delete
FT_19.620_513.21161,C32 H34 O2 P2,NA,NA,C28 H32 O9,1.4492091,Citrifuran D,FALSE,FALSE,FALSE,delete,delete,delete,delete,delete,delete
FT_19.637_339.14403,C17 H22 O7,NA,C17 H22 O7,C17 H22 O7,2.7701652,15-Acetyl-4-deoxynivalenol,TRUE,TRUE,TRUE,delete,delete,delete,delete,delete,delete
FT_19.637_339.14403,C17 H22 O7,NA,C17 H22 O7,C17 H22 O7,2.737312,Acetyldeoxynivalenol,TRUE,TRUE,TRUE,delete,delete,delete,delete,delete,delete
FT_19.637_339.14403,C17 H22 O7,NA,C17 H22 O7,C20 H20 N O4+,2.6196537,Jatrorrhizine,TRUE,FALSE,FALSE,delete,delete,delete,delete,delete,delete
FT_19.637_449.19610,C27 H28 O6,NA,C27 H28 O6,C27 H28 O6,1.6491129,Lonchocarpenin,TRUE,TRUE,TRUE,delete,delete,delete,delete,delete,delete
FT_19.637_449.19610,C27 H28 O6,NA,C27 H28 O6,C27 H28 O6,1.6488391,aspulvinone D,TRUE,TRUE,TRUE,delete,delete,delete,delete,delete,delete
FT_19.637_449.19610,C27 H28 O6,NA,C27 H28 O6,C27 H28 O6,1.6481695,Aspulvinone O,TRUE,TRUE,TRUE,delete,delete,delete,delete,delete,delete
FT_19.651_499.19624,C21 H39 O7 P S2,NA,C27 H30 O9,C27 H30 O9,1.6498747,Dehydroaustin,FALSE,FALSE,TRUE,na,na,na,Dehydroaustin,C27 H30 O9,L3.3
FT_19.651_499.19624,C21 H39 O7 P S2,NA,C27 H30 O9,C27 H30 O9,1.6498747,"[(2S)-2,2',2',9,13-pentamethyl-6,16-dimethylidene-6',11,15-trioxospiro[10,14,17-trioxapentacyclo[7.6.1.17,12.01,12.02,7]heptadecane-5,3'-pyran]-8-yl] acetate",FALSE,FALSE,TRUE,na,na,na,Dehydroaustin,C27 H30 O9,L3.3
FT_19.661_435.18011,C19 H26 N6 O4 S,NA,C26 H26 O6,C26 H26 O6,1.5869749,cycloartocarpin A,FALSE,FALSE,TRUE,,delete,delete,delete,delete,delete
FT_19.661_435.18011,C19 H26 N6 O4 S,NA,C26 H26 O6,C26 H26 O6,1.5840954,Prenylcandidusin C,FALSE,FALSE,TRUE,,delete,delete,delete,delete,delete
FT_19.680_486.24867,C16 H41 N9 P2 S2,NA,NA,NA,NA,NA,FALSE,FALSE,TRUE,delete,delete,delete,delete,delete,delete
FT_19.688_263.16179,C12 H18 N6 O,NA,C16 H22 O3,C16 H22 O3,1.8159579,"2,4-Bis(3-methylbut-2-en-1-yl)benzene-1,3,5-triol",FALSE,FALSE,TRUE,,delete,delete,delete,delete,delete
FT_19.688_263.16179,C12 H18 N6 O,NA,C16 H22 O3,C16 H22 O3,1.796023,3''-Hydroxy-geranylhydroquinone,FALSE,FALSE,TRUE,,delete,delete,delete,delete,delete
FT_19.688_263.16179,C12 H18 N6 O,NA,C16 H22 O3,C16 H22 O3,1.7232349,Ochracene E,FALSE,FALSE,TRUE,,delete,delete,delete,delete,delete
FT_19.710_507.27216,C25 H39 N4 O5 P,NA,C31 H38 O6,NA,NA,NA,FALSE,FALSE,FALSE,delete,delete,delete,delete,delete,delete
FT_19.717_483.20181,C27 H30 O8,NA,C27 H30 O8,C27 H30 O8,1.6776859,Territrem E,TRUE,TRUE,TRUE,"name match, cmmrt and sirius (no top sirius option)",55.26,na,Aspergixanthone I,C27 H30 O8,L3.1
FT_19.717_483.20181,C27 H30 O8,NA,C27 H30 O8,C27 H30 O8,1.6274861,Emerixanthone D,TRUE,TRUE,TRUE,"name match, cmmrt and sirius (no top sirius option)",55.26,na,Aspergixanthone I,C27 H30 O8,L3.1
FT_19.717_483.20181,C27 H30 O8,NA,C27 H30 O8,C27 H30 O8,1.6274861,Aspergixanthone I,TRUE,TRUE,TRUE,"name match, cmmrt and sirius (no top sirius option)",55.26,na,Aspergixanthone I,C27 H30 O8,L3.1
FT_19.736_415.24799,C19 H35 N4 O4 P,NA,C23 H36 O5,NA,NA,NA,FALSE,FALSE,FALSE,delete,delete,delete,delete,delete,delete
FT_19.736_441.18890,C21 H24 N6 O5,NA,C21 H32 N2 O4 S2,C24 H26 ClF N4 O,2.1983938,Sertindole,FALSE,FALSE,FALSE,,delete,delete,delete,delete,delete
FT_19.736_441.18890,C21 H24 N6 O5,NA,C21 H32 N2 O4 S2,C25 H28 O7,1.5808972,"1,6-Dihydroxy-3,7-dimethoxy-2-(3-methyl-2-butenyl)-8-(3-hydroxy-3-methyl-1E-butenyl)-xanthone",FALSE,FALSE,FALSE,,delete,delete,delete,delete,delete
FT_19.736_441.18890,C21 H24 N6 O5,NA,C21 H32 N2 O4 S2,C25 H28 O7,1.5534952,Arugosin D,FALSE,FALSE,FALSE,,delete,delete,delete,delete,delete
FT_19.755_367.19035,C24 H22 N4,NA,NA,C21 H25 F3 O2,1.625639,"20,21,21-Trifluoro-3-methoxy-19-nor-17alpha-pregna-1,3,5(10),20-tetraen-17-ol",FALSE,FALSE,FALSE,delete,delete,delete,delete,delete,delete
FT_19.755_367.19035,C24 H22 N4,NA,NA,C23 H26 O4,1.5252475,"2,2-Dimethyl-3-(4-methoxyphenyl)-4-propyl-2H-1-benzopyran-7-ol acetate",FALSE,FALSE,FALSE,delete,delete,delete,delete,delete,delete
FT_19.755_367.19035,C24 H22 N4,NA,NA,C23 H26 O4,1.4551017,3-[3-Hydroxy-4-(3-methylbut-2-enyl)phenyl]-5-[(4-hydroxyphenyl)methyl]-4-methyl-tetrahydrofuran-2-one,FALSE,FALSE,FALSE,delete,delete,delete,delete,delete,delete
FT_19.758_459.17808,C24 H30 N2 O3 S2,NA,C28 H26 O6,C23 H26 N2 O8,2.575004,Aspergilline B,FALSE,FALSE,FALSE,na,na,na,Aspergilline B,C23 H26 N2 O8,L3.3
FT_19.758_459.17808,C24 H30 N2 O3 S2,NA,C28 H26 O6,C22 H31 ClO8,1.5655973,Valechlorin,FALSE,FALSE,FALSE,na,na,na,Aspergilline B,C23 H26 N2 O8,L3.3
FT_19.782_415.21164,C25 H26 N4 O2,NA,C24 H30 O6,C24 H30 O6,1.6573617,Asperbiphenyl,FALSE,FALSE,TRUE,na,74.28,na,Myrtucommulone B,C24H30O6,L3.3
FT_19.782_415.21164,C25 H26 N4 O2,NA,C24 H30 O6,C24 H30 O6,1.6517093,"(3-Formyl-2a-methoxy-6,6,7b-trimethyl-1,2,4a,5,7,7a-hexahydrocyclobuta[e]inden-2-yl) 2,4-dihydroxy-6-methylbenzoate",FALSE,FALSE,TRUE,na,74.28,na,Myrtucommulone B,C24H30O6,L3.3
FT_19.782_415.21164,C25 H26 N4 O2,NA,C24 H30 O6,C24 H30 O6,1.6470263,Armillaripin,FALSE,FALSE,TRUE,na,74.28,na,Myrtucommulone B,C24H30O6,L3.3
FT_19.786_397.20106,C24 H28 O5,NA,C21 H32 O5 S,C13 H28 N6 O8,3.8775353,(+)-Zwittermicin A,FALSE,FALSE,FALSE,delete,delete,delete,delete,delete,delete
FT_19.786_397.20106,C24 H28 O5,NA,C21 H32 O5 S,C21 H29 F O6,2.6697562,"9-Fluoro-11beta,16alpha,17,21-tetrahydroxypregn-4-ene-3,20-dione",FALSE,FALSE,FALSE,delete,delete,delete,delete,delete,delete
FT_19.786_397.20106,C24 H28 O5,NA,C21 H32 O5 S,C21 H32 O5 S,1.6585416,Pregnenolone sulfate,FALSE,FALSE,TRUE,delete,delete,delete,delete,delete,delete
FT_19.790_297.09692,C14 H16 O7,NA,C14 H16 O7,C15 H12 N4 O3,3.6554172,4-Carboxy nevirapine,TRUE,FALSE,FALSE,"name match, cmmrt and sirius (no top sirius option)",52.6,na,"6-(4-Ethenylphenoxy)-3,4,5-trihydroxyoxane-2-carboxylic acid",C14 H16 O7,L3.1
FT_19.790_297.09692,C14 H16 O7,NA,C14 H16 O7,C14 H16 O7,3.0233881,"6-(4-Ethenylphenoxy)-3,4,5-trihydroxyoxane-2-carboxylic acid",TRUE,TRUE,TRUE,"name match, cmmrt and sirius (no top sirius option)",52.6,na,"6-(4-Ethenylphenoxy)-3,4,5-trihydroxyoxane-2-carboxylic acid",C14 H16 O7,L3.1
FT_19.790_297.09692,C14 H16 O7,NA,C14 H16 O7,C14 H16 O7,2.9893422,"6-(3-Ethenylphenoxy)-3,4,5-trihydroxyoxane-2-carboxylic acid",TRUE,TRUE,TRUE,"name match, cmmrt and sirius (no top sirius option)",52.6,na,"6-(4-Ethenylphenoxy)-3,4,5-trihydroxyoxane-2-carboxylic acid",C14 H16 O7,L3.1
FT_19.798_455.20453,C22 H34 N2 O4 S2,NA,C26 H30 O7,C26 H30 O7,1.5953141,Obacunone,FALSE,FALSE,TRUE,na,na,na,Obacunone,C26 H30 O7,L3.3
FT_19.798_455.20453,C22 H34 N2 O4 S2,NA,C26 H30 O7,C26 H30 O7,1.5953137,Tricoccin S3,FALSE,FALSE,TRUE,na,na,na,Obacunone,C26 H30 O7,L3.3
FT_19.798_455.20453,C22 H34 N2 O4 S2,NA,C26 H30 O7,C26 H30 O7,1.5754468,"1-Hydroxy-3,6,7-trimethoxy-2-(3-methyl-2-butenyl)-8-(3-hydroxy-3-methyl-1E-butenyl)-xanthone",FALSE,FALSE,TRUE,na,na,na,Obacunone,C26 H30 O7,L3.3
FT_19.816_333.20429,C15 H29 Cl N4 O2,NA,NA,C20 H28 O4,2.068415,"7,18-Dihydroxykaurenolide",FALSE,FALSE,FALSE,na,na,na,"7,18-Dihydroxykaurenolide",C20 H28 O4,L3.3
FT_19.816_333.20429,C15 H29 Cl N4 O2,NA,NA,C20 H28 O4,2.0411782,"7beta,12alpha-Dihydroxykaurenolide",FALSE,FALSE,FALSE,na,na,na,"7,18-Dihydroxykaurenolide",C20 H28 O4,L3.3
FT_19.816_333.20429,C15 H29 Cl N4 O2,NA,NA,C20 H28 O4,2.041178,"ent-7alpha,12beta-Dihydroxy-16-kauren-19,6beta-olide",FALSE,FALSE,FALSE,na,na,na,"7,18-Dihydroxykaurenolide",C20 H28 O4,L3.3
FT_19.834_437.22958,C21 H33 N4 O4 P,NA,C25 H34 O5,C27 H32 O5,1.5693535,Prenylterphenyllin G,FALSE,FALSE,TRUE,delete,delete,delete,delete,delete,delete
FT_19.834_437.22958,C21 H33 N4 O4 P,NA,C25 H34 O5,C24 H33 F O6,1.4979916,Flurandrenolide,FALSE,FALSE,FALSE,delete,delete,delete,delete,delete,delete
FT_19.834_437.22958,C21 H33 N4 O4 P,NA,C25 H34 O5,C24 H33 F O6,1.4742595,"9-Fluoro-11beta,21-dihydroxy-16alpha,17-(isopropylidenedioxy)pregn-4-ene-3,20-dione",FALSE,FALSE,FALSE,delete,delete,delete,delete,delete,delete
FT_19.846_411.14400,C23 H22 O7,NA,C23 H22 O7,C23 H22 O7,2.0945947,"[9-(hydroxymethyl)-6-methyl-3-methylidene-2,7-dioxo-4,5,9a,9b-tetrahydro-3aH-azuleno[4,5-b]furan-4-yl] 2-(4-hydroxyphenyl)acetate",TRUE,TRUE,TRUE,keeping sirius,79.44,na,Sumatrol,C23 H22 O7,L3.3
FT_19.846_411.14400,C23 H22 O7,NA,C23 H22 O7,C23 H22 O7,2.0945947,Lactupicrin,TRUE,TRUE,TRUE,keeping sirius,79.44,na,Sumatrol,C23 H22 O7,L3.3
FT_19.846_411.14400,C23 H22 O7,NA,C23 H22 O7,C23 H22 O7,1.6707082,"(5a,6a,8a,11a)-8-Hydroxy-2-oxo-1(10),3-guaiadien-12,6-olide-15-al 8-(4-hydroxyphenylacetate)",TRUE,TRUE,TRUE,keeping sirius,79.44,na,Sumatrol,C23 H22 O7,L3.3
FT_19.858_465.26373,C22 H36 N6 O3 S,NA,C29 H36 O5,NA,NA,NA,FALSE,FALSE,FALSE,delete,delete,delete,delete,delete,delete
FT_19.963_371.22166,C23 H30 O4,NA,NA,C23 H30 O4,1.5103316,Spiromesifen,FALSE,TRUE,FALSE,delete,delete,delete,delete,delete,delete
FT_2.056_232.16554,C10 H21 N3 O3,NA,C10 H21 N3 O3,C10 H21 N3 O3,0.11679662,6-Amino-2-(4-aminobutanamido)hexanoic acid,TRUE,TRUE,TRUE,"name match, cmmrt and sirius (no top sirius option)",35.59,na,6-Amino-2-(4-aminobutanamido)hexanoic acid,C10 H21 N3 O3,L3.1
FT_2.078_174.03865,C5 H5 N5 O,NA,C4 H9 N O5,C5 H5 N5 O,0.3032083,8-Hydroxyadenine,FALSE,TRUE,FALSE,na,na,na,8-Hydroxyadenine,C5 H5 N5 O,L3.3
FT_2.078_174.03865,C5 H5 N5 O,NA,C4 H9 N O5,C5 H5 N5 O,0.11544091,NA,FALSE,TRUE,FALSE,na,na,na,8-Hydroxyadenine,C5 H5 N5 O,L3.3
FT_2.078_174.03865,C5 H5 N5 O,NA,C4 H9 N O5,C5 H5 N5 O,0.07600633,Isoguanine,FALSE,TRUE,FALSE,na,na,na,8-Hydroxyadenine,C5 H5 N5 O,L3.3
FT_2.305_673.21659,C24 H43 N4 O12 P3,NA,C34 H32 N4 O11,NA,NA,NA,FALSE,FALSE,FALSE,na,na,yes,no name,C26H40O20,L4.3
FT_2.484_455.18861,C16 H31 N4 O9 P,NA,C22 H30 O10,NA,NA,NA,FALSE,FALSE,FALSE,na,na,yes,no name,C22 H30 O10,L4.3
FT_2.486_250.07981,C9 H13 N3 O4,NA,NA,C9 H13 N3 O4,0.5093982,2'-Deoxycytidine,FALSE,TRUE,FALSE,na,na,na,2'-Deoxycytidine,C9 H13 N3 O4,L3.3
FT_2.496_250.07980,C8 H18 N3 P3,NA,C6 H11 N5 O6,NA,NA,NA,FALSE,FALSE,FALSE,na,na,yes,no name,C6 H11 N5 O6,L4.3
FT_2.524_430.15560,C15 H27 N O13,NA,C15 H27 N O13,NA,NA,NA,TRUE,FALSE,FALSE,na,na,na,O-(2-O-Mannopyranosyl-mannopyranosyl)serine,C15 H27 N O13,L3.3
FT_2.670_210.06080,C6 H11 N O7,NA,C7 H7 N5 O3,NA,NA,NA,FALSE,FALSE,FALSE,na,na,na,"(2-Amino-6-oxo-3,6-dihydro-9H-purin-9-yl)acetic acid",C7 H7 N5 O3,L3.3
FT_2.671_215.01620,C4 H2 N6 O5,NA,NA,NA,NA,NA,FALSE,FALSE,TRUE,no name,na,na,no name,C4 H2 N6 O5,L4.3
FT_20.027_457.16261,C25 H16 N10,NA,NA,NA,NA,NA,FALSE,FALSE,TRUE,no name,na,na,no name,C25 H16 N10,L4.3
FT_20.040_467.20668,C27 H30 O7,NA,C27 H30 O7,C28 H26 N4 O3,1.6692291,5-N-acetyl-15b-didehydroardeemin,TRUE,FALSE,FALSE,keeping sirius,66.17,na,"(7R,8R)-8-(3,4-dimethoxyphenyl)-5,7-dihydroxy-2,2-dimethyl-10-(3-methylbut-2-enyl)-7,8-dihydropyrano[3,2-g]chromen-6-one",C27 H30 O7,L3.3
FT_20.040_467.20668,C27 H30 O7,NA,C27 H30 O7,C28 H26 N4 O3,1.5733509,Indolocarbazole nitrogen derivative,TRUE,FALSE,FALSE,keeping sirius,66.17,na,"(7R,8R)-8-(3,4-dimethoxyphenyl)-5,7-dihydroxy-2,2-dimethyl-10-(3-methylbut-2-enyl)-7,8-dihydropyrano[3,2-g]chromen-6-one",C27 H30 O7,L3.3
FT_20.040_467.20668,C27 H30 O7,NA,C27 H30 O7,C27 H30 O7,1.4888744,Terreulactone B,TRUE,TRUE,TRUE,keeping sirius,66.17,na,"(7R,8R)-8-(3,4-dimethoxyphenyl)-5,7-dihydroxy-2,2-dimethyl-10-(3-methylbut-2-enyl)-7,8-dihydropyrano[3,2-g]chromen-6-one",C27 H30 O7,L3.3
FT_20.041_489.18900,C26 H35 O3 P3,NA,C18 H29 N6 O8 P,C29 H28 O7,1.4764636,Arenatin B,FALSE,FALSE,FALSE,na,na,na,Arenatin B,C29 H28 O7,L3.3
FT_20.041_489.18900,C26 H35 O3 P3,NA,C18 H29 N6 O8 P,C29 H28 O7,1.4711083,"7-hydroxy-8-[(E)-4-hydroxy-3-methylbut-2-enoxy]-2-(4-hydroxyphenyl)-3-methoxy-10-prop-1-en-2-yl-9,10-dihydrophenanthrene-1,4-dione",FALSE,FALSE,FALSE,na,na,na,Arenatin B,C29 H28 O7,L3.3
FT_20.052_449.19598,C20 H28 N6 O4 S,NA,C27 H28 O6,C27 H28 O6,1.6761559,Lonchocarpenin,FALSE,FALSE,TRUE,delete,delete,delete,delete,delete,delete
FT_20.052_449.19598,C20 H28 N6 O4 S,NA,C27 H28 O6,C27 H28 O6,1.675907,aspulvinone D,FALSE,FALSE,TRUE,delete,delete,delete,delete,delete,delete
FT_20.052_449.19598,C20 H28 N6 O4 S,NA,C27 H28 O6,C27 H28 O6,1.6751468,Aspulvinone O,FALSE,FALSE,TRUE,delete,delete,delete,delete,delete,delete
FT_20.060_497.25225,C25 H32 N6 O5,NA,C29 H36 O7,C30 H32 N4 O3,1.675993,5-N-acetyl-8-isopropylardeemin,FALSE,FALSE,FALSE,delete,delete,delete,delete,delete,delete
FT_20.064_205.04949,C11 H8 O4,NA,C11 H8 O4,C11 H8 O4,2.150645,Spirodilactone,TRUE,TRUE,TRUE,keeping sirius,67.73,na,8-Acetyl-7-hydroxycoumarin,C11 H8 O4,L3.3
FT_20.064_205.04949,C11 H8 O4,NA,C11 H8 O4,C11 H8 O4,2.1055236,"1,4-Dihydroxy-6-naphthoic acid",TRUE,TRUE,TRUE,keeping sirius,67.73,na,8-Acetyl-7-hydroxycoumarin,C11 H8 O4,L3.3
FT_20.064_205.04949,C11 H8 O4,NA,C11 H8 O4,C11 H8 O4,1.96788,"1,2-Dihydroxy-8-carboxynaphthalene",TRUE,TRUE,TRUE,keeping sirius,67.73,na,8-Acetyl-7-hydroxycoumarin,C11 H8 O4,L3.3
FT_20.067_237.07568,C12 H12 O5,NA,C12 H12 O5,C12 H12 O5,3.1135132,Austidiol,TRUE,TRUE,TRUE,"Similar structures, keeping sirius (not top sirius match)",70.83,na,"methyl (E)-3-(7-methoxy-1,3-benzodioxol-5-yl)prop-2-enoate",C12 H12 O5,L3.3
FT_20.067_237.07568,C12 H12 O5,NA,C12 H12 O5,C12 H12 O5,2.6848755,"(S)-2,3-Dihydro-7-hydroxy-2-methyl-4-oxo-4H-1-benzopyran-5-acetic acid",TRUE,TRUE,TRUE,"Similar structures, keeping sirius (not top sirius match)",70.83,na,"methyl (E)-3-(7-methoxy-1,3-benzodioxol-5-yl)prop-2-enoate",C12 H12 O5,L3.3
FT_20.067_237.07568,C12 H12 O5,NA,C12 H12 O5,C12 H12 O5,2.6105537,Aspergillusol B,TRUE,TRUE,TRUE,"Similar structures, keeping sirius (not top sirius match)",70.83,na,"methyl (E)-3-(7-methoxy-1,3-benzodioxol-5-yl)prop-2-enoate",C12 H12 O5,L3.3
FT_20.069_223.06006,C11 H10 O5,NA,C11 H10 O5,C11 H10 O5,2.9627209,Sphagnum acid,TRUE,TRUE,TRUE,"name match, cmmrt and sirius (no top sirius option)",40.39,na,2-Succinylbenzoate,C11 H10 O5,L3.1
FT_20.069_223.06006,C11 H10 O5,NA,C11 H10 O5,C11 H10 O5,2.6215866,2-Succinylbenzoate,TRUE,TRUE,TRUE,"name match, cmmrt and sirius (no top sirius option)",40.39,na,2-Succinylbenzoate,C11 H10 O5,L3.1
FT_20.069_223.06006,C11 H10 O5,NA,C11 H10 O5,C11 H10 O5,2.492162,2-Hydroxy-7-hydroxymethylchromene-2-carboxylate,TRUE,TRUE,TRUE,"name match, cmmrt and sirius (no top sirius option)",40.39,na,2-Succinylbenzoate,C11 H10 O5,L3.1
FT_20.069_413.15960,C23 H24 O7,NA,C23 H24 O7,C23 H24 O7,1.4872408,Garcimangosone C,TRUE,TRUE,TRUE,keeping sirius,56.02,na,Dalpanol,C23 H24 O7,L3.3
FT_20.081_367.22674,C24 H30 O3,NA,C17 H35 O6 P,C24 H30 O3,1.6780238,Drospirenone,FALSE,TRUE,FALSE,delete,delete,delete,delete,delete,delete
FT_20.081_367.22674,C24 H30 O3,NA,C17 H35 O6 P,C24 H30 O3,1.6241872,"7-{[(2E,6Z)-3,7,11-trimethyldodeca-2,6,10-trien-1-yl]oxy}-2H-chromen-2-one",FALSE,TRUE,FALSE,delete,delete,delete,delete,delete,delete
FT_20.081_367.22674,C24 H30 O3,NA,C17 H35 O6 P,C24 H30 O3,1.5559428,Diorcinol G,FALSE,TRUE,FALSE,delete,delete,delete,delete,delete,delete
FT_20.089_471.27409,C28 H38 O6,NA,C21 H43 O9 P,C28 H38 O6,1.8229029,Withaferin A,FALSE,TRUE,FALSE,delete,delete,delete,delete,delete,delete
FT_20.089_471.27409,C28 H38 O6,NA,C21 H43 O9 P,C28 H38 O6,1.7331548,Withanolide D,FALSE,TRUE,FALSE,delete,delete,delete,delete,delete,delete
FT_20.089_471.27409,C28 H38 O6,NA,C21 H43 O9 P,C28 H38 O6,1.7331544,Withanolide,FALSE,TRUE,FALSE,delete,delete,delete,delete,delete,delete
FT_20.098_369.24257,C24 H32 O3,NA,C20 H28 N6 O,NA,NA,NA,FALSE,FALSE,FALSE,delete,delete,delete,delete,delete,delete
FT_20.100_351.23198,C19 H31 Cl N4,NA,NA,C21 H31 F O3,1.6323037,5alpha-Androstane-2beta-fluoro-17beta-ol-3-one acetate,FALSE,FALSE,FALSE,delete,delete,delete,delete,delete,delete
FT_20.100_351.23198,C19 H31 Cl N4,NA,NA,C21 H31 F O3,1.6323037,"(2alpha,5alpha,17beta)-17-(Acetyloxy)-2-fluoro-androstan-3-one",FALSE,FALSE,FALSE,delete,delete,delete,delete,delete,delete
FT_20.100_351.23198,C19 H31 Cl N4,NA,NA,C21 H31 F O3,1.5066369,"6beta-Fluoro-5alpha-hydroxypregnane-3,20-dione",FALSE,FALSE,FALSE,delete,delete,delete,delete,delete,delete
FT_20.109_399.21669,C24 H30 O5,NA,C24 H30 O5,C22 H27 F N4 O2,2.4357758,Sunitinib,TRUE,FALSE,FALSE,keeping sirius,55.18,na,"2-methyl-3-[(2-oxochromen-7-yl)oxymethyl]-4-(2,2,6-trimethylcyclohexyl)but-2-enoic acid",C24 H30 O5,L3.3
FT_20.109_399.21669,C24 H30 O5,NA,C24 H30 O5,C24 H30 O5,1.6668551,"7-[(2E,6Z)-5,8-dihydroxy-3,7,11-trimethyldodeca-2,6,10-trienoxy]chromen-2-one",TRUE,TRUE,TRUE,keeping sirius,55.18,na,"2-methyl-3-[(2-oxochromen-7-yl)oxymethyl]-4-(2,2,6-trimethylcyclohexyl)but-2-enoic acid",C24 H30 O5,L3.3
FT_20.109_399.21669,C24 H30 O5,NA,C24 H30 O5,C24 H30 O5,1.629039,Armillaribin,TRUE,TRUE,TRUE,keeping sirius,55.18,na,"2-methyl-3-[(2-oxochromen-7-yl)oxymethyl]-4-(2,2,6-trimethylcyclohexyl)but-2-enoic acid",C24 H30 O5,L3.3
FT_20.119_406.25891,C24 H39 N S2,NA,NA,NA,NA,NA,FALSE,FALSE,TRUE,delete,delete,delete,delete,delete,delete
FT_20.121_313.17986,C14 H25 N4 O2 P,NA,C20 H24 O3,C20 H24 O3,1.6784139,"Methyl (9Z)-10'-oxo-6,10'-diapo-6-carotenoate",FALSE,FALSE,TRUE,delete,delete,delete,delete,delete,delete
FT_20.121_313.17986,C14 H25 N4 O2 P,NA,C20 H24 O3,C20 H24 O3,1.6768016,Centrolobine,FALSE,FALSE,TRUE,delete,delete,delete,delete,delete,delete
FT_20.121_313.17986,C14 H25 N4 O2 P,NA,C20 H24 O3,C20 H24 O3,1.675313,Aspergiloid G,FALSE,FALSE,TRUE,delete,delete,delete,delete,delete,delete
FT_20.125_397.16479,C23 H24 O6,NA,C23 H24 O6,C23 H24 O6,1.9572227,"(2Z,7E)-1,9-bis(4-hydroxy-3-methoxyphenyl)nona-2,7-diene-4,6-dione",TRUE,TRUE,TRUE,keeping sirius,72.05,na,Rotenonic acid,C23 H24 O6,L3.3
FT_20.125_397.16479,C23 H24 O6,NA,C23 H24 O6,C23 H24 O6,1.6651547,BR-xanthone A,TRUE,TRUE,TRUE,keeping sirius,72.05,na,Rotenonic acid,C23 H24 O6,L3.3
FT_20.125_397.16479,C23 H24 O6,NA,C23 H24 O6,C20 H28 O6 S,1.5721538,Eremopetasitenin A2,TRUE,FALSE,FALSE,keeping sirius,72.05,na,Rotenonic acid,C23 H24 O6,L3.3
FT_20.138_333.24242,C21 H32 O3,NA,C21 H32 O3,C21 H32 O3,1.6487831,17beta-Carbomethoxyandrost-5-en-3beta-ol,TRUE,TRUE,TRUE,delete,delete,delete,delete,delete,delete
FT_20.138_333.24242,C21 H32 O3,NA,C21 H32 O3,C21 H32 O3,1.645357,[10]-Shogaol,TRUE,TRUE,TRUE,delete,delete,delete,delete,delete,delete
FT_20.138_333.24242,C21 H32 O3,NA,C21 H32 O3,C21 H32 O3,1.6177931,Alfaxalone,TRUE,TRUE,TRUE,delete,delete,delete,delete,delete,delete
FT_20.147_413.23244,C25 H32 O5,NA,C25 H32 O5,C25 H32 O5,1.682211,Austalide K,TRUE,TRUE,TRUE,delete,delete,delete,delete,delete,delete
FT_20.147_413.23244,C25 H32 O5,NA,C25 H32 O5,C25 H32 O5,1.6343709,andilesin C,TRUE,TRUE,TRUE,delete,delete,delete,delete,delete,delete
FT_20.147_413.23244,C25 H32 O5,NA,C25 H32 O5,C25 H32 O5,1.6316327,Andiconin B,TRUE,TRUE,TRUE,delete,delete,delete,delete,delete,delete
FT_20.150_417.22719,C24 H32 O6,NA,C24 H32 O6,C24 H32 O6,2.0075896,Hellebrigenin,TRUE,TRUE,TRUE,delete,delete,delete,delete,delete,delete
FT_20.150_417.22719,C24 H32 O6,NA,C24 H32 O6,C24 H32 O6,1.8190502,Armillyl everninate,TRUE,TRUE,TRUE,delete,delete,delete,delete,delete,delete
FT_20.150_417.22719,C24 H32 O6,NA,C24 H32 O6,C24 H32 O6,1.6643597,Terreustoxin H,TRUE,TRUE,TRUE,delete,delete,delete,delete,delete,delete
FT_20.153_499.19643,C19 H36 N2 O9 P2,NA,C27 H30 O9,C27 H30 O9,1.6825148,"[(2S)-2,2',2',9,13-pentamethyl-6,16-dimethylidene-6',11,15-trioxospiro[10,14,17-trioxapentacyclo[7.6.1.17,12.01,12.02,7]heptadecane-5,3'-pyran]-8-yl] acetate",FALSE,FALSE,TRUE,na,na,na,"Daphnetoxin,12-hydroxy",C27H30O9,L3.3
FT_20.153_499.19643,C19 H36 N2 O9 P2,NA,C27 H30 O9,C27 H30 O9,1.6825148,Dehydroaustin,FALSE,FALSE,TRUE,na,na,na,"Daphnetoxin,12-hydroxy",C27H30O9,L3.3
FT_20.161_341.26861,C20 H36 O4,NA,C20 H36 O4,NA,NA,NA,TRUE,FALSE,FALSE,delete,delete,delete,delete,delete,delete
FT_20.163_435.21453,C23 H26 N6 O3,NA,C25 H32 O5,C22 H30 N2 O7,2.020073,Himeic acid C,FALSE,FALSE,FALSE,delete,delete,delete,delete,delete,delete
FT_20.163_435.21453,C23 H26 N6 O3,NA,C25 H32 O5,C22 H30 N2 O7,2.0200727,Himeic acid E,FALSE,FALSE,FALSE,delete,delete,delete,delete,delete,delete
FT_20.163_435.21453,C23 H26 N6 O3,NA,C25 H32 O5,C24 H31 F O6,1.5699385,Dexamethasone acetate,FALSE,FALSE,FALSE,delete,delete,delete,delete,delete,delete
FT_20.190_381.26142,C18 H32 N6 O3,NA,C22 H36 O5,C22 H36 O5,1.5330929,Bisnorcholic acid,FALSE,FALSE,TRUE,na,na,yes,no name,C22 H36 O5,L4.1
FT_20.194_371.22174,C17 H31 N4 O3 P,NA,C23 H30 O4,C23 H30 O4,1.5249571,Spiromesifen,FALSE,FALSE,TRUE,na,na,yes,no name,C23 H30 O4,L4.1
FT_20.230_349.19862,C16 H32 N2 O2 S2,NA,NA,C20 H28 O5,2.4279451,"3b-Hydroxy-6b-tigloyloxy-7(11)-eremophilen-12,8b-olide",FALSE,FALSE,FALSE,na,na,na,"3b-Hydroxy-6b-tigloyloxy-7(11)-eremophilen-12,8b-olide",C20 H28 O5,L3.3
FT_20.230_349.19862,C16 H32 N2 O2 S2,NA,NA,C20 H28 O5,2.4279451,"3b-Hydroxy-6b-angeloyloxy-7(11)-eremophilen-12,8b-olide",FALSE,FALSE,FALSE,na,na,na,"3b-Hydroxy-6b-tigloyloxy-7(11)-eremophilen-12,8b-olide",C20 H28 O5,L3.3
FT_20.230_349.19862,C16 H32 N2 O2 S2,NA,NA,C20 H28 O5,2.338338,Ingenol,FALSE,FALSE,FALSE,na,na,na,"3b-Hydroxy-6b-tigloyloxy-7(11)-eremophilen-12,8b-olide",C20 H28 O5,L3.3
FT_20.242_467.20666,C27 H30 O7,NA,C27 H30 O7,C28 H26 N4 O3,1.6822842,5-N-acetyl-15b-didehydroardeemin,TRUE,FALSE,FALSE,keeping sirius,61.72,na,"(7R,8R)-8-(3,4-dimethoxyphenyl)-5,7-dihydroxy-2,2-dimethyl-10-(3-methylbut-2-enyl)-7,8-dihydropyrano[3,2-g]chromen-6-one",C27 H30 O7,L3.3
FT_20.242_467.20666,C27 H30 O7,NA,C27 H30 O7,C28 H26 N4 O3,1.5879894,Indolocarbazole nitrogen derivative,TRUE,FALSE,FALSE,keeping sirius,61.72,na,"(7R,8R)-8-(3,4-dimethoxyphenyl)-5,7-dihydroxy-2,2-dimethyl-10-(3-methylbut-2-enyl)-7,8-dihydropyrano[3,2-g]chromen-6-one",C27 H30 O7,L3.3
FT_20.242_467.20666,C27 H30 O7,NA,C27 H30 O7,C27 H30 O7,1.5037273,Terreulactone B,TRUE,TRUE,TRUE,keeping sirius,61.72,na,"(7R,8R)-8-(3,4-dimethoxyphenyl)-5,7-dihydroxy-2,2-dimethyl-10-(3-methylbut-2-enyl)-7,8-dihydropyrano[3,2-g]chromen-6-one",C27 H30 O7,L3.3
FT_20.245_537.24837,C35 H38 O P2,NA,NA,NA,NA,NA,FALSE,FALSE,TRUE,delete,delete,delete,delete,delete,delete
FT_20.283_223.05990,C11 H10 O5,NA,C11 H10 O5,C11 H10 O5,2.9788768,Sphagnum acid,TRUE,TRUE,TRUE,delete,delete,delete,delete,delete,delete
FT_20.283_223.05990,C11 H10 O5,NA,C11 H10 O5,C11 H10 O5,2.6370478,2-Succinylbenzoate,TRUE,TRUE,TRUE,delete,delete,delete,delete,delete,delete
FT_20.283_223.05990,C11 H10 O5,NA,C11 H10 O5,C11 H10 O5,2.5073793,2-Hydroxy-7-hydroxymethylchromene-2-carboxylate,TRUE,TRUE,TRUE,delete,delete,delete,delete,delete,delete
FT_20.291_413.15964,C17 H25 N4 O6 P,NA,C23 H24 O7,C23 H24 O7,1.5035311,Garcimangosone C,FALSE,FALSE,TRUE,delete,delete,delete,delete,delete,delete
FT_20.342_161.13248,C12 H16,NA,NA,C12 H16,1.6912563,1-Isopropenyl-3-isopropylbenzene,FALSE,TRUE,FALSE,delete,delete,delete,delete,delete,delete
FT_20.342_161.13248,C12 H16,NA,NA,C12 H16,1.6892269,p-Isopropyl-alpha-methylstyrene,FALSE,TRUE,FALSE,delete,delete,delete,delete,delete,delete
FT_20.346_369.20613,C23 H28 O4,NA,C23 H28 O4,C16 H33 O7 P,1.5823649,LysoPA(a-13:0/0:0),TRUE,FALSE,FALSE,delete,delete,delete,delete,delete,delete
FT_20.346_369.20613,C23 H28 O4,NA,C23 H28 O4,C16 H33 O7 P,1.5482497,LysoPA(i-13:0/0:0),TRUE,FALSE,FALSE,delete,delete,delete,delete,delete,delete
FT_20.451_371.22176,C17 H31 N4 O3 P,NA,C23 H30 O4,C23 H30 O4,1.5410335,Spiromesifen,FALSE,FALSE,TRUE,delete,delete,delete,delete,delete,delete
FT_20.468_387.21678,C23 H30 O5,NA,C23 H30 O5,C23 H30 O5,1.7026293,Robustadial A,TRUE,TRUE,TRUE,delete,delete,delete,delete,delete,delete
FT_20.468_387.21678,C23 H30 O5,NA,C23 H30 O5,C23 H30 O5,1.7013484,"(2E,4E)-2,4,6-Octatrienoic acid [(5R)-1,3,5,5aalpha,6,7,8,9,9a,9balpha-decahydro-9balpha-hydroxy-6,6,9abeta-trimethyl-1-oxonaphtho[1,2-c]furan]-5beta-yl ester",TRUE,TRUE,TRUE,delete,delete,delete,delete,delete,delete
FT_20.468_387.21678,C23 H30 O5,NA,C23 H30 O5,C23 H30 O5,1.7002172,Euglobal Ib,TRUE,TRUE,TRUE,delete,delete,delete,delete,delete,delete
FT_20.470_401.23233,C24 H32 O5,NA,C24 H32 O5,C24 H32 O5,1.702702,Yanuthone B,TRUE,TRUE,TRUE,keeping sirius,53.74,na,"7-[[(6R,8aS)-1,6-dihydroxy-1,5,5,8a-tetramethyl-3,4,4a,6,7,8-hexahydro-2H-naphthalen-2-yl]methoxy]chromen-2-one",C24 H32 O5,L3.3
FT_20.470_401.23233,C24 H32 O5,NA,C24 H32 O5,C24 H32 O5,1.6718751,Austalide S,TRUE,TRUE,TRUE,keeping sirius,53.74,na,"7-[[(6R,8aS)-1,6-dihydroxy-1,5,5,8a-tetramethyl-3,4,4a,6,7,8-hexahydro-2H-naphthalen-2-yl]methoxy]chromen-2-one",C24 H32 O5,L3.3
FT_20.470_401.23233,C24 H32 O5,NA,C24 H32 O5,C24 H32 O5,1.6169004,Lucidone B,TRUE,TRUE,TRUE,keeping sirius,53.74,na,"7-[[(6R,8aS)-1,6-dihydroxy-1,5,5,8a-tetramethyl-3,4,4a,6,7,8-hexahydro-2H-naphthalen-2-yl]methoxy]chromen-2-one",C24 H32 O5,L3.3
FT_20.475_667.29039,C41 H38 N4 O5,NA,C33 H46 O14,NA,NA,NA,FALSE,FALSE,FALSE,delete,delete,delete,delete,delete,delete
FT_20.489_415.24797,C16 H39 N4 O4 P S,NA,NA,NA,NA,NA,FALSE,FALSE,TRUE,delete,delete,delete,delete,delete,delete
FT_20.519_373.23740,C23 H32 O4,NA,C23 H32 O4,C23 H32 O4,1.7058889,Deoxycorticosterone acetate,TRUE,TRUE,TRUE,delete,delete,delete,delete,delete,delete
FT_20.519_373.23740,C23 H32 O4,NA,C23 H32 O4,C23 H32 O4,1.7039452,"3alpha-Hydroxy-5beta-pregn-16-ene-11,20-dione 3-acetate",TRUE,TRUE,TRUE,delete,delete,delete,delete,delete,delete
FT_20.519_373.23740,C23 H32 O4,NA,C23 H32 O4,C23 H32 O4,1.6910056,"16alpha,17alpha-Epoxypregnenolone acetate",TRUE,TRUE,TRUE,delete,delete,delete,delete,delete,delete
FT_20.667_437.19383,C21 H28 N2 O8,NA,C26 H28 O6,C26 H28 O6,1.663375,Prenylterphenyllin F,FALSE,FALSE,TRUE,delete,delete,delete,delete,delete,delete
FT_20.667_437.19383,C21 H28 N2 O8,NA,C26 H28 O6,C26 H28 O6,1.6145045,Artocarpin,FALSE,FALSE,TRUE,delete,delete,delete,delete,delete,delete
FT_20.667_437.19383,C21 H28 N2 O8,NA,C26 H28 O6,C26 H28 O6,1.6071539,"5,7-Dihydroxy-3-[3-hydroxy-4-methoxy-5-(3-methylbut-2-enyl)phenyl]-8-(3-methylbut-2-enyl)chromen-4-one",FALSE,FALSE,TRUE,delete,delete,delete,delete,delete,delete
FT_20.742_451.17531,C13 H27 N10 O4 P S,NA,C26 H26 O7,C26 H26 O7,1.7029586,"4-Benzyloxy-2'-hydroxy-3',4',5',6'-tetramethoxychalcone",FALSE,FALSE,TRUE,delete,delete,delete,delete,delete,delete
FT_20.742_451.17531,C13 H27 N10 O4 P S,NA,C26 H26 O7,C26 H26 O7,1.6308866,Dihydroisocycloartomunin,FALSE,FALSE,TRUE,delete,delete,delete,delete,delete,delete
FT_20.742_451.17531,C13 H27 N10 O4 P S,NA,C26 H26 O7,C26 H26 O7,1.6308857,Cycloaltilisin,FALSE,FALSE,TRUE,delete,delete,delete,delete,delete,delete
FT_20.787_373.23740,C17 H33 N4 O3 P,NA,C23 H32 O4,C23 H32 O4,1.7226582,Deoxycorticosterone acetate,FALSE,FALSE,TRUE,na,70,na,9'-Carboxy-gamma-tocotrienol,C23 H32 O4,L3.3
FT_20.787_373.23740,C17 H33 N4 O3 P,NA,C23 H32 O4,C23 H32 O4,1.7207837,"3alpha-Hydroxy-5beta-pregn-16-ene-11,20-dione 3-acetate",FALSE,FALSE,TRUE,na,70,na,9'-Carboxy-gamma-tocotrienol,C23 H32 O4,L3.3
FT_20.787_373.23740,C17 H33 N4 O3 P,NA,C23 H32 O4,C23 H32 O4,1.7076648,"16alpha,17alpha-Epoxypregnenolone acetate",FALSE,FALSE,TRUE,na,70,na,9'-Carboxy-gamma-tocotrienol,C23 H32 O4,L3.3
FT_3.022_160.13323,C8 H17 N O2,NA,C8 H17 N O2,C8 H17 N O2,0.67227805,Pregabalin,TRUE,TRUE,TRUE,keeping sirius,55.48,na,4-[Ethyl(dimethyl)ammonio]butanoate,C8 H17 N O2,L3.3
FT_3.022_160.13323,C8 H17 N O2,NA,C8 H17 N O2,C8 H17 N O2,0.51621103,DL-2-Aminocaprylic acid,TRUE,TRUE,TRUE,keeping sirius,55.48,na,4-[Ethyl(dimethyl)ammonio]butanoate,C8 H17 N O2,L3.3
FT_3.022_317.14564,C12 H20 N4 O6,NA,C12 H20 N4 O6,NA,NA,NA,TRUE,FALSE,FALSE,na,na,na,2-[(2-Acetamido-5-amino-5-oxopentanoyl)amino]-5-amino-5-oxopentanoic acid,C12 H20 N4 O6,L3.3
FT_3.279_202.17965,C11 H23 N O2,NA,C11 H23 N O2,C11 H23 N O2,0.0913096,11-Aminoundecanoic acid,TRUE,TRUE,TRUE,keeping sirius,95,na,"1-(2-Hydroxyethyl)-2,2,6,6-tetramethyl-4-hydroxypiperidine",C11 H23 N O2,L3.3
FT_4.509_218.17505,C11 H23 N O3,NA,C11 H23 N O3,NA,NA,NA,TRUE,FALSE,FALSE,na,na,na,Boc-L-leucinol,C11 H23 N O3,L3.3
FT_5.744_176.05536,C6 H9 N O5,NA,C6 H9 N O5,C6 H9 N O5,2.010576,2-Amino-3-oxohexanedioic acid,TRUE,TRUE,TRUE,"name match, cmmrt and sirius (no top sirius option)",43.02,na,2-Amino-3-oxohexanedioic acid,C6 H9 N O5,L3.1
FT_5.744_176.05536,C6 H9 N O5,NA,C6 H9 N O5,C7 H5 N5 O,1.828316,NA,TRUE,FALSE,FALSE,"name match, cmmrt and sirius (no top sirius option)",43.02,na,2-Amino-3-oxohexanedioic acid,C6 H9 N O5,L3.1
FT_5.744_176.05536,C6 H9 N O5,NA,C6 H9 N O5,C6 H9 N O5,1.7744515,N-Formyl-L-glutamic acid,TRUE,TRUE,TRUE,"name match, cmmrt and sirius (no top sirius option)",43.02,na,2-Amino-3-oxohexanedioic acid,C6 H9 N O5,L3.1
FT_5.752_251.06383,C8 H17 N2 O P3,NA,C6 H10 N4 O7,NA,NA,NA,FALSE,FALSE,FALSE,"name match, cmmrt and sirius (no top sirius option)",43.02,na,2-Amino-3-oxohexanedioic acid,C6 H9 N O5,L3.1
FT_5.775_386.12941,C13 H23 N O12,NA,C17 H23 N O7 S,C17 H23 N O7 S,1.0533642,Niazicin A,FALSE,FALSE,TRUE,delete,delete,delete,delete,delete,delete
FT_5.775_386.12941,C13 H23 N O12,NA,C17 H23 N O7 S,C17 H21 ClF N3 O4,0.7249754,Cipro,FALSE,FALSE,FALSE,delete,delete,delete,delete,delete,delete
FT_5.775_386.12941,C13 H23 N O12,NA,C17 H23 N O7 S,C20 H17 F2 N3 O3,0.55241096,Sarafloxacin,FALSE,FALSE,FALSE,delete,delete,delete,delete,delete,delete
FT_5.996_504.19243,C18 H33 N O15,NA,C18 H33 N O15,C18 H33 N O15,1.7447616,beta-D-Galactopyranosyl-(1->4)-2-amino-2-deoxy-beta-D-glucopyranosyl-(1->6)-D-mannose,TRUE,TRUE,TRUE,"Name match sirius, cmmrt",71.93,na,beta-D-Galactopyranosyl-(1->4)-2-amino-2-deoxy-beta-D-glucopyranosyl-(1->6)-D-mannose,C18H33NO15,L3.1
FT_5.996_509.14786,C16 H24 N6 O13,NA,C27 H24 O10,NA,NA,NA,FALSE,FALSE,FALSE,na,na,na,no name,C16 H24 N6 O13,L4.3
FT_6.150_174.14886,C9 H19 N O2,NA,NA,NA,NA,NA,FALSE,FALSE,TRUE,no name,na,na,no name,C9 H19 N O2,L4.3
FT_6.232_559.15097,C19 H29 N8 O6 P3,NA,C20 H30 O18,NA,NA,NA,FALSE,FALSE,FALSE,na,na,na,no name,C20 H30 O18,L4.3
FT_6.234_291.06999,C10 H12 N4 O5,NA,NA,C10 H12 N4 O5,1.7739601,Allopurinol riboside,FALSE,TRUE,FALSE,na,na,na,Allopurinol riboside,C10 H12 N4 O5,L3.3
FT_6.234_291.06999,C10 H12 N4 O5,NA,NA,C10 H12 N4 O5,1.7477299,NA,FALSE,TRUE,FALSE,na,na,na,Allopurinol riboside,C10 H12 N4 O5,L3.3
FT_6.261_246.20635,C13 H27 N O3,NA,C13 H27 N O3,NA,NA,NA,TRUE,FALSE,FALSE,na,42.92,na,"Nonanamide, N,N-bis(2-hydroxyethyl)-",C13 H27 N O3,L3.3
FT_6.495_246.20634,C13 H27 N O3,NA,C13 H27 N O3,NA,NA,NA,TRUE,FALSE,FALSE,na,40.87,na,N-(2-hydroxyethyl)-N-[(2S)-2-hydroxypropyl]octanamide,C13 H27 N O3,L3.3
FT_6.552_290.08599,C10 H13 N5 O4,NA,NA,C10 H13 N5 O4,2.0811107,Adenosine,FALSE,TRUE,FALSE,na,na,na,Adenosine,C10 H13 N5 O4,L3.3
FT_6.552_290.08599,C10 H13 N5 O4,NA,NA,C10 H13 N5 O4,2.0811107,Vidarabine,FALSE,TRUE,FALSE,na,na,na,Adenosine,C10 H13 N5 O4,L3.3
FT_6.552_290.08599,C10 H13 N5 O4,NA,NA,C10 H13 N5 O4,1.9998617,Zidovudine,FALSE,TRUE,FALSE,na,na,na,Adenosine,C10 H13 N5 O4,L3.3
FT_6.584_542.17214,C21 H27 N5 O12,NA,C21 H27 N5 O12,NA,NA,NA,TRUE,FALSE,FALSE,na,na,yes,no name,C21 H27 N5 O12,L4.1
FT_6.597_527.16114,C21 H26 N4 O12,NA,C25 H26 N4 O7 S,NA,NA,NA,FALSE,FALSE,FALSE,na,na,na,no name,C21 H26 N4 O12,L4.3
FT_6.598_275.07509,C9 H17 N4 P3,NA,NA,C15 H14 O3 S,0.005047599,Modafinil Acid,FALSE,FALSE,FALSE,na,na,na,no name,C9 H17 N4 P3,L4.3
FT_6.599_291.04904,C10 H16 N2 O2 P2 S,NA,NA,C7 H15 O10 P,2.0126493,"(3,4,5,6,7-Pentahydroxy-2-oxoheptyl) dihydrogen phosphate",FALSE,FALSE,FALSE,na,na,na,"(3,4,5,6,7-Pentahydroxy-2-oxoheptyl) dihydrogen phosphate",C7 H15 O10 P,L3.3
FT_6.599_291.04904,C10 H16 N2 O2 P2 S,NA,NA,C7 H15 O10 P,2.0089223,"{[(2R,3S,4R,5S)-3,4,5,6-tetrahydroxy-6-(hydroxymethyl)oxan-2-yl]methoxy}phosphonic acid",FALSE,FALSE,FALSE,na,na,na,"(3,4,5,6,7-Pentahydroxy-2-oxoheptyl) dihydrogen phosphate",C7 H15 O10 P,L3.3
FT_6.599_291.04904,C10 H16 N2 O2 P2 S,NA,NA,C7 H15 O10 P,1.9729307,D-Sedoheptulose 7-phosphate,FALSE,FALSE,FALSE,na,na,na,"(3,4,5,6,7-Pentahydroxy-2-oxoheptyl) dihydrogen phosphate",C7 H15 O10 P,L3.3
FT_6.781_279.10096,C10 H18 N2 O5 S,NA,C10 H18 N2 O5 S,C10 H18 N2 O5 S,2.0553434,gamma-Glutamylmethionine,TRUE,TRUE,TRUE,"name match, cmmrt and sirius",90.98,na,gamma-Glutamylmethionine,C10 H18 N2 O5 S,L3.1
FT_6.781_279.10096,C10 H18 N2 O5 S,NA,C10 H18 N2 O5 S,C10 H18 N2 O5 S,2.0471408,Glu-Met,TRUE,TRUE,TRUE,"name match, cmmrt and sirius",90.98,na,gamma-Glutamylmethionine,C10 H18 N2 O5 S,L3.1
FT_6.781_279.10096,C10 H18 N2 O5 S,NA,C10 H18 N2 O5 S,C10 H18 N2 O5 S,2.0471408,Methionyl-Glutamate,TRUE,TRUE,TRUE,"name match, cmmrt and sirius",90.98,na,gamma-Glutamylmethionine,C10 H18 N2 O5 S,L3.1
FT_6.817_282.08332,C10 H11 N5 O5,NA,C10 H11 N5 O5,C10 H11 N5 O5,2.0669653,9-Riburonosyladenine,TRUE,TRUE,TRUE,keeping sirius,79.87,na,Guanosine dialdehyde,C10 H11 N5 O5,L3.3
FT_6.857_247.12883,C10 H18 N2 O5,NA,C10 H18 N2 O5,C10 H18 N2 O5,2.067773,gamma-Glutamylvaline,TRUE,TRUE,TRUE,"Similar structures, keeping sirius",97.82,na,Glutamylvaline,C10 H18 N2 O5,L3.3
FT_6.857_247.12883,C10 H18 N2 O5,NA,C10 H18 N2 O5,C10 H18 N2 O5,2.042445,Leucylaspartic acid,TRUE,TRUE,TRUE,"Similar structures, keeping sirius",97.82,na,Glutamylvaline,C10 H18 N2 O5,L3.3
FT_6.857_247.12883,C10 H18 N2 O5,NA,C10 H18 N2 O5,C10 H18 N2 O5,2.0423644,Isoleucylaspartic acid,TRUE,TRUE,TRUE,"Similar structures, keeping sirius",97.82,na,Glutamylvaline,C10 H18 N2 O5,L3.3
FT_7.161_183.10160,C10 H14 O3,NA,C10 H14 O3,C10 H14 O3,1.5062895,2-(hydroxymethyl)-3-[(2R)-2-hydroxypropyl]phenol,TRUE,TRUE,TRUE,keeping sirius,51.27,na,"(1R,4S)-7,7-Dimethyl-2-oxobicyclo[2.2.1]heptane-1-carboxylic acid",C10 H14 O3,L3.3
FT_7.161_183.10160,C10 H14 O3,NA,C10 H14 O3,C10 H14 O3,1.2761352,Asperpanoid A,TRUE,TRUE,TRUE,keeping sirius,51.27,na,"(1R,4S)-7,7-Dimethyl-2-oxobicyclo[2.2.1]heptane-1-carboxylic acid",C10 H14 O3,L3.3
FT_7.161_183.10160,C10 H14 O3,NA,C10 H14 O3,C10 H14 O3,1.1824884,Dihydroconiferyl alcohol,TRUE,TRUE,TRUE,keeping sirius,51.27,na,"(1R,4S)-7,7-Dimethyl-2-oxobicyclo[2.2.1]heptane-1-carboxylic acid",C10 H14 O3,L3.3
FT_7.372_192.10192,C11 H13 N O2,NA,C11 H13 N O2,C11 H13 N O2,2.0308914,"(E)-5-(3,4,5,6-Tetrahydro-3-pyridylidenemethyl)-2-furanmethanol",TRUE,TRUE,TRUE,keeping sirius,54.05,na,"Acetic acid, 2-(p-(allylamino)phenyl)-",C11 H13 N O2,L3.3
FT_7.372_192.10192,C11 H13 N O2,NA,C11 H13 N O2,C11 H13 N O2,1.2750165,5-Methoxytryptophol,TRUE,TRUE,TRUE,keeping sirius,54.05,na,"Acetic acid, 2-(p-(allylamino)phenyl)-",C11 H13 N O2,L3.3
FT_7.372_192.10192,C11 H13 N O2,NA,C11 H13 N O2,C11 H13 N O2,0.69491893,Ephedroxane,TRUE,TRUE,TRUE,keeping sirius,54.05,na,"Acetic acid, 2-(p-(allylamino)phenyl)-",C11 H13 N O2,L3.3
FT_7.385_268.10407,C10 H13 N5 O4,NA,C10 H13 N5 O4,C10 H13 N5 O4,2.2864583,Adenosine,TRUE,TRUE,TRUE,"Similar structures, keeping sirius",79.73,na,5'-Deoxyguanosine,C10 H13 N5 O4,L3.3
FT_7.385_268.10407,C10 H13 N5 O4,NA,C10 H13 N5 O4,C10 H13 N5 O4,2.286458,Vidarabine,TRUE,TRUE,TRUE,"Similar structures, keeping sirius",79.73,na,5'-Deoxyguanosine,C10 H13 N5 O4,L3.3
FT_7.385_268.10407,C10 H13 N5 O4,NA,C10 H13 N5 O4,C10 H13 N5 O4,2.2050707,Zidovudine,TRUE,TRUE,TRUE,"Similar structures, keeping sirius",79.73,na,5'-Deoxyguanosine,C10 H13 N5 O4,L3.3
FT_7.543_311.12383,C14 H18 N2 O6,NA,C14 H18 N2 O6,C14 H18 N2 O6,2.1792624,gamma-Glutamyltyrosine,TRUE,TRUE,TRUE,"name match, cmmrt and sirius (no top sirius option)",97.05,na,Glu-Tyr,C14 H18 N2 O6,L3.1
FT_7.543_311.12383,C14 H18 N2 O6,NA,C14 H18 N2 O6,C14 H18 N2 O6,2.1063511,Glu-Tyr,TRUE,TRUE,TRUE,"name match, cmmrt and sirius (no top sirius option)",97.05,na,Glu-Tyr,C14 H18 N2 O6,L3.1
FT_7.543_311.12383,C14 H18 N2 O6,NA,C14 H18 N2 O6,C14 H18 N2 O6,2.1045287,Tyrosylglutamic acid,TRUE,TRUE,TRUE,"name match, cmmrt and sirius (no top sirius option)",97.05,na,Glu-Tyr,C14 H18 N2 O6,L3.1
FT_7.633_302.19623,C15 H27 N O5,NA,C15 H27 N O5,NA,NA,NA,TRUE,FALSE,FALSE,na,44.52,na,Floridinine,C15 H27 N O5,L3.3
FT_7.647_155.03152,C3 H2 N6 O2,NA,C5 H4 N3 O3,NA,NA,NA,FALSE,FALSE,FALSE,na,na,yes,no name,C5 H4 N3 O3,L4.3
FT_7.650_115.03892,C5 H6 O3,NA,C5 H6 O3,C5 H6 O3,2.13732,4-Hydroxy-5-methylfuran-3(2H)-one,TRUE,TRUE,TRUE,"Similar structures, keeping sirius",61.06,na,3-Methoxy-2(5h)-furanone,C5 H6 O3,L3.3
FT_7.650_115.03892,C5 H6 O3,NA,C5 H6 O3,C5 H6 O3,1.867148,"(2E)-2-hydroxypenta-2,4-dienoic acid",TRUE,TRUE,TRUE,"Similar structures, keeping sirius",61.06,na,3-Methoxy-2(5h)-furanone,C5 H6 O3,L3.3
FT_7.650_115.03892,C5 H6 O3,NA,C5 H6 O3,C5 H6 O3,1.6253045,cis-Acetylacrylic acid,TRUE,TRUE,TRUE,"Similar structures, keeping sirius",61.06,na,3-Methoxy-2(5h)-furanone,C5 H6 O3,L3.3
FT_7.764_485.35870,C26 H48 N2 O6,NA,C26 H48 N2 O6,C31 H48 O4,0.4437025,"Methyl 3b,24-dihydroxy-11,13(18)-oleanadien-30-oate",TRUE,FALSE,FALSE,na,na,yes,no name,C26 H48 N2 O6,L4.1
FT_7.764_485.35870,C26 H48 N2 O6,NA,C26 H48 N2 O6,C31 H48 O4,0.43418035,Methyl glycyrrhetate,TRUE,FALSE,FALSE,na,na,yes,no name,C26 H48 N2 O6,L4.1
FT_7.764_485.35870,C26 H48 N2 O6,NA,C26 H48 N2 O6,C31 H48 O4,0.41070074,26-Methyl nigranoate,TRUE,FALSE,FALSE,na,na,yes,no name,C26 H48 N2 O6,L4.1
FT_7.870_218.17506,C11 H23 N O3,NA,C11 H23 N O3,NA,NA,NA,TRUE,FALSE,FALSE,na,49.51,na,[2-(Carboxymethyl)-2-hydroxyhexyl]-trimethylazanium,C11 H23 N O3,L3.3
FT_7.884_171.06268,C4 H6 N6 O2,NA,C8 H10 O4,NA,NA,NA,FALSE,FALSE,FALSE,na,na,yes,no name,C8 H10 O4,L4.3
FT_8.029_346.22250,C18 H27 N5 O2,NA,C17 H31 N O6,NA,NA,NA,FALSE,FALSE,FALSE,na,na,yes,no name,C17 H31 N O6,L4.3
FT_8.092_258.16998,C13 H23 N O4,NA,C13 H23 N O4,C13 H23 N O4,0.13614778,2-Hexenoylcarnitine,TRUE,TRUE,TRUE,"name match, cmmrt and sirius (no top sirius option)",41.3,na,2-Hexenoylcarnitine,C13 H23 N O4,L3.1
FT_8.100_384.09262,C17 H13 N5 O6,NA,C12 H21 N3 O7 S2,NA,NA,NA,FALSE,FALSE,FALSE,na,67.55,na,4-amino-5-[[2-[(2-amino-2-carboxy-ethyl)sulfanylmethylsulfanyl]-1-carboxy-ethyl]amino]-5-oxo-pentanoic acid,C12 H21 N3 O7 S2,L3.3
FT_8.125_217.10707,C10 H16 O5,NA,C10 H16 O5,C10 H16 O5,1.2211785,Aspyronol,TRUE,TRUE,TRUE,delete,delete,delete,delete,delete,delete
FT_8.125_217.10707,C10 H16 O5,NA,C10 H16 O5,C10 H16 O5,0.9340203,Aspilactonol D,TRUE,TRUE,TRUE,delete,delete,delete,delete,delete,delete
FT_8.126_239.08898,C9 H21 O P3,NA,C12 H14 O5,NA,NA,NA,FALSE,FALSE,FALSE,na,65.2,na,"1-(2-Hydroxy-4,6-dimethoxyphenyl)-1,3-butanedione",C12 H14 O5,L3.3
FT_8.170_157.04956,C7 H8 O4,NA,C7 H8 O4,C7 H8 O4,2.4186864,Parasitenone,TRUE,TRUE,TRUE,keeping sirius,43.71,na,"5-Methyl-1,2,3,4-tetrahydroxybenzene",C7 H8 O4,L3.3
FT_8.170_157.04956,C7 H8 O4,NA,C7 H8 O4,C7 H8 O4,2.3630788,Ascladiol,TRUE,TRUE,TRUE,keeping sirius,43.71,na,"5-Methyl-1,2,3,4-tetrahydroxybenzene",C7 H8 O4,L3.3
FT_8.170_157.04956,C7 H8 O4,NA,C7 H8 O4,C7 H8 O4,2.3450742,"(5S,6S)-5,6-dihydroxycyclohexa-1,3-diene-1-carboxylic acid",TRUE,TRUE,TRUE,keeping sirius,43.71,na,"5-Methyl-1,2,3,4-tetrahydroxybenzene",C7 H8 O4,L3.3
FT_8.272_360.20173,C17 H29 N O7,NA,C13 H25 N7 O5,NA,NA,NA,FALSE,FALSE,FALSE,na,na,"yes,gui",no name,C17 H29 N O7,L4.3
FT_8.300_346.22251,C17 H31 N O6,NA,C17 H31 N O6,NA,NA,NA,TRUE,FALSE,FALSE,na,na,na,O-sebacoylcarnitine,C17 H31 N O6,L3.3
FT_8.308_183.06527,C9 H10 O4,NA,C9 H10 O4,C9 H10 O4,2.2762094,(2R)-2-hydroxy-3-(4-hydroxyphenyl)propanoic acid,TRUE,TRUE,TRUE,"keeping sirius, not first match",64.49,na,"2,5-Dimethoxy-3-methylcyclohexa-2,5-diene-1,4-dione",C9 H10 O4,L3.3
FT_8.308_183.06527,C9 H10 O4,NA,C9 H10 O4,C9 H10 O4,2.2762086,2-Hydroxy-3-(4-hydroxyphenyl)propanoic acid,TRUE,TRUE,TRUE,"keeping sirius, not first match",64.49,na,"2,5-Dimethoxy-3-methylcyclohexa-2,5-diene-1,4-dione",C9 H10 O4,L3.3
FT_8.308_183.06527,C9 H10 O4,NA,C9 H10 O4,C9 H10 O4,2.2298245,Meta-hydroxyphenylhydracrylic acid,TRUE,TRUE,TRUE,"keeping sirius, not first match",64.49,na,"2,5-Dimethoxy-3-methylcyclohexa-2,5-diene-1,4-dione",C9 H10 O4,L3.3
FT_8.319_208.13316,C12 H17 N O2,NA,C12 H17 N O2,C12 H17 N O2,2.5228584,"6,7-Dimethoxy-2-methyl-1,2,3,4-tetrahydroisoquinoline",TRUE,TRUE,TRUE,"name match, cmmrt and sirius",99.12,na,"6,7-Dimethoxy-2-methyl-1,2,3,4-tetrahydroisoquinoline",C12 H17 N O2,L3.1
FT_8.319_208.13316,C12 H17 N O2,NA,C12 H17 N O2,C12 H17 N O2,2.4096847,"4-(2,2,3-Trimethyl-1,3-oxazolidin-5-yl)phenol",TRUE,TRUE,TRUE,"name match, cmmrt and sirius",99.12,na,"6,7-Dimethoxy-2-methyl-1,2,3,4-tetrahydroisoquinoline",C12 H17 N O2,L3.1
FT_8.319_208.13316,C12 H17 N O2,NA,C12 H17 N O2,C12 H17 N O2,2.232698,3-(Dimethylamino)propyl benzoate,TRUE,TRUE,TRUE,"name match, cmmrt and sirius",99.12,na,"6,7-Dimethoxy-2-methyl-1,2,3,4-tetrahydroisoquinoline",C12 H17 N O2,L3.1
FT_8.402_222.14884,C13 H19 N O2,NA,C13 H19 N O2,C13 H19 N O2,2.4052386,"(+)-O-Desmethyl-N,N-bisdesmethyl Tramadol",TRUE,TRUE,TRUE,keeping sirius,60.71,na,"Benzoic acid, 2-(diethylamino)ethyl ester",C13 H19 N O2,L3.3
FT_8.402_222.14884,C13 H19 N O2,NA,C13 H19 N O2,C13 H19 N O2,2.3263874,(+-)-Carnegine,TRUE,TRUE,TRUE,keeping sirius,60.71,na,"Benzoic acid, 2-(diethylamino)ethyl ester",C13 H19 N O2,L3.3
FT_8.402_222.14884,C13 H19 N O2,NA,C13 H19 N O2,C13 H19 N O2,2.2794256,Dioscorine,TRUE,TRUE,TRUE,keeping sirius,60.71,na,"Benzoic acid, 2-(diethylamino)ethyl ester",C13 H19 N O2,L3.3
FT_8.445_183.06528,C9 H10 O4,NA,C9 H10 O4,C9 H10 O4,2.3037248,2-Hydroxy-3-(4-hydroxyphenyl)propanoic acid,TRUE,TRUE,TRUE,"keeping sirius, not first match",64.49,na,"2,5-Dimethoxy-3-methylcyclohexa-2,5-diene-1,4-dione",C9 H10 O4,L3.3
FT_8.445_183.06528,C9 H10 O4,NA,C9 H10 O4,C9 H10 O4,2.303724,(2R)-2-hydroxy-3-(4-hydroxyphenyl)propanoic acid,TRUE,TRUE,TRUE,"keeping sirius, not first match",64.49,na,"2,5-Dimethoxy-3-methylcyclohexa-2,5-diene-1,4-dione",C9 H10 O4,L3.3
FT_8.445_183.06528,C9 H10 O4,NA,C9 H10 O4,C9 H10 O4,2.2571437,Meta-hydroxyphenylhydracrylic acid,TRUE,TRUE,TRUE,"keeping sirius, not first match",64.49,na,"2,5-Dimethoxy-3-methylcyclohexa-2,5-diene-1,4-dione",C9 H10 O4,L3.3
FT_8.554_153.05213,C4 H4 N6 O,NA,C8 H8 O3,NA,NA,NA,FALSE,FALSE,FALSE,na,68.55,na,6-Methoxysalicylaldehyde,C8 H8 O3,L3.3
FT_8.704_247.14409,C14 H18 N2 O2,NA,C14 H18 N2 O2,C14 H18 N2 O2,1.0949969,Cyclo-(L-Val-L-Phe),TRUE,TRUE,TRUE,"name match, cmmrt and sirius",99.28,na,Hypaphorine,C14 H18 N2 O2,L3.1
FT_8.704_247.14409,C14 H18 N2 O2,NA,C14 H18 N2 O2,C14 H18 N2 O2,0.36697042,Hypaphorine,TRUE,TRUE,TRUE,"name match, cmmrt and sirius",99.28,na,Hypaphorine,C14 H18 N2 O2,L3.1
FT_8.787_227.05503,C10 H10 O6,NA,C10 H13 N OP S,C10 H10 O6,2.3781145,Prephenic acid,FALSE,TRUE,FALSE,delete,delete,delete,delete,delete,delete
FT_8.787_227.05503,C10 H10 O6,NA,C10 H13 N OP S,C10 H10 O6,2.285283,Chorismic acid,FALSE,TRUE,FALSE,delete,delete,delete,delete,delete,delete
FT_8.787_227.05503,C10 H10 O6,NA,C10 H13 N OP S,C10 H10 O6,2.2840612,Isochorismic acid,FALSE,TRUE,FALSE,delete,delete,delete,delete,delete,delete
FT_8.881_316.21191,C16 H29 N O5,NA,C16 H29 N O5,C16 H29 N O5,0.39172202,Butoctamide semisuccinate,TRUE,TRUE,TRUE,"name match, cmmrt and sirius (no top sirius option)",45.36,na,Butoctamide semisuccinate,C16 H29 N O5,L3.1
FT_8.916_135.11680,C10 H14,NA,C10 H14,C10 H14,0.6300725,Butylbenzene,TRUE,TRUE,TRUE,keeping cmmrt,NA,na,Butylbenzene,C10 H14,L3.3
FT_8.916_135.11680,C10 H14,NA,C10 H14,C10 H14,0.62894607,p-CYMENE,TRUE,TRUE,TRUE,keeping cmmrt,NA,na,Butylbenzene,C10 H14,L3.3
FT_8.916_135.11680,C10 H14,NA,C10 H14,C10 H14,0.6236963,M-Cymene,TRUE,TRUE,TRUE,keeping cmmrt,NA,na,Butylbenzene,C10 H14,L3.3
FT_8.916_206.17504,C10 H23 N O3,NA,C10 H23 N O3,NA,NA,NA,TRUE,FALSE,FALSE,na,40.91,na,"4-Amino-4-(3-hydroxypropyl)heptane-1,7-diol",C10 H23 N O3,L3.3
FT_9.013_261.14449,C11 H20 N2 O5,NA,C11 H20 N2 O5,C11 H20 N2 O5,2.5021732,gamma-Glu-leu,TRUE,TRUE,TRUE,"name match, cmmrt and sirius",89.74,na,gamma-Glu-leu,C11 H20 N2 O5,L3.1
FT_9.013_261.14449,C11 H20 N2 O5,NA,C11 H20 N2 O5,C11 H20 N2 O5,2.446498,L-gamma-glutamyl-L-isoleucine,TRUE,TRUE,TRUE,"name match, cmmrt and sirius",89.74,na,gamma-Glu-leu,C11 H20 N2 O5,L3.1
FT_9.013_261.14449,C11 H20 N2 O5,NA,C11 H20 N2 O5,C11 H20 N2 O5,2.4256217,Isoleucyl-Glutamate,TRUE,TRUE,TRUE,"name match, cmmrt and sirius",89.74,na,gamma-Glu-leu,C11 H20 N2 O5,L3.1
FT_9.089_340.10279,C15 H17 N O8,NA,C11 H21 N3 O5 S2,C12 H21 N O8 S,2.4625413,N-(1-Deoxy-b-D-fructopyranosyl) (R)C(S)S-alliin,FALSE,FALSE,FALSE,na,na,na,6-Hydroxy-5-methoxyindole glucuronide,C15 H17 N O8,L3.3
FT_9.089_340.10279,C15 H17 N O8,NA,C11 H21 N3 O5 S2,C15 H17 N O8,1.8145639,6-Hydroxy-5-methoxyindole glucuronide,FALSE,TRUE,FALSE,na,na,na,6-Hydroxy-5-methoxyindole glucuronide,C15 H17 N O8,L3.3
FT_9.089_340.10279,C15 H17 N O8,NA,C11 H21 N3 O5 S2,C15 H17 N O8,1.8145639,5-Hydroxy-6-methoxyindole glucuronide,FALSE,TRUE,FALSE,na,na,na,6-Hydroxy-5-methoxyindole glucuronide,C15 H17 N O8,L3.3
FT_9.172_282.09721,C7 H16 N5 O5 P,NA,C13 H15 N O6,C13 H15 N O6,2.140576,4-Hydroxyphenylacetylglutamate,FALSE,FALSE,TRUE,na,na,na,4-Hydroxyphenylacetylglutamate,C13 H15 N O6,L3.3
FT_9.172_282.09721,C7 H16 N5 O5 P,NA,C13 H15 N O6,C13 H15 N O6,2.008225,Azacoccone C,FALSE,FALSE,TRUE,na,na,na,4-Hydroxyphenylacetylglutamate,C13 H15 N O6,L3.3
FT_9.172_282.09721,C7 H16 N5 O5 P,NA,C13 H15 N O6,C13 H15 N O6,1.9810326,Azacoccone E,FALSE,FALSE,TRUE,na,na,na,4-Hydroxyphenylacetylglutamate,C13 H15 N O6,L3.3
FT_9.307_250.14376,C14 H19 N O3,NA,C14 H19 N O3,C14 H19 N O3,2.683804,4'-Methoxy-3-morpholino-propiophenone,TRUE,TRUE,TRUE,"name match, cmmrt and sirius (no top sirius option)",68.32,na,4'-Methoxy-3-morpholino-propiophenone,C14 H19 N O3,L3.1
FT_9.307_250.14376,C14 H19 N O3,NA,C14 H19 N O3,C14 H19 N O3,2.5318894,Ruspolinone,TRUE,TRUE,TRUE,"name match, cmmrt and sirius (no top sirius option)",68.32,na,4'-Methoxy-3-morpholino-propiophenone,C14 H19 N O3,L3.1
FT_9.307_250.14376,C14 H19 N O3,NA,C14 H19 N O3,C14 H19 N O3,0.541844,2-Pentanamido-3-phenylpropanoic acid,TRUE,TRUE,TRUE,"name match, cmmrt and sirius (no top sirius option)",68.32,na,4'-Methoxy-3-morpholino-propiophenone,C14 H19 N O3,L3.1
FT_9.313_261.14449,C11 H20 N2 O5,NA,C11 H20 N2 O5,C11 H20 N2 O5,2.558014,gamma-Glu-leu,TRUE,TRUE,TRUE,"name match, cmmrt and sirius",98.17,na,gamma-Glu-leu,C11 H20 N2 O5,L3.1
FT_9.313_261.14449,C11 H20 N2 O5,NA,C11 H20 N2 O5,C11 H20 N2 O5,2.5018706,L-gamma-glutamyl-L-isoleucine,TRUE,TRUE,TRUE,"name match, cmmrt and sirius",98.17,na,gamma-Glu-leu,C11 H20 N2 O5,L3.1
FT_9.313_261.14449,C11 H20 N2 O5,NA,C11 H20 N2 O5,C11 H20 N2 O5,2.4808185,Isoleucyl-Glutamate,TRUE,TRUE,TRUE,"name match, cmmrt and sirius",98.17,na,gamma-Glu-leu,C11 H20 N2 O5,L3.1
FT_9.349_308.11291,C15 H17 N O6,NA,C15 H17 N O6,C15 H17 N O6,1.3525488,Ochraspergillic acid B,TRUE,TRUE,TRUE,"keeping sirius, not first match",48.33,na,"2-(7,8-dihydroxy-4-methyl-2-oxo-2H-chromen-3-yl)-N-[(2R)-2-hydroxypropyl]acetamide",C15 H17 N O6,L3.3
FT_9.349_308.11291,C15 H17 N O6,NA,C15 H17 N O6,C15 H17 N O6,0.82956624,Ochraspergillic acid A,TRUE,TRUE,TRUE,"keeping sirius, not first match",48.33,na,"2-(7,8-dihydroxy-4-methyl-2-oxo-2H-chromen-3-yl)-N-[(2R)-2-hydroxypropyl]acetamide",C15 H17 N O6,L3.3
FT_9.349_308.11291,C15 H17 N O6,NA,C15 H17 N O6,C19 H17 N OS,0.6514133,Tolnaftate,TRUE,FALSE,FALSE,"keeping sirius, not first match",48.33,na,"2-(7,8-dihydroxy-4-methyl-2-oxo-2H-chromen-3-yl)-N-[(2R)-2-hydroxypropyl]acetamide",C15 H17 N O6,L3.3
FT_9.393_324.10786,C15 H17 N O7,NA,C16 H13 N5 O3,C19 H17 N O2 S,0.5393135,Tazarotenic acid,FALSE,FALSE,FALSE,delete,delete,delete,delete,delete,delete
FT_9.687_356.09768,C15 H17 N O9,NA,C16 H13 N5 O5,C9 H18 N5 O8 P,2.6638012,NA,FALSE,FALSE,FALSE,na,na,"yes, gui",no name,C15 H17 N O9,L4.3
FT_9.710_248.22200,C13 H29 N O3,NA,C13 H29 N O3,NA,NA,NA,TRUE,FALSE,FALSE,na,54.5,na,"2,3-Dihydroxypropyl-(2-hydroxyoctyl)-dimethylazanium",C13 H29 N O3,L3.3
FT_9.801_171.10161,C9 H14 O3,NA,C9 H14 O3,C9 H14 O3,2.6114833,Aspinonediol,TRUE,TRUE,TRUE,keeping sirius,71.33,na,3-(2-Oxocyclohexyl)propanoic acid,C9 H14 O3,L3.3
FT_9.801_171.10161,C9 H14 O3,NA,C9 H14 O3,C9 H14 O3,2.6114824,Epiaspinonediol,TRUE,TRUE,TRUE,keeping sirius,71.33,na,3-(2-Oxocyclohexyl)propanoic acid,C9 H14 O3,L3.3
FT_9.801_171.10161,C9 H14 O3,NA,C9 H14 O3,C9 H14 O3,1.5069767,"1,4-Ipomeadiol",TRUE,TRUE,TRUE,keeping sirius,71.33,na,3-(2-Oxocyclohexyl)propanoic acid,C9 H14 O3,L3.3
FT_9.811_185.08093,C9 H12 O4,NA,C9 H12 O4,C10 H8 N4,2.6795366,"2-Aminodipyrido[1,2-a:3',2'-d]imidazole",TRUE,FALSE,FALSE,keeping sirius,58.52,na,"Methyl 2-methyl-4,6-dioxocyclohexanecarboxylate",C9 H12 O4,L3.3
FT_9.811_185.08093,C9 H12 O4,NA,C9 H12 O4,C9 H12 O4,2.6264918,"1-(4-Hydroxyphenyl)propane-1,2,3-triol",TRUE,TRUE,TRUE,keeping sirius,58.52,na,"Methyl 2-methyl-4,6-dioxocyclohexanecarboxylate",C9 H12 O4,L3.3
FT_9.811_185.08093,C9 H12 O4,NA,C9 H12 O4,C5 H15 N O4 P+,2.3978088,Phosphocholine,TRUE,FALSE,FALSE,keeping sirius,58.52,na,"Methyl 2-methyl-4,6-dioxocyclohexanecarboxylate",C9 H12 O4,L3.3
FT_9.925_171.10161,C9 H14 O3,NA,C9 H14 O3,C9 H14 O3,2.63282,Aspinonediol,TRUE,TRUE,TRUE,keeping sirius,66.32,na,3-(2-Oxocyclohexyl)propanoic acid,C9 H14 O3,L3.3
FT_9.925_171.10161,C9 H14 O3,NA,C9 H14 O3,C9 H14 O3,2.63282,Epiaspinonediol,TRUE,TRUE,TRUE,keeping sirius,66.32,na,3-(2-Oxocyclohexyl)propanoic acid,C9 H14 O3,L3.3
FT_9.925_171.10161,C9 H14 O3,NA,C9 H14 O3,C9 H14 O3,1.5251044,"1,4-Ipomeadiol",TRUE,TRUE,TRUE,keeping sirius,66.32,na,3-(2-Oxocyclohexyl)propanoic acid,C9 H14 O3,L3.3
