FeatureID,Name,Formula,Annotation MW,Calc. MW,# mzCloud Results,# mzVault Results,mzCloud Best Match,KEGG ID,Potential_fragment,Notes,Action_decision,Sirus_notes,Sirius_percentage,Sirius_name,Sirius_formula,CMMRT_name,CMMRT_formula,Correlation_duplicated annotations,Final_name,Final_formula,Final_decision
FT_0.985_380.09553,"(2R)-7-Methoxy-3-oxo-3,4-dihydro-2H-1,4-benzoxazin-2-yl β-D-glucopyranoside",C15 H19 N O9,357.10598,379.08825,1,0,91.7,NA,NA,"Adduct 21.98 DA, bad match",L2,no result,na,na,na,Toxin B1,C10H17N7O7S,na,Toxin B1,C10H17N7O7S,L3.3
FT_1.068_150.11249,Triethanolamine,C6 H15 N O3,149.10519,149.10522,1,0,99.2,D00215,NA,"Lab-use synthetic compound, likely contaminant",keep formula only,na,na,na,na,na,na,na,no name,C6 H15 N O3,L4.3
FT_1.097_208.11789,Miglitol,C8 H17 N O5,207.11067,207.11061,1,0,84.1,C07708,NA,"Drug, likely contaminant",keep formula only,na,na,na,na,na,na,na,no name,C8 H17 N O5,L4.3
FT_1.107_527.15854,D-Raffinose,C18 H32 O16,504.16903,526.15127,3,0,88.2,NA,NA,"Adduct 21.98, duplicated",check with sirius,0,na,na,na,na,na,na,D-Raffinose,C18 H32 O16,L2
FT_1.125_423.08999,"5-hydroxy-6,8-dimethoxy-7-{[(2S,3R,4S,5S,6R)-3,4,5-trihydroxy-6-(hydroxymethyl)oxan-2-yl]oxy}-2H-chromen-2-one",C17 H20 O11,400.10056,422.08271,1,0,61.4,NA,NA,Adduct 21.98 DA,L2,na,na,na,na,na,na,na,"5-hydroxy-6,8-dimethoxy-7-{[(2S,3R,4S,5S,6R)-3,4,5-trihydroxy-6-(hydroxymethyl)oxan-2-yl]oxy}-2H-chromen-2-one",C17 H20 O11,L2
FT_1.177_180.08671,3-hydroxy-3-methylpentanedioic acid,C6 H10 O5,162.05282,162.05288,2,0,61.2,NA,NA,L2,L2,na,na,na,na,na,na,na,3-hydroxy-3-methylpentanedioic acid,C6 H10 O5,L2
FT_1.187_183.08644,Dulcitol,C6 H14 O6,182.07904,182.0791,1,0,69.6,C01697,NA,"L2, bad match",L2,na,na,na,na,Hexitol,C6H14O6,na,Dulcitol,C6 H14 O6,L2
FT_1.202_166.05326,Methionine sulfoxide,C5 H11 N O3 S,165.04596,165.04598,2,0,97.8,NA,NA,L2,L2,na,na,na,na,na,na,na,Methionine sulfoxide,C5 H11 N O3 S,L2
FT_1.228_196.06391,Triethylenephosphoramide,C6 H12 N3 O P,173.0718,195.05663,2,0,75.3,NA,NA,"Lab-use synthetic compound, likely contaminant",check with sirius,low confidence,na,na,na,na,na,na,no name,no formula,L5
FT_1.229_182.08459,2-Hydroxyphenylalanine,C9 H11 N O3,181.07389,181.07731,2,0,70.5,NA,NA,"Lab-use synthetic compound, likely contaminant",check with sirius,keep sirius,75.2,"AMMONIUM, TRIMETHYL(3-SULFOPROPYL)-, HYDROXIDE, inner salt",C6H15NO3S,na,na,na,no name,C6H15NO3S,L4.3
FT_1.236_106.04984,D-Serine,C3 H7 N O3,105.04259,105.04257,2,0,86.4,C00740,NA,L2,check with sirius,same annotation,na,na,na,na,na,na,D-Serine,C3 H7 N O3,L2
FT_1.237_290.08472,2-morpholinophenyl 2-thiophenecarboxylate,C15 H15 N O3 S,289.07726,289.07744,2,0,85.9,NA,NA,bad match,check with sirius,no result,na,na,na,(2S)-2-(3-carboxypropanamido)-6-oxoheptanedioic acid,C11H15NO8,na,(2S)-2-(3-carboxypropanamido)-6-oxoheptanedioic acid,C11H15NO8,L3.3
FT_1.242_452.13762,"N-[(1R,9R)-6-Oxo-11-(phenylsulfonyl)-7,11-diazatricyclo[7.3.1.02,7]trideca-2,4-dien-5-yl]-2-pyrazinecarboxamide",C22 H21 N5 O4 S,451.13142,429.14841,1,0,73.4,NA,NA,"Adduct -21.98 DA, bad match",check with sirius,low confidence,69.37,O-(2-O-Mannopyranosyl-mannopyranosyl)serine,C15H27NO13,na,na,na,O-(2-O-Mannopyranosyl-mannopyranosyl)serine,C15H27NO13,L3.3
FT_1.251_162.07613,2-Aminoadipic acid,C6 H11 N O4,161.06881,161.06885,2,0,89.9,C00956,NA,L2,L2,na,na,na,na,na,na,na,2-Aminoadipic acid,C6 H11 N O4,L2
FT_1.257_278.08058,NP-019509,C15 H13 N O3,255.08954,277.0733,1,0,66.5,NA,NA,"Adduct 21.98 DA, bad match",check with sirius,low confidence,na,na,na,na,na,na,NP-019509,C15 H13 N O3,L2
FT_1.280_146.08119,NP-022231,C6 H13 N O4,163.08446,145.07392,1,0,62.4,NA,NA,Adduct -18.010 DA,L2,0,,na,na,na,na,na,NP-022231,C6 H13 N O4,L2
FT_1.295_173.09210,Prolylglycine,C7 H12 N2 O3,172.08479,172.08483,2,0,78.2,NA,NA,L2,L2,same name,na,na,na,na,na,na,Prolylglycine,C7 H12 N2 O3,L2
FT_1.309_127.03898,Phloroglucinol,C6 H6 O3,126.03169,126.03171,6,0,82.5,C02183,NA,L2,L2,na,na,na,na,na,na,na,Phloroglucinol,C6 H6 O3,L2
FT_1.316_381.07975,N1-(3-chlorophenyl)-2-[2-(trifluoromethyl)-4-quinolyl]hydrazine-1-carboxamide,C17 H12 Cl F3 N4 O,380.06517,380.07247,1,0,92.2,NA,NA,halogenated,check with sirius,low confidence,na,na,na,na,na,na,delete,delete,delete
FT_1.333_132.10188,6-Aminocaproic acid,C6 H13 N O2,131.09463,131.09461,3,0,82.1,C02378,NA,bad match,L2,0,74.58,Methylbetain,C6H13NO2,na,na,na,Methylbetain,C6H13NO2,L3.3
FT_1.337_527.15849,D-Raffinose,C18 H32 O16,504.16903,526.15122,3,0,90.1,NA,NA,"Adduct 21.98 DA, duplicated",check with sirius,no result,na,na,na,na,na,na,D-Raffinose,C18 H32 O16,L2
FT_1.363_244.07918,2-Fluoro-6-(4-methoxyphenoxy)benzonitrile,C14 H10 F N O2,243.06956,243.0719,1,0,86.8,NA,NA,halogenated,0,keep sirius,44.51,DeazaUrd,C10H13NO6,na,na,na,DeazaUrd,C10H13NO6,L3.3
FT_1.366_439.14234,"N-[5,10-Dioxo-1-(2-thienylacetyl)dodecahydrodipyrrolo[1,2-a:3',2'-E][1,4]diazepin-7-yl]cyclopropanecarboxamide",C20 H24 N4 O4 S,416.15183,438.13507,2,0,96.8,NA,NA,"Adduct 21,98 DA, bad match",check with sirius,no result,na,na,na,Kotanin,C24H22O8,na,Kotanin,C24H22O8,L3.3
FT_1.380_176.09175,"N3-Phenyl-1H-1,2,4-triazole-3,5-diamine",C8 H9 N5,175.0858,175.08447,1,0,67.4,NA,NA,Adduct -7.56 ppm,check with sirius,keep sirius,65.48,alpha-aminopimelate,C7H12NO4,na,na,na,alpha-aminopimelate,C7H12NO4,L3.3
FT_1.387_291.06866,"3-(5-phenyl-1,3-oxazol-2-yl)-4-(trifluoromethyl)pyridine",C15 H9 F3 N2 O,290.0667,290.06139,1,0,70.8,NA,NA,halogenated,0,"low confidence, keep formula only",na,na,C7H18N2O6S2,no result,no result,na,no name,C7H18N2O6S2,L4.3
FT_1.395_130.08623,Pipecolic acid,C6 H11 N O2,129.07898,129.07895,4,0,99.5,C00408,NA,L2,L2,na,na,na,na,na,na,na,Pipecolic acid,C6 H11 N O2,L2
FT_1.395_384.15018,N-Acetyl-D-lactosamine,C14 H25 N O11,383.14276,383.1429,1,0,64,C00611,NA,L2,L2,na,na,na,na,na,na,na,N-Acetyl-D-lactosamine,C14 H25 N O11,L2
FT_1.401_689.21129,Maltotetraose,C24 H42 O21,666.22186,688.20401,2,0,97.9,NA,NA,Adduct 21.98 DA,L2,na,na,na,na,na,na,na,Maltotetraose,C24 H42 O21,L2
FT_1.411_187.10776,L-Alanyl-L-proline,C8 H14 N2 O3,186.10044,186.10048,1,0,79.3,NA,NA,L2,L2,same name,na,na,na,na,na,na,L-Alanyl-L-proline,C8 H14 N2 O3,L2
FT_1.411_527.15849,D-Raffinose,C18 H32 O16,504.16903,526.15122,3,0,93.2,NA,NA,"Adduct 21.99 DA, duplicated",check with sirius,low confidence,na,na,na,na,na,na,D-Raffinose,C18 H32 O16,L2
FT_1.412_210.07978,4-Morpholinepropanesulfonic acid,C7 H15 N O4 S,209.07218,209.07251,1,0,77.5,NA,NA,"Lab-use synthetic compound, likely contaminant",L2,na,na,na,na,na,na,na,no name,C7 H15 N O4 S,L4.3
FT_1.418_127.03894,Pyrogallol,C6 H6 O3,126.03169,126.03167,6,0,81.7,C01108,NA,L2,L2,na,na,na,na,na,na,na,Pyrogallol,C6 H6 O3,L2
FT_1.418_144.10191,DL-Stachydrine,C7 H13 N O2,143.09463,143.09463,2,0,97.2,NA,NA,L2,L2,same annotation,na,na,na,na,na,na,DL-Stachydrine,C7 H13 N O2,L2
FT_1.419_230.09584,L-Ergothioneine,C9 H15 N3 O2 S,229.0885,229.08856,1,0,93.9,NA,NA,L2,L2,na,na,na,na,na,na,na,L-Ergothioneine,C9 H15 N3 O2 S,L2
FT_1.420_246.14481,Methyl-1-pentyl-1H-indole-3-carboxylate,C15 H19 N O2,245.14158,245.13754,1,0,65.6,NA,NA,Adduct -16.49 ppm,check with sirius,keep sirius,83.26,Gln-Val,C10H19N3O4,na,na,0,Gln-Val,C10H19N3O4,L3.3
FT_1.421_252.14412,Prosulfocarb,C14 H21 N O S,251.13438,251.13685,1,0,64.4,NA,NA,Adduct 9.81 ppm,check with sirius,low confidence,na,na,na,same name,na,higher 0.9,Prosulfocarb,C14 H21 N O S,L2
FT_1.422_231.09760,Ethyldiphenylphosphine oxide,C14 H15 O P,230.08605,230.09032,2,0,72.4,NA,NA,"Adduct 18.57 ppm, bad match",check with sirius,keep sirius,72.62,Pro-Asp,C9H14N2O5,same name,na,na,Pro-Asp,C9H14N2O5,L3.1
FT_1.422_234.13368,"4-(1-adamantyl)-2-methyl-1,3-thiazole",C14 H19 N S,233.12382,233.1264,1,0,84.8,NA,NA,"low quality, delete",na,na,na,na,na,na,na,na,na,na,delete
FT_1.424_329.05770,"ethyl 4-(2-chloro-6-fluorophenyl)-6-methyl-2-thioxo-1,2,3,4-tetrahydropyrimidine-5-carboxylate",C14 H14 Cl F N2 O2 S,328.04485,328.05043,2,0,63.4,NA,NA,halogenated,check with sirius,"no result, keep formula",na,na,C9H17N2O7PS,na,no result,na,no name,C9H17N2O7PS,L4.3
FT_1.426_272.12588,Normorphine,C16 H17 N O3,271.12084,271.1186,2,0,65.2,NA,NA,Adduct -8.26 ppm,check with sirius,"low confidence, keep sirius",61.14,1-[Hydroxy-(2-hydroxy-3-methoxypropoxy)phosphoryl]oxyethyl-trimethylazanium,C9H22NO6P,na,na,na,1-[Hydroxy-(2-hydroxy-3-methoxypropoxy)phosphoryl]oxyethyl-trimethylazanium,C9H22NO6P,L3.3
FT_1.428_276.15540,"6-(tert-butyl)-4-piperidinothieno[3,2-d]pyrimidine",C15 H21 N3 S,275.14562,275.14812,5,0,86.5,NA,NA,Adduct 9.09 ppm,check with sirius,"low confidence, keep formula only",na,na,C11H21N3O5,na,same formula,na,no name,C11H21N3O5,L4.1
FT_1.432_453.12162,"1-(4-fluorophenoxy)-3-[4-(3-phenyl-1,2,4-thiadiazol-5-yl)piperazino]propan-2-ol",C21 H23 F N4 O2 S,414.15257,452.11435,1,0,82.1,NA,NA,halogenated,0,"low confidence, keep formula only",na,na,C17H24O14,na,no result,na,no name,C17H24O14,L4.3
FT_1.525_453.12167,"1-(4-fluorophenoxy)-3-[4-(3-phenyl-1,2,4-thiadiazol-5-yl)piperazino]propan-2-ol",C21 H23 F N4 O2 S,414.15257,452.11439,1,0,81.2,NA,NA,low quality,delete,delete,delete,delete,delete,delete,delete,delete,delete,delete,delete
FT_1.599_379.12119,NP-003051,C20 H20 O6,356.12599,378.11392,4,0,93.9,NA,NA,"Adduct 21.98 ppm, low quality",delete,delete,delete,delete,delete,delete,delete,delete,delete,delete,delete
FT_1.676_349.11061,"2-[(2S,3R,4S,5R)-5-(Aminomethyl)-3,4-dihydroxytetrahydro-2-furanyl]-N-(4-methoxybenzyl)acetamide",C15 H22 N2 O5,310.15287,348.10333,3,0,99.7,NA,NA,Adduct 37.95 DA,check with sirius,"no result, keep formula",,na,C10H16N6O8,na,no result,na,no name,C10H16N6O8,L4.3
FT_1.694_347.09500,"N-[3-(2-methyl-4-pyrimidinyl)phenyl]-1,3-benzothiazole-2-carboxamide",C19 H14 N4 O S,346.08883,346.08773,3,0,98.4,NA,NA,bad match,check with sirius,"low confidence, keep CMMRT",,,,Methyl 6-O-galloyl-b-D-glucopyranoside,C14H18O10,na,Methyl 6-O-galloyl-b-D-glucopyranoside,C14H18O10,L3.3
FT_1.706_467.13727,NP-020236,C23 H24 O9,444.14203,466.12999,4,0,91.4,NA,NA,Adduct 21.98 DA,check with sirius,low confidence,na,na,na,na,na,na,NP-020236,C23 H24 O9,L2
FT_1.722_187.10773,L-Alanyl-L-proline,C8 H14 N2 O3,186.10044,186.10045,1,0,78.4,NA,NA,L2,L2,no result,na,na,na,same name,na,na,L-Alanyl-L-proline,C8 H14 N2 O3,L2
FT_1.745_204.12300,"1-Methyl-4-(1-pyrrolidinyl)-1H-pyrazolo[3,4-d]pyrimidine",C10 H13 N5,203.1171,203.11572,2,0,82.8,NA,NA,Adduct -6.77 ppm,check with sirius,"low confidence, keep CD second hit",na,na,na,same name,na,na,Acetylcarnitine,C9H17NO4,L2
FT_1.759_288.11903,"5,7-dioxa-12-azapentacyclo[10.6.1.0Â?,Âaâ°.0â´,â¸.0ÂaÂl,Âaâ¸]nonadeca-2,4(8),9,17-tetraene-15,16-diol",C16 H17 N O4,287.11576,287.11176,4,0,87.6,NA,NA,Adduct -13.93 ppm,check with sirius,"no result, keep cmmrt",na,na,na,Clavamycin E,C11H17N3O6,na,Clavamycin E,C11H17N3O6,L3.3
FT_1.774_469.09629,AVE8923,C21 H26 Br F N2 O2 S,468.08824,468.08902,1,0,78.4,NA,NA,halogenated,check with sirius,"no result, keep cmmrt",na,na,na,Neocretanin,C20H20O13,na,Neocretanin,C20H20O13,L3.3
FT_1.776_453.12153,"1-(4-fluorophenoxy)-3-[4-(3-phenyl-1,2,4-thiadiazol-5-yl)piperazino]propan-2-ol",C21 H23 F N4 O2 S,414.15257,452.11426,1,0,81.6,NA,NA,halogenated,check with sirius,keep sirius,62.94,Nuezhenidic acid,C17H24O14,no result,no result,na,Nuezhenidic acid,C17H24O14,L3.3
FT_1.799_527.15848,D-Raffinose,C18 H32 O16,504.16903,526.1512,3,0,97.3,NA,NA,"Adduct 21.98 DA, bad quality",,delete,delete,delete,delete,delete,delete,delete,delete,delete,delete
FT_1.822_277.10307,Υ-L-Glutamyl-L-glutamic acid,C10 H16 N2 O7,276.09575,276.0958,1,0,98.5,C05282,NA,L2,L2,na,na,na,na,na,na,na,gamma-Glutamylglutamate,C10 H16 N2 O7,L2
FT_1.975_112.05049,Cytosine,C4 H5 N3 O,111.04326,111.04321,2,0,99.9,C00380,NA,L2,L2,"cytosine, 99.3%",na,na,na,na,na,na,Cytosine,C4 H5 N3 O,L2
FT_10.000_223.09405,"2-[4-(tert-butyl)-2,3-dihydro-1,3-thiazol-2-yliden]-3-oxobutanenitrile",C11 H14 N2 O S,222.08268,222.08678,1,0,90,NA,NA,"Adduct 18.43 ppm, bad spectra",delete,delete,delete,delete,delete,delete,delete,delete,delete,delete,delete
FT_10.064_211.13043,Jasmonic acid,C12 H18 O3,210.12559,210.12315,2,0,86.6,NA,NA,"Adduct -11.63 ppm, duplicate","low confidence, keep CD ",na,na,na,na,no result,no result,0.88,Jasmonic acid,C12 H18 O3,L2
FT_10.234_197.08094,NP-007491,C10 H14 O5,214.08412,196.07366,3,0,78.6,NA,NA,Adduct -18 DA,delete,delete,delete,delete,delete,delete,delete,delete,delete,delete,delete
FT_10.353_211.13040,Jasmonic acid,C12 H18 O3,210.12559,210.12313,2,0,86.2,NA,NA,"Adduct -11.75 ppm, duplicate",keep CD,no result,na,na,na,no result,no result,na,Jasmonic acid,C12 H18 O3,L2
FT_10.525_185.11734,Senkyunolide H,C12 H16 O4,224.10486,184.11004,2,0,92.2,NA,NA,"Adduct -39.99 DA, duplicate",delete,delete,delete,delete,delete,delete,delete,delete,delete,delete,delete
FT_10.539_209.11480,NP-011223,C10 H18 O3,186.12559,208.10752,5,0,99.6,NA,NA,Adduct 21.98 DA,check with sirius,no result,na,na,na,no result,no result,highier 0.8,NP-011223,C10 H18 O3,L2
FT_10.540_123.11677,"1,2,3,4-Tetramethyl-1,3-cyclopentadiene",C9 H14,122.10955,122.1095,1,0,97.6,NA,NA,"L2, duplicated",L2,na,na,na,na,na,na,na,"1,2,3,4-Tetramethyl-1,3-cyclopentadiene",C9 H14,L2
FT_10.540_169.12233,10-HDA,C10 H18 O3,186.12559,168.11505,2,0,80.2,NA,NA,"Adduct -18 DA, duplicate",L2,na,na,na,na,na,na,na,10-HDA,C10 H18 O3,L2
FT_10.608_223.06001,"(3R,4S)-4,6,8-Trihydroxy-7-methoxy-3-methyl-3,4-dihydro-1H-isochromen-1-one",C11 H12 O6,240.06339,222.05273,1,0,65.4,NA,NA,Adduct -18 DA,L2,"ddiferent annotation, low confidence",na,na,na,na,na,higher 0.8,"(3R,4S)-4,6,8-Trihydroxy-7-methoxy-3-methyl-3,4-dihydro-1H-isochromen-1-one",C11 H12 O6,L2
FT_10.615_181.08602,"5,8-dihydroxy-10-methyl-5,8,9,10-tetrahydro-2H-oxecin-2-one",C10 H14 O4,198.08921,180.07874,2,0,70.1,NA,NA,Adduct -18 DA,L2,na,na,na,na,na,na,na,"5,8-dihydroxy-10-methyl-5,8,9,10-tetrahydro-2H-oxecin-2-one",C10 H14 O4,L2
FT_10.732_253.10690,"(6S)-6-[(1S,2R)-1,2-dihydroxypentyl]-4-methoxy-5,6-dihydro-2H-pyran-2-one",C11 H18 O5,230.11542,252.09962,5,0,88.8,NA,NA,Adduct 21.98 DA,L2,low confidence,na,na,na,na,na,higher 0.8,"(6S)-6-[(1S,2R)-1,2-dihydroxypentyl]-4-methoxy-5,6-dihydro-2H-pyran-2-one",C11 H18 O5,L2
FT_10.734_305.06323,"(2R,3R)-2-(2,6-Dihydroxyphenyl)-3,5,7-trihydroxy-2,3-dihydro-4H-chromen-4-one",C15 H12 O7,304.0583,304.05595,1,0,61.1,NA,NA,"Adduct -7.74 ppm, keep cmmrt",check with sirius,low confidence,na,na,na,"3,4',5,6,7-Pentahydroxyflavanone",C15H12O7,na,"3,4',5,6,7-Pentahydroxyflavanone",C15H12O7,L3.3
FT_10.735_209.11471,NP-011223,C10 H18 O3,186.12559,208.10744,5,0,98.8,NA,NA,"Adduct 21.98 DA, bad quality",delete,delete,delete,delete,delete,delete,delete,delete,delete,delete,delete
FT_10.758_207.09912,Senkyunolide H,C12 H16 O4,224.10486,184.10992,2,0,94.2,NA,NA,"Adduct -39.99 DA, duplicate",low confidence,low confidence,na,na,na,na,na,higher 0.9,Senkyunolide H,C12 H16 O4,L2
FT_10.766_267.08627,"(3R,4S)-6,8-Dihydroxy-3,4,5-trimethyl-1-oxo-3,4-dihydro-1H-isochromene-7-carboxylic acid",C13 H14 O6,266.07904,266.07899,1,0,85.2,NA,NA,L2,L2,same annotation,na,na,na,na,na,0.95,"(3R,4S)-6,8-Dihydroxy-3,4,5-trimethyl-1-oxo-3,4-dihydro-1H-isochromene-7-carboxylic acid",C13 H14 O6,L2
FT_10.769_195.06528,NP-019445,C10 H10 O4,194.05791,194.058,5,0,77.9,NA,NA,L2,L2,na,na,na,na,na,na,na,NP-019445,C10 H10 O4,L2
FT_10.899_139.11172,Isophorone,C9 H14 O,138.10447,138.10444,1,0,76.5,C14743,NA,L2,L2,same annotation,na,na,na,na,na,na,Isophorone,C9 H14 O,L2
FT_10.944_159.10159,"3',4'-Dimethoxyacetophenone",C10 H12 O3,180.07864,158.09427,2,0,76.4,NA,NA,Adduct -21.98 DA,low confidence,0,na,na,na,na,na,na,"3',4'-Dimethoxyacetophenone",C10 H12 O3,L2
FT_11.008_179.06750,NP-012042,C10 H12 O4,196.07356,178.06022,2,0,62.7,NA,NA,Adduct -18 DA,check with sirius,0,na,na,na,na,na,na,NP-012042,C10 H12 O4,L2
FT_11.042_207.09910,Senkyunolide H,C12 H16 O4,224.10486,206.09183,2,0,93.8,NA,NA,"Adduct -18DA, duplicate",no result,delete,delete,delete,delete,delete,delete,higher 0.9,delete,delete,delete
FT_11.090_161.05973,4-Methoxycinnamic acid,C10 H10 O3,178.06299,160.05245,2,0,84.2,NA,NA,"L2, duplicated",na,na,na,na,na,na,na,0.85,4-Methoxycinnamic acid,C10 H10 O3,L2
FT_11.090_179.07054,4-Methoxycinnamic acid,C10 H10 O3,178.06299,178.06326,2,0,85,NA,NA,"Adduct -18DA, duplicate",low confidence,na,na,na,na,na,na,0.85,4-Methoxycinnamic acid,C10 H10 O3,L2
FT_11.098_265.06833,"methyl 2-{[(4-oxo-3,4-dihydrophthalazin-1-yl)methyl]thio}acetate",C12 H12 N2 O3 S,264.05686,264.06105,2,0,64.6,NA,NA,Adduct 15.86 ppm,"low confidence, keep cmmrt",na,na,na,na,Banksiamarin A,C13H12O6,na,Banksiamarin A,C13H12O6,L3.3
FT_11.180_181.04704,"4-oxo-4,5,6,7-tetrahydrobenzo[b]furan-3-carboxylic acid",C9 H8 O4,180.04226,180.03976,1,0,60.4,NA,NA,"Adduct -13.86 ppm, bad match",check with sirius,keep sirius,88.2,caffeate,C9H8O4,no result,no result,na,caffeate,C9H8O4,L3.3
FT_11.232_283.11759,5-Methyl-N-(1-methyl-3-phenyl-1H-pyrazol-5-yl)-3-isoxazolecarboxamide,C15 H14 N4 O2,282.11168,282.11035,1,0,61.2,NA,NA,,"red name, keep sirius",na,70.25,"(3S,4S)-3,4,8-trihydroxy-6-methoxy-7-(1-methoxyethyl)-3,4-dihydro-2H-naphthalen-1-one",C14H18O6,na,na,0.98,"(3S,4S)-3,4,8-trihydroxy-6-methoxy-7-(1-methoxyethyl)-3,4-dihydro-2H-naphthalen-1-one",C14H18O6,L3.3
FT_11.304_193.04955,7-hydroxy-6-methoxy-2H-chromen-2-one,C10 H8 O4,192.04226,192.04228,6,0,96.4,NA,NA,L2,L2,na,na,na,na,na,na,na,7-hydroxy-6-methoxy-2H-chromen-2-one,C10 H8 O4,L2
FT_11.314_195.06521,Ferulic acid,C10 H10 O4,194.05791,194.05793,5,0,78.6,C01494,NA,L2,L2,na,na,na,na,na,na,na,Ferulic acid,C10 H10 O4,L2
FT_11.361_283.11760,5-Methyl-N-(1-methyl-3-phenyl-1H-pyrazol-5-yl)-3-isoxazolecarboxamide,C15 H14 N4 O2,282.11168,282.11035,3,0,66.2,NA,NA,L2,L2,delete,delete,delete,delete,delete,delete,0.98,delete,delete,delete
FT_11.379_209.11474,NP-011223,C10 H18 O3,186.12559,208.10746,5,0,97.9,NA,NA,Adduct 21.98 DA,L2,no result,na,na,na,no result,no result,highier 0.8,NP-011223,C10 H18 O3,L2
FT_11.454_263.08909,"3-(3,4,5-trimethoxyphenyl)propanoic acid",C12 H16 O5,240.09977,262.08181,7,0,93.6,NA,NA,Adduct 21.98 DA,0,low confidence,na,na,na,na,na,na,"3-(3,4,5-trimethoxyphenyl)propanoic acid",C12 H16 O5,L2
FT_11.491_167.03390,2-(Chloromethyl) benzimidazole,C8 H7 Cl N2,166.02978,166.02662,1,0,86.6,NA,NA,halogenated,"keep sirius, similar compounds in cmmrt",keep sirius,59.31,"1,3-Benzenedicarboxaldehyde, 4,6-dihydroxy-",C8H6O4,different name,same formula,na,"1,3-Benzenedicarboxaldehyde, 4,6-dihydroxy-",C8H6O4,L3.3
FT_11.505_163.03899,7-Hydroxycoumarine,C9 H6 O3,162.03169,162.03172,3,0,99.2,C09315,NA,L2,L2,na,na,na,na,na,na,na,7-Hydroxycoumarine,C9 H6 O3,L2
FT_11.565_223.09649,"3-(3,4,5-trimethoxyphenyl)propanoic acid",C12 H16 O5,240.09977,222.08921,1,0,60.8,NA,NA,Adduct -18 DA,L2,"different annotation, 88.42",na,na,na,na,na,na,"3-(3,4,5-trimethoxyphenyl)propanoic acid",C12 H16 O5,L2
FT_11.589_193.04953,Scopoletin,C10 H8 O4,192.04226,192.04226,6,0,97.8,C01752,NA,L2,L2,na,na,na,na,na,na,na,Scopoletin,C10 H8 O4,L2
FT_11.593_207.09913,Senkyunolide H,C12 H16 O4,224.10486,184.10993,2,0,90.4,NA,NA,"Adduct -39.99 DA, duplicate",delete,delete,delete,delete,delete,delete,delete,higher 0.9,delete,delete,delete
FT_11.694_161.05974,3-Methoxycinnamic acid,C10 H10 O3,178.06299,160.05247,2,0,86.7,NA,NA,Adduct -18 DA,L2,na,na,na,na,na,na,na,3-Methoxycinnamic acid,C10 H10 O3,L2
FT_11.694_235.09645,NP-020206,C11 H16 O4,212.10486,234.08918,9,0,97.8,NA,NA,Adduct 21.98 DA,"keep sirius, similar compounds in cmmrt",na,70.47,6-acetyl-2-(hydroxymethyl)-2-methyl-3H-chromen-4-one,C13H14O4,similar name,same formula,higher 0.9,6-acetyl-2-(hydroxymethyl)-2-methyl-3H-chromen-4-one,C13H14O4,L2
FT_11.771_211.06008,"2-(2-acetyl-3,5-dihydroxyphenyl)acetic acid",C10 H10 O5,210.05282,210.05281,2,0,75.8,NA,NA,L2,L2,same,na,na,na,na,na,na,"2-(2-acetyl-3,5-dihydroxyphenyl)acetic acid",C10 H10 O5,L2
FT_11.776_223.06005,"4-(4-chlorophenoxy)-3,5-dimethyl-1H-pyrazole",C11 H11 Cl N2 O,222.05599,222.05277,3,0,82.9,NA,NA,halogenated,"keep sirius, similar compounds in cmmrt",keep sirius,71.67,"6-Hydroxy-7,8-dimethoxycoumarin",C11H10O5,different name,same formula,na,"6-Hydroxy-7,8-dimethoxycoumarin",C11H10O5,L2
FT_11.834_205.10702,Biotin,C10 H16 N2 O3 S,244.08816,204.09975,5,0,99.3,NA,NA,"Adduct -39.99 DA, duplicate",check with sirius,"low confidence, keep CMMRT",na,na,same,"Diethyl (2R,3R)-2-methyl-3-hydroxysuccinate",C9H16O5,na,"Diethyl (2R,3R)-2-methyl-3-hydroxysuccinate",C9H16O5,L2
FT_11.838_123.11677,"1,2,3,4-Tetramethyl-1,3-cyclopentadiene",C9 H14,122.10955,122.10949,1,0,96.3,NA,NA,L2,L2,0,na,na,na,na,na,na,"1,2,3,4-Tetramethyl-1,3-cyclopentadiene",C9 H14,L2
FT_11.899_205.08343,Resorcinol diglycidyl ether,C12 H14 O4,222.08921,204.07615,2,0,78.6,NA,NA,"Lab-use synthetic compound, likely contaminant",delete,no result,na,na,na,na,na,na,delete,delete,delete
FT_11.901_165.09108,4-Phenylbutyric acid,C10 H12 O2,164.08373,164.08381,2,0,81.8,NA,NA,L2,L2,similar sirius anotation,na,na,na,na,na,low,4-Phenylbutyric acid,C10 H12 O2,L2
FT_11.950_223.06004,"(3R,4S)-4,6,8-Trihydroxy-7-methoxy-3-methyl-3,4-dihydro-1H-isochromen-1-one",C11 H12 O6,240.06339,222.05276,3,0,69.5,NA,NA,Adduct -18 DA,L2,"different annotation, reticulol, 87.98",na,na,na,na,na,na,"(3R,4S)-4,6,8-Trihydroxy-7-methoxy-3-methyl-3,4-dihydro-1H-isochromen-1-one",C11 H12 O6,L2
FT_11.963_207.09907,Senkyunolide H,C12 H16 O4,224.10486,206.09179,2,0,94.8,NA,NA,"Adduct -18 DA, duplicate",0,"no result, keep CD",na,na,na,na,na,higher 0.9,Senkyunolide H,C12 H16 O4,L2
FT_11.968_401.15712,"5-(furan-3-yl)-1',9'-dihydroxy-12'-(hydroxymethyl)-6'-methyl-3'-oxaspiro[oxolane-3,7'-tricyclo[6.3.1.0â´,ÂaÂ?]dodecane]-2-one",C20 H26 O7,378.16785,400.14985,6,0,99,NA,NA,Adduct 21.98 DA,"low confidence, keep cmmrt",low confidence,na,na,na,"6-(1,3-Diphenylbut-3-en-2-yloxy)-3,4,5-trihydroxyoxane-2-carboxylic acid",C22H24O7,0,"6-(1,3-Diphenylbut-3-en-2-yloxy)-3,4,5-trihydroxyoxane-2-carboxylic acid",C22H24O7,L2
FT_12.026_251.09138,Citrinin,C13 H14 O5,250.08412,250.08411,3,0,74.7,C16765,NA,L2,L2,"same annotation, 68%",na,na,na,na,na,0,Citrinin,C13 H14 O5,L2
FT_12.109_207.09909,Senkyunolide H,C12 H16 O4,224.10486,206.09181,2,0,94.1,NA,NA,"Adduct -18 DA, duplicate",,"no results, keep cd",na,na,na,na,na,higher 0.9,Senkyunolide H,C12 H16 O4,L2
FT_12.148_227.08895,Biotin,C10 H16 N2 O3 S,244.08816,226.08168,3,0,68.6,NA,NA,Adduct -18 DA,check with sirius,"low confidence, keep CD",na,na,na,na,na,na,Biotin,C10 H16 N2 O3 S,L2
FT_12.160_193.04957,"7,8-Dihydroxy-4-methylcoumarin",C10 H8 O4,192.04226,192.04229,6,0,75.1,NA,NA,L2,L2,low quality peak,na,na,na,na,na,na,"7,8-Dihydroxy-4-methylcoumarin",C10 H8 O4,L2
FT_12.201_165.09102,4-Phenylbutyric acid,C10 H12 O2,164.08373,164.08375,2,0,86,NA,NA,L2,L2,similar sirius anotation,na,na,na,na,na,low,4-Phenylbutyric acid,C10 H12 O2,L2
FT_12.217_251.09140,Citrinin,C13 H14 O5,250.08412,250.08412,3,0,76.9,C16765,NA,delete,delete,delete,delete,delete,delete,delete,delete,delete,delete,delete,delete
FT_12.218_179.03372,Esculetin,C9 H6 O4,178.02661,178.02644,1,0,90.1,C09263,NA,L2,L2,na,na,na,na,na,na,na,Esculetin,C9 H6 O4,L2
FT_12.244_248.16449,NP-017152,C13 H23 N O2,225.17288,247.15721,3,0,93.9,NA,NA,"Adduct 21.98 DA, bad quality",delete,delete,delete,delete,delete,delete,delete,delete,delete,delete,delete
FT_12.245_283.08124,2-{[2-(3-cyano-2-pyridinyl)hydrazino]carbonyl}benzoic acid,C14 H10 N4 O3,282.07529,282.07396,1,0,77.5,NA,NA,L2,L2,na,na,na,na,na,na,na,2-{[2-(3-cyano-2-pyridinyl)hydrazino]carbonyl}benzoic acid,C14 H10 N4 O3,L2
FT_12.246_177.09120,NP-014891,C11 H14 O3,194.09429,176.08392,1,0,62.7,NA,NA,"Adduct -18 DA, bad spectra",delete,delete,delete,delete,delete,delete,delete,delete,delete,delete,delete
FT_12.292_267.12266,4-oxododecanedioic acid,C12 H20 O5,244.13107,266.1154,4,0,71.6,NA,NA,"Adduct 21.98 DA, duplicated",na,na,na,na,na,na,na,na,4-oxododecanedioic acid,C12 H20 O5,L2
FT_12.302_297.13320,Deoxynivalenol,C15 H20 O6,296.12599,296.12592,1,0,67.1,C09747,NA,L2,L2,na,na,na,na,na,na,na,Deoxynivalenol,C15 H20 O6,L2
FT_12.311_223.06010,"4-(4-chlorophenoxy)-3,5-dimethyl-1H-pyrazole",C11 H11 Cl N2 O,222.05599,222.05283,3,0,72.3,NA,NA,halogenated,keep siriu,0,81.14,Saccharonol B,C11H10O5,na,na,na,Saccharonol B,C11H10O5,L2
FT_12.329_167.07030,Apocynin,C9 H10 O3,166.06299,166.06301,2,0,75.4,C11380,NA,L2,L2,"Different annotation, low confidence",na,na,na,na,na,low,Apocynin,C9 H10 O3,L2
FT_12.335_265.10701,NP-020363,C14 H18 O6,282.11034,264.09974,2,0,67.6,NA,NA,"Adduct -18.010 DA, low intensity",check with sirius,0,delete,delete,delete,delete,delete,higher 0.9,delete,delete,delete
FT_12.336_177.05463,4-Methylumbelliferone hydrate,C10 H8 O3,176.04734,176.04735,4,0,88,NA,NA,"L2, duplicated, low quality",delete,delete,delete,delete,delete,delete,delete,delete,delete,delete,delete
FT_12.344_207.13792,NP-007909,C13 H20 O3,224.14124,206.13064,1,0,79.5,NA,NA,"Adduct -18.010 DA, low quality",delete,delete,delete,delete,delete,delete,delete,delete,delete,delete,delete
FT_12.347_169.12233,10-HDA,C10 H18 O3,186.12559,168.11503,2,0,72.8,NA,NA,"Adduct -18.010 DA,duplicate",na,na,na,na,na,na,na,low,10-HDA,C10 H18 O3,L2
FT_12.438_267.15908,NP-018534,C15 H22 O4,266.15181,266.15182,6,0,74.6,NA,NA,L2,L2,na,na,na,na,na,na,0.96,NP-018534,C15 H22 O4,L2
FT_12.452_383.13140,"2-[3-(tert-butyl)-1-(4-fluorobenzyl)-1H-pyrazol-5-yl]-5-(2-thienyl)-1,3,4-oxadiazole",C20 H19 F N4 O S,382.12636,382.12412,3,0,97.4,NA,NA,"halogenated, low quality",delete,delete,delete,delete,delete,delete,delete,delete,delete,delete,delete
FT_12.468_207.06517,Scoparone,C11 H10 O4,206.05791,206.05789,2,0,88.5,C09311,NA,L2,L2,na,na,na,na,na,na,na,Scoparone,C11 H10 O4,L2
FT_12.473_195.09912,NP-007994,C11 H16 O4,212.10486,194.09184,1,0,70.8,NA,NA,"Adduct -18.010 DA, bad spectra",delete,delete,delete,delete,delete,delete,delete,delete,delete,delete,delete
FT_12.481_293.09986,N-(Tetrahydrofuran-2-ylmethyl)quinoline-8-sulfonamide,C14 H16 N2 O3 S,292.08816,292.09258,1,0,62.4,NA,NA,"Adduct 15.13 ppm, bad quality",delete,delete,delete,delete,delete,delete,delete,delete,delete,delete,delete
FT_12.488_191.07028,3-(4-Methylbenzoyl)acrylic acid,C11 H10 O3,190.06299,190.063,2,0,71.5,NA,NA,L2,L2,na,na,na,na,na,na,na,3-(4-Methylbenzoyl)acrylic acid,C11 H10 O3,L2
FT_12.496_281.10195,N1-(1H-indol-4-yl)cyclohexane-1-carboxamide,C15 H18 N2 O,242.14191,280.09467,2,0,71.2,NA,NA,"Adduct 37.95 DA, low quality",delete,delete,delete,delete,delete,delete,delete,delete,delete,delete,delete
FT_12.554_207.09914,Senkyunolide H,C12 H16 O4,224.10486,184.10994,2,0,74.6,NA,NA,"Adduct -40DA, duplicate","low confidence, keep CD ",na,na,na,na,na,na,higher 0.9,Senkyunolide H,C12 H16 O4,L2
FT_12.555_139.11173,Isophorone,C9 H14 O,138.10447,138.10445,1,0,75.9,C14743,NA,L2,L2,different annotation low confidence,na,na,na,na,na,0,Isophorone,C9 H14 O,L2
FT_12.560_169.04957,methyl 4-methyl-2-oxo-2H-pyran-6-carboxylate,C8 H8 O4,168.04226,168.04229,2,0,88.3,NA,NA,L2,L2,na,na,na,na,na,na,0,methyl 4-methyl-2-oxo-2H-pyran-6-carboxylate,C8 H8 O4,L2
FT_12.566_235.09649,NP-020205,C11 H16 O4,212.10486,234.08921,8,0,81.4,NA,NA,"Adduct 21.98 DA, bad quality",delete,delete,delete,delete,delete,delete,delete,delete,delete,delete,delete
FT_12.597_253.10696,"(6S)-6-[(1S,2R)-1,2-dihydroxypentyl]-4-methoxy-5,6-dihydro-2H-pyran-2-one",C11 H18 O5,230.11542,252.09968,3,0,83.5,NA,NA,"Adduct 21.98 DA, bad quality",delete,delete,delete,delete,delete,delete,delete,delete,delete,delete,delete
FT_12.610_177.05462,4-Methylumbelliferone hydrate,C10 H8 O3,176.04734,176.04735,4,0,98.1,NA,NA,"L2, duplicated",L2,"different annotation, 86%",na,na,na,na,na,0,4-Methylumbelliferone hydrate,C10 H8 O3,L2
FT_12.613_267.15909,NP-018534,C15 H22 O4,266.15181,266.15181,7,0,84.3,NA,NA,L2,L2,na,na,na,na,na,na,0.96,NP-018534,C15 H22 O4,L2
FT_12.639_207.06519,Scoparone,C11 H10 O4,206.05791,206.05791,2,0,86.9,C09311,NA,L2,L2,na,na,na,na,na,na,0,Scoparone,C11 H10 O4,L2
FT_12.665_251.09136,6-(3-hydroxybutan-2-yl)-5-(hydroxymethyl)-4-methoxy-2H-pyran-2-one,C11 H16 O5,228.09977,250.08408,3,0,86.6,NA,NA,"Adduct 21.98 DA, low quality",delete,delete,delete,delete,delete,delete,delete,delete,delete,delete,delete
FT_12.670_361.16231,Triptolide,C20 H24 O6,360.15729,360.15503,5,0,97.7,NA,NA,Adduct -6.26 ppm,check with sirius,na,na,na,na,same name,same formula,na,Triptolide,C20 H24 O6,L2
FT_12.692_223.05997,"(3R,4S)-4,6,8-Trihydroxy-7-methoxy-3-methyl-3,4-dihydro-1H-isochromen-1-one",C11 H12 O6,240.06339,222.0527,1,0,62.8,NA,NA,"Adduct -18 DA, low quality",delete,delete,delete,delete,delete,delete,delete,delete,delete,delete,delete
FT_12.713_219.06518,NP-019992,C10 H12 O4,196.07356,218.0579,3,0,89.3,NA,NA,Adduct 21.98 DA,L2,na,na,na,na,na,na,na,NP-019992,C10 H12 O4,L2
FT_12.726_237.07572,Radicinin,C12 H12 O5,236.06847,236.06845,4,0,69,NA,NA,Low quality,delete,delete,delete,delete,delete,delete,delete,delete,delete,delete,delete
FT_12.740_281.10173,N1-(1H-indol-4-yl)cyclohexane-1-carboxamide,C15 H18 N2 O,242.14191,280.09454,1,0,62.2,NA,NA,Adduct 37.95 DA,L2,na,na,na,na,na,na,higher 0.9,N1-(1H-indol-4-yl)cyclohexane-1-carboxamide,C15 H18 N2 O,L2
FT_12.753_167.03385,2-(Chloromethyl) benzimidazole,C8 H7 Cl N2,166.02978,166.02658,1,0,72.1,NA,NA,halogenated,"low confidence, keep cmmrt, similar structures",na,na,na,na,Benzoquinoneacetic acid,C8H6O4,0,Benzoquinoneacetic acid,C8H6O4,L3.3
FT_12.812_251.12775,"5-[(1E)-3-hydroxy-3-methylbut-1-en-1-yl]-2-methylcyclohex-5-ene-1,2,4-triol",C12 H20 O4,228.13616,250.12047,3,0,64.2,NA,NA,Adduct 21.98 DA,L2,na,na,na,na,na,na,higher 0.8,"5-[(1E)-3-hydroxy-3-methylbut-1-en-1-yl]-2-methylcyclohex-5-ene-1,2,4-triol",C12 H20 O4,L2
FT_12.812_291.12045,NP-016564,C16 H20 O6,308.12599,290.11317,1,0,62.2,NA,NA,Adduct -18.01 DA,keep cd,na,na,na,na,na,na,0,NP-016564,C16 H20 O6,L2
FT_12.818_265.10704,NP-020400,C12 H18 O5,242.11542,264.09977,5,0,93.3,NA,NA,Adduct 21.98 DA,"high confidence, keep sirius","high confidence, similar cmmrt",81.7,"3a[(2S)a2aHydroxypropyl]a6,8adimethoxya1Ha isochromena1aone",C14H16O5,na,na,higher 0.9,"3a[(2S)a2aHydroxypropyl]a6,8adimethoxya1Ha isochromena1aone",C14H16O5,L2
FT_12.822_267.08631,"(3R,4S)-6,8-Dihydroxy-3,4,5-trimethyl-1-oxo-3,4-dihydro-1H-isochromene-7-carboxylic acid",C13 H14 O6,266.07904,266.07904,1,0,71.8,NA,NA,L2,L2,keep sirius,70.03,Pestalotiopyrone H,C13H14O6,na,na,0.95,Pestalotiopyrone H,C13H14O6,L3.3
FT_12.908_223.06007,"4-(4-chlorophenoxy)-3,5-dimethyl-1H-pyrazole",C11 H11 Cl N2 O,222.05599,222.05279,3,0,81.8,NA,NA,"halogenated, low quality",delete,delete,delete,delete,delete,delete,delete,delete,delete,delete,delete
FT_12.931_209.08086,"6-Hydroxy-8-methoxy-3-methyl-3,4-dihydro-1H-isochromen-1-one",C11 H12 O4,208.07356,208.07359,2,0,71.7,NA,NA,"L2, duplicated",L2,na,na,na,na,na,na,0.89,"6-Hydroxy-8-methoxy-3-methyl-3,4-dihydro-1H-isochromen-1-one",C11 H12 O4,L2
FT_12.933_195.06530,NP-001130,C8 H12 O4,172.07356,194.05803,5,0,93,NA,NA,Adduct 21.98 DA,L2,na,na,na,na,na,na,na,NP-001130,C8 H12 O4,L2
FT_12.965_211.06011,"1-(3-acetyl-2,4,6-trihydroxyphenyl)ethan-1-one",C10 H10 O5,210.05282,210.05284,1,0,73.3,NA,NA,low quality,delete,delete,delete,delete,delete,delete,delete,delete,delete,delete,delete
FT_12.979_321.13100,"methyl 2-(1,3,5-trihydroxy-4a-methyl-8-oxo-decahydronaphthalen-2-yl)prop-2-enoate",C15 H22 O6,298.14164,298.14172,8,0,96.9,NA,NA,L2,L2,na,na,na,na,na,na,na,"methyl 2-(1,3,5-trihydroxy-4a-methyl-8-oxo-decahydronaphthalen-2-yl)prop-2-enoate",C15 H22 O6,L2
FT_12.981_321.13098,NP-006370,C15 H22 O6,298.14164,320.1237,8,0,96.8,NA,NA,Adduct 21.98 DA,L2,keep sirius,69.97,(Z)-Mycophenolic Acid,C17H20O6,na,na,na,(Z)-Mycophenolic Acid,C17H20O6,L3.3
FT_13.023_189.08828,NP-013210,C12 H14 O3,206.09429,188.08101,3,0,74.2,NA,NA,Adduct -18 DA,L2,na,na,na,na,na,na,low,NP-013210,C12 H14 O3,L2
FT_13.030_235.09647,NP-020205,C11 H16 O4,212.10486,234.0892,9,0,92.9,NA,NA,Adduct 21.98 DA,check with sirius,same annotation other CD hit,na,na,na,na,na,higher 0.8,Gtri-02,C13H14O4,L2
FT_13.053_245.11716,"(3aR,4aS,5R,8S,9aR)-5-hydroxy-4a,8-dimethyl-3-methylidene-2H,3H,3aH,4H,4aH,5H,6H,8H,9H,9aH-azuleno[6,5-b]furan-2,6-dione",C15 H18 O4,262.12051,244.10988,1,0,69.5,NA,NA,Adduct -18.01 DA,L2,"low confidence, similar structure",na,na,na,na,na,0.84,"(3aR,4aS,5R,8S,9aR)-5-hydroxy-4a,8-dimethyl-3-methylidene-2H,3H,3aH,4H,4aH,5H,6H,8H,9H,9aH-azuleno[6,5-b]furan-2,6-dione",C15 H18 O4,L2
FT_13.126_237.11210,"1-[3-Hydroxy-2-(2-hydroxy-2-propanyl)-2,3-dihydro-1-benzofuran-5-yl]ethanone",C13 H16 O4,236.10486,236.10484,2,0,92.6,NA,NA,L2,L2,na,na,na,na,na,na,0.93,"1-[3-Hydroxy-2-(2-hydroxy-2-propanyl)-2,3-dihydro-1-benzofuran-5-yl]ethanone",C13 H16 O4,L2
FT_13.135_253.10701,"(2R)-7-hydroxy-8-(2-hydroxyethyl)-5-methoxy-2-methyl-3,4-dihydro-2H-1-benzopyran-4-one",C13 H16 O5,252.09977,252.09976,3,0,73.9,NA,NA,low quality,delete,delete,delete,delete,delete,delete,delete,delete,delete,delete,delete
FT_13.141_265.10705,NP-020400,C12 H18 O5,242.11542,264.09978,4,0,76.2,NA,NA,"Adduct 21.98 DA, bad spectra",delete,delete,delete,delete,delete,delete,delete,delete,delete,delete,delete
FT_13.150_179.07030,NP-012042,C10 H12 O4,196.07356,178.06302,2,0,74.5,NA,NA,Adduct -18.01 DA,L2,na,na,na,na,na,na,highier 0.8,NP-012042,C10 H12 O4,L2
FT_13.150_249.11210,NP-021018,C12 H18 O4,226.12051,248.10482,2,0,74.8,NA,NA,"Adduct 21.98 DA, bad spectra",delete,delete,delete,delete,delete,delete,delete,delete,delete,delete,delete
FT_13.217_165.09109,4-Phenylbutyric acid,C10 H12 O2,164.08373,164.08381,2,0,80.1,NA,NA,"L2, bad spectra",delete,delete,delete,delete,delete,delete,delete,delete,delete,delete,delete
FT_13.218_153.12740,α-Pinene-2-oxide,C10 H16 O,152.12012,152.12013,6,0,87.8,NA,NA,"L2, bad spectra",check with sirius,delete,delete,delete,delete,delete,delete,delete,delete,delete,delete
FT_13.244_219.06524,NP-019992,C10 H12 O4,196.07356,218.05796,2,0,65.8,NA,NA,"Adduct 21.98 DA, low intensity",check with sirius,0,delete,delete,delete,delete,delete,0,DELETE,DELETE,delete
FT_13.279_195.02880,4-chloro-2-(1H-pyrazol-3-yl)phenol,C9 H7 Cl N2 O,194.02469,194.02153,1,0,83.7,NA,NA,halogenated,sirius and cmmrt same annotation,sirius and cmmrt same annotation,55.88,"4,6,7-Trihydroxycoumarin",C9H6O5,"4,6,7-Trihydroxycoumarin",C9H6O5,0,"4,6,7-Trihydroxycoumarin",C9H6O5,L3.1
FT_13.285_193.04949,"6,7-Dihydroxy-4-methylcoumarin",C10 H8 O4,192.04226,192.04222,6,0,87.3,NA,NA,L2,L2,na,na,na,na,na,na,0,"6,7-Dihydroxy-4-methylcoumarin",C10 H8 O4,L2
FT_13.285_211.06008,"1-(3-acetyl-2,4,6-trihydroxyphenyl)ethan-1-one",C10 H10 O5,210.05282,210.0528,3,0,93.3,NA,NA,L2,L2,na,na,na,na,na,na,higher 0.8,"1-(3-acetyl-2,4,6-trihydroxyphenyl)ethan-1-one",C10 H10 O5,L2
FT_13.290_167.03389,2-(Chloromethyl) benzimidazole,C8 H7 Cl N2,166.02978,166.02662,1,0,85.7,NA,NA,halogenated,na,na,70,5-Formylsalicylic acid,C8H6O4,different name,same formula,0,5-Formylsalicylic acid,C8H6O4,L3.3
FT_13.328_265.10706,NP-020400,C12 H18 O5,242.11542,264.09978,4,0,86.7,NA,NA,"Adduct -18 Da, low quality spectra",delete,delete,delete,delete,delete,delete,delete,delete,delete,delete,delete
FT_13.332_235.16925,NP-008095,C15 H24 O3,252.17254,234.16197,3,0,67.4,NA,NA,"Adduct -21.98Da, delete",delete,delete,delete,delete,delete,delete,delete,delete,delete,delete,delete
FT_13.344_207.09908,NP-013210,C12 H14 O3,206.09429,206.0918,2,0,79.4,NA,NA,"Adduct -12.09 ppm, low quality",delete,delete,delete,delete,delete,delete,delete,delete,delete,delete,delete
FT_13.355_137.13245,Eucalyptol,C10 H18 O,154.13577,136.12518,1,0,93.4,NA,NA,Adduct -18Da,L2,na,na,na,na,na,na,na,Eucalyptol,C10 H18 O,L2
FT_13.390_209.08082,"6-Hydroxy-8-methoxy-3-methyl-3,4-dihydro-1H-isochromen-1-one",C11 H12 O4,208.07356,208.07355,2,0,73.8,NA,NA,duplicated,L2,na,na,na,na,na,na,0.89,"6-Hydroxy-8-methoxy-3-methyl-3,4-dihydro-1H-isochromen-1-one",C11 H12 O4,L2
FT_13.401_219.17435,NP-004713,C15 H24 O2,236.17763,218.16707,3,0,78,NA,NA,Adduct -18DA,L2,na,na,na,na,na,na,0,NP-004713,C15 H24 O2,L2
FT_13.404_181.04954,"4-oxo-4,5,6,7-tetrahydrobenzo[b]furan-3-carboxylic acid",C9 H8 O4,180.04226,180.04227,2,0,89.3,NA,NA,duplicated,L2,na,na,na,na,na,na,0,"4-oxo-4,5,6,7-tetrahydrobenzo[b]furan-3-carboxylic acid",C9 H8 O4,L2
FT_13.404_253.10703,"(6S)-6-[(1S,2R)-1,2-dihydroxypentyl]-4-methoxy-5,6-dihydro-2H-pyran-2-one",C11 H18 O5,230.11542,252.09976,2,0,71.5,NA,NA,"Adduct 21.98 DA, duplicated","keep other CD hit, similar sirius",similar CD,72.46,"(2S)-7-hydroxy-8-(2-hydroxyethyl)-5-methoxy-2-methyl-2,3-dihydrochromen-4-one",C13H16O5,na,na,higher 0.8,"(2S)-7-hydroxy-8-(2-hydroxyethyl)-5-methoxy-2-methyl-2,3-dihydrochromen-4-one",C13H16O5,L2
FT_13.420_237.07574,"6,7,8-trimethoxy-2H-chromen-2-one",C12 H12 O5,236.06847,236.06846,5,0,97.4,NA,NA,duplicated,L2,na,na,na,na,na,na,higher 0.8,"6,7,8-trimethoxy-2H-chromen-2-one",C12 H12 O5,L2
FT_13.422_211.06008,"1-(3-acetyl-2,4,6-trihydroxyphenyl)ethan-1-one",C10 H10 O5,210.05282,210.05281,3,0,92.9,NA,NA,0,L2,na,na,na,na,na,na,higher 0.8,"1-(3-acetyl-2,4,6-trihydroxyphenyl)ethan-1-one",C10 H10 O5,L2
FT_13.428_281.10197,N1-(1H-indol-4-yl)cyclohexane-1-carboxamide,C15 H18 N2 O,242.14191,280.0948,2,0,87.1,NA,NA,"Adduct 37.95 DA, spectra low quality",check with sirius,0,delete,delete,delete,delete,delete,higher 0.9,DELETE,DELETE,delete
FT_13.440_315.14387,"1-Allyl-3-[(2S,11aS)-5,11-dioxo-2,3,5,10,11,11a-hexahydro-1H-pyrrolo[2,1-c][1,4]benzodiazepin-2-yl]urea",C16 H18 N4 O3,314.13789,314.1368,4,0,91.7,NA,NA,0,L2,na,na,na,na,na,na,0,"1-Allyl-3-[(2S,11aS)-5,11-dioxo-2,3,5,10,11,11a-hexahydro-1H-pyrrolo[2,1-c][1,4]benzodiazepin-2-yl]urea",C16 H18 N4 O3,L2
FT_13.477_195.06519,NP-019445,C10 H10 O4,194.05791,194.05791,6,0,88.4,NA,NA,0,L2,na,na,na,na,na,na,higher 0.9,NP-019445,C10 H10 O4,L2
FT_13.479_211.09656,Citrinin,C13 H14 O5,250.08412,210.08929,2,0,82.7,NA,NA,"Adduct -39.99 DA, spectra low quality",delete,delete,delete,delete,delete,delete,delete,delete,delete,delete,delete
FT_13.508_295.15194,AH 8533,C16 H23 Cl N2 O,294.14989,294.14467,2,0,64.8,NA,NA,"halogenated, low quality",delete,delete,delete,delete,delete,delete,delete,delete,delete,delete,delete
FT_13.521_153.12740,D-(+)-Camphor,C10 H16 O,152.12012,152.12012,6,0,93.3,C00808,NA,0,L2,na,na,na,na,na,na,na,D-(+)-Camphor,C10 H16 O,L2
FT_13.530_235.09647,NP-020205,C11 H16 O4,212.10486,234.0892,9,0,80.5,NA,NA,Adduct 21.98,L2,0,delete,delete,delete,delete,delete,0,delete,delete,delete
FT_13.625_237.07572,"6,7,8-trimethoxy-2H-chromen-2-one",C12 H12 O5,236.06847,236.06845,5,0,90.6,NA,NA,Low quality,delete,delete,delete,delete,delete,delete,delete,higher 0.8,delete,delete,delete
FT_13.639_283.11762,NP-020363,C14 H18 O6,282.11034,282.11045,1,0,73.9,NA,NA,Low quality,check with sirius,na,na,na,na,na,na,higher 0.9,NP-020363,C14 H18 O6,L2
FT_13.642_287.08908,Sakuranetin,C16 H14 O5,286.08412,286.0818,4,0,78.9,NA,NA,"Adduct -8.11 ppm, low intensity",delete,delete,delete,delete,delete,delete,delete,delete,delete,delete,delete
FT_13.672_237.11211,"1-[3-Hydroxy-2-(2-hydroxy-2-propanyl)-2,3-dihydro-1-benzofuran-5-yl]ethanone",C13 H16 O4,236.10486,236.10484,3,0,97.6,NA,NA,0,L2,na,na,na,na,na,na,0.93,"1-[3-Hydroxy-2-(2-hydroxy-2-propanyl)-2,3-dihydro-1-benzofuran-5-yl]ethanone",C13 H16 O4,L2
FT_13.693_267.15907,NP-018534,C15 H22 O4,266.15181,266.15184,7,0,79.8,NA,NA,0,L2,na,na,na,na,na,na,0,NP-018534,C15 H22 O4,L2
FT_13.711_265.10705,NP-020400,C12 H18 O5,242.11542,264.09979,5,0,86,NA,NA,"Adduct 21.98 DA, low intensity",delete,delete,delete,delete,delete,delete,delete,delete,delete,delete,delete
FT_13.726_153.12740,α-Pinene-2-oxide,C10 H16 O,152.12012,152.12013,6,0,88.2,NA,NA,Low quality,delete,delete,delete,delete,delete,delete,delete,delete,delete,delete,delete
FT_13.741_167.10667,6-Pentyl-2H-pyran-2-one,C10 H14 O2,166.09938,166.09939,1,0,66.1,NA,NA,0,L2,na,na,na,na,na,na,na,6-Pentyl-2H-pyran-2-one,C10 H14 O2,L2
FT_13.747_233.08082,Citrinin,C13 H14 O5,250.08412,232.07355,1,0,95.4,NA,NA,"Adduct -18 DA, duplicate",check with sirius,na,na,na,na,na,na,higher 0.8,Citrinin,C13 H14 O5,L2
FT_13.762_231.13793,"7-Methyl-3-methylene-6-(3-oxobutyl)-3,3a,4,7,8,8a-hexahydro-2H-cyclohepta[b]furan-2-one",C15 H20 O3,248.14124,230.13066,6,0,84.4,NA,NA,Adduct -18 Da,L2,na,na,na,na,na,na,low,"7-Methyl-3-methylene-6-(3-oxobutyl)-3,3a,4,7,8,8a-hexahydro-2H-cyclohepta[b]furan-2-one",C15 H20 O3,L2
FT_13.773_197.08089,1-(3-Chlorophenyl)piperazine (m-CPP),C10 H13 Cl N2,196.07673,196.07362,8,0,87.7,NA,NA,halogenated,keep sirius,0,75.98,Sparassol,C10H12O4,different name,same formula,0,Sparassol,C10H12O4,L3.3
FT_13.773_223.09647,N1-(4-chlorobenzylidene)piperidin-1-amine,C12 H15 Cl N2,222.09238,222.08919,1,0,63.3,NA,NA,halogenated,0,0,75.12,"1-(5-Acetyl-2,4-dimethoxyphenyl)ethanone",C12H14O4,different name,same formula,0,"1-(5-Acetyl-2,4-dimethoxyphenyl)ethanone",C12H14O4,L3.3
FT_13.798_308.17041,Desmethylclozapine,C17 H17 Cl N4,312.11417,290.13671,2,0,87.2,NA,NA,"halogenated, keep second hit",na,na,na,na,na,na,na,na,"8H,16H-Dinaphtho[2,1-d:1',2'-g][1,3]dioxocine",C22H16O2,L2
FT_13.808_181.04953,"4-oxo-4,5,6,7-tetrahydrobenzo[b]furan-3-carboxylic acid",C9 H8 O4,180.04226,180.04226,2,0,91.8,NA,NA,0,L2,na,na,na,na,na,na,na,"4-oxo-4,5,6,7-tetrahydrobenzo[b]furan-3-carboxylic acid",C9 H8 O4,L2
FT_13.813_235.09647,NP-020206,C11 H16 O4,212.10486,234.08919,8,0,96.7,NA,NA,Adduct 21.98 DA,L2,na,na,na,na,na,na,higher 0.9,NP-020206,C11 H16 O4,L2
FT_13.822_251.09140,Citrinin,C13 H14 O5,250.08412,250.08413,3,0,86.3,C16765,NA,duplicated,check with sirius,"Different annotation, low confidence",na,na,na,na,na,higher 0.8,Citrinin,C13 H14 O5,L2
FT_13.835_253.10703,"(6S)-6-[(1S,2R)-1,2-dihydroxypentyl]-4-methoxy-5,6-dihydro-2H-pyran-2-one",C11 H18 O5,230.11542,252.09976,2,0,65.7,NA,NA,Adduct 21.98 DA,L2,"no name, 86.03%",na,na,na,na,na,higher 0.8,"(6S)-6-[(1S,2R)-1,2-dihydroxypentyl]-4-methoxy-5,6-dihydro-2H-pyran-2-one",C11 H18 O5,L2
FT_13.958_151.07537,4'-Methoxyacetophenone,C9 H10 O2,150.06808,150.06809,3,0,92.2,NA,NA,0,L2,na,na,na,na,na,na,na,4'-Methoxyacetophenone,C9 H10 O2,L2
FT_13.958_231.09913,"3-phenyl-5,6,7,8-tetrahydro[1,3]diazepino[2,1-b][1,3]thiazole hydrobromide",C13 H14 N2 S,230.08777,230.09185,1,0,60.1,NA,NA,"Adduct 17.73 ppm, low quality",check with sirius,0,63.75,Demethylsuberosin,C14H14O3,na,na,na,Demethylsuberosin,C14H14O3,L3.3
FT_13.986_251.09140,Citrinin,C13 H14 O5,250.08412,250.08413,3,0,78.8,C16765,NA,duplicated,check with sirius,"Different annotation, low confidence",na,na,na,na,na,higher 0.8,Citrinin,C13 H14 O5,L2
FT_14.023_195.06518,NP-019445,C10 H10 O4,194.05791,194.0579,6,0,89.1,NA,NA,low quality,delete,delete,delete,delete,delete,delete,delete,higher 0.9,delete,delete,delete
FT_14.025_267.12269,4-oxododecanedioic acid,C12 H20 O5,244.13107,266.11542,3,0,81.9,NA,NA,"Adduct 21.98 DA, duplicated",second CD hit match cmmrt,na,na,na,na,na,na,higher 0.8,4-oxododecanedioic acid,C12 H20 O5,L2
FT_14.130_229.08603,"8,8-dimethyl-2H,8H-pyrano[3,2-g]chromen-2-one",C14 H12 O3,228.07864,228.07875,4,0,71.5,NA,NA,0,L2,na,na,na,na,na,na,0,"8,8-dimethyl-2H,8H-pyrano[3,2-g]chromen-2-one",C14 H12 O3,L2
FT_14.153_249.11211,NP-021018,C12 H18 O4,226.12051,248.10483,3,0,90,NA,NA,"Adduct 21.98 DA, low intensity",delete,delete,delete,delete,delete,delete,delete,delete,delete,delete,delete
FT_14.157_253.10703,"(6S)-6-[(1S,2R)-1,2-dihydroxypentyl]-4-methoxy-5,6-dihydro-2H-pyran-2-one",C11 H18 O5,230.11542,252.09978,2,0,76,NA,NA,"Adduct 21.98 DA, duplicated",keep sirius,0,70.49,Eugenone,C13H16O5,different name,same formula,higher 0.8,Eugenone,C13H16O5,L3.3
FT_14.159_211.06009,"1-(3-acetyl-2,4,6-trihydroxyphenyl)ethan-1-one",C10 H10 O5,210.05282,210.05281,3,0,93.4,NA,NA,0,na,na,na,na,na,na,na,higher 0.8,"1-(3-acetyl-2,4,6-trihydroxyphenyl)ethan-1-one",C10 H10 O5,L2
FT_14.159_235.09648,NP-020206,C11 H16 O4,212.10486,234.0892,9,0,96.6,NA,NA,Adduct 21.98 DA,na,na,na,na,na,na,na,higher 0.9,NP-020206,C11 H16 O4,L2
FT_14.189_237.07566,"(7R,8S)-7,8-Dihydroxy-3,7-dimethyl-6-oxo-7,8-dihydro-6H-isochromene-5-carbaldehyde",C12 H12 O5,236.06847,236.06838,1,0,60.5,NA,NA,Low quality,delete,delete,delete,delete,delete,delete,delete,delete,delete,delete,delete
FT_14.221_281.10193,N1-(1H-indol-4-yl)cyclohexane-1-carboxamide,C15 H18 N2 O,242.14191,280.09466,2,0,79.5,NA,NA,"Adduct 37.95, low quality",delete,delete,delete,delete,delete,delete,delete,delete,delete,delete,delete
FT_14.233_215.14290,"(4aR,5R,6R)-6-hydroxy-4a,5-dimethyl-3-(prop-1-en-2-yl)-2,4a,5,6,7,8-hexahydronaphthalen-2-one",C15 H20 O2,232.14633,214.13562,1,0,74,NA,NA,"Adduct -18 DA, low quality",delete,delete,delete,delete,delete,delete,delete,delete,delete,delete,delete
FT_14.256_275.16186,"1,4-dihydroxy-1,4-dimethyl-7-(propan-2-ylidene)-decahydroazulen-6-one",C15 H24 O3,252.17254,274.15458,7,0,97.8,NA,NA,"Adduct 21.98 DA, duplicated",na,na,na,na,na,na,na,low,"1,4-dihydroxy-1,4-dimethyl-7-(propan-2-ylidene)-decahydroazulen-6-one",C15 H24 O3,L2
FT_14.269_265.10705,NP-020363,C14 H18 O6,282.11034,264.09978,2,0,69.9,NA,NA,"Adduct -18 DA, low quality",check with sirius,0,delete,delete,delete,delete,delete,higher 0.9,delete,delete,delete
FT_14.271_193.04951,NP-001422,C8 H10 O4,170.05791,192.04223,7,0,91.5,NA,NA,"Adduct 21.98 DA, low intensity",delete,delete,delete,delete,delete,delete,delete,delete,delete,delete,delete
FT_14.307_323.14873,"4,4'-Bis(3-methyl-5-oxo-1-phenylpyrazolinylidene)",C20 H16 N4 O2,344.12733,322.14168,2,0,81.4,NA,NA,"Adduct -21.98 DA, bad quality spectra",delete,delete,delete,delete,delete,delete,delete,delete,delete,delete,delete
FT_14.341_251.09139,Citrinin,C13 H14 O5,250.08412,250.08411,3,0,83.5,C16765,NA,low quality,delete,delete,delete,delete,delete,delete,delete,higher 0.8,delete,delete,delete
FT_14.346_177.05458,4-Methylumbelliferone,C10 H8 O3,176.04734,176.04731,4,0,84.9,C03081,NA,low quality,delete,delete,delete,delete,delete,delete,delete,delete,delete,delete,delete
FT_14.354_195.06518,NP-019445,C10 H10 O4,194.05791,194.0579,6,0,89.2,NA,NA,0,L2,na,na,na,na,na,na,higher 0.9,NP-019445,C10 H10 O4,L2
FT_14.355_263.12773,NP-003117,C13 H20 O4,240.13616,262.12045,5,0,67.2,NA,NA,"Adduct 21.98 DA, Low quality",delete,delete,delete,delete,delete,delete,delete,delete,delete,delete,delete
FT_14.355_267.12270,4-oxododecanedioic acid,C12 H20 O5,244.13107,266.11542,3,0,79.8,NA,NA,Adduct 21.98 DA,second hit same as cmmrt,na,na,na,na,Nevirapine,C15H14N4O,higher 0.8,4-oxododecanedioic acid,C12 H20 O5,L2
FT_14.388_249.11214,NP-021018,C12 H18 O4,226.12051,248.10487,2,0,77.2,NA,NA,Adduct 21.98 DA,check with sirius,na,na,na,na,na,na,higher 0.8,NP-021018,C12 H18 O4,L2
FT_14.413_275.09121,NP-001608,C13 H16 O5,252.09977,274.08393,5,0,78.5,NA,NA,"Adduct 21.98 DA, Low quality",check with sirius,0,delete,delete,delete,delete,delete,low,,,delete
FT_14.459_343.15184,"3-morpholino-5,6-diphenylpyridazine-4-carbonitrile",C21 H18 N4 O,342.14806,342.14456,1,0,90.3,NA,NA,Adduct -10.22 ppm,low quality,delete,delete,delete,delete,delete,delete,delete,delete,delete,delete
FT_14.473_253.10704,"(6S)-6-[(1S,2R)-1,2-dihydroxypentyl]-4-methoxy-5,6-dihydro-2H-pyran-2-one",C11 H18 O5,230.11542,252.09978,2,0,73.8,NA,NA,"Adduct 21.98 DA, duplicated",keep cmmrt,na,na,na,na,"2,4-Dihydroxy-6-(4-hydroxy-2-oxopentyl)-3-methylbenzaldehyde",C13H16O5,higher 0.8,"2,4-Dihydroxy-6-(4-hydroxy-2-oxopentyl)-3-methylbenzaldehyde",C13H16O5,L3.3
FT_14.501_165.09103,4-Phenylbutyric acid,C10 H12 O2,164.08373,164.08375,2,0,86.1,NA,NA,Low quality,delete,delete,delete,delete,delete,delete,delete,delete,delete,delete,delete
FT_14.508_237.11214,NP-000919,C11 H18 O4,214.12051,236.10489,2,0,80.5,NA,NA,Adduct 21.98 DA,keep sirius,na,75,8-Ethyl-7-hydroxy-5-methoxy-2-methylchroman-4-one,C13H16O4,different name,same formula,Higher 0.8,8-Ethyl-7-hydroxy-5-methoxy-2-methylchroman-4-one,C13H16O4,L3.3
FT_14.508_265.10707,NP-020400,C12 H18 O5,242.11542,264.09979,4,0,81,NA,NA,Adduct 21.98 DA,keep sirius,na,74.84,Peucedanol,C14H16O5,different name,same formula,higher 0.9,Peucedanol,C14H16O5,L3.3
FT_14.514_233.08083,Citrinin,C13 H14 O5,250.08412,232.07355,1,0,91.2,NA,NA,"Adduct -18 DA, duplicate",check with sirius,"Different annotation, low confidence",na,differente name,same formula,Cassiachromone,C13H12O4,higher 0.8,Cassiachromone,C13H12O4,L3.3
FT_14.539_267.12267,4-oxododecanedioic acid,C12 H20 O5,244.13107,266.11539,3,0,76.4,NA,NA,"Adduct 21.98 DA, low quality, duplicated",delete,delete,delete,delete,delete,delete,delete,higher 0.8,delete,delete,delete
FT_14.540_209.08081,"6-Hydroxy-8-methoxy-3-methyl-3,4-dihydro-1H-isochromen-1-one",C11 H12 O4,208.07356,208.07353,2,0,71.7,NA,NA,duplicated,L2,na,na,na,na,na,na,0.89,"6-Hydroxy-8-methoxy-3-methyl-3,4-dihydro-1H-isochromen-1-one",C11 H12 O4,L2
FT_14.540_275.08918,NP-001608,C13 H16 O5,252.09977,274.08191,5,0,84.7,NA,NA,Adduct 21.98 DA,check with sirius,na,68.35,Phloretin,C15H14O5,different name,same formula,low,Phloretin,C15H14O5,L3.3
FT_14.565_279.12205,NP-021074,C13 H20 O5,256.13107,278.11477,5,0,66.7,NA,NA,"Adduct 21.98, low quality",check with sirius,0,delete,delete,delete,delete,delete,low,,,delete
FT_14.603_237.07571,"6,7,8-trimethoxy-2H-chromen-2-one",C12 H12 O5,236.06847,236.06844,5,0,91.1,NA,NA,duplicated,L2,na,na,na,na,na,na,higher 0.8,"6,7,8-trimethoxy-2H-chromen-2-one",C12 H12 O5,L2
FT_14.612_193.04952,"5,7-Dihydroxy-4-methylcoumarin",C10 H8 O4,192.04226,192.04225,7,0,86.8,NA,NA,0,L2,na,na,na,na,na,na,low,"5,7-Dihydroxy-4-methylcoumarin",C10 H8 O4,L2
FT_14.639_221.08087,"5,8-dihydroxy-10-methyl-5,8,9,10-tetrahydro-2H-oxecin-2-one",C10 H14 O4,198.08921,220.07359,2,0,82.7,NA,NA,"Adduct 21.98 DA, low quality",delete,delete,delete,delete,delete,delete,delete,0.85,delete,delete,delete
FT_14.685_401.15946,"1,3-dihydroxy-1-(7-methoxy-2-oxo-2H-chromen-6-yl)-3-methylbutan-2-yl 3-methylbutanoate",C20 H26 O7,378.16785,400.15219,5,0,69.5,NA,NA,"Adduct 21.98 DA, duplicated",L2,0,na,differente name,same formula,"6-(1,3-Diphenylbut-3-en-2-yloxy)-3,4,5-trihydroxyoxane-2-carboxylic acid",C22H24O7,0.83,"6-(1,3-Diphenylbut-3-en-2-yloxy)-3,4,5-trihydroxyoxane-2-carboxylic acid",C22H24O7,L3.3
FT_14.703_211.06009,"1-(3-acetyl-2,4,6-trihydroxyphenyl)ethan-1-one",C10 H10 O5,210.05282,210.05281,3,0,92.4,NA,NA,0,L2,na,na,na,na,na,na,0,"1-(3-acetyl-2,4,6-trihydroxyphenyl)ethan-1-one",C10 H10 O5,L2
FT_14.703_225.07574,NP-020902,C9 H14 O5,202.08412,224.06847,1,0,68.5,NA,NA,Adduct 21.98 DA,L2,0,85.38,"3,4-Dihydroxy-5-methoxy-trans-cinnamic acid methyl ester",C11H12O5,different name,same formula,na,"3,4-Dihydroxy-5-methoxy-trans-cinnamic acid methyl ester",C11H12O5,L3.3
FT_14.728_263.09142,"3-(3,4,5-trimethoxyphenyl)propanoic acid",C12 H16 O5,240.09977,262.08418,1,0,66.6,NA,NA,"Adduct 21.98 DA, low quality",delete,delete,delete,delete,delete,delete,delete,delete,delete,delete,delete
FT_14.766_167.07029,Apocynin,C9 H10 O3,166.06299,166.06302,1,0,82.8,C11380,NA,0,L2,"Different annotation, low confidence",na,na,na,na,na,low,Apocynin,C9 H10 O3,L2
FT_14.803_251.12774,"5-[(1E)-3-hydroxy-3-methylbut-1-en-1-yl]-2-methylcyclohex-5-ene-1,2,4-triol",C12 H20 O4,228.13616,250.12046,4,0,71.6,NA,NA,"Adduct 21.98 DA, low intensity",delete,delete,delete,delete,delete,delete,delete,higher 0.8,delete,delete,delete
FT_14.804_237.11212,NP-000919,C11 H18 O4,214.12051,236.10486,2,0,86.2,NA,NA,Adduct 21.98 DA,check with sirius,na,na,differente name,same formula,3-Dimethylallyl-4-hydroxymandelic acid,C13H16O4,Higher 0.8,3-Dimethylallyl-4-hydroxymandelic acid,C13H16O4,L3.3
FT_14.841_401.15946,"1,3-dihydroxy-1-(7-methoxy-2-oxo-2H-chromen-6-yl)-3-methylbutan-2-yl 3-methylbutanoate",C20 H26 O7,378.16785,400.15218,5,0,64.9,NA,NA,"Adduct 21.98 DA, duplicated",check with sirius,na,58.74,Sterenin F,C22H24O7,different name,same formula,0.83,Sterenin F,C22H24O7,L3.3
FT_14.851_219.06518,NP-019992,C10 H12 O4,196.07356,218.0579,3,0,90.2,NA,NA,"Adduct 21.98 DA, low quality",check with sirius,delete,delete,delete,delete,delete,delete,delete,delete,delete,delete
FT_14.852_327.03427,"4-{2-[(2-chlorophenoxy)methyl]-1,3-thiazol-4-yl}benzonitrile",C17 H11 Cl N2 O S,326.02806,326.02699,2,0,76.1,NA,NA,halogenated,keep second hit,0,,no result,na,no result,no result,0,"5-[(4-Thiophen-2-ylpyrimidin-2-yl)sulfanylmethyl]-2,1,3-benzoxadiazole",C15 H10 N4 O S2,L2
FT_14.891_263.12773,NP-003117,C13 H20 O4,240.13616,262.12046,2,0,62.4,NA,NA,"Adduct 21.98 DA, low quality",check with sirius,na,na,differente name,same formula,Ustusorane A,C15H18O4,0,Ustusorane A,C15H18O4,L3.3
FT_14.925_247.09650,"(2S)-2-(2-hydroxypropan-2-yl)-2H,3H,7H-furo[3,2-g]chromen-7-one",C14 H14 O4,246.08921,246.08922,1,0,64.1,NA,NA,low quality,check with sirius,na,na,na,na,na,na,na,"(2S)-2-(2-hydroxypropan-2-yl)-2H,3H,7H-furo[3,2-g]chromen-7-one",C14 H14 O4,L2
FT_14.925_311.16420,Estriol,C18 H24 O3,288.17254,310.15692,4,0,73,NA,NA,Adduct 21.98 DA,check with sirius,na,na,na,na,na,na,na,Estriol,C18 H24 O3,L2
FT_14.926_351.15669,"1,7-bis(4-hydroxyphenyl)-5-methoxyheptan-3-one",C20 H24 O4,328.16746,350.14941,4,0,99.5,NA,NA,Adduct 21.98 DA,check with sirius,0,81.88,"(2S)-5,7-dimethoxy-8-(3-methylbuta-1,3-dienyl)-2-phenyl-2,3-dihydrochromen-4-one",C22H22O4,no result,no result,0,"(2S)-5,7-dimethoxy-8-(3-methylbuta-1,3-dienyl)-2-phenyl-2,3-dihydrochromen-4-one",C22H22O4,L3.3
FT_14.944_209.08087,"6-Hydroxy-8-methoxy-3-methyl-3,4-dihydro-1H-isochromen-1-one",C11 H12 O4,208.07356,208.0736,1,0,60.2,NA,NA,"duplicated, low quality",DELETE,delete,delete,delete,delete,delete,delete,delete,delete,delete,delete
FT_14.945_335.22177,NP-002322,C18 H32 O4,312.23006,334.21449,8,0,98.5,NA,NA,"Adduct 21.98 DA, low quality",delete,delete,delete,delete,delete,delete,delete,0.91,delete,delete,delete
FT_14.946_249.11210,NP-021018,C12 H18 O4,226.12051,248.10484,2,0,84.1,NA,NA,"Adduct 21.98 DA, low intensity",delete,delete,delete,delete,delete,delete,delete,delete,delete,delete,delete
FT_14.955_275.09129,NP-001608,C13 H16 O5,252.09977,274.08402,3,0,82.8,NA,NA,"Adduct 21.98 DA, low quality",delete,delete,delete,delete,delete,delete,delete,delete,delete,delete,delete
FT_14.957_273.10978,"(1R,9S)-3-(2-Thienyl)-7,11-diazatricyclo[7.3.1.02,7]trideca-2,4-dien-6-one",C15 H16 N2 O S,272.09833,272.1025,5,0,83.3,NA,NA,Adduct 15.33 ppm,check with sirius,no result,na,na,na,"1,2-Bis(4-hydroxy-3-methoxyphenyl)ethylene",C16H16O4,0,"1,2-Bis(4-hydroxy-3-methoxyphenyl)ethylene",C16H16O4,L3.3
FT_14.959_233.11720,Sorbicillin,C14 H16 O3,232.10994,232.10992,1,0,85.2,NA,NA,duplicated,L2,na,na,na,na,na,na,higher 0.8,Sorbicillin,C14 H16 O3,L2
FT_14.966_331.15187,Oxomemazine,C18 H22 N2 O2 S,330.1402,330.14459,1,0,86.3,NA,NA,Adduct 13.32 ppm,check with sirius,0,68,Helenalin methacrylate,C19H22O5,different name,same formula,0,Helenalin methacrylate,C19H22O5,L3.3
FT_14.973_265.10705,NP-020400,C12 H18 O5,242.11542,264.09979,3,0,66.2,NA,NA,Adduct 21.98 DA,check with sirius,na,na,na,na,na,na,higher 0.9,NP-020400,C12 H18 O5,L2
FT_14.979_267.12270,4-oxododecanedioic acid,C12 H20 O5,244.13107,266.11543,3,0,69.1,NA,NA,"Adduct 21.98 DA, duplicated",check with sirius,0,67.86,Acronyculatin D,C14H18O5,different name,same formula,higher 0.8,Acronyculatin D,C14H18O5,L3.3
FT_15.020_153.12739,,C10 H16 O,152.12012,152.12012,5,0,68.8,NA,NA,0,L2,na,na,na,na,na,na,low,alpha-Pinene oxide,C10 H16 O,L2
FT_15.037_235.09648,NP-020205,C11 H16 O4,212.10486,234.0892,9,0,92.7,NA,NA,Adduct 21.98 DA,L2,na,na,na,na,na,na,higher 0.8,NP-020364,C13H16O5,L2
FT_15.100_289.10682,NP-005519,C14 H18 O5,266.11542,288.09954,6,0,74.7,NA,NA,"Adduct 21.98 Da, low intensity",delete,delete,delete,delete,delete,delete,delete,delete,delete,delete,delete
FT_15.102_279.12268,"6-(2,3-dihydroxy-3-methylbutoxy)-4-methoxy-5-methyl-1,3-dihydro-2-benzofuran-1-one",C15 H20 O6,296.12599,278.11545,6,0,75.4,NA,NA,"Adduct -18 DA, low quality",check with sirius,0,delete,delete,delete,delete,delete,0,,,delete
FT_15.109_251.12776,"5-[(1E)-3-hydroxy-3-methylbut-1-en-1-yl]-2-methylcyclohex-5-ene-1,2,4-triol",C12 H20 O4,228.13616,250.12051,4,0,75.6,NA,NA,"Adduct 21.98 DA, low intensity",delete,delete,delete,delete,delete,delete,delete,higher 0.8,delete,delete,delete
FT_15.124_265.14341,(±)-Abscisic acid,C15 H20 O4,264.13616,264.13613,11,0,86.6,NA,NA,0,L2,na,na,na,na,na,na,na,(±)-Abscisic acid,C15 H20 O4,L2
FT_15.134_253.10704,"(6S)-6-[(1S,2R)-1,2-dihydroxypentyl]-4-methoxy-5,6-dihydro-2H-pyran-2-one",C11 H18 O5,230.11542,252.09986,5,0,91.6,NA,NA,"Adduct 21.98 DA, duplicated",check with sirius,"different annotation, ",84.54,Eugenone,C13H16O5,different name,same formula,0,Eugenone,C13H16O5,L3.3
FT_15.141_195.06518,NP-019445,C10 H10 O4,194.05791,194.0579,5,0,85.3,NA,NA,0,L2,na,na,na,na,na,na,higher 0.9,NP-019445,C10 H10 O4,L2
FT_15.145_247.09647,7-chloro-4-piperidinoquinoline,C14 H15 Cl N2,246.09238,246.08919,3,0,77.3,NA,NA,"halogenated, low quality",delete,delete,delete,delete,delete,delete,delete,delete,delete,delete,delete
FT_15.160_233.11721,Sorbicillin,C14 H16 O3,232.10994,232.10994,1,0,83.3,NA,NA,duplicated,L2,na,na,na,na,na,na,higher 0.8,Sorbicillin,C14 H16 O3,L2
FT_15.207_277.17759,NP-004917,C15 H26 O3,254.18819,276.17031,2,0,90.9,NA,NA,Adduct 21.98 DA,delete,delete,delete,delete,delete,delete,delete,delete,delete,delete,delete
FT_15.263_251.12776,NP-000124,C12 H20 O4,228.13616,250.1205,4,0,86.7,NA,NA,Adduct 21.98 DA,check with sirius,low confidence,na,na,na,na,na,0,coenzyme Q1,C14H18O4,L2
FT_15.269_295.11764,1-[5-Nitro-2-(1-pyrrolidinyl)benzyl]-1H-imidazole,C14 H16 N4 O2,272.12733,294.11037,4,0,81.6,NA,NA,Adduct 21.98 DA,check with sirius,low confidence,na,na,na,Tutin,C15H18O6,low,Tutin,C15H18O6,L3.3
FT_15.285_209.07863,"6-Hydroxy-8-methoxy-3-methyl-3,4-dihydro-1H-isochromen-1-one",C11 H12 O4,208.07356,208.07135,1,0,62.4,NA,NA,"Adduct -10.60, duplicated",check with sirius,0,67.94,Methyl ferulate,C11H12O4,no result,no result,0,Methyl ferulate,C11H12O4,L3.3
FT_15.290_245.11721,"(3aR,4aS,5R,8S,9aR)-5-hydroxy-4a,8-dimethyl-3-methylidene-2H,3H,3aH,4H,4aH,5H,6H,8H,9H,9aH-azuleno[6,5-b]furan-2,6-dione",C15 H18 O4,262.12051,244.10993,3,0,70.7,NA,NA,Adduct -18 DA,"L2, keep CD","low confidence, different structure",,na,na,na,na,0.85,Peruvinine,C15H20O4,L2
FT_15.291_343.15199,"3-morpholino-5,6-diphenylpyridazine-4-carbonitrile",C21 H18 N4 O,342.14806,342.14471,1,0,93.5,NA,NA,"Adduct -9.79 ppm, bad quality",delete,delete,delete,delete,delete,delete,delete,delete,delete,delete,delete
FT_15.295_271.15396,"2-(1H-1,2,3-benzotriazol-1-yl)-N-(2,3-dihydro-1H-inden-2-yl)acetamide",C17 H16 N4 O,292.13241,270.14718,2,0,63,NA,NA,Adduct -21.98 DA,check with sirius,na,na,na,na,na,na,low,"2-(benzotriazol-1-yl)-N-(2,3-dihydro-1H-inden-2-yl)acetamide",C17 H16 N4 O,L2
FT_15.305_311.16421,"(3E,12E)-3,12-Dimethyl-8-methylene-6,18-dioxatricyclo[14.2.1.05,9]nonadeca-3,12,16(19)-triene-7,17-dione",C20 H24 O4,328.16746,310.15693,4,0,77.7,NA,NA,Adduct -18 DA,L2,na,na,na,na,na,na,na,"Cembratetraene-16,2:19,6-diolide",C20H24O4,L2
FT_15.307_263.09139,"3-(3,4,5-trimethoxyphenyl)propanoic acid",C12 H16 O5,240.09977,262.08412,1,0,70,NA,NA,"Adduct 21.98 DA, low quality",delete,delete,delete,delete,delete,delete,delete,delete,delete,delete,delete
FT_15.346_193.04943,"5,7-Dihydroxy-4-methylcoumarin",C10 H8 O4,192.04226,192.04216,7,0,90.5,NA,NA,0,L2,na,na,na,na,na,na,low,"5,7-Dihydroxy-4-methylcoumarin",C10 H8 O4,L2
FT_15.349_249.11213,NP-021018,C12 H18 O4,226.12051,248.10486,1,0,82,NA,NA,Adduct 21.98 DA,L2,low confidence,na,na,na,na,na,higher 0.8,NP-021018,C12 H18 O4,L2
FT_15.356_221.08084,"5,8-dihydroxy-10-methyl-5,8,9,10-tetrahydro-2H-oxecin-2-one",C10 H14 O4,198.08921,220.07357,1,0,63.7,NA,NA,"Adduct 21.98 DA, low quality",check with sirius,0,83.89,"8-Hydroxy-6-methoxy-3,4-dimethylisochromen-1-one",C12H12O4,different name,same formula,0.85,"8-Hydroxy-6-methoxy-3,4-dimethylisochromen-1-one",C12H12O4,L3.3
FT_15.371_251.12770,"5-[(1E)-3-hydroxy-3-methylbut-1-en-1-yl]-2-methylcyclohex-5-ene-1,2,4-triol",C12 H20 O4,228.13616,250.12044,4,0,82.1,NA,NA,Adduct 21.98 DA,L2,0,na,differente name,same formula,different name,same formula,higher 0.8,coenzyme Q1,C14H18O4,L2
FT_15.410_289.10689,NP-005519,C14 H18 O5,266.11542,288.09961,6,0,77.7,NA,NA,"Adduct 21.98 DA, low quality",delete,delete,delete,delete,delete,delete,delete,delete,delete,delete,delete
FT_15.418_279.12271,NP-004844,C15 H20 O6,296.12599,278.11543,4,0,66.4,NA,NA,"Adduct -18 DA, low quality",check with sirius,delete,delete,delete,delete,delete,delete,delete,delete,delete,delete
FT_15.439_267.12270,4-oxododecanedioic acid,C12 H20 O5,244.13107,266.11543,3,0,75.4,NA,NA,"Adduct 21.98 DA, duplicated",check with sirius,low confidence,na,na,na,na,na,higher 0.8,4-oxododecanedioic acid,C12 H20 O5,L2
FT_15.452_179.07028,NP-012042,C10 H12 O4,196.07356,178.063,2,0,71.6,NA,NA,Adduct -18 DA,L2,0,na,na,na,na,na,highier 0.8,NP-012042,C10 H12 O4,L2
FT_15.503_261.11213,NP-019855,C15 H18 O5,278.11542,260.10486,3,0,78.1,NA,NA,Adduct -18 DA,L2,0,na,na,na,na,na,0,NP-019855,C15 H18 O5,L2
FT_15.510_207.10161,NP-013210,C12 H14 O3,206.09429,206.09433,2,0,80.5,NA,NA,low quality,check with sirius,0,delete,delete,delete,delete,delete,low,,,delete
FT_15.510_313.17987,"6-[(2E,6E)-7-(5-hydroxy-3-methyl-2-oxocyclopent-3-en-1-yl)-6-methylhepta-2,6-dien-2-yl]-3-methyl-5,6-dihydro-2H-pyran-2-one",C20 H26 O4,330.18311,312.17259,1,0,69.7,NA,NA,Adduct -18 DA,L2,0,na,na,na,na,na,low,"6-[(2E,6E)-7-(5-hydroxy-3-methyl-2-oxocyclopent-3-en-1-yl)-6-methylhepta-2,6-dien-2-yl]-3-methyl-5,6-dihydro-2H-pyran-2-one",C20 H26 O4,L2
FT_15.514_233.11721,Sorbicillin,C14 H16 O3,232.10994,232.10994,1,0,85.4,NA,NA,duplicated,L2,0,na,na,na,na,na,higher 0.8,Sorbicillin,C14 H16 O3,L2
FT_15.519_331.15183,Oxomemazine,C18 H22 N2 O2 S,330.1402,330.14455,1,0,87.9,NA,NA,Adduct 13.19 ppm,check with sirius,0,50,Gibberellin A88,C19H22O5,Gibberellin A88,C19H22O5,0,Gibberellin A88,C19H22O5,L3.1
FT_15.560_251.12772,"5-[(1E)-3-hydroxy-3-methylbut-1-en-1-yl]-2-methylcyclohex-5-ene-1,2,4-triol",C12 H20 O4,228.13616,250.12045,3,0,61.2,NA,NA,"Adduct 21.98 DA, low intensity",L2,0,na,na,na,na,na,higher 0.8,"5-[(1E)-3-hydroxy-3-methylbut-1-en-1-yl]-2-methylcyclohex-5-ene-1,2,4-triol",C12 H20 O4,L2
FT_15.577_195.06518,NP-019445,C10 H10 O4,194.05791,194.05791,7,0,86.8,NA,NA,0,L2,0,na,na,na,na,na,higher 0.9,NP-019445,C10 H10 O4,L2
FT_15.580_237.07574,"(7R,8S)-7,8-Dihydroxy-3,7-dimethyl-6-oxo-7,8-dihydro-6H-isochromene-5-carbaldehyde",C12 H12 O5,236.06847,236.06846,4,0,79,NA,NA,0,L2,low confidence,na,na,na,na,na,0.9,"(7R,8S)-7,8-Dihydroxy-3,7-dimethyl-6-oxo-7,8-dihydro-6H-isochromene-5-carbaldehyde",C12 H12 O5,L2
FT_15.594_229.12236,"(3aS,5aS,9bR)-5a,9-dimethyl-3-methylidene-2H,3H,3aH,4H,5H,5aH,6H,7H,8H,9bH-naphtho[1,2-b]furan-2,5-dione",C15 H18 O3,246.12559,228.11508,2,0,65.2,NA,NA,Adduct -18 DA,check with sirius,0,na,na,na,na,na,0,"(3aS,5aS,9bR)-5a,9-dimethyl-3-methylidene-2H,3H,3aH,4H,5H,5aH,6H,7H,8H,9bH-naphtho[1,2-b]furan-2,5-dione",C15 H18 O3,L2
FT_15.595_247.13285,"5,10,15-trimethyl-4,9,13-trioxatetracyclo[10.3.0.0Âl,âµ.0â¸,Âaâ°]pentadec-1(15)-en-14-one",C15 H20 O4,264.13616,246.12558,8,0,78.5,NA,NA,Adduct -18 DA,check with sirius,"Different annotation, low confidence",,na,na,na,na,low,"5,10,15-trimethyl-4,9,13-trioxatetracyclo[10.3.0.0Âl,âµ.0â¸,Âaâ°]pentadec-1(15)-en-14-one",C15 H20 O4,L2
FT_15.645_177.05460,4-Methylumbelliferone hydrate,C10 H8 O3,176.04734,176.04732,4,0,92.6,NA,NA,duplicated,L2,bilcolic 86%,na,na,na,na,na,na,4-Methylumbelliferone hydrate,C10 H8 O3,L2
FT_15.679_251.16414,"9-hydroxy-2,10,10-trimethyltricyclo[6.3.0.0Âa,âµ]undec-6-ene-6-carboxylic acid",C15 H22 O3,250.15689,250.15688,6,0,89.5,NA,NA,0,L2,0,na,na,na,na,na,na,"9-hydroxy-2,10,10-trimethyltricyclo[6.3.0.0Âa,âµ]undec-6-ene-6-carboxylic acid",C15 H22 O3,L2
FT_15.682_335.22176,NP-002322,C18 H32 O4,312.23006,334.21449,21,0,95.9,NA,NA,Adduct 21.98 DA,low quality,delete,delete,delete,delete,delete,delete,0.91,delete,delete,delete
FT_15.706_235.09649,NP-020205,C11 H16 O4,212.10486,234.08921,9,0,85.2,NA,NA,Adduct 21.98 DA,check with sirius,0,delete,delete,delete,delete,delete,0,,,delete
FT_15.767_245.11720,"(3aR,4aS,5R,8S,9aR)-5-hydroxy-4a,8-dimethyl-3-methylidene-2H,3H,3aH,4H,4aH,5H,6H,8H,9H,9aH-azuleno[6,5-b]furan-2,6-dione",C15 H18 O4,262.12051,244.10992,5,0,78.7,NA,NA,Adduct -18 DA,check with sirius,"low confidence, different structure",na,na,na,na,na,0.85,"(3aR,4aS,5R,8S,9aR)-5-hydroxy-4a,8-dimethyl-3-methylidene-2H,3H,3aH,4H,4aH,5H,6H,8H,9H,9aH-azuleno[6,5-b]furan-2,6-dione",C15 H18 O4,L2
FT_15.767_285.10980,"4-methoxy-9-(2-methylbut-3-en-2-yl)-7H-furo[3,2-g]chromen-7-one",C17 H16 O4,284.10486,262.12053,2,0,87.1,NA,NA,"Adduct -21.98 DA, duplicated",na,na,na,na,na,na,na,1,"4-methoxy-9-(2-methylbut-3-en-2-yl)-7H-furo[3,2-g]chromen-7-one",C17 H16 O4,L2
FT_15.768_285.10980,"4-methoxy-9-(2-methylbut-3-en-2-yl)-7H-furo[3,2-g]chromen-7-one",C17 H16 O4,284.10486,284.10253,2,0,87.4,NA,NA,Adduct -8.21 pmm,check with sirius,0,delete,delete,delete,delete,delete,1,,,delete
FT_15.785_357.13166,"[(3S)-3-(5-Benzyl-1,3,4-oxadiazol-2-yl)-1-pyrrolidinyl](3-pyridinyl)methanone",C19 H18 N4 O2,334.14298,356.12439,2,0,61.4,NA,NA,"Adduct 21.98 DA, low quality",delete,delete,delete,delete,delete,delete,delete,delete,delete,delete,delete
FT_15.789_225.07575,NP-020902,C9 H14 O5,202.08412,224.06847,1,0,70.4,NA,NA,Adduct 21.98 DA,L2,na,na,na,na,na,na,0,NP-020902,C9 H14 O5,L2
FT_15.793_237.11212,NP-000919,C11 H18 O4,214.12051,236.10485,3,0,76.9,NA,NA,"Adduct 21.98 DA, low quality",delete,delete,delete,delete,delete,delete,delete,Higher 0.8,delete,delete,delete
FT_15.824_279.12272,NP-021074,C13 H20 O5,256.13107,278.11553,4,0,68.7,NA,NA,Adduct 21.98 DA,L2,0,na,na,na,na,na,low,NP-021074,C13 H20 O5,L2
FT_15.848_211.06009,"1-(3-acetyl-2,4,6-trihydroxyphenyl)ethan-1-one",C10 H10 O5,210.05282,210.05281,3,0,93,NA,NA,0,L2,0,na,na,na,na,na,higher 0.8,"1-(3-acetyl-2,4,6-trihydroxyphenyl)ethan-1-one",C10 H10 O5,L2
FT_15.937_235.16919,NP-008095,C15 H24 O3,252.17254,234.16192,6,0,67.7,NA,NA,Adduct -18 DA,na,0,na,na,na,na,na,0,NP-008095,C15 H24 O3,L2
FT_15.960_249.11212,NP-021018,C12 H18 O4,226.12051,248.10484,2,0,71,NA,NA,Adduct 21.98 DA,na,0,na,na,na,na,na,higher 0.8,NP-021018,C12 H18 O4,L2
FT_15.986_235.09646,"7-Acetyl-3,6-dihydroxy-8-methyl-tetralone",C13 H14 O4,234.08921,234.08919,1,0,81.9,NA,NA,0,L2,0,na,na,na,na,na,0.97,"7-Acetyl-3,6-dihydroxy-8-methyl-tetralone",C13 H14 O4,L2
FT_16.007_193.08588,"4-methoxy-6-(prop-2-en-1-yl)-2H-1,3-benzodioxole",C11 H12 O3,192.07864,192.0786,2,0,74.9,NA,NA,0,L2,na,na,na,na,na,na,0,"4-methoxy-6-(prop-2-en-1-yl)-2H-1,3-benzodioxole",C11 H12 O3,L2
FT_16.019_333.20611,Andrographolide,C20 H30 O5,350.20932,332.19882,9,0,91.9,NA,NA,"Adduct -18 DA, low intensity",delete,delete,delete,delete,delete,delete,delete,0.93,delete,delete,delete
FT_16.052_277.14326,"(2R,5R,6R)-3-[(1E,3E)-hepta-1,3-dien-1-yl]-5,6-dihydroxy-2-(hydroxymethyl)cyclohexan-1-one",C14 H22 O4,254.15181,276.13597,1,0,69.6,NA,NA,"Adduct 21.98 DA, low intensity",check with sirius,0,delete,delete,delete,delete,delete,low,,,delete
FT_16.077_251.09138,6-(3-hydroxybutan-2-yl)-5-(hydroxymethyl)-4-methoxy-2H-pyran-2-one,C11 H16 O5,228.09977,250.08411,3,0,92.1,NA,NA,Adduct 21.98 Da,L2,na,na,na,na,na,na,0.82,6-(3-hydroxybutan-2-yl)-5-(hydroxymethyl)-4-methoxy-2H-pyran-2-one,C11 H16 O5,L2
FT_16.098_179.07028,NP-012042,C10 H12 O4,196.07356,178.06301,2,0,72.3,NA,NA,"Adduct -18 DA, low quality",na,na,na,na,na,na,na,highier 0.8,NP-012042,C10 H12 O4,L2
FT_16.103_233.11725,Sorbicillin,C14 H16 O3,232.10994,232.10997,1,0,71.1,NA,NA,"duplicated, low intensity",delete,delete,delete,delete,delete,delete,delete,higher 0.8,delete,delete,delete
FT_16.128_331.19040,NP-020713,C20 H26 O4,330.18311,330.18312,1,0,74.6,NA,NA,low quality,delete,delete,delete,delete,delete,delete,delete,delete,delete,delete,delete
FT_16.139_361.16462,Triptolide,C20 H24 O6,360.15729,360.15738,6,0,71.6,C09204,NA,low quality,delete,delete,delete,delete,delete,delete,delete,delete,delete,delete,delete
FT_16.151_515.19122,NP-001257,C27 H30 O10,514.1839,514.18415,1,0,64.5,NA,NA,low quality,delete,delete,delete,delete,delete,delete,delete,0.84,delete,delete,delete
FT_16.185_337.16462,"(1R,9R)-5-(2-Methylphenyl)-11-(methylsulfonyl)-7,11-diazatricyclo[7.3.1.02,7]trideca-2,4-dien-6-one",C19 H22 N2 O3 S,358.13511,336.15742,5,0,86.6,NA,NA,"low quality, likely noise",delete,delete,delete,delete,delete,delete,delete,delete,delete,delete,delete
FT_16.186_227.10660,NP-003672,C15 H14 O2,226.09938,226.09932,2,0,74.7,NA,NA,0,L2,na,na,na,na,na,na,0,NP-003672,C15 H14 O2,L2
FT_16.187_235.09648,"7-Acetyl-3,6-dihydroxy-8-methyl-tetralone",C13 H14 O4,234.08921,234.0892,1,0,82.3,NA,NA,low intensity,delete,delete,delete,delete,delete,delete,delete,0.97,delete,delete,delete
FT_16.190_259.09641,Luvangetin,C15 H14 O4,258.08921,258.08913,7,0,87.9,C09273,NA,low quality,delete,delete,delete,delete,delete,delete,delete,delete,delete,delete,delete
FT_16.239_291.15868,3-[4-methyl-1-(2-methylpropanoyl)-3-oxocyclohexyl]butanoic acid,C15 H24 O4,268.16746,290.1514,4,0,75.6,NA,NA,"Adduct 21.98, low intensity",delete,delete,delete,delete,delete,delete,delete,delete,delete,delete,delete
FT_16.294_261.11213,"(9aR,9bS)-9a-Hydroxy-6,9-dimethyl-3-methylene-3,3a,4,5,9a,9b-hexahydroazuleno[4,5-b]furan-2,7-dione",C15 H16 O4,260.10486,260.10485,4,0,84.9,NA,NA,0,delete,delete,delete,delete,delete,delete,delete,delete,delete,delete,delete
FT_16.317_359.14693,"(1R,9R)-5-(2-Methylphenyl)-11-(methylsulfonyl)-7,11-diazatricyclo[7.3.1.02,7]trideca-2,4-dien-6-one",C19 H22 N2 O3 S,358.13511,358.13965,5,0,86.2,NA,NA,Adduct 12. 67 ppm,delete,delete,delete,delete,delete,delete,delete,delete,delete,delete,delete
FT_16.322_345.16956,α-Zearalanol,C18 H26 O5,322.17802,344.16229,4,0,68.5,NA,NA,"Adduct 21.98 ppm, low intensity",delete,delete,delete,delete,delete,delete,delete,delete,delete,delete,delete
FT_16.335_277.14341,"(2R,5R,6R)-3-[(1E,3E)-hepta-1,3-dien-1-yl]-5,6-dihydroxy-2-(hydroxymethyl)cyclohexan-1-one",C14 H22 O4,254.15181,276.13618,1,0,61,NA,NA,Adduct 21.98 DA,L2,na,na,na,na,na,na,low,"(2R,5R,6R)-3-[(1E,3E)-hepta-1,3-dien-1-yl]-5,6-dihydroxy-2-(hydroxymethyl)cyclohexan-1-one",C14 H22 O4,L2
FT_16.366_263.12779,NP-003117,C13 H20 O4,240.13616,262.12054,8,0,73.1,NA,NA,Adduct 21.98 DA,check with sirius,na,na,na,na,na,na,0,NP-003117,C13 H20 O4,L2
FT_16.370_243.10156,β-Lapachone,C15 H14 O3,242.09429,242.09428,4,0,83.7,C10367,NA,0,L2,"different annottaion, low confidence",,,,,,0,beta-Lapachone,C15 H14 O3,L2
FT_16.403_265.10707,NP-020363,C14 H18 O6,282.11034,264.09982,1,0,60.2,NA,NA,"Adduct -18 DA, low quality",delete,delete,delete,delete,delete,delete,delete,delete,delete,delete,delete
FT_16.419_265.14340,"5,10,15-trimethyl-4,9,13-trioxatetracyclo[10.3.0.0Âl,âµ.0â¸,Âaâ°]pentadec-1(15)-en-14-one",C15 H20 O4,264.13616,264.13612,1,0,60.9,NA,NA,low quality,L2,delete,delete,delete,delete,delete,delete,delete,delete,delete,delete
FT_16.429_289.10700,NP-005519,C14 H18 O5,266.11542,288.09972,6,0,73.3,NA,NA,Adduct 21.98 DA,check with sirius,0,na,na,na,na,na,na,NP-005519,C14 H18 O5,L2
FT_16.436_293.13831,"2-(1H-1,2,3-benzotriazol-1-yl)-N-(2,3-dihydro-1H-inden-2-yl)acetamide",C17 H16 N4 O,292.13241,292.13106,2,0,64.2,NA,NA,low intensity,check with sirius,delete,delete,delete,delete,delete,delete,delete,delete,delete,delete
FT_16.470_219.17434,NP-004713,C15 H24 O2,236.17763,218.16706,3,0,82.6,NA,NA,"Adduct -18 DA, low quality",check with sirius,delete,delete,delete,delete,delete,delete,delete,delete,delete,delete
FT_16.487_249.11212,NP-021018,C12 H18 O4,226.12051,248.10485,2,0,75.1,NA,NA,Adduct 21.98 DA,na,na,na,na,na,na,na,higher 0.8,NP-021018,C12 H18 O4,L2
FT_16.498_297.18490,Eicosatetraynoic acid,C20 H24 O2,296.17763,296.17762,4,0,95.3,NA,NA,0,L2,na,na,na,na,na,na,0,Eicosatetraynoic acid,C20 H24 O2,L2
FT_16.499_287.20054,Methyldienolone,C19 H26 O2,286.19328,286.19326,4,0,83.6,NA,NA,0,L2,na,na,na,na,na,na,0,Eicosatetraynoic acid,C20 H24 O2,L2
FT_16.500_333.20609,Prostaglandin K2,C20 H30 O5,350.20932,332.19882,12,0,86.3,NA,NA,Adduct -18 DA,L2,na,na,na,na,na,na,higher 0.9,Prostaglandin K2,C20 H30 O5,L2
FT_16.500_373.19862,"5-(4-carboxy-3-methylbutyl)-5,6,8a-trimethyl-3-oxo-3,4,4a,5,6,7,8,8a-octahydronaphthalene-1-carboxylic acid",C20 H30 O5,350.20932,372.19134,3,0,98.6,NA,NA,Adduct 21.98 DA,na,na,na,same name,same formula,Veraguensin,C22H28O5,low,Veraguensin,C22H28O5,L3.1
FT_16.507_315.19550,Kahweol,C20 H26 O3,314.18819,314.18822,8,0,84,NA,NA,0,L2,na,na,na,na,na,na,na,Kahweol,C20 H26 O3,L2
FT_16.545_251.12774,"5-[(1E)-3-hydroxy-3-methylbut-1-en-1-yl]-2-methylcyclohex-5-ene-1,2,4-triol",C12 H20 O4,228.13616,250.12046,3,0,61.5,NA,NA,Adduct 21.98 DA,delete,delete,delete,delete,delete,delete,delete,higher 0.8,delete,delete,delete
FT_16.546_507.19918,"2-Methoxy-N-(5-{5-[(2S)-1-(3,4,5-trimethoxybenzyl)-2-pyrrolidinyl]-1,2,4-oxadiazol-3-yl}-4-pyrimidinyl)acetamide",C23 H28 N6 O6,484.20703,506.1919,1,0,81.9,NA,NA,Adduct 21.98 DA,L2,higher 0.9,na,na,na,na,na,na,"2-Methoxy-N-(5-{5-[(2S)-1-(3,4,5-trimethoxybenzyl)-2-pyrrolidinyl]-1,2,4-oxadiazol-3-yl}-4-pyrimidinyl)acetamide",C23 H28 N6 O6,L2
FT_16.581_233.08084,Citrinin,C13 H14 O5,250.08412,232.07356,1,0,73.3,NA,NA,Adduct -18 DA,L2,0,na,na,na,na,na,na,Citrinin,C13 H14 O5,L2
FT_16.588_217.12230,"7-(1-pyrrolidinyl)pyrimido[4,5-d]pyrimidin-4-amine",C10 H12 N6,216.11234,216.11502,1,0,71.4,NA,NA,"Adduct 12.38 ppm, low intensity",delete,delete,delete,delete,delete,delete,delete,delete,delete,delete,delete
FT_16.629_287.12629,NP-018711,C15 H20 O4,264.13616,286.11901,8,0,77.2,NA,NA,"Adduct 21.98 DA, low quality",delete,delete,delete,delete,delete,delete,delete,delete,delete,delete,delete
FT_16.662_233.11721,Sorbicillin,C14 H16 O3,232.10994,232.10993,1,0,80.6,NA,NA,"duplicated, low quality",delete,delete,delete,delete,delete,delete,delete,higher 0.8,delete,delete,delete
FT_16.678_459.23596,"N-{[(2R,4S,5S)-5-{[4-(2-Pyrimidinyl)-1-piperazinyl]methyl}-1-azabicyclo[2.2.2]oct-2-yl]methyl}benzamide",C24 H32 N6 O,420.26376,458.22868,1,0,62.5,NA,NA,"Adduct 37.96 DA, low quality",check with sirius,0,delete,delete,delete,delete,delete,0,,,delete
FT_16.680_277.10707,"7-[(3,3-dimethyloxiran-2-yl)methoxy]-6-methoxy-2H-chromen-2-one",C15 H16 O5,276.09977,276.09981,1,0,63.9,NA,NA,0,L2,na,na,na,na,na,na,0,"7-[(3,3-dimethyloxiran-2-yl)methoxy]-6-methoxy-2H-chromen-2-one",C15 H16 O5,L2
FT_16.681_295.11570,NP-016495,C13 H20 O6,272.12599,294.10842,1,0,60.7,NA,NA,"Adduct 21.98 DA, low quality",delete,delete,delete,delete,delete,delete,delete,delete,delete,delete,delete
FT_16.689_327.15715,Acepromazine,C19 H22 N2 O S,326.14528,326.14988,2,0,74.3,NA,NA,"Adduct 14.08 ppm, low quality",delete,delete,delete,delete,delete,delete,delete,delete,delete,delete,delete
FT_16.698_515.19132,NP-001257,C27 H30 O10,514.1839,514.18423,1,0,65.7,NA,NA,0,low quality,delete,delete,delete,delete,delete,delete,0.84,delete,delete,delete
FT_16.702_235.09647,NP-020205,C11 H16 O4,212.10486,234.08919,8,0,92,NA,NA,"Adduct 21.98 DA, low quality ",delete,delete,delete,delete,delete,delete,delete,higher 0.8,delete,delete,delete
FT_16.718_195.06518,NP-019445,C10 H10 O4,194.05791,194.0579,6,0,85.4,NA,NA,0,delete,delete,delete,delete,delete,delete,delete,delete,delete,delete,delete
FT_16.719_345.20602,Nor-9-carboxy-δ9-THC,C21 H28 O4,344.19876,344.19874,1,0,64.2,NA,NA,0,delete,delete,delete,delete,delete,delete,delete,higher 0.9,delete,delete,delete
FT_16.722_356.17046,"5-(4-carboxy-3-methylbutyl)-5,6,8a-trimethyl-3-oxo-3,4,4a,5,6,7,8,8a-octahydronaphthalene-1-carboxylic acid",C20 H30 O5,350.20932,355.16336,3,0,98.6,NA,NA,Adduct 4.95 DA,check with sirius,no result,no result,no result,no result,no result,no result,low,"5-(4-carboxy-3-methylbutyl)-5,6,8a-trimethyl-3-oxo-3,4,4a,5,6,7,8,8a-octahydronaphthalene-1-carboxylic acid",C20 H30 O5,L3.3
FT_16.726_319.22682,NP-014287,C18 H32 O3,296.23514,318.21954,8,0,96.4,NA,NA,Adduct 21.98 DA,L2,na,na,na,na,na,na,highier 0.8,NP-014287,C18 H32 O3,L2
FT_16.728_345.16973,α-Zearalanol,C18 H26 O5,322.17802,344.16247,1,0,76.3,NA,NA,Adduct 21.98 DA,low quality,delete,delete,delete,delete,delete,delete,delete,delete,delete,delete
FT_16.750_247.13284,"5,10,15-trimethyl-4,9,13-trioxatetracyclo[10.3.0.0Âl,âµ.0â¸,Âaâ°]pentadec-1(15)-en-14-one",C15 H20 O4,264.13616,246.12557,8,0,77.9,NA,NA,"Adduct -18 Da, low quality",delete,delete,delete,delete,delete,delete,delete,delete,delete,delete,delete
FT_16.766_193.08593,"4-methoxy-6-(prop-2-en-1-yl)-2H-1,3-benzodioxole",C11 H12 O3,192.07864,192.07865,2,0,78.8,NA,NA,Low quality,delete,delete,delete,delete,delete,delete,delete,delete,delete,delete,delete
FT_16.772_353.23006,"(12Z)-9,10,11-trihydroxyoctadec-12-enoic acid",C18 H34 O5,330.24062,352.22279,3,0,98.9,NA,NA,Adduct 21.98 Da,L2,na,na,differente name,same formula,"(ent-6alpha,7alpha,16alphaH)-6,7,17-Trihydroxy-19-kauranoic acid",C20H32O5,na,"(ent-6alpha,7alpha,16alphaH)-6,7,17-Trihydroxy-19-kauranoic acid",C20H32O5,L3.3
FT_16.781_259.09647,"N1,N1-dimethyl-4-[3-(methylthio)-4,5-dihydro-1H-1,2,4-triazol-5-yl]aniline",C11 H16 N4 S,236.10957,258.0892,7,0,92.4,NA,NA,Adduct 21.97 Da,check with sirius,low confidence,na,na,na,na,na,na,"N1,N1-dimethyl-4-[3-(methylthio)-4,5-dihydro-1H-1,2,4-triazol-5-yl]aniline",C11 H16 N4 S,L2
FT_16.786_445.19898,NP-000568,C19 H34 O10,422.2152,444.1917,1,0,92.8,NA,NA,Adduct 21.97 Da,delete,delete,delete,delete,delete,delete,delete,delete,delete,delete,delete
FT_16.801_263.12775,"(3aS,10aR,10bR)-6,10a-Dimethyl-3-methylene-3,3a,4,5,7,8,10a,10b-octahydrofuro[3',2':6,7]cyclohepta[1,2-b]pyran-2,9-dione",C15 H18 O4,262.12051,262.12054,7,0,76,NA,NA,low intensity,delete,delete,delete,delete,delete,delete,delete,delete,delete,delete,delete
FT_16.821_217.12229,"7-(1-pyrrolidinyl)pyrimido[4,5-d]pyrimidin-4-amine",C10 H12 N6,216.11234,216.11501,1,0,91.5,NA,NA,Adduct 12.35 ppm,L2,0,na,differente name,same formula,Ochracene D,C14H16O2,0.8,Ochracene D,C14H16O2,L3.3
FT_16.821_257.11480,NP-005146,C16 H18 O4,274.12051,256.10753,2,0,80.9,NA,NA,Adduct -18 DA,L2,0,na,3-(4-Hydroxyphenyl)-1-(4-methoxyphenyl)propan-1-one,C16H16O3,different name,same formula,0,3-(4-Hydroxyphenyl)-1-(4-methoxyphenyl)propan-1-one,C16H16O3,L3.3
FT_16.857_235.16924,NP-008095,C15 H24 O3,252.17254,234.16196,6,0,75.4,NA,NA,"Adduct -18 Da, low quality",delete,delete,delete,delete,delete,delete,delete,delete,delete,delete,delete
FT_16.886_295.11540,1-[5-Nitro-2-(1-pyrrolidinyl)benzyl]-1H-imidazole,C14 H16 N4 O2,272.12733,294.10812,2,0,66.7,NA,NA,Adduct 21.98 DA,L2,0,na,same name,same formula,N-Glycosyl-L-asparagine,C10H18N2O8,low,N-Glycosyl-L-asparagine,C10H18N2O8,L3.1
FT_16.900_251.20051,OPEO,C16 H26 O2,250.19328,250.19323,1,0,64.2,D05229,NA,low quality,L2,0,delete,delete,delete,delete,delete,0.96,,,delete
FT_16.913_197.08089,Cantharidin,C10 H12 O4,196.07356,196.07362,1,0,61.2,C16778,NA,0,L2,0,na,na,na,na,na,na,Cantharidin,C10 H12 O4,L2
FT_16.913_309.20410,NP-001596,C16 H30 O4,286.21441,308.19682,3,0,95.2,NA,NA,"Adduct 21.98 DA, low quality",check with sirius,0,delete,delete,delete,delete,delete,low,,,delete
FT_16.933_507.19917,"2-Methoxy-N-(5-{5-[(2S)-1-(3,4,5-trimethoxybenzyl)-2-pyrrolidinyl]-1,2,4-oxadiazol-3-yl}-4-pyrimidinyl)acetamide",C23 H28 N6 O6,484.20703,506.1919,1,0,81.9,NA,NA,Adduct 21.98 DA,check with sirius,higher 0.9,na,similar,same formula,Piperaduncin B,C29H30O8,0,Piperaduncin B,C29H30O8,L3.3
FT_16.941_333.16967,NP-019547,C17 H26 O5,310.17802,332.16255,4,0,79.1,NA,NA,"Adduct 21.98 DA, low quality",check with sirius,0,delete,delete,delete,delete,delete,0,,,delete
FT_17.002_269.21107,NP-001596,C16 H30 O4,286.21441,268.20379,1,0,68.5,NA,NA,"Adduct -18 DA, low quality",check with sirius,0,delete,delete,delete,delete,delete,low,,,delete
FT_17.003_217.12229,"7-(1-pyrrolidinyl)pyrimido[4,5-d]pyrimidin-4-amine",C10 H12 N6,216.11234,216.11501,1,0,90.8,NA,NA,low quality,delete,delete,delete,delete,delete,delete,delete,0.8,delete,delete,delete
FT_17.037_261.11213,"(9aR,9bS)-9a-Hydroxy-6,9-dimethyl-3-methylene-3,3a,4,5,9a,9b-hexahydroazuleno[4,5-b]furan-2,7-dione",C15 H16 O4,260.10486,260.10485,4,0,86.7,NA,NA,0,L2,"similar structure, low confidence",na,na,na,na,na,low,"(9aR,9bS)-9a-Hydroxy-6,9-dimethyl-3-methylene-3,3a,4,5,9a,9b-hexahydroazuleno[4,5-b]furan-2,7-dione",C15 H16 O4,L2
FT_17.039_329.17478,n-Pentyl isopentyl phthalate,C18 H26 O4,306.18311,328.16751,2,0,71.2,NA,NA,"Adduct 21.98 DA, low quality",delete,delete,delete,delete,delete,delete,delete,delete,delete,delete,delete
FT_17.041_233.11721,Sorbicillin,C14 H16 O3,232.10994,232.10993,1,0,85,NA,NA,"Low quality, duplicated",check with sirius,0,delete,delete,delete,delete,delete,higher 0.8,,,delete
FT_17.063_333.20609,Prostaglandin K2,C20 H30 O5,350.20932,332.19887,12,0,85.3,NA,NA,"Low intensity, duplicated",check with sirius,0,delete,delete,delete,delete,delete,higher 0.9,,,delete
FT_17.096_317.21115,Cafestol,C20 H28 O3,316.20384,316.20388,17,0,93.7,C09066,NA,0,delete,delete,delete,delete,delete,delete,delete,delete,delete,delete,delete
FT_17.115_221.08090,"5,8-dihydroxy-10-methyl-5,8,9,10-tetrahydro-2H-oxecin-2-one",C10 H14 O4,198.08921,220.07363,2,0,71.1,NA,NA,"Adduct 21.98 DA, low quality",delete,delete,delete,delete,delete,delete,delete,delete,delete,delete,delete
FT_17.117_249.11211,NP-021018,C12 H18 O4,226.12051,248.10483,1,0,84.7,NA,NA,Adduct 21.98 Da,L2,na,na,na,na,na,na,na,NP-021018,C12 H18 O4,L2
FT_17.121_507.19931,"2-Methoxy-N-(5-{5-[(2S)-1-(3,4,5-trimethoxybenzyl)-2-pyrrolidinyl]-1,2,4-oxadiazol-3-yl}-4-pyrimidinyl)acetamide",C23 H28 N6 O6,484.20703,506.19204,1,0,82.3,NA,NA,Adduct 21.98 Da,L2,na,na,differente name,same formula,Piperaduncin B,C29H30O8,0,Piperaduncin B,C29H30O8,L3.3
FT_17.129_307.15393,NP-012534,C15 H24 O5,284.16237,306.14665,5,0,84.9,NA,NA,"Adduct 21.98 Da, low quality",delete,delete,delete,delete,delete,delete,delete,delete,delete,delete,delete
FT_17.186_311.21991,NP-020214,C16 H32 O4,288.23006,310.21264,1,0,84.6,NA,NA,"Adduct 21.98 Da, low qualiy",delete,delete,delete,delete,delete,delete,delete,delete,delete,delete,delete
FT_17.195_235.09648,NP-020205,C11 H16 O4,212.10486,234.0892,8,0,85.2,NA,NA,Adduct 21.98 Da,L2,na,na,na,na,na,na,higher 0.8,NP-020205,C11 H16 O4,L2
FT_17.196_293.13835,"N-{[(2R,4S,5R)-5-Ethyl-1-azabicyclo[2.2.2]oct-2-yl]methyl}-2-thiophenesulfonamide",C14 H22 N2 O2 S2,314.11227,292.13114,3,0,86.5,NA,NA,Adduct -21.98 Da,na,na,na,na,na,na,na,0,"N-{[(2R,4S,5R)-5-Ethyl-1-azabicyclo[2.2.2]oct-2-yl]methyl}-2-thiophenesulfonamide",C14 H22 N2 O2 S2,L2
FT_17.197_297.13095,Deoxynivalenol,C15 H20 O6,296.12599,296.12367,1,0,69.9,NA,NA,Adduct -7.83 ppm,check with sirius,na,na,Phomopsolidone A,C15H20O6,na,na,0,Phomopsolidone A,C15H20O6,L2
FT_17.209_237.18487,NP-020014,C15 H26 O3,254.18819,236.17764,4,0,78.7,NA,NA,"Adduct -18 DA, low quality",check with sirius,0,delete,delete,delete,delete,delete,0,,,delete
FT_17.277_273.11155,NP-021207,C16 H18 O5,290.11542,272.10427,2,0,73.8,NA,NA,"Adduct -18 Da, low quality",check with sirius,0,delete,delete,delete,delete,delete,0,,,delete
FT_17.289_261.11220,"(9aR,9bS)-9a-Hydroxy-6,9-dimethyl-3-methylene-3,3a,4,5,9a,9b-hexahydroazuleno[4,5-b]furan-2,7-dione",C15 H16 O4,260.10486,260.10492,4,0,87.1,NA,NA,low quality ,delete,delete,delete,delete,delete,delete,delete,delete,delete,delete,delete
FT_17.304_305.13838,NP-005196,C15 H22 O5,282.14672,304.13113,4,0,66.5,NA,NA,"Adduct 21.98 Da, low quality",delete,delete,delete,delete,delete,delete,delete,delete,delete,delete,delete
FT_17.318_233.11723,Sorbicillin,C14 H16 O3,232.10994,232.10996,1,0,84.8,NA,NA,"Low intensity, duplicated",check with sirius,0,delete,delete,delete,delete,delete,higher 0.8,,,delete
FT_17.336_295.16931,3-Methoxy-4-(3-methyl-2-buten-1-yl)-5-[(E)-2-phenylvinyl]phenol,C20 H22 O2,294.16198,294.16203,1,0,61.1,NA,NA,0,delete,delete,delete,delete,delete,delete,delete,delete,delete,delete,delete
FT_17.338_313.17987,"6-[(2E,6E)-7-(5-hydroxy-3-methyl-2-oxocyclopent-3-en-1-yl)-6-methylhepta-2,6-dien-2-yl]-3-methyl-5,6-dihydro-2H-pyran-2-one",C20 H26 O4,330.18311,312.17259,1,0,69.1,NA,NA,Adduct -18 Da,L2,na,na,na,na,na,na,low,"6-[(2E,6E)-7-(5-hydroxy-3-methyl-2-oxocyclopent-3-en-1-yl)-6-methylhepta-2,6-dien-2-yl]-3-methyl-5,6-dihydro-2H-pyran-2-one",C20 H26 O4,L2
FT_17.354_275.12781,2-(1H-benzo[d]imidazol-2-yl)-3-(4-toluidino)acrylonitrile,C17 H14 N4,274.12185,274.12054,1,0,76.1,NA,NA,0,L2,na,na,na,na,na,na,na,2-(1H-benzo[d]imidazol-2-yl)-3-(4-toluidino)acrylonitrile,C17 H14 N4,L2
FT_17.382_287.20052,Methyldienolone,C19 H26 O2,286.19328,286.19325,4,0,75,NA,NA,Low intensity,delete,delete,delete,delete,delete,delete,delete,delete,delete,delete,delete
FT_17.410_249.14849,"(3aR,5aR,9bR)-3a-hydroxy-5a,9-dimethyl-3-methylidene-2H,3H,3aH,4H,5H,5aH,6H,7H,8H,9bH-naphtho[1,2-b]furan-2-one",C15 H20 O3,248.14124,248.14124,1,0,61.8,NA,NA,0,L2,na,na,na,na,na,na,0,"(3aR,5aR,9bR)-3a-hydroxy-5a,9-dimethyl-3-methylidene-2H,3H,3aH,4H,5H,5aH,6H,7H,8H,9bH-naphtho[1,2-b]furan-2-one",C15 H20 O3,L2
FT_17.414_221.18997,"[2-(hydroxymethyl)-5,5,8a-trimethyl-1,4,4a,5,6,7,8,8a-octahydronaphthalen-1-yl]methanol",C15 H26 O2,238.19328,220.18269,2,0,71.7,NA,NA,"Adduct -18 Da, low quality",delete,delete,delete,delete,delete,delete,delete,delete,delete,delete,delete
FT_17.442_231.13795,"7-Methyl-3-methylene-6-(3-oxobutyl)-3,3a,4,7,8,8a-hexahydro-2H-cyclohepta[b]furan-2-one",C15 H20 O3,248.14124,230.13067,6,0,84.6,NA,NA,Adduct -18 Da,na,na,na,na,na,na,na,low,"7-Methyl-3-methylene-6-(3-oxobutyl)-3,3a,4,7,8,8a-hexahydro-2H-cyclohepta[b]furan-2-one",C15 H20 O3,L2
FT_17.462_243.10156,β-Lapachone,C15 H14 O3,242.09429,242.09428,4,0,68.5,C10367,NA,Low quality,delete,delete,delete,delete,delete,delete,delete,delete,delete,delete,delete
FT_17.482_179.07029,NP-012042,C10 H12 O4,196.07356,178.06301,2,0,71.7,NA,NA,Adduct -18 Da,L2,na,na,na,na,na,na,highier 0.8,NP-012042,C10 H12 O4,L2
FT_17.498_237.11217,NP-000919,C11 H18 O4,214.12051,236.10489,1,0,60.3,NA,NA,"Adduct 21.98 Da, low quality ",L2,na,na,na,na,na,na,0,NP-000919,C11 H18 O4,L2
FT_17.503_311.21968,NP-020214,C16 H32 O4,288.23006,310.2124,1,0,81,NA,NA,"Adduct 21.98 Da, low intesnity ",L2,0,delete,delete,delete,delete,delete,0,,,delete
FT_17.516_261.11216,"(3aR,4R,11aR)-4-hydroxy-10-(hydroxymethyl)-3-methylidene-2-oxo-2H,3H,3aH,4H,5H,8H,9H,11aH-cyclodeca[b]furan-6-carbaldehyde",C15 H18 O5,278.11542,260.10488,3,0,66.9,NA,NA,Adduct -18 Da,check with sirius,low confidence similar structure,na,na,na,na,na,na,"(3aR,4R,11aR)-4-hydroxy-10-(hydroxymethyl)-3-methylidene-2-oxo-2H,3H,3aH,4H,5H,8H,9H,11aH-cyclodeca[b]furan-6-carbaldehyde",C15 H18 O5,L2
FT_17.542_507.19933,"2-Methoxy-N-(5-{5-[(2S)-1-(3,4,5-trimethoxybenzyl)-2-pyrrolidinyl]-1,2,4-oxadiazol-3-yl}-4-pyrimidinyl)acetamide",C23 H28 N6 O6,484.20703,506.19206,1,0,82.6,NA,NA,Adduct 21.98 Da,L2,higher 0.9,na,Piperaduncin B,C29H30O8,Piperaduncin B,C29H30O8,0,Piperaduncin B,C29H30O8,L3.1
FT_17.586_435.14271,3-(3-methyl-1H-indol-1-yl)-N-{4-[3-(trifluoromethyl)-1H-pyrazol-1-yl]phenyl}propanamide,C22 H19 F3 N4 O,412.1511,434.13543,3,0,84.4,NA,NA,"halogenated, low quality",delete,delete,delete,delete,delete,delete,delete,delete,delete,delete,delete
FT_17.627_455.35205,"(1S,4S,5R,10S,13S,17S,19S,20R)-10-hydroxy-4,5,9,9,13,19,20-heptamethyl-24-oxahexacyclo[15.5.2.0Âa,Âaâ¸.0â´,Âaâ·.0âµ,Âaâ´.0â¸,ÂaÂl]tetracos-15-en-23-one",C30 H46 O3,454.3447,454.34477,4,0,76.6,NA,NA,0,delete,delete,delete,delete,delete,delete,delete,delete,delete,delete,delete
FT_17.639_443.24135,Rhodamine 6G,C28 H30 N2 O3,442.22564,442.23407,1,0,68.9,NA,NA,"Adduct 19.05, low quality ",check with sirius,0,delete,delete,delete,delete,delete,0,,,delete
FT_17.645_233.11720,Sorbicillin,C14 H16 O3,232.10994,232.10992,1,0,86,NA,NA,duplicated,na,na,na,na,na,na,na,higher 0.8,Sorbicillin,C14 H16 O3,L2
FT_17.646_191.10660,Dicyclanil,C8 H10 N6,190.09669,190.09932,2,0,74.1,NA,NA,"Adduct 13.8 ppm, low quality",delete,delete,delete,delete,delete,delete,delete,delete,delete,delete,delete
FT_17.686_329.17476,Levomepromazine,C19 H24 N2 O S,328.16093,328.16751,2,0,72.5,NA,NA,Adduct 20.03 ppm,delete,delete,delete,delete,delete,delete,delete,delete,delete,delete,delete
FT_17.691_309.20388,NP-001596,C16 H30 O4,286.21441,308.19661,3,0,93.6,NA,NA,"Adduct 21.98 Da, low intensity",delete,delete,delete,delete,delete,delete,delete,delete,delete,delete,delete
FT_17.714_335.22161,NP-017061,C20 H30 O4,334.21441,334.21438,20,0,80.8,NA,NA,low quality,delete,delete,delete,delete,delete,delete,delete,delete,delete,delete,delete
FT_17.722_507.19928,"2-Methoxy-N-(5-{5-[(2S)-1-(3,4,5-trimethoxybenzyl)-2-pyrrolidinyl]-1,2,4-oxadiazol-3-yl}-4-pyrimidinyl)acetamide",C23 H28 N6 O6,484.20703,506.19201,1,0,81.9,NA,NA,Adduct 21.98  Da,L2,higher 0.9,na,na,same formula,Piperaduncin B,C29H30O8,0,Piperaduncin B,C29H30O8,L3.3
FT_17.727_319.22678,NP-014287,C18 H32 O3,296.23514,318.21953,8,0,97.8,NA,NA,"Adduct 21.98 Da, low intensity",L2,na,na,na,na,na,na,highier 0.8,NP-014287,C18 H32 O3,L2
FT_17.757_333.20611,Prostaglandin K2,C20 H30 O5,350.20932,332.19886,11,0,82.5,NA,NA,"Adduct -18 Da, duplicated",delete,delete,delete,delete,delete,delete,delete,higher 0.9,delete,delete,delete
FT_17.790_217.12229,"7-(1-pyrrolidinyl)pyrimido[4,5-d]pyrimidin-4-amine",C10 H12 N6,216.11234,216.11502,1,0,90.7,NA,NA,Adduct 12.37 ppm,na,na,na,na,na,Ochracene D,C14H16O2,0,Ochracene D,C14H16O2,L3.3
FT_17.824_299.20056,NP-016928,C20 H28 O3,316.20384,298.19328,3,0,79.2,NA,NA,Adduct -18 Da,delete,delete,delete,delete,delete,delete,delete,delete,delete,delete,delete
FT_17.825_345.20600,Nor-9-carboxy-δ9-THC,C21 H28 O4,344.19876,344.19882,1,0,73.3,NA,NA,Low quality,delete,delete,delete,delete,delete,delete,delete,higher 0.9,delete,delete,delete
FT_17.837_381.20398,"4-hydroxy-3-[(2E,6E)-4-hydroxy-3,7,11-trimethyldodeca-2,6,10-trien-1-yl]benzoic acid",C22 H30 O4,358.21441,380.1967,2,0,93.6,NA,NA,"Adduct 21.98 Da, low quality",delete,delete,delete,delete,delete,delete,delete,delete,delete,delete,delete
FT_17.837_415.21159,Bis(4-ethylbenzylidene)sorbitol,C24 H30 O6,414.20424,414.20436,1,0,99.7,NA,NA,0,L2,na,na,na,na,na,na,na,Bis(4-ethylbenzylidene)sorbitol,C24 H30 O6,L2
FT_17.841_233.11721,Sorbicillin,C14 H16 O3,232.10994,232.10993,1,0,84.4,NA,NA,"duplicated, low quality",delete,delete,delete,delete,delete,delete,delete,higher 0.8,delete,delete,delete
FT_17.868_331.19045,NP-020713,C20 H26 O4,330.18311,330.18319,3,0,75.6,NA,NA,0,L2,na,na,na,na,na,na,low,NP-020713,C20 H26 O4,L2
FT_17.873_295.22667,13(S)-HOTrE,C18 H30 O3,294.21949,294.21939,6,0,88.2,NA,NA,0,delete,delete,delete,delete,delete,delete,delete,delete,delete,delete,delete
FT_17.908_367.15396,2-{2-[5-(Ethoxycarbonyl)-2-morpholinoanilino]-2-oxoethoxy}acetic acid,C17 H22 N2 O7,366.1427,366.14668,1,0,78.7,NA,NA,Adduct 10.87 ppm,check with sirius,na,na,na,na,na,na,na,2-{2-[5-(Ethoxycarbonyl)-2-morpholinoanilino]-2-oxoethoxy}acetic acid,C17 H22 N2 O7,L2
FT_17.910_247.13285,"5,10,15-trimethyl-4,9,13-trioxatetracyclo[10.3.0.0Âl,âµ.0â¸,Âaâ°]pentadec-1(15)-en-14-one",C15 H20 O4,264.13616,246.12557,5,0,71.9,NA,NA,"Adduct -18 Da, low quality ",delete,delete,delete,delete,delete,delete,delete,delete,delete,delete,delete
FT_17.915_355.15349,"1-[2-hydroxy-4-(3-hydroxy-5-methylphenoxy)-6-methylphenyl]-3-methylbutane-2,3-diol",C19 H24 O5,332.16237,354.14621,2,0,64.9,NA,NA,"Adduct 21.98 Da, low quality",delete,delete,delete,delete,delete,delete,delete,delete,delete,delete,delete
FT_17.954_521.21519,"(3R,4R)-4-Hydroxy-3-({4-[2-(4-morpholinyl)ethoxy]benzoyl}amino)-N-phenyl-1-azepanecarboxamide",C26 H34 N4 O5,482.25292,520.20791,1,0,66.2,NA,NA,Adduct 37.95 Da,delete,delete,delete,delete,delete,delete,delete,delete,delete,delete,delete
FT_17.960_483.20153,(2R)-4-(3-Fluorobenzoyl)-1-(4-methoxybenzoyl)-N-[(3S)-2-oxo-3-piperidinyl]-2-piperazinecarboxamide,C25 H27 F N4 O5,482.19655,482.19431,2,0,85.6,NA,NA,halogenated,na,na,na,na,na,Territrem E,C27H30O8,0,Territrem E,C27H30O8,L3.3
FT_17.970_309.20391,NP-001596,C16 H30 O4,286.21441,308.19663,3,0,97.7,NA,NA,"Adduct 21.98 Da, low quality",L2,0,delete,delete,delete,delete,delete,low,,,delete
FT_17.978_319.22682,"(2E)-5-[(8aS)-2,5,5,8a-tetramethyl-3-oxo-3,4,4a,5,6,7,8,8a-octahydronaphthalen-1-yl]-3-methylpent-2-enoic acid",C20 H30 O3,318.21949,318.21955,16,0,83.1,NA,NA,low quality,delete,delete,delete,delete,delete,delete,delete,0.91,delete,delete,delete
FT_18.023_245.11722,"(3aR,4aS,5R,8S,9aR)-5-hydroxy-4a,8-dimethyl-3-methylidene-2H,3H,3aH,4H,4aH,5H,6H,8H,9H,9aH-azuleno[6,5-b]furan-2,6-dione",C15 H18 O4,262.12051,244.10994,6,0,82.6,NA,NA,Adduct -18 Da,L2,"low confidence, different structure",delete,delete,delete,delete,delete,delete,delete,delete,delete
FT_18.031_311.12773,"5,6-diphenyl-3-(2-pyridyl)-1,2,4-triazine",C20 H14 N4,310.12185,310.12046,3,0,63.7,NA,NA,low quality,L2,0,73.17,2-(1-Benzofuran-2-yl)-1-(5-ethyl-2-hydroxy-4-methoxyphenyl)ethanone,C19H18O4,different name,same formula,0,2-(1-Benzofuran-2-yl)-1-(5-ethyl-2-hydroxy-4-methoxyphenyl)ethanone,C19H18O4,L3.3
FT_18.059_195.06518,NP-019445,C10 H10 O4,194.05791,194.05791,5,0,86.7,NA,NA,low quality,delete,delete,delete,delete,delete,delete,delete,delete,delete,delete,delete
FT_18.075_333.16973,NP-019547,C17 H26 O5,310.17802,332.16249,4,0,77.9,NA,NA,"Adduct 21,98 DA",L2,0,na,na,na,na,na,0.94,NP-019547,C17 H26 O5,L2
FT_18.090_349.20099,"2,3-dinor-8-iso Prostaglandin F2?",C18 H30 O5,326.20932,348.19373,2,0,69.9,NA,NA,"Adduct 21,98 DA",delete,delete,delete,delete,delete,delete,delete,delete,delete,delete,delete
FT_18.095_363.14407,"(2S,3R,4S,5S,6R)-2-[4-hydroxy-2-(3-methylbut-2-en-1-yl)phenoxy]-6-(hydroxymethyl)oxane-3,4,5-triol",C17 H24 O7,340.1522,362.13679,3,0,66.6,NA,NA,"Adduct 21,98 DA",check with sirius,low confidence,na,na,na,na,na,na,"(2S,3R,4S,5S,6R)-2-[4-hydroxy-2-(3-methylbut-2-en-1-yl)phenoxy]-6-(hydroxymethyl)oxane-3,4,5-triol",C17 H24 O7,L2
FT_18.102_315.19549,"4-hydroxy-6-[2-(2-methyl-1,2,4a,5,6,7,8,8a-octahydronaphthalen-1-yl)ethyl]oxan-2-one",C18 H28 O3,292.20384,314.18822,6,0,92.5,NA,NA,"Adduct 21,98 DA",delete,delete,delete,delete,delete,delete,delete,delete,delete,delete,delete
FT_18.102_347.22175,Tetrahydrocortisone,C21 H32 O5,364.22497,346.21447,2,0,75.5,NA,NA,Adduct -18 Da,L2,0,na,na,na,na,na,na,Tetrahydrocortisone,C21 H32 O5,L2
FT_18.103_361.23733,Cannabigerolic acid,C22 H32 O4,360.23006,360.23005,1,0,75.7,C20406,NA,0,delete,delete,delete,delete,delete,delete,delete,delete,delete,delete,delete
FT_18.104_311.20059,Cannabinol,C21 H26 O2,310.19328,310.19332,3,0,81.8,C07580,NA,0,0,0,delete,delete,delete,delete,delete,0,,,delete
FT_18.105_329.21117,HU-331,C21 H28 O3,328.20384,328.20389,1,0,71.9,NA,NA,0,0,0,delete,delete,delete,delete,delete,0,,,delete
FT_18.105_387.21446,NP-005297,C21 H32 O5,364.22497,386.20718,3,0,97.4,NA,NA,"Adduct 21.98 Da, low quality",delete,delete,delete,delete,delete,delete,delete,delete,delete,delete,delete
FT_18.112_319.22680,NP-014287,C18 H32 O3,296.23514,318.21952,11,0,91.9,NA,NA,"Adduct 21.98 Da, low quality",delete,delete,delete,delete,delete,delete,delete,delete,delete,delete,delete
FT_18.159_261.14850,NP-020535,C16 H22 O4,278.15181,260.14123,1,0,64.6,NA,NA,Adduct -18 Da,L2,0,na,na,na,na,na,na,NP-020535,C16 H22 O4,L2
FT_18.189_179.07029,NP-012042,C10 H12 O4,196.07356,178.06301,2,0,71.7,NA,NA,"Adduct -18 Da, low quality",delete,delete,delete,delete,delete,delete,delete,highier 0.8,delete,delete,delete
FT_18.216_259.13288,NP-020240,C14 H20 O3,236.14124,258.1256,2,0,87.1,NA,NA,Adduct 21.98 Da,L2,na,na,na,na,na,na,na,NP-020240,C14 H20 O3,L2
FT_18.220_309.20407,NP-001596,C16 H30 O4,286.21441,308.19679,3,0,88.1,NA,NA,"Adduct 21.98 Da, low quality",na,na,na,na,na,na,na,na,NP-001596,C16 H30 O4,L2
FT_18.224_259.16699,NP-004713,C15 H24 O2,236.17763,258.15972,2,0,84.3,NA,NA,"Adduct 21.98 Da, low quality",check with sirius,0,delete,delete,delete,delete,delete,0,,,delete
FT_18.226_311.21946,NP-020214,C16 H32 O4,288.23006,310.21218,1,0,89.9,NA,NA,"Adduct 21.98 Da, low quality",na,na,na,na,na,na,na,na,NP-020214,C16 H32 O4,L2
FT_18.258_333.20609,Prostaglandin K2,C20 H30 O5,350.20932,332.19884,12,0,81.2,NA,NA,"Adduct -18 Da, low quality, duplicated",delete,delete,delete,delete,delete,delete,delete,higher 0.9,delete,delete,delete
FT_18.296_263.12779,"1-(5,8-Dimethoxy-2,2-dimethyl-2H-chromen-6-yl)ethanone",C15 H18 O4,262.12051,262.12051,3,0,77.5,NA,NA,low intensity,delete,delete,delete,delete,delete,delete,delete,delete,delete,delete,delete
FT_18.301_231.13798,"7-Methyl-3-methylene-6-(3-oxobutyl)-3,3a,4,7,8,8a-hexahydro-2H-cyclohepta[b]furan-2-one",C15 H20 O3,248.14124,230.13071,6,0,83.6,NA,NA,"Adduct -18 Da, low intensity",delete,delete,delete,delete,delete,delete,delete,delete,delete,delete,delete
FT_18.326_219.17435,NP-004713,C15 H24 O2,236.17763,218.16707,3,0,72.5,NA,NA,"Adduct -18 Da, low intensity",check with sirius,0,delete,delete,delete,delete,delete,0,,,delete
FT_18.362_273.14847,"(1aR,1bR,2R,3R,7R,7aS)-1b,2-dimethyl-7a-(prop-1-en-2-yl)-1aH,1bH,2H,3H,4H,5H,7H,7aH-naphtho[1,2-b]oxirene-3,7-diol",C15 H22 O3,250.15689,272.14119,9,0,81.6,NA,NA,"Adduct 21.98 Da, low quality",delete,delete,delete,delete,delete,delete,delete,delete,delete,delete,delete
FT_18.398_321.16914,"3,14-dihydro-15-keto-tetranor Prostaglandin E2",C16 H26 O5,298.17802,320.16186,2,0,67.5,NA,NA,"Adduct 21.98 Da, low quality",delete,delete,delete,delete,delete,delete,delete,delete,delete,delete,delete
FT_18.432_383.18520,"(6aR,9R,9aR)-9-Acetyl-3-[(1E,3E,5S)-3,5-dimethyl-1,3-heptadien-1-yl]-6a-methyl-9,9a-dihydro-6H-furo[2,3-H]isochromene-6,8(6aH)-dione",C23 H26 O5,382.17802,382.17794,1,0,63.1,NA,NA,Low quality,delete,delete,delete,delete,delete,delete,delete,delete,delete,delete,delete
FT_18.433_297.14613,Cryptotanshinone,C19 H20 O3,296.14124,274.15688,2,0,95.7,NA,NA,Adduct -21.98 Da,check with sirius,na,na,differente name,same formula,2-Butyl-5-[2-(4-hydroxy-3-methoxyphenyl)ethyl]furan,C17H22O3,low,2-Butyl-5-[2-(4-hydroxy-3-methoxyphenyl)ethyl]furan,C17H22O3,L3.3
FT_18.435_217.12230,"7-(1-pyrrolidinyl)pyrimido[4,5-d]pyrimidin-4-amine",C10 H12 N6,216.11234,216.11502,1,0,92.2,NA,NA,Adduct 12.39 ppm,check with sirius,na,na,differente name,same formula,Ochracene D,C14H16O2,0,Ochracene D,C14H16O2,L3.3
FT_18.481_333.16974,NP-019547,C17 H26 O5,310.17802,332.16246,3,0,72,NA,NA,Adduct 21.98 Da,delete,delete,delete,delete,delete,delete,delete,0.94,delete,delete,delete
FT_18.495_383.18439,N-(1-benzyl-4-piperidinyl)-4-(1H-pyrazol-1-yl)benzamide,C22 H24 N4 O,360.19501,382.17711,4,0,68.8,NA,NA,"Adduct 21.98 Da, low quality",delete,delete,delete,delete,delete,delete,delete,delete,delete,delete,delete
FT_18.534_303.19552,NP-020078,C17 H28 O3,280.20384,302.18825,5,0,96.7,NA,NA,"Adduct 21,98 Da, low quality",check with sirius,0,delete,delete,delete,delete,delete,0,,,delete
FT_18.576_433.12833,"1-Allyl-3-[(6aS,8S)-6,12-dioxo-2-(3-thienyl)-5,6,6a,7,8,9,10,12-octahydropyrido[2,1-c][1,4]benzodiazepin-8-yl]urea",C21 H22 N4 O3 S,410.14126,432.12105,4,0,76.4,NA,NA,Adduct 21.97 Da,L2,0,na,na,na,na,na,na,"1-Allyl-3-[(6aS,8S)-6,12-dioxo-2-(3-thienyl)-5,6,6a,7,8,9,10,12-octahydropyrido[2,1-c][1,4]benzodiazepin-8-yl]urea",C21 H22 N4 O3 S,L2
FT_18.589_329.17482,2-(1-Hydroxyethyl)promazine,C19 H24 N2 O S,328.16093,328.16756,2,0,63.7,NA,NA,Adduct 20.18 ppm,check with sirius,na,na,same name,same formula,Crocetin,C20H24O4,0,Crocetin,C20H24O4,L3.1
FT_18.607_277.14112,"(2R,5R,6R)-3-[(1E,3E)-hepta-1,3-dien-1-yl]-5,6-dihydroxy-2-(hydroxymethyl)cyclohexan-1-one",C14 H22 O4,254.15181,254.15186,1,0,67,NA,NA,0,L2,na,na,na,na,na,na,low,"(2R,5R,6R)-3-[(1E,3E)-hepta-1,3-dien-1-yl]-5,6-dihydroxy-2-(hydroxymethyl)cyclohexan-1-one",C14 H22 O4,L2
FT_18.607_453.18909,"1-(acetyloxy)-3-hydroxy-6,8a-dimethyl-7-oxo-3-(propan-2-yl)-1,2,3,3a,4,7,8,8a-octahydroazulen-4-yl 4-hydroxybenzoate",C24 H30 O7,430.19915,452.18181,4,0,74.9,NA,NA,"Adduct 21.98 Da, low quality",delete,delete,delete,delete,delete,delete,delete,delete,delete,delete,delete
FT_18.608_297.14615,Cryptotanshinone,C19 H20 O3,296.14124,296.13888,2,0,82.5,NA,NA,"Adduct -7.99 ppm, low quality, duplicated",delete,delete,delete,delete,delete,delete,delete,delete,delete,delete,delete
FT_18.614_275.16392,Cryptotanshinone,C19 H20 O3,296.14124,274.15678,2,0,82.9,NA,NA,"Adduct -21.98 Da, low quality, duplicated",delete,delete,delete,delete,delete,delete,delete,delete,delete,delete,delete
FT_18.615_193.08596,"4-methoxy-6-(prop-2-en-1-yl)-2H-1,3-benzodioxole",C11 H12 O3,192.07864,192.07868,2,0,77.7,NA,NA,Low quality,delete,delete,delete,delete,delete,delete,delete,delete,delete,delete,delete
FT_18.637_371.18475,NP-016192,C22 H28 O6,388.18859,370.17747,1,0,63.5,NA,NA,"Adduct -18 Da, low quality",L2,0,delete,delete,delete,delete,delete,0,,,delete
FT_18.637_489.18860,"(4aS,9aR)-7-(1,3-Benzodioxol-5-ylmethyl)-2-[(4-methoxyphenyl)acetyl]decahydro-6H-pyrido[3,4-d]azepin-6-one",C26 H30 N2 O5,450.21547,488.18132,2,0,71.5,NA,NA,"Adduct 37.96 Da, low quality",delete,delete,delete,delete,delete,delete,delete,delete,delete,delete,delete
FT_18.654_271.13050,"(3aR,5aR,9bR)-3a-hydroxy-5a,9-dimethyl-3-methylidene-2H,3H,3aH,4H,5H,5aH,6H,7H,8H,9bH-naphtho[1,2-b]furan-2-one",C15 H20 O3,248.14124,270.12323,4,0,93.6,NA,NA,Adduct 21.98 Da,na,na,na,na,na,na,na,na,"(3aR,5aR,9bR)-3a-hydroxy-5a,9-dimethyl-3-methylidene-2H,3H,3aH,4H,5H,5aH,6H,7H,8H,9bH-naphtho[1,2-b]furan-2-one",C15 H20 O3,L2
FT_18.664_217.12230,"7-(1-pyrrolidinyl)pyrimido[4,5-d]pyrimidin-4-amine",C10 H12 N6,216.11234,216.11502,1,0,91.7,NA,NA,Adduct 12.398 ppm,check with sirius,na,na,differente name,same formula,Ochracene D,C14H16O2,0.8,Ochracene D,C14H16O2,L3.3
FT_18.697_301.21622,"(2E)-5-[(8aS)-2,5,5,8a-tetramethyl-3-oxo-3,4,4a,5,6,7,8,8a-octahydronaphthalen-1-yl]-3-methylpent-2-enoic acid",C20 H30 O3,318.21949,300.20894,8,0,86.5,NA,NA,"Adduct -18 Da, low quality",delete,delete,delete,delete,delete,delete,delete,0.91,delete,delete,delete
FT_18.755_231.13799,"2-[(5R,8S,8aS)-3,8-dimethyl-2-oxo-1,2,4,5,6,7,8,8a-octahydroazulen-5-yl]prop-2-enoic acid",C15 H20 O3,248.14124,230.13071,6,0,77.1,NA,NA,"Adduct -18 Da, low quality ",delete,delete,delete,delete,delete,delete,delete,delete,delete,delete,delete
FT_18.816_279.23187,Pinolenic acid,C18 H30 O2,278.22458,278.22459,5,0,93.6,NA,NA,0,L2,na,na,na,na,na,na,na,Pinolenic acid,C18 H30 O2,L2
FT_18.821_297.24243,NP-008993,C18 H34 O4,314.24571,296.23517,2,0,77.4,NA,NA,Adduct -18 Da,L2,na,na,na,na,na,na,na,NP-008993,C18 H34 O4,L2
FT_18.825_287.16407,NP-004038,C16 H24 O3,264.17254,286.15679,3,0,72.3,NA,NA,"Adduct 21.98 Da, low quality",delete,delete,delete,delete,delete,delete,delete,delete,delete,delete,delete
FT_18.852_377.19599,NP-013854,C21 H28 O6,376.18859,376.18942,2,0,70.9,NA,NA,Low quality,L2,0,delete,delete,delete,delete,delete,0,,,delete
FT_18.865_191.10673,"N~5~-(pyridin-2-ylmethyl)-1H-1,2,4-triazole-3,5-diamine",C8 H10 N6,190.09669,190.09945,2,0,69.8,NA,NA,"Adduct 14.51 ppm, low quality",delete,delete,delete,delete,delete,delete,delete,delete,delete,delete,delete
FT_18.866_219.17434,NP-004713,C15 H24 O2,236.17763,218.16706,3,0,77.1,NA,NA,"Adduct -18 Da, low quality",check with sirius,0,delete,delete,delete,delete,delete,0,,,delete
FT_18.871_285.14858,"N1,N2-dicyclohexylethanedithioamide",C14 H24 N2 S2,284.13809,284.1413,1,0,60.9,NA,NA,Adduct 11.31 ppm,check with sirius,low confidence,na,differente name,same formula,"Estrone-2,3-quinone",C18H20O3,0,"Estrone-2,3-quinone",C18H20O3,L3.3
FT_18.894_275.16401,"1,4-dihydroxy-1,4-dimethyl-7-(propan-2-ylidene)-decahydroazulen-6-one",C15 H24 O3,252.17254,274.15673,6,0,84,NA,NA,"Adduct 21.98, low quakity, duplicated",delete,delete,delete,delete,delete,delete,delete,delete,delete,delete,delete
FT_18.915_195.06519,NP-019445,C10 H10 O4,194.05791,194.05791,5,0,86.3,NA,NA,Low quality,L2,0,delete,delete,delete,delete,delete,0,,,delete
FT_18.931_523.26695,"(2R,3S,4S,5S,6R)-2-({7-hydroxy-4-[(3Z)-5-hydroxy-3-methylpent-3-en-1-yl]-4a,8,8-trimethyl-3-methylidene-decahydronaphthalen-2-yl}oxy)-6-(hydroxymethyl)oxane-3,4,5-triol",C26 H44 O8,484.30362,522.25967,1,0,83.8,NA,NA,"Adduct 37.97 DA, low quality, duplicated",delete,delete,delete,delete,delete,delete,delete,delete,delete,delete,delete
FT_18.938_501.28504,"(2R,3S,4S,5S,6R)-2-({7-hydroxy-4-[(3Z)-5-hydroxy-3-methylpent-3-en-1-yl]-4a,8,8-trimethyl-3-methylidene-decahydronaphthalen-2-yl}oxy)-6-(hydroxymethyl)oxane-3,4,5-triol",C26 H44 O8,484.30362,500.27785,1,0,83.3,NA,NA,"Adduct 15.97 DA, low quality, duplicated",delete,delete,delete,delete,delete,delete,delete,delete,delete,delete,delete
FT_19.010_303.19548,NP-020078,C17 H28 O3,280.20384,302.18822,5,0,87.7,NA,NA,Adduct 21.98 Da,delete,delete,delete,delete,delete,delete,delete,delete,delete,delete,delete
FT_19.071_343.15411,"6,7,8-Triphenyl-2,3-dihydro[1,2,4]triazolo[4,3-b]pyridazin-3-one",C23 H16 N4 O,364.13241,342.14683,2,0,76.4,NA,NA,"Adduct -21.98 Da, low quality",delete,delete,delete,delete,delete,delete,delete,delete,delete,delete,delete
FT_19.101_293.20890,8-{3-Oxo-2-[(2E)-2-penten-1-yl]-1-cyclopenten-1-yl}octanoic acid,C18 H28 O3,292.20384,292.20162,4,0,88,NA,NA,"Adduct -7.6 ppm, low quality",delete,delete,delete,delete,delete,delete,delete,delete,delete,delete,delete
FT_19.109_483.20169,(2R)-4-(3-Fluorobenzoyl)-1-(4-methoxybenzoyl)-N-[(3S)-2-oxo-3-piperidinyl]-2-piperazinecarboxamide,C25 H27 F N4 O5,482.19655,482.19443,2,0,86.6,NA,NA,"halogenated, low quality",0,0,delete,delete,delete,delete,delete,0,,,delete
FT_19.148_415.21162,"5-hydroxy-2,2,6,6-tetramethyl-4-{2-methyl-1-[2,4,6-trihydroxy-3-(2-methylpropanoyl)phenyl]propyl}cyclohex-4-ene-1,3-dione",C24 H32 O7,432.2148,414.20448,1,0,60.7,NA,NA,Adduct -18 Da,L2,na,na,na,na,na,na,na,"5-hydroxy-2,2,6,6-tetramethyl-4-{2-methyl-1-[2,4,6-trihydroxy-3-(2-methylpropanoyl)phenyl]propyl}cyclohex-4-ene-1,3-dione",C24 H32 O7,L2
FT_19.159_211.06011,"1-(3-acetyl-2,4,6-trihydroxyphenyl)ethan-1-one",C10 H10 O5,210.05282,210.05283,4,0,88.7,NA,NA,Low quality,delete,delete,delete,delete,delete,delete,delete,delete,delete,delete,delete
FT_19.172_397.20101,NP-016234,C22 H30 O5,374.20932,396.19374,1,0,64.8,NA,NA,"Adduct 21.98 Da, low quality",check with sirius,0,delete,delete,delete,delete,delete,0,,,delete
FT_19.180_455.20465,"6-{3-[(3,4-dimethoxyphenyl)methyl]-4-methoxy-2-(methoxymethyl)butyl}-4-methoxy-2H-1,3-benzodioxole",C24 H32 O7,432.2148,454.19737,5,0,74.6,NA,NA,"Adduct 21.98 Da, low quality",delete,delete,delete,delete,delete,delete,delete,delete,delete,delete,delete
FT_19.210_389.23238,NP-010966,C23 H32 O5,388.22497,388.22581,2,0,72.9,NA,NA,low quality,delete,delete,delete,delete,delete,delete,delete,delete,delete,delete,delete
FT_19.226_347.22170,Corticosterone,C21 H30 O4,346.21441,346.21449,3,0,81.8,C02140,NA,0,L2,na,na,na,na,na,na,na,Corticosterone,C21 H30 O4,L2
FT_19.230_235.09647,NP-020205,C11 H16 O4,212.10486,234.08919,8,0,85.5,NA,NA,"Adduct 21.98 Da, low quality",check with sirius,na,na,similar structure,same formula,"(S)-2,3-Dihydro-6-hydroxy-5-(hydroxyacetyl)-2-isopropenylbenzofuran",C13H14O4,0,"(S)-2,3-Dihydro-6-hydroxy-5-(hydroxyacetyl)-2-isopropenylbenzofuran",C13H14O4,L3.3
FT_19.261_285.07573,"(2Z)-6-hydroxy-2-[(4-hydroxy-3-methoxyphenyl)methylidene]-2,3-dihydro-1-benzofuran-3-one",C16 H12 O5,284.06847,284.06846,7,0,75.6,NA,NA,low quality,delete,delete,delete,delete,delete,delete,delete,delete,delete,delete,delete
FT_19.264_507.23600,Kanamycin,C18 H36 N4 O11,484.23806,506.22873,1,0,91.1,NA,NA,"Adduct 21.99 Da, low quality",delete,delete,delete,delete,delete,delete,delete,delete,delete,delete,delete
FT_19.278_251.20055,OPEO,C16 H26 O2,250.19328,250.19327,1,0,66,D05229,NA,Low quality,delete,delete,delete,delete,delete,delete,delete,0.96,delete,delete,delete
FT_19.290_451.21155,WMH,C22 H28 N6 O4 S,472.18927,450.20432,2,0,83.3,NA,NA,"Adduct -21.98 Da, low quality",na,na,low confidence,differente name,different formula,Prenylterphenyllin J,C27H30O6,higher 0.8,Prenylterphenyllin J,C27H30O6,L3.3
FT_19.291_217.12230,"7-(1-pyrrolidinyl)pyrimido[4,5-d]pyrimidin-4-amine",C10 H12 N6,216.11234,216.11502,1,0,91.4,NA,NA,Adduct 12.39 ppm,check with sirius,na,na,differente name,same formula,3-(4-Hydroxy-3-(3-methyl-2-butenyl)phenyl)-2-propenal,C14H16O2,0,3-(4-Hydroxy-3-(3-methyl-2-butenyl)phenyl)-2-propenal,C14H16O2,L3.3
FT_19.307_333.20609,Andrographolide,C20 H30 O5,350.20932,332.19883,8,0,89.9,NA,NA,"Adduct -18 Da, low qualoty",delete,delete,delete,delete,delete,delete,delete,0.93,delete,delete,delete
FT_19.321_427.17535,"N-({(2R,4S,5R)-5-[3-(2-Methoxyphenyl)-1-methyl-1H-pyrazol-5-yl]-1-azabicyclo[2.2.2]oct-2-yl}methyl)methanesulfonamide",C20 H28 N4 O3 S,404.18821,426.16812,2,0,74.3,NA,NA,Adduct 21.97Da,L2,na,na,na,na,na,na,na,"N-({(2R,4S,5R)-5-[3-(2-Methoxyphenyl)-1-methyl-1H-pyrazol-5-yl]-1-azabicyclo[2.2.2]oct-2-yl}methyl)methanesulfonamide",C20 H28 N4 O3 S,L2
FT_19.328_317.21096,Cafestol,C20 H28 O3,316.20384,316.2037,16,0,92.6,C09066,NA,Low quality,delete,delete,delete,delete,delete,delete,delete,delete,delete,delete,delete
FT_19.333_433.22168,"6-{3-[(3,4-dimethoxyphenyl)methyl]-4-methoxy-2-(methoxymethyl)butyl}-4-methoxy-2H-1,3-benzodioxole",C24 H32 O7,432.2148,432.21473,5,0,66,NA,NA,Low quality,delete,delete,delete,delete,delete,delete,delete,delete,delete,delete,delete
FT_19.410_473.19366,WMH,C22 H28 N6 O4 S,472.18927,472.18638,2,0,83.1,NA,NA,Adduct -6.13 ppm,check with sirius,0,delete,delete,delete,delete,delete,0,,,delete
FT_19.436_263.16178,NP-012972,C14 H24 O3,240.17254,262.1545,1,0,83.3,NA,NA,Adduct 21.98 Da,L2,na,na,na,na,na,na,na,NP-012972,C14 H24 O3,L2
FT_19.437_137.13245,Eucalyptol,C10 H18 O,154.13577,136.12517,1,0,94.5,NA,NA,Adduct -18 Da,L2,na,na,na,na,na,na,na,Eucalyptol,C10 H18 O,L2
FT_19.456_473.19360,WMH,C22 H28 N6 O4 S,472.18927,450.2043,2,0,81.6,NA,NA,"Adduct -21.98 Da, duplicated, low quality",delete,delete,delete,delete,delete,delete,delete,higher 0.8,delete,delete,delete
FT_19.465_455.24097,WLH,C23 H30 N6 O4,454.23285,454.2337,1,0,72,NA,NA,Low quality,check with sirius,0,delete,delete,delete,delete,delete,0,,,delete
FT_19.470_297.18489,Eicosatetraynoic acid,C20 H24 O2,296.17763,296.17762,1,0,66.4,NA,NA,0,L2,na,na,na,na,na,na,na,Eicosatetraynoic acid,C20 H24 O2,L2
FT_19.475_387.25314,NP-016839,C24 H34 O4,386.24571,386.24588,1,0,76.7,NA,NA,Low quality,L2,0,delete,delete,delete,delete,delete,0,,,delete
FT_19.487_287.20057,11-Oxoetiocholanolone,C19 H28 O3,304.20384,286.1933,4,0,78.2,NA,NA,"Adduct -18 Da, low quality",delete,delete,delete,delete,delete,delete,delete,delete,delete,delete,delete
FT_19.497_383.22131,"1-[5-methyl-3-(5-methyl-6-phenylpyridin-3-yl)-6-phenyl-3,6-dihydropyridin-1(2H)-yl]ethan-1-one",C26 H26 N2 O,382.20451,382.21404,1,0,82.4,NA,NA,Adduct 24.91 ppm,delete,delete,delete,delete,delete,delete,delete,delete,delete,delete,delete
FT_19.538_401.23243,"1-{[5-(hydroxymethyl)-2,5,8a-trimethyl-1,4,4a,5,6,7,8,8a-octahydronaphthalen-1-yl]methyl}-4-methylidene-7-oxabicyclo[4.1.0]heptane-2,3,5-triol",C22 H34 O5,378.24062,400.22529,1,0,63.7,NA,NA,"Adduct 21.98 Da, low quality",delete,delete,delete,delete,delete,delete,delete,delete,delete,delete,delete
FT_19.538_423.21482,"7-[(2,6-dihydroxy-2,5,5,8a-tetramethyl-decahydronaphthalen-1-yl)methoxy]-2H-chromen-2-one",C24 H32 O5,400.22497,422.20755,3,0,92.5,NA,NA,"Adduct 21.98 Da, low quality",delete,delete,delete,delete,delete,delete,delete,delete,delete,delete,delete
FT_19.567_399.25075,Tris(2-butoxyethyl) phosphate,C18 H39 O7 P,398.24334,398.24348,2,0,95.7,C14446,NA,"Lab-use synthetic compound, likely contaminant",L2,na,na,na,na,na,na,na,no name,C18 H39 O7 P,L4.3
FT_19.574_341.20935,"(2Z)-5-(1,2,4a,5-tetramethyl-7-oxo-1,2,3,4,4a,7,8,8a-octahydronaphthalen-1-yl)-3-methylpent-2-enoic acid",C20 H30 O3,318.21949,340.20207,3,0,96.6,NA,NA,"Adduct 21.98 Da, low quality",delete,delete,delete,delete,delete,delete,delete,delete,delete,delete,delete
FT_19.578_295.22447,13(S)-HOTrE,C18 H30 O3,294.21949,294.2172,1,0,61,NA,NA,"Adduct -7.81 ppm, low quality",na,keep sirius,100,13-OxoODE,C18H30O3,different name,same formula,low,13-OxoODE,C18H30O3,L3.3
FT_19.589_409.23524,NP-016839,C24 H34 O4,386.24571,408.22797,1,0,79.2,NA,NA,"Adduct 21.98 Da, low quality",check with sirius,na,na,na,na,na,na,na,NP-016839,C24 H34 O4,L2
FT_19.601_255.23185,Palmitoleic acid,C16 H30 O2,254.22458,254.22457,1,0,97.3,C08362,NA,0,L2,na,na,na,na,na,na,na,Palmitoleic acid,C16 H30 O2,L2
FT_19.611_319.22624,NP-014287,C18 H32 O3,296.23514,318.21924,8,0,74.3,NA,NA,"Adduct 21.98, low quality",delete,delete,delete,delete,delete,delete,delete,delete,delete,delete,delete
FT_19.622_493.22225,"(2S,3R,4S,5S,6R)-2-{[(2R,3R,4S,5S,6R)-4,5-dihydroxy-2-[(3-hydroxy-6-methylheptyl)oxy]-6-(hydroxymethyl)oxan-3-yl]oxy}-6-(hydroxymethyl)oxane-3,4,5-triol",C20 H38 O12,470.23633,492.21502,1,0,74,NA,NA,Adduct 21.98 Da,L2,low confidence,na,na,na,na,na,0.91,"(2S,3R,4S,5S,6R)-2-{[(2R,3R,4S,5S,6R)-4,5-dihydroxy-2-[(3-hydroxy-6-methylheptyl)oxy]-6-(hydroxymethyl)oxan-3-yl]oxy}-6-(hydroxymethyl)oxane-3,4,5-triol",C20 H38 O12,L2
FT_19.648_451.21155,Nα-{[(2R)-1-(4-morpholinylcarbonyl)-2-piperazinyl]carbonyl}-D-tryptophanamide,C21 H28 N6 O4,428.2172,450.2043,2,0,62,NA,NA,Adduct 21.98 Da,na,na,na,differente name,same formula,Prenylterphenyllin J,C27H30O6,0.93,Prenylterphenyllin J,C27H30O6,L3.3
FT_19.649_217.12230,"7-(1-pyrrolidinyl)pyrimido[4,5-d]pyrimidin-4-amine",C10 H12 N6,216.11234,216.11502,1,0,91.5,NA,NA,"Adduct 12.38 ppm, low quality",delete,delete,delete,delete,delete,delete,delete,delete,delete,delete,delete
FT_19.657_311.16419,Estriol,C18 H24 O3,288.17254,310.15693,3,0,96.3,NA,NA,Adduct 21.98 Da,L2,na,na,na,na,na,na,na,Estriol,C18 H24 O3,L2
FT_19.660_423.14401,"5-[(1S,3aR,4S,6aR)-4-(3,4,5-trimethoxyphenyl)-hexahydrofuro[3,4-c]furan-1-yl]-2H-1,3-benzodioxole",C22 H24 O7,400.1522,422.13673,3,0,65.9,NA,NA,Adduct 21.98 Da,L2,na,na,na,na,na,na,na,"5-[(1S,3aR,4S,6aR)-4-(3,4,5-trimethoxyphenyl)-hexahydrofuro[3,4-c]furan-1-yl]-2H-1,3-benzodioxole",C22 H24 O7,L2
FT_19.711_407.21964,"(1R,9S)-11-Benzyl-5-(2-naphthyl)-7,11-diazatricyclo[7.3.1.02,7]trideca-2,4-dien-6-one",C28 H26 N2 O,406.20451,406.21237,2,0,80.7,NA,NA,"Adduct 19.33, low quality",delete,delete,delete,delete,delete,delete,delete,delete,delete,delete,delete
FT_19.719_137.13245,Eucalyptol,C10 H18 O,154.13577,136.12517,1,0,94.1,NA,NA,"Adduct -18 Da, low quality, duplicated",delete,delete,delete,delete,delete,delete,delete,delete,delete,delete,delete
FT_19.720_317.20978,Cafestol,C20 H28 O3,316.20384,316.20274,19,0,94,C09066,NA,"low quality, duplicated",check with sirius,low,delete,delete,delete,delete,delete,0,,,delete
FT_19.725_303.23187,(+/-)11(12)-EET,C20 H32 O3,320.23514,302.22461,15,0,90.6,NA,NA,"Adduct -18 Da, low quality",delete,delete,delete,delete,delete,delete,delete,delete,delete,delete,delete
FT_19.738_509.28769,"{(2R,4S,5R)-5-[1-Methyl-3-(2-naphthyl)-1H-pyrazol-5-yl]-1-azabicyclo[2.2.2]oct-2-yl}methyl (4-isopropylphenyl)carbamate",C32 H36 N4 O2,508.28383,508.28042,2,0,68.9,NA,NA,"Adduct -6.71 ppm, low quality",delete,delete,delete,delete,delete,delete,delete,delete,delete,delete,delete
FT_19.744_293.20875,8-{3-Oxo-2-[(2E)-2-penten-1-yl]-1-cyclopenten-1-yl}octanoic acid,C18 H28 O3,292.20384,270.21952,4,0,85.7,NA,NA,"Adduct -18 Da, low quality",delete,delete,delete,delete,delete,delete,delete,delete,delete,delete,delete
FT_19.744_299.20046,NP-016928,C20 H28 O3,316.20384,298.19318,3,0,82.9,NA,NA,"Adduct -18 Da, low quality",check with sirius,0,delete,delete,delete,delete,delete,0,,,delete
FT_19.798_345.20382,Nor-9-carboxy-δ9-THC,C21 H28 O4,344.19876,344.19655,2,0,82.4,NA,NA,"Adduct -6,43 ppm",delete,delete,delete,delete,delete,delete,delete,delete,delete,delete,delete
FT_19.798_451.21160,Nα-{[(2R)-1-(4-morpholinylcarbonyl)-2-piperazinyl]carbonyl}-D-tryptophanamide,C21 H28 N6 O4,428.2172,450.20436,2,0,66.4,NA,NA,"Adduct 21.98 Da, low quality",low quality,na,na,na,na,na,na,0.93,NP-020353,C21H30O5,L2
FT_19.801_473.19369,WMH,C22 H28 N6 O4 S,472.18927,472.18641,2,0,82.5,NA,NA,"Adduct -6.06 ppm, low quality, duplicated",delete,delete,delete,delete,delete,delete,delete,higher 0.8,delete,delete,delete
FT_19.804_449.23076,"2-[(3R,4S)-3-{[5-(Cyclohexylmethyl)-1,2-oxazol-3-yl]methyl}-4-piperidinyl]-N-(3-pyridinylmethyl)acetamide",C24 H34 N4 O2,410.26818,448.22349,1,0,82.6,NA,NA,"Adduct 37.955, low quality",check with sirius,0,delete,delete,delete,delete,delete,0,,,delete
FT_19.818_255.23185,Palmitoleic acid,C16 H30 O2,254.22458,254.22458,1,0,96,C08362,NA,"low quality, duplicated",delete,delete,delete,delete,delete,delete,delete,delete,delete,delete,delete
FT_19.821_277.21615,Palmitoleic Acid,C16 H30 O2,254.22458,276.20887,1,0,70.5,NA,NA,"Adduct 21.98 DA, low quality, duplicated",check with sirius,na,na,na,na,na,na,na,Palmitoleic Acid,C16 H30 O2,L2
FT_19.829_335.21962,NP-002322,C18 H32 O4,312.23006,334.21234,2,0,77.4,NA,NA,"Adduct 21.98 Da, low quality",check with sirius,na,na,na,na,na,na,low,NP-002322,C18 H32 O4,L2
FT_19.830_493.22235,"(2S,3R,4S,5S,6R)-2-{[(2R,3R,4S,5S,6R)-4,5-dihydroxy-2-[(3-hydroxy-6-methylheptyl)oxy]-6-(hydroxymethyl)oxan-3-yl]oxy}-6-(hydroxymethyl)oxane-3,4,5-triol",C20 H38 O12,470.23633,492.21514,1,0,65.1,NA,NA,"Adduct 21.98 Da, low quality",check with sirius,low confidence,na,na,na,na,na,0.91,"(2S,3R,4S,5S,6R)-2-{[(2R,3R,4S,5S,6R)-4,5-dihydroxy-2-[(3-hydroxy-6-methylheptyl)oxy]-6-(hydroxymethyl)oxan-3-yl]oxy}-6-(hydroxymethyl)oxane-3,4,5-triol",C20 H38 O12,L2
FT_19.866_305.24740,NP-016095,C20 H34 O3,322.25079,304.2402,8,0,87.1,NA,NA,"Adduct -18 Da, low quality",check with sirius,delete,delete,delete,delete,delete,delete,delete,delete,delete,delete
FT_19.885_285.24246,"16-Heptadecyne-1,2,4-triol",C17 H32 O3,284.23514,284.23525,1,0,98.8,NA,NA,low quality,delete,delete,delete,delete,delete,delete,delete,delete,delete,delete,delete
FT_19.899_343.22463,"5-(1,2,4a,5-tetramethyl-7-oxo-1,2,3,4,4a,7,8,8a-octahydronaphthalen-1-yl)-3-methylpentanoic acid",C20 H32 O3,320.23514,342.21735,3,0,98.4,NA,NA,"Adduct 21.98 Da, low quality",delete,delete,delete,delete,delete,delete,delete,delete,delete,delete,delete
FT_2.023_144.10191,1-Aminocyclohexanecarboxylic acid,C7 H13 N O2,143.09463,143.09463,2,0,98.2,NA,NA,0,L2,na,na,same name,same formula,Crotonic acid betaine,C7H13NO2,0,Crotonic acid betaine,C7H13NO2,L3.1
FT_2.050_247.12881,"(3aR,7aS,8S,9aR)-5,8-dimethyl-3-methylidene-2H,3H,3aH,4H,6H,7H,7aH,8H,9H,9aH-azuleno[6,5-b]furan-2,6-dione",C15 H18 O3,246.12559,246.12153,6,0,77.2,NA,NA,Adduct -16.51 ppm,check with sirius,na,na,same name,same formula,Glutamylvaline,C10H18N2O5,0,Glutamylvaline,C10H18N2O5,L3.1
FT_2.163_260.16048,Propranolol,C16 H21 N O2,259.15723,259.1532,3,0,89.6,NA,NA,Adduct -15.53 ppm,check with sirius,0,66.96,Isoleucylglutamine,C11H21N3O4,similar names,same formula,0,Isoleucylglutamine,C11H21N3O4,L3.1
FT_2.375_162.07610,"7-methylpyrimido[4,5-d]pyrimidin-4-amine",C7 H7 N5,161.07015,161.06883,2,0,78.8,NA,NA,"Adduct -8.17 ppm, DUPLICATED",check with sirius,0,na,same name,same formula,4-Methyl-L-glutamate,C6H11NO4,0,4-Methyl-L-glutamate,C6H11NO4,L3.1
FT_2.382_126.05492,NP-019811,C6 H7 N O2,125.04768,125.04764,1,0,60.8,NA,NA,0,keep sirius,0,74.12,5-Hydroxy-2-methoxypyridine,C6H7NO2,different name,same formula,0,5-Hydroxy-2-methoxypyridine,C6H7NO2,L3.3
FT_2.389_184.05804,"7-methylpyrimido[4,5-d]pyrimidin-4-amine",C7 H7 N5,161.07015,183.05076,2,0,81.8,NA,NA,"Adduct 21.98 DA, duplicated",na,na,na,na,na,na,na,0.97,"7-methylpyrimido[4,5-d]pyrimidin-4-amine",C7 H7 N5,L2
FT_2.484_112.05050,Cytosine,C4 H5 N3 O,111.04326,111.04322,2,0,100,C00380,NA,duplicated,check with sirius,"cytosine, 98%",na,na,na,na,na,0,Cytosine,C4 H5 N3 O,L2
FT_2.525_435.11107,NP-020903,C20 H25 Cl O7,412.12888,434.10379,2,0,89.1,NA,NA,halogenated,0,keep sirius formula,na,na,na,no name,na,0,no name,C17H22O13,L4.3
FT_2.642_112.05049,Cytosine,C4 H5 N3 O,111.04326,111.04321,2,0,99.9,C00380,NA,duplicated,check with sirius,"cytosine, 97.92%",na,na,na,na,na,0,Cytosine,C4 H5 N3 O,L2
FT_2.753_144.10191,DL-Stachydrine,C7 H13 N O2,143.09463,143.09463,2,0,78,NA,NA,0,L2,na,na,2-Piperidin-2-ylacetate,C7H12NO2,different name,same formula,0,2-Piperidin-2-ylacetate,C7H12NO2,L3.3
FT_2.880_158.15396,"2,2,6,6-Tetramethyl-4-piperidinol",C9 H19 N O,157.14666,157.14669,3,0,99,NA,NA,0,L2,na,na,na,na,na,na,0,"2,2,6,6-Tetramethyl-4-piperidinol",C9 H19 N O,L2
FT_2.882_184.05804,"7-methylpyrimido[4,5-d]pyrimidin-4-amine",C7 H7 N5,161.07015,183.05077,2,0,80.9,NA,NA,Adduct 21.98 Da,check with sirius,na,na,na,na,na,na,0.97,"7-methylpyrimido[4,5-d]pyrimidin-4-amine",C7 H7 N5,L2
FT_20.022_321.24095,NP-011548,C18 H34 O3,298.25079,320.23401,9,0,93.8,NA,NA,"Adduct 21.98 Da, low quality",delete,delete,delete,delete,delete,delete,delete,delete,delete,delete,delete
FT_20.038_217.12230,"7-(1-pyrrolidinyl)pyrimido[4,5-d]pyrimidin-4-amine",C10 H12 N6,216.11234,216.11502,1,0,90.8,NA,NA,"Adduct 12.38 ppm, low qualty",delete,delete,delete,delete,delete,delete,delete,delete,delete,delete,delete
FT_20.077_451.21163,Nα-{[(2R)-1-(4-morpholinylcarbonyl)-2-piperazinyl]carbonyl}-D-tryptophanamide,C21 H28 N6 O4,428.2172,450.20435,2,0,72.1,NA,NA,Adduct 21.98 Da,keep sirius,na,66.49,"(2S)-6-(Gamma,Gamma-Dimethylallyl)-5-Hydroxy-3',4'-Dimethoxy-6'',6''-Dimethylpyran(2'',3'':7,8)Flavanone",C27H30O6,different name,same formula,0,"(2S)-6-(Gamma,Gamma-Dimethylallyl)-5-Hydroxy-3',4'-Dimethoxy-6'',6''-Dimethylpyran(2'',3'':7,8)Flavanone",C27H30O6,L3.3
FT_20.079_343.22453,"5-(1,2,4a,5-tetramethyl-7-oxo-1,2,3,4,4a,7,8,8a-octahydronaphthalen-1-yl)-3-methylpentanoic acid",C20 H32 O3,320.23514,342.21726,2,0,97.9,NA,NA,"Adduct 21.98 Da, low quality",delete,delete,delete,delete,delete,delete,delete,low,delete,delete,delete
FT_20.085_305.21103,6ß-Hydroxytestosterone,C19 H28 O3,304.20384,304.2038,1,0,68,C14497,NA,Low quality,delete,delete,delete,delete,delete,delete,delete,delete,delete,delete,delete
FT_20.090_493.25649,NP-007425,C28 H38 O6,470.26684,492.24921,4,0,90.9,NA,NA,"Adduct 21.98 Da, low quality",delete,delete,delete,delete,delete,delete,delete,delete,delete,delete,delete
FT_20.103_409.23535,NP-016839,C24 H34 O4,386.24571,408.22808,1,0,77.4,NA,NA,"Adduct 21.98 Da, low quality",delete,delete,delete,delete,delete,delete,delete,delete,delete,delete,delete
FT_20.104_285.24245,"16-Heptadecyne-1,2,4-triol",C17 H32 O3,284.23514,284.23528,2,0,78.9,NA,NA,Low quality,delete,delete,delete,delete,delete,delete,delete,delete,delete,delete,delete
FT_20.113_473.19368,WMH,C22 H28 N6 O4 S,472.18927,472.1864,1,0,78.7,NA,NA,"Adduct -6.08, low quality, duplicated",keep sirius,0,65.93,5-Formimidoyltetrahydrofolic acid,C20H24N8O6,no name,same formula,0,5-Formimidoyltetrahydrofolic acid,C20H24N8O6,L3.3
FT_20.117_235.09648,NP-020205,C11 H16 O4,212.10486,234.08921,8,0,85.9,NA,NA,"Adduct 21.98 Da, low quality",delete,delete,delete,delete,delete,delete,delete,delete,delete,delete,delete
FT_20.125_207.06518,Scoparone,C11 H10 O4,206.05791,206.0579,2,0,75.8,C09311,NA,0,L2,na,na,na,na,na,na,na,Scoparone,C11 H10 O4,L2
FT_20.127_319.22635,NP-014287,C18 H32 O3,296.23514,318.21925,17,0,91.5,NA,NA,"Adduct 21.98 Da, low quality",L2,delete,delete,delete,delete,delete,delete,highier 0.8,delete,delete,delete
FT_20.136_301.21621,"(2E)-5-[(8aS)-2,5,5,8a-tetramethyl-3-oxo-3,4,4a,5,6,7,8,8a-octahydronaphthalen-1-yl]-3-methylpent-2-enoic acid",C20 H30 O3,318.21949,300.20893,9,0,87.7,NA,NA,Adduct -18 Da,L2,na,na,na,na,na,na,na,"(2E)-5-[(8aS)-2,5,5,8a-tetramethyl-3-oxo-3,4,4a,5,6,7,8,8a-octahydronaphthalen-1-yl]-3-methylpent-2-enoic acid",C20 H30 O3,L2
FT_20.186_329.20989,HU-331,C21 H28 O3,328.20384,328.20261,1,0,67.8,NA,NA,low quality,check with sirius,delete,delete,delete,delete,delete,delete,low,delete,delete,delete
FT_20.269_343.22452,NP-018348,C20 H32 O3,320.23514,342.21724,2,0,89.5,NA,NA,"Adduct 21.98 Da, low quality",check with sirius,delete,delete,delete,delete,delete,delete,delete,delete,delete,delete
FT_20.300_359.21947,NP-006862,C20 H32 O4,336.23006,358.2122,1,0,88.3,NA,NA,"Adduct 21.98 Da, low quality",low confidence,na,na,differente name,same formula,"17beta-Hydroxyandrost-4-ene-3,11-dione propionate",C22H30O4,0,"17beta-Hydroxyandrost-4-ene-3,11-dione propionate",C22H30O4,L3.3
FT_20.308_341.20890,15-epi Prostaglandin A1,C20 H32 O4,336.23006,318.21946,15,0,87.5,NA,NA,Adduct -18 Da,delete,delete,delete,delete,delete,delete,delete,delete,delete,delete,delete
FT_20.379_289.21619,Dehydroepiandrosterone (DHEA),C19 H28 O2,288.20893,288.20894,3,0,76.4,C01227,NA,0,delete,delete,delete,delete,delete,delete,delete,delete,delete,delete,delete
FT_20.555_495.34488,NP-021050,C30 H48 O4,472.35526,494.3376,2,0,96.8,NA,NA,"Adduct 21.98 Da, low quality",check with sirius,0,delete,delete,delete,delete,delete,0,,,delete
FT_20.667_345.20611,Nor-9-carboxy-δ9-THC,C21 H28 O4,344.19876,344.19883,1,0,71.2,NA,NA,0,L2,0,delete,delete,delete,delete,delete,higher 0.9,,,delete
FT_20.668_311.16425,Estriol,C18 H24 O3,288.17254,310.15697,4,0,73.4,NA,NA,Adduct 21.98 Da,L2,na,na,na,na,na,na,na,Estriol,C18 H24 O3,L2
FT_20.694_331.19022,NP-020713,C20 H26 O4,330.18311,330.18294,1,0,75.4,NA,NA,low quality,check with sirius,0,delete,delete,delete,delete,delete,low,,,delete
FT_20.734_385.23739,NP-005982,C22 H34 O4,362.24571,384.2302,1,0,62.3,NA,NA,"Adduct 21.98 Da, low quality",check with sirius,delete,delete,delete,delete,delete,delete,delete,delete,delete,delete
FT_3.589_132.10187,Isoleucine,C6 H13 N O2,131.09463,131.09459,4,0,99.2,NA,NA,0,check with sirius,same annotation. 96%,na,na,na,na,na,0,Isoleucine,C6 H13 N O2,L2
FT_4.181_267.05877,6-(3-hydroxybutan-2-yl)-5-(hydroxymethyl)-4-methoxy-2H-pyran-2-one,C11 H16 O5,228.09977,266.05149,1,0,96.6,NA,NA,Adduct 37.95 Da,L2,no result,na,na,na,no result,na,0,6-(3-hydroxybutan-2-yl)-5-(hydroxymethyl)-4-methoxy-2H-pyran-2-one,C11 H16 O5,L3.3
FT_4.186_113.03450,Uracil,C4 H4 N2 O2,112.02728,112.02723,3,0,99.3,C00106,NA,duplicated,na,na,na,na,na,na,na,0,Uracil,C4 H4 N2 O2,L2
FT_4.191_267.05875,6-(3-hydroxybutan-2-yl)-5-(hydroxymethyl)-4-methoxy-2H-pyran-2-one,C11 H16 O5,228.09977,244.06952,1,0,96.6,NA,NA,0,0,0,delete,delete,delete,delete,delete,0,,,delete
FT_5.536_413.10546,"3-hydroxy-3,4-bis[(4-hydroxy-3-methoxyphenyl)methyl]oxolan-2-one",C20 H22 O7,374.13655,412.09818,1,0,96.9,NA,NA,"Adduct 37.96 Da, low quality",delete,delete,delete,delete,delete,delete,delete,delete,delete,delete,delete
FT_5.754_113.03450,Uracil,C4 H4 N2 O2,112.02728,112.02722,3,0,98.5,C00106,NA,duplicated,na,na,na,na,na,na,na,na,Uracil,C4 H4 N2 O2,L2
FT_5.941_521.19557,Methyl N-{[(2R)-1-(methoxyacetyl)-4-(3-pyridinylcarbonyl)-2-piperazinyl]carbonyl}-O-methyl-L-tyrosinate,C25 H30 N4 O7,498.21145,520.18829,4,0,86.8,NA,NA,Adduct 21.97 Da,na,na,na,na,na,na,na,0,Methyl N-{[(2R)-1-(methoxyacetyl)-4-(3-pyridinylcarbonyl)-2-piperazinyl]carbonyl}-O-methyl-L-tyrosinate,C25 H30 N4 O7,L3.3
FT_6.231_137.04577,Hypoxanthine,C5 H4 N4 O,136.03851,136.03849,4,0,99.8,C00262,NA,0,L2,na,na,na,na,na,na,low,Hypoxanthine,C5 H4 N4 O,L2
FT_6.554_152.05670,Guanine,C5 H5 N5 O,151.04941,151.04942,1,0,98.6,C00242,NA,0,L2,na,na,na,na,na,na,0,Guanine,C5 H5 N5 O,L2
FT_6.596_137.04577,Hypoxanthine,C5 H4 N4 O,136.03851,136.03849,4,0,99.8,C00262,NA,0,L2,na,na,na,na,na,na,low,Hypoxanthine,C5 H4 N4 O,L2
FT_6.761_200.05429,Phenothiazine,C12 H9 N S,199.04557,177.06507,1,0,84.4,NA,NA,Adduct -21.98 Da,,no result,na,na,na,"(2S,4S)-4-amino-2-hydroxy-2-methylpentanedioic acid",C6H11NO5,0,"(2S,4S)-4-amino-2-hydroxy-2-methylpentanedioic acid",C6H11NO5,L3.3
FT_7.106_225.10971,NP-019374,C10 H18 O4,202.12051,224.10243,4,0,99.4,NA,NA,Adduct 21.98 Da,L2,low confidence,na,na,na,no result,no result,0,NP-019374,C10 H18 O4,L3.3
FT_7.161_223.09407,"2-[4-(tert-butyl)-2,3-dihydro-1,3-thiazol-2-yliden]-3-oxobutanenitrile",C11 H14 N2 O S,222.08268,222.08679,1,0,94,NA,NA,Adduct 18.5 ppm,na,"low confidence, sirius similar structire",na,na,na,no result,no result,low,unknown,C8H10N6O2,L4.3
FT_7.182_185.07835,5-amino-1-phenyl-1H-pyrazole-4-carbonitrile,C10 H8 N4,184.0749,184.07107,1,0,87.3,NA,NA,Adduct -20.77 ppm,na,na,na,na,na,na,na,0,5-amino-1-phenyl-1H-pyrazole-4-carbonitrile,C10 H8 N4,L2
FT_7.284_283.07884,"dimethyl N~1~,N~4~-dicyanotetrahydropyrazine-1,4-dicarbimidothioate",C10 H14 N6 S2,282.07214,282.07156,2,0,68.6,NA,NA,0,don't trust name,low confidence,na,na,na,no result,no result,0,unknown,C10 H14 N6 S2,L4.3
FT_7.326_171.06273,Penicillic acid,C8 H10 O4,170.05791,170.05545,1,0,70.1,NA,NA,Adduct -14.46 ppm,check with sirius,na,na,na,na,na,na,0,Penicillic acid,C8 H10 O4,L2
FT_7.344_127.05016,Thymine,C5 H6 N2 O2,126.04293,126.04288,3,0,99,C00178,NA,0,L2,na,na,na,na,na,na,0,Thymine,C5 H6 N2 O2,L2
FT_7.344_265.07950,α-Lapachone,C15 H14 O3,242.09429,264.07222,3,0,87.6,NA,NA,Adduct 21.97 Da,L2,low confidence,na,na,na,no result,no result,0,alpha-Lapachone,C15 H14 O3,L2
FT_7.567_223.09407,"2-[4-(tert-butyl)-2,3-dihydro-1,3-thiazol-2-yliden]-3-oxobutanenitrile",C11 H14 N2 O S,222.08268,222.08679,1,0,94.1,NA,NA,Adduct 18.5 ppm,check with sirius,"low confidence, sirius similar structire",47.3,3-[(2-amino-9H-purin-6-yl)amino]propanoic acid,C8H10N6O2,no result,no result,low,3-[(2-amino-9H-purin-6-yl)amino]propanoic acid,C8H10N6O2,L3.3
FT_7.691_227.12538,2-[(3S)-1-Methyl-3-pyrrolidinyl]-1H-benzimidazole-5-carbonitrile,C13 H14 N4,226.12185,226.1181,1,0,76.3,NA,NA,Adduct -16.57 ppm,check with sirius,"low confidence, sirius similar structire",na,na,na,no result,no result,0,2-[(3S)-1-(cyclohexylmethyl)pyrrolidin-3-yl]-3H-benzimidazole-5-carbonitrile,C19H24N4,L3.3
FT_7.703_266.12479,N6-Me-dA,C11 H15 N5 O3,265.11749,265.11751,1,0,99.1,NA,NA,0,L2,na,na,na,na,na,na,na,N6-Me-dA,C11 H15 N5 O3,L2
FT_7.836_223.09406,"2-[4-(tert-butyl)-2,3-dihydro-1,3-thiazol-2-yliden]-3-oxobutanenitrile",C11 H14 N2 O S,222.08268,222.08678,1,0,92.7,NA,NA,Adduct 18.45 ppm,check with sirius,"low confidence, sirius similar structire",na,na,na,no result,no result,low,N-(2-amino-9H-purin-6-yl)alanine,C8H10N6O2,L3.3
FT_8.058_227.12537,2-[(3S)-1-Methyl-3-pyrrolidinyl]-1H-benzimidazole-5-carbonitrile,C13 H14 N4,226.12185,226.11809,1,0,74.4,NA,NA,Adduct -16.6 ppm,check with sirius,"low confidence, sirius similar structire",,"(6R)-2-amino-6-(aminomethyl)-4-oxo-1,2,3,4a,6,7-hexahydropteridine-5-carbaldehyde",C8H14N6O2,no result,no result,0,"(6R)-2-amino-6-(aminomethyl)-4-oxo-1,2,3,4a,6,7-hexahydropteridine-5-carbaldehyde",C8H14N6O2,L3.3
FT_8.244_181.04702,"4-oxo-4,5,6,7-tetrahydrobenzo[b]furan-3-carboxylic acid",C9 H8 O4,180.04226,180.03975,1,0,63.9,NA,NA,Adduct -13.96 ppm ,check with sirius,low confidence,66.04,4-(Methoxycarbonyl)benzoic acid,C9H8O4,no result,no result,0,4-(Methoxycarbonyl)benzoic acid,C9H8O4,L3.3
FT_8.308_223.05768,"(3R,4S)-4,6,8-Trihydroxy-7-methoxy-3-methyl-3,4-dihydro-1H-isochromen-1-one",C11 H12 O6,240.06339,222.0504,2,0,67.5,NA,NA,Adduct -18 Da,L2,no result,na,na,na,no result,no result,higher 0.8,"(3R,4S)-4,6,8-Trihydroxy-7-methoxy-3-methyl-3,4-dihydro-1H-isochromen-1-one",C11 H12 O6,L3.3
FT_8.313_238.14375,Viloxazine,C13 H19 N O3,237.13649,237.13647,1,0,74.4,D08673,NA,"Drug, likely contaminant",L2,na,na,na,na,na,na,0,no name,C13 H19 N O3,L4.3
FT_8.352_427.12108,"(9R,10R)-10-(acetyloxy)-8,8-dimethyl-2-oxo-2H,8H,9H,10H-pyrano[2,3-h]chromen-9-yl 2-methylbutanoate",C21 H24 O7,388.1522,426.1138,9,0,98.7,NA,NA,Adduct 37.96 Da,check with sirius,"similar structure, low confidence",delete,delete,delete,delete,delete,delete,delete,delete,delete
FT_8.445_223.05767,"(3R,4S)-4,6,8-Trihydroxy-7-methoxy-3-methyl-3,4-dihydro-1H-isochromen-1-one",C11 H12 O6,240.06339,222.0504,2,0,69.1,NA,NA,Adduct -39.99 Da,check with sirius,low confidence,na,na,na,no result,no result,higher 0.8,Lignicol,C11H12O6,L3.3
FT_8.459_225.10968,NP-019374,C10 H18 O4,202.12051,224.10241,5,0,98,NA,NA,Adduct 21.98 Da,low confidence,na,na,na,na,no result,no result,0,NP-019374,C10 H18 O4,L2
FT_8.485_279.08397,"2-methyl-5-pyridin-2-yl-7-(trifluoromethyl)pyrazolo[1,5-a]pyrimidine",C13 H9 F3 N4,278.07793,278.07669,5,0,90.5,NA,NA,"Lab-use synthetic compound, likely contaminant",na,na,75,"1,2-Diglycidyl phthalate",C14H14O6,same name,same formula,0.81,"1,2-Diglycidyl phthalate",C14H14O6,L3.1
FT_8.550_224.16450,Toliprolol,C13 H21 N O2,223.15723,223.15722,1,0,86.8,NA,NA,"Drug, likely contaminant",L2,na,na,na,na,na,na,0,no name,C13 H21 N O2,L4.3
FT_8.697_223.09406,"2-[4-(tert-butyl)-2,3-dihydro-1,3-thiazol-2-yliden]-3-oxobutanenitrile",C11 H14 N2 O S,222.08268,222.08678,1,0,93.5,NA,NA,Adduct 18.44 ppm,check with sirius,no result,delete,delete,delete,delete,delete,low,delete,delete,delete
FT_8.706_188.07061,trans-3-Indoleacrylic acid,C11 H9 N O2,187.06333,187.06334,3,0,90.6,NA,NA,0,0,"3-indoleacrylate, 84.73%",delete,delete,delete,delete,delete,0,,,delete
FT_8.743_316.17555,(5-methyl-3-isoxazolyl)[4-(5-propyl-2-pyrimidinyl)piperazino]methanone,C16 H21 N5 O2,315.16952,315.16827,1,0,60.6,NA,NA,0,L2,na,na,na,na,na,na,na,(5-methyl-3-isoxazolyl)[4-(5-propyl-2-pyrimidinyl)piperazino]methanone,C16 H21 N5 O2,L2
FT_8.916_211.13044,Jasmonic acid,C12 H18 O3,210.12559,210.12317,3,0,85.8,NA,NA,Adduct -11.55 ppm,check with sirius,no result,delete,delete,delete,no result,no result,0.88,delete,delete,delete
FT_8.923_220.13320,Ritalinic acid,C13 H17 N O2,219.12593,219.12592,1,0,99.6,NA,NA,"Drug, likely contaminant",L2,na,na,na,na,na,na,0,no name,C13 H17 N O2,L4.3
FT_9.043_195.06277,NP-019360,C8 H12 O4,172.07356,172.07356,5,0,98.7,NA,NA,Duplicated,check with sirius,na,na,differente name,same formula,"(4R,5R)-4,5-dihydroxy-3-methoxy-5-methyl-cyclohex-2-en-1-one",C8H12O4,0.98,"(4R,5R)-4,5-dihydroxy-3-methoxy-5-methyl-cyclohex-2-en-1-one",C8H12O4,L3.3
FT_9.044_155.07035,NP-019360,C8 H12 O4,172.07356,154.06307,3,0,95.6,NA,NA,Duplicated,check with sirius,0,delete,delete,delete,delete,delete,0.98,,,delete
FT_9.159_223.09407,"2-[4-(tert-butyl)-2,3-dihydro-1,3-thiazol-2-yliden]-3-oxobutanenitrile",C11 H14 N2 O S,222.08268,222.08679,1,0,94.1,NA,NA,Adduct 18.49 ppm,check with sirius,no result,delete,delete,delete,delete,delete,delete,delete,delete,delete
FT_9.209_429.13675,"methyl (1S,4aS,6R,7R,7aR)-5,6-dihydroxy-7-methyl-1-{[(2S,3R,4S,5S,6R)-3,4,5-trihydroxy-6-(hydroxymethyl)oxan-2-yl]oxy}-1H,4aH,5H,6H,7H,7aH-cyclopenta[c]pyran-4-carboxylate",C17 H26 O11,406.14751,428.12947,3,0,95.3,NA,NA,"Adduct 21.98 DA, low quality",check with sirius,delete,delete,delete,delete,delete,delete,delete,delete,delete,delete
FT_9.352_183.10168,NP-018661,C8 H16 O3,160.10994,182.0944,1,0,68.1,NA,NA,Adduct 21.98 Da,L2,na,na,na,na,na,na,na,NP-018661,C8 H16 O3,L2
FT_9.409_201.11222,"2-[4-(tert-butyl)-2,3-dihydro-1,3-thiazol-2-yliden]-3-oxobutanenitrile",C11 H14 N2 O S,222.08268,200.10491,1,0,94.4,NA,NA,"Adduct -21.98 Da, low quality",check with sirius,low confidence,delete,delete,delete,delete,delete,delete,delete,delete,delete
FT_9.455_485.16311,"(1R,9S)-11-(4-Methoxybenzoyl)-5-[4-(trifluoromethoxy)phenyl]-7,11-diazatricyclo[7.3.1.02,7]trideca-2,4-dien-6-one",C26 H23 F3 N2 O4,484.16099,484.15583,1,0,99.7,NA,NA,halogenated,delete,delete,delete,delete,delete,delete,delete,delete,delete,delete,delete
FT_9.676_167.10667,6-Pentyl-2H-pyran-2-one,C10 H14 O2,166.09938,166.09939,1,0,60.3,NA,NA,0,L2,na,na,na,na,na,na,0,6-Pentyl-2H-pyran-2-one,C10 H14 O2,L2
FT_9.682_185.11727,Senkyunolide H,C12 H16 O4,224.10486,184.10993,2,0,91.9,NA,NA,Adduct -39.99 DA,delete,delete,delete,delete,delete,delete,delete,higher 0.9,delete,delete,delete
FT_9.727_295.12883,Aspartame,C14 H18 N2 O5,294.12157,294.12155,1,0,65.9,D02381,NA,"Drug, likely contaminant",L2,na,na,na,na,na,na,0,no name,C14 H18 N2 O5,L4.3
FT_9.785_279.08392,"2-methyl-5-pyridin-2-yl-7-(trifluoromethyl)pyrazolo[1,5-a]pyrimidine",C13 H9 F3 N4,278.07793,278.07664,2,0,86.7,NA,NA,halogenated,keep second hit,no result,na,na,na,na,na,0.81,"3-(5,7-Dimethoxy-4-oxochromen-2-yl)propanoic acid",C14H14O6,L2
FT_9.983_340.13913,(4-methoxyphenyl)(4-phenyl-3-quinolinyl)methanone,C23 H17 N O2,339.12593,339.13185,1,0,77.1,NA,NA,Adduct 17.46 ppm,L2,0,na,similar structure,same formula,5-Hydroxytryptophol glucuronide,C16H21NO7,0,5-Hydroxytryptophol glucuronide,C16H21NO7,L3.3
