FeatureID,FeatureID_mgf,Name,Formula,Calc. MW,m/z,RT [min],Annotation MW,mzVault Best Match,mzCloud Best Match,KEGG ID,Annot. Source: Predicted Compositions,Annot. Source: mzCloud Search,Annot. Source: mzVault Search,# mzCloud Results,# mzVault Results,HILIC_S73,HILIC_S74,HILIC_S75,HILIC_S76,HILIC_S77,HILIC_S78,HILIC_S79,HILIC_S80,HILIC_S81,HILIC_S82,HILIC_S83,HILIC_S84,HILIC_S85,HILIC_S86,HILIC_S87,HILIC_S88,HILIC_S89,HILIC_S90,HILIC_S91,HILIC_S92,HILIC_S93,HILIC_S94,HILIC_S95,HILIC_S96,HILIC_S97,HILIC_S98,HILIC_S99,HILIC_S100,HILIC_S101,HILIC_S102,HILIC_S103,HILIC_S104
FT_16.807_989.31879,MW_990.32606@RT_16.807,NA,C48 H53 N10 O8 P3,990.32606,989.31879,16.807,990.32607,NA,NA,NA,Full match,No results,No results,0,0,1679679.46836893,2560418.01364351,5062542.51212418,8939067.76890175,2884039.07314866,5241244.92700256,5117818.08605519,3453782.7532213,915202.646893612,2730561.24161627,1749185.55612695,1027712.39029128,1717673.76780002,2299667.37980194,786372.168864418,950347.067611682,1238216.21248005,671051.105006567,1001434.93779438,1422415.90580646,309546.341388939,1566439.37677842,972818.700813439,1205440.62784212,2484017.07013602,2338484.93577544,1165966.29605786,793073.063610004,5004896.31966803,7854682.70431351,1385266.30571235,3405663.88990271
FT_16.041_873.27215,MW_828.27396@RT_16.041,NA,C35 H50 N4 O15 P2,828.27396,873.27215,16.041,828.27479,NA,NA,NA,Full match,No results,No results,0,0,2622046.29262217,4294416.49029854,8218576.37083161,14692722.0464031,4720725.64105062,7834823.49526379,9939512.02519822,5064665.14349789,1255384.62113824,4648630.17838079,2661920.70728054,1147499.93831844,2171784.69946282,3891105.53420173,1399949.75718862,1051092.00133915,1468886.10289089,479201.855007617,1824674.55550381,1986652.27404584,476046.176488302,2754828.61513403,1503386.651884,1714668.75257872,2921665.19449301,3227650.03487934,1927177.5451412,982672.480051267,7888858.37733732,11158642.1695,2247149.573911,5397658.38373529
FT_15.006_763.18139,MW_764.18866@RT_15.006,NA,C23 H43 N8 O13 P3 S,764.18866,763.18139,15.006,764.18831,NA,NA,NA,Full match,No results,No results,0,0,2489318.27308174,3045803.26926869,6192732.15139337,6700617.06822551,4796833.58327508,4819061.93224304,6685022.14612767,4747953.91416491,1751286.04392395,2067619.28234539,2517804.59398372,1405589.50485687,2126466.15522771,1729441.19753317,1113722.2668652,1177995.29237123,1144104.83995245,774607.211986853,1181432.91441232,1399155.13135672,777011.546100522,1666881.12392671,1152552.94066237,1411835.81959118,2591602.4505632,1997987.41374344,1604159.49130054,1322104.12657323,4583262.58600192,6518724.33905679,1463050.26470057,4178802.60393823
FT_1.432_729.25478,MW_730.26206@RT_1.432,NA,C34 H43 N4 O12 P,730.26206,729.25478,1.432,730.26151,NA,NA,NA,Full match,No results,No results,0,0,3604168.91312016,3772852.628956,1488574.57976488,14861181.0483594,2594975.27301526,10802942.6320644,1152182.09057244,5011362.73598906,3729573.72225923,4707741.79129921,4066987.9749588,3756920.28987309,5055818.32044265,6961543.44473129,1008203.39309334,2873530.96765136,3592635.97618252,2342678.9081171,2082611.95124116,7524639.19550461,4315000.80982417,2175314.1953759,968543.75815623,2626871.51099052,9365038.97464455,9083112.07202213,3357662.4782757,4203371.83252233,3571225.8473707,10488647.0699427,1420380.39336076,2829631.4712985
FT_1.093_727.20194,MW_728.20921@RT_1.093,NA,C32 H41 O17 P,728.20921,727.20194,1.093,728.20814,NA,NA,NA,Full match,No results,No results,0,0,2391724.09194926,2182295.00618878,1157586.0820261,3054084.93866003,3030025.20279125,6537168.32079942,1185563.83663498,4863301.11578687,5466519.52003734,1345588.71583484,3499734.78841335,3789268.52350806,4388011.48359546,4089774.78622555,1564944.92386162,1234943.70138805,2295381.04994544,3432561.2040535,1800352.54371427,3136544.51913681,2591011.58881365,2141931.95513988,923341.186384711,2148062.1571929,2880227.15661772,4453617.87334262,822604.498185997,2075204.43931342,2107823.05796384,4342171.00569166,1366512.64185402,4393016.30088602
FT_8.845_724.87206,MW_725.87933@RT_8.845,NA,NA,725.87933,724.87206,8.845,NA,NA,NA,NA,No results,No results,No results,0,0,11698747.683906,4646126.11943723,5991736.78708974,4998279.67442776,11758862.553562,5898001.54357376,12011484.0694807,5910882.88723124,8318094.12429678,4216950.10941514,6572986.43261889,6647956.57076022,3234238.42119602,3867214.075753,3725237.73782941,7084401.43932272,7652078.83345811,5126759.17138863,6427662.1959325,6515605.75864436,7528562.85150898,6767044.04111563,10427601.2531756,4752421.94242594,4295586.09638966,4746071.11721219,5256764.00636416,4026035.0579693,4410435.77334718,4863882.99525065,1955329.01222767,4783077.71907413
FT_1.340_713.26015,MW_714.26725@RT_1.340,NA,C47 H35 N6 P,714.26725,713.26015,1.34,714.26608,NA,NA,NA,Full match,No results,No results,0,0,2944222.70691439,4366699.60559942,2583398.55113623,10141427.2222237,3742086.22356931,7287500.91376337,1458023.81664428,4966063.47254478,4343257.2007198,6184855.99628771,4777814.53936437,2809493.58733619,4998583.66368771,5741597.63883668,2346934.41219875,2116946.65192838,4722601.58331455,4400485.531931,2662656.81015649,5767780.68513712,3840943.88503245,2943738.02713187,1248297.95125958,1821626.3538963,5776593.98088676,5953026.66584888,4376763.61730392,3510612.21410488,3635497.82880647,7203583.22592804,2176972.91030516,2823546.48782317
FT_1.215_711.28043,MW_712.28771@RT_1.215,NA,C38 H36 N10 O5,712.28771,711.28043,1.215,712.28701,NA,NA,NA,Full match,No results,No results,0,0,5743438.38456725,5653884.65238914,3414721.10660753,8720592.30108844,5172556.01318003,7693442.39657905,2258489.4714589,7834429.16729963,4437489.69083092,8388356.14602077,4234219.29353986,5793619.795458,4275114.00623575,8141434.57100022,4806506.18124581,4146995.43246383,7229558.50109165,7228010.53465523,3493116.65908796,4472507.4278727,4272363.1120288,6330499.62522721,2189987.89977517,3690692.7098071,4956821.6135105,6046933.63896513,4348017.92340009,4091068.92915161,7133956.66163057,7478317.97095157,3588840.14007032,5317580.9979396
FT_1.301_711.24351,MW_712.25078@RT_1.301,NA,C40 H40 O12,712.25078,711.24351,1.301,712.25198,NA,NA,NA,Full match,No results,No results,0,0,3071459.16905466,4937923.84817573,2710321.47037178,12647431.7503831,2562493.58269052,5694436.76828282,1129983.39207454,3710271.03074277,2721485.0469645,8939915.84084218,4616989.96733024,5894080.08267626,2422027.13486705,9369913.75787322,3581414.85342502,2381842.60767493,6203105.20098206,4691656.57155563,2526655.4037284,4103625.96779891,2140534.81483311,5417139.49214184,1096735.71752148,3752820.77031882,7372281.61471029,11383161.7912296,1528104.24371207,2086300.17810752,5971083.12477121,13123133.948042,1746749.21376249,3119962.50526555
FT_15.006_711.21974,MW_712.22702@RT_15.006,NA,C20 H41 N8 O18 P,712.22702,711.21974,15.006,712.22764,NA,NA,NA,Full match,No results,No results,0,0,4316978.37746161,6048748.16046128,9380990.16037455,13577637.0333931,6546230.99168586,9337047.24540205,10295141.8724086,6552097.40699971,1641071.15739962,4735912.85801947,3993756.67068704,1928760.09117531,3052985.19779675,3618388.75887348,2184173.71727837,1247422.48606064,2160512.08096461,1672942.25463735,2588965.77924055,2710948.69483129,898271.278483197,2873345.84146336,1946086.57183506,2357378.42213948,5185862.97461368,4485842.13015134,2873708.42765291,1541320.194784,10029633.6984946,12479076.3984907,3359771.37467177,6612377.03694434
FT_1.377_701.25927,MW_702.26655@RT_1.377,NA,C39 H42 O12,702.26655,701.25927,1.377,702.26763,NA,NA,NA,Full match,No results,No results,0,0,1867645.39853619,2707814.96287567,1511162.34428352,8211981.41886374,2226854.15307108,9818817.37371709,886803.834991976,3806032.47155516,3293921.91966206,4627265.56950104,2674091.4626679,2176558.19725952,2869160.02144547,4233929.44320335,1480322.95861981,1166860.31704513,2906077.05107053,3779041.82049308,1801251.98094232,4524541.92909349,2459636.17487133,2501492.10471051,679419.012502784,1413000.18291805,4947716.45459621,4363082.47945942,4626040.48360126,2782397.70921447,3430375.77452672,5337268.94605683,1576873.36416139,2429991.91225136
FT_1.104_697.22811,MW_698.23536@RT_1.104,NA,C32 H43 O15 P,698.23536,697.22811,1.104,698.23396,NA,NA,NA,Full match,No results,No results,0,0,12211408.1788272,12731617.9667887,7193595.1987279,17711248.2665406,10163912.4207881,16323920.5536298,4454853.42650081,20460238.8327119,15551106.2989053,5404200.59796721,10833513.1698861,11468903.4630426,17865324.905714702,17774599.8972569,8757744.43622681,7826086.18260991,8317181.20589,19304549.5736548,6454856.37719287,13785266.9780065,12070233.8849012,17673967.7045645,5078893.12914914,8734634.74906743,16254640.5098162,17456879.2217479,8801928.47179459,12415943.6282468,11998951.208188,17784286.5339008,6868265.8848949,11109493.5241941
FT_12.668_696.21990,MW_697.22718@RT_12.668,NA,C25 H39 N5 O18,697.22718,696.2199,12.668,697.22901,NA,NA,NA,Full match,No results,No results,0,0,3067225.38080095,8394203.00301334,25946537.1146923,48814381.5627989,11083570.0860881,21220100.6691503,32729705.6806388,15651584.4142116,7250927.12283378,16500292.7719634,16541820.4146002,4184818.95290163,13128966.2991379,15528704.6519932,7123852.87596436,4091109.56975636,11608050.2260789,2531761.90205228,5677851.91894004,8280838.20578155,1634792.60551054,11051393.7479974,7753955.45161439,4149186.93495282,18205357.6878578,9057252.27762055,9293328.0685601,3553664.1909222,26619618.1479814,47886216.6333224,1255840.16019502,16791789.9293305
FT_1.008_695.28631,MW_696.29359@RT_1.008,NA,C35 H45 N4 O9 P,696.29359,695.28631,1.008,696.29242,NA,NA,NA,Full match,No results,No results,0,0,5160106.04531727,4242817.08198371,2912268.11208143,7706080.50322228,4858881.65829776,7615206.35173643,1822772.91251919,6144172.73678067,7074188.97021495,8406180.11619481,3540042.54330065,4738853.84927307,7552392.15180546,9232219.49864814,2885880.9227224,3366954.59857715,6297487.37171584,5894859.79349336,1374079.58575613,5069233.98484447,3924093.83092612,6275444.95804332,1648803.62703175,4046767.16365251,6737441.77732839,4641069.22623464,2752475.36466702,4665866.38753167,4241425.89701164,10791419.0399969,2565129.5103,4757523.79906392
FT_1.191_695.28492,MW_696.29220@RT_1.191,NA,C38 H51 O6 P3,696.2922,695.28492,1.191,696.28985,NA,NA,NA,Full match,No results,No results,0,0,4080382.22714072,3826294.06615235,2595492.21136848,7390396.49501215,3831291.5295521,5724288.37493657,1308946.4205295,4306768.8240484,8554779.91614859,5638721.59740832,3013797.36429878,5334357.08380943,7154724.39174774,5692889.15554501,1451638.1103794,2423800.76273457,6131306.03482802,4165737.73655086,912367.120236937,2582334.56895862,2875592.59920442,4049584.4244929,1062482.13234288,3042383.97621028,8235293.685994,4622125.89163402,2045654.18029826,4141867.71033756,4206072.11667224,5790192.77248931,1845360.94441815,4630644.99162983
FT_1.105_695.21167,MW_696.21895@RT_1.105,NA,C30 H39 N10 O2 P3 S,696.21895,695.21167,1.105,696.2191,NA,NA,NA,Full match,No results,No results,0,0,10303318.6915709,9322059.63115453,6021867.50700406,18389386.7698913,3278513.23894185,8100519.71738676,5071216.29807213,18274231.2136694,10017455.4807071,5620535.64463354,10833513.1698861,11468903.4630426,21413377.6368578,18079472.3946782,5845841.04523184,7121221.54966682,7277992.22204045,13540484.7258563,7517336.51809835,13405077.0664274,8055755.89764988,17327280.7521768,5114949.71851126,2645629.58693518,17964931.5336677,13831890.2315709,5109583.05318125,7976572.28179002,11256593.7704494,16251137.9413451,6868265.8848949,5536135.62249206
FT_1.289_685.22874,MW_686.23602@RT_1.289,NA,C25 H39 N10 O9 P S,686.23602,685.22874,1.289,686.23598,NA,NA,NA,Full match,No results,No results,0,0,3180100.21119129,5782089.92212454,1508247.0556082,4355873.57083722,4211274.60064189,4578461.63728535,1192682.63619566,4637903.29958307,2408996.21531936,4277616.22475075,2230367.91568715,2539760.84488808,3823806.09818836,4008193.77203293,3259259.68475417,1481420.58443069,1911822.38175728,4951685.70418476,3151809.21116793,2777946.29870556,2809466.05125282,4319685.09461326,1966141.98990162,3720223.09030218,2921060.43071564,4668314.51026741,1757089.64180641,3577989.95546566,2715876.95641153,2629497.2539522,1458914.22112475,4047086.51692647
FT_1.102_683.24815,MW_684.25552@RT_1.102,NA,C35 H46 N2 O6 P2 S,684.25552,683.24815,1.102,684.25518,NA,NA,NA,Full match,No results,No results,0,0,7311642.46875256,9076329.35730337,3740630.56147869,8033294.39256881,7852236.06484561,11735391.2366264,3282064.91215632,12622931.1599852,9274417.81671384,3681372.74114099,7567476.38287414,7271007.14880142,10697499.4230325,10299046.3019814,6107273.15280698,6795082.92316673,9976153.56309717,9109135.3326954,5221802.48648185,9872367.4179603,9407275.04097855,7009289.33584682,2340470.46181848,5966714.10503997,1194240.76307651,1245071.18317758,7183783.46779929,8031100.38448846,7555078.95537334,11495862.0539272,4754506.82784839,8320010.68771281
FT_12.209_729.23024,MW_684.23194@RT_12.209,NA,C22 H47 N4 O14 P3,684.23194,729.23024,12.209,684.23016,NA,NA,NA,Full match,No results,No results,0,0,23611714.3610684,26197488.8326015,35359091.7724783,43394397.3466062,32086937.3386431,33742070.8735948,33946853.3067904,34206364.479932,18952142.3485895,26143479.5781641,26912420.3346028,16551965.0101599,23742077.837665,23585675.9513123,17612756.8224783,14811742.4275352,20334615.2422913,14632094.7652042,16175036.671812,17450499.9791268,13630947.8932234,20229402.7968505,12908127.8490246,13992415.8217992,36703341.2879584,24327921.3391417,24134582.6392278,18029000.0492507,37802969.0712247,47465757.66307,15755252.8922172,26035625.3307626
FT_1.076_683.21263,MW_684.21989@RT_1.076,NA,C38 H36 O12,684.21989,683.21263,1.076,684.22068,NA,NA,NA,Full match,No results,No results,0,0,4988515.16778596,6343807.60219627,3396066.63970372,3573958.21114178,2095991.69963593,8615237.51301553,3242048.79058353,4262955.06598685,13516305.2341318,6501247.81128378,6212115.53267737,2915483.86549178,5424884.66908771,4408378.7970104,3629717.51398247,4883089.36622076,7852390.28607799,6197991.82483065,3590180.64642509,8385788.88116791,4959684.96624957,10323929.5973525,2817370.79584653,2796827.10293679,10388625.9821621,6465398.84969808,4021780.65552388,5427433.26133454,5043146.13972425,11357890.648824,3693855.38226994,2859575.46568262
FT_1.087_665.23867,MW_666.24573@RT_1.087,NA,C32 H43 O13 P,666.24573,665.23867,1.087,666.24413,NA,NA,NA,Full match,No results,No results,0,0,9620847.50530795,8303600.76395436,6144538.7392851,13758830.7475803,7161070.05043138,11988447.5751125,4777284.30496495,13773991.2167796,10597779.5819871,10400549.5736355,8901830.04213759,9689210.93250856,8586130.34206758,14040143.692207,7183289.04558003,7236056.89896043,9592032.69002029,10476418.8469608,5148789.69979446,11601629.0468386,7686110.96104743,6377818.57246331,3801077.07014849,7576692.8472271,9577291.44085562,7421468.78816897,7008587.32541663,9044535.46047598,6879840.04501635,8862118.74029101,5952959.65684313,9391210.11155169
FT_15.009_711.21976,MW_666.22143@RT_15.009,NA,C21 H34 N10 O15,666.22143,711.21976,15.009,666.22051,NA,NA,NA,Full match,No results,No results,0,0,4316978.37746161,6048748.16046128,9380990.16037455,13577637.0333931,6546230.99168586,9337047.24540205,10295141.8724086,6552097.40699971,1641071.15739962,4735912.85801947,3993756.67068704,1928760.09117531,3052985.19779675,3618388.75887348,2184173.71727837,1247422.48606064,2160512.08096461,1672942.25463735,2588965.77924055,2710948.69483129,898271.278483197,2873345.84146336,1946086.57183506,2357378.42213948,5185862.97461368,4485842.13015134,2873708.42765291,1541320.194784,10029633.6984946,12479076.3984907,3359771.37467177,6612377.03694434
FT_8.843_656.88486,MW_657.89214@RT_8.843,NA,NA,657.89214,656.88486,8.843,NA,NA,NA,NA,No results,No results,No results,0,0,15583349.033682,7917065.36544387,9377100.81536278,8282524.36374483,15527017.3409461,9052180.56055407,16623309.2235435,8911824.2375397,12047241.7779202,6544122.06436335,9343170.45837514,10289447.3758305,13833705.1609085,6326600.88553184,6014557.75465778,10430102.9111106,11147211.3763065,7907492.44456898,9723934.90502175,10064673.857498,10921080.6045804,9812696.58495694,14366690.115961,7610924.50177197,6955385.85010941,7287732.00967314,7855778.13660464,6109011.30926533,6805317.08314896,7570613.64980553,3151828.43159329,7687669.95801032
FT_13.293_649.21933,MW_650.22657@RT_13.293,NA,C25 H38 N4 O16,650.22657,649.21933,13.293,650.22828,NA,NA,NA,Full match,No results,No results,0,0,1726745.01888271,3957293.95162295,8643285.75398319,14492368.4643966,5173102.44641433,9938317.04507104,2061883.7976562,4121088.02672198,1512355.32493387,2889108.53039536,2176022.93818787,1020448.74811468,1155829.8892105,1251212.87658367,1570525.54668737,696755.394078641,914674.478590482,1570768.34940265,1452270.54659027,925677.746150371,1293824.45018148,620060.969963235,398371.31090018,449014.532701372,4892857.09793548,1577534.35634721,3588263.66392765,1173136.69609966,4421259.49571849,8317161.11546458,993326.822618767,1322478.81051784
FT_15.255_647.13409,MW_648.14137@RT_15.255,NA,C25 H35 N2 O12 P3,648.14137,647.13409,15.255,648.14028,NA,NA,NA,Full match,No results,No results,0,0,1569182.3915547,3299663.77290043,3683168.37712819,5597688.10315163,2582844.66688263,3278998.56949497,4156355.02445791,2189683.43531732,68130.2430705545,71005.4369762494,71992.6310555391,68700.1323859219,71224.0315599598,68265.0541192764,68858.4182452051,73017.9518899024,71845.6135860309,69718.1624444356,68291.7417197541,70339.367266399,70384.7617588129,70482.7285877783,67291.710342434,69719.4616931342,105950.039220911,222244.609775274,307755.116838695,211276.11188689,6429025.45558681,8994263.26162027,1579010.56359481,3519836.43254216
FT_1.149_645.23318,MW_646.24045@RT_1.149,NA,C29 H43 O14 P,646.24045,645.23318,1.149,646.23904,NA,NA,NA,Full match,No results,No results,0,0,9157332.81279516,5475130.84857085,6558104.76360551,6734039.81164648,5468507.7085908,4462402.82827811,1569391.10265788,16618341.5101665,8705926.82509889,9795561.88580415,2531991.42498749,2192264.30324421,5563918.28826133,8428999.21682082,4370239.11479682,1572953.69367058,4043972.70139662,3726485.24404852,8754013.5410582,2963236.48129707,14301581.2864268,2855890.71271008,902092.692330518,3035951.73488179,10074402.8921406,5158294.15770746,5553629.89176297,5391935.77856919,8197868.45521888,4994786.57985073,1124011.83360235,2821966.83920955
FT_1.149_643.25459,MW_644.26187@RT_1.149,NA,C38 H36 N4 O6,644.26187,643.25459,1.149,644.26348,NA,NA,NA,Full match,No results,No results,0,0,8089294.15394154,8934832.21920478,4210142.59787163,9722347.78583743,9201238.93077593,16491879.2505424,6721493.39541609,9833204.11916664,12868060.4793888,15863444.3298157,7222585.48367722,7299523.05345741,12638446.6216799,15762917.4669941,5665800.10540961,5605020.6732175,12017235.1642158,7992392.94491863,5529001.78631086,10011325.6829183,8466837.82401841,13262534.839871,5637190.94914221,7313491.53931197,10323111.2365849,7554135.25065826,5315873.45554163,8615150.21542726,10078825.2065722,13542370.582108,3834381.72611018,9627255.12309259
FT_1.081_643.25445,MW_644.26172@RT_1.081,NA,C37 H40 O10,644.26172,643.25445,1.081,644.26215,NA,NA,NA,Full match,No results,No results,0,0,6565295.00192701,8287248.57772328,3676401.51856029,12226514.2284272,6971187.06730461,12339234.0711653,4092739.33731708,7968597.20832519,9085441.20512393,10632858.7928373,13705968.3029372,6127212.86882572,9547997.04699178,10001398.7091451,4643169.02618776,4619026.19100707,9423092.06384198,7180357.64469254,5529001.78631086,6942023.6028223,6924246.97188421,8277055.8668496,3416960.19813732,5727678.55000638,11062795.58144,10017763.7454115,5525114.98522993,7140709.05773626,7279712.95995142,11190087.0775964,3917051.75504666,5903616.55025536
FT_1.179_643.21823,MW_644.22551@RT_1.179,NA,C41 H34 N4 P2,644.22551,643.21823,1.179,644.22587,NA,NA,NA,Full match,No results,No results,0,0,7779494.33882769,15016952.9965018,5640672.56173973,14962862.7853936,9709446.19087817,16171706.9291752,9878695.05567687,12988737.560012,16275949.5247988,16879347.1109439,13763944.1926435,8778923.81505295,17084952.3342797,16074249.1209395,7201626.96460754,6467869.33399136,11076187.6369942,19953561.1824065,11402281.242052,12735968.1909511,8743796.37354589,15721963.4481277,5390335.77458881,12703881.5648372,13081635.6992164,15964668.6730343,6732956.71451858,10708292.2255118,11726455.8327084,12999805.3464795,5122938.20961009,10096275.8880614
FT_1.082_643.21822,MW_644.22549@RT_1.082,NA,C30 H37 N4 O10 P,644.22549,643.21822,1.082,644.22473,NA,NA,NA,Full match,No results,No results,0,0,12766112.2326318,18546725.896996,9539826.50523713,24636901.3406543,13920977.6185396,30673430.9067972,6424920.48977865,13540907.4605462,22782502.1040094,16129697.272773,15138183.4460337,10939925.6166666,15379255.2677535,19452393.2248626,10667573.925953,7796961.91737451,18114258.7199139,13115959.5338508,7458702.40192624,18695412.3502286,16761995.9643561,13360025.8103427,5105680.42358487,8578152.81465322,25600354.4839391,14151344.4834637,13686198.9477501,14044751.3196312,16981063.4713257,24235016.5883892,9237055.81541748,9499486.96543434
FT_1.116_641.23871,MW_642.24598@RT_1.116,NA,C34 H30 N10 O4,642.24598,641.23871,1.116,642.24515,NA,NA,NA,Full match,No results,No results,0,0,6565295.00192701,8287248.57772328,4914584.36543952,9933590.09548423,9201238.93077593,12339234.0711653,7185061.79628308,6939169.64600924,12868060.4793888,10632858.7928373,6705148.26420914,6127212.86882572,9547997.04699178,9648401.61435063,4643169.02618776,5682586.72222348,9391832.38030076,9962204.01897098,5529001.78631086,8673425.05320182,8311353.5170881,12810870.9682119,5191973.21068405,5727678.55000638,10535901.0741788,7554135.25065826,5564464.8824121,8615150.21542726,7279712.95995142,11190087.0775964,4582319.29104816,9627255.12309259
FT_14.266_636.19911,MW_637.20638@RT_14.266,NA,C23 H35 N5 O16,637.20638,636.19911,14.266,637.20788,NA,NA,NA,Full match,No results,No results,0,0,1857166.31064443,2394931.36339181,3627346.3389405,4146343.1689857,3655910.45075238,3255672.06008379,3682327.87499394,3401084.49549173,1309498.99333237,1152260.13697936,2299794.46834657,1610039.92805075,2131582.07001876,1413502.45021969,1434002.1455005,1499602.74050501,1867155.93920991,1395214.50992884,1514416.77873253,2076444.03940376,956263.697818405,1518804.9960182,1385117.85231073,1288899.9059407,2606727.67157605,2325366.69701947,1546835.13619686,1524569.50943034,3149601.15212002,4290206.64184,925607.710367498,3025107.35300807
FT_7.677_632.72756,MW_633.73484@RT_7.677,NA,C7 H6 Cl O18 P3 S4,633.73484,632.72756,7.677,633.73383,NA,NA,NA,Full match,No results,No results,0,0,406204.745218467,4423903.77966657,2494777.28497288,8391985.39124962,2666594.04261608,6510432.4705561,326270.747120099,2095742.17183813,1697019.40773959,5368080.00859912,2817020.98141999,2764614.70489615,2004961.6486583,1294890.87394818,1897334.48453492,91788.7762441699,2055969.99645722,1823693.36939342,926715.89723322,90807.7692185028,100628.136538404,894033.811880942,655192.003027845,95223.7032752651,5026687.42745591,2478365.33283627,2258353.83960885,94724.1984332185,4621231.31068131,7498367.16799876,107925.241764852,756082.366845696
FT_1.087_629.27465,MW_630.28193@RT_1.087,NA,C37 H42 O9,630.28193,629.27465,1.087,630.28288,NA,NA,NA,Full match,No results,No results,0,0,3746617.38324433,5263405.65354142,1804621.34952124,4868132.54946542,2788072.40460468,5162434.17746998,4985425.85522911,3970657.26096039,8331055.83839191,7597933.20131022,2425694.6906123,2983843.5787746,5909865.38081068,4117855.12656412,2240982.33718598,4851991.73531322,3311175.64331568,3734047.46871988,3757524.68723285,6625310.54035695,1314458.7696174,2945065.54175196,4974884.75472208,2593760.27003072,4687326.16707484,3912767.6759463,2657136.98607897,4376778.53510023,4001681.18833217,3920358.40469493,2282202.7470344,2850032.23645752
FT_1.107_629.23731,MW_630.24462@RT_1.107,NA,C32 H44 N2 O5 P2 S,630.24462,629.23731,1.107,630.24462,NA,NA,NA,Full match,No results,No results,0,0,5351623.51423386,12484079.2832545,6021328.07303152,11140680.5376441,6814771.30858015,8951195.34277548,3372465.86795004,3724764.37518787,14463067.9661002,14512443.2801222,7286130.45511868,9207733.88541191,10539011.0758241,13352891.7082007,7031570.26305532,6128428.2681292,11347593.336412,12830052.5665416,6221184.61398957,12323494.0576389,9755106.42738683,14567517.7716269,5824831.20264023,9232465.03102555,10366932.6170639,11348082.1585731,7196796.3746512,10520816.1990928,7287789.04138947,8936281.35572416,3485752.52414887,11300161.4404789
FT_1.143_629.20263,MW_630.20990@RT_1.143,NA,C39 H36 O4 P2,630.2099,629.20263,1.143,630.20888,NA,NA,NA,Full match,No results,No results,0,0,10397472.8586118,20401772.3705577,8405728.30436232,13435482.2671441,23099936.0149379,16677669.0041746,14531452.3518476,22123907.524315,35796823.9320808,20429146.5876449,17130048.3832634,11304419.2445959,23953543.5863485,25376611.7808325,11324076.848027,12350034.3270788,15740190.6036065,20938337.5103871,21488359.331437,23959123.2506353,25379351.364723,26267278.7902174,11094288.7277554,16951252.4809961,16835356.3442698,26535287.1503653,9887394.21358032,17181494.0353076,16994531.6606592,14995490.5653625,7725151.03841984,17356648.6134707
FT_1.088_629.20191,MW_630.20924@RT_1.088,NA,C41 H31 N2 O3 P,630.20924,629.20191,1.088,630.20723,NA,NA,NA,Full match,No results,No results,0,0,3171195.66997811,4828305.59840374,2647651.47609337,4884674.36044566,2784637.96154603,5562784.88208777,1935100.80036415,5453695.783162,5484650.67547086,4473663.85633188,3270831.16156034,3141129.4218854,4861327.80824054,4086567.13684188,2398557.28271337,3059713.23873003,3574943.2732098,4602826.63078639,3985710.27843601,5585304.92083271,3343859.64864473,4345542.63977345,1540977.89653684,3134598.61505245,4283968.07843843,6159080.60649992,3607800.20876775,3805010.43512287,4319872.96850375,3832365.62395102,2285936.6124874,2843122.054755
FT_14.029_621.09731,MW_622.10459@RT_14.029,NA,C33 H22 N2 O9 S,622.10459,621.09731,14.029,622.1046,NA,NA,NA,Full match,No results,No results,0,0,6908556.36428839,6878093.89852842,13764771.3180149,16836073.1550894,10665976.8558971,13284088.938825,14291470.3492326,12511184.2653741,5996025.7761786,7971965.67552716,9887930.6710492,7439268.81903145,7762995.86985792,7270325.7848886,7077015.26626263,5681228.71630643,5904607.51766343,5413860.79697206,4547263.93123055,6732660.11227105,3259886.96367431,7579530.60272739,5091180.58910852,4253768.51789183,8800103.33477071,8362824.41713558,7377530.39795483,5808083.93997515,12734402.5001238,16855833.0408946,4334390.36350132,10593276.7222545
FT_14.029_617.15437,MW_618.16164@RT_14.029,NA,C19 H41 O16 P3,618.16164,617.15437,14.029,618.16074,NA,NA,NA,Full match,No results,No results,0,0,5210764.33603477,5709207.49931761,11174335.2807515,12015662.5925315,8145031.76431728,9955721.97296366,13111902.1353702,10524819.2055337,4568923.76140947,6683568.65004418,7936175.27503032,5880654.89550799,5974234.36636043,5699625.49388488,5414111.41807299,4128986.75284862,4665677.28038628,3046171.32064824,3487212.48739715,5312406.46643457,2309635.52161475,5127922.68408241,4199508.87853529,3256872.97039189,6816946.96335026,6978811.65436469,6135521.59683766,4849552.39445997,10591932.6001424,12288674.155231,3257637.95973552,8783259.31755192
FT_1.084_613.24386,MW_614.25103@RT_1.084,NA,C29 H43 O12 P,614.25103,613.24386,1.084,614.24921,NA,NA,NA,Full match,No results,No results,0,0,3419112.95965717,4879201.44365479,1889918.34701396,5057204.99596427,3138034.99253518,4872569.5668388,1709737.65395462,4680333.08226713,5063330.62820954,4713548.03950122,3382553.09009557,4058334.12339042,3781991.12939617,5720456.83213089,2617104.66688629,2614397.74851158,3618362.26924298,4506918.27750844,4336494.69173132,4080488.58875983,4649290.86415612,3600234.91916359,5294919.17133195,3437552.08616065,4198284.32517454,4034931.16243329,2744379.38041757,4084293.80882928,4368141.59770318,8629645.05389105,2401144.10238245,3494460.22941586
FT_1.086_611.19164,MW_612.19885@RT_1.086,NA,C29 H43 O6 P3 S,612.19885,611.19164,1.086,612.19932,NA,NA,NA,Full match,No results,No results,0,0,4383912.6604789,3928288.42752513,1563767.35469601,2386349.01021151,6130153.4116731,4309427.94973978,2008301.98131347,4610040.1862956,7337148.41537669,4831122.03061549,2252486.25522399,4225654.89272309,3238582.67862372,3269504.45220533,4126732.84594746,4033867.6159611,5570138.88460684,5430674.7246195,3476843.585169,5819777.52061038,3289933.31078,6321583.87077383,2056670.27621884,4197001.20667589,2975023.42827958,5707423.1999532,4067693.86996377,3597086.12011708,2283323.71531075,4083779.31015046,1117391.10970502,4794081.16922153
FT_14.029_606.08502,MW_607.09230@RT_14.029,NA,C27 H22 N5 O8 P S,607.0923,606.08502,14.029,607.09267,NA,NA,NA,Full match,No results,No results,0,0,3181106.96353636,3466350.14353669,5772360.74495451,6504530.14739587,4314526.08830731,5106046.19664575,6550643.54807395,5331891.96058506,2999943.86935426,3891104.58923603,4479638.0391796,3455669.43506076,3561652.31018097,3560908.78957501,3195521.17094145,2914185.24948342,2939059.62388054,2222409.54185101,2301805.57282501,3127327.1234666,1610006.28671486,2804958.26594088,2668419.62314623,2036009.84700957,3733152.61764528,3963785.86466198,3629862.64285886,2943827.31142688,4987793.7224631,6069058.67378802,2180551.53054551,4588182.3744136
FT_14.028_603.08687,MW_604.09415@RT_14.028,NA,C36 H17 Cl N4 O4,604.09415,603.08687,14.028,604.09383,NA,NA,NA,Full match,No results,No results,0,0,3181106.96353636,3466350.14353669,5814388.15090256,6504530.14739587,4314526.08830731,5224324.56362015,9643925.15520241,5331891.96058506,2999943.86935426,3753731.61205143,4479638.0391796,3455669.43506076,3561652.31018097,3560908.78957501,3213625.35348713,2914185.24948342,2939059.62388054,2222409.54185101,2301805.57282501,3127327.1234666,1610006.28671486,2804958.26594088,2668419.62314623,2036009.84700957,3733152.61764528,3963785.86466198,3629862.64285886,2943827.31142688,4987793.7224631,8065262.66435122,2180551.53054551,4588182.3744136
FT_13.319_603.05365,MW_604.06093@RT_13.319,NA,C25 H18 N8 O5 P2 S,604.06093,603.05365,13.319,604.05961,NA,NA,NA,Full match,No results,No results,0,0,780458.667116592,1833558.09613606,3527979.0912782,3572330.40742587,2935320.80278183,3726028.46867492,5966642.20888795,906645.362519543,209129.609696073,840030.215647396,673724.43589529,272675.715897823,496752.913818808,510871.817250117,179952.015673143,136158.101377225,332311.559658941,126707.260597122,244593.195661735,452277.776482197,137014.542671257,237240.931176941,144998.314596041,128088.930171776,1374294.9314862,430158.394582705,713381.397286799,173376.676326581,3609975.66715321,7314451.42544212,299226.591970449,3199357.43566707
FT_3.855_594.16781,MW_595.17508@RT_3.855,NA,C17 H39 N7 O8 P2 S2,595.17508,594.16781,3.855,595.17768,NA,NA,NA,Full match,No results,No results,0,0,380493.274339836,2171134.67575826,5386255.36773976,11148550.0900292,2350008.38457685,1898569.71467054,4023141.03056455,2841009.01453063,2249020.84619393,2364972.31408388,3992276.238828,1657506.96355584,2293768.32310775,1567894.6370434,1491164.6332279,1633849.34293572,2020122.39093286,1224545.777782,1506528.6683323,1176592.85412264,957179.010851676,1793183.58514988,1694209.27572459,903494.448189533,3851590.03111119,1455143.65068378,2152591.75723573,1164147.40898913,2811491.62021976,4905302.11079102,168215.573026128,2694921.02130995
FT_12.660_592.06935,MW_593.07663@RT_12.660,NA,C20 H21 N9 O7 P2 S,593.07663,592.06935,12.66,593.07599,NA,NA,NA,Full match,No results,No results,0,0,745522.261750663,1696907.95949072,3445626.66499207,6235875.63902316,1698578.79554385,2682269.0922492,3445486.62869823,2337921.63211376,1261021.73797454,2676689.53891177,2250218.30617795,1191819.93338706,2000768.90020157,1798253.06418608,1599010.0888686,1204530.4939776,1871950.36555393,749395.037436671,1102830.7418967,1652508.32403797,577749.646195375,2072233.965226,1393843.30262509,1217671.35731337,3093477.27938553,1939286.32169709,2217392.49517581,1128100.18781028,3043059.07206338,4810835.84083026,474412.147415248,2481571.1346433
FT_8.842_588.89767,MW_589.90494@RT_8.842,NA,C18 H9 O17 P3,589.90494,588.89767,8.842,589.90526,NA,NA,NA,Full match,No results,No results,0,0,27703535.2697753,15260975.4066208,17183049.1379977,15370037.2276825,26759201.0408742,16733764.324195899,27627776.5816272,17569658.2069866,21713104.2275933,12869651.9457454,17476149.7079083,18409551.515526,23560130.1393137,12274658.9867373,12452882.2943072,19598246.5904191,20666015.4914942,15040301.0457301,18527840.5665235,18851589.9379951,19376203.1081835,18717662.677622,25755691.8343639,14843581.1546559,13545958.9132722,13628534.1073854,15278373.5522497,12476683.0293309,13911860.6508386,14612269.1126793,6966276.43959606,14178972.6953819
FT_1.087_585.21275,MW_586.21993@RT_1.087,NA,C35 H30 N4 O5,586.21993,585.21275,1.087,586.22162,NA,NA,NA,Full match,No results,No results,0,0,3149731.68945463,4757945.84621349,1443234.70179224,4610467.64607274,2062897.32492463,3397940.19028758,814989.120514147,3028645.98263354,4827177.58515264,3398325.90572179,3494537.8740167,2143077.66728673,3830515.86887281,3925690.42211621,1567438.49265118,1858191.65491802,4145906.73305256,2654095.62005254,1287084.56803717,2982132.17283205,3166595.97054123,2566137.78033887,1082260.60496951,2120623.00321761,2521336.27883125,4712666.44548188,1341231.057395,2578734.8355102,2466675.57095525,4218800.20121799,1476902.2238589,2816146.69094624
FT_10.760_585.07635,MW_586.08363@RT_10.760,NA,C33 H18 N2 O7 S,586.08363,585.07635,10.76,586.08347,NA,NA,NA,Full match,No results,No results,0,0,297233.911286743,184300.828293347,543633.90962693,733964.878557936,416067.622855055,717273.169158018,525484.427686417,544207.121158933,2675139.86802466,2505940.97421242,4547033.54749845,1490658.34867672,2912745.19369809,2193874.80128903,1943648.53662074,1007851.2334317,3022326.82249864,918187.603709615,1524850.70639067,2117068.02052439,663375.58055791,3406174.62064793,1501847.56046404,890972.77507384,2912691.62531691,1666089.22038443,2281107.36800691,1248067.44855552,655834.06219785,1488389.44441968,420948.503728725,391243.000609683
FT_1.148_579.25921,MW_580.26649@RT_1.148,NA,C20 H46 N4 O11 P2,580.26649,579.25921,1.148,580.26383,NA,NA,NA,Full match,No results,No results,0,0,4613447.60008408,7126365.80045547,7004192.7715551,14941513.1707921,4117631.20752518,11467569.0857728,4379945.73437764,4893182.17158968,5703462.55539463,9348656.68997344,2606737.94520118,3042665.69842128,15524345.8508511,8325520.55843953,8132718.70553311,4005246.14037513,6010872.08382075,4685109.90444434,5852829.55001425,5322497.62643786,4573239.09539764,4620459.89774308,1562737.10797475,3806523.09461025,11040237.0709434,6198477.36048806,9606652.32752301,4634542.55422497,6800508.23489367,8683180.96668206,1820493.50307949,5724849.27974995
FT_14.255_566.15747,MW_567.16475@RT_14.255,NA,C19 H29 N5 O15,567.16475,566.15747,14.255,567.16601,NA,NA,NA,Full match,No results,No results,0,0,1463171.09747039,3014882.61139783,6134198.8484456,15119185.6019679,4072655.01800023,9237931.77987374,4672063.14248949,4099847.89349362,396177.351102655,1540162.53029034,1132445.93260793,449788.201853583,829115.459123001,709038.133905484,445993.651176694,403048.218182854,404699.309526963,382829.842697317,473396.11899992,444304.264302672,313034.640428623,1186039.50591981,416414.976462737,325503.295466213,3284691.8847377,1552236.84284099,1397415.8715138,949620.821380371,10785975.410999,18208064.7019326,1084290.05249058,2921038.42995703
FT_14.029_566.15742,MW_567.16470@RT_14.029,NA,C19 H29 N5 O15,567.1647,566.15742,14.029,567.16601,NA,NA,NA,Full match,No results,No results,0,0,23398288.8471279,29247422.91048,73121144.4645636,85309736.2317765,49445214.1259018,69015626.1247451,84035529.1638119,63598886.8764558,20378552.4735509,32058891.4788899,47681302.3735237,29151016.3715904,30053994.5481532,26005147.5664412,26393391.4173146,17177807.4022661,19560649.8309466,11207858.5468617,11817923.6695003,22969946.6615332,5870252.7421049,29763129.4548786,16409114.9938528,10687973.8873797,40226425.8453441,35511600.8735246,32244166.6514913,21284796.5653281,69791478.5416121,91244748.3296447,11238920.6609082,51187397.7595717
FT_1.167_565.28080,MW_566.28808@RT_1.167,NA,C30 H34 N10 O2,566.28808,565.2808,1.167,566.28662,NA,NA,NA,Full match,No results,No results,0,0,4385562.71107411,3470990.37101488,3688533.19207607,8659926.4757206,6321459.37262279,4663234.52012621,4611954.94716541,9712909.77848771,12012010.3211697,7607928.59807408,3208041.59922117,3014233.24359149,9798735.59790039,3363631.34284387,2517030.00628461,3316964.39046415,3961313.56631612,8260055.67304833,4742207.28492999,7038829.03950083,3137998.88574194,7049215.69866768,3654472.54490017,3761042.39357799,5072951.3971369,5163955.95980861,3413974.72074799,6969307.17342407,5660747.97587198,4997766.43106116,2572868.29354613,5075947.65251396
FT_13.009_565.10152,MW_566.10880@RT_13.009,NA,C16 H29 N10 O3 P3 S2,566.1088,565.10152,13.009,566.10784,NA,NA,NA,Full match,No results,No results,0,0,2974371.71836294,3426057.95941923,5308910.01255137,10697132.0092672,5200359.61000825,5787088.20716667,4280415.73888171,3838125.33096735,770649.380684108,1016656.94565288,1311196.7666162,598141.320876404,738794.419917636,1152845.43586654,1104344.95895547,599117.500387202,612335.244152622,887716.601113704,619617.085656044,783502.062590448,935516.231164149,1019385.42039204,658971.176508883,857638.371674356,1152359.44808464,953034.106311639,1288878.29817199,884132.724728463,5848409.57756955,8664842.03863195,869982.548255812,3516649.7843203
FT_12.933_565.01559,MW_566.02286@RT_12.933,NA,NA,566.02286,565.01559,12.933,NA,NA,NA,NA,No results,No results,No results,0,0,939165.96138664,2466315.59296,3748102.10901628,6409519.39622531,1827785.13365441,3833587.29521046,3522225.85902085,3285462.02557932,1684297.08430152,3173973.76312202,2651436.54298321,1889829.92911932,2403962.79537874,2712522.46998286,1942905.9289845,1433289.6101408,2315790.44022785,636951.594713226,2082912.74568673,2405406.52406085,812735.440528624,2370689.70524058,1827579.22400917,1683293.5602461,3836584.47279838,2875533.97585853,2225133.14032049,1240356.82681153,3560530.29825986,4628860.32663487,538384.667869999,3211834.08792561
FT_16.005_564.82986,MW_565.83714@RT_16.005,NA,C10 H4 N2 O18 P2 S2,565.83714,564.82986,16.005,565.83758,NA,NA,NA,Full match,No results,No results,0,0,16754570.8074382,18976365.5141205,16685399.7410479,4163860.29414,18098359.5599224,35182148.5931755,20577800.1336893,69744498.3058922,46458139.4175858,1283280.57472227,27982066.2784912,26609781.9307959,26997408.1951479,7082372.11403232,12742338.9167743,66694819.8870588,16318107.6999917,18685874.2994987,15048423.2913632,18816589.1300786,31458197.0531941,7927794.35274951,8821288.92905945,15196022.5023341,22306698.6430608,16836549.6227485,20407842.2317764,39756641.7918948,13650164.2544783,14306462.6740235,10908656.6856684,28407740.1197573
FT_1.081_563.26479,MW_564.27206@RT_1.081,NA,C33 H40 O8,564.27206,563.26479,1.081,564.27232,NA,NA,NA,Full match,No results,No results,0,0,4715105.69497521,8482479.4470587,3693944.52742245,12159744.6951528,6118608.72730169,11910393.8394373,2935397.84858899,7883182.15412196,10693205.634726,8402832.72452914,6813148.63392201,6367137.52801211,8664479.00383844,9534638.43193008,3527013.69683214,3615779.17714782,6508885.72635221,7571646.58630439,4796929.64546753,6881257.79064005,5540856.06843838,5675868.36701954,2095879.19480411,5613954.98672768,10783771.2754622,9370023.63843135,4427677.05622969,7177867.07193208,7487640.93759697,9849001.96384539,3218959.23542264,5531153.64966965
FT_1.303_563.22840,MW_564.23568@RT_1.303,NA,C38 H33 N2 O P,564.23568,563.2284,1.303,564.23305,NA,NA,NA,Full match,No results,No results,0,0,3302823.3054114,3169956.21242202,1195919.1920243,5595708.18082757,2490387.94125897,8889259.62522502,1344951.30629335,5839446.12179755,2641183.27921471,4263917.13517613,2376649.2847432,2343184.11654284,2973588.27206612,4648697.74760844,2075760.38189535,1984038.78080589,5682794.29010873,3481607.82206846,1373567.64372858,5183600.46933622,3181778.87734061,3247106.20516937,1784137.87683385,2165765.26366194,5597703.54158856,4548808.52598715,1385108.23418315,3115783.05262156,2873773.54734966,3784227.89550775,1125831.74585414,2579193.37137515
FT_14.071_563.18295,MW_564.19023@RT_14.071,NA,C20 H36 O18,564.19023,563.18295,14.071,564.19016,NA,NA,NA,Full match,No results,No results,0,0,984739.041663802,2259530.14780084,5154996.89743452,7800505.58288455,2531691.56294652,5916084.57175385,3139879.59585216,5953213.34707029,533428.05380933,942433.803249657,1351987.67976995,1412291.59609159,775073.960321353,734600.697065766,1040195.97003246,878371.694345388,1087993.74612794,820623.912818937,606990.320327293,1293378.27373441,273074.017055208,1106875.25946268,704515.503400509,759724.503611615,1860240.45251306,2068167.54548107,1160903.67426621,1048730.70084874,6937401.67391131,8229936.97213118,612678.433123388,4990531.74743168
FT_0.995_562.01218,MW_563.01945@RT_0.995,NA,C18 H28 Cl N O7 P2 S3,563.01945,562.01218,0.995,563.01916,NA,NA,NA,Full match,No results,No results,0,0,579359.785285004,173880.584841845,1196139.98255025,457375.463252748,741963.054472413,1851670.74066554,2262709.20380763,1585040.36796878,3007177.29000834,1001534.04197942,1079413.82239029,1548193.89447608,1298833.84014255,2125778.62114487,583251.957299449,720739.978328966,1026815.51190692,4862013.11930693,1725873.08463302,555858.329038171,1339745.5882358,835279.347859921,1009605.07213927,426208.773088863,838383.515725015,817120.548250475,6177192.92765285,991594.008044035,249583.670121699,3468426.70970111,2576744.00052876,818573.368034107
FT_0.997_560.01525,MW_561.02253@RT_0.997,NA,C20 H30 Cl2 N O3 P S4,561.02253,560.01525,0.997,561.02232,NA,NA,NA,Full match,No results,No results,0,0,872982.9723899,267858.820010624,1791979.97000621,678566.328958334,1147009.42625236,2731340.50560367,3567502.67819928,2498962.72572071,5188010.65852938,1532594.82773852,1699164.51707451,2362818.83234064,2123029.62824524,3430880.026404,716235.466660053,1091561.17879195,1545175.13928464,6591813.62615728,2847889.68785202,763323.242781444,2133685.76496098,1395893.37760019,1446338.79552978,654788.94880074,1512018.10107046,1362864.76009577,9969376.26350238,1748844.62075053,327272.03362303,5399749.57427013,4101275.27667776,1294593.41531676
FT_1.079_559.23376,MW_560.24096@RT_1.079,NA,C33 H36 O8,560.24096,559.23376,1.079,560.24102,NA,NA,NA,Full match,No results,No results,0,0,6429457.92915629,11849796.4283015,6759363.86444706,17022635.0153685,10630197.2841082,14488472.2771278,5805441.09390341,10479198.361634,12990391.6177834,11342077.2569951,12172242.2015275,7620740.38755384,13294132.5894081,11104551.5222862,5681099.5665912,5081002.15755525,9393905.35299048,11505971.002843,9575352.42121813,8546901.82400058,7582290.01937956,7793756.56502384,3119609.40111941,7877517.54591192,15284376.9317028,14684124.8274566,9014061.33378645,12225964.6493874,10083298.9867445,12260004.3645541,4456901.52371486,6494715.52653317
FT_1.714_559.18249,MW_560.18976@RT_1.714,NA,C20 H38 N2 O12 P2,560.18976,559.18249,1.714,560.19,NA,NA,NA,Full match,No results,No results,0,0,2361913.01350589,4357653.69554872,1276866.61214917,5736368.41737906,2869017.27229892,4371169.42634317,445411.594769027,3371753.4667393,2084406.1549709,4126182.63162531,1301147.70371072,1092008.33497645,2287148.60281563,2729810.61350609,721490.615783307,1628699.21767706,2244748.81846792,2863661.19012341,464713.159559736,1542367.90826211,1790061.02590743,2025514.22246092,383211.775705275,645216.983170049,5415586.16834993,5050560.71437752,1632067.23470419,1870737.00307693,2575075.96670863,3291086.22542867,990331.950521108,1486334.73373825
FT_14.032_559.08117,MW_560.08844@RT_14.032,NA,C14 H22 Cl2 N10 O10,560.08844,559.08117,14.032,560.08974,NA,NA,NA,Full match,No results,No results,0,0,2764194.89715784,2736897.29630364,4729254.35723038,5575282.36710961,3778637.22649398,4664572.54340018,5334575.10794096,4249981.74841164,2484402.80497136,3076423.59394812,3456874.29726079,3117525.54059342,3190949.41558493,2757941.45608517,2811165.16419293,2405730.85114944,2350139.84129453,1869182.48150792,2002352.86663186,2560277.84587624,1483218.02362065,2629196.21201635,2097230.20668281,2028998.49947055,3215523.97930347,3333410.61051593,2991949.618938,2392024.45851809,4476055.50393241,5177361.43115022,1891648.69400096,3605652.86834573
FT_12.662_557.13355,MW_558.14082@RT_12.662,NA,C17 H37 O14 P3,558.14082,557.13355,12.662,558.13962,NA,NA,NA,Full match,No results,No results,0,0,1007363.38821268,3424445.4741404,7381596.73618667,13255510.2898757,3542149.69805738,4751835.07143292,6549692.64393958,4539673.36075723,2697530.98612805,5181626.01564469,4726714.89252126,2500707.72323902,3827892.30866133,3481459.81141674,2650139.85063636,1963948.01272698,3310334.27981733,1220405.25465485,2056159.75203266,3060311.37643776,1169104.80573956,3533824.3679742,2691138.6471076,2186016.61026422,5314414.81583,3437524.21905204,3830730.48822512,2207339.65563451,5509962.39000319,9706142.96461316,817917.40051454,5436476.08568913
FT_10.760_553.13878,MW_554.14606@RT_10.760,NA,C25 H32 O10 P2,554.14606,553.13878,10.76,554.14707,NA,NA,NA,Full match,No results,No results,0,0,831775.09065492,600734.57973279,1427508.71418067,1477288.83625132,872539.268135226,1543925.80603977,988943.825940811,1259163.77843039,3254592.42777889,3224644.33570481,4303293.80079115,2164428.95421283,3328161.92669777,3374807.53347314,2828387.87855955,1996109.32348881,3820410.29361891,1821811.62501975,2467697.82571239,3336995.74609054,1557679.18938435,3212244.96099213,2797945.50589762,1938630.42377182,3579784.85080614,2872793.47668683,3314087.14537243,2245962.50213593,1529543.15447635,1529578.84375939,945040.655469991,914851.63871826
FT_14.225_549.16739,MW_550.17467@RT_14.225,"3-[2-(1,3-Benzodioxol-5-yl)-7-methoxy-1-benzofuran-5-yl]-3-hydroxypropyl hexopyranoside",C25 H28 O11,550.17467,549.16739,14.225,504.16316,NA,84.4,NA,No match,Invalid mass,No results,1,0,12844905.9920351,17535248.2195178,26512711.1802739,5133808.32648615,5779932.43813269,4156811.08585399,3505777.14956126,22602388.3546357,6082571.33432422,14291004.4786695,10841645.0131477,5811549.5782670705,7715557.17528103,8508178.38060589,5463518.45767169,4788946.25134481,6252692.88107573,4434919.17988,4686548.82044797,5850778.10790103,3496555.89991183,10365303.2082184,5392809.29753398,4376694.01801197,19979395.1639388,14618724.6763917,11692101.4660025,9705161.24703352,3097642.1820365,5231747.9036418,11037928.6740162,17930851.6713639
FT_7.681_548.76647,MW_549.77375@RT_7.681,NA,C7 H6 Cl N2 O11 P3 S4,549.77375,548.76647,7.681,549.77558,NA,NA,NA,Full match,No results,No results,0,0,797765.585723758,6415889.28662865,3635759.42188371,11631326.9995335,4121834.5223179,9339667.19681669,582272.340137971,3008794.2740041,2779110.81621544,7266251.11012577,4240770.99017617,4061076.65866618,3041550.07939415,3007295.47393421,3131569.75137825,93755.2246057234,3174314.18603313,2798780.58918312,1532660.93163731,196665.184637471,114371.058515847,1491012.24559991,1025941.34079394,239173.786669779,7204496.16802522,3856289.42053729,3514778.42698234,162464.918320842,6512913.72575494,10200764.9807348,294932.761716793,1291889.94068011
FT_1.668_547.25517,MW_548.26245@RT_1.668,NA,C40 H37 P,548.26245,547.25517,1.668,548.26329,NA,NA,NA,Full match,No results,No results,0,0,2964460.01260323,5285530.5474029,2305833.41367584,7529132.4142375,3426103.74979001,8483429.36445846,1186380.38280734,2662620.8671525,3645634.44307828,3095609.81341689,2267293.30607666,2292298.87297883,3011366.52938115,2211211.6006028,1493248.88321056,2270057.18534838,5978189.00091469,3905793.64983822,1940758.3262169799,1676255.24456938,3624330.17291357,1959600.77820702,1617432.85037386,1265221.44319256,7529376.24727374,4778600.07798193,3206868.39476582,2988135.08620267,4771788.69709503,9050903.4316543,1646704.6565992,2195279.77778764
FT_12.672_546.07685,MW_547.08413@RT_12.672,NA,C28 H22 N O7 P S,547.08413,546.07685,12.672,547.08546,NA,NA,NA,Full match,No results,No results,0,0,8706768.84205635,11040557.5393272,21506878.784366,20744924.865483,14162338.3402844,21268427.9884166,25770534.2496653,17380966.10309,11232936.8958063,18009460.9336192,18138729.4534269,8277003.61591853,17471640.5754102,17837045.6563278,11214998.262152,8332085.39229474,15322735.6190041,6898134.24099099,11061836.4279291,12447224.6285272,5209099.01002145,14405207.8732734,12279088.1909363,7563912.27188853,18200788.5422149,11980136.5998791,12098249.9108858,7369595.92794719,21706066.6233859,24935648.8355515,4342735.18493573,17072923.8167565
FT_1.084_545.21901,MW_546.22578@RT_1.084,NA,C32 H34 O8,546.22578,545.21901,1.084,546.22537,NA,NA,NA,Full match,No results,No results,0,0,5329218.47025148,4845409.99063403,2366449.95132142,6169923.38982464,3443962.28064111,5535900.86906361,2497832.32873752,4609264.93662344,4995246.53409484,4645378.89722713,4139801.41767235,4308517.04534845,4580810.71884712,4393845.19881501,3340313.62557113,2838842.33991783,4795086.45045347,4322634.3190034,3377070.22306075,4555011.67168606,3960337.07600826,4367665.56484353,1992589.97248692,2101058.91631371,4288276.02292076,4517147.1155958,4629011.22339007,4008085.46186121,5809875.31017926,5369674.54648154,2494463.83002793,2776466.38782814
FT_1.583_545.20286,MW_546.21014@RT_1.583,NA,C26 H37 N4 O3 P3,546.21014,545.20286,1.583,546.20785,NA,NA,NA,Full match,No results,No results,0,0,2949251.84318302,3246116.07832332,1838489.34995559,10163682.8381667,3074661.63156628,5853927.44265001,1384035.78236504,1396075.75489518,3865152.14817038,4703159.35565314,2732560.79723284,1219580.03496378,3105852.71650754,4202243.24392744,1693279.72465704,1830698.71883921,4035148.17057579,4861603.39882228,1004588.7993513,1587922.22900721,2952834.6713144,2008343.99132073,812278.822558709,1220409.42327329,5083601.38171778,4024666.29371597,2406123.10883026,2520474.63510516,3411676.89201004,5237787.20516501,1205819.42152102,1599765.25726995
FT_1.288_545.16573,MW_546.17300@RT_1.288,NA,C26 H43 P S5,546.173,545.16573,1.288,546.17059,NA,NA,NA,Full match,No results,No results,0,0,3225285.83734164,4982991.83977688,1869106.67247462,7558505.36878393,3178971.0596544,10593510.364308,1089031.65457221,5877448.17924266,6328145.65499827,4135501.17126813,2082575.66500719,2022377.8401475,3315451.10061171,4054347.06619282,1381263.35662709,2394093.37952215,5505219.2802548,4530965.87965777,943490.692449649,3117741.8644722598,2767929.5084935,2991199.60379046,1506440.48701301,1734851.31262107,4349425.07863649,11407847.0514526,1251671.61844681,2705815.66678122,3567035.50970065,5761608.23938057,1706552.52831151,3036190.19585363
FT_1.118_543.23980,MW_544.24672@RT_1.118,NA,C20 H37 N10 O4 P S,544.24672,543.2398,1.118,544.24576,NA,NA,NA,Full match,No results,No results,0,0,2786202.10639257,5913660.77074189,2276690.09135526,5265720.13361679,6335991.46155529,6824269.75780044,2087212.84410171,7509551.22363206,11388594.5552895,8327644.63289571,4339562.26699296,3690632.95304811,6136827.70664974,10349132.9385227,2842418.47438315,3984916.55678358,5303082.79489254,7649906.22112076,8620653.84845055,7015641.67091105,5442138.11185968,10305229.7023821,3427211.18549468,2349035.08112384,3615418.3445086,7916247.43920095,2503880.38361013,5368623.65054404,6870608.17713718,5582877.23789192,1886051.52485818,6091960.62303455
FT_1.089_543.20250,MW_544.20956@RT_1.089,NA,C32 H32 O8,544.20956,543.2025,1.089,544.20972,NA,NA,NA,Full match,No results,No results,0,0,3500540.14586649,4398831.8767785,2366449.95132142,6585757.15853014,4263519.56751477,3427668.71566192,2497832.32873752,3426543.30748515,5377815.05375401,4645378.89722713,4332119.9821216,4123923.67732714,4474141.73388278,4342292.32292534,3340313.62557113,2786859.01891238,4795086.45045347,5349436.6302774,3882813.13526537,4555011.67168606,3776288.39695893,4308986.67178528,2552727.97096286,2537010.41604151,4061114.46448055,6390966.1966124,2159441.65852007,3552928.84499306,6049126.78328761,5369674.54648154,2241200.35687845,2776466.38782814
FT_1.660_543.18795,MW_544.19523@RT_1.660,NA,C28 H32 O11,544.19523,543.18795,1.66,544.19446,NA,NA,NA,Full match,No results,No results,0,0,2361358.66913805,3246116.07832332,1838489.34995559,8664420.54235524,3074661.63156628,6012503.30019597,1384035.78236504,2964490.60424684,3116170.14405487,3597189.34096551,1944296.76837945,2051906.36652791,6595480.73207236,3226174.87019761,1693279.72465704,1640874.93448709,7217610.73102207,13621464.9437934,1194360.64603124,2164538.34603148,2952834.6713144,2008343.99132073,1271298.85277677,1226643.06214057,6322376.70117866,7326402.8241219,2406123.10883026,2431117.5855474,3547419.65050628,10515050.6701379,1205819.42152102,1620947.28441318
FT_12.842_543.06597,MW_544.07325@RT_12.842,NA,C33 H21 O2 P S2,544.07325,543.06597,12.842,544.07206,NA,NA,NA,Full match,No results,No results,0,0,1483028.91407916,1123366.29428677,5593813.17404491,5592593.41656782,2861929.75657151,4305712.24140266,7816113.31170531,2527060.37577261,862743.272446516,745527.476153163,987861.079298058,366557.599167926,1167813.98663887,876465.998662034,918913.079100523,332171.551619901,1320720.48282442,470309.125683369,599586.114976965,977638.294284344,673183.700284641,959151.202253157,592250.882487002,486780.767681784,703877.313748281,583771.091010683,934894.036378397,582315.640761804,4864612.03643838,10506230.8784126,666799.918707712,3822846.9765411
FT_12.684_542.13382,MW_543.14110@RT_12.684,NA,C23 H31 N O10 P2,543.1411,542.13382,12.684,543.14232,NA,NA,NA,Full match,No results,No results,0,0,2875725.82980296,2341737.70404215,3696803.3504133,3102739.79124384,2608561.83930238,3982870.94692385,3724057.14414242,3302388.96173645,2913620.83386122,2962174.82185844,3572234.51049731,2028810.90101016,3827538.3192121,4380542.60150975,3039127.08318112,2349980.3881527702,3636779.99385302,2085921.04770328,2997078.24100992,3367441.91037849,1552496.09814374,2780936.69931222,3011371.13321335,2080164.52166149,2865904.32171833,2565836.65214902,2747111.44712598,1953678.76279096,3687357.13643865,4138245.48912598,1641584.40665683,3243347.96476689
FT_1.345_541.17167,MW_542.17895@RT_1.345,NA,C29 H36 O4 P2 S,542.17895,541.17167,1.345,542.18095,NA,NA,NA,Full match,No results,No results,0,0,4193697.30077811,9940020.49184433,3633158.69343439,15597650.5394219,6196865.46569044,9307669.20321504,2783431.77476417,14918762.3974727,17440663.0265805,7548504.71652008,3843130.91283489,15621376.7181576,15955975.5263892,21820768.0390608,3371939.32573367,3657753.14737109,7056046.84990275,8416477.92290059,2415220.17442182,4628714.35927143,21460845.6226433,7427428.91176763,2463706.36121219,4108172.1849152,36940388.4104153,9159571.1306709,5497004.93848682,12131647.2162646,6500504.04859967,11223130.5091226,3297499.31925516,5772883.78881659
FT_1.099_539.19199,MW_540.19926@RT_1.099,NA,C23 H28 N10 O4 S,540.19926,539.19199,1.099,540.20157,NA,NA,NA,Full match,No results,No results,0,0,16751121.80382,7008812.16841972,4088463.68578416,37314278.0821647,24459116.2742599,6436596.02837316,11736628.3201146,19454321.62277,20091289.9961564,5359565.8399764,16993894.1231634,20069722.4661873,27115721.7457149,4921121.00170843,7328078.34429709,14815464.4948375,23701824.8034641,14881494.226289,8532946.18819827,13313966.3730503,25188482.4853652,4077057.49989726,2484514.66025532,13249185.8338538,10099449.7947579,30519912.8840611,9987614.60407377,21319294.1555563,8073209.02730264,32798278.7867463,10281909.2369535,4787132.63002371
FT_1.129_537.21319,MW_538.22047@RT_1.129,NA,C36 H31 N2 O P,538.22047,537.21319,1.129,538.2174,NA,NA,NA,Invalid mass,No results,No results,0,0,5732929.88757639,16770083.7550995,5947799.64807801,18778912.0358599,5663686.28418232,4414357.79158851,1765216.38641495,23567214.2704127,14442114.6175647,19078672.2666387,5554518.75864862,12173361.5589425,13300841.6637072,10961721.6960039,3572785.46658738,8171823.48997364,11028201.2092771,3579824.86528961,3919553.9543363,13021573.1162992,11736510.8187043,7171776.3159572,5683002.99623118,3324798.00354345,19695788.415616,19490775.5380698,7585002.52325033,4642256.6024249,11076669.465692399,20612643.9090145,3090204.30020704,7131265.39210225
FT_1.314_537.21302,MW_538.22029@RT_1.314,NA,C35 H30 N4 S,538.22029,537.21302,1.314,538.21912,NA,NA,NA,Full match,No results,No results,0,0,3736222.53198894,10698722.242717,3439233.73192182,6583413.84423896,3614012.38878215,10814394.5531607,2692134.11127161,6904995.3485545,5015023.78940275,5465662.34724488,4605712.27519015,2668499.5746306,4798441.28762739,6645084.15939511,2412081.4669942,3282758.52604744,6311296.01781248,5655736.68107621,4092566.74597829,5183292.23815771,4496355.71829011,3311509.78137127,2251917.82988722,3562361.86451106,7884743.76023347,5501474.35487227,4063185.63589217,5431370.81933005,6139000.89394031,9014935.35936545,3218094.50427198,3081052.20180143
FT_1.092_537.17725,MW_538.18453@RT_1.092,NA,C29 H30 O10,538.18453,537.17725,1.092,538.1839,NA,NA,NA,Full match,No results,No results,0,0,12695994.7697886,8670222.84687388,7500622.98304235,10834813.9817456,19159438.5727404,8743963.98705676,13432521.829402,26366205.7293013,18658221.5214792,6876776.96349226,14853804.7796174,9931998.50069758,32595807.0638577,8943272.74454504,4687621.77766961,4605380.55503019,32351400.3212236,28994803.0496887,4925077.31086929,17831055.1705214,18898759.6441817,14320976.5797612,4423234.37612435,9796205.48434844,10094941.7610822,8891572.4471441,3020692.34661314,5828259.0297525,20682550.9182206,10750080.0095377,4311641.30183585,6775625.3165983
FT_1.432_535.19797,MW_536.20524@RT_1.432,NA,C23 H37 O12 P,536.20524,535.19797,1.432,536.20226,NA,NA,NA,Invalid mass,No results,No results,0,0,1076602.22352136,3138942.50595902,1024213.6029804,3492567.47264982,2217752.46908118,2428250.25448858,1049943.65011885,2472600.26442585,3536649.70257572,3349208.08954735,1533004.74894349,1352401.23940054,2071491.92658139,3540948.43258945,978462.627978962,1252209.09483736,4754925.77126287,3373803.79190738,973487.43885195,2830987.96014942,1592560.22037055,2644624.00010454,851514.686059264,1104553.53782693,2821902.9304476,2752797.63007331,1205277.3377365,2378903.57943655,2191540.33568933,4075711.79609477,955053.471656263,1500928.89563418
FT_12.663_535.15166,MW_536.15893@RT_12.663,NA,C18 H32 O18,536.15893,535.15166,12.663,536.15886,NA,NA,NA,Full match,No results,No results,0,0,890391.161756498,4173805.04858931,14564802.5475314,58288503.555152,4163017.08761947,8171769.76784494,13292685.6225792,6157046.82938525,2304235.74884406,8630584.1063587,6485173.55132114,2267538.12757786,4160567.56666648,4266580.01697943,2796113.54137905,1643719.2636931,3490422.37833085,945436.881377649,1790188.3078997,2859086.49163906,829256.604004733,4274345.33637971,2395437.97463877,1945933.72432017,9785373.96037086,3879535.52394962,4473938.85248448,1965620.59282519,11272288.6742925,33573512.7469605,568286.244857496,7857072.88897117
FT_1.661_533.27608,MW_534.28336@RT_1.661,NA,C24 H49 N4 O P3 S,534.28336,533.27608,1.661,534.28399,NA,NA,NA,Full match,No results,No results,0,0,2811011.94053359,6000618.6847258,2139674.49648286,14249239.5253119,3939375.76241313,10584682.392945,1549425.93620467,4231315.96009556,4922790.44751003,3818667.95022519,2989020.13978701,3064362.38770998,5361822.66827429,3466824.30381415,1652157.52983194,3110206.08543448,11829671.1325432,4346075.67410867,3111891.4915019,2203444.05082488,3840220.07100152,3054723.09519588,2301063.56399234,2028004.28569965,18315572.2939275,5302153.64494569,4190813.81674898,5257866.42199507,6450576.79679727,19011049.1200274,1695297.28990528,2043443.38775213
FT_1.099_533.21869,MW_534.22575@RT_1.099,NA,C24 H39 O11 P,534.22575,533.21869,1.099,534.223,NA,NA,NA,Invalid mass,No results,No results,0,0,5724198.36855988,8324297.42287087,4280242.2055244,10353227.6409819,2503564.8360123,10374983.352797,3771530.60851127,7549672.42081872,10209823.7071408,4967534.67003625,6962768.25711415,3238262.6248247,8130968.64583078,8602570.44553224,3732449.88060913,3636284.86739679,7085321.04647536,11487545.2833961,4144048.11865746,7169826.25555971,3930595.04221189,8075070.9856268,2953302.30909703,5153674.55526332,9980187.59762435,11139625.1775607,5022915.98519428,5534751.51069357,3288793.87561141,8735759.77943104,2609808.51264639,6332839.11404493
FT_1.337_533.18236,MW_534.18964@RT_1.337,NA,C20 H41 O10 P3,534.18964,533.18236,1.337,534.19126000000006,NA,NA,NA,Full match,No results,No results,0,0,2056306.46334129,3948009.52075862,1239307.20311103,4616278.74557314,1859954.02016971,3723103.34481192,1521572.22304276,4229645.52112371,2536103.02941302,4419716.24799498,2081617.63408719,2148579.64664712,2708099.03472493,3183771.95882188,1883919.39380902,1484199.34916387,2876107.21340316,3177304.07651301,1549353.73647202,2288669.48405788,3566088.71895949,2998868.59024586,1222148.39661109,1841622.80477201,3070009.08015426,3071250.09274524,1143199.21530453,2714906.91403041,3412257.1824571,3351990.55871608,1195205.49524387,2248648.59417024
FT_13.283_532.04834,MW_533.05562@RT_13.283,NA,C24 H16 N5 O6 P S,533.05562,532.04834,13.283,533.05589,NA,NA,NA,Full match,No results,No results,0,0,2000812.92227876,2451538.5870647,4655273.04263141,7167784.73325815,4124511.90864358,7187665.7464849,5189270.01288657,591172.621261861,750264.241726721,3170517.91390645,3840782.442967,2971462.07933458,3099712.85314614,3458023.27095318,4906526.23865687,318727.807564057,2852250.69606334,2186104.87544598,1890522.01646649,2073776.84578135,470729.196533712,3829817.45694562,3292818.31388873,929120.516293312,2813748.59384916,2687480.98802578,2561346.28725335,463241.258761977,8096369.77914505,9207014.41942501,1377504.25714384,5247966.8093355
FT_1.661_531.26078,MW_532.26806@RT_1.661,NA,C18 H46 N8 O2 P2 S2,532.26806,531.26078,1.661,532.26604,NA,NA,NA,Full match,No results,No results,0,0,2811011.94053359,5223596.53203622,3048120.50553641,3651930.6669607,3879649.35668912,15838250.1625119,1549425.93620467,4231315.96009556,10370001.0845974,3903982.39852162,2989020.13978701,3064362.38770998,5361822.66827429,3547587.08604203,1652157.52983194,3110206.08543448,6435991.02859266,4346075.67410867,3111891.4915019,2558450.76295889,5236049.14311471,3054723.09519588,2301063.56399234,2028004.28569965,17976506.7097339,8011281.88809075,4299526.36024826,5257866.42199507,6450576.79679727,12377499.4531492,1695297.28990528,2043443.38775213
FT_1.094_531.23896,MW_532.24616@RT_1.094,NA,C15 H37 N10 O9 P,532.24616,531.23896,1.094,532.24826,NA,NA,NA,Full match,No results,No results,0,0,4622147.77995935,4273570.52376294,2766915.3198969,7493667.13725488,4284271.10399598,8558691.32324131,3045943.41596149,7270095.91199417,6387417.32517355,7068332.1679966,5220255.24066847,5884609.33658002,6913797.97643457,7176640.75708468,3608088.86059979,2998859.22637553,6390509.91302606,5200241.70940337,2970722.36271252,7222746.18703238,4694132.93682092,4308605.36874411,2186774.4351778,4341831.4659072,5416419.84284432,6936565.50896479,2802154.52178204,4517520.12085003,4079439.62830574,6986845.74556171,2615298.73093042,4796576.56282507
FT_1.664_531.22338,MW_532.23066@RT_1.664,NA,C20 H42 N2 O10 P2,532.23066,531.22338,1.664,532.23147,NA,NA,NA,Full match,No results,No results,0,0,2764792.72472951,3591964.58710534,2880823.38169848,4825884.48585062,3465252.1881296,5013441.95821697,1333699.3903989,2041252.52551063,3866447.09476958,4077484.14742816,4003899.41344621,2241441.81488649,5349616.31601104,2876990.16215504,2131450.23393774,1697444.05780344,2653830.33846232,5178133.46663873,1819356.41119237,1324343.46128986,3243087.61764095,3604782.82267448,1133099.91058989,1467098.43877584,7288483.91354441,4109169.44415119,3353935.76766355,3317162.25864115,3658600.05282254,5286855.39614638,1889878.17958339,1228648.70421204
FT_1.100_531.20290,MW_532.21012@RT_1.100,NA,C15 H39 N10 O3 P3 S,532.21012,531.2029,1.1,532.21402,NA,NA,NA,Invalid mass,No results,No results,0,0,5724198.36855988,4974923.24749203,4280242.2055244,3770655.20473237,5609987.2279695,10800274.9438932,3771530.60851127,10420345.1079064,5409242.15725743,3473124.99579046,3482754.95817666,7176142.1724127,7674269.38072749,9901957.91809363,4271573.85636468,3636284.86739679,3623187.54561328,3740664.24293429,4720188.60535965,4524372.30147478,7209376.43600583,7028374.28558627,3162522.84555741,4486248.30113838,3005298.83623549,5282607.10418046,5022915.98519428,5534751.51069357,8228945.45512737,4129254.65691702,2609808.51264639,4141771.63898974
FT_1.673_531.18803,MW_532.19531@RT_1.673,NA,C29 H24 N8 O3,532.19531,531.18803,1.673,532.19714,NA,NA,NA,Full match,No results,No results,0,0,3708741.99185018,7003146.61012163,2548670.66978056,9344324.5126565,3725322.67079763,11001019.0070678,1174604.89182357,6043338.02648408,5897746.12171064,5477982.48466043,3292722.91122753,3769099.04659962,6087852.23347449,5971077.10713706,2074534.43195035,3462426.73597075,5740938.02764255,3752814.78241059,1729276.4493415,5091523.44542385,4548402.52434004,3291522.25662822,1939744.34292905,2530727.12446003,10536845.5060513,6780180.08583648,3935129.71419417,4399637.1770614,4804769.83058445,10108806.7589162,1791176.94378383,3108729.49281146
FT_1.271_531.18693,MW_532.19421@RT_1.271,NA,C19 H38 N2 O11 P2,532.19421,531.18693,1.271,532.19508,NA,NA,NA,Full match,No results,No results,0,0,10657277.7241958,12666475.0192345,5947932.96385562,22282567.9353196,10085894.4293186,34320544.8207766,3158537.10765401,15337617.8424347,11628536.5115946,12655389.9733327,10289143.4284232,10501744.3273264,16197548.0889471,14662658.9980698,4764806.40660346,8230574.89496136,12303689.8383729,8649540.04860374,3457466.22726634,12629402.7652088,4754449.941066,5926162.03293432,2942487.70229303,5885788.24818703,19150181.0629993,13029790.4131068,7492217.55430302,12212103.3480111,10610218.8382287,26346737.0609477,5431975.35704004,12932477.2817679
FT_12.933_530.08007,MW_531.08735@RT_12.933,NA,C14 H32 N O12 P3 S,531.08735,530.08007,12.933,531.08581,NA,NA,NA,Full match,No results,No results,0,0,2127443.63677809,5516841.2616063,8037396.81163646,12027767.9946491,4136687.04944605,6565302.68332508,7307465.45487301,6641440.28678903,3846469.59571656,6674111.54196821,6138924.81250548,4093734.62070508,5492973.59234477,5717388.87019232,4156837.70893102,2881165.02497331,4894370.19605652,1687521.68192159,4553104.29235175,5025058.16629987,1694998.51331277,4743070.15469668,3514657.60651078,4387408.49220999,8689532.26337033,6793901.1530937,5040203.48660347,2841782.41412738,7579063.29487097,9500069.29282619,1518615.73738767,5933792.42067113
FT_1.668_529.20881,MW_530.21609@RT_1.668,NA,C22 H30 N10 O4 S,530.21609,529.20881,1.668,530.21722,NA,NA,NA,Full match,No results,No results,0,0,3139502.26622458,2768614.92721376,1552400.26804037,6321206.34894749,3349146.2680354,6251830.68540962,1334771.26144826,2796308.61393178,3734211.22542482,4148899.4029236,2092925.44877298,2302599.83549482,4198303.3898485,3320779.39678821,1350103.36888956,2033323.86805485,5162682.4697814,3325778.54300603,1320515.68482057,2360931.01077148,2637712.98814754,2356014.24873282,1585260.91290452,1831813.01403322,21134252.4133235,4308044.26076022,1657750.64463744,2827019.02372088,4940095.68402976,6060590.83983415,1028223.80292868,2178790.04353428
FT_1.415_529.17154,MW_530.17881@RT_1.415,NA,C27 H30 O11,530.17881,529.17154,1.415,530.17881,NA,NA,NA,Full match,No results,No results,0,0,4257653.0454243,4894778.62802841,2909276.07479723,6048413.33189825,3229493.32407112,8364038.10116941,1080819.38974238,4540265.4765817,4543803.68240028,4963948.30742732,2579586.24550113,2643137.75963536,10464468.713877,5522297.43517556,2437612.25731452,2515454.09517827,5328791.67551991,4051720.0412017,1802504.34971166,7856521.92682918,4696861.86357071,4084218.24030095,1616545.96108272,1795067.99027605,6318902.98114319,3401982.27336729,2362422.16239673,3730754.02768948,4141921.96311689,6490925.59932733,2240661.50679802,2567913.21214852
FT_13.273_529.05022,MW_530.05750@RT_13.273,NA,C17 H22 O17 S,530.0575,529.05022,13.273,530.05777,NA,NA,NA,Full match,No results,No results,0,0,2394451.87474553,3342157.2040405,23527740.4007908,72472912.4977203,10153290.2471196,20137912.0581021,21036695.44432,666508.028183589,3312786.94702569,4219675.14856504,4751754.73488434,3458836.74262442,3792228.27518265,3336026.10538002,5706339.08962141,220097.221415556,3403657.29362224,1936992.47017313,1380494.33152935,1768730.05000335,420256.545669946,4572233.3290145,3547605.73285389,754137.467048492,3235807.98199376,2293441.82959323,2213948.01734061,239397.073599786,29409850.8946037,68315541.1780298,824168.536566944,13964189.4508986
FT_1.643_527.19234,MW_528.19962@RT_1.643,NA,C30 H24 N8 O2,528.19962,527.19234,1.643,528.20222,NA,NA,NA,Full match,No results,No results,0,0,2857973.25329146,4462623.4185979,1552400.26804037,4219148.5996778,3340767.54447951,14016071.8614981,1334771.26144826,2796308.61393178,3939167.91314165,4517107.52658729,2092925.44877298,2302599.83549482,7868300.78978684,3213096.12680524,1350103.36888956,2033323.86805485,5309738.45378185,5834107.83670491,1015668.85390727,2299429.99964774,7063544.74059235,2356014.24873282,1585260.91290452,1831813.01403322,7295066.46722343,3438307.71606428,1657750.64463744,2827019.02372088,4461315.87666557,5852967.51812343,1028223.80292868,2178790.04353428
FT_1.674_527.15629,MW_528.16357@RT_1.674,NA,C32 H26 N4 P2,528.16357,527.15629,1.674,528.16327,NA,NA,NA,Full match,No results,No results,0,0,4441887.35477953,7337458.01874655,3270196.68583967,15159661.2042448,4366878.95752735,13552523.4270468,1721483.90899375,9174057.02236424,8182205.72283979,4793667.56856094,4416948.8253777,5173519.36356734,7564329.34931978,6529770.50881991,2935412.0089135,4080196.09142226,6694151.78784671,7127819.7982748,3249535.6416675802,5661259.58766091,4028884.9920879,4922586.78268808,2067748.82503608,2527181.18073848,12893766.3097643,8278192.57788228,4824623.63718155,5551560.81576294,7118500.58204844,12226921.8332653,2434610.23991121,3633683.58164944
FT_1.168_527.15599,MW_528.16326@RT_1.168,β-Estradiol 3-(β-D-glucuronide) 17-sulfate,C24 H32 O11 S,528.16326,527.15599,1.168,528.16653,NA,71.4,NA,No match,Invalid mass,No results,1,0,15377805.2472649,35236154.1758545,17454656.9492222,32972912.7169863,18028067.8865073,48089766.753546,12322745.5786485,42017022.0575998,43455407.6351216,22273363.7142435,26127941.8549047,22431485.523512,27289146.5670176,32354898.2038411,12057610.50436,14064505.3274331,30024039.6008103,25256188.0448752,17532778.5385275,27740857.3055971,28958239.9213758,30951663.9277616,8377275.62687044,18188057.7061437,52332955.5472561,28911278.8907303,16197711.1020433,21687728.5207095,22516000.0285092,46234138.0125497,10237725.894901,20622669.5764377
FT_1.539_527.15592,MW_528.16319@RT_1.539,NA,C17 H39 O12 P3,528.16319,527.15592,1.539,528.16544,NA,NA,NA,Full match,No results,No results,0,0,4692032.66055806,3627425.54583031,1774902.7489228,6778250.66030463,6514612.8166206,8450984.94311275,2688725.45366758,8539761.9588975,8735439.13857416,6839540.90371404,2862419.69624161,4500259.44562863,7485870.4947752,4317801.43345902,2935412.0089135,2304441.18908238,6709024.0042452,6908983.34020602,2752958.54231598,4383004.97725842,5407121.07757208,3713454.04991574,2922673.90105977,2127722.90831446,7156544.45468408,5189434.08413164,5010874.23034849,6333427.29519503,7201991.80393354,6121578.62169723,1787229.61070961,3767017.87755519
FT_1.271_525.24919,MW_526.25646@RT_1.271,NA,C30 H38 O8,526.25646,525.24919,1.271,526.25667,NA,NA,NA,Full match,No results,No results,0,0,2869006.20544808,5905588.27160326,1779701.0737796,4702716.96027355,3741426.25851908,4769330.245726,2249398.4665084,5424540.76350509,3559506.40124734,3304281.29719599,1883708.1420604,2103309.86733261,4861910.07357744,3482224.32143771,1668301.72207844,1615973.3302151,4752244.85830294,8068202.17779493,2854645.25646281,3173099.61149907,3381398.59675754,4708048.39119719,1117610.13812243,2878907.81070115,7300730.03623356,6268708.36627372,1828961.16604585,2691389.52781585,4872553.39086363,4302135.44038559,1222568.82263236,1892955.26236544
FT_1.233_525.21344,MW_526.22072@RT_1.233,NA,C22 H34 N6 O7 S,526.22072,525.21344,1.233,526.22097,NA,NA,NA,Full match,No results,No results,0,0,7022837.25168181,9042078.74917989,4661358.88369306,10110314.862379,5436907.01322364,10811053.1865366,2773893.78320413,11538714.178616,7468519.57974847,7386189.77306221,5920182.34146374,4692651.71983516,5875152.43982294,6231417.69811522,2690728.66893615,4080177.5891377,5906372.17281147,8088471.6610429,3086023.19552558,7079958.0377234,6591819.02341142,20966486.8952193,2940552.23409048,4109977.16880517,9827387.95595857,10618957.0666584,3315508.12320493,5111059.20707396,7826248.837121,9595344.57273718,9036028.06945967,5359220.04546364
FT_1.139_525.21340,MW_526.22067@RT_1.139,NA,C33 H36 O2 P2,526.22067,525.2134,1.139,526.21905,NA,NA,NA,Full match,No results,No results,0,0,6476464.04730671,11078278.8597001,6515816.46498678,15550474.9876015,12892898.1064276,16169672.6357146,13835849.467916,12463350.4237637,18617763.9671591,18011024.9264513,10903891.4439449,6907656.23167178,17847143.3942074,16034792.7398743,8494478.72345787,7830958.59063554,10900766.4641488,15529554.2101587,11195354.2529948,15611840.2987283,20307319.6968553,20966486.8952193,5110165.51961249,5929236.93664455,16110168.7972566,17051800.6017203,6977788.06526381,10302778.3776204,12357939.7024415,15042956.417779,9036028.06945967,13739156.972395
FT_1.349_525.21326,MW_526.22053@RT_1.349,NA,C30 H30 N4 O5,526.22053,525.21326,1.349,526.22162,NA,NA,NA,Full match,No results,No results,0,0,5384574.08953552,15510644.3883131,5718533.99513902,15353085.5893446,11067700.0024779,13215545.554892,4971601.04991179,12946285.0847738,13947955.9673887,10862882.2014523,7694651.74725692,5552142.67967033,10755749.3139465,10443021.1953992,4749523.50624206,4006891.70895005,9603932.76775667,13090157.8999663,10899032.3345215,8616148.49734186,12331498.1582697,10785431.1095799,4920340.45554855,6318382.6488821,16241478.451872,14975780.0027257,7958851.68152559,9164375.96975336,10798634.4096516,13078116.1282836,3535898.86801922,6448166.93046227
FT_1.271_525.17657,MW_526.18385@RT_1.271,NA,C28 H30 O10,526.18385,525.17657,1.271,526.1839,NA,NA,NA,Full match,No results,No results,0,0,26599525.2919695,16022174.1655625,5537679.39780665,4958877.62326722,11064345.574572,33853803.234978,6656075.28529843,14057881.4695477,41899632.3023413,34306836.5851404,4788676.78269623,7067012.794606,22669628.3837334,36574196.269376,12633417.089724,18786282.9215618,20991019.5096167,34188165.083366,15144002.4136101,11623977.1139359,15517599.3749504,10224116.8408999,4379832.56784363,21244299.7076118,54386192.0424037,15774676.8949514,13331714.2033055,7523383.43475686,23342836.2240957,25603745.9317942,5982935.66290986,9112398.99356833
FT_1.402_525.17652,MW_526.18380@RT_1.402,NA,C28 H30 O10,526.1838,525.17652,1.402,526.1839,NA,NA,NA,Full match,No results,No results,0,0,4469398.65596421,4592415.77130716,2120808.60799606,11619418.2023464,4756314.46379653,9734919.62447198,2784907.52739775,5881833.32284132,8539452.89340838,4953168.84970342,2628570.15830196,2950566.58367673,3917242.10983997,6470174.16682664,4309324.51271069,3215321.90455442,6557756.77289081,8588805.09379308,2482960.45558919,7160140.0177531,15517599.3749504,9512592.90359654,2375129.51418277,3300270.17291856,11590926.7742107,10633983.5226083,2653933.31781896,10620232.8253882,10334292.4839274,4534489.87299343,1217846.1236715,4696776.79532858
FT_1.152_525.14092,MW_526.14819@RT_1.152,NA,C21 H35 O9 P S2,526.14819,525.14092,1.152,526.14601,NA,NA,NA,Full match,No results,No results,0,0,2135843.99288038,25234245.9344311,10523164.6430719,20706250.0790676,6005171.50305838,5244127.0601115,5376731.50714569,6223689.3278966,14280071.4199288,6575148.151922,6430150.5965807,13111004.1260118,7961459.38310221,7244574.25509824,2987296.95065742,4120492.8504789,16059891.2689852,7410197.07993246,5040262.20471132,14280726.9728318,3568348.89741041,19660385.3991797,5255904.74910933,11095186.6829808,3596797.15473181,16743500.5398069,5982295.96441282,14871780.226766,4707972.3306077,17465657.176506702,5584404.74884313,5927619.13748684
FT_8.842_520.91024,MW_521.91752@RT_8.842,NA,C12 H3 N4 O18 P,521.91752,520.91024,8.842,521.918,NA,NA,NA,Full match,No results,No results,0,0,30785280.7440979,18571702.559219,19638464.4621632,18522765.6568701,31623871.5415322,20005937.6987264,31805557.9724717,19864503.8213191,24562873.799273,15273489.8297293,20911051.0193765,21713385.2189316,26701854.8671113,14352510.1531499,15431406.8078708,22834663.9127,23833437.5562465,17538721.279496,21063606.5949734,21878282.1444797,22716986.0723651,22355089.9176363,28341904.8539924,16612293.2701735,16302329.3738543,17179761.3219458,18094453.4278119,14779021.9302249,16392554.7472033,17205416.6928614,8867647.10563017,16950065.4935612
FT_1.488_519.26008,MW_520.26736@RT_1.488,NA,C20 H46 N2 O9 P2,520.26736,519.26008,1.488,520.26785,NA,NA,NA,Full match,No results,No results,0,0,3171210.18270472,9478523.15733398,3042423.09472424,14191815.4158096,7461899.82927812,11605214.9715572,2013417.7558173,7845156.40846659,8523450.36092485,5905776.67223768,3784642.89248632,4932475.38156873,7723995.57899308,4711721.78394452,4200860.89523449,3158994.46697373,5254354.47418924,9527622.72656757,4739816.47359684,3408938.26567396,6776087.71220235,3879260.32602898,1189752.91115332,1248603.90430021,15670315.5820354,10185848.9338705,4620697.08148387,6469207.63520055,9900864.98600523,12859666.1285488,1131276.7276364,2158407.14703349
FT_1.669_519.25974,MW_520.26701@RT_1.669,NA,C21 H45 O12 P,520.26701,519.25974,1.669,520.26486,NA,NA,NA,Full match,No results,No results,0,0,2161255.51423435,5313775.21447903,2167642.19516538,4535025.59687042,2650832.63590503,6308776.62540884,1787241.20563077,4420187.72527635,4440072.30558444,3819551.35705175,2285106.42898349,2433206.98817205,5106544.63858496,2595174.57461913,1373133.51478532,2106496.76752157,4129360.12967325,3905300.26266554,2050061.8303364,2473127.36026907,3625536.13283464,3245057.87869306,1126989.52439913,2314758.57133202,6824160.99513975,4647989.89097135,2460189.76336325,4105086.83541399,4718283.71721191,8289266.85726155,1038283.07771145,1470376.34456667
FT_1.147_517.31708,MW_518.32436@RT_1.147,NA,C24 H47 N4 O6 P,518.32436,517.31708,1.147,518.32332,NA,NA,NA,Full match,No results,No results,0,0,3418937.70200505,3110633.03768427,4078904.90278236,9139495.39410078,3454184.30160972,10508711.7997722,1142458.13682504,4317842.85333681,3126797.46900808,5435879.99483144,5470325.59474477,1652583.43468596,5689590.97705454,5184089.18360259,2865101.91897469,3017278.79688395,4969503.49280062,7378026.27378296,3261655.42273412,4300530.54097957,4813503.2472751,2935850.33408901,1548998.20422721,2857707.07518875,6965505.73591242,5608466.21789745,7248194.35489097,4574593.85952819,5354811.96571943,11412831.4120215,4339711.28106557,2253131.51845787
FT_1.669_517.24449,MW_518.25177@RT_1.669,NA,C28 H38 O9,518.25177,517.24449,1.669,518.25158,NA,NA,NA,Full match,No results,No results,0,0,2584569.28460458,5379445.93874936,1735255.50576249,5056645.21070895,3745410.38537519,6066252.7563719,1776914.57616477,2694268.18103834,4336453.95209489,3227004.41068522,1960838.1298651,1944327.0822444,3060075.92189669,3491267.99295946,2138281.71112271,2132049.56768622,3601256.25902698,2974041.3843937,1931582.81457368,2226275.58859621,3202973.22341284,3318300.76403227,1270333.02031803,1673537.34440524,6016615.21794163,5062937.87165205,2942342.39240341,3186657.60088009,5288303.6508933,5326322.52811402,1526944.32058558,2477938.02719396
FT_1.092_517.22371,MW_518.23064@RT_1.092,NA,C20 H40 N8 P2 S2,518.23064,517.22371,1.092,518.22926,NA,NA,NA,Full match,No results,No results,0,0,3139428.0064655,4259256.57348459,2295942.98745079,7107498.0237204,3973335.33206358,7217976.79167004,2751959.2945912,7218960.61487924,5530139.05134959,5767597.67833099,7293564.89820807,4170909.77095682,4123067.7798788,7460812.86508665,7346795.25839581,4402344.24303224,6701290.93736867,4761433.94320729,2404318.0694425,4961158.22312737,3953080.46012294,5478221.36896704,1786141.77877582,4863874.24651162,5887232.27156898,5397569.84690171,3795714.3478897,4855824.08964412,4772198.57386484,6035626.51270688,2881237.87925168,4013991.20431999
FT_1.332_517.20787,MW_518.21514@RT_1.332,NA,C22 H31 N8 O5 P,518.21514,517.20787,1.332,518.2155,NA,NA,NA,Full match,No results,No results,0,0,11829307.9000713,6816699.04733515,6165379.23246026,29720592.7037055,10825811.3693465,29977384.4744572,2795684.10368103,12261589.4410363,10368329.8984358,17802470.8474476,18121848.0972309,8716792.20296716,14645261.6003954,16412565.3579644,1993992.8917148,8168197.18998422,14038717.6816959,11932840.3623661,4396866.39889619,21321639.6437715,8850338.91057549,9673068.31730082,3676937.64857193,6629303.55473741,8775704.1705661,24236273.4721594,10413876.9085646,16534635.9101573,12980714.6461385,32597301.4543542,6191796.88634059,13349938.1912971
FT_1.669_517.17239,MW_518.17967@RT_1.669,NA,C20 H36 N6 O2 P2 S2,518.17967,517.17239,1.669,518.18164,NA,NA,NA,Full match,No results,No results,0,0,1940404.45210489,3867998.57197801,2011258.88050673,4127517.9666176,2234605.45681849,5738875.02823786,532268.870466864,3440153.07215045,2975778.40926687,2731169.0017662,2174152.08710361,2389883.22913479,3006320.87625418,2655006.66275256,1142215.99685363,1784978.69854975,5018843.82870977,5354133.20977575,1219790.16600162,1849917.85357635,1910556.5361749,4168055.05031657,994174.357312318,1210430.30903672,5352147.93491398,3143152.11260201,2641766.77975657,3368006.4294244,4075306.85998974,9080467.79065917,1097322.9353597,1838546.74820477
FT_1.422_515.26523,MW_516.27250@RT_1.422,NA,C29 H40 O8,516.2725,515.26523,1.422,516.27232,NA,NA,NA,Full match,No results,No results,0,0,19332814.2976716,7669883.15530665,17969149.5539735,28672615.2334266,27839489.8189486,59113574.5716004,3312934.02375426,13173772.831766,15634505.8660735,17277053.0317643,12744899.7474695,13451573.67974,20279744.3577308,19073944.0765531,5909205.34432393,14652398.2765027,21639809.4602424,36752129.3767494,18542101.8271741,13379277.9848773,28321152.9261872,9348414.52262148,10224767.6600267,4585180.18710551,65644470.4194115,35184459.4095955,3570545.09483631,20010734.8653206,38919522.0713344,38831137.0964891,6381068.57832954,6917120.10067711
FT_1.665_515.19266,MW_516.19974@RT_1.665,NA,C27 H32 O10,516.19974,515.19266,1.665,516.19955,NA,NA,NA,Full match,No results,No results,0,0,2418356.47223653,4824069.11432468,1772430.95531935,6198568.16960953,4014225.77045084,5426463.97856799,1250368.77368894,4416978.82162441,6053610.75946325,4507595.18876813,2163283.95341327,2360900.86908829,3345100.37784411,3356502.09585082,1410199.3473881,1810358.89571037,3283693.36621196,4305331.71211338,1793471.50830746,3003534.71727578,2648844.99947184,3098141.68820326,1765010.39074482,1284925.6269887,6724862.51934402,3546815.81206054,2654903.42670443,3226300.23746597,3943480.79706269,5548848.49555069,1338087.40498919,2030519.90354501
FT_1.674_515.15663,MW_516.16390@RT_1.674,NA,C24 H24 N10 S2,516.1639,515.15663,1.674,516.16268,NA,NA,NA,Full match,No results,No results,0,0,4327776.32573143,6205134.06520787,2768790.55045035,8419267.59458999,4488854.9507566905,10314332.8803468,1933349.65684099,6737634.67970653,5797921.59817979,4231318.91881731,3288949.879041,4446517.47886465,5592188.19497708,5176314.60589543,2405332.89257463,2708982.34210872,4414322.95699231,6495744.2700073,2618340.17558763,4534138.55868097,4842045.86438693,4206920.12328987,1521448.57408914,2331190.69319492,10134067.6007133,6993268.71186514,3915826.11956908,5815632.38482149,6303438.59056401,7479509.20863561,2177434.85198008,3291160.87944485
FT_1.338_513.21351,MW_514.22079@RT_1.338,NA,C20 H40 N2 O9 P2,514.22079,513.21351,1.338,514.2209,NA,NA,NA,Full match,No results,No results,0,0,4231622.65479679,5344237.14743206,5119749.31998952,10054067.2689399,9842426.38847805,10021039.8838732,3374497.42831978,5790886.4291462,16216488.4082644,14885115.4473554,8803802.09615714,2171187.96356417,6221218.80652053,6193348.54175176,3659520.52262935,3835516.15865351,17125362.385825,14602317.8838575,5223808.55027145,4437224.94182591,7880751.98296759,7370475.90282732,3407958.04284174,3860305.62187827,7929994.30278575,10833551.742389,4849672.58718102,8238519.739064,12065938.3448062,10726541.2930798,3429227.00763526,3341429.96767443
FT_1.579_513.17674,MW_514.18402@RT_1.579,NA,C28 H26 N4 O6,514.18402,513.17674,1.579,514.18523,NA,NA,NA,Full match,No results,No results,0,0,27754133.987847,35250480.0887476,20987882.1373327,123908000.045257,38978382.5820621,114677081.763527,11131583.5204782,58905006.1292406,43864587.7985006,77179098.9993524,46709865.8691617,27086872.572395,49552423.8375209,65942185.2864127,12157176.768953,24068217.6114227,30999485.2313056,39566618.5007987,26105970.0700761,58714938.2939845,37269060.2026087,37377475.2857217,12994599.1539109,16118545.5240752,73233709.2834363,93184285.1706254,41227955.4799713,37249793.2267046,48552803.4952272,108657266.173427,17422979.9962377,34960734.079355
FT_1.255_513.17666,MW_514.18394@RT_1.255,NA,C22 H27 N8 O5 P,514.18394,513.17666,1.255,514.1842,NA,NA,NA,Full match,No results,No results,0,0,15213246.5856203,18790325.2036457,11107480.786323,45321178.4359161,9695193.85950561,46043948.4797053,4348012.27045365,28486816.1106584,12957497.0527639,17886865.7472931,17381692.8696594,12158812.8725916,20925971.2536136,36673944.3085532,8682073.59777148,19814268.6333707,19403652.9891944,16869527.0485321,6860058.6153432,24131906.4883298,12799194.03526,11792628.5166566,5800338.73167005,11300756.5979021,29065934.6436794,21333371.2324075,15026277.0078705,15301444.7968059,22293246.6704098,32360009.7255644,7526497.28215846,16081430.3089553
FT_1.162_513.17657,MW_514.18384@RT_1.162,NA,C22 H35 N4 O4 P S2,514.18384,513.17657,1.162,514.18373,NA,NA,NA,Full match,No results,No results,0,0,5314039.04327779,55750071.2671614,9131891.66993264,25856233.4636196,12318125.4278541,80011566.0604686,6823497.39281433,52354074.3750055,18989717.8690316,16277807.0545244,36394796.4758468,36848297.5794965,20042415.330894,20677086.5602166,21440225.7679101,10112935.1231409,51164599.1178304,15701484.1152544,22716592.8716711,17356239.3952388,38776955.87907,14111902.9419197,7565472.80549401,28497611.9265474,23550022.803645,19457928.9521279,12869319.4589181,16688686.730501,20456951.8553494,25628792.2748678,8160878.8032639,36733601.6091333
FT_1.654_513.14081,MW_514.14809@RT_1.654,NA,C20 H22 N10 O5 S,514.14809,513.14081,1.654,514.14953,NA,NA,NA,Full match,No results,No results,0,0,5955671.45402786,3741677.02662976,4377976.44480118,12844481.0066275,9343491.64779491,12385434.9999687,3912365.9596972,11790588.8125257,21017859.7671745,10409600.2247886,6236550.96726615,6673660.66376988,13174596.8270976,8668288.71011138,5733367.73392268,4543174.59015007,8940341.56759072,5043790.57213843,7238236.09394334,7539260.51988266,8293093.02957693,12847030.0246009,3143785.66934801,5346390.2522541,12824605.6439476,16585873.9378278,7685922.63475241,11841734.1368581,9567097.05972544,13498310.1959763,3453243.48919176,6099231.18930226
FT_1.362_513.14076,MW_514.14804@RT_1.362,NA,C20 H37 O7 P3 S,514.14804,513.14076,1.362,514.14728,NA,NA,NA,Full match,No results,No results,0,0,9379557.24398142,13993036.3019611,2860945.99373128,13789722.9556779,12772126.8007059,9812518.5388167,2313338.05178966,6468533.71317765,8752333.7117246,16058195.9045435,6654042.57407145,6389506.18349533,11214582.5824481,6334355.20303169,10153120.1163032,4235348.43594244,18549773.4293911,8451701.0780083,12337567.5629141,13743436.8433919,8804200.42140799,4611257.5864544,2733308.28333197,8494447.78759736,9751489.05878076,22754370.1583479,7045094.05402106,13692536.9158403,8070482.92843103,21024637.5446877,3617124.82483833,4285190.45817053
FT_12.250_512.01961,MW_513.02689@RT_12.250,NA,C11 H16 N9 O9 P S2,513.02689,512.01961,12.25,513.025,NA,NA,NA,Full match,No results,No results,0,0,2405233.15983426,3713262.39020341,3437357.61139521,2534738.41550825,3814743.98384327,3039276.91117795,3517469.49625307,7785022.85043205,3866652.03262654,3614527.11636125,3706155.43555292,3560255.77028992,3763363.99374999,3794910.58327008,4409293.5120659,3502080.87265631,3909263.97001188,7257253.24167975,3203869.76537844,3284430.43125445,3635506.46353081,2928612.46376875,3769881.66776362,3738758.54624327,3909353.97590324,3212885.07792533,2525250.45832361,3349664.58128676,3040846.83392956,2555499.67436764,3030417.29177896,3425720.48103786
FT_1.293_511.19753,MW_512.20481@RT_1.293,NA,C22 H28 N10 O3 S,512.20481,511.19753,1.293,512.20666,NA,NA,NA,Full match,No results,No results,0,0,8649134.69101217,11879007.0986104,3073508.50183904,9500666.42047893,9867966.90964463,9476073.30562967,4802614.72162738,7534663.15681914,4235527.25255797,7448956.93859881,3460712.59299708,7677937.36960797,6184330.08379873,14335189.257468,6861153.30839985,3153674.65469741,5761794.29177833,7272821.05501395,2530416.35151079,6355285.98809881,7757927.98820273,12118951.9763537,3136470.69359028,3030218.98047328,6539047.09720342,7562512.52645246,9110200.13122585,9444255.61961395,15880859.488029,8796771.94806369,4811466.38860218,7370159.97371503
FT_1.128_511.16121,MW_512.16849@RT_1.128,NA,C21 H24 N10 O4 S,512.16849,511.16121,1.128,512.17027,NA,NA,NA,Full match,No results,No results,0,0,22904967.045784,47166150.3175268,19961254.8274612,32206153.9354527,25341023.0615062,57889858.4419103,18481259.5545449,42468746.2750335,39183082.3266272,46881993.1663862,23852047.6178699,28476790.1590351,36766886.880269,33702410.568401,12187531.4966379,18889712.5796251,34443154.8628259,39500209.5207296,16575711.2198372,31377191.9403044,35968892.0778233,37732820.7343615,14963432.8086932,18490300.6487917,58786764.7623844,40287370.6663235,35156959.4367149,35114438.3134119,35617100.9193719,53005137.4411799,21672318.6653421,26690490.8686811
FT_1.545_511.16110,MW_512.16838@RT_1.545,NA,C38 H25 P,512.16838,511.1611,1.545,512.16939,NA,NA,NA,Full match,No results,No results,0,0,4328041.12923215,10993751.3894455,2842143.03696803,11585059.1050809,4312013.19970899,17673593.327222,2437264.70458578,6553277.80216082,6793022.30090476,14623967.6167776,3445779.17754654,4143358.55573442,5543067.49735101,10299837.3455413,1998477.94683773,3090958.29792452,4687668.90665526,5950307.22199374,3411636.02397827,2940366.04686977,5349655.57225177,5030065.56457101,4032206.25004216,2991845.99558776,10141996.6407371,5932920.50671407,4644064.9373325,5301922.57090344,8543840.31863011,8570710.65125505,1961120.7920754,3853673.13953758
FT_1.251_511.16109,MW_512.16837@RT_1.251,NA,C20 H33 O13 P,512.16837,511.16109,1.251,512.16588,NA,NA,NA,Full match,No results,No results,0,0,12642400.776827,14894865.5171931,5470528.13762659,46770617.4108071,24952337.2803176,55035911.2082795,6156851.16123346,52746968.0787111,20168888.0391256,25184808.3467968,36394796.4758468,8299092.44819638,20925971.2536136,22938844.3940844,5732917.33858598,30621075.2371651,19576726.2713613,20336877.2181964,7843594.54501057,30529360.0978101,12621180.3121385,13998681.4887236,6232201.32825732,3499360.87333796,51702297.8156797,18665895.241791,12649894.6763785,5591094.44361558,32380672.596531,42827793.2486895,8450621.45803184,9993866.5357126
FT_12.841_511.12815,MW_512.13543@RT_12.841,"[Similar to: N-[4-(2-Anilino-2-oxoethyl)-7-hydroxy-8-(hydroxymethyl)-4a,8-dimethyl-4,4a,5,6,7,8,8a,9-octahydronaphtho[2,3-d][1,3]thiazol-2-yl]-4-fluorobenzamide; ΔMass: -25.0743 Da]",C19 H28 O16,512.13543,511.12815,12.841,512.13773,NA,NA,NA,Full match,Invalid mass,No results,8,0,2343127.37159425,1935174.22423824,4720003.45105367,4313352.07166213,3119550.06055751,4141076.63372844,5437511.26397462,3245638.66090104,1512239.62999219,1369293.88254956,1896133.8016364,723195.649005131,1799416.23089815,1556645.13541019,1460641.19408618,946010.509111261,2002605.33343671,1009214.67660447,1228434.13691121,1955059.34501076,1121355.94491847,1477166.05192124,1253208.08908569,1119673.9995319,1361267.31041022,1231413.15621876,1614959.09492284,1093297.87186035,4408463.19321538,5284956.398802,1333042.21863091,3887699.93796683
FT_1.087_511.12488,MW_512.13216@RT_1.087,NA,C15 H30 N8 O4 P2 S2,512.13216,511.12488,1.087,512.13067,NA,NA,NA,Full match,No results,No results,0,0,3152985.95454881,7590235.2870569,3665959.90323666,9184280.36323904,4829531.02475862,7460409.6222468,2792523.2225084,5148102.791427,13627618.9095205,4736310.41848703,5253646.58882971,4168943.77758278,6538278.41140965,4734642.99505891,3320730.13471056,3288071.47004786,5137229.22472816,7474652.4923778,8906322.9117095,8042642.27482482,5491107.5612624,3307800.65316364,2809335.57023441,5068170.07347535,11731524.6320223,12086841.0807271,6625823.0381617,9245826.94109469,6179388.6025894,6607797.6885107,2147486.74359855,3193144.58253687
FT_1.139_511.12475,MW_512.13202@RT_1.139,NA,C26 H24 O11,512.13202,511.12475,1.139,512.13186,NA,NA,NA,Full match,No results,No results,0,0,27255871.225056,48512830.8552492,30943369.9865116,56051038.8354194,39090449.5795491,63810193.0284108,23776841.9215679,69974184.3904461,59709597.6917555,37285126.903531,35110919.167245,34349849.1790716,47122442.6393729,44133491.4579688,27710653.4533206,29828928.0046877,48443206.8040059,43656084.0807291,34535257.3571272,48472988.0870044,37658132.4959118,37084817.3112206,21865951.4481159,32005209.7880851,65535938.3358223,56084420.1073856,35229828.9868038,34361705.6866057,41653891.6172777,58519247.366838,25042470.8702617,41107006.6399415
FT_1.379_509.18182,MW_510.18910@RT_1.379,NA,C19 H35 N4 O8 P S,510.1891,509.18182,1.379,510.19132,NA,NA,NA,Full match,No results,No results,0,0,4293329.85229865,16115756.4789821,5187157.33100186,14061685.7298166,11904022.3783678,27153977.481582,5300368.35552516,13333090.1400798,17045929.1897215,11520023.525947,6928119.86903515,10537431.4781855,8670377.32198249,9502702.56692682,7176064.49473202,3499946.40699748,9529098.76282006,8767676.69379101,5062282.70948288,5578765.90392582,9453330.52218068,6194318.83873923,3612188.61453386,3037013.48110398,14238234.2261073,12242449.6305022,11659953.2894512,6882584.10126495,7173167.27894141,25714474.8594901,6424614.89131849,9689870.05979875
FT_1.223_509.18151,MW_510.18878@RT_1.223,NA,C32 H32 O2 P2,510.18878,509.18151,1.223,510.18775,NA,NA,NA,Full match,No results,No results,0,0,4315405.22112564,7834612.93416098,6320968.33587242,9581331.46808258,5869068.71630479,20506101.6358008,3792520.19437237,9708442.59091143,8617670.54753164,7572910.72221093,5866496.63150024,5106207.4569769,7317463.27218442,9412991.60467472,4265461.53671346,4668357.38621583,6480727.54075741,13414536.0749165,4246839.63980253,5981767.64150342,2685376.11865113,7939680.38178024,2992394.70865524,4533549.22204702,13655974.9881639,47684591.7701947,6030593.21064849,4627768.69715931,10494793.2793113,6483939.2844289,3256726.29605052,3190172.18133512
FT_1.126_509.14589,MW_510.15317@RT_1.126,NA,C21 H22 N10 O4 S,510.15317,509.14589,1.126,510.15462,NA,NA,NA,Full match,No results,No results,0,0,30435706.2792963,47166150.3175268,19961254.8274612,69672454.0284586,25418427.2937798,58106278.8707331,5191273.07996311,42594396.7915427,39183082.3266272,45038671.1163341,29829165.3355394,28476790.1590351,36629125.4996416,43687791.8858917,18051971.5559707,18889712.5796251,44397468.930848,39850610.7044323,9189987.35203305,31437587.5048996,35968892.0778233,37732820.7343615,13890149.9244274,23778359.8154586,58786764.7623844,40256080.1643533,35337203.8625958,35114438.3134119,37017428.7359749,72369661.2512511,22107932.3553792,26669407.30643
FT_1.306_505.18822,MW_506.19549@RT_1.306,NA,C18 H36 N8 O P2 S2,506.19549,505.18822,1.306,506.19287,NA,NA,NA,Invalid mass,No results,No results,0,0,1760696.81615598,3848397.32320456,1301674.01138988,2340748.07647074,4214462.87348587,2534758.11634322,1275280.69206974,3077694.99717752,3084267.96020175,6682531.41988021,1566297.86075019,1926250.50171006,3068537.25162644,4700198.99058605,2167097.33670229,1465651.54841507,2286297.4409695,4086220.11586962,2485574.3522193,2236157.31495546,4002835.44831323,2619310.55210103,913592.148828251,1901728.25844379,3389916.8184224,3345240.19237117,1033148.73977205,1690404.5451829,2770994.82124459,1876794.51207345,1100525.18384676,1756061.45127825
FT_1.103_505.15096,MW_506.15824@RT_1.103,NA,C29 H22 N4 O5,506.15824,505.15096,1.103,506.15902,NA,NA,NA,Full match,No results,No results,0,0,16557427.4163767,13993941.5925733,17089776.5798642,13701821.151501,18956306.4150026,3442299.5723335,6126898.31600783,27377870.2459145,9599440.3154181,8310427.93145267,4797573.67287618,16546962.7655971,10367072.8216795,4524693.01209876,3632903.22179765,15907377.2124109,10948554.0364794,9950287.09675024,8525611.05987827,20955138.5154362,8376583.05730551,4628475.36978303,10251845.2291707,14086888.575551,5269675.5617269,15298760.1592512,19975009.7711666,11533410.6228599,4426713.20591922,11000142.60546,11369022.7893502,18999624.9551727
FT_1.085_503.20768,MW_504.21498@RT_1.085,NA,C34 H34 P2,504.21498,503.20768,1.085,504.21357,NA,NA,NA,Full match,No results,No results,0,0,5669545.24862696,6602783.29159229,4505942.60030926,7149606.5037093,4315844.89131604,9077696.87727716,2876040.22095407,9985398.00071923,9809227.00109397,8193756.54209116,5998905.56876973,4862368.079577,6509472.76338923,9735258.40715456,4382363.5701788,4436418.9282645,7155076.37826858,6900904.32478796,5406443.6125513,6601576.55336406,6929167.40476926,5351243.59421132,2710145.79943649,3647437.2123595,8187938.38247086,8853573.2479122,4484740.39346586,7038125.0620774,5943843.99724951,4787239.57097434,3067477.4084475,6551493.48166122
FT_14.255_549.16737,MW_504.16915@RT_14.255,"3-[2-(1,3-Benzodioxol-5-yl)-7-methoxy-1-benzofuran-5-yl]-3-hydroxypropyl hexopyranoside",C25 H28 O11,504.16915,549.16737,14.255,504.16316,NA,84.3,NA,No match,Invalid mass,No results,1,0,12844905.9920351,17535248.2195178,26512711.1802739,47330304.2700061,20938863.3560252,33476379.7086246,23450558.4814277,22602388.3546357,6082571.33432422,14291004.4786695,10841645.0131477,5811549.5782670705,7715557.17528103,8508178.38060589,5463518.45767169,4788946.25134481,6252692.88107573,4434919.17988,4686548.82044797,5850778.10790103,3496555.89991183,10365303.2082184,5392809.29753398,4376694.01801197,19979395.1639388,14618724.6763917,11692101.4660025,9705161.24703352,36368271.6854812,47970276.1458887,11037928.6740162,17930851.6713639
FT_14.029_549.16735,MW_504.16913@RT_14.029,"3-[2-(1,3-Benzodioxol-5-yl)-7-methoxy-1-benzofuran-5-yl]-3-hydroxypropyl hexopyranoside",C25 H28 O11,504.16913,549.16735,14.029,504.16316,NA,80.9,NA,No match,Invalid mass,No results,1,0,62869872.3270027,70609446.7920953,150879863.630591,182451832.222835,104860313.293602,138898085.532587,177719818.872828,132180424.413085,55387676.1824355,78606660.6179208,101905395.645536,71637483.8657122,73063648.8250719,66610365.8317822,66941849.6268506,50806027.6528561,56674761.4065641,38853905.3663668,40033752.2071678,60485389.2106409,27351988.7009062,68235542.3649232,49561694.6772076,38658113.9630303,87097637.330307,82966338.9988694,73518630.0410421,53982257.9879399,145328651.148676,179231634.957724,39245858.5346934,107586033.571402
FT_13.321_503.12848,MW_504.13576@RT_13.321,NA,C17 H25 N6 O10 P,504.13576,503.12848,13.321,504.13698,NA,NA,NA,Full match,No results,No results,0,0,44430540.816508,83829805.536252,136735023.214654,147773347.947176,114599635.32881,131880046.091445,176549928.041277,50496880.7799922,15977998.1523771,45239348.0607846,37393229.2801021,19360516.4027097,30206497.838549,32437021.3617405,11489237.0791669,7851981.31996267,22283154.8055432,8885207.55289142,18059686.4143873,24835493.6611456,11942808.6444134,17166183.4029032,12225691.6297701,11785568.579651,69229634.8516761,27857167.4749997,38914969.8967428,12923793.3192562,138703315.472652,197797909.036263,17934467.5361775,116745190.400972
FT_1.424_501.28601,MW_502.29328@RT_1.424,NA,C29 H42 O7,502.29328,501.28601,1.424,502.29305,NA,NA,NA,Full match,No results,No results,0,0,24025374.5257351,45153085.2519486,14858020.8158775,93665331.743387,30388497.2457325,88690701.4605275,7922804.1411584,30294666.0044551,43822781.4189569,41779462.956099,22367649.2882641,21741130.5193633,36523213.5787295,27193104.8705541,11100266.6389247,22013371.6413529,52253618.5242659,33229490.1634665,16411332.3788226,17548450.1920825,25627566.9385562,19358979.6325088,8040282.52109516,10547299.5272893,75336430.415303,32318924.9455966,26400842.5360402,42082733.2226903,46529347.8533402,99515492.3053281,14346543.0029334,17332356.7373623
FT_1.665_501.24932,MW_502.25666@RT_1.665,NA,C22 H34 N10 O2 S,502.25666,501.24932,1.665,502.25869,NA,NA,NA,Full match,No results,No results,0,0,1762494.98482797,4182709.17681375,1404404.07599247,3379765.40846981,3419544.37906129,5043957.51244546,2311577.21123336,3482647.55868743,4611269.37253604,3914201.45053865,2410548.9699339,2516494.24938749,4436280.58176901,3110225.94567598,1628686.87661914,2019714.8227891,4045736.21375312,4606995.05049243,1959528.37155405,2268065.33723411,3399468.30436335,2284479.16530634,892724.885271523,1745095.36854151,44319223.9473393,4292732.75765176,2164683.45871679,3295307.56743954,3330537.46629768,2989814.9871726,1298969.02093107,1720435.1444735
FT_1.665_501.17695,MW_502.18427@RT_1.665,NA,C31 H26 N4 O S,502.18427,501.17695,1.665,502.18273,NA,NA,NA,Full match,No results,No results,0,0,4125583.06241395,8734061.52948468,3545573.50583249,11389337.7023849,5771827.22058573,12276488.7742854,2521961.56649479,7887005.89440709,7992760.50510615,8007475.1626199,4200845.23808589,4417616.0568773,6698041.958721,6742846.27269094,2948771.58702858,3565002.78327879,7185486.5032595,7721790.50020306,3373439.4183198,5674555.90798352,5926053.84438083,4441499.74662167,2118745.70906806,2695941.28518845,12728107.2049498,8502971.93269919,5030499.47761094,5836784.6425996,7890206.6325915,10237980.8197389,2694126.99159972,4179822.41533653
FT_1.492_501.17691,MW_502.18419@RT_1.492,NA,C26 H30 O10,502.18419,501.17691,1.492,502.1839,NA,NA,NA,Full match,No results,No results,0,0,3632055.0641705,9176213.33656707,4585986.21276831,14740993.74232,7528744.95069192,14773178.5378967,3286567.54118957,11506672.489752,13872854.1977205,4899685.05303779,5090163.74290742,5645527.69378086,5279661.66073324,29093117.7348125,4156171.1627892,5044779.47880035,7996780.97418699,10512627.4546422,6431456.05860584,7082084.24816435,9070564.12704638,8048662.67358302,5147043.63142972,4159850.33479324,13878299.6274278,11733088.3792123,5755611.67521913,7377514.37872807,7890206.6325915,8732895.89943872,2983586.17793522,6139135.22169737
FT_14.755_500.91975,MW_501.92702@RT_14.755,NA,C8 H8 Cl2 N4 O17,501.92702,500.91975,14.755,501.92615,NA,NA,NA,Full match,No results,No results,0,0,6308050.23329957,4736760.33581826,3214244.01177788,38052200.575715,9761028.41519386,19369947.8822687,2017913.33361965,5899497.70461508,9986726.23742051,33549364.5152388,7175385.0458864,5150583.10832535,9428670.88188174,24537427.5841809,8529470.047651,2244219.61653121,6403111.25151402,6095916.22784413,2778264.58155843,626699.245511974,2719470.41471483,27461013.4243137,5361787.49200118,645542.973080204,19279817.0244955,10991814.2300607,5966968.09332777,1055984.30094311,14484349.3297403,35181141.0643832,396048.682114807,1465357.63214279
FT_1.335_499.23428,MW_500.24156@RT_1.335,NA,C20 H40 N2 O10 S,500.24156,499.23428,1.335,500.24037,NA,NA,NA,Full match,No results,No results,0,0,6136046.28629529,5967974.68707608,6025880.24905661,29421187.1204508,21208074.43375,18949806.8496328,1484339.2727721,3017533.26719185,18889623.5032302,15010460.9218724,2260543.77903537,2094877.04007343,9421443.96973078,3220175.80679607,4517378.67258028,2145704.03051133,18682789.9175476,17791909.4153622,1395880.57903172,3767821.55516728,4249146.29618138,2370794.47012661,1768257.14648312,9582928.86689578,5790650.45250823,23237298.7952038,3524924.271118,2198374.15794116,5131214.64955318,27610782.1550287,1711433.09674529,2342763.39160215
FT_1.284_499.19780,MW_500.20508@RT_1.284,NA,C27 H32 O9,500.20508,499.1978,1.284,500.20463,NA,NA,NA,Full match,No results,No results,0,0,5475597.23801368,17215003.670022,4669154.31715163,13636719.5747684,28478314.7245198,40080616.7487825,5073558.39542038,14066790.7758888,18921341.6295464,8454022.56149875,8129580.30324368,13490945.2104292,47755614.225881,5679144.36496546,2539185.9494893798,10049769.6813481,9546972.15737651,17280878.1666854,3096456.67955311,23473627.4158037,7472410.41538693,27718270.8509384,2288092.54055998,4232677.13386617,31230485.732789,31183257.7630837,12113510.7412463,19008363.9716999,26993698.5064224,33858543.6443411,4126722.65251529,13850007.8751962
FT_1.669_499.16165,MW_500.16894@RT_1.669,NA,C31 H24 N4 O S,500.16894,499.16165,1.669,500.16708,NA,NA,NA,Full match,No results,No results,0,0,2979216.94961146,7417587.47985239,2841738.19684481,11775264.6476823,4101113.97005653,10561550.2365092,1851171.92651666,7889133.2785574,7992760.50510615,6549998.40452117,4381296.57661934,4829533.27729937,6880493.90557588,6086029.83298364,2502337.81279498,2660767.52491707,12362698.4071186,5451307.10247654,2139902.31762995,3818663.21229513,3903319.9584595,4958005.43522121,1550732.14158924,2892897.27722997,9502004.09323493,6283865.78815248,3462923.17930456,4995308.44653752,5804886.28635687,20935448.3476992,2049623.39639351,4300765.83955439
FT_1.575_499.16146,MW_500.16873@RT_1.575,NA,C21 H25 N8 O5 P,500.16873,499.16146,1.575,500.16855,NA,NA,NA,Full match,No results,No results,0,0,4115007.15737708,3163939.43713772,2729280.21526455,11713365.9483819,5253646.58879972,9610120.68767527,5069315.88400459,4458466.06914398,4722982.24161597,8699260.32649782,4435374.06347425,3107816.82607113,5513067.65221066,4363875.3445172,2502337.81279498,2298304.7129843,12362698.4071186,4865301.22262547,2141837.98952245,3818663.21229513,3754208.3241705,3020144.28417024,2231894.57136977,3669909.93652998,9289352.24046576,5575668.72626401,3462923.17930456,3912588.27416945,3918295.41771714,9391441.44752311,3652483.13068328,2097510.22090653
FT_1.342_499.12488,MW_500.13216@RT_1.342,NA,C26 H28 O6 S2,500.13216,499.12488,1.342,500.13273,NA,NA,NA,Full match,No results,No results,0,0,7919679.20103711,13602656.1231215,4698353.87714276,14119282.261269,11371207.5746359,18764900.6856869,3364073.81849093,22716309.9121527,18965002.9871497,10533006.3246604,7369736.88034559,10048822.4926597,12613999.7893725,8487703.19848821,5182017.37022788,5558081.61163231,11526498.5299513,11438359.0809224,5080828.11903695,11781855.0406031,11419445.6614329,9140836.66289517,2683404.83778434,6057184.57030937,24508801.3331437,17986841.6551864,8029509.02087495,10460607.879895,13225463.1434624,19004345.4822467,3841265.56084231,7620177.63071963
FT_1.369_497.25494,MW_498.26222@RT_1.369,NA,C23 H39 N4 O6 P,498.26222,497.25494,1.369,498.26072,NA,NA,NA,Full match,No results,No results,0,0,11945949.2631246,32513354.5808333,12805614.298349,23789578.0317597,30697753.7362599,33624294.2728992,3365576.41870996,16675103.1618137,27308837.4318888,14950543.5429672,11291824.4216378,10591101.8736218,12470301.9938238,8990677.55459579,9165807.99599122,8182831.20762823,16337639.1898837,18303774.6296084,5881139.65511817,8408224.16642573,13401116.204734,8888582.74650708,5349908.24106962,6401357.93645129,27828895.1732467,14834527.6919249,12852119.2077053,18496967.5461732,19757882.5708296,66425491.507454,5106181.88615418,9167964.77974888
FT_1.097_497.21815,MW_498.22543@RT_1.097,NA,C28 H34 O8,498.22543,497.21815,1.097,498.22537,NA,NA,NA,Full match,No results,No results,0,0,22033186.8958181,21673523.2480049,21990352.3558443,63638358.3795866,23075602.6589502,61514429.5291122,11415075.4893444,32504032.4031759,25432419.1020712,34771520.2230705,33503396.5869774,19951492.6047347,34248053.7925324,32848829.3127914,13510664.9400976,16881318.5651169,31915947.0934084,26677579.1995513,18914927.6651797,36669283.1344682,23182923.3854608,20618222.5318935,10728556.1426007,14798753.7811416,32044382.3818116,40705169.1623596,30948087.3065644,7686037.39399696,28757931.1019662,51995377.2565557,18781330.2556492,25078875.2168841
FT_1.350_497.18276,MW_498.19004@RT_1.350,NA,C27 H30 O9,498.19004,497.18276,1.35,498.18898,NA,NA,NA,Full match,No results,No results,0,0,12022356.6803175,27268403.78531,7104725.20803333,44161828.3487747,14182871.6372982,46934103.2975068,5765072.99471576,18081003.8845312,21002010.1761046,19121992.4896902,12355373.2915557,13377504.7295626,18004975.8863514,17068755.6778559,7478618.18436064,9497094.69336882,18333683.4589298,17266532.763737,9260755.10049258,29627061.2201123,13622812.5312611,15484257.6212554,5464222.53268343,7433186.41729018,28123050.5111048,32958500.0764085,17377373.5821654,14772801.6831639,20307413.1068188,39638668.5088977,6070794.76355986,11971915.2866819
FT_1.242_497.18200,MW_498.18928@RT_1.242,NA,C27 H30 O9,498.18928,497.182,1.242,498.18898,NA,NA,NA,Full match,No results,No results,0,0,22851642.0577147,27268403.78531,16947271.2727628,44161828.3487747,28924516.0734148,46934103.2975068,11445021.1234238,32298550.3854896,32008294.3839924,19121992.4896902,19099186.2899597,20789436.2395363,33390759.6179665,33785560.640837,12210913.9360703,19112628.6095707,29306619.6956612,27763930.3636072,13399999.2941822,29627061.2201123,16128390.0473808,21276552.2204018,10132226.4966306,14669237.9420846,43872529.3385912,32958500.0764085,15140468.670347,26460595.1445002,27871199.962375,39638668.5088977,13121162.5946764,22990231.4297499
FT_1.446_497.18158,MW_498.18886@RT_1.446,NA,C31 H32 O2 P2,498.18886,497.18158,1.446,498.18775,NA,NA,NA,Full match,No results,No results,0,0,23884761.1202476,26304124.2506828,28760809.4440519,117758383.539523,30977480.315692,102362483.383862,11958009.5746011,38374605.9692137,32488072.1153046,58450824.1541114,45496599.1418764,21378537.1672038,40553185.0577769,49575569.6680495,15740622.7061061,19162276.2585157,42551591.3759773,44939170.6313109,29695827.1718472,47764430.5378381,48061479.0368908,31836002.523635,11496327.644743,15851666.398997,53197549.1784694,63058963.7942293,42278738.9839129,16413755.1126795,42653815.4150082,78642566.3713761,26397148.6053465,29476386.4752013
FT_1.151_497.18144,MW_498.18872@RT_1.151,NA,C28 H26 N4 O5,498.18872,497.18144,1.151,498.19032,NA,NA,NA,Full match,No results,No results,0,0,42881757.3445306,27268403.78531,27066166.2522969,156931262.351876,44282428.1085926,161268598.022203,19946496.7357103,79216906.3599111,60897069.7189244,75795204.0303484,50616912.2154438,45586945.611153,72245536.7149729,69437508.9558983,27358253.4483688,31377508.6827741,67294385.254273,54363070.4213016,23473728.5559094,70998484.0308434,64546893.0130341,52167347.5816285,13588746.4492517,32273891.1213952,81733668.168271,105528525.48481,39960766.2823381,49870689.8757498,58687272.0992768,39638668.5088977,23813184.925114,45738111.5551959
FT_1.666_497.14597,MW_498.15320@RT_1.666,NA,C28 H18 N8 O2,498.1532,497.14597,1.666,498.15527,NA,NA,NA,Full match,No results,No results,0,0,4989048.74432304,7417587.47985239,3838756.17335421,7611274.1700639,4239827.47359679,9775874.71383643,2242636.55936372,8643553.66773532,8881705.39480771,5170604.22441008,5061545.79180592,4346441.56476189,8125427.64047166,6182833.22054373,4259957.64636276,4398085.67920121,4750791.52082538,8282819.06038304,6368199.89506398,9882753.39565773,7596694.00223525,6888530.30845642,2194463.4965663,3509994.40383195,13635006.9210804,7798280.59998073,3462923.17930456,6155333.72626198,8659180.96501962,12053905.5172259,2728714.59963572,4506701.42583271
FT_1.197_497.14584,MW_498.15312@RT_1.197,NA,C23 H18 N10 O4,498.15312,497.14584,1.197,498.15125,NA,NA,NA,Full match,No results,No results,0,0,16562086.4719079,44457554.4218034,19462722.2794616,49824156.4889297,26792217.7730555,43318325.1587807,12187228.7699156,32087886.3394748,36091130.8595318,28664880.4199121,20098499.7892026,20791652.2504988,34976367.8496933,24666935.4092409,15811030.3613815,15826637.1240009,36340214.2114434,33579645.354091,24682613.769314,23923657.2824757,24405228.3002758,22328746.8336946,14072630.8071249,21591502.2798937,59995286.648857,45029930.2557531,27510374.5684586,35661695.2212362,39147930.8873074,45457479.7034639,12768263.803548,18534807.0261863
FT_1.276_497.14575,MW_498.15303@RT_1.276,NA,C20 H37 O6 P3 S,498.15303,497.14575,1.276,498.15237,NA,NA,NA,Full match,No results,No results,0,0,15864349.0116413,26707957.2823834,13177347.3223304,22492303.4697239,21507316.3709941,32173931.6893221,15289103.9471788,26421449.246974,37637005.9085068,20106839.0110935,17731711.9496509,15592021.2293926,27025985.9726503,25558295.4483355,18131143.3161285,13583232.7872493,18758561.6668157,27768210.1074293,20745768.4644634,22094471.2754488,22974519.0590254,22647075.0756938,11568375.6453713,15582438.205669,30226754.8439245,29833297.6942034,16088951.520446,24076839.6910849,22012005.6464106,26659970.2150096,10703947.8112533,17567371.3385571
FT_1.439_497.14564,MW_498.15292@RT_1.439,NA,C23 H18 N10 O4,498.15292,497.14564,1.439,498.15125,NA,NA,NA,Full match,No results,No results,0,0,48866983.8740651,86083217.3314477,32310690.4393825,132795094.449794,56027967.4636364,116824590.570029,26071515.950691,78094866.7096409,110079250.980488,77635721.3338118,44565155.9305007,59539748.025578,77777177.6380842,72498286.971723,29436084.7689587,37717884.7538551,64367409.1014596,85852488.880804,55547490.9355286,48153446.1512949,61497865.5906268,53500315.0879558,22823694.0487469,24108774.4161336,158447302.944622,92589779.6096334,56557218.5210237,68666884.8440877,94526855.1737996,95131479.3438589,25759512.1178861,42752878.144818
FT_13.290_497.11264,MW_498.11991@RT_13.290,NA,C22 H28 O9 P2,498.11991,497.11264,13.29,498.12086,NA,NA,NA,Full match,No results,No results,0,0,4794290.9402444,6223351.44953123,17752262.0161714,15935526.0612857,12341022.4235102,16993247.5108686,16814212.1854014,1661316.72268528,8419739.32540613,7412595.66826393,12483108.9270426,7853998.93976808,6670600.76227658,7634769.87010085,10557702.0267608,622325.374354074,10295266.6384745,4729141.55609213,3844838.93839195,4582319.55277858,1005508.72239847,8004239.04082615,7558401.59395231,2480814.59707678,5337474.96436653,5640834.22147218,5044359.18026065,4561107.53026013,18463391.5743112,19758369.5185248,3213502.36875224,18352915.0840149
FT_1.294_495.20267,MW_496.20991@RT_1.294,NA,C29 H28 N4 O4,496.20991,495.20267,1.294,496.21106,NA,NA,NA,Full match,No results,No results,0,0,11777226.9671086,8153243.87981476,7960501.2850742,17109585.8344028,12570898.4669567,25557182.9352701,2643014.07090197,10141314.4674612,9768278.99136229,13303849.7388901,10621559.5124568,5340864.25951292,10104287.0541255,10263448.0383149,5167074.01830714,4308801.5914739,9669720.27312079,7265204.50602353,2716630.28342232,5506939.51703191,9083204.30578183,8172157.63810928,2812157.80174062,3874233.63387237,12056763.7306279,16188985.9133433,6578059.71032257,5909810.08577141,8659374.00616043,13452001.0939126,3231357.20700267,5864867.27365612
FT_1.362_495.20089,MW_496.20823@RT_1.362,NA,C22 H43 O4 P3 S,496.20823,495.20089,1.362,496.20949,NA,NA,NA,Full match,No results,No results,0,0,2400920.80822951,6750872.45279258,3349063.41039733,8573257.57957322,5644325.29081842,7464115.29534353,2213713.10462363,6004841.64541296,6912744.25064409,5525726.04114812,3424081.40060024,2811851.65752106,5677021.07355549,2899480.33659457,3068920.88471869,3360296.8946007,5766781.64211029,5963710.91878559,2508775.61758048,6023513.42887479,3532528.31632477,5892796.67379433,2382157.24423565,2820849.98223285,9400154.90015155,5069354.37971654,3052248.94673419,5034313.82732771,7204919.17385685,8158270.22528731,2636715.39291084,3768172.12743178
FT_1.240_495.16651,MW_496.17379@RT_1.240,NA,C19 H34 N2 O9 P2,496.17379,495.16651,1.24,496.17395,NA,NA,NA,Full match,No results,No results,0,0,24376647.7856934,26359737.4392394,16947271.2727628,44161828.3487747,28924516.0734148,25706725.1555824,11445021.1234238,32298550.3854896,32008294.3839924,28095589.0937816,19099186.2899597,20789436.2395363,21727546.4542584,20687445.2605056,12210913.9360703,10576234.8931643,29306619.6956612,27763930.3636072,13399999.2941822,28634449.796229,15599503.7707278,21276552.2204018,10132226.4966306,14669237.9420846,43872529.3385912,18784995.4866525,15140468.670347,26460595.1445002,38006056.9003514,39638668.5088977,6841154.3646043,8332485.09841163
FT_1.344_495.16626,MW_496.17354@RT_1.344,NA,C27 H28 O9,496.17354,495.16626,1.344,496.17333,NA,NA,NA,Full match,No results,No results,0,0,50436613.5189015,70378624.9554084,28413949.4707779,170939774.593565,56117540.7374226,151537541.374455,20218521.2994733,86507635.3782013,81944364.0093347,93204914.5301446,46547040.8735255,57406827.9497042,75041214.6487817,77864186.4496666,27938617.2229335,39199617.0809364,76001270.4682299,56808191.3006822,35963785.8663889,70195208.2625779,42916156.6002427,52673093.5771895,19235399.2029977,30915894.5908334,114411980.81349,91529469.4987726,43615539.6390731,53330543.6702172,72305351.7694055,124953534.150205,28295181.6072554,47726100.5337747
FT_1.127_495.13019,MW_496.13746@RT_1.127,NA,C20 H35 O6 P3 S,496.13746,495.13019,1.127,496.13672,NA,NA,NA,Full match,No results,No results,0,0,30716437.4106406,50571869.8486389,27100574.0494327,22525480.6347802,31912048.1948278,51428590.7371485,19029123.3207031,20010970.4910934,27822330.3924101,16518032.8675601,33886760.4167174,38006525.3231499,47489305.2112895,18309722.4529998,9198845.26617294,26805083.7957694,40973040.7421145,46646597.7440621,35744357.6582924,46099328.3460059,41171663.2165097,36147824.8450611,20053397.2698905,31422255.9659806,66251888.3671934,21492688.631491,32608166.9938949,41558616.0952928,43283924.901412,21574238.8975261,22317382.373831,35687685.3384236
FT_1.196_495.13013,MW_496.13741@RT_1.196,NA,C27 H28 O5 S2,496.13741,495.13013,1.196,496.13782,NA,NA,NA,Full match,No results,No results,0,0,16562086.4719079,50571869.8486389,19462722.2794616,34220671.6799746,26792217.7730555,46722105.5789848,7709604.61069238,32087886.3394748,27198626.2733265,19540437.0484687,20098499.7892026,20791652.2504988,34976367.8496933,17892803.3805008,15811030.3613815,16914730.8115054,36340214.2114434,33579645.354091,24682613.769314,23923657.2824757,26056148.3273741,18519496.5287813,10930799.1432318,21591502.2798937,59995286.648857,45029930.2557531,24309189.8278854,41558616.0952928,39147930.8873074,45457479.7034639,12842327.1135006,22099072.6963703
FT_1.306_495.13006,MW_496.13734@RT_1.306,NA,C23 H24 N6 O3 S2,496.13734,495.13006,1.306,496.13513,NA,NA,NA,Full match,No results,No results,0,0,10587945.2820008,17166990.2696676,8067656.14610535,17093897.3774749,16906152.5071597,24245969.4747744,6633374.35300525,28387049.4814169,27266758.6147693,16223398.2248442,10138141.112953,12765010.2042881,16458833.2152233,18787636.8907482,9875169.06608163,6863098.02505159,16749304.2559093,12741066.6149069,14066881.7897395,12301696.4763419,14267235.4924578,10491365.3141179,6235146.48384353,9269522.58979397,20406524.8520628,18368334.6605026,10875020.6336872,21118560.7991495,20560952.756606,29206559.2847085,7344750.52385163,13876956.8338481
FT_1.264_493.18725,MW_494.19452@RT_1.264,NA,C28 H30 O8,494.19452,493.18725,1.264,494.19407,NA,NA,NA,Full match,No results,No results,0,0,8681140.35624118,10879606.1640833,2706966.71800255,16814209.0555312,7172802.10501701,16342859.5362745,2643014.07090197,12494593.4895588,9768278.99136229,9754919.70345995,4569892.16586169,5340864.25951292,10646611.6116851,10263448.0383149,3020312.69407688,4308801.5914739,10630673.3351618,8398750.52199274,2548313.43727445,12216379.0426909,5790182.17892857,6484818.10524208,2812157.80174062,4875124.36589534,26659066.3583363,11491462.7841972,8982838.96284019,8196392.09650792,9980882.73838426,16911814.4994305,4508573.56597187,5864867.27365612
FT_1.100_493.18732,MW_494.19448@RT_1.100,NA,C22 H26 N10 O2 S,494.19448,493.18732,1.1,494.19609,NA,NA,NA,Full match,No results,No results,0,0,11585660.0986711,16739769.3838863,9702834.79888298,5124771.4693127,14887663.1802161,14199896.9407929,5517073.26378594,18253326.458465,18970038.6669327,17206864.7385735,15075419.7699074,17726439.359621,21419893.4565503,17697759.2834659,14155909.2768475,5574805.85022832,8490203.54310274,28028650.1188894,9923665.45068691,14799057.5891187,21773834.8183762,11085236.1311543,7049654.51590107,5248723.27722707,34022233.2415818,12311029.6684401,17297859.7439669,15907483.555084901,8086127.02894753,27247142.7364659,12654158.6974061,5448110.42006524
FT_1.031_493.18711,MW_494.19439@RT_1.031,NA,C28 H30 O8,494.19439,493.18711,1.031,494.19407,NA,NA,NA,Full match,No results,No results,0,0,1622288.73027604,2539892.1210573,1277559.21313484,6396511.63531782,1893273.76026301,5866480.9400579,850683.614483999,3366981.43673476,3140597.60140849,3546014.07231258,1937676.72039528,1949730.21822481,3101927.8198576,3918067.07493142,1186160.75906618,1351013.97630668,3896892.62275743,3412168.41552703,1061729.06269306,2694470.52377172,1803299.7715604,2481042.53240569,779817.190725796,1166241.80180906,5415232.12390978,3158330.3123818,1881583.04071572,2667947.3371165,3241096.60230921,5762737.43247406,1134803.71369716,2182068.75095276
FT_1.444_491.26514,MW_492.27241@RT_1.444,NA,C21 H41 N4 O7 P,492.27241,491.26514,1.444,492.27129,NA,NA,NA,Full match,No results,No results,0,0,3146822.38523202,6539941.49919987,3316003.68225988,8002212.00909356,5757817.95176232,6032775.95281151,2632611.95317812,5347837.2285687,8622162.93347639,3445565.46991239,3237343.16296555,2778873.95120505,5839257.34009168,5009880.45699454,2347618.62273135,2252943.53444172,6435598.65072771,6464632.1158915,3474966.95399227,3077511.25127756,4329308.65288189,4470799.2856885,2274506.81852331,3309713.27277378,10206468.3837912,8258114.63570184,3591243.4741512,5115808.62143406,6317523.5844184,9592305.57514488,1679014.73922563,2843644.51784505
FT_1.075_491.20777,MW_492.21499@RT_1.075,NA,C22 H32 N6 O5 S,492.21499,491.20777,1.075,492.21549,NA,NA,NA,Full match,No results,No results,0,0,9827767.67316457,14597311.7347722,4476270.14217264,13108115.9118895,5660933.75271612,20757212.1158832,6607161.05395048,9974467.45498054,10479262.0483499,18052908.8506679,11506554.3025898,10038729.4020903,15325611.0436713,18346208.5192161,8051363.25318261,6648989.54499301,14188074.614216,14197060.6066795,7668304.88735653,6926667.76796597,10395365.4023162,12582654.23978,5592736.84148624,8016640.98338537,16033641.8368065,19376463.4434319,8245609.54838538,12421080.1360046,7540213.54806204,8284960.8436817,5119563.5029095,10490223.5478221
FT_1.257_491.19164,MW_492.19892@RT_1.257,NA,C22 H39 O6 P3,492.19892,491.19164,1.257,492.19595,NA,NA,NA,Invalid mass,No results,No results,0,0,3580390.6394411,3496188.02910216,5560344.86105878,5987918.4678707505,6991566.19568999,3314229.0915165,5266318.81818713,5112383.6635259,13708416.2760434,4580374.89712217,6035900.54072339,5087946.31555599,5453261.21121192,5207993.45758455,5482814.68794168,5966010.49867679,9500302.88386623,5973994.20430412,5787759.88113495,6750469.44588121,5821770.15817017,4429305.87818249,6521454.4425822,4943813.07883427,5467148.64988713,2300492.139601,5661833.46149263,4712470.49292317,4125715.97182874,3517222.39752778,3038622.69105003,4775366.80401364
FT_12.680_491.13674,MW_492.14401@RT_12.680,NA,C15 H28 N2 O16,492.14401,491.13674,12.68,492.14388,NA,NA,NA,Full match,No results,No results,0,0,19034840.4237183,21864263.0246693,22970984.0816249,18153135.9198349,24128408.6915335,31331630.5795506,36350823.3769749,27130963.2774068,24626845.6733506,27032530.963487,31162862.7802629,18072163.6123179,32055714.6999116,34128147.1609046,24493716.8687052,18363188.2560462,31466866.5222513,15786081.7094277,24736247.5518441,27784657.4961918,9722401.89252264,26185104.4731171,25453170.0185293,17673927.6976164,26510282.208943,23775063.2738238,23719054.1740515,15626241.7576027,24325081.810411,26843221.0547907,8746634.36273375,26171071.9238254
FT_1.254_489.13999,MW_490.14726@RT_1.254,NA,NA,490.14726,489.13999,1.254,NA,NA,NA,NA,No results,No results,No results,0,0,2171229.14585496,2202225.23527326,1519221.36041775,7608043.81470239,1838689.34389129,9161413.7728006,1276557.0119517,2030999.15887517,4506432.86470816,2229052.5759751,2005640.44325172,2313483.46678476,3842118.97660505,2579723.41259485,923222.047510043,1326447.22480575,4169584.8846548,3144070.89498024,846818.14510443,3244286.13979656,3241384.71900896,2607562.09119731,1703653.5807437,955055.291367192,9090091.78202262,3753424.12576773,5546888.75448687,2279668.30980904,3133417.66866917,9613724.59446222,1326280.51658343,1764323.15635952
FT_1.445_487.27054,MW_488.27781@RT_1.445,NA,C25 H32 N10 O,488.27781,487.27054,1.445,488.27606,NA,NA,NA,Full match,No results,No results,0,0,4669578.28198536,11058662.9844256,3557768.76797583,11896144.7965846,7726747.39451304,10743874.426129,9860824.12030483,7974948.09843859,11597164.1784773,6129793.47945979,3611006.83072429,4103728.57863569,7077219.16907755,5494467.46694231,2717755.84669978,2340436.18337235,9310683.11594117,7279909.32955325,3680727.65441727,3700090.86987891,5472364.50405785,4924005.58174315,2528778.87463473,3322668.25363962,18387139.6946563,7373501.96283063,3962351.22102804,6068927.07414133,7206650.02532227,13631892.1571867,2281279.79826808,4258916.14264484
FT_1.378_487.27051,MW_488.27778@RT_1.378,NA,C22 H41 N4 O6 P,488.27778,487.27051,1.378,488.27637,NA,NA,NA,Full match,No results,No results,0,0,9360754.93252834,16879495.1646965,12113625.9189831,21343280.1818843,29420180.5490818,18285082.7956827,9860824.12030483,17706513.2350516,24802158.4117034,20442324.3431919,14675996.66795,13758912.3969147,15682794.3590249,20449860.6890981,7682485.36232898,10538510.4580592,17320392.6526703,27107786.3043982,15477950.6698482,15068817.4510667,15622495.3225074,18086773.0285714,6522418.22689292,8851266.65003747,29080924.0498195,25875273.624186,15258094.6882281,23426532.6621805,19971423.7148502,25631251.443973,6527038.71997942,10210797.0254702
FT_1.557_487.27043,MW_488.27774@RT_1.557,NA,C29 H36 N4 O3,488.27774,487.27043,1.557,488.27874,NA,NA,NA,Full match,No results,No results,0,0,1934195.88975025,4058329.35441821,1762133.73187161,4699298.70056053,2895866.94874881,4426303.63679428,9860824.12030483,2563442.09622112,4285367.54845879,2182142.99350023,1207386.5572495,1819144.35898014,2402083.62571824,2874129.54718254,1318920.03436831,1920637.33866236,2714551.37487021,4523256.69483157,2701648.2848392,1531449.47437621,3230118.23698079,2460172.3831261,1168594.74127948,1868335.90675407,5069329.2150018,6539141.46455982,1615490.0272749001,2698377.80492194,2772281.27096986,5958475.71197686,708073.934263087,1402704.16976992
FT_1.674_487.19764,MW_488.20492@RT_1.674,NA,C20 H28 N10 O3 S,488.20492,487.19764,1.674,488.20666,NA,NA,NA,Full match,No results,No results,0,0,2619279.64105185,4545243.88534919,2211586.17932955,9400965.33824555,3899502.17610204,7960155.7083254,1650113.34019707,3811120.29080973,4091207.85543604,3488835.80663522,2047689.99958185,2628143.52012469,3762281.15746915,4550178.62003266,1838446.38431164,2316042.71929676,3759239.55940738,4577722.63244116,1704647.78304112,2691232.84837293,8235175.72442713,3289396.58152254,1975674.44283839,1557606.89949558,6799426.27050795,4096850.93750119,3972423.08264365,3475182.08279747,4495422.75904452,6988950.1682651,1410335.7603142,1834309.37591862
FT_11.767_487.16695,MW_488.17423@RT_11.767,NA,C19 H28 N4 O11,488.17423,487.16695,11.767,488.17546,NA,NA,NA,Full match,No results,No results,0,0,1667547.56449035,3244581.73976834,9727196.53956159,13308543.1757233,5413544.04649816,10373072.1208936,2391028.43988228,5640599.63627705,2622840.29522415,3002146.43416834,2918908.87124394,1961985.02530176,1836256.32154169,1782552.66128553,2542335.04583026,1278016.2338664,1523171.48221639,2408281.70373219,1976408.47569341,1490672.2549954,1591993.96933943,1466190.67174671,671969.088349175,606184.949938021,7257727.07990886,2321916.64481722,5507953.12817674,2082239.40801226,4342706.8712907,10112676.6018212,1152397.51630589,1569117.84540048
FT_1.475_487.16140,MW_488.16868@RT_1.475,NA,C18 H38 N2 O5 P2 S2,488.16868,487.1614,1.475,488.16974,NA,NA,NA,Full match,No results,No results,0,0,10905412.9145074,10985094.819362,6279759.50391429,24006622.9470813,9042727.82926417,21711892.0695381,4384975.06539232,7171576.10331077,1792955.48509731,10033543.8786138,7628246.04772717,3886635.2189007,11999349.1786631,6848121.85575121,4662813.26320536,8332238.61272487,10626074.3556188,15742921.7079901,5522598.90424925,5302575.18641167,4306267.86552596,7207005.89352906,3602342.09210922,3451371.6509882,25160790.6800779,13628407.3176991,3229231.00209981,9192407.11144653,9403328.8851578,11078625.8947076,5005019.09069314,7816579.50674737
FT_1.667_487.16129,MW_488.16857@RT_1.667,NA,C18 H33 O13 P,488.16857,487.16129,1.667,488.16588,NA,NA,NA,Invalid mass,No results,No results,0,0,2378470.86501425,6388344.55764261,2462602.91031262,8453718.83241152,4216746.33267147,21711892.0695381,1478822.47546869,5544025.48302589,6149447.60943648,5408452.91895156,3261442.45021517,3245196.59583448,5196336.1745657,4818725.61387777,1785393.75674559,2164820.47090025,5708819.98660993,5333582.12458075,2463828.31975076,4202086.48710451,3439138.69575492,4005184.72075582,1572070.26116029,2250317.94839564,6684974.59478529,4988149.72836108,2823165.76972922,5203392.45700917,6720268.83951232,7988949.43517645,1777604.14501123,2680364.10368789
FT_2.313_486.87654,MW_487.88382@RT_2.313,NA,NA,487.88382,486.87654,2.313,NA,NA,NA,NA,No results,No results,No results,0,0,16100501.5460954,7755923.68762978,12433449.0306719,5929216.87149041,11318822.2456402,7290491.30692062,10672780.774765,11012203.0085741,9764602.73452405,11097587.3274071,15002611.1117526,16740903.6730426,10599212.7475353,10322145.6271976,17260824.0254982,7645584.49877376,9334647.60978653,8088168.97347863,11944433.6144953,12956927.9034756,9921889.85949892,8310133.27700701,11344237.6981291,13844152.6819978,5929265.09889048,8771978.00097364,13812818.7815392,13873345.4083738,8774487.79135737,5443403.42898167,13604535.7643394,16383607.0597003
FT_1.140_531.29655,MW_486.29844@RT_1.140,NA,C26 H34 N10,486.29844,531.29655,1.14,486.29679,NA,NA,NA,Full match,No results,No results,0,0,3278478.38688546,2715394.49998669,4563899.57270682,8209446.10513935,3865965.40374878,4643263.66748296,1257191.13847576,4381656.15063716,3198498.36192848,7166611.62670243,5897086.79206747,2193790.33131062,6114258.44218244,4691984.73077525,2327685.51137028,4879998.55604029,5481310.36558479,4568884.90765744,4567129.35853918,2974484.08156752,4605787.75320983,1368970.86398128,1261911.18315818,1957998.58992063,6920220.75932912,4330133.46977453,5000002.02999638,5428528.76890607,3343731.23714368,17492954.0116004,4645162.80264632,2058288.75810198
FT_1.364_485.29102,MW_486.29829@RT_1.364,NA,C29 H42 O6,486.29829,485.29102,1.364,486.29814,NA,NA,NA,Full match,No results,No results,0,0,8615022.98557681,14215208.1625838,8325677.19260823,28241587.8673733,8774636.7880534,31509013.8676025,3384844.2968743,9321926.2381979,14779840.6478382,11131857.5689413,10993873.3941796,6524092.49436233,15155310.752177,8501064.3530266,4746920.00622876,8209351.87062678,18484204.1573089,9869906.20839192,6441069.80903289,6530162.19768821,9558262.60633899,6124829.4858326,2890275.26423405,4899391.78400608,21189801.6073643,13072492.5973514,10340062.8943446,15979480.4956878,15692849.3449799,30046911.2087257,5885142.62816834,6284989.16080226
FT_1.381_485.25517,MW_486.26244@RT_1.381,NA,C29 H34 N4 O3,486.26244,485.25517,1.381,486.26309,NA,NA,NA,Full match,No results,No results,0,0,9078702.87960304,28942946.3542801,6673893.29179801,16950492.4425885,32613247.6762994,18285082.7956827,8573790.60066658,12610189.0328238,26234328.6543426,20647800.8134598,14675996.66795,12861849.2124213,24263967.5285887,17034237.8899114,8973292.8012987,8373429.1197513,17205277.2879436,27445754.1551921,7290258.01592503,9987120.27141337,21307917.2419786,12773419.3211797,6536598.98990397,10848830.4462899,29911097.2789643,25352797.3850928,12549200.3110229,15685866.7415461,21025316.5256146,34675785.9572574,7929275.47367156,9842565.29472841
FT_1.334_485.18203,MW_486.18927@RT_1.334,NA,C27 H26 N4 O5,486.18927,485.18203,1.334,486.19032,NA,NA,NA,Full match,No results,No results,0,0,8127851.18248054,16009430.6980118,8677974.73732153,18088290.7912981,14424976.3038621,22957177.8313346,7201424.46181501,19192423.4467953,22271534.0765905,16841599.1282247,12962637.3035229,11399031.4907952,20085245.8009264,18399260.1941943,7524036.76953768,5253199.92647647,10140086.6839613,13367377.8095763,14998428.7655764,14661839.3376125,21715370.6236469,15717496.2809796,4302925.611502,8331921.41451346,23030851.5402374,25898291.6369235,10838509.7513091,9830964.83516304,13069325.4768921,12936087.0538274,4232071.95494364,11412804.2658062
FT_1.491_485.18187,MW_486.18915@RT_1.491,NA,C26 H30 O9,486.18915,485.18187,1.491,486.18898,NA,NA,NA,Full match,No results,No results,0,0,13274152.4637465,13188943.382216001,9892440.9683093,44631334.8166698,15154342.855703,41430386.3321644,5594552.15612141,17013994.8519136,11651905.9515016,19277605.7198019,15658012.0384357,8873539.48094694,16748628.5668267,22505699.306677,6091303.32553477,7524091.18358895,18123009.6027002,10549975.2587588,7218393.49895654,18731972.3394601,9192421.65308668,13823438.9807201,3791669.12367006,8414484.68200594,27751969.650759,28179448.596129,14037400.4827563,13959196.1721671,11292106.6820525,25981847.9819381,7170424.01498726,11686919.6716572
FT_1.170_485.18187,MW_486.18914@RT_1.170,NA,C30 H32 O2 P2,486.18914,485.18187,1.17,486.18775,NA,NA,NA,Full match,No results,No results,0,0,8322932.28281822,17879008.2564392,9855509.88938177,23095062.3500467,11906025.2064096,21003318.3242095,8233786.50693208,14442906.1326249,14541648.8463378,15658304.1603066,9587012.0887506,8643047.3336206,14117468.992244,11656435.9443519,7095507.70080238,8866408.06960295,14759707.9850959,14432660.7166395,7128053.59415608,12885058.7755754,10912111.5528823,13289887.6262488,6021439.26049815,8610924.71145713,22781469.5505272,19515165.2887402,11405454.803296,15411354.7169832,14031845.7054423,20767236.2818942,2413440.53278428,10294403.7021367
FT_10.760_485.15131,MW_486.15858@RT_10.760,NA,C19 H26 N4 O11,486.15858,485.15131,10.76,486.15981,NA,NA,NA,Full match,No results,No results,0,0,10559803.6999374,5984428.33994302,13082966.4155982,14715187.6875901,10125220.2721846,16935505.463685,10690128.1596238,12489291.1980237,38439384.5705585,37337039.6668603,56493335.0925174,24248504.516912,42971379.7062981,35059153.8922062,32628183.4212153,20766200.9121431,45133953.9183024,18628971.1599036,27424431.3276375,35805017.389086,15945671.1519165,41416305.773126,29184602.9849467,20794761.7277907,41017250.5891577,28602055.1061354,35962153.1515526,23468361.3425749,15377771.917906,19951134.018044,10471097.2316223,11205811.9079101
FT_1.206_485.14600,MW_486.15328@RT_1.206,NA,C17 H32 N2 O10 P2,486.15328,485.146,1.206,486.15322,NA,NA,NA,Full match,No results,No results,0,0,6350322.6502143,34169313.2454661,9378283.31269035,39093138.4332402,23245699.0820642,5770019.92815804,4788284.23859199,19150457.9301099,23431048.9159341,16317144.5070588,19671942.4749828,9547742.60414974,18618334.2795307,27703824.6416154,19015384.3813484,16545423.1739427,25327571.5821633,10648303.1297889,10428266.214404,8830155.02924614,14030021.5871871,7696950.01187983,4065624.58554842,5374998.71051523,37219489.075909,17842612.0737014,21731352.665942,17263226.9059231,23216704.4226478,11845414.6892704,2824620.34562098,20638397.7818654
FT_1.661_485.14584,MW_486.15312@RT_1.661,NA,NA,486.15312,485.14584,1.661,NA,NA,NA,NA,No results,No results,No results,0,0,2378470.86501425,9045270.92307816,2462602.91031262,9064708.90575015,3287118.31587372,9292018.66072464,1478822.47546869,8773134.10045297,5477044.5317034,6071816.71618918,3885893.62259884,3286395.34862133,5442173.36184348,5290656.34517075,1785393.75674559,2164820.47090025,5414694.11030071,5948848.25860041,4515950.35306105,3955683.46532048,6339282.22900635,4147266.07512045,1572070.26116029,2250317.94839564,7391008.23964259,4988149.72836108,3951101.44497866,4159979.71442067,6720268.83951232,7988949.43517645,1777604.14501123,2854671.81347897
FT_1.384_483.23888,MW_484.24616@RT_1.384,NA,C28 H36 O7,484.24616,483.23888,1.384,484.2461,NA,NA,NA,Full match,No results,No results,0,0,12256672.1233074,23205021.9167564,8207187.51664898,18388989.397285,20285195.7357658,3851010.89131464,6954273.79865489,13956412.4211939,24324321.4173851,13506525.5586224,13209427.3324075,10203449.5550562,23162997.9714186,2676475.12715217,7912180.10970519,8220333.82197235,4161349.62039834,22428855.0715543,10322228.5122326,9897074.79144272,14179141.5642768,13161485.946879,6863331.57488001,10806265.6180756,36054592.5744586,28205175.5226127,9623287.90353931,14056539.4346272,19332744.8326003,5876312.56708384,5758525.06297909,10199236.76476
FT_1.179_483.23882,MW_484.24610@RT_1.179,NA,C28 H36 O7,484.2461,483.23882,1.179,484.2461,NA,NA,NA,Full match,No results,No results,0,0,5753217.42906143,12117454.1650293,2735743.98001903,17704625.9930529,2641599.98274589,7339494.88429224,4025229.65381441,9204381.57942609,8821057.14798263,4883991.91569374,1778114.7525105,5993809.33550882,12567340.5142101,2288966.32816636,4784501.21033107,6271723.84659856,10741520.7764759,6935645.96592421,1333005.95710364,1993019.37789557,7605901.43866425,2880214.50220336,4224383.74847197,6930641.87174499,10185066.7537158,11004995.576042,4347870.44574074,4881641.29501055,5477825.88229314,12156563.9543265,4844134.63723713,1476412.22926216
FT_1.129_483.20261,MW_484.20988@RT_1.129,NA,C27 H32 O8,484.20988,483.20261,1.129,484.20972,NA,NA,NA,Full match,No results,No results,0,0,83964834.7742621,70276050.666525,51713813.1022144,213724458.486177,77122263.1263272,256299508.977889,28173591.3346114,114449978.188613,76391351.7651668,125501007.799141,81397393.3155572,79258653.5626294,129157278.804567,136095217.169538,34131135.5878519,64414544.324345,128783059.12851,69040626.1448541,28553210.8945586,154968193.298948,63597319.9316923,56547600.2829107,32046592.4792044,43557169.1893192,116824613.176557,130861725.283929,58253264.1317433,92800567.5568225,100351970.279862,204616402.645639,45130913.7842448,113317327.227105
FT_1.197_483.20258,MW_484.20987@RT_1.197,NA,C28 H28 N4 O4,484.20987,483.20258,1.197,484.21106,NA,NA,NA,Full match,No results,No results,0,0,92130039.5544553,62654570.4779277,78115155.5856284,345009312.659911,80203441.3099919,313168687.098734,34750091.5898266,120139434.61278,84872360.0107138,197550708.37166,196437341.175792,58295488.966639,137443615.821177,183907288.726965,40141434.2913803,52698731.9097021,169493401.432606,101320277.486605,49643052.8668245,199647133.6394,171169071.125439,145792435.199553,39639376.0850763,60622880.6869492,91454645.0458536,297215326.732716,109693417.579532,81581484.2847216,136767509.131031,194809768.583082,47849736.5009225,103618553.1907
FT_1.349_483.20246,MW_484.20974@RT_1.349,NA,C27 H32 O8,484.20974,483.20246,1.349,484.20972,NA,NA,NA,Full match,No results,No results,0,0,12206833.4831921,17703836.6037074,9341804.99397039,19955873.4979621,16534439.6545826,17123915.8401077,4909986.09484923,14184185.0424443,15540026.3912375,17988021.8083648,12014142.0400605,7715837.15500098,12125453.2854885,22198146.7877915,5777876.45197141,7119479.81900116,19397189.0213909,17943227.936478,4805206.87154721,13178500.9703316,14211359.6976221,18907588.0906778,6405377.3729703,5761791.53104415,23669336.2438553,15556445.0713684,6101626.26247882,10911561.4684828,16562209.6662066,20937032.9810573,3711772.56480884,7250585.32818176
FT_1.365_483.16688,MW_484.17405@RT_1.365,NA,C21 H25 N8 O4 P,484.17405,483.16688,1.365,484.17364,NA,NA,NA,Full match,No results,No results,0,0,12355723.2930926,20012395.3063915,8339227.43791598,30154782.6380499,24099846.2427818,30548199.8081646,6632033.39260873,19721133.73046,27189171.5191512,22067231.8433562,20867167.6223546,17838196.8537926,43401102.9582112,21478775.310077,7805281.12798676,10864676.7441972,21279979.5423913,17563288.5544113,11237189.7136727,23468898.5430964,13686434.7500765,15828816.9377395,8815692.95044653,10491583.4330833,22752615.2253618,22416171.4556008,12288938.4662495,12625034.6182884,26636788.9387366,32775851.7869045,6829778.15744797,10919806.1001427
FT_1.673_483.16567,MW_484.17323@RT_1.673,NA,C26 H28 O9,484.17323,483.16567,1.673,484.17333,NA,NA,NA,Full match,No results,No results,0,0,2319816.55575691,3348604.2050607,2230220.74587463,7959576.14567785,2940149.45503685,7421641.48975615,1660289.89362732,3626188.46915285,4882488.56917137,3360373.66091962,3426590.84970649,2422360.10406922,3526385.53439379,3492333.49522643,1823960.23068328,1916313.08733808,3460542.70941667,4111569.63710203,2236810.59309691,2859111.15771874,3029683.45457496,2629979.65834903,1091146.36968537,1719866.89380454,5235744.43560078,7195788.17463378,3114189.55064016,3031147.10546414,5019371.94029641,5642985.10185754,1821700.34026015,2293308.2622615
FT_1.273_483.13102,MW_484.13830@RT_1.273,NA,C17 H25 N8 O5 P S,484.1383,483.13102,1.273,484.14062,NA,NA,NA,Full match,No results,No results,0,0,11591184.7982239,14526441.2036267,3817163.08296698,26408664.030195,12332742.9462353,53540340.2376318,15967560.2087869,13105489.9632982,22088415.7052687,9166708.07539898,25813753.4316733,9930599.56077237,6494886.18549279,8491843.45479693,2653874.0090062,6606111.29966368,6223601.83845253,10481603.9466871,25403581.2788116,33067899.2353522,7456547.71990421,5273164.26838421,2824393.73666202,4080207.92554781,8182201.29275178,9123477.03405198,7477623.64979772,5791825.71338749,7897519.27442563,8817355.9983576,3144074.9495311,3060343.11280256
FT_1.668_483.13005,MW_484.13732@RT_1.668,NA,C26 H28 O5 S2,484.13732,483.13005,1.668,484.13782,NA,NA,NA,Full match,No results,No results,0,0,9533443.50236518,12835782.4561661,5119771.20964359,15510041.3119633,12108711.1098892,20172168.5996367,3067249.82271744,14227110.2744462,16682697.3942668,13741107.3962489,7613646.9864928,9274460.97655223,9608926.18103631,10005809.1894735,5994994.74566885,4985803.86749965,9529481.40807603,9364419.64286916,4740835.70197838,11247721.5844924,8966821.37085911,9230838.65076928,3514138.69978454,5216124.1808761,17802841.794977,9840480.42364979,6418985.7109772,6771509.65265908,10861065.1184036,15114952.0689653,3976599.61850298,8022666.33551129
FT_1.099_481.18695,MW_482.19422@RT_1.099,NA,C27 H30 O8,482.19422,481.18695,1.099,482.19407,NA,NA,NA,Full match,No results,No results,0,0,102740070.223078,94845455.3116079,56551419.9696862,228869126.496175,85673082.3582224,172895977.203722,32258705.3930684,154313917.668916,82601969.2575479,114874793.667691,98013926.4741147,78455920.710452,141716323.277463,118205577.321819,53644742.9486605,68297682.2783375,119370052.92876,70303625.6720647,33887714.8661487,142702115.569625,66856220.1140794,67327929.2092542,29666954.1878219,51982962.8822124,130513055.960837,136097447.557364,59738700.7498112,100495960.509646,86266549.4873443,208918254.315571,52946647.883916,88404341.8985727
FT_1.406_481.18639,MW_482.19367@RT_1.406,NA,C27 H30 O8,482.19367,481.18639,1.406,482.19407,NA,NA,NA,Full match,No results,No results,0,0,15386253.6483664,23924176.4534941,9405951.47404024,48319855.6860464,19171271.2769927,40437180.0371517,7209873.68975998,21600984.0377,24938381.6713662,33180441.4309937,11608350.5978801,18433706.5507622,24214976.7023986,22303325.2860122,9335386.63931576,13515883.8495639,23872733.5595467,26404825.7398004,10630650.8461334,17362581.5047735,26625273.6553676,18301081.4223662,7113099.29361043,8768407.27020305,43502051.6434194,24970778.7586276,13438284.4425187,21005528.8301162,26370927.5000315,39406193.5288641,5457485.36948335,14533582.2790093
FT_1.408_481.15076,MW_482.15804@RT_1.408,NA,C21 H23 N8 O4 P,482.15804,481.15076,1.408,482.15799,NA,NA,NA,Full match,No results,No results,0,0,26597312.5933523,43698558.0169759,21208927.235016,63019559.4880906,26374840.0435534,57352283.2737628,13252709.6159793,42979432.2020847,47881112.0505904,44684914.2829029,25053757.3366082,28836306.8294966,41375490.399925,37542106.2817049,20254784.1598536,22488747.0917773,39598746.9436995,40110719.5911346,21655966.6614017,29678830.1387293,29156398.2941265,30762072.5194564,14294468.2192215,19670098.7630239,60780692.2201244,43579034.727133,27667239.1505663,34741064.0083832,43106395.3260292,52027412.6978076,16717307.9971755,24763791.5175874
FT_1.137_481.15080,MW_482.15800@RT_1.137,NA,C26 H26 O9,482.158,481.1508,1.137,482.15768,NA,NA,NA,Full match,No results,No results,0,0,55943305.4752427,86946845.955219,46923820.0042476,101837908.789231,62989208.18355,111266470.977506,32448680.0036148,100604889.454069,100056381.877901,79328367.8454615,58461311.1773076,62021509.9573277,95076219.2079815,79743947.5150259,46288827.2259744,50086668.5010257,83304602.4433709,74935191.2521473,53770639.0176838,75838986.9217298,60157015.7070052,62882158.5139414,34259884.9507352,53914352.6588616,104789338.840416,86373804.3976896,55244312.9537798,86198247.4545146,79408986.6305417,97842554.7003659,41996877.8639249,65878539.4725282
FT_1.264_481.15056,MW_482.15784@RT_1.264,NA,C26 H26 O9,482.15784,481.15056,1.264,482.15768,NA,NA,NA,Full match,No results,No results,0,0,85116727.2023896,93999368.2617707,53469303.3703904,198875745.900885,87953656.3603461,163320586.912115,44233595.7481408,162810505.301398,127722960.773728,120759375.350703,92939823.2096659,96847104.7663238,111438223.362361,145778230.84965,64133256.3104945,52232440.8967155,108374737.641515,91544407.5326513,45415756.899504,123208728.08172,57836953.1920734,70871195.5360629,38237178.1277725,69696098.3443356,138228790.072417,104331775.763964,67942956.0666537,99368220.9763131,99869267.4008098,166280145.657982,41534888.7294178,104033247.830504
FT_1.339_481.11549,MW_482.12276@RT_1.339,NA,C20 H27 N4 O4 P S2,482.12276,481.11549,1.339,482.12113,NA,NA,NA,Full match,No results,No results,0,0,3583420.57843748,6934649.71149521,3347385.14323667,7656777.48893675,6041052.38904403,6919191.22721923,5297290.79018043,7041663.88638612,9602493.1242273,2838221.46249798,4038172.28025884,5426530.47047668,6564762.60613657,9443044.97868684,2976739.56922766,2973192.74523331,3805542.71925874,5773771.07665161,11466164.4046429,4622270.0515129,9598294.92051921,4969016.36739966,2141712.93520681,3241504.6088036,10040883.6114528,9603486.3608692,3546565.19439996,6649325.76376782,7247304.0499859,6064473.73117359,2021696.57794635,3561368.87585516
FT_1.183_481.11480,MW_482.12208@RT_1.183,NA,C17 H28 N2 O10 P2,482.12208,481.1148,1.183,482.12192,NA,NA,NA,Full match,No results,No results,0,0,15238026.8225147,17135703.0939332,9481806.36460822,29952419.366098,18714702.4928953,30295322.8215426,9689580.92913549,22042934.1248353,22716354.2830158,22431363.8335929,14202747.8741983,18683954.0461996,19456126.6586774,22037670.1760838,11982650.3313674,18305712.4157808,21746016.2717423,28685705.6648397,18418233.9718942,30266098.834489,19537828.6606871,26482912.2809152,11008362.5808708,12072723.6787346,30886307.6232716,31247033.1061362,15087307.2402516,17478021.4680241,38403052.0075126,25288919.7587773,11186347.0343099,15467898.146311
FT_1.407_481.11420,MW_482.12148@RT_1.407,NA,C25 H22 O10,482.12148,481.1142,1.407,482.1213,NA,NA,NA,Full match,No results,No results,0,0,2421940.57012828,1110325.00152081,383823.514156519,4828173.29691865,3013137.06972018,3791717.64931851,1197831.9358272,7868022.59338243,2088877.42387226,7095734.50122955,2122640.7727022,2169407.007363,3295425.96626644,1411869.38673148,2108218.32719792,641980.314704045,2090035.67800204,9939790.30680763,2347500.94105225,2685231.04895441,1785382.47753702,3858402.69335669,1351971.30671694,1517331.88819647,6251776.06006593,4215338.10903633,2441711.2863953,2049759.06464024,3406269.60854064,3929229.67913093,1190198.39178758,3546249.43197745
FT_1.250_479.20820,MW_480.21545@RT_1.250,NA,C22 H28 N10 O S,480.21545,479.2082,1.25,480.21683,NA,NA,NA,Full match,No results,No results,0,0,6518464.95601586,5633098.00723459,1967960.61827174,7588047.19161252,4130725.01511571,7273143.58711124,2310381.53964073,4407781.89621807,7302150.00157895,5235171.66409951,3172393.74960915,2524979.51980752,6423477.24495295,7464491.29264478,993239.741800136,2313069.36011921,7180240.41708053,2842084.50755517,1809297.09688038,5091799.14015084,3728605.6942278,4509775.82025982,1657741.77704238,3126017.62508327,5797524.06819744,12008662.9923377,3637828.40073901,4194179.68897852,5327392.8213644195,9901267.80855238,1989692.9438976,3983947.00093655
FT_1.094_479.20668,MW_480.21400@RT_1.094,NA,C28 H32 O7,480.214,479.20668,1.094,480.2148,NA,NA,NA,Full match,No results,No results,0,0,8284382.23714945,10498338.5892318,7542923.31706572,18114683.0624178,7187688.8383617,18112209.261245,3786528.01630747,8693147.0214852,8443967.59387999,14191165.2585041,11939440.4694314,12876070.816131,12748820.0742998,13295379.9748783,7520687.48044048,8188239.48686916,11637272.7195643,7015515.44014142,6481674.95240463,14429353.9885875,8373732.37677373,9444390.0158852,6182355.90348931,7475162.73488368,11978450.5829093,12008662.9923377,8290982.97789,8670869.50870756,11289762.9371637,17352429.3418503,6636840.26272171,9071622.75137906
FT_1.312_479.17134,MW_480.17861@RT_1.312,NA,C21 H39 O4 P3 S,480.17861,479.17134,1.312,480.17819,NA,NA,NA,Full match,No results,No results,0,0,30947681.1318934,35367156.1534325,19748195.4581156,85826324.0827439,36732338.2048261,78240873.8207169,11772845.3660545,57894346.7409291,38479848.2993576,46581110.533846,30692487.9433288,29127845.2767415,45580367.5075632,48675016.1523861,21727337.5685287,24847778.9896288,49703989.7899621,35025433.4555525,17266425.186067,40472625.1688564,23966461.0751412,25863636.9559586,10402008.7117381,21218927.9514932,57537808.3238341,41685953.0980093,26494702.8934495,32688414.6330873,36124359.3449232,65416070.7489486,16368107.2438503,31343532.3841825
FT_1.251_479.13546,MW_480.14272@RT_1.251,NA,C20 H20 N10 O3 S,480.14272,479.13546,1.251,480.14406,NA,NA,NA,Full match,No results,No results,0,0,16309804.4086986,11406827.8139344,9056555.35787667,24039667.6403079,14602846.5215366,17021331.9111858,6099537.49275295,20720937.3551228,31167335.2415992,14386372.977046,7281314.45849683,12363031.6946896,16906866.3425196,12064341.4506224,6595133.47311414,6727802.6249176,17769795.6397761,14206582.3963022,8064058.19197296,17449860.5556785,3276192.15234269,11074203.9299483,8699793.46698235,10366567.3284295,33580855.1654132,11102245.0882735,10337560.0487259,15508379.2159109,16094673.108599,12831044.2137192,7390962.34283679,8889702.53421581
FT_1.127_479.13510,MW_480.14242@RT_1.127,NA,C27 H28 O4 S2,480.14242,479.1351,1.127,480.1429,NA,NA,NA,Full match,No results,No results,0,0,56009982.5377247,74280552.781141,46923820.0042476,86228781.981362,62922135.0118477,111266470.977506,36133877.0114996,100635645.690205,90562220.2454287,79105020.8764132,60139243.7581323,62021509.9573277,94986627.9103278,79774404.808359,42360976.8279187,50086668.5010257,82628136.0619185,74925097.4521407,79256900.8259063,75838986.9217298,63975823.7513489,63338680.3238716,31492806.0461275,53816275.1979293,98339998.2412608,87443515.4778054,55491343.5621246,85134086.7242327,79408986.6305417,97800424.2772192,41996877.8639249,65312805.5332835
FT_1.373_477.15607,MW_478.16331@RT_1.373,NA,C19 H32 N2 O8 P2,478.16331,477.15607,1.373,478.16339,NA,NA,NA,Full match,No results,No results,0,0,5893487.82610324,6484785.90074871,3864217.87286588,12361785.4614399,6928064.47705696,11880286.0183394,2862735.93751439,9288645.78280147,9183224.91304632,10056760.3991587,6087603.85447972,6861937.28343423,7708889.62448236,9732533.71607553,4131973.19642486,4196108.41190241,9798454.60643206,7163501.09042354,2989409.77351935,8057870.36542523,5429957.2360897,5509982.70573966,2091733.99926916,3973474.95057999,9255609.26898956,7020247.03378325,3726820.53272669,6264823.22683358,7807654.96153253,9085758.43412011,3483196.72417771,6239703.35426685
FT_1.672_475.19772,MW_476.20500@RT_1.672,NA,C26 H36 O4 S2,476.205,475.19772,1.672,476.2055,NA,NA,NA,Full match,No results,No results,0,0,2753402.79752244,6989197.13487031,2760378.309343,8212128.88325231,4727340.98728206,9155938.49869542,1459073.51158191,5455650.83927416,7409153.00618139,4780775.32015858,3404692.0573311,2405591.14087691,4681185.78955609,3433497.98581195,2378264.61212594,2594034.14208448,5222819.85261208,4047886.84787598,2883010.06083122,2324683.17575593,4067024.94243172,2967649.80995168,1845630.75532039,2156044.06998825,9571055.82401026,8505470.08122678,3385709.34128142,3848161.59584303,4617688.1367382,8607152.05540183,1592439.46445352,2248342.79130392
FT_1.670_475.12502,MW_476.13230@RT_1.670,NA,C17 H35 O7 P3 S,476.1323,475.12502,1.67,476.13163,NA,NA,NA,Full match,No results,No results,0,0,4370919.61901601,13247232.8802709,3034029.17701335,19308189.5541215,8498661.75283393,11049488.9329858,2060646.17012521,13383140.0777924,15486486.2961918,4043144.15430141,6982882.97523526,7804589.78964363,10732074.4484438,3273895.20170707,2438277.05459882,4927544.55582199,8067693.70622782,12040109.187305,8504521.86339035,8877276.61498572,8908585.57934737,4119637.39764219,2987017.25674915,5025206.50626275,17716567.8772406,15340886.6292203,7126119.34242515,10456570.9905921,12316817.8967169,14751265.2120859,3492048.56703629,6098628.20166863
FT_1.003_473.94210,MW_474.94938@RT_1.003,NA,C15 H20 Cl2 N O2 P S4,474.94938,473.9421,1.003,474.94915,NA,NA,NA,Full match,No results,No results,0,0,713093.357422998,793550.833137885,2378570.98620059,177508.72951343,2280699.51912002,63214.722340562,376549.013636916,4797275.52473507,761962.13923598,56984.9133070752,44407.8338327843,4795806.9056854,49589.4517830227,59874.2400318339,37934.4400738338,4225332.02253966,6007583.01986191,125395.876295027,912995.941415744,9514565.21084277,190337.491900343,52414.9079888315,1288472.95493205,3165383.9733066,3490142.81453735,122578.386640392,3538071.20177815,1849231.60507564,8519562.4575607,67992.890032624,55173.3344320528,9593535.92818251
FT_1.389_473.29108,MW_474.29835@RT_1.389,NA,C28 H42 O6,474.29835,473.29108,1.389,474.29814,NA,NA,NA,Full match,No results,No results,0,0,14508352.9561957,25732742.8196246,11519228.5171222,38514699.6653379,21656007.5962634,36860885.6096838,6251836.58332937,18652365.2428106,30816782.6479125,17325280.5075711,14689916.7645044,11782718.8895029,23532914.3881765,16182217.4382747,8539143.37572515,10955824.6344003,30717075.461391,23906036.4322558,12919796.3163575,12166060.7951228,15670411.2220244,13183874.2939065,6091360.70244602,9901670.35782312,40734613.0229678,23203374.7441842,15116649.9432773,21409142.8437508,27976074.584831,47391270.8015163,8137082.82882202,12086490.5030595
FT_1.475_473.29104,MW_474.29832@RT_1.475,NA,C29 H46 O S2,474.29832,473.29104,1.475,474.29901,NA,NA,NA,Full match,No results,No results,0,0,1403639.38688354,2443467.07377239,1051643.98284499,4678658.46902297,1685563.10563769,4120358.94086926,372066.248196218,1779242.5387175,2512945.74633434,1637895.84686371,1062907.11668565,1280195.86392634,1964761.91325776,1303440.72651638,384600.690904245,996868.447713736,2905223.72459149,2046075.98841479,1140722.00343393,959478.063804963,1555322.62189405,1167802.01216597,380591.190419844,659952.553060734,4129086.84207047,2062902.01497281,1557358.8983247,2195008.24261028,3242303.42246957,5909411.20550813,665100.999093394,1528592.77741212
FT_1.116_473.28266,MW_474.28994@RT_1.116,NA,C28 H43 O4 P,474.28994,473.28266,1.116,474.2899,NA,NA,NA,Full match,No results,No results,0,0,240277090.055073,198315290.825628,288650976.943087,187517192.308177,220879795.384858,179190776.485835,304432094.248648,207464927.150633,217046004.850384,277144591.72735,300610116.930357,276496552.250336,255275009.681781,235529522.07923,306571657.066913,291321586.704433,272364268.486114,249947606.91904,294343162.995485,269128696.506774,272769549.387581,309329725.057124,406228351.643051,264471933.807594,222941164.270243,247338820.984606,336356403.36278,205341151.710804,245065075.724471,231513784.992562,195786895.907693,301826790.488721
FT_1.669_473.21806,MW_474.22535@RT_1.669,NA,C23 H34 N6 O S2,474.22535,473.21806,1.669,474.22355,NA,NA,NA,Full match,No results,No results,0,0,3280199.70052641,6538254.56597104,2996385.5890027,9864574.1443783,3715940.022088,9693646.79792853,2167483.54322781,4764916.85351351,6363198.88210753,4627620.06610365,3505322.40945156,3902841.86820212,5076221.78691756,3272810.28661175,2012270.13188317,3219404.7972579,6924709.21377288,5668665.11474775,2634519.95490501,3248281.19109063,5029478.73600888,3841116.74760797,1894272.40104395,1784465.7820337,11404993.0988662,6317693.14298718,4421540.89438539,4279304.11618962,6016532.5710028,10706762.3780176,1908647.69383269,2544647.81538243
FT_1.673_473.18140,MW_474.18882@RT_1.673,NA,C21 H36 N2 O4 P2 S,474.18882,473.1814,1.673,474.1871,NA,NA,NA,Full match,No results,No results,0,0,2753402.79752244,6708860.74923935,2760378.309343,7215330.86361401,4502492.3228743,4821072.26987815,1459073.51158191,4495144.38806394,5438436.11779103,4649742.33707395,3298067.56680132,2787090.23810162,3855894.73111608,3475005.45463385,2378264.61212594,2327550.50014816,3885712.88964883,4495612.78207822,2883010.06083122,2644284.2701567,4872582.28106903,3819704.06790389,1845630.75532039,2156044.06998825,8350348.05933144,7754710.21347899,4017376.74921488,3867999.01124426,5677966.86737018,8791150.27751283,1592439.46445352,2248342.79130392
FT_1.668_473.14544,MW_474.15272@RT_1.668,NA,C25 H30 O5 S2,474.15272,473.14544,1.668,474.15347,NA,NA,NA,Full match,No results,No results,0,0,7420962.49429188,14014801.2140265,6349966.45076344,16345578.779950101,8728154.49948101,17988946.2987117,4257205.11548537,12452506.4670963,11795188.9858263,13993923.1815843,7943705.85575731,6608361.06033551,11372526.7997215,11819383.1877015,4994134.28637295,5195744.76940035,9806520.69093577,9658017.78582314,4572784.30719161,8551804.20004852,7872936.33700559,11097300.447154,3873667.38635264,5440793.12146466,19481282.3917169,13178278.0092954,6297869.14052515,11141765.8174736,11581279.1316403,17827642.144399,4500966.61572926,7423282.39725725
FT_1.603_473.10916,MW_474.11644@RT_1.603,NA,C15 H28 N2 O11 P2,474.11644,473.10916,1.603,474.11683,NA,NA,NA,Full match,No results,No results,0,0,1696090.16873844,4199015.03093413,1659699.35223629,5005777.30942739,2779413.57287848,4226268.45821458,909974.545943122,5557171.39712905,8469595.8805023,2981373.13412442,2201376.60070151,2297085.04231454,3328121.05024487,2899572.83802822,1044775.54591258,1814423.8210278,3256944.60866194,3618708.36288351,3024661.03695157,2527870.51443444,3099490.91242233,2683244.05559291,1059705.2693425,1182710.91933386,8516465.20092166,3932467.37408861,2092060.76376807,2939745.75115381,3515054.06835895,4227597.00249008,1081077.86124166,2032082.53834607
FT_1.662_471.16685,MW_472.17426@RT_1.662,NA,C27 H20 N8 O,472.17426,471.16685,1.662,472.17601,NA,NA,NA,Full match,No results,No results,0,0,2596798.95538546,4707788.76119248,1685488.85814146,6281058.40839694,3069797.14803874,5913312.15385626,1359242.80037816,3446553.9802735,4858221.38030593,3586563.1260434,2321276.64523146,2051768.23750856,3321639.0994925,2577135.99306738,1520760.57454555,2703602.33948206,4549816.79378346,3820416.90154186,1980021.8580753,2505125.44054635,3275573.81973477,2393332.20608626,1881123.79445942,1525296.30923835,6361319.61158514,4328797.39864969,3108396.31373195,3263834.0501908,3616097.38508466,5183150.71084799,1082328.17847468,2040782.22461046
FT_1.667_471.13030,MW_472.13758@RT_1.667,NA,C27 H27 N2 P3,472.13758,471.1303,1.667,472.13871,NA,NA,NA,Full match,No results,No results,0,0,6330861.47619386,6703511.01898885,5389463.02043446,18724090.2423928,7771824.71674323,17616577.3444665,4257205.11548537,13555462.2615617,10628973.5982917,5700613.70328726,3078078.28643184,7801024.27123041,4831073.99564867,11708989.5018268,4959415.80163023,5261364.49868773,10751578.5407879,13253269.3154861,4391290.10454796,7766658.36562142,8239622.20322554,4412658.32679623,3873667.38635264,5516996.71638856,16431133.0367492,12972949.8695371,6315510.98538873,3466682.69094299,6086172.65683025,7742872.69911484,3810508.34153298,2756521.31514057
FT_1.478_471.13017,MW_472.13745@RT_1.478,NA,C18 H33 O8 P S2,472.13745,471.13017,1.478,472.13545,NA,NA,NA,Full match,No results,No results,0,0,5543209.60953351,8755527.76311356,7218133.77278982,15508434.6667774,9429191.78138158,45155454.5475102,5367810.03759575,12068297.9253591,9164784.38255429,8489455.3924676,4476399.20094969,6087644.57343694,9213351.33007956,11683010.9412717,3955084.05358478,4019659.86375722,10329023.9619316,10271156.2220539,4047903.42068307,5004050.69291581,6321505.28574563,8610648.11732323,5566394.09826703,4202342.77354256,11085532.3139428,12018700.5015712,4304904.20830385,9089266.90487219,13854521.876796,17230778.4694993,3828401.8081161,6378027.67652418
FT_1.150_469.26039,MW_470.26764@RT_1.150,NA,C28 H38 O6,470.26764,469.26039,1.15,470.26684,NA,NA,NA,Full match,No results,No results,0,0,5234762.47544464,7929776.88109117,5691410.80402858,7922552.61350962,5840666.10659922,8487283.65239712,3664210.62458511,4760351.0952267405,10500875.4799403,4972023.10198771,5256760.86092826,4562746.58315794,9333459.02009288,6968455.09642821,2691042.0533404,4947168.50421236,6819938.2103826,9211535.34077163,4289942.70852378,3340206.39182284,5608707.29299645,3758012.08940352,3793332.83939266,3973029.78487322,9796376.7237372,7375017.99442886,5849406.84668388,7557330.26663982,7725679.22535719,12688562.0543036,3600890.73535802,3922595.76644424
FT_1.344_469.25995,MW_470.26721@RT_1.344,NA,C28 H38 O6,470.26721,469.25995,1.344,470.26684,NA,NA,NA,Full match,No results,No results,0,0,7295891.73009502,16378109.8795285,5366136.01114751,14579503.5000567,14011018.4738131,15844855.3232574,2811255.38488853,12495915.2300284,12975164.4052534,7605869.66626141,8322120.79338194,6651327.99588574,11589692.4490575,9293474.0030191,7352217.21253015,6464854.05267833,17724956.416834,11020218.8648487,7394384.18451177,6415119.69530925,9931981.30020018,7596761.38473926,3576421.48333771,6613145.31732454,17418455.1975859,16981571.933054,4177666.68764323,7273492.005061,10783452.4676279,19435895.9196365,2736333.86651663,4290049.06504081
FT_1.328_469.18817,MW_470.19540@RT_1.328,NA,C27 H26 N4 O4,470.1954,469.18817,1.328,470.19541,NA,NA,NA,Full match,No results,No results,0,0,12471401.1127112,26171925.3856085,13790356.0226483,37782437.4976383,19337707.5583023,17536635.0693753,12283042.521424,23050246.5476432,26346157.6018436,15616006.1469254,10955470.4472671,13793887.1270698,25057799.4673566,25390352.5421633,10433383.5767381,7917221.9445141,4517708.45774133,23757387.3922849,11300203.4639084,15709166.6844846,20116713.0733865,18804365.4921116,5907584.62042803,9583187.06243504,21214093.3441867,26631972.6437139,10767077.3613284,16939275.5629703,23316944.5106878,21973894.051703,4765683.06743752,11361318.3623627
FT_1.106_469.18738,MW_470.19465@RT_1.106,NA,C27 H34 O3 S2,470.19465,469.18738,1.106,470.19494,NA,NA,NA,Full match,No results,No results,0,0,6207073.59702756,8166274.93705208,9699960.29216922,26386480.0120679,8196229.69808596,16359179.0580951,3478412.4033056,10292540.15952,10832179.2904261,13132051.2301639,7504892.26545089,8934331.82773638,12455583.7233771,10044292.2365303,5461987.55950351,6849604.49769957,9658523.33052707,11499336.2066772,6073027.2861361,9341949.94848952,8855754.3902641609,9151008.41055312,4400718.85596448,6273033.01891714,14075078.7690721,14071869.0016323,9667606.83633205,8540794.7286718,8520749.98502599,14884511.1661382,5108120.06110688,7837841.58252432
FT_1.208_469.18705,MW_470.19421@RT_1.208,"N-[3-(4-benzylpiperazino)propyl]-4-(2,5-dioxo-1-pyrrolidinyl)benzenesulfonamide",C24 H30 N4 O4 S,470.19421,469.18705,1.208,470.19878,NA,91.1,NA,No match,Invalid mass,No results,3,0,21125925.5432534,30750868.298786,16892007.3475444,26386480.0120679,32136690.7281004,33588648.6711296,22529741.9085783,50504954.7639349,45430434.4057501,35922805.7795528,23633783.1320304,19981299.9386646,41687898.6616372,41134236.4088804,18056719.9103546,18111455.5672916,23883337.2272611,36838802.5120876,51213941.5205722,34717785.0260979,27565533.137718,37274598.6470552,16195300.1956064,26613584.6320299,30953757.811551,39199138.7299423,15776718.656843,26592980.6961858,28437463.6223134,30157154.084648,14913720.3158402,24508387.0265004
FT_1.674_469.15143,MW_470.15879@RT_1.674,NA,C12 H27 N10 O6 P S,470.15879,469.15143,1.674,470.15734,NA,NA,NA,Full match,No results,No results,0,0,2099187.95427189,4006528.09881443,2034009.95927948,5770892.84102564,3316510.22381299,6654810.8467782,1324038.81329301,4260406.55787028,4663517.05186298,4189944.24385537,1766612.90467717,2485916.25022327,3253588.57446968,4676564.94828812,1752402.77930745,1944262.14121729,3313572.50525499,3413025.27639819,1965682.3020091,2759057.67974167,3549217.37815661,3789558.77528316,1101896.12263621,2023802.96806841,5432206.53466181,5358047.77437024,2810970.69911716,2333045.33045393,4083062.72268274,4569188.90481728,1170182.68108962,2371212.98473153
FT_1.403_469.15056,MW_470.15784@RT_1.403,NA,C22 H18 N10 O3,470.15784,469.15056,1.403,470.15633,NA,NA,NA,Full match,No results,No results,0,0,61578624.9636298,129823592.757002,54310469.0899948,129004919.527696,101555191.537128,114334442.86511,53934086.8707462,112767541.435993,163010404.962415,104826986.375043,66021159.5007695,71878605.7366686,129853149.021706,123142252.240883,56772141.8273453,50092895.3819762,94969868.8848947,135412516.089265,108420547.943953,82426936.396483,100249024.209017,100860506.541934,45147422.2666769,76995954.4853727,184845725.133675,158632953.483184,61407071.8942984,86497604.4198173,117806744.399763,101538593.477259,41049469.750198,74055311.1115189
FT_1.661_469.11485,MW_470.12212@RT_1.661,NA,C25 H26 O5 S2,470.12212,469.11485,1.661,470.12217,NA,NA,NA,Full match,No results,No results,0,0,3740252.15808102,5661424.97241909,1927786.24408124,5988888.68233204,4146341.10358466,6142121.40039153,1340253.41085385,5911686.13248904,5350522.22571056,5462519.62553,3419606.74411488,2837524.25360988,3732487.47607059,5655410.43504835,1988896.2761534,2529248.28541983,2462562.3531558,3933738.02515474,2422267.67211078,3178091.08037935,2874797.43030054,3418064.77976619,1399950.86937536,2109788.06893611,7609816.14928844,6157482.29587871,2586280.30413028,3579179.18796416,5297550.25832339,4197203.42888253,1789949.77410528,3673428.76034719
FT_1.223_467.28041,MW_468.28769@RT_1.223,NA,C29 H40 O5,468.28769,467.28041,1.223,468.28757,NA,NA,NA,Full match,No results,No results,0,0,6991560.70118945,9109820.98662581,4671963.46868423,15298199.9245148,5152073.39811421,14766113.54495,2211023.91976982,6015656.56321999,7554324.38877213,6051806.78569792,5150111.79736587,4818634.38098547,8259898.13029342,5807794.95061445,2804903.94783262,4664287.23046716,14716956.9830836,7887721.26248107,2508914.52281524,3379262.61681827,5403589.7813103,3626053.79134622,1465847.54138513,3075482.66791935,13666032.5524039,6968274.00073775,6222682.96132981,8360487.50639893,9176345.32576458,17286421.3407582,4042645.67439463,3604825.23148835
FT_1.147_467.24337,MW_468.25071@RT_1.147,NA,C22 H37 N4 O5 P,468.25071,467.24337,1.147,468.25016,NA,NA,NA,Full match,No results,No results,0,0,5234762.47544464,7929776.88109117,5476992.87909644,7897799.71717599,5068868.80923028,10309957.6961479,3664210.62458511,4760351.0952267405,14417922.8231515,3078998.95003199,5256760.86092826,4562746.58315794,9333459.02009288,6968455.09642821,2691042.0533404,4947168.50421236,8269223.59521636,5488820.28814395,4289942.70852378,3340206.39182284,5626936.96269672,3758012.08940352,3793332.83939266,3973029.78487322,8279372.26652035,9665616.02458998,5849406.84668388,7557330.26663982,5282795.25424288,12688562.0543036,3600890.73535802,3922595.76644424
FT_1.675_467.22887,MW_468.23614@RT_1.675,NA,C18 H37 N4 O8 P,468.23614,467.22887,1.675,468.2349,NA,NA,NA,Full match,No results,No results,0,0,3160285.74090044,4881948.76966474,1912955.04608342,8985077.08392238,3460257.47264348,8551332.0494007,918659.789333205,5149717.52129759,5060267.80679878,5410663.53833207,3101467.52153493,3836392.67568709,4597996.53142582,4080948.45892826,1323506.504819,2991574.75486834,5780944.19064802,5775886.9078823,2103408.13728855,3826053.77240618,2908677.71003376,3025575.17710925,1203812.48916414,1760562.41296995,10722594.6458146,4656602.66800992,5006515.40887509,9782459.76465757,6134815.88635779,9908777.35204813,1506540.4465289,2943773.71454412
FT_1.123_467.20881,MW_468.21608@RT_1.123,NA,C21 H28 N10 O S,468.21608,467.20881,1.123,468.21683,NA,NA,NA,Full match,No results,No results,0,0,4428203.77325631,2961746.01535178,3001384.91001225,13411911.7273558,8806779.23703905,5142246.116686,1707017.13297756,10091516.2675599,10817445.260699,5341477.3822194,3045456.41492877,4151336.96144109,5212906.83736139,5164293.37376711,2074352.83038092,5742746.54225107,5018284.37566125,3706440.6629174,3122943.87696897,3052469.70581285,9326860.92914967,2599891.19152686,1580652.24735933,3663274.15196528,9182154.8508645,13317009.5957516,5548409.35190215,2716830.74547273,4128340.70496055,5433203.52449678,1366793.61408336,2831105.78011298
FT_1.285_467.20745,MW_468.21474@RT_1.285,NA,C27 H32 O7,468.21474,467.20745,1.285,468.2148,NA,NA,NA,Full match,No results,No results,0,0,8015737.93952538,9083876.85766518,5096979.26167504,22531622.0555634,10385596.4729477,17488669.8021064,4441162.76387964,11326911.1241424,11266302.5687212,15353569.105162,9357061.03080161,6840138.49554066,12298985.5766915,19214491.1176438,5175968.08851573,6735052.78530928,5985265.6320906,12401338.5217018,3712185.00698587,7361690.99746956,8373601.48019248,9840300.03617543,4708509.23781387,5295325.31233217,12849117.6398803,9481063.23351224,7428770.15571315,9828170.57628193,11064224.5219908,17930860.5903886,4629789.45697525,7583162.07224862
FT_1.190_467.20730,MW_468.21460@RT_1.190,NA,C27 H32 O7,468.2146,467.2073,1.19,468.2148,NA,NA,NA,Full match,No results,No results,0,0,3947351.65978152,12318706.2198104,3094377.36221075,10677702.2207378,5255215.15884112,17703711.3946921,5605070.31576906,5622624.54152527,10773387.2824529,14445325.5625073,7635690.89493291,5568781.5864848,8077823.04223144,18936888.5299392,4614140.60507752,3588177.38663826,8128048.53689771,8466049.90429194,5474307.39698654,9683675.12296619,8073373.36278993,11294216.6448475,3077561.10764936,6221682.87852474,8510258.72208402,13584107.2881159,5560779.140497,5705104.11124622,13337666.327145,10366081.8560202,3170072.60324297,5032271.31318588
FT_1.098_467.17215,MW_468.17942@RT_1.098,NA,C28 H20 N8,468.17942,467.17215,1.098,468.18109,NA,NA,NA,Full match,No results,No results,0,0,9943321.87739654,11306194.8721571,6240739.46920481,20507699.0575003,8116589.87734542,12866878.8307183,8430712.311025,13791432.2565232,13742461.7141859,10503227.3223247,8999210.5653802,8287755.44294213,11209035.0984517,10178208.5591922,7477847.77212981,10074180.1558098,8343052.09616597,10129688.7150358,18182277.742092,9451200.25352149,9763539.88685877,9770169.70318486,6098703.26782281,6402350.89536731,13683982.8275351,14357278.8118512,10969261.265174,7178746.30391746,14271105.9264813,77797075.3169679,5108120.06110688,7614671.75611235
FT_1.160_467.17136,MW_468.17858@RT_1.160,NA,C27 H24 N4 O4,468.17858,467.17136,1.16,468.17976,NA,NA,NA,Full match,No results,No results,0,0,31233876.4881499,38533736.4999255,36990627.6011696,20507699.0575003,46992647.3677311,84520779.0063481,15463375.6208108,60956475.3710823,41041268.4145469,49326096.3798735,33634783.2076896,33136514.3658311,48092250.7097861,64294779.1149047,20565476.7084339,23498119.5744754,46980495.0584799,40942110.3008691,16323414.4134242,62739118.5533577,32162744.1388411,43322515.1745874,27068153.3553091,23229228.992489,71163098.8928291,54641616.3504445,31954217.8362412,39123306.6478637,48416420.321598,77797075.3169679,29185582.0942292,34800222.7049922
FT_1.321_467.17130,MW_468.17857@RT_1.321,NA,C26 H28 O8,468.17857,467.1713,1.321,468.17842,NA,NA,NA,Full match,No results,No results,0,0,51893624.4588884,80675882.965742,36985080.7489764,120084939.905522,74214400.2838192,104456496.088399,26881816.4988019,83586583.8334823,78769757.0235819,80996995.2890549,47533491.2661628,44544124.5275758,77803105.61412,79036921.5302871,32979572.3145736,31121902.8366119,66406965.9396456,65395738.7597397,54340914.1943108,55510280.2552831,44555331.7848699,54912736.3638369,21022986.8235416,38937660.5471382,71187230.1379227,75173167.1694838,34440095.7129621,50041953.412246,68436543.7061858,85967090.9780065,31728339.8550043,48164959.5221033
FT_1.407_467.17123,MW_468.17854@RT_1.407,NA,C27 H32 O3 S2,468.17854,467.17123,1.407,468.17929,NA,NA,NA,Full match,No results,No results,0,0,5639221.9345822,6527777.85179799,4235814.62404862,12068997.1035706,5068619.14864726,12941122.6307877,3326846.62853606,8416139.05987338,13337614.165499,10946373.6698351,5493545.74183786,5308552.84507655,8037726.1168461,8516976.95835274,2373375.39295665,5519500.38116777,12176118.7699424,11024983.7370199,5351746.78238672,4713379.28480819,7384530.13576178,6718711.20078711,3512258.3472341,6402350.89536731,12864700.6238001,10481147.9488295,8210246.30595028,7498698.62732861,9401084.79703563,12473847.2233762,3195719.89664562,5488919.23030695
FT_1.261_467.17135,MW_468.17845@RT_1.261,NA,C26 H28 O8,468.17845,467.17135,1.261,468.17842,NA,NA,NA,Full match,No results,No results,0,0,5904636.63904958,11328757.7600987,5375616.06692132,17712336.9895447,9297930.25273415,18805863.678283,5898563.08717692,13261055.7142553,16533877.4984685,17042705.2467205,9149127.28940303,7399494.14546314,11672516.3908945,17566222.7307532,7807992.18753631,5733184.74214915,9202985.95623672,11737256.8512257,12540098.8562518,12825151.2884312,7584622.61823497,13986196.5003242,4584924.73947204,6402350.89536731,14912980.9916803,17946147.3082722,7633286.99105573,9228730.51951749,13807604.4976894,15985012.1376193,5239145.0588664,9021868.2394689
FT_1.390_513.14094,MW_468.14272@RT_1.390,NA,C17 H30 N2 O9 P2,468.14272,513.14094,1.39,468.14265,NA,NA,NA,Full match,No results,No results,0,0,9379557.24398142,5956643.03828698,2860945.99373128,8403286.12725068,5923340.46808952,9812518.5388167,2313338.05178966,6468533.71317765,8752333.7117246,16058195.9045435,6654042.57407145,6389506.18349533,6562087.70771458,6334355.20303169,10153120.1163032,4235348.43594244,6178361.35739456,7358766.42788615,12337567.5629141,13743436.8433919,8804200.42140799,4611257.5864544,2733308.28333197,3154728.84552879,9751489.05878076,22754370.1583479,5786895.38596648,6903759.36355255,6584007.69319917,21024637.5446877,3617124.82483833,4285190.45817053
FT_1.646_513.14088,MW_468.14260@RT_1.646,NA,C14 H30 N8 O2 P2 S2,468.1426,513.14088,1.646,468.14084,NA,NA,NA,Full match,No results,No results,0,0,5955671.45402786,3741677.02662976,4377976.44480118,12844481.0066275,9343491.64779491,12385434.9999687,3912365.9596972,11790588.8125257,21017859.7671745,10409600.2247886,6236550.96726615,6673660.66376988,13174596.8270976,8668288.71011138,5733367.73392268,4543174.59015007,8940341.56759072,5043790.57213843,7238236.09394334,7539260.51988266,8293093.02957693,12847030.0246009,3143785.66934801,5346390.2522541,12824605.6439476,16585873.9378278,7685922.63475241,11841734.1368581,9567097.05972544,13498310.1959763,3453243.48919176,6099231.18930226
FT_1.179_467.09887,MW_468.10615@RT_1.179,NA,C17 H30 N2 O5 P2 S2,468.10615,467.09887,1.179,468.10714,NA,NA,NA,Full match,No results,No results,0,0,11529316.816941,19691729.0955683,8862752.34153982,23581147.1340444,14991745.5492045,19197999.4873823,6128829.67823163,21716406.3717221,23413492.1217989,15599398.3161961,11198512.1999805,13976481.821046,29368931.1648079,15681299.7856656,9313551.03722048,7799446.10118804,14288017.1047988,23177768.6294823,9187950.13621725,13670601.1124583,16381335.5796605,19434649.3180038,5868300.55580013,8895921.40914209,23646233.600712,19158699.2821063,8735255.99256271,11834595.0654104,15071350.7165198,18076564.5962872,7027820.88300193,14268668.4326813
FT_1.357_465.19223,MW_466.19937@RT_1.357,NA,C18 H35 N4 O6 P S,466.19937,465.19223,1.357,466.20149,NA,NA,NA,Full match,No results,No results,0,0,6772450.63649176,10358504.5903526,4159527.38688313,25071631.041082,6926469.61852809,13328990.5640484,3079466.76010108,8835090.26103739,8677686.1290566,9326847.74794181,6485804.6428882,5568295.45570279,8983578.80118129,8092739.80089461,3479256.00610574,5023671.43111465,9789630.77275613,8140645.48916637,3261910.79593724,7894019.82022431,5841508.83572293,6080285.38434934,2516641.73274903,4378774.54903972,11832324.6870071,9561035.40617584,5180891.59309136,7673006.7984151,10711006.1970969,14059428.7759859,3032981.26299191,6746771.96572638
FT_1.046_465.15560,MW_466.16288@RT_1.046,"N-{[(2R,3S,4R,5S)-3,4-Dihydroxy-5-{2-oxo-2-[4-(2-pyridinyl)-1-piperazinyl]ethyl}tetrahydro-2-furanyl]methyl}-2-furamide",C21 H26 N4 O6,466.16288,465.1556,1.046,430.18523,NA,81.1,NA,No match,Invalid mass,No results,2,0,5730224.4435183,7988744.09743961,3248931.7356903,19025910.4061575,5405160.76587526,17296357.1135206,1984723.46654997,13516791.5407358,8661600.00109601,8753371.71108757,5682963.93674356,5703961.56980973,8529104.78295167,10023093.2235038,2785759.9153063,3333937.3207991,9129668.48531775,8736849.82420696,2259312.19462092,9786157.65888849,4335576.60989834,6417742.78576893,1998167.21291572,3579338.68641682,11172036.4335772,9713625.38503206,4905827.69454054,62657741.8158777,6889389.10636596,16909950.9316614,2508686.96256568,5891845.11112984
FT_1.139_465.11984,MW_466.12676@RT_1.139,NA,C21 H28 N2 O4 P2 S,466.12676,465.11984,1.139,466.1245,NA,NA,NA,Full match,No results,No results,0,0,13434058.1082959,23886706.7156067,12135351.5855581,27255901.3357145,24773797.9662646,22781985.114108,14586654.221322,23204307.6490409,49751462.8215618,16890126.4921474,21864640.5911245,23008654.5053504,14994919.22036,17643663.6220332,18271269.4135175,15323445.9183947,18060904.6486379,17479752.5562231,21440806.2514014,22158451.9513735,23123945.5274769,20583352.2491052,13528720.2027555,13034855.9785725,32063044.3050483,24618729.6238856,2811265.58094942,25407358.9729822,19366757.6643515,18625388.2574157,10865194.8215578,15773097.9428162
FT_1.295_465.11930,MW_466.12662@RT_1.295,NA,C26 H26 O4 S2,466.12662,465.1193,1.295,466.12725,NA,NA,NA,Full match,No results,No results,0,0,8820184.5225503,13209532.8305508,5596798.12200565,14297242.8857851,9049894.93887111,10464626.9332628,3790780.7732589,17321821.3894888,16502299.652984,10626913.7712611,15524093.4801492,8645139.44019475,11690809.8668627,12031894.8487583,8486393.64930187,4696711.09262805,11215683.7610028,11903777.5060701,5731719.92671065,14932256.126011,10170972.0799791,8644107.96242617,5835654.45792432,6471052.84875214,13815117.0651936,13235013.1306228,7494980.33887922,9357503.86104426,14632542.2596219,7640542.48282758,6008724.20956058,9149542.82780075
FT_1.203_465.11912,MW_466.12656@RT_1.203,NA,C25 H22 O9,466.12656,465.11912,1.203,466.12638,NA,NA,NA,Full match,No results,No results,0,0,4792372.67587308,8039184.30969867,5015538.90951115,7514769.01072955,5805125.67705516,82904525.2871075,4082359.73176512,9386324.33158761,8191316.49469274,5585514.32544398,21864640.5911245,5834249.01242489,6363974.84691404,7262697.78008205,3542560.98583499,4367530.55692771,5429998.47674085,7844360.97372889,5498569.3608736,5759312.91284226,6389079.0977231,7684135.26093764,2371258.30388482,5097737.65387782,7016765.33490943,8748990.39654296,5369722.00871916,6373555.4162927,7156990.15237809,5249223.47321294,3321552.01475558,4694938.93159414
FT_7.682_464.80511,MW_465.81239@RT_7.682,NA,C5 H4 Cl O15 P S3,465.81239,464.80511,7.682,465.81385,NA,NA,NA,Full match,No results,No results,0,0,1168857.84823452,7335418.77734693,4590468.41782288,13319969.2012762,5145755.59890731,10493488.6908527,1070882.89097685,3890239.60021901,3580518.72934536,8437242.64451674,5189029.33645624,4749112.87767178,3729945.77483533,4553766.96029622,3735607.93042689,257549.209575267,4059750.98178859,3642886.42503494,2182920.17059431,342676.887636386,309231.877772494,2087586.40818233,1512140.65237193,483533.227252292,8363344.94875571,4578654.19957737,4489850.51430311,391283.493363455,7465961.87191058,12339441.4241174,554358.195307243,1909558.5220784
FT_1.674_463.19756,MW_464.20484@RT_1.674,NA,C17 H32 N6 O7 S,464.20484,463.19756,1.674,464.20532,NA,NA,NA,Full match,No results,No results,0,0,3849370.2824317,8178621.67620245,2887935.27941456,10312391.5602305,5624819.40384408,12133002.836733,3723091.57082323,6045621.30482116,6195251.025248,10279384.0924368,3652245.54110832,5778809.90027235,7036066.15717961,6027793.96549993,2621502.84033665,4314227.7679071,6480329.20529782,8079266.8704567,3452197.26860559,4602406.40868623,6845596.8899307,5434384.05567618,2231083.87733097,2478272.1171327,12485644.4998077,8889357.3143155,5155195.88521351,9579774.64483113,7945590.05645791,12034864.7814605,1929235.14293292,3093644.80362428
FT_1.127_463.14008,MW_464.14745@RT_1.127,"2-(1-naphthylmethylidene)-1,2,3,4-tetrahydronaphthalen-1-one 1-(2,4-dinitrophenyl)hydrazone",C27 H20 N4 O4,464.14745,463.14008,1.127,464.14846,NA,78.1,NA,Not the top hit,Full match,No results,1,0,105232327.499123,110568586.319726,74077294.0147679,134862204.124407,103593222.017042,144470365.336922,60582277.3761599,160224235.425868,132197889.960487,118652813.345782,93338259.7512782,111379115.541656,135212691.685701,135552729.393498,78733706.0020235,76210714.6460798,127901761.304953,106008893.294802,91192404.6856843,131244758.592684,96957344.0639273,109439498.675673,53733821.0164713,93163129.8851177,145395031.926154,131311084.538267,90187172.8567048,124991497.966832,121298195.546622,156964969.276344,70598546.0608362,113910855.618083
FT_15.112_462.10202,MW_463.10930@RT_15.112,NA,C14 H26 N O14 P,463.1093,462.10202,15.112,463.10909,NA,NA,NA,Full match,No results,No results,0,0,21017830.5310894,32680652.1921583,32347440.7318613,34451564.4859339,40578698.8052963,20134588.6594533,42691719.2963044,20067054.2923938,4356550.39610838,7339306.48662923,3535238.42229154,4377178.71606956,4157771.49688124,4908923.0778087,3122886.83239578,3673478.41053171,4024661.59596593,2349276.76167135,3643031.39692833,5108733.76854062,6598355.32883702,5350603.50821797,4573053.39738811,3718463.28632808,8360145.21399348,5084215.53077042,8224238.5353640905,5916156.30604281,41125357.3745928,38254838.5035379,9078769.73508307,29568646.9046485
FT_12.933_462.09245,MW_463.09972@RT_12.933,NA,C15 H21 N5 O10 S,463.09972,462.09245,12.933,463.10091,NA,NA,NA,Full match,No results,No results,0,0,103466007.101962,287094759.765067,478514527.157344,843463919.345893,236573957.374361,420908124.106547,413754471.434511,374483851.569135,204529386.665167,345503255.50788,330534471.264185,220429980.940896,290222029.446069,293388679.265483,210048209.636832,159629830.121922,275971105.332465,87393877.5982723,237311344.851265,275071361.658099,89524171.2825102,293694252.077699,193141195.101849,212484786.860632,519197440.866239,350011977.032695,257123677.115908,144855314.950722,480637737.839343,696585037.239896,80789514.5123967,363736110.287284
FT_1.669_461.21802,MW_462.22530@RT_1.669,NA,C17 H40 N2 O8 P2,462.2253,461.21802,1.669,462.22599,NA,NA,NA,Full match,No results,No results,0,0,3435439.28490151,8185905.16861806,2908503.76342289,11010627.9574392,6690180.3321406,12576179.428445,2011474.89883121,6320728.29361625,11030552.0950558,6047863.28552533,4531188.39195249,4005849.45207558,6467904.13131258,5123662.75988487,2916537.75666125,3881341.24792164,7485011.41431054,8982901.86972548,4847894.59483008,3689995.08223885,6685259.65074045,5900709.84245476,2660128.22226564,2425346.29509856,41315810.4168739,8732162.62968721,5154741.27249349,5247638.60634309,8773114.58838913,14234151.3184435,2266242.78462468,3438622.00362855
FT_1.672_461.18210,MW_462.18938@RT_1.672,NA,C16 H36 N2 O9 P2,462.18938000000003,461.1821,1.672,462.1896,NA,NA,NA,Full match,No results,No results,0,0,3409149.1058108,7493657.35500318,4100704.56331022,15011486.7614338,5097182.2159502,10686569.3355605,2344983.98804844,5441921.08648631,7875340.28102504,19717800.4137125,3869816.20279359,5401705.86187724,6534746.61448088,5345926.33956349,2621502.84033665,3544588.61176172,7053060.69678911,6483789.21850235,3086272.37910724,4525213.98247046,5563986.85265762,4778415.21438913,2366327.1925245,2478272.1171327,13222879.9608278,7922527.9567081,5031109.36596333,7090246.58968137,7839273.8273839,10862942.6644249,1965920.6505824,3173452.67915079
FT_1.656_461.14579,MW_462.15307@RT_1.656,NA,C28 H30 S3,462.15307,461.14579,1.656,462.15096,NA,NA,NA,Full match,No results,No results,0,0,3643667.89381068,8100117.29973139,3116873.36256425,12457856.167769,4456656.53801474,11757252.4507628,1988374.7957364,7042626.96190323,9298177.36264143,5898170.66790192,4196383.2016522,4423223.75598152,7258921.23577295,6827696.92477222,2795571.94912407,3743095.27766707,6168170.84636941,6172299.85317695,2404325.87070406,5692200.17720174,4613239.63419638,4947742.43875831,1672852.6176987,2809185.77598673,9764147.10049092,8339133.7963479,4888970.51966883,5504747.17830957,8363728.30106527,11533288.8410821,2280942.31837134,3992125.37024822
FT_1.670_459.20242,MW_460.20969@RT_1.670,NA,C19 H33 N4 O7 P,460.20969,459.20242,1.67,460.20869,NA,NA,NA,Full match,No results,No results,0,0,3216872.18178537,8164812.98773661,2908503.76342289,47518636.9905151,30999204.2671774,13080534.4104647,2011474.89883121,6070000.86448915,13099435.3565198,7044537.11210967,4985404.13388382,4322789.60095739,5846786.35053205,6492903.2088123,3206526.06403241,3398711.05851441,6727897.1971797,6618707.72546031,4361810.99556748,4005282.69584892,5843713.19784368,5478004.99568958,2660128.22226564,2425346.29509856,13819097.6383682,7689880.22005125,5154741.27249349,6087989.11549057,7077729.88492781,9987034.10816705,2266242.78462468,3527639.33851836
FT_1.098_505.15079,MW_460.15286@RT_1.098,NA,C21 H20 N10 O S,460.15286,505.15079,1.098,460.15423,NA,NA,NA,Full match,No results,No results,0,0,16557427.4163767,13993941.5925733,17089776.5798642,13701821.151501,18956306.4150026,8563059.25817636,6126898.31600783,27377870.2459145,9599440.3154181,8310427.93145267,4797573.67287618,16546962.7655971,10367072.8216795,4524693.01209876,3632903.22179765,15907377.2124109,10948554.0364794,11227131.0017397,8525611.05987827,20955138.5154362,8376583.05730551,4628475.36978303,10251845.2291707,14086888.575551,5269675.5617269,15298760.1592512,19975009.7711666,11533410.6228599,4426713.20591922,11000142.60546,11369022.7893502,18999624.9551727
FT_1.463_459.12991,MW_460.13719@RT_1.463,NP-010746,C22 H22 O8,460.13719,459.12991,1.463,414.13147,NA,82.6,NA,No match,Invalid mass,No results,2,0,64791625.1308962,76408109.114557,40012392.4526739,122756258.282852,62907086.3694045,109678452.599373,33361816.0600998,91560816.3468889,99220752.0237752,110874295.14899,49730839.3027778,50689329.4930763,83806855.8506128,111564427.553786,37654794.2596568,34189149.22777,74438883.9844129,88583123.7533067,26472099.3101111,67770962.3491826,58532160.4262643,103165687.339603,37937708.5367691,46117143.8845087,108104851.645566,72113327.6515164,38882474.1652044,56361354.0406059,63675227.1144935,116944539.916974,32005812.8305593,59655469.9230919
FT_12.203_459.04506,MW_460.05234@RT_12.203,NA,C27 H12 N2 O4 S,460.05234,459.04506,12.203,460.05178,NA,NA,NA,Full match,No results,No results,0,0,32027859.1341955,30608791.192818,42483749.6030224,47645003.6837153,45323650.1363663,44578907.4183264,48691061.9641768,40208647.6889981,28308018.227039,27730464.4847609,29948388.0558991,30695006.0766879,27175500.414472,27261583.966169,24092974.4048093,25227807.911905,27199334.3546623,24715402.1652709,26393772.1313151,27278250.349493,24431402.2694172,35491830.0835913,27460630.5417028,22524718.1935785,36694734.7843405,28140200.6149034,27276412.1194208,24981911.373918,42747964.1602907,61461616.1988759,22534158.5940078,37447244.8756506
FT_11.151_459.04495,MW_460.05222@RT_11.151,NA,C28 H8 N6 S,460.05222,459.04495,11.151,460.05311,NA,NA,NA,Full match,No results,No results,0,0,943142.935521834,2945391.31147757,5053402.19630001,509706.820857394,6625933.84774423,484549.715440443,4878784.05059076,453379.734410252,563557.030838635,438030.59028142,1100447.48070455,305351.538045918,1706300.01544646,1794709.58671443,79653.4649220306,980976.555578064,396107.460268673,555079.793660155,737670.526428728,818326.432204518,2162581.0467450498,27212916.5297621,11338964.1166198,692229.44877449,1089299.45556503,1060475.9027767,969434.938679868,3675310.78063591,3589324.60548194,2382018.14028109,3049542.81887171,1677651.00882331
FT_1.668_457.18774,MW_458.19491@RT_1.668,NA,C27 H22 N8,458.19491,457.18774,1.668,458.19674,NA,NA,NA,Full match,No results,No results,0,0,3358386.08209677,7145908.49059069,2321458.52954693,11236807.8006356,4923969.10364093,11428722.1690529,2089687.07429191,5546245.09759473,8997626.67536421,5224979.02572801,3283493.89803451,3352502.31330244,7190968.05342608,6152511.80292843,2895119.84013494,2434787.31521576,7072849.41697305,5506976.77857253,3719970.44161432,3345234.23287469,4741661.00301326,6049102.25455456,1858721.74644536,1777126.35672387,19953326.5313838,6836970.59932223,4016896.74524962,5597327.32161355,6355390.25750625,8502079.05546228,2073431.57186814,3014706.56818013
FT_1.665_457.15131,MW_458.15861@RT_1.665,NA,C18 H22 N10 O3 S,458.15861,457.15131,1.665,458.15971,NA,NA,NA,Full match,No results,No results,0,0,3536849.72738558,14837220.9610808,2965589.62582695,15278080.0898912,11281701.6329803,14681273.5600743,2615284.09260779,6017925.93075497,7359019.33089215,10922116.8074099,5350451.69453223,3457185.547784,6430937.3137873,10793470.1554019,3263844.54200392,4150962.74788161,8699420.07027966,6653513.75184306,5640749.2366766,7678330.77901191,4922163.0640723,5868638.97226245,2030086.5104414,2767507.26231321,14622155.343705,10870273.8267833,5140921.45835612,7300053.59466667,2696536.60045008,23018654.1556775,1724697.10983833,5479011.13362159
FT_1.150_457.15088,MW_458.15816@RT_1.150,NA,C17 H26 N6 O7 S,458.15816,457.15088,1.15,458.15837,NA,NA,NA,Full match,No results,No results,0,0,10481601.8346454,28232330.8687616,17091926.1011223,33598280.720888,14455354.262315,40970503.4806914,4079500.53624655,27270603.768652,18319094.2199525,26408684.8678453,16056412.5450355,18096395.3527424,17583012.8104984,15104384.5741009,7365581.38960746,32497746.1193653,23370558.6478946,14576873.5108584,4069613.87535721,21119538.4150324,21728436.3987164,19499758.1403403,3472509.9768207,12299094.9020109,22001227.8482968,30532668.6182808,18024943.249029,21771938.8917851,15092650.3727835,36120162.5368942,11335340.3090612,10870341.61993
FT_1.669_457.11501,MW_458.12228@RT_1.669,NA,C19 H23 N8 P S2,458.12228,457.11501,1.669,458.12247,NA,NA,NA,Full match,No results,No results,0,0,3459871.83682228,8851756.31933627,2843545.9156991,7939455.03122763,6507635.75279609,7624472.31081129,1763359.09118015,7777248.48717933,7370091.33988104,5323272.61904141,4254613.32600254,4123672.14437304,6407690.33408577,6778075.18726309,2243839.38375706,2496773.47303495,5005845.0933727,7724474.5415947,3477395.20741473,5061984.56908986,8890263.70954016,4180187.53608863,1333919.7113302,2948419.6869201,8017023.58069875,6996759.75322569,4770285.47650814,4431143.57445815,6272403.64500475,10218102.1406466,2241591.78365622,3564242.16933713
FT_1.321_457.11446,MW_458.12174@RT_1.321,NA,C15 H28 N2 O10 P2,458.12174,457.11446,1.321,458.12192,NA,NA,NA,Full match,No results,No results,0,0,4015211.55207237,8539208.30153489,1936299.51156303,11573928.9015572,3614294.27762688,10554277.2585688,2121550.21976145,9220979.33228759,10757936.7267975,7838615.06232045,2979477.28100704,3656206.34891185,6480614.20519655,8498325.71175122,2477098.25270507,1676020.51829512,5488180.16870093,10293536.2263486,2116247.7769394,4970807.75372462,6208568.29399632,4223825.00122438,1308759.04772589,2652605.12885266,8001513.23139707,7202628.39700515,3550005.52309625,4586392.82018268,7688198.56003751,7686429.55830135,1693594.42332838,3219986.40691387
FT_1.355_455.17253,MW_456.17969@RT_1.355,NA,C27 H20 N8,456.17969,455.17253,1.355,456.18109,NA,NA,NA,Full match,No results,No results,0,0,3109102.24501142,13443167.4808409,6378187.34040004,15255538.8985718,2112354.76176859,6908015.15568593,1378504.24374146,4738221.11347885,9566383.11657349,5468313.54963012,9946994.8619666,3008537.94773634,5800739.21527155,3840465.32010279,3991872.74734547,2987216.1909832,4944269.32194231,9005682.98537414,3927469.67424586,23601020.671304,5116321.51054242,5487684.85047527,2797466.39926588,5463245.43358906,5796147.98562907,10933165.3534482,4530079.81556177,4123585.10242233,7867281.4202424,16854838.1623586,2157770.64033337,4861116.22089717
FT_1.100_455.17151,MW_456.17878@RT_1.100,NA,C26 H24 N4 O4,456.17878,455.17151,1.1,456.17976,NA,NA,NA,Full match,No results,No results,0,0,8090039.3652959,13308780.2852681,9058825.27809303,33335414.2576198,10228494.5859712,30222435.2661766,3158788.82804186,13562093.0179491,15583389.6088691,15762652.7638108,9609042.66157664,10974733.7856725,16710160.6494457,15003117.3428842,6665760.2302098,7309251.82907226,15276168.9426406,10597841.2938051,6990574.23437365,43308643.22814,8853573.60981704,8389829.35597776,5592466.04776816,5890421.79391684,23736347.835244,15741580.478503801,12745236.7086709,10968677.0000381,13559484.955387799,26551020.6909883,5834408.71794924,8397380.19775041
FT_1.665_455.17188,MW_456.17874@RT_1.665,NA,C26 H24 N4 O4,456.17874,455.17188,1.665,456.17976,NA,NA,NA,Full match,No results,No results,0,0,1967886.98387718,4649087.09803467,1933062.48230304,4180674.98506112,3724833.40752952,5731747.98833788,1497590.9223854,3922937.87727068,3533871.36113516,4401937.62846183,2664452.49566834,2555822.13052277,4035459.38817751,2738349.10163451,1359691.16688224,1681463.10793379,3643925.84614772,2896486.3333609,2838472.40532304,2142442.23929841,2818464.59645566,3069917.66828797,1712825.24077868,1042140.0654055,3975683.83325501,2822193.18450178,2921298.05364697,2569550.88593021,2648218.46095396,5655285.19434053,1208806.30250549,1588431.22004973
FT_11.141_455.10204,MW_456.10931@RT_11.141,NA,C13 H31 O11 P3,456.10931,455.10204,11.141,456.10792,NA,NA,NA,Full match,No results,No results,0,0,1061514.46455989,3905056.93925181,7103741.0549259,513757.60846443,8543314.9390669,499104.530947037,7170882.67142976,459329.915713787,633360.520695839,381265.262821818,1305510.31838645,332681.334389545,1790793.43462539,2311882.70661027,61626.1038608781,1070002.4828522,264912.623522745,424751.009486647,722741.205460876,711539.451708894,1906485.65563544,55438719.6403051,18625346.4532518,789577.764298877,1128183.3022581,1085727.10837716,1048503.18011782,5022548.42718929,4512607.76773785,2461843.98299163,3745429.50682769,1821483.99340339
FT_12.212_455.10198,MW_456.10926@RT_12.212,NA,C13 H31 O11 P3,456.10926,455.10198,12.212,456.10792,NA,NA,NA,Full match,No results,No results,0,0,55633354.8212914,58195887.5640967,60740560.0675926,68303750.8905501,60781995.370561,66371742.9963529,71171644.6167321,68505261.6540757,50331235.3884985,57782833.7463608,58361278.3042004,50229272.1823865,56390352.0712365,54135198.8788867,51276030.8070019,44113227.4096435,54369769.2545931,46302410.402597,45390604.6979085,50749547.0288021,45529014.8874665,49281423.5691606,42919146.6306517,44947850.9251081,66077162.7704654,58802073.2506968,55861923.2996243,50883681.3046401,64240723.0324219,64240588.3519505,46218936.0690996,62531552.6653701
FT_1.166_453.19186,MW_454.19969@RT_1.166,NA,C20 H26 N10 O S,454.19969,453.19186,1.166,454.20118,NA,NA,NA,Full match,No results,No results,0,0,4004921.53235896,12158582.0303606,3477841.99073884,6768423.88943945,2398624.05716707,14433777.969289,1920450.23646075,4486605.49851873,4174480.52258699,11903099.6923003,3658157.55147941,7088064.66086153,7113332.00240409,10493575.7178798,7626209.29674893,4314960.88664609,5053812.66564981,9733198.44400765,2427646.55405937,5195006.67561838,9970973.45025489,11255565.4057506,3146512.26549636,7565137.60494127,8299061.5490573,5868685.0939983,4313485.04020881,5274965.47713815,5901879.11074311,11943154.0479603,1837379.67906868,5090392.42420911
FT_1.382_453.19203,MW_454.19931@RT_1.382,NA,C26 H30 O7,454.19931,453.19203,1.382,454.19915,NA,NA,NA,Full match,No results,No results,0,0,14426679.9901762,31809603.8788942,11373714.9678952,36277348.5724583,22108492.3459119,30113811.9999669,8722890.16443281,26059004.5222497,29741469.4747298,23298349.3081189,14441703.684679,16209074.6966356,28165439.4577564,28494846.2769542,10740444.4451351,11965042.8307685,21345846.8916103,26715939.097778,12206903.5774558,21138314.503928,22350463.1492131,20576694.4828354,8697220.50626895,13546086.8337872,43002116.7319962,32504277.9741085,11482130.7057379,17663749.8878526,29460538.5214048,32578976.1445389,8943566.39852297,16149515.5621031
FT_1.366_453.15591,MW_454.16324@RT_1.366,NA,C26 H22 N4 O4,454.16324,453.15591,1.366,454.16411,NA,NA,NA,Full match,No results,No results,0,0,17622761.8521905,28642868.7743614,15569542.4432623,37059758.5694551,21563051.9341154,27179044.5451996,8437643.98942894,27674786.1659308,32229230.2900926,19424514.0520648,18987093.6936824,15191781.6476121,23297140.1517403,26756827.1166097,13403826.9207325,11118086.8749321,26946731.7042155,25952433.2647606,16535899.46999,20671099.8752769,19295690.9803566,23058277.7791931,11634565.466226,15385743.6630305,31989992.1248427,26157779.392491,11459820.8576086,17727389.8779134,26572958.7814029,34466121.4148091,6896541.94015439,16721287.7859304
FT_1.205_453.15539,MW_454.16321@RT_1.205,NA,C19 H22 N10 O2 S,454.16321,453.15539,1.205,454.16479,NA,NA,NA,Full match,No results,No results,0,0,10600394.5868855,13593528.7690597,7140468.83084405,23268509.2496458,12917554.1514667,16791993.1619533,9275660.07942426,16349987.0539028,14364954.8079166,18404657.3315826,8101721.40926369,8536302.45376584,18127641.9385407,16721614.2960929,7951053.42954745,5542033.15794753,10667246.8460432,16742492.6795917,8485141.82478654,14604501.3189163,13938806.1631318,14793146.24185,5107171.25021927,8287294.33105678,19162056.5088124,20726149.1806764,6824412.26811735,6930848.26219021,13744034.8659153,16356730.6245703,7639394.50465388,12133659.658526
FT_1.357_453.12033,MW_454.12714@RT_1.357,NA,C20 H28 N2 O4 P2 S,454.12714,453.12033,1.357,454.1245,NA,NA,NA,Invalid mass,No results,No results,0,0,5453010.60576484,3918093.6550213,7301229.91455789,2875531.3742924,7390511.44388364,3579520.19346383,17458426.1439136,12427739.2419955,10695589.8557192,17131322.729517,11589734.1158656,10394452.9384887,12350283.0535166,2475817.82224171,4953140.98215167,7787320.95377543,13803929.1253802,18489699.4095466,10893698.5996444,8127285.89636356,18443745.9004204,15906830.6249539,4601052.65105013,9716924.98655102,25704860.2654481,15380123.8184248,5141103.58369861,11762076.0115397,16872407.2258798,19474784.3119762,5572530.42716311,11230733.818678
FT_1.200_453.11974,MW_454.12702@RT_1.200,NA,C18 H33 O5 P3 S,454.12702,453.11974,1.2,454.12615,NA,NA,NA,Full match,No results,No results,0,0,6497037.50638944,7828825.89569662,5042709.81855838,56374911.4069915,29578728.9648734,21500321.2839862,17054733.500555,9644984.50066058,22726421.146866,20378895.571095,27177053.6936931,14021665.9441348,27431227.0796035,22167841.683584,4490208.0398308,3688766.90787377,8811442.37638682,12590644.0498889,7522933.98112569,7759465.0021661,18592888.3941447,15618491.8415757,14360019.7620186,3947031.32752263,13762480.8064036,48371334.9344325,17381620.339669,32910053.6936466,5500856.57296997,109238777.263404,9893185.64587887,19204603.0811917
FT_8.843_452.92293,MW_453.93021@RT_8.843,NA,C7 H8 N2 O17 P2,453.93021,452.92293,8.843,453.92982,NA,NA,NA,Full match,No results,No results,0,0,34962669.9475097,21100428.1779578,23427865.584275,21716232.4539178,35326028.2357959,23046681.4787018,35078826.1940918,23673941.7580645,28405244.2402781,18610363.6643696,24225575.7413931,24612086.1186806,29952779.3841771,16839581.4442221,18218327.6555009,25902300.5584448,26664592.9224441,20068881.3833752,24353045.8998729,25032122.8358548,26230303.703518,24803447.9719957,31957623.8138724,19887935.2546023,18945089.7278914,19409890.836413,21435271.6439859,17772033.9845099,19731060.9959561,19949222.7596486,11528453.0107787,19542427.468947
FT_1.096_497.21822,MW_452.22002@RT_1.096,NA,C27 H32 O6,452.22002,497.21822,1.096,452.21989,NA,NA,NA,Full match,No results,No results,0,0,22033186.8958181,21673523.2480049,21990352.3558443,63638358.3795866,23075602.6589502,61514429.5291122,11415075.4893444,32504032.4031759,25432419.1020712,34771520.2230705,33503396.5869774,19951492.6047347,34248053.7925324,32848829.3127914,13510664.9400976,16881318.5651169,31915947.0934084,26677579.1995513,18914927.6651797,36669283.1344682,23182923.3854608,20618222.5318935,10728556.1426007,14798753.7811416,32044382.3818116,40705169.1623596,30948087.3065644,23823560.919172,28757931.1019662,51995377.2565557,18781330.2556492,25078875.2168841
FT_1.242_451.17735,MW_452.18391@RT_1.242,NA,C26 H28 O7,452.18391,451.17735,1.242,452.1835,NA,NA,NA,Full match,No results,No results,0,0,3251558.90435265,3571832.91306277,1920632.13822088,5353909.9416617,5079376.75290376,4566685.02805088,2875113.95560494,5773624.1228733,33967513.4246494,3354749.57640995,4629199.9666811,4004644.18556848,29519176.2660843,6613985.14206614,1658058.32016757,17000637.138163,3609934.08535617,2138465.42823006,1648222.02274794,4737256.0373469,2563925.48220606,2298692.23752892,1392630.450728,5391178.97205006,4485328.64138033,5461888.37059151,1318110.17119851,2119677.3624834,4171089.80046205,6415967.76909943,806905.761787275,2653836.62293402
FT_1.276_497.14572,MW_452.14755@RT_1.276,NA,C26 H28 O3 S2,452.14755,497.14572,1.276,452.14799,NA,NA,NA,Full match,No results,No results,0,0,15864349.0116413,26707957.2823834,13177347.3223304,22492303.4697239,21507316.3709941,32173931.6893221,15289103.9471788,26421449.246974,37637005.9085068,20106839.0110935,17731711.9496509,15592021.2293926,27025985.9726503,25558295.4483355,18131143.3161285,13583232.7872493,18758561.6668157,27768210.1074293,20745768.4644634,22094471.2754488,22974519.0590254,22647075.0756938,11568375.6453713,15582438.205669,30226754.8439245,29833297.6942034,16088951.520446,24076839.6910849,22012005.6464106,26659970.2150096,10703947.8112533,17567371.3385571
FT_1.125_451.14034,MW_452.14746@RT_1.125,NA,C22 H16 N10 O2,452.14746,451.14034,1.125,452.14577,NA,NA,NA,Full match,No results,No results,0,0,26527743.0232613,41252091.7705258,22406607.1477495,16000915.1870173,42883414.7966568,48613986.0836657,15025205.4261815,57812876.259193,40204452.4999225,32593696.2738598,35488072.8471968,16092879.6755303,26640734.5824347,31588711.4764753,19850027.4339744,21690251.0429858,46470544.927088,37595816.039897,16964785.4185057,31062314.0485128,21051241.3665584,30155123.3788671,15085424.9096314,24595343.92838,25537821.8842988,44993105.5822056,30133337.1098028,46323315.584363,35572917.8093127,38736677.8374466,18445060.7918004,26171602.1308369
FT_1.368_451.13998,MW_452.14729@RT_1.368,NA,C25 H24 O8,452.14729,451.13998,1.368,452.14712,NA,NA,NA,Full match,No results,No results,0,0,13226457.574506,5915343.66517981,14167400.4960387,4946735.69670133,21250490.4160285,34986491.4064236,8437643.98942894,25109404.0656924,43003340.6726093,26541915.7392063,17389783.5848416,19201573.2976914,23297140.1517403,24891219.0096931,10778511.5311119,11127991.9502958,23436729.4096916,28087633.3140027,7012732.5786653,19218494.8284999,15635793.4301954,12316377.3795959,7975098.45580651,15385743.6630305,34487871.7124266,34573184.097059,14628477.2759595,17727389.8779134,4257478.58165257,40205216.9868339,9405109.6844251,15668379.0854581
FT_1.613_449.21858,MW_450.22586@RT_1.613,NA,C24 H34 O8,450.22586,449.21858,1.613,450.22537,NA,NA,NA,Full match,No results,No results,0,0,2643842.16676905,7440214.25151927,2659300.39523749,12495105.3386504,4440898.26810485,10568266.0733925,2149472.97522703,4643883.53747269,6863356.13577501,5664710.14566937,3355565.37610178,3812592.1991785,4741786.44631594,5355701.87823292,1654719.85746942,2522111.87430424,5762644.74123958,5301860.74567309,2716184.27593733,2813234.92880083,4975370.0388086,4412259.03351963,1660472.92221299,1719477.57998892,11241679.117662,6375425.31660628,3346718.11185908,6574962.33556005,6072947.97871277,10237133.7461747,1571460.57020552,2855636.22138359
FT_1.665_449.21855,MW_450.22582@RT_1.665,NA,C24 H34 O8,450.22582,449.21855,1.665,450.22537,NA,NA,NA,Full match,No results,No results,0,0,10035764.8494695,11684547.2031911,8138062.56577712,24471631.3286571,14100372.2287593,32468228.7809356,3888031.55632993,19050605.3918765,12967423.5258302,13645668.2730088,7364827.59093087,9467051.58024546,12509090.2385198,15662012.3361711,4791172.02871353,10263148.3180394,16713050.8420974,18762690.3033394,6684947.99475795,10964108.0740642,16331998.179382,7089093.84284471,3332507.05112031,3916869.60568662,23796350.1704892,14014582.3764508,11058862.4320463,17256795.6218637,16237001.183976,24319271.3163081,4674197.40674591,6039175.79393073
FT_1.104_449.16089,MW_450.16820@RT_1.104,NA,C19 H26 N6 O5 S,450.1682,449.16089,1.104,450.16854,NA,NA,NA,Full match,No results,No results,0,0,33603980.3119661,34072487.9873202,17994616.1621953,45398573.4255875,36278031.1260316,62304681.0552303,13495986.6293583,33255463.5388269,36435056.6396397,37144519.9515939,39328218.5118528,25596560.9078524,39366924.6644883,49136999.6601267,20580154.0756346,24542086.4362387,29691473.5918156,36176051.2066146,18978204.9607741,49299727.7529993,23049390.5499323,35833578.4178291,14642580.0887811,22372139.5530263,39136844.8885748,41912998.9471928,30283325.4474412,26668689.0246838,29593853.9754833,66882031.4771981,17243089.3293937,35168279.7971516
FT_1.664_447.23921,MW_448.24643@RT_1.664,NA,C12 H37 N10 O4 P S,448.24643,447.23921,1.664,448.24576,NA,NA,NA,Full match,No results,No results,0,0,2315832.2124947,5021778.25187044,1280647.35556095,6114694.39262068,3094527.27200625,6496760.70465676,1510612.4093217,3674628.14073603,5130312.15774241,3596221.2222863,2983529.5546475,2197636.52369509,3789923.32014984,2984902.37265623,1377346.81650305,2064950.94022788,4025186.89378494,3885500.22377696,2127130.07562388,2354004.88197652,2627292.60180197,3155873.46581692,1023753.34199298,1181448.00547589,7868713.10072965,4808564.67611245,2796271.79942076,3891990.33431525,4730076.81041691,9086517.06509943,1611772.55920165,1839647.24979361
FT_1.356_447.23908,MW_448.24636@RT_1.356,NA,C19 H37 N4 O6 P,448.24636,447.23908,1.356,448.24507,NA,NA,NA,Full match,No results,No results,0,0,2259651.70188773,9009456.41100899,2016885.58653527,8537446.93074979,25427091.4604244,10728290.5089778,1529932.34048767,3389456.5005043,13161754.8413379,8850373.71593753,5427980.63597712,3836091.52083331,4783941.36675775,6078164.64032543,3228480.10725215,4283735.16088928,7539491.6775422,9270579.68018673,3985565.45842906,3383919.49214551,3825608.74063559,9575150.48465515,1748383.72936971,2441275.39979034,11901327.0852056,41011137.4489869,2948164.97659671,3687377.31276298,8765034.98460105,11277148.8316225,2854104.11816521,4601516.51117667
FT_1.664_447.20291,MW_448.21019@RT_1.664,NA,C18 H33 N4 O7 P,448.21019,447.20291,1.664,448.20869,NA,NA,NA,Full match,No results,No results,0,0,8689786.24325286,8554993.70118919,7576278.31945555,46959798.3237105,13490322.7953887,33709002.2295015,3938698.97617071,21088702.2964312,24561360.1072455,20478757.3173755,11648090.4467454,11414023.652848,20142453.845906,13826259.4487986,4284194.27269977,9359218.77725688,16718422.8252632,21846254.6364414,6562488.73719956,9634008.02207135,15883488.7535537,13003908.1752888,18333372.3872685,4683274.21660684,40655917.8656318,23355350.6958121,11867018.9304879,23071250.3320307,25847440.3514391,27623212.2057152,5121417.46490453,5935186.38687186
FT_1.671_447.16771,MW_448.17499@RT_1.671,NA,C24 H24 N4 O5,448.17499,447.16771,1.671,448.17467,NA,NA,NA,Full match,No results,No results,0,0,2555113.77795172,5289713.55109466,2441822.75933044,27521705.5049493,3720509.53640215,7282156.95509635,1997941.99453841,6008341.32364199,6044686.67943103,3626145.89361874,3681239.09667454,3090731.47565247,4836154.86758005,4007910.88300966,1966796.21361458,2414211.57108811,5849593.14374365,3759031.26223991,3191711.98071243,3306993.20697408,3839160.80229944,3434235.6106732,2774361.91006927,2242249.93368491,5718811.33213015,5398043.29384302,4059384.01153424,2750630.53458387,4709234.13957852,6602918.42485935,1782939.6676452,2497303.53616569
FT_1.110_447.14570,MW_448.15288@RT_1.110,NA,C20 H25 N4 O6 P,448.15288,447.1457,1.11,448.15117,NA,NA,NA,Full match,No results,No results,0,0,10703349.6920376,34072487.9873202,20317055.8108582,43987392.7136852,10059359.201197,46339658.8402779,14341538.1705479,14713624.2665749,20015048.1285136,15540690.9537035,14255996.0040391,11015582.0295394,7918068.79668316,16635315.1963935,8162557.41775036,9938204.57785169,16339055.8498825,10489139.8442151,17625653.1417293,16203370.7253215,28993188.6613807,26635027.9937919,15033702.936731,6866536.38096795,39136844.8885748,35593171.7209364,24079002.816452,15274023.1177949,31420586.9296582,12601245.6180875,7807126.46906853,13084531.5829896
FT_14.398_446.09757,MW_447.10485@RT_14.398,NA,C14 H25 N O13 S,447.10485,446.09757,14.398,447.10466,NA,NA,NA,Full match,No results,No results,0,0,9767519.06223546,13331592.848001,21978843.7959659,38433882.4430723,15369846.163319,22330133.0167138,27067216.5989129,20728319.7062258,8746095.62451108,20082687.808481,11770592.8179702,6702900.61972629,11788129.6619711,16160911.1690053,9501347.68287214,7046801.40187113,11808286.9251154,5653818.73923048,6837066.74773189,9670595.30938583,4003389.04745324,13411074.1354772,7980913.1341773,6930015.64405968,9481860.79893293,10535196.3885973,12229157.7999464,10381890.2961184,23218683.2374993,41749955.7842876,8209060.1599198,18067624.7965038
FT_14.691_446.09756,MW_447.10484@RT_14.691,NA,C17 H28 N3 O3 P3 S,447.10484,446.09756,14.691,447.10642,NA,NA,NA,Full match,No results,No results,0,0,3155499.09480606,3251611.16649477,5775134.31250413,4099529.75946925,4763426.10012669,4607415.50669498,6747054.21654844,4718965.12804028,1339694.96884868,998599.357030563,1531197.93239222,1280880.05622323,1496369.16194352,998280.396056029,1410008.52436053,1355664.9073643,1280895.21815123,630060.149328176,661370.777879427,1363840.20526176,1089195.16695993,1189783.75646531,1497183.38359867,1061796.69873989,862426.697449464,1559576.74211211,1890320.44625938,1373951.4438196,3991104.34819467,4363065.0247162,1385066.06145674,5072084.6326296
FT_1.383_445.22357,MW_446.23085@RT_1.383,NA,C17 H40 N2 O7 P2,446.23085,445.22357,1.383,446.23107,NA,NA,NA,Full match,No results,No results,0,0,3940034.87186993,9009456.41100899,12255306.9915264,12363131.9109454,20586316.082229,31784833.2168122,6259030.57709284,6643427.36102716,40434074.0219253,8343820.13026259,10663102.8246751,15662257.3527702,4783941.36675775,6078164.64032543,9814284.79046657,9486526.76596314,23043268.5960341,3960943.56115215,8890033.95402986,14922336.3358381,8185037.79934804,9692908.2341124,3022643.34908635,4629796.53957476,14299972.9181164,12194120.7710033,4580364.17139209,5406620.53170353,9106539.75641438,12567175.3477743,2854104.11816521,4601516.51117667
FT_1.663_445.22349,MW_446.23075@RT_1.663,NA,C16 H39 N4 O6 P S,446.23075,445.22349,1.663,446.23279,NA,NA,NA,Full match,No results,No results,0,0,7109758.22370861,14402697.5705722,3045673.00775892,27592132.3403019,9786224.18640785,27372975.4214027,17827745.7977857,8265409.08041657,17724559.6861343,7086267.71899053,6241109.91215121,5415846.05008058,9860742.8935589,6470156.35181156,4219180.08857562,3835775.01806412,11720933.2824786,8095429.18992426,6838015.6766154,5130303.27643429,8356462.33697945,7051460.95082759,3513942.25597425,4222598.60184173,21435200.5363715,19845276.9872334,7713657.95566567,8681219.24025493,11442388.5624247,13703736.9259517,3365089.77028998,4721687.12013899
FT_1.177_445.22334,MW_446.23062@RT_1.177,NA,C21 H40 N2 O2 P2 S,446.23062,445.22334,1.177,446.22857,NA,NA,NA,Full match,No results,No results,0,0,8888775.29592062,10704873.5050258,18746510.7138167,18477623.657059,9773098.25338374,15559172.0215113,4578910.74591867,10254789.143093,10127098.937599,4140495.46611906,8371393.16239088,7729641.10471021,12079741.9051964,7965327.90430695,3918202.75551175,5418104.95936692,12307188.0066107,4788594.62443601,7907477.34861995,8259333.78406984,11254937.3340687,8589359.01536361,3809388.4045401,4406107.37923548,16213511.4416017,12320506.4980063,10054592.7580947,13503772.4990218,11828373.4182305,24330703.1316248,3272353.14320777,7819139.26336182
FT_1.666_445.18754,MW_446.19480@RT_1.666,NA,C25 H26 N4 O4,446.1948,445.18754,1.666,446.19541,NA,NA,NA,Full match,No results,No results,0,0,8756385.71512357,24354658.4823669,7931481.04958345,11603239.612733,13082655.5410052,36457994.0709866,3938698.97617071,18756756.75981,21542228.8536146,20478757.3173755,10517631.1398412,11396078.438663,7742370.77119578,16850871.7202651,4326621.68664265,9802057.15779693,16718422.8252632,10494813.4216022,6798253.66866915,9634008.02207135,13319202.1927986,11175519.2084729,5090711.43604729,4683274.21660684,16285900.5866143,21766578.1945223,11867018.9304879,24184049.4441127,8035486.89255936,37142051.0166926,5606156.77278055,6493060.65941271
FT_1.541_445.15094,MW_446.15822@RT_1.541,NA,C24 H22 N4 O5,446.15821999999997,445.15094,1.541,446.15902,NA,NA,NA,Full match,No results,No results,0,0,5037950.50110381,6561169.35932714,3996236.96761905,9094308.86192957,5278315.14779266,5968998.65089463,1263532.272354,8106356.21041558,7233595.2551771,8871119.81479134,4944634.78400172,3757284.55844061,4119280.38528811,9099578.85470654,3039138.74976455,2477088.39967462,7627537.11168008,5218731.54365659,4022898.28779539,5057003.60295157,5968721.82533952,6619447.2717844,1843962.92880218,2930502.13568693,7626751.94887391,8887457.29605707,2244450.91149314,6444379.95748067,12198170.1795968,12453326.9814036,2453834.63223389,5303401.62499121
FT_1.609_445.15069,MW_446.15797@RT_1.609,"N-{[(2R,3S,4R,5S)-3,4-Dihydroxy-5-{2-[(2R)-2-(methoxymethyl)-1-pyrrolidinyl]-2-oxoethyl}tetrahydro-2-furanyl]methyl}-3-fluorobenzamide",C20 H27 F N2 O6,446.15797,445.15069,1.609,410.18531,NA,79.7,NA,No match,Invalid mass,No results,1,0,7416696.45469472,13140687.4440374,2973460.79978448,23534778.7538673,7503216.75774348,30116734.8795187,3675013.37252193,15585625.4563674,5179626.14387505,22814695.3926019,8194649.22380661,3118162.48896347,12446334.7880621,3221062.51199147,4281787.37032507,4295968.3880572,1809109.48449963,18504062.8951611,2792846.16731134,11051901.4170732,12091400.8969161,10852097.897393,2704778.45135732,4206310.6180523,14411019.674208,18546160.5193137,5121449.52611673,8483770.02023389,9960197.62729058,27876854.5084593,4217211.4272133,7482499.32653392
FT_1.638_445.11426,MW_446.12151@RT_1.638,NA,NA,446.12151,445.11426,1.638,NA,NA,NA,NA,No results,No results,No results,0,0,2261305.79211801,4358225.79808147,1730950.67735157,4858015.75069743,3205207.91202628,7191371.02809806,1362424.51829019,4433419.61605676,5244385.82672146,4477365.12299988,2276973.87813842,2043447.86247784,8302089.79739213,3442371.8491847,1634583.70827877,2087450.6638257,12388762.9683335,10615584.8195925,1762781.97093205,3462353.20651104,3843956.74136005,2852108.8901016,1630454.89416516,1846545.27655594,6195944.31948048,5418058.04652409,2652954.35741276,3976221.86342155,4217680.71465538,5261042.46893287,1575066.83608534,2363124.13360954
FT_1.322_445.11422,MW_446.12150@RT_1.322,NA,C19 H22 N6 O3 S2,446.1215,445.11422,1.322,446.11948,NA,NA,NA,Full match,No results,No results,0,0,13330873.7301208,32820468.0414329,8288742.39056437,24680248.3879974,15980650.0436597,27619373.4884459,6533912.69644156,26698080.6258782,27400987.2725151,28867480.7651202,13889986.8655122,15185160.7549861,20013727.1322651,39205348.1438728,13672768.0794864,10581514.1063128,18612158.6563513,25724906.5281878,7030899.89766588,21467871.0442071,17562762.2366789,31701467.9008176,7098282.58424489,13557262.2347946,21792841.0173376,22010382.3730424,8462431.59414799,18597251.7635966,20266595.5491015,30453496.7022183,12411497.9025378,17984823.1910132
FT_1.088_445.09327,MW_446.10054@RT_1.088,NA,C29 H20 O P2,446.10054,445.09327,1.088,446.09894,NA,NA,NA,Full match,No results,No results,0,0,7322892.41177643,21672136.6582031,6668145.93877928,9832655.47511515,10121523.8939655,10906102.7152818,6086328.05105218,19860593.0513843,12412533.4900549,8174828.24582044,9525740.0811153,9891222.04005037,10110455.9332853,11468533.204926,8193457.47081502,3974741.31321823,8381535.60313554,9596767.53124437,15943603.2427934,19033366.0768169,26607335.5994409,9006973.15791222,8548542.99633713,5788143.30455501,12178136.852092,11674737.6692381,8413388.06228167,10102946.5498642,11006316.9903531,7414488.19501985,9514595.58025041,7929737.2063505
FT_12.211_444.03209,MW_445.03937@RT_12.211,NA,C13 H16 N7 O5 P S2,445.03937,444.03209,12.211,445.03919,NA,NA,NA,Full match,No results,No results,0,0,21849641.6683868,21506422.8884279,26367084.3401123,27542207.1389827,25525695.6780292,27157402.0996137,28964899.1442757,26111708.8212015,18995023.124128502,21716014.6794569,22574417.4349648,20107085.0198013,19469378.8375985,18744017.4116917,19124256.4651969,17413407.5614629,19901388.5186471,17043772.1495082,18611901.5952541,18574164.0767452,16911756.4453302,20017019.5268736,18673303.2253702,16742937.5676916,24863501.2877212,23237950.0222002,20702514.6672502,19957149.5630776,25760189.6824155,28176806.7162598,17293365.6309977,21801937.5837856
FT_1.479_443.20801,MW_444.21528@RT_1.479,NA,C25 H32 O7,444.21528,443.20801,1.479,444.2148,NA,NA,NA,Full match,No results,No results,0,0,4120480.33040884,61237960.2699234,19705938.433769,41023096.8782039,46581812.9374754,77976942.6078317,22662723.5134629,35847367.7734469,62200840.564354,58509277.8550514,28977901.7000366,25882061.4723142,49854409.2592517,24053239.947912,27692292.8548481,19884993.1351183,53811069.061897,19117286.428666,14953152.5096231,32581641.2585241,20505363.8504379,37171805.0076505,4755237.4478413,26029270.2097369,71462924.2179473,52086946.7932271,37904740.767177,8297340.40663175,33562140.9681309,36900662.3334747,14936976.8043866,18671205.5052284
FT_1.665_443.20801,MW_444.21528@RT_1.665,NA,C25 H32 O7,444.21528,443.20801,1.665,444.2148,NA,NA,NA,Full match,No results,No results,0,0,4159885.32805746,14402697.5705722,3382726.25609101,12533972.3518952,8845563.62024586,21356906.5562817,2177464.39626734,8344517.32461231,13654371.1990996,6719270.7325179,6630196.70023222,5022364.90679952,8644251.92391567,6762572.49724192,4219180.08857562,3482745.5563062,7897195.60390787,8186028.61580965,4702561.24269091,4712206.31426371,6318702.39943062,7051460.95082759,2926353.4887619,4222598.60184173,15158682.7663214,10245238.9159957,8198025.36648447,8730006.92296837,14248341.8027777,29577093.5592505,3663912.2739197,4721687.12013899
FT_1.668_443.17136,MW_444.17879@RT_1.668,NA,C25 H34 O P2 S,444.17879,443.17136,1.668,444.18056,NA,NA,NA,Full match,No results,No results,0,0,5603468.70604625,6193758.51997486,4293042.73173111,7110696.82252872,4505233.43493002,13044907.5893582,2796189.79191266,8720788.28835756,10651508.5353833,9723026.54826744,4601946.12526745,5255777.59805711,8103294.15255254,3836437.1434536,3256852.26814788,4328997.48096848,7232668.99316908,14734825.3003521,4464628.70679072,5400780.37369131,6070228.56632646,6891842.05479566,3470003.62257413,3192744.70459214,13320119.1471553,11801472.0033605,5831829.34418278,7634476.80818601,8035486.89255936,8184144.9828698,2359783.30845183,3677614.22277414
FT_12.842_443.14080,MW_444.14808@RT_12.842,Tetracycline,C22 H24 N2 O8,444.14808,443.1408,12.842,444.15327,NA,68.6,NA,No match,Invalid mass,No results,2,0,23486430.5170383,20111205.9821353,55660768.314349,55254999.6007936,35509020.0142673,47780992.3954887,71388427.0575112,34141629.905418,15193450.6882947,13733721.4540398,17728014.163367,7024081.23751314,18885586.3993527,15208855.3272591,16244362.9651582,8383054.09303781,20089028.5805565,9655967.09857858,12364751.5414729,18375377.4124651,10935331.7630695,15097806.3815159,12907412.3392791,10771026.5922672,13122866.5478076,11800435.5682396,16304905.2971123,10733998.9580723,52773004.0819048,78193445.9945596,12476505.9911488,45354418.960437
FT_1.672_443.13496,MW_444.14232@RT_1.672,NA,C23 H24 O9,444.14232,443.13496,1.672,444.14203,NA,NA,NA,Full match,No results,No results,0,0,4955566.87294771,12492590.9565243,4003146.98050935,18643688.2322925,5996594.83594165,14092287.8429485,2809941.06435311,8494020.67539842,10052485.8170111,10020209.0684419,3968273.78488057,5756625.55981067,7856546.58972146,7248208.29232301,3399268.48109825,3194239.95751909,7646287.84028795,7869945.20091909,3184969.41818704,6611854.86862468,5201615.80788695,5528541.55038403,2660431.10008149,3784903.76538521,14157425.25882,9176591.81992444,5006798.08446463,6895631.61990583,8586922.8226609,9927404.18961341,2994038.9367199,5278355.58300309
FT_1.176_443.13501,MW_444.14228@RT_1.176,NP-020236,C23 H24 O9,444.14228,443.13501,1.176,444.14203,NA,66,NA,Full match,Full match,No results,1,0,22678679.3940587,43891317.9162453,21317910.0995442,70332152.6000067,26729717.4979603,67893549.318137,15339943.6654707,46603728.8675004,35920540.8521649,36981206.4490963,25545361.2113355,31615955.1119297,45131082.1880378,32045154.1057468,21288045.435856,21893693.8729861,37396867.8215688,40176465.623976,16762760.6736302,29130123.990325,32784356.8135663,30928973.4342604,15123656.8197653,19570887.5714793,68893546.5743936,39849153.3114739,32480942.9536361,31713971.6629292,36388534.8968435,52586655.0034378,17762896.6144487,23583957.1893392
FT_1.348_443.13495,MW_444.14222@RT_1.348,NP-020236,C23 H24 O9,444.14222,443.13495,1.348,444.14203,NA,65.8,NA,Full match,Full match,No results,1,0,86757879.2918516,153870992.377098,61259911.0714878,181219193.404504,100270646.301198,161168385.303711,58864995.6967573,124816190.679467,162600627.037027,156990924.208583,81196622.4603707,89531308.7467906,135031746.237741,154224245.138946,77488297.7584965,58358745.9875419,122888844.284172,148848217.566744,57976160.8298013,102440319.755702,108208071.974288,153767995.095229,55556932.6347328,65401069.1788105,167286343.795151,156760415.3088,70553975.6040049,97290492.1026512,137211699.72253,157238957.764841,54474876.6159885,91771704.350398
FT_1.363_443.09955,MW_444.10678@RT_1.363,NA,C17 H25 N4 O4 P S2,444.10678,443.09955,1.363,444.10548,NA,NA,NA,Full match,No results,No results,0,0,4720531.4750656905,11028797.9589403,3208154.86877737,13197030.0688255,7169387.95514582,10706247.9983335,1819553.16970424,7988251.26889769,8437992.04282433,11246526.582262,4425023.97360305,3034293.64904171,8733955.3381211,6611310.02258863,4033088.17849584,3422074.12880036,7136211.48247247,7649638.37262174,5144666.05359918,5607151.20951564,6087927.2504399,9708499.14419777,1645804.59245025,1615913.42599681,8973724.1991484,9748911.40209595,4636486.74794131,5619104.41919231,8536600.73608122,10357597.9404142,2855220.28183183,5045201.9018496
FT_1.486_443.09873,MW_444.10601@RT_1.486,NA,C22 H20 O10,444.10601,443.09873,1.486,444.10565,NA,NA,NA,Full match,No results,No results,0,0,7404518.40804526,15126088.4233597,7865971.26437368,13252342.7607428,10487607.9932012,18538231.0895226,4956820.67491254,17438980.3090242,17926947.700841,8191600.12804357,12819675.1563546,10364648.5614618,15934904.8749459,8132044.24279321,5838970.51607088,6570001.63933167,13841140.2995389,13470612.8811106,13655569.2570965,12721359.6389652,10604023.0438449,14317720.2661852,4666360.44098564,7257836.66678478,21353034.0556193,16224096.2975345,13193308.5558326,12887461.0792734,12498517.4364709,10357597.9404142,6585100.8066226,10537229.1991308
FT_1.311_441.19213,MW_442.19935@RT_1.311,NA,C25 H30 O7,442.19935,441.19213,1.311,442.19915,NA,NA,NA,Full match,No results,No results,0,0,5925041.59932477,40201589.8521994,17323489.4942124,45254661.0653093,15393862.0625758,9873252.80114441,4887809.7756904,6799486.58365806,32428485.0070269,38101968.0554012,3957105.47598763,4824701.93974136,36468364.9976573,35075035.7018679,19848073.0785298,4410831.65127393,35211226.299112,6035264.96285393,7802370.33602802,15741698.8996106,31228972.8899991,5272830.83492871,4637410.40281743,18468445.2817414,57625893.5830448,47616296.0844946,8697542.16607434,5896482.33170713,30613699.0742612,46235484.8119622,11885157.0282072,19594468.6115369
FT_1.363_441.15646,MW_442.16373@RT_1.363,NA,C24 H26 O8,442.16373,441.15646,1.363,442.16277,NA,NA,NA,Full match,No results,No results,0,0,8681936.56241333,22429645.880539,8676057.39019552,28175531.0279916,15484204.8588764,20267351.9842274,8259142.27250258,2136588.1730077,12647009.5777852,30087409.3304363,10486339.4521278,9816571.56482967,14629217.5662061,15287653.1973902,10202320.1153525,6983983.04083057,20199868.7705662,15270861.4973501,18232097.3105305,12364083.8536307,13308449.5502756,12462417.3245656,8679113.01253799,7622719.59930879,19122732.8216155,29983465.4312883,10558853.2750314,11748185.2983836,8332985.84327905,4386565.62238173,8000959.06735031,9809285.09194679
FT_1.077_441.15573,MW_442.16300@RT_1.077,NA,C25 H22 N4 O4,442.163,441.15573,1.077,442.16411,NA,NA,NA,Full match,No results,No results,0,0,13975926.3928027,18831413.8120195,7143376.25760405,42517259.175695,14490840.1565606,34812076.1647768,6467474.13135366,22451622.4765422,23279697.2153887,23982238.3490539,16931977.0044674,14659655.611199,24333608.7964875,21981182.7767501,11944171.9787168,8501965.44900711,21803227.4750985,78462979.1687129,14141006.7781899,19599401.6449106,13628399.3291005,14456060.4274077,4578760.39225638,8127709.70380323,41587256.5442428,33389638.7647293,14097731.3844394,18203972.6005297,20144887.6175001,35570294.2665518,6855358.92126382,14598392.7776384
FT_1.163_441.15573,MW_442.16300@RT_1.163,NA,C19 H23 N8 O3 P,442.163,441.15573,1.163,442.16307,NA,NA,NA,Full match,No results,No results,0,0,77273915.4499772,75801350.7532521,36976385.3503227,223726584.544956,72990480.9038655,199605165.522705,26063449.4544897,103726943.673401,107088977.633909,131044924.171071,79827376.5067465,68739628.3929433,113581967.487714,125371518.475762,36954525.396539,54207396.2063471,118699853.788021,78462979.1687129,25681039.068133,116720163.84046,65405825.2752325,85029435.4247813,29887719.8519116,47466494.0407051,128774901.527362,111299222.039906,54643247.6161437,90533555.4729064,93085940.7466122,191686830.223489,42440082.501465,76929166.3156122
FT_1.453_441.11948,MW_442.12676@RT_1.453,NA,C23 H22 O9,442.12676,441.11948,1.453,442.12638,NA,NA,NA,Full match,No results,No results,0,0,25634963.8949165,31552803.4434408,16416127.1843734,66576597.9067689,31079949.0770024,59910463.1063773,18455979.7916403,44182592.5656325,58847826.6255459,55787746.1811731,21529428.0476477,22735741.0932477,44258918.9455142,46284004.7368081,25010566.8332464,15633578.4399189,40269504.9302962,45904249.6421234,15956553.8195346,30594088.0759789,33834290.7490383,54371105.0505066,15099456.9940171,25638788.1688807,43937673.7535844,48270917.1782773,22855106.0848611,32040119.2485737,39052807.1213086,59675774.239614,19901089.2040588,28961292.7109016
FT_12.208_441.03444,MW_442.04166@RT_12.208,NA,C17 H19 N2 O6 P S2,442.04166,441.03444,12.208,442.04221,NA,NA,NA,Full match,No results,No results,0,0,15724587.0889272,14709687.9012975,22344640.904101,23996294.6287477,29938931.774114,22794388.088219,24206034.4598374,22134875.2819317,14905144.5103121,16619452.3047848,17524523.5607648,14063718.5026936,16905464.4157422,16687969.9622077,14290936.6822006,13058046.5346924,15211038.3052748,13464500.5674465,13671017.1093705,15448223.6272392,15395554.8113107,15185953.7635045,13768237.2218673,12632797.3959637,20821148.4323437,20259742.0639497,16246436.5398482,15889091.5518031,19891334.0957293,25981673.8820366,13578594.1405586,19967478.0435493
FT_11.147_441.03427,MW_442.04154@RT_11.147,NA,C17 H19 N2 O6 P S2,442.04154,441.03427,11.147,442.04221,NA,NA,NA,Full match,No results,No results,0,0,340200.826605071,1971046.86402998,4225974.42266186,245207.67070997,5232490.84804771,99499.0618128695,3954296.27354198,109541.413904401,195776.407905964,75728.2170053841,382450.334035845,105578.510948388,742828.77707036,763851.23695252,63022.4512679298,308899.20255196,62978.5979671282,204458.319078988,174935.658734415,265647.833632236,913904.659223434,21186241.6483898,10388467.492488,252254.701839343,346979.769544255,273202.971319612,215294.152809831,2607410.25594193,2475565.54151601,1298485.04210601,1974477.7221522,804514.830379579
FT_1.094_439.17657,MW_440.18383@RT_1.094,NA,C19 H29 N4 O6 P,440.18383,439.17657,1.094,440.18247,NA,NA,NA,Full match,No results,No results,0,0,7837823.57551565,7031977.05998849,5915168.21673971,8090429.14894089,13145194.7754968,7786830.43086879,2697467.41119758,10201547.1598012,7043965.43374414,10143704.3156186,7898138.13707773,5089873.72548304,36061628.5498373,39146993.1306752,17435504.008888,5836887.56563783,8417378.28512816,5063595.00626127,4904613.81959091,10531672.9865124,4972617.17027241,1600667.31360707,5595204.21153231,18437009.7351616,44258430.1009454,11585380.5359563,7368217.68320912,8849594.22895426,9380538.61439431,7720413.85665145,2896376.52270568,4312569.30927167
FT_1.493_439.17677,MW_440.18377@RT_1.493,NA,C17 H32 N2 O9 S,440.18377,439.17677,1.493,440.18285,NA,NA,NA,Full match,No results,No results,0,0,3867425.44961593,31910785.8807804,3086665.69564971,6123319.05515625,3933206.52570051,11443987.8315846,1801801.47627266,3768266.32194011,5323133.24743855,6239298.98957329,3013665.54909666,1989752.82299529,3107328.96943144,4633867.16651682,3055593.67837965,2472255.9994514,3796071.03050333,4515117.55607889,17322918.4227146,3942791.78386476,4378362.13311157,4103006.2250011,2313438.06824774,2709437.24798253,8967580.77865859,6981664.37146813,2706034.23252641,6375069.43104309,7062107.99434875,5534159.07594464,1462643.25361049,3726369.85441361
FT_1.380_439.14010,MW_440.14739@RT_1.380,NA,C18 H25 N4 O7 P,440.14739,439.1401,1.38,440.14609,NA,NA,NA,Full match,No results,No results,0,0,18443524.904221,18480012.7638834,9207664.12806342,55811125.7785429,21066471.3873586,48077929.2465458,9482376.08231259,29083504.0534917,38500361.370288,56166556.6653294,21560781.3984244,19847687.1233608,39268067.525184,51286026.5640034,13767122.1957281,12180845.8111102,37899467.2008592,19086363.2847032,13154023.3519282,29554514.3554484,17030760.2103226,29102973.2717747,8622853.826899,11088893.5497016,46806596.0875651,27106577.8315815,14703475.0808971,22379467.288482,31154697.2835276,59286679.6188281,11016109.4148809,25060383.2273881
FT_1.048_439.10385,MW_440.11113@RT_1.048,NA,C25 H20 N4 S2,440.11113,439.10385,1.048,440.11294,NA,NA,NA,Full match,No results,No results,0,0,2357636.45139512,4411334.11410253,1309405.47068901,10712521.4960659,3283118.04827593,5392841.10852853,1160908.21425879,6675933.72642427,6567521.72069558,3979974.71920146,2395220.61604046,3035632.79551141,3926597.46113199,3129952.20733118,1285597.89082674,2209349.54850761,3282671.09444418,3172215.61613404,1286822.94027252,2342173.64068645,2896375.20734181,2207893.78871579,1144600.03956549,1575366.3654369,7314901.72917479,4840758.67847471,2457619.29240298,3827112.15772064,3610523.23945617,4627457.68913206,1127929.5756468,2419694.03289497
FT_1.676_437.21851,MW_438.22579@RT_1.676,NA,C23 H34 O8,438.22579,437.21851,1.676,438.22537,NA,NA,NA,Full match,No results,No results,0,0,2745505.25284353,3024225.64002484,3010965.55330477,8172522.84965678,4450036.32943338,8858520.38690328,2292223.05569908,6897828.90779856,7150138.48963801,4672097.7554182,3312593.24290397,2900719.03499539,6104517.63189316,5232648.88248508,2112765.16538462,2537455.48536068,4513961.48882809,6516242.64439861,3340230.3436654,4537954.42656404,4920731.10539025,4045367.24649237,2706815.69071226,2535880.25168503,11958432.3008137,6715371.79819699,2579488.23821786,5293893.22959659,6303692.51928194,6860409.01715479,2023637.65074637,2365400.87632115
FT_1.254_437.16094,MW_438.16846@RT_1.254,NA,C25 H26 O7,438.16846,437.16094,1.254,438.16785,NA,NA,NA,Full match,No results,No results,0,0,5648613.87857322,10214433.1432888,4469556.60384306,9825886.53356973,7419414.91719908,10545675.1789178,2985041.09449621,12173593.373522,10545514.3212715,9473436.48739365,4637813.77270567,6549027.24661712,6874499.17711545,10956691.4317907,4044879.15494921,4052577.79706737,5485755.06998605,5295206.73352627,5187011.42513411,6552274.3347963,4294031.45076525,4095128.10223173,11022423.2147121,3433744.48265013,11341538.5277544,12933424.6940236,2989616.95286694,6298545.22167522,10877181.1384092,12389894.1418347,2427641.64224094,8132378.50221196
FT_1.105_437.16079,MW_438.16807@RT_1.105,NA,C25 H26 O7,438.16807,437.16079,1.105,438.16785,NA,NA,NA,Full match,No results,No results,0,0,13047803.618184,17477080.1074959,10582275.5721291,12612991.8358861,24359404.1618788,15041817.8092679,6965535.12213377,11539439.210312,14042887.8349466,13125003.4631728,8098086.4322366,21089852.7249942,20042732.1154561,8239821.84129312,3545749.16815934,7449906.57153648,17365975.2350395,9648298.72577095,7183225.17099943,16526238.48949,4972617.17027241,9033367.632263,4772583.40108739,13268231.4882792,15320153.1471612,29857879.1063693,13497338.1983624,4440437.02336414,35850307.3780122,22269378.0262434,5334833.82647724,9710675.62253001
FT_1.162_437.12470,MW_438.13207@RT_1.162,NA,C11 H23 N10 O5 P S,438.13207,437.1247,1.162,438.13112,NA,NA,NA,Full match,No results,No results,0,0,20292599.2789457,15538317.189899901,15376917.101946,30880059.2816565,10690827.9393051,21172913.2634573,7209931.04985413,19978679.5607807,12651676.0080774,20725412.8654886,6777160.71969042,25286269.6182654,25062043.5428344,18279823.9227389,5029600.63589268,8744876.94386272,23409198.8515415,14671103.804753,5977361.02000911,9301712.74703423,8057950.42544274,11548093.4882699,7756237.25794575,12608810.6051578,21921741.3409226,7003715.20627739,6100656.09032231,12425913.4842994,21276544.5170919,19737746.2044458,3967399.04478372,7942957.28767277
FT_1.328_437.12457,MW_438.13191@RT_1.328,NA,C19 H19 N8 O3 P,438.13191,437.12457,1.328,438.13177,NA,NA,NA,Full match,No results,No results,0,0,13146809.7206402,38684418.465788,9793942.4950242,30639214.0964103,18069905.8821539,31710327.5652981,5742157.58754457,21975524.3729946,27370731.2119905,26086022.2004324,14668348.0749562,12621701.05887,19046763.5389751,25090087.946165,8870221.1532232,10460547.012732,17646351.3959982,20034153.3210133,8729320.85849565,18090678.323357,12916210.1583034,18392470.1355045,7301768.09347927,10656471.4013604,18674523.838166,20187356.7219801,9952670.75286849,17283237.5385691,17807636.1007731,22914765.8819165,7436719.25929382,14388437.5338467
FT_1.037_437.08811,MW_438.09539@RT_1.037,ethyl 5-amino-1-{[1-(4-nitrophenyl)-5-(trifluoromethyl)-1H-pyrazol-4-yl]carbonyl}-1H-pyrazole-4-carboxylate,C17 H13 F3 N6 O5,438.09539,437.08811,1.037,438.08995,NA,67.2,NA,No match,Invalid mass,No results,1,0,2207975.75762509,5007370.28671064,2396496.55030201,5753000.17835025,3565459.39358525,6722359.31596407,2137837.25786654,6603892.26178141,5304018.05871581,4989031.09522976,3416417.20253396,2835085.86085071,4902640.46705289,5039570.17258958,1878721.6797719,1948962.09734674,3407422.9462728,5037917.84461915,4143500.29980402,4518308.67118797,4707249.34205151,4081762.9367139,1661188.89825064,2097503.36091461,5977434.18109774,5438594.48916802,2477408.93164793,3997167.55710322,4413975.09268594,5086121.73689736,1196952.70126868,3038879.98066298
FT_1.672_435.20253,MW_436.20980@RT_1.672,NA,C24 H28 N4 O4,436.2098,435.20253,1.672,436.21106,NA,NA,NA,Full match,No results,No results,0,0,4076452.28319301,8968559.47506878,3891752.04552763,11549195.6432994,4948489.74634404,9539759.70674101,4829362.22815358,9083846.05530293,10240860.9332161,6132549.43162731,4931907.07935117,4242517.33218224,6485905.62676357,5038008.42010591,3857175.84841008,3757457.48527772,4996289.68061673,8669901.62761278,5599034.77184914,4991045.94986628,6447529.17174926,5108785.38483325,4581485.25435321,2687556.33051105,14696542.9671606,9427082.92906512,4193573.45632884,7183730.06527916,7628613.51005627,9659636.30329666,1995039.39874039,4163543.38601232
FT_1.099_435.18170,MW_436.18877@RT_1.099,NA,C26 H28 O6,436.18877,435.1817,1.099,436.18859,NA,NA,NA,Full match,No results,No results,0,0,10871360.4207228,10908212.0976193,7505237.27172135,17386144.6750972,4952841.1647871,10235502.4296976,5254512.85101432,4829829.70954578,6782089.79955676,14731540.2262931,6714324.88594889,4821815.11723724,12210606.2750199,5585052.55739686,6295847.1812048,2015753.10336077,6631425.24940914,12381262.1409922,6213650.95532363,14805470.6585061,7574959.20387213,2801332.24305271,3531172.94798062,2919355.99935975,13107410.1169133,15765137.3552736,5929956.51931031,9313534.16284599,4933983.91788218,16017192.5062909,2641651.18550108,10934239.0767354
FT_1.264_481.15057,MW_436.15240@RT_1.264,NA,C25 H24 O7,436.1524,481.15057,1.264,436.1522,NA,NA,NA,Full match,No results,No results,0,0,85116727.2023896,93999368.2617707,53469303.3703904,198875745.900885,87953656.3603461,163320586.912115,44233595.7481408,162810505.301398,127722960.773728,120759375.350703,92939823.2096659,96847104.7663238,111438223.362361,145778230.84965,64133256.3104945,52232440.8967155,108374737.641515,91544407.5326513,45415756.899504,123208728.08172,57836953.1920734,70871195.5360629,38237178.1277725,69696098.3443356,138228790.072417,104331775.763964,67942956.0666537,99368220.9763131,99869267.4008098,166280145.657982,41534888.7294178,104033247.830504
FT_16.005_434.87212,MW_435.87939@RT_16.005,NA,C12 H7 O8 P3 S2,435.87939,434.87212,16.005,435.87952,NA,NA,NA,Full match,No results,No results,0,0,47333089.8221528,52850553.4290272,53318539.6349172,19519374.1999387,57811959.6123802,87116994.7795573,59339688.8110282,166265058.700387,112541032.828327,9265768.81479745,68334731.134702,71425418.0398935,72628595.6317314,28034158.2532794,38570695.6711023,161666319.728902,46704468.2136348,53352953.5282867,44555288.299167,54376889.505274,77949768.2739699,27812141.9069944,31857917.8350362,45978950.2474502,64982632.6306453,49180307.3253054,56624523.6626567,101448915.459762,45378754.0348907,43150007.7680923,38330402.0481567,74028274.0875255
FT_1.494_433.22349,MW_434.23077@RT_1.494,NA,C24 H34 O7,434.23077,433.22349,1.494,434.23045,NA,NA,NA,Full match,No results,No results,0,0,18719136.3609792,16789456.0709295,10501459.7828234,66633913.5650738,24993302.3277091,57774238.6258993,9175178.49422881,52834135.8977316,32558523.4332673,38534527.4537997,16596564.7471346,22318947.840865,32101764.7320919,30569644.962802,9883004.06583066,14869213.0287472,39448019.5210485,12490644.4341064,7792195.68278297,12423032.8243713,20416671.0975269,20415526.5153371,9496916.10902805,5209082.63078081,31593585.7105998,32216886.8765589,18536666.7066394,25100136.991863,30543025.0985756,54376082.9920646,8399262.87714657,18162207.1917507
FT_1.127_433.12990,MW_434.13693@RT_1.127,NA,C25 H22 O7,434.13693,433.1299,1.127,434.13655,NA,NA,NA,Full match,No results,No results,0,0,7575978.64774893,6392168.69172976,7064762.24399993,6984831.368354,5709925.894963,10973318.7607825,6347123.62943782,6618202.91814072,11279779.2392732,4342670.06547064,11426881.0400313,7509681.11911123,12581930.4909652,10489915.3280872,5877839.81818594,6656333.00954196,6019208.53303275,9059243.1055182,8931510.85322797,4873457.11391077,9123803.31860195,4711707.26832294,9677512.00097192,7548527.27961759,1298402.26009787,13071530.8845625,7054528.3324702,9101234.21374355,9646570.17426095,6047311.3491692,6385515.69595999,7959737.07324344
FT_1.667_431.24411,MW_432.25132@RT_1.667,NA,C25 H36 O6,432.25132,431.24411,1.667,432.25119,NA,NA,NA,Full match,No results,No results,0,0,2428341.58358511,3063974.92558106,1956984.35993779,8963416.2737027,3914729.70183193,9805866.62226163,486356.256023972,3119709.46966088,3372129.01805656,5432632.56427401,3330912.25425143,2542413.69262511,3998272.85333402,3876015.89665509,1151184.73392553,2334712.73246344,3629692.37576998,2936761.92240509,2145508.85971364,2187980.71152248,3420506.59424262,3749575.32682062,661684.024470512,1348312.33676234,7954246.50562229,6281335.66446329,3655441.32422728,3782427.93076208,6257641.65449929,9668428.46434163,1641434.25550301,2241177.76553004
FT_1.663_431.20791,MW_432.21512@RT_1.663,NA,C13 H38 N8 P2 S2,432.21512,431.20791,1.663,432.21361,NA,NA,NA,Full match,No results,No results,0,0,3336100.35446804,7785229.60703402,3444899.6477513,9179844.39076747,6072958.17562116,8613455.18369554,2969640.02248643,6252645.82433283,8321206.27251722,5472733.30076797,4646749.22234817,4305941.09477272,6421843.40233216,4635716.64618689,2707525.71974848,4068041.97151522,6822177.77665411,5879441.06699859,2776842.34317007,4323506.20512664,5333302.88010126,10130136.0832617,2727996.78356501,2620792.59973553,10783645.185528,5962407.33063517,5261782.25102844,5548834.49262455,7791379.90771953,8077308.69677454,3677711.46913364,3644746.44567219
FT_1.206_431.20775,MW_432.21503@RT_1.206,NA,C11 H35 N10 O2 P3,432.21503,431.20775,1.206,432.21573,NA,NA,NA,Full match,No results,No results,0,0,8708890.18688671,19583517.6420091,3343146.05405402,10140114.8968333,8505826.11485286,12377676.8248151,3259303.98236387,10471032.5647003,7437560.79709722,5903104.87644898,4196684.89323392,4635536.8337716,9092248.34001433,5520166.2737517,8870918.01323074,3605609.8318098,7295689.80708484,7468652.20258122,3443034.74826946,4611078.02050293,15643729.145323,5548819.07452733,5342200.93869485,3359945.9652274,9201169.55357606,9171984.06377774,13073606.7930213,4390126.93959843,12761508.9198851,10238158.0363385,2846495.73709681,3668261.48269624
FT_1.180_431.17171,MW_432.17898@RT_1.180,NA,NA,432.17898,431.17171,1.18,NA,NA,NA,NA,No results,No results,No results,0,0,6051296.91909383,29820145.5248098,14851273.1185148,32188913.5197278,21107412.8944624,31578629.6598658,11079595.2482565,28046611.887924,32217089.9816372,13858875.047648,14009136.0506722,3308057.7150743,25482141.3667579,21785154.8563129,12621891.3663122,12329052.8376271,7765033.58612481,27406852.2326061,19219436.1903478,20840364.6783683,23406912.3437414,18937633.6535915,10005258.4068233,2580658.64651869,10620877.1934669,31545536.3717036,5287479.04782497,4150445.15171505,24460310.0589486,30503455.3980666,10478673.9065922,14875997.1256909
FT_1.433_431.13514,MW_432.14241@RT_1.433,NA,C17 H21 N8 O4 P,432.14241,431.13514,1.433,432.14234,NA,NA,NA,Full match,No results,No results,0,0,4810064.04322838,9282798.68437574,2656825.72908893,14700254.4234412,8359426.44954336,15126771.4490302,4299630.86159787,8404904.23182308,13322571.4506362,8490251.02724904,5112431.31445619,7299718.18850941,7484048.68914457,7986645.78675207,4375860.00424669,4206862.65823647,4952483.45603072,8167055.88562232,2871120.73200417,5011400.05094596,5526297.91405766,6626702.72821627,2897945.35326525,4683789.91465005,15452005.9585398,7623400.71723271,7565870.10651873,8635948.19272152,6544992.48950254,9775281.04871671,3785939.2753455,5762203.56018751
FT_1.322_431.13506,MW_432.14234@RT_1.322,NA,C23 H28 O4 S2,432.14234,431.13506,1.322,432.1429,NA,NA,NA,Full match,No results,No results,0,0,8539628.72160012,18729608.0670477,7480577.13289434,7277970.98063759,18202714.8608274,20524471.0238044,13647500.4923139,9312633.43132534,18401672.5405228,15044911.2821314,7567184.81249015,17482365.1358038,14868057.9945609,19943745.5452956,7136806.17607744,7979808.75233719,24069407.1993093,6393626.44872857,8104666.15640747,13177801.1853658,13267834.7073157,24632039.7514369,6470727.47401597,8245504.5274049,19290565.2223019,6989293.11012088,8834184.00409137,22168095.1925876,17701864.6269019,13421919.6588435,5862075.67321719,7319285.60763018
FT_1.315_429.22855,MW_430.23583@RT_1.315,NA,C19 H35 N4 O5 P,430.23583,429.22855,1.315,430.23451,NA,NA,NA,Full match,No results,No results,0,0,20459416.1009679,45351012.8880728,16933390.4072993,65524787.2272544,48672615.687694,60553492.7784056,19828158.5380538,25790522.9252845,77594544.5666915,62315986.4067824,34382153.0211842,27245744.0151234,42795391.8016592,59589096.6024972,31897918.755525,20147057.7203652,41038566.722228,51989158.049111,36276769.7214124,31987112.568382,31635517.2140383,59754899.5222284,17522384.22705,22923258.1071322,58599650.4313953,75012553.7786024,28118114.4684707,33776542.4188897,50290860.4609095,60687892.7153766,17210346.7266685,26807886.3020837
FT_1.413_429.22854,MW_430.23581@RT_1.413,NA,C25 H34 O6,430.23581,429.22854,1.413,430.23554,NA,NA,NA,Full match,No results,No results,0,0,24186036.2242655,62683054.0751465,19477734.0440364,74239953.6963519,46821611.826571,94731249.857562,14892883.7224699,39350326.9106863,63829439.5241308,50165697.3927661,26581339.2886794,31126647.0069472,48529586.6045156,41348518.9296813,24652068.407286,20010664.6757147,57596969.7378495,69250556.021015,29780678.6259965,27171347.1193887,37487207.470537104,35944712.5366372,17762607.577331,18190929.2541372,102296063.693463,59382228.0169543,32571816.5373794,42481897.0822825,56777215.3568002,88456340.9689478,16705740.4189184,23421493.0515932
FT_1.662_429.19233,MW_430.19966@RT_1.662,NA,C17 H40 N2 O2 P2 S2,430.19966,429.19233,1.662,430.20064,NA,NA,NA,Full match,No results,No results,0,0,3453640.56582326,8014420.88402653,3686178.25602227,7622498.78749129,4931293.82282005,7321243.20407059,2369671.46446335,6602613.28308518,6180158.8836785,5210603.65275055,2901162.66982458,4907777.6857882,5204810.41831927,4957904.00042004,3148542.31517939,3218478.65665839,7305689.9930893,6559548.21450771,2914311.19635399,3511758.15752978,4103992.82301587,4699667.65194491,2970296.03137431,2635295.43701791,10444748.9681629,6658260.70115403,3911332.22660127,5263854.68656443,6567892.84058935,9539781.07255529,2113186.00374357,4074634.86798645
FT_1.524_429.19235,MW_430.19963@RT_1.524,NA,C24 H30 O7,430.19963,429.19235,1.524,430.19915,NA,NA,NA,Full match,No results,No results,0,0,8367693.49986202,9543314.08758826,5961876.01545402,22369538.6523152,9995363.2181632,18874058.9565462,6704654.17460406,13846875.9993388,11871514.5734197,15402650.939089,8331165.94749512,8256864.92400119,12039385.105548,11827307.6675904,5463148.17864951,6342176.28085006,12220260.457756,14772374.5234773,5023116.35016285,9048112.27669002,9713812.0829886,12693824.4030886,3899929.04056936,5307395.9078177,24864652.0556364,14309230.5428387,9239260.77212795,16462168.5710753,16476601.2630461,34511269.4628451,4488485.87284954,6501070.58473546
FT_1.150_429.15590,MW_430.16318@RT_1.150,NA,C16 H34 N2 O5 S3,430.16318,429.1559,1.15,430.16298,NA,NA,NA,Full match,No results,No results,0,0,9593558.29004687,16853603.32942,8085123.66632098,25365404.6445499,14353472.8147431,23100795.9495521,7418888.07100076,16593522.2766112,19642587.2172333,19521924.2707045,11774850.6327528,8818295.16226283,17314674.5574046,13488208.017789,8744700.67052714,11913608.5756635,17210692.4570193,13665154.2411747,10141695.4301183,16385193.0839427,5321326.30160647,12340299.4745517,6354026.42262326,11454923.507999,24068418.503332,16993360.2009104,12249974.3693615,14546258.1058507,17041163.3119639,21409144.2004437,9023107.24236004,10679946.8087032
FT_1.670_429.15601,MW_430.16308@RT_1.670,NA,C17 H35 O6 P S2,430.16308,429.15601,1.67,430.16127,NA,NA,NA,Full match,No results,No results,0,0,3383645.14232994,5502544.66363213,2321409.73632343,10870247.0573319,4977052.01062084,9120870.05692122,2957204.89049666,7861885.92883755,13382540.5682471,6057402.57288216,4228771.12862006,5500385.4617539,5720419.12029501,6095778.70934284,3214609.39631044,3161276.55972279,5700808.09754158,8314362.28178624,4850248.14257712,4768813.43891455,3602916.18354404,5365807.78289879,1962838.88750452,1969246.22897761,8465646.7140648,6341173.73532063,4141432.59838639,5385708.82443628,6786389.83590158,8492507.4554768,1937388.45515811,3313663.04064921
FT_13.904_429.12517,MW_430.13244@RT_13.904,NA,C16 H22 N4 O10,430.13244,429.12517,13.904,430.13359,NA,NA,NA,Full match,No results,No results,0,0,11685205.7759677,13939076.5175343,25375477.754006,47858123.391872,25558885.5439939,26067408.4879855,33237911.8652739,17419583.0691038,18555330.0018484,17504234.7930742,21237205.2988554,11954612.7105295,21935972.5223061,24845872.362387,19237421.1012227,9545850.32819127,19924597.9939927,11881182.0881029,13042423.4570807,17174417.7474262,14579634.3851049,21658218.145233,15398428.8121668,12761501.722953,18338007.1804844,15711010.0054111,20224915.5600127,10959287.8421397,36373975.9554241,55270958.2547378,7016443.25239965,28009119.7636707
FT_13.283_429.12512,MW_430.13240@RT_13.283,NA,C15 H26 O14,430.1324,429.12512,13.283,430.13226,NA,NA,NA,Full match,No results,No results,0,0,70916686.7772975,100644577.874515,287188210.101016,393856717.200741,171356473.497942,269167869.368687,268403199.902737,15333601.0431783,97272467.9321323,82848585.395522,130241939.778535,97666859.8612403,103403994.809685,77467150.5109304,113797370.897606,6053543.15619429,108283948.937405,68180921.4635211,52859479.8487765,66255317.2508536,32664948.9162979,89720021.4268728,76349050.4961134,35026307.4035553,78222498.632504,74170045.9181038,78020690.6053562,55028150.063109,307884570.899921,434422770.419717,30858020.6717056,210274565.376011
FT_1.669_475.12491,MW_430.12670@RT_1.669,NA,C15 H32 N2 O4 P2 S2,430.1267,475.12491,1.669,430.12787,NA,NA,NA,Full match,No results,No results,0,0,4370919.61901601,13247232.8802709,3034029.17701335,19308189.5541215,8498661.75283393,11049488.9329858,2060646.17012521,13383140.0777924,15486486.2961918,4043144.15430141,6982882.97523526,7804589.78964363,10732074.4484438,5674374.07769228,2438277.05459882,4927544.55582199,5422413.58261176,12040109.187305,8504521.86339035,8877276.61498572,8908585.57934737,4119637.39764219,2987017.25674915,5025206.50626275,17716567.8772406,15340886.6292203,7126119.34242515,10456570.9905921,12316817.8967169,14751265.2120859,3492048.56703629,6098628.20166863
FT_1.343_429.11941,MW_430.12668@RT_1.343,NA,C22 H22 O9,430.12668,429.11941,1.343,430.12638,NA,NA,NA,Full match,No results,No results,0,0,10598474.9893413,33438574.2742914,12560979.6140505,35594378.7992241,21678225.9023122,37237481.0165757,10652408.287756,28463933.8912708,35452192.8841582,18869805.565533,11695255.658906,18880575.3384264,28141857.2041318,15832945.7241945,15787838.2406445,8284290.70392762,24306579.8641671,29831616.1237643,17717176.0533164,25846762.715156302,19739899.8493032,16438162.0420004,12026377.9651481,14099316.2792107,38795232.2310236,34178325.7014646,8794636.06009984,23410348.4799857,28929117.0416565,34320806.377239,6012316.17119828,16907678.4985447
FT_1.238_429.11936,MW_430.12664@RT_1.238,NA,C22 H22 O9,430.12664,429.11936,1.238,430.12638,NA,NA,NA,Full match,No results,No results,0,0,35357534.6716052,64788423.1776485,28348231.149559,79112239.5795882,40373143.1907439,64422765.8763524,13397853.4946614,56331975.3005154,61905032.3451611,57874320.6162363,30363060.869935,35844460.3054245,49204117.2384221,55606658.822893,23428872.0020944,27260944.3130933,45927087.4381778,46605736.5566463,23041513.993208,38038779.4183825,40618629.081092,54971887.722321,20775332.4134879,26980794.4762727,65159104.2431721,63868737.8981159,30163280.9463085,41717946.637216,55917774.3539069,67853261.4653093,23216426.2565882,38262387.9489198
FT_12.676_474.14656,MW_429.14838@RT_12.676,NA,C15 H27 N O13,429.14838,474.14656,12.676,429.14824,NA,NA,NA,Full match,No results,No results,0,0,26919259.7059643,25591316.5877219,46172665.3264408,55853277.7219523,31121862.778478,48611736.2859998,60362501.7649718,37877035.0338421,30278980.2909081,37992519.1429223,40893696.6058339,20348440.2948013,43812901.7992806,46686449.2578396,29744967.5083937,21156763.0590027,39572912.5001228,20630443.2824033,28969379.3444384,32009059.712131,14861915.5152083,31856866.7122789,31394388.7217759,20294417.8329423,38631437.4882452,29242350.1834602,27773557.6476498,18512368.7845053,49334770.8773011,69440074.1396085,13676805.3891412,38217926.4977277
FT_1.310_427.21304,MW_428.22032@RT_1.310,NA,C25 H32 O6,428.22032,427.21304,1.31,428.21989,NA,NA,NA,Full match,No results,No results,0,0,15144822.7104676,31971214.5466679,15598269.2163776,63508113.6872361,45219671.6237441,60553492.7784056,19828158.5380538,25790522.9252845,78087635.543939,39537042.5820587,30992609.0425209,27245744.0151234,26342175.6807431,59589096.6024972,31897918.755525,18411761.6327673,41038566.722228,36565935.0810773,36276769.7214124,17725345.1526979,31635517.2140383,59754899.5222284,17522384.22705,22923258.1071322,31600448.4281363,75012553.7786024,14700695.3555676,33776542.4188897,50290860.4609095,63474610.7084746,17210346.7266685,26807886.3020837
FT_1.164_427.17685,MW_428.18408@RT_1.164,NA,C24 H28 O7,428.18408,427.17685,1.164,428.1835,NA,NA,NA,Full match,No results,No results,0,0,6241959.15354657,15057162.3674421,4209760.35991768,17505509.4062805,11456001.949278,11226400.46078,18406134.7242502,12931832.6751012,17095271.4854454,14036419.3878027,6295100.13805257,10948218.3209041,14311329.0469769,14795951.5480843,5099172.56846125,7262218.72399759,13250961.4588168,12413811.2348687,10058499.4723319,10911722.6860717,12307669.0179382,11820304.1752848,7637094.03840947,24491425.1372687,18309156.6309172,11935925.9284358,8833932.4260018,13378402.8037501,9988924.19584663,16223425.7366299,4407934.05926762,9143908.92506522
FT_1.341_427.17662,MW_428.18388@RT_1.341,NA,C24 H28 O7,428.18388,427.17662,1.341,428.1835,NA,NA,NA,Full match,No results,No results,0,0,13877581.2510491,30600029.4880071,5765911.77421888,47551282.0580573,13690844.2479285,17721354.7453119,7288312.90940746,12419573.8826414,32810166.5876421,23866431.8556876,21691079.4518646,15526644.5537983,19632573.0135532,31682160.5444615,8921917.32222322,12884415.5856659,29872421.2123332,26776292.5824475,6875844.11164783,9275230.17634608,7596496.84365228,22343421.405714,6922287.85529958,8097960.68372998,50592991.7316085,25163780.0149796,12534354.1704373,25910042.3107658,13448811.3493002,28322702.656266,5179899.47784623,14127506.1476976
FT_1.408_427.14016,MW_428.14744@RT_1.408,NA,C23 H24 O8,428.14744,427.14016,1.408,428.14712,NA,NA,NA,Full match,No results,No results,0,0,13997481.2527687,17352681.4895933,13697016.3307332,34401817.6133637,18917903.0055008,62217683.5430931,5841832.94208638,24067213.1572642,24655938.7898992,19954764.7930515,24478296.2445044,14769804.1306627,21214347.3912235,32793537.5841762,9356022.8826797,11306580.8635503,22916319.2127207,23763434.0830359,13873587.2296536,26982387.7371904,17189142.0497357,21082795.6883806,7035999.34463999,10489944.2924032,36318954.4010378,38173051.5722453,19533771.837236602,17563751.6059843,24895188.3300107,56286588.1530302,10880346.6998837,18422417.8693518
FT_1.267_427.14013,MW_428.14731@RT_1.267,NA,C23 H24 O8,428.14731,427.14013,1.267,428.14712,NA,NA,NA,Full match,No results,No results,0,0,26124695.3262516,42343006.7987661,19154749.4724884,39359754.3896626,40591005.1368684,38998578.1514919,38173869.402887,42330908.1862383,70891231.8639328,44951233.4163787,25889032.8523674,27122474.6852094,44583473.6989387,60275614.3780363,35201580.6483419,23657442.4149681,28684991.1616057,53950653.3150634,22156633.9834019,42924372.2417171,38169846.1109705,65891165.5615948,22615106.4405759,25412579.9756243,43326482.14366,50186655.6254782,21030017.4993626,28942131.3794214,38378601.6919272,33158900.4359528,22106232.2651221,33381106.3790683
FT_1.579_427.13995,MW_428.14723@RT_1.579,"(2-{(1R,9S)-3-[4-(Methylsulfanyl)phenyl]-6-oxo-7,11-diazatricyclo[7.3.1.02,7]trideca-2,4-dien-11-yl}-2-oxoethoxy)acetic acid",C22 H24 N2 O5 S,428.14723,427.13995,1.579,428.14059,NA,72.1,NA,No match,Invalid mass,No results,2,0,15671755.2214922,19168665.8044757,10650008.9825389,87028359.4219582,19831569.9543594,80576451.2726291,4005173.57826772,26738754.5240648,24540473.4507339,36570341.6228829,23239359.9672238,8579682.5571241,25847685.8251784,31138987.1621929,6115033.65262424,12104490.0089702,24138094.7323707,21432242.1847336,12158309.9341895,27791895.2187123,20645126.0735131,19852671.8419724,3873312.43338254,9592684.23757762,35309912.1755885,45744137.1849287,20267178.2695746,18408311.7708529,7900486.86325357,54667870.5512429,8543707.34899402,14943053.7382237
FT_12.214_427.12053,MW_428.12781@RT_12.214,NA,C18 H26 N2 O6 P2,428.12781,427.12053,12.214,428.12661,NA,NA,NA,Full match,No results,No results,0,0,7772083.90614902,8036989.80786291,8745146.92789087,8258775.48160151,9498944.01982795,4977782.59677528,8326773.14032659,9517602.62587145,5565851.7519899,7744605.35437715,7415674.58224721,4882307.18703238,6404655.8485433,5535602.90697199,4076273.57032498,3929897.63038619,5999190.85587992,4441304.60939676,4917621.47517679,4638597.66653458,4325718.22109606,4732541.00100774,4236147.47321444,4563553.25366867,6636922.97253857,6584031.52099572,5513090.92827518,4686952.11035325,8726982.97470395,8056077.82085924,5082064.54670283,6791387.08045342
FT_1.316_427.10384,MW_428.11112@RT_1.316,NA,C14 H26 N2 O9 P2,428.11112,427.10384,1.316,428.11135,NA,NA,NA,Full match,No results,No results,0,0,34183049.5655724,33300016.8253449,28348231.149559,19515603.3369578,32983305.1160267,55863346.3426756,20578322.0422132,53086003.060809,51442117.6659427,18869805.565533,8060458.96520374,8861190.73640233,34044479.9522423,23014508.2257495,19929383.511338,18478552.488297,45927087.4381778,46605736.5566463,10071500.3106639,38830021.0603038,19739899.8493032,34464712.2881118,18591357.9967391,26736232.5649138,17430728.239354,51976695.4682459,8669337.67281998,12527071.5356724,48536971.0331073,65095424.4244268,23216426.2565882,37887962.8994828
FT_1.374_425.16098,MW_426.16832@RT_1.374,NA,C24 H26 O7,426.16832,425.16098,1.374,426.16785,NA,NA,NA,Full match,No results,No results,0,0,11181105.2652594,15972284.0749059,7217776.71675976,44289888.7558891,13212399.7460499,51178405.0116115,4580416.48960191,14666822.7331719,25969814.9419209,47688595.6064115,8922957.55259651,5955660.68679048,17597931.2811681,31279256.0960837,7475687.73721712,7814254.47530636,13437924.9109552,86215102.5128432,4674117.65157142,10766293.2588511,14652747.4180876,11980914.8780412,4037130.34783881,6716787.6558405,35895641.7927324,40413523.0690888,22041085.4386025,5518041.34334365,13448811.3493002,29383271.4777036,4176387.78723243,9256303.50099966
FT_1.670_471.13034,MW_426.13200@RT_1.670,NA,C17 H18 N10 O2 S,426.132,471.13034,1.67,426.13349,NA,NA,NA,Full match,No results,No results,0,0,6330861.47619386,6703511.01898885,7218133.77278982,18724090.2423928,9429191.78138158,17616577.3444665,5367810.03759575,13555462.2615617,10628973.5982917,5700613.70328726,3078078.28643184,7801024.27123041,4831073.99564867,11708989.5018268,4959415.80163023,5261364.49868773,10751578.5407879,13253269.3154861,4047903.42068307,7766658.36562142,8239622.20322554,4412658.32679623,5566394.09826703,5516996.71638856,16431133.0367492,12972949.8695371,6315510.98538873,3466682.69094299,6086172.65683025,7742872.69911484,3810508.34153298,2756521.31514057
FT_1.368_425.12456,MW_426.13189@RT_1.368,NA,C23 H22 O8,426.13189,425.12456,1.368,426.13147,NA,NA,NA,Full match,No results,No results,0,0,5684461.1685493,17768796.877596,5533830.09086116,19718901.6978538,14430518.5825473,41610547.9816097,8970647.35171755,14105798.7675271,56148579.3412364,17549608.0751669,8273995.55420299,8953415.6866084,11517168.7978205,17284047.1633074,6847227.15473819,5614968.49320923,11547703.8398084,17046171.9611802,6236261.40521658,12923527.2898708,8579302.52876606,12875596.7336844,4744565.9585471,6591722.83784829,20599860.4151844,18172343.9498803,8952225.21206616,13215614.9448999,14392679.5279456,17822456.97473,9970875.44896095,7298286.35911003
FT_1.478_425.12450,MW_426.13183@RT_1.478,NA,C18 H27 N4 O2 P S2,426.13183,425.1245,1.478,426.1313,NA,NA,NA,Full match,No results,No results,0,0,3753555.64115886,6896195.24226927,2990351.97032365,13582750.6246597,3697882.01132256,9018622.59841505,1924989.7431425,6093315.57625786,7457067.78031573,8131102.25772741,3197009.47648973,4417967.94282872,5275882.88668925,7681354.72914265,3077764.65535052,2071264.37406776,6039092.09240719,6381879.58781868,4504698.90693658,3147758.26851084,4217927.65375104,4363100.00947807,2382232.18330588,1943755.9390999,9068987.09557706,7082654.6432768,3085416.56328061,6188324.62529518,6480441.2506057,10652651.1821796,4574621.28297963,4689876.94134771
FT_1.147_425.12444,MW_426.13176@RT_1.147,NA,C23 H22 O8,426.13176,425.12444,1.147,426.13147,NA,NA,NA,Full match,No results,No results,0,0,1084261.34172108,21410314.7303277,10329612.81962,57017738.0828535,12809231.2439593,25115620.2512463,1211422.78933225,18956931.9315437,1769618.97784967,1451588.32410899,13049208.5114119,11317158.2649348,15407979.5904593,1395306.81112724,12312745.8306817,931863.69683546,1242034.93355155,1294824.53901807,18780320.7128137,1423139.6473936,1206635.11110282,1319133.14674606,8339647.00118797,853937.994606529,2119651.60024541,1715145.92184153,14375455.3399372,1305050.51083109,16994861.4386563,50372696.7029488,8945142.46710723,1256861.31177728
FT_1.563_425.12443,MW_426.13175@RT_1.563,NA,C17 H33 O4 P3 S,426.13175,425.12443,1.563,426.13124,NA,NA,NA,Full match,No results,No results,0,0,3409650.25394499,3667654.96230956,2392529.1509065,9443365.58511784,3982911.85921235,8293188.66972052,1689655.60208238,5493914.67828896,6662893.3504476,5751071.1307546,2701432.24253407,3267018.73813286,5270722.68178099,5451721.58914419,2995409.31659875,2123142.48346982,4860619.09739676,4433302.29934509,2948953.28513779,3955520.5909053,4351121.70183061,5578466.20594814,2794272.17559356,2733087.14559233,7610225.92563178,6736705.14945203,2224303.73369108,3364851.91651506,6609814.80000408,6441879.58620438,1441896.50711031,2628654.53912529
FT_1.330_425.08821,MW_426.09549@RT_1.330,NA,C22 H18 O9,426.09549,425.08821,1.33,426.09508,NA,NA,NA,Full match,No results,No results,0,0,7583303.1625736,18520915.4999507,8450430.97478879,14168137.1921815,8798326.93585106,17354388.457913,6725770.50851818,15742132.7057452,23734259.1154318,14364930.4476219,9304464.51274355,10703801.6166805,14034843.0739951,11952772.8766474,7163590.64447932,9274204.88689862,14206276.2380056,14749883.1550196,12726107.8964767,11532816.1707878,14573678.3528881,12475828.7802784,5914147.93970512,6683051.30879114,17989810.7218499,22676240.9716313,8769036.52714692,13482133.7628602,13595589.5390032,11494903.1267008,6355751.29900338,9818313.31884838
FT_1.106_423.18185,MW_424.18912@RT_1.106,NA,C19 H37 O4 P S2,424.18912,423.18185,1.106,424.18709,NA,NA,NA,Full match,No results,No results,0,0,6583361.74268744,4507800.89072376,2722100.66195209,10643113.0255339,6199410.77845028,6532288.27939347,4968461.30191481,6063615.63838778,9099709.71163946,4884505.34149455,13946586.7760739,6052755.74183804,11850293.4933327,9393730.54840397,3725061.00670228,7331603.87241216,8835687.81554395,9166823.00244628,6423835.30403085,7548560.45654107,10900329.9163617,7844067.65578915,4946450.90887512,8446873.24863922,9126111.99427115,6356601.97070587,5161036.93271826,4212347.90691087,8299694.19126875,8579073.17159192,4455266.4140152,4387605.39735542
FT_1.394_423.14534,MW_424.15251@RT_1.394,NA,C25 H20 N4 O3,424.15251,423.14534,1.394,424.15354,NA,NA,NA,Full match,No results,No results,0,0,10487813.3376608,16839017.7458545,6655310.42772097,17702023.4884524,12717474.9426857,29024180.9344413,6159583.82836118,12421255.9749581,20438928.2863754,20513135.303284,8922957.55259651,11585466.7464817,18291598.6054626,16142882.8015651,6263453.87691281,7762014.77889721,15481658.4576307,19044246.4652974,6742931.06286388,10398620.037429,12565114.7308148,13277470.6786401,5368399.76087246,6716787.6558405,25388548.8535996,16302389.6579382,9348913.40153227,8382455.39771947,18517318.3047693,25082731.7770955,4943048.64939159,9256303.50099966
FT_1.670_423.12996,MW_424.13723@RT_1.670,NA,C20 H24 O10,424.13723,423.12996,1.67,424.13695,NA,NA,NA,Full match,No results,No results,0,0,2907720.16631581,5202457.02198949,1981114.1768665,8484071.57571598,4453816.07506989,6097983.81872664,1922876.77648468,7115074.40792725,8493941.0990307,4874331.4609045,2810503.44722339,3031004.4187709,6791095.58307706,5418034.56666259,1856996.05751544,1767838.68526829,4228407.35201485,4804275.26012627,1903677.85466831,3098007.55225508,4205424.74963936,3946979.94291589,1597587.36382961,2929024.51741584,3461889.77909177,6718616.21077508,2661461.25847319,3809448.99348847,4232287.93450658,4684765.23230155,1299059.02572882,2304508.13578092
FT_1.145_423.10924,MW_424.11652@RT_1.145,NA,C15 H26 N2 O8 P2,424.11652,423.10924,1.145,424.11644,NA,NA,NA,Full match,No results,No results,0,0,12118990.8599294,21240607.6111264,10329612.81962,23729470.5903357,11159114.2167508,7500114.76875844,3643271.18629171,17993272.0344899,21666715.3856595,16440007.3833185,13049208.5114119,9814479.91926712,16034499.2789136,16523624.3621321,10389000.1962827,9416787.92973194,17561690.3434586,5217771.04417753,17370596.7766195,14532495.6191149,16653700.8415595,13022422.3184166,8220214.70575876,10557546.6111164,18828541.8881736,10713780.4347599,8657150.49697725,14953877.4462698,16994861.4386563,20796150.2892634,8827894.97603777,13126702.3676372
FT_1.291_423.10895,MW_424.11626@RT_1.291,NA,C23 H20 O8,424.11626,423.10895,1.291,424.11582,NA,NA,NA,Full match,No results,No results,0,0,11787878.7587062,41059884.6012546,7786418.12145894,20062475.6302174,10798169.9484012,20520715.5069203,9088296.60887842,24836327.2252551,35227618.7500257,20848132.4093838,17236916.3524425,26338141.5835776,33860965.4179664,24410523.4398436,14788529.1284625,5991777.27497446,20138105.2844924,20551516.0741016,18811505.7151592,12794861.4966835,10501897.3035065,18477764.1758503,4827126.96940373,8098847.55174751,25893274.72616,30817925.684894,17172703.0113441,14068354.4404888,15792617.3013876,25656897.0590039,6202303.15389646,10961562.0345635
FT_1.051_422.78092,MW_423.78820@RT_1.051,NA,C13 H3 Cl3 S5,423.7882,422.78092,1.051,423.79039,NA,NA,NA,Invalid mass,No results,No results,0,0,2119545.00998261,1284812.97857206,2574832.64511072,342809.71349332,5836665.8631012,329612.753583952,2321665.20498496,245983.866844036,3499959.35158602,198619.816482411,2855022.23221801,5546551.42583807,2027950.74723232,194843.417248357,575027.581390077,6751862.44444632,3872710.68176103,5340054.72021021,1102782.23583429,340869.567568849,2632219.97816249,160783.661647397,1052199.5132156,133037.683341655,8267652.63886907,273073.145931949,1328555.55371488,1051063.81140941,1208778.12495755,211783.383111326,1089165.1593613,178989.34520861
FT_14.761_421.88802,MW_422.89530@RT_14.761,NA,C5 H8 Cl N7 O4 P2 S3,422.8953,421.88802,14.761,422.89636,NA,NA,NA,Full match,No results,No results,0,0,7595023.75740778,7100458.40063939,6010634.35865119,12826823.8875855,6249594.10895381,10404609.9443105,5501141.13644114,7117130.83145885,5344234.03824292,3740945.15386192,7862337.91805273,6681421.16864751,8733217.12871692,12622860.2925389,8429610.40793493,5368338.4836152,7512449.84328819,7784528.12918888,5661627.22044495,3288766.80586502,6259665.89823919,12137495.5168039,7140309.35591539,3535290.13122864,6577126.70591091,8865506.09026361,7875256.53351303,4118046.23836325,10995722.9803612,12823954.9591961,3101328.50513984,4835409.85397297
FT_1.647_421.22384,MW_422.23111@RT_1.647,NA,C23 H34 O7,422.23111,421.22384,1.647,422.23045,NA,NA,NA,Full match,No results,No results,0,0,3844210.37056433,7482436.77516338,2802868.95488264,11172730.2948651,6604371.67738649,9456586.56377707,3908227.56900069,9227823.83586029,11542619.5487456,6329537.44764546,4474496.18947184,4707882.29758916,8288882.27141474,8243818.27856443,2710094.05911071,3836242.92719397,5540003.58405454,4099480.49898958,6473605.81552949,4376476.87740885,5364270.93424677,5564320.17641231,3412385.57302529,4363068.29008218,13919930.1643418,8908018.86280185,4386136.83159757,6892054.22142333,8476404.72182828,10266104.2550217,2204491.01924964,3415599.39128863
FT_1.186_421.20261,MW_422.20948@RT_1.186,NA,C26 H30 O5,422.20948,421.20261,1.186,422.20932,NA,NA,NA,Full match,No results,No results,0,0,12505419.4285274,4506520.96982785,6383853.8834795,19618096.6804604,6315945.68222747,13849261.6152266,3225951.36725247,9417366.75767582,12552525.7968086,12195443.9961945,8168785.48822021,8807746.45437115,12139937.1748391,8877004.59214032,1732871.75154696,4519180.85763424,8501223.88921582,7935053.79807727,1443316.7946201,10771649.2964086,11178317.0118921,4578347.45711478,5651317.97481556,3545734.57208993,5879618.10203641,11742242.6342645,2493558.75817274,4780635.15592576,8163901.94626249,14144518.5474284,1854414.63431226,5990589.52198546
FT_1.675_421.18688,MW_422.19415@RT_1.675,NA,C26 H32 O P2,422.19415,421.18688,1.675,422.19284,NA,NA,NA,Full match,No results,No results,0,0,2336513.25874343,4109510.36736545,2563186.55773503,6837210.91523774,3712755.54473693,9290383.73183349,2681949.61702956,4754335.38876749,5169386.87706649,4096938.33492772,2355044.02471477,2155534.12238631,3741683.50854778,3259837.9808156,1369071.72617843,2866471.96767224,3932796.23728342,3784176.76755612,3295311.60598677,2210963.99264943,3906559.59935673,2391061.01718998,2147456.9134206,1668679.86316194,7380631.53531343,4303008.49525926,3125234.69375936,2777196.55536789,3786186.40613115,6452969.49126747,975018.148401178,1514749.59637732
FT_1.244_421.12991,MW_422.13714@RT_1.244,NA,C9 H28 N8 O5 P2 S,422.13714,421.12991,1.244,422.13786,NA,NA,NA,Full match,No results,No results,0,0,5164980.25778646,12534448.4505047,6664804.76391274,15155009.5133399,8047623.24138219,13985721.5753713,4738752.80150023,7809786.14665685,8512158.6149912,10547224.5618567,5148347.05857465,5824278.75227483,7612611.92916887,13208598.9051034,4504898.52814655,5662135.9264222,11759711.290786,8162941.40865665,5545241.42777551,20007898.9358117,8626657.06567787,7204291.3089165,3602706.45124883,3879846.57418599,11952369.7410788,7879237.18476906,5333552.7377654,5405933.73078035,7302884.40882816,22629088.7994457,2990626.45845099,4669894.23233522
FT_1.113_421.09313,MW_422.10047@RT_1.113,NA,C23 H18 O8,422.10047,421.09313,1.113,422.10017,NA,NA,NA,Full match,No results,No results,0,0,3935521.79609578,6247754.97707711,2702202.74204281,9926709.43254851,4369061.637439,5630334.1495739,4042366.11494683,8513015.39521859,7311675.03648324,1653177.24666549,4885264.92207447,4527630.79728481,8025465.04582642,5535735.20936652,2713803.2695608,2418748.23082909,6681025.45727533,6279473.81641942,4383392.08410216,11927969.073329,9791373.7294114,6628517.46550066,2215528.24050155,3313369.02305473,9266932.67536313,6911062.9088403,3653772.14638466,5337907.60475496,5070330.01408539,5129920.28322792,3530886.61911253,3476950.94400906
FT_1.356_421.09320,MW_422.10047@RT_1.356,NA,C24 H14 N4 O4,422.10047,421.0932,1.356,422.1015,NA,NA,NA,Full match,No results,No results,0,0,8019618.21440715,18795960.6815244,8519476.79357604,17071437.2716336,17014486.1546085,16415451.135061,6824017.71678581,26189262.2479222,29097634.1780821,14565284.0791533,12046843.5376891,12428396.9176773,22722538.6440765,22675120.9744245,7997891.81115873,7281654.89233488,11590836.0771522,18801250.840263,18294398.2111182,16197490.9395798,18188234.7630704,16582120.8544402,6059619.20037307,10399319.9501582,22175778.8616456,21173623.8229321,9013971.84468763,16504800.8171304,18795771.3588752,15618921.2459917,5538758.00550019,11030891.4129253
FT_17.118_421.07555,MW_422.08283@RT_17.118,"1,5,8-Trihydroxy-9-oxo-9H-xanthen-3-yl beta-D-glucopyranoside",C19 H18 O11,422.08283,421.07555,17.118,422.08491,NA,69.4,NA,No match,Full match,No results,1,0,1247837.46576729,2546418.8394499,4671214.02514803,5466613.3398939,2651062.88523935,3284071.76597953,6052230.974923,3387142.9925148,590391.361355079,612738.114576065,1004836.06855041,791887.796107857,867616.183736368,507955.78555782,635820.724354955,683981.844623553,1027365.17971379,341300.428165843,493524.132569172,930626.345236719,406375.335737034,1120643.19213805,1791389.37764546,1133611.73064898,1579542.12145537,947607.32981245,1293032.89465644,695296.049648141,6176507.35355368,6554233.17864876,839081.742259874,4819014.92731697
FT_12.806_421.06605,MW_422.07333@RT_12.806,NA,C12 H22 O14 S,422.07333,421.06605,12.806,422.07303,NA,NA,NA,Full match,No results,No results,0,0,6470237.56319578,3338375.39359748,9422166.64363353,8782923.12344158,11843182.7253756,6245314.11394571,5409948.41466409,5183751.63179653,4559534.44130739,3438148.70523446,3680245.46743904,2528394.61651119,4012408.76724988,2676456.4172874,2623666.60062546,1792625.99817225,3462193.74631147,2740647.06403069,2304036.24032868,2426200.24567927,10560150.1430651,2956333.91277076,2030402.45785164,2124542.06685303,6504296.87343157,2544230.53254311,5026269.45964767,1999134.90386821,8035257.69190582,14610629.679684,1645785.69795194,4746098.93632503
FT_14.186_421.06603,MW_422.07330@RT_14.186,NA,C15 H25 N2 O4 P3 S,422.0733,421.06603,14.186,422.07479,NA,NA,NA,Full match,No results,No results,0,0,1760251.38902418,5455304.39488592,4802560.43683233,14613221.1485014,4583459.21207131,7406240.77961689,5221920.19823881,6215967.02653628,1838905.58444727,5676867.1085717,2814754.24927314,2114609.78117784,3646334.46492983,3909933.24488691,2350702.22226546,1641370.33483777,3860760.44982575,2193594.67523641,1438704.27244174,2740889.97877923,2158360.01406819,5164675.28774203,1382344.4405469,2357236.27691745,6890790.4726547,5906728.89269283,2524531.24796207,2691584.24043652,13626643.743192,12418122.0273024,1284584.71086023,5348551.96644115
FT_14.370_421.06602,MW_422.07329@RT_14.370,NA,C15 H25 N2 O4 P3 S,422.07329,421.06602,14.37,422.07479,NA,NA,NA,Full match,No results,No results,0,0,4038516.59035573,6922338.608108,15661437.8319546,30951239.1061423,7270923.14859512,14241682.1684958,19517221.5195349,12151609.1541977,3752667.47477728,12000252.1231393,7916289.17183256,4231580.77127317,5284927.18371272,6916874.6584119,4455110.09501391,3448641.60182065,5388442.98490447,1983172.23500878,4376769.64266593,5551877.3656753,1454805.69108198,8738085.04160891,5711688.73110734,4084116.92954947,7588265.15571542,8060247.91144802,6402010.03959352,2878177.4126657,17786033.1637518,27294794.6527239,3249055.17088361,12251767.547203
FT_12.588_421.06592,MW_422.07320@RT_12.588,NA,C16 H24 O7 P2 S,422.0732,421.06592,12.588,422.0718,NA,NA,NA,Full match,No results,No results,0,0,70325674.6526552,77669499.9713741,134272545.084193,211872533.095451,129638434.26433,137599464.340176,148942641.151488,120383466.893242,72777332.2556629,133326241.355576,94533333.9458804,60268113.0509825,109853499.30266,91479670.1819409,66862063.3881784,57980743.8528576,91200139.0149131,53122513.9945731,50561693.8586854,69236535.998884,73492502.4255049,106610271.013279,55299635.810306,43392099.5016123,143156307.12187,79151305.3401515,81526061.1532587,59524344.5495875,183390366.033735,226147685.448196,42007248.377831,102837100.700554
FT_1.254_419.20809,MW_420.21537@RT_1.254,NA,NA,420.21537,419.20809,1.254,NA,NA,NA,NA,No results,No results,No results,0,0,12505419.4285274,3590749.93804851,6621612.32850723,6102760.91277175,2164997.54205409,5461368.7410697,15151277.7829714,13354526.6376747,12410947.2621038,12618592.1105948,2980221.18453004,8470745.30472564,12252831.926077,9119205.49891752,1732871.75154696,1731469.8299808,3123172.53330596,8559094.85400152,6772062.39987046,9289364.44664867,10530754.0435705,4693678.61309014,4614876.9179473,3757334.77874999,2092845.0473067,5635517.25858893,887177.438102117,4685995.69866441,2554461.53578368,12033804.04414,641746.858727696,6080991.54498378
FT_1.558_419.20800,MW_420.21528@RT_1.558,NA,C23 H32 O7,420.21528,419.208,1.558,420.2148,NA,NA,NA,Full match,No results,No results,0,0,5609430.58579475,10825481.9052701,4215522.6399947,14054224.7513147,6996066.00153649,13034813.1602006,5283169.86200217,10587788.146088,4638686.45572793,8635656.33288317,6568685.48763138,3760647.83490428,8637633.51340501,8908977.06457637,2898662.72277003,3361523.87886177,7614153.71807979,8864307.34487478,4620048.23103393,9289364.44664867,8377838.37218121,5909612.80164233,4146430.48973735,4281646.87643906,16387512.9210542,10971827.6453214,5123314.26384356,9680461.96118424,11891546.8290358,12645059.9940002,3501114.53507682,3225302.57371385
FT_1.659_419.20802,MW_420.21520@RT_1.659,NA,C16 H32 N6 O5 S,420.2152,419.20802,1.659,420.21549,NA,NA,NA,Full match,No results,No results,0,0,3646658.32884765,8352016.53683323,18990020.5151606,9529732.33728236,6880029.919691,8696294.4341047,6224578.59933657,9066138.1507055,9309266.89504936,5730989.33742602,4357117.84229862,5411118.98754153,8007323.48779334,6033195.51344113,2355922.92716225,3280260.96793113,6173931.06889669,8363885.57715105,5469576.54610701,5032219.19020007,6013258.18699596,5863717.66344209,5872048.64097473,3469205.31618625,15725781.0394945,9133375.85617671,4206845.23783627,5890134.96106085,7842070.18292258,7998052.27582,2388839.14125256,3851216.97191784
FT_1.150_465.11990,MW_420.12172@RT_1.150,NA,C19 H17 N8 O2 P,420.12172,465.1199,1.15,420.12121,NA,NA,NA,Full match,No results,No results,0,0,13434058.1082959,23886706.7156067,5015538.90951115,27255901.3357145,24773797.9662646,82904525.2871075,14586654.221322,23204307.6490409,49751462.8215618,16890126.4921474,21864640.5911245,23008654.5053504,20416311.3495191,17643663.6220332,13239019.6955991,15323445.9183947,18060904.6486379,17479752.5562231,21440806.2514014,22158451.9513735,23123945.5274769,7684135.26093764,13528720.2027555,13034855.9785725,32063044.3050483,24618729.6238856,2811265.58094942,25407358.9729822,7156990.15237809,5249223.47321294,10865194.8215578,15773097.9428162
FT_14.250_419.08676,MW_420.09403@RT_14.250,NA,C13 H24 O13 S,420.09403,419.08676,14.25,420.09376,NA,NA,NA,Full match,No results,No results,0,0,7724481.92267093,3422605.74949104,4335679.21029975,89777.9545913542,10807604.0067267,1536092.77993448,3353592.92372062,1072027.06689901,2475212.15672941,67001.3191008365,2840387.02658096,462234.815637525,3113484.33847211,63504.7560464299,3426086.03586949,2339966.39136696,667478.682406827,2718320.10740341,1321335.38064672,210113.54339507,3827180.53667522,406628.996090988,998081.31840289,247957.789252755,429304.382953377,604806.367661017,2987261.47310222,2653725.63663597,463226.090876825,93196.3134737957,2492437.10074783,230902.954654679
FT_1.413_417.22861,MW_418.23589@RT_1.413,NA,C18 H35 N4 O5 P,418.23589,417.22861,1.413,418.23451,NA,NA,NA,Full match,No results,No results,0,0,8213390.29154426,9086974.14457624,3445611.90857039,12247756.6657262,9929565.5664799,21911412.1936762,3735310.00539549,7575386.49569245,12692473.1678578,16368437.9080473,9193721.66152932,9318256.03874005,14204092.9445749,15443784.0407657,4510379.0136393,3171578.37903476,12092944.2396816,5114364.24999799,3422771.52921088,13847409.6704284,6781585.52963953,7403046.32703675,2432371.44539596,3894634.15969007,25251839.5264112,12900060.7716652,7276875.70048876,11840599.1619961,9947342.24747645,10801392.276472,2236497.92449603,7636808.50422488
FT_1.225_417.22834,MW_418.23566@RT_1.225,NA,C24 H34 O6,418.23566,417.22834,1.225,418.23554,NA,NA,NA,Full match,No results,No results,0,0,5729662.89104671,3768796.95611923,1489679.01354497,8128107.3499827,2385779.56295114,6016885.50835777,1754118.87382146,3883991.79045562,6804301.77400184,5866138.27545184,3352569.08454057,2021430.78253812,3312622.76505248,3128666.96371737,1971900.35048621,2485250.80904564,6350437.28367295,3154761.75500545,2922258.66388835,3756067.65965925,2727999.05201464,3068785.60838336,1340293.96044651,2368731.80617596,18219327.8232715,14072247.9162541,3211064.46205995,3774927.53281161,2582464.17370899,17889900.159698,1479462.78930648,2119235.32980094
FT_1.668_417.19239,MW_418.19952@RT_1.668,NA,C23 H30 O7,418.19952,417.19239,1.668,418.19915,NA,NA,NA,Full match,No results,No results,0,0,3427653.06954076,10358836.6630196,3617563.64004188,9013626.41210014,5879136.17353419,8841908.17224588,5554817.53650241,8971938.73707881,10901532.4564103,8527506.25147017,4045169.98050389,2845618.30215608,4141615.79770572,5369211.38104671,2783056.01502653,3496141.35459815,5828993.39535566,8363885.57715105,4385767.16330618,4112967.71709093,5346381.88631257,5064567.76721296,4997443.35015773,3469205.31618625,9576424.67680548,9133375.85617671,3946936.6345722,5486884.82135012,7027740.61091817,8748577.00161194,2388839.14125256,3365927.74374526
FT_1.672_417.15587,MW_418.16307@RT_1.672,NA,C23 H22 N4 O4,418.16307,417.15587,1.672,418.16411,NA,NA,NA,Full match,No results,No results,0,0,2874570.86004879,7472566.07499117,2650691.29774484,6798209.70564364,4070511.0834639,7549727.15532442,2859128.57784663,6327962.12516752,7069144.44071697,5671785.54177808,2797438.6980553,2894150.33597827,5043930.35170982,5927195.26599159,2122978.27985945,2990173.88995373,4066997.26581563,30264594.023979,3472636.94897508,3185835.2191092502,3241264.3754691,4666763.56284848,2548820.87345779,2219982.96065916,11726078.985205,6175852.97731761,5058146.38914389,4619241.28841088,5171360.21888535,7935018.18146457,1632139.20599651,2271182.93197322
FT_1.313_415.24926,MW_416.25654@RT_1.313,NA,C19 H37 N4 O4 P,416.25654,415.24926,1.313,416.25524,NA,NA,NA,Full match,No results,No results,0,0,19796646.0356477,43644295.9513836,13525325.7852485,74839155.0286774,35043978.8603753,72747252.1459911,11549093.8958746,24656667.4540686,64607728.9975162,51913197.0845354,28815159.6394054,21977113.3257132,37126858.1089997,45480444.9120387,22112970.937353,15942257.6551806,43735222.8779499,41196411.5762719,18946396.6206316,20980264.4998244,24364572.1255489,40972236.9028145,10076188.0516167,17565907.3009665,69150237.4846953,51161274.6051824,24315242.3686692,31480668.0531351,51714293.2858198,78083769.8655273,15389606.046241,19326884.3000229
FT_1.422_415.24924,MW_416.25652@RT_1.422,NA,C19 H37 N4 O4 P,416.25652,415.24924,1.422,416.25524,NA,NA,NA,Full match,No results,No results,0,0,30196406.6555387,48525979.588722,17508269.6029015,101810060.503029,36467770.8664121,108156178.723447,10102452.4072957,34224688.1413762,45390962.0444797,46021476.3944553,23837589.5262023,25742806.6896687,42992680.5423445,36292628.5263059,12567046.0724087,25086444.0808695,65000018.0045382,42990046.7746876,20498521.4515929,20353214.6172592,31882370.5206823,25520088.2276847,9518805.40828955,10271567.4946003,91262003.0959728,43238029.4382121,32316580.6205617,46785917.0896324,57402478.8528521,121383808.928441,16402018.0846898,21907212.4639321
FT_1.306_415.21323,MW_416.22051@RT_1.306,NA,C18 H33 N4 O5 P,416.22051,415.21323,1.306,416.21886,NA,NA,NA,Full match,No results,No results,0,0,42489431.7450988,54346014.4774478,26744870.6319533,137893235.559116,58926724.7082189,107117466.160177,19715543.3479764,77010981.153416,73779659.5995293,64295101.1879393,36606457.0498855,51942863.6382036,68031343.1723969,67655534.9579488,22240117.198926,34470456.6844656,65232616.6705357,51367772.559571,32493745.5024654,53942486.6365587,47272795.6440869,45251591.3426728,15951634.8624516,21991952.9174238,102675993.169975,68689055.08475,31763204.2655674,58659374.6937716,52346269.9513634,92945182.6429618,18392347.3526034,38983063.6309902
FT_1.186_415.21304,MW_416.22027@RT_1.186,NA,C18 H33 N4 O5 P,416.22027,415.21304,1.186,416.21886,NA,NA,NA,Full match,No results,No results,0,0,9573147.4597034,14036278.7438403,6788042.62915343,13874546.471521,15893378.6524818,17252050.4132404,6491550.78196564,12550644.4124754,15071787.8329949,7701345.01827846,9222440.32978479,8844033.16091314,11818409.9768733,9086831.90405858,6559541.26841523,6741900.24985458,14249606.2274428,15118752.4430501,6098698.95354018,10696281.6968591,12154757.0597363,9625381.63274577,6694772.89517036,8108619.78552436,15574031.1320096,11194627.3437255,9351065.40519415,9533512.39665807,11821554.659486,12104416.7589021,4894205.33711628,5165982.99311003
FT_1.667_415.13977,MW_416.14729@RT_1.667,NA,C19 H16 N10 O2,416.14729,415.13977,1.667,416.14577,NA,NA,NA,Full match,No results,No results,0,0,2947098.84922989,7147336.96371655,2559629.28522998,6864041.93864263,4162862.74108904,6152565.94028389,2398818.025929,4231356.50847667,6037317.26878317,4808649.87708401,3695616.04638356,3618207.38460586,4243159.55192545,5566457.63642444,2228745.40043456,3147167.04682093,4577152.3189792,6137373.96404235,3681718.1372789,3873055.79529287,3827561.21332944,4894029.31829025,4944780.92411595,2157317.36347147,6274570.4844382,6676775.0296429,2849320.60892173,3521999.01149447,5794778.79150406,7282136.01925207,1852596.19745072,2360505.55799211
FT_1.668_415.10426,MW_416.11154@RT_1.668,NA,C15 H16 N10 O3 S,416.11154,415.10426,1.668,416.11275,NA,NA,NA,Full match,No results,No results,0,0,2560447.15123621,3960554.20775062,1967155.90625285,3123601.4185614,2651923.58743501,6149545.35872239,2378699.93352215,4230627.3796171,4309853.10115105,3465297.57219243,2175865.07211797,3143241.08071736,3956301.99083911,3124009.28922811,3597372.18245186,1850875.55608017,3229518.29947244,9790704.12256984,5167158.71562247,3099143.9023162,3888139.66626536,7092975.18283805,1553764.79669451,1916445.78088389,6744717.05681374,3868271.36831409,4185477.28948795,2515190.00732998,8557963.38106353,4035063.87520544,1112301.482224,3898706.16178045
FT_1.533_415.06742,MW_416.07470@RT_1.533,NA,C17 H8 N10 O4,416.0747,415.06742,1.533,416.073,NA,NA,NA,Full match,No results,No results,0,0,10383870.5602384,5545372.62950886,5173979.82008697,49623167.6967835,8510998.65621905,40284146.5381082,3446764.09854028,38317392.9868157,15880664.4114882,31543147.4173765,14003091.4222858,11267870.3413511,28196653.6054548,18203866.998074,8338287.99441941,6213250.73474145,26319524.5878776,15108031.5376618,4647214.40055601,5897778.75461863,3500559.31364462,9680647.87917372,1418486.06071273,2007042.23314637,19587290.7412656,13454111.5636204,12955376.8729714,8508139.73321811,12310549.2976249,19605570.0841845,2210508.91552473,5195073.95905531
FT_1.233_413.23389,MW_414.24114@RT_1.233,NA,C25 H34 O5,414.24114,413.23389,1.233,414.24062,NA,NA,NA,Full match,No results,No results,0,0,8018614.99162204,19187952.2711621,8453564.47175219,26279291.7825046,18694680.9325409,25784489.8541391,7815890.88305182,12025741.7074603,27549624.6204087,27809118.5209806,13775439.704863,13076957.7462219,19065440.050727,18077373.4062491,11417292.9554042,8253490.36463065,17353052.4677255,27325102.4178855,12327331.7832841,8977297.99313028,14036779.8256149,36280524.7196354,5886624.62117484,9276745.1867848,26134628.2007356,32161164.0915447,12201062.9334802,13445951.0114311,20689431.6031247,26125295.8217259,6758983.18852507,9913050.75701973
FT_1.321_413.23379,MW_414.24107@RT_1.321,[Similar to: Prednisone; ΔMass: 56.0630 Da],C25 H34 O5,414.24107,413.23379,1.321,414.24062,NA,NA,NA,Full match,Invalid mass,No results,2,0,19931455.6057108,44694589.8954818,10598472.3644006,76285884.6253008,39915845.6079412,72458658.5204623,11549093.8958746,26038636.9921794,68074587.1773861,50996763.0409417,28055876.4337014,21977113.3257132,38600110.234229,4130258.70243604,20865711.4644152,15860524.3951697,47819589.6754992,39678682.5358926,19076723.9268262,19578176.2806623,26115074.7966082,40972236.9028145,9324535.71158653,17020761.7186593,74639957.2000658,21340415.2708352,25010485.0044089,31643306.4155817,51714293.2858198,43354317.7844545,15799563.431326,19197520.4035097
FT_1.309_413.19722,MW_414.20450@RT_1.309,[Similar to: Prednisone; ΔMass: 56.0265 Da],C17 H32 N6 O2 P2,414.2045,413.19722,1.309,414.2062,NA,NA,NA,Full match,Invalid mass,No results,2,0,57555029.7550438,118044441.573345,41750328.9287918,161361006.399752,73990211.5918625,130628056.809208,30262216.0473387,85449042.2596386,101426774.960708,88178295.5550563,48183728.4643367,66615319.5979924,78675220.5646719,91278957.4697811,38411197.7398879,49878178.7318135,105235363.43079,110124527.502963,39525754.3337477,61530928.7187577,61707524.2240132,59784272.1520964,26961662.3736517,32093229.3793,161280067.511594,90895312.8078023,47210866.4758195,140143723.953563,94392749.74549,139053207.708608,29870064.5016002,44682049.4479723
FT_1.407_413.19720,MW_414.20448@RT_1.407,NA,C24 H30 O6,414.20448,413.1972,1.407,414.20424,NA,NA,NA,Full match,No results,No results,0,0,9262975.51179587,14018515.1129321,4733476.28244545,11440479.0608014,13058569.614772,23188534.0904025,4190085.87230293,14294931.6138218,15824672.1903502,16971713.3508014,7595847.48398639,10110787.8888636,15453123.8422136,14286732.7220325,5385163.46187397,7405964.0840028,12288822.2184927,15163151.7609067,3414516.42512409,9734179.6958343,11155227.2537155,10246610.2473663,3937151.30671791,7181466.33260804,25331732.3751831,14356689.2085442,5593740.28539068,12745151.010636,17148587.3507151,24403306.7996884,4310182.15859689,5010381.89096193
FT_1.264_413.16172,MW_414.16874@RT_1.264,NA,C16 H26 N6 O5 S,414.16874,413.16172,1.264,414.16854,NA,NA,NA,Full match,No results,No results,0,0,4096060.52120066,10437262.4517616,5461978.43663573,10320287.3879446,9061040.34568444,10599800.6534377,6025168.01116199,8466818.8271778,6717100.60770357,9285744.95300621,5518883.92421919,5225349.50399105,5780345.40493309,9967572.19726274,4354899.07432914,4184389.76374741,7427150.49692843,9766525.36174101,7162423.58835533,4953341.84100504,7549132.9358263,7737092.57592264,7558815.68123574,4061857.37637086,12986174.705246,11594152.0378278,6709665.73704444,6220629.60440753,9374545.48209421,6715320.69930408,3028226.78766469,5860023.34691641
FT_1.176_413.16107,MW_414.16831@RT_1.176,NA,C23 H26 O7,414.16831,413.16107,1.176,414.16785,NA,NA,NA,Full match,No results,No results,0,0,21502995.0261846,29122210.299297,18285192.866613,23256121.7051002,16802631.2779517,36245011.883683,9420921.79530133,26639535.2632504,47214675.1837637,19109506.1440183,19476332.7690503,21316238.1818479,16615726.8910973,43378832.6276274,19506209.4780694,16891787.6486181,29811865.2377704,27274440.0971982,17326819.0953998,29257547.0791283,28005325.1516689,28619030.276158102,9012763.5375845,12990840.9409449,56930298.1151057,44166863.45713,15117259.5519309,22412594.7417753,28029449.9405383,37114071.8581775,10343002.5793091,19331383.6072063
FT_1.447_413.16100,MW_414.16828@RT_1.447,NA,C23 H26 O7,414.16828,413.161,1.447,414.16785,NA,NA,NA,Full match,No results,No results,0,0,9518120.20222161,30478796.2136563,7731526.31795642,23555042.1334859,11672555.1315273,19189076.082877,5116597.9650028,13328268.0574158,16097581.6314532,12958040.9612006,7243192.38760511,9552355.40801853,9713370.05096405,12266695.4727642,9240933.88782921,6541214.02411462,13914019.6758291,17556755.0214329,8560388.06172527,8538355.47840517,11145117.4554952,10037897.9627168,5973540.10109568,4041753.86983375,29982759.0039231,14917653.6140563,8219714.50335683,15251815.2011962,16261093.9389145,17558723.5557061,4643263.84468382,6870423.08137753
FT_1.668_413.12507,MW_414.13233@RT_1.668,NA,C25 H23 N2 P S,414.13233,413.12507,1.668,414.13196,NA,NA,NA,Full match,No results,No results,0,0,2146884.10942222,6872180.40518885,2087446.81143231,5934298.20044967,3669217.55780067,5601184.60998404,1709855.36421429,4328215.66941316,3830317.50052423,3698185.71069336,2991120.84551399,2226010.72006865,2695487.51240794,3362107.40606889,1729118.52630024,2009163.63045089,4171910.01799728,4841622.95735412,1945536.12238841,2378322.80870784,2881888.945654,2650267.49589067,1181541.64655376,1504342.29501641,6075997.50551602,4097643.33259437,3193393.68267072,2784984.92925267,4399121.0270351,3211918.07352207,1291674.20207128,2115288.72986905
FT_1.268_413.12484,MW_414.13210@RT_1.268,[Similar to: Prednisone; ΔMass: 55.9541 Da],C23 H18 N4 O4,414.1321,413.12484,1.268,414.1328,NA,NA,NA,Full match,Invalid mass,No results,2,0,13236691.5531995,18570740.2047569,9843046.14470539,13840732.286743,20144316.9791177,82524273.309615,13875696.4038231,15653385.3425789,23151026.7612295,23162317.681767,11312869.6153945,12673107.8142494,17704449.9830385,5973569.64030264,11366584.8922402,4461304.50243817,15675612.1119293,21338939.2134097,19243219.8999915,13172164.8679582,14256763.1649117,9596183.45835247,2637768.69161858,11368823.058065,21412806.1145504,31087673.4167443,10875505.4063171,13719312.9514311,19679490.7330192,28683640.5948106,9048431.57371522,14386133.760903
FT_1.455_413.12538,MW_414.13187@RT_1.455,NP-010746,C22 H22 O8,414.13187,413.12538,1.455,414.13147,NA,82.7,NA,Not the top hit,Full match,No results,2,0,3014583.21430574,11058059.9245734,3825798.27585612,5228529.86774217,7790585.85343419,6773437.18447814,3355292.67508335,7178072.44522453,9868580.53295873,6097173.02191263,3290908.21880828,3508961.95084349,7917701.53483967,6532248.25666823,3921791.59032265,3488003.8326682,4600428.95240441,9597656.78360851,7589140.95945618,7198343.44189428,9014326.76502249,4610279.29577203,4788731.52778906,2415004.17978892,8652246.25334734,4144877.81420344,5257137.5726819,7503076.46572514,8177952.18914381,7422168.18303299,3624337.85180709,3684161.97793561
FT_1.011_413.08803,MW_414.09530@RT_1.011,NA,C21 H18 O9,414.0953,413.08803,1.011,414.09508,NA,NA,NA,Full match,No results,No results,0,0,4103379.53943271,7964480.35906627,3179848.7946613,14822694.6645579,5404991.53536928,9266520.17819439,2433881.75525824,13412314.9844883,13173558.6314514,6138117.43419351,4352985.1755511,4465646.04297974,6938710.81099498,6649517.66022447,2870747.34004144,2789419.49482624,4303534.7557748,10875245.9245907,3904942.66005636,5447310.58461425,5539918.75597825,5884129.64332379,2453461.74909804,2732742.6020958,10158204.4875863,8448374.53369138,3327716.03144849,5719967.8772933,6979881.76348879,8151673.77815387,2060420.537636,4047857.90784222
FT_1.379_411.21792,MW_412.22520@RT_1.379,NA,C18 H32 N6 O3 S,412.2252,411.21792,1.379,412.22566,NA,NA,NA,Full match,No results,No results,0,0,14450853.7736125,24750326.9862014,6213013.97349732,39788982.9604496,15105219.7919586,33967251.4148106,3765528.42611309,15766113.0251685,22612606.651366,18879818.2215685,10709895.9444711,13387045.2871311,17761776.8703202,15016523.755182501,5479946.65214678,11994930.0606364,30731732.882486,22079126.2099773,8863817.27414326,8003149.67409333,12135926.0225702,13211100.8308064,5724994.1166553805,7057822.56098977,37709073.6032945,22169560.9139716,11674960.9461567,20619872.9608438,29491378.102931,44709604.9594718,8188765.42832056,7418780.8916728
FT_1.343_411.18174,MW_412.18902@RT_1.343,NA,C18 H29 N4 O5 P,412.18902,411.18174,1.343,412.18756,NA,NA,NA,Full match,No results,No results,0,0,8911020.53134228,25721656.234284,11223965.1245448,38627794.796874,7827058.0777872,23269581.1694838,2804361.60966347,8397853.55354487,5315647.7581545,8373343.11809098,9036108.0431541,10944972.3942819,16665060.4045845,10797967.5729798,3502746.55858878,8291385.10738947,20577456.4767473,23459990.9056905,3680475.26890628,14233721.1741355,6482441.37342938,7804560.06058185,7122500.77224519,3652133.58786864,37674505.6781136,9331700.61398995,9850902.60191989,17023948.8738302,11060929.2480042,36946278.3978164,5519179.51526713,5460970.6443463
FT_1.186_411.18163,MW_412.18876@RT_1.186,NA,C18 H29 N4 O5 P,412.18876,411.18163,1.186,412.18756,NA,NA,NA,Full match,No results,No results,0,0,9456094.38021967,18976150.8250592,11769915.9922995,19507153.901973,17080525.5465627,15077171.8224965,4030994.80979124,18944957.0214421,22054634.5690075,25514286.0113774,9860648.2499255,11903996.3783848,13881370.6657588,22428920.5766437,8461115.54501469,8326827.15345628,12357960.7909597,18564574.0464577,12425633.0237656,13354481.9935667,12145623.7456369,7497381.35474565,7817081.97163166,11454444.1231627,8720382.4542607,17507407.8177893,7436580.10295679,13474762.1332,14393099.1686069,23540893.7349824,5295763.52399373,8897490.63065625
FT_1.096_411.14524,MW_412.15254@RT_1.096,"1-(4-fluorophenyl)-2-(4-methoxyphenyl)-4-(2-naphthyl)butane-1,4-dione",C27 H21 F O3,412.15254,411.14524,1.096,412.14747,NA,79.8,NA,No match,Invalid mass,No results,1,0,35995731.8053574,36327818.3794738,26462200.6127244,102058180.926018,35113421.7257449,104228582.532081,14768050.0406114,52589597.7440353,48328661.8584327,73425390.334799,51171815.7800265,36710244.6149513,61288741.8793228,63355638.5978694,23383161.8673097,26054704.3191814,52132320.3599805,42094436.640325,24388492.6593643,57126902.3871588,40645865.0400789,36945160.3546395,16212823.9922922,26448270.8779136,75389299.0436734,69525904.9792118,36978375.1975261,41344830.3037688,53177655.4325908,95880616.7990167,25767565.1950793,40982441.7595624
FT_1.466_411.14501,MW_412.15249@RT_1.466,NA,C17 H25 N4 O6 P,412.15249,411.14501,1.466,412.15117,NA,NA,NA,Full match,No results,No results,0,0,9518120.20222161,16251333.9546003,6396611.68891707,10133227.6632996,6478546.11439616,19189076.082877,5116597.9650028,13328268.0574158,16097581.6314532,16403636.1126457,7243192.38760511,9552355.40801853,10067023.5456652,11958934.9486657,5007321.09231066,8549949.52134012,6972453.57478085,17556755.0214329,5361134.29874143,7910651.1203036,11145117.4554952,6300170.4299676,5321322.60479742,4041753.86983375,29692682.3652351,14135147.1711839,9946388.87081909,13968624.2894706,14640494.307017,17938201.3737228,3541652.19441662,6870423.08137753
FT_1.208_411.14507,MW_412.15235@RT_1.208,"1-(4-fluorophenyl)-2-(4-methoxyphenyl)-4-(2-naphthyl)butane-1,4-dione",C27 H21 F O3,412.15235,411.14507,1.208,412.14747,NA,78.7,NA,No match,Invalid mass,No results,1,0,799310053.558962,847956693.662987,445112901.095211,1652149016.63589,925578433.723094,1433271536.81427,442978693.456448,1177345356.30792,1006523289.11959,1469636854.92041,680959074.810472,648071243.565224,1134456584.87066,1283127236.94296,489860864.265263,480915433.339523,1053875316.59901,867083929.397624,359164699.734956,887931093.409012,693148377.356725,1005317816.74895,319028616.816822,591450233.86969,1171968272.82768,961235649.627366,508921767.749985,744406363.346782,1008959907.28759,1537679787.70243,415147701.728391,738915242.470374
FT_13.222_411.11466,MW_412.12194@RT_13.222,NP-020903,C20 H25 Cl O7,412.12194,411.11466,13.222,412.12888,NA,81.2,NA,No match,Invalid mass,No results,1,0,4065212.7672487,4611962.33301445,7719041.61042103,16408957.1132296,5657814.63264158,10683564.3415684,10811499.8638543,6190109.37144628,2363960.30317674,3603139.95142565,2921938.9934537,1849367.2326095,2669302.27783673,2802807.06846426,1888890.95485779,1568103.69514558,2349164.57946907,1254757.20616903,1557306.312767,2135297.06693132,1290229.09124373,1929479.91421961,1712303.89101253,1456594.82657013,4656281.61493688,4695276.58831199,4052303.0448432,2942352.7322571,14596031.601996,22889327.5454793,4165361.98812311,7747483.72214952
FT_3.855_411.11151,MW_412.11879@RT_3.855,NA,C12 H24 N6 O6 S2,412.11879,411.11151,3.855,412.11987,NA,NA,NA,Full match,No results,No results,0,0,792477.718886373,3385400.51748147,6803587.29680779,13118544.7252352,3533656.18232101,3362886.73910211,6429358.05876063,4228640.51961778,3766392.69712374,3896485.40874761,5341967.40256421,2654119.54137204,3860210.92550325,2646189.00266735,2834782.94011883,2888463.06427043,3489843.29822886,2061425.73459641,2347889.02558228,2087070.24761518,1787555.28232961,3021553.35265237,2962226.37366576,1890698.88632482,5049841.70370902,2369739.59366734,3432829.11355529,2400894.91735374,4257579.91324149,6769327.57266596,569645.892555702,4014467.95047936
FT_1.672_457.11489,MW_412.11648@RT_1.672,NA,C16 H16 N10 O2 S,412.11648,457.11489,1.672,412.11784,NA,NA,NA,Full match,No results,No results,0,0,3459871.83682228,8851756.31933627,2843545.9156991,7939455.03122763,6507635.75279609,7624472.31081129,1763359.09118015,7777248.48717933,7370091.33988104,5323272.61904141,4254613.32600254,4123672.14437304,6407690.33408577,6778075.18726309,2243839.38375706,2496773.47303495,5005845.0933727,7724474.5415947,3477395.20741473,5061984.56908986,8890263.70954016,4180187.53608863,1333919.7113302,2948419.6869201,8017023.58069875,6996759.75322569,4844909.92141525,4431143.57445815,6272403.64500475,10218102.1406466,2241591.78365622,3564242.16933713
FT_1.129_411.10883,MW_412.11615@RT_1.129,NA,C22 H20 O8,412.11615,411.10883,1.129,412.11582,NA,NA,NA,Full match,No results,No results,0,0,12387188.208378,20846275.3621278,12606757.5800717,19234388.9435625,15654444.6323884,28206559.828651,10550976.3647834,17813679.474275,22218839.0927542,53373701.0817686,12417698.1563059,15438026.1330718,18578298.0114586,13637507.2573919,11483687.6306295,13098227.6218363,15804562.260533,20107077.6888109,13254622.093403,17237001.0735276,19112582.0135771,14269737.0746897,10795135.0671159,11493296.9391775,24956879.0035308,23319495.4310358,15977371.4226869,16592895.8244515,21208606.5434967,20945217.8930166,10865341.1441871,14802356.805502
FT_1.184_411.10883,MW_412.11612@RT_1.184,NA,C17 H17 N8 O3 P,412.11612,411.10883,1.184,412.11612,NA,NA,NA,Full match,No results,No results,0,0,44321875.2836391,62980369.9706471,33705302.0517017,101977959.511347,62884410.361931,99360378.9137717,26388827.9057332,94622221.8313099,113640673.801282,53373701.0817686,41617453.8611373,57919786.8845717,99361935.176648,105709132.104422,35372720.8763547,29634569.6420102,38406185.4597865,65572017.283449,70975814.5003153,67662257.8790697,56786654.4380291,74622839.3905758,22560320.1632507,42178911.2640898,92480382.5617082,76293846.9640874,41474728.4708772,71265672.0409935,72094028.5038847,70006165.9254799,25022503.0794418,55223605.3176244
FT_1.352_411.10878,MW_412.11611@RT_1.352,NA,C16 H21 N4 O7 P,412.11611,411.10878,1.352,412.11479,NA,NA,NA,Full match,No results,No results,0,0,30825792.4382205,77561002.6486057,28216744.829133,115170530.895871,55967690.3424175,110453152.63914,32766385.29683,56953880.0950454,143752897.605577,120143681.753873,67014022.9860402,51494834.0931042,76720978.6440327,128577914.34334,60162814.8023769,30070294.6764222,59662598.3121587,84816062.2901214,71223521.6028357,63950599.4670379,53973793.6382017,121308888.687761,26300152.5231051,46991325.6569002,100689686.652542,139823512.741495,49353804.4003069,62112386.7423904,100203310.34711,100392022.54211,35617862.7180699,55343081.6033403
FT_1.277_411.10877,MW_412.11606@RT_1.277,NA,C23 H16 N4 O4,412.11606,411.10877,1.277,412.11715,NA,NA,NA,Full match,No results,No results,0,0,8783322.26770586,18570740.2047569,9843046.14470539,12593447.0701044,12232841.7333267,15105823.0691344,10772242.7682046,15653385.3425789,16314983.2811735,16818087.1691768,9386268.40232056,9592135.9294648,15626274.4608782,14970702.702723,10822281.351444,7923516.72448182,10501111.4366231,16937823.2369203,9120864.08623088,12328320.9419239,12426075.1966631,21500174.4372814,10249344.3645871,9340823.63555255,21412806.1145504,19824048.072623,8185317.49864003,11374420.3237211,19679490.7330192,10106982.2641996,6031874.9321592,11234382.7448248
FT_1.439_411.10866,MW_412.11594@RT_1.439,NA,C23 H16 N4 O4,412.11594,411.10866,1.439,412.11715,NA,NA,NA,Full match,No results,No results,0,0,16086392.6085716,31256801.8237079,10467031.9227172,46212369.2188886,20275085.9324658,37429881.1625227,11404989.7675229,24257443.9382712,36565552.6425381,26691556.8531843,16866464.8312908,17256389.162741,25599005.7208751,23889362.1333512,9669100.04616256,11361491.7109529,22787945.7759486,28926275.6286308,19303141.402369,15404193.3448775,21839832.3361941,20417743.5565167,9650759.87419968,10226538.6455889,48644205.2621791,39997593.2590865,16821240.5664831,27116772.4194824,29922432.349367,32491178.9011667,8082272.86627232,12717346.4728694
FT_1.230_411.07272,MW_412.08000@RT_1.230,NA,C15 H27 O5 P3 S,412.08,411.07272,1.23,412.0792,NA,NA,NA,Full match,No results,No results,0,0,12264283.1633365,24322374.2262529,11022484.1389903,16024385.6057871,18158174.5095524,26319776.8139549,7185033.75817111,11311372.314963,15590342.8902416,12162265.6411546,17012882.2511598,15616857.9807955,19865270.7332769,11428806.6817019,7291124.47972917,5528823.03736062,6204041.35313693,17857974.531212,15782948.2813985,18018416.381712,12203518.890208,13538018.4739508,5662052.46263054,7598444.89295633,18173822.9281898,17609135.0434525,8717296.04681154,9677457.09163733,18000278.2890428,14383645.0723179,7938620.09965357,16705560.9883636
FT_1.096_455.17156,MW_410.17323@RT_1.096,NA,C24 H26 O6,410.17323,455.17156,1.096,410.17294,NA,NA,NA,Full match,No results,No results,0,0,12627485.2198314,13308780.2852681,9058825.27809303,33335414.2576198,10228494.5859712,30222435.2661766,20999704.977642,13562093.0179491,15583389.6088691,15762652.7638108,9609042.66157664,10974733.7856725,16710160.6494457,15003117.3428842,6665760.2302098,7309251.82907226,15276168.9426406,10597841.2938051,6990574.23437365,43308643.22814,8853573.60981704,8389829.35597776,5592466.04776816,5890421.79391684,23736347.835244,15741580.478503801,12745236.7086709,10968677.0000381,13559484.955387799,26551020.6909883,5834408.71794924,8397380.19775041
FT_1.197_409.16583,MW_410.17321@RT_1.197,NA,C24 H26 O6,410.17321,409.16583,1.197,410.17294,NA,NA,NA,Full match,No results,No results,0,0,9207003.5312156,13622784.2951286,3682743.54887676,31390412.6942326,12995409.7055017,23325447.3327855,4030994.80979124,7236723.04845453,11271969.1330084,25140820.5878188,10372504.5747707,8234995.78025628,15698413.9149739,16743207.4766832,8127201.20447363,6877391.53815303,13284020.6175101,11092138.3804009,5695654.66489617,9717517.17048756,9325659.76579992,50861865.9849723,4413565.28971008,7533158.68865244,19124646.5083878,14320919.4402277,6486982.80461513,12441651.2732251,10426183.5705123,33000247.9497189,5875332.21640653,9351487.90678616
FT_1.671_409.15084,MW_410.15811@RT_1.671,NA,NA,410.15811,409.15084,1.671,NA,NA,NA,NA,No results,No results,No results,0,0,3184012.99302909,5596152.62340909,2334872.58956503,8195473.12454529,4972675.01866153,7453628.8079951,1766914.00259629,5420225.72111092,5517748.2279842,4237379.30943589,2499676.47355711,2561772.25299797,5824366.24556448,4389166.16770054,2017262.49726012,2374702.48038399,4476783.19075938,4874119.36728133,2807680.00830252,2997286.5922018,3961412.07173251,2477669.1905815,2061618.77394624,2156816.26802397,7630649.34194856,6420048.86838394,4404629.17464697,3157613.23570709,5003322.51757187,7941068.29622688,1760833.98499673,2275419.51190928
FT_1.119_409.12982,MW_410.13713@RT_1.119,NA,C18 H19 N8 O2 P,410.13713,409.12982,1.119,410.13686,NA,NA,NA,Full match,No results,No results,0,0,5904382.88802919,16112236.8782548,8226494.7479787,17883978.8019855,11354185.2815275,15727133.7456293,2790919.19558458,9706596.32186669,16309123.5802894,13771791.742593,11692423.6098834,8099098.88907007,14391414.2962521,13262142.4376153,9141871.15087048,7539461.30267746,11781335.6183209,15233660.4811252,6956644.84832873,11584259.8669594,13636746.9131498,5527404.01633683,5119514.38583826,9666926.67475998,17034681.5462474,13749909.0512584,10672771.9182202,11660903.5141404,10502254.997144,13743806.853381401,7520952.8982728,10601718.8172765
FT_1.254_409.12952,MW_410.13680@RT_1.254,NA,C18 H19 N8 O2 P,410.1368,409.12952,1.254,410.13686,NA,NA,NA,Full match,No results,No results,0,0,42148057.7317252,67293725.643221,28513432.9522962,141796902.635657,60149915.6918503,141397852.351747,22970082.2335473,87744436.8701014,121928896.764336,128335800.936515,60609018.8360279,53898515.9042385,74950287.4141161,135598662.762748,47775868.0111384,37802641.3461563,66353602.707961,78199084.9813794,36285228.144378,62468377.5979216,45422767.9067496,84470548.2163935,24755361.7841935,43948549.9528906,96739962.468416,90649320.9985693,44342650.6595241,61640694.1199084,95816027.1579454,143043704.526205,32612764.0823072,55626047.0726203
FT_1.343_409.12946,MW_410.13676@RT_1.343,NA,C23 H22 O7,410.13676,409.12946,1.343,410.13655,NA,NA,NA,Full match,No results,No results,0,0,43834805.0154792,58863974.6686034,20486394.702818,138913771.920575,44687007.1580305,134722541.540701,15384223.6492602,67755775.4667745,68230073.77217,85007431.9611415,37515832.1081042,50589257.5258968,67579860.1953517,69713245.6887206,23738490.4410834,34499364.9458923,68309147.375821,50479790.9458404,26708922.3713153,52343041.9141242,32842590.4893513,45431532.9137673,17057944.558009,23970033.2877702,91654275.9667861,75604873.2662054,37957935.0514234,55009280.6264939,64662721.5449626,104181970.296216,22679225.6010973,42188175.1852238
FT_1.273_409.09357,MW_410.10077@RT_1.273,NA,C13 H23 N4 O7 P S,410.10077,409.09357,1.273,410.10251,NA,NA,NA,Full match,No results,No results,0,0,8783322.26770586,16474601.2405556,7480241.84742098,12593447.0701044,13876588.2077956,7534943.0655046,10772242.7682046,7310078.63394454,8627259.54574188,14892967.69167,8392359.50294353,9592135.9294648,3318166.4267444,14970702.702723,11985389.6237929,6121969.30071319,2955128.9012268,16937823.2369203,9120864.08623088,12328320.9419239,12426075.1966631,15947853.8681024,6908498.95074642,9340823.63555255,17306722.3986649,17553343.8477179,8185317.49864003,12031153.5412777,13621904.2405811,10106982.2641996,6031874.9321592,5825647.89410524
FT_1.425_409.09319,MW_410.10050@RT_1.425,NA,C25 H19 N2 P S,410.1005,409.09319,1.425,410.10066,NA,NA,NA,Full match,No results,No results,0,0,16086392.6085716,4289101.27991232,10467031.9227172,6547741.99155986,19022933.2578392,5219869.22020326,8357109.37561001,24257443.9382712,4888137.2750792,5740036.291551,2870699.234098,17256389.162741,3011386.43190733,23889362.1333512,9669100.04616256,11361491.7109529,23539631.2004366,28926275.6286308,17893871.3504426,15404193.3448775,18860130.4995569,21191573.3893556,8628116.94763638,10899838.6579339,48644205.2621791,4724093.86238335,16246433.0043048,23385030.3682247,29922432.349367,32491178.9011667,7933551.0379871,12717346.4728694
FT_1.134_409.09317,MW_410.10048@RT_1.134,NA,C22 H18 O8,410.10048,409.09317,1.134,410.10017,NA,NA,NA,Full match,No results,No results,0,0,12387188.208378,20846275.3621278,12606757.5800717,19234388.9435625,15654444.6323884,28105069.6925793,9300357.04718385,17746094.0050247,28580915.3220051,15935561.2465496,12417698.1563059,15438026.1330718,18513803.8071674,61963452.7832768,23999950.2405459,13120044.6037212,15832080.3271018,20107077.6888109,13344540.1977123,14980775.658271,18752725.1086886,13505930.7460508,10795135.0671159,11581549.806518,24894972.4151157,23268339.3552398,15977371.4226869,16647720.4354438,19193981.2467962,20867360.0209918,10865341.1441871,13303870.7677467
FT_1.175_409.09315,MW_410.10043@RT_1.175,NA,C22 H18 O8,410.10043,409.09315,1.175,410.10017,NA,NA,NA,Full match,No results,No results,0,0,11315953.1715555,62980369.9706471,33705302.0517017,1955366.98778072,68698658.9569304,1410210.13913051,894288.720433405,24131858.0061328,1351712.42734726,1261716.95899625,40623544.9617603,10082390.8721035,1067831.55131304,15168607.3560132,9886173.79942576,10763808.2336711,866006.367949853,65572017.283449,776000.038241074,929080.29242395,936922.392771422,843235.972135245,23929095.7448929,652367.578665519,1758202.45643214,1249323.89697683,41474728.4708772,17491988.5636204,1065999.52372892,1786342.13196126,8434708.57192718,662304.767785617
FT_1.671_407.17142,MW_408.17870@RT_1.671,NA,C16 H33 N4 O2 P S2,408.1787,407.17142,1.671,408.17825,NA,NA,NA,Full match,No results,No results,0,0,2889620.42942074,5953534.6849863,2557407.72574096,9277222.70408904,3203769.68692448,5677989.23752924,2915867.73880198,5082014.07889223,6331013.58142405,4949824.29247639,2927421.31902538,3277855.27844998,4781990.40830114,3206406.02021783,2049561.26304297,3052785.12035729,4608883.65650737,5409476.16949014,3588542.34052104,2184867.34347357,4183074.26701269,3536256.40772781,3547224.90609987,1853982.14871754,7409126.71907949,5531045.82941822,3134703.773163,2768175.06961289,3777005.05680487,7343005.95033586,1481203.80342145,2787200.79370847
FT_1.139_407.11429,MW_408.12166@RT_1.139,NA,C15 H26 N2 O7 P2,408.12166,407.11429,1.139,408.12152,NA,NA,NA,Full match,No results,No results,0,0,6582780.21360397,15769209.9320489,6154654.34783549,17883978.8019855,6039336.31183514,11912834.8519882,6320101.10902673,10989116.169503,12620212.9095493,14822900.3227995,10826862.4065578,8099098.88907007,10222573.4050113,10640705.8817096,4139601.38042376,8169355.274511,8858749.70143244,9835714.97668724,7928574.8834391,14048058.7699125,13636746.9131498,11974110.202583,5119514.38583826,5692262.3343431,12818855.8882813,8176898.33091846,3454489.37539318,5113490.27288817,9060180.71398295,13743806.853381401,7520952.8982728,10601718.8172765
FT_1.428_405.22860,MW_406.23587@RT_1.428,NA,C23 H34 O6,406.23587,405.2286,1.428,406.23554,NA,NA,NA,Full match,No results,No results,0,0,6913100.52068569,10693140.6524185,3740291.94829873,16635550.4307324,10415527.8814263,14875004.6088118,3610257.33782512,14524347.5536122,15176251.7753992,11127437.0608754,6847419.0083526,5793672.19993081,12502419.5894642,14333852.1152009,7202641.81555281,5000965.14130224,17996274.808421,13090545.5995984,6803707.56613557,16025780.6197096,8739776.49653821,8634413.49557221,3287361.66816256,5777329.5909068,26093554.9856088,18671532.6756116,5805810.35961628,12703191.1853234,18972074.5941988,24681989.542753,3706929.38101034,6845491.68431378
FT_1.482_405.22850,MW_406.23578@RT_1.482,NA,C17 H35 N4 O5 P,406.23578,405.2285,1.482,406.23451,NA,NA,NA,Full match,No results,No results,0,0,4452933.67090064,5718380.50515372,2939902.65943289,9805608.39609095,7994219.76895686,9845190.97244249,3371580.27440417,10908158.5658434,13817682.5827924,7498026.96594023,4253451.16313919,4298513.26028259,8985304.82541178,7913133.70030487,1911001.67957932,3125649.92776112,6995079.58447598,6124349.28777218,5600384.59654329,6352968.09668657,5586546.39193763,4348809.08139808,3525837.41327128,2730856.89766604,8414954.0413761,7891902.31077311,2474399.02707656,4729717.55574089,4638049.69998747,12423459.3447377,1652855.48579185,3688885.72476065
FT_1.669_405.19270,MW_406.19978@RT_1.669,NA,C22 H30 O7,406.19978,405.1927,1.669,406.19915,NA,NA,NA,Full match,No results,No results,0,0,1597440.43581877,4280595.02300122,2412566.90556974,5330942.5090919,2834734.0165502,6210387.90753791,8144751.16383461,4966221.64335792,3976256.4701085,4429906.08229541,2972911.24859339,2549781.08842059,3271703.63796241,2832012.705669,1550229.16140149,1859860.3471625,2923923.62289559,3824789.00819331,3628213.04603086,2212398.2090165,3027423.6870865,3355991.27215609,5860118.75036641,2031263.47505113,8854963.92618632,3985201.12761316,2846747.06123909,2330557.15731129,3687919.25654439,5410909.91188285,974574.778690997,1169283.22689404
FT_1.246_405.19212,MW_406.19940@RT_1.246,NA,C17 H31 Cl N4 O5,406.1994,405.19212,1.246,406.1983,NA,NA,NA,Full match,No results,No results,0,0,2147644.67819,7163518.00257111,2218494.85061557,10872029.5282044,13003145.4734737,21085878.5815597,11347760.4654345,7562192.59483953,7083011.70967886,7879921.6440961,3960398.20512503,4616305.54934858,5769194.2517065,7158209.06367516,6661292.29788211,9213416.39016626,2141156.90107471,19383508.8237691,15388318.9950736,3883492.29662309,5637781.3078964,2089221.53661406,1690695.98027615,7345615.43587409,10326851.0884211,6733160.4737123,6515732.3819661,1734870.77945031,3874968.61065425,11376353.4114166,1259882.41479324,3407477.92653507
FT_1.673_405.11927,MW_406.12654@RT_1.673,NA,C9 H28 N8 O2 P2 S2,406.12654,405.11927,1.673,406.12519,NA,NA,NA,Full match,No results,No results,0,0,4258764.14496007,9101903.70414474,3599484.81819873,10689857.0983965,6519732.12948328,10738144.4870955,3483308.14541812,9229980.66812285,11493664.5524568,6295596.86471718,4178262.49792789,5321649.12360877,8400963.70302731,7406879.14359372,2621728.88850138,4772335.05453957,7074391.29208356,8256547.53097323,6638754.02600693,6069762.24848235,6913783.03514481,6316893.36636965,3734465.38480496,4048686.54465516,12079942.5890974,8954302.01463995,5675081.01115172,7696490.86208291,6558300.95490916,7849808.74925452,2682563.90763599,4048781.75377363
FT_1.139_405.09830,MW_406.10565@RT_1.139,N-(1-benzothiophen-3-yl)-4-[5-(trifluoromethyl)-2-pyridinyl]tetrahydro-1(2H)-pyrazinecarboxamide,C19 H17 F3 N4 O S,406.10565,405.0983,1.139,406.10752,NA,78.4,NA,No match,Full match,No results,1,0,6854553.88479894,18181530.0903813,8773012.08765064,13131025.1807636,12665940.0879696,16707910.5372648,11155101.682259,16634518.6556081,18726466.6785149,11602545.2128999,13963923.2836129,11662831.3994132,18853016.8930387,14575388.6213509,7951534.78735719,7171407.75594757,10846930.8884788,16053033.14403,19450971.5881931,20146183.725348,14970509.2844837,11084447.826062,7761301.37813207,10215051.0869224,15833535.5630152,17942502.8862159,10004776.3249185,12791308.9339685,12369911.1562712,13266826.8311714,6793657.59339636,10853603.5560981
FT_11.957_404.10480,MW_405.11208@RT_11.957,NA,C12 H23 N O14,405.11208,404.1048,11.957,405.11185,NA,NA,NA,Full match,No results,No results,0,0,7312313.93432245,713564.169840574,3204322.91796932,4330418.17172942,2653610.67927508,3993768.56082837,3063724.9617875,2579446.86125027,4604254.1620122,3227542.95564641,5615277.37370862,4469188.87989111,3547576.88874039,2162234.41103712,4165056.90474182,3481140.18685225,2825416.77997551,3342291.96655001,1376170.12450349,2240620.44530136,3559621.29553927,5156905.99148543,2920350.25116834,1059067.75963142,4028867.49971408,1959117.54828626,3713983.22206091,3178579.9900941,3266055.13489238,6619824.25264658,815958.815857501,1928339.35982344
FT_11.145_404.10479,MW_405.11206@RT_11.145,NA,C12 H23 N O14,405.11206,404.10479,11.145,405.11185,NA,NA,NA,Full match,No results,No results,0,0,1494559.25404005,9836151.48978017,25057512.5114771,762025.621961932,32616941.3526067,588967.546214466,23487342.0792362,678342.320626752,903914.099021065,623402.155658679,1910522.48328989,412612.895877637,3487636.87260857,4357450.96169702,101999.94350908,1629570.7727884,402142.966258137,627444.36697627,1081097.81388431,969429.38854751,4106338.0751734,191140316.744422,71691309.9218929,1083299.71077176,1714690.2919836,1530780.77090201,1570889.59446435,14713697.1107408,12725494.9518145,6906414.02852738,9258126.47092343,3603708.91487528
FT_12.207_404.10475,MW_405.11203@RT_12.207,NA,C12 H23 N O14,405.11203,404.10475,12.207,405.11185,NA,NA,NA,Full match,No results,No results,0,0,266323399.048927,235876895.398756,323737946.428324,359712559.517864,312391668.87968,340254937.481423,338279341.484934,331408764.850413,225759502.292516,260807572.337937,267346275.746131,221351671.689865,247503776.10681,234254380.035485,209047044.89552,196088165.510957,241401805.027264,196465218.848183,197642363.134201,215240347.132467,201665431.210444,239672372.172225,198006738.435951,185457541.968707,318761821.717185,236284713.894641,241956315.31975,222860635.2879,345067383.125351,376529384.571353,198301339.2937,281161466.299976
FT_1.369_403.21305,MW_404.22032@RT_1.369,NA,C23 H32 O6,404.22032,403.21305,1.369,404.21989,NA,NA,NA,Full match,No results,No results,0,0,15482817.7956329,42691752.8787143,14739687.0851704,46703408.3289949,34687821.854961,21455074.5439616,17297666.1687813,40750201.9203693,43196162.0767544,27365650.3082383,20160647.1003862,18189370.4235345,41578273.1795373,29792585.7981326,14185298.4543035,14976542.3316635,9212016.10143411,44383842.3840037,24846836.0338912,28827545.9654137,31056243.6069512,23733857.6265973,16244053.6081697,17535205.9144034,68531843.9985954,42815380.4446482,15374130.0997404,24682647.1244921,36632968.8799117,31989005.269917,9992420.10908731,18513015.6625877
FT_1.129_403.19169,MW_404.19889@RT_1.129,NA,C26 H28 O4,404.19889,403.19169,1.129,404.19876,NA,NA,NA,Full match,No results,No results,0,0,23469578.7747987,4000595.6961039,2371066.35233502,31763365.0320515,6140517.20422451,21171492.8404555,2491277.50512692,8328105.95488633,14479352.5372296,27076289.4416769,14718461.9052684,12986366.2987803,18399774.841716502,23306744.296912,4561639.61585193,15496862.2849365,9612969.69827354,8570912.97377407,3843122.36891431,27956121.1847093,14137362.513616,11844112.6661868,3496439.7063673,14596389.9154383,10128290.4397099,15304125.5575904,7535529.06894147,7925452.35729778,6641779.38038477,18916179.2388986,3418266.46340318,17199922.9361518
FT_1.672_403.17678,MW_404.18421@RT_1.672,NA,C16 H29 N4 O6 P,404.18421,403.17678,1.672,404.18247,NA,NA,NA,Full match,No results,No results,0,0,2906874.45708834,5338602.64674164,2725484.34357945,7252765.68615844,5605426.58704846,9201631.89972406,3034135.26654605,6402397.30357556,6680766.23878206,6692060.57212823,3622329.78373034,3548748.61499192,5357557.38913344,4702698.99211581,2212657.25634564,2751072.46378573,5200197.99939966,6643807.54808321,3892802.53465491,4315916.54725083,5810704.52880496,5074627.78276983,3720057.56451693,2454156.56075272,10549596.1142045,7367850.84531973,5977855.15449931,5489443.12892301,7232550.06911226,10138301.9634805,1917548.84814178,2547970.18013505
FT_1.667_403.14010,MW_404.14737@RT_1.667,NA,C21 H24 O8,404.14737,403.1401,1.667,404.14712,NA,NA,NA,Full match,No results,No results,0,0,2948558.19397157,6866502.05951107,2392459.34192518,11734839.0853722,4500307.51620366,6917731.93804719,2602955.46594206,6132106.16402639,6948378.77271557,5441116.82291661,2869600.45098795,3699329.8659302,5184966.5506166,5289081.58761431,2186974.39670271,2703978.50931199,6499555.94963343,7219667.68062129,2542005.35312459,4790882.46902556,4553781.10412629,5980106.70634392,2567954.4319813,2067132.23229593,8911644.90614093,5347015.4428711,3613578.03997318,3862472.69598133,5301449.98265702,6762541.677199,2011938.02378391,2983473.61587039
FT_1.112_449.12469,MW_404.12647@RT_1.112,NA,C18 H31 O2 P3 S,404.12647,449.12469,1.112,404.12576,NA,NA,NA,Full match,No results,No results,0,0,14417948.0681205,22175387.8208727,13457716.600734,27680613.9598993,16724915.8580824,28143871.3139677,8091135.1499967,21828075.6090255,21170274.9774801,33095344.4319599,16757417.4464141,23772169.1325429,30463205.3887358,23688443.8883944,11656464.8812496,13313824.9902885,20075389.4274761,29965179.5170746,18584141.4407224,21488245.1165841,32530973.8200453,15267364.2443459,8439640.98928006,14270594.3825241,29082925.7032284,32904098.9317463,24078832.1994162,18661959.6849467,19372050.0776967,23971354.0740504,10869870.0454023,19298362.5832583
FT_1.236_403.10379,MW_404.11107@RT_1.236,NA,C15 H25 N4 O3 P S2,404.11107,403.10379,1.236,404.11057,NA,NA,NA,Full match,No results,No results,0,0,6600665.73403839,9418075.09638611,3893275.24627471,13856856.0095357,4429608.51765131,8271642.33470589,3190720.51991051,8359243.82049555,7484594.20528953,8622881.1213307,5718500.4616572,8415796.84349431,6875582.24560412,8628737.32119099,4396641.33881499,3911229.17863268,5858016.3264505,7930030.73818204,12620114.0448849,6811286.00512453,5164174.63741833,7667841.59593979,2678057.96121931,3306137.5798283,11958807.2857392,15023683.8798888,4514046.19358072,6653319.01913525,13384286.1121756,8759416.59136885,2739641.91750477,4230314.25550032
FT_1.463_401.19727,MW_402.20455@RT_1.463,NA,C23 H30 O6,402.20455,401.19727,1.463,402.20424,NA,NA,NA,Full match,No results,No results,0,0,7477927.66032952,13737134.3195248,7041936.66769802,24794926.5615179,13451587.2258416,22376956.659144,7526657.08232888,19285053.1004131,17598996.4891658,14292278.1852799,7996708.87453287,6923029.02920142,15035718.7897402,14410777.4001148,6200090.40855875,5431321.43317117,10418197.268842,15206214.7800465,8898001.30337746,13089631.5103775,11323321.2295251,14137365.7892742,7586407.055341,5781704.64771093,24505662.5106893,16374638.5613281,7865737.71247122,14986933.5122023,15204577.2304894,18525329.8073823,3940557.33356341,6102389.48207187
FT_1.385_401.19722,MW_402.20450@RT_1.385,NA,C23 H30 O6,402.2045,401.19722,1.385,402.20424,NA,NA,NA,Full match,No results,No results,0,0,12598225.7708708,29413363.7084641,11783376.7969814,30643790.5524123,23749611.6298125,32336452.9439491,14250783.637358,31373769.8103942,34990260.5636435,22795431.1045885,17195996.154248,24232277.763851002,28331249.0431552,27883564.0085029,11039402.5786812,12035703.285024,23347407.8199317,32500410.7498084,18910105.2127482,21768983.7295203,23591898.4892472,22032015.0683121,11692637.6408367,16498974.8727916,47290733.0658411,39935885.6631133,15594812.2610089,24556957.4770176,29873933.0212031,32670798.0799929,8904533.28001764,15488094.6656088
FT_1.668_401.16104,MW_402.16850@RT_1.668,NA,C15 H26 N6 O5 S,402.1685,401.16104,1.668,402.16854,NA,NA,NA,Full match,No results,No results,0,0,2906874.45708834,6349050.36330082,2725484.34357945,10078164.896487,5179544.79008709,7896920.19088693,3034135.26654605,5740133.92195993,6680766.23878206,6308824.97827863,3720854.6597383,3428966.99459387,4267355.64249057,4533208.8038937,2212657.25634564,2751072.46378573,5405790.39761852,5127918.31473262,3416223.20632809,4228158.01128766,5026209.7007448,4567117.63795171,3720057.56451693,2454156.56075272,8201284.02046075,6095433.2245648,3723150.99690507,5097748.63005195,5356303.64735546,7342391.30296782,1917548.84814178,2547970.18013505
FT_10.211_401.13034,MW_402.13762@RT_10.211,NA,C14 H26 O13,402.13762,401.13034,10.211,402.13734,NA,NA,NA,Full match,No results,No results,0,0,1230440.66002054,1078293.92965161,2177612.9767064,4699114.85532301,1909687.1560219,3080058.0333908,3022418.62819836,1404610.88145861,3297760.62851578,7531508.45027505,2321218.452366,623674.192694578,5761902.16602578,8269205.90392104,2397846.28038966,914918.287192885,2619134.48740816,2932915.64842471,1722671.79355685,1061210.68736478,1132772.65417544,3582771.57983766,1108216.67376929,1452688.41113815,2377102.65496274,4007968.92233068,1836080.62242548,1504521.92102509,3084426.28113328,7340996.62211113,1846711.6400945,1126029.99340036
FT_10.768_401.13033,MW_402.13760@RT_10.768,NA,C14 H26 O13,402.1376,401.13033,10.768,402.13734,NA,NA,NA,Full match,No results,No results,0,0,1863629.81745589,1623903.79355703,2738870.19126174,5030079.64573454,1648055.83475122,2129295.71193233,4036914.82721991,3888299.19963419,4101782.53419368,6130232.73984726,11004517.5908722,2083848.40970708,4583469.86447516,5213216.46713046,5848033.82465344,2445290.84980971,3559846.45959035,3082793.39190932,2038434.62375138,2402540.48435392,1685459.60093735,6252578.78843586,3184126.31339653,2300096.39242967,3593535.35764576,4330674.10939647,3211515.41340294,4504728.39136202,6306535.58503805,10162177.6871417,2527017.45363032,2858340.60512685
FT_1.669_401.12462,MW_402.13204@RT_1.669,NA,NA,402.13204,401.12462,1.669,NA,NA,NA,NA,No results,No results,No results,0,0,2773632.80658767,8224680.7965329,2392459.34192518,10229593.5286774,5685647.43887315,8716891.78732906,2586921.12208475,6627969.51137916,6118906.51675705,5441116.82291661,2869600.45098795,3833348.72772938,5011374.40698325,5289081.58761431,2186974.39670271,2703978.50931199,5316057.53719674,6063137.24499141,2542005.35312459,4491447.97642581,4698037.1061704,4609192.55938794,2567954.4319813,1993054.39640374,7716615.41122412,6415313.20305357,3583508.26081113,5226908.44695702,6887234.13356778,7232202.87723624,2011938.02378391,2983473.61587039
FT_1.376_401.12467,MW_402.13195@RT_1.376,NA,C21 H22 O8,402.13195,401.12467,1.376,402.13147,NA,NA,NA,Full match,No results,No results,0,0,6801452.17883719,13780391.5534372,4202348.95564265,13545328.7209414,10100873.5606853,14520081.428841,4894427.57668416,14286450.5989108,16688575.5449956,11985058.0522131,6039603.59950641,10108793.5233317,11397012.362371,38268074.008078,3851876.15603291,5798842.41547003,8801885.18954336,11569954.5348663,5266895.37877628,10964050.9617951,9706096.11894105,12446629.6188206,2940127.24425935,6254504.49649114,17575261.8440428,16546343.5939256,5930407.96019933,8812929.44174191,13734042.8172689,15275184.4510637,4424619.73722515,6021948.58993549
FT_1.223_401.12465,MW_402.13193@RT_1.223,NA,C13 H28 N2 O8 P2,402.13193,401.12465,1.223,402.13209,NA,NA,NA,Full match,No results,No results,0,0,5433371.22366609,9373219.66259882,3742200.76072578,11053936.3391578,6907187.71430829,13711624.235842,2705831.17877186,9287861.93593797,13040026.9741602,7633135.24879084,4881088.12820238,7138319.37201846,11668484.3199276,7817611.97839232,4377713.13983748,3099958.33629532,8627851.37618831,13440425.2379044,4922496.73274599,5922084.14379664,7701686.49675786,19361243.982067,4151878.62088841,7025875.9830631,13558083.2716527,11067729.9176723,5595343.23536873,7846605.62230006,11849306.9754804,9047260.03890628,4897699.33793322,8182951.47826623
FT_1.361_399.25398,MW_400.26139@RT_1.361,NA,C25 H36 O4,400.26139,399.25398,1.361,400.26136,NA,NA,NA,Full match,No results,No results,0,0,1893959.21123019,4692813.81813698,2494413.93070992,9174005.34484302,2768848.10744341,6842120.89434572,933095.834823936,2804172.89284338,4418155.46377283,2809088.29778111,3085167.17983062,1821366.36296479,3539890.09557499,1950811.27078664,1321699.79606059,2332512.20922358,5009160.19006841,2639579.54570389,1976524.29741473,1410611.71502595,2629656.91925427,1320130.03451104,680730.821775047,1286980.98996595,6372103.56243306,3269503.68041212,2880146.4241147502,4175969.92511121,4413899.32809574,10501008.24355,2012206.01989841,1371844.91011562
FT_1.267_399.21817,MW_400.22545@RT_1.267,NA,C18 H33 N4 O4 P,400.22545,399.21817,1.267,400.22394,NA,NA,NA,Full match,No results,No results,0,0,20895080.6142111,25903397.0567323,13270053.6729308,54083640.1805146,24998744.5498729,47049822.9889114,9799158.45812497,37194882.0510754,36966809.6191072,38780250.5487205,19053957.1299297,22414219.5450722,37580379.7850523,34007668.1032038,14545597.8481863,16416522.0772327,29433674.0406358,27484235.7934736,10514747.7266998,29306861.7274399,19163302.3089721,23316386.6787026,9593302.29697442,14125743.5358942,43351437.3662221,32658286.8671284,17157486.8877503,25017476.4459019,31393359.3610168,47274275.4574032,11096420.4979779,21645852.8145609
FT_1.162_399.21799,MW_400.22526@RT_1.162,NA,C24 H32 O5,400.22526,399.21799,1.162,400.22497,NA,NA,NA,Full match,No results,No results,0,0,4187080.12774823,8107022.43260174,4763647.83486284,10882712.3542351,7012411.72557899,4895714.78028878,2775514.46907535,5270857.20820616,8672868.35953103,6160445.98802126,5373459.54813633,5067500.93828759,6874403.95161159,5491659.08252179,4160390.94956019,5100243.92086447,4181916.96425052,6313149.27829543,2565441.74311883,6570705.12743094,2951415.51189658,3275982.54010719,3867342.07445706,3616971.92111386,7486936.97146615,9255141.40456057,6439457.71483533,5908215.9263902,2944340.9114003,10762281.0055277,4418801.41748398,3131805.45360835
FT_1.395_399.21801,MW_400.22524@RT_1.395,NA,C16 H38 N2 O5 P2,400.22524,399.21801,1.395,400.2256,NA,NA,NA,Full match,No results,No results,0,0,2343405.87366243,4735837.89546782,1358298.18656459,6623097.19206365,3684454.54014674,6461488.41254854,1531010.05950176,3254273.15133232,5141572.44542828,3234787.67085635,2282498.0647925,2773794.77042341,3560000.76792499,3677555.76345676,1633548.87283238,2089172.54774359,5316442.50716976,5478948.94848541,1986418.88586427,1899198.37617288,2939308.12407167,3042464.64528374,1317801.14908657,1506200.38491248,9622113.88085298,4927235.54163209,2197093.75457459,2597422.00330175,3809565.79974747,7600040.80620897,1580996.83278701,2403490.28765246
FT_1.370_399.18175,MW_400.18909@RT_1.370,NA,C23 H28 O6,400.18909,399.18175,1.37,400.18859,NA,NA,NA,Full match,No results,No results,0,0,8449646.62408051,15898214.7683786,4523402.07602024,21533369.3322392,6721489.30990457,23037095.1603039,22470789.2127395,35794843.4328885,12905024.7681768,12923471.8923152,17195996.154248,16974891.4321645,28331249.0431552,27079808.3938319,3477351.71759976,12035703.285024,17506950.6037118,21020479.5306813,5019363.13778415,12584055.5294279,17061689.1856167,14919654.8412745,11995211.919003,5467882.22333267,19881656.8603749,38012644.5884982,15594812.2610089,17638204.3721891,15306235.2145733,31020502.5077677,8904533.28001764,4094883.81126851
FT_1.284_399.14524,MW_400.15260@RT_1.284,NA,C14 H30 N2 O7 P2,400.1526,399.14524,1.284,400.15282,NA,NA,NA,Full match,No results,No results,0,0,4098740.9867955,14214090.9247448,3846137.30134855,12422990.2249808,7774491.60566743,12650457.3756271,5397224.77693959,7617269.03793409,12417479.8123224,7191322.93587575,4444710.36559557,6472532.72889533,15033947.6175359,8266042.3671216,5217297.12052238,4839003.22047345,7554232.1353387,8426784.60981278,9432269.5965362,6522532.45439686,8406114.34432494,6167092.92960425,3972002.06468412,4502028.48053114,8073272.23764354,12133629.8635517,6460307.51822898,6024656.49419344,10220201.729009,10383161.6696521,3647334.64568829,6103489.1951538
FT_1.484_399.14526,MW_400.15249@RT_1.484,NA,C17 H29 N4 O P S2,400.15249,399.14526,1.484,400.15204,NA,NA,NA,Full match,No results,No results,0,0,5036849.79694322,6640736.34940193,4178401.61858784,12882522.4264761,2312778.00951766,7395877.9814302605,1634215.7279646,7244269.30317673,7481686.21333233,7219549.84592166,3410793.27862612,2898644.96650049,6414401.15075836,5127283.34401396,2033502.88081431,4095388.79339939,4699298.98620198,5285096.52351323,3506333.58728824,3033596.37669986,8126652.40134447,4651963.76348169,2876576.37146704,3420352.99588469,12277758.0876459,6909832.44946569,4347291.43712543,2865458.64871843,7519211.35879034,8773141.23940202,2138753.6142433,2341213.63637716
FT_1.400_399.07233,MW_400.07960@RT_1.400,NA,C17 H16 N6 O2 S2,400.0796,399.07233,1.4,400.07762,NA,NA,NA,Full match,No results,No results,0,0,4900142.04057884,5179602.27732966,2589795.74801604,11714899.3239243,4267019.61524968,5407848.03926928,2612883.12859107,4627860.315654,4883012.58356237,5399311.76038199,3026219.60636878,3174027.60344772,4959712.27547953,4663636.78510296,2618092.03162799,3035602.88563096,5153115.72779966,5068402.8926011,2476684.73247036,4198744.32452126,4564315.4175188,4403578.67237667,2388828.73722506,2457444.89169197,7364599.67994694,5065617.83497652,4237284.20237651,4333473.48174853,5245846.46644759,9794790.76397443,1956034.03225999,3678842.32601073
FT_1.268_397.20232,MW_398.20959@RT_1.268,NA,C18 H31 N4 O4 P,398.20959,397.20232,1.268,398.20829,NA,NA,NA,Full match,No results,No results,0,0,24018371.7487466,46779557.1962365,19845401.2185333,72222796.7259282,30305739.6409455,61649025.8636982,12114672.0631213,40749374.7523983,42718736.4914259,37826232.3674856,25009961.74716,24855610.8840331,36841859.0569408,34601449.5287363,15547684.3001719,25393577.3189716,36733397.1617711,40770454.561011,16566613.053043,27274391.5888185,25664420.4296821,28916607.2069704,10560275.5905872,22432888.2170508,66365842.6389061,43788265.5199588,22791800.7205958,59436874.382335,49134674.3097196,61643920.3148715,14370048.505417,23768683.431384798
FT_1.139_397.20223,MW_398.20952@RT_1.139,NA,C24 H30 O5,398.20952,397.20223,1.139,398.20932,NA,NA,NA,Full match,No results,No results,0,0,5496637.6123401,8134325.10896048,4763647.83486284,6934769.04069232,5219820.74832906,7628601.15019223,2775514.46907535,7677631.07215505,8672868.35953103,6766985.42523706,3505406.45083154,5067500.93828759,9534351.42724271,6568671.62969623,4160390.94956019,5100243.92086447,2828944.09863101,8064621.91743447,2565441.74311883,6174337.46817055,2714310.46984447,3275982.54010719,3489154.27545665,4307643.18009168,5463495.28757966,9457430.55707397,5390125.98638608,8636252.91710826,3251175.68201662,10762281.0055277,4418801.41748398,4728585.47878821
FT_1.163_397.12967,MW_398.13686@RT_1.163,NA,C16 H23 N4 O6 P,398.13686,397.12967,1.163,398.13552,NA,NA,NA,Full match,No results,No results,0,0,12708941.5687403,16604650.9735705,9596129.71711175,30150787.871935,14704350.2726465,28193206.7109203,7124397.36420678,19856985.0616903,22281926.5038704,25031116.8896876,14239770.3033686,13682727.7392521,20805478.075831,24306732.4444325,10354930.0356114,10128061.1367565,19286882.7086298,18368255.7709881,8002216.71032725,17889018.6562262,17116714.3854324,19253783.5431527,7666218.95506664,10288688.8080865,27454731.534784,24695525.2990071,15033472.5839462,13934101.1189623,18584008.451376,30547507.626926,8767721.19369163,16115130.0939663
FT_1.223_397.12956,MW_398.13682@RT_1.223,AB-FUBINACA metabolite 2B,C20 H19 F N4 O4,398.13682,397.12956,1.223,398.13903,NA,63.8,NA,No match,Invalid mass,No results,1,0,41705110.6581137,58734975.8279847,21905001.1651337,91014275.9989623,46579032.9057651,80639593.447405,23301496.6340044,57094005.155648,49690500.3005015,74903137.9641813,35452996.658581,39293480.4613737,58305284.5419524,62685286.8981408,27902539.8520777,26675104.0180139,54438144.2439694,47366335.8445974,20980653.5291856,44525030.6704701,41464426.9868045,49619854.6662459,17598598.4802308,30503353.6288904,92130049.2357073,54013887.0566302,31726473.7448375,42160432.4947943,61685284.2998778,88728260.8130821,21374753.6863404,38283952.9230678
FT_1.213_397.09420,MW_398.10137@RT_1.213,NA,C22 H14 N4 O4,398.10137,397.0942,1.213,398.1015,NA,NA,NA,Full match,No results,No results,0,0,6890720.99924894,37218709.7534136,16759573.4731681,12099575.1485286,6239326.35405647,56059118.4255543,5192266.5414285,5357116.35108776,9477030.45247816,15589396.0631549,3526491.27566417,22575078.129482,21983684.5175883,7812162.22307344,3511229.03874409,14163171.1918608,7862957.37492883,13623009.1514691,2056416.65400915,8164333.0235387,9091814.26225116,34875894.9669762,14499861.831506,4735782.57337666,5791064.16422014,8669208.75787366,3785972.78556298,5792472.3202708,16278003.7476762,17761806.9708133,2869634.81139786,2972348.08088159
FT_1.106_397.09359,MW_398.10081@RT_1.106,NA,C13 H24 N2 O8 P2,398.10081,397.09359,1.106,398.10079,NA,NA,NA,Full match,No results,No results,0,0,3992832.35230692,37218709.7534136,3563379.95380781,22877968.8526384,6239326.35405647,9019496.36972866,3655662.08557997,12739210.9852697,9607750.9175567,7716762.59599596,5670490.09043794,6570195.08598439,7535794.44788689,7812162.22307344,4646445.71481247,4059148.07014859,7273151.58549816,10293891.6238511,6022297.99282451,5867552.43358362,9513777.8211785,9625258.45836229,3260008.16894983,4782477.7870766,10706620.2035717,17064299.5188335,7685917.13106184,19831987.1981684,9034470.76720676,17510680.1434345,3327113.50454172,6437738.10537749
FT_1.603_397.05673,MW_398.06400@RT_1.603,NA,C20 H14 O9,398.064,397.05673,1.603,398.06378,NA,NA,NA,Full match,No results,No results,0,0,19376571.2320724,21999592.7707108,8042325.11276441,22075498.6693536,16692796.6753615,22305214.5914902,4818184.83379688,28679509.5170771,28249089.1574791,18499522.7109264,12296705.5676858,14259643.0429102,18633169.1232133,20426278.9691641,9489367.35875393,16100471.0449397,17059576.2500878,18866239.0604888,9363780.18014576,20410104.3219253,18010786.5397867,16277424.2549022,6897783.22087183,12194230.5078012,21325378.0224289,19645456.1170843,9017552.03359816,19418903.3644497,15295310.5786621,19629285.2543239,9668293.50201462,18035813.1373561
FT_2.479_397.02372,MW_398.03100@RT_2.479,NA,C17 H10 N4 O6 S,398.031,397.02372,2.479,398.0321,NA,NA,NA,Full match,No results,No results,0,0,2973827.18672087,11850337.4131131,926153.721856939,13377721.4472292,6291035.64830049,31267335.6781648,611353.26484183,7221935.06535009,13262795.9671587,10674995.2612244,3126008.26639399,3270593.07004623,10912923.0735139,9074151.66984402,516606.598862261,1833093.17878687,12908916.7473734,6632805.20657085,1168779.32367126,1653157.8198689,4889150.00367609,3123470.2327352,401382.435033514,358612.072568466,14240313.6827503,12150967.8991858,3489512.64567766,5699389.60965346,16752484.0932779,37384602.9681345,470025.893281696,979046.620617998
FT_2.358_397.02350,MW_398.03078@RT_2.358,NA,C16 H14 O10 S,398.03078,397.0235,2.358,398.03077,NA,NA,NA,Full match,No results,No results,0,0,2549624.59471986,5819241.70861444,979545.067914613,31104070.4006038,1986421.33238753,7751344.78096193,979227.983727299,4811385.96456747,7100329.11941805,7784070.06438848,2672130.78032451,1227256.44904283,6651765.72779019,4421488.89083138,982882.272962753,2369829.19243865,5266858.96601201,4918030.86935552,1168779.32367126,1353816.86189528,3384876.02621858,1784336.40989644,822294.465944303,671062.203989711,40518883.716399,3942531.37978929,3451239.39471149,4930599.38415585,7697925.51144938,18960194.466652,556895.138737179,979046.620617998
FT_1.125_395.18595,MW_396.19326@RT_1.125,NA,C16 H34 N2 O5 P2,396.19326,395.18595,1.125,396.1943,NA,NA,NA,Full match,No results,No results,0,0,4033402.18943027,5564675.03521959,3485424.93988799,4117862.04454674,3241087.37093787,8718622.19302369,2205408.27612691,3986674.1407157,5470975.71929538,5967354.11846823,4199794.48498698,2564305.62059414,5263684.44356468,5982752.50375779,2974647.85526437,4275916.70363069,6260119.09692209,5062130.81935935,2957423.08016693,3924571.67313522,4368161.18352856,3252323.70589009,2873229.55403339,2828163.83413612,8610327.47485449,4701703.52498906,4583699.17372314,5513048.97778844,5425995.34822638,8397774.36698538,2161824.32996302,3206708.30745938
FT_1.407_395.15012,MW_396.15772@RT_1.407,NA,C17 H25 N4 O5 P,396.15772,395.15012,1.407,396.15626,NA,NA,NA,Full match,No results,No results,0,0,13900174.8269463,20069874.8879822,3385368.23439228,37919308.2088415,16075051.4462687,32881264.903371,5830406.89618198,8669709.71250335,21153867.0517752,28067367.4281286,11817861.0911784,14297832.5474886,17701553.2755675,24053733.8111046,6671393.81955679,11591032.6889678,20822552.8306335,21644448.5238146,3726440.04936638,13976522.916936,7402371.21153499,16533742.1440325,7294068.44374798,6575662.16918796,19528835.5450249,22363908.5112486,12759396.900162,17623309.9212709,23807544.0293531,32922171.3478945,5863807.57901667,13030714.2829952
FT_1.298_395.15023,MW_396.15758@RT_1.298,NA,C23 H24 O6,396.15758,395.15023,1.298,396.15729,NA,NA,NA,Full match,No results,No results,0,0,14579438.1213154,31216208.8907488,9796722.95898419,46417639.7504417,18474615.9364214,44148765.6810136,3566873.61615045,21217901.4653867,41119006.2587611,44239035.6512217,19776103.6050171,14471319.4554094,32782494.6148184,53673331.8338548,18831822.5111692,2829377.88961147,26708804.0382837,33293532.4344796,12521973.5334014,22085797.0261283,16920675.4054747,41951308.8669609,15362808.5929392,15387930.1352653,38973820.1824697,39893608.4428535,19679024.6007915,17970214.125874,27770738.0417167,40773447.6216594,10356332.4594044,20734269.1906554
FT_1.674_395.13575,MW_396.14303@RT_1.674,NA,NA,396.14303,395.13575,1.674,NA,NA,NA,NA,No results,No results,No results,0,0,2431700.66111016,6634841.90815324,2847592.0859512,10916307.5978551,5328358.35512568,11335573.3689114,1904524.63231953,6405929.63916069,7579012.43614285,3363528.08834904,3488196.30677281,3156887.81740444,4354723.44287074,4358987.9646645,1529433.88321848,3339467.09216269,3809332.79773526,7836334.47414867,2226448.93598035,1791451.22402395,3988701.34569155,3301528.14187213,2293807.64138825,1824394.83210604,6788926.74905752,4995280.12651586,4226054.74832863,2203199.25139207,4355498.99171521,4555579.18833464,1869821.19962087,2148992.9756784
FT_1.211_395.11430,MW_396.12167@RT_1.211,NA,C23 H24 O2 S2,396.12167,395.1143,1.211,396.12177,NA,NA,NA,Full match,No results,No results,0,0,3233496.62905114,9638026.77521803,5202027.40924605,4752515.8677201,7011544.92032288,8233440.59413414,4693452.88025655,11128887.2330133,5037750.44916506,7579864.7080672,6393127.05871511,6442357.85066087,7828531.86348525,6372593.60607325,5525736.31160943,3989327.85031275,3481509.58457825,8936571.53494363,8297860.01326683,8683727.94669277,8842072.16911475,7690464.57160262,3792843.19268446,5757240.67997019,8182278.25813809,10467199.7521621,3824443.22703418,8071044.60024134,10496018.1330152,8798071.54114205,2201071.03493845,3988586.28647023
FT_1.451_441.11948,MW_396.12131@RT_1.451,NA,C22 H20 O7,396.12131,441.11948,1.451,396.1209,NA,NA,NA,Full match,No results,No results,0,0,25634963.8949165,31552803.4434408,16416127.1843734,66576597.9067689,31079949.0770024,59910463.1063773,18455979.7916403,44182592.5656325,58847826.6255459,55787746.1811731,21529428.0476477,22735741.0932477,44258918.9455142,46284004.7368081,25010566.8332464,15633578.4399189,40269504.9302962,45904249.6421234,15956553.8195346,30594088.0759789,33834290.7490383,54371105.0505066,15099456.9940171,25638788.1688807,43937673.7535844,48270917.1782773,22855106.0848611,32040119.2485737,39052807.1213086,59675774.239614,19901089.2040588,28961292.7109016
FT_1.089_395.11395,MW_396.12126@RT_1.089,NA,C22 H20 O7,396.12126,395.11395,1.089,396.1209,NA,NA,NA,Full match,No results,No results,0,0,32798499.0723117,40751702.664693,25465846.9415831,45467381.646915,34586353.4536943,38090458.3056479,15083963.7177737,41389564.3458193,47776607.0273294,36455518.0946156,36987362.8115879,26563998.8671122,39452456.1716737,43078592.0825196,26055673.0449772,23539213.0030763,31348673.2137649,36348359.4033396,36034415.1481015,32227764.158278,32511621.8159129,30696656.9957918,17496185.2677221,25992770.1880233,51917675.7413905,48577563.9720241,31901818.9830568,49544629.1316391,43015236.8222329,35541833.1686821,21904838.7335382,27007815.5076013
FT_1.356_395.11391,MW_396.12118@RT_1.356,NA,C22 H20 O7,396.12118,395.11391,1.356,396.1209,NA,NA,NA,Full match,No results,No results,0,0,12131237.5915587,13232448.6292314,9070067.25344333,30386781.461001,9187105.2546169,20428644.696965,3129207.97722515,8315310.54591818,12174881.2287811,23479852.2675072,15998186.7244201,10246583.281082,17632196.528023,11166405.768029,8094981.39867359,6127979.40331183,17170052.6718103,29687917.7642675,10030828.1998294,18905894.4877624,11501460.9771364,22090456.7386456,5462784.81467435,11166254.3910233,29254282.5542528,27020000.7614786,11399032.5133758,6969232.48546447,15914468.6138495,20803246.0956593,3340097.18052728,5994162.77551319
FT_1.105_395.07803,MW_396.08531@RT_1.105,NA,C15 H27 O4 P3 S,396.08531,395.07803,1.105,396.08429,NA,NA,NA,Full match,No results,No results,0,0,5482853.92244323,13901939.8399276,4739343.4235858,11054550.1497923,5897983.71276091,11893295.2353614,3975605.83515604,12499006.5341843,9666324.69412771,7376022.78899651,6046725.31601398,7224423.90696257,8508855.18536877,5953471.53609793,4626225.9060184,5129630.06321108,8170599.15468927,7157036.39677377,4719532.22468575,6021799.48465088,8030065.8697711,6687972.88743505,3526394.11748182,3729065.00613139,11822645.3308983,9981757.04903915,7119761.16045729,8192148.31337953,10990871.7621238,6456854.87941651,4045561.31764079,5786331.05351935
FT_2.472_395.00774,MW_396.01502@RT_2.472,NA,C17 H8 N4 O6 S,396.01502,395.00774,2.472,396.01645,NA,NA,NA,Full match,No results,No results,0,0,19138447.3463748,58338414.2269747,9512385.35886191,114704517.260109,29319300.8655119,92160766.4306383,8448856.004648,48145868.2805078,56782443.3315929,51734145.4794238,13753325.2557923,23834491.5167026,47409786.636068,37342719.1915105,4773248.12496239,13322428.7772038,48380557.3305061,64695262.5324291,12419133.2418566,10730817.4601662,47323261.0716569,20861748.3125659,5933045.02028557,2446820.2335895,119621424.202597,60141355.5451179,28902955.9766503,34713089.8675784,58619888.3313282,86925926.0269916,2027791.97431105,8261105.11502224
FT_1.300_393.13452,MW_394.14186@RT_1.300,NA,C24 H18 N4 O2,394.14186,393.13452,1.3,394.14298,NA,NA,NA,Full match,No results,No results,0,0,12767359.6771094,17321355.46011,7180166.29629262,31628894.5745567,19555959.2141086,28368820.8676609,9339512.0404526,21879311.9129356,18357047.4861595,19171802.1355138,11877317.7012183,12234382.1148889,19476526.1665118,15733621.3348764,7403159.45964402,9776599.67800089,19841861.8473638,16392488.0875359,6973878.57089209,15675893.4474476,10515366.398984,11977666.2984983,3531104.02452196,8614264.93862311,16584845.524015,38797812.7158274,10785556.4160253,15774462.9130183,29525738.9164887,24686402.2813122,6269047.64124616,12178876.8044018
FT_1.148_393.09832,MW_394.10561@RT_1.148,NA,C12 H29 O8 P3,394.10561,393.09832,1.148,394.10753,NA,NA,NA,Full match,No results,No results,0,0,5552095.80229606,25168606.9723027,13201302.6897432,18855084.1542628,10813705.0296777,15598685.3579156,8001645.36933164,9630221.50697151,29632770.8988662,10998676.3030546,6827433.55225082,8614509.02796903,22741452.961376,13439251.8610038,14168680.0254883,7691553.51547584,15237557.2846816,12839035.8164711,9908940.45517615,10914994.2605218,12980293.4745766,8927668.54882604,11567390.618827,15369523.180713,25187568.6633625,30121728.872848,7853987.76367693,21338959.8844698,22712816.9772871,15939244.3129359,6445202.34602941,14266640.3066589
FT_1.671_391.17662,MW_392.18384@RT_1.671,NA,C15 H29 N4 O6 P,392.18384,391.17662,1.671,392.18247,NA,NA,NA,Full match,No results,No results,0,0,1981309.9256737,7879063.75056963,1634021.35893027,7777000.90046499,5274137.27499251,7340794.63390545,6278718.33769741,27106736.6468659,7413951.25148777,4314001.09725262,1919216.79327538,1307306.85974795,2481861.56537026,1717297.48073075,1279436.61090072,1519148.20812001,3701050.18634025,4166691.78795651,2619210.48517798,3577650.83108009,5911274.28723283,5890115.73854857,3687462.61744206,1109781.96398038,9327176.38473261,5209737.67680308,2794221.21640664,3797786.8886982,5938244.52321519,8512140.07149067,813824.129403585,1255384.68201756
FT_1.670_391.14039,MW_392.14766@RT_1.670,NA,C12 H30 N2 O8 P2,392.14766,391.14039,1.67,392.14774,NA,NA,NA,Full match,No results,No results,0,0,5372055.21533566,16168261.4951122,3745591.66176319,25230820.5611962,5886953.30830401,13108600.3747159,7239705.50060086,14855295.6682944,16108799.0603673,10469160.9015262,4189917.14115838,4473309.22323498,8016021.11261239,5971242.83889764,3342218.94910036,7467138.87557083,11040324.2438533,8508915.10517251,5847026.32272268,5783529.04050038,12818761.5775668,5146924.28447895,5552271.29929209,4040118.01674303,12907206.3528457,15850454.7821338,6060105.26883135,6556312.83194496,8510271.81225452,9554787.22242388,3111461.40205868,3518899.80399972
FT_1.408_389.19729,MW_390.20457@RT_1.408,NA,C15 H30 N6 O4 S,390.20457,389.19729,1.408,390.20492,NA,NA,NA,Full match,No results,No results,0,0,2886799.54181071,25942762.2656338,2356147.62780855,7804900.80693075,5837802.51750003,8345493.4230319,6797068.19628817,6776768.90288316,6504667.10828841,10484858.6518619,6488362.23857965,3330004.09180716,6317576.20528335,4848673.0439451,5332966.13608504,3058836.20975264,7418758.51466572,7936071.8949102,2321793.07861897,3879370.09203598,5527683.25370331,3779175.43110029,2118503.39103731,3090524.58439016,21406559.6128051,8225220.68058179,3174213.02878088,4745269.4040999,8288710.33529041,5343523.16037189,2640779.46498594,4058391.76904209
FT_1.670_389.12457,MW_390.13185@RT_1.670,NA,C12 H28 N2 O8 P2,390.13185,389.12457,1.67,390.13209,NA,NA,NA,Full match,No results,No results,0,0,4085489.85321762,6844195.50890368,5057027.12330417,10052652.0085592,11959159.8919392,12163780.6027818,4291463.67651102,7652323.88034928,13520074.8013885,8402901.48755192,4800153.8871226,4518500.93289794,7254432.52006114,6358670.9544481,4175045.15386821,4932821.2227045,9216305.19837323,7236496.97042459,5184439.13521212,5260832.77429307,6516786.36599202,6747143.16277243,3689189.96141823,3136933.08877958,11281336.993296,7097983.72080072,5392143.72479915,8514539.38268063,9129273.10807476,9298153.21012769,2443291.46437074,3506765.2331943
FT_1.285_387.21811,MW_388.22538@RT_1.285,NA,C23 H32 O5,388.22538,387.21811,1.285,388.22497,NA,NA,NA,Full match,No results,No results,0,0,57094400.697104,91942751.9675764,44390965.676427,117567721.882474,101282446.695347,89020483.1389928,40040378.0500729,120515620.143099,118859586.908502,88940807.2189749,42588494.0718123,54432242.2253441,112857858.521854,124045039.172621,44108878.6161413,41371981.3381708,75245821.5441246,100141255.81052,64835045.9790769,80555840.6343761,68534932.7186395,73577881.0781806,30051523.9403352,55999267.8072809,112604233.902281,101034271.357232,47753283.069118,71096041.8141851,93867584.4090303,98124075.9857222,31771140.5679967,62220150.2107564
FT_1.378_387.21788,MW_388.22536@RT_1.378,"(3R,4S,6R)-6-{[4-(3-Aminophenyl)-1H-1,2,3-triazol-1-yl]methyl}-N-(4-fluorobenzyl)quinuclidine-3-carboxamide",C24 H27 F N6 O,388.22536,387.21788,1.378,434.22304,NA,76.2,NA,No match,Invalid mass,No results,2,0,3133887.8201236,5236259.82455777,2772800.37559862,6787051.26255692,5766821.72744339,5243579.20096896,2824182.59346408,6225320.92457236,8038501.37166201,4535422.82422561,3677033.69816695,3931034.37150028,7554873.54253509,6145423.53927683,2848867.53697745,2552751.81633178,4257073.35106688,7098158.84622739,3542036.36151538,5409952.427102,4174582.48510109,4831169.04997392,2409503.91350057,3516835.06152666,7259870.70482519,5753728.45533426,2462811.24867691,4412172.84361955,5305717.02407455,6478322.56066285,1761325.62007092,3749286.33503131
FT_1.669_387.18144,MW_388.18893@RT_1.669,NP-018946,C21 H26 O4,388.18893,387.18144,1.669,342.18311,NA,65,NA,No match,Invalid mass,No results,1,0,5936091.71006812,11535393.412435,4510699.34040993,16480048.8388542,8929288.30300633,20980711.9676716,7026041.45631698,7668779.67860596,14715341.3526763,11858220.9412424,6306128.84603305,7674419.20039364,10607029.4838676,9638348.25663366,5019966.64799489,4811014.96628719,13580539.8498219,10755238.9512816,6984865.73599893,5687943.62694609,9391056.27723575,10986585.9793703,5473086.7066757,4184658.11104166,19243798.1698119,14153848.6942196,7816440.18271894,9081871.3539253,13445073.7047343,26642856.5082241,3485334.02639359,5141921.56071305
FT_1.579_387.18133,MW_388.18860@RT_1.579,NA,C22 H28 O6,388.1886,387.18133,1.579,388.18859,NA,NA,NA,Full match,No results,No results,0,0,2336584.66171395,4168943.18494482,3106904.22684203,14329980.6103846,2971419.89935118,9642718.63637324,2620583.72044136,5646134.6267173,7792794.4519834,7700691.45730518,2789755.37379646,2899597.83821388,5415683.1270082,7399106.93190275,2363786.87692732,2214035.95045628,6304454.46285609,7545659.94801276,1891961.04368655,3610071.58413212,4409333.25915434,4619034.944103,4044132.56398736,2561649.23991254,12585384.6897207,7324567.40812284,3242173.73570613,4816170.34445543,8711002.07290025,9758506.81010686,1408496.23836007,3049812.84845756
FT_1.594_387.14517,MW_388.15243@RT_1.594,NA,C15 H25 N4 O6 P,388.15243,387.14517,1.594,388.15117,NA,NA,NA,Full match,No results,No results,0,0,4892882.02275046,8999951.93825698,3542036.37501468,16962378.7591641,5103147.86125556,10175085.8493833,8381121.62192683,7317798.23194871,10909794.3504765,11766587.8159168,3785856.90503298,6272388.03234522,6094021.4317166,9806439.94288014,2902013.08945407,3671871.32116643,6486091.49455613,10135392.7602667,6735858.96765156,4108351.50613343,10976308.6363564,6088258.99239029,2834950.90170484,2676522.10498374,17520048.1881012,10494494.1645098,4445078.06101795,8846953.90385004,7043740.31124869,15394611.4446665,1737131.09202374,2996158.47760089
FT_1.671_387.14538,MW_388.15241@RT_1.671,NA,C21 H24 O7,388.15241,387.14538,1.671,388.1522,NA,NA,NA,Full match,No results,No results,0,0,2284993.71365697,4783586.44175078,1906492.2594729,4694982.9019934,3387097.24987719,5010112.52540468,2800115.34368561,3858032.04300498,4218922.57827673,4596641.83640571,2823339.61533427,2458352.61050294,2995184.20391842,3250345.49479292,1821282.24313465,2046282.14466961,3439102.94957979,3961345.77918262,2545876.92751545,2502468.83773968,3397347.80164377,3922167.71424603,1797942.27708187,1730768.48224862,5925670.74678941,4270936.82206516,3236564.63850277,2654302.96553696,3779204.75402773,3857239.19125011,1352455.91257341,1820232.93484031
FT_12.390_387.11470,MW_388.12198@RT_12.390,"[Similar to: α,α-Trehalose; ΔMass: 46.0058 Da]",C13 H24 O13,388.12198,387.1147,12.39,388.12169,NA,NA,NA,Full match,Invalid mass,No results,2,0,9615394.48209585,11001168.4223705,21237673.0089952,23836200.3098016,15524324.1885969,22605104.2153161,19253328.3985645,15691806.5402001,13836719.1311138,15784296.2306466,12666446.0383465,8073393.49067621,23255942.7702723,17417688.4859999,9319268.66262135,7007209.16137872,13640365.003587,11956236.0909035,7654429.87612102,9661996.05754733,8696790.19087297,16340223.586798,7712028.68922303,9591946.60545384,22397159.0629904,18966275.3338606,9033882.9224045,10917065.5054134,37009843.5582696,45303853.3430848,10032613.3608923,17056710.7102121
FT_11.959_387.11469,MW_388.12197@RT_11.959,α-D-Lactose,C12 H22 O11,388.12197,387.11469,11.959,342.11621,75.3,93.7,NA,No match,Invalid mass,Invalid mass,2,2,2413240.68840896,582262.241186482,5723971.73482449,7861210.76373199,4860513.86158062,9053934.19999683,4583552.34594599,4246219.14261595,8124493.14948253,6195387.76659714,8189673.45111356,8424922.29669699,6229311.31537152,4333623.30652159,6356315.20005946,6181110.44033171,4715838.77873382,5040860.26352142,2407732.48582093,4584386.77356422,6453167.42319211,8588895.98154521,4117777.8968041,2596269.32825321,7183896.72910024,3636517.00774435,7440568.20277682,5391995.97017291,5633125.88122249,12550895.1643671,1522495.16260064,3147444.00531344
FT_12.101_387.11469,MW_388.12197@RT_12.101,D-(+)-Turanose,C12 H22 O11,388.12197,387.11469,12.101,342.11621,58.3,77.3,NA,No match,Invalid mass,Invalid mass,3,2,11510392.8500837,10116672.8464368,21662312.56011,16228922.3839819,18317803.2246089,12901664.0226774,27963348.1864049,20111001.0286575,12953473.4844481,9248167.11423683,13260721.566556,15160516.1683704,10052470.1872135,7611137.32147123,9885724.45256529,10924178.3959176,6789338.72125012,7243697.22185499,4583747.50149154,8719386.82319404,8844073.44215875,15140550.03468,11035123.6099704,6333855.36269657,11063475.0449372,10272353.390316,12261885.6466304,10462411.3547051,17096516.4351709,15171715.5288226,6892767.43803449,21324090.1243627
FT_1.230_387.07246,MW_388.07973@RT_1.230,NA,C20 H12 N4 O5,388.07973,387.07246,1.23,388.08077,NA,NA,NA,Full match,No results,No results,0,0,13826094.3857225,17487488.1551731,5433331.33299829,124119816.715799,14633306.4612979,80942876.1231868,2853160.70508185,82115702.426421,45591295.2533248,58901657.8568759,23395547.2240029,19992454.5453832,40644155.7853852,47052593.7797545,9739093.29205837,11346321.1867978,26787285.0820983,27904465.1965294,3462396.3479055,16833384.2454022,2840217.21612611,20555306.0147523,2418319.72823089,8785687.74892023,46241043.5405616,29376351.6202527,19892670.0686651,15036002.0013706,23392917.7333461,43032446.7333155,3619312.28746813,4208179.53165277
FT_14.754_386.93952,MW_387.94680@RT_14.754,NA,C17 H6 Cl2 N2 O3 S,387.9468,386.93952,14.754,387.94762,NA,NA,NA,Full match,No results,No results,0,0,19727076.2907589,16558244.795152,12075931.5570622,110667088.61728,29149608.0938941,53975474.2345048,8659817.01194748,18313687.0286208,29394667.4889268,95284516.5317887,22775613.3153611,15623298.5998004,27584275.7797324,70005900.4142899,24671533.7757338,9083272.79316028,20026170.4931024,19478538.5924185,10363856.0008058,3409786.2711103,10396840.7940279,78197029.2375825,17698069.9460395,3793177.01839469,52451372.8442971,31691901.2788283,19237857.5327203,5117960.08464765,41234171.7192385,100340536.492137,2531772.99391606,6938104.38671388
FT_1.130_385.20231,MW_386.20955@RT_1.130,NA,C23 H30 O5,386.20955,385.20231,1.13,386.20932,NA,NA,NA,Full match,No results,No results,0,0,8723044.81210236,9372235.80127871,6345491.84517675,14890477.0295535,8273444.37700413,10718822.0257807,8530213.04901227,12009957.1762037,10136553.2368016,13029347.7378698,8734001.83641735,8384796.9167626,14169899.3133181,10999825.4926375,5776661.48157541,6791029.86653374,11634364.2102422,9234651.1092558,8084468.56325245,7664084.82597567,8154394.84807038,8324596.10307214,18323610.1301818,9128780.14795814,11775706.0314374,10838867.2590618,7016393.04616673,9843920.12298455,10467642.9762996,13113173.8734708,5195863.05651249,8293281.46203455
FT_1.290_385.20224,MW_386.20952@RT_1.290,NA,C23 H30 O5,386.20952,385.20224,1.29,386.20932,NA,NA,NA,Full match,No results,No results,0,0,62890116.254938,154019452.118995,55388961.4390582,144514787.860965,124430356.549606,127061655.602187,56078191.7211737,167078171.399643,131253494.769796,89348347.3554899,68771899.9724026,63700411.8836113,114538717.68965,137500445.28132,55500436.9183535,61093933.6432804,99782944.9044381,144597989.487225,76444810.5861408,93859803.0893543,84113541.995243,96639053.6299558,45470115.1143458,78112310.7101514,170777986.14465,140480878.582731,59667063.4648261,126740664.623884,128646758.715969,113952135.549194,42032835.8883524,70524731.9182202
FT_1.664_431.17208,MW_386.17344@RT_1.664,NA,C22 H26 O6,386.17344,431.17208,1.664,386.17294,NA,NA,NA,Full match,No results,No results,0,0,2467568.56652929,4449786.63645291,3190822.98572856,9688900.55380085,4027642.64193844,9420567.38755756,3506566.12927405,5966118.76839764,6282754.89578321,4746579.26678395,3339096.5580748,3656352.62044019,9400505.92597017,4338160.84033803,2060100.46847496,4469387.77237435,5290781.38601886,7302239.5172806,3112494.42509953,3655456.85053562,6130369.58256295,3806438.79877702,3032122.18016468,2180013.51617626,10018945.4688336,6954398.47964387,4239913.8244475,5005024.16944392,6065989.2079406,12570732.6627398,1908820.37455846,3305803.3679537
FT_1.409_385.16590,MW_386.17318@RT_1.409,NA,C22 H26 O6,386.17318,385.1659,1.409,386.17294,NA,NA,NA,Full match,No results,No results,0,0,12750304.7830879,30261509.1591259,11496716.5761862,29960785.4114364,23280191.0879085,25084362.3171505,16661572.1553576,27096934.1458074,36649909.6857807,23370009.431918,15993496.2720445,14266997.4661467,22097677.9793784,27677295.03073,11545111.5145739,11417485.4116746,18141366.258775402,32343420.7673837,17027203.1008073,20128767.1825841,22463883.8953697,23404866.4299584,12121538.7680568,13066539.0765569,38090659.8569532,31974237.3626744,12296484.2171719,19908977.4295197,25995062.2000494,29147180.585344,8308598.0131145,13865163.2332605
FT_8.844_384.93558,MW_385.94286@RT_8.844,NA,C3 H9 N4 O12 P3,385.94286,384.93558,8.844,385.94298,NA,NA,NA,Full match,No results,No results,0,0,37960684.8515285,23255802.2247667,25240316.9569622,23102048.3356823,37287992.9341882,25771620.5003286,36588695.9346372,26269323.2831046,31530337.3166222,20318392.4524481,25232236.9502736,27044950.5357387,32942184.0175198,19805686.0083694,20000136.7608663,28455954.3504279,29066216.1003185,23670439.0334858,27254821.2241226,27224818.7675698,27125591.6984129,27617626.4975606,33361776.3822692,22830604.7139546,21035401.3924935,21629517.4147437,24270320.7389818,21258478.1274015,20898570.9954513,22033530.8644535,14407676.3197728,21612818.8402662
FT_1.129_383.18653,MW_384.19388@RT_1.129,NA,C23 H28 O5,384.19388,383.18653,1.129,384.19367,NA,NA,NA,Full match,No results,No results,0,0,8099392.64890258,13973615.3150368,8434994.95015521,11920830.3048502,10106808.2117847,14948903.8575539,8410955.07724604,23828082.5100703,13877599.5180605,12855488.239097,9164956.08667658,8070833.19235388,14169899.3133181,12940813.7660706,6872837.16063044,9356504.84044595,11634364.2102422,12914002.5719963,2700567.54168058,7664084.82597567,8614697.23685271,8035849.57522336,18323610.1301818,6996141.63748903,15091288.0855994,10838867.2590618,8703615.25751165,15056062.3873501,13083892.0055235,13113173.8734708,6662346.97295539,8607397.44165822
FT_1.301_383.18654,MW_384.19381@RT_1.301,NA,C23 H28 O5,384.19381,383.18654,1.301,384.19367,NA,NA,NA,Full match,No results,No results,0,0,5450392.13743914,12696837.8362509,4256829.28629422,13292938.7495909,9304100.24793094,12044890.6071437,4579204.77977903,9201969.80033479,12041860.898547,8401462.05425192,6184654.47228346,4981594.07168026,9906830.18505877,9980773.37216652,4324554.91249353,4794816.40241796,11028196.5089329,10219505.1256922,2700567.54168058,6850244.42489696,7483203.81634458,6027944.95342883,4465996.74958842,5430472.93149878,12157240.3336467,10976118.50142,6513600.04994473,8698196.91709997,10478697.7723229,12780592.0883168,3470290.19769732,5246166.4396712
FT_1.336_383.15002,MW_384.15766@RT_1.336,NA,C16 H20 N10 S,384.15766,383.15002,1.336,384.15931,NA,NA,NA,Full match,No results,No results,0,0,5219558.53271298,4175410.5608833,2056480.53938532,18962380.6161932,4096279.51479953,17287813.2339321,2768217.56397056,11530205.7661481,16307870.4191498,10926523.9017115,5687706.75951939,8466880.08805623,13073104.5437621,9435836.69397043,2643213.22942608,2628455.3457663,3887711.28976788,1869887.30748596,4208068.75933816,6999267.81164699,4574682.45618773,4867852.58940339,2118313.36621461,2467937.08654901,6861326.47629511,15221259.9568042,2471058.61520472,8508726.4505711,4555009.47384208,6852361.70578422,1337529.56464716,3070421.2595623
FT_1.672_381.19226,MW_382.19954@RT_1.672,"2-[(2S,3R,4S,5R)-3,4-Dihydroxy-5-{[(isopropylcarbamoyl)amino]methyl}tetrahydro-2-furanyl]-N-[2-(dimethylamino)ethyl]acetamide",C15 H30 N4 O5,382.19954,381.19226,1.672,346.22162,NA,89.7,NA,No match,Invalid mass,No results,1,0,6767783.46748647,9406749.75257275,9413915.29508849,17056822.5028743,7799652.51137321,18510606.2548134,64391646.1596821,10270717.4166707,12260448.8298843,11502005.8144344,9318962.50750929,6507603.87620341,9438356.29272694,9696004.33133761,4648282.2133322,5152640.57666196,12416802.2092903,10684903.7837619,24244458.3119048,8217107.40125357,7966570.75632954,7780361.07706628,56394696.4093628,4338700.56396731,27762081.0956402,11164612.3094936,7494438.68077649,15415317.7006361,16493873.213642,18199465.1175928,4165154.7307372,5188635.94977695
FT_1.337_381.13431,MW_382.14185@RT_1.337,NA,C22 H22 O6,382.14185,381.13431,1.337,382.14164,NA,NA,NA,Full match,No results,No results,0,0,4700698.07464694,4879578.43684826,2081729.73989731,6462117.23892076,4768249.0891956,8017460.90967821,2723798.52252772,6588002.82668584,6504378.02483304,10546610.4380823,6401951.71739453,3335079.51901582,6630979.44135513,6559791.75185543,2443455.48070273,4047855.46674286,6541481.5083054,5417887.47186952,3762789.47766155,5373395.59529482,4052782.83179323,5889769.8589963,1762092.95376218,2822648.7485704,4596379.41710242,7468044.926185,5599835.35657367,4062076.96768565,4521306.53869967,10618482.6517363,1986036.75956715,4602181.76252917
FT_1.116_381.09801,MW_382.10545@RT_1.116,NA,C15 H29 O3 P3 S,382.10545,381.09801,1.116,382.10502,NA,NA,NA,Full match,No results,No results,0,0,5663081.72974656,13873431.2007022,7381307.65016295,12668655.4543123,7555719.07035201,13082509.6357385,6583841.1058873,11235895.1223879,13659060.3609841,10937010.5814974,9787089.3384112,9213956.90055024,12923082.6552463,8854308.5974218,7872684.73482167,8305457.35645134,7284371.50471982,12306425.1163316,8318729.42952465,8712868.64856241,12530926.8062822,10657736.0392289,4792255.66600166,9497042.63258434,11268735.5871507,12070917.0737208,8093983.44972889,10486589.6934986,7597125.72109602,6879035.02363884,6196758.661909,9525960.57399861
FT_2.330_381.02859,MW_382.03586@RT_2.330,NA,C16 H14 O9 S,382.03586,381.02859,2.33,382.03585,NA,NA,NA,Full match,No results,No results,0,0,16607921.500048,20261368.4688198,11386755.6704029,51843901.7810711,20053813.7510802,50667912.0106833,4773776.90681585,14618630.764187999,19410141.3747483,30052887.9056887,20667741.6850208,6785630.29765809,26946104.6908955,22502834.9270785,6168994.34457025,6869406.75350634,26965758.5907102,20159992.5577302,10535789.3128685,12621009.5904233,16875198.2800412,10142720.029704,4042631.37274855,5016401.50043228,43568326.4618583,28425251.6435011,18245834.3554146,18661682.7653219,29613595.9677068,42672399.4093397,5694208.71534347,10300783.026348
FT_2.351_380.99229,MW_381.99956@RT_2.351,NA,C15 H10 O10 S,381.99956,380.99229,2.351,381.99947,NA,NA,NA,Full match,No results,No results,0,0,2109172.93428159,4381674.03347752,572601.213057313,11083793.6084229,2941992.22749722,7574339.09753772,855740.35762979,3796940.54359029,5979843.09863529,3187545.56537003,1063182.02279073,2023470.45371752,4347505.86511187,1763235.14740506,545024.201016991,1537818.93913013,2248243.76778116,3900169.72354761,2812937.32696235,859392.260786905,3408642.50254062,692034.841938665,909001.721544453,320137.338708524,10414021.0968177,5808162.73417137,2925513.42748504,3420937.07057863,3719583.94643296,5200091.60167534,308807.40897438,689498.204658683
FT_7.682_380.84388,MW_381.85115@RT_7.682,NA,C5 H Cl O14 P2,381.85115,380.84388,7.682,381.85301,NA,NA,NA,Full match,No results,No results,0,0,2198446.24000799,11430850.6782779,7188002.29743841,20477728.6372305,7818882.72250629,16185464.5569202,2013995.28856795,6325476.54342222,5848143.86343568,12912452.2371467,8236829.23860419,7597307.08671675,6047587.23342818,7400215.18292626,6046605.52374591,546659.484345958,6341465.09768531,6005464.45062566,3455730.49921821,756404.378320362,657680.090947751,3666276.63050706,2852643.25646565,879004.124440708,11919337.5316157,7099495.30465834,6655059.77770594,822377.507797442,11503596.5467084,18043065.6087513,1136807.96061774,3389081.57311053
FT_1.672_379.17641,MW_380.18369@RT_1.672,NA,C14 H29 N4 O6 P,380.18369,379.17641,1.672,380.18247,NA,NA,NA,Full match,No results,No results,0,0,6136967.39490484,11391721.9762855,9267189.67785939,17151898.5827962,12821171.5950469,15694317.4144707,60359710.5594852,9920414.83541507,15171069.1828349,18764649.9999474,9090622.35750073,6865543.59915699,12267567.9810769,10582983.0352077,5651534.47129436,6443079.87269464,10364448.2464396,13071228.9817325,28170512.5917105,7548699.35104903,12278906.4383753,9837498.31941997,41269187.0493629,5625780.93418664,10674943.4865924,13663417.2331227,9189231.77986317,11203205.6111644,13327053.6095657,15708349.0876016,3989025.22305294,5430162.40312773
FT_1.168_379.15547,MW_380.16277@RT_1.168,NA,C17 H25 N4 O4 P,380.16277,379.15547,1.168,380.16134,NA,NA,NA,Full match,No results,No results,0,0,4249348.23319674,8692358.66669316,1694132.8921079,10616152.277372,8289124.3703871,12211352.6044278,7275739.17084612,3591422.61346767,10527141.0463888,9378893.5963746,2019692.3818274,4816952.95020416,3169722.93677267,6636848.34366182,1690152.20501866,3743525.67904262,4243360.01147562,6004056.63682757,3697795.45280642,8851365.43466044,4247150.78107002,2527227.02318642,2871941.94933966,3011392.39734723,6791894.50989466,3834825.2882575,3122634.66598619,6642870.18215785,2579327.09783307,4738837.64459764,2264701.77831375,6432754.77406444
FT_1.668_379.14023,MW_380.14751@RT_1.668,NA,C20 H28 O3 S2,380.14751,379.14023,1.668,380.14799,NA,NA,NA,Full match,No results,No results,0,0,4411722.23587084,8330309.94444656,4235625.35546742,12684825.7325598,7500442.61805852,13920516.5702328,921547.930353059,11329084.5201131,9380504.36751357,7394540.41130021,6293541.91855352,6444556.74663974,10042507.8351008,6902871.92824702,3859031.04572947,5524235.5313858,7988349.07585818,9982251.06322568,4594525.80935323,5753380.35867446,6508272.19448712,7306995.99136505,4376824.93484178,2817474.45872994,11961201.8312878,11218565.1189641,6038069.32722387,7082738.29302784,6989109.30464837,10815068.5341114,2702941.1880617,4324909.1749068
FT_1.199_379.14010,MW_380.14737@RT_1.199,NA,C20 H20 N4 O4,380.14737,379.1401,1.199,380.14846,NA,NA,NA,Full match,No results,No results,0,0,2068066.4625899,3005825.15518305,3202344.27292679,9105525.30587657,4162265.48599231,3921791.12657622,3072098.96697204,4834390.8430303,5101502.22330478,5000782.18403147,4313075.94325501,5464400.91818126,11828464.6009886,6873772.96978955,3608654.90108621,4284848.96660613,5148277.93726382,4219268.50367274,5613322.15197619,6076806.69346666,4268732.44442516,4732629.91534994,3866288.96827393,4783230.4599071,7428623.4806126,9375188.9595969,16556584.7518176,2984114.65141501,20293052.8713613,7722030.28658287,3543996.74956473,4147050.71384414
FT_1.391_379.14004,MW_380.14732@RT_1.391,NA,NA,380.14732,379.14004,1.391,NA,NA,NA,NA,No results,No results,No results,0,0,1720223.59662487,19154038.8567268,8712590.13949742,20920790.1288453,6521311.92567765,11311135.3040969,3999301.97719369,9587718.33227149,7912820.480056,6051793.59126369,5759636.7641491,5348389.94170982,11828464.6009886,7042955.14297567,5234732.97714512,6345912.91155236,7697689.35000038,10004234.7962423,4039309.74682464,5453276.31266285,4047353.614891,5005379.10166177,5609634.34825718,3612091.22810864,29589075.0831147,13638107.9388364,16556584.7518176,13645514.3405251,8696655.09138341,8938460.43318503,3249105.37091508,4094848.91120551
FT_1.140_379.11936,MW_380.12642@RT_1.140,NA,C23 H16 N4 O2,380.12642,379.11936,1.14,380.12733,NA,NA,NA,Full match,No results,No results,0,0,3026586.90181214,7691529.0980623,4174046.40255998,5587854.87786776,9271346.3848735,17189239.8205095,5836645.4132779,10960525.0597025,11882196.1174587,12301697.807799,5737538.69337448,5547817.24862531,6801932.54541948,6201174.10981016,9624268.84546568,7569318.97856269,7696683.19283334,8166698.27998016,11421844.3561846,13634571.8217579,14773147.0165426,7474069.13768342,9282183.66604805,3344722.96457936,11057040.9824985,20100346.0909418,3004521.59352156,6368081.69525853,3584711.45225575,6627523.99902451,3078762.78513936,11047247.483788
FT_1.227_379.11892,MW_380.12626@RT_1.227,NA,C23 H16 N4 O2,380.12626,379.11892,1.227,380.12733,NA,NA,NA,Full match,No results,No results,0,0,5327772.41792559,8457650.65394893,4412222.18802489,7551455.12575734,5917524.55841219,7151300.82476914,2717649.81051607,11678082.943176,8007386.25828956,6153769.37238597,5173546.65033915,5159927.39529817,6996453.91493491,7709826.04529214,2829313.82460776,3817101.92207451,4721953.53827815,7390696.38709954,8226981.4723381,6834917.98648838,5744019.98402692,5824547.72804882,3172013.91779316,4843180.68222653,9689522.77129435,7978743.10374982,5095392.20122162,6888363.77465342,8316825.68683606,6752639.36331849,2603539.24214495,4900609.95374936
FT_1.285_379.11892,MW_380.12625@RT_1.285,NA,C23 H16 N4 O2,380.12625,379.11892,1.285,380.12733,NA,NA,NA,Full match,No results,No results,0,0,6766122.78576554,12335591.7758764,6151737.00714241,14900465.6062348,9794514.82829244,19062232.0800081,8525700.02179131,18462792.0264248,16065778.0780385,10314025.1512558,12082594.0528635,12902429.4803081,13773953.5368935,19791503.5821962,5845692.18011299,6151978.46790982,9276301.04307304,10760870.9094112,14182995.9822133,9963516.5767398,7892419.47438065,8497039.99851167,3880252.40922052,6771382.02184629,15387611.5897515,11888244.1490872,7865477.87920783,9151956.61074447,11090148.0604707,12511083.4454294,4178144.69943102,8094081.65643883
FT_1.123_379.08282,MW_380.09018@RT_1.123,NA,C15 H27 O3 P3 S,380.09018,379.08282,1.123,380.08937,NA,NA,NA,Full match,No results,No results,0,0,4404299.67209756,8863403.85953672,4348399.89353201,3869442.47357783,6355961.60537601,8451725.09575814,5461947.86408105,8201790.39111996,13094910.5072689,10014908.5138187,6987234.51131947,4766847.50121894,9365364.21251276,10150713.844992,4523151.35481577,3924207.21795074,4263520.19073197,8478043.94290733,10432015.6624912,8712868.64856241,9729585.06125203,5834165.94950086,6077724.3960312,6473620.34197129,9904501.87132386,10858656.2485747,4725171.17836259,8792082.54607457,6120544.42919599,3361552.72488419,3112574.11634217,9910877.42887371
FT_2.068_379.01299,MW_380.02026@RT_2.068,NA,C17 H8 N4 O5 S,380.02026,379.01299,2.068,380.02154,NA,NA,NA,Full match,No results,No results,0,0,8139047.66894302,10396876.9303229,4783628.97220485,12630586.1111282,6272908.38264109,12716958.6323524,2213295.5018867,6922983.71346815,7245201.04028106,9235589.4322914,6072236.01850513,6201403.17251736,10478501.8855999,8670332.05202977,4286090.18692916,4738758.28807029,10757612.9257677,8612970.47115989,4964135.5799758,6393216.77374497,7760960.81776169,5751783.79790753,2488212.10157928,3986800.59680447,11036877.7182317,8550292.02798781,6245975.81478759,10056985.4948387,10106466.8050358,10927565.5355539,3679353.55722423,5817241.59157833
FT_1.818_379.01296,MW_380.02024@RT_1.818,NA,C17 H8 N4 O5 S,380.02024,379.01296,1.818,380.02154,NA,NA,NA,Full match,No results,No results,0,0,15072835.1836157,19048254.3288453,10398477.4339197,20059965.6120495,12852812.9800793,19690827.0578684,4641828.18071724,11407493.9690727,14601647.9261592,15707084.0025673,11456734.5900065,10313419.5917956,18659781.969633,15614824.0730526,8386209.00820954,11225136.6332966,19517991.1283739,13758744.1313183,9444612.89829336,13280646.8936908,15280810.8132608,9537110.07246241,4513749.89480747,9999563.10186496,20002226.1946423,15712432.8621718,15071734.6716319,16467147.727687,17619243.4674438,18461564.3220465,7103563.57338089,10656112.3140168
FT_1.400_377.16093,MW_378.16820@RT_1.400,NA,C21 H30 O2 S2,378.1682,377.16093,1.4,378.16872,NA,NA,NA,Full match,No results,No results,0,0,18321566.2985647,4850697.67187661,5071361.00444032,24257186.7760774,18288017.3259173,30255400.9276977,15060787.2647585,21603090.6497102,17624985.8090954,16510183.754473,6136489.21054284,8291663.42561564,5515393.08924296,10508875.3902392,7284518.72715458,6764370.1347927,14503260.9787511,22566034.5440362,14512973.6021797,11604539.6529467,14564597.389062,19983058.4356626,12814328.7119864,2392227.78054829,41399745.0974715,22706844.5936454,17131067.7077778,16544609.3012388,5669019.84690899,19993160.8553812,5284119.05604075,7827702.44584412
FT_1.673_377.16086,MW_378.16813@RT_1.673,NA,C20 H26 O7,378.16813,377.16086,1.673,378.16785,NA,NA,NA,Full match,No results,No results,0,0,5464235.01642139,13446333.1312657,6622565.4976634,20866357.5295315,12603277.7149827,17962078.6328002,14890984.3006056,11214061.2745314,15604314.054794401,12969593.7673526,8298132.50641807,7120108.48455328,11707695.5488742,11206479.8862815,5569744.29813297,7050063.98217774,11495891.434428,12492686.284033,11348392.1410674,7642130.37303339,12576124.0830208,10485747.2040305,11364884.8226312,4900445.26159899,23866194.557181,18035698.2958903,9066739.12940864,10812275.9852531,15409054.2610561,18141976.2282433,4548545.84611472,6524530.01343997
FT_1.285_377.12507,MW_378.13234@RT_1.285,NA,NA,378.13234,377.12507,1.285,NA,NA,NA,NA,No results,No results,No results,0,0,6665828.40208131,26470923.726298,6012565.32350675,17336359.2818232,3488013.78292928,9176662.11185637,4594382.49868777,6623069.05561572,16065778.0780385,10314025.1512558,6909047.4025244,8062073.50928956,13574548.8910274,18189807.162027,5845692.18011299,5664510.77209813,20555477.7402773,12026305.7443703,24798140.9646355,9963516.5767398,5744019.98402692,19494917.2028473,4608483.81806096,6661596.6051154,15387611.5897515,34665530.1715451,5866289.44170557,10070771.2238392,7340330.39605421,12511083.4454294,4178144.69943102,5840704.21817838
FT_1.665_377.12496,MW_378.13209@RT_1.665,NA,C19 H22 O8,378.13209,377.12496,1.665,378.13147,NA,NA,NA,Full match,No results,No results,0,0,4751893.36728727,5182870.09335231,4235625.35546742,11531133.145968,8499273.80022779,11223630.9852995,3676639.04613735,9056473.53692301,10487822.2452513,9547422.26583838,5001931.69002834,5803413.25255228,8603140.34460359,6902871.92824702,3482043.66276828,4095661.78930654,8560333.61872003,7932294.07556044,4350941.11644671,4986415.84085073,7556417.80820779,6878877.56421055,4376824.93484178,2817474.45872994,13210738.2822255,8263963.80768977,5836844.1907941,7082738.29302784,6989109.30464837,7537809.07657601,2702941.1880617,3847402.11704738
FT_12.092_377.08584,MW_378.09312@RT_12.092,NA,C12 H23 Cl O11,378.09312,377.08584,12.092,378.09289,NA,NA,NA,Full match,No results,No results,0,0,4128969.16255447,3056037.49509369,11357339.3570297,7880926.39826193,9848965.89553745,6936031.21927717,18521663.4326993,10055394.4881239,5439051.26574137,2428948.63820279,5275369.52778493,7406901.12043179,4177143.69584653,2982183.56387451,4823481.80454511,3994067.17698642,3029629.10245365,3536447.47686889,1756975.84921923,2584543.81773166,3273240.76444286,9001369.25163844,5336533.16913798,1980173.7068496,4715209.46518414,2909192.3632313,4349460.64965609,4664383.78387544,9288240.56811624,9836610.58306745,1572918.62623149,7562539.37967383
FT_1.643_375.14550,MW_376.15273@RT_1.643,NA,C20 H24 O7,376.15273,375.1455,1.643,376.1522,NA,NA,NA,Full match,No results,No results,0,0,5717416.8165795,12816918.0507469,6019299.23552593,16032153.2048971,12369443.7047007,20402830.9740646,13183739.1160778,12089632.1999329,18659862.3038724,7014482.29296417,7865516.33839775,7432954.71554684,10125790.5855624,11744980.5623043,4556317.33977842,6722035.8433346,11619376.5639785,11150677.5537856,12034353.0774226,7136465.02868412,11514636.7632751,6106526.44197683,11364884.8226312,5437575.63013498,23743226.2723648,13862194.3696079,8550875.24963175,11194045.4300216,15217580.054813,18141976.2282433,4607707.04228641,6524530.01343997
FT_1.443_375.07241,MW_376.07969@RT_1.443,NA,C19 H12 N4 O5,376.07969,375.07241,1.443,376.08077,NA,NA,NA,Full match,No results,No results,0,0,34284700.9982217,31258565.5888171,22298680.9560766,73473725.4648023,41576806.9827169,64870066.738202,15165336.773229,53230829.5673639,66042962.3970949,61440465.3663507,30064829.5022221,36804642.0027719,56754303.6937758,55573947.7148666,23691379.2953542,26844554.807438,47418593.4499677,55917454.7926263,24944467.1150871,43102388.8972096,40665335.6223062,47729297.4080527,18196161.514787,22845942.0776701,73500748.3314736,48047741.6049455,26404303.1527481,33597748.9348398,44588240.7519163,53524691.7915663,20411849.5162592,37162073.2174366
FT_1.668_373.12969,MW_374.13706@RT_1.668,NA,C13 H22 N6 O5 S,374.13706,373.12969,1.668,374.13724,NA,NA,NA,Full match,No results,No results,0,0,4219801.3391231,10686831.0784617,3913915.90531157,10705085.8126706,8584014.93999821,13545765.667988,16516647.7959256,11341406.280443,14524101.4081414,7641784.34547408,4554918.74699986,5352195.19538194,9810661.53414046,7845970.64566695,4425488.94197058,4698531.53104462,7597974.80088976,10288794.2973404,8810943.08658326,5762369.32385036,9134869.0829042,4866373.53253391,13119479.6075005,2617811.2558846,16168104.3794428,8207766.76699928,8053343.44395349,7385255.17368572,10749337.2206562,13359081.170237,2869634.14745913,4505712.69763749
FT_1.176_373.09315,MW_374.10043@RT_1.176,NA,C19 H18 O8,374.10043,373.09315,1.176,374.10017,NA,NA,NA,Full match,No results,No results,0,0,13066283.2178278,28455169.6273545,11395416.9353627,30767839.9826728,22232168.5423601,28690524.7859338,13669004.1258686,31405247.8504576,39467934.3175277,32445621.544655,19114172.8054227,18755468.7601015,29354157.4722431,30618849.915341,16049397.4378853,12755418.3672129,19249386.4735657,24638398.3142157,29562623.1556259,27628484.9750307,24404537.3371819,31521366.453545,12181053.8581639,13856510.8819692,34485844.384322,32982497.728121,18013022.4136269,22290781.2357857,25873281.6327787,25511651.4447255,10222937.0518095,21285378.7004522
FT_1.286_373.09304,MW_374.10031@RT_1.286,NA,C19 H18 O8,374.10031,373.09304,1.286,374.10017,NA,NA,NA,Full match,No results,No results,0,0,90394849.865249,157924091.514333,59581345.5667496,201679590.907427,121062430.608788,186116033.384329,66194050.1365908,130091033.4304,159455229.622012,169275065.979458,89605354.1147538,101078661.294305,137423423.337262,177343198.527054,94330569.8417372,71109137.2815267,119819524.145665,152350231.031916,64737497.7400148,95773831.7722505,108605519.856839,164008606.839725,55092121.2258216,66707665.7998853,196282117.378465,179888981.169306,89415095.4324214,116404520.899669,147531054.889424,157445843.39399,60147886.6668264,111008753.75555
FT_1.164_371.22326,MW_372.23038@RT_1.164,NA,C23 H32 O4,372.23038,371.22326,1.164,372.23006,NA,NA,NA,Full match,No results,No results,0,0,3342625.06739795,3881543.10989448,2738328.47729401,6216312.19680681,6720124.08306638,7799533.66478438,2034743.72704715,6877475.15631371,7544501.33137458,4072419.63382268,2634448.11642419,3157205.20745274,5583767.61344174,5637613.60385056,2676865.68368281,3021935.55868353,7030742.87460853,6407941.98823154,2116341.35742571,4243809.03186421,3367419.85070675,3901050.64961164,18393753.782103,2220313.22140942,8941594.09646692,4994152.44017129,1733221.43603115,6426601.75170282,6025916.55980571,7644363.94287696,1813076.4325958,3248175.59908849
FT_1.382_371.18649,MW_372.19383@RT_1.382,NA,C22 H28 O5,372.19383,371.18649,1.382,372.19367,NA,NA,NA,Full match,No results,No results,0,0,10773766.3023902,17241165.6017576,7345811.74746711,25144002.074421,19933943.4431458,35932540.8730367,8004925.83705657,10688292.6053851,31803748.7884676,23815434.1841217,16360121.6615539,10385451.7955979,15699320.5328519,19214642.6023358,10705955.8728037,6999249.61271874,17417309.053397,25449389.2213065,9297579.18611359,9487486.91392371,15825213.6330783,20005159.1747684,11421339.6608422,7788478.09167848,25896969.4312969,31643910.1713075,10906076.3734681,14074084.327908,37923274.3460739,35200741.7290154,6185542.27727466,12740202.5209984
FT_1.477_371.18639,MW_372.19380@RT_1.477,NA,C22 H28 O5,372.1938,371.18639,1.477,372.19367,NA,NA,NA,Full match,No results,No results,0,0,5190278.80276539,5829329.23846525,1254254.68120894,11034369.3256933,2871307.88220873,9020719.19785179,2969766.44463449,3667371.70375159,10641543.9880284,3388038.01507669,2318174.39683394,3089804.42311217,4104419.56819842,5736586.985554,1814072.64675885,1816955.73972172,5837559.25361842,9633394.9842972,3686070.10634571,1981110.47507058,3784872.45176486,2686744.46141821,4470040.51765006,1978807.25420604,16078692.5816517,11391178.9748037,6040420.02945186,4561714.53616679,5072158.13998035,16770866.8202207,1844192.47611156,3224432.02975972
FT_1.393_371.15016,MW_372.15758@RT_1.393,NA,C13 H30 N2 O6 P2,372.15758,371.15016,1.393,372.15791,NA,NA,NA,Full match,No results,No results,0,0,2563527.61538181,3951150.767463,2055702.1959653,6485622.6183237,3673107.44117868,6612670.71353432,5646979.99233371,4357900.10117367,7846427.92200804,5075926.05922339,3438294.53828894,3401510.14544573,5327535.8290233,12983346.1857273,1870433.33355746,2827440.66533739,6844243.96810177,6354335.99025273,3006804.30327667,3651189.06166685,4544133.66659948,4705534.52127047,2644339.50578524,2373899.70743248,9111998.69303695,5520849.51545656,3776321.38129199,4181761.19994948,7053041.26803478,7690708.90685263,1460839.59548566,3151257.60214407
FT_1.102_371.07739,MW_372.08466@RT_1.102,NA,C19 H16 O8,372.08466,371.07739,1.102,372.08452,NA,NA,NA,Full match,No results,No results,0,0,32020351.881421,28701734.251048,26177815.9094702,297852683.249886,23012715.1588804,284454928.192724,10072070.0002357,177861078.023289,93482303.5293473,173332688.624194,84761902.4516319,79148254.1294576,136186595.323401,97253583.4967517,45265343.3253542,30295274.3111319,107499273.833751,57893047.7300905,29661071.6460923,26625276.4627936,20182873.7734232,48718200.1576973,7180791.82188286,13800532.8126244,139547455.795015,101233854.395707,105662932.543232,46630964.6081324,94990789.2912185,154418045.645817,17434407.6824695,26052343.9770544
FT_12.667_369.99465,MW_371.00193@RT_12.667,NA,C6 H15 N O13 P2,371.00193,369.99465,12.667,371.00186,NA,NA,NA,Full match,No results,No results,0,0,3206192.4963668,5464085.14764787,6661656.45265963,8086760.29292188,5534254.36580666,5834704.8797809,6148635.56593626,5781747.34749029,4891653.1718241,6701735.87992195,5898453.83385457,4806041.41176371,5477817.78511783,5233067.66052352,5019477.46455468,4507791.27271838,5168884.07673939,3837191.73303698,4406625.10134152,5289718.0741298,3612350.00439719,5245020.30900608,5240134.25065427,4397291.97079829,6754169.03445963,5565822.36457392,5360094.67379545,4766270.65638181,6009295.80579564,6441719.66447298,2883529.25878637,6494327.22440747
FT_1.186_415.21306,MW_370.21486@RT_1.186,NA,C17 H31 N4 O3 P,370.21486,415.21306,1.186,370.21338,NA,NA,NA,Full match,No results,No results,0,0,9573147.4597034,14036278.7438403,6788042.62915343,13874546.471521,15893378.6524818,17252050.4132404,6491550.78196564,12550644.4124754,15071787.8329949,7701345.01827846,9222440.32978479,8844033.16091314,11818409.9768733,9086831.90405858,6559541.26841523,6741900.24985458,14249606.2274428,15118752.4430501,6098698.95354018,10696281.6968591,12154757.0597363,9625381.63274577,6694772.89517036,8108619.78552436,15574031.1320096,11194627.3437255,9351065.40519415,9533512.39665807,11821554.659486,12104416.7589021,4894205.33711628,5165982.99311003
FT_1.101_369.20763,MW_370.21485@RT_1.101,NA,C16 H30 N6 O2 S,370.21485,369.20763,1.101,370.21509,NA,NA,NA,Full match,No results,No results,0,0,8558784.39407105,8267378.83331946,5635031.01609265,11598821.0446401,5906483.81141049,9345082.75521629,5429318.25087337,10323927.4902029,10406508.7872627,10160369.5295482,6112435.16004414,7484059.05462319,10271393.591734,11044053.4457042,6954682.74880707,6230056.00847539,11429159.063214,11036214.4398884,5257222.72741736,7282340.69045275,8724407.74217948,6986707.46457431,4333664.47019702,6873870.69589276,11917777.9345065,12290327.981942,8381968.51580842,6611924.25967154,9717841.42703119,11686462.7595432,5417959.96897704,8849169.01461636
FT_1.299_369.13444,MW_370.14189@RT_1.299,NA,C21 H22 O6,370.14189,369.13444,1.299,370.14164,NA,NA,NA,Full match,No results,No results,0,0,2536388.31007355,3738220.8624398,2630303.90062142,16648741.1201066,3435396.89559266,5284469.69114572,4151501.37589816,4186217.70668225,5713523.88205132,4819477.90707583,1641763.08869119,3601040.84860404,6398124.5501344,4831123.87676889,1665210.39555761,1780368.34495539,2935779.76994597,12696204.858697,2166608.62228741,4093209.59194011,4056840.59411867,5105801.78758786,1221320.75377537,2183793.87759671,3417045.51693132,4142427.63461126,4364541.14326071,2264322.23969603,3507074.19425541,14715519.2871673,1734774.44260969,2547166.77716933
FT_1.407_369.13420,MW_370.14169@RT_1.407,NA,NA,370.14169,369.1342,1.407,NA,NA,NA,NA,No results,No results,No results,0,0,2563527.61538181,15538368.1516701,2055702.1959653,6485622.6183237,3673107.44117868,6612670.71353432,5646979.99233371,2311356.64173002,5274706.91857068,5075926.05922339,3438294.53828894,3401510.14544573,3799609.67560157,3855716.80590242,1870433.33355746,2827440.66533739,5237877.9449251,6354335.99025273,3006804.30327667,3651189.06166685,4544133.66659948,2585886.67636991,2644339.50578524,2373899.70743248,9811620.326948,5520849.51545656,3776321.38129199,4181761.19994948,7053041.26803478,7690708.90685263,1460839.59548566,3151257.60214407
FT_1.077_369.06179,MW_370.06907@RT_1.077,NA,C20 H10 N4 O4,370.06907,369.06179,1.077,370.0702,NA,NA,NA,Full match,No results,No results,0,0,10952968.79776,30269256.9194693,12628566.008035,24968926.4278235,16106877.5825499,32958184.1764487,6317760.79390951,27588307.8748062,33184887.2295447,9879276.14989708,14618585.6932614,15366685.0954402,27517516.1701201,11314462.7714576,10680933.7124962,9319174.70432244,18943046.8110461,23445727.2625655,17879778.5541097,22583372.7126206,23165776.4534599,13066376.6968411,7263500.56197778,12177183.7179997,46691552.5581269,33548473.4816231,26610503.8957044,26486551.828624,23088575.8238935,27460257.4091888,7791125.85386355,11144512.9160491
FT_2.618_368.99204,MW_369.99931@RT_2.618,NA,C14 H10 O10 S,369.99931,368.99204,2.618,369.99947,NA,NA,NA,Full match,No results,No results,0,0,2487759.58358856,12322645.6814847,875222.307373998,30342177.568746,4669255.88140021,25713322.9995779,940735.353196632,3699351.98037144,10884375.2640601,10671592.1776292,2298334.19526814,3048777.97343513,6994468.05413333,6927002.1084531,885019.923047072,757083.69704464,8290856.0419677,10283642.7648862,1467577.51651312,1601826.40547131,6833837.28869984,2864413.78533804,466454.4090389,234826.304480379,37651593.03357,6606989.40617623,1457167.55247875,5181027.58911143,12772627.793450201,29190417.4453161,218563.061785652,1676831.86996915
FT_1.099_367.15552,MW_368.16327@RT_1.099,NA,C22 H24 O5,368.16327,367.15552,1.099,368.16237,NA,NA,NA,Full match,No results,No results,0,0,1927310.43956781,3846833.20921833,1904895.20954541,3833155.44400284,2280019.13239698,1924937.06239605,1887443.9331544,2660989.55535642,3106035.0206778,3184712.85647877,2467359.43727925,1828172.99943557,3753707.91986618,2613890.77215372,2218269.36696224,2106955.73060426,1727831.8155052,4308811.37306169,2642588.69282284,2756117.65552788,2414975.15117013,6917909.91483426,1856305.46214394,2615323.01693398,3948308.33556158,5545360.77249055,5879747.0043248,2840062.0595395,3225334.82566349,3027418.04294159,1482757.85984662,1617675.20577485
FT_1.207_367.15525,MW_368.16273@RT_1.207,NA,C16 H25 N4 O4 P,368.16273,367.15525,1.207,368.16134,NA,NA,NA,Full match,No results,No results,0,0,3036939.37816412,3654507.69200743,7517375.38435544,4280660.69462257,2468276.37827707,3925696.75408058,2366573.5212501,2472189.71881757,3425037.23130267,3042940.44255679,3142790.94979342,3581036.79300618,11366227.2501994,2208443.30846684,959039.322961651,8833775.92087786,1793389.55057673,154966811.479226,1667003.10694438,3578358.93530565,20247183.0168898,14353226.1281579,4898775.33252449,22938686.8087969,4972017.47293522,12096104.7847936,3348169.972296,15426996.4044824,5858562.07184841,4900075.15014908,1593942.07450851,2649623.01987286
FT_1.667_367.14004,MW_368.14732@RT_1.667,NA,C19 H28 O3 S2,368.14732,367.14004,1.667,368.14799,NA,NA,NA,Full match,No results,No results,0,0,6029406.38480694,10950439.6174175,5468403.53080942,18468166.3520907,7479771.96206895,18745462.7790766,4747812.41712305,12319669.3381461,9721538.99926789,11007550.7998248,6350557.43954409,6469022.84093049,10225631.915693,8725340.41533949,4422283.8928087,5409741.94767893,9738458.92428937,11074606.4809081,4897173.80275382,6525774.11483318,7034772.27384366,6328570.94945427,4645907.58975668,3916994.23349344,17532096.8351317,9858135.2945722,7060023.19137316,8049043.14183489,10130630.2039021,15423930.9610979,3258181.82098615,4971230.89752947
FT_1.123_413.12472,MW_368.12641@RT_1.123,Curcumin,C21 H20 O6,368.12641,413.12472,1.123,368.12599,53.2,71.2,C10443,Full match,Full match,Full match,1,1,16800594.479239,30246632.0928777,14897704.4815536,36549971.0320367,16128304.3772028,31900500.5675478,12071617.9365888,27190757.7504937,28466417.8136263,22147814.4605855,16822997.6657244,18512937.7844294,21061653.5278328,20874065.3035019,14037822.8453907,14889043.721167,28983307.5822519,24441198.1257761,14914671.148473,17926136.9106449,23584389.0490275,19384028.3323821,13130823.6649458,11129616.6041046,33623580.0963123,28404887.3528467,17251585.6371611,20154594.5489443,9310964.23586049,21973019.5182588,4826011.69809056,18834066.66462
FT_12.663_366.99751,MW_368.00478@RT_12.663,NA,C14 H5 N6 O5 P,368.00478,366.99751,12.663,368.0059,NA,NA,NA,Full match,No results,No results,0,0,7807338.91606107,28476428.3506264,92248717.1413958,277464809.882047,32524955.5357742,59875971.2968454,89000128.1452691,44254778.9630323,17676925.5381048,58848695.9302636,40619554.8654209,16412208.9044921,29101966.4925879,27785987.7774169,17572069.1591314,12876653.109091,26621053.7068923,8100702.88639722,13962754.4115917,20620568.074971,6974083.77299131,31956723.6957681,20105980.0301423,12345709.4316159,61565624.7155197,26020168.3991108,30217720.5349572,13173939.1981626,76955099.0043129,198380080.26435,5651638.53945392,59573702.5685283
FT_1.223_365.19704,MW_366.20431@RT_1.223,"4-[2-(2,3-Dihydroxy-5,6,8a-trimethyloctahydro-2H-spiro[naphthalene-1,2'-oxiran]-5-yl)ethyl]-5-hydroxy-2(5H)-furanone",C20 H30 O6,366.20431,365.19704,1.223,366.20424,NA,60.6,NA,Full match,Full match,No results,1,0,6866340.83604713,4040179.83496719,17317791.4450152,7838056.14771981,1960200.64498467,8491929.51526607,92693777.6317537,2631794.74742234,13686028.8548977,6776867.7716603,3315080.27085144,4985463.55247409,13525510.1586523,5434573.07568115,1986715.35517307,1507887.12602447,7731927.90169885,7658804.33186659,33167488.8163003,2911930.24134392,14209347.0670304,2521280.05542031,104133572.417914,12006731.1178156,23613150.7668333,3999040.55308038,11599843.1110914,6878952.17244533,8407954.09920212,10259777.5084813,2007513.64111471,1173341.54579514
FT_1.170_365.17596,MW_366.18329@RT_1.170,NA,C23 H26 O4,366.18329,365.17596,1.17,366.18311,NA,NA,NA,Full match,No results,No results,0,0,3871364.97005667,7887846.65206344,8977259.0035833,4953854.77832494,3072508.36350894,12312331.3917202,2385636.86622137,1961632.64608695,3000060.31013391,4623723.11920875,2251498.18940462,2693597.36857039,7033298.94056764,3101513.89536161,1065404.06687386,22317921.6158548,4683806.87494253,118705991.432907,1759354.78556232,10641336.914301,6623233.64725459,5321367.41098016,2397483.74424263,14050217.4631915,18825336.056842,8746123.41528874,2560661.86590993,4038589.67409739,2649260.66824541,6340961.27721947,2034305.97473593,3162735.13391794
FT_1.669_365.16126,MW_366.16854@RT_1.669,NA,NA,366.16854,365.16126,1.669,NA,NA,NA,NA,No results,No results,No results,0,0,2906079.70249658,5588991.37929847,4251899.60813567,9559849.76629088,6268933.81248948,7859535.73372247,4715673.17693331,6446114.40108806,7684310.64984741,5998667.41970277,3529482.98655522,3310813.99643268,6465844.84105269,4962100.54741591,2132980.28834299,4135485.01513603,5615448.07849311,5899767.48508602,5458021.44058032,3277291.06128759,5762360.95479504,4406043.5475284,6336873.47772134,2817066.47911555,9309197.74532002,7108614.33848068,5359697.55660201,4034480.96114566,4571443.20941644,6811141.89834924,1716723.50027069,2230957.0344899
FT_1.185_365.16093,MW_366.16820@RT_1.185,NA,C20 H30 O2 S2,366.1682,365.16093,1.185,366.16872,NA,NA,NA,Full match,No results,No results,0,0,1418919.97593778,5758867.04178076,1306282.1237638,4267169.78805164,9541805.96015084,5315595.61652413,2318191.76013032,7175429.39589131,9114352.20255633,3069455.69829488,13738879.5994445,2654468.21504689,4609881.68470916,3857123.10500347,1863921.98119418,2370908.05238232,4622373.79330607,4784776.46455969,8874866.51578496,15629120.1295267,2508352.16223017,2967714.61837913,1562257.85624063,4273264.02531341,7277699.27632581,4799000.8453561,2185430.3196465,4012229.10206163,7413544.37154227,3629313.17735111,1714969.89333397,3702901.60074514
FT_1.456_363.18183,MW_364.18910@RT_1.456,NA,C20 H28 O6,364.1891,363.18183,1.456,364.18859,NA,NA,NA,Full match,No results,No results,0,0,2391190.91924544,9250831.19000384,3009515.99125865,13925143.424017,7828755.13168893,14776892.4483567,32225541.2382651,10017726.1505449,23591412.7162817,12080929.5342335,8807875.05383691,5176025.44188544,19358901.4646006,12662940.8925253,4381168.19951144,3068819.62287207,8745146.25160266,4966097.08359741,6917394.67566932,7669781.70660689,7216850.43819179,11899687.337705,19294512.2952424,3563360.1006156,18366240.4843425,10849747.4995637,19160069.0941768,6779977.28885954,7712151.54806743,17135473.4817756,3135400.87852942,8770408.87228447
FT_1.671_363.14495,MW_364.15236@RT_1.671,NA,C19 H24 O7,364.15236,363.14495,1.671,364.1522,NA,NA,NA,Full match,No results,No results,0,0,4252388.75439056,8876989.76032456,4139889.3959885,14900596.1955216,6860630.88464208,10060910.5859173,5402743.91560331,7081945.94572871,8108393.8090629,6404437.61470217,4320913.1726421,5064161.92713709,9069940.87058008,7257019.30690013,3434681.05444495,5019461.22392146,7011731.04417709,5918060.10527433,4294510.24394385,4227049.92671773,5671255.52513247,4616994.56636695,4362055.975718,2787954.3939695,10995053.9841702,9164563.14304696,5237072.67707559,4985797.42841422,8604985.04871592,10855361.2408443,1999148.0765563601,2742829.37811645
FT_1.664_363.10904,MW_364.11632@RT_1.664,NA,C12 H16 N10 O2 S,364.11632,363.10904,1.664,364.11784,NA,NA,NA,Full match,No results,No results,0,0,10585133.3684932,22851131.265283,7129097.46614991,7034600.80202822,7260408.14950429,20936501.7259544,5650643.81129911,13563466.6423936,32130013.100823,16165835.9948346,5669643.53729702,12922421.7083774,12553327.98855,10398085.823911,6819448.18405532,8907665.31924571,13995486.3121083,9556230.77989959,7103883.83746583,6177572.84660767,15428240.1662111,6754499.64617689,3076416.17603751,6740051.50638136,30855446.5556384,10892993.0793843,12743522.6684137,7791413.64240492,16914573.0943716,13494608.7433271,4758389.20527918,8202711.94887319
FT_1.471_363.10885,MW_364.11612@RT_1.471,NA,C18 H20 O8,364.11612,363.10885,1.471,364.11582,NA,NA,NA,Full match,No results,No results,0,0,8670482.44953694,17650457.1677273,9497095.08247828,9543796.60786298,11757307.6684161,24289823.9608209,3894966.27349063,14289562.5443579,12422348.6405984,19227507.3514214,6093121.97201091,13416600.3501667,10344492.3065593,38052806.1461404,8063364.10549529,5111463.74643573,7391226.86115087,32216730.7397734,26125043.8595013,16105591.810045,16189289.2926911,7607298.27628389,13352700.7298078,5509581.19252058,14268842.3212971,12009795.595911,9629321.02708299,25267808.556217,12024788.6143391,35090035.9940073,3727926.55924001,12803255.5143101
FT_1.454_361.16595,MW_362.17323@RT_1.454,"(2'R,3R,4'R,4a'R,5S,8a'S)-5-(3-Furyl)-4'-hydroxy-4a',5'-bis(hydroxymethyl)-2'-methyl-3',4,4',4a',5,7',8',8a'-octahydro-2'H-spiro[furan-3,1'-naphthalen]-2-one",C20 H26 O6,362.17323,361.16595,1.454,362.17294,NA,72.9,NA,Full match,Full match,No results,1,0,13748933.6357798,28021504.9027735,6034783.14780602,53248377.4486392,22813174.2049717,65718550.0642571,82275514.6307946,26264665.4164419,18662170.8995314,54190702.6138829,31948710.8444674,9370091.46216428,34180884.0108811,23357722.7647238,22734327.2817594,13019782.5929701,15958726.1999289,20599805.2276258,44473196.0308549,18679530.8205947,32140135.6735577,9520258.4632166,79145892.5700379,8292199.64297743,77971526.1577679,34793843.4958133,16437756.7851487,28874547.5199274,53321364.4174083,64340822.6290608,5079382.74856825,7090072.77403449
FT_1.645_361.16592,MW_362.17320@RT_1.645,"(2'R,3R,4'R,4a'R,5S,8a'S)-5-(3-Furyl)-4'-hydroxy-4a',5'-bis(hydroxymethyl)-2'-methyl-3',4,4',4a',5,7',8',8a'-octahydro-2'H-spiro[furan-3,1'-naphthalen]-2-one",C20 H26 O6,362.1732,361.16592,1.645,362.17294,NA,78.5,NA,Full match,Full match,No results,1,0,10635567.0016981,12254479.6687611,10056778.4217825,19428808.5135977,13175985.0141914,21065936.8227786,16935947.701894,34689327.1160833,15335533.1471073,14584877.1295632,15527781.0394378,13095347.5281851,12980989.6228604,14126242.1361867,10160191.628364,12521363.3206083,16758635.7497419,12623724.5395782,55387112.67313,23524627.569065,14888126.2137288,12166561.8121749,134198656.397,6881472.69306769,46377468.5911947,20518745.2272283,11171005.2351878,15174960.0373864,27803872.2113993,36858660.7567878,6831098.4437049,10708301.1051345
FT_1.201_361.16591,MW_362.17318@RT_1.201,NA,C20 H26 O6,362.17318,361.16591,1.201,362.17294,NA,NA,NA,Full match,No results,No results,0,0,6511533.88540765,22379209.652242,10784027.5211184,53170127.9563093,54606587.8335971,20381782.8501252,11823710.6795579,24616078.4030789,29940294.2857495,26251786.664547,9360606.47524465,11869437.2741382,35541690.9811207,17627514.8447914,7333789.25101567,11621567.592058,23036460.0463029,20178016.6103759,59852925.6990268,16430978.7631742,21711613.1822346,12096402.6041733,29508451.6243127,12260370.1934367,34521299.3377527,28121981.8390003,16040393.4566413,20063003.7086614,27818688.6977314,57811531.8911104,6084039.90514519,9313952.78973081
FT_1.668_361.12955,MW_362.13680@RT_1.668,NA,C19 H22 O7,362.1368,361.12955,1.668,362.13655,NA,NA,NA,Full match,No results,No results,0,0,4252388.75439056,8268505.41358128,3580119.31595473,14193493.0442255,6619682.72797865,11953738.3104883,5402743.91560331,9563854.09825431,9428843.58993934,7541603.02713223,4320913.1726421,4209378.03039458,8859315.39065788,7257019.30690013,3178636.98353118,5019461.22392146,6525339.22640141,5918060.10527433,4294510.24394385,4227049.92671773,9260957.00328796,5786821.27425654,3916698.95135035,2787954.3939695,13803553.7808315,10147416.5524548,5663059.63999223,6068293.31167998,6868254.89431345,9376716.56626126,1999148.0765563601,2742829.37811645
FT_1.099_359.15054,MW_360.15781@RT_1.099,NA,C13 H24 N6 O4 S,360.15781,359.15054,1.099,360.15797,NA,NA,NA,Full match,No results,No results,0,0,4675419.29837571,7294128.52689864,4344187.00814437,12938929.6744035,6386847.24895816,29673088.1919154,21880924.4433254,9230855.12173436,11611451.209585,4016460.75953783,4827515.94902715,2603238.738914,10895485.3166513,3949518.01985518,2445399.84368768,6104753.1481053,9644522.90429443,5654469.95856586,10730530.2037924,7057882.45305067,21354558.9954622,5879652.07993289,41212186.704454,5189571.59390189,14747792.0991784,6414483.62597474,66523198.4967391,8694822.53744758,10100783.6483138,12013832.7798235,3046792.08774615,15343810.8940356
FT_1.538_359.15015,MW_360.15742@RT_1.538,NA,C20 H24 O6,360.15742,359.15015,1.538,360.15729,NA,NA,NA,Full match,No results,No results,0,0,6831592.18611244,15676941.0660139,6606396.40016691,108268775.017829,13001960.1490996,14742588.5087151,11736624.2915396,17447946.0854599,18027566.3193324,13491519.237208,9521951.76566557,8654746.8898648,17270346.0773891,17684980.5321666,6165087.24502085,6370010.72288153,10441958.3828904,25057398.543563,12350666.3865073,11922549.9376705,14244444.2031336,13037937.3255053,11101461.4766164,7995173.68711077,123487706.646519,43786966.9054934,6892100.63170247,13526652.3347438,85817406.0783478,53136296.1300066,4375770.64938559,43804744.865812
FT_3.599_359.13489,MW_360.14218@RT_3.599,"1-(β-D-Glucopyranosyloxy)-7-methyl-1,4a,5,6,7,7a-hexahydrocyclopenta[c]pyran-4-carboxylic acid",C16 H24 O9,360.14218,359.13489,3.599,360.14203,NA,92.6,NA,Full match,Full match,No results,1,0,1004205.3431585,208098.630766352,223109.093438264,228247.197048056,217968.818553844,221992.182844265,1107500.20334068,225085.487144929,211126.989295187,217584.740657381,209866.272525877,209438.456196123,209558.192515086,64896299.3617212,207884.690520636,215015.883876523,200845.693791566,240862.638253097,206465.592565083,25983472.3766549,18142184.8785108,1030484996.33892,2251035.28130269,8774015.66686269,224337.34490561,1729660.98138253,2657994.56546875,8434792.48720823,735372.731923569,780827.232341797,12875222.5383378,217135.550394208
FT_1.289_359.11411,MW_360.12136@RT_1.289,NA,C20 H16 N4 O3,360.12136,359.11411,1.289,360.12224,NA,NA,NA,Full match,No results,No results,0,0,13533686.6547615,50539903.8172418,9943988.99194532,38123559.7689353,31928453.0189294,46970362.1157504,20641566.1398244,10466709.8493262,17170310.2548367,20606428.8164387,11640639.1144781,11881381.6225063,12023211.8116513,27009190.6326283,4553042.84950742,23285360.7498408,14193432.697443,15583364.3924697,9576312.59544707,34813573.9994667,12568225.1994852,29630091.8829657,17031625.0959702,20190911.6767638,40532668.787081,15092190.2012072,7350642.92622758,20456938.2373049,27486195.2260506,34187447.4040212,7317337.38469314,11790983.5703745
FT_1.673_405.11934,MW_360.12128@RT_1.673,NA,C20 H16 N4 O3,360.12128,405.11934,1.673,360.12224,NA,NA,NA,Full match,No results,No results,0,0,4258764.14496007,9101903.70414474,3599484.81819873,10689857.0983965,6519732.12948328,10738144.4870955,3483308.14541812,9229980.66812285,11493664.5524568,6295596.86471718,4178262.49792789,5321649.12360877,8400963.70302731,7406879.14359372,2621728.88850138,4772335.05453957,7074391.29208356,8256547.53097323,6638754.02600693,6069762.24848235,6913783.03514481,6316893.36636965,3734465.38480496,4048686.54465516,12079942.5890974,8954302.01463995,5675081.01115172,7696490.86208291,6558300.95490916,7849808.74925452,2682563.90763599,4048781.75377363
FT_1.287_359.07738,MW_360.08466@RT_1.287,NA,C18 H16 O8,360.08466,359.07738,1.287,360.08452,NA,NA,NA,Full match,No results,No results,0,0,7766387.56541439,14889282.6619521,6508147.67039809,13601030.41047,8553011.30441754,17940745.1973687,4500684.10591402,14607428.7921412,13391485.046441,10422562.5092155,8107274.62322634,8252536.16816069,13096207.8555423,13789410.23564,6752487.6144494,7656516.60088432,12590767.2093215,13076699.0004701,5881589.7385678,10270702.4858515,7585992.25713426,10574060.8911069,5320166.79467031,5493848.92778384,16570301.0969299,15623988.3735024,8638069.376188,10240631.5240327,11544587.7331206,14464304.8269213,5048687.0546533,33068870.2696218
FT_1.197_359.07734,MW_360.08461@RT_1.197,NA,C18 H16 O8,360.08461,359.07734,1.197,360.08452,NA,NA,NA,Full match,No results,No results,0,0,13795338.3784249,10624466.3398751,3346448.27729128,8904007.76581215,6815201.63461829,9280867.69809075,2998305.45853674,10191021.9511779,10320805.3178682,5888360.90334172,4436886.62193133,4736134.65538337,6577489.07648732,7046082.45599381,3389645.2045727,3503427.38420803,5270739.96423675,7501312.32716986,4715687.41175076,5318429.67403737,7585992.25713426,7864148.17861826,3551779.99282738,4304699.67336329,8021064.88885393,9743391.19112363,5592281.85005632,5271193.09811529,9215824.45218287,8974626.52500571,3438015.1587345,33068870.2696218
FT_1.246_357.26494,MW_358.27222@RT_1.246,NA,C20 H38 O5,358.27222,357.26494,1.246,358.27192,NA,NA,NA,Full match,No results,No results,0,0,10706762.3721042,17895522.5031995,6790915.97216564,12481786.8388184,14429746.350125499,10477869.0044237,4308901.86747027,12968456.62485,14960972.5653794,9650769.27643665,7281089.27039406,7610079.45562945,14580709.9115053,6907617.29832307,4811546.37793477,4692384.0648875,6793399.58089477,12207238.9993106,8120495.5116795,3813406.30379972,11035403.1569333,9906262.0409611,4015130.64216626,4843144.21273231,15054683.4536316,14272861.3466307,6588059.74559024,7053247.26804043,10035045.9225371,8643802.09207637,3951232.00532729,4631148.61098698
FT_1.296_357.17100,MW_358.17828@RT_1.296,NA,C21 H26 O5,358.17828,357.171,1.296,358.17802,NA,NA,NA,Full match,No results,No results,0,0,4309310.76111108,11170596.0850903,2901183.34426448,13212137.2811815,5897200.61450185,11915090.6521136,5871405.33531403,9394401.4808946,11062919.6096998,9053889.96413582,5539205.6619995,5619559.76684284,8226007.0569517,8801021.70533567,4808224.57031982,2876177.78829567,7452840.30439862,7719138.41721086,7619319.98586661,6719132.74645397,6047218.22099124,5580627.17485343,4299504.07427133,5976559.48012916,14729045.0307039,10296577.1991981,5484009.32520207,5504639.01142218,10367728.0948819,9608659.50324842,3498860.40387615,5146210.59896012
FT_1.387_357.13459,MW_358.14186@RT_1.387,NP-003433,C20 H22 O6,358.14186,357.13459,1.387,358.14164,NA,68,NA,Not the top hit,Full match,No results,1,0,14282699.5985717,31818471.4894534,12452095.4584872,40437283.2774202,17123151.9142639,33707674.1710676,25185608.6905045,31625999.1977036,43680627.6239804,26866820.2245114,13925826.5120079,20562985.1316636,30161912.7715186,24201059.3455808,12311444.3465553,14124019.4954993,26179394.8274399,31544599.210979,26194395.253044,24072367.6357547,24214993.7416176,16333889.9820959,12350027.1477232,11588136.5397253,48679792.3085284,40423228.2928486,25469215.3503032,27616831.232543,31900346.0775757,31263736.2353511,10573361.0423947,13791821.4056533
FT_1.117_357.13453,MW_358.14181@RT_1.117,NA,C20 H22 O6,358.14181,357.13453,1.117,358.14164,NA,NA,NA,Full match,No results,No results,0,0,27133837.1934122,85664403.3880018,38245041.487514,82062753.9609184,56922375.4698069,82628311.5584024,29505228.0371021,90189155.8681636,133395070.225665,60546952.5592647,38444785.3397237,42424875.5269262,87466315.1147888,71566729.1130521,30640820.4913934,38927953.4815299,54900226.9600686,79110848.4930087,94450366.4795633,76623363.7144836,70691776.4770391,41718608.6396574,28697464.9102253,37929672.0169644,124529542.867415,101274481.441609,67065009.1040259,76516683.5726859,85053602.793023,68470206.9672513,29235893.6367073,36754234.2223119
FT_1.125_357.06183,MW_358.06910@RT_1.125,NA,C18 H14 O8,358.0691,357.06183,1.125,358.06887,NA,NA,NA,Full match,No results,No results,0,0,13795338.3784249,36355101.945269,13784938.0434079,49993170.9313374,31429328.927913,42723915.0333338,19426012.0278003,34915020.2340366,57310703.7089858,45677769.8926632,27924803.6252476,15114360.6870897,29045402.7611366,17227508.0226189,8889372.86081921,13376993.2570508,23755371.1550711,33922534.0164846,26337340.0965776,39539055.9090609,32614235.3962958,61248727.7221966,23112902.3014424,14886316.4812354,50127288.5520048,53631061.9659783,29635723.6291233,32609260.8915743,42546080.4266094,33803956.0339938,15696721.3837417,27903142.3985256
FT_1.465_401.19725,MW_356.19905@RT_1.465,NA,C22 H28 O4,356.19905,401.19725,1.465,356.19876,NA,NA,NA,Full match,No results,No results,0,0,7477927.66032952,13737134.3195248,7041936.66769802,24794926.5615179,13451587.2258416,22376956.659144,7359288.66056133,19285053.1004131,17598996.4891658,14292278.1852799,7996708.87453287,6923029.02920142,15035718.7897402,14410777.4001148,6200090.40855875,5431321.43317117,10418197.268842,15206214.7800465,8898001.30337746,13089631.5103775,11323321.2295251,14137365.7892742,7586407.055341,5781704.64771093,24505662.5106893,16374638.5613281,7865737.71247122,14986933.5122023,15204577.2304894,18525329.8073823,3940557.33356341,6102389.48207187
FT_1.298_355.15506,MW_356.16237@RT_1.298,NA,C21 H24 O5,356.16237,355.15506,1.298,356.16237,NA,NA,NA,Full match,No results,No results,0,0,4309310.76111108,10006402.0380068,2901183.34426448,13212137.2811815,5897200.61450185,13442536.2572898,7638430.84242768,9485245.30571895,12348049.8588801,8696491.77031951,4980122.0390791,5494466.63040689,8226007.0569517,6736040.21157654,4808224.57031982,3866321.49780044,6959118.83247546,7719138.41721086,5244437.1378403,6719132.74645397,6047218.22099124,5580627.17485343,4689306.82073651,3070156.17114118,14729045.0307039,11824907.1413111,5484009.32520207,6688323.3072799,7215551.7892434,9608659.50324842,3498860.40387615,4952886.9170373
FT_1.159_355.11916,MW_356.12645@RT_1.159,NA,C20 H20 O6,356.12645,355.11916,1.159,356.12599,NA,NA,NA,Full match,No results,No results,0,0,5325769.19976951,76328676.776499,11338882.2519293,82408078.0531812,56479549.3188965,18409474.015961,29274775.0482725,17259155.7393404,23439759.0034448,50647448.0438765,37865462.764288,13216773.4865246,22601550.4525802,71566729.1130521,8643855.66536335,10745538.5590009,13960726.3481303,17089760.8533702,30162006.0143904,66456229.4200563,59828101.96358,44139785.6263626,9234804.47820319,12628415.6889313,25928061.1677074,25998218.0872016,16981884.3338223,12988273.4793043,27545957.6764662,12565836.9251004,5581106.8788818,36754234.2223119
FT_14.339_355.08840,MW_356.09568@RT_14.339,NA,C12 H20 O12,356.09568,355.0884,14.339,356.09548,NA,NA,NA,Full match,No results,No results,0,0,5472114.73251237,4455330.88730554,6169589.17755825,5672910.96033984,9753161.9617512,4415539.36989434,10818402.2025723,4785822.39375654,2484053.02276932,870326.128556859,1527241.73917117,1904845.49809328,2903648.20626954,1603099.90196641,1455500.47326509,2372027.73579651,1699949.86624942,1896948.32570958,689733.479859035,1732501.38461791,2755497.68671329,2676553.64599158,2507814.2953952,1086075.93410902,1011246.53974592,1043429.2786491,2093342.94534162,2636764.89240289,5361366.92527386,8312534.27911443,2573804.86965737,5937358.11838698
FT_1.140_353.10357,MW_354.11069@RT_1.140,NA,NA,354.11069,353.10357,1.14,NA,NA,NA,NA,No results,No results,No results,0,0,5206655.13803771,22927575.5794333,6805371.75187444,12059994.303892,16096034.0237909,18985313.4017327,10497254.7525701,18897143.4250837,2251436.76935755,11327266.088334,11488731.246581,7110833.81159344,10423972.6542194,20474380.6872575,8173278.64853098,6595380.10604177,4823872.92202623,20692377.7184524,11788112.9139879,17010708.2874863,18109574.7888652,11734185.1183884,7128923.73299154,12293860.6887858,24061464.4230668,1808841.944977,5594200.53253983,13061339.1173719,20213871.0954108,10014596.4914534,4025767.05233694,8878177.41994026
FT_1.665_353.08835,MW_354.09563@RT_1.665,NA,C10 H14 N10 O3 S,354.09563000000003,353.08835,1.665,354.0971,NA,NA,NA,Full match,No results,No results,0,0,4188317.00046378,8259075.31042448,2310179.90692958,11511237.2629151,5557280.56712582,13896114.6775454,3434548.05694445,11507517.5927672,8492305.08312913,6169960.69372937,4998298.59070549,4672273.12452759,6693825.35085734,6653435.00890579,4044752.13093603,4084924.7394033,5542848.03222359,9716192.58377829,8029843.17373455,7520574.34495319,7902651.44289987,2947205.76914539,1986231.90402779,4684807.08541671,13503694.6706023,4117179.2419115,5427293.40250894,5079524.06421964,7475682.84799962,8112436.61443603,2401622.70411376,4737863.67616055
FT_1.602_353.06673,MW_354.07401@RT_1.602,2-[({2-[({[(4-methylphenyl)sulfonyl]amino}carbonyl)amino]ethyl}thio)methyl]furan,C15 H18 N2 O4 S2,354.07401,353.06673,1.602,354.0708,NA,75.4,NA,No match,Invalid mass,No results,1,0,16079703.6357703,20655959.6869838,7453905.60415053,21152875.1549293,14459579.7288677,18328739.625178,4100309.23704185,24409678.7050658,22218057.8809518,18125935.1991596,11219133.3928475,12116633.7514523,17090929.6907973,17000526.8837441,7926897.35153938,12942675.8687789,16588565.0859414,15873376.7139241,8259977.58883632,15621853.7922616,14313753.5004575,16421855.7328339,6326829.01398615,10910974.7155113,17704766.1064388,17932878.0005344,9079042.1720497,16728164.4226062,14494017.3827851,16564558.0585859,8246870.56038751,16112164.7334232
FT_1.152_353.06668,MW_354.07396@RT_1.152,NA,C13 H23 O5 P S2,354.07396,353.06668,1.152,354.07245,NA,NA,NA,Full match,No results,No results,0,0,4786671.13979622,11152633.3993921,5273239.01512953,6009273.27513539,6015847.00972109,12279067.6252836,6514975.35594295,16933947.1680151,19969479.1735623,3729966.05187604,5175225.19974,5014055.89206989,8365610.33155,7982219.6852356,4561889.01408387,7389575.69020874,8568769.83730151,8053618.60370143,5359289.77097929,11707156.5519703,8830733.50391332,8258539.09951663,3729663.01204443,5177484.0677813,7533526.43704949,11937024.5638567,6390226.68968965,9258770.7556882,6203346.23923637,9308186.5428892691,4308203.43486738,5587932.96368431
FT_1.262_351.21797,MW_352.22523@RT_1.262,NA,C13 H32 N6 O3 S,352.22523,351.21797,1.262,352.22566,NA,NA,NA,Full match,No results,No results,0,0,1389286.35474343,2991496.67506091,1612383.59277794,2295293.48160984,3942694.38031438,3018675.2905389,4662230.29774893,2124705.29133107,2682778.75330598,2410707.26100095,1687312.88208352,1237515.75578265,5244714.70841651,2896334.83311552,2200887.1467827,2276211.36269998,3319210.25077144,3738569.4298898,8165620.1938046,10685342.9468766,3055305.2969483202,2872312.04565977,2342694.00738835,3241197.54448013,3233386.31641203,5357256.41846151,2462103.71042092,2310692.49658029,4058944.45362573,2731694.23442842,903299.035132312,6265121.12272936
FT_1.535_351.14519,MW_352.15246@RT_1.535,N4-{2-Fluoro-3-[(morpholinocarbonyl)amino]phenyl}morpholine-4-carboxamide,C16 H21 F N4 O4,352.15246,351.14519,1.535,352.15468,NA,60.7,NA,No match,Invalid mass,No results,1,0,11962415.1154014,23492090.3101539,12314368.8658973,29957560.318529,18491321.9957395,25563122.0944865,11382296.0390243,21951219.4178463,24323576.0328183,21171086.6040546,11747268.3190031,13135794.9996692,20766557.4129964,22778740.795922,11779486.2558587,9242917.32744471,16877623.1235665,25139658.3529262,11441268.5315022,13656269.0228226,16255888.3593541,17280885.1912635,11701674.146452,11578006.1083717,31054745.7254351,22921807.6060894,12644073.8594982,15942557.6880097,18420572.205029,24377584.3319401,6396866.29921706,10393121.0978634
FT_1.143_397.12968,MW_352.13134@RT_1.143,AB-FUBINACA metabolite 2B,C20 H19 F N4 O4,352.13134,397.12968,1.143,398.13903,NA,62.1,NA,No match,Invalid mass,No results,1,0,12708941.5687403,16604650.9735705,9596129.71711175,30150787.871935,14704350.2726465,28193206.7109203,23301496.6340044,19856985.0616903,22281926.5038704,25031116.8896876,14239770.3033686,13682727.7392521,20805478.075831,24306732.4444325,10354930.0356114,10128061.1367565,19286882.7086298,18368255.7709881,8002216.71032725,17889018.6562262,17116714.3854324,19253783.5431527,7666218.95506664,10288688.8080865,27454731.534784,24695525.2990071,15033472.5839462,13934101.1189623,18584008.451376,30547507.626926,8767721.19369163,16115130.0939663
FT_1.618_351.10866,MW_352.11593@RT_1.618,NA,C17 H20 O8,352.11593,351.10866,1.618,352.11582,NA,NA,NA,Full match,No results,No results,0,0,3951355.05006187,6833794.7254901,2433731.04334391,7971110.74605518,4458956.88325832,10041256.0604914,3791463.8247194,7658803.78904425,6540617.20543525,3850921.91567679,3429953.41207849,3369923.2767366,4414857.29408077,3230525.95657014,2347879.8226891,2754071.97968893,4516312.67060439,4840042.92445369,2110257.92033521,3472798.49147922,4080668.60903154,2931679.41834514,1847073.14503834,2191112.98695172,8305657.20044798,8010232.32447256,3904912.55722222,4668104.66638181,5772914.48214008,20610981.6024269,1958805.88980495,2692340.18776955
FT_1.118_397.09370,MW_352.09543@RT_1.118,NA,C14 H12 N10 S,352.09543,397.0937,1.118,352.09671,NA,NA,NA,Full match,No results,No results,0,0,3992832.35230692,37218709.7534136,3563379.95380781,22877968.8526384,6239326.35405647,9019496.36972866,3655662.08557997,12739210.9852697,9607750.9175567,7716762.59599596,5670490.09043794,6570195.08598439,7535794.44788689,7812162.22307344,4646445.71481247,4059148.07014859,7273151.58549816,10293891.6238511,6022297.99282451,32061067.6843188,9513777.8211785,9625258.45836229,3260008.16894983,4782477.7870766,10706620.2035717,17064299.5188335,7685917.13106184,19831987.1981684,9034470.76720676,17720877.9635695,3327113.50454172,6437738.10537749
FT_12.664_349.99486,MW_351.00214@RT_12.664,NA,C9 H11 N3 O8 P2,351.00214,349.99486,12.664,351.00214,NA,NA,NA,Full match,No results,No results,0,0,2304783.32171855,4467237.91767023,7373930.72151766,8428062.73645991,4487649.55099135,6753025.09380579,7697906.46162548,6212000.10268115,4504837.42084887,6133299.59009304,5333770.19636408,3732004.41046534,4908258.79502893,5435788.42235762,5239875.33900514,3434991.25753991,4815436.61779352,2298084.87634616,3020931.2718806,4584093.15727213,1778058.29521379,4617414.80912317,4431337.19210059,3266085.79684359,6518044.11242929,4574964.82179741,5063956.50912293,3139209.40730785,7561425.33669189,9111913.06842851,1637674.52477227,6577980.41290305
FT_6.446_349.90268,MW_350.90995@RT_6.446,NA,C H4 N7 O7 P3 S,350.90995,349.90268,6.446,350.91058,NA,NA,NA,Full match,No results,No results,0,0,254595.136824478,357664.446527096,714506.893754489,1285627.69480826,3627351.22905055,1560717.00971152,675210.207816332,1094048.32889609,5449534.727675,751907.029137921,701411.291432026,440870.910499652,628768.022051905,5051459.85664665,438898.854372607,335637.380304303,512813.583512927,463248.69497174,1180147.09063401,723627.632153985,273195.362644224,1000717.46031048,332342.948025538,4079037.2721194,616608.346540186,1402904.68190043,697625.257007731,313835.660320323,843095.168762708,2063775.91492888,179782.772247873,513440.743031269
FT_1.663_349.20223,MW_350.20953@RT_1.663,Prostaglandin K2,C20 H30 O5,350.20953,349.20223,1.663,350.20932,NA,61.6,NA,Full match,Full match,No results,2,0,2623929.76339668,857363.75873925,5171243.86579108,1218297.94053356,1811666.67856572,1021113.66464051,37921198.9315829,914422.733365365,4045254.77581938,887234.826630427,2315826.10664997,521516.61959461,1664977.261846,997030.970586368,1319273.62853708,1619060.69780621,2670644.15143694,2491297.35579069,15778794.9286365,688618.665547818,7826510.1204083,10978845.0084895,30241806.70957,2342524.98315395,5209060.00689169,883438.016273672,2229841.41810432,663823.231966909,1700122.05482437,1113255.08467536,1262983.93763675,444374.80480637
FT_1.543_349.20212,MW_350.20940@RT_1.543,Prostaglandin K2,C20 H30 O5,350.2094,349.20212,1.543,350.20932,NA,61.6,NA,Full match,Full match,No results,2,0,11507070.2205468,752323.605158209,58064788.8731438,918309.315296512,3684090.64516732,911506.367163514,546142432.516223,1600516.5625922,1467116.04402991,843199.176900013,19531658.3594257,501271.984011911,1794801.81742038,997030.970586368,6338914.81634722,357034.061844288,1284146.27639132,919121.939058027,240257057.833887,831280.589057427,12713174.1695892,7670763.1001113,506918923.115193,8307768.76000107,5209060.00689169,1889752.58418778,9479093.17220251,585821.111936295,962701.520978851,984500.016107508,9058581.08094789,545339.464540039
FT_1.675_349.16541,MW_350.17311@RT_1.675,NA,NA,350.17311,349.16541,1.675,NA,NA,NA,NA,No results,No results,No results,0,0,2485962.85665379,6153079.67494938,3283542.75936803,4008062.08583202,4241978.46137321,4898782.28530415,9622248.22693325,5532254.87595174,6209796.75983335,6136860.07709562,3763790.58748336,2498091.54194284,4229565.26958753,3066792.72679879,2142774.64671596,2481591.65639605,3404924.76024893,3395275.66484921,5617568.190999,2973095.32401783,5142524.36335888,3928455.18965349,7638313.57931373,2197942.4279213,6715827.18063616,3949380.67272836,4303018.37589602,3041939.57710904,5462522.00482791,5445318.37642791,1653105.89454271,1618963.60934746
FT_1.358_347.18661,MW_348.19388@RT_1.358,11-keto Testosterone (CRM),C19 H26 O3,348.19388,347.18661,1.358,302.18819,NA,78.8,NA,No match,Invalid mass,No results,1,0,14177270.103524,31535610.8802604,9765749.59141436,58553556.9110777,37415964.8036832,54148569.3599718,54755858.5214192,52044554.5749719,71662214.4829342,59139899.075515,20966749.1903213,25338547.3514968,45085130.5191767,66123425.1414996,15749801.1865672,20643553.528228,23032750.4777644,50228605.2985264,42733583.6099747,46089407.0025129,32887737.3578044,53191287.3742961,70662134.4149703,19185381.3358019,122968327.006382,43916704.6304222,15732877.2677817,45303641.4040483,48116565.5240977,48525777.062581,11853321.3552878,20231103.2090631
FT_1.615_347.18650,MW_348.19378@RT_1.615,11-keto Testosterone (CRM),C19 H26 O3,348.19378,347.1865,1.615,302.18819,NA,67.1,NA,No match,Invalid mass,No results,1,0,9992020.21939277,10687957.2429258,20545015.5597844,3271482.37162179,9529628.71007643,3112627.82584076,129051001.546563,2269910.99219023,13624429.568908,2337048.57987002,9248462.34615404,1515462.20314319,13492973.9204688,2247279.9323302,5944234.59001742,1987966.92098403,10830541.1283436,1259169.44122344,51686325.6497578,1685310.93662455,4694994.79990427,7209238.98730898,133574041.400303,6773674.47460205,5910774.90823481,2897782.872785,8570717.79618566,1933106.08785743,3861503.27891708,2721129.27326665,4989453.17293472,1538916.29732025
FT_1.224_347.18649,MW_348.19377@RT_1.224,11-keto Testosterone (CRM),C19 H26 O3,348.19377,347.18649,1.224,302.18819,NA,72.5,NA,No match,Invalid mass,No results,1,0,11094692.1251747,5632028.52826587,74195479.667352,7551472.65327941,4963381.55096559,3311758.23460001,547961021.906949,8689849.48040873,3938850.41378866,5670926.04839992,18016195.1901559,4285565.44090403,9471837.15705936,1846876.20671489,10259511.0530345,6024892.07174457,14427291.5083678,8065070.25371946,197685822.818084,7385779.21464325,17122495.4181255,2680989.41943558,631470696.508867,10182721.7772141,71879634.2039583,3025001.93304943,12277899.2164814,3999072.33392297,2106376.81605992,15454236.8283632,8300338.59457917,3875580.22504355
FT_1.362_347.15043,MW_348.15765@RT_1.362,[Similar to: NP-002047; ΔMass: -0.0360 Da],C12 H24 N6 O4 S,348.15765,347.15043,1.362,348.15797,NA,NA,NA,Full match,Invalid mass,No results,1,0,7694336.50478376,14852411.1196919,5216320.46904932,40894877.0640042,10369639.6500534,16310391.5796603,5231704.89363745,21650032.3826203,16013394.334010901,11130089.6181476,8593366.47528723,6648918.74713099,13528678.4403782,3486366.97168987,5924991.70828264,6995865.63044758,10450807.5744775,8440110.55672049,15925835.4124118,13393389.3282341,18707636.3996856,13697735.9652297,8037607.42426064,4422701.45720175,17144161.705979,15201936.9516341,8849257.25291868,11384019.6528004,10680565.1288924,26105668.7883668,4625009.67524979,8185388.63720324
FT_1.670_347.15044,MW_348.15764@RT_1.670,NA,C19 H24 O6,348.15764,347.15044,1.67,348.15729,NA,NA,NA,Full match,No results,No results,0,0,2485962.85665379,3880385.94359206,3283542.75936803,4008062.08583202,5722616.62319057,15555569.5133594,10142594.8032599,8057578.22236622,7858594.51443095,4208331.04021549,3364016.97900464,2498091.54194284,7409087.6409255,5409937.05613884,2142774.64671596,2481591.65639605,5462925.21676772,3395275.66484921,6076194.69509352,4522389.13670676,6326592.51955298,5135301.20470839,7163706.10308672,2197942.4279213,6715827.18063616,3949380.67272836,3864549.05369557,3041939.57710904,6344175.73746986,8997560.12245567,1653105.89454271,1618963.60934746
FT_1.102_347.15021,MW_348.15749@RT_1.102,NA,C19 H24 O6,348.15749,347.15021,1.102,348.15729,NA,NA,NA,Full match,No results,No results,0,0,15918878.8512084,24113807.9602093,14919689.6946777,16240518.7448353,25163044.6767044,23915663.5170511,13024998.3038765,29370641.0699555,48667308.5498159,17599165.7362486,17457864.0331038,20349163.1166284,35696477.6258058,21779340.9444269,13770619.8722552,15114408.1311719,22541028.9855229,24856543.4997508,52700407.6452847,25866638.2322889,29705639.9812491,18654904.6940345,14058862.8054034,24827051.629817,37777862.2397057,45254681.0331287,26267632.1425996,24385115.0944685,32293576.7782504,23611941.6052639,12463810.3888417,19104704.3449748
FT_1.273_347.11378,MW_348.12106@RT_1.273,NA,C18 H20 O7,348.12106,347.11378,1.273,348.1209,NA,NA,NA,Full match,No results,No results,0,0,29448729.9107559,22459441.604053,13762243.2166005,42454866.134687,24054220.4110739,31190926.5325067,9820841.81785001,30570093.651757,34560808.2358313,15475391.8041647,19370342.2629417,17341455.7702485,26047301.7917249,44071455.4991275,12068536.834038,11786526.8376462,24142200.814778,30671242.4143326,23629079.1679263,17080949.4318483,22084044.3673403,18722876.542059,20168475.690846,11600305.8501015,38898436.9909727,28220490.9508901,15168138.0614569,23067268.0396581,24568500.8137378,36354652.0442532,10252547.0561277,16661212.1938735
FT_1.395_347.11378,MW_348.12106@RT_1.395,NA,C11 H20 N6 O5 S,348.12106,347.11378,1.395,348.12159,NA,NA,NA,Full match,No results,No results,0,0,9449789.31076238,8082028.66504488,8128300.86009322,14052447.320205599,13977598.9397417,28299794.3238366,7929201.05601392,18466366.3207624,19287339.2940409,10440580.8922202,13712449.0651438,16550311.6117379,16679395.8768849,22048038.0470364,7126121.31427558,10949702.4244051,15777508.9468843,18360473.5299534,7334731.48968813,18885673.8819714,14283208.1106428,21664910.1201743,6712691.94462074,11370248.4040357,30273841.4446239,27933433.8853382,11538646.7474988,19821378.1497413,19752123.8984501,29009060.2853984,6666110.8135266,14497074.2911853
FT_1.167_347.11376,MW_348.12104@RT_1.167,"5-(5-amino-1-phenyl-1H-pyrazol-4-yl)-4-benzyl-2,4-dihydro-3H-1,2,4-triazole-3-thione",C18 H16 N6 S,348.12104,347.11376,1.167,348.11572,NA,78.5,NA,No match,Invalid mass,No results,3,0,32806207.798865,50244358.2733947,27991212.1724586,55263922.3204608,51604004.1452314,54275290.3847651,24826106.2445806,56790539.2354126,61366753.7879537,51570974.4365308,36332006.3234723,36432652.4044278,66964054.7209466,77472134.71567,26745185.3823081,28329361.6600007,43302159.5758008,51436459.3036807,63851571.5959654,41775360.5091349,50406241.7802487,42078223.0002391,22094303.9746613,33465033.5459957,53499208.4182427,54376910.5113425,30793643.6191994,41289939.6767095,49328209.4799239,51707446.3896353,23436772.177907,40245328.0203795
FT_1.635_347.11376,MW_348.12104@RT_1.635,NA,C18 H20 O7,348.12104,347.11376,1.635,348.1209,NA,NA,NA,Full match,No results,No results,0,0,9260708.88459569,7757839.75155555,3364092.74927297,19255438.7448292,18798481.5510641,29062196.0045642,10992138.6956292,7512606.43398776,25948943.2083431,7854902.37543402,10040374.8248431,13212790.9327838,6204214.09086697,25857583.31915,4332188.69242006,9864517.37337029,14168030.6981319,17824821.7884084,11433465.8832704,4531796.68272837,12085232.5490987,20555028.9587893,4898589.79438703,2885299.20451089,27556191.4246333,7261718.45516595,4752996.46277148,13248304.3262543,7121364.13141551,8219017.86875569,2834968.05534956,9995654.3087244
FT_1.641_345.17103,MW_346.17843@RT_1.641,NA,C13 H26 N6 O3 S,346.17843,345.17103,1.641,346.17871,NA,NA,NA,Full match,No results,No results,0,0,3007855.45979551,4882648.43204268,3429275.03753831,2962173.56242211,12663586.0805389,3318937.99281342,18620238.9133366,5200377.28521446,9728318.38467298,4208679.79207796,2807608.47336219,2730899.82088835,6268658.69492556,3945063.26174998,2077262.25736065,3748468.60005943,9726907.6267144,5402597.99773608,5661392.46042265,3215287.46039102,14218124.1010586,5098569.61910614,18538086.3337392,2092552.04197468,15110515.566578,4757107.78879549,3390745.83537839,3957612.65870262,6091883.3984384,15474570.6205416,1999414.73561157,2501366.50826944
FT_1.353_345.17093,MW_346.17820@RT_1.353,NA,C20 H26 O5,346.1782,345.17093,1.353,346.17802,NA,NA,NA,Full match,No results,No results,0,0,46293080.4335717,105170800.238657,9670608.40861391,126440202.370083,78618374.9944326,156931059.585339,64880476.4893296,93897592.6351645,128519119.234647,122408176.933373,68608705.1427796,64677949.9267106,106407265.826704,54541459.1165423,52534457.7049864,44279600.6425135,80748013.6261346,120211679.949131,83184756.6377906,72526093.9512719,82980113.0098032,103329051.397012,53998426.9903807,48868933.6839602,40570229.8917795,133382205.990849,63073076.0008222,82272394.2684689,122165864.584331,109372182.378355,36588307.7728445,52878570.9749645
FT_1.671_391.14027,MW_346.14193@RT_1.671,NA,C11 H28 N2 O6 P2,346.14193,391.14027,1.671,346.14226,NA,NA,NA,Full match,No results,No results,0,0,5372055.21533566,16168261.4951122,3745591.66176319,25230820.5611962,5886953.30830401,13108600.3747159,7239705.50060086,14855295.6682944,16108799.0603673,10469160.9015262,4189917.14115838,4473309.22323498,8016021.11261239,5971242.83889764,3342218.94910036,7467138.87557083,11040324.2438533,8508915.10517251,5847026.32272268,5783529.04050038,12818761.5775668,5146924.28447895,5552271.29929209,4040118.01674303,12907206.3528457,15850454.7821338,6060105.26883135,6556312.83194496,8510271.81225452,9554787.22242388,2059626.37055776,3518899.80399972
FT_1.434_345.09809,MW_346.10537@RT_1.434,"N-[(Isobutylamino)(methylthio)methylene]-2,5-dimethoxybenzenesulfonamide",C14 H22 N2 O4 S2,346.10537,345.09809,1.434,346.1021,NA,80.1,NA,No match,Invalid mass,No results,1,0,16948260.3098244,29323949.3091661,14767922.3840904,25462560.6178009,21345344.7660024,30375668.8017371,19912255.6419483,27380017.4808858,33517609.6260481,40728511.7119434,18105127.6972076,17562932.5682047,25957790.7480412,32192374.1867066,18653089.4797966,10808724.4315567,16598796.1072672,25276968.0925022,15442123.1549346,25903119.2086481,21560579.0329567,41941728.176494,15579529.3780632,14220315.9492694,24672184.3413009,35649574.3697616,13345511.0901085,18182109.9195246,24187166.4491772,23579747.0569193,10397585.6887723,20319148.5792503
FT_1.103_343.15545,MW_344.16273@RT_1.103,NA,C20 H24 O5,344.16273,343.15545,1.103,344.16237,NA,NA,NA,Full match,No results,No results,0,0,12176832.6267679,22698408.3887134,21770505.1390147,19423046.4632187,26984861.3929397,14774580.7166448,103095610.109649,11490820.2211421,43825456.1444169,14775356.3709944,13289929.2939473,7362896.4402294,44050239.4814181,22072061.8164029,10104596.6769603,13006953.7904481,22309591.941136,22467420.2756758,26549639.4548589,27802713.3098285,26075964.8745114,16182181.5604196,95927032.2159864,26095013.7452708,28724742.7438286,36502091.9844417,15532399.4784385,22150344.9132579,27438079.9348112,20624569.2213514,9104704.42615957,13915875.7835561
FT_1.221_343.15548,MW_344.16273@RT_1.221,NA,C20 H24 O5,344.16273,343.15548,1.221,344.16237,NA,NA,NA,Full match,No results,No results,0,0,4963131.64253806,10424342.7716898,10064214.4688661,12794283.9871639,10639763.3011615,12405534.7519633,160603184.855215,11634536.1086429,16230953.7041436,5337394.87007032,7558733.85114993,6927990.39162144,16418925.227178,10449708.1456153,10104596.6769603,5827154.10439575,8406973.43517707,10933898.1690066,30857279.927513,10377071.2527772,10415002.8831421,8721539.22519071,66109542.4687287,6621202.4754463,16154516.5817049,17651683.1083836,10158513.9823749,8442393.01495404,6769212.88878678,8264533.63975243,2669247.36300592,6191103.65515614
FT_1.664_343.15524,MW_344.16263@RT_1.664,NA,C20 H24 O5,344.16263,343.15524,1.664,344.16237,NA,NA,NA,Full match,No results,No results,0,0,3799401.11166048,7504963.52797369,4974495.79644566,7605667.52429085,5133988.57149839,6716940.92668175,23105061.9322716,6518015.62349474,5333760.14598258,5794789.16180581,4168056.90051636,4699687.3779019,6517214.38144215,5147811.20552258,4869330.76682283,2698788.9703622,5948052.86449574,7242973.47341017,10983998.1475003,4836250.82516257,5354019.58148329,5519905.37900934,15638807.9300044,3668394.74353436,11111734.8342689,8643207.98341307,4423254.34958337,5050098.20746771,8340348.41297755,5648421.3725294,2352421.52113081,3423183.51078269
FT_1.308_343.15527,MW_344.16255@RT_1.308,NA,C20 H24 O5,344.16255,343.15527,1.308,344.16237,NA,NA,NA,Full match,No results,No results,0,0,8076670.11198369,19843099.7004651,8940542.2027104,31912721.2734774,18707158.5822365,43571898.2020099,38534786.2474347,17999821.3279759,35786792.6772859,34978045.4586866,16534717.6229737,13130200.9504705,14960383.0194958,36897808.1401986,12776661.3197635,7892847.0046991,16906717.7321394,34558112.2652222,21320300.0155263,16138163.0964738,15093888.6784236,29263093.8998186,40322642.4516253,11687423.7690456,24135368.4181615,26336758.9861992,13391186.1784708,17445332.4211006,24464890.5114664,29059049.5628012,10363566.600993,12776984.9495776
FT_1.414_343.15521,MW_344.16253@RT_1.414,NA,C20 H24 O5,344.16253,343.15521,1.414,344.16237,NA,NA,NA,Full match,No results,No results,0,0,28997964.4337141,104023802.400667,19516201.2014632,104586883.951142,75273016.4804657,88258594.1260422,11188180.4664358,56414809.9537194,60089526.409992,70433572.6148836,29558245.3769294,32915931.6448346,25657508.3768822,58753521.8430012,21688695.3742324,23422977.9256638,42310633.7209701,68808074.3505339,17390272.1837921,38859932.6758535,37378277.5006849,52894815.8512828,9123429.10932689,19636781.1818135,100564131.003965,61459921.0329925,37817961.2582046,81861079.8683766,71770272.0210082,100130619.534885,16201298.508072,25433314.8605358
FT_1.348_343.11892,MW_344.12625@RT_1.348,NA,C12 H20 N6 O4 S,344.12625,343.11892,1.348,344.12667,NA,NA,NA,Full match,No results,No results,0,0,15948547.2827924,24381809.6934505,8339632.63328579,31432786.284431,13636386.3835753,26803636.0114675,14364295.6985966,16792723.520271,29771603.8795727,17547490.9638524,8841934.3852784,11049257.8788418,22260813.0362908,21822017.1072621,9189754.48785187,10866573.7684027,18790683.6842251,12701585.9232175,15526335.0525261,13324475.6970063,17299468.9200706,26209683.3956212,8822262.90361515,13903946.5943628,31479481.2534486,44251447.0697555,10234918.1442622,22064814.0261387,26205527.7575433,27379935.549494,6495124.06336703,8842064.44999156
FT_1.124_343.11885,MW_344.12613@RT_1.124,NA,C19 H20 O6,344.12613,343.11885,1.124,344.12599,NA,NA,NA,Full match,No results,No results,0,0,9885364.25094851,24574143.279766,12584415.2934586,27609972.1879263,18565132.732575,25376072.2128928,11776858.5734455,25707816.8393828,33177617.2673893,26104684.9249266,18827396.455335,16888038.4824372,25249589.5351483,22744417.2374065,12170667.1004491,12031141.352875,18912768.6995186,23472173.0091678,22056806.284151,20664751.8041149,21941244.6553136,26368846.7117766,10445048.488864,15206119.1248186,32639568.6382189,35575773.4251602,30304709.4048309,18521941.7224487,26319559.0544634,27724670.2263387,10260320.0883746,15474158.3495684
FT_1.157_341.26983,MW_342.27711@RT_1.157,NA,C20 H38 O4,342.27711,341.26983,1.157,342.27701,NA,NA,NA,Full match,No results,No results,0,0,32187779.0526736,50309204.0963269,31350122.1358848,53198984.5560247,73354936.6085819,46291933.1259075,23642024.0671705,51775949.6807682,78735073.5560468,40390162.563689,27329877.6369523,37538939.2121473,76766909.5892575,46151137.4890001,25163670.2889562,19276420.7477415,38105807.9668088,47010623.9212325,59052859.4085798,23420647.852027,38864120.6724235,39800040.5312068,19931300.3388853,28919141.3605263,61078786.6170733,52140551.8869105,21459218.0475635,37096805.6200075,41880101.9733239,35371671.0941863,18720235.871223,28313922.7885577
FT_1.118_341.13963,MW_342.14692@RT_1.118,NA,C20 H22 O5,342.14692,341.13963,1.118,342.14672,NA,NA,NA,Full match,No results,No results,0,0,7500142.80175036,52865189.3179379,7880080.61068828,16120729.6996757,13344224.4589407,15092602.9043155,35069996.2941743,16075178.5216448,19131577.3528711,10732809.0853876,10056659.5130178,12014700.2086308,16417013.2635247,15104524.8029551,7918399.4398989,8602967.92894515,12863654.342939,14516373.9868625,20651485.7894403,12353028.7705333,14224425.7696437,10311774.0844509,7875983.09129129,9368024.71442136,18968810.000654,21598258.2173657,13249229.2671677,12554579.2881529,15373041.8958368,14536540.0968037,7621059.33637291,10280947.825397
FT_1.211_341.13957,MW_342.14685@RT_1.211,NA,C20 H22 O5,342.14685,341.13957,1.211,342.14672,NA,NA,NA,Full match,No results,No results,0,0,4963131.64253806,10424342.7716898,11641223.7216061,12794283.9871639,19062188.6600521,14093138.1587571,173306008.744471,17043433.7157554,27378956.7190051,5337394.87007032,7558733.85114993,8876229.16912147,12315172.0560453,10449708.1456153,6340920.75008077,5827154.10439575,8406973.43517707,18634085.8768385,30857279.927513,10377071.2527772,11856223.3413319,26462572.032073,66371236.0252517,6621202.4754463,16154516.5817049,17651683.1083836,11167746.5050143,8442393.01495404,14664752.8465065,8264533.63975243,5783485.30696406,5655327.93882598
FT_1.308_341.13945,MW_342.14673@RT_1.308,NA,C20 H22 O5,342.14673,341.13945,1.308,342.14672,NA,NA,NA,Full match,No results,No results,0,0,3267398.73743991,9004350.10469763,3927908.90247741,10293384.3735365,6444136.3784499,11348915.7186795,25696631.2872596,5821118.68924434,24632513.3861767,10316944.6170223,6046365.11287199,4780251.45323513,6130389.86373426,10821121.0093134,4521414.29722286,3461260.56105687,7036221.76870827,10497607.6143758,10227690.8345726,6037975.64322472,6780875.42979003,14119714.4600788,10949851.5169285,3769673.29625319,9273933.07204037,13168195.7091377,4116843.61204426,5357963.5458157,8454163.85311108,9359039.75700425,3696858.30143732,4468924.45822014
FT_12.209_387.11466,MW_342.11643@RT_12.209,"[Similar to: α,α-Trehalose; ΔMass: 0.0002 Da]",C12 H22 O11,342.11643,387.11466,12.209,342.11621,NA,NA,NA,Full match,Partial match,No results,2,0,1716294385.91193,1841285742.32775,2761264125.88814,3704718120.14305,2296146277.46494,2881148763.53654,2673548573.86019,2434921566.48182,1337192587.62998,1949441777.32743,1958811353.83037,1230013561.94019,1779798580.33519,1727013428.21022,1242220561.00339,1086651551.49517,1539089829.05677,1121898372.80765,1167671684.96414,1306258962.17626,1108855567.12676,1507143329.60242,1081064939.03532,1071445087.94574,2820874022.51154,1863081165.91799,1696401515.62774,1381342622.22201,3115066710.93731,3768870331.67288,1200041217.41356,2093416123.32688
FT_11.142_341.10896,MW_342.11634@RT_11.142,Sucrose,C12 H22 O11,342.11634,341.10896,11.142,342.11621,97.8,96.8,C00089,Full match,Not the top hit,Full match,4,1,8569467.38989111,26257299.829015,47489687.7928882,4389429.28460966,60034954.9651912,4917093.74604752,45611931.114082,4175105.59724415,5305472.04340862,3474541.64388301,9143532.37658165,3026511.7346711,13573319.1232818,16499721.1340646,731495.473562752,8702863.64373522,3194536.95513725,4399848.17101897,6217069.51988138,6234714.22827198,16687143.5038591,925905327.338185,144008990.08681,7602364.75117042,9264988.17300208,8863416.00271285,8108366.05915444,35304500.7802931,32203556.7273594,17811014.956869,27027913.8398928,14330543.1824162
FT_13.751_341.10903,MW_342.11631@RT_13.751,"α,α-Trehalose",C12 H22 O11,342.11631,341.10903,13.751,342.11621,NA,94.4,C01083,Full match,Full match,No results,4,0,2659774.19204899,5706679.00596896,8385794.54018091,16753995.911768,5093706.4789848,8915424.69125597,11149657.3415399,6479462.76755343,2696643.19034388,2200249.86711573,2843988.02949301,2710287.05463859,2910133.68281079,5031263.33463768,2079021.45445914,1789130.29811171,2633024.28407662,1206370.03700899,1269027.69288565,3256209.35617425,1378558.95914298,3311770.99361644,3571810.45770169,2218837.71768405,3151827.90283687,2857416.76763741,2836767.21481672,2074836.38726637,9577742.79703608,15140714.6677404,1251290.22440799,10977764.9785918
FT_1.250_339.19997,MW_340.20725@RT_1.250,NA,C19 H32 O3 S,340.20725,339.19997,1.25,340.20722,NA,NA,NA,Full match,No results,No results,0,0,13798420.3863463,13542059.409927,32809234.5257832,24089539.1031346,31065308.6297204,25503112.7812456,19942847.3842811,25896328.3418211,46292410.3740771,64872048.8362979,56508877.6318395,47929595.4994645,68708292.6328109,22139584.2908174,29043268.8053195,38462497.4524723,90274300.4522924,31192944.1398861,125877022.590446,48879016.0217503,68235493.3241309,77394402.3263095,81622836.5041811,79168130.4662943,49737228.7668652,30007060.2808632,36133877.5054406,16161113.0196306,23680054.7153958,28438911.6861435,10416140.5715149,19475930.869743
FT_1.674_339.14516,MW_340.15243@RT_1.674,NA,NA,340.15243,339.14516,1.674,NA,NA,NA,NA,No results,No results,No results,0,0,4010255.96348083,5322096.1331145,3176279.81645789,8870371.99565038,5824421.4496356,7407834.44962037,4284580.63963246,7741859.12465584,7351387.23738828,5211980.40721067,3866694.33232628,4123500.50260422,7107664.9335989,3934891.02447186,2664607.23293426,4029479.07471716,6775175.74557637,7007507.99113673,5040406.95586547,4483540.06072335,6004459.29538367,5554112.39150513,3212244.50329998,3410959.26853612,10424161.4626319,9226117.28737572,3981675.50948358,5626277.90932784,8874854.68181727,6710189.97917923,2206804.24971336,3142058.13688777
FT_1.115_339.12404,MW_340.13132@RT_1.115,NA,C20 H20 O5,340.13132,339.12404,1.115,340.13107,NA,NA,NA,Full match,No results,No results,0,0,7702313.5648073,15603485.1623524,10164059.4780861,11943984.4252877,16937254.5262551,12012393.3742765,12043667.3995309,19197840.4460772,24514964.5012733,10420360.647379,9888988.59899355,11420790.0887468,18977068.1525087,14106080.0551935,8817509.58244032,9126167.85837823,12948107.5237386,14838303.37311,32371511.2754298,16094256.530298,19047723.3042658,11878399.9139182,11957018.6065903,13571258.5850044,23229125.122904502,24341651.2387856,14630530.4688903,14884454.9564626,17617357.3789961,10948470.6727486,7612695.6987057,11660483.1695229
FT_1.225_339.12397,MW_340.13120@RT_1.225,NA,C13 H20 N6 O3 S,340.1312,339.12397,1.225,340.13176,NA,NA,NA,Full match,No results,No results,0,0,6655157.64849926,8734848.34509759,11641223.7216061,14337809.9879744,11100399.4840227,14093138.1587571,7567542.17560488,17043433.7157554,17919078.6765917,7306720.44127548,9740441.2677493,7520750.69976655,12315172.0560453,12542076.9561095,17663984.0048925,8424577.80231821,9395711.32731096,10675099.4972016,13224962.6467205,13090750.5155126,10451084.3537714,8023034.13457382,4420178.37758268,8706493.54126888,15844129.0136298,18090315.557814,11167746.5050143,16376151.6793679,14664752.8465065,13317546.2300004,5783485.30696406,4293345.38571792
FT_1.661_339.10889,MW_340.11616@RT_1.661,NA,C13 H12 N10 O2,340.11616,339.10889,1.661,340.11447,NA,NA,NA,Full match,No results,No results,0,0,7139637.82463782,13495891.574779,6012581.08567089,17414667.6114753,10334369.7551273,18697498.5484423,3414323.47001359,13957536.6222906,12688448.2289694,11740737.4476535,8731626.80265559,9542715.24152238,12386745.4361226,9933246.039511,4548937.15956568,6865405.47993245,12117114.0847992,11604002.3715012,7097400.29967383,8310901.78626844,9979861.4375269,8590597.20231001,3633828.65450434,4826587.44124698,17332232.9237929,13428650.5539682,9714594.36410671,9021782.96322726,14053347.2275177,19957500.5770014,4435897.20606928,6619449.91096701
FT_1.444_337.12966,MW_338.13694@RT_1.444,NA,C17 H22 O7,338.13694,337.12966,1.444,338.13655,NA,NA,NA,Full match,No results,No results,0,0,8129786.89152275,17342951.2481431,10174018.4999126,20118061.8762473,17442792.4754375,17022341.6877729,6525715.41469214,17314692.7342632,16859530.0676703,16771972.196872,10852594.1504023,8179364.9215285,13629097.7790411,14082601.9754584,6808019.12449111,10692138.9076585,10679615.3397956,15159765.9570759,12748643.7273052,15550467.4348434,14502599.3401678,10602124.2972929,7980019.3612262905,10620110.4906808,18013188.6910144,13090403.5918213,8301270.35606608,10751923.1335639,13206831.0863975,13599069.2174922,4469983.91819043,9494845.9823117
FT_1.628_337.12961,MW_338.13688@RT_1.628,"[Similar to: 6-Amino-3-methyl-4-phenyl-1,4-dihydropyrano[2,3-c]pyrazole-5-carbonitrile; ΔMass: 86.0358 Da]",C17 H22 O7,338.13688,337.12961,1.628,338.13655,NA,NA,NA,Full match,Invalid mass,No results,1,0,15524861.5904397,33592458.3268768,12832514.6519606,54452407.9095458,20733628.3302097,48514485.0794403,11746991.8742028,29436054.930905,33046358.544948,25520255.5801148,16631523.0751599,20672965.4469875,27293122.2546135,22158957.035909,11288761.0041807,16040595.9712256,30523197.5016674,33243544.4243533,18535731.4971163,14180603.3704026,24195889.1045674,18129579.711711,10739652.7789932,8637169.33037689,51853896.3168899,31838334.0502894,25352903.4923537,24868296.0067727,33166204.2123695,45065765.1224021,8189589.74964573,10743615.7246636
FT_1.111_337.10853,MW_338.11583@RT_1.111,NA,C20 H18 O5,338.11583,337.10853,1.111,338.11542,NA,NA,NA,Full match,No results,No results,0,0,8020657.7530417,15256385.9729374,8392607.22828451,8364898.93715256,17725476.2299866,6925194.96655282,13011836.7813461,15375310.1438053,23062087.6255705,11059738.0304962,10991438.3682609,8828234.59128003,23737489.4705296,12855780.1844116,8244592.58758335,7793922.90148094,9701311.41671106,14560316.3902028,46346363.350398,15954864.2540254,19093988.7571822,13066664.2659732,10392214.777762,14322984.7769334,16337581.4708619,22341235.1865908,8811852.09096574,13971376.4329458,14160329.3445966,8891396.48979847,7193013.88313715,12229661.6406595
FT_1.470_337.09344,MW_338.10072@RT_1.470,NA,C17 H22 O3 S2,338.10072,337.09344,1.47,338.10104,NA,NA,NA,Full match,No results,No results,0,0,4888240.70806446,11914167.9984485,4831960.80202565,12803885.2740779,9657550.14853482,11049774.0564923,3453819.31728569,11057859.1617254,15461028.3196997,8996884.63509222,8487578.37526511,5755385.92608461,6890880.40326374,11249691.4402385,4664168.76756101,5966137.73939683,6835695.76462096,11333745.0919087,6962963.59419605,8707720.2733152,9422912.13640835,7669224.93736191,3582001.01655023,4370454.77312829,10780640.7112853,9188973.33220308,5964386.6382683,7871529.9559851,10183599.4784835,10275808.6444314,4052638.80559464,5468053.50315972
FT_2.312_336.87937,MW_337.88665@RT_2.312,NA,C2 H5 N4 O6 P3 S2,337.88665,336.87937,2.312,337.88633,NA,NA,NA,Full match,No results,No results,0,0,19443935.1350687,8114927.86041004,15281239.9385987,5463829.39747817,12047632.7897509,8334053.29290087,15950652.8632757,20090214.770622,9137833.25296002,10924931.415873,18728811.0281769,25972845.2553453,11012215.9692298,8143952.38799462,21611925.5315135,25446345.1277865,6405190.32719509,5143768.23787604,10919913.5817728,10966758.8120738,8722179.71234071,7254675.52569086,15865134.6418971,9684381.30653165,4807858.89322999,6903758.23117465,17083996.7509258,16608100.236969,8174755.24610019,5717491.18032238,8116251.62111362,19606580.4584843
FT_1.672_335.15020,MW_336.15790@RT_1.672,NA,C18 H24 O6,336.1579,335.1502,1.672,336.15729,NA,NA,NA,Full match,No results,No results,0,0,2298452.10653307,5237860.44429807,2793640.70514768,9592596.68212928,6145658.45305303,8939475.48906557,5778130.4561844,3638122.32098924,3451178.68005874,4651547.03258538,2934159.45772844,3097667.56592319,5868414.41445291,3985898.92924537,2524753.19622165,2450090.64141988,3711100.06582467,6850978.68042396,3982091.25411417,2657051.60860849,4300950.36625507,3704578.94170847,4512954.25809263,1900657.97651201,6624121.12830335,4671646.00017278,3375450.28751488,3383225.06034641,5491184.04639383,7974952.63630456,1434856.5955023,2525766.25624861
FT_1.656_335.11393,MW_336.12120@RT_1.656,NA,C17 H20 O7,336.1212,335.11393,1.656,336.1209,NA,NA,NA,Full match,No results,No results,0,0,15524861.5904397,14623007.1638769,7146648.13620854,21762474.6929978,20841434.4614996,19269982.2467778,11746991.8742028,15589553.9203607,12432541.1606235,13512820.5528428,8107612.97235766,8182249.48795117,13068848.0401343,21976033.4444012,6594599.52833135,6531503.93496336,8130362.55457249,13623278.4382783,18735509.2042687,8046660.93543526,9815243.52989008,8405773.71995117,10739652.7789932,8637169.33037689,20143011.5800619,15104904.2609587,7970588.22536226,9756058.44611469,12475343.962784,11765307.2455229,8189589.74964573,10743615.7246636
FT_1.413_335.07758,MW_336.08486@RT_1.413,NA,C20 H18 O P2,336.08486,335.07758,1.413,336.08329,NA,NA,NA,Full match,No results,No results,0,0,2729918.9146419102,10016332.5348932,4604491.90248261,16918730.955677502,7502837.5354602,5510994.20149246,2380231.68284885,12966753.6748094,11310742.1665078,6186533.77354159,6618614.01245704,7611741.72450515,7786241.8894756,3364577.75660751,4560958.80652701,4751985.33043399,9834294.54795024,6242466.25195921,5694174.651229,9982824.03770624,9687755.67493057,5583036.19555041,2273578.99093634,4019985.11156567,21529311.6998114,12911075.3868173,4076021.32271898,5131191.72639001,5814670.15261679,6545900.61438114,2260129.15093108,5942759.32288183
FT_13.282_335.07517,MW_336.08245@RT_13.282,NA,C9 H21 O11 P,336.08245,335.07517,13.282,336.08215,NA,NA,NA,Full match,No results,No results,0,0,1697848.86899078,5960412.60458858,12211860.8017227,14229266.4460872,6748521.00035848,8550581.81369066,3131513.56607561,2894833.91194995,534934.248323221,248305.704789915,828868.943299142,88699.793055476,473943.598355172,292325.752612393,892837.842100488,218379.21548243,359742.79297517,794896.498407029,328738.239257271,192030.82758422,342789.904393731,295083.285213109,220082.355185866,128084.477102419,1524506.17490819,461831.425591305,1450402.18361635,500026.233685641,7100692.20489317,14310981.0328016,493015.052839184,1295257.2663979
FT_6.178_335.06127,MW_336.06855@RT_6.178,NA,C11 H13 N8 O P S,336.06855,335.06127,6.178,336.06706,NA,NA,NA,Full match,No results,No results,0,0,1379906.64478188,2023392.56567773,5043848.99771003,6529835.72145941,2757062.33354564,5242337.4540978,4822729.84603091,3393518.34383676,2489064.4947128,2153037.69549909,3072665.37710299,2374471.4933113,3113349.40186384,2787091.29726683,3768421.95795975,1965780.20188058,2475508.27196611,2384845.23885119,1855226.5777823,2417718.35736278,2330932.00094223,2518700.83812239,2413418.58520325,1507212.32322867,3409272.35541017,2314945.77983533,3297212.45082697,3273850.56436599,6715397.78770187,10695298.574806,1876735.63432071,4447502.05070226
FT_12.664_335.05996,MW_336.06723@RT_12.664,NA,C10 H17 N4 O5 P S,336.06723,335.05996,12.664,336.06573,NA,NA,NA,Full match,No results,No results,0,0,4510396.55063061,8029309.872716,9445085.9280297,10931385.9467725,7328872.54957219,8544695.75084002,9175429.68864238,7925366.29362861,6674639.90326917,8939118.22174713,8307294.35786468,6509771.81651729,7880906.45557834,7560804.00723962,7035122.61647127,6252340.94267132,7319888.52210621,4897958.03086169,6040470.80674412,6954371.39399858,4911801.38104026,7150479.22923151,6898620.35177495,6375029.50987717,8689528.85393899,7564445.54744353,8169304.56642055,6357908.87920424,8806942.09352172,10040387.270134,4073175.9180814,8512481.75021694
FT_1.397_333.20740,MW_334.21471@RT_1.397,NA,C20 H30 O4,334.21471,333.2074,1.397,334.21441,NA,NA,NA,Full match,No results,No results,0,0,3905104.79170749,628376.999877096,2351581.950136,681118.233924588,2205799.9885447,552512.405784792,14670193.3230455,874188.360528989,8190881.96673948,779722.841249055,3447000.21671585,1058928.66946303,2868414.01735982,1002131.38926673,1850382.16018205,1840244.11237124,2917145.55117739,1934647.27239345,3647439.4543357,1505380.33225794,10743769.0034174,14684037.6965161,7588789.07856915,3570895.70529389,7418803.45349178,506832.526662618,1904369.57629552,823029.029402359,3186060.04734808,1728968.24662278,1270512.87169788,685097.178211358
FT_1.233_333.13454,MW_334.14179@RT_1.233,NA,C12 H23 N4 O5 P,334.14179,333.13454,1.233,334.14061,NA,NA,NA,Full match,No results,No results,0,0,10492173.7095693,28791430.4366747,16539312.1390861,44833865.0901933,24200528.2705003,7946418.4557134,5859311.00826818,7325826.10801959,31936910.6886975,7954270.40130573,18682267.9670082,7580562.73553098,19446036.4372172,22849458.3621945,2703100.53615665,1452411.21744644,20695020.5398568,14654077.0218126,35229132.3327845,22882243.271522,3138063.98904945,11613710.704718,4042791.11508299,15786667.2579886,24683188.3998159,4548029.10954874,14376011.0410436,30110559.6422948,7139980.29591361,21748834.3503735,6541739.28673907,4717048.1775829
FT_1.669_333.13436,MW_334.14177@RT_1.669,NA,C11 H24 N6 O2 P2,334.14177,333.13436,1.669,334.1436,NA,NA,NA,Invalid mass,No results,No results,0,0,2298452.10653307,5237860.44429807,2793640.70514768,9592596.68212928,8194795.54560634,8939475.48906557,11330546.8452732,3638122.32098924,3451178.68005874,10822749.451277,3334666.80296502,3480206.86291189,3219706.06754608,3985898.92924537,2524753.19622165,2450090.64141988,3711100.06582467,9315300.51391062,3102757.20362929,6107441.70472359,7512506.31022541,6289011.6767131,4853424.49513565,1900657.97651201,8594283.65438599,8713827.71563484,3375450.28751488,3383225.06034641,5573120.91657834,6994019.36810853,1434856.5955023,2525766.25624861
FT_1.162_333.09826,MW_334.10553@RT_1.162,NA,C11 H19 N4 O6 P,334.10553,333.09826,1.162,334.10422,NA,NA,NA,Full match,No results,No results,0,0,15524387.2065013,35020983.8348515,19807619.4060916,34692110.0751985,27955071.530884,32022252.8745185,13170880.833336,36696565.7538182,31735944.1259772,24030707.4110473,22077542.8737242,23114225.3544641,32904644.8886188,26722597.0427268,15961781.6166044,18133306.4201515,24761812.1633703,32782243.0218776,27841998.143874,26091906.2135565,32018218.0598054,25795044.4263568,15049836.9363755,20294646.7659985,33372229.1738614,39294800.1280117,25600300.6146108,30845563.3619443,29271926.0810181,35376945.8354738,15633916.8895727,21516820.8232487
FT_1.297_333.09825,MW_334.10553@RT_1.297,NA,C17 H18 O7,334.10553,333.09825,1.297,334.10525,NA,NA,NA,Full match,No results,No results,0,0,16992747.9733066,36831307.686342,19120578.1387374,47777159.5239889,27898507.3154001,39847864.460564,14796694.0777573,37625517.9791944,46705103.1656816,31436637.1025568,17246036.7183423,25215192.4409112,37449056.8670909,34071079.6375047,14431496.9003146,18575036.2042409,31696863.0182351,37540113.4613551,28804551.4529272,28178517.6071533,29025736.767362,28682629.1668285,9406805.31307229,16680929.230472,49549766.007597104,46503407.5312631,18457548.2761248,26248714.7132199,35088843.3832657,37856345.0201922,13482164.6247239,18573668.5085908
FT_1.670_333.09818,MW_334.10553@RT_1.670,NA,C17 H18 O7,334.10553,333.09818,1.67,334.10525,NA,NA,NA,Full match,No results,No results,0,0,8334392.21368601,18192186.7642406,8011909.1065537,28333763.9764262,9701287.58804966,4034564.66155619,6616419.98506033,19350037.1320238,15216121.7395855,16443777.3995703,10621063.5463942,8651947.5979119,13602138.1896915,17136745.0831933,6253368.68685455,7607666.74167362,16606203.0667377,13648030.1679813,7226056.10001117,11182000.2622956,14109817.2195476,11204502.0358391,3511559.50094367,4425446.15976943,23113199.8208785,15786492.0243997,8589394.52248769,13316607.974275,15948690.1956337,23850493.7604474,5115114.72552435,7351555.47094711
FT_14.571_333.05952,MW_334.06680@RT_14.571,"N-[3-(aminosulfonyl)phenyl]-2,3-dihydro-1,4-benzodioxine-2-carboxamide",C15 H14 N2 O5 S,334.0668,333.05952,14.571,334.06234,NA,61.9,NA,No match,Invalid mass,No results,1,0,3598218.88809598,9296313.8641277,7633870.8043681,11563081.2213235,8602801.55654842,7726936.38929319,7656400.7389387,4753467.97474281,1464230.21200052,1257541.17094892,1355415.13862444,1181399.81484714,1478182.79056096,1566285.84184558,901113.465253029,1043134.63754356,1003234.99944361,970338.730841713,1317948.95203601,1643706.81425649,2079688.97764417,1678931.32595706,1739035.6741674,1321607.64444912,3153193.8130636,2080196.48672705,2604261.92040033,1402761.25648288,8611773.83193418,13386731.9126456,1515863.87684291,5605663.56082513
FT_1.171_331.19173,MW_332.19900@RT_1.171,19(R)-Hydroxy prostaglandin A2,C20 H30 O5,332.199,331.19173,1.171,350.20932,NA,81.6,NA,No match,Invalid mass,No results,5,0,4241092.81844966,9022567.3242699,10004636.9867053,4434657.10858781,29168588.0275721,3951263.65665756,58602383.6476531,12105035.3594624,19289608.8388189,2404020.08418974,10541793.3573881,7610639.88031772,26799734.4188756,3084242.87751883,4978724.7462828,18998506.0235028,15472894.0413858,19486642.5372573,23056538.7518883,12915937.2413837,24685014.4616484,8925738.76626869,85877276.4680558,7121780.87149531,847320955.882329,8601309.41876501,9326874.34109151,19670104.4174884,7073347.12142572,8918536.24811698,13728269.2974381,1991901.50372384
FT_1.397_331.15563,MW_332.16284@RT_1.397,NA,C19 H24 O5,332.16284,331.15563,1.397,332.16237,NA,NA,NA,Full match,No results,No results,0,0,5841174.77894232,21273607.4586687,4496744.61404675,22014220.7749028,8783858.40563754,28917278.9162079,17067544.1167332,16836099.5166718,21961991.8438094,22464834.7440331,12403017.7356716,8439816.53191677,18609577.0805067,23850658.2782267,8330686.09946095,3430270.35005655,19579555.0521438,39025245.8908595,14409081.9052665,11276256.0307522,9223983.52279346,20141277.0319893,7008796.48755297,5604979.07462227,24336797.8419815,26626097.2524062,3262722.21138446,15740966.0551107,18585340.6652529,24410851.0505966,2786044.94090304,8143738.42923171
FT_1.670_331.11950,MW_332.12680@RT_1.670,NA,C18 H20 O6,332.1268,331.1195,1.67,332.12599,NA,NA,NA,Full match,No results,No results,0,0,1909270.01984219,5634859.65675258,2065486.21999547,4548815.54775891,3687721.32878178,7139049.32125303,2270221.31086566,4161292.66011642,11981886.0104107,3445273.21038424,3010141.51419545,2366267.23044651,5968183.06407688,2546873.97135324,1525791.88729036,1883518.76992098,3275162.29368553,3542578.57858137,2698000.22559596,2232604.89793085,3255905.4258149,3044329.58244193,1893163.23095097,1554330.94389224,9345450.35097785,5785403.14640674,1888857.57195361,3672048.46500625,4311533.48709349,4930459.48531449,897466.426018213,1720059.69001172
FT_1.141_331.11944,MW_332.12679@RT_1.141,NA,C18 H20 O6,332.12679,331.11944,1.141,332.12599,NA,NA,NA,Full match,No results,No results,0,0,6904644.6372314,25095048.3224721,10074421.7531832,18570516.4702902,12735077.269495,8790598.89896415,10447584.807749,9016983.25347389,13050565.7336352,2222210.52323269,6408580.47077651,8103225.19845623,19121202.343339,14610909.8531921,20077606.2184128,7257036.83833736,12863006.2217943,16658156.9912016,15914792.0555532,30335608.1389751,15114870.2215919,11970174.6369539,8068583.76109381,8056963.47540821,16112058.1755043,17514453.9065788,19751470.9884008,12012548.9242247,10099989.7043487,16014784.9021505,7019216.42509258,10408004.1659994
FT_1.366_331.11917,MW_332.12648@RT_1.366,NA,C18 H20 O6,332.12648,331.11917,1.366,332.12599,NA,NA,NA,Full match,No results,No results,0,0,5173141.33840501,16815095.1531059,8795613.8331503309,14321223.4058076,9520642.48410118,17635932.9892097,8982452.83131412,12615107.4252083,18392066.2231862,8895850.15456769,9532893.14647991,7891161.67484846,14305641.5357479,11813880.315002,20077606.2184128,5329296.09627332,9358120.73518172,7320508.14683337,10432906.5736462,30335608.1389751,9973503.86741862,6990631.54395014,3611656.03185782,6899640.47754022,12156561.7723944,21150617.4440024,8385604.78864341,9485665.75485839,13042874.7120789,17574320.005128,4127141.61383701,8268586.34060255
FT_1.371_329.23370,MW_330.24097@RT_1.371,"(15Z)-9,12,13-Trihydroxy-15-octadecenoic acid",C18 H34 O5,330.24097,329.2337,1.371,330.24062,NA,70.9,NA,Full match,Full match,No results,1,0,3633670.61031739,2529813.31330213,26954904.4110059,4857071.46004884,1623105.89147332,11717451.3331967,11556611.1781601,5369019.74549855,12647406.2294582,4665965.20117607,9916551.89839423,4294747.57919357,6276740.61095906,18853439.7405351,3042937.54358077,10740145.6795755,8701687.22785451,6596069.65333858,16285356.3333164,18494544.9585174,14689908.0782605,71004772.6320934,35344413.9494536,9522881.30779674,7560541.16238537,5934332.9008332,5007917.64697886,13649888.0464755,6347838.16427676,6550175.31138551,3517219.81310868,9063695.88534497
FT_1.206_329.17611,MW_330.18338@RT_1.206,"3,3'-Diisopropyl-6,6'-dimethyl-2,2',5,5'-biphenyltetrol",C20 H26 O4,330.18338,329.17611,1.206,330.18311,NA,88.4,NA,Full match,Full match,No results,1,0,55541767.6967397,106847832.782308,48778906.6065295,166817663.968705,113330161.647678,160928725.816639,96978327.3460209,140560056.046731,219351344.495845,209989291.175632,86992470.0361025,77056412.6955356,125013081.199325,214968465.114272,76693373.8011478,51642584.546042,94592190.8884629,151264058.666116,96430169.8374887,96414347.4091626,133679500.404264,171937269.551645,100744841.393122,67668849.3711748,136574882.186714,166136668.563201,69082466.2191478,90975377.8375256,145721496.807525,163858988.639326,46826873.3557979,75011925.1912282
FT_1.306_329.17608,MW_330.18336@RT_1.306,"3,3'-Diisopropyl-6,6'-dimethyl-2,2',5,5'-biphenyltetrol",C20 H26 O4,330.18336,329.17608,1.306,330.18311,NA,89.1,NA,Full match,Full match,No results,1,0,100240048.910232,114865238.701847,47665555.9387103,239750844.787054,115100097.723341,203824186.077158,40453386.4246501,154990514.498187,141821261.361652,147531370.067544,65380060.1688053,103262690.915354,152934319.052029,149821855.863925,52414324.9487516,70186416.6164454,149856601.624949,110961345.492081,65404228.0882311,102979006.248628,86706020.6188067,97593727.2502651,40330799.6154116,52682033.0583397,178730877.493943,121957880.444866,75064244.6443694,113453871.931404,114210968.467424,197425035.632333,42344377.3973037,83177266.5281775
FT_10.165_329.08405,MW_330.09133@RT_10.165,NA,C10 H14 N6 O7,330.09133,329.08405,10.165,330.0924,NA,NA,NA,Full match,No results,No results,0,0,1673796.79893898,2136332.03815203,5857050.37438098,12460352.8102098,2592504.47937446,6623425.15996743,8155775.22671397,3887246.36042309,2768318.26664991,5509568.39371065,4206888.65918124,1361383.01481981,3828232.23227628,6745718.20974281,2294596.93699839,1434417.52048796,3485199.23332965,1171006.73206973,2035960.57486967,2121716.24555821,745018.097849365,4027367.06043601,2298312.02410881,1244046.37268806,2874967.45317728,1560026.41627714,2666987.46210516,1159630.58622238,4747728.41667696,12996107.9875993,932258.174677608,3536722.04153536
FT_1.223_327.16036,MW_328.16764@RT_1.223,NA,C20 H24 O4,328.16764,327.16036,1.223,328.16746,NA,NA,NA,Full match,No results,No results,0,0,71064285.3985653,176749122.178807,63832607.9598368,272371279.294409,152876708.361986,241025784.874633,415103145.679454,174069904.916018,252172579.220444,255411946.142693,157264935.918717,106772810.077914,145544236.086245,258944321.809904,124383021.944068,74678408.7843606,117133764.052764,235767823.767069,114569210.096068,146929228.440575,119354676.10486,245676945.072968,77935406.6076318,103352717.310061,198980534.128927,262184612.930889,116303656.59617,144206795.576736,214708626.318016,234585562.490099,79969988.3475846,112863767.981038
FT_1.308_327.16034,MW_328.16761@RT_1.308,NA,C20 H24 O4,328.16761,327.16034,1.308,328.16746,NA,NA,NA,Full match,No results,No results,0,0,110454756.761168,191601144.867904,68594074.3740084,298829870.385504,139472120.62717,256201941.118534,62687787.3501989,158034882.483921,147588924.398092,169111591.741617,89072897.7181584,125518455.133604,139534139.923216,154907946.430041,59208790.5449019,97113749.4265014,177904775.77639,180052545.519398,79429649.9698995,101400030.351573,109281957.796637,108857325.674334,59927595.79681,62110656.3370295,254082506.394346,170308719.217086,103626009.5262,235693872.572371,179321586.283466,239638097.025443,56117023.4661095,84487084.3197206
FT_1.347_327.12404,MW_328.13132@RT_1.347,10-(4-Sulfophenyl) decanoic acid,C16 H24 O5 S,328.13132,327.12404,1.347,328.13444,NA,72.6,NA,No match,Invalid mass,No results,2,0,10186962.5791864,28909248.362819,10618643.8077989,41738094.7181882,20455647.4309379,53625670.4224347,11488048.8694524,26466637.5704636,41005323.4381509,43128485.8104928,24496375.8776387,18559113.5381194,22201962.6773516,38328365.7442825,16693243.8937769,11071224.9984795,19183217.3218207,33340041.192597,14582125.5836563,21266211.7084463,20376355.8741676,37312510.011733,10605625.8510793,12478028.6163247,40841617.3305344,44354609.9039528,22697448.5413627,20409404.9672383,34756749.8840695,48155083.2354146,10222528.5938705,14360865.0643541
FT_1.448_327.12395,MW_328.13123@RT_1.448,10-(4-Sulfophenyl) decanoic acid,C16 H24 O5 S,328.13123,327.12395,1.448,328.13444,NA,76.8,NA,No match,Invalid mass,No results,2,0,10369838.7172147,23131711.0705623,7659470.018505,30391226.3446134,13300633.402333,27846506.6068293,7098683.92080226,18327483.0145353,22833013.4216896,20476454.0006256,9626284.49666006,13630455.3142828,15686969.9838359,12632004.5520849,6472887.85528817,9548061.2055062,16449378.4845559,22491573.4967949,8053744.41455048,8799245.42156366,15912421.6206901,13080927.5227286,6667273.49610995,5557588.00645287,35860835.9011747,19853363.9006809,12692680.2948756,20366227.7699201,21214198.0700177,28226052.2910933,4447255.25510056,8467949.39717761
FT_1.099_327.12382,MW_328.13109@RT_1.099,NA,C19 H20 O5,328.13109,327.12382,1.099,328.13107,NA,NA,NA,Full match,No results,No results,0,0,4556754.52272041,5931085.8818995,3007364.15815839,4467095.37657541,3607429.92497901,7569148.05924768,5104266.89513483,9682946.52022285,10540041.6179794,6510867.95179615,6096311.18020557,5251110.7445232,8524854.79152442,7383524.52413541,4973467.81359806,2671074.20084943,6406429.41852828,8871165.88545005,7902897.41877352,8300616.81031002,8058578.7837445,7293479.14908811,3240057.59620047,4026515.9414772,10863931.4915999,10565793.7201566,7203761.93948782,8236732.75262171,4887335.2661658,7472755.12996234,3466480.29856006,5601759.88887627
FT_1.173_373.09320,MW_328.09494@RT_1.173,NA,C18 H16 O6,328.09494,373.0932,1.173,328.09469,NA,NA,NA,Full match,No results,No results,0,0,13066283.2178278,28455169.6273545,11395416.9353627,30767839.9826728,22232168.5423601,28690524.7859338,13669004.1258686,31405247.8504576,39467934.3175277,32445621.544655,19114172.8054227,18755468.7601015,29354157.4722431,30618849.915341,16049397.4378853,12755418.3672129,19249386.4735657,24638398.3142157,29562623.1556259,27628484.9750307,24404537.3371819,31521366.453545,12181053.8581639,13856510.8819692,34485844.384322,32982497.728121,18013022.4136269,22290781.2357857,25873281.6327787,25511651.4447255,10222937.0518095,21285378.7004522
FT_1.286_373.09303,MW_328.09482@RT_1.286,NA,C12 H17 N4 O5 P,328.09482,373.09303,1.286,328.09366,NA,NA,NA,Full match,No results,No results,0,0,90394849.865249,157924091.514333,59581345.5667496,201679590.907427,121062430.608788,186116033.384329,66194050.1365908,130091033.4304,159455229.622012,169275065.979458,89605354.1147538,101078661.294305,137423423.337262,177343198.527054,94330569.8417372,71109137.2815267,119819524.145665,152350231.031916,64737497.7400148,95773831.7722505,108605519.856839,164008606.839725,55092121.2258216,66707665.7998853,196282117.378465,179888981.169306,89415095.4324214,116404520.899669,147531054.889424,157445843.39399,60147886.6668264,111008753.75555
FT_1.268_325.18447,MW_326.19175@RT_1.268,4-Dodecylbenzenesulfonic acid,C18 H30 O3 S,326.19175,325.18447,1.268,326.19157,NA,99.7,NA,Full match,Full match,No results,2,0,26967977.6588747,16420213.705786,41475851.9736563,29678998.6680353,44839199.6908093,28709815.7263784,31451322.5503954,42827392.6589249,70136060.1134061,81772132.8126227,73059097.2490243,61729319.161824,88236952.9036345,33839853.5572897,48244491.1075024,52117327.9895127,123989042.926368,44124370.396385,156104540.41545,59871650.0821582,94412959.1715325,128378596.519432,112056703.406944,96813730.5534591,75500396.9020458,47406571.2629742,58716631.545826,25719173.3010336,34549757.5649514,48025329.6468541,16659778.4920871,32530180.1792529
FT_1.327_325.14472,MW_326.15198@RT_1.327,NA,C20 H22 O4,326.15198,325.14472,1.327,326.15181,NA,NA,NA,Full match,No results,No results,0,0,9072835.39597373,14632186.3834107,5907500.08417172,26681937.88418,10633471.6559523,24724881.3002991,5787051.3479477,11830554.1888019,12420516.707471,12698847.5903802,7988018.75755761,9619766.13515522,14199440.3703604,12406448.680652,4742417.98087369,7430719.39962945,15683323.6376926,13312506.3312127,6136991.45955139,8612076.13275774,8763998.06013978,7610712.30164085,4970375.24475766,4318428.20122808,19080007.3130893,12644898.2778008,7590075.22622088,17702208.1324319,15534025.8482528,27490375.4523794,4466975.12722588,7070240.74282734
FT_1.235_325.14473,MW_326.15197@RT_1.235,NA,C14 H23 N4 O3 P,326.15197,325.14473,1.235,326.15078,NA,NA,NA,Full match,No results,No results,0,0,5517986.49039386,13273595.7247868,6871468.2016163,21725582.3722604,9926132.78169895,22702114.6053325,16475939.3293364,11300808.6754057,17596881.5331018,18300359.8811962,10593131.3481692,8174907.00942752,11183539.3570421,20602117.6212334,8040085.46474769,6438581.26636748,10840326.189977,14369689.0868315,13054262.0527776,11129183.5493264,7934974.94670484,15652596.4842965,11949709.8001614,7499473.29278689,19959551.1574955,18173170.7288074,7170784.96584741,11674357.8909849,17619559.1213855,22440595.4590889,4932069.55498662,6927776.5428373
FT_1.569_325.09309,MW_326.10036@RT_1.569,NA,C9 H19 N4 O7 P,326.10036,325.09309,1.569,326.09914,NA,NA,NA,Full match,No results,No results,0,0,5817068.46722891,3362530.08338534,3005669.49998654,7996833.24475452,5417050.88498867,4933600.17198349,2266264.79296214,11283355.9659686,9979511.67856082,4828122.28594464,5157902.22195806,4442067.32105249,12599126.5117024,4994593.49392939,3190625.21189781,4201732.08215567,3708373.23337053,14549261.9445826,3132737.65964623,5042975.34437715,11204881.7914421,7920940.46449534,4062034.96189365,4348344.78847313,7196077.64974554,10960454.1863808,3325431.17382073,5752083.76988173,2700846.96293692,5266771.87908331,2101795.19641283,3024467.29837354
FT_1.105_325.07196,MW_326.07920@RT_1.105,NA,C18 H14 O6,326.0792,325.07196,1.105,326.07904,NA,NA,NA,Full match,No results,No results,0,0,6849069.22731232,14887050.1237219,7261690.74103196,12088596.1625293,10572591.1678314,8619880.85027842,8672789.71306705,11143038.8342857,13786618.4147137,8395455.57237922,9724741.07232696,8450432.02166871,10508247.0787202,7503452.86647224,8203491.79355022,6612222.3159704,7976551.58562499,12310624.0630722,10538412.1207781,12052941.1253413,12732065.3469187,12355344.1595737,5145161.85021734,6154304.26065583,10336794.2347027,14893475.4559415,9950255.3208348,11948740.5188651,9330240.79758015,8067933.78068149,3750113.4912844,9230186.3423737
FT_1.467_323.11389,MW_324.12116@RT_1.467,NA,C17 H24 O2 S2,324.12116,323.11389,1.467,324.12177,NA,NA,NA,Full match,No results,No results,0,0,8240888.11013535,10058061.3974728,3522262.90024392,7785952.31889332,10541625.7276416,10483902.8343404,2329091.86521097,14894096.3072068,10508399.8067541,4794308.12270897,8490575.20344839,12200666.6397481,10588529.6016647,6736827.5128137,2605368.39494285,7097104.77735561,10418014.1517306,8057943.57576882,9059517.63997573,5846865.40526233,10894898.9715201,5228477.70846135,2551067.93570929,3765914.73162572,20491508.5603907,8130315.21801721,6098284.25629187,12404937.9183906,3410227.00943526,13469341.531987,3550474.75201652,4212713.24839118
FT_1.665_323.11387,MW_324.12115@RT_1.665,NA,C16 H20 O7,324.12115,323.11387,1.665,324.1209,NA,NA,NA,Full match,No results,No results,0,0,7713551.19748513,18379336.427448,3656394.70574543,8994439.41574291,13498899.9982077,15793843.7613055,3000731.80548108,12160782.3764418,24739162.5624464,2775635.72015076,5416347.89988105,7162542.19659076,18760719.0828871,5819282.76499818,4542185.8663929,9044518.94948424,10418014.1517306,12137920.8840964,9059517.63997573,4223602.93139099,16154304.3270781,5093289.0938808,2995307.13692871,4454505.72206829,19703959.7829844,16507198.2181386,8358609.92035176,12404937.9183906,18784223.7196287,15113425.2785292,2522686.34756576,3773294.66284186
FT_1.731_323.07746,MW_324.08474@RT_1.731,NA,C15 H16 O8,324.08474,323.07746,1.731,324.08452,NA,NA,NA,Full match,No results,No results,0,0,3633241.56527369,11095394.6329733,3153049.79257421,12955978.3872236,6658468.05062543,12364618.6047066,3548809.97448814,10310261.161242,15515306.4525168,7411525.81956323,4033592.61803539,4502290.78933597,9471281.93378367,6769873.94795704,1876441.14930941,9339368.02298121,8118987.79388842,8762868.06375251,6595524.95896855,16567586.3630909,9911460.57627767,6516037.47447629,8429032.69628018,1830920.01767386,20501768.6411214,13582039.6415946,5425540.98776045,7823915.99514123,10992907.0020886,12843178.1540859,1273955.45789146,3199302.80575252
FT_1.623_323.07742,MW_324.08470@RT_1.623,NA,C15 H16 O8,324.0847,323.07742,1.623,324.08452,NA,NA,NA,Full match,No results,No results,0,0,11197084.1078483,13686669.7136868,6232811.79983676,25021497.1885571,11136460.0970787,21296959.9299614,5282721.42252567,19016152.5844423,21830249.1603505,13065156.7995399,13621129.1753901,10584148.8856069,16390024.4565502,13497188.767849,10805300.7698531,9339368.02298121,15611035.2942206,18209923.0304746,9855428.98555616,16567586.3630909,14543350.1305615,11154148.4228875,8429032.69628018,10405524.1455843,23914538.0402658,17784604.7718297,11585808.524296,12893172.2110775,14066306.2781997,19930816.1265438,7701645.52497932,10225702.1898713
FT_1.670_321.13415,MW_322.14182@RT_1.670,NA,C11 H23 N4 O5 P,322.14182,321.13415,1.67,322.14061,NA,NA,NA,Full match,No results,No results,0,0,3295721.01722783,5471755.34214185,3529313.21422084,9459251.10698014,4724832.29634644,8626247.03606449,5505290.57177746,6528774.77032089,5524463.9024891,5749435.85227733,3974864.21121757,3670145.93213261,6234000.91983838,4792553.51405982,2234884.60879502,3462172.63201629,5200260.93369006,4400733.33405353,3872980.34651243,4435648.80822177,3696845.31295998,4555055.67596716,4726810.89377832,2320222.74830194,12102837.6197916,6175954.15294355,3597311.94515804,4152752.24368574,4577653.48645398,8086535.89578205,1531856.78364154,2822628.03651865
FT_1.583_321.13449,MW_322.14177@RT_1.583,NA,C17 H22 O6,322.14177,321.13449,1.583,322.14164,NA,NA,NA,Full match,No results,No results,0,0,12118025.9939177,22315336.3478912,16688344.4994712,53042257.6949385,19888236.807392,46110004.1928339,7063830.19242841,28642424.7408995,29305433.2736113,29155985.9332356,17805997.572595,16984784.0704667,28987453.9105371,27319123.3007432,14436319.3942408,10715877.3531601,29788430.7160526,7976999.69702097,14628599.262841,20482015.7086143,12838468.7591684,21498025.3109735,9432341.73456413,6314154.23685427,36814154.6815788,27714671.5112849,13501938.2668191,18931901.1254541,21855500.7276047,45544449.4142081,9041216.05687425,14826962.1398927
FT_1.670_321.09817,MW_322.10549@RT_1.670,NA,C16 H18 O7,322.10549,321.09817,1.67,322.10525,NA,NA,NA,Full match,No results,No results,0,0,17438428.2614793,32333183.8902615,15677491.525727,44056016.2923516,22544425.5572937,43423697.19473,11499393.363792,36819275.6971371,35751506.4609166,28432312.7406507,16612614.1009029,21394498.0952862,30303424.6447507,28760562.8962491,13308473.8065105,14215714.3939864,25659618.7168783,30600606.6664801,21872489.0777181,22565540.5614634,21048339.8999484,23496295.1299254,10220272.8400045,14442811.8343186,43208767.8390519,31787763.7395265,19408093.7634721,23454253.2350401,29464756.219263,36106424.9092848,9922935.17513321,17359201.3658014
FT_1.268_321.09818,MW_322.10546@RT_1.268,NA,C16 H18 O7,322.10546,321.09818,1.268,322.10525,NA,NA,NA,Full match,No results,No results,0,0,12902991.0121234,36660063.8128858,19185427.9624749,38252524.5145652,25691179.7630172,39030453.7498696,7544600.53304945,14858504.2817704,22932926.9056503,22265050.1967643,9380503.16140458,14237788.4672606,31276017.464719,16641439.2955351,14772847.4051307,18124793.2706387,13869429.9203681,31759532.99339,9225024.41260728,26676537.1624056,12766620.1382035,16529517.8032766,8560056.40977529,18855014.4104361,21013816.3575596,25434329.604512,15034331.4861906,12593988.203273,30500902.2231985,16795218.4578384,14253605.232433,11274944.6293163
FT_1.384_321.09819,MW_322.10546@RT_1.384,NA,C16 H18 O7,322.10546,321.09819,1.384,322.10525,NA,NA,NA,Full match,No results,No results,0,0,12278472.0393598,22662875.4124881,9544297.31277091,24204958.0669017,14448647.7545625,27850174.6528735,6570399.87407446,20517409.253805,32549090.0998195,18227184.662899,17779040.9434874,19638222.3319076,23292731.6431636,18095163.3107399,10276838.0276465,14137606.6617559,17241598.3957959,18715269.9093567,11719575.5196516,15989951.5491218,21440660.7338059,14809476.9488684,5853130.07812503,9290693.42332881,38872692.5519049,31695957.4533359,19585359.0714738,25788364.3446619,23851807.8712374,36332961.7051035,8929211.94407281,17316453.8050273
FT_1.569_321.09815,MW_322.10543@RT_1.569,NA,C16 H18 O7,322.10543,321.09815,1.569,322.10525,NA,NA,NA,Full match,No results,No results,0,0,20327881.8178151,49985823.4528927,35319229.9859864,53550751.5192326,49356980.5206389,50468515.4640618,29098498.1346086,70176520.2308545,106945460.077618,49138598.5498084,39483845.0737958,41505069.9718586,77145917.2092466,72827773.5107061,29918013.8219232,25153132.4986998,49402695.865391,62264338.3102852,111985224.24149,43040904.8582699,56114402.5883098,40959247.1004574,24895063.3471074,37823311.5465587,103970720.927108,89643799.9228579,54028510.4069252,57280237.8202857,52877970.368032,23553547.8325802,14110304.7168685,31488168.3075228
FT_1.668_319.19177,MW_320.19907@RT_1.668,NA,C19 H28 O4,320.19907,319.19177,1.668,320.19876,NA,NA,NA,Full match,No results,No results,0,0,6117273.69269563,423595.415160146,4298390.41519602,1108101.98152749,2300453.29214906,939784.326424815,20738814.149403,628032.883179227,7158854.98742332,1349016.23635249,2082708.23263482,1080074.76798365,2805357.38648842,1642728.82028005,1412684.07197563,1410067.04119241,2799298.72284365,1786917.0560125,8447125.64965686,1379966.03063641,10822056.7591302,29137776.4855323,15226907.0844546,3135792.18874803,4540225.32867562,435064.689421481,1807693.58518358,623692.90898677,2954444.08107466,1371917.15955449,1517033.22161984,469783.848137945
FT_1.315_319.15528,MW_320.16256@RT_1.315,NA,C18 H24 O5,320.16256,319.15528,1.315,320.16237,NA,NA,NA,Full match,No results,No results,0,0,9870655.16341539,15515824.5557838,10944603.0418873,39858542.8347798,11125331.4450234,32564504.7103674,6920730.09804307,13734212.1207396,14921319.1017289,22344241.5288503,14696992.5856874,11951048.5068429,17419241.4623301,18298147.9815215,7867773.72047018,8466910.35045887,21362026.2312936,14135199.2471943,8423992.46515958,14437514.6342789,12476998.5344834,11243684.1497989,7195611.79789299,5820407.50082589,29555285.3592341,19026132.8077331,11014655.0133722,14375143.9313916,15230537.6665206,28961110.0106416,6296767.35443638,10119760.3203201
FT_1.246_319.15525,MW_320.16253@RT_1.246,NA,C18 H24 O5,320.16253,319.15525,1.246,320.16237,NA,NA,NA,Full match,No results,No results,0,0,7302581.10283368,9945009.18371157,5978657.73192521,25917665.6830041,8587087.36697872,21947165.9327019,6487924.04132707,16724607.418441,12163728.4503109,15000063.5948627,11175154.1733938,7792586.89720514,13639303.9684589,13986579.0638701,4915845.5390923,7278688.52809527,12909776.8300699,11003586.1228659,7100366.35181315,14257887.5599795,8608887.6013785,8827848.16975067,4991535.53583287,5637155.49293384,20662921.4872949,14533913.2587851,8688512.53160777,14771750.8866033,13530763.7634929,24793992.8731465,4850163.1724032,7844517.45830955
FT_1.341_319.11885,MW_320.12617@RT_1.341,NA,C17 H20 O6,320.12617,319.11885,1.341,320.12599,NA,NA,NA,Full match,No results,No results,0,0,7090760.87910629,22434348.0531642,5220547.20257555,21831807.8737547,17095955.8039947,29895913.7039337,25311902.3045218,8631855.03889703,20685334.4726575,5686003.63109481,11686041.6052192,10592222.292664,22729710.6580113,6325475.19452565,7510678.22816597,6038920.66442243,21499284.6000984,26756951.7622745,4825252.79240611,12203917.119431,6694293.71401975,31847604.7953499,8964847.38648321,4207949.40406876,30830861.6132001,8860942.95674945,2989392.66200008,14686813.4818489,12120459.0968075,28411448.4495722,2725090.92556604,8689339.52866197
FT_1.669_319.11869,MW_320.12607@RT_1.669,NA,C11 H21 N4 O5 P,320.12607,319.11869,1.669,320.12496,NA,NA,NA,Full match,No results,No results,0,0,4327844.06786643,10354259.4392234,4429144.09604912,12968918.3928515,7541397.66369127,18507732.6096186,4750316.06508891,7977638.33704681,9287535.77151634,7727750.60362737,4823756.66666993,5095156.14726735,10816128.699412,7213313.18440255,4773753.49856552,5187437.11865489,8670082.4702654,9290041.65662643,5229518.13743606,5915055.61996202,7928370.95637713,5886086.80251597,3861914.47669283,3409599.74618084,12891579.4689614,11835100.6597993,5992365.59706305,6969320.28244063,8996430.50320505,17280568.5871379,2916379.30995225,3968843.7409042
FT_1.296_319.08281,MW_320.09009@RT_1.296,NA,C16 H16 O7,320.09009,319.08281,1.296,320.0896,NA,NA,NA,Full match,No results,No results,0,0,8833873.19123844,6386024.96381398,11112110.6372595,24573462.9482834,18631279.4319857,14436961.3074791,8166351.88578655,20139936.1830419,6562516.75662531,22265050.1967643,10925237.2738384,14237788.4672606,11749542.9189553,16641439.2955351,9244096.74795311,8395165.66533941,13869429.9203681,19856416.9462169,9225024.41260728,13075622.669332,12766620.1382035,16529517.8032766,5872821.41475002,8925510.43308268,38946269.265372,15239963.5499772,3966649.91126146,12059456.4448574,11944747.916258,16795218.4578384,8015853.30520085,12413371.0890326
FT_1.671_319.08282,MW_320.09001@RT_1.671,NA,C10 H17 N4 O6 P,320.09001,319.08282,1.671,320.08857,NA,NA,NA,Full match,No results,No results,0,0,4735797.20745391,13415098.2111644,7411085.49161417,8420656.17674817,6268205.50964242,18946271.3341259,3840348.22868116,12894774.0014223,9804642.71094979,8745403.51498255,5081894.50566219,7175447.17838476,9379337.57942754,6841611.46385036,2955375.98935898,3753599.75507994,8463557.81519772,13096492.6087056,5812327.22854083,6766602.00238041,14091605.8898858,7858332.83933252,4970227.66225993,5310621.95659094,27046464.6207456,13917190.6678062,4030257.8514783,10622336.9878378,5596081.08703402,4085835.70690312,2698552.36470323,2975748.75062818
FT_1.707_319.05735,MW_320.06462@RT_1.707,NA,C14 H12 N2 O7,320.06462,319.05735,1.707,320.06445,NA,NA,NA,Full match,No results,No results,0,0,5974665.45332974,5752455.10707629,25872731.9710308,44421857.248988,14347357.2850444,37160703.3009617,13180263.9501771,18155813.5585256,25595197.0178289,26803329.1087666,46890311.0639324,18295411.2605448,28252078.8280615,35666314.1927736,49700626.3589159,6856152.62295705,30289184.7610305,16360047.0100037,28909247.0512396,26481740.8404887,10222742.1242378,30969240.4755319,10086627.8345945,15091304.7878916,32483804.3914838,30480918.6756706,49940800.9075002,20876464.3744466,55776007.166513,62686941.4477384,12736202.4623401,30005088.4359881
FT_2.039_319.05733,MW_320.06461@RT_2.039,NA,C14 H12 N2 O7,320.06461,319.05733,2.039,320.06445,NA,NA,NA,Full match,No results,No results,0,0,1916908.5027807,1687647.61691174,5895730.4884966,15699767.9206282,4896293.22322469,14016155.171344,4738564.22440778,6294341.41355096,10272393.0067342,9086455.2564942,14516820.7290815,6445374.35479724,10082136.6507871,12196544.5548196,13890058.1263563,1986132.42857212,10185748.2508776,5174971.89593692,8592576.41074966,8842317.50954182,3131219.88945074,12103257.7612587,3144340.84380055,3952762.83433348,11607693.5355417,9608013.0391874,15819999.3385427,6990949.05720401,18666849.0568458,24713349.1797017,3625717.49922221,9483794.20695884
FT_2.553_318.95531,MW_319.96259@RT_2.553,NA,C5 H10 N2 O8 P2 S,319.96259,318.95531,2.553,319.96331,NA,NA,NA,Full match,No results,No results,0,0,2101828.07198843,5500942.0246123,2060881.34963896,7355360.06948521,2836924.50658541,8606811.91602044,1009709.88998135,4180783.76647318,6512477.26584464,5508776.75145255,2272154.82510408,2955866.14927464,5172789.96372925,4864937.67847608,2104473.45133041,1897242.08395363,4080493.31050072,6371653.9891839,3740850.49937365,3261439.38441025,4126635.95433591,3595939.54600349,1575748.23632687,1479719.3011186,8463361.33448838,5732571.72390315,2357364.26057652,3404739.23804589,4795486.77509514,4444831.30850597,913361.533670861,1658835.34721448
FT_2.709_318.95529,MW_319.96257@RT_2.709,NA,C16 H5 N2 P S2,319.96257,318.95529,2.709,319.96318,NA,NA,NA,Full match,No results,No results,0,0,2934594.01887253,7981716.34962566,2380729.31470244,11258221.8200724,5182593.68625527,8465921.85094957,2197740.84062182,5891760.83995906,9436825.00170208,4890190.2129165,2746344.14393784,3127597.28618562,6537643.17601556,5851399.79334199,2104473.45133041,1805099.99807014,5093756.69713955,7290219.80550283,3852077.45850983,3932345.92184776,5063466.42180591,5204942.24850044,1508699.51430203,1925709.70838872,3746116.0099115702,8151996.81743819,2763361.2968705,4039603.49815549,6012124.94653087,8202463.84227339,1233287.70100254,2439622.48709106
FT_1.145_363.21795,MW_318.21972@RT_1.145,NA,C20 H30 O3,318.21972,363.21795,1.145,318.21949,NA,NA,NA,Full match,No results,No results,0,0,1896954.60002704,519221.004969995,7023731.37560392,709196.205949541,392856.605442202,613795.534090472,63225413.7894941,665101.859089196,595581.38502988,445746.289667204,2929458.85914099,361995.584597165,1510269.761901,543750.024801482,838155.860451655,1707900.0450163,438746.233014022,492182.953772517,23299897.393728,485345.765233019,1898592.47447983,1370068.19613858,51628673.775222,1169714.23367842,828413.424738095,741545.555560755,1920318.9647027,508577.211816449,543586.447025644,806495.801070509,3276402.5830075,420364.958956731
FT_1.193_317.17604,MW_318.18348@RT_1.193,NA,C12 H26 N6 O2 S,318.18348,317.17604,1.193,318.18379,NA,NA,NA,Full match,No results,No results,0,0,2025111.4164274,4085490.09035053,7964288.7670261,2093341.55368233,2269668.50136565,2400986.34781237,18776371.5512786,4769786.23489477,3828190.80108378,2271724.66094532,1719818.11012796,3045238.44441231,6311551.09212176,2607475.2411523,2595363.63058354,1847965.36905685,1157422.16660045,2574185.86037454,4251856.71343298,2546190.9442437,7782587.65864572,5322119.28113689,10578619.797898,3250083.95574661,22386498.2418022,4275916.04180695,2970377.14068629,1996301.77378554,4114808.47721889,4152210.05184378,2016467.09653375,2109441.08942223
FT_1.165_317.13977,MW_318.14693@RT_1.165,NA,C11 H22 N6 O3 S,318.14693,317.13977,1.165,318.14741,NA,NA,NA,Full match,No results,No results,0,0,10570175.5405681,13558421.3874597,14732555.6537349,10221104.8519753,5352029.27561603,10568038.5595591,14272220.9392508,24786080.4594986,6748407.82284341,22535009.8142984,7622468.8569795,4403882.69088342,26082033.4497079,8555442.04192848,3417609.36707165,2731013.45090661,4244447.05610251,24618014.8392415,10482284.6708426,4061955.96139365,3790755.63844175,6737874.10669318,9701904.27320098,14930232.9087543,9405201.76333228,29327269.0641042,15750455.0568161,10599151.5269425,14449034.2934266,12647387.7386057,3651088.06983381,13025411.8210422
FT_1.665_317.10293,MW_318.11054@RT_1.665,NA,C10 H18 N6 O4 S,318.11054,317.10293,1.665,318.11102,NA,NA,NA,Full match,No results,No results,0,0,4327844.06786643,8890698.86250495,4429144.09604912,14837738.1550382,7288880.97488315,9144313.73365469,4750316.06508891,10254928.1338044,12459727.9675128,7727750.60362737,4823756.66666993,5374171.27705179,7860126.85269774,7735994.0736574,3014289.54787034,4229108.17877983,6372501.63533798,7241639.96403371,5015164.74438012,6308335.11740128,7928370.95637713,5886086.80251597,3861914.47669283,3409599.74618084,12891579.4689614,7271328.77486084,5992365.59706305,6969320.28244063,7700553.12661956,14546645.947516,2916379.30995225,2913737.86192646
FT_12.351_317.05494,MW_318.06222@RT_12.351,"[Similar to: 3-(2,3-dihydro-1,4-benzodioxin-6-ylamino)-2-[3-(trifluoromethyl)benzoyl]acrylonitrile; ΔMass: -56.0256 Da]",C10 H14 N4 O6 S,318.06222,317.05494,12.351,318.0634,NA,NA,NA,Full match,Invalid mass,No results,1,0,1363439.89229336,2493857.93073978,10370390.7912928,13492298.8333275,3638270.05972124,7540300.9951185,2135083.2415405,3870052.68832892,2063735.19036886,3317328.84973119,2630372.33476384,690161.599625495,3029084.64311095,2147211.16186357,1816650.29895181,1101546.27764952,2069573.02090034,3569947.54221581,1858121.91839552,1118757.78863042,2298651.28911601,5217582.77256465,3305542.75324682,1056369.63545817,7926145.32132736,2506675.35612322,3853015.06737217,1817599.63965338,4931446.97156568,17806895.3496041,1108608.02411577,1766765.58155669
FT_8.843_316.94801,MW_317.95529@RT_8.843,methadone-d9,C21 H18 [2]H9 N O,317.95529,316.94801,8.843,318.26576,NA,99.4,NA,No match,Invalid mass,No results,1,0,53897516.0078957,38078313.3026474,39433132.6938108,37503118.8219167,53189947.419949,37204864.6574602,54036666.8698382,38952831.916869,45669979.7382069,32150108.3274693,40869811.6362663,42827941.5319533,46448353.8450946,29396174.1490149,32356283.0286183,43178263.0684386,44030894.8037065,37088928.1229626,39530868.5208521,40727204.0770665,41214456.7503329,38785158.6612396,47204103.2162488,33902986.4183671,33151097.4311633,32491425.8077382,37116518.059031,31613140.5866907,34565806.2759419,34274215.0258986,21465573.7248656,35172205.9841296
FT_6.809_315.85469,MW_316.86196@RT_6.809,NA,C6 H Cl2 N O6 S2,316.86196,315.85469,6.809,316.86223,NA,NA,NA,Full match,No results,No results,0,0,4486819.57070479,2806910.94831904,3396148.99240009,5510519.49123702,4008124.58234101,3524269.55910835,5551706.75378822,5735286.75490127,5301233.95462614,3704971.64379178,5743985.29676761,5459974.8695836,6335336.64710251,5600733.70440756,2344803.74630702,3185528.79018114,1890245.66853061,2338277.9349561,4061538.57368141,6163762.49361616,5584553.94687373,2746809.8297853,4395172.28945345,6133064.35169121,3836453.83910047,4726777.1876252,2369334.56288322,2506940.56421668,2652617.25340646,5886965.84786964,1571426.28364119,3214427.26010492
FT_1.359_315.16031,MW_316.16764@RT_1.359,"(2'R,3R,4'R,4a'R,5S,8a'S)-5-(3-Furyl)-4'-hydroxy-4a',5'-bis(hydroxymethyl)-2'-methyl-3',4,4',4a',5,7',8',8a'-octahydro-2'H-spiro[furan-3,1'-naphthalen]-2-one",C20 H26 O6,316.16764,315.16031,1.359,362.17294,NA,70.1,NA,No match,Invalid mass,No results,1,0,3480216.15953344,16388679.8291537,2213797.30981375,14450738.8025097,13199855.6746156,9571943.32592705,14364844.6361725,10474619.0353579,18970282.1763411,13489870.2141342,6497178.72509148,7180157.76926544,17181170.8350167,15671183.5926013,4228089.67230325,8066163.44562095,12539525.5978913,11494588.3930122,5904401.19223885,13651124.6721392,15098761.6010605,15856387.953142,19170164.3201701,3274668.42372499,12529181.3692387,13751091.7244953,6073988.44463899,10477577.9845396,8409499.94366795,16889189.8810349,2642662.64604105,7019849.89670231
FT_10.894_315.13125,MW_316.13853@RT_10.894,NA,C12 H20 N4 O6,316.13853,315.13125,10.894,316.13828,NA,NA,NA,Full match,No results,No results,0,0,1385766.43386621,1409613.75110444,3448189.40323261,6863669.58608864,4035085.99811083,6018074.56199991,2581091.61992073,2603457.99761973,473661.256633583,757920.844254994,486911.552713456,195384.668502053,328705.35411932,394240.267240922,245222.212958287,150766.918762651,343705.572637832,319060.071401779,265820.744899799,145780.412859705,343378.487265212,413351.284035303,175976.046171201,123849.454018289,1448203.03313719,248982.769809315,587687.556023037,314612.170823734,2707714.30788383,7680202.55695649,515327.914201228,1467735.42929697
FT_1.168_315.12420,MW_316.13143@RT_1.168,NA,C11 H20 N6 O3 S,316.13143,315.1242,1.168,316.13176,NA,NA,NA,Full match,No results,No results,0,0,655262.337007051,23107383.4724325,7037798.45945551,8725885.21602502,18476349.8439421,15605373.5738231,14272220.9392508,16874077.8096052,13710030.50472,9913693.25217479,11328674.5346967,8106960.33994151,24171042.9256705,14477158.6243079,10924789.7309519,11523225.9846895,9506426.80393516,8065142.87260137,16260078.5093338,13541459.4196662,20456803.9843963,11840177.117793,21556968.1595383,13638962.9695318,17328450.4493221,9636512.85871521,8175643.02266331,10121169.6806222,5273149.26932337,22163276.92855,2465096.73355538,8548605.69682872
FT_1.978_315.10881,MW_316.11608@RT_1.978,NA,C15 H24 O3 S2,316.11608,315.10881,1.978,316.11669,NA,NA,NA,Full match,No results,No results,0,0,419414.976690218,3269177.35896261,538988.782709497,3968021.4736394,1714611.19395309,3925308.98299767,529811.816789116,3719782.73471481,4256321.42620539,1928664.31669245,600252.331062848,852191.333943746,2444839.85374663,1601177.10887863,286914.116512954,388565.99984761,1520601.65244731,3859343.75178242,985174.089872055,1063189.50259268,2021326.72609829,1503654.09450195,348408.744468624,318985.917602794,5736800.14595956,4733299.94415026,1170177.15674976,1138064.01701467,2046620.19850533,4783469.27565491,66703.5680034403,523793.494313152
FT_1.195_315.08770,MW_316.09503@RT_1.195,NA,C17 H16 O6,316.09503,315.0877,1.195,316.09469,NA,NA,NA,Full match,No results,No results,0,0,9193190.83676208,27150656.4841327,8356124.10266828,26179429.6210288,21607037.8100596,31239088.5134788,22271962.7888778,13910389.4689818,30099860.118442,20180769.7914722,9567035.61853417,18045190.6761191,14077015.3511617,4972429.87005701,22233043.4146794,15930361.4819937,33621134.2416612,19477579.5803268,20032541.205453,10976636.5103491,14512058.218389,19715223.5327258,12300038.1657436,8654867.3977442,21957506.9291123,28266162.7923939,10659175.5431684,22523190.6646707,25548750.1732584,24556005.7425221,4857054.59150337,10823478.3922439
FT_14.974_314.86449,MW_315.87176@RT_14.974,NA,C2 H N6 O3 P S4,315.87176,314.86449,14.974,315.87306,NA,NA,NA,Full match,No results,No results,0,0,7934052.70487753,3039716.71763128,6424522.48236598,9521377.81354586,10459206.5269959,12414920.9688309,5323134.72756726,8313929.16281258,16545850.3103904,7391408.65394214,5470856.99423276,7191528.94440927,6983182.74825186,10832978.5822655,3921180.53997774,10123008.5011376,6513437.39036878,2846753.71750087,2517824.10126129,2364429.60102326,6511026.18282232,10166949.7468903,7085179.76112494,4024568.28571995,3875556.04897392,2900907.1732221,4068305.50924084,3487551.00903356,4371275.31200368,12812997.139215,1590454.84446294,3410860.06931734
FT_1.191_313.23881,MW_314.24609@RT_1.191,NA,C18 H34 O4,314.24609,313.23881,1.191,314.24571,NA,NA,NA,Full match,No results,No results,0,0,6451185.88546873,8515770.49947015,8986521.88936149,11308610.6449869,13675448.2652285,8173262.13373003,13664166.5270464,11134607.107568,10561054.6619826,13873332.7197719,18141273.9245553,7809787.43836061,16289750.9245439,11932148.4319545,10973828.125838,7651155.5691792,8401853.78578261,5866004.8079344,23015072.5335769,7892479.28050285,14250572.1922795,12737403.7313256,17531920.750424,3118369.34818961,17199800.2205739,6588847.5795803,14349927.1105609,11751153.4100129,11283226.8369631,12901862.0758036,3514140.39663151,6550672.30398371
FT_1.285_313.23864,MW_314.24592@RT_1.285,NP-008993,C18 H34 O4,314.24592,313.23864,1.285,314.24571,NA,94.2,NA,Full match,Full match,No results,5,0,6451185.88546873,8515770.49947015,15658225.8756199,4170450.04195611,15924483.3533446,5293141.6829041,52157222.5961497,8730162.33990288,34285536.8585791,24282216.7087502,45641756.5377168,29495504.0359255,22827661.1479912,23523653.443584,28287574.0690678,27799923.0919792,47619131.5273214,27138059.2232757,56856433.5516646,43260093.3194432,40622199.531551,36039482.5903498,65081108.0052081,26441366.4287469,9278797.00171973,8929065.856717,30571898.3068578,14286676.0273845,11642260.0428234,16127168.1530558,11203403.8166693,32202111.2681459
FT_1.207_313.18107,MW_314.18840@RT_1.207,Aldosterone,C21 H28 O5,314.1884,313.18107,1.207,360.19367,NA,82.6,NA,No match,Invalid mass,No results,2,0,5790532.68265601,7192499.0862805,9206637.38291569,34386295.368863,15900903.8525733,33564498.1157885,8780600.2330709,26712967.2350477,20542973.5021969,18706315.0639387,10075581.1699327,14014199.9007592,30230220.3843042,21599132.0635499,8072143.76939849,10982854.1826367,20318435.9913424,17181721.2970588,3693339.6225164,9438506.47606935,12154740.4958504,3420152.80600478,8582007.32963618,4434930.55883938,18123686.5427346,9060333.62236889,10535645.5927207,17515287.7384698,10367652.2655855,32634516.5310857,3952374.96716884,15334846.5257246
FT_1.098_313.14510,MW_314.15229@RT_1.098,NA,C19 H22 O4,314.15229,313.1451,1.098,314.15181,NA,NA,NA,Full match,No results,No results,0,0,2349638.8509419,4990204.8485324,6329915.53941551,4618336.29910459,5689463.40869744,7272360.08391055,4076101.0416236,6061465.6884415,7269411.34497807,5512140.33811473,3774257.77508941,7487861.20515068,6541502.79139895,4818560.94141854,3603472.4652984,2789528.30887856,7163811.98206025,5515088.63499821,10183136.2001385,4914981.85094948,4186370.41456058,3426915.09493186,8851269.03424681,2878123.51850411,6431349.28854499,6335249.86161233,4992667.98094942,5371517.5619185,5998111.65529436,6786885.52238488,2659619.244492,3508563.68145483
FT_1.354_313.14494,MW_314.15208@RT_1.354,NA,C19 H22 O4,314.15208,313.14494,1.354,314.15181,NA,NA,NA,Full match,No results,No results,0,0,3480216.15953344,10552957.7207866,6727082.4114264,13986823.8666585,3793776.44803074,12647313.4986785,3512849.65421444,4104797.05692035,6570510.61869365,7341345.84813902,2493423.00473674,5363021.07572526,7505874.07042549,3914043.13344572,8574421.39637582,2910722.0546334,7034465.94425893,7767893.32102046,6302629.45467877,5146365.39414499,6213989.9337695,4914511.93266829,9335244.59599655,8121566.62003096,8306066.45503359,16191771.8489238,2641390.35901642,6588889.8539818,6749643.51139909,7388254.53813715,3289336.68057022,5691864.87772428
FT_1.168_313.10804,MW_314.11579@RT_1.168,NA,C18 H18 O5,314.11579,313.10804,1.168,314.11542,NA,NA,NA,Full match,No results,No results,0,0,7275132.07479965,22615277.6724627,7299565.49468341,12733839.9702087,17293520.4881036,15605373.5738231,11513795.6860312,7773147.043811,4512905.95610134,4280280.46592399,4455920.7603026,12429640.0898537,7412583.51340211,2223027.45164236,6103766.55561941,6725361.9334925,9506426.80393516,4968632.33294755,15198561.90503,11319007.5844642,5416737.39353672,11840177.117793,7455763.76587401,7744372.80486798,11281268.7715478,8261363.18376052,4581622.99240057,16808249.1585267,4934530.65702396,7434614.4306528,5662584.26560314,13795131.2618882
FT_1.654_313.09314,MW_314.10041@RT_1.654,NA,C8 H19 N4 O7 P,314.10041,313.09314,1.654,314.09914,NA,NA,NA,Full match,No results,No results,0,0,3407847.23533724,4734019.65343077,2486348.56925039,4536779.85108718,2948737.59495262,6565662.95895582,1208173.87074183,8774034.48009327,5187536.97407228,5027352.4211464,3334848.08369329,3294462.25397052,4796540.70494051,5711684.40334276,1942748.57665319,3413162.31476359,4895741.58836373,4661352.25785284,1386669.73457489,2684788.10671415,3816085.07560487,3165534.45375131,1551246.8642405,1818294.86590502,7245182.48664033,4091437.62226198,5829766.78585179,2996932.6485995,4545625.27325739,6665280.28747597,1632094.65150824,2186690.60439732
FT_3.883_312.09517,MW_313.10244@RT_3.883,NA,C11 H15 N5 O6,313.10244,312.09517,3.883,313.10223,NA,NA,NA,Full match,No results,No results,0,0,4001179.27414711,5288523.84595273,6329309.88282564,10828975.2638654,7043533.28060516,5453004.97959339,8868389.91682627,4565878.91782196,7924203.19189877,7062522.19228869,3382885.83141083,4638256.1273702,5434723.38620334,5184211.59014961,5046285.77868015,4014598.9617633,5764539.61509383,9413548.5286742,8335654.9751493,4094954.87342974,6492503.12215725,5954549.12642895,7260890.96798644,4558180.87333869,9017183.84343456,6235841.1968636,8082537.6318764,3321547.31511035,13914912.3103082,13299064.285318,4393964.1373863,7676928.02499808
FT_1.190_311.22297,MW_312.23024@RT_1.190,(±)9-HpODE,C18 H32 O4,312.23024,311.22297,1.19,312.23006,NA,91,NA,Full match,Full match,No results,2,0,4880490.48102584,5329069.11902265,21009956.4246628,4735476.43216813,19626581.8958613,7963003.83387207,41791303.836439,20197464.3262865,13064023.5968462,6246200.89810947,33865206.5374359,16547058.4192568,14773929.5798452,9850004.92420102,11088768.0926682,15534107.9998565,19825275.4882409,9515879.25246463,25781429.440764,12701057.6435917,22877200.8348119,28956082.1369376,42135833.0578238,11734140.4406333,10849684.1522303,5895252.70718346,15860968.6820781,14843229.7560915,15130637.964514,10169716.4156755,8451894.33088746,9229996.85984323
FT_1.287_311.22294,MW_312.23021@RT_1.287,(±)9-HpODE,C18 H32 O4,312.23021,311.22294,1.287,312.23006,NA,73.4,NA,Not the top hit,Full match,No results,1,0,6451185.88546873,8515770.49947015,15109019.0119953,4170450.04195611,15924483.3533446,5293141.6829041,17062880.7408748,8730162.33990288,36431114.0868213,23628530.9908041,42886671.690347,29495504.0359255,22827661.1479912,26846855.176641,28722869.4383557,29291181.4772002,45698548.2824886,25629235.0350934,16688458.4559453,13627742.8180947,40375855.4306546,39191387.8707068,62225951.9082374,22927553.4739801,9278797.00171973,8929065.856717,28577260.6556178,16856226.6725146,11642260.0428234,16127168.1530558,11203403.8166693,30341416.171501
FT_1.290_311.16868,MW_312.17596@RT_1.290,NA,C17 H28 O3 S,312.17596,311.16868,1.29,312.17592,NA,NA,NA,Full match,No results,No results,0,0,36473671.6774563,15827599.2149613,54554764.5597686,46326768.5038765,59163304.335629,20316546.5624185,29213744.0303505,46668177.7361874,86576877.8515587,105065064.700256,93856769.3359032,78894336.4251159,107281425.172957,28564444.4210206,54378945.1320904,58990674.1871091,148265717.130933,62102968.0045883,183643465.81017601,69405108.8762764,116967492.153731,162603245.322973,131194122.911739,121647824.205883,93269439.3840849,55577734.9361133,73778220.4282565,29505743.7487337,47249520.7816301,57337541.3355289,20568701.7367948,33676777.2355899
FT_1.387_357.13457,MW_312.13633@RT_1.387,NP-003433,C20 H22 O6,312.13633,357.13457,1.387,358.14164,NA,66.8,NA,No match,Invalid mass,No results,1,0,14282699.5985717,31818471.4894534,12452095.4584872,40437283.2774202,17123151.9142639,33707674.1710676,25185608.6905045,31625999.1977036,43680627.6239804,26866820.2245114,13925826.5120079,20562985.1316636,30161912.7715186,24201059.3455808,12311444.3465553,14124019.4954993,26179394.8274399,31544599.210979,26194395.253044,24072367.6357547,24214993.7416176,16333889.9820959,12350027.1477232,11588136.5397253,48679792.3085284,40423228.2928486,25469215.3503032,27616831.232543,31900346.0775757,31263736.2353511,10573361.0423947,13791821.4056533
FT_1.297_311.11391,MW_312.12119@RT_1.297,NA,C16 H16 N4 O3,312.12119,311.11391,1.297,312.12224,NA,NA,NA,Full match,No results,No results,0,0,13382345.1384789,14895272.9634033,9624575.36139093,34049285.0576615,16091019.1390111,36176966.4352682,5330431.27929597,25047790.4324922,24646615.5537063,19504849.0573593,11747158.0110021,11679678.1387922,24478936.6828042,26756319.9028627,8357583.26508352,9347252.853626,21506007.5276704,20510350.1802657,9125770.25439103,19444828.8678676,16666620.0969022,11417150.3622568,9349639.01204608,8379512.25639835,29857840.150778,24866620.1867075,11692813.071261,17958960.9792407,17375141.5255413,28236381.105974,7202889.99143614,10867269.4237194
FT_1.665_311.11389,MW_312.12117@RT_1.665,NA,C19 H22 P2,312.12117,311.11389,1.665,312.11967,NA,NA,NA,Full match,No results,No results,0,0,8332169.33839868,10644980.2991943,6814495.30655487,17341509.0864113,10121146.7126946,19310423.3977166,5729262.90089845,14634249.2123075,13247710.6119857,9143231.65377127,8189370.77312568,6849937.34671988,13979167.1606437,7557987.73374467,5551069.23253647,7302038.02037951,10252633.8163602,12281111.7142302,5807953.10887139,7038285.54727809,10617688.2265365,2819411.76067458,5148659.75127127,3338461.14630884,18021161.2916528,11372255.2845429,9151019.93365869,8755436.86809222,10219106.1449025,21191479.2224257,3912511.26331463,6949598.82858744
FT_2.028_311.11385,MW_312.12113@RT_2.028,NA,C15 H20 O7,312.12113,311.11385,2.028,312.1209,NA,NA,NA,Full match,No results,No results,0,0,3819308.64603143,11385235.3761271,2354285.38601571,13537589.7210868,6398694.2998315,13324795.7916745,2949863.47303359,9624341.08046484,13344997.2161611,7600481.77567749,3501990.89984757,4782627.02999955,8277175.71585387,7072640.45169906,3182080.4246659,2849084.79636112,7738493.33226019,10323490.8062579,5507733.89964869,4706745.7298105,9281590.15202265,7375850.19472988,2336137.18208839,2455386.82970072,19563985.3135953,12173616.8292342,5080998.53421666,5416973.1133706,8302223.81123038,13610190.564098,1854215.71960261,3537211.98986736
FT_1.682_311.07737,MW_312.08464@RT_1.682,NA,C15 H20 O3 S2,312.08464,311.07737,1.682,312.08539,NA,NA,NA,Full match,No results,No results,0,0,5767998.73231775,12788161.1876236,5398543.17835752,21934955.5689853,6196526.26179231,19679177.9632733,1754676.78938791,15172354.0064955,16630209.6240528,6585175.92242336,5561054.2727214,6301549.48499679,10384074.4803355,12557636.0470366,3904253.88607355,4442736.284028,6494520.60768645,11719175.7267765,7432189.04780602,6120160.15257301,7962263.65357316,6717837.91365688,3004206.29105499,3703132.76516972,19671798.1270729,7276787.03079868,6609862.45076437,5582892.07384271,9838893.35417677,15729111.8803709,3344833.34824209,5339129.76927533
FT_1.124_357.06182,MW_312.06359@RT_1.124,NA,C18 H8 N4 O2,312.06359,357.06182,1.124,312.06473,NA,NA,NA,Full match,No results,No results,0,0,13795338.3784249,36355101.945269,13784938.0434079,49993170.9313374,31429328.927913,42723915.0333338,19426012.0278003,34915020.2340366,57310703.7089858,45677769.8926632,27924803.6252476,15114360.6870897,29045402.7611366,17227508.0226189,8889372.86081921,13376993.2570508,23755371.1550711,33922534.0164846,26337340.0965776,39539055.9090609,32614235.3962958,61248727.7221966,23112902.3014424,14886316.4812354,50127288.5520048,53631061.9659783,29635723.6291233,32609260.8915743,42546080.4266094,33803956.0339938,15696721.3837417,27903142.3985256
FT_3.967_357.05539,MW_312.05715@RT_3.967,NA,C14 H17 O4 P S,312.05715,357.05539,3.967,312.05852,NA,NA,NA,Full match,No results,No results,0,0,1156566.9548964,2393629.12199431,7575775.71059565,8264630.04555592,3604218.20221215,5951096.71634114,5474735.82906317,4576972.1624137,2755709.12525544,2049720.70427446,3005846.17596353,1213422.72420075,2447598.43491281,2483827.61818598,2500300.66632319,1486565.29877587,2256445.5681071,2633837.07720672,1398777.20513022,1287181.63267418,2443838.39890318,3926043.69432293,2447779.85615925,772233.912902945,3847441.92988557,1508155.00371141,2871742.96231021,2430283.38876506,7041217.91541864,10589479.3685413,1017172.33353833,3620759.17419971
FT_1.551_309.13447,MW_310.14175@RT_1.551,NA,C16 H22 O6,310.14175,309.13447,1.551,310.14164,NA,NA,NA,Full match,No results,No results,0,0,63240352.3747058,137052262.746573,52827664.3226747,155945680.360994,86159398.9822838,133162455.006111,56792320.6928739,126806603.79863,142314546.105079,87690561.1305666,57149768.7222745,62328731.9193667,138534551.8783,99375736.5335022,44706055.5787749,40474229.9977107,99275976.5338221,131970190.573698,136919630.170924,80813580.7101121,104657856.564871,85068376.3992467,51228248.2048846,66236203.4616548,182786803.809259,168593153.601194,76836358.4662921,84118256.7720473,119002937.093985,123736645.47473,28620487.0206851,59355526.322071
FT_1.284_309.09815,MW_310.10543@RT_1.284,NA,C12 H10 N10 O,310.10543,309.09815,1.284,310.1039,NA,NA,NA,Full match,No results,No results,0,0,11418268.952926,18154835.6746774,16587623.3710573,38882443.5935496,16646784.3799211,7276620.43107244,5330431.27929597,48052738.6828904,43645816.5600413,25757799.3314464,11136906.9357469,18618425.0799427,25912876.7432012,26113677.6873666,10067579.1744801,9347252.853626,16986364.4296437,20348500.7069317,7969531.60601644,15497608.8895942,17139586.2227805,11197401.8155569,15341344.8409791,15794772.0076524,35843889.4053921,34399914.3932218,11558430.5961328,16479311.3676745,28604720.9086177,28236381.105974,7495667.21134821,10867269.4237194
FT_1.442_309.09816,MW_310.10543@RT_1.442,NA,C15 H18 O7,310.10543,309.09816,1.442,310.10525,NA,NA,NA,Full match,No results,No results,0,0,5334266.79079341,8917492.33863531,5693650.99351341,13987766.3934471,7816067.68979123,14995463.0517641,2973881.25474702,8699875.23399524,8332150.20658187,8053750.97836585,4887755.67089896,7364621.68937538,10809445.2861534,7065030.71327697,3426707.86353992,5098216.98717206,10238186.0449644,8961450.03151703,4200327.38330907,7020612.9833262,7534229.94895166,5938007.19167756,3962973.03199028,4563836.64541853,15987296.9033452,7773037.37910089,8199947.64356582,7633479.76569165,7647048.71591801,11645150.0267406,5359148.00204779,6979447.19072911
FT_2.134_309.06182,MW_310.06910@RT_2.134,NA,C14 H14 O8,310.0691,309.06182,2.134,310.06887,NA,NA,NA,Full match,No results,No results,0,0,1863581.82295938,6914326.4748819,1565380.417834,11416612.7321435,4404236.82814441,11657967.7775033,1661985.74620491,9025712.86465372,8908264.62499463,3491771.43751406,1915792.6178233,3279755.55816104,6498933.96756306,4299727.44238352,863477.034288823,1139963.8725286,4298035.68224477,4605195.25302931,4738508.73128723,1830563.89735147,3410309.81166607,2480290.59022971,798411.875089409,838907.629211901,15555988.6114761,7106740.09755445,3216052.78069106,3506972.11591202,6926395.21707745,10744297.6290682,641818.678950162,1632870.82690461
FT_1.865_309.06179,MW_310.06907@RT_1.865,NA,C14 H14 O8,310.06907,309.06179,1.865,310.06887,NA,NA,NA,Full match,No results,No results,0,0,4509867.90283043,19270556.5611367,4132432.06952922,25755820.5081911,10646022.6036697,29680408.7343843,3302708.31052787,20475636.985012,26017021.0150958,9039022.39100965,5759492.59776248,7767262.65611098,15604458.7735955,9722407.11934561,2436321.74852368,4228891.23066234,12384483.3026014,14828322.8743005,11360904.5931567,6032041.00606952,9428708.11680105,6934744.65752415,2320032.80168883,2301134.56138235,35589734.2312425,18330629.015321,8476370.26956312,10574038.8487173,16516849.6447509,21335804.3196495,1779842.58813158,3967777.89764274
FT_14.768_307.90717,MW_308.91445@RT_14.768,NA,C3 H10 N3 O2 P3 S3,308.91445,307.90717,14.768,308.9148,NA,NA,NA,Full match,No results,No results,0,0,41608917.1257833,39893410.5220768,35286926.7376842,68373581.2266199,45223622.7032369,55186214.1586524,31784139.3150179,40537130.5353877,42343688.9432153,67470078.9564145,42875919.8604316,39587720.6702705,46047975.1440445,62677609.3588602,46607431.6887419,33983163.6121314,43487305.6624994,43326476.1010326,35080466.3154932,26321071.0596997,34383440.8676333,66705348.2060083,42138263.8329779,26022058.7787313,60003898.9431163,50233033.546651,41715238.4572981,28788537.2674322,52766316.8721539,68090970.0989159,23227620.8844074,30616786.7493322
FT_1.663_307.08258,MW_308.08987@RT_1.663,NA,C15 H16 O7,308.08987,307.08258,1.663,308.0896,NA,NA,NA,Full match,No results,No results,0,0,7894816.33174295,19462728.0895893,10440614.9013378,22462109.6059957,12387833.8206223,22170720.173828,6019246.66123545,20007351.8448373,22743177.6932537,14379232.3283222,9296565.44435632,11755214.0722908,15813880.921183,12974358.3783792,8330181.08773875,8367632.86513985,15330984.5847843,17221942.5417912,8107125.05688621,10496436.2974759,13209856.4629082,11196900.8462459,10523475.8129444,8014764.19316362,26474101.3452769,17415027.2243386,11431725.4679084,13017144.1257322,17061101.2555913,15884844.915922,6357978.65085106,9476188.68089025
FT_3.966_306.05808,MW_307.06535@RT_3.966,NA,C7 H18 N O10 P,307.06535,306.05808,3.966,307.06683,NA,NA,NA,Full match,No results,No results,0,0,2654158.74454251,3843910.47617242,11445082.1173001,12082153.8379084,6011440.39408843,10169202.6695055,8680603.74207656,7741570.38401248,4534195.88453315,3687456.47134659,4672638.11944698,2735843.64962306,4625352.80119126,4351533.21031054,4468108.10542465,2922950.81092263,4137789.26526197,4621736.77284303,2671357.49327685,2422419.98983768,4378839.18270313,6432066.12737072,4048907.44850456,1868546.88248274,6056264.03661443,2971819.87765314,4760623.13526915,4349058.14355404,10819179.7014518,16384253.1003596,2289272.13520531,5654068.03065223
FT_1.374_305.13983,MW_306.14721@RT_1.374,NA,NA,306.14721,305.13983,1.374,NA,NA,NA,NA,No results,No results,No results,0,0,2564305.67081316,7917868.71716749,4032648.48425108,8050098.88562727,4533738.50682681,7334474.65461916,6944403.79811774,7503116.09581355,7849483.02897433,3258771.2244976,2499243.12045519,4839583.41536037,11856780.4707369,4462106.74423668,2144138.95890816,1812180.87717339,4047698.8701136,4432703.57178452,6704773.38626652,4422233.54394499,4299017.58504517,3649273.8306497,8048701.05378479,2430559.59028133,10352751.7815109,6555269.58782753,3255865.96508635,3990100.42556099,5028898.22137602,5622253.47567641,1625789.72599642,2873355.52774728
FT_1.486_305.10319,MW_306.11047@RT_1.486,NA,C16 H18 O6,306.11047,305.10319,1.486,306.11034,NA,NA,NA,Full match,No results,No results,0,0,5329168.59108687,10603498.6818889,5479248.39533845,18023892.6547832,9154167.81721097,14869319.7447777,6274438.32417999,9148775.87994408,15356391.6800104,19937356.4951539,9092373.91299798,7558358.96271124,9081349.28063458,17957416.3044662,8252505.53862498,6047596.77370788,10714146.4703408,14916187.3945271,7742735.89353479,7255157.97801017,9298076.38437468,15771038.1952695,6178139.61496088,5557679.5705357,15771486.4671229,17313270.704117,8345777.25392156,10113215.3377258,13226197.1704322,15370997.3427472,4116675.81915242,7976354.85101765
FT_1.667_305.10312,MW_306.11044@RT_1.667,NA,C16 H18 O6,306.11044,305.10312,1.667,306.11034,NA,NA,NA,Full match,No results,No results,0,0,5181283.53809164,6053203.87443019,3895588.46906707,11555628.5023036,5452755.1340383,10235989.1746242,3738210.81027097,8609936.61373704,13400526.8368157,6959171.4520212,8956161.09960552,4608538.33119399,6571070.829328,5560361.42050997,3444245.16688386,3735969.22969062,6793103.23142277,6451614.94845211,3508842.53994516,4247193.12084718,5315962.39806561,4726522.67941675,3025786.10988648,2770286.87989211,12453490.9297011,5950867.63939547,5118159.03510734,4391038.28230593,6820669.29706059,11998351.4329524,2627451.36516735,4884775.57196616
FT_1.213_305.10306,MW_306.11032@RT_1.213,NA,C16 H18 O6,306.11032,305.10306,1.213,306.11034,NA,NA,NA,Full match,No results,No results,0,0,8761666.41642284,11068676.0029928,14392826.8564483,12427597.7489828,7225519.80044447,9829277.49661399,5200271.50863092,8866340.74250792,16354296.7351337,11088871.1401917,8056492.5310756,5885986.48703627,9307496.946595,17583995.8564468,5452221.75446714,6965701.70854075,9694214.99533521,11730396.866807,16949617.7469133,8391788.24359128,12874811.0694367,6606221.2120557,5214128.67010997,6007500.80949428,14370432.8190964,22986597.7167016,17700108.0042972,8264259.98369598,8917180.64915161,15687899.8432237,4975566.24978184,14548071.5896372
FT_1.291_305.06679,MW_306.07407@RT_1.291,NA,C15 H14 O7,306.07407,305.06679,1.291,306.07395,NA,NA,NA,Full match,No results,No results,0,0,23900219.5228541,63567351.956577,21648728.474177,42668414.2999098,36156906.4111702,46782158.4578116,19035482.2136105,42341201.5110836,71007270.4767203,36296503.081174,27193703.5046733,30093689.7072457,64764829.6269753,54569424.6185719,22771522.590227,19441059.0601828,31264814.3445095,53300312.7447859,45073486.3627302,46873377.2216927,56269902.2286055,38294479.4801043,18632605.7006672,29568347.6766244,60845746.0083057,70908258.8293047,27830895.7427082,40193738.6974184,44069268.8745558,51478358.5321722,21522100.5012113,36177063.7069202
FT_1.478_305.06676,MW_306.07404@RT_1.478,NA,C15 H14 O7,306.07404,305.06676,1.478,306.07395,NA,NA,NA,Full match,No results,No results,0,0,1735598.01115428,5448455.67759581,1897490.56600938,6644522.85917474,2974131.4923588,8350700.7161457,2228549.98127457,4814794.60311757,4258581.96621924,3311282.94073224,3088443.6983527,3780332.67549954,5226242.63842272,3326571.42927877,1855423.16917107,2492167.99664347,3829967.70782408,11623546.6590421,2478806.63810963,2062376.92696893,6826370.44139744,5198686.67407499,2245571.11709853,3159154.97420168,12573272.2154529,8957554.29022428,3254966.47713988,5043956.61269691,6664166.16168375,6088727.33636641,2172521.00020838,2106745.16603418
FT_16.005_304.91409,MW_305.92136@RT_16.005,NA,C4 H9 N2 O4 P3 S2,305.92136,304.91409,16.005,305.92166,NA,NA,NA,Full match,No results,No results,0,0,160721282.161749,177920824.765775,182883345.760174,83591402.6087889,191053854.438728,289048071.625559,196296391.180263,545508028.084097,357943979.913757,53301526.6938594,225869819.088012,225225587.126981,232082216.467221,102920816.060465,132059891.82126,515205367.627893,158278320.261616,173207554.472622,151362469.486914,180591427.937529,248905065.561236,101856459.207362,114409425.91722,153840380.811891,215223523.5135,161420567.30385,183892087.322434,329718124.570456,157207311.121107,153595669.550653,133780350.815861,245563634.256477
FT_2.321_304.07877,MW_305.08605@RT_2.321,NA,C8 H20 N O9 P,305.08605,304.07877,2.321,305.08757,NA,NA,NA,Full match,No results,No results,0,0,10490420.8571571,9796771.44087468,37090979.8744618,59306894.6704333,23367135.9845382,31642975.5739024,68695406.2736666,33710614.390055,27933023.6479224,38581331.5643434,61887436.7212449,37206877.1011154,38259566.6145046,40633724.5465003,65316145.2647719,29420496.3384414,24488623.2149207,20704149.2173838,22836026.4086286,22806585.0284215,23606808.5944062,27018418.3551662,34191722.9371187,15345152.0784738,29758710.8865748,25225646.2026206,41176238.5683338,35615579.8721534,52709618.0498087,70603284.5322738,8845273.68010992,42660234.3302812
FT_1.634_303.12380,MW_304.13126@RT_1.634,NA,C17 H20 O5,304.13126,303.1238,1.634,304.13107,NA,NA,NA,Full match,No results,No results,0,0,4773370.05512628,8164905.37515819,4279946.7541199,9941209.9206983,6835376.43643906,12199236.441751,2322245.4342203,9380763.79053986,8583866.38675282,7343052.47082889,5159630.28613506,5372646.81089733,8794267.30493798,6183030.83962053,3845315.32365174,4411299.60253405,7503121.99381263,7356787.06486982,6314283.34454888,7621585.45864297,6075967.24487601,6185566.60973396,4132650.61965972,3920507.14897296,10344940.6996858,8553268.47494498,5113754.88433052,6771454.47512784,7370230.66051324,10791019.662017,2763375.30253025,5292953.21443223
FT_1.664_349.09316,MW_304.09490@RT_1.664,NA,C9 H16 N6 O4 S,304.0949,349.09316,1.664,304.09537,NA,NA,NA,Full match,No results,No results,0,0,6639672.19840557,16530012.7330774,6392675.15404093,19161959.9096938,9288706.97338685,20507849.3969348,5624354.44564686,16663037.9717922,18445808.0446387,12348533.0740459,9400054.87341549,9747051.45729428,10787931.6415454,11801926.5111924,6634727.24385243,6932282.66975102,11731867.7258976,14471612.3668071,8951708.17001085,9177444.2085796,10976951.40734,9539910.55725746,5471118.4425945,5305428.34066139,19863794.1192339,17668175.6590385,10385734.4125712,8795031.19362304,13882338.857045,15413607.2110233,4927500.8099655,9020130.07179616
FT_1.309_301.18105,MW_302.18837@RT_1.309,11-keto Testosterone (CRM),C19 H26 O3,302.18837,301.18105,1.309,302.18819,NA,61.1,NA,Full match,Full match,No results,1,0,5320954.39761128,6113624.75725552,3668178.48870094,7858639.49377838,8124732.63932766,5755062.18835808,13407450.500536,6968993.91234497,8310670.65002942,5420214.70333084,4589036.03155292,3547154.25437996,7612826.04707942,8392630.79676433,3327879.02964021,3096904.71051278,5407202.09316298,7083368.97944071,11106702.3777429,4988259.57129628,6614913.68573734,11958527.5249794,10585112.5974958,4873602.59401594,8687499.60728232,7022100.87963055,7092991.20611951,4694544.88402603,7301237.71886427,7451601.18766245,2238464.15951245,4341728.53248124
FT_1.436_301.10824,MW_302.11553@RT_1.436,"1-(2,4-dihydroxyphenyl)-2-(3,5-dimethoxyphenyl)propan-1-one",C17 H18 O5,302.11553,301.10824,1.436,302.11542,NA,75.3,NA,Full match,Full match,No results,1,0,4660382.23598206,19461361.1957305,4869454.56932615,27368057.8043422,10512460.2874068,19465097.4208686,5377583.07032516,19700919.0078759,21969685.6317968,21760316.6560139,11445656.2324443,8793563.52387237,16228209.9291869,27949546.5154868,6677984.01479295,5172849.81761901,9346035.06858138,21723113.6767789,8578059.97637828,15339387.3797389,16977033.3095612,21436825.6125228,6093077.64702259,8123231.44234499,23978967.3158898,22337574.7090213,9203542.43527836,11463782.5020958,14224229.5624689,20078835.0074991,6180982.79176833,9481240.7823717
FT_1.604_301.10818,MW_302.11549@RT_1.604,"1-(2,4-dihydroxyphenyl)-2-(3,5-dimethoxyphenyl)propan-1-one",C17 H18 O5,302.11549,301.10818,1.604,302.11542,NA,74.5,NA,Full match,Full match,No results,1,0,5912246.65780728,7468574.19267152,2655342.50249937,13535404.4195704,7606482.00246858,10749708.6918192,3190488.70684312,7705530.83833277,14022524.3178572,11557820.9774815,4863453.2943374,7676620.666977,6004549.58554646,10881867.4232627,2903251.45039726,5710022.3559331,7077374.21106306,13071059.5497261,4902087.88340091,5594864.36550101,9014571.06222678,5269910.5953001,3193085.27585942,2686651.63853754,17461609.5186482,13692439.0179807,4265524.44769339,8703114.48029095,7014309.89215027,9182977.18043485,2362222.09015346,3358383.87283731
FT_1.179_299.22279,MW_300.23007@RT_1.179,NA,NA,300.23007,299.22279,1.179,NA,NA,NA,NA,No results,No results,No results,0,0,4531030.84573709,6787203.45623114,5328290.57748202,6410430.15238675,8666892.52462114,11444609.0241604,4814841.11937925,7508441.98599228,7117988.09672939,7172482.52960873,6028928.82991286,5980050.57817312,6635861.70388099,8257875.08889699,3851944.65674378,3546193.02030289,6805408.24273025,10553640.1573293,4249117.58077226,4499837.91460065,8422812.62133385,8771982.37391116,3530270.52694275,3379787.92072467,8607573.11765632,6714512.65836395,4926952.64659943,4615989.69059203,5625740.33005744,7778035.29915804,3103475.79795507,6169126.97711863
FT_1.673_299.15064,MW_300.15792@RT_1.673,NA,C16 H20 N4 O2,300.15792,299.15064,1.673,300.15863,NA,NA,NA,Full match,No results,No results,0,0,4398644.71835327,6626309.39087746,6050904.44757512,17575166.8974442,5459864.25296547,19522435.8538562,2633285.57910639,8784928.96331902,10959701.1040336,4933404.91668812,5017412.22221403,5294279.13577565,11339685.9763139,4752823.62307986,2206814.9400221,3440527.46842892,7523887.0331296,11546720.3645454,5098358.54272149,3649119.43827547,10293930.9826639,4449878.3713445095,2158876.92063833,2703350.2165109,15159449.724386,10925617.317009,6391858.00234272,5014440.44064099,9798649.7858853,19121299.9215953,2520933.89264139,3131098.62963993
FT_1.164_299.09255,MW_300.09974@RT_1.164,NA,C11 H17 N4 O4 P,300.09974,299.09255,1.164,300.09874,NA,NA,NA,Full match,No results,No results,0,0,3294169.24933746,10073146.9997657,4815371.79113051,9772161.2516512,4600498.97114392,8021809.09401773,4262292.88361876,7159408.64678625,9081787.65265654,8500458.34363792,9528584.45565505,5539482.44519124,8291918.50020903,2357847.55978459,3567660.62977123,4770096.32615752,6886712.15931708,6444289.77823016,3931782.4473247,6688528.34278157,6617204.32398117,7906377.72357246,3600840.64088304,6174653.77694033,9944193.94375468,7961779.26331387,5573749.90910341,6666449.97357975,5883165.41514898,7606708.90121032,3659163.80907911,5576121.91902567
FT_14.809_297.87833,MW_298.88561@RT_14.809,NA,C4 H2 Cl2 N5 O P3,298.88561,297.87833,14.809,298.88492,NA,NA,NA,Full match,No results,No results,0,0,20179475.8066943,20604519.8399283,18602480.3185556,17241308.1769305,20236884.0288678,20414149.9070575,16810138.1396325,20362031.9439507,16794419.1729016,21236895.1668663,20207436.3930862,19674425.1685275,20461881.9584689,21792905.0486509,18697699.8535332,18285017.3865848,7978852.45888628,21668875.1293864,17053280.0728979,13801547.8527346,18052573.02675,20088040.9761992,20481812.1478167,12854955.4068776,22842224.3958438,21205064.101068,19683689.5927354,14031020.4670198,19901375.6405418,19513627.078991,10716322.3383688,15578964.850427
FT_6.774_297.73349,MW_298.74077@RT_6.774,NA,NA,298.74077,297.73349,6.774,NA,NA,NA,NA,No results,No results,No results,0,0,4933038.52669971,8105762.12619518,4017360.16281373,2379804.63442478,2900748.79932701,4775674.3479909,1905182.38413131,2619730.96029469,3413687.65044202,3274970.09656005,2812870.6960604,2869759.63604979,3524693.19994761,2010777.58118262,6683425.73665893,3090344.58753813,3720590.01351318,4015000.27510191,3612733.84100833,3317442.70374286,2928924.07888139,2981395.16258416,3694566.33212927,4496466.05194475,2950610.89858044,3795388.6257307,3317233.06490563,4216193.67790668,3742142.54227093,1844753.78314474,3625338.10325718,3921459.98374468
FT_6.843_297.73341,MW_298.74069@RT_6.843,NA,NA,298.74069,297.73341,6.843,NA,NA,NA,NA,No results,No results,No results,0,0,3127543.0349044,4961687.70673876,5687009.86789866,3953632.98052896,4881201.31761162,4996254.9408724,4769975.21829699,4570614.1092897,4296322.07891344,4320632.04188295,4280647.70050368,5059839.51189321,4567411.87359702,4561661.32996889,8935987.84674409,3801260.06174233,5314634.79338876,5410478.18230871,4250996.46618655,7050939.93549625,8166501.55999652,3391045.24511651,7144054.57306991,3394726.32773517,6818457.38628292,8339572.51180076,8700844.28488672,5650432.43609384,8372644.30079203,3218169.51198559,6528176.10540933,8699232.62095398
FT_1.317_297.15305,MW_298.16033@RT_1.317,Ostruthin,C19 H22 O3,298.16033,297.15305,1.317,298.15689,NA,84.4,NA,No match,Invalid mass,No results,2,0,5241636.48914864,5373123.11541055,11227329.6328034,7018789.26615699,13183775.3127274,5885290.71684007,10375522.5533211,8924219.75060681,23874578.2920326,25693576.8416184,20612170.9521936,19418063.5579032,24073526.1758634,12044495.1848041,11442250.429523,13436909.111478,38428117.4929883,12845989.2863782,45730138.0772252,16461491.5103578,30220112.8230598,50906238.5971669,43347275.757117,28998504.2178519,19972112.1712623,12613393.9786004,18935569.6335886,7175402.96279383,7119871.46215557,9741174.67330465,4439367.17646043,7576913.96134787
FT_1.219_343.15547,MW_298.15739@RT_1.219,NA,C11 H26 N2 O5 S,298.15739,343.15547,1.219,298.15624,NA,NA,NA,Full match,No results,No results,0,0,4963131.64253806,10424342.7716898,10064214.4688661,12794283.9871639,10639763.3011615,10050725.3758471,160603184.855215,11634536.1086429,43825456.1444169,5337394.87007032,7558733.85114993,6927990.39162144,16418925.227178,22072061.8164029,6340920.75008077,5827154.10439575,8406973.43517707,22467420.2756758,30857279.927513,10377071.2527772,10415002.8831421,6671311.49653312,66109542.4687287,6621202.4754463,16154516.5817049,17651683.1083836,10158513.9823749,8442393.01495404,6769212.88878678,8264533.63975243,2669247.36300592,6191103.65515614
FT_1.672_297.13448,MW_298.14178@RT_1.672,NA,C15 H22 O6,298.14178,297.13448,1.672,298.14164,NA,NA,NA,Full match,No results,No results,0,0,5518835.15895469,11216893.6954189,6097871.8971317,9419255.45072409,10437024.1731751,10337062.478519,4677524.89639163,12299819.9802683,8641712.70125924,8139537.29566509,5786911.87961762,5351626.40017548,8865697.20486123,5326513.65075913,3761415.51385634,8103544.01359566,9003812.34180765,8965697.83853928,6609539.83265822,3731567.17612861,5796068.74022797,5404274.90083317,3890713.39039385,3185567.38921226,12042518.6627711,7189316.52779888,7280737.33294323,6165623.16970225,9887899.83045955,9305537.4770889,2320150.02272478,4101803.15418521
FT_1.121_297.11318,MW_298.12065@RT_1.121,NA,C11 H18 N6 O2 S,298.12065,297.11318,1.121,298.12119,NA,NA,NA,Full match,No results,No results,0,0,657347.677040528,2450336.51596564,1689297.31115955,1102810.36878555,2344066.55503616,1198247.27926139,705240.277143107,2235584.3045953,3329274.81109311,1137373.48230694,1232595.3198123,1697334.41774575,3157002.89330782,1837671.54148327,1307349.27698093,1417195.79119522,1267883.40091187,2926249.21333953,2082514.45162417,2839719.40997901,1838304.34818175,1572830.56267823,995600.619370821,1957085.43033903,2044170.33000913,3010884.60140532,1870993.93822238,2417023.82444581,1608644.0985982,1044477.81164531,889698.324002226,1607939.59216866
FT_1.407_297.07691,MW_298.08417@RT_1.407,NA,C17 H14 O5,298.08417,297.07691,1.407,298.08412,NA,NA,NA,Full match,No results,No results,0,0,7861530.39172381,13371043.940339,6087378.75986956,14617977.3353442,10913139.1439311,13131570.2548239,6689904.98068858,11660787.8397536,14863978.9289755,12278617.536262,7701126.80439676,8452404.13604486,14856539.3274943,17189985.1320673,5921564.07482752,5341551.95346543,8768051.78616299,16510673.7491906,6183456.27384368,9817900.65352245,12779708.3427627,10396524.1085466,4919252.57249087,6652983.61858015,15138600.6938794,12922310.0072494,6955322.16261435,8611650.51959569,10239719.288437,12803586.4039301,4584043.20614778,8481005.53301465
FT_1.125_343.08237,MW_298.08413@RT_1.125,NA,C17 H14 O5,298.08413,343.08237,1.125,298.08412,NA,NA,NA,Full match,No results,No results,0,0,7820151.02795267,24421192.7530231,8935699.30727562,22518168.5587091,16624859.3703187,25297014.2030539,4539300.75889458,23105236.6058813,14881682.7643629,16353108.249069,13189770.4448071,15148951.8436233,21263671.7735019,19733981.3260067,11164762.7813211,9887640.65847093,12649363.7946692,21351928.8435414,13593592.0559177,18381742.3367831,13308316.756064,19535023.1149494,7940703.07183687,6061482.69463609,21454018.2818823,18980125.4975022,19448146.0893943,11849039.3494342,12653205.2161565,25291094.6815257,6706912.55426698,13233004.7375439
FT_1.624_297.06180,MW_298.06908@RT_1.624,NA,C13 H14 O8,298.06908,297.0618,1.624,298.06887,NA,NA,NA,Full match,No results,No results,0,0,3334876.93782597,4865679.09280637,2424065.84386745,6447207.39506601,4403408.04615297,8158729.18367272,1768739.35856528,5873594.23006542,12992410.1751032,2470806.61300231,3210528.81921206,3043167.92816113,4606156.67643294,3037400.99225372,1630988.83123318,1953323.9438438,4630546.62835086,4567533.17949078,2270608.80131218,3346551.42223323,5608724.7286402,2815902.81130996,836828.698418336,2475020.11776475,8610700.47785641,6442913.32928599,2381129.21375955,4266064.21002347,3120154.12120676,12837578.610156,1440040.81310308,2806560.79682138
FT_7.681_296.88234,MW_297.88961@RT_7.681,NA,C2 H6 Cl N2 O5 P3 S,297.88961,296.88234,7.681,297.88988,NA,NA,NA,Full match,No results,No results,0,0,2982822.51801206,13224848.4410808,8462155.11128007,24291015.4485546,9186503.45692418,18536662.3167981,2542594.9922229,7119728.36855156,6697628.08244611,14995834.4023447,9207536.02899772,8975030.05544288,7415751.25379439,8448884.11655119,7247376.42674133,958937.468178755,7255901.64519374,6946011.68541844,4580011.93488557,1302360.24690849,1205949.86817535,4330043.77425952,3468993.58881902,1487023.68044357,14755443.4032254,8238218.4939477,8194047.21565683,1249957.26721901,13301530.4086598,21588209.5513481,1702828.08612899,4108818.21943991
FT_3.856_296.04220,MW_297.04947@RT_3.856,NA,C5 H11 N7 O6 S,297.04947,296.0422,3.856,297.04915,NA,NA,NA,Full match,No results,No results,0,0,3665454.63349278,6795027.05993615,8376774.72447596,9616877.11185968,6840489.34445944,5976098.42388565,8485059.51005706,6978969.28421939,6704765.87338119,6793659.13055967,8025993.6508092,6437257.0594135,7058179.53265969,6120197.03528498,6792255.35589105,6606231.18365416,7101340.41927783,5411527.41425473,5876542.69257262,5831097.91756488,4940951.98673974,6282059.37736637,6450123.76521143,5198961.02446854,7481637.90717235,5820997.6756855,7093614.98677967,6072594.08308315,7324483.73792326,7922590.07781946,3332234.28172272,7415349.51963054
FT_6.820_295.73641,MW_296.74369@RT_6.820,NA,NA,296.74369,295.73641,6.82,NA,NA,NA,NA,No results,No results,No results,0,0,2953456.05526303,6658599.58975466,5499209.44021683,3569558.93080903,4881201.31761162,2440361.06974308,6675157.6024283,5308897.97061029,4296322.07891344,3087340.43263591,4758306.95355246,2227799.96464676,5689830.36908093,4657243.84883398,6796448.65130279,3801260.06174233,7721456.67610949,6956360.77084978,7320824.05204546,4867291.33626739,3295702.9933415,4337647.55260286,4875448.23779069,3975097.59626892,5455432.66802157,6689378.91232363,6873018.52452685,7762540.39239273,3921452.67875725,3218169.51198559,7721559.05951233,6796091.16830007
FT_1.661_295.11875,MW_296.12603@RT_1.661,NA,C15 H20 O6,296.12603,295.11875,1.661,296.12599,NA,NA,NA,Full match,No results,No results,0,0,6241973.52638516,9176805.42765941,7409212.1626692,14944245.6849222,9729622.63078885,16352338.9276766,6633299.59969092,14736177.997061,10064766.6586039,10054858.469452,6916735.90614501,6339418.56508499,11215266.4733353,7548888.91658615,4342424.81958408,6592336.11004456,12320040.5111507,12055084.5622343,19729604.3825099,5475198.63261558,8942779.43229126,7044447.31514789,4391942.17847964,3584098.28503743,19904865.7257859,12161244.7357684,9246704.0224001,8409737.03972212,9592125.05848705,17380513.684702,4114902.5868631,5296525.80161189
FT_1.367_295.08240,MW_296.08968@RT_1.367,NA,C14 H16 O7,296.08968,295.0824,1.367,296.0896,NA,NA,NA,Full match,No results,No results,0,0,5662147.89156261,16045699.6138591,7421074.78876344,15580867.0187365,5730039.40080758,15747516.779823,8070310.67074731,15879254.0110971,26734599.3136716,9967133.89495725,15822430.1968824,19272958.1582881,15730075.134942,10600703.3923972,12445998.2775227,5707317.21589705,11726558.508911,29032551.6741321,13959505.90733,9887559.72684471,11822026.440729,9932941.41897387,4117879.50320092,6791459.56011621,23627675.2492195,14925012.8940957,8294577.93212668,9546659.39615407,27695353.575074,25437063.1082813,4375692.81012239,15042421.767214
FT_1.681_295.08240,MW_296.08968@RT_1.681,NA,C14 H16 O7,296.08968,295.0824,1.681,296.0896,NA,NA,NA,Full match,No results,No results,0,0,8098549.32110456,15368045.5136718,6495315.51885438,21596763.1125837,8757443.37964338,21287506.6428057,4612740.00405699,18134994.6552275,16966051.0386081,12366805.8533981,8468088.27523912,9791591.71039618,13053208.621894,11840228.1225628,5942374.37373719,6232609.22360185,12773575.4556608,14335891.278941,7696183.53417272,9008446.2822088,11331759.6427513,10366715.9406513,4996209.54463672,5242764.15157523,21371526.1509785,15960645.1660013,11536790.9540219,10504631.5208881,13861487.0479984,18094418.831623,5005106.71829729,7405318.27179661
FT_1.566_295.08239,MW_296.08967@RT_1.566,NA,C14 H16 O7,296.08967,295.08239,1.566,296.0896,NA,NA,NA,Full match,No results,No results,0,0,23515835.086667,46552763.8632317,24948984.2674208,50398227.3091634,41777867.6304033,52357501.3151968,25048596.5181888,40616951.729683,46376034.1401819,42589325.7638773,28709401.4539099,30303105.8781712,39988268.6709728,42112574.7354573,27467589.0448218,22872121.2447715,33505181.901709,59545035.2637423,28659928.1317749,32767564.9415411,54557592.2511455,47170915.1252039,26349670.5637426,19527554.5610944,51545017.5409809,56812949.0766746,25369807.0683857,32129755.7122045,35369671.8155867,36901721.6742675,14738735.4264384,26341111.9763376
FT_2.475_295.08237,MW_296.08965@RT_2.475,NA,C14 H16 O7,296.08965,295.08237,2.475,296.0896,NA,NA,NA,Full match,No results,No results,0,0,4181839.02074272,12236588.8894923,2739705.28378163,26969515.0758639,7131919.91966869,23045768.5710184,2108722.3049532,11380311.0909835,12612685.3055789,10380890.2510064,3410230.33624573,6606594.78346536,10030660.7289549,7972290.07130369,2161629.96187044,3305411.50837428,9514584.96434396,12561629.7122155,3172051.89190839,3055283.28460618,9100689.14565597,4951147.258384,1622039.03505134,1520212.3893192,28542017.5068148,12221052.1181457,5843725.88669345,6751268.00958066,11197019.0915949,21670661.8318887,1492406.76229839,2683565.55758897
FT_1.783_295.04601,MW_296.05329@RT_1.783,NA,C13 H12 O8,296.05329,295.04601,1.783,296.05322,NA,NA,NA,Full match,No results,No results,0,0,1546653.22692259,4174019.62080278,1556499.54718107,14016045.286648,2718981.77238937,14698719.9629377,1117422.91441708,8326782.07021023,6128888.04580538,4733674.7002077,2523122.81146945,2752493.64352771,6335725.12867406,3158019.42375599,1039522.34021021,1586381.90467982,6628702.20151285,5230865.9750271,2074216.0474161,2928412.69149955,3990230.71818032,2739886.83301439,763106.586517879,718449.137424095,13413334.7115567,5787090.72717382,3527554.08242666,4081465.57015822,5844961.11920513,11773804.8834222,686478.5435654,1900351.54100306
FT_15.002_294.83128,MW_295.83855@RT_15.002,NA,NA,295.83855,294.83128,15.002,NA,NA,NA,NA,No results,No results,No results,0,0,8771315.38312841,6996047.94070266,9366265.89177976,7099231.48439804,9553156.30489928,8061469.46436575,9692844.13582184,13638541.7919169,9026544.2728254,6049363.41888092,8114837.99835102,8824618.80923372,9067982.36793663,6385067.14850429,6481333.94761142,7516491.18869919,7949324.79678543,4418104.66876658,5858242.75265303,6501458.23513845,7525667.86970936,6707962.771089,7558640.1663203,9500158.73032728,5717515.19572721,4224128.1980948,7198907.23223175,8449271.59878897,4887514.76326484,6420425.78414342,4357725.47500673,8467192.52073461
FT_1.437_293.10315,MW_294.11043@RT_1.437,NA,C8 H18 N6 O4 S,294.11043,293.10315,1.437,294.11102,NA,NA,NA,Full match,No results,No results,0,0,20071182.7787936,40171224.5613026,20186489.8147254,45045263.6099123,29324279.116197,41860554.480223,16387452.6313542,44435972.3231255,41256261.7539693,34538249.9366868,22730667.7525602,24854088.6728161,30428323.1903617,53896531.4854008,15749606.0704717,18744438.8086299,31830026.9997004,38952193.9774409,26094338.1974923,30206494.8450333,29754513.1020796,39078241.5516988,16093637.3047917,10749000.0271227,50087847.1102886,33557154.6892661,31997754.1324525,29413840.95629,34569998.0022675,41793392.5015242,17259266.2318473,13027328.9655352
FT_1.530_293.06676,MW_294.07404@RT_1.530,NA,C8 H15 N4 O6 P,294.07404,293.06676,1.53,294.07292,NA,NA,NA,Full match,No results,No results,0,0,7613054.05237219,6382956.41022097,3045769.61945357,13757568.2043247,4055152.36185233,10945078.7550314,4098340.19904657,7413243.95140725,5771810.72415717,4568005.87845203,7406138.47934931,9868719.45326211,5828722.50537128,3360702.30675701,5958280.60672353,2661314.92629025,10504474.936754,6344886.02169653,4440277.3790841,2754974.35453533,5309854.26311171,6238527.32082759,3410249.22744551,2578367.12810414,4057053.75093601,10451513.6454427,3816699.54030768,2515267.4035874,4911705.23752884,5526740.60776667,2538089.55376546,4042002.16793192
FT_1.125_293.06668,MW_294.07395@RT_1.125,NA,C9 H19 N4 O P S2,294.07395,293.06668,1.125,294.07379,NA,NA,NA,Full match,No results,No results,0,0,2792547.36354265,5077940.05928814,2886201.01890277,8229729.95132225,4186502.96715085,6484394.65271184,1523712.40579812,6578333.18532502,6435382.7994401,5291425.91846616,3234385.52704279,3793380.29448853,6137015.55591158,5572083.44129063,2277635.90631327,3268730.17748182,5464563.65151879,5088951.84873246,4237405.94694637,5546881.89163555,4447236.19519013,4516401.07168094,2511496.26158679,2710520.79764134,10821590.2845318,4980314.05910813,6063300.53357668,5440685.30115324,5474947.22204501,8447009.57061538,2277806.00267395,4754051.36444721
FT_1.445_337.12965,MW_292.13141@RT_1.445,NA,C9 H20 N6 O3 S,292.13141,337.12965,1.445,292.13176,NA,NA,NA,Full match,No results,No results,0,0,8129786.89152275,17342951.2481431,10174018.4999126,20118061.8762473,17442792.4754375,17022341.6877729,6525715.41469214,17314692.7342632,16859530.0676703,16771972.196872,10852594.1504023,8179364.9215285,13629097.7790411,14082601.9754584,6808019.12449111,10692138.9076585,10679615.3397956,15159765.9570759,12748643.7273052,15550467.4348434,14502599.3401678,10602124.2972929,7980019.3612262905,10620110.4906808,18013188.6910144,13090403.5918213,8301270.35606608,10751923.1335639,13206831.0863975,13599069.2174922,4378866.91822348,9494845.9823117
FT_1.475_337.09346,MW_292.09510@RT_1.475,NA,C8 H16 N6 O4 S,292.0951,337.09346,1.475,292.09537,NA,NA,NA,Full match,No results,No results,0,0,4888240.70806446,11914167.9984485,4831960.80202565,10788416.1829918,9657550.14853482,11049774.0564923,3453819.31728569,11057859.1617254,15461028.3196997,8996884.63509222,8487578.37526511,5755385.92608461,6890880.40326374,11249691.4402385,4664168.76756101,5966137.73939683,6835695.76462096,11333745.0919087,6962963.59419605,8707720.2733152,9422912.13640835,7669224.93736191,3582001.01655023,4370454.77312829,10780640.7112853,9188973.33220308,5964386.6382683,7871529.9559851,10183599.4784835,10275808.6444314,4052638.80559464,5468053.50315972
FT_1.248_291.08763,MW_292.09504@RT_1.248,NA,C15 H16 O6,292.09504,291.08763,1.248,292.09469,NA,NA,NA,Full match,No results,No results,0,0,8530206.76958838,14904943.2955634,14149087.2044129,17311773.3620007,11201834.2291115,21229492.1475466,3498343.96034095,43826646.5836364,13519070.3403678,9133944.82316317,13083455.1351828,12249305.1818331,9483909.17924667,33380282.4124434,12358534.8540408,6226979.93451233,7137003.95969886,11755633.9148945,4942767.76392714,8962470.53130241,11128279.7397041,9942594.09662998,4394560.45043029,7699177.38475443,19817092.2803268,21321757.9448245,7475991.98010694,7915264.55940358,10147364.8719873,6574434.72587868,12949795.7918595,8102691.72226702
FT_1.376_291.08756,MW_292.09484@RT_1.376,NA,C8 H16 N6 O4 S,292.09484,291.08756,1.376,292.09537,NA,NA,NA,Full match,No results,No results,0,0,8761009.01931501,14904943.2955634,9169196.79362853,22751003.4674661,10988000.6326627,26437177.2026454,5440346.91317312,17776630.4095284,13889845.9515224,13722998.1710594,11201112.7374605,11205471.6029139,6311692.19496231,13116971.5716737,8038818.72678831,7957472.19162735,15942474.3622997,14399913.6947924,9128807.92945988,17373136.0806475,11128279.7397041,10011070.1632026,4742779.78914541,7073073.72587816,26217118.3533057,18693782.0276843,13855707.2399382,13265921.3003009,18350327.8213084,26655975.8682516,6570043.77410576,11401560.312095
FT_14.771_289.94915,MW_290.95643@RT_14.771,NA,C4 H6 Cl N3 O8 S,290.95643,289.94915,14.771,290.95641,NA,NA,NA,Full match,No results,No results,0,0,22734878.2265619,20887092.1344584,16931836.9355053,60366971.7883564,28861941.217052702,40364933.0905665,15008426.1862981,22231530.6023098,29283734.2512226,57983327.2752596,24209366.8920702,21696056.9188384,27364537.0129864,50162298.755968,27524099.9704025,15091810.4609209,23996189.7468741,23231900.6323421,15057441.6527925,7800957.21801109,16000325.6170008,52332943.1897642,22630377.2419132,7991911.52411682,42349331.2505708,31421997.3796779,23411834.1036533,9763899.70237591,34938220.7740393,57065958.1125487,6751228.38916476,12429077.9613431
FT_1.667_335.11389,MW_290.11556@RT_1.667,NA,C16 H18 O5,290.11556,335.11389,1.667,290.11542,NA,NA,NA,Full match,No results,No results,0,0,15524861.5904397,14623007.1638769,7146648.13620854,21762474.6929978,20841434.4614996,19269982.2467778,11746991.8742028,15589553.9203607,12432541.1606235,13512820.5528428,8107612.97235766,8182249.48795117,13068848.0401343,21976033.4444012,6594599.52833135,6531503.93496336,8130362.55457249,13623278.4382783,18735509.2042687,8046660.93543526,9815243.52989008,8405773.71995117,10739652.7789932,8637169.33037689,20143011.5800619,15104904.2609587,7970588.22536226,9756058.44611469,12475343.962784,11765307.2455229,8189589.74964573,10743615.7246636
FT_2.492_289.00213,MW_290.00941@RT_2.492,NA,C2 H6 N6 O11,290.00941,289.00213,2.492,290.00945,NA,NA,NA,Full match,No results,No results,0,0,10471947.2113251,30098836.366076,13872274.8148808,26852961.0228764,29835225.3621015,25103110.0509673,11459895.4157985,23709090.0773143,28430198.6405516,23114700.8308381,13580575.0378573,16642904.9288691,24523509.9328501,26834813.4374859,12881663.7845422,7319816.35236423,20698610.5183484,33769852.6574204,16354488.7714112,14066401.5203427,26585493.2506595,19413517.5626703,10139526.0427963,10945259.7739419,35106096.9835338,37296536.2179151,12974387.2253377,16193318.9824345,21609963.2942832,15260713.5668638,5455167.56303394,11892708.2040123
FT_1.294_287.22287,MW_288.23014@RT_1.294,NA,C16 H32 O4,288.23014,287.22287,1.294,288.23006,NA,NA,NA,Full match,No results,No results,0,0,27780307.0427126,30385532.930922,18492127.3723373,46960516.6668287,29027741.836371,45937002.1967596,11438050.736429,46951133.9197027,38441829.68048,27758135.2345151,16525827.8398517,23853334.6688639,36355501.3275446,28627542.8431877,14834758.7671444,16966010.2527627,26481047.8914565,30713198.9078574,18164235.3277136,19718587.9812393,31574643.9301501,24408057.2843394,12224912.7635802,13479600.5440441,49684904.3781897,38587954.9952304,21103221.1738307,23088646.9556884,28545923.1944047,40593419.4864994,11421473.3117075,20597214.9337465
FT_1.219_287.22285,MW_288.23012@RT_1.219,NA,C16 H32 O4,288.23012,287.22285,1.219,288.23006,NA,NA,NA,Full match,No results,No results,0,0,5367066.78180259,8393839.48673127,8651571.58010709,7885863.58365709,23977979.4776048,6577490.55416784,23894187.5743834,11041481.4058682,32283359.5740027,18420900.2144524,40617416.7014934,4209233.32776488,23347077.1499377,25100323.2865358,39732341.6071683,4129467.86609077,18708487.0875053,10384561.5363982,34506775.2548821,47668328.4482919,8250215.77720204,8440064.29182128,20647630.4850699,57899137.0942187,10140866.565507,9174267.66306013,8661298.17681009,8492659.15122546,7237377.09305617,9461585.05425443,10880858.1689843,4253541.06872951
FT_1.175_333.13446,MW_288.13627@RT_1.175,NA,C17 H20 O4,288.13627,333.13446,1.175,288.13616,NA,NA,NA,Full match,No results,No results,0,0,4065452.21223048,28791430.4366747,6271877.45689566,44833865.0901933,24200528.2705003,8115489.87974999,3321131.9738162,28769061.1443873,31936910.6886975,11559347.1674583,18682267.9670082,7580562.73553098,19446036.4372172,9394163.631658,5699215.10181626,5043959.84262151,20695020.5398568,10310535.2251005,35229132.3327845,22882243.271522,9751021.5210313,22903271.1236819,4042791.11508299,15786667.2579886,6418664.03303386,5883084.13185634,14376011.0410436,30110559.6422948,7139980.29591361,11948602.2341758,4532280.79659237,7500908.12951353
FT_1.160_287.09267,MW_288.09998@RT_1.160,"4,5-diphenyl-2,3-dihydro-1H-pyrazolo[3,4-c]pyridazin-3-one",C17 H12 N4 O,288.09998,287.09267,1.16,288.10111,NA,87.5,NA,Not the top hit,Full match,No results,2,0,18505375.7697615,29070655.5213611,19051047.5669178,38325100.4648734,25492682.3656263,38410087.8498327,7446393.7970791,29530163.7395131,31321176.3136448,24456272.6466943,18999918.7295288,22602319.4329318,33922105.1557286,30383558.0919656,16841782.8499872,17262620.6497742,25195302.9124589,27907451.4616653,17126637.6041416,25572647.1174609,24531570.1630964,19564913.5993559,10071864.7616195,16593596.2079384,29635271.4416181,34592724.7730168,17441046.8689835,26431951.0317978,29843601.3028314,35338161.2609681,13511043.0057325,18953978.7021081
FT_2.710_287.01750,MW_288.02478@RT_2.710,NA,C10 H12 N2 O4 S2,288.02478,287.0175,2.71,288.02385,NA,NA,NA,Full match,No results,No results,0,0,6035930.24432425,9823248.42204427,5838853.81124881,10956612.2052293,7287943.23064377,11867272.3223027,4531750.95143908,9468561.52333894,12036745.7058277,9118891.47343854,6436236.59913411,7017738.79360283,10613171.4129401,10378273.2986977,6261525.33745115,5404654.1047826,9763926.02808076,10937975.3299548,9010886.04649993,8169946.46862185,9667404.85568164,7957763.14800838,3393648.6522808,5674638.46588188,9589144.25532469,12917979.835872,6760803.0515881,7989111.41268359,10188766.1638247,9120159.22347018,3860878.58518054,6123780.79115481
FT_2.098_286.98634,MW_287.99361@RT_2.098,NA,C10 H8 O8 S,287.99361,286.98634,2.098,287.99399,NA,NA,NA,Full match,No results,No results,0,0,879680.053198018,2486319.82012757,1127868.20291,2563230.22216337,2025205.51642654,2011088.23523422,988243.897161856,2820845.35656657,3299275.243022,1868493.27928063,1124600.08230296,1736518.81327656,2160749.08082586,2248259.69725494,938325.851741017,819583.98848135,2067663.18142479,2944652.99380919,2241467.81776004,1854592.78192917,2640731.77190041,1642729.18369844,856853.123821978,1048605.4691094,3163629.49392731,3866854.97879543,1949891.56545496,2067023.54031456,2463675.20924839,1833521.06398828,388374.59168475,1297926.39594766
FT_1.230_285.20715,MW_286.21443@RT_1.230,Hexadecanedioic acid,C16 H30 O4,286.21443,285.20715,1.23,286.21441,71.9,70.6,NA,Full match,Full match,Full match,2,1,24427992.0168839,27857422.4987241,28863667.724165,40879638.5210214,18954580.2212539,41502039.7678327,47796759.1820579,33039524.6120275,58810620.0060619,32013362.2264478,38921289.1447073,35822421.7861846,32020474.0830448,29081523.4103187,45952318.8724225,23764785.0799989,5327992.47760406,36381202.3028672,57831719.7428411,30058657.8849344,50874705.8655361,21174720.0881963,57546845.6414203,22894327.0054544,45161776.1032384,32535680.2328463,28498821.7078901,17024776.4073334,33623943.7325135,45219321.5203603,17686585.2307812,21683619.8974134
FT_1.671_285.13465,MW_286.14193@RT_1.671,NA,C14 H22 O6,286.14193,285.13465,1.671,286.14164,NA,NA,NA,Full match,No results,No results,0,0,3746693.39611566,9421956.09473738,4430553.98356309,9870189.59585871,8584011.0603625,6948866.96084686,5671264.25443159,10663500.1884492,11485540.9395327,7501517.48574592,5709849.2196259,5299924.5561073,7641238.27617872,7648420.48044844,3186833.08973646,3758605.19384937,7058026.60278544,7673118.62295606,6869576.50296546,5974148.80325268,6794253.73766602,5985469.68515262,2831291.18714266,3076536.49039111,10165149.8869722,10533378.6300657,5507410.25302472,5474097.13022763,9291190.64234348,10864661.8923602,2302361.19338618,4112571.70544582
FT_1.141_331.11923,MW_286.12092@RT_1.141,NA,NA,286.12092,331.11923,1.141,NA,NA,NA,NA,No results,No results,No results,0,0,6904644.6372314,25095048.3224721,10074421.7531832,18570516.4702902,12735077.269495,12658319.1674722,22501304.9031096,11060980.5565348,13050565.7336352,2222210.52323269,6408580.47077651,8103225.19845623,19121202.343339,14610909.8531921,20077606.2184128,7257036.83833736,12863006.2217943,16658156.9912016,15914792.0555532,30335608.1389751,15114870.2215919,11970174.6369539,16279741.429569,8056963.47540821,16112058.1755043,17514453.9065788,19751470.9884008,12012548.9242247,10099989.7043487,16014784.9021505,7019216.42509258,10408004.1659994
FT_1.386_285.11333,MW_286.12078@RT_1.386,NA,C17 H18 O4,286.12078,285.11333,1.386,286.12051,NA,NA,NA,Full match,No results,No results,0,0,3772813.04309406,6562291.07337186,3386583.16567275,8370579.10260178,6081412.60467423,9052101.26260794,3055158.35692816,6469751.78884055,6907902.5240047,7591737.66700674,4671595.90632341,5343253.5827360405,7018867.5310081,6671164.46704244,3055870.83802409,3826678.38619417,9135267.76092476,7102400.22323538,3974001.82246551,4688706.98765445,7019566.893064,6479135.54948044,2448463.6950729,2820956.50683071,12178860.9363849,6818761.72029277,4569454.17610872,6884400.10339399,7664556.79010096,11380223.778225,2117529.43602796,4404639.12800838
FT_1.288_285.11331,MW_286.12074@RT_1.288,NA,C17 H18 O4,286.12074,285.11331,1.288,286.12051,NA,NA,NA,Full match,No results,No results,0,0,4744196.96575764,7770136.11403193,2848322.61808044,12383994.6612641,5867533.83959505,9692325.75140898,2741902.60165967,6914977.79898112,10203544.5455073,10083262.3655051,6417302.50518219,5124618.31800576,6657246.7605797,12669004.6532239,6263076.49020196,3461715.61251797,6949409.68341533,11031602.9949557,4734749.83822411,5640096.99251464,5513692.03499366,8936683.04370126,2593767.70356333,3743270.72465635,9139460.74215954,10647629.0176987,5880607.38227915,4630088.79273754,8001641.81061748,10801316.6324299,3009117.69563326,4370096.46943261
FT_1.144_285.07711,MW_286.08465@RT_1.144,NA,NA,286.08465,285.07711,1.144,NA,NA,NA,NA,No results,No results,No results,0,0,6226211.75251109,14265754.2621158,8804696.856605,9095438.45901429,10085783.5000881,10329078.3115943,5320991.37187928,13535094.5536644,15089550.5490847,10824105.9420167,6548019.27969959,7650958.58637776,11100897.4600504,10269229.1969262,6933379.18884393,7605071.06759968,9684067.24385583,11864975.1909434,10079710.6855173,10855367.7740586,12821739.7298817,9731841.14624749,5717957.47869821,8161561.64308913,11366653.386713,14193279.5067552,9336747.41542396,10151523.0120541,9601864.95995207,9522642.03869633,6168741.36290428,8920579.61021691
FT_1.669_283.15515,MW_284.16243@RT_1.669,NA,C15 H24 O5,284.16243,283.15515,1.669,284.16237,NA,NA,NA,Full match,No results,No results,0,0,3446023.64868424,5830043.69296731,5656420.12409781,9029742.82828433,8385866.14346254,11710111.925256,5353811.0428598,9965153.24184313,7005208.45637586,5170082.99856018,4886023.42394343,5655472.39873006,10592608.893915,6408605.67910157,3989519.27377981,4725287.26844298,14643325.6892695,6447363.43135445,12757483.6854641,3432831.62669797,8724525.23617168,5468879.14873899,5383172.07392574,3404974.72337457,15297202.0949764,8496898.97424098,15471500.1934945,11476198.8336873,9134790.66098508,36364241.874356,2728354.01904159,3100518.5448691202
FT_1.387_283.15505,MW_284.16232@RT_1.387,NA,C15 H24 O5,284.16232,283.15505,1.387,284.16237,NA,NA,NA,Full match,No results,No results,0,0,14656024.7540949,24786642.4516442,13319075.7067728,57209754.8819228,21682158.5087663,13090770.2922535,9202487.47421194,26004574.8953601,22105821.6077812,16218663.8827077,15488868.8681188,10201164.8956803,28025641.5697238,16340803.0655851,9619668.74639999,13638012.4663094,22057428.3631504,23883533.7183242,3916791.48471645,12920907.8273215,21094139.5341044,6431809.57833276,7317777.11299245,12463749.4462928,28347380.7567875,23182584.2798642,19045130.9329123,4431414.13015161,27874252.072924,31957946.8212069,9132041.51721846,8926627.74936704
FT_1.700_283.11875,MW_284.12604@RT_1.700,NA,C7 H20 N6 O4 S,284.12604,283.11875,1.7,284.12667,NA,NA,NA,Full match,No results,No results,0,0,5327589.97817262,10470602.8653047,5620666.87777472,14498338.1062195,10082630.2197565,12543244.5974812,4462661.44006852,12176196.3058541,12765827.3168953,7892305.90710325,6147487.94846511,8521045.39183984,11688106.3446696,8727786.2013019,4277432.94165757,5311701.4624358,10580524.6810866,10058748.5234217,7048031.11325078,7717746.91084534,10385809.6778089,7141459.3999205,3879047.19446273,4395869.30430341,17158557.2464285,12164177.8977736,6646271.75147121,8399545.59706433,9367483.58783974,13178645.8987485,3053659.99677506,6156560.18095327
FT_1.613_283.11874,MW_284.12602@RT_1.613,NA,C7 H20 N6 O4 S,284.12602,283.11874,1.613,284.12667,NA,NA,NA,Full match,No results,No results,0,0,5655945.06441153,10143258.8521039,11907484.3459183,19935435.2733299,9577230.28084633,16298630.1971818,3888871.0010295,9651723.52126513,9147785.36361892,10289173.5291142,6829659.3184479,4699285.5214425,10086035.7938781,6783675.11339274,3396920.04048432,3921858.90589835,9552548.86008761,11121000.7297538,5824821.74461444,5193099.08711579,7774293.21887909,6708837.07835721,3697322.55752131,3721913.09776637,15439140.804969,12164177.8977736,7596704.19284524,7211302.93738533,10320352.0832494,18162235.0066384,3534907.94383607,4528307.79024883
FT_1.162_283.06126,MW_284.06863@RT_1.162,Glycitein,C16 H12 O5,284.06863,283.06126,1.162,284.06847,NA,89,C14536,Not the top hit,Full match,No results,3,0,16206608.463832,29284581.7048565,18366732.2220607,21483803.5132721,23116869.5811355,23934903.2301843,17418121.5302731,23010106.291074,24571676.1962088,19102065.8319235,18369463.1491701,18046181.4749691,24755623.5885135,25498657.2120682,17666482.7612606,15329523.5011632,16621161.8174842,28959732.1891155,14316758.1744186,22141695.3739813,22007875.1861298,22484598.5339642,13996031.7672095,15482688.8721232,18112981.8082536,24402759.2265062,13920342.1080057,19498510.1976285,19216009.6123757,19709588.9677108,12014178.9216272,19014341.6992546
FT_1.273_283.06127,MW_284.06855@RT_1.273,3-{[2-(3-Cyano-2-pyridinyl)hydrazino]carbonyl}-2-pyrazinecarboxylic acid,C12 H8 N6 O3,284.06855,283.06127,1.273,284.06579,NA,72.5,NA,No match,Invalid mass,No results,1,0,14299801.4598068,24107903.6837876,10809081.9560596,31691562.8230003,19545338.9161612,22929888.3619488,9743761.24549873,21133761.9823788,21876185.9939337,20354789.9878258,13895556.4240596,16201889.3826772,20723249.6681476,22906330.6121054,12618871.7212838,10883766.8001228,19779206.9657321,24743975.3733525,18178077.5418024,15692118.5408729,20984090.7052165,18530001.4399528,8090555.28009963,11081485.2181897,26409012.1843443,24356211.1086037,13037921.9366371,17864504.3745063,19368145.0890912,23538825.277414,7394788.48606624,16656104.8073343
FT_2.319_282.90214,MW_283.90942@RT_2.319,NA,C3 H3 N4 O4 P3 S,283.90942,282.90214,2.319,283.90878,NA,NA,NA,Full match,No results,No results,0,0,13787176.515372,690025.576433682,2698299.73935448,3334978.44976654,3265040.36263806,5495095.83703432,5035476.90965299,20064772.4710189,2641954.8715745,4321883.64700211,10929684.650566,16534574.0693841,2747462.02280458,1010377.90377915,10312817.5547203,29293666.673289,504955.486473503,385685.365146082,2409263.36931134,1401991.2690886,1333556.88796889,399630.771097742,3450355.84020706,1444221.10625095,1225936.64370907,1698570.6724569,7327761.42906162,13485744.4118653,1836113.61891573,1068877.5883712,529168.375570253,10578671.7469396
FT_8.083_282.08449,MW_283.09177@RT_8.083,Guanosine,C10 H13 N5 O5,283.09177,282.08449,8.083,283.09167,NA,94.7,C00387,Full match,Full match,No results,1,0,1185868.05448519,1671494.34700444,6552120.53990449,5303735.0176442,2190611.50150503,4266702.248697,3936462.41322725,3030439.97700437,2706274.44303466,3162352.23932415,4435861.15601911,2117093.18220641,3199237.65085101,3961161.58894551,4275221.04944044,1896402.62198379,3304527.62232835,3325549.96233831,2155641.35974055,2097426.75346198,2972355.69207233,3466185.92937461,1970235.15991731,1507012.91170127,4174247.70262412,2161096.77647226,3669899.07999798,2810545.67917139,6107952.21645537,8913787.63312169,1647355.98711796,2856490.31192293
FT_2.283_281.13939,MW_282.14666@RT_2.283,NA,C15 H22 O5,282.14666,281.13939,2.283,282.14672,NA,NA,NA,Full match,No results,No results,0,0,6958959.30981778,24414389.7656858,9955001.76195814,48181012.0532497,8598662.97993024,34401565.9243429,7658085.83240492,45574606.4909712,14582241.5794858,12722538.7376626,7314658.6843914,6815636.31635384,18169496.2819149,7135450.32999107,3211579.5017393,3441209.27060374,20840635.9856634,13364368.5408073,5194468.80764042,2321911.79891954,8030948.95558276,5954513.85889058,10613793.37181,2431804.18418078,34977596.9582718,19189933.5958327,7632449.33458678,10038664.6185768,16621975.8317272,51382587.8535836,2686635.59496481,5154298.37418915
FT_1.670_281.13935,MW_282.14663@RT_1.670,NA,C15 H22 O5,282.14663,281.13935,1.67,282.14672,NA,NA,NA,Full match,No results,No results,0,0,8288866.22387227,13474942.5978982,8380058.47578962,12363739.392394,10362572.7227608,14455860.1623547,9119214.37355794,12463986.8562415,13104565.6529707,10572817.3053839,10562391.3120265,7902138.28665308,11807937.3356181,7871640.63508675,5460368.51476933,6698229.85853682,12525411.3321008,13696662.3309828,8454654.10526203,7051588.15033035,9626302.48216871,7579319.57261974,6280610.23191817,5752234.52310618,19783888.7086094,16392076.8461394,9591677.78761297,9612948.01765977,12644612.387427,15724728.4287635,4116439.34534851,5482971.69035859
FT_1.670_281.10327,MW_282.11054@RT_1.670,N'-Cyano-N-[2-(trifluoromethyl)phenyl]pyrrolidine-1-carboximidamide,C13 H13 F3 N4,282.11054,281.10327,1.67,282.10923,NA,61.3,NA,No match,Full match,No results,1,0,6291149.68074679,12872921.2346439,5846123.38579842,20359603.9990866,8167868.51371559,20617406.8010899,4329233.04569765,16194670.6693349,14966547.9030597,12068235.0403825,7262400.70572582,9248383.30457828,11397281.3705556,9956849.05835335,5957115.97981555,6227493.80345293,10914488.674021,14202585.6926184,7339430.40181507,6783531.96330939,9232698.06917722,9943726.46020868,4477739.48637341,4334177.63654518,20064911.1416778,12971797.8889481,8361099.46961013,8459661.84720188,13235808.6683201,19629783.4075141,4226556.10838868,4977234.95632471
FT_1.389_281.10324,MW_282.11051@RT_1.389,NA,C14 H18 O6,282.11051,281.10324,1.389,282.11034,NA,NA,NA,Full match,No results,No results,0,0,32732823.2968479,11193682.1734364,6380253.72491229,16142267.6556492,9230710.43824446,16127627.855862,4326166.15524856,9365531.20506795,9387056.03135385,9137012.90799666,5013065.81267713,6712675.64708497,9078502.92152871,7388245.91782329,4536093.15859864,5020561.53741887,10773529.2180218,11176825.6652365,5254255.82900243,45454406.0217039,6597701.36606899,34637025.0764475,2374076.67190036,36387584.5759526,17133345.8826767,11936088.2532348,7213979.7740249,9555111.47472581,8566288.41654947,17226351.435365,3627515.74142583,29816771.1711209
FT_1.294_281.10314,MW_282.11042@RT_1.294,NA,C14 H18 O6,282.11042,281.10314,1.294,282.11034,NA,NA,NA,Full match,No results,No results,0,0,32732823.2968479,60538218.4738277,26242159.1258077,89268142.7975404,39038613.6314552,69077914.0980309,22051727.2403081,64288753.3511331,60878684.8219879,42772447.9088898,36754723.883739,36478607.5581411,44785922.6810543,66049677.7711279,26385280.4923007,22814718.7740382,46154725.8769826,57024194.2804195,80049705.8607413,45454406.0217039,67755444.181594,34637025.0764475,22448035.2283471,36387584.5759526,59516160.9701759,52875863.5875589,35576387.5757098,34405578.3188021,49780131.9816804,66418801.3321909,21681142.4815944,29816771.1711209
FT_1.407_281.06671,MW_282.07399@RT_1.407,NA,C13 H14 O7,282.07399,281.06671,1.407,282.07395,NA,NA,NA,Full match,No results,No results,0,0,32094279.5190342,81183364.2287972,33188006.6319469,116253639.055477,47466655.8476828,142790089.434298,13789245.3774041,88671003.775307,88661434.4068592,41682434.8739068,22156122.3961059,47504211.0232065,86936371.1827808,49632386.7038431,21448807.5410499,38652149.3231578,67168517.8621691,53522051.6988167,69804951.6402303,46709333.6511304,46370557.0959349,32629836.0812359,16812035.2196928,26378640.113397,136434709.487771,86373736.1874954,92077996.4227355,68805272.0843043,93480654.436931,122210687.967053,28287182.807044,38469249.037412
FT_1.533_281.06672,MW_282.07399@RT_1.533,NA,C13 H14 O7,282.07399,281.06672,1.533,282.07395,NA,NA,NA,Full match,No results,No results,0,0,16297577.9663878,43886187.2637356,18594188.2985193,25756485.0481615,27240181.9563932,29896354.0020819,18171923.2042151,27275497.2135824,37094646.5365263,25460783.92999,14779557.1741671,21570722.2919657,30283779.1038375,24099426.3593152,18002034.0914804,14796886.3359188,22998909.060193,34810579.7440791,36924474.8995166,30026562.049363,49043608.9738439,36387088.0331217,23245503.4849248,16182682.2151521,42166283.2448088,42839267.1038216,19259864.7468281,37217531.837737,28341409.7704202,19684147.9529858,12813580.9615874,20548221.7846462
FT_2.168_281.06672,MW_282.07399@RT_2.168,NA,C13 H14 O7,282.07399,281.06672,2.168,282.07395,NA,NA,NA,Full match,No results,No results,0,0,9364667.71933119,19559450.9300348,9651325.87110956,26206488.4360436,11048855.3091791,24228080.8646715,5294000.31373832,16103726.3452113,17031818.5677425,16111427.7018598,10729854.0134309,8237313.99830365,14448702.9096741,13801312.4940829,5938734.62070982,6509426.50147476,14298634.4743597,18110685.2982043,5344535.98252411,10699972.0068369,11714271.1540565,16254521.4510119,5001962.08610945,5549255.52920608,23456402.2345073,14899999.5523168,8428634.15250238,9331913.46452531,13713003.2425889,24217950.0531171,4293092.65764748,7743286.52861871
FT_1.434_279.12386,MW_280.13113@RT_1.434,NA,C9 H21 N4 O4 P,280.13113,279.12386,1.434,280.13004,NA,NA,NA,Full match,No results,No results,0,0,9085803.75707634,9053202.4464504,9745233.90307341,22585629.4293287,9037010.29655022,11815594.9878007,5818400.64788453,16971674.7706309,18230291.2395468,13169381.7778993,17295218.0800783,10508006.3805545,16747546.7838543,12356177.8700151,6831867.63351643,9674118.97904971,16837208.7748486,11912902.2252435,20063489.0792785,6796320.30670012,12845678.3188607,7720356.52010311,5884714.91680457,7565798.02839138,16085308.8281124,10210633.8709666,11844860.0132972,11169292.1537408,19364335.7876342,23585025.6040371,2547647.03820732,7851346.81874435
FT_1.676_279.12381,MW_280.13112@RT_1.676,NA,C15 H20 O5,280.13112,279.12381,1.676,280.13107,NA,NA,NA,Full match,No results,No results,0,0,3686375.14369297,12384112.5990353,6927289.6228622,10604980.2344377,11334498.001108,14111956.3834184,6055942.53562642,10547105.4494915,12222170.9061505,8254562.45105965,5821691.23691899,6066798.55172688,7857021.22474801,5265378.59987779,3642845.08667165,4769252.71094093,9946645.66818686,9269271.16636018,7105833.57583314,3338376.27533123,7297742.42173395,4002891.03815127,5310443.10432934,3076865.79406367,15837759.9611134,17378305.8081648,7898448.17828944,9397551.65165392,10726766.8327504,17211700.8173552,2406206.27983322,4454739.79811423
FT_1.501_279.08763,MW_280.09490@RT_1.501,NA,C8 H17 N4 O5 P,280.0949,279.08763,1.501,280.09366,NA,NA,NA,Full match,No results,No results,0,0,11038247.164383201,21321674.5419305,12708216.767319,27213499.6636435,16879805.1588263,24653047.4401986,9211179.23631191,22197196.910189,26844721.6326463,22399816.2019253,13151782.6417002,14962584.4357836,23567430.5988941,21472612.4326665,12567634.4962501,10017553.4103663,15896108.0329148,22891351.1361769,18744157.2849059,14055611.3292322,15790006.0439897,6706189.21503648,9066121.26615001,10637055.0241028,29953779.0127084,25775200.4610656,15033285.6226578,14569403.2279922,18096025.1345391,20680170.3194314,7414539.40342416,10864213.62894
FT_1.656_279.08746,MW_280.09481@RT_1.656,NA,C14 H16 O6,280.09481,279.08746,1.656,280.09469,NA,NA,NA,Full match,No results,No results,0,0,12598560.9059981,23007309.5158188,7652060.02963893,25212847.9474705,16281590.6199535,33687106.3868555,9157861.60952257,22636780.457056,24347872.378298,20628066.7379023,15358565.4073469,14498325.7956195,22887846.1754355,22963256.4625556,11582307.3076533,11130830.9383238,22736050.6124137,8853033.28324011,11301793.954806,13600097.6793532,17813595.6694839,69234774.5504166,5627953.26225414,9147179.90429119,32249638.7079214,25479549.8078639,15675039.0088672,16855647.4473623,24472643.3294253,32096654.1331438,9227591.5811256,12205741.420642
FT_1.195_279.08749,MW_280.09477@RT_1.195,NA,C14 H16 O6,280.09477,279.08749,1.195,280.09469,NA,NA,NA,Full match,No results,No results,0,0,18468015.2277024,28267785.20411,14196626.7049162,46131929.159962,24885506.7620763,48653250.5734424,11482307.5174969,32543569.4156953,27665859.0345421,22706689.1375327,21222008.2346131,25283796.6079164,31643265.2853743,39754186.5238317,12652506.7053306,12922280.3748849,42721325.3841593,13766620.6454151,23939213.7314314,24892019.9525759,22713673.2433882,23469817.0308601,8682074.81110618,12721575.2031611,43690097.9034332,34580991.8425169,30859760.6186548,26981822.8079553,25549271.0762749,40839504.1202128,26992348.439291,22498304.8365812
FT_1.383_279.08746,MW_280.09474@RT_1.383,NA,C14 H16 O6,280.09474,279.08746,1.383,280.09469,NA,NA,NA,Full match,No results,No results,0,0,7080922.63747803,16113268.2688743,6427401.82340165,18643186.1454888,11027292.8728834,17249318.7386274,8096269.72475407,15537522.4800529,14519707.395589,13053466.115892,8682131.30299414,9141167.33834631,13406147.9330404,11664912.0661232,8444076.4914178,6876277.34524366,7986139.67000711,13801081.8527363,9407782.59665219,10471378.1475739,12055533.7397177,13079634.2041391,5930642.55394751,6622645.27265243,19293811.5929393,9781903.00201121,8328317.88898103,9703263.73402261,12646664.0270976,7078021.33853827,5259707.92273671,10506536.7093836
FT_1.807_279.08746,MW_280.09474@RT_1.807,NA,C14 H16 O6,280.09474,279.08746,1.807,280.09469,NA,NA,NA,Full match,No results,No results,0,0,15529366.217738,27488414.4211848,9229743.24418609,63567315.9528569,13741229.2266993,43356526.0950907,5536230.39759323,22409693.5297398,23663310.7704955,23038007.0014691,14585689.3869565,10023942.6255926,24696396.1675455,25689682.2297593,5555144.08955673,6656610.04723539,18902294.0176863,19877350.4439516,6705695.96238061,16041909.6975668,14072167.0077463,14722695.666511,4698938.55767456,4715165.87572083,46649401.5847897,22775721.8392482,11514599.3431294,19871542.9261189,21995601.0984925,41682135.1878074,3640632.33081714,7311345.53199854
FT_2.062_279.08747,MW_280.09474@RT_2.062,NA,C14 H16 O6,280.09474,279.08747,2.062,280.09469,NA,NA,NA,Full match,No results,No results,0,0,4042486.45430815,15091028.1646479,4054222.33795821,36237289.5407322,7533207.64121722,28380415.3821396,3704893.78170911,16526899.6527967,11580810.1579403,12390100.9110651,4596051.43987327,5197017.86140471,13759001.0983881,9398260.74087965,2954907.62974283,3365155.52350738,13751780.6581819,10827300.7067215,2457675.89886423,5131755.68478882,7035308.22375551,5735933.74025116,2103825.7884743,2256823.65675809,29867557.222799,11402387.3815084,4965872.91191148,5997759.68287988,10425345.9348977,30697893.6003323,2021855.17842673,3652091.74872058
FT_2.202_278.99668,MW_280.00396@RT_2.202,NA,C14 H5 N2 O3 P,280.00396,278.99668,2.202,280.00378,NA,NA,NA,Full match,No results,No results,0,0,13896577.9528003,27019206.4528189,12659577.0961054,21852746.9218903,19231597.3360234,24543169.7760236,8553682.82538965,23386912.8058615,29599835.5137295,17370044.8782394,12108970.844267,14796233.8789459,21848567.0267873,16103751.6891433,9175084.433794,9161925.86253532,20599289.8766714,28857249.4685163,20015763.3732546,21142409.2501985,27181348.0451335,16157567.966091,11178693.2149215,16244149.1240308,37287172.4835208,43681402.6219374,20880414.902475,20802076.1364056,25075350.6643749,23121233.5519426,7513472.31351438,11176497.2960142
FT_1.666_323.11403,MW_278.11568@RT_1.666,NA,C15 H18 O5,278.11568,323.11403,1.666,278.11542,NA,NA,NA,Full match,No results,No results,0,0,7713551.19748513,18379336.427448,3656394.70574543,8994439.41574291,13498899.9982077,15793843.7613055,3000731.80548108,12160782.3764418,24739162.5624464,5542451.40660033,5416347.89988105,7162542.19659076,19112706.5043073,5819282.76499818,4542185.8663929,9044518.94948424,10418014.1517306,12137920.8840964,4215670.39204647,4223602.93139099,16154304.3270781,5093289.0938808,2995307.13692871,4759519.2292087,12592303.7860068,16507198.2181386,8358609.92035176,12404937.9183906,18784223.7196287,8311135.6890809,4411757.17070282,3773294.66284186
FT_1.568_277.10820,MW_278.11549@RT_1.568,NA,C15 H18 O5,278.11549,277.1082,1.568,278.11542,NA,NA,NA,Full match,No results,No results,0,0,11585106.5805294,20110364.3095142,7859871.12293127,20174144.2723477,10023638.9029178,69371752.2111519,7082573.62959573,17029647.8257797,19064565.5802994,12695630.3597799,8744750.25167461,8762199.27083762,19948777.5534062,14616190.5180167,8366157.7778772,7136806.33366051,12893735.0872449,12766987.0754365,17136388.4519145,8642295.26080922,12849742.8685416,13803081.792441,6048001.25502759,6877314.70153428,22921354.2308344,18692490.8383757,10251528.8984197,9895945.80608896,15214184.2637117,15710571.6795387,4715183.1416471,6417665.34153536
FT_1.390_277.07177,MW_278.07905@RT_1.390,"N1-(4-chlorophenyl)-2-cyano-4,4-dimethyl-3-oxopentanamide",C14 H15 Cl N2 O2,278.07905,277.07177,1.39,278.08221,NA,64.2,NA,No match,Invalid mass,No results,1,0,7964915.03467031,17561867.8641965,8226687.74866831,21681877.5021897,11124647.9950264,22064043.3086554,5331726.26481774,18204084.8842471,22951828.6598499,16920136.2676526,9914682.80105234,10080851.6959228,15309933.703814,16761054.4618821,7224810.20977866,6711480.21917455,13605666.7724714,13064016.2648569,10499861.571468,16792825.6673567,10603930.0553773,9883228.56427623,4883018.51256255,7416359.16296403,29933182.3707354,19555303.2613344,9450917.04020426,9957135.66827904,19569794.9267791,19926600.1459463,6136610.72232121,11453147.1155612
FT_1.593_277.07172,MW_278.07900@RT_1.593,NA,C14 H14 O6,278.079,277.07172,1.593,278.07904,NA,NA,NA,Full match,No results,No results,0,0,6167220.50900921,10029423.8375202,6637200.17627631,19613390.6123008,13839599.194955,18961568.4931457,4081421.16548808,9254555.72334751,10765757.2965008,9963098.97011341,7944468.71813661,6748420.04524067,12251017.2613886,11194139.700338,4886834.29937089,4932583.10167888,9411993.81183281,12492588.4909773,7872522.45864479,7837108.55598377,9404341.51404908,7539829.46023578,4173500.79411616,4726634.7170427,14090128.9521428,12520810.4012737,10074557.6441309,8719283.1118552,8963275.37387642,14995676.0090245,4362854.13212057,5891238.50068484
FT_1.222_277.07169,MW_278.07897@RT_1.222,NA,C14 H14 O6,278.07897,277.07169,1.222,278.07904,NA,NA,NA,Full match,No results,No results,0,0,6082705.33011617,18268635.0511078,10805962.6134132,23773764.3628483,13472528.0402546,18319892.9736927,8650052.7769344,8746019.01498727,41733017.2665014,30132300.7385603,8935623.65242671,15045694.8447023,15158050.9508402,16286717.9391771,11267400.9062131,6110194.64581326,14997606.9246766,9096582.84702127,12234928.4564331,15834483.4174701,31196386.2336275,18508073.0460007,6720441.47472239,10208011.5981206,25479587.984139,19693621.6742006,28342186.9047835,12585945.6449624,18722715.0442895,17953942.0026731,10061043.4738879,10462876.2473616
FT_1.676_277.07167,MW_278.07895@RT_1.676,NA,C14 H14 O6,278.07895,277.07167,1.676,278.07904,NA,NA,NA,Full match,No results,No results,0,0,4905329.10683103,8355293.986506,5235574.26841665,8462845.78493994,7358449.48130869,9798311.23258138,3230514.79829503,9254555.72334751,33310235.5693437,6837222.50955302,5611005.11286753,6102032.42802849,8612764.06313188,6962354.22953297,4568865.4307832,4615876.79703454,6886353.54235069,8280393.29003949,6238790.63179969,6630483.64402857,7915597.9738851,6700842.87137549,2922701.5483089,4388135.06402538,14072577.781044,8567890.69355312,5717339.86020045,6164074.0418954,8963275.37387642,7961747.14617706,3198121.84095295,5995546.04501591
FT_14.984_276.84223,MW_277.84950@RT_14.984,NA,NA,277.8495,276.84223,14.984,NA,NA,NA,NA,No results,No results,No results,0,0,31970155.9381411,5352981.79027163,21819536.2243972,19834633.5531043,39488980.6267948,30207581.6813878,16478381.5787786,25703833.6702217,78978171.2529426,15389260.1378656,20011451.8410649,35021551.5744694,27350729.8491983,34745165.2331492,7131555.84990144,69705862.1791825,28570949.1640765,2761735.41623202,4538616.12494777,6432304.3340262,39433395.1877229,26239412.1373197,32173376.8047732,22229974.0220563,4535546.56885759,2371650.17023546,9813681.16287497,18712080.5868942,4416812.04173094,25305602.5300118,2072864.80291591,9944611.93191384
FT_14.745_275.95730,MW_276.96458@RT_14.745,NA,C6 H5 N3 O6 P2,276.96458,275.9573,14.745,276.96536,NA,NA,NA,Full match,No results,No results,0,0,4967325.44071573,4411112.63190541,3461154.0753483,28444535.6962582,5648158.97328544,13418546.1780096,1240571.28694191,4924783.84963971,7427583.58055378,23391604.8101006,5691384.35898617,4621503.04761651,6879096.37482296,17994364.0584925,6736107.04655243,2648203.96761751,5515031.67401936,5066702.26557268,2852872.58570801,1086912.97112822,3071731.38792396,20567284.1258689,4490434.93579265,756679.348900977,13559892.0100631,8151145.60291844,5064290.787949,1583972.39337006,10716608.3022101,25444698.9269209,774107.001550155,2065341.70915363
FT_1.436_275.11378,MW_276.12105@RT_1.436,NA,C12 H20 O7,276.12105,275.11378,1.436,276.1209,NA,NA,NA,Full match,No results,No results,0,0,3049856.97698024,3006304.53693108,5195369.02760017,2091835.37555047,6311489.16613179,3187827.76689237,12140287.2303101,9180333.98323103,2687108.49686296,3288326.24260155,4572501.46239871,1637048.73339593,1924085.61563172,2144473.2158848,2746898.51516321,1369143.19822074,1536917.15784692,1709427.6796002,4608974.80423589,2737360.96852566,1514873.74258863,5486172.14479247,5182002.15978788,2781274.74166281,5368224.70100533,4425293.08065253,4160406.94609459,1779844.47747024,5323680.79742288,12493890.1305481,2619535.84802043,4329683.01978455
FT_1.382_321.09818,MW_276.09996@RT_1.382,NA,C15 H16 O5,276.09996,321.09818,1.382,276.09977,NA,NA,NA,Full match,No results,No results,0,0,12278472.0393598,22662875.4124881,9544297.31277091,24204958.0669017,14448647.7545625,27850174.6528735,6570399.87407446,20517409.253805,32549090.0998195,18227184.662899,17779040.9434874,19638222.3319076,23292731.6431636,18095163.3107399,10276838.0276465,14137606.6617559,17241598.3957959,18715269.9093567,11719575.5196516,15989951.5491218,21440660.7338059,14809476.9488684,5853130.07812503,9290693.42332881,38872692.5519049,31695957.4533359,19585359.0714738,25788364.3446619,23851807.8712374,36332961.7051035,8929211.94407281,17316453.8050273
FT_1.668_321.09816,MW_276.09996@RT_1.668,NA,C15 H16 O5,276.09996,321.09816,1.668,276.09977,NA,NA,NA,Full match,No results,No results,0,0,17438428.2614793,32333183.8902615,15677491.525727,44056016.2923516,22544425.5572937,43423697.19473,11499393.363792,36819275.6971371,35751506.4609166,28432312.7406507,16612614.1009029,21394498.0952862,30303424.6447507,28760562.8962491,13308473.8065105,14215714.3939864,25659618.7168783,30600606.6664801,21872489.0777181,22565540.5614634,21048339.8999484,23496295.1299254,10220272.8400045,14442811.8343186,43208767.8390519,31787763.7395265,19408093.7634721,23454253.2350401,29464756.219263,36106424.9092848,9922935.17513321,17359201.3658014
FT_1.324_321.06223,MW_276.06376@RT_1.324,NA,C14 H12 O6,276.06376,321.06223,1.324,276.06339,NA,NA,NA,Full match,No results,No results,0,0,2734310.68037741,4397064.44029162,2239070.64325747,5319138.63783681,4595746.42026437,8721438.19847541,1676041.66255596,7336655.15749523,6791640.98976807,2292267.71434128,2937951.58337368,2538495.35293129,6125880.61525193,4618080.49090146,1743234.52049936,2266117.88033858,3072722.66209986,3729428.63427428,3089178.11954166,3866265.91476172,3656782.21158956,2866419.83107346,745722.141088415,1502577.36247527,4897464.07912781,4951008.04334089,2522974.71744355,4699737.77004252,5685197.69451201,9972237.45046485,1602922.11865757,2081412.71884341
FT_1.244_275.05607,MW_276.06334@RT_1.244,NA,C15 H16 O S2,276.06334,275.05607,1.244,276.06426,NA,NA,NA,Full match,No results,No results,0,0,5176013.09656792,14000361.0977559,4544288.367302,13322210.640522,7660393.24271545,13259660.7562936,3091867.71815958,13290151.772275,10240981.2824057,5829668.58834651,4686158.6420606,5491783.36629544,10989657.1024095,7497298.97835686,3075251.77741691,4211866.8458574,5512860.03041449,7751652.61561277,4347182.84636016,6454753.29720729,11260020.098224,7798217.48262311,1855140.01927407,3741557.23468317,16431380.5699601,12274712.4440615,8422196.06602962,4940540.19973683,11780174.4389712,13836243.4172213,2988824.12575489,7277567.70608224
FT_13.830_274.10456,MW_275.11184@RT_13.830,NA,C10 H17 N3 O6,275.11184,274.10456,13.83,275.11174,NA,NA,NA,Full match,No results,No results,0,0,4211426.47473762,4709843.07306447,5468634.05666806,6598824.26766319,6050515.49887777,3324014.85768829,4788956.55192757,2070958.02917661,70627.4254081398,70655.152677692007,70607.7659898432,80399.0737366053,70796.5328204118,70443.2163699687,72176.5818958841,73246.5221775224,71388.5571439308,70304.870271937,70380.2793924966,70137.3742401351,72205.5075712203,74037.4885158543,134932.594521942,68868.6020939657,72282.4076137981,70528.6074612971,68865.8909848209,70981.1280990629,6881527.70550831,7949282.18371265,970603.40752776,4007402.15691134
FT_1.312_273.13465,MW_274.14192@RT_1.312,NA,C14 H26 O S2,274.14192,273.13465,1.312,274.14251,NA,NA,NA,Full match,No results,No results,0,0,1309204.09418931,2315672.3199636,1300171.1091582,1935631.24288271,1987956.58559038,1459509.09732977,1545817.43411713,1511063.8865721,1926063.55711242,1818766.69607426,1718352.88784705,928118.623539104,2406812.97311136,3455496.84208994,1062655.5277063,595506.155311258,1252132.89271619,1830994.0545945,1026331.38732255,1429578.43047273,2308709.10059628,2182306.40611141,720481.475826944,1146767.43149912,1963897.4333469,2495567.30509027,1457882.32536538,1292547.98605656,1577902.31002619,865655.619762453,664482.891527737,1126365.32711849
FT_1.184_319.11876,MW_274.12065@RT_1.184,NA,C10 H19 N4 O3 P,274.12065,319.11876,1.184,274.11948,NA,NA,NA,Full match,No results,No results,0,0,11280664.0387841,19689348.3311708,21749141.5640272,20316894.0185902,15944545.7591571,18984232.5414818,25311902.3045218,23187058.915777,24062318.5138931,10174621.6992727,8569778.68614992,15705092.0321715,16394667.821216,18429017.4655698,5630095.87991637,11165029.1666388,12991605.7507228,14812182.804425,7545928.01689554,18309743.270814,18416388.0378817,31847604.7953499,21590488.2821041,10935792.4643938,18981216.7920631,23208432.3471548,8905289.26219219,18820754.7453354,20971621.9918243,21812555.2804131,8039793.21026957,12300781.6434198
FT_1.672_319.08280,MW_274.08452@RT_1.672,NA,C7 H20 N2 O5 P2,274.08452,319.0828,1.672,274.08474,NA,NA,NA,Full match,No results,No results,0,0,4735797.20745391,13415098.2111644,7411085.49161417,8420656.17674817,6268205.50964242,18946271.3341259,3840348.22868116,12894774.0014223,9804642.71094979,8745403.51498255,5081894.50566219,7175447.17838476,9379337.57942754,6841611.46385036,2955375.98935898,3753599.75507994,8463557.81519772,13096492.6087056,5812327.22854083,6766602.00238041,14091605.8898858,7858332.83933252,4970227.66225993,5310621.95659094,27046464.6207456,13917190.6678062,4030257.8514783,10622336.9878378,5596081.08703402,4085835.70690312,2698552.36470323,2975748.75062818
FT_1.172_319.08264,MW_274.08434@RT_1.172,NA,C15 H14 O5,274.08434,319.08264,1.172,274.08412,NA,NA,NA,Full match,No results,No results,0,0,22516621.1408848,12993809.9224298,7023492.14697903,39219142.8708627,8036276.07079118,13236085.0574179,8423817.64216498,11269143.5227362,12029008.9592472,16899762.7574445,8025504.2978071,29869209.6041594,42990951.5726932,10097998.1877318,5814197.5870103,23540768.5680671,14991818.0522815,21443819.3666323,6684431.15785853,27152775.1333057,33899030.1335942,10658912.8501083,19501748.5828891,6413197.70563691,10610952.7310387,59963116.4413336,8740358.05003057,38588507.9902078,33730928.2424815,53077263.0432652,18106965.4389931,22893671.0195686
FT_14.756_272.95894,MW_273.96622@RT_14.756,NA,C5 H9 Cl N2 O5 P2,273.96622,272.95894,14.756,273.96752,NA,NA,NA,Full match,No results,No results,0,0,139331053.59393,121905461.88289,91719191.8440882,759190198.010122,194444490.365376,357033555.696311,71168214.5101014,130997872.293985,196135531.452259,632290011.428768,156451221.307892,118545018.347539,186498863.054357,468255219.130935,174930789.830139,73275418.2489528,145276907.968041,140684078.536454,80248177.6147699,34594239.6469497,80223320.9628485,539264184.215334,129638109.470466,35231279.7150992,355931626.718007,217823547.641715,135486860.158348,44522055.1781561,281172804.776249,678942597.226948,29141653.9347786,58393575.8080093
FT_2.243_271.99940,MW_273.00668@RT_2.243,NA,NA,273.00668,271.9994,2.243,NA,NA,NA,NA,No results,No results,No results,0,0,1030354.14542951,1482149.314975,9837347.26700206,7908462.59971929,7511168.14954293,3783507.10508628,21364223.9303043,7662947.31157454,13428668.6241828,9910869.43910054,14695915.804144,15275920.3005599,12785010.5937394,12454587.7704022,16446533.0003532,11915220.2141643,7649796.96668488,3065988.45523256,6402458.50679613,9992035.49034935,1577035.52900404,10041234.632002201,13431993.2276032,4272193.15285798,1936315.90889287,2698795.41501432,4995454.7616957,3171862.28459383,3645717.55732787,7715705.29199315,815233.55584849,7668588.51728036
FT_1.156_271.22795,MW_272.23523@RT_1.156,16-Hydroxyhexadecanoic acid,C16 H32 O3,272.23523,271.22795,1.156,272.23514,NA,98.3,C18218,Full match,Full match,No results,1,0,37135964.8530747,56012852.0571276,32459359.4039106,74665906.949787,57336586.7213542,68795977.1918591,26819009.4815778,74627839.4376898,63899077.7516132,54083816.0443526,31678042.9365175,46736192.8749192,63100254.0354028,52329893.3084062,32341355.5012162,26932404.1960768,49667353.6241083,48313041.1152286,39767376.0445457,34769878.7438471,44988608.6213223,47532115.1879999,26998680.5254983,27280242.7700052,71042004.4242338,58644304.7883673,17294110.5432489,42104710.6369761,50362328.576029,58611839.5792762,22361205.7538692,44460766.6289392
FT_1.320_271.15503,MW_272.16230@RT_1.320,NA,C14 H24 O5,272.1623,271.15503,1.32,272.16237,NA,NA,NA,Full match,No results,No results,0,0,4279020.77911691,9854885.99669033,7705546.12511577,10749031.1283962,7458841.7746144,12257270.8451086,3279047.68260317,5810094.20420303,8280473.60578121,6139496.69690612,5521359.79533566,4793708.7378365,7886363.00679466,5584211.40673191,4327079.16552566,3822540.78998225,8460761.28902473,7783049.40776539,6641580.52071971,4526753.37470134,7088643.17315904,5483352.05330173,3252310.76377069,3513129.75512955,9387026.35680927,17393411.0147173,6402811.9444637,6821475.80627774,7180051.98274555,18953216.3689048,3490398.1176966,3828585.96259018
FT_1.414_271.15491,MW_272.16218@RT_1.414,NA,C15 H28 S2,272.16218,271.15491,1.414,272.16324,NA,NA,NA,Full match,No results,No results,0,0,3460978.47159762,3321407.67720687,3021591.40308043,4562603.70899323,6371019.46061628,3760833.57363827,3606215.75417735,8166045.97254393,8106005.36525192,6263596.03507749,3895417.79130676,3238685.36039384,7703566.77582122,4945390.41514401,3082967.04957032,3849710.59268168,3907300.53868647,6879037.86314357,7449903.70289002,5515453.51390371,6235996.88300981,4586728.2749033,3202882.10374687,3972788.82169854,6428808.3777862,6761977.20969027,4275813.39879253,4228577.45310565,5104920.61423447,6406948.64903821,1557198.95397039,4091724.90558182
FT_14.736_269.95928,MW_270.96655@RT_14.736,NA,C4 H6 N3 O7 P S,270.96655,269.95928,14.736,270.96641,NA,NA,NA,Full match,No results,No results,0,0,2652607.83695295,2052370.62133513,1846697.6528734,13292156.2106781,4025558.32407233,7289433.13935915,1341787.7249321,2514042.78945089,3674958.17132178,11871986.8981256,2974606.88050948,2197296.99216969,3354186.84143811,7438104.77236222,3400560.85996828,1331770.50328128,2674183.17985865,2577925.91745342,1620992.47223159,487672.42377031,1442018.89932974,8698579.0375123,1076110.86381332,527703.807111361,6741934.38189773,3775497.89532108,2394171.59749934,541023.524999798,4830451.59474123,14249152.4121451,377999.389977304,766046.199812608
FT_1.153_269.21232,MW_270.21960@RT_1.153,NA,C16 H30 O3,270.2196,269.21232,1.153,270.21949,NA,NA,NA,Full match,No results,No results,0,0,5276083.21063809,10477612.7771467,5554315.20410515,14899032.5676416,8260199.11870204,10480158.4363743,5844791.90614442,13883170.4405026,17891758.2971918,15393349.5113978,14457596.4864968,11812381.663507,19327016.1737528,10707453.6928389,18329894.2834232,9113067.07347923,9427047.455432,8174211.06977247,7407791.08831778,10432436.8095935,9260312.14525878,10113554.9544407,20254629.638268,8565086.35888277,15331265.6077679,7802557.64719021,6495139.74589953,9522927.83230947,11433119.0512105,12331775.39892,4005462.89330659,6348449.2854902
FT_1.479_269.13945,MW_270.14673@RT_1.479,NA,C15 H18 N4 O,270.14673,269.13945,1.479,270.14806,NA,NA,NA,Full match,No results,No results,0,0,3729398.99440988,9782069.89369215,5128770.22135732,9797446.79684222,7178448.11748634,10557805.5602217,4054555.89763237,7479817.45651908,10909786.8921441,7527132.07739856,4062732.8979701,5174190.74154091,8146186.4095517,7066763.09634165,4370284.63603891,4224164.29160927,7001432.82695257,10569021.2202963,8060444.40588848,3950312.82979443,8575148.70098474,5413838.28220558,2792233.13165642,5482852.9088298,12343241.1453056,12972410.9650686,4482924.69976184,4581949.59776233,6775953.13530989,7861045.15592645,2400672.39569054,4800927.07824337
FT_1.904_269.10308,MW_270.11036@RT_1.904,NA,C13 H18 O6,270.11036,269.10308,1.904,270.11034,NA,NA,NA,Full match,No results,No results,0,0,7368031.02792649,13194468.0418154,5188312.16894139,35310870.546685,10994586.4405849,29496483.609095,2956349.2245402,13819897.8753456,13703463.3349636,13403063.2990483,8070830.70971768,5488966.11900299,16517685.3905746,9960937.25425409,2986518.01520669,5580679.8012131,13602044.2437542,12008263.438795,3747488.670741,6666332.70923892,10067300.1630192,7362392.37890235,2894711.37148719,3095136.69861636,35513665.1499007,16991334.1989206,7875681.17318668,9494492.46251454,16555799.6880408,34506059.1432604,3170851.56280128,4590780.13495693
FT_2.182_269.10307,MW_270.11034@RT_2.182,NA,C13 H18 O6,270.11034,269.10307,2.182,270.11034,NA,NA,NA,Full match,No results,No results,0,0,3676901.14926694,6108211.3595509,3226218.10044112,17978650.5441001,4053451.40291831,20580317.2954993,2206171.07642143,9364961.72657479,6103480.82469901,6427585.78404018,3862264.46928479,3440413.16973416,11342777.6431365,5420498.38481845,1057948.32584311,2590371.48192068,6729943.68674052,6709659.6740804,2969867.95376689,3557019.23830291,4791149.1137697,3534516.37594803,1140973.82983525,2066347.51414726,22957044.6530581,7118580.1715158,4222365.77113595,5476109.74363909,8045959.32505155,23615532.7625602,1606264.60000663,2337957.01670798
FT_2.623_269.06672,MW_270.07399@RT_2.623,NA,C12 H14 O7,270.07399,269.06672,2.623,270.07395,NA,NA,NA,Full match,No results,No results,0,0,6102499.03001751,14416047.3193497,2548103.6929847,34207438.9709945,7608629.63357899,28655236.5536831,1939665.59152528,11802627.2217077,15303398.3110427,13370106.6849515,5528132.85393256,7372733.27432469,10684104.2535517,9858244.50389289,2689935.41250651,3199996.84256949,11018791.9605362,14000721.4628156,3241076.20063351,4487296.71694569,8937496.93649898,7023397.00230566,1697430.83945938,1927673.45463767,38765232.3018674,15796177.9883243,6485993.34216473,8800174.55541747,16475513.6026473,29548673.4431736,2394622.95085952,4320168.5366194
FT_1.188_269.04556,MW_270.05284@RT_1.188,N1-[4-(cyanomethyl)phenyl]-4-chlorobenzamide,C15 H11 Cl N2 O,270.05284,269.04556,1.188,270.05599,NA,85.9,NA,No match,Invalid mass,No results,4,0,18857628.5456635,31423650.8547401,19964047.0992837,24263169.6405078,25341114.6496375,23115601.3690062,16669461.8709666,27331815.7791973,27954931.8836653,22521501.3468845,17444486.425074,18226289.809854,25159315.3458418,25871358.6439564,19952975.0530856,15129326.4001877,19621100.9989457,31863761.2027823,15507523.2706594,20752371.5045332,29443117.1011426,30836714.2119511,17305461.1855694,16998649.3025134,22794718.3290696,27831530.8525927,17526291.0067752,19752124.5118894,23469204.2239334,20065606.4214552,13487740.0666409,21039585.0875456
FT_6.810_268.80094,MW_269.80822@RT_6.810,NA,NA,269.80822,268.80094,6.81,NA,NA,NA,NA,No results,No results,No results,0,0,4292916.6964184,2163145.39783571,3242826.37248613,4828118.52175967,5296938.67504428,3608270.914112,4766317.19541766,5888201.75224789,6455041.88499627,4161707.79039021,7282530.98546731,5050529.48989884,5984599.44731186,5590452.91589711,2315925.11191407,8064110.18936587,1598139.29751261,2139028.36191481,4084094.30552582,6654525.78685908,4727659.23852898,4999389.9724502,4117969.16499433,8998789.71374752,3337639.21910166,3937770.67702168,2173715.67410989,2325987.66162325,2560656.84377347,6332302.26479593,1460773.48900581,2975282.06443664
FT_1.615_267.16035,MW_268.16762@RT_1.615,"[Similar to: 4-[(1S,4R)-4-(4-Hydroxy-3,5-dimethoxyphenyl)tetrahydro-1H,3H-furo[3,4-c]furan-1-yl]-2,6-dimethoxyphenyl 2-O-[(2S,3R,4R)-3,4-dihydroxy-4-(hydroxymethyl)tetrahydro-2-furanyl]-β-D-glucopyranoside; ΔMass: -444.0902 Da]",C15 H24 O4,268.16762,267.16035,1.615,268.16746,NA,NA,NA,Full match,Invalid mass,No results,2,0,2973054.26937173,16062084.482138,3889222.89775498,11477830.8187168,12472938.542815,10300567.0881929,3988188.43061323,6935739.97404424,9211894.82538724,6227823.88431289,4909209.01426167,4078754.65775624,10451186.8458004,3934508.42845302,2245784.83877346,3063325.70279083,5701653.79716411,10786304.0788009,6556390.19936712,3751607.21128191,6355148.47202521,5326361.29696813,3040349.00588362,3713099.73619914,14635244.8550638,19942187.2003264,4649087.79159936,12452710.7890141,9259167.22706933,30953593.0754605,2762300.89483767,3011133.55595043
FT_1.443_267.12388,MW_268.13116@RT_1.443,NA,C14 H20 O5,268.13116,267.12388,1.443,268.13107,NA,NA,NA,Full match,No results,No results,0,0,10845454.8561941,24442140.7703834,9358540.77959919,25464913.4476601,20864450.3774534,24011594.5397368,9767623.04744237,31229702.0150171,32466909.0340702,22143353.6947029,13501778.048533,14006644.5992249,34445469.6656946,18390109.9478601,7705647.66386474,11247155.6322632,17628569.2433829,24547955.3207629,19669985.2593673,15754060.8496978,27163853.8895806,20572161.4712568,8074870.6048786,11314804.5791112,34974530.2012227,29003097.6792325,14133341.8538887,15925274.0570326,21433202.7349628,25390230.4734002,8944683.77030565,14574674.8431052
FT_1.663_267.12364,MW_268.13095@RT_1.663,NA,C14 H20 O5,268.13095,267.12364,1.663,268.13107,NA,NA,NA,Full match,No results,No results,0,0,4378086.95802666,6939843.06576601,5096154.60186659,9806846.38042264,8661843.68612363,14202260.3537626,4065264.610362,8919241.22870982,8330221.51272453,6159429.69067738,4942815.60503819,5104829.13317677,8258244.83367772,5114401.01186191,3307058.37329122,4987918.02930273,6662314.44229001,8534766.67437346,6016514.05000149,3965741.21869947,6591591.4840722,5001558.46696116,3702742.79896941,3148678.27352083,11115531.5434689,7558445.95251878,5116149.18099132,5654752.70226044,10773848.4772716,14594787.2246518,5410062.21622198,3568839.95305167
FT_1.293_267.08754,MW_268.09482@RT_1.293,NA,C13 H16 O6,268.09482,267.08754,1.293,268.09469,NA,NA,NA,Full match,No results,No results,0,0,10144311.4537064,14472582.9192045,6610674.88255393,35997829.0845228,11929503.4661829,34632335.1695695,3498644.20618843,20241614.1380221,14812752.719695,14940575.1013648,11703377.2144299,10530986.9765302,19966207.566565,10760676.9131201,5277910.18700111,9777780.45671855,17287035.2123521,12625121.0991874,7984757.7233629,16110182.6417782,9377759.072328,7063621.46318067,4070522.98213358,5959294.81628114,17195309.7357579,17251794.040954,12598622.5302507,9229027.96106778,17025371.703436,33399748.0056603,6877936.29192797,11950265.8070592
FT_1.597_267.08747,MW_268.09476@RT_1.597,NA,C13 H16 O6,268.09476,267.08747,1.597,268.09469,NA,NA,NA,Full match,No results,No results,0,0,17466174.2089383,28912614.1442141,14200975.0486578,44034024.4186181,21506952.7614527,38402707.1144628,10291961.4575075,26502739.118084,28198101.5653175,30661148.6025991,14767418.8528122,19799368.8926251,26404257.3093998,23572945.270328,13720805.2039677,13951197.3873961,23247269.6105609,30357550.2916946,10903856.0394311,16791714.5953201,24572552.5827137,22401208.2239027,9404246.46966329,10902257.5774636,40947846.4796085,29082242.3702357,15931917.3488187,20099500.056061,25453175.2675644,32422004.4650536,8806537.20865959,14648837.5355108
FT_6.179_267.07353,MW_268.08081@RT_6.179,Inosine,C10 H12 N4 O5,268.08081,267.07353,6.179,268.08077,99.9,NA,NA,Full match,No results,Full match,0,1,7397334.45933392,10985116.3947839,29215565.4224441,39960338.5928804,15437492.4717412,31003265.0413344,25063380.2952039,19615914.5339369,14294961.8346704,11453790.7446311,15365979.6697458,12477529.1536894,16617318.8807154,14010095.9904629,20026640.9784996,10122491.472506,13311518.583954,11590322.9995875,9793543.72500144,12409404.3203898,12531805.8189525,12824159.2754029,11895625.8284176,7474682.73492532,18708025.5576168,11587671.143778,16439229.8142557,16750045.0151478,38197718.7425714,67291627.9401782,8987772.48691847,23391694.7036448
FT_12.130_267.07223,MW_268.07951@RT_12.130,NA,C9 H16 O9,268.07951,267.07223,12.13,268.07943,NA,NA,NA,Full match,No results,No results,0,0,7759728.18240625,9315166.27494687,16133308.3695616,38776686.9531052,11178621.5952456,18205625.7824262,20099058.976709,13408907.463489,6100333.28176822,8478421.28625816,5407988.84017326,5161999.67716211,7829983.92190084,6645220.68303287,6530015.39840475,4024657.41965112,6212743.41521591,4854374.47514767,3525784.22559789,4508659.48600001,4852078.47317996,10791777.8401332,5797109.93289136,2919544.94999517,6196596.48150237,5662607.51028458,6215674.47578244,3613119.56759439,23141877.0798658,38385151.1011857,2670416.02777294,13528902.5105866
FT_12.251_267.07222,MW_268.07950@RT_12.251,NA,C9 H16 O9,268.0795,267.07222,12.251,268.07943,NA,NA,NA,Full match,No results,No results,0,0,597680.901308607,2598002.62016647,2279790.01907931,5540898.92976404,2672389.2299971,4713571.50371388,6085217.73737163,1679438.56375729,3729121.73078357,2600110.20417412,2209791.01169019,518198.196221443,5353214.17699677,3978904.67915458,2203998.10034455,1145473.71020355,4948338.78799206,4250295.0456125,1088046.38534636,2357764.554331,1707970.23044528,4485766.73644932,1408563.67285591,1396348.73818693,1643927.1254098,1959941.91830524,1089150.0195742,1337978.97366805,10999472.3335792,11637229.7800265,929177.678289362,2051939.89885357
FT_12.561_267.07221,MW_268.07948@RT_12.561,NA,C9 H16 O9,268.07948,267.07221,12.561,268.07943,NA,NA,NA,Full match,No results,No results,0,0,522334.854885502,782462.922241187,4033466.61813684,553515.489599737,9134333.08710382,327787.620337289,2969508.18465659,834103.158364969,95889.9217612607,745763.488836246,1256798.99726564,199474.835782451,3668802.74884536,958047.947876878,351428.039379774,10028095.471016,220897.839444579,508487.798410146,384511.461542078,468750.458105095,1239067.51111542,22970719.2421776,4889077.53015139,640353.639240798,852164.638430074,230693.507376661,402978.176706791,2214759.79465144,948060.67924183,6228370.18237023,2218652.32626379,1678255.94303988
FT_12.664_267.07219,MW_268.07946@RT_12.664,NA,C9 H16 O9,268.07946,267.07219,12.664,268.07943,NA,NA,NA,Full match,No results,No results,0,0,65703199.5663242,144905723.990228,274064325.370796,589423676.051518,145138658.48195,204718324.51254,261727546.261429,178297160.415008,112891708.888316,203602958.923174,169812511.711503,108038588.155681,149225200.586812,145567130.73649,115182228.037775,92868595.7484284,139129344.612588,71072912.2711732,97704294.8352909,122371983.488724,61744470.6919346,149497399.519142,119685270.128531,91881269.1411672,219730187.347322,139002040.448098,149584037.592862,95530311.6391125,239443019.770765,443243397.515233,50482097.5487143,205990784.951198
FT_1.612_267.05121,MW_268.05849@RT_1.612,NA,C12 H12 O7,268.05849,267.05121,1.612,268.0583,NA,NA,NA,Full match,No results,No results,0,0,5002208.04764063,20552772.1631064,3870114.24072007,29724052.835936,16004634.2864478,22608384.9741612,2486642.915249,17357020.0423252,26216976.7798237,15746552.5109926,7463109.27833914,6058403.9787943,12146144.9527993,13872432.5845891,3740124.69666911,4454806.67517378,12150679.7938956,12906159.7128322,3959348.86724998,18868375.5097956,7668742.02634312,12614000.1848696,2331768.39932524,3751544.32101697,18506740.7345252,13238548.9496296,5993335.47912184,19830374.9567192,22074760.8487969,13331599.5795932,3843860.37136542,5392132.62988646
FT_6.765_266.08957,MW_267.09685@RT_6.765,2′-Deoxyguanosine,C10 H13 N5 O4,267.09685,266.08957,6.765,267.09675,97.9,70.2,NA,Full match,Partial match,Full match,1,1,2399309.61956314,4551291.92123335,10728748.224363,23468315.1389361,7149084.47621099,10887335.9867629,18986232.1859787,8688821.07175987,9821848.46672762,11239669.3067993,17702898.5273519,9676633.06910275,14112344.0926793,18266286.4210053,18008934.975109,6672667.84413307,10351527.3716798,11006780.7348931,7252098.14205289,11224043.5296806,8877400.11392417,12481538.9701619,9185759.71784834,8068333.87678143,12007294.8609622,10549947.0665675,11251423.877275,10163121.682793,23069239.3389715,39240285.3481382,4475500.5640336,12024169.7941253
FT_10.165_266.08820,MW_267.09553@RT_10.165,NA,C9 H17 N O8,267.09553,266.0882,10.165,267.09542,NA,NA,NA,Full match,No results,No results,0,0,4534940.76514613,6261592.46974218,15658156.3304091,29548373.8697815,6961763.19649481,16729625.6086182,19845704.3410178,9800401.48361094,8060865.39437306,14332721.6911399,11911496.1494767,4152444.62960224,10132931.7364036,16320774.392427,6459620.37237946,4541075.14257034,9133693.22752371,3734996.35034561,6435294.42242302,6619201.85691095,1913093.11955241,8733087.90669909,7050423.26293126,3947533.3232028,7951794.27792572,4814468.26208105,7899121.34727447,3209904.20766017,13564645.314161,29771514.7942033,2538235.14827767,10115434.3053488
FT_7.666_266.08821,MW_267.09549@RT_7.666,N-Acetyl-D-mannosamine,C8 H15 N O6,267.09549,266.08821,7.666,221.08994,89.2,95.8,NA,No match,Invalid mass,Invalid mass,1,1,6451666.41461851,3725922.30332016,17238551.2848864,23119265.3810826,8834096.19591244,5327118.09492659,13181091.4682988,13328033.2316757,5016590.04677791,2393553.59414212,6364364.22048847,2219905.40104499,6745478.39416432,5519279.55915536,4646709.31052567,3130697.65094212,7826755.47505483,7376299.64466629,3553178.65454759,2402183.95818802,8150739.61007695,8752689.71345482,5522122.61425748,2384801.22304222,2829953.69383797,3644904.41919598,5045123.95391791,6884775.55167256,16251347.6491721,7604821.40273662,3435080.5213681,8182157.55544921
FT_2.313_265.91220,MW_266.91948@RT_2.313,NA,C4 H4 N3 O3 P3 S,266.91948,265.9122,2.313,266.91862,NA,NA,NA,Full match,No results,No results,0,0,19887181.8338205,3397739.48272787,6227802.72967468,6252609.33090376,6405162.39881377,7969237.21680421,8869107.18011709,23011797.0508817,5640002.70966803,8068789.70069147,16148004.7092307,20905899.4706976,7058142.55412011,3760749.62299537,17450284.2965973,36300028.5952394,2835411.28653952,1997081.9556815,5976164.36038502,4086242.89030002,4335280.17286336,2093441.81336182,7221819.91810234,4616097.26193512,4287926.25480513,4239423.8366712,13067874.6177945,18931412.796783,5624403.19037037,3797063.04221875,3047516.39764324,17013112.2677288
FT_1.671_265.14448,MW_266.15180@RT_1.671,NA,C9 H23 N4 O3 P,266.1518,265.14448,1.671,266.15078,NA,NA,NA,Full match,No results,No results,0,0,2560464.7207118,5668162.62931942,4047091.76409522,4944898.06416206,5758555.30905557,7113484.42844107,6272759.48373833,7089094.95535461,8833828.55115598,5792880.54973083,4506712.50296284,3054498.32086828,7117052.91330068,3494150.66401567,2514128.80431294,2124052.18101369,5765665.77493148,7058980.20076314,4905234.82834725,6314837.42896716,3252127.85171981,5776551.85197602,4981677.3681036,2040070.16597483,19510476.6273728,5281860.73046129,3837965.352788,3624242.78325329,5105651.91844309,7641645.26140603,2123610.57450269,2467614.76119313
FT_1.669_311.11388,MW_266.11560@RT_1.669,NA,C14 H18 O5,266.1156,311.11388,1.669,266.11542,NA,NA,NA,Full match,No results,No results,0,0,8332169.33839868,3075220.83184968,6814495.30655487,17341509.0864113,10121146.7126946,19310423.3977166,5729262.90089845,14634249.2123075,13247710.6119857,9143231.65377127,8189370.77312568,6849937.34671988,13979167.1606437,7557987.73374467,5551069.23253647,7302038.02037951,10252633.8163602,12281111.7142302,5807953.10887139,7038285.54727809,10617688.2265365,5720802.84572088,5148659.75127127,3338461.14630884,18021161.2916528,11372255.2845429,9151019.93365869,8755436.86809222,10219106.1449025,21191479.2224257,3912511.26331463,6949598.82858744
FT_1.419_265.10821,MW_266.11551@RT_1.419,NA,C8 H19 N4 O4 P,266.11551,265.10821,1.419,266.11439,NA,NA,NA,Full match,No results,No results,0,0,5508155.71530613,12745139.5704626,3145779.06733831,20084646.1271409,8840066.57864258,10575433.7218648,6099946.37587832,15271694.7138359,16907709.8179578,16944838.1186994,22803481.1455703,5774566.06823206,12975482.4047529,29205427.6794235,7033839.60827127,6143659.71153935,7775002.33570212,28743438.0365762,5724897.51112854,3257007.24073587,10368328.1357184,8111171.74840335,5832890.41161551,4246865.66137415,14587491.6820117,17897226.1964782,10758427.7894546,5773711.41824609,9499591.16493174,10540252.5795228,4800626.82196495,8215326.49247783
FT_1.540_265.10819,MW_266.11546@RT_1.540,NA,C14 H18 O5,266.11546,265.10819,1.54,266.11542,NA,NA,NA,Full match,No results,No results,0,0,8654545.24170056,13844930.8365613,7341445.17739363,20527463.1625916,9442559.39442983,17931558.8547975,6120939.79713273,10687730.5722097,13801709.6717752,13182003.3539227,7125675.13350236,8117529.7759652,14141054.7095696,12664026.13259,5360317.34257193,6187230.41593129,13752570.2185554,14023188.3919429,7887974.2168566,8889892.58919185,10954684.9506257,9734207.38628994,5420566.55475891,4737636.24982237,20463046.6330223,15578707.1592673,9451592.20663336,10784108.4262851,13040307.3556766,17400920.3988065,3581518.28406624,6174626.05400862
FT_1.369_265.07184,MW_266.07912@RT_1.369,NA,C14 H10 N4 O2,266.07912,265.07184,1.369,266.08038,NA,NA,NA,Full match,No results,No results,0,0,4258354.25629831,10199306.6185112,5183594.19111539,14237889.2089859,7393058.9464429,13187906.6554587,4350368.36100889,10613488.4558019,12779555.8631334,9037223.99596191,7511156.76170786,7692651.89315258,7457798.50437861,11312788.9852083,5500914.98073158,5309458.44679365,6867384.51322904,7112057.3140472,6176010.81796936,7074290.57771615,8855998.90543209,11686082.3475756,4031519.49596318,4711223.07918608,11631557.7289749,12059322.3408664,4297434.38509883,6399661.56158906,11907540.8219564,13630908.0689611,4764659.3693314,7026876.9264556
FT_1.680_265.07184,MW_266.07912@RT_1.680,NA,C13 H14 O6,266.07912,265.07184,1.68,266.07904,NA,NA,NA,Full match,No results,No results,0,0,13119979.7896807,18404968.9343127,13094355.4649557,32805242.3522103,18376078.1209539,35542639.9003034,6178439.63521988,25243868.1482807,27107174.8113589,22560575.3129247,12377913.6604535,16117569.852044,20282599.0911573,32466552.4159669,15541156.0608191,11984691.9964706,13698564.3732282,6138499.6732991,14337757.5751399,14529321.6201586,26009632.3992022,26669220.943357,13077444.0825773,7570399.79209544,34594066.5041424,25948849.6748482,15719196.4569345,20608538.1835345,19966806.7135566,27223504.5500508,8368042.55661032,12882965.5528847
FT_1.439_265.07184,MW_266.07911@RT_1.439,NA,C13 H14 O6,266.07911,265.07184,1.439,266.07904,NA,NA,NA,Full match,No results,No results,0,0,8454285.35931829,16424719.3691711,8138730.79042768,28100010.9893475,11936275.2443834,26231939.61957,8003861.74769893,17219586.9114507,25024758.0863789,27945043.2221072,15128830.655943,13995222.5516278,18631138.8480638,27502741.5691684,13868016.7986822,10783445.2362435,15890705.6764384,18246938.5311673,9424750.64385951,13654322.0520526,12221553.9129612,18119498.8056627,6581069.80797918,8757105.26890079,23380149.1591673,20844245.3545844,10683957.0113386,19830149.0585423,20212613.2996243,21525168.6374065,6469445.0328045,13098900.1432112
FT_1.537_265.07183,MW_266.07911@RT_1.537,NA,C13 H14 O6,266.07911,265.07183,1.537,266.07904,NA,NA,NA,Full match,No results,No results,0,0,23660401.0517752,60652460.209732,30240828.7821562,52728829.408264,33871845.0092115,64600936.6363203,17888983.2373064,66558421.4671846,61712881.4892478,27796764.1777047,26166681.3398704,37097074.3827544,52996600.8590245,32992150.6376223,20898182.7867638,26466841.7777209,41412446.5865851,46258443.077053,55115661.3851261,41005379.0917769,40248646.3037488,28375674.4365199,18740566.4004833,21369900.3567764,85443849.7360779,70993248.4489048,57803697.8025834,49976586.7169353,60416937.8030406,58346034.0707644,23146847.3297413,28698751.7204362
FT_1.216_265.07182,MW_266.07910@RT_1.216,NA,C14 H18 O S2,266.0791,265.07182,1.216,266.07991,NA,NA,NA,Full match,No results,No results,0,0,39748747.6407554,72492399.7268044,36524046.8086579,78477615.6084321,50725138.0299579,81251372.7069344,26557009.1346844,80527726.4011261,82070658.2138693,58894173.859623,42711233.3694771,48960253.1464501,61244315.6857472,57953245.1783938,36156324.218557,40140044.3971433,51283849.6644998,70417330.302984,46303057.4057183,57995208.8808877,66936055.6968456,56572578.5217586,27208043.3019492,37835196.8906158,82416163.7803288,69460224.6688625,53051953.4112916,57727683.6471396,64623231.1687693,75114139.3799213,31195910.374311,48224081.9366986
FT_2.229_264.04908,MW_265.05635@RT_2.229,NA,C8 H15 N3 O3 S2,265.05635,264.04908,2.229,265.05548,NA,NA,NA,Full match,No results,No results,0,0,3937721.60968323,5260908.38159627,4464503.05722239,3554526.50342986,5334577.6425942,4019680.69449465,2687281.3796409,3236356.87717096,6276436.41930144,4503133.30539677,3917866.37834412,5295284.67527637,5790573.42038611,4888570.87641087,3886113.14225238,3296910.2154406,5236950.82554797,3763878.82168354,5894098.09880402,6740941.09108655,5841583.12100686,4332108.18153243,3735059.36654806,5950544.37611369,4425475.42014486,7297588.30026594,5767147.76593159,5214465.8967771,5633695.33349495,3842349.09032115,3105437.04661022,4253134.46688486
FT_1.441_263.09273,MW_264.09999@RT_1.441,NA,C14 H16 O5,264.09999,263.09273,1.441,264.09977,NA,NA,NA,Full match,No results,No results,0,0,2202492.72792338,8297221.7985481,5061677.47882796,10624191.4493903,6738942.47976289,10997543.2990761,2856770.238196,8976119.80781021,5206159.57216415,8371527.26728954,4514418.00440225,4821450.49007878,6191171.69808116,7105869.46439308,3931784.06556763,2779979.32560405,7007067.89705758,8694558.17107268,3874454.45500914,5764563.68895592,6331662.95671287,5899565.48686202,3278509.19998312,3565601.48428037,9637506.95587319,9375659.07207043,4146887.88003153,4928671.99663572,7348741.78019376,9016782.4877799,3061974.35299818,4908156.52985661
FT_1.663_309.09811,MW_264.09996@RT_1.663,NA,C14 H16 O5,264.09996,309.09811,1.663,264.09977,NA,NA,NA,Full match,No results,No results,0,0,16866592.8977987,30951027.096231,16383895.5003856,22030684.0534572,21562045.037611,30781271.4563973,9986200.98134412,18594638.5389735,30977877.1190452,13133630.9810099,14740287.7943932,17449167.4482212,21147016.6517536,22466002.635843,13639839.4403416,14809024.1139092,19551490.4372389,30137129.7658107,12515915.9136005,18007231.8389562,24536407.1975758,21036197.8338105,11459077.6715072,11846533.4318238,19595829.3423813,28154019.7687486,14740273.4130755,19085451.7950135,25945651.012404,34287229.1297216,9116105.97073377,13784290.3778509
FT_1.606_263.09265,MW_264.09991@RT_1.606,NA,C14 H16 O5,264.09991,263.09265,1.606,264.09977,NA,NA,NA,Full match,No results,No results,0,0,8777800.99523407,12413508.298831,3718465.65712017,20988364.8474869,5821711.87231324,15577748.2489952,2748800.661334,24818806.9732493,7226386.41362874,13236160.6178235,6241732.13493647,7399491.53101559,12951785.0642382,6360758.81291498,3202519.94579922,3411654.53542021,11477641.2134604,12328613.0852487,3131984.64185689,4665492.46139185,6886128.23639682,9295452.13125145,1495007.12298904,2339294.82196342,35231574.1757053,8672366.61815431,4248800.91739864,7520892.77434454,13775704.9193165,13420510.0251953,2757901.608913,3573897.59221254
FT_1.415_263.05636,MW_264.06370@RT_1.415,NA,C13 H12 O6,264.0637,263.05636,1.415,264.06339,NA,NA,NA,Full match,No results,No results,0,0,18343819.3757316,7907557.73413537,1897865.63273108,37938191.9574174,4886069.80645763,8939081.90675499,2364051.45346502,6416334.59840075,9376679.97016525,4094306.57840728,3592292.29201994,6404476.91002298,6067082.86699043,5142271.1793208,2704667.70447594,3926383.50105134,22937402.6027313,5826293.14726313,4050761.94642627,3764677.91859964,3339886.9556796,4162033.35130244,2071676.06629172,2273559.96089875,14341025.4960254,27193258.587526,8851947.17857517,5325381.75910289,9022754.85285862,9092936.6620327,1254277.75146245,3184160.03436104
FT_1.301_263.05623,MW_264.06351@RT_1.301,NA,C13 H12 O6,264.06351,263.05623,1.301,264.06339,NA,NA,NA,Full match,No results,No results,0,0,18343819.3757316,24095800.758498,9202595.43710195,37938191.9574174,20165430.8155542,28335774.8502716,9188585.65177028,20076849.6121783,28439676.4052026,23530239.1955528,13296241.6488932,13002050.3414218,17754900.5331856,23000944.7544261,13006997.0969574,13301698.5112262,22937402.6027313,18139547.3769848,14791212.7947869,21610517.3195504,21061807.493693,19375988.7479954,8774667.81141736,13050479.1294746,29342963.0006754,27193258.587526,17339617.896063,15407825.1886827,26627769.892,40828995.1959435,11300433.8259718,26156956.8047848
FT_2.027_263.05621,MW_264.06350@RT_2.027,NA,C13 H12 O6,264.0635,263.05621,2.027,264.06339,NA,NA,NA,Full match,No results,No results,0,0,2620017.42475219,6517914.69821449,2918032.3790008,9127791.14234773,3357292.09327305,12988866.0337704,1106559.25574269,8395799.17844689,18269355.9610094,10172073.3167662,2971008.90357173,3707325.24234818,13610626.9220059,4276901.93668522,1446014.12034685,1843364.56070628,4484142.67418292,5649247.67310821,4614654.29499006,6814524.11872103,4824844.74020375,2834815.99462835,1299111.19226108,2013788.99453631,15592875.2164819,7231133.81996338,4925940.98966869,6849086.58891132,12988695.9074672,7884880.3704342,1833105.12672132,2928395.55854756
FT_2.519_263.05620,MW_264.06348@RT_2.519,NA,C13 H12 O6,264.06348,263.0562,2.519,264.06339,NA,NA,NA,Full match,No results,No results,0,0,1757174.36174643,6532384.40089026,2480124.90908437,13252886.4982904,6578544.19301899,11401893.714015,1524017.69705907,10344587.0864747,9384057.18264088,6110557.48328424,2209595.46256542,2321551.76356893,8447280.28789482,6508142.13389725,2329358.84578812,1106201.98419503,3147069.72525497,8314616.37588492,8025942.51383481,2262160.99960752,7388000.17687557,5770114.95329888,2074649.15925808,1721832.62045881,17162921.6397928,8481250.45608734,3188007.51098495,3546693.4421707,8328363.39056716,11298481.8305008,1350511.48416714,1705115.45552744
FT_1.206_263.05615,MW_264.06345@RT_1.206,NA,C13 H12 O6,264.06345,263.05615,1.206,264.06339,NA,NA,NA,Full match,No results,No results,0,0,35406932.2319899,102044031.67244,56615384.2806412,72463483.1019645,50781744.8912805,94896566.9331022,19970701.8815273,134199473.192311,129056170.441333,42839694.9806784,48229344.9980045,63493531.1798221,73517334.5353345,42004931.0822761,28181057.1692442,35853667.7435297,56422332.1031926,97414086.2660557,65559559.7386461,55013830.7983523,60371419.6587467,42842071.7091649,32368062.3049825,37002797.9314531,120373275.700303,78676374.3563826,62830465.4549651,84669084.6029301,80434501.3404263,94348232.7444349,31351987.3169752,45910518.3912909
FT_1.770_263.05617,MW_264.06345@RT_1.770,[Similar to: Calocarpin; ΔMass: -60.0727 Da],C14 H8 N4 O2,264.06345,263.05617,1.77,264.06473,NA,NA,NA,Full match,Invalid mass,No results,2,0,14176568.1781669,22789093.7685047,14210419.5220951,47799743.6194223,12879595.2751699,44194354.679584,4634397.64844407,24649831.5774377,28524406.7324865,16719287.1114734,16286360.80982,12977912.3369397,30528804.0258789,12016739.4724593,6375451.82899186,13242902.50368,16997489.6132942,18629421.1951902,16318009.7816976,11869666.3454137,17431927.9631552,11256415.5201363,4970981.44812171,6494277.42808173,38773706.1446498,24910034.703657,15699851.6052861,18365481.0106099,20672276.527297,37811976.8194563,5162362.74251723,15097331.0033137
FT_14.765_262.93015,MW_263.93743@RT_14.765,NA,C6 H3 Cl2 N4 O2 P,263.93743,262.93015,14.765,263.93707,NA,NA,NA,Full match,No results,No results,0,0,5370027.30006814,4525367.57650269,3530929.40063158,18826112.1462297,7375655.39504223,8829663.51863616,2988331.0252355,5010718.66453816,7657813.9957021,16821142.3163837,6077507.82803085,4867068.3662672,7117732.45508664,15275583.5865721,7039723.00275007,2969529.62280877,5658751.49240053,5327868.93933518,3069764.0576109,1201931.27265616,2991734.50565794,7117532.63804475,4728211.04826001,1239362.87910579,11826761.8765011,7985762.14636989,5203829.50500913,1557470.94960935,8464254.51903028,17653329.5138005,1039619.69121048,2133310.20515017
FT_1.245_261.11298,MW_262.12055@RT_1.245,NA,C15 H18 O4,262.12055,261.11298,1.245,262.12051,NA,NA,NA,Full match,No results,No results,0,0,5126247.53159094,6694594.09084366,5626044.66101048,15782025.6787774,8162683.77948435,10658510.4195707,3374738.30875914,14629580.7487874,7909384.99902117,8220234.95390828,5907359.35676874,7568566.79587609,13623188.1547617,7943577.67171127,2064997.58469663,2646086.29272984,7939762.61417184,7551889.04791167,6704405.11825821,10020559.2245364,5900996.73171493,5381203.33259924,15695049.3480232,4079402.96045184,12036378.4455069,13778605.0523026,3709417.16448341,5670409.98122824,5729442.41433449,11223989.6950468,3223789.8798893,4152404.10178878
FT_1.148_261.11318,MW_262.12054@RT_1.148,NA,C15 H18 O4,262.12054,261.11318,1.148,262.12051,NA,NA,NA,Full match,No results,No results,0,0,13350729.2125341,25621548.2380435,14403860.3460419,23435091.4121693,30942539.5425361,20474301.2240464,11640497.1273178,18140888.8541233,28754142.6595824,20028354.6570921,14145455.9508174,19307839.3319497,24397837.4965877,17887497.2769713,14919950.3289927,15281449.4420874,20644832.9228039,21894016.7916089,22906689.6812634,16339324.6687226,21376645.1438152,20900926.7906519,15695049.3480232,19619379.657166,27519236.9093336,29621940.1934034,19857397.8357118,18384231.2362643,21445923.5409908,23921963.621225,9073628.92050482,16892874.9631062
FT_1.660_307.08253,MW_262.08428@RT_1.660,NA,C14 H14 O5,262.08428,307.08253,1.66,262.08412,NA,NA,NA,Full match,No results,No results,0,0,7894816.33174295,19462728.0895893,10440614.9013378,22462109.6059957,12387833.8206223,22170720.173828,6019246.66123545,20007351.8448373,22743177.6932537,14379232.3283222,9296565.44435632,11755214.0722908,15813880.921183,12974358.3783792,8330181.08773875,8367632.86513985,15330984.5847843,17221942.5417912,8107125.05688621,10496436.2974759,13209856.4629082,11196900.8462459,10523475.8129444,8014764.19316362,26474101.3452769,17415027.2243386,11431725.4679084,13017144.1257322,17061101.2555913,15884844.915922,6357978.65085106,9476188.68089025
FT_1.146_261.07686,MW_262.08418@RT_1.146,NA,C14 H14 O5,262.08418,261.07686,1.146,262.08412,NA,NA,NA,Full match,No results,No results,0,0,10743618.8646461,20780492.6088654,10778282.0063614,17472000.0588696,17190262.8352416,16273598.3415815,9189755.23301795,18822206.1149108,23638505.2508222,14671993.5974787,20361469.6247847,13787429.530055,17009413.6375244,17755460.209656,11654544.623749,10943052.418011,13380654.8573687,19104790.4649269,26173405.3187188,16084051.6282356,18160337.2924945,15045009.2931539,9177487.61914136,12777314.4591442,19730918.311597,22799625.1219917,12496300.8613401,16124459.7178246,15667032.3741442,13624000.6718235,13966243.1939527,13391228.7792253
FT_1.686_261.04054,MW_262.04782@RT_1.686,NA,C13 H10 O6,262.04782,261.04054,1.686,262.04774,NA,NA,NA,Full match,No results,No results,0,0,6286063.5431017,11080591.3106976,6643917.03242323,9777142.03884135,8747112.61707796,13043838.9489137,5715035.45685254,12431278.610006,13100825.2064002,10378269.9355479,6550840.68173882,7624891.90118615,9983060.57782811,9418546.2462512,6841422.90824723,4879853.92170779,7326930.35800392,11997437.900855,7017142.98558279,9223421.65819795,11184373.8304213,11084809.5488249,5265495.6491693,5196101.66413922,13502851.0857245,11997991.6483809,5931211.92588031,7519757.80768547,11245666.7981062,8549734.75052873,4242719.11630086,8097696.81095369
FT_14.984_259.83946,MW_260.84674@RT_14.984,O-Phospho-L-tyrosine,C9 H12 N O6 P,260.84674,259.83946,14.984,261.04022,85.6,NA,NA,No results,No results,Invalid mass,0,1,395620069.259884,74866710.282582,264473377.163953,221374276.258197,447719584.153755,397717266.314538,201250731.966033,430097659.450242,737993557.354232,169435268.985066,235402939.85002,360232873.748899,302996575.322254,342345265.045793,85665230.7535631,669783410.856855,312869487.153829,37640836.3762145,64350306.5518272,80900720.5452039,422906895.818959,294698401.907851,340515352.319433,270489036.848359,56344961.3929215,31777979.3331317,119937275.248972,216101553.163547,52671100.3964207,289328118.756451,28765757.5823725,129764068.427169
FT_6.811_259.81612,MW_260.82340@RT_6.811,NA,NA,260.8234,259.81612,6.811,NA,NA,NA,NA,No results,No results,No results,0,0,17687608.7801988,15404522.9541029,18495879.7007693,19114093.4264851,15848420.519169,11687109.1419448,18181643.2652921,11426950.5989316,18822149.1343361,8902901.7561155,19822888.5719581,7076475.62154613,13661391.0589695,26188947.0157638,15139260.1060923,29104215.3154938,14538261.2824753,15371343.921691401,17707717.9027623,10112449.4492858,17264390.6918951,20219448.3525874,6219846.65163761,19877814.1408755,16271000.9037483,17123410.6458383,14120174.4835042,14623732.6127536,16605083.0476647,24972480.3871037,10124823.5686296,15191411.1730825
FT_10.755_259.12997,MW_260.13725@RT_10.755,NA,C11 H20 N2 O5,260.13725,259.12997,10.755,260.13722,NA,NA,NA,Full match,No results,No results,0,0,2352323.6668805,3537980.16311508,5355112.62698829,6654142.79926283,5010594.49742053,4396019.32849695,4975470.0755206,2718154.63459333,1240424.05180248,976370.179839674,1757322.39246043,1261892.79526681,1166272.67830467,1073464.08745563,920491.07153725,617882.92926493,797938.763222025,1355188.01994985,652164.730359774,690555.279756259,1265128.11471839,1400016.56549502,1103992.4732013,430817.037934564,1312553.31999041,723267.44301258,873344.881612472,538001.421925846,7276435.07233657,11808029.2000579,1506239.84854279,4765437.74812786
FT_1.204_305.10312,MW_260.10494@RT_1.204,NA,C16 H12 N4,260.10494,305.10312,1.204,260.1062,NA,NA,NA,Full match,No results,No results,0,0,8761666.41642284,13320887.0494515,14392826.8564483,15646401.6752435,9353437.79544462,15264279.8627943,10077608.074366,13977416.4697698,16354296.7351337,11088871.1401917,7766065.22806562,9850999.91771114,9307496.946595,17583995.8564468,5452221.75446714,6965701.70854075,9694214.99533521,11730396.866807,16949617.7469133,9217491.48773148,7347150.95773025,10306479.842869,9020373.11648744,6007500.80949428,23683540.7575212,22986597.7167016,17700108.0042972,8264259.98369598,8917180.64915161,15687899.8432237,4839323.35192391,14548071.5896372
FT_1.187_259.06157,MW_260.06865@RT_1.187,NA,C9 H9 N8 P,260.06865,259.06157,1.187,260.06878,NA,NA,NA,Full match,No results,No results,0,0,5362724.55119555,11521257.6299661,5565257.43029031,7317336.46831512,8902041.99755439,9139541.03919972,2973126.24713506,5324622.68186097,21286225.3551712,6165612.72906238,13548452.9958991,6930554.16384763,7832213.4813773,6422182.89851035,4733557.33396216,5340990.88707518,7998188.60201768,11335508.6769581,9076910.29597954,7934860.77100019,8281720.08477078,7112994.08346868,3864916.0946885,6003188.87228008,11694390.4223117,5933654.95182913,6264797.77131548,7416428.59783864,9681453.19298846,7193068.46378759,4415560.91905337,9180096.90703724
FT_11.355_259.01294,MW_260.02022@RT_11.355,Bromacil,C9 H13 Br N2 O2,260.02022,259.01294,11.355,260.01604,NA,76.6,NA,No match,Invalid mass,No results,1,0,2753569.3642221,7572537.16377324,12553960.1083288,20332012.7216498,3909678.03091533,8682726.17104592,6107003.59090901,6775069.75292667,9452172.8184698,12729739.1600718,17300568.5599288,6920969.64039746,12860109.1769685,9259250.03831991,9066960.53870767,5312571.84514862,13168305.3554218,4443534.17694139,7051809.73060563,6033063.20165968,4075259.72689823,7762071.90313834,4475595.04109348,3840650.33084935,15849880.0537048,7994744.42707827,11537723.5604716,5762625.70265596,11134944.052856,16854793.35034,2106574.45903432,6586271.03294049
FT_12.284_259.01291,MW_260.02019@RT_12.284,Bromacil,C9 H13 Br N2 O2,260.02019,259.01291,12.284,260.01604,NA,75.7,NA,No match,Invalid mass,No results,1,0,71948270.3803648,83052171.1654862,116055670.673285,185374296.902898,104929510.09492,104061331.444354,140220744.811736,85551384.643808,58282757.5900864,104667580.014724,62109028.433754,34860208.517503,96565081.6604905,82360164.9351164,58938075.9967029,34561092.6311321,70225917.2026765,46936380.7648211,46438218.7194508,46421184.4951168,64370019.8737736,74349566.0534398,46051812.1499571,36125153.5094358,95693545.3267423,62806936.0296116,69774610.0768041,42994560.6989722,145759332.58997,183601695.038996,46138448.7069347,79440439.82861
FT_1.659_257.10292,MW_258.11020@RT_1.659,NA,C13 H22 O S2,258.1102,257.10292,1.659,258.11121,NA,NA,NA,Full match,No results,No results,0,0,4602146.05560101,9584067.36339892,4403542.73074674,11587040.7977163,7976072.00099244,10517740.8984271,3777265.55960262,10088177.5873822,7803318.07736746,6531999.98175407,4557380.59462223,5997836.64206773,7381146.39718005,6017512.55307902,3689007.45804993,5679833.75287035,9110137.26242634,9836937.1883633,5790253.2523588,5803564.85823219,8085918.46498091,5190825.13114291,3120155.66308409,4538738.72741401,10824471.9696371,10181005.4789574,6140635.35242464,6625650.00921232,6148092.71597435,7444742.99870259,2519649.34232446,4281465.41124685
FT_1.223_257.08202,MW_258.08931@RT_1.223,Isorhapontigenin,C15 H14 O4,258.08931,257.08202,1.223,258.08921,NA,67.2,NA,Full match,Full match,No results,1,0,11563163.6757648,21294013.2512584,13282224.7496769,14111399.6502579,24584119.6799263,13315335.968919,10053019.8530258,16635525.2793339,22748051.7931065,15919526.8157652,13925383.1257735,14666679.5710808,20141810.6854446,16086830.4398839,11562674.5934941,13529314.822395,14723370.220348,19037003.0302674,16395924.2527293,17607846.3233581,16586009.2521038,20026747.8257223,7461813.38751148,11254889.0757045,20352129.7129182,25526759.3663441,11971312.3900488,17609423.5343599,16896707.9912719,15542668.2579807,6540630.43549189,12681453.6813816
FT_1.979_256.97591,MW_257.98319@RT_1.979,NA,C3 H9 N4 O4 P3,257.98319,256.97591,1.979,257.98366,NA,NA,NA,Full match,No results,No results,0,0,18735704.1324891,27485759.6566899,18437874.7496561,27720937.6475453,25303920.4217787,27364547.5669913,15497748.3788184,28652946.3779043,33445724.5118545,26327032.0918924,21139558.1390804,21663268.6035393,29255806.0856669,26954454.4372684,17639843.3192409,19459268.6729824,27781265.8060334,33537459.8091089,30860333.5459955,30039720.0846473,34858061.6663361,22976756.9804448,15144175.8432096,22943668.5315958,35915942.9058493,39737795.3545699,26250040.1887308,30033196.4781875,28400088.7714026,26403990.6062868,12377841.1661452,22119720.1984011
FT_6.815_255.82224,MW_256.82951@RT_6.815,NA,C H Cl3 N O2 P3,256.82951,255.82224,6.815,256.82857,NA,NA,NA,Full match,No results,No results,0,0,52522941.7278905,45441555.9012429,90063305.8410469,54381601.5789391,52157403.5930386,20368612.1525977,51725625.3465385,51271553.2841091,79797010.9151085,54084685.6833406,75127721.5351465,52496549.4781327,61824280.0764327,121099000.539376,42982650.4805093,83932118.3345472,41476614.8352484,42468993.2330866,49992116.4866458,58475223.5117223,48559140.3521892,56705976.763005,48209225.2550798,47456398.5791,45288860.5018226,49099274.6974604,40855061.6425372,43805465.8444892,46793284.6111331,71924700.6337304,29750021.0888562,43273522.5403191
FT_1.349_255.16010,MW_256.16738@RT_1.349,NA,C14 H24 O4,256.16738,255.1601,1.349,256.16746,NA,NA,NA,Full match,No results,No results,0,0,3885483.59945183,6887650.09369868,6468812.24856914,6483429.17973161,7443177.99886798,7302142.57740824,6521141.75656716,10742677.164078,11230704.6754185,9159006.96329163,7513847.52125195,5886941.21649744,9141259.15745153,8382513.9787666,4426779.00942046,4147107.21815012,7460874.03806853,5779346.7942509,11163113.0072087,7656171.80961921,7658996.35436828,6899628.13910061,5934869.38974707,4177902.20488238,8650286.98077112,10358289.3301357,6729595.25092582,7021508.647868,6971463.68985394,7699293.77784817,2342370.47836648,5891573.78261078
FT_1.131_301.07202,MW_256.07363@RT_1.131,NA,C15 H12 O4,256.07363,301.07202,1.131,256.07356,NA,NA,NA,Full match,No results,No results,0,0,9044489.69017151,17218965.8925684,11589792.1367497,13071626.0360104,9453509.86089212,13465497.233965,5703738.74880602,14836925.1769583,16179787.3851044,11064899.6416301,8448659.12187167,11018491.861921,16086168.4752009,11392496.677351,8236519.5087025,10018711.6921609,12074597.9593996,14372635.1461528,8153128.10162311,15142389.562434,26908796.1182951,12798372.4161662,7659009.19624957,9177289.45541823,14030348.2347178,12622824.6623623,8836892.08769171,13588710.7154731,32574910.2318673,9278206.90751817,6234877.36129102,8482672.63096011
FT_6.817_253.79389,MW_254.80117@RT_6.817,NA,NA,254.80117,253.79389,6.817,NA,NA,NA,NA,No results,No results,No results,0,0,11679812.8041237,9190526.20437915,6413253.97449289,8286792.33075571,7064832.16160673,10260337.8621713,11458576.3890181,11111617.4531005,13126964.0232943,8269827.92881552,14073344.7925746,10981616.4374221,13214191.5543979,12326590.0267211,6495674.64337988,12466965.7921464,9291615.09835401,7095959.93742152,9272929.80722764,14996262.6797479,7875528.96130219,12877104.3098135,12679043.7206186,7651307.33070968,10536470.3570757,12704491.9421695,9285348.03920391,9658408.88753016,8160377.70164374,10650404.0029842,9826087.70194557,11133079.2555402
FT_1.198_253.14456,MW_254.15184@RT_1.198,NA,C14 H22 O4,254.15184,253.14456,1.198,254.15181,NA,NA,NA,Full match,No results,No results,0,0,14092038.7660137,16198169.4314479,25847717.4631291,28822718.0218377,18365100.8463302,28211991.3014154,23954723.2369101,16059396.4037917,15786532.2138845,15988088.2401128,21556371.5390718,17258112.1093953,18284207.3391651,3433148.51954145,27617860.0811542,26493819.6352131,6462078.26169179,33262521.0827402,20693665.3500377,20816442.9740373,18681534.4992764,27067598.2655002,18142950.692261,16291168.0986559,14140998.8593667,17423639.2733683,22670847.4393514,14916149.4205412,18536698.7005459,13753688.4912744,11863019.6913915,17754677.6836878
FT_1.512_253.10815,MW_254.11543@RT_1.512,NA,C13 H18 O5,254.11543,253.10815,1.512,254.11542,NA,NA,NA,Full match,No results,No results,0,0,11804522.8484018,27077331.1676775,9347512.24371231,32653849.982845,19603659.7374254,28394818.4421496,8581128.57975686,18921728.5424868,27508591.3814985,15035903.2746749,9535457.45612719,11887216.7610314,25842073.5578392,17692287.4113577,8049333.51888949,8703727.56144743,18750649.7633418,22023629.5684498,12447639.1849287,13586664.5211745,19139245.5222774,11703321.5581455,7075868.1249633,10300260.3029923,45719844.1623102,29853873.6597309,12132268.4830097,15099058.4825807,25125664.6410427,29756948.2560334,6054291.29175649,10550871.5051918
FT_1.487_253.07182,MW_254.07909@RT_1.487,NA,C12 H14 O6,254.07909,253.07182,1.487,254.07904,NA,NA,NA,Full match,No results,No results,0,0,7706971.50770138,17588597.9842174,9047860.35649587,13074680.028193,13175241.9696846,13584709.5126305,9902650.1578693,14333292.193890201,4584639.26769467,10293717.1011281,7867454.90378795,8958774.86413644,12048633.7852573,12616927.2558866,7998006.2009162,5840393.76127231,11492662.8493404,20523181.8649019,7086995.05865637,11741898.719884,13652088.0730376,10923851.2839081,5573717.02092311,7008761.54471284,16256971.319588,15689593.824806,10084534.4316297,13389005.2959202,13839281.8100281,6252943.28386938,5441494.9230887,10393483.711782
FT_2.416_253.07181,MW_254.07909@RT_2.416,NA,C12 H14 O6,254.07909,253.07181,2.416,254.07904,NA,NA,NA,Full match,No results,No results,0,0,4135178.38437238,15424848.3345985,3469811.80622528,21521681.8949054,8500703.16045311,36811442.7730203,1673533.90862679,8322339.13958658,8092735.14973038,9684134.539918,4072551.10864664,3571623.1720111,16547058.8273351,7386679.7057127,2432426.76073256,9589298.5127393,15182098.9729352,12907549.4235178,8546404.09702398,9448194.93027607,5236667.52341255,9115032.65774738,1667299.18329937,2375940.95857144,36456215.8754264,23400227.4836827,3461304.32867864,6375599.95884781,10580576.7178277,31646345.7307451,1836114.05866201,8356367.05880538
FT_2.688_253.06373,MW_254.07101@RT_2.688,NA,C5 H15 N6 O2 P S,254.07101,253.06373,2.688,254.07148,NA,NA,NA,Full match,No results,No results,0,0,831234.153587776,709428.276034517,4033072.85429383,8284950.95829285,1277794.70684037,3840760.06937846,7872554.02399415,3188956.29009328,1892669.2422072,4247671.78264495,6158765.26454005,2654662.93747095,4788238.56087054,6140244.95179112,7671402.76873419,2619346.25076446,3915967.06702295,5110432.41340184,1423285.09742681,1871928.89790028,1781352.00695086,2811141.63783551,1792241.88545158,1416317.17941963,3376751.76003281,2708283.6491708,4097486.9056868,2859463.26511895,6324673.6079543,9186358.19822278,1526127.40275701,2874040.89495216
FT_2.455_253.03537,MW_254.04265@RT_2.455,NA,C11 H10 O7,254.04265,253.03537,2.455,254.04265,NA,NA,NA,Full match,No results,No results,0,0,4783189.62821052,5968468.53821052,5854852.87758195,20413490.8421615,4438819.07473989,20433189.0936361,2848591.54287673,13217926.0034119,7377926.70195275,13430607.9792383,7498635.2364367,8920052.24507722,14952224.4418621,7173144.52197933,4892876.77574273,6329273.52042575,22280728.0938707,5598265.09791963,3026482.53918361,8176608.53335692,7344823.16143866,18343152.1788018,2603302.96528597,3370085.90431019,20187786.5668156,16836333.756713,11064606.2207528,9894971.01956988,11056038.5403015,20267534.7927262,2135846.70814403,4858062.78464185
FT_2.345_253.03532,MW_254.04260@RT_2.345,NA,C11 H10 O7,254.0426,253.03532,2.345,254.04265,NA,NA,NA,Full match,No results,No results,0,0,5423678.12540373,4939213.50521314,2701618.4217315,20485371.7523103,5233474.38907532,22591902.3461447,2848591.54287673,15285828.9168675,9578465.7838436,11870977.7158805,10247918.9052001,9029244.78631965,10764092.5035163,7297398.3298192,4045746.05415134,6329273.52042575,7731687.8173338,6008487.90163256,3349341.49426101,5156502.34040615,6204882.77252698,7733047.83493529,3186405.67474013,2884940.31740805,17776135.8924839,12768304.4450853,10478060.5496051,12590980.4044321,8945524.3014262,17207652.7699498,2176153.01385774,4943935.56596305
FT_1.449_251.09253,MW_252.09991@RT_1.449,NA,C13 H16 O5,252.09991,251.09253,1.449,252.09977,NA,NA,NA,Full match,No results,No results,0,0,4294088.40246452,8388091.7001422,3193042.19045043,8672338.45399458,6326832.83264303,9668868.9177252,3874399.84857282,6214831.34577382,9344878.90006352,7797957.31057175,4507866.89709608,3315513.17261601,7624365.45650757,5688681.79874397,3609576.33095029,4063200.86875856,5948768.15784944,7756830.45469675,3441492.74247903,5907064.78196369,6733587.53559955,5396213.45443154,2328946.53153874,151215542.088676,9656728.82366954,10026626.9223208,4456291.22174658,5040040.10336099,7845244.47680936,8830642.67545157,2294320.53043882,4450080.93402006
FT_1.525_251.09253,MW_252.09981@RT_1.525,"6-Amino-3-methyl-4-phenyl-1,4-dihydropyrano[2,3-c]pyrazole-5-carbonitrile",C14 H12 N4 O,252.09981,251.09253,1.525,252.10111,NA,76.9,NA,No match,Invalid mass,No results,2,0,34198604.2822467,77832122.1973076,37444072.0942696,177702855.903767,48207363.6401797,148411250.822583,39149636.1427126,62493795.7416109,127091723.062862,151453558.053087,67242525.6561395,53317390.1417268,74375194.8609173,133325329.222857,58033152.9616352,32210526.728876,66431347.2170057,97844232.2304023,69265404.0058566,61854298.3734976,57365211.8875748,107814103.041651,30336531.9511387,39327405.8294753,121573920.461595,133085369.36246,57790920.2911028,59185768.4835714,98827880.1493889,146796958.997366,32731767.855767,43937407.1062205
FT_1.365_251.09250,MW_252.09978@RT_1.365,"6-Amino-3-methyl-4-phenyl-1,4-dihydropyrano[2,3-c]pyrazole-5-carbonitrile",C14 H12 N4 O,252.09978,251.0925,1.365,252.10111,NA,77.8,NA,No match,Invalid mass,No results,2,0,21542509.0395706,49571327.5471353,26702671.0103854,43201966.0612207,38374679.5810596,43698360.5041755,23978623.5480954,39906414.3213927,47610876.40005,31180257.330563,22577082.4905764,28991553.3703863,40444925.5578103,31221441.6746918,25519755.659612,21587512.7736524,35099382.7785864,47209196.4511099,28566928.0348408,29110872.3316221,36708324.0957193,33979022.4983479,19259909.4756008,26330438.592039,54850962.551353,58359347.0577646,23603422.1137406,28801451.6243844,42241067.1551125,36234294.6361817,13961584.4618906,29034434.6566756
FT_1.253_251.09247,MW_252.09977@RT_1.253,NA,C13 H16 O5,252.09977,251.09247,1.253,252.09977,NA,NA,NA,Full match,No results,No results,0,0,192195456.532273,280800485.295558,149754114.599358,431569102.857914,218730019.805635,352958177.55662,91022718.8750861,338830256.723761,322029540.495626,256503760.108211,163531303.248091,184669553.869084,319668991.332627,237101526.626842,117870792.49488,156595682.026357,221678493.449881,259246772.045487,216374159.892677,218802221.095936,211520420.589558,140898324.558621,109766623.728362,151215542.088676,327812468.848769,259740872.796601,162705835.698509,257234844.337305,260530283.233709,364357336.723682,100878915.65599,163652269.796446
FT_1.628_251.09246,MW_252.09975@RT_1.628,"6-Amino-3-methyl-4-phenyl-1,4-dihydropyrano[2,3-c]pyrazole-5-carbonitrile",C14 H12 N4 O,252.09975,251.09246,1.628,252.10111,NA,79.1,NA,No match,Invalid mass,No results,2,0,54216949.5193344,115791787.371979,43552465.5646127,192015125.846887,69189723.727869,179061587.320549,39537639.3030688,97344223.190343007,108474678.986132,93956783.9740082,56133762.694917,75551932.3187967,100635133.386475,69971751.8192977,38798139.387466,52016553.3418258,107915095.198276,121008104.567965,63597049.0569292,51765312.2283192,89525576.5616341,65833582.2914822,34740165.6572183,28067180.4099652,189945364.905438,114326792.999817,92828459.8422067,93832374.6792351,114660781.116921,159282963.762792,26458766.2933936,44861937.7504529
FT_4.385_251.07857,MW_252.08585@RT_4.385,2'-Deoxyinosine,C10 H12 N4 O4,252.08585,251.07857,4.385,252.08585,96.5,96.5,C05512,Full match,Full match,Full match,1,1,2892796.95236268,4780702.74254565,17603762.3526833,42190914.8652434,8585173.60860188,16088146.5548203,26031373.9007265,11622973.1416796,15906928.706462,18300001.1858176,26542099.4317573,13291911.6770707,21572132.1326433,25443325.8029493,29512814.4265526,9276656.63826838,15573406.3143312,12840684.1099156,10630752.5635592,14532940.623894,11311759.8017967,17159746.2598479,11298940.0317248,9113551.02599495,20666026.2827082,13506840.2388956,17403398.585166,15202685.8458096,29991801.7458123,61239341.5215443,5560284.86797815,15232054.3484675
FT_1.671_251.05608,MW_252.06338@RT_1.671,NA,C12 H12 O6,252.06338,251.05608,1.671,252.06339,NA,NA,NA,Full match,No results,No results,0,0,14704989.039531,26239030.4275439,11910102.9486237,33255722.5023595,15188037.4904485,41508847.697257,6856859.88846382,21948283.095678,22228799.4805746,22287199.5535674,20473729.8093717,20454728.9769144,21578390.8054566,20469193.67724,12961465.6726608,14012785.0589495,24919780.2588341,19544587.3305021,10113725.3821178,18221499.1591895,15993390.6259075,15695820.6099156,6514414.74043064,12048287.7715502,39232863.1836846,23249694.9098215,18391171.2221226,18950688.3022362,26494854.4247788,38885704.0087528,11123735.9379407,17475031.6524323
FT_1.468_251.05608,MW_252.06336@RT_1.468,"5-amino-1-(4-chlorobenzyl)-1H-1,2,3-triazole-4-carboxamide",C10 H10 Cl N5 O,252.06336,251.05608,1.468,251.05739,NA,67,NA,No match,Invalid mass,No results,1,0,11661467.8730246,25048982.9187531,10848407.8378607,42282850.529784,19250180.9356319,37613799.3296753,8542505.75612919,21056723.6647689,34152217.0557532,29905679.8790794,18384676.1868239,14993542.3110655,18984085.3514579,35915269.6394551,14592933.9769586,9158101.80164844,17682055.0472984,6073665.6659441,15964197.6438465,20157878.4055239,18597170.8552069,34224850.0561612,8769539.26854486,12351753.1884135,30983003.4079205,29001491.623362,19439174.5672225,19537574.1858206,27994420.1082442,40163417.7124544,10394073.0623538,14753538.4883745
FT_2.314_249.89280,MW_250.90008@RT_2.314,NA,C H3 Cl N3 O4 P S2,250.90008,249.8928,2.314,250.89911,NA,NA,NA,Full match,No results,No results,0,0,49966387.5233039,20021554.807585,30361623.5582928,34343320.3386501,36655871.9667552,41129564.598668,41354486.8437908,60255292.6722519,33152442.6888831,37338318.1974819,50103208.6155421,52053829.988286,34226561.6817086,25095116.0859508,45247058.1559018,59732827.5044649,17724131.0291335,12724932.1322212,32529533.2779113,24351072.374568,25932123.2112914,13383862.9860239,34558715.0708991,24703387.7930918,24125300.9371471,28838632.6625478,42633367.6324772,50663037.5916441,30326259.7248147,24507015.3736035,15927476.0019539,46224647.241203
FT_1.659_295.11873,MW_250.12040@RT_1.659,NA,C7 H18 N6 O2 S,250.1204,295.11873,1.659,250.12119,NA,NA,NA,Full match,No results,No results,0,0,6241973.52638516,9176805.42765941,7409212.1626692,14944245.6849222,9729622.63078885,16352338.9276766,6633299.59969092,14736177.997061,10064766.6586039,10054858.469452,6916735.90614501,6339418.56508499,11215266.4733353,7548888.91658615,4342424.81958408,6592336.11004456,12320040.5111507,12055084.5622343,19729604.3825099,5475198.63261558,8942779.43229126,7044447.31514789,4391942.17847964,3584098.28503743,19904865.7257859,12161244.7357684,9246704.0224001,8409737.03972212,9592125.05848705,17380513.684702,4114902.5868631,5296525.80161189
FT_1.393_249.11310,MW_250.12037@RT_1.393,NA,C14 H18 O4,250.12037,249.1131,1.393,250.12051,NA,NA,NA,Full match,No results,No results,0,0,8041294.53224731,8725803.86691915,5253725.17206246,14328527.6670114,4500823.55774616,15095991.9535797,3174860.07802384,8632672.52411979,8658861.20189039,8993554.78793466,5087612.98476162,5436044.12758803,11348718.3165743,6484873.41243116,3909985.49729484,6048421.00480149,14865155.3329664,8790362.93847155,4647184.47360339,6053167.23949706,9208790.61235265,6274715.72198634,2667907.27660257,3202448.56399875,17842690.2331177,10593678.0817689,6883778.12687233,7927386.52705697,9596453.75342202,13015700.7288415,2971893.80081562,4561593.25688876
FT_1.237_249.11303,MW_250.12036@RT_1.237,NA,C14 H18 O4,250.12036,249.11303,1.237,250.12051,NA,NA,NA,Full match,No results,No results,0,0,6776535.22867802,5425884.94801779,5153171.45427501,5106618.61302653,10471287.6324446,5370282.1207997,11180571.6887403,13329086.5625727,5153514.65302414,9281010.31476333,3168654.85919745,4704390.99275461,12521315.9735469,4992267.28654296,7369911.13837448,12410640.3925551,5080519.00637876,6793205.51268868,4712728.46025403,8910795.7544838,5040398.36314742,9323130.77903034,2768114.12466764,4451962.41093249,7213999.89986808,6039763.47605422,3770437.04041277,9599582.14792439,12090666.5663292,20792828.971958,3410420.86565431,6946358.46255263
FT_1.363_295.08239,MW_250.08408@RT_1.363,NA,C14 H18 S2,250.08408,295.08239,1.363,250.08499,NA,NA,NA,Full match,No results,No results,0,0,5662147.89156261,16045699.6138591,7421074.78876344,15580867.0187365,10387292.4994362,15747516.779823,8070310.67074731,13603618.2706516,14926071.3003953,9967133.89495725,15822430.1968824,19272958.1582881,15730075.134942,10600703.3923972,12445998.2775227,5707317.21589705,11726558.508911,29032551.6741321,13959505.90733,9887559.72684471,11822026.440729,9932941.41897387,4117879.50320092,6791459.56011621,17474377.9991743,14925012.8940957,8294577.93212668,9546659.39615407,27695353.575074,12648016.5513881,4375692.81012239,15042421.767214
FT_1.146_249.07678,MW_250.08405@RT_1.146,NA,C13 H14 O5,250.08405,249.07678,1.146,250.08412,NA,NA,NA,Full match,No results,No results,0,0,18189215.6827182,34789199.0248221,17716893.6551597,40097580.4054537,23400573.1387838,40188716.3742874,12859271.1708633,30129263.8028662,34493966.663712,26955779.2560513,18902670.433377,23166466.4461739,30196143.0288759,25023671.5492059,16950990.5235618,17226413.2773279,25005504.1234706,29076230.9250414,30605604.41112,27116226.5054848,30162539.093482,24154655.4688538,12650152.8074078,17287201.0047095,36466554.2979087,33690990.6900504,23780949.4382206,23854193.9273157,25905852.4617714,31940668.7557262,12331601.8582475,19202791.3155361
FT_1.292_295.08236,MW_250.08405@RT_1.292,NA,C13 H14 O5,250.08405,295.08236,1.292,250.08412,NA,NA,NA,Full match,No results,No results,0,0,7380687.56699196,18253577.4676143,7728605.16873517,25761538.6140622,10604504.8972676,24886680.5799323,3323949.06953174,18938388.15362,16614427.066791,9742358.77144607,10426426.989428,8922603.85027401,17238000.7158869,12982802.56278,5658505.52937055,5108638.12225042,12700523.8674942,15726700.2306905,8931017.59015211,8421142.5961569,8746796.79232569,7374112.3237467,3143285.25246472,5673318.10243522,25819513.9396052,17476953.6582336,12175562.891765,12408505.3059748,15460167.2792126,22495641.9511664,5748956.2399738,9218480.59885366
FT_1.678_295.08240,MW_250.08397@RT_1.678,NA,C13 H14 O5,250.08397,295.0824,1.678,250.08412,NA,NA,NA,Full match,No results,No results,0,0,8098549.32110456,15368045.5136718,6495315.51885438,21596763.1125837,8757443.37964338,21287506.6428057,4612740.00405699,18134994.6552275,16966051.0386081,12366805.8533981,8468088.27523912,9791591.71039618,13053208.621894,11840228.1225628,5942374.37373719,6232609.22360185,12773575.4556608,14335891.278941,7696183.53417272,9008446.2822088,11331759.6427513,10366715.9406513,4996209.54463672,5242764.15157523,21371526.1509785,15960645.1660013,11536790.9540219,10504631.5208881,13861487.0479984,18094418.831623,5005106.71829729,7405318.27179661
FT_8.844_248.96047,MW_249.96775@RT_8.844,NA,C3 H5 N6 O2 P3,249.96775,248.96047,8.844,249.96868,NA,NA,NA,Full match,No results,No results,0,0,50577519.7393717,38993700.6934506,36892079.4813953,36671446.7177816,52058476.5560749,39485057.2683792,52815045.3902488,38163237.3213481,44987326.932468,35554382.5752793,40214399.7723624,42602951.2671604,48742023.3776426,29399310.1588153,33770154.2789132,42949625.9355497,45116009.5779636,37981392.2802166,41261646.9488565,41188128.8760011,40705924.6269822,40736906.6277094,50160776.5652649,35019734.5119226,31920549.123605,35284853.1947265,39871650.7379219,35000302.9439534,35879544.8579807,37592190.648906,26804053.126069,37677748.7143422
FT_2.320_248.92177,MW_249.92905@RT_2.320,NA,C H3 N2 O9 P S,249.92905,248.92177,2.32,249.92969,NA,NA,NA,Full match,No results,No results,0,0,17193588.4475331,12385655.8274179,12943844.058594,15494813.5832934,14617106.2450462,16117912.2023036,16561260.9305407,17635478.4430797,14867431.6782646,15992219.4216321,19230640.3554163,8709252.62504376,15445248.7782567,13116535.4574794,15168478.8974076,19844907.196071,11952072.3814437,10659983.9844775,14639689.0770291,12712037.8219716,13726052.3770382,10648263.9017334,15569498.6159919,12731232.8780038,13493421.4770403,14658618.5371794,17082754.9097926,18474007.0270777,4415983.2352123,12922891.4477832,9371068.54507197,16219259.1857779
FT_2.313_248.89358,MW_249.90086@RT_2.313,NA,NA,249.90086,248.89358,2.313,NA,NA,NA,NA,No results,No results,No results,0,0,160011377.11741,64925018.9510664,95635011.9864596,79513890.7803478,123553797.749853,105686657.667286,120075976.266396,139493397.964873,95217330.4666474,103913848.44324,145786587.31767,149343341.227776,104362245.77499,70736238.5386019,154223847.998308,166242909.985126,60467456.4353571,47594179.6322932,94073734.5425834,79335036.3005175,81020681.134413,45719569.4866995,106941619.263987,87354773.8083155,63280738.0865104,85009959.3729848,129922987.695578,137602492.986992,82985130.4201965,56826372.7008183,60816772.9107077,130667042.232219
FT_1.307_247.06142,MW_248.06862@RT_1.307,NA,C13 H12 O5,248.06862,247.06142,1.307,248.06847,NA,NA,NA,Full match,No results,No results,0,0,8630059.22154024,18527485.6913015,8440641.06567807,21981965.7288898,12677993.120839,19224864.2712307,5852890.68738172,16080509.9514823,15522014.3070087,10290272.0383864,8063757.69184906,11276430.7831111,14303255.8669694,11961655.5455764,6729156.60097592,11906674.1074982,14981646.6179949,15568530.630824,17950603.4959547,10893614.1125529,12781246.3495852,9602455.53340058,5322283.36654434,7388874.27705357,22136429.046285,15730302.8743454,10592363.0056025,11761769.55923,15801979.4359071,19049092.6782231,3959748.34110055,8781111.08351466
FT_1.179_247.06132,MW_248.06859@RT_1.179,NA,C13 H12 O5,248.06859,247.06132,1.179,248.06847,NA,NA,NA,Full match,No results,No results,0,0,17010094.3776961,30516234.4858468,19301517.005953,30473813.9343072,24695433.3001164,36097650.0513335,10732864.5317735,36357074.045242,35489041.3391226,20785073.6961124,19844719.6760466,20770014.7641769,28627851.588391,21909511.5617491,14427989.9241538,16364623.5175987,21810120.5975819,27545252.3610259,22054666.6631133,24043500.8169824,26447541.6726842,22720981.5960493,12458453.956809301,16713147.2534092,35811962.6802363,27760988.2673701,22428646.5974636,26746931.4959213,26593762.9923773,32340450.1704578,10437157.4639614,18864294.3128057
FT_1.611_247.06140,MW_248.06855@RT_1.611,NA,C13 H12 O5,248.06855,247.0614,1.611,248.06847,NA,NA,NA,Full match,No results,No results,0,0,4896514.65060062,5703358.96814396,2342298.87145993,9517726.21924188,3335417.13126227,7498370.37511849,3375150.658699,5715753.44678544,8818475.14600734,4986119.01633798,2255532.58044627,3159141.19613781,4693277.80419625,8233329.14770333,2132102.74572538,4798639.97545591,7438340.22718944,5153960.7697918,1924534.15227517,4185054.99766043,3631339.42491923,6255932.32766573,2997162.31713877,2390942.10805345,10768055.2751331,4690345.71988555,3600301.52346179,4007148.10699384,4554418.28814034,7362808.06353808,3451132.77746499,2589932.70225253
FT_2.225_247.05869,MW_248.06596@RT_2.225,NA,C10 H19 O P3,248.06596,247.05869,2.225,248.06487,NA,NA,NA,Full match,No results,No results,0,0,4389802.54502878,8150814.1852873,5485396.01093556,8024809.64495882,7860853.90678882,7764620.5498559,4317652.9801943,8549633.10549834,10627790.8059116,6913994.4305954,6050282.35155335,6249491.40588184,9665682.84237382,7725789.54959534,5196722.93944847,4122303.22435131,8012583.71997652,9125751.00766065,7845889.70854335,8391586.14840177,8116320.22508654,6237164.92968302,4625462.99483017,6406893.89486936,9955153.48939735,11343608.2003348,7236279.48432772,7058969.06387742,8598800.21514989,8723863.93622166,3205338.44836902,4908134.38824622
FT_1.699_247.02483,MW_248.03211@RT_1.699,NA,C12 H8 O6,248.03211,247.02483,1.699,248.03209,NA,NA,NA,Full match,No results,No results,0,0,7221869.84178131,17664980.4384154,7619972.77009811,13777410.4854279,11067418.2752609,13342015.5624282,6428231.73445806,13928819.3413879,15000019.1966179,11546053.904733,8209451.37622678,9402574.84083893,11758374.5174432,10982656.2038347,7834482.17010853,6577765.26676971,9992783.61276841,14985009.5512551,7365390.54880485,10686714.2465377,13315373.4382262,14016307.3197055,6008873.91134232,5570139.53421544,18831696.2079748,16684661.5890344,8328771.41521247,10087606.1724076,13337090.6422385,10260958.7499269,4974389.20484925,8445130.69128148
FT_3.024_246.99165,MW_247.99893@RT_3.024,NA,NA,247.99893,246.99165,3.024,NA,NA,NA,NA,No results,No results,No results,0,0,835545.01744907,1976473.99484959,1135745.11803022,7036537.59226417,1706859.44838431,5324294.41804446,801965.603655069,4338791.22900435,2364497.50700673,3089976.30903073,1223581.62168435,875103.170770536,2103804.19373828,2829685.86421919,589238.728625864,673879.767566142,2171551.07362796,3299122.62828492,904127.481214482,849018.967169258,1303920.25134057,1444796.67002025,461151.858539252,360306.501029627,5083254.86842434,2837104.98549813,1252377.39760083,1307482.67611218,2777608.29300605,5314409.23990462,255877.885328335,914496.925671498
FT_11.478_245.11431,MW_246.12159@RT_11.478,NA,C10 H18 N2 O5,246.12159,245.11431,11.478,246.12157,NA,NA,NA,Full match,No results,No results,0,0,2351589.25441373,3686296.69238552,5380914.49372493,6434833.85124283,4503148.87101361,4707936.79294298,4492245.71229592,2455960.3058996,358837.078542911,303973.380041068,582637.229068885,568342.365487945,348596.378711468,364599.242012606,209633.928916199,233517.651457138,197593.1283708,309515.224215668,256334.546130439,221482.126882268,371452.706087906,515265.904418787,551522.444924251,203070.465302874,541691.286853652,254270.342418578,406088.8816905,218260.035219818,6505028.64690031,9703536.34638091,949009.239440469,3941166.40469526
FT_1.154_291.08759,MW_246.08937@RT_1.154,NA,C14 H14 O4,246.08937,291.08759,1.154,246.08921,NA,NA,NA,Full match,No results,No results,0,0,23543986.0232991,42787809.2999409,14149087.2044129,27795771.6491044,29817467.0290668,24226841.9354715,27182930.2893719,43826646.5836364,23094805.504307,17143968.1741668,13083455.1351828,16913197.067732,22619471.9853503,33380282.4124434,12358534.8540408,12560217.1869867,20288058.4721181,39554532.8634595,16952702.9270122,18231984.8905911,31103080.2593959,28944513.492816,8900469.69852249,22911584.3460451,23583955.910159,21914730.628489,30557677.4411891,32467953.4494757,20988763.07533,25771108.1713672,12949795.7918595,28203197.3240488
FT_1.376_291.08757,MW_246.08934@RT_1.376,NA,C14 H14 O4,246.08934,291.08757,1.376,246.08921,NA,NA,NA,Full match,No results,No results,0,0,8761009.01931501,14904943.2955634,9169196.79362853,22751003.4674661,10988000.6326627,21229492.1475466,5440346.91317312,17776630.4095284,13889845.9515224,13722998.1710594,11201112.7374605,11205471.6029139,9483909.17924667,13116971.5716737,8038818.72678831,7957472.19162735,15942474.3622997,14399913.6947924,9128807.92945988,12000501.0896822,11128279.7397041,10011070.1632026,4742779.78914541,7073073.72587816,26217118.3533057,18693782.0276843,13855707.2399382,13265921.3003009,18350327.8213084,26655975.8682516,6570043.77410576,11401560.312095
FT_2.314_244.89710,MW_245.90438@RT_2.314,NA,C6 H O5 P3,245.90438,244.8971,2.314,245.90368,NA,NA,NA,Full match,No results,No results,0,0,634991073.102583,340710553.834052,473675933.450568,432260721.152631,513754133.715145,488314158.883238,538122137.699108,606620926.251784,457655744.913343,507405699.633054,617561632.71855,637287679.884683,469332440.598332,395025224.660142,582303432.16207,652026465.153985,312732826.264313,258829672.94715,443128652.60957,395085120.191889,383980677.335776,258892131.815694,464752465.686399,396764049.204752,314761621.547502,385566830.785815,509432967.195442,548043452.053872,381984805.394996,313446610.608609,314680129.934267,556987557.621448
FT_2.315_243.89932,MW_244.90659@RT_2.315,NA,NA,244.90659,243.89932,2.315,NA,NA,NA,NA,No results,No results,No results,0,0,1253120041.09105,629071603.757131,890119995.245599,778288551.928778,979591100.351014,916976549.758924,350800904.391191,1200557747.05443,840952137.669286,935417330.944256,1187509388.8967,1249376994.66597,875221328.713949,715988626.664286,1150232573.87086,1339913540.67355,574752080.949267,460516806.965486,845507311.910529,755859856.588166,732006169.42707,490323531.127744,922851603.083082,777621977.34056,600483755.22635,740173213.180329,1018171105.1567,1107504864.21516,723138472.917022,571359186.829904,609942898.68398,1113552324.8429599
FT_1.671_243.08762,MW_244.09490@RT_1.671,NA,C6 H13 N8 O P,244.0949,243.08762,1.671,244.09499,NA,NA,NA,Full match,No results,No results,0,0,2696904.36750539,5567446.46081932,2666455.38266899,2251512.64218891,4313910.20247416,4692216.4895996,2088977.72854988,6640981.13024185,5444944.46919304,2652077.74377065,3749685.51319277,4749489.55892113,4856583.78341337,3073601.36577696,2070017.81489716,2481246.1261164,4265448.70706223,5384002.62991062,2502377.75463176,3518783.56229363,6449247.16649112,3631153.13107194,1953100.11380918,2181642.62518712,7634559.47121817,6757352.26079134,2861325.46386575,4062872.06653838,3299070.00218253,4376378.65021071,1238808.1065465999,2371212.66303575
FT_3.966_243.06218,MW_244.06952@RT_3.966,Uridine,C9 H12 N2 O6,244.06952,243.06218,3.966,244.06954,99.2,97.5,C00299,Full match,Full match,Full match,1,1,22688757.49787,30413663.201929,87595044.0169313,84533669.7778668,43451706.6309501,65556562.5813608,64404673.7363627,51548908.3978206,33198075.9366401,26933844.2396795,37693353.3266079,23432477.2297496,32090759.8060064,34343524.7634395,39347208.2869853,24988480.6427885,32156634.6776788,35529939.0453481,22981807.2151098,22026022.6828044,35735728.9386479,44749349.6471062,34715565.7720358,19555031.5195575,41393911.4279312,25115811.9308929,40275446.2018443,35858522.9756648,82241425.854067,114699973.610306,22921958.6114917,49269975.4134487
FT_2.893_242.07043,MW_243.07770@RT_2.893,NA,C7 H17 N O6 S,243.0777,242.07043,2.893,243.07766,NA,NA,NA,Full match,No results,No results,0,0,1724934.63148562,5674802.02925802,7161275.29845084,19289761.9219215,3376015.65827938,7255387.19402644,5460748.13618252,4698535.16199617,3390288.20488454,4592629.06654348,4666034.21596036,3527675.24505496,3555090.46049503,3764303.84038144,2879091.52787715,2101581.3388402,3366186.49405969,1865016.17726285,2754424.46690053,3118654.57787512,1886952.34129137,3173178.23210899,2116850.96957073,2201671.74465633,9406760.46261119,5468740.42643719,3844984.03292366,2586606.24590429,6044538.00760979,10439499.9212925,1054271.01498022,5075389.54006891
FT_1.980_242.02817,MW_243.03545@RT_1.980,NA,C5 H5 N7 O5,243.03545,242.02817,1.98,243.03522,NA,NA,NA,Full match,No results,No results,0,0,3264371.89577198,3757853.05603692,4067723.58389082,2167998.72839777,3775860.54457776,2322353.38594647,2650122.94412181,3908761.65055294,3903797.70993197,3529926.6688073,3717766.17768023,4562662.17779532,4205531.74244019,4044518.62210634,4035831.0539611,3139500.11656413,3671557.60220092,4365865.64775645,4070531.72334976,5025574.28025656,4314480.55439308,3561842.9592064,2797227.58505019,4478832.40004459,2402846.40590737,4373593.44177432,4982517.70572757,4030917.51406813,3600749.03960942,2244978.2957441,2592551.06535899,4079778.60343587
FT_1.160_287.09263,MW_242.09438@RT_1.160,"4,5-diphenyl-2,3-dihydro-1H-pyrazolo[3,4-c]pyridazin-3-one",C17 H12 N4 O,242.09438,287.09263,1.16,288.10111,NA,89,NA,No match,Invalid mass,No results,2,0,18505375.7697615,29070655.5213611,19051047.5669178,38325100.4648734,25492682.3656263,38410087.8498327,7446393.7970791,25692129.4531853,31321176.3136448,24456272.6466943,18999918.7295288,22602319.4329318,33922105.1557286,30383558.0919656,16841782.8499872,17262620.6497742,25195302.9124589,27907451.4616653,17126637.6041416,25572647.1174609,24531570.1630964,19564913.5993559,10071864.7616195,14536176.7940827,29635271.4416181,34592724.7730168,17441046.8689835,26431951.0317978,29843601.3028314,35338161.2609681,13511043.0057325,18953978.7021081
FT_2.343_241.08319,MW_242.09030@RT_2.343,NA,C10 H14 N2 O5,242.0903,241.08319,2.343,242.09027,NA,NA,NA,Full match,No results,No results,0,0,994048.841701331,1559898.42109048,3713294.09546714,6690507.08061254,2133238.98434763,1279107.55004353,4523719.24448931,905919.066760989,2809824.96264473,2841088.90140497,3041637.4675941602,1741917.91002363,3022963.62901266,6528839.56463753,4231731.85406459,965154.359493564,4577880.32022416,4152793.12376045,2725508.74568229,2992509.72631555,3368211.97344938,5855273.85321424,3669158.00485907,2868370.57777984,4110185.21143468,2124348.43344077,2451563.9479745,2313186.40947437,3538687.32422365,8577720.63674265,1451867.55561722,3593658.57050195
FT_2.245_287.08846,MW_242.09027@RT_2.245,NA,C10 H14 N2 O5,242.09027,287.08846,2.245,242.09027,NA,NA,NA,Full match,No results,No results,0,0,1277725.08733125,2604719.72773651,7259523.10100001,13913408.022629,4135682.55725646,4752521.04669951,10374346.1212509,3122837.87851882,7020328.84663985,8433703.5077104,14405908.4917321,4876032.28486517,8527531.99205321,10320729.8387443,10256377.7096548,4230986.019536,7488210.4497514,7222004.11290144,5174349.64319474,8393188.92980839,7198544.06773335,9323817.61152218,10597048.6137987,3921608.81374754,7980525.61013315,5665788.62692042,8108670.49535703,6059153.85542644,13040920.4549548,18126251.2116389,2978571.75741725,6930605.20704884
FT_7.848_240.95581,MW_241.96308@RT_7.848,NA,C H3 N6 O5 P S,241.96308,240.95581,7.848,241.96232,NA,NA,NA,Full match,No results,No results,0,0,1406243.25111592,4206960.83541855,7392221.48541282,13504158.8189616,3506502.47632596,8537719.59183125,3915372.62224434,3663495.63200172,3846466.26047884,5061061.45937624,6800193.35025749,1786267.43927625,4476005.73295172,4496631.85806739,4375754.48209532,1042296.91723731,5214447.67725757,2692822.79797272,2959064.32146039,2828058.4118057,1767594.88695785,4239301.35357003,2462762.23356314,1793148.33378732,6525538.74376488,4233506.48854085,4701898.3638484,2393639.71716837,10236086.8011021,9774421.22931055,2403653.59543068,7283796.37787803
FT_1.297_239.05629,MW_240.06357@RT_1.297,NA,C12 H16 O S2,240.06357,239.05629,1.297,240.06426,NA,NA,NA,Full match,No results,No results,0,0,14050860.3565434,27035804.9496789,9850289.01270046,31016093.4762758,16873951.0064035,34261221.8058515,4450009.54852651,18393657.8953032,23172733.8256577,11627656.4313002,13744242.1246549,13187601.9559777,15246629.4659251,13747497.9067737,7771866.02529255,9382438.02969761,25803479.6002788,18950885.3316472,11150160.0738212,14900346.2769397,14610953.0807092,11447019.9579789,4563207.73706384,10353145.4284136,28844412.5572058,19131513.7261478,15432208.0666531,16323243.8823442,14025287.7455071,22007933.4616093,7508739.40927378,10712853.2828611
FT_1.650_239.05615,MW_240.06343@RT_1.650,NA,C11 H12 O6,240.06343,239.05615,1.65,240.06339,NA,NA,NA,Full match,No results,No results,0,0,10384851.5180783,39614352.9063546,19417570.5543785,43063812.8911737,23469803.800825,55748132.7033912,8616294.27124777,37789584.6898241,37515391.7660149,26318487.7245417,21134853.5667257,26553403.8843889,32279533.4521824,30725811.5873404,7473794.92671103,16623610.9889154,32060858.6049193,28396543.8754983,20994727.9235331,43626035.2036001,26228024.6280861,22837124.5241286,10859660.4489846,17392616.9994708,52039212.7684977,41884226.1369658,34504652.9305592,31778621.187031,45333882.9754972,42607056.2356042,16461836.9737343,27678744.5674047
FT_1.689_283.11872,MW_238.12042@RT_1.689,NA,C13 H18 O4,238.12042,283.11872,1.689,238.12051,NA,NA,NA,Full match,No results,No results,0,0,5327589.97817262,10470602.8653047,5620666.87777472,14498338.1062195,10082630.2197565,12543244.5974812,4462661.44006852,12176196.3058541,12765827.3168953,7892305.90710325,6147487.94846511,8521045.39183984,11688106.3446696,8727786.2013019,4277432.94165757,5311701.4624358,10580524.6810866,10058748.5234217,7048031.11325078,7717746.91084534,10385809.6778089,7141459.3999205,3879047.19446273,4395869.30430341,17158557.2464285,12164177.8977736,6646271.75147121,8399545.59706433,9367483.58783974,13178645.8987485,3053659.99677506,6156560.18095327
FT_1.402_237.07710,MW_238.08438@RT_1.402,NA,C7 H11 N8 P,238.08438,237.0771,1.402,238.08443,NA,NA,NA,Full match,No results,No results,0,0,4953696.58485626,8921147.7600792,3932755.06175555,8416176.85299444,5001209.43850103,13856742.751587,3628852.58963021,11647007.0817066,9499777.30097447,5218595.8460301,4768924.32593226,5714612.72750341,8432533.42057836,5762906.54857565,5610961.03826055,3775578.92695347,7156501.84789765,6544925.35998298,5377108.08678564,5112839.84583411,10278310.5298689,7803107.76807373,2578947.23127374,4065253.69435458,14836484.5321368,6934514.46736067,6813973.8588295,7321228.20731473,6068294.34967099,9114949.53235033,2650446.28409605,5270988.42742554
FT_1.672_237.07704,MW_238.08434@RT_1.672,NA,C12 H14 O5,238.08434,237.07704,1.672,238.08412,NA,NA,NA,Full match,No results,No results,0,0,6894883.05160205,13049401.9847639,5812285.57484715,26211531.4420292,11778757.4542033,18835654.256794,4265720.08987814,11387578.5335687,21419134.8925629,11652999.5993129,8925229.05887878,10340847.7564162,14747098.9983351,10825827.9204318,6138284.55613733,8407190.86329957,15236553.3243681,13295618.0521689,6845873.43915786,6946298.17847109,14019904.3448593,7887627.42615928,5223026.73454908,4752522.11166385,20099131.053474,17813916.845119,10549802.1155798,10137926.8849626,15736519.0834762,16595655.3497813,4260848.60454944,5998821.2520574
FT_1.589_237.07700,MW_238.08429@RT_1.589,NA,C12 H14 O5,238.08429,237.077,1.589,238.08412,NA,NA,NA,Full match,No results,No results,0,0,4387288.24183369,9747092.67693462,3707174.15195529,15366950.7684916,6942193.04708023,11980168.3718247,3301016.01237214,8467667.98155757,9329722.27942093,10888422.8523974,6391987.7504133,6541431.1709294,7075475.75349961,21399581.8308204,4918683.04135745,3405598.50557838,6862569.04715909,9962645.09011482,4854342.09709039,5697288.12577896,7427900.75172391,10727028.3822412,2952360.67099043,5019531.9854816,12252833.2436183,14771030.8531433,6993090.70465423,6792871.8339149,12306983.879266,15041890.5209313,3613985.9578931,4625263.89656193
FT_1.291_237.07697,MW_238.08426@RT_1.291,NA,C12 H14 O5,238.08426,237.07697,1.291,238.08412,NA,NA,NA,Full match,No results,No results,0,0,15351658.9548819,23088654.0128492,9440734.1233736,31242024.8750255,16574744.2749576,29018549.2253671,7960481.71387247,19328066.0372043,38148861.4664538,20059880.2957081,14088300.1012517,19921022.3454995,24207165.0690483,21910344.2847711,10435221.767445,8938774.33784426,22691259.1761203,20881577.295202,10257799.0106506,27243682.6244259,16409860.4285838,15690232.0458876,7200882.59677766,15215531.4278435,28854772.9571694,39372952.7369807,11744043.752495,16836454.8600863,21479295.0778485,31152793.4053136,10182275.5008344,14619554.735633
FT_1.682_237.04043,MW_238.04770@RT_1.682,NA,C11 H10 O6,238.0477,237.04043,1.682,238.04774,NA,NA,NA,Full match,No results,No results,0,0,18194400.1798417,27136628.3809767,14347264.1589546,48947344.8192468,17093895.4829145,40047817.3171723,9031693.86051038,30286404.5352756,23926353.8497514,37023332.9958171,22209340.6264564,38496950.1040309,24286222.1249259,27770495.9668123,14378199.8303371,14664387.5800252,29665745.6456786,27761292.7931948,13914328.4183769,19412319.1965984,17861673.4232843,22027874.0586189,10246457.7020287,16861607.6068,44056621.3228525,24928896.0204136,20233037.5250051,23363310.8292584,29470308.1528335,39877220.3500297,12877386.168788,17909745.2259181
FT_1.293_281.10314,MW_236.10488@RT_1.293,NA,C13 H16 O4,236.10488,281.10314,1.293,236.10486,NA,NA,NA,Full match,No results,No results,0,0,32732823.2968479,60538218.4738277,26242159.1258077,89268142.7975404,39038613.6314552,69077914.0980309,22051727.2403081,64288753.3511331,60878684.8219879,42772447.9088898,36754723.883739,36478607.5581411,44785922.6810543,66049677.7711279,26385280.4923007,22814718.7740382,46154725.8769826,57024194.2804195,80049705.8607413,45454406.0217039,67755444.181594,34637025.0764475,22448035.2283471,36387584.5759526,59516160.9701759,52875863.5875589,35576387.5757098,34405578.3188021,49780131.9816804,66418801.3321909,21681142.4815944,29816771.1711209
FT_1.585_235.09746,MW_236.10485@RT_1.585,NA,C13 H16 O4,236.10485,235.09746,1.585,236.10486,NA,NA,NA,Full match,No results,No results,0,0,16023323.5706723,27479003.2131773,10423842.7343099,46164828.2885919,17678717.0821563,42782736.8296925,7520680.76669996,23851966.7548548,24701480.2619578,25851309.4276437,15868853.7427098,10776988.9669607,25661359.4373496,19963464.7606941,7903143.43548564,11648019.2964869,25068290.6644927,19959621.2940871,12670565.4944494,12805258.6486344,15621567.1890269,15663460.580308,8330997.85304529,7525771.66630026,46750069.131385,28094219.982341,18048484.0421123,19960616.0933704,26281841.6528107,37332976.7387766,6174425.73855872,12019775.0638384
FT_1.176_235.09722,MW_236.10470@RT_1.176,NA,C13 H16 O4,236.1047,235.09722,1.176,236.10486,NA,NA,NA,Full match,No results,No results,0,0,6990845.33838108,11123481.7772714,6455496.01522531,14098430.0919304,9660966.46946407,16026295.7596401,3194018.43705603,9902992.9224561,8865371.74888635,8954997.23599789,8205208.19749805,8332753.4051126,11746721.0470357,8457408.33462459,5263737.83543593,6061903.82241227,9682364.69462451,8307762.33298476,5387764.08742003,6896441.58374575,7672765.25771325,6798121.41237737,5090552.3870124,5827053.79202166,13983224.1924331,9916554.87644791,8356414.40998488,7934217.7214164,10207833.5607483,13123894.9419836,4209354.02071844,6386931.86282681
FT_1.158_235.06121,MW_236.06849@RT_1.158,[Similar to: Picroside II; ΔMass: -276.0845 Da],C12 H12 O5,236.06849,235.06121,1.158,236.06847,NA,NA,NA,Full match,Invalid mass,No results,1,0,23511985.9684363,49156297.674138,25683926.3451848,57398013.0079795,34445349.6049744,48602333.744641,4474529.77672313,53064266.0553785,61573479.802411,38354481.144851,30792296.614113,37897892.7018951,45851609.9962117,38333428.6578092,28072318.9494802,25701659.5886109,40254157.4545287,54064169.250578,32071432.4325457,37720182.0419107,44034104.5305051,43332783.7462975,20332995.0388318,33288471.2526173,63357092.5894358,53610434.1447386,37311347.35778,42674626.1443662,40304312.808199,49827361.5877228,22405312.3035824,34649123.1014225
FT_1.673_235.06131,MW_236.06849@RT_1.673,NA,C12 H12 O5,236.06849,235.06131,1.673,236.06847,NA,NA,NA,Full match,No results,No results,0,0,7940508.29691656,15612509.450733,8420801.55833517,12498092.9982511,10244581.842719,14920487.5054342,4443146.75880126,14055495.1241988,13345350.8943963,11079065.7524983,7306013.46586623,8828556.28039929,12569307.512389,9777600.41035501,5730243.20261673,6396472.69267995,13229095.8774785,15843605.4965412,7014812.22618102,10201283.0837077,13552959.5934309,7571866.51772507,5576049.23745689,7584316.71983044,15757351.6618648,28449001.0749785,7792619.89310688,23552053.2886266,14375002.9297377,12964255.5548993,6000971.21933701,7735593.91242932
FT_1.397_233.08536,MW_234.09264@RT_1.397,NA,C10 H18 O4 S,234.09264,233.08536,1.397,234.09258,NA,NA,NA,Full match,No results,No results,0,0,8145477.42575824,8570582.98150159,4417801.7857789,52681081.6585886,10853939.1901199,37699448.7736173,2004132.34963804,15383132.7403631,19580171.0803639,17414367.786706,17466927.2867267,8614102.82252149,27819966.0788841,18839642.6300332,3293049.99426281,4718940.47589723,21527722.7132331,12520841.9580651,15417563.6644444,18461309.5993527,12651140.5198059,6218936.47554378,2247701.32322356,4577864.84128356,27599365.4605569,19815650.8941276,14438165.2283883,16071341.1590384,20746507.0769388,86887953.3629655,4751168.96216258,10033486.9857267
FT_1.659_279.08747,MW_234.08914@RT_1.659,NA,C13 H14 O4,234.08914,279.08747,1.659,234.08921,NA,NA,NA,Full match,No results,No results,0,0,12598560.9059981,23007309.5158188,7652060.02963893,25212847.9474705,16281590.6199535,33687106.3868555,9157861.60952257,22636780.457056,24347872.378298,20628066.7379023,15358565.4073469,14498325.7956195,22887846.1754355,22963256.4625556,11582307.3076533,11130830.9383238,22736050.6124137,14621116.7190908,11301793.954806,13600097.6793532,17813595.6694839,69234774.5504166,5627953.26225414,9147179.90429119,32249638.7079214,25479549.8078639,15675039.0088672,16855647.4473623,24472643.3294253,32096654.1331438,9227591.5811256,12205741.420642
FT_1.250_233.04553,MW_234.05281@RT_1.250,NA,C12 H10 O5,234.05281,233.04553,1.25,234.05282,NA,NA,NA,Full match,No results,No results,0,0,36590180.1928735,67516125.2984869,26691592.2827475,89055487.7554402,55125388.6826696,73902218.5157596,21466962.3380906,63045244.842467,60823005.395975,45231764.3902424,34240785.0346992,34875630.9558493,46428830.5056139,56843548.6903892,22098614.1417138,27911693.7070241,40004945.3861093,48242480.5729519,26376908.1530576,43050071.4757748,33421077.9103829,37508732.8591487,14909425.5328451,26514978.8123503,61627742.4366573,54992373.8025884,38589653.4819154,42141867.3673137,58019248.1258144,84022040.5565402,21982290.3127139,39278173.0381698
FT_1.475_233.04552,MW_234.05279@RT_1.475,NA,C12 H10 O5,234.05279,233.04552,1.475,234.05282,NA,NA,NA,Full match,No results,No results,0,0,15195197.7081753,30596752.0107112,15224848.0704409,39052217.1593302,18827921.7451113,36771185.083138,6635000.90927216,27486094.4260004,27961498.4732419,27820966.4467862,17839225.3156009,18712294.1947202,30615312.2555002,21587304.8146252,13497209.9412132,12487891.5216381,22057354.6747391,30957980.6874806,13352714.9519241,21320932.8899465,21979915.213976,20420054.0861256,7900518.7678978,11776768.192887,35037220.3573355,24556156.6760445,22543121.144798,22097611.6813553,26054777.344105,33819058.6311712,11608530.4786186,18167416.1042446
FT_1.156_231.06640,MW_232.07356@RT_1.156,NA,C6 H12 N6 O2 S,232.07356,231.0664,1.156,232.07424,NA,NA,NA,Full match,No results,No results,0,0,6191020.43400974,17239016.9536729,4935425.64349781,8086945.4580828,6183489.38725354,4805151.91732691,2460666.97980142,7068688.00174719,9190002.5044075,4017756.09771966,5494361.77951512,4304026.1580594,9157474.90511654,5812215.66332283,3912116.44336124,3729619.55667808,3718163.60980552,7536919.25415417,9189675.22399493,12211935.332611,7375489.53613235,6650950.09711562,1043915.13508009,4916861.65704593,4351193.28236029,10158698.6564435,7384957.07242497,4407070.94869907,2902351.1709791,2751801.22673696,2731515.55477948,4880958.70901278
FT_6.806_230.80145,MW_231.80872@RT_6.806,NA,NA,231.80872,230.80145,6.806,NA,NA,NA,NA,No results,No results,No results,0,0,1010476.41453828,287609.868792841,382609.641409954,739960.734283953,3081301.0959805,339167.821394523,662158.821515935,1432897.0640061,3200037.44019261,832922.321769143,3109020.69749653,1050773.31776787,3159778.84502236,2227346.30596081,294671.183760256,4283277.61739295,269720.859153552,304718.632509351,572485.51078366,2636280.32615048,1147803.1619589,3834028.27799586,650816.269384861,3095848.80531476,365228.677516693,508124.789354195,288864.435883131,328674.21745633,360032.868824038,2791383.44271173,249702.432226335,306569.656559456
FT_3.854_228.05468,MW_229.06196@RT_3.854,NA,C6 H15 N O6 S,229.06196,228.05468,3.854,229.06201,NA,NA,NA,Full match,No results,No results,0,0,46805444.9491256,117310837.859423,190505103.930325,311513045.6726,121262376.943393,111857054.678152,169946278.789808,133144468.650292,120791340.147923,124228385.127461,158526285.743448,97861790.3716625,122235296.257848,96070697.0345372,100157261.674613,100120311.107037,116539376.154063,82196870.7682122,92781611.8564329,84125208.0494435,77883481.4686733,106776070.63736,103707315.965563,74372458.0958262,159627544.494801,94602939.2571242,117203112.655522,88254385.1811782,136108274.041957,197905503.517105,39592974.5186681,134241493.744824
FT_2.691_273.07284,MW_228.07464@RT_2.691,[Similar to: 2'-Deoxyuridine; ΔMass: 0.0000 Da],C9 H12 N2 O5,228.07464,273.07284,2.691,228.07462,NA,NA,NA,Full match,Partial match,No results,5,0,2578991.6604945,2422927.40060571,12885546.070869,35063245.5899324,4651371.19688345,14322706.4200845,23423071.9078942,10665736.4936298,6013101.77959921,15820145.777077,18447491.2293011,7839064.08641351,13621372.2769406,21858019.6520024,21348775.6940679,8679962.05562769,13590243.5724652,15847141.8308056,4111608.86614101,5440113.98253627,5966681.18295528,8875863.00102198,4882434.76357017,3740238.71202171,12154322.651622,7949470.46862117,12397925.9021674,9725150.32285498,21710347.8382465,37048257.7896851,4451744.52356697,9040457.81630141
FT_2.321_226.90889,MW_227.91616@RT_2.321,NA,C3 H4 N2 O2 S4,227.91616,226.90889,2.321,227.91556,NA,NA,NA,Full match,No results,No results,0,0,5737548.87718081,2091494.76136483,3052086.33243919,2608621.3029258,2886746.63649622,4637143.88677527,3413831.22697837,9356108.12215546,2457798.99898387,2261785.95043601,2892348.08774978,5745167.57022162,3044352.06728754,2653802.24020362,4388832.79395082,10883763.3897512,2128231.89909608,2045209.59394938,2889738.33392618,2814043.07872105,2666911.86513599,1811494.72181949,2839073.58620132,3079139.29709945,1745804.10909001,1717052.27706449,4649653.35539776,5742018.05271606,1799890.79089426,1610955.88747279,2035693.29962413,4172470.06829667
FT_6.564_226.07544,MW_227.08272@RT_6.564,NA,C7 H17 N O5 S,227.08272,226.07544,6.564,227.08274,NA,NA,NA,Full match,No results,No results,0,0,13167302.3678786,44151857.3972985,72053331.6683502,125958152.731076,36581686.7622574,30953938.9477121,59594646.8519789,46036717.8645794,36025644.8873555,47056876.3169305,59294552.4609582,42062926.9432003,44645892.9905201,33547183.9554209,35246979.9491514,34099168.7415913,42578853.7178244,25551876.9079323,30311152.1584159,28800339.5505386,19713901.6447308,37314209.1686726,37441976.2480638,27970213.5125735,45598965.8658682,39454827.2987912,41134076.2675489,30259971.7747123,35676995.4677422,64070869.8966031,10969712.0431761,48702162.7528123
FT_1.668_225.07690,MW_226.08418@RT_1.668,NA,C11 H14 O5,226.08418,225.0769,1.668,226.08412,NA,NA,NA,Full match,No results,No results,0,0,19261530.5756584,22210886.4102113,13414793.1847482,35131847.5783945,19862619.5331803,43890462.1313865,11060644.485795,22618929.6214588,15934254.5425912,18704267.957103,17128343.7889569,23808190.5981337,21740546.6491473,12782922.3065601,8212908.73310763,13214721.7188936,22067719.0405127,14123690.6225457,16188618.911695,10870031.4146852,17310543.6691382,10598575.8578281,10334033.154324,13196597.1661492,44330616.1316207,15927321.9849683,17751999.1796795,18779956.5859092,20911902.2889941,33267592.6283519,9935258.81605761,17434819.6331488
FT_1.621_225.07685,MW_226.08412@RT_1.621,NA,C11 H14 O5,226.08412,225.07685,1.621,226.08412,NA,NA,NA,Full match,No results,No results,0,0,5955729.26797523,12314898.9643151,6816411.07218553,27963522.4474868,9558067.94968883,25949963.3957461,3919942.50424543,12911743.9639211,13921475.3655444,13782157.2292914,7851967.2260909,6405091.80434825,11186666.0168873,11892423.9947727,5845828.64310404,5327084.34365676,10327436.429024,12967227.8281634,5937285.59135919,5843136.42714858,9176947.96474672,8924795.73743226,3861604.43562141,4629499.6265641,21019785.0824462,13804257.6452855,9061386.42043575,8945992.63728784,13077420.3915609,23280409.5221933,5900442.40915111,5038306.47522328
FT_1.780_225.07683,MW_226.08411@RT_1.780,NA,C11 H14 O5,226.08411,225.07683,1.78,226.08412,NA,NA,NA,Full match,No results,No results,0,0,2756180.83280442,22210886.4102113,13414793.1847482,35131847.5783945,19862619.5331803,13866828.4267699,858157.803874384,22618929.6214588,15934254.5425912,10609581.585825,17128343.7889569,4434917.08504802,21740546.6491473,9453171.35010285,8212908.73310763,13214721.7188936,22067719.0405127,6860073.24322938,3004892.48542253,10870031.4146852,17310543.6691382,10598575.8578281,2043743.25068355,2389097.26746411,44330616.1316207,11534596.7570525,17751999.1796795,18779956.5859092,20911902.2889941,33267592.6283519,9935258.81605761,2432394.06056437
FT_11.780_225.06158,MW_226.06885@RT_11.780,NA,C7 H14 O8,226.06885,225.06158,11.78,226.06887,NA,NA,NA,Full match,No results,No results,0,0,3416588.525027,4198890.35687007,18529985.0821753,12223778.8945103,7524445.20438879,8473208.29045372,12838865.2868909,7859550.04470178,3241848.06274523,1642864.9026044,2477743.79218058,2244408.17130447,3455206.48844566,3113271.21132317,1706444.67477103,5948613.82270629,1765423.87705596,3328463.52279659,1578965.03377803,2905014.84857971,5774877.80393798,3675112.25452946,9131785.76189261,2095376.55979933,4145159.37599531,2844098.43873204,4154893.38116636,9427423.94962833,11630764.708348,19665495.7733967,4553299.61650521,7451906.04068779
FT_2.025_225.04042,MW_226.04770@RT_2.025,NA,C10 H10 O6,226.0477,225.04042,2.025,226.04774,NA,NA,NA,Full match,No results,No results,0,0,42291261.7825291,98215698.3322665,29624347.3881123,130436116.508089,80766553.8187812,126449291.75385,24584616.8718481,110095835.234272,94363776.7305084,122892781.532381,57571422.7685295,77190922.695725,88454413.8953136,86454940.9523351,30698131.6846946,47523817.2519938,63672172.0294036,55689704.6536515,50039222.0701668,71486190.8805221,53026986.9562344,68110326.4496031,16725787.592811,33491572.625308,197425284.539751,132900882.176081,53990161.9952165,72088896.622573,110909796.983596,154804814.64349,26975269.640334,62401081.4777259
FT_1.571_225.04041,MW_226.04769@RT_1.571,NA,C10 H10 O6,226.04769,225.04041,1.571,226.04774,NA,NA,NA,Full match,No results,No results,0,0,141267712.179499,236467993.600507,85959402.2410951,337981785.055167,146106905.136099,368061303.282096,57272860.343287,273820060.557436,276642431.473638,177779169.997605,123368487.40412,145367434.532587,215453087.726109,188451125.335737,69845117.2987999,105942340.181112,220081634.911172,209384854.224871,131177744.744184,164970150.97303,158269183.330705,135871095.296936,67837022.0502266,100823998.764014,388982348.49491,256583420.459227,147928597.286567,187215067.999311,232536222.334173,346712142.412448,93908086.798506,141958197.993703
FT_2.311_224.87098,MW_225.87826@RT_2.311,NA,NA,225.87826,224.87098,2.311,NA,NA,NA,NA,No results,No results,No results,0,0,5516567.54399706,8940251.31407399,11232688.295103,7911462.5982906,11251692.9609534,8711894.21887718,7129066.33321074,5762891.94134438,9504222.57758767,10617620.9108283,5879504.21342045,5354486.81415039,6426393.49358909,9978364.58242498,13505467.5695686,5514080.21508911,8769607.65559936,7532202.13398438,11486162.4090456,11063876.8134196,10641136.9968191,8728653.36170013,11952036.4863501,11698049.3586492,7962014.6681265,9889794.05662292,6655161.30385476,5788739.12405117,10724434.9687283,8715545.71838232,10112828.5966319,5939402.53996063
FT_1.553_223.09739,MW_224.10467@RT_1.553,NA,C12 H16 O4,224.10467,223.09739,1.553,224.10486,NA,NA,NA,Full match,No results,No results,0,0,7580298.23577385,16848618.9471283,7071460.10804288,18546309.537657,12870162.105106,16416826.410613,7904994.23047362,13469292.2850238,16445911.1915052,10194921.0953947,10307100.7134227,7549369.85076611,16499555.3131396,11194301.8882514,5921450.66270139,4975726.22816656,13139605.0573624,17533502.2156489,15753768.6568056,9748459.10493057,11683751.7761622,10103035.8496271,8358575.4644748,8737400.39676207,21177533.5549662,19273183.4175631,10599816.7160897,10484608.8263477,15043674.7596087,21799632.1603394,3756802.82761633,6628610.13156187
FT_1.669_223.09681,MW_224.10452@RT_1.669,[Similar to: Resorcinol monoacetate; ΔMass: 72.0572 Da],C6 H17 N4 O3 P,224.10452,223.09681,1.669,224.10383,NA,NA,NA,Full match,Invalid mass,No results,1,0,2915426.29038278,4253649.67775245,3023190.75841339,10375692.6136341,4008913.16374721,10615394.9971007,1847835.90175052,4729801.8084677,8723421.86739501,5076179.07516859,2242122.15563266,2958818.67338145,3733947.24708945,4313024.91902401,1632065.94925079,1995014.48464695,6774312.56870461,4740268.62563147,3234854.43569195,3701067.27672417,3479550.06447219,3702861.63014739,1787215.25732118,2178017.86804734,6106651.92185733,8301807.74658754,3266574.74530296,3314465.22853226,8502459.81362278,11679213.263763,1415471.85395638,2323633.50464634
FT_1.467_223.06110,MW_224.06837@RT_1.467,Trinexapac,C11 H12 O5,224.06837,223.0611,1.467,224.06847,NA,69.9,NA,Full match,Full match,No results,1,0,14988856.6193228,21633168.2628068,14033432.4375081,24872360.0105641,14578820.2963007,31505572.8398422,6668321.61236981,36726532.9388603,27146580.0482166,17929680.9518057,19377441.9869502,16058776.5397449,25024672.6265762,20598536.8082914,10599512.3745203,12789008.0887434,21341705.4787112,25741796.2280925,21074761.3884464,19710837.3202648,20857660.2179565,20012420.3951538,7996039.97312212,10172791.1485503,34681031.720579,24308254.259701,18593265.6362431,24670669.8819929,23228298.3483612,36976738.7996585,9060279.61075267,26719602.6874974
FT_1.666_223.06103,MW_224.06831@RT_1.666,NA,C11 H12 O5,224.06831,223.06103,1.666,224.06847,NA,NA,NA,Full match,No results,No results,0,0,20740181.6174621,40317315.5252657,19274262.3905353,61695114.9115835,25344956.8602643,59532764.8577164,11510421.4618833,32474630.0338586,40579985.0552084,40195447.6030014,20176375.7720878,26927322.3298217,32935150.6146403,31789496.0939109,18117200.7976862,18139831.282087,33951261.5995179,32004256.8717712,20087159.7855864,22199204.5022178,28525086.4034577,21763740.2415293,11235629.2944461,13577178.2765236,51024100.5129376,40681634.8385086,27490071.6750376,28642511.9848526,40949130.1853235,43180140.1650006,14690616.224819,17885111.0548485
FT_1.640_223.02477,MW_224.03205@RT_1.640,"[Similar to: 7-Formyl-4,6'-dihydroxy-6-(hydroxymethyl)-2',5',5',8a'-tetramethyl-3',4',4a',5',6',7',8',8a'-octahydro-2'H,3H-spiro[1-benzofuran-2,1'-naphthalen]-7'-yl acetate; ΔMass: -222.1984 Da]",C10 H8 O6,224.03205,223.02477,1.64,224.03209,NA,NA,NA,Full match,Invalid mass,No results,2,0,680522314.024504,951435959.247528,457279371.012901,1606607305.57994,725502717.437917,1400698463.6813,316973913.324488,1018140727.04634,1007180721.40021,1075831178.58443,590617046.431563,603242180.856145,932935275.918754,1047138979.24883,472838539.712668,501036352.465448,974878856.607031,877538567.190411,592525852.470643,794960213.620335,810609509.705067,864517771.97582,392188813.237862,503822774.71651,1291649289.08094,984492763.787003,679073436.734907,804683799.747168,970525128.737171,1436177196.17104,429113556.708605,717337633.737854
FT_2.313_222.87398,MW_223.88126@RT_2.313,NA,C2 H3 Cl3 N2 S2,223.88126,222.87398,2.313,223.88032,NA,NA,NA,Full match,No results,No results,0,0,18214961.8950611,8940251.31407399,12797293.3269525,8358684.33891264,12195696.8088657,5372352.11382301,10176399.0393209,4109087.35065729,10312864.1231182,11142620.6045903,13534949.7551804,6533731.85492878,10530310.9115607,10521118.1390585,13659385.7296019,11444526.7335203,9456009.7805493,8981169.32146365,12406652.8305341,12382059.3526516,10641136.9968191,9094661.60976108,12749442.3367952,11724032.4614746,8030578.01808247,10905750.406536,11822106.4570587,5634640.7546815,10684977.4183167,9500221.82911298,11503467.4324597,13229986.1381439
FT_6.807_221.90284,MW_222.91011@RT_6.807,NA,C H3 Cl N O6 P S,222.91011,221.90284,6.807,222.91072,NA,NA,NA,Full match,No results,No results,0,0,3598840.14958053,2089387.09015,3246874.21742519,4498953.47762091,6064485.22841186,2710143.00157735,4239835.42758271,4565287.58715248,6175487.21244038,3581705.71704547,6177498.32660451,3826590.10906786,6874340.08767862,6585691.62358818,1518318.75882853,6868427.91795217,1238423.69578832,1635081.31850138,3019467.66144404,5453195.13057042,3516496.75149463,5771012.55889714,3264430.37948014,5232516.06731054,2942678.5875617,2886985.53038422,1726229.02698332,1916387.2868926,2402246.27414812,6747798.15198047,909616.695115875,2260927.83575702
FT_2.352_221.87440,MW_222.88168@RT_2.352,NA,NA,222.88168,221.8744,2.352,NA,NA,NA,NA,No results,No results,No results,0,0,7069381.39429552,6292923.84759204,8503883.14662601,2591840.08417069,12195696.8088657,3532637.61852572,6169823.3039496,4212287.46812015,6087870.26955904,5166240.33019125,7647866.40556527,7298979.01472424,6179109.17827392,10817815.3268809,9594075.95555297,6339700.00411865,6448891.58739038,6875409.7037204,7282750.91974177,8254123.97016306,6193626.71188102,7241543.89591641,5533335.78278125,13091689.9467066,2657613.88194399,10287528.5984061,5721018.34679024,5103205.82970865,5139311.38328291,3000886.01082383,15544616.029647,7349883.53757613
FT_2.283_221.87435,MW_222.88163@RT_2.283,NA,NA,222.88163,221.87435,2.283,NA,NA,NA,NA,No results,No results,No results,0,0,5623032.86050013,10797017.4475667,5761627.46057341,8358684.33891264,6086902.6080575,5372352.11382301,5579458.1402265,4834286.45582204,10312864.1231182,4945520.96490462,5256806.63573403,5932422.11017341,5403312.01136017,7802426.65140597,6841265.59885635,5541084.23888589,11119132.6206595,11421841.9184288,5152952.82497972,14222262.2947102,7418335.38813919,9094661.60976108,8813125.03647844,10912508.1314166,8030578.01808247,9683592.30914627,6827985.44007062,6824439.71260033,4505439.74125139,9500221.82911298,9122132.96964117,5714727.31043446
FT_1.419_267.08766,MW_222.08932@RT_1.419,NA,NA,222.08932,267.08766,1.419,NA,NA,NA,NA,No results,No results,No results,0,0,8198928.15584354,11919113.1375915,7939224.84757768,14554038.32227,8736952.18356279,17636166.2004612,4110239.76465913,11166854.3458763,14812752.719695,9757826.70383741,9364414.4889966,10530986.9765302,10908984.549724,10760676.9131201,4044544.51832439,9777780.45671855,9979000.8491393,12625121.0991874,7984757.7233629,7232364.79100072,9377759.072328,7063621.46318067,4114609.66440349,6338235.41430546,17195309.7357579,10888128.7189659,8534397.44281386,9229027.96106778,8884647.65371427,15028642.5120035,3884169.65400869,6368446.74449094
FT_1.668_267.08740,MW_222.08919@RT_1.668,NA,C12 H14 O4,222.08919,267.0874,1.668,222.08921,NA,NA,NA,Full match,No results,No results,0,0,91818233.1395993,162823831.854156,77209757.9483258,44034024.4186181,120403653.556768,163710788.384827,56756277.5400141,145626170.220484,159113934.851784,122501973.651287,85298986.4891351,97162586.5461086,151501495.789389,138258703.277088,81281657.1201735,69635448.5055929,129880309.176252,150635746.859055,77403593.0205337,107321250.409988,151274331.890305,122868860.160277,52582010.5698532,70374891.4987027,210665878.394164,158687067.410622,83959618.2798813,98716905.8706881,134668353.160129,149148175.232252,55613268.1340083,96958801.973074
FT_12.130_267.07221,MW_222.07395@RT_12.130,NA,C8 H14 O7,222.07395,267.07221,12.13,222.07395,NA,NA,NA,Full match,No results,No results,0,0,7759728.18240625,9315166.27494687,16133308.3695616,38776686.9531052,11178621.5952456,18205625.7824262,20099058.976709,13408907.463489,6100333.28176822,8478421.28625816,5407988.84017326,5161999.67716211,7829983.92190084,6645220.68303287,6530015.39840475,4024657.41965112,6212743.41521591,4854374.47514767,3525784.22559789,4508659.48600001,4852078.47317996,10791777.8401332,5797109.93289136,2919544.94999517,6196596.48150237,5662607.51028458,6215674.47578244,3613119.56759439,23141877.0798658,38385151.1011857,2670416.02777294,13528902.5105866
FT_1.613_267.05109,MW_222.05299@RT_1.613,NA,C11 H10 O5,222.05299,267.05109,1.613,222.05282,NA,NA,NA,Full match,No results,No results,0,0,5002208.04764063,8653868.36507504,3382462.7751284,29724052.835936,7266944.82824375,22608384.9741612,2274610.78179817,17357020.0423252,14154100.5857431,15746552.5109926,8359398.38913078,6058403.9787943,12146144.9527993,13872432.5845891,3788632.2244573,4454806.67517378,12150679.7938956,12906159.7128322,3959348.86724998,7794165.61385823,7668742.02634312,12614000.1848696,2331768.39932524,3751544.32101697,18506740.7345252,13238548.9496296,5993335.47912184,10889718.4999169,9674449.39998777,13331599.5795932,3843860.37136542,5392132.62988646
FT_1.455_221.04562,MW_222.05289@RT_1.455,NA,C6 H7 N8 P,222.05289,221.04562,1.455,222.05313,NA,NA,NA,Full match,No results,No results,0,0,8059332.99259107,13852968.1693638,8078513.41955822,21334353.1353359,14385403.9466229,21495348.5391156,5426751.50109179,5095107.95670008,32204007.5192199,13516900.9233933,10834002.9924353,11640456.0107232,22752288.7885424,23251648.8207475,9437045.92657899,7998462.77534288,11174040.5696985,5525562.06685003,9055601.6340775,18142964.0820027,10922441.8269608,17935006.1571448,8554640.06300709,6660520.62140548,5950809.15517884,16086406.4606515,13383936.0723559,11127649.8116617,27903002.0933774,16843295.3901001,7173748.54929365,14656380.1298091
FT_1.682_265.07181,MW_220.07369@RT_1.682,NA,C12 H12 O4,220.07369,265.07181,1.682,220.07356,NA,NA,NA,Full match,No results,No results,0,0,13119979.7896807,22886509.3692061,13094355.4649557,32805242.3522103,18376078.1209539,35542639.9003034,6178439.63521988,25243868.1482807,27107174.8113589,22560575.3129247,12377913.6604535,16117569.852044,20282599.0911573,32466552.4159669,15541156.0608191,11984691.9964706,13698564.3732282,14376654.7655217,14337757.5751399,14529321.6201586,26009632.3992022,26669220.943357,13077444.0825773,7570399.79209544,34594066.5041424,25948849.6748482,15719196.4569345,20608538.1835345,19966806.7135566,27223504.5500508,8368042.55661032,12882965.5528847
FT_1.538_265.07183,MW_220.07368@RT_1.538,NA,C12 H12 O4,220.07368,265.07183,1.538,220.07356,NA,NA,NA,Full match,No results,No results,0,0,23660401.0517752,60652460.209732,30240828.7821562,52728829.408264,33871845.0092115,64600936.6363203,17888983.2373064,66558421.4671846,61712881.4892478,27796764.1777047,26166681.3398704,37097074.3827544,52996600.8590245,32992150.6376223,20898182.7867638,26466841.7777209,41412446.5865851,46258443.077053,55115661.3851261,41005379.0917769,40248646.3037488,28375674.4365199,18740566.4004833,21369900.3567764,85443849.7360779,70993248.4489048,57803697.8025834,49976586.7169353,60416937.8030406,58346034.0707644,23146847.3297413,28698751.7204362
FT_1.213_265.07180,MW_220.07364@RT_1.213,NA,C12 H12 O4,220.07364,265.0718,1.213,220.07356,NA,NA,NA,Full match,No results,No results,0,0,39748747.6407554,72492399.7268044,36524046.8086579,78477615.6084321,50725138.0299579,81251372.7069344,26557009.1346844,80527726.4011261,82070658.2138693,58894173.859623,42711233.3694771,48960253.1464501,61244315.6857472,57953245.1783938,36156324.218557,40140044.3971433,51283849.6644998,70417330.302984,46303057.4057183,57995208.8808877,66936055.6968456,56572578.5217586,27208043.3019492,37835196.8906158,82416163.7803288,69460224.6688625,53051953.4112916,57727683.6471396,64623231.1687693,75114139.3799213,31195910.374311,48224081.9366986
FT_1.652_219.02972,MW_220.03709@RT_1.652,NA,C11 H8 O5,220.03709,219.02972,1.652,220.03717,NA,NA,NA,Full match,No results,No results,0,0,7221547.02886144,20908394.664274,9712631.04291766,21071416.8623211,2601824.37802668,23508031.2254694,8595276.70273052,12089330.6807732,17290613.5084368,20234597.4973366,14596149.6546002,9578597.39682566,11173959.8952893,20041903.0059908,11486468.3510182,8460888.88054424,11436365.1734496,14776420.0328924,9300341.43377739,11792293.6221443,10807787.4125284,18887400.0751112,6447595.67792312,6445056.50120391,25682289.0934265,16861634.1512658,10687021.1897609,14099096.3864583,16930580.5830332,24578718.1149061,9004999.32554315,8071199.79408778
FT_2.544_219.02978,MW_220.03706@RT_2.544,NA,C11 H8 O5,220.03706,219.02978,2.544,220.03717,NA,NA,NA,Full match,No results,No results,0,0,13058966.1527961,26254853.091475,8672307.8793413,35604917.655623,16792992.3500471,32712359.1523089,8591728.02175619,26711662.495866,32276223.6549122,23629840.8985601,12778712.474854,16129996.8929303,24141693.0744296,19541824.6135946,8896688.67899513,9499110.28950992,24384803.2522511,26099903.352812,18581882.4546634,18853007.7755284,18744629.5313767,21916983.369059,8161860.07727198,9788227.88602477,38285837.5288832,33255958.1969032,14560288.3641008,18339119.0855392,24046076.609607,25483008.4000821,6382653.35597986,14059105.5400707
FT_2.713_219.02977,MW_220.03705@RT_2.713,NA,C11 H8 O5,220.03705,219.02977,2.713,220.03717,NA,NA,NA,Full match,No results,No results,0,0,13988134.8621521,36299394.6386731,15651532.0439707,49960948.8021875,24698327.1281351,43313922.4575902,11223626.7362149,38483496.7486926,41879061.2663295,27808266.2435093,15592070.4873167,19136568.0731501,35444339.3206656,32594596.7844774,14859828.8383107,12692457.0169784,22498946.5164334,37633447.5673972,23955304.5186258,20794454.0981926,28168295.170872,24217651.3768175,8090649.65744273,11854973.3441087,53824910.6650974,39117440.1219412,18835500.8619574,23069620.7734421,30572264.287057,39771079.4811286,7913546.83792684,15915470.7206832
FT_1.300_219.02975,MW_220.03703@RT_1.300,NA,C11 H8 O5,220.03703,219.02975,1.3,220.03717,NA,NA,NA,Full match,No results,No results,0,0,18539525.0437833,31973201.2997894,14295144.0538114,51607911.4303928,22766382.8287173,40619924.4125708,8706389.61521947,28736795.1652817,30291555.0730535,25689569.3470687,17337432.7471699,16390599.6966164,26993833.336561,25114889.5383926,12232777.8218643,10065642.8551718,22016131.4028481,15503874.9228674,13951435.3348349,22146253.7274254,22472734.9333758,19740059.5447888,8683209.55454231,11069580.1100277,39714687.5823345,27955464.1131211,18273278.7874754,22747589.5698605,24889404.4579793,43431501.100126,11421910.0295191,20538326.0214589
FT_1.670_217.10742,MW_218.11470@RT_1.670,NA,C5 H15 N8 P,218.1147,217.10742,1.67,218.11573,NA,NA,NA,Full match,No results,No results,0,0,1385744.87952338,3816748.04547401,2141577.13815348,5728114.0748283,1855073.4825269,5722893.67066405,1345931.62968944,2739923.1052863,3119959.59963695,2495673.96497695,1395339.6217943,2068676.55148106,3621563.66492156,1955333.12730417,1602867.02499909,1148040.99904649,3130969.11313786,4386670.27963295,2842529.87299042,2355380.76405481,2254635.07015623,1779378.69391009,883631.640846592,891576.413793946,6750362.24607165,5730880.21745798,2739588.39325063,2378850.03361,4756817.93921455,4296429.03031658,935001.777393274,1248095.37635887
FT_1.166_263.09265,MW_218.09451@RT_1.166,NA,C13 H14 O3,218.09451,263.09265,1.166,218.09429,NA,NA,NA,Full match,No results,No results,0,0,14566033.6433371,31317597.7222609,13956194.810988,27957828.447823,39374476.2881775,28597474.3621574,11167822.8893167,40194725.8262602,24861485.0851637,23309832.5460135,12415606.3444254,27437118.2276134,50962028.6308804,24814699.7457435,3474415.95875948,11221101.4007596,22467234.7215479,23378978.9887443,18646117.975152,35341714.2577114,21366721.4581524,18163583.4092528,10793928.5184571,13813241.6426798,59789532.3682932,49350377.7572049,31050159.6363262,4599406.31220227,45236897.8605656,8243382.97336646,10393867.6068124,12533589.257004
FT_1.300_263.05622,MW_218.05781@RT_1.300,NA,C12 H10 O4,218.05781,263.05622,1.3,218.05791,NA,NA,NA,Full match,No results,No results,0,0,18343819.3757316,24095800.758498,9202595.43710195,37938191.9574174,20165430.8155542,28335774.8502716,9188585.65177028,20076849.6121783,9376679.97016525,23530239.1955528,13296241.6488932,13002050.3414218,17754900.5331856,23000944.7544261,13006997.0969574,13301698.5112262,22937402.6027313,18139547.3769848,14791212.7947869,21610517.3195504,21061807.493693,19375988.7479954,8505323.6047509,13050479.1294746,14341025.4960254,27193258.587526,17339617.896063,15407825.1886827,26627769.892,40828995.1959435,11300433.8259718,26156956.8047848
FT_1.131_217.05048,MW_218.05777@RT_1.131,NA,C12 H10 O4,218.05777,217.05048,1.131,218.05791,NA,NA,NA,Full match,No results,No results,0,0,60273924.6410789,231689011.898612,75243751.2779827,221321749.967647,125064947.0598,212365804.748506,52071453.5354348,197569959.629217,251717290.699202,144197573.583908,82712278.3974371,117319088.738685,187538655.026071,145972934.381946,64995782.8856862,73540698.9177111,145952928.714376,166551863.865165,188452094.513646,118866515.273194,159188904.823212,109627897.538774,52686524.6717469,99907689.4065533,296660153.916487,229910579.781906,114111703.833748,133313867.051814,156840408.794975,184355828.706257,48258728.5173143,130211140.057716
FT_1.680_217.05042,MW_218.05772@RT_1.680,NA,C12 H10 O4,218.05772,217.05042,1.68,218.05791,NA,NA,NA,Full match,No results,No results,0,0,9568702.13622963,19528814.0087619,9969983.01091565,26990814.8762837,16058816.989999,27923969.7571459,7223342.79347213,24961400.0917495,27992194.0028702,17293721.5002882,10262833.2722995,13503602.1562373,21097487.3171177,18526477.3001891,9644020.23230546,9528691.73906928,15299706.9202548,18429666.2064596,16289628.2052514,13201469.7274053,12990819.9414052,14382257.4858882,4486702.37827505,9335221.97057538,28273990.8887111,22551396.0701398,12390731.5866789,14976402.1352636,17669561.8421309,24359528.9948833,6820336.61871189,10304279.9597561
FT_1.845_216.98085,MW_217.98813@RT_1.845,NA,C3 H4 N6 O2 P2,217.98813,216.98085,1.845,217.9871,NA,NA,NA,Full match,No results,No results,0,0,3138831.85738237,3547944.9260522,9232453.72195775,11097839.3920732,8995500.47811496,6331128.67375523,20773553.0471915,7060481.56125592,13828811.5261097,13902425.8096429,17024596.7210847,10017936.2460225,12295730.2276384,12573025.1724919,11084916.540261,15921222.5709836,10234082.1137699,5886772.60573247,7574851.67693031,7609334.97956318,4328577.95382242,9920426.16378264,10700053.03533,5308515.54057169,4582329.73547291,4694793.46288247,6405140.01943991,6567118.22860985,5965452.73577432,11663985.3073795,1753155.66722425,7099555.70049865
FT_1.939_216.98085,MW_217.98812@RT_1.939,NA,C2 H3 N8 O P S,217.98812,216.98085,1.939,217.98881,NA,NA,NA,Full match,No results,No results,0,0,2338612.39323169,4190418.10964819,2790634.94097938,6282648.36761503,4590397.51123816,5400207.99366138,3305078.11983204,5674107.34877706,6160365.93815437,6467204.90695923,4322584.45953347,4682900.46622049,6384968.69915147,6366957.78411635,3116882.28974277,4014478.40843665,6240833.80759892,7583209.13876587,5256420.05100902,4065778.01475633,5385145.54849418,4402341.9163093,3007716.50741281,2233172.36347574,6943106.7100815,6404216.85859102,3830647.08108324,5046801.99995056,5587106.62475304,6187178.27646936,1645249.27827356,3684137.76549236
FT_3.571_216.94452,MW_217.95179@RT_3.571,NA,NA,217.95179,216.94452,3.571,NA,NA,NA,NA,No results,No results,No results,0,0,1691597.13148065,1891929.22454915,8306956.78551869,13128995.0615021,6612542.85393414,7935657.38927404,5827851.49172383,4711202.18575711,3792540.40003077,5393947.13010333,3562151.85632449,2237864.02489723,4809130.62493849,5978633.32604037,2757086.31694966,1879549.32689649,4120523.76825514,7233042.78395202,1620470.78326372,1684728.81495401,3703841.18448124,33527266.3348853,9624465.48518833,906672.340214285,6946749.44360635,2320754.61510709,3602522.35917094,2153523.28832181,5694794.84202373,33619927.7948432,2079291.51646685,4700488.24242242
FT_1.432_215.09294,MW_216.10022@RT_1.432,NA,C5 H13 N8 P,216.10022,215.09294,1.432,216.10008,NA,NA,NA,Full match,No results,No results,0,0,2976846.74876298,5240086.28212971,3232688.93039428,4949547.60391612,4239742.48175069,4408740.67850711,1849556.05860037,5894024.30696441,5471380.5218134,3239332.529972,2372447.11808149,2570485.7053808,7006071.74909778,4004552.97326718,1679946.53723188,2672661.12849435,3599365.90618649,3986963.65836626,4858562.63569046,3859147.84932799,4822070.58908289,3194620.0438743,2313965.26260427,2215333.69106856,5665968.79447735,6496248.45778913,3147517.16483561,3930457.64132478,4688348.17135349,6406122.37315404,2041602.62209251,2789725.91637671
FT_1.672_215.09272,MW_216.09993@RT_1.672,NA,C10 H16 O5,216.09993,215.09272,1.672,216.09977,NA,NA,NA,Full match,No results,No results,0,0,6162390.28485565,12689690.5211871,5929741.96198572,21600469.8776672,9561634.02376694,23170993.3346031,3978660.51182532,14566973.9238609,14155733.9042988,9376754.12919457,8494270.37455661,8054931.43028061,14746013.0596129,9659876.0135266,5576832.75471005,5611668.12003271,13874449.4119783,12007018.309999,9728434.56556478,6788648.09873542,9787225.90595756,8601819.50163515,3357663.07576258,4825903.64337797,23417093.8444385,14205556.7615428,12145755.2115724,10840744.7278536,15163460.7716716,20184875.2950435,3887618.09857995,9832626.71371559
FT_1.872_215.09258,MW_216.09986@RT_1.872,NA,C10 H16 O5,216.09986,215.09258,1.872,216.09977,NA,NA,NA,Full match,No results,No results,0,0,3578665.16434625,12689690.5211871,5929741.96198572,18746156.4487504,9561634.02376694,17099328.3448909,4567546.13968952,15090575.7492604,11544741.8448678,9376754.12919457,8494270.37455661,4630586.49252743,10502691.6841874,7757213.38722253,5576832.75471005,3343138.95168373,8186815.87408402,11175261.6085131,6550103.82931275,5748270.47236677,8428085.76334287,6698079.76040506,3054165.65435492,2665828.43520832,18191950.4633074,13484219.2564155,7938602.38663368,7056171.90225432,10739795.7173216,16177455.6385636,4275261.16771443,3834246.115715
FT_3.380_215.09252,MW_216.09980@RT_3.380,"3-methyl-4-[2-(2-methylphenyl)hydrazono]-4,5-dihydro-1H-pyrazol-5-one",C11 H12 N4 O,216.0998,215.09252,3.38,216.10111,NA,67.1,NA,No match,Invalid mass,No results,1,0,1948293.39633598,7646265.57007887,1913230.27516733,16555919.2820248,6384301.88681783,10246233.4933178,2011009.33519904,5713464.59753505,10436091.0113283,9459919.09473596,2982518.91202041,4186176.39788022,5638113.50599553,5120460.36685658,2360165.84021904,2517896.13232806,5662474.4605282,7028688.72010677,5143135.24322588,5584937.88099118,5468379.36905411,4888689.88660643,1836737.60122783,1644041.09057376,16920175.6069561,12090924.8015642,4373669.19288363,5323767.93585145,5547215.38022195,13400614.5502973,1361481.46205848,2936963.55900467
FT_2.242_215.07315,MW_216.08043@RT_2.242,NA,NA,216.08043,215.07315,2.242,NA,NA,NA,NA,No results,No results,No results,0,0,4075554.68702868,6502087.08898417,36229693.0184383,47517759.5221717,32787579.8732325,16458934.2640447,111026176.99392,26813455.3759888,70214504.4159465,54058414.0347857,79045223.4650891,49518601.8059185,66624335.6388221,70514258.6575532,61089065.1290381,52910565.4096866,41370170.2272718,15101149.7551781,30867446.4049031,33449941.5693182,7389824.04466206,42167190.0692072,53097975.510772,19358403.70625,11227368.0815472,13059388.3043213,17066357.0285173,13583660.9711489,20120586.2733676,48131328.8224721,2325132.00198671,28150054.0148008
FT_1.146_261.07689,MW_216.07859@RT_1.146,NA,C13 H12 O3,216.07859,261.07689,1.146,216.07864,NA,NA,NA,Full match,No results,No results,0,0,10743618.8646461,20780492.6088654,10778282.0063614,17472000.0588696,17190262.8352416,16273598.3415815,9189755.23301795,18822206.1149108,23638505.2508222,14671993.5974787,11574719.7863239,13787429.530055,17009413.6375244,17755460.209656,11654544.623749,10943052.418011,13380654.8573687,19104790.4649269,26173405.3187188,16084051.6282356,18160337.2924945,15045009.2931539,9177487.61914136,12777314.4591442,19730918.311597,22799625.1219917,12496300.8613401,16124459.7178246,15667032.3741442,13624000.6718235,13966243.1939527,13391228.7792253
FT_7.117_212.05976,MW_213.06703@RT_7.117,NA,C6 H15 N O5 S,213.06703,212.05976,7.117,213.06709,NA,NA,NA,Full match,No results,No results,0,0,5990716.97259246,22402604.7562989,34989794.7983672,63647832.5933011,17109449.3090577,15656189.3581944,27460205.9764929,21444813.9457832,17976932.262597602,20419179.7634335,28601765.0793538,19377679.402383,21529979.0616684,14114021.0656455,17638922.6364225,16261224.3410747,20466900.777964,11154951.5272701,14407455.7767186,14983290.6469004,9594711.55137323,14978318.4211918,17512948.785843,14002982.8542686,27166303.9133617,18545460.555053,19898787.2842787,14304552.5059625,17548765.8758529,30446560.2749901,5379626.47807984,23988334.6518571
FT_1.660_211.09769,MW_212.10483@RT_1.660,NA,C4 H16 N6 O2 S,212.10483,211.09769,1.66,212.10554,NA,NA,NA,Full match,No results,No results,0,0,3775456.63061202,8086917.97274416,2750106.27426436,6895970.53932822,8149696.93760742,9303067.10515114,3440137.99663793,8447154.62035938,7852461.53278926,5126317.35370507,3395093.93137591,5463698.81685764,8304495.60970255,5800199.81346594,1582566.60702391,1949591.13535663,7317376.49752957,7845450.34066118,5000469.64791811,4578709.0539076,5305517.37278686,2923948.64249974,2440741.62248637,2914273.06577749,10196161.8135744,11040041.8059617,6750222.57899837,3023652.53279733,4341352.02461616,12756215.9747642,1150914.92224147,3914262.92729795
FT_1.750_211.06112,MW_212.06839@RT_1.750,NA,C10 H12 O5,212.06839,211.06112,1.75,212.06847,NA,NA,NA,Full match,No results,No results,0,0,3319178.34021024,9051453.83732911,4142725.3941243,11694748.7481927,6932339.3098788,10955574.6636585,2745382.92164783,9431111.26216155,11285771.4936957,4683155.09891838,7163282.04298996,5434058.85559844,9057283.15552032,5705711.8923084,2740503.22428871,2905584.77359106,7038663.89551038,9405881.40145481,5122608.29195915,4761664.42025542,5831042.52865402,4090446.07330842,2314877.63694745,3097752.17181973,15518094.9263176,9175126.30042527,6944135.04561996,6908493.37622904,8948568.46542246,12824404.2149682,2103240.62327532,3155046.35082211
FT_2.111_211.06111,MW_212.06839@RT_2.111,Propyl gallate,C10 H12 O5,212.06839,211.06111,2.111,212.06847,NA,74.5,C11155,Full match,Full match,No results,1,0,5786000.10200873,16163917.9485753,4919595.36303342,23159748.4532912,7550329.08124429,21777088.4280436,2711065.46199745,13267099.8481299,11231336.3052109,12673251.3392749,7507743.41168185,4908884.8090114,10538733.7460173,9322197.47421732,3755519.87875583,4791040.71205642,9611413.32474929,17919882.2973464,3939044.62731539,4853322.45508865,6994572.14401691,11306789.000429,2472963.21529319,3058666.12055807,22825389.4517425,17816846.7192887,8663021.68538642,7807981.36139023,21273568.4134066,24325140.4546585,6341748.74061084,4664334.21492524
FT_2.459_211.06108,MW_212.06836@RT_2.459,Propyl gallate,C10 H12 O5,212.06836,211.06108,2.459,212.06847,NA,73.9,C11155,Full match,Full match,No results,1,0,33361675.5313354,55568786.2269447,19143426.4086338,183639997.269543,42097057.3845519,163138660.630545,8826044.79680848,58705618.4803584,57173228.2118748,44775679.880328,34575760.0500862,26140492.9775405,61707284.0784365,41020228.9603764,14818714.6386693,16744100.718859,56551290.2103492,46683560.1587691,14799258.8648834,23118221.5008719,34938759.4914934,27031649.9953507,8003164.40618356,11307837.8759582,85975197.4446404,59265339.5841898,36790930.7838253,46625661.7799247,68251243.3974456,12577464.0363237,12737512.8403004,20348266.3569554
FT_3.056_211.02467,MW_212.03194@RT_3.056,NA,C9 H8 O6,212.03194,211.02467,3.056,212.03209,NA,NA,NA,Full match,No results,No results,0,0,2249514.14042074,4844156.12323832,1435229.74060933,6859592.88599406,3463223.38518804,8454608.80010902,1158003.74651288,3254188.38885625,5209544.50469777,3370664.22667171,1987336.1457563,2385064.58420788,3347333.23004314,3095633.03721098,1626573.63183147,1679789.57598373,3909605.29006423,5370183.78817907,1477445.43989208,1686299.86935008,3443420.62988687,3694776.3716422,1029586.577216,1128289.66515513,5864237.8613795,4894488.70062967,1953877.8140728,2799953.09708211,3240772.79889852,5641312.97303149,1027095.33451578,1699518.67137025
FT_1.197_209.15452,MW_210.16173@RT_1.197,NA,C13 H22 O2,210.16173,209.15452,1.197,210.16198,NA,NA,NA,Full match,No results,No results,0,0,5931674.52048684,4077307.67051567,8115135.01017053,3036369.8452188,6311846.27484531,4031547.77243687,8318255.35987567,6150445.6138901,4319093.17647836,5438360.77333266,7477864.51437837,6772122.14591759,6086144.45322793,4660837.57506134,8414483.83047424,8854151.40913103,4378381.10781493,5963551.74597322,9010532.39695998,6147804.09473095,6606266.66884384,7798159.27440075,8117938.93832939,8349382.33987027,4840472.95891044,5554792.57959009,10219381.4110675,5315165.80217765,6982328.23762071,4998555.30508647,5915896.39589273,8079231.16205398
FT_1.385_209.08175,MW_210.08902@RT_1.385,NA,C11 H14 O4,210.08902,209.08175,1.385,210.08921,NA,NA,NA,Full match,No results,No results,0,0,5525067.86241002,13496848.1721591,4977376.08669791,24358442.2525311,10697435.7134683,24130781.3409092,5371616.25071257,13653697.5088747,22650701.2202135,21101997.908406,11590307.9863048,10738865.4277562,13479605.7844099,23955404.5846364,9454550.94138734,6999831.76146237,12225533.5530027,20035569.6178552,11167572.234216,9433240.27075249,13059226.8032544,16187339.8426685,3959524.7806482,6032385.56062278,22795869.2046896,25000716.9268021,10380381.2778487,11939789.6005787,16733306.1470669,22168035.6774136,5931928.41941219,7914780.11880539
FT_1.657_255.08748,MW_210.08896@RT_1.657,NA,C5 H15 N4 O3 P,210.08896,255.08748,1.657,210.08818,NA,NA,NA,Full match,No results,No results,0,0,3057950.86485376,8942486.85806518,3515167.21993641,10379358.2116525,4597886.51343825,7868621.27079356,2082876.75250205,7550676.24799239,5299053.18860363,5900919.74406836,3719298.11456371,5128549.52932045,3762306.74181646,3074551.89422244,2306594.42314113,3908254.42597664,5496314.94412335,5998668.74471982,2494857.91499202,2980752.75795717,5161568.83974622,4195174.95021683,1749661.50592049,2299014.0303732,11447431.1052363,5751824.35566887,3840690.81822449,3502506.56444856,6917365.81570548,16553121.4466809,2285313.07901266,3595353.68474964
FT_1.601_209.04540,MW_210.05268@RT_1.601,NA,C10 H10 O5,210.05268,209.0454,1.601,210.05282,NA,NA,NA,Full match,No results,No results,0,0,303042961.905624,660221309.071403,323704156.940822,684290778.850137,397701154.376048,938374894.786343,226217497.481835,694217016.140362,693595187.41669,429100069.899583,411806634.07792,535842852.618496,660278974.495127,461574830.560348,303666303.562586,343380852.322078,663568231.722345,657984310.019133,569125845.586876,533585667.45045,499753635.907019,448283410.85931,219912652.326081,274555231.715134,1029487028.19621,802121970.854875,620389284.82641,634681916.329878,679123997.103467,831562261.696206,269832020.371533,421319453.399521
FT_2.474_209.04539,MW_210.05267@RT_2.474,NA,C10 H10 O5,210.05267,209.04539,2.474,210.05282,NA,NA,NA,Full match,No results,No results,0,0,65553825.5105125,191520679.029363,46299971.1013131,455784544.32155,93435926.643329307,370619913.751127,31236821.3389868,158577948.44992,189415278.414758,149493008.022303,53305924.540145,86809886.9330941,152622010.340312,114229915.540786,32302741.9624755,47206952.1999357,142129421.093691,198800804.229613,51061052.7089138,51934671.6638569,139212663.335709,75726331.8010945,25579263.9303939,22815374.9790144,501146312.05691,188074044.660729,95715212.8490877,98613289.1399851,173965301.391792,367313243.618941,23236441.8897262,42399185.2389486
FT_1.453_209.04535,MW_210.05262@RT_1.453,NA,C10 H10 O5,210.05262,209.04535,1.453,210.05282,NA,NA,NA,Full match,No results,No results,0,0,6824940.56708778,12450721.4404778,4580158.74616955,23182150.8529351,9531773.85423124,22479713.7762792,3259945.53069555,9870002.82598626,12497006.5716474,15186895.5349623,6804161.85958401,8275657.33121937,11503914.1605382,11794793.4454454,5724899.05002905,3758370.2850843,10818251.8385249,13572240.5909359,7009466.5879247,10057976.5255252,10018647.9500857,11445134.2037915,3953947.45339446,5409538.65351907,21121396.997688,12343665.1248089,9166092.24542032,8208463.46809901,12300703.4511747,14928787.2157522,4674763.36226706,8273856.74428722
FT_1.458_253.14459,MW_208.14621@RT_1.458,NA,C7 H21 N4 O P,208.14621,253.14459,1.458,208.1453,NA,NA,NA,Full match,No results,No results,0,0,7477629.84496372,8218318.46650699,6264506.85155274,5642645.74232517,4759859.45823256,4005612.42565728,6767306.4820813,4976522.68238208,7667030.25871991,8459357.49724335,7208427.93416238,6620839.27513721,5644840.90010452,4827863.81185498,6424739.45806755,4146720.66050585,6203836.87545976,7814207.70914143,5517294.9236429,5578009.87963225,5898728.9389143,6011073.55755789,4818375.06684694,4451237.89108917,6331138.99352985,7208630.67072322,7378250.88973038,3293066.07229703,5989106.50612668,5786166.46150792,3108349.0273434,3925574.56667982
FT_1.183_207.06610,MW_208.07351@RT_1.183,Genipin,C11 H14 O5,208.07351,207.0661,1.183,226.08412,NA,70.8,NA,No match,Invalid mass,No results,1,0,4478405.80557852,7822822.60202471,4664521.67230878,6015517.1892813,6446847.96278394,9813369.59316994,2830704.88959694,9133245.05594682,7569488.56523267,3857850.47136059,5654564.82369569,6322810.00550872,8056675.49803072,5064078.82575379,5235508.6234175,5173581.10927078,5529041.593353,6219603.7690031,6705973.67124521,6866361.33392768,6303632.87738358,4699684.13414418,3249171.35430098,5229246.52412159,8639061.37679553,33149906.215435,18908438.2184382,6676674.34960997,5812209.03328905,9595223.90234859,5004469.2988073,6323048.20514513
FT_1.675_207.06611,MW_208.07347@RT_1.675,NA,C11 H12 O4,208.07347,207.06611,1.675,208.07356,NA,NA,NA,Full match,No results,No results,0,0,19081797.8169481,34637800.8114978,15968575.7785601,39851971.776365,23228005.5455917,47112001.8621645,8005457.5332983,35431521.1786317,38471059.0520926,22041119.1625101,19745807.9843136,20512190.7135831,37409752.1621791,22667876.7298688,13509148.0908367,13570023.1903819,35782085.8842907,27156700.1562126,22660836.9754206,21408667.4345125,21766967.1040128,20961534.6247247,10446807.2203333,11626786.6467793,49572036.5503866,31931473.662935,24699405.7387347,26331357.5927535,28796514.5691351,39136566.599147096,11045570.3806435,17589262.6785644
FT_1.572_207.06603,MW_208.07346@RT_1.572,NA,C5 H13 N4 O3 P,208.07346,207.06603,1.572,208.07253,NA,NA,NA,Full match,No results,No results,0,0,4695844.63178442,6560964.99050603,3030869.68594002,12745169.0823514,5924331.74068065,11238747.8352398,4066305.26827611,7885841.73342595,5048979.88365992,7425772.32704355,2807726.95195719,4718413.15122806,6579705.74002295,5586236.9402191,2167643.69494564,1994463.53807467,6229779.19598651,6311380.38403788,3460382.06939017,3868135.57904792,4167853.95057375,3473635.91069239,1913254.62085056,2082769.41839003,10204755.6562698,7786354.27098906,3521565.13936703,3760988.36961973,7517781.629255,7260198.79826444,1101495.82623618,2847786.51703936
FT_1.237_207.06609,MW_208.07345@RT_1.237,Genipin,C11 H14 O5,208.07345,207.06609,1.237,226.08412,NA,76,NA,No match,Invalid mass,No results,1,0,12588776.1062195,25896015.7356134,6993961.44502786,31355391.8821446,17825418.7385626,27382272.4251864,5045493.24920487,20883169.2596156,28441630.469324,29220247.2576517,10549380.0713974,21352928.7195138,24874678.0273802,35962644.6594655,6525480.56911122,12614591.8083873,12465656.6970151,31427295.943214,9379141.99277266,19723679.0504444,38453467.911569,23480964.107845,11131990.6446397,13767335.9906329,21972537.0122913,16002839.1040373,7140522.64719232,13494324.4810105,19927775.253113,24760898.9740243,12609558.344219,17198359.379181
FT_1.667_207.02984,MW_208.03712@RT_1.667,NA,C10 H8 O5,208.03712,207.02984,1.667,208.03717,NA,NA,NA,Full match,No results,No results,0,0,11528269.8357129,17670033.979495,11908490.7046755,29984368.0201248,13522911.0397184,29554245.2724933,6046263.19402225,9417789.56605009,13062904.838501,20318541.4481103,13193502.5406006,13511828.5290125,12366676.1527085,18667324.2044226,7832893.50235826,8743875.13477913,17988096.0079897,15199816.2159008,10831109.4933527,13410810.3575135,11470455.9406885,12940696.7856543,7137263.17106238,9207834.17866735,24332426.6642935,18343919.1170598,16788257.0022688,10638672.9943856,18766036.8984294,24287370.4305101,8001787.09561525,9855942.02534748
FT_6.810_205.83966,MW_206.84694@RT_6.810,NA,NA,206.84694,205.83966,6.81,NA,NA,NA,NA,No results,No results,No results,0,0,17266826.6609847,9523633.96609134,17155079.143312,20521894.6132787,19643912.8746002,11976370.0709355,17010758.9930939,19925438.6859265,22474318.1017892,15252224.9461968,21634382.9242437,17803948.5331935,22332539.3975342,21367299.879579,7936704.60492009,17594259.9899781,7376676.83851887,8329128.01561466,14610036.5234229,21695192.230693,15836971.0224872,21696484.5563398,14813654.0976409,21214988.8020494,12516374.0127822,15372408.2649181,8430776.66875118,8788282.08455707,11954451.4699477,21143962.9907312,4682761.26298697,10515530.9571411
FT_1.669_251.05608,MW_206.05773@RT_1.669,NA,C11 H10 O4,206.05773,251.05608,1.669,206.05791,NA,NA,NA,Full match,No results,No results,0,0,14704989.039531,26239030.4275439,11910102.9486237,33255722.5023595,15188037.4904485,41508847.697257,6856859.88846382,21948283.095678,22228799.4805746,22287199.5535674,20473729.8093717,20454728.9769144,21578390.8054566,20469193.67724,12961465.6726608,14012785.0589495,24919780.2588341,19544587.3305021,10113725.3821178,18221499.1591895,15993390.6259075,15695820.6099156,6514414.74043064,12048287.7715502,39232863.1836846,23249694.9098215,18391171.2221226,18950688.3022362,26494854.4247788,38885704.0087528,11123735.9379407,17475031.6524323
FT_2.628_205.01382,MW_206.02110@RT_2.628,"[Similar to: N'-hydroxy-4,7-dimethylpyrazolo[5,1-c][1,2,4]triazine-3-carboximidamide; ΔMass: -0.0705 Da]",C10 H6 O5,206.0211,205.01382,2.628,206.02152,NA,NA,NA,Full match,Invalid mass,No results,1,0,49707805.3926356,46677527.7829812,54525002.8381949,41847367.4854914,39682673.7092196,45202808.584079,64242032.6959819,53766485.0850154,57989922.8762087,32978061.9411169,57647931.9044214,71578658.1389294,83885218.3228676,39104984.1274269,71228996.0397018,36752569.602889,38170525.8651561,64312245.3356207,51389266.9195177,62520390.4842185,50337740.8106158,60659504.1759451,59875900.373107,72624855.4440156,44744698.1299201,80541863.2505421,54855716.0260046,40650526.0809144,48829101.7687394,43870330.9110108,59430821.6960993,48059123.1534095
FT_1.690_203.03465,MW_204.04230@RT_1.690,NA,C11 H8 O4,204.0423,203.03465,1.69,204.04226,NA,NA,NA,Full match,No results,No results,0,0,2394370.04442012,5677863.1999552,2788758.48831369,5772535.96146067,4146458.72816176,5471899.20468442,2109552.88887303,4761476.57605207,5032234.3391699,3947778.87630218,2612930.08213515,2932223.26301865,3908937.06680323,3496343.02996371,2151991.3470936,2002954.27434238,4025508.98856926,4986461.64087476,2472839.30034543,3372671.31904838,3967241.76495484,3990221.03973039,1830071.56305971,1749857.24449322,6409515.41155405,5485788.31581232,3087149.03551882,3484691.37928852,4441511.19855628,4383945.65851195,1632074.53755375,2900066.48072984
FT_2.130_202.96513,MW_203.97241@RT_2.130,NA,NA,203.97241,202.96513,2.13,NA,NA,NA,NA,No results,No results,No results,0,0,3028997.19470054,2924037.54886372,7327565.99772012,10122825.7806327,7941129.8541047,7854754.16878564,26012429.6367187,8201917.46940409,14976271.44326,14968361.7614961,13195157.3045843,11826345.6936076,9793191.14109122,16375179.3788355,7949044.55175023,9759321.2782451,10996120.6534366,6327304.08369267,8735065.04886288,8849788.55829138,4279190.55681958,10708339.3995471,13106150.7043529,4340730.86276584,5173287.08072514,4236942.59495294,7041757.62937966,6223680.88851326,8044098.66856505,13763889.6949427,1955409.82986842,9245222.2070965
FT_2.241_202.96511,MW_203.97239@RT_2.241,NA,C8 H N2 O3 P,203.97239,202.96511,2.241,203.97248,NA,NA,NA,Full match,No results,No results,0,0,34152186.8701316,41823177.9725884,82228059.9054892,99660854.6891355,86153814.4153435,60746277.484844,158816871.710373,70710887.8958805,126389943.020453,117494288.103158,136324506.317265,93523197.7623937,118247381.123235,127840656.575828,105559277.924781,108738623.907297,110987404.921285,65899348.9951576,92478370.4799035,85066838.3177016,46871072.5896816,100614877.756159,117172847.613585,73402117.5948219,56578177.8308185,63273169.1098854,60799918.7144167,61003815.4058416,74550808.5371273,104375563.000858,21847290.0212113,77027281.982906207
FT_3.015_202.96512,MW_203.97239@RT_3.015,NA,C H N8 O P S,203.97239,202.96512,3.015,203.97316,NA,NA,NA,Full match,No results,No results,0,0,8501016.71573889,23247006.6386107,8113944.30825343,65747017.9530555,23252534.1505204,52851676.2684106,9936269.67717191,36029640.5497934,43959754.3775129,52756462.7137472,14923414.354469,14676027.2635788,29774111.3804001,51048987.2782213,10734738.5488125,8931739.47693448,30026469.1307544,48595504.7041174,16075634.2351075,14986132.9861864,25338512.9280422,28271427.8142484,8132878.15081654,6212124.76125007,63059330.1381465,39281477.6215166,13501663.2611839,19148300.9577706,33695212.562889,58643098.7474453,5108647.69657195,11564107.852005601
FT_1.511_200.97954,MW_201.98682@RT_1.511,NA,C7 H9 O P3,201.98682,200.97954,1.511,201.98662,NA,NA,NA,Full match,No results,No results,0,0,2552218.63017465,6497205.51306589,1309949.01428838,6934404.64776268,4810166.99343799,1898707.53904969,3501282.75830603,5455446.72530735,7695131.69376355,4752648.69447028,5098300.32705752,2898171.5615847,3805069.57958924,4331711.75283389,2652783.6400089,2308292.94830404,1885438.48836655,6035346.39555964,4675743.16636602,5126306.60042604,6219597.769202,4177068.55524384,4659193.72885031,2337432.07135035,7606596.21672099,6960260.50675852,4069207.32242456,5533653.10361768,6151740.23823193,12936957.211217,2669222.60842371,3968162.63970774
FT_2.965_200.94972,MW_201.95699@RT_2.965,NA,NA,201.95699,200.94972,2.965,NA,NA,NA,NA,No results,No results,No results,0,0,644587.57378288,1253876.23936533,1683383.65004324,1975102.50321793,1562775.05758185,2518907.2963535,7249019.61354612,2299685.65509894,5200218.49684829,5269036.55185994,7806913.62714257,4864613.96507194,4029184.82945262,4209512.13322967,4380626.64383402,4838458.6490446,3870031.9857593,1628242.49643758,3444698.49211817,3503849.08577198,2088974.28787783,3315276.23992739,4134742.35886404,1657356.59047573,2432283.34397633,2056964.26130764,1726237.43333824,1856221.39224149,1949987.52509099,3152288.51773899,642111.138282211,2759637.52905775
FT_6.829_200.80550,MW_201.81277@RT_6.829,NA,NA,201.81277,200.8055,6.829,NA,NA,NA,NA,No results,No results,No results,0,0,3562133.03898417,2424183.82279031,2678986.09370272,4475049.92517144,5667331.57860761,3662052.22212781,3952661.4695037,4016009.88807579,6185315.52880075,3760405.00256436,5301367.34596324,4581659.8360357,5841204.7593056,3746167.87801846,2138907.33430162,5561191.9049507,2126008.70582299,2317411.24427353,3819153.05971053,5283387.69227604,4108376.22116555,4298842.28561343,4412684.75069503,4646959.97012061,3071187.53797881,3951571.29332299,2358961.47366812,2359664.4896741,3581100.10340006,5705354.56617451,1471266.5571249,2461589.05530461
FT_1.844_199.97823,MW_200.98551@RT_1.844,NA,C3 H8 N O5 P S,200.98551,199.97823,1.844,200.98608,NA,NA,NA,Full match,No results,No results,0,0,922480.310790603,1459126.1290595,3646644.46874432,3660630.56623757,3046017.85009099,2519036.65813425,6684885.83325785,3499516.36691189,4471096.04297973,4112418.16465118,4707668.19304717,4667408.13222159,4427662.51384057,3708683.98402886,4427160.90598526,4067142.86791648,3044872.55279817,2241080.53565428,1577828.16613893,2841552.77039152,1040422.2121971,3617398.22530777,4259827.98903158,1256295.14725755,1332571.35103542,1451111.59693223,2109221.56871802,1776892.7424748,1383419.76277236,3631912.20455446,537386.658809465,2544940.27955533
FT_1.467_199.09778,MW_200.10506@RT_1.467,NA,C10 H16 O4,200.10506,199.09778,1.467,200.10486,NA,NA,NA,Full match,No results,No results,0,0,10284077.6477985,24791078.8306085,14184923.4654421,35968744.4472129,19211968.8530304,29605015.4287633,13877898.9536556,15854983.0954624,30288116.6044237,21452547.8709814,15377865.5351821,16310424.6272461,28158600.9614041,8788640.71800478,8914236.09740192,10217576.0223343,21522187.4536256,28485023.6350078,33475306.2413899,17979729.1560555,23417752.0326774,20549970.185836,13739396.1689707,9025944.93418402,41112776.5442976,27971147.1846899,28947173.3759606,22790312.8372487,25871595.6566794,39031890.5440852,9700493.74408755,14063259.4632241
FT_1.335_199.09780,MW_200.10497@RT_1.335,NA,C10 H16 O4,200.10497,199.0978,1.335,200.10486,NA,NA,NA,Full match,No results,No results,0,0,4870678.55789485,16781705.0874663,8957355.75237187,16863938.7347963,13323501.7316008,15887714.9283109,8483772.90571142,16723034.4713526,19891564.4423166,7547432.45325613,10492684.164704699,10919974.0690913,19791334.6880527,12003741.5321925,8734709.91079221,7294395.58252883,14418711.5004039,18856319.7793892,21746389.2417786,12673779.2294417,13933891.4793559,10716646.7787125,6612919.83695858,11931749.2103155,20209387.5813006,21524618.6654781,7940359.94540617,13161344.0535419,15797080.4230725,17877511.6682197,5460743.95789183,8967682.83644839
FT_2.319_197.90621,MW_198.91349@RT_2.319,NA,NA,198.91349,197.90621,2.319,NA,NA,NA,NA,No results,No results,No results,0,0,7791681.06897694,2414318.96609202,4048491.67180807,3846110.95252491,4423102.93698359,5090902.23461656,5414857.85961835,10565831.7541497,4086741.52898593,5237617.82177535,7092972.72568819,8144161.7746284,4576931.4452117,3088309.26944548,6592255.7524719,13827831.5266598,2269210.69547278,1725286.03209221,3812903.71066696,3547870.73812608,3399791.99747379,2025931.91585946,4397743.01622459,3146546.48393902,2878962.80629351,3332959.01258725,5469043.05608632,7778983.28345749,3641593.14100768,2723109.11891275,2530085.91969423,6180499.99175217
FT_14.988_197.88548,MW_198.89276@RT_14.988,NA,NA,198.89276,197.88548,14.988,NA,NA,NA,NA,No results,No results,No results,0,0,26435800.4713038,12423360.3325295,23191190.049995,26761324.7791015,30845777.6336799,30612587.0228294,22411069.6864682,24036617.89939,40462160.8022722,19101242.4328207,21572529.9785906,23959679.9215549,24227295.6650637,24649332.813879,12602780.2898731,35310356.0308615,22839020.8887124,8203301.90638026,10670487.7629966,11360539.0011114,23241824.8213629,24295181.6436207,22720284.4449316,19251403.6331642,12712371.1441435,8891673.07291558,16279590.7156864,18661391.9546458,13641193.5229691,30732679.697299,7472777.11337714,17967016.746798
FT_6.813_197.80802,MW_198.81530@RT_6.813,NA,NA,198.8153,197.80802,6.813,NA,NA,NA,NA,No results,No results,No results,0,0,357857898.848792,227545536.896556,337217719.365813,401252737.333679,438074601.924606,300206875.782172,340397990.668727,399027394.950859,505301584.840847,335527666.388226,453021129.738857,392022168.261809,359854844.542577,492407555.555476,194207043.904637,502294860.261724,176747979.146067,203470968.294811,314068893.729127,435750033.423029,346063810.65562,444183697.647639,349199910.003749,448188335.167119,288143026.101268,339496232.959123,217098630.984571,210830961.454505,284107588.757994,422585629.594253,122965980.473025,226126827.856519
FT_1.671_197.08239,MW_198.08963@RT_1.671,(-)-Camphanic acid,C10 H14 O4,198.08963,197.08239,1.671,198.08921,NA,77,NA,No results,Full match,No results,1,0,3488530.12487393,8309976.08551068,4204588.09793857,9278855.94804948,6854294.91956304,8962051.60222056,1698840.57013092,14421673.3117957,9272171.75240992,4619223.08425098,2783907.17129325,4775957.92485049,9193679.42188152,2985208.81419936,2271186.62489605,3085171.54938614,5885522.75720098,5204192.93186881,7191042.65837659,5467544.44458985,7516005.46200464,2999854.89642853,1740429.20538292,2402800.45706652,11368198.2630473,7955155.0344076,14565830.5785929,6135025.35569003,5477174.49619677,10575075.4770762,2890303.35800037,3358599.61890263
FT_1.691_197.04576,MW_198.05304@RT_1.691,Syringic acid,C9 H10 O5,198.05304,197.04576,1.691,198.05282,88.7,87.5,C10833,Full match,Full match,Full match,1,1,1742071.7465082,4514638.74388187,1878950.88424115,8098971.02434681,2384539.29697338,8573153.1373404,1274253.63438438,3338707.99042096,3627996.72972386,4029837.15093683,2693955.04537755,2877044.45040366,2611602.00417125,4152973.25959441,1891400.15076788,2059513.27881434,4877444.82039028,4705843.79993686,1757782.86142519,1916656.03447716,3650073.50150756,2737194.48775274,1177473.3263745,1302856.88237082,9524939.57804461,5455858.20578447,3365379.68926712,3611989.57815893,5689308.31807414,10995142.9969495,1423776.87771229,1801216.06650011
FT_14.983_196.88536,MW_197.89263@RT_14.983,NA,NA,197.89263,196.88536,14.983,NA,NA,NA,NA,No results,No results,No results,0,0,218500526.080032,116370837.796816,199620020.409806,228035413.994762,270075564.29841,263759279.134636,190989719.246612,278704559.313911,356722711.012747,171809700.054895,186985009.893222,210283867.121098,208995796.531548,221867994.911732,110905248.736182,310348267.08984,197622604.823927,69932897.3214135,93714930.8681641,102914776.909819,210216927.094417,211959811.794664,201821023.400012,165313900.506767,107180679.08312,74195706.4760715,137418076.738118,164438970.099799,118820005.447909,258353258.618268,62697603.0096112,149671562.032978
FT_6.801_195.81099,MW_196.81826@RT_6.801,NA,NA,196.81826,195.81099,6.801,NA,NA,NA,NA,No results,No results,No results,0,0,284058379.921265,181681676.205181,270011822.058071,321801953.066394,347534450.727963,237647028.385843,268439548.634098,320653029.672484,399421876.176841,267892607.902742,360724389.443353,309688791.272342,289764256.475066,391240173.031694,154991229.10183,399979343.682507,138067077.35379,159818717.247202,253950107.241979,343883553.828654,276775106.6897,108342876.58474,282072682.6254,213887727.586912,230794298.624277,268308624.101028,171636089.003473,166681952.181686,229817354.746668,337080815.621423,97632854.6573284,181358879.41252
FT_1.446_195.06632,MW_196.07359@RT_1.446,Hydroferulic acid,C10 H12 O4,196.07359,195.06632,1.446,196.07356,58.6,65.3,NA,Full match,Partial match,Full match,1,1,16669643.3730434,37868346.8828109,16356533.119051,82168139.047349,29179593.0479586,74028208.7569462,13109529.7485134,33416157.7550379,58416155.280029,59464132.7364554,27446098.2939909,26748682.4469124,38629377.960701,63405434.7274589,22035273.4371469,16918009.3940393,36106049.4294091,50848593.3594527,26835947.2509492,28207652.7002538,32986290.6194136,41079792.3587892,12270951.6237131,18722004.1236409,72935271.3054219,72346508.6450052,30113164.9752932,31305040.2350761,61862940.8848107,84338726.4590063,14327472.171123,23931037.354931
FT_1.585_195.06629,MW_196.07356@RT_1.585,NA,C10 H12 O4,196.07356,195.06629,1.585,196.07356,NA,NA,NA,Full match,No results,No results,0,0,29196338.2076324,55641615.9045517,21217596.2257826,104207362.555723,34449934.000016,92519833.4775655,15669568.8953528,41660832.9389638,56292380.8243502,56485858.9462464,29679150.7306486,31504322.230328,58633650.5364819,43747072.8130508,14910082.5064106,25329051.1326666,55887980.8835577,55286267.8598869,16971362.786134,24507647.4852288,42131124.8768801,32676657.0273627,14408978.0391841,12518261.5268791,113009593.100275,47441077.974038,36651144.9030256,48207484.7876134,51754125.0387379,99750746.6584634,11576084.2092714,21296239.0648188
FT_2.353_195.06628,MW_196.07356@RT_2.353,2-Hydroxy-4-(4-hydroxyphenyl)butanoic acid,C10 H12 O4,196.07356,195.06628,2.353,196.07356,NA,61.6,NA,Full match,Full match,No results,1,0,11151460.4685719,15203038.0859222,10490713.739861,60711891.9691558,20086295.2332876,53348925.2535832,7515176.8612688,23997522.1420153,5595374.72162467,29195610.3770277,10739106.4296001,11160637.6208385,26440600.1229519,22809736.8511331,7499868.12790194,5858623.45009907,26020029.2559167,23032239.0968844,2100948.69893909,15574072.4311774,16847777.516415,5755357.92020809,3061661.41966438,2223000.05002452,57761222.6543728,26392253.8887182,3289225.93135569,9999348.65423955,25272019.800304,56786477.0509249,6347924.04231212,5894543.59133277
FT_1.512_195.03001,MW_196.03728@RT_1.512,"3-(4-chlorophenyl)-5-methyl-2,5-dihydro-1,2,4-oxadiazole",C9 H9 Cl N2 O,196.03728,195.03001,1.512,196.04034,NA,60.1,NA,No match,Invalid mass,No results,1,0,2612523455.77294,4727565678.85726,2069986484.54393,5527239693.96315,3085577972.92281,6184241932.33132,1661321529.59146,4710929874.9428,6503985231.70539,3900360099.54799,3163289433.47977,3243336041.56475,3938939734.27685,4540520995.53622,2360757315.98676,2083694230.93418,3266216209.48457,4414597993.54527,3364697022.81801,3386453682.30968,3625674372.74622,3655491560.76599,1677548020.08831,2326693033.55924,6307994205.60463,5249874655.15013,3062181423.32617,3574852845.19777,4581062156.01603,5856595941.6278,2001157766.51948,2703014660.90581
FT_1.241_195.02996,MW_196.03724@RT_1.241,NA,C9 H8 O5,196.03724,195.02996,1.241,196.03717,NA,NA,NA,Full match,No results,No results,0,0,26911030.6163898,73636476.0652638,38148714.9814855,82387953.2822677,59381565.2596106,97823429.9089484,16802771.9435332,45611979.0204458,45345965.8288143,31905802.7656263,27017424.6539453,52808002.4776224,39588203.6423006,66065938.0787563,30454213.1606036,23123823.5326115,39060130.7125408,32944756.8224451,59698724.699021,31660206.5614965,30163315.3939628,51604527.377069,25997359.9608743,19615906.9828335,52935228.8892775,75185911.3564542,29502002.903805,35844111.6191443,36420181.3749458,48479062.2135446,17794344.4486651,30624583.4924726
FT_2.357_195.02996,MW_196.03724@RT_2.357,NA,C9 H8 O5,196.03724,195.02996,2.357,196.03717,NA,NA,NA,Full match,No results,No results,0,0,17673634.2366135,49475883.8894789,10497789.1203824,94683157.051875,23079776.482299,86596134.8602487,11143043.7640608,49018033.9457655,65376452.0777574,34372739.0645616,20621804.937884,25310783.9495814,43128334.4770221,31373957.9553513,7532793.28156667,17228673.6740336,32086144.1601345,45556323.3953583,28515443.0455348,20492103.2053932,32660340.5562176,22772782.2576726,9673764.16061091,8235244.72971412,100565807.468284,55696061.4167368,28346041.4703257,33309394.9810847,43984479.4867395,73983063.4282784,8122197.99949149,14007042.806797
FT_3.102_195.02996,MW_196.03724@RT_3.102,NA,C9 H8 O5,196.03724,195.02996,3.102,196.03717,NA,NA,NA,Full match,No results,No results,0,0,5204319.95731352,16771550.5403512,4243858.71045034,31926824.9076089,5765019.83560185,24902676.8103084,2758646.39621707,15976686.5327039,17962289.8388355,14169089.9499669,3970281.36082899,7582587.91324386,12826896.6633352,14681176.7094899,4393708.58028732,5595114.71544972,8841713.39558348,12960232.660846,5118826.7191763,7277830.61322289,8054523.0000132,8280365.64292152,2700370.38284316,2391270.39754311,37368414.6778012,13203892.8955086,7125511.15180279,7929844.01485083,16797527.8356842,29562883.6260355,4434420.43411358,4436104.06752273
FT_14.987_194.92751,MW_195.93479@RT_14.987,NA,NA,195.93479,194.92751,14.987,NA,NA,NA,NA,No results,No results,No results,0,0,315648697.026879,89318338.5151301,321343238.559541,329629306.33384,474561178.407329,532331265.246007,265105235.632882,456044309.154671,666716711.499077,159822895.370281,207269977.895452,261440027.88346,251687113.909987,290829531.710093,73130815.9958511,513187453.657197,228328723.087538,33406376.4943064,53443195.5122525,67129780.6179698,244860347.65013,263945154.763243,243856145.1577,176654100.990605,79295680.4183399,41678885.9956862,103073788.867431,148359200.202325,99719435.8399936,479182247.672599,29610516.9698661,151453350.507254
FT_2.326_194.90595,MW_195.91323@RT_2.326,NA,NA,195.91323,194.90595,2.326,NA,NA,NA,NA,No results,No results,No results,0,0,6014884.74154688,4103661.51456903,5408008.53673339,2423178.57041798,4521644.87531706,3671023.88213766,5568348.61797863,8521801.07679863,4842840.39032365,4650959.65776515,4217728.26465419,6940840.04008636,4609731.34135137,4033487.93030978,6637345.3604386,6221767.42804128,3397218.619031,3095948.14105037,4428793.29264759,4717520.87778005,3865238.99032967,3872239.58073739,5499145.76461367,3278925.99046312,2310928.16370951,2946149.60395089,5578171.46459921,22777539.681889098,21509064.2529913,3018687.30679536,3660774.10559374,5592678.97493538
FT_6.799_193.81569,MW_194.82296@RT_6.799,NA,NA,194.82296,193.81569,6.799,NA,NA,NA,NA,No results,No results,No results,0,0,14383662.1504942,10758944.8515515,14548686.9055218,15011129.981431,20644309.5221294,13781213.4042601,14507235.7058408,16578888.212834,12236942.050349,14001905.3459162,13769637.0024984,16247519.5092859,23673868.727115,10272362.195348,8725267.30635512,23714918.3691031,7580254.94027162,9318116.31013641,11257638.0790763,18639595.5615934,12310282.2285448,20818439.9856271,13236884.0260649,21127214.071357,11070547.3604624,14086661.1886275,8429456.08625572,8963627.43831109,11199559.9904134,11725548.6126544,5693061.61196961,8980897.67517654
FT_1.488_193.05073,MW_194.05809@RT_1.488,Ferulic acid,C10 H10 O4,194.05809,193.05073,1.488,194.05791,81.3,89.4,C01494,No match,Full match,Full match,2,1,9274348.08647739,16814257.7212056,7200947.24692218,20104732.0031087,12323772.9300692,22350025.6991798,2969704.36366374,6685045.22788483,9130943.25528981,30031660.0766522,10091111.8181403,8166362.63354089,10119076.5731434,12680397.7427549,5744290.34810531,4216128.60503058,8365213.19982299,13000036.4495609,3618455.70183049,6581001.04620985,7457465.23229975,4759726.20890264,2742340.6805441,6129016.7274151,23618395.1375347,12022663.3379331,10493092.0069167,9532285.6489599,9622708.75906792,23331207.0048193,5626723.64921989,8026855.22966292
FT_1.148_193.05068,MW_194.05796@RT_1.148,Isoferulic acid,C10 H10 O4,194.05796,193.05068,1.148,194.05791,NA,86.4,C10470,Full match,Full match,No results,2,0,19944266.6851947,53945808.3771797,17214697.3541062,82904545.0443657,28704889.3845713,73747706.5387664,13623159.2805696,39183304.9892469,56548299.5689385,48024478.8831857,29344233.0269033,33924751.5925138,44778275.4863191,50672160.6223276,23097883.2757851,22794756.6729582,36506540.0374905,38786503.0430698,21538631.5928546,35550046.9780846,34100298.7495188,34058050.4525413,13851638.2412884,21703733.0914896,66451618.688936,56215457.9052337,36982883.877284,37784670.6528206,46947912.0820482,71519881.4922546,17199898.8015205,26440581.9427261
FT_1.656_193.05069,MW_194.05795@RT_1.656,NA,C10 H10 O4,194.05795,193.05069,1.656,194.05791,NA,NA,NA,Full match,No results,No results,0,0,21396144.7628497,42844735.0479162,8133226.82177162,68961418.1282859,26591819.6841423,71994859.6046156,10981599.0853548,32288589.6465713,14742512.0723026,38363513.9904998,23032240.6181809,11702210.8171275,33226974.3412271,29802807.7118854,6568432.53278638,19417539.4926144,37550686.7972963,14316390.240797,12893481.0028856,20641328.429176,10491831.0033294,25396133.6882542,4588015.67106524,11985476.4084705,72289249.5541966,14982832.6658115,14287823.5968192,32609125.2298222,46830476.1752548,60818256.3900554,6134074.95117224,17925342.3429834
FT_1.815_193.05064,MW_194.05792@RT_1.815,Isoferulic acid,C10 H10 O4,194.05792,193.05064,1.815,194.05791,NA,86.9,C10470,Full match,Full match,No results,2,0,36040868.4322532,98451970.6174739,31211768.6012693,182764440.03009,49476307.4365277,158241867.44577,20622887.4479558,82163151.7187039,87211619.3372321,74742376.2997517,34141233.0269636,35828111.3140496,90971801.1252877,59345310.4457128,19937200.5282649,24705695.3471766,77325232.9459583,76011547.8543689,25122830.8406275,36453191.5007002,51556497.7109671,43736111.4956971,15398389.719192,17109079.499898,190559194.658037,81798250.3708833,44089736.8726189,50460397.028954,78173560.1799713,156972059.858914,13002202.8698588,23967893.0792858
FT_2.065_193.05064,MW_194.05792@RT_2.065,Isoferulic acid,C10 H10 O4,194.05792,193.05064,2.065,194.05791,NA,85.9,C10470,Full match,Full match,No results,2,0,14176086.7945795,43386224.5192461,11889440.9273607,82248626.5101312,20858251.7715273,66404145.7609943,7156635.77684268,40161248.4078366,35396878.5649588,31460319.7974755,12722857.4555951,14726612.8476762,38671113.7081429,27930308.3080034,7581524.28614492,9017302.0340383,31577624.4797717,34788550.8970893,10734957.1119972,14751167.0733887,20900619.7523239,17818272.9475949,6453886.43055088,7343863.92591402,87547308.9635829,34016797.3710181,16499142.265623,20343217.8832365,33758529.4523102,69690697.0767313,6385619.50472417,12096422.1776668
FT_1.167_191.07140,MW_192.07878@RT_1.167,NA,C11 H12 O3,192.07878,191.0714,1.167,192.07864,NA,NA,NA,Full match,No results,No results,0,0,13441705.9646054,23513455.7036106,15210077.0491284,21021630.2733978,24044671.8402271,21744615.6251314,11889624.0290831,29265886.0898229,27326944.5400755,20316546.4219786,13313461.8497933,20916606.7008139,24286067.7436469,19494562.4518167,12905051.265799,15270310.1100687,14789978.4519935,25616287.4298125,23259336.9888761,25404221.6704821,21172725.2319371,16826351.6608616,9862273.28893716,17845159.4606477,21513251.0761029,29692053.3471485,17032940.8088881,16656872.1134256,20128417.3572015,18725702.7529783,8929282.08133595,17865354.2791694
FT_1.321_191.03501,MW_192.04227@RT_1.321,"5,7-Dihydroxy-4-methylcoumarin",C10 H8 O4,192.04227,191.03501,1.321,192.04226,NA,97.7,NA,Full match,Full match,No results,3,0,23611435.2048071,47753679.4949474,19054359.9392075,59159805.831559,34120790.9682824,38987896.1092361,11615941.8133359,39232253.5944384,53831623.1426815,36282457.1569182,26188105.6623954,33542558.8032993,48034712.9801574,47316676.0212812,19296861.4870892,13083120.6588263,35205475.3497638,40148293.3832834,45883693.2058581,28298676.5336972,22460189.6520802,25408935.0621802,11520328.1244704,24449419.6012753,54351237.2719376,63868322.2186212,26970284.7088658,23045461.2415438,51995360.891541,37861678.3953552,22606149.9074103,25612495.1337128
FT_1.171_191.03499,MW_192.04226@RT_1.171,NA,C10 H8 O4,192.04226,191.03499,1.171,192.04226,NA,NA,NA,Full match,No results,No results,0,0,6160635.73483446,12030214.9701018,5507307.91947362,15085487.5872754,7982516.15110275,19513305.1527946,10317926.5421967,9827863.60651686,12066170.3950308,5900593.98424012,7397356.9054383,8959465.08790787,12620533.9724758,7460947.27477029,4685806.81334005,5395338.15729435,10344987.5367334,13989831.1994173,8389261.96002066,17791827.3656339,8346060.47181335,5683819.82092439,3484474.7735011,5092492.52978052,13375526.2246659,9751190.75176398,9662128.68893047,9625755.70189078,10552196.8393644,13532961.0609346,5055770.59881424,6692756.24911043
FT_1.236_191.03498,MW_192.04226@RT_1.236,"5,7-Dihydroxy-4-methylcoumarin",C10 H8 O4,192.04226,191.03498,1.236,192.04226,NA,86.6,NA,Full match,Full match,No results,3,0,5051146.12225282,9335364.81541494,7381350.03183402,10130860.1805319,7949172.47336696,16577785.8245865,10317926.5421967,15204576.4994508,23781331.0284489,9347887.9215302,9428999.8188259,8505194.03719436,12740716.6626445,10596248.9495067,10975058.0697627,4869178.76240323,10870172.296797,8503903.8219645,6846391.10072305,7702192.22630156,6698345.05155986,8380027.7666689,4299385.67670604,5781129.27621119,14163186.3837384,22562725.6356524,22350620.6538765,8270651.19965855,9708860.89007767,12775859.9452535,4856894.62924999,7641725.50657082
FT_1.681_237.04042,MW_192.04223@RT_1.681,NA,C10 H8 O4,192.04223,237.04042,1.681,192.04226,NA,NA,NA,Full match,No results,No results,0,0,18194400.1798417,27136628.3809767,14347264.1589546,48947344.8192468,17093895.4829145,40047817.3171723,9031693.86051038,30286404.5352756,23926353.8497514,37023332.9958171,22209340.6264564,38496950.1040309,24286222.1249259,27770495.9668123,14378199.8303371,14664387.5800252,29665745.6456786,27761292.7931948,13914328.4183769,19412319.1965984,17861673.4232843,22027874.0586189,10246457.7020287,16861607.6068,44056621.3228525,24928896.0204136,20233037.5250051,23363310.8292584,29470308.1528335,39877220.3500297,12877386.168788,17909745.2259181
FT_1.709_189.07684,MW_190.08412@RT_1.709,NA,C8 H14 O5,190.08412,189.07684,1.709,190.08412,NA,NA,NA,Full match,No results,No results,0,0,2030257.64556538,3892383.85939683,2530938.46172646,7336089.8723981,3948497.65512444,5431175.60535875,3112409.89550916,3093247.46931253,4543936.21022401,5340285.45680289,3712691.03978926,2405319.05780309,7034641.73739935,10108420.2931593,2038648.18852825,1294612.22142516,5950319.84537978,6797099.06113835,2070948.34058411,2133356.03914971,3931300.90530215,9059558.96867772,2044472.88470737,1636215.01943484,13687893.9144942,6652929.74175233,2408071.65425232,5142088.95868625,5266649.53281261,5020909.71508062,983148.467223439,2245210.41307677
FT_2.491_189.07685,MW_190.08412@RT_2.491,NA,C8 H14 O5,190.08412,189.07685,2.491,190.08412,NA,NA,NA,Full match,No results,No results,0,0,9559655.44437251,30680745.3406726,11485104.652519,33359690.1080161,26429052.372296,33174218.2291766,8498789.91557135,21634243.6681896,29526281.5267747,21297252.0816774,12222987.7763685,16134890.2656769,24212908.2283678,21922607.5164339,12213289.7829599,6809657.74828041,18866512.4557533,34491602.651423,12901576.9593695,12189672.8910336,24782783.8607349,16620468.7462642,7162924.66170589,9119679.17812708,48388620.7907665,38726892.4204674,12210428.7405608,14813014.9256763,22806402.420427,20851807.9404103,5095843.55006343,9887606.25798072
FT_2.030_187.09752,MW_188.10480@RT_2.030,Azelaic acid,C9 H16 O4,188.1048,187.09752,2.03,188.10486,NA,93.8,C08261,Full match,Full match,No results,1,0,3536124.44302237,6770277.85856461,2404905.10894581,11044672.8850648,7176390.65928187,8749003.09262775,2630154.77144424,10344392.4090002,10481870.796485,7626278.13894721,3393338.55782094,4787949.13483234,7433871.9964774,8632684.49646594,2516033.03390368,2219635.32841758,6138818.67423173,10971624.4706286,7960028.35474153,5340516.5715476,8330166.09985192,8202067.75011822,3111234.75738136,3129849.92662484,14359804.1717196,10868155.5353706,5724065.65702516,5855938.83992777,7316054.77071972,6730636.73223937,1781408.23920635,3510269.01804166
FT_2.136_187.09750,MW_188.10478@RT_2.136,Azelaic acid,C9 H16 O4,188.10478,187.0975,2.136,188.10486,NA,86.7,C08261,Full match,Full match,No results,1,0,1895565.83433082,4506753.09307453,2004753.63205937,6973984.66504171,3100840.41723259,8468366.9639794,1761675.56902191,6759934.31453419,6571123.04246704,3961294.51804176,2464873.53711992,2270221.76944588,5327488.25545289,5197222.89211421,1855565.9027378,1728897.88752041,4167361.95066577,5193079.69580112,4100770.61954666,3128692.78287613,4133938.96125312,3418730.45267044,1637074.21800125,1855037.39179469,11077092.1423737,8510914.92927529,5393973.572542,4243638.73317811,4761290.42607329,11156265.4313605,1255877.09742717,2040360.83147239
FT_2.097_187.06118,MW_188.06846@RT_2.097,NP-022068,C8 H12 O5,188.06846,187.06118,2.097,188.06847,NA,83,NA,Full match,Full match,No results,2,0,5056535.47298632,14727351.6125312,5951656.378867,20886722.4034034,11526486.0775625,17201811.168934,5186111.55190203,17691008.5201594,19709632.8462558,11581375.4897384,6078595.38519679,8130179.99390856,13882072.175202,11555256.0591462,4941992.0443365,4795127.7100862,10465858.8982894,15919442.1432564,8904583.87728553,9504220.74835662,12626194.7261595,10647172.299563,4828673.42653914,5134320.56224613,25628679.3382377,20466927.2613909,9885001.09938997,9492267.9115063,13488005.813928,18071999.2803625,2699075.5166683,6987819.35140521
FT_2.430_187.06117,MW_188.06845@RT_2.430,NP-022068,C8 H12 O5,188.06845,187.06117,2.43,188.06847,NA,74.8,NA,Full match,Full match,No results,2,0,2240168.15531624,5318125.68944705,2503299.3799426,7547488.05080596,4684609.97089568,7701923.63889133,2238075.80061236,5266005.29782293,5876988.81787569,4104964.39439923,2246612.33799411,2679975.14314019,4802051.15641086,4225941.60201208,1580167.44551654,1475982.07983819,3518127.5296532,5518092.80941088,3017982.0349922,2919034.76528194,4867546.5108442,3538617.09408276,1478074.98784657,1334424.11780489,8117791.19374909,6602898.39054021,4140625.43201305,2895146.43046564,5143458.88510002,7893970.37699784,1019712.71806641,2200300.14947512
FT_3.011_187.06117,MW_188.06845@RT_3.011,NP-022068,C8 H12 O5,188.06845,187.06117,3.011,188.06847,NA,79,NA,Full match,Full match,No results,2,0,4121549.36481027,13948491.8398764,5193802.15545101,24759464.6070899,10494742.0185742,23963069.4295214,3828907.55966048,17092879.8197958,15713390.6529642,11352942.3111136,5287082.55623927,6335337.77651727,14529092.2858628,9978554.14278373,3471324.85475566,1937687.52048855,10275557.6221707,15520311.1164585,9288443.64081229,6661542.54748261,10288412.4381312,7654852.70487218,2784219.2188127,3297774.22107871,27774425.6340144,17919082.873041,8673895.98491849,6944880.23561494,13779379.7663754,21409298.1602943,2034395.845835,4636037.81505795
FT_1.697_187.06115,MW_188.06843@RT_1.697,NA,C8 H12 O5,188.06843,187.06115,1.697,188.06847,NA,NA,NA,Full match,No results,No results,0,0,2468071.87680114,5593439.56572621,3363702.6026543,4998022.48749182,4418410.59448964,5727685.22873239,2289394.59452618,3307922.80129245,6844607.14190194,2854569.26603074,2859378.78621897,3894892.34900678,5618289.1155534,2459663.73788225,2550487.69450577,2420362.27691377,4080156.59189469,4986163.73866869,3458030.64434543,2251048.97575479,5231438.03039076,3278426.080262,1868252.20660229,2781692.86868035,8358693.98975169,8106145.48708238,4036830.36736494,4698016.68508439,5224086.10957963,5329318.9408807,1730587.9223019,2271040.19180499
FT_2.326_187.06115,MW_188.06843@RT_2.326,NP-022068,C8 H12 O5,188.06843,187.06115,2.326,188.06847,NA,71.8,NA,Full match,Full match,No results,1,0,6917654.51559393,13709283.6376837,5565063.28444743,23628985.4518954,12293983.1532615,20760126.9881964,6379033.49913604,21219478.7971152,20494448.1055937,14805484.3145602,7765733.43046265,9184918.99055034,16614656.4162835,10889010.0296567,4889973.57998182,4132337.77130597,10968322.3900376,16245301.0379587,11269739.8653148,11359956.7776833,13887925.8010376,9174906.23238325,4776091.04278246,4556311.16800466,26167230.1158386,21520799.9689587,9498841.8350386,11383224.7872848,13915829.4072993,19467610.2961996,2220304.51646646,7834487.79297507
FT_2.318_186.90600,MW_187.91328@RT_2.318,NA,NA,187.91328,186.906,2.318,NA,NA,NA,NA,No results,No results,No results,0,0,10278278.3532586,2883352.58458578,3984190.14778381,3840350.41166746,5247592.56863546,7222391.92349075,5908571.21424746,16880302.223686,4099560.09396706,4243483.61992044,8203631.42573189,9607299.15162601,4733249.12697939,3131988.73691758,6569849.48536677,20179496.0578201,2519535.53192589,2122331.09050672,3399995.40626742,2673532.69936707,3348700.05839097,2098808.91974383,4197635.98823071,3015721.46968305,3185910.13260469,3170562.08586237,7032903.05042659,10150983.2210921,2887372.94216117,2837737.58574138,2331386.65650296,5929538.16820659
FT_1.572_185.08197,MW_186.08925@RT_1.572,1-(Carboxymethyl)cyclohexanecarboxylic acid,C9 H14 O4,186.08925,185.08197,1.572,186.08921,NA,97.9,NA,Full match,Full match,No results,1,0,11476571.2681739,17447067.1149629,11708851.5011208,30489803.08962,16214366.0513336,23960053.2680939,7507220.40143798,21254195.4479688,20880727.4507465,15547178.1270981,10382910.3536259,15323817.201404,19181925.4696268,14353257.4785417,7178891.76721001,11310695.2354377,18015274.6315167,24619212.0190939,17539827.543469,14570214.9771921,25122705.1475328,16202527.0300511,6745086.59996906,6897882.66499057,40135883.038227,25413927.3008961,25762638.4035683,16219866.4765737,20449721.417251,28769389.0794204,5939146.05587664,11395958.5092173
FT_1.827_185.08198,MW_186.08925@RT_1.827,1-(Carboxymethyl)cyclohexanecarboxylic acid,C9 H14 O4,186.08925,185.08198,1.827,186.08921,NA,76.6,NA,Full match,Full match,No results,1,0,9276156.78175147,16517459.6939492,6961333.92832292,26094969.0306952,16008483.7541227,24170212.1607739,9720808.07708734,16558267.8922545,20533926.8655713,13983720.6293322,11573593.4487325,11006225.6305061,16165614.2880114,10641799.0900005,7803393.87407257,8968876.63123819,14735613.3337877,22835982.1566271,12148279.3999877,17409188.9375305,19627265.8098807,16739386.0852911,9073532.93058432,6155135.47140667,35437530.8526862,28708831.0266252,17636474.0834959,14127944.3296607,13104867.2473197,25744349.8357406,3859002.30514964,7735115.109943
FT_1.380_185.08194,MW_186.08922@RT_1.380,1-(Carboxymethyl)cyclohexanecarboxylic acid,C9 H14 O4,186.08922,185.08194,1.38,186.08921,NA,93.4,NA,Full match,Full match,No results,3,0,21251585.8374559,24621569.9417125,20176942.6926538,35427877.7150808,35433059.163359,34644584.8615908,25313656.4964618,42375603.3047833,46494690.8731331,36230943.6423596,24749544.7186736,30877704.1236752,47659260.9060914,40550476.1170078,24873262.7290881,20989448.0048571,36730851.7836173,51248439.8291201,42393875.5245257,40885736.1006586,41433629.5904758,36483633.3295276,20159665.9678819,20624832.1380217,45026139.739755,59341500.4073355,32729472.127093,35082552.5245526,38242281.5177853,48916892.8820209,14125516.06194,28535280.7694218
FT_1.417_183.10271,MW_184.10998@RT_1.417,NA,C10 H16 O3,184.10998,183.10271,1.417,184.10994,NA,NA,NA,Full match,No results,No results,0,0,10567286.6044566,31454964.1417959,10521434.9919352,38099264.9260955,32353032.8397668,45882731.6848359,15784408.2460863,40456502.6082846,38377083.7901096,21480487.5871233,17641322.4671754,23211429.2077107,43275518.2481821,23921252.1584763,10374947.849219,14723528.5754537,24125797.219601,29397802.8682108,37988375.9962071,24916681.5055205,38127867.9875916,29002824.9830923,7630020.01303743,11696387.5311068,39750384.0434504,52736970.9239631,31520309.1108662,18622826.6040945,31876035.7435461,36795156.7613281,6702523.69106009,19246980.4112289
FT_1.322_183.10268,MW_184.10996@RT_1.322,"[Similar to: 13,14-Dihydro-15-keto prostaglandin F2α; ΔMass: -170.1307 Da]",C10 H16 O3,184.10996,183.10268,1.322,184.10994,NA,NA,NA,Full match,Invalid mass,No results,3,0,12731901.4031409,29535907.5677621,23000444.8708499,33079755.7777576,27720584.7440779,39948688.7528111,15243411.0840454,31979912.8611219,46794412.9972635,20316017.3111198,20100878.8867065,26409404.5604518,34964218.109538,28396066.2255732,17787799.1672721,10876603.1706156,28467719.5421982,33634483.0516081,37451224.36034,19877869.3966224,30451003.516706,23855002.2435046,11968562.0335398,16477469.7648738,41653350.1003675,49682528.7520702,38145111.0858874,20641081.5556664,29792298.8819473,33805400.9333807,8672041.95233662,15579514.8597755
FT_1.656_229.10770,MW_184.10985@RT_1.656,NA,NA,184.10985,229.1077,1.656,NA,NA,NA,NA,No results,No results,No results,0,0,3639434.42152813,8822762.38195041,3876841.94672686,8134227.21512168,5943989.82997952,9168831.63878387,6135119.19634677,7611570.14497232,6603913.82196877,5859274.85129049,5715648.9306119,4253198.70023013,4710093.39800638,5344844.30576951,2971466.49922378,3180340.82507659,5700993.77620418,4883159.45715322,5739083.05868787,8885219.5279259,11622985.2517653,4957821.19595256,4947793.03132552,3102685.9206437,9179657.75390165,5376333.53675942,7166937.70157041,4889465.5207035,6913300.30889797,11911133.3660617,2047072.93592073,4371916.16779374
FT_2.501_183.06629,MW_184.07357@RT_2.501,NA,C9 H12 O4,184.07357,183.06629,2.501,184.07356,NA,NA,NA,Full match,No results,No results,0,0,2522705.75630475,6854719.22515705,2545471.40827126,9395329.03329616,6535092.8067761,9890435.01102319,2948267.0153968,8435844.14339545,13538119.6615451,5980701.78144167,3014417.30197624,3419892.95590703,8285569.87697208,5479533.00699592,2130946.40882692,1909046.55401189,5104519.55471893,9187400.24972651,7467398.7124508,5682031.0379707,7591391.32227896,5108409.73730449,2083772.15921799,2572349.92565382,14812578.085729,11146397.132856,3847463.0834977,4507570.91691418,5932185.59719317,8056150.21660824,1221357.09594487,2859792.20243758
FT_2.626_183.02982,MW_184.03710@RT_2.626,NA,C8 H8 O5,184.0371,183.02982,2.626,184.03717,NA,NA,NA,Full match,No results,No results,0,0,18361262.1418089,44805830.0777029,9022262.70045507,105619031.912356,20905033.7973912,89889334.3006424,7439903.95830364,30380499.9242242,43599854.6289957,40635400.1513472,14862251.061984,24087194.0627053,34522866.62957,29036452.0454066,8930574.87152128,11088414.2415005,35592448.6306931,40949697.3584944,10009005.8526507,13301963.7534853,28383944.5483848,22252250.0696868,6702330.33238151,4042338.71902646,124546018.755695,45859827.5639581,19480525.8979607,26644411.1040933,50425259.2170097,96255818.5587416,7867397.36807785,13492901.3295684
FT_2.892_182.04925,MW_183.05653@RT_2.892,4-Pyridoxic acid,C8 H9 N O4,183.05653,182.04925,2.892,183.05316,NA,66.8,NA,No match,Invalid mass,No results,2,0,2043630.88266508,6091249.27707154,7729886.64583071,20409746.3633109,3644428.14932344,7669081.8659082,5662972.16741422,5039311.7939006,3694938.74985896,4817679.86038308,5007619.76401471,3569350.49565416,3975800.87394545,4116493.00536972,3421651.62075334,2277827.41097077,3614068.76821665,2026817.83798414,2856616.96713183,3485339.11578142,2205658.6832693,3471433.85047981,2264273.82751629,2449937.79776098,9894294.98001095,5504344.40113391,4483733.41383121,2869710.67992007,6682652.32109491,10670934.2391768,1182880.68873342,5593709.45063948
FT_1.704_181.08693,MW_182.09450@RT_1.704,NA,C10 H14 O3,182.0945,181.08693,1.704,182.09429,NA,NA,NA,Full match,No results,No results,0,0,1385155.24591371,6750221.34939689,2159007.21514706,13143918.53385,2939121.72613207,16869652.4148014,1378190.13644956,10926095.3876898,3444941.10423625,2621315.32993545,1930226.05765087,1978597.76403296,3197582.14692999,3423848.13465724,1375293.70159855,1746789.51827192,13645063.1938612,11111105.6220963,2719351.72404202,4290121.6768957,3192520.05638256,1222424.67504839,1121689.80379237,1840058.26955382,8618204.95990621,6885598.81414641,5461504.41626946,2335051.20819174,7041571.74245979,12267908.6757081,2084430.6812205,1502137.71239453
FT_1.400_181.08699,MW_182.09428@RT_1.400,NA,C10 H14 O3,182.09428,181.08699,1.4,182.09429,NA,NA,NA,Full match,No results,No results,0,0,23792423.7635038,45039879.2976358,27089369.4490658,64286920.0196001,42583330.4319358,70471800.0297527,23748044.2880289,62144407.854650304,56649958.8427427,45509523.950814,34495349.0195673,30881279.9867063,50126883.4099324,45553376.123076,21508644.918022,23773228.3088008,54955162.2827797,62954922.7319611,53203081.9065089,41257387.6322195,49784765.1606526,36524898.4555807,19697331.9790149,28388416.0204511,79383712.1228043,81320390.4121341,41562073.1085335,37073467.3449888,48478482.5434473,70367438.261563,16033001.571712,31781751.0549605
FT_1.342_181.08697,MW_182.09424@RT_1.342,NA,C10 H14 O3,182.09424,181.08697,1.342,182.09429,NA,NA,NA,Full match,No results,No results,0,0,4263763.77806524,11340724.7285207,3967486.05226929,13011221.9251761,5686832.43696667,7672999.12326728,2855600.63719309,8085243.10367239,11066890.0794666,4431254.86034813,4504989.97102224,4971349.53519724,9138304.8370507,7984404.97643573,4070838.54266072,3505787.61506192,9468149.58886299,7169317.71133637,9271961.80812449,5531465.75706948,7340894.63611533,4480740.10303017,2550283.18391676,3667167.97303787,13944573.4253608,10173612.7743492,11142395.1117851,4914013.78320235,8449459.70264038,11244856.9505681,2966980.42033927,4079044.86447395
FT_1.553_181.08684,MW_182.09412@RT_1.553,NA,C10 H14 O3,182.09412,181.08684,1.553,182.09429,NA,NA,NA,Full match,No results,No results,0,0,3597536.49126265,7435104.60002078,4447204.99926234,13254548.645803,6914941.95666256,8277253.65302012,1658640.85136098,7918417.74190922,8412005.10712553,7095791.1433707,3257526.86976956,5352111.49288936,8522228.51215584,5546099.81018394,2906172.66071041,3451449.90126005,5557841.87766575,8847475.94206285,6872935.03815187,5843725.81513524,7045482.48144592,3711954.39445995,2531347.54309335,3841379.58516385,7662402.56472982,12234700.6814542,5783451.13334228,5614173.77555103,7719185.32302935,8222897.15281741,1674283.81812354,2394622.68450736
FT_8.842_181.07172,MW_182.07900@RT_8.842,Mannitol,C6 H14 O6,182.079,181.07172,8.842,182.07904,70.5,91.2,NA,Full match,Partial match,Full match,3,3,2744583.18795519,1300391.63499533,6250149.47932157,3684022.90229734,10732239.507939,6285083.77683222,7166370.64179911,5923692.98175691,11820027.8874619,3949691.09607728,3667567.26337975,7512201.14710841,591610.434147959,2330125.18618472,806843.839630063,3109704.02029077,5884812.1117585,25334651.6300399,13549169.9108363,2470810.00167134,30449713.0021932,29658307.3793886,32253736.0897786,6332537.87106853,25514870.1209974,4127291.43902389,4417547.50876845,12876611.114956,19360428.2278539,18996773.8443459,6274465.54831513,6214280.65154178
FT_9.044_181.07173,MW_182.07900@RT_9.044,Mannitol,C6 H14 O6,182.079,181.07173,9.044,182.07904,94.1,96.2,NA,Full match,Partial match,Full match,3,3,787118.722735305,1300391.63499533,1893314.07195639,1057154.03452515,3884669.7949713,1741698.23740034,3730450.89051003,1472239.12291526,4110551.69680418,913672.889871663,1247907.50904588,2640465.41348911,412842.752330315,642279.390030798,806843.839630063,918091.529376973,2128188.60150947,7766934.49863599,4220433.82339066,693171.787896223,8630907.24612545,8982373.00627379,11408862.9204486,1588595.95117091,7139553.84734121,1013282.8555179,1186781.79119922,3644126.27749928,4559282.99036132,6927890.10302364,1676737.64717727,1917715.03244235
FT_1.670_181.05059,MW_182.05787@RT_1.670,NA,C9 H10 O4,182.05787,181.05059,1.67,182.05791,NA,NA,NA,Full match,No results,No results,0,0,42196291.1269076,83455461.7297193,37911238.4157925,67420973.6096326,60375083.4586531,78591186.4658249,29093028.9945348,68398965.4409384,77770005.270211,55254740.5500975,39285349.7251785,45719367.5899251,70848636.8446984,57790005.8005444,42242876.016475,32655880.1555713,57400551.2718824,74303129.1126467,40788347.4863843,51971817.5612142,73511810.7938775,55883367.2358278,27071846.2397122,34286379.1369062,100246243.243798,71615737.2309439,38347583.064879,49220601.4516226,65232365.7235084,59594643.6778752,25742078.2049867,46760469.5979981
FT_6.813_180.85980,MW_181.86708@RT_6.813,NA,NA,181.86708,180.8598,6.813,NA,NA,NA,NA,No results,No results,No results,0,0,1585159.7528115,828994.5824295,1439381.12193329,1999383.62437584,3781222.64858041,1206385.96141038,1869567.51526057,2370885.6950301,3766256.82816594,1768853.15646172,4142718.83853202,1800917.43010342,3011088.93707329,4299047.42640882,612338.085699909,5235678.12946784,495367.166051544,618651.250577438,1363058.0475249,3306648.44325976,1813093.18930326,3852699.54686368,1439228.83430506,3464016.23062124,1288311.23627939,1464236.95089819,916044.26203348,672167.615731672,899695.097278707,4557725.25603985,278737.852303097,781882.969538829
FT_14.984_179.88246,MW_180.88974@RT_14.984,NA,NA,180.88974,179.88246,14.984,NA,NA,NA,NA,No results,No results,No results,0,0,35459020.7983219,16168012.7663518,26888973.7696272,24697421.4207303,38609363.1434093,37906694.6335343,23099328.2349358,42496511.250687,59474600.7543892,23529716.6383311,25517184.8532412,32445190.6566794,30932116.3338507,32655484.2559621,17459728.1141939,55974258.9193494,30854433.0134705,12877701.4194179,14826647.0891399,16067686.5902282,38146939.4494404,31392391.4722256,32212983.3014585,26092163.8555957,15188851.4230336,12512277.1427131,18947769.3362006,25300716.7518899,14626956.6742748,29009971.9993612,11500992.8074031,19906110.9405604
FT_1.368_179.07147,MW_180.07885@RT_1.368,NA,C10 H12 O3,180.07885,179.07147,1.368,180.07864,NA,NA,NA,Full match,No results,No results,0,0,3121941.59177612,6978113.96039159,3383101.94705967,7838206.56704808,5734572.68730205,8101787.7331887,3114269.25882794,7901644.29321761,7810221.61388447,4849339.82562292,4394603.77311007,4543271.43176588,6682830.05021727,5321994.34807252,3713144.11228399,3204899.03987587,5317332.90161917,7733842.25771609,4463472.50202754,4201139.03396272,6276014.64025344,4897322.96415628,2377235.68682131,3489269.1595925,8589262.54202659,9177005.13785202,4478076.06479665,5908572.06608682,6506714.95689134,7191349.56185037,2450821.5730052,3843027.97745867
FT_1.554_179.07146,MW_180.07874@RT_1.554,"[Similar to: 1-[2-O-Acetyl-5-O-{3-[(1-carboxyvinyl)oxy]-4-hydroxybenzoyl}-3-O-(4-hydroxy-2-methoxy-6-methylbenzoyl)pentofuranosyl]-2,4(1H,3H)-pyrimidinedione; ΔMass: -476.0702 Da]",C10 H12 O3,180.07874,179.07146,1.554,180.07864,NA,NA,NA,Full match,Invalid mass,No results,1,0,6052107.68561463,13267798.360582,7844735.644613,17198113.1691365,11901363.7175003,13383598.1742238,3137165.90902946,10982643.7678013,12476440.7400393,10135728.1442234,6104982.72037586,7598605.90473257,14374209.8311974,10152205.0843185,5558244.06506144,5802413.20835421,8365789.24195725,12614702.8974066,6575403.68352038,7805632.37183627,12384401.6468447,8221827.14544914,5143485.99659451,6165292.13352662,19024455.528429,14250824.49243,5289076.72632733,8932069.33975738,10396843.3213969,14835531.8128542,3348658.74742853,4480705.21561298
FT_1.666_225.07686,MW_180.07871@RT_1.666,NA,C10 H12 O3,180.07871,225.07686,1.666,180.07864,NA,NA,NA,Full match,No results,No results,0,0,13305801.3076832,22210886.4102113,13414793.1847482,35131847.5783945,19862619.5331803,43890462.1313865,7140701.98154956,22618929.6214588,15934254.5425912,18704267.957103,17128343.7889569,23808190.5981337,21740546.6491473,12782922.3065601,8212908.73310763,13214721.7188936,22067719.0405127,14123690.6225457,10075045.4578727,10870031.4146852,17310543.6691382,10598575.8578281,6472428.71870259,8457953.02584048,44330616.1316207,15927321.9849683,17751999.1796795,18779956.5859092,20911902.2889941,33267592.6283519,9935258.81605761,12396513.1579255
FT_1.477_179.07139,MW_180.07867@RT_1.477,1-Heptanesulfonic acid,C7 H16 O3 S,180.07867,179.07139,1.477,180.08201,NA,62.8,NA,No match,Invalid mass,No results,1,0,4520860.60609003,11944670.109404,4663479.05586544,22519197.0434132,7320542.87269549,18905395.7477161,4024123.58815052,12896414.7254989,15019884.437662,15656730.8613271,7870536.75064819,8108944.24011706,9817933.7738073,14573476.0508866,6157615.76633756,5303595.81151948,9903268.11849254,15272628.9799926,7721121.39545937,9259221.41758242,8535458.01672078,13065874.167839,5478925.86786442,5484962.24591286,15667389.4217648,16809685.7411328,10738727.8584493,12029676.6903326,13793874.9299211,17988223.02958,4444707.97128198,9303175.29000882
FT_2.236_179.07135,MW_180.07862@RT_2.236,[Similar to: Trinexapac; ΔMass: -43.9898 Da],C10 H12 O3,180.07862,179.07135,2.236,180.07864,NA,NA,NA,Full match,Invalid mass,No results,1,0,74446282.5269465,200687113.028899,106339727.189855,287848744.293977,172992694.889027,258904865.082157,92173420.4072115,226675317.984123,302635277.780519,166108374.268993,105758160.863242,124029291.258738,229802521.832091,164599675.950151,83593703.5937969,76885593.3518616,176812758.794925,225746534.545916,151385358.523258,151892442.837441,191964644.997674,136859949.979921,88946508.5845413,99946338.7813066,374236619.523791,318540749.286575,143931731.614343,143458919.726695,218433958.437406,298088173.376537,43507331.452934,86530282.8011299
FT_1.654_179.03496,MW_180.04224@RT_1.654,Caffeic acid,C9 H8 O4,180.04224,179.03496,1.654,180.04226,59.4,93.6,C01197,Full match,Full match,Full match,4,1,117328697.296968,190007989.676493,94907697.1959844,301736247.349903,141735704.485909,313334321.783401,64825264.6351261,188269613.763529,234445728.076834,205635936.2744,137234278.845899,133982340.152174,163287469.173838,226887159.251138,103569106.213394,91375131.5860444,173945251.040537,184283645.194946,132627405.566438,133194424.231137,169083565.704248,146820078.525672,67926688.662168,95731365.2546173,281286037.358627,218983201.276666,152318455.514601,153275329.335718,213526559.606483,290769423.247867,87616555.1055621,120390586.561673
FT_1.142_179.03495,MW_180.04223@RT_1.142,4-Hydroxyphenylpyruvic acid,C9 H8 O4,180.04223,179.03495,1.142,180.04226,NA,95.1,C01179,Full match,Full match,No results,3,0,93083302.5610325,246057855.247814,71519357.3080581,371319527.471123,127527578.457937,394525541.330048,48548060.2301986,227347612.389703,318177067.713652,191932656.677592,114249344.808711,139773003.417878,194028857.177212,207933244.088142,74853728.3270953,83262706.1414503,193080069.90503,209179681.076162,185991541.236298,188094744.973072,149176020.698304,137049502.360475,59895679.9425741,87923487.5658418,430140394.438811,298376960.249676,186837832.589587,185949375.744861,283469406.692901,335138252.501754,81181601.0643149,134044638.26841
FT_1.554_225.04041,MW_180.04221@RT_1.554,NA,C9 H8 O4,180.04221,225.04041,1.554,180.04226,NA,NA,NA,Full match,No results,No results,0,0,141267712.179499,236467993.600507,85959402.2410951,337981785.055167,146106905.136099,368061303.282096,57272860.343287,273820060.557436,276642431.473638,177779169.997605,123368487.40412,145367434.532587,215453087.726109,188451125.335737,69845117.2987999,105942340.181112,220081634.911172,209384854.224871,131177744.744184,164970150.97303,158269183.330705,135871095.296936,67837022.0502266,100823998.764014,388982348.49491,256583420.459227,147928597.286567,187215067.999311,232536222.334173,346712142.412448,93908086.798506,141958197.993703
FT_3.516_178.84406,MW_179.85134@RT_3.516,NA,NA,179.85134,178.84406,3.516,NA,NA,NA,NA,No results,No results,No results,0,0,25263403.9870822,11499206.7638524,19506739.2424789,18050576.1561519,27757500.1030331,20745794.9725718,29492133.4590838,31671774.4988278,10226817.1112937,5468753.53543404,12249084.6787297,21420893.4894153,16922745.5335311,5149834.56037069,7325411.17293352,43061602.9480148,5672344.98716351,5855002.39897405,10368257.9581768,9426734.08852142,10263066.9665734,7370298.53715605,12320516.828195,8780256.19122982,7328990.7364243,10425350.1181798,10720936.2664731,10070671.1077214,17958660.3056302,53079365.5239329,6493858.75022326,24928001.1292493
FT_1.584_177.05573,MW_178.06296@RT_1.584,"[Similar to: [1-(3,4-dihydroxy-5-methoxyphenyl)-7-(3,4-dihydroxyphenyl)heptan-3-yl] acetate; ΔMass: -226.1205 Da]",C10 H10 O3,178.06296,177.05573,1.584,178.06299,NA,NA,NA,Full match,Invalid mass,No results,1,0,10278929.187359,17812108.1815851,8929039.25275403,31398348.947345,11704145.4297051,32218080.520399,3378691.53236931,13243590.5572096,15427363.063326,15207851.3278339,10455722.2905666,7676915.09883679,16803557.9676072,11619840.6755292,5721887.94972587,5559847.05717127,14917558.5539821,12497106.1068729,7875318.77530671,10219281.5111584,9513325.04717109,8778214.78131651,4238682.82831941,5232641.96310706,25336529.7760346,15214003.4207771,9871686.04762677,10950776.6606448,16747986.5663421,25968834.140963,5202698.63302747,5840679.88418569
FT_1.175_177.05571,MW_178.06293@RT_1.175,NA,C10 H10 O3,178.06293,177.05571,1.175,178.06299,NA,NA,NA,Full match,No results,No results,0,0,17576171.9313381,34622803.7559833,23507497.5204309,31973041.3697497,35214426.1871529,32659039.343719002,14190927.1052192,37794698.3575702,40602841.740769,24286311.21135,21206856.6203556,26292130.1655992,37170711.5865231,33121854.8353311,23070476.1068897,19578815.6183899,27407389.1975702,36027361.3895391,37562349.591405,30994843.8948701,37189813.6755038,23485416.4566156,18072646.1593298,25739156.5997083,41095390.2694803,47610376.5850842,34917218.4361819,26833718.7879717,31228041.283678,29947423.2821766,14720026.5671864,21132805.3599301
FT_1.398_223.06096,MW_178.06284@RT_1.398,NA,C10 H10 O3,178.06284,223.06096,1.398,178.06299,NA,NA,NA,Full match,No results,No results,0,0,14988856.6193228,39886285.7386711,14033432.4375081,19974232.7467951,28673461.59048,18900319.7631498,6668321.61236981,36726532.9388603,47187319.6251714,17929680.9518057,19377441.9869502,25658853.0126746,25024672.6265762,20598536.8082914,10599512.3745203,12789008.0887434,14281367.0217645,13634194.5970658,21074761.3884464,23696152.4631374,20857660.2179565,20012420.3951538,7996039.97312212,10172791.1485503,18565143.1161412,17070817.122227,10698271.7950776,24670669.8819929,23228298.3483612,36976738.7996585,16755720.3849305,26719602.6874974
FT_1.687_175.03995,MW_176.04747@RT_1.687,4-Methylumbelliferone,C10 H8 O3,176.04747,175.03995,1.687,176.04734,NA,93.6,C03081,Full match,Full match,No results,1,0,2475325.21595007,7096685.74922858,3074067.53622655,6631332.17227168,5128208.89982658,15972106.646376,3223447.20735942,6989935.22703869,6817962.28938962,5032567.42196674,3700917.23426683,4137821.89437202,5860931.77425039,4884951.9039355,3768584.6039517,2782603.52285446,8582439.25694263,6429823.50076906,3420052.40755586,4978753.19654622,6154438.42026294,5273592.23757552,2653741.2049079,2558740.65446334,8378276.36774336,6783498.67353084,3425963.44970073,4434905.43680717,5718495.78445042,11754901.756356,2178422.84838737,3631257.28394508
FT_1.322_175.03986,MW_176.04746@RT_1.322,NA,C10 H8 O3,176.04746,175.03986,1.322,176.04734,NA,NA,NA,Full match,No results,No results,0,0,2450555.98244864,2130873.78681832,1551689.82562598,17192954.5804262,2110480.99869254,5369257.4650103,6764472.1516249,7765546.82557192,20008397.9470394,2294385.7775626,1256358.97900186,1828880.25789388,4617952.99168904,3547957.64280685,1238231.78743095,1019216.13913664,3416305.92581273,5822032.54051581,2548950.93559404,3372977.73236824,3596421.31146476,14639583.6713923,1185086.49005754,1467063.0965838,6038363.61549665,3547550.61198224,2775410.11311219,2852400.30575265,5070114.8123966,5574208.59223638,1964502.01806119,1290403.3078969
FT_1.266_175.03993,MW_176.04733@RT_1.266,4-Methylumbelliferone,C10 H8 O3,176.04733,175.03993,1.266,176.04734,NA,91.2,C03081,Full match,Full match,No results,1,0,10477138.3280001,12603928.7440151,7500982.16762506,17192954.5804262,12798622.194022,13282719.5569972,6764472.1516249,12646284.5561867,20008397.9470394,12940474.0405569,6441151.17294826,9414587.79211469,10876011.212276,8102161.42342376,4801121.39809675,9804378.5174768,14123968.3146705,14364936.0865686,7199506.0446986,8087252.17905425,15532866.6951724,14639583.6713923,4989260.53726402,4741689.40533676,17313571.4376486,11948750.5515843,8356432.27091366,10899213.920307,10713297.949433,10671116.7208882,4227444.96884985,7964484.62248518
FT_1.177_221.04552,MW_176.04729@RT_1.177,NA,C10 H8 O3,176.04729,221.04552,1.177,176.04734,NA,NA,NA,Full match,No results,No results,0,0,28388036.6597811,60565776.9896151,31803023.9651942,59183557.6947422,41941748.1924501,67260577.6395667,23592665.0420571,66286511.6197303,69411501.405598,40124369.5261774,33524965.0770863,44538129.5602812,49783833.9487942,44981192.1518484,35556252.988696,27222767.982344,41163973.6726256,63786912.8399042,39384313.4395753,43788767.4625884,51157947.9752096,43508646.3033485,105284324.016741,33154383.8106403,61817178.330413,61404014.6487164,38634014.3105908,44897108.54099,58011766.6168022,53696279.2359297,25731711.7879872,34703452.0782639
FT_2.545_175.04000,MW_176.04728@RT_2.545,4-Methylumbelliferone,C10 H8 O3,176.04728,175.04,2.545,176.04734,NA,94.9,C03081,Full match,Full match,No results,1,0,27938988.7938976,61408047.3907032,23198422.6716143,80676915.2086906,46974307.0103682,81370137.7950334,23320244.7940656,73583507.6777851,74294914.1549917,54898544.0555152,30379947.017985,35133198.1651722,68836646.9569517,53728013.5313592,22838538.4852471,21933262.6603731,42233073.6670778,67252677.4528439,41744173.0847604,44770249.1342181,43072631.5854303,51501041.702421,18774867.1812868,22885844.0824798,84859645.2391383,76093774.2755867,34131249.0910455,40050454.2754189,55708409.7315609,59604637.6215432,13793592.4417247,33110301.3115068
FT_2.712_175.04000,MW_176.04727@RT_2.712,4-Methylumbelliferone,C10 H8 O3,176.04727,175.04,2.712,176.04734,NA,95.1,C03081,Full match,Full match,No results,1,0,38088833.7208163,84754325.461786,36248587.8609241,115366715.316088,49043595.8515978,93279384.402918,25400781.8186516,75908775.1860265,96253752.3427854,64524736.5421526,36840595.6389676,49233510.5849842,72233964.9219926,69672127.6120933,33844512.0264849,30140219.407698,66065211.2774164,81467888.8663236,62034835.3256927,49536946.8124819,63684457.0786485,56974282.0225775,21726442.231158,31739003.9330084,123626176.449425,92151785.8295312,45398299.0773955,59557370.3851268,72622285.8420171,91128957.9940516,21896542.2061848,37940518.3439916
FT_1.579_173.08198,MW_174.08926@RT_1.579,Suberic acid,C8 H14 O4,174.08926,173.08198,1.579,174.08921,89,96.7,NA,Full match,Partial match,Full match,1,1,4019103.45150201,4766764.30392703,5564484.91652645,9984005.71370776,8638259.19256297,11566999.255424,5745122.24961304,8569302.62975806,5183881.87596996,6335709.39743938,4651874.53493392,4759771.66456494,6232722.36993749,4224730.55453232,3432017.3211168,3613418.12283131,5868567.91426773,5696827.67367335,3791605.87262372,3927585.17251763,6543189.88264013,6122051.7226472,4337829.76190345,2708227.37107591,8535350.80779085,4925608.73940826,5914487.60932594,5403035.21720998,7473038.73295719,11243617.9754889,3314038.55461409,4130598.40406959
FT_3.208_173.04552,MW_174.05280@RT_3.208,NA,C7 H10 O5,174.0528,173.04552,3.208,174.05282,NA,NA,NA,Full match,No results,No results,0,0,1610775.12071581,3918800.29238298,1954367.92855752,5110569.32244236,3940497.21304369,5189885.13331668,1672164.56160422,5017479.37714382,5518225.17285398,2345856.78011983,1439821.76396239,1900478.9052882,3301388.4406277,2354652.37112966,1120138.29005344,1484282.41413988,2342099.32590059,3881646.73667711,1986550.95055153,2056138.81878107,3290866.74020187,2469348.13766839,1341082.46500305,1469366.03104784,7049667.91870863,4584111.48636926,2072308.40777559,2324372.0959608,3288292.1251763,6187262.89682117,827897.57550118,1518929.99118474
FT_11.815_173.00260,MW_174.00988@RT_11.815,NA,C5 H6 N2 O3 S,174.00988,173.0026,11.815,174.00991,NA,NA,NA,Full match,No results,No results,0,0,3301216.12654176,3378456.65353606,3769399.41228429,12789967.5841231,3992792.36357807,6620251.44408278,5404635.57659028,4175642.97593173,4345911.78057653,4570255.87948686,5083765.08179989,3886462.73324602,4928719.84227508,5214729.41222453,5735838.10875363,2264024.92737996,4805182.51543597,5246682.10395817,2972825.37685916,4355138.00742898,3047843.35796376,4297583.75773958,2819343.06485605,3264942.39852066,4039811.88995689,3072439.49811168,2829587.04280808,2689879.7056514,6352608.23708373,7786348.93942881,1423817.06942872,4289201.56564897
FT_6.811_172.84240,MW_173.84968@RT_6.811,NA,NA,173.84968,172.8424,6.811,NA,NA,NA,NA,No results,No results,No results,0,0,17520653.664076,7866289.66195209,14472832.8219226,16692267.4592772,23907522.4417663,11259613.7753076,16214558.1657142,18179448.7676851,29343406.7946306,14955649.2102221,26704191.7770988,19047930.8761533,36580231.7923265,26573496.8981491,6696759.9335113,28225122.2946439,5483100.1958298,6674161.45660514,14231714.6249724,25491880.700851,15360131.4852096,23534093.7415695,15087484.6219937,10253126.9090308,11588379.0555536,14532868.064131,6806059.17388209,7521485.3151518,9022540.32261377,22034669.9525972,3571446.32168657,8017625.22538599
FT_10.119_171.07747,MW_172.08474@RT_10.119,Prolylglycine,C7 H12 N2 O3,172.08474,171.07747,10.119,172.08479,NA,99.1,NA,Full match,Full match,No results,2,0,10296008.5119073,6124611.23561991,9649829.26780122,13587083.4602844,9216027.28417744,11781946.5732858,21348968.4424251,14380866.3959136,12822369.447358,13439046.2015547,6706438.46220302,9305472.00692597,12638416.3485539,14384567.3717413,5933836.3019262,9877910.23538509,9514796.32567455,9237418.52957228,7622590.65478229,8432489.03601602,17287006.2518863,25313582.4634603,10115664.1068156,8226214.72321933,6682893.90477377,5726227.12521239,12207439.8208959,14182952.9159407,15263092.4242612,18774848.6910941,8567551.85331878,10017434.0254006
FT_1.801_171.06628,MW_172.07356@RT_1.801,NA,C8 H12 O4,172.07356,171.06628,1.801,172.07356,NA,NA,NA,Full match,No results,No results,0,0,8072792.84028926,13810721.5455266,8975672.16950522,22800783.1364116,13085540.7462959,20514739.629986,7296708.57712874,16199615.1767905,20099592.0485017,13177801.0062533,7822075.30198027,11788394.7573131,13685211.0880958,10941572.3672797,5160915.41743258,7100930.04165927,14480466.0957919,16724019.540579,13703906.9427046,11398949.1536068,15963103.8673014,11123464.3341657,5396200.67241853,4336025.47136606,28314508.6773499,21374550.1504706,18097452.4108704,12330969.5222182,14382399.0972008,23148177.0395012,3918031.52494976,7147389.06293934
FT_1.543_171.06627,MW_172.07355@RT_1.543,(-)-Corey lactone,C8 H12 O4,172.07355,171.06627,1.543,172.07356,NA,64.7,NA,Full match,Full match,No results,1,0,95401853.9743488,173154574.29483,109324309.606135,217605661.840069,154572052.984954,176732122.704049,83948465.0035902,256109798.654927,221308908.429764,162181403.38294,107240248.012838,133969049.655162,220928570.098137,151801208.605391,92796180.9123353,96778995.5009083,163944684.904437,211253288.24315,211792416.151422,179449449.237357,174317981.050788,142592849.546676,69119289.4367051,98091771.9272857,279160675.512802,256247347.812175,197143522.175188,142951588.899411,180505951.687836,196057888.939249,62664848.3347425,113084941.413122
FT_2.240_171.02745,MW_172.03472@RT_2.240,NA,C3 H4 N6 O3,172.03472,171.02745,2.24,172.03449,NA,NA,NA,Full match,No results,No results,0,0,3621526.90419723,2899896.61522981,10683763.2393156,7812204.92181654,8763409.43022693,4291213.65554304,18621761.1077957,6200069.10113037,11261922.9266495,11771927.6599642,15636809.3386747,12218060.2025495,12113328.9324445,14252913.688518,15511047.6115657,13602615.283145,10511015.447337,4943285.04402482,9908743.85562241,10373338.5589079,4135339.61871232,10292619.935079,12137514.6009581,9575437.47044783,3276534.08380015,4353770.19290354,6334517.19855662,5872578.29762928,6128908.3204084,6940998.38818364,3595700.77170054,10137609.9148625
FT_6.811_169.83435,MW_170.84163@RT_6.811,NA,NA,170.84163,169.83435,6.811,NA,NA,NA,NA,No results,No results,No results,0,0,11557970.1273996,11403415.8427834,6834434.8901956,10894942.2491582,13676512.6443718,7435681.80298464,10748525.6831518,13499892.064569,15263755.4386924,11989133.1103741,16585974.3697114,10791844.2463947,9653608.74715211,13401488.621019,10163013.9897018,16024579.7999659,10244302.5843949,5176724.96620186,5109390.07395623,14167997.8642422,12566536.2042022,9353955.2483676,4432282.07164723,3549264.2265151,3898138.14845548,8624445.12454673,4284296.89979707,5648630.61867175,5285072.47885909,16154090.8246686,9149524.72640004,4648242.80954663
FT_1.332_169.08703,MW_170.09431@RT_1.332,NA,C9 H14 O3,170.09431,169.08703,1.332,170.09429,NA,NA,NA,Full match,No results,No results,0,0,8357430.07383965,17987363.1944125,10029893.1163699,18218123.0936828,16308195.1355943,8047498.62480156,3718306.7014083,20560816.6681792,10539082.1629643,12156279.7484229,9997636.92331411,5274183.45717562,20688807.8371549,16049822.2757028,10014007.61464,7472443.30194292,15119870.5132951,20093939.6274431,20426670.5132937,13586981.1729982,19389708.2785234,6526111.35646142,7681596.92979153,11120801.6576611,14042589.1948096,29462394.039077,17448748.737779,13045659.2930454,8867429.91632762,18486068.63191,5950964.94398802,10343560.6558289
FT_3.855_168.03357,MW_169.04085@RT_3.855,NA,C4 H11 N O4 S,169.04085,168.03357,3.855,169.04088,NA,NA,NA,Full match,No results,No results,0,0,48543382.0951788,121571154.591725,194175602.504471,311164695.856915,123886717.232995,113460764.931651,168330601.006405,133058523.382506,119794212.490204,125037648.160312,159761018.873217,100951916.818173,124640792.389678,96446717.1407048,98279564.6402886,101566513.234457,118172345.898771,85147692.0193695,95502483.4908644,86500223.2749735,80693406.279911,111286590.297063,106060511.515115,77870475.7122135,162954858.186658,98059966.3839297,118742100.689606,89206181.2877763,139171328.293038,198201063.990243,39886543.4332116,135917189.63179
FT_2.417_167.03494,MW_168.04222@RT_2.417,Vanillic acid,C8 H8 O4,168.04222,167.03494,2.417,168.04226,NA,83.2,C06672,Full match,Full match,No results,5,0,2508669.60389503,7012133.59488006,1764406.03712641,11735275.4113816,2808555.81744686,13829600.4186486,1225084.29194677,4371036.53724975,4963406.71077675,5138680.70328272,2212787.19312639,2343176.64551146,6174409.52913631,3932168.11417249,1160628.8394862,1366986.26508713,5003427.94366382,4168328.8113216,1229903.29668525,2512415.56120941,2724705.27482686,2631646.43166809,707828.520153359,996498.600061897,15708333.372655,4520821.26036182,2323048.85272792,3498237.94867988,5895119.18514202,13692861.6359143,594987.429533818,1710699.53497641
FT_1.671_167.03488,MW_168.04218@RT_1.671,Vanillic acid,C8 H8 O4,168.04218,167.03488,1.671,168.04226,85.5,93.8,C06672,Full match,Full match,Full match,9,2,9039849.99601555,19399440.0254061,7654228.96303062,19670369.2548262,10341406.80035,21749363.8957092,10901237.5520654,12908566.9527468,14575611.0129748,23911498.0991925,8282889.80172723,9304226.86433402,12353042.9022294,12831284.3218163,8339010.17200109,7966865.81751412,12465949.967567,12985757.97476,9119842.8386187609,9647845.22557241,9819423.99299092,13114694.9704258,8499926.54091887,7217384.16019691,22087095.2394766,18431215.3860265,9874471.894994,10529147.6425435,17733268.5645774,16202970.4472061,6109222.9880899,8831610.90564017
FT_6.565_166.05427,MW_167.06155@RT_6.565,NA,C5 H13 N O3 S,167.06155,166.05427,6.565,167.06161,NA,NA,NA,Full match,No results,No results,0,0,6528883.05436581,22943537.2048515,37256288.9112685,65714888.7144876,18645933.4714758,15222336.8631061,29729909.6969051,23208787.286971,18609908.4833246,24353854.196489,30675484.6556434,21816820.6545143,22654533.8363473,17010675.4472532,18444622.5044181,17681471.3258765,21154871.1891564,13502136.8483838,16130996.1342453,15169437.0183037,10348349.8999389,19734704.2122179,18982542.0709739,14859355.6610336,24152069.0730086,20393020.67803,21773329.8082773,16081959.1109685,18630979.3738305,32843728.0564973,5445625.2297313,25223446.4753819
FT_1.601_165.05563,MW_166.06290@RT_1.601,Methyl 4-hydroxyphenylacetate,C9 H10 O3,166.0629,165.05563,1.601,166.06299,NA,96,NA,Full match,Full match,No results,7,0,39119557.8419714,89435585.9873471,40798655.2031319,91418816.574892,51476742.3464612,131824877.433117,28863853.3162981,90273689.4590708,93221115.770184,55182781.7364194,52970758.0910188,67870058.7323704,84837012.7890388,62750462.0012641,36827978.6819189,43868212.3219407,89963327.9753167,86860411.4265008,73923807.1207035,68943484.4679561,63825718.3575047,57027989.1759892,29399210.9945744,36686466.4272361,144731815.805796,105583459.603329,85713341.3466544,86244753.1579862,86540977.7589263,114900117.498444,32844661.9686106,53504917.2299145
FT_1.213_165.05561,MW_166.06289@RT_1.213,Acetovanillone,C9 H10 O3,166.06289,165.05561,1.213,166.06299,82.4,82,NA,Full match,Partial match,Full match,5,1,9659546.16224957,20975451.631497,11709004.2750746,12794140.6591483,15437125.1069918,13074789.3905128,12119280.1504344,18419777.3781206,16146134.4224866,17378789.166703,12726147.2147478,11115435.4483223,18484172.2353261,18902368.9119502,12901960.493643,17769144.3271199,8598677.07801249,21638014.1466778,9877181.60951646,19143629.9852126,16494443.4746456,19439790.1721827,9346345.61248554,10792482.9275156,11356659.0448095,19740059.8864474,14235731.5941055,9187360.03336581,12296202.8943129,10119694.4105209,7832445.09026059,12542766.7942067
FT_1.676_165.05559,MW_166.06289@RT_1.676,Acetovanillone,C9 H10 O3,166.06289,165.05559,1.676,166.06299,81.1,82.4,NA,Full match,Partial match,Full match,6,1,4338366.95532769,9739155.33274625,5022596.66029442,13247138.9706966,6432369.20904374,13717308.1588749,2604924.35338858,8459067.3396082,9949616.41646093,11385451.5196071,6622762.33008947,6601617.92445561,8066386.32503831,9404482.48210502,4826637.78587302,4548335.60883041,7171440.4497927,8545596.31067206,4751802.36710441,6450551.44565534,7078385.71739232,7880986.90352267,2865527.05333058,3817282.75023207,12276801.0505523,9981351.24632312,5788005.51848968,6410545.30572783,8637475.32213927,11170133.882339,3863771.62045616,4743667.42423089
FT_1.462_165.05558,MW_166.06287@RT_1.462,3-(3-Hydroxyphenyl)propionic Acid,C9 H10 O3,166.06287,165.05558,1.462,166.06299,68.3,89.4,NA,Full match,Partial match,Full match,2,2,1803706.97009565,4482818.15691984,2574680.15926743,4921155.28994869,4734424.39815972,6089148.62703224,1551390.37898983,4907734.95802123,6118035.87403073,2812955.84305959,2624658.9335675,3479910.36623269,6035519.32667286,3187325.04030898,2095712.66202982,1665573.97284129,4488887.21570447,5484349.11372762,6819080.04631769,3636089.72846226,4312001.21356627,3353805.62815122,1778636.42057222,2324223.89048491,7125555.11183864,5984866.16805164,4361448.21252396,3497351.26229476,4671720.744031,5009401.13960152,2052110.46737474,2030325.5790998
FT_2.486_211.06105,MW_166.06285@RT_2.486,Propyl gallate,C10 H12 O5,166.06285,211.06105,2.486,212.06847,NA,74,NA,No match,Invalid mass,No results,1,0,33361675.5313354,55568786.2269447,19143426.4086338,183639997.269543,42097057.3845519,163138660.630545,8826044.79680848,58705618.4803584,57173228.2118748,44775679.880328,34575760.0500862,26140492.9775405,61707284.0784365,41020228.9603764,14818714.6386693,16744100.718859,56551290.2103492,46683560.1587691,14799258.8648834,23118221.5008719,34938759.4914934,27031649.9953507,8003164.40618356,11307837.8759582,93416890.7104502,59265339.5841898,36790930.7838253,46625661.7799247,68251243.3974456,161471250.15016,12737512.8403004,20348266.3569554
FT_6.812_164.83945,MW_165.84673@RT_6.812,NA,NA,165.84673,164.83945,6.812,NA,NA,NA,NA,No results,No results,No results,0,0,30469532.8204418,16002467.2318619,23106130.2334201,35938179.721258,67568754.5129903,22304536.870411,33446028.9337251,42945859.8017448,78539868.187353,29331371.5840842,78900095.7283903,33059424.6357036,81477263.5394042,82246170.5470384,11718151.509912,93999198.0128245,10565156.872498,12676675.1411893,23086454.0288802,58817830.3193088,30712688.8776674,73587283.0376366,24999407.1472104,58641405.0124599,21071773.3301048,24666891.5736717,12581000.3105709,13473216.9493045,16356308.1700884,78147177.571639,6535635.58472719,15581111.6583089
FT_6.807_163.84027,MW_164.84755@RT_6.807,NA,NA,164.84755,163.84027,6.807,NA,NA,NA,NA,No results,No results,No results,0,0,48610140.2214956,34616110.056138404,42944423.8570221,65128860.0094679,91769273.4293685,45094390.6198662,55807947.1805371,68674857.8114063,100501930.254415,50521844.9305852,99529813.2610108,53253537.1920837,104980359.966464,106742963.813741,28207718.8184793,115918603.765203,27683927.3200682,30515775.2243389,40296019.0399363,76277910.5980928,50360818.3556106,95801942.2741394,43776326.1267875,77087950.2457601,40857416.0931566,42902950.6852657,28744446.1919682,21991553.146694,35164982.86732,106968338.533582,20553969.8431807,32482612.3313038
FT_1.672_209.04538,MW_164.04718@RT_1.672,NA,C9 H8 O3,164.04718,209.04538,1.672,164.04734,NA,NA,NA,Full match,No results,No results,0,0,93211294.5770691,186985788.217001,82000491.7830536,282206865.26022,117024349.844731,310608191.003851,54494781.6560716,154109602.126716,239140605.529717,230659453.102738,160950088.20434,127286411.848217,126925777.31202,271482543.652843,115541069.665588,76049470.9993833,153109522.162139,182242027.259485,108304843.776745,129463795.356616,133462191.670554,216816081.563017,53472156.6479017,94403544.2065969,241821721.949276,231765084.51666301,118751316.441913,144483105.43436,226252986.262215,285178853.932736,90985289.0715865,119277137.270766
FT_1.453_209.04533,MW_164.04714@RT_1.453,NA,C9 H8 O3,164.04714,209.04533,1.453,164.04734,NA,NA,NA,Full match,No results,No results,0,0,6824940.56708778,12450721.4404778,4580158.74616955,23182150.8529351,9531773.85423124,22479713.7762792,3259945.53069555,9870002.82598626,12497006.5716474,15186895.5349623,6804161.85958401,8275657.33121937,11503914.1605382,11794793.4454454,5724899.05002905,6921810.73040182,10818251.8385249,13572240.5909359,7009466.5879247,10057976.5255252,10018647.9500857,11445134.2037915,3953947.45339446,5409538.65351907,21121396.997688,12343665.1248089,9166092.24542032,8208463.46809901,12300703.4511747,14928787.2157522,4674763.36226706,8273856.74428722
FT_2.316_162.91378,MW_163.92106@RT_2.316,NA,NA,163.92106,162.91378,2.316,NA,NA,NA,NA,No results,No results,No results,0,0,74404378.5454324,23934053.0522013,31152701.0902912,47584686.6251333,44108262.297138,62497214.4321249,46234288.9802279,80923206.6956217,40528169.8757019,48511214.8377141,65232064.0300823,61314044.185999,39452484.2068277,28106396.5979371,51733185.1309258,91871669.2952384,23113069.8865055,18448705.9106936,37752744.716284,26558326.0524606,32023237.976516798,16220828.8408489,38516872.836651,25741963.6988739,36250962.7363219,36892454.43581,58502364.1048954,76133158.7340416,39954207.5688128,33604692.6649149,15766297.0709997,54844394.3882009
FT_6.806_162.84249,MW_163.84977@RT_6.806,NA,NA,163.84977,162.84249,6.806,NA,NA,NA,NA,No results,No results,No results,0,0,30469532.8204418,16013267.3810333,23106130.2334201,35938179.721258,67568754.5129903,22304536.870411,33446028.9337251,42945859.8017448,78539868.187353,29331371.5840842,78900095.7283903,33059424.6357036,81477263.5394042,82246170.5470384,11086098.5999404,93999198.0128245,10565156.872498,12676675.1411893,23086454.0288802,58817830.3193088,30712688.8776674,73587283.0376366,24999407.1472104,58641405.0124599,21071773.3301048,24666891.5736717,12581000.3105709,13473216.9493045,14859061.7196243,78147177.571639,6535635.58472719,15581111.6583089
FT_2.320_161.91358,MW_162.92086@RT_2.320,NA,NA,162.92086,161.91358,2.32,NA,NA,NA,NA,No results,No results,No results,0,0,615544377.920993,214471831.604141,276893881.514176,427878057.208549,382628521.200981,539980776.505602,409649811.743494,699656518.297262,357051429.424058,424889602.586988,567696773.554071,562697836.167419,349552745.999333,253855730.487906,455542528.281607,815566108.705147,203933519.493838,156130507.678201,328354951.844444,223866988.58792,288503530.015786,143850386.550135,343429452.60218,226722439.802264,322819205.14623,330757780.76468,501021039.259743,651147816.538147,336793166.042405,292010870.567944,139258436.521821,483232762.863174
FT_1.242_161.02436,MW_162.03164@RT_1.242,Umbelliferone,C9 H6 O3,162.03164,161.02436,1.242,162.03169,86.7,98.1,NA,Full match,Not the top hit,Full match,3,1,35803878.6561356,100457012.550412,72260280.1060857,116901660.715355,69560199.307415,92293972.8911788,48807219.9642024,57183206.1283644,147116132.013382,48431682.9580356,133896422.206781,56098726.4110351,114368781.350345,80749443.5492937,41261644.6123919,54250079.1859782,213264532.398863,127388220.679218,93361581.8978192,45059670.1901303,68293818.9591952,45167391.9231281,53601526.9948113,24583366.3226648,56403936.2647736,108998645.781283,80605999.7575565,53004418.9246024,60778903.1100527,100512650.029774,41300238.9659757,40661320.049554
FT_14.759_160.97604,MW_161.98332@RT_14.759,NA,C3 H3 N2 O4 P,161.98332,160.97604,14.759,161.98304,NA,NA,NA,Full match,No results,No results,0,0,41872099.5555274,37036610.7300736,32093892.2987736,151771393.580353,54355025.4155525,87503314.3666946,26982962.8202306,39800100.7880941,54430596.8791999,132327182.94646,44341550.5528539,37127588.86388,52095728.3563627,101842857.391841,49722532.5823646,26109877.0904242,43024091.1303557,42927180.6962828,29346661.799518902,18187872.7060723,30200597.0218186,120627052.451005,40735606.3064137,20194104.27469,84154963.615155,59855560.3027688,42251119.5772377,21939508.3814153,73418422.2141013,141685819.736269,17768568.1054774,24826064.4603456
FT_6.808_160.84182,MW_161.84909@RT_6.808,NA,NA,161.84909,160.84182,6.808,NA,NA,NA,NA,No results,No results,No results,0,0,7555323.48862848,5251132.30408488,7980734.56897047,8500084.71246487,11193931.6841346,6657847.46408397,7544008.28261172,9532715.66359381,13223007.9747419,7308116.15257953,12410202.4740642,8478420.08442061,12727132.9819203,13356951.3994169,4244842.60596695,15109264.6863518,4253658.37801789,4390577.61651041,7020999.54054543,10649331.7479261,7798157.99976285,12504972.5806493,7406072.81387324,10472757.2568852,6371437.38131491,6633298.08339675,4843080.31371167,4476870.2511651,6420071.22022847,11467240.5148114,3018192.63042154,4767222.30923298
FT_14.760_159.97896,MW_160.98624@RT_14.760,NA,NA,160.98624,159.97896,14.76,NA,NA,NA,NA,No results,No results,No results,0,0,30687379.2245772,27695270.5441022,24815218.3174353,112468252.280957,41207688.9976517,65784404.3409054,20955540.2937961,30248758.0699656,39739430.6923335,99554131.8072436,32989955.1265938,28395620.4462588,39439465.0472591,76351460.7977786,37479127.855077,20686775.627963,32669076.8874334,32817721.0609371,22711858.9104142,15148344.6222731,23220480.9076863,90714638.9573203,29536898.1905745,15099340.9598496,64487178.6066824,46355551.8579528,31312034.5690826,17426756.1756974,53896680.4738754,107622326.370582,13682609.5818225,19448601.0259756
FT_14.760_158.97849,MW_159.98576@RT_14.760,NA,C H4 O9,159.98576,158.97849,14.76,159.98553,NA,NA,NA,Full match,No results,No results,0,0,262155819.702973,233557393.657857,204518102.913481,946358988.873638,341957015.008575,534074795.966928,173917711.199963,249797179.453146,333818431.403477,833896804.63736,285297102.724228,236119028.645748,324518603.260746,651338990.354773,314260293.534161,172219979.269169,274148865.668771,272824577.354545,186253597.729019,126067103.23809,191137783.393966,756881005.046177,253031992.688811,125959068.281924,535900594.17768,383156183.383117,263990997.301263,143268908.683537,456036730.097575,897405388.530441,111514142.622067,161196774.278415
FT_10.775_157.06179,MW_158.06907@RT_10.775,NA,C6 H10 N2 O3,158.06907,157.06179,10.775,158.06914,NA,NA,NA,Full match,No results,No results,0,0,2076214.75262406,2277865.09515579,4778825.89153689,5146588.4581015,4436622.55196398,4847860.79699623,8402256.01460002,4502100.15543345,4277851.48191746,3711908.79684829,3346180.24418823,3969141.58868288,4111792.9611395,3464106.0208152,1941626.20105317,2816883.75981183,3254293.01991186,3145591.8335202,2185592.02817426,2330598.97490246,5871076.95660579,6494137.72566358,2556992.54401278,2121447.28256707,3689601.08649651,2108166.62210279,4157023.44217305,4770806.83287353,8590184.82534732,9285329.3482192,2564829.77952094,5288282.84840876
FT_1.978_157.05057,MW_158.05784@RT_1.978,NA,C7 H10 O4,158.05784,157.05057,1.978,158.05791,NA,NA,NA,Full match,No results,No results,0,0,18820421.3345455,45118907.6298445,20922838.3455091,58496591.099792,33974099.4455612,54304141.9868977,19886705.9079109,51280622.7450416,57701905.9876058,35745024.7235728,22038529.7579776,27230702.2803774,44611311.2052507,33880330.363369,17141229.4825786,16835925.1036672,34187145.5385141,53631318.6223186,29191917.5697453,33427582.5108254,40657955.1393934,32733235.9487847,16548190.0256422,17432655.7707889,74249610.3008913,59478788.9356488,32754155.2190944,29768877.2800066,43429339.3839502,56639229.5326526,9954579.3808562,20502882.7712233
FT_4.979_157.03665,MW_158.04393@RT_4.979,Allantoin,C4 H6 N4 O3,158.04393,157.03665,4.979,158.04399,99,NA,NA,Full match,No results,Full match,0,1,1664926.78229459,1385296.67495105,15384850.183373,2490545.2860007,2269368.68237215,8214166.34177146,14306237.274206,3417038.26102242,2503083.30589209,1548283.53826773,2756219.61847353,1078396.87172017,1509505.94928863,1481907.19914339,1322614.27046608,2531074.36667407,2893803.1688663,2925164.33482882,1585048.44126668,1503129.17572264,1567506.70215164,3353506.69249565,3425981.41838093,1608882.95284491,10767177.0114261,1810617.9909296,2985609.36994232,4648443.82089199,5370498.13426062,29448620.2777073,15753675.4658857,4373717.45865416
FT_2.243_155.03505,MW_156.04232@RT_2.243,NA,C7 H8 O4,156.04232,155.03505,2.243,156.04226,NA,NA,NA,Full match,No results,No results,0,0,3927314.16541908,11392426.5075202,5881517.45561753,13909387.9684643,9835514.94773342,11547844.5333757,5318768.03274452,11706738.4547195,16228385.2579389,10093214.1423048,5585162.2884859,6340990.10269422,12080062.3793379,9524080.54918278,4816953.11724843,4521770.3884669,8586639.07856151,14486749.7219348,7801649.39441823,9790957.8917399,10585697.2983147,9492461.67656716,4625909.7215241,4717613.08644611,18752049.4051853,14350123.0636697,9385243.08958715,7089694.00542233,10251609.4253744,10995913.0724508,3920794.73076324,4565231.52563799
FT_2.350_155.03503,MW_156.04231@RT_2.350,NA,C7 H8 O4,156.04231,155.03503,2.35,156.04226,NA,NA,NA,Full match,No results,No results,0,0,1628760.60546064,5917641.83170485,2109075.81294586,6243755.74247546,4019535.65778251,5038344.88929264,1162206.2905148,3521995.11314242,7025403.37853581,3377785.20900153,1916051.6616298,2379168.43087128,4690272.32276562,4493627.77957514,1880792.93440055,4521770.3884669,4488788.76924611,7101692.94435105,3527190.24438304,3193138.08921415,5235812.09031963,3952599.85542541,1903178.1311796799,3194516.85781511,6969486.86891007,6904258.48120656,1648126.18705297,2474134.13240145,4326227.70889441,7088697.38226248,3920794.73076324,2337680.18549501
FT_6.811_154.86879,MW_155.87607@RT_6.811,NA,NA,155.87607,154.86879,6.811,NA,NA,NA,NA,No results,No results,No results,0,0,5903927.81928154,3305914.90382813,5042340.21841267,6688000.3073747,8388777.81289922,4441124.56374978,4228545.84828176,6934455.2367358,10076349.3760618,5449932.76414715,8676463.99155318,6067125.13878283,10223680.1918691,9941493.49454965,2895323.77792174,10298100.5088868,3070909.59787169,3171932.1396485,5441667.70699324,8520163.76247096,6015408.67213122,9167247.63809755,5082762.59323685,8318064.50227751,4432382.29432187,5684177.67123118,3149602.4545324,3727344.57175718,3821278.92822488,10292894.7155632,2358230.71409068,3715937.18201665
FT_6.808_153.86863,MW_154.87591@RT_6.808,NA,NA,154.87591,153.86863,6.808,NA,NA,NA,NA,No results,No results,No results,0,0,46236266.4502485,26826962.151392,40556369.910799,51381001.6856635,69124846.6744578,35777833.1772411,47352869.9552048,55059741.9584997,82395473.3816703,45047024.2789767,73860006.5580216,50658562.6603876,82697451.8873661,81738627.6867459,24840000.8156867,86447095.6975026,24261539.0039094,25948320.5490761,42787680.661749,66738123.1661842,46510889.829678,76438044.1680278,42833590.0342006,67961391.1005808,39015657.1287364,43709483.4751985,25845511.4502124,27382392.8890265,32973858.3273927,79930559.8090749,18508612.1698308,31189433.3944842
FT_7.117_152.03873,MW_153.04601@RT_7.117,NA,C4 H11 N O3 S,153.04601,152.03873,7.117,153.04596,NA,NA,NA,Full match,No results,No results,0,0,1122718.93663374,4280688.28702234,6692336.44616834,11709442.1735009,3312524.76361473,2963648.9989568,4907800.98102019,4045008.63171472,3516730.86010753,3750985.55782678,5152201.91974439,3802072.25064616,3922305.72533312,2746407.33809062,3148909.82091965,3094329.91267621,3703644.39262596,2116234.32198516,2825284.16488636,2793268.42604891,1968828.9280985,3073258.97488441,3544217.06794856,2636094.27148688,5261523.47684918,3609181.86693401,3797423.74066416,2687645.3959692,3286469.22469822,5631229.51075447,922446.244042449,4125347.54688793
FT_1.303_151.04002,MW_152.04755@RT_1.303,NA,C8 H8 O3,152.04755,151.04002,1.303,152.04734,NA,NA,NA,Full match,No results,No results,0,0,1868246.61073365,4578381.53397292,3874248.27888596,4067783.62577667,2392738.4914622,3408198.87705605,1545785.82467448,8398270.67838053,4111431.65303195,1265949.98428596,1582470.96435016,1627064.0816308,2798437.37291716,2364140.23508244,900986.032577225,3626176.61783605,2505613.19271673,3013202.30853384,1660127.89841239,4933184.0986765,2395917.62847294,1653994.76901656,1119564.74155013,1602517.30797047,6077533.79275394,5584443.55963554,1973032.89207027,2209709.49538979,5140637.36812856,2370881.96753024,1453184.17704961,5356698.53266914
FT_1.640_151.03998,MW_152.04726@RT_1.640,4-Acetylresorcinol,C8 H8 O3,152.04726,151.03998,1.64,152.04734,94.1,96.5,NA,Full match,Partial match,Full match,10,1,17738365.4313737,26385679.1494637,12417599.1319768,42443029.5308548,20171754.4545926,41143726.7988653,9177511.82412998,28182980.8882264,28207053.5590664,29814977.6046916,16727473.4507583,15140722.7175951,26697892.0368708,28514732.1057024,12954948.1131282,13595910.8890378,26094836.43942,25093812.3863682,16613785.9598707,22385234.0604302,23621649.0964048,26618463.792133,11097021.0974306,14763814.8638527,35663191.8105259,29763129.4297636,19738806.8131607,22919589.8544047,26808336.4859599,43603826.2960976,12564323.423629,20311364.5678718
FT_3.025_147.06635,MW_148.07363@RT_3.025,Mevalonic acid,C6 H12 O4,148.07363,147.06635,3.025,148.07356,NA,62.2,NA,Full match,Full match,No results,1,0,1438434.81433142,2946281.14252613,2014438.46124666,10239161.772661,2872018.49338816,7797801.50966279,1517239.82701186,6668620.69729738,3886365.8208629,4417789.0297171,2581197.54933388,2118417.81763161,3498816.20892219,4491868.41132999,1427282.4554489,1343003.96422159,3380344.51700161,5063175.95087956,1653292.74015886,2124915.26155241,2135746.45152619,2597182.6439262,1124361.32790812,1029962.02240859,6848358.23987529,4244945.65782567,2809180.18878323,2575134.99879346,4224677.49460776,8288824.9878766,856161.113427556,1961220.59206998
FT_2.312_146.96601,MW_147.97328@RT_2.312,NA,NA,147.97328,146.96601,2.312,NA,NA,NA,NA,No results,No results,No results,0,0,190312891.336836,111315821.016581,146206816.904397,112575897.859856,148247870.401061,131394168.393555,149075061.679415,190135960.996272,135208452.188375,148652160.383381,184748226.24312,204166641.145922,134873727.182983,121297470.091675,177643184.307662,229703839.911055,115462923.465767,93633080.240005,132967898.088607,129645692.248888,115132104.448498,99700424.9696684,144948007.87225,119496774.57512,93185569.030488,120590887.467008,170165447.755787,184537911.268701,123895567.925776,98371967.2059635,107881433.758153,181329247.43837
FT_7.683_146.92628,MW_147.93356@RT_7.683,NA,NA,147.93356,146.92628,7.683,NA,NA,NA,NA,No results,No results,No results,0,0,195387.352921776,4505112.18458074,1830989.28444619,4661010.23553352,2195115.77061148,5481213.30497628,87007.2473407218,1468302.55699839,1419220.98680519,4562948.5687301,2340942.33092079,2135624.69874251,1428427.82959606,576460.668826114,1555342.20590865,66657.3071758728,1387780.87441868,1324606.68395061,506161.759877064,64240.2369376058,63736.8298078948,466816.401451292,359282.677228059,57507.1389784897,3625077.31226264,1498545.68195668,1646994.09660812,63187.2812986064,3418439.40748851,5782585.23058523,61199.2526765908,533831.397491943
FT_12.049_146.04593,MW_147.05321@RT_12.049,D-Glutamic acid,C5 H9 N O4,147.05321,146.04593,12.049,147.05316,93.9,93.3,NA,Full match,Partial match,Full match,4,2,6880626.14923102,8117545.51662371,18835095.7279524,19782135.2392929,15442293.9720691,13587261.5947877,24092900.3606761,13283828.8960774,15248377.6978185,7033723.68966661,11729799.6544472,17125271.5202064,12341413.041299,10163516.121217,11577557.5863647,10204755.1141053,12477675.2918844,13260027.187737,7972629.58351678,10375905.3931955,15116720.5748111,27706924.771648798,18293946.4809033,9082630.16599927,11545295.0367605,5660015.94714294,8552807.74603786,9133671.78779864,20686689.0794649,32456168.9728615,5586732.888217,15740145.2182477
FT_7.835_141.03065,MW_142.03792@RT_7.835,5-(Hydroxymethyl)uracil,C5 H6 N2 O3,142.03792,141.03065,7.835,142.03784,61,98.1,NA,Full match,Partial match,Full match,1,1,805487.653792569,2409472.94854218,3859444.69648652,12016634.3533782,2013364.82878597,5991011.03289926,2147151.60664773,2067555.66814192,2351699.14926097,3237806.01513415,4156641.89004448,901866.344419123,2782647.16433493,2444144.98924454,2491471.84924823,468610.446778523,2418619.63433202,1623879.30015392,1450002.65043899,1179093.94588234,786157.946140214,2045869.46710542,1176014.90478162,762104.866278975,4237163.7577086,2083912.29055615,2482234.45907582,1114079.31267087,5696083.64309062,11383659.0400607,1102245.12261762,3223476.88626978
FT_3.216_137.03571,MW_138.04299@RT_3.216,5-Aminonicotinic acid,C6 H6 N2 O2,138.04299,137.03571,3.216,138.04293,NA,71.4,NA,Full match,Full match,No results,5,0,1532475.62935361,1313633.0206636,3368101.46197174,8549848.08613631,2337736.79392762,4512755.90850956,4968467.35934346,1680597.44026238,2196427.28805173,3071376.48208809,6114554.82350139,1605938.19395418,2017225.73021356,2044700.16209965,3477204.54821262,1170507.64245789,4311790.11967373,2428059.57273038,1948007.88905712,6831846.57227723,1672891.85114409,2249060.84200157,2366024.65623365,1847403.8886397,3713400.935197,2276177.18701793,5468935.62405461,2926529.73352839,7522448.1175311,8930690.6045615,2318545.65477471,4167994.44900305
FT_2.041_137.03571,MW_138.04298@RT_2.041,5-Aminonicotinic acid,C6 H6 N2 O2,138.04298,137.03571,2.041,138.04293,NA,99.1,NA,Full match,Full match,No results,5,0,6503821.69065055,1855065.30782061,2214755.42002832,34538056.5102809,1618166.89228347,1459047.79293872,1643076.70359154,1721514.83414456,5855682.98603456,2209514.20813294,177371554.330155,8975146.16087087,821781.587752292,563093.591485205,857309.564946652,719682.327973466,9220942.58407939,3204641.16799524,8731042.24995479,201893496.96297,3839301.69323816,3694069.78906199,8594663.13034022,11923744.6382084,1073376.93571676,2471397.75747635,2013016.5034592,1143006.31664236,1232583.17967476,2068335.17258654,1174926.69628196,1557266.97451819
FT_2.340_134.89472,MW_135.90200@RT_2.340,NA,NA,135.902,134.89472,2.34,NA,NA,NA,NA,No results,No results,No results,0,0,122208894.067721,53210390.1676243,94732791.1497963,116930023.212285,225690512.805553,110435766.031037,69651953.6807195,100712401.879843,53705256.2905235,77891012.4487984,116653892.582711,80109329.4900199,97747766.8596786,112115876.443363,69870394.5513165,109726248.329613,109110201.064528,224348590.761144,116226934.497293,200534204.030865,136522203.6684,87447126.7018374,108992796.758951,91753187.1972085,82964115.5553348,167948697.908495,257113853.44921,116600964.155391,110031958.810123,81695499.5266472,98128664.0979854,96891054.6850163
FT_3.331_134.04729,MW_135.05456@RT_3.331,Adenine,C5 H5 N5,135.05456,134.04729,3.331,135.0545,73.9,89.2,C00147,Full match,Full match,Full match,1,1,1960372.36493563,1647702.36180206,7623629.46189342,4357307.64527927,2868071.23834278,3564113.19627125,5100724.06850816,2308162.23277737,2289792.11580083,1816339.43619274,14057468.7271657,1740679.55128285,1898117.04074513,8043972.44734388,3462039.86549379,1905083.84994969,1857088.01862598,7717864.27055296,1384619.68134384,2336012.98049847,7629450.36043684,16440708.8274601,7388330.42342135,2671599.76446191,3033064.70367832,2980670.03977309,3923169.57199095,4635483.41427508,4121492.01852302,7299502.47225652,1818158.38674147,4009916.01744122
FT_14.753_132.92351,MW_133.93079@RT_14.753,NA,NA,133.93079,132.92351,14.753,NA,NA,NA,NA,No results,No results,No results,0,0,118844552.838781,60380280.5331385,45346016.9014425,320219251.479565,84781842.5023127,126473762.560616,61269093.3411075,68874730.1691788,83278698.4442195,173938865.927861,69032736.4566953,119933604.112513,97453583.0505169,148223279.964297,78995772.1132067,52262368.2408132,132140157.640747,123567503.327721,65624347.2666404,82638800.2190795,126406869.152849,159173765.007218,61232783.9547953,36097978.0556485,190696326.585901,144053758.514973,122530720.08657,50695687.0869969,184179279.18994,313028167.895841,103213631.342861,57046245.0663457
FT_16.007_132.92352,MW_133.93079@RT_16.007,NA,NA,133.93079,132.92352,16.007,NA,NA,NA,NA,No results,No results,No results,0,0,166337723.680627,154679042.208471,138882337.740636,110968355.004947,167174907.4823,189845153.227549,147443327.191851,304241404.342204,199578866.306919,439535487.756923,174459240.53004,178103499.03445,197481425.877876,193546905.163366,163906928.56173,207698292.574711,153005994.359233,190671641.764235,152985799.006728,162114678.173691,191241494.608282,109615253.675875,182780083.92143,154758421.359804,165089763.375996,131996460.313699,178848315.32745,219761973.189899,123812570.224979,137146175.66126,188124249.141455,214498319.024061
FT_2.673_131.03504,MW_132.04232@RT_2.673,2-Methylsuccinic acid,C5 H8 O4,132.04232,131.03504,2.673,132.04226,95.9,98.3,NA,Full match,Partial match,Full match,3,2,2825823.79048038,4361038.91530634,3829205.78155791,9990435.18212051,6570382.04030931,9478625.09014067,2992198.83237021,6102529.33477583,6172873.857503,4233472.75711124,3104848.34520398,2865027.42187961,5101773.28680426,3857181.97676996,2100145.35846369,2602804.16828006,4135749.09101556,5128040.62725829,2539168.6037027,2148503.86777965,3652114.25868989,4287017.37839327,2568523.94060388,1610003.57933946,8121585.03824034,3938326.58849139,3395509.03844231,3027005.68631243,4948410.13203545,11070003.8983806,1590705.3457774,2598348.24333538
FT_14.760_130.98372,MW_131.99099@RT_14.760,NA,C3 H5 N2 P S,131.99099,130.98372,14.76,131.99111,NA,NA,NA,Full match,No results,No results,0,0,13096308.1658471,11375454.723997,7337762.16920425,42949930.7944182,16054833.8086125,24201182.944393,7918485.4936695,11267212.263469,14903050.4413686,35321182.3043031,12636813.8034582,10100006.2490624,14423931.3516571,27472802.6882728,14090592.9609312,6131080.64190591,12563333.8640251,12714097.8050793,8337018.47095645,5821960.61834062,7007613.11851812,34079205.3797005,12105934.5626656,4355786.52739485,24377840.3021468,17543187.8529245,11866628.7474258,4973547.4970356,21148818.1619108,37245701.2067624,3508981.31924252,6869632.40763541
FT_7.683_130.95772,MW_131.96500@RT_7.683,NA,NA,131.965,130.95772,7.683,NA,NA,NA,NA,No results,No results,No results,0,0,2205853.95141089,7569666.17855908,5036348.4767037,14982062.4548262,5299027.04824334,11387539.4236381,2100172.25517734,4267559.49834017,4133028.65723942,9312747.74755381,5338877.83976447,5539476.96930645,4286336.23557176,5290408.3983611,4326499.47053863,1149994.12070648,4453945.99838866,4297751.26138117,2902620.22634417,1383657.44724548,1102123.49183374,2982165.20877561,2400715.42013727,1402886.47853829,8824511.83754891,5112321.11156229,4966682.49663493,1080003.23527442,7732807.2456265,13716956.9600343,1388411.12639293,2850722.51695968
FT_7.682_128.95964,MW_129.96692@RT_7.682,NA,NA,129.96692,128.95964,7.682,NA,NA,NA,NA,No results,No results,No results,0,0,31326863.7665114,107826924.548021,71241998.0202114,211839337.260871,76963796.7810251,159338255.521166,29871696.6105567,61007169.8892756,58767170.4022356,125180975.597318,77535508.0764578,76530748.1319851,62581355.4347959,71064575.4253853,62573964.6957537,17272228.97978,64156601.7339147,61063690.4639261,42937064.0135132,20357007.6946148,19180711.7781772,43508812.4287437,35953332.0690458,20856591.2822443,120117294.790263,69799171.2448655,67663742.7211702,19777107.9013791,109732542.729291,186004710.878404,23190993.2334573,40643709.1070782
FT_1.844_117.05577,MW_118.06305@RT_1.844,3-Hydroxyvaleric acid,C5 H10 O3,118.06305,117.05577,1.844,118.06299,NA,61.7,NA,Full match,Full match,No results,2,0,3679035.00004777,3960978.45934594,11713554.7499824,16811259.4805682,10822826.3499594,9637687.60012639,25012876.4624358,11330248.5210372,17488282.8732508,18036788.123724,21069236.1854492,16146992.3231281,17729003.2553337,15136578.7260054,16183899.5892614,17493402.5755483,12786803.5880172,6996936.03113567,9066808.80646843,9173724.40173946,4404904.85539697,12348686.9175258,13613297.7872579,6864115.96146169,7122656.07324629,6416819.83036573,7813420.35041123,7309192.46126029,6610174.34256536,16538226.2077343,2234825.52428029,9289338.84778764
FT_1.940_117.05577,MW_118.06304@RT_1.940,3-Hydroxyvaleric acid,C5 H10 O3,118.06304,117.05577,1.94,118.06299,NA,77.5,NA,Full match,Full match,No results,2,0,6429402.99532538,13957675.3572505,7755837.57556152,23157970.3236022,12682012.7236633,18414064.0655501,9818828.78708615,18783264.5591077,19451185.1969791,14071259.3387282,11956199.2504945,13209797.0274524,18278719.5735431,16174616.262015,7975349.96257535,8614413.58848923,14169000.4814082,21560643.9633058,11471608.6386089,11073705.7008488,14591327.8457817,12230098.0673748,7633984.76236654,5606142.63865581,25446666.2573231,14452287.3477593,9674189.7499152,11153271.9842766,15984895.9860571,21800647.1702537,4137136.19568478,8575695.24705311
FT_3.571_117.01938,MW_118.02666@RT_3.571,Succinic acid,C4 H6 O4,118.02666,117.01938,3.571,118.02661,87.5,87.2,NA,Full match,Partial match,Full match,3,1,9986132.00635741,7806394.64690875,27580670.2089937,27208474.3889212,20897616.3130917,20005803.9517512,20247013.053077,14803902.6298614,13046065.3061016,16844885.2382039,15367465.4983163,10652986.4481507,15773545.4650836,15354334.0248778,13808352.5762679,11217554.5505465,14971075.041634,21407369.1141569,8686976.16947939,9429332.69508941,12439940.8744638,48908522.939639,29966607.5422497,8031301.92909397,15371729.3489475,8706452.60586146,14319566.7280343,9750640.09785228,19396707.4705931,72402552.7087157,12927230.9152591,19638394.2395922
FT_2.051_115.04012,MW_116.04739@RT_2.051,Levulinic acid,C5 H8 O3,116.04739,115.04012,2.051,116.04734,57.6,NA,NA,Full match,No results,Full match,0,1,1557057.26755443,3132973.19006071,1884674.14857536,8394029.53829581,2324628.62580154,9387112.15909269,1211137.42406269,4107745.888463,3940793.10388225,3056831.25667601,2238823.4707807,2407389.85777047,4643143.85677515,4007074.00177026,1649205.84909069,1972123.21412332,4692756.50668649,5013420.63878366,4361222.94821934,1801474.49283888,2755882.64911423,2133878.66310535,3686892.72250563,1441838.26233458,7990965.22106232,4800210.31713291,7434682.74429198,3733871.63553176,5541868.16572885,8423157.9669087,1690069.62122196,2163318.26107992
FT_1.848_115.00373,MW_116.01100@RT_1.848,Maleic acid,C4 H4 O4,116.011,115.00373,1.848,116.01096,97.5,96.3,D02308,Full match,Full match,Full match,2,1,2703221.91578293,2879217.80299138,2165796.98451088,4957893.05508614,22015240.5052807,7554587.94818596,7319886.6420471,5825556.29082301,15436019.3664289,2569389.8110337,1539055.40518811,4807735.97006836,4448642.67754132,7840646.71699924,1881969.16927905,3531487.47856354,2687724.51361125,2562589.27251941,49465361.9543188,6880678.78394332,2575097.53303782,10159487.5588925,3956217.92768181,5050552.25520185,4525395.10671803,3294981.66721684,16934113.1322072,1632867.73199308,18465696.8446226,11763151.6384936,20090226.0403711,3132941.69492965
FT_14.754_114.98873,MW_115.99601@RT_14.754,NA,NA,115.99601,114.98873,14.754,NA,NA,NA,NA,No results,No results,No results,0,0,21177467.5475179,19218284.3251252,14359494.0388271,79579073.4711702,28752316.8603084,44599724.5539607,12739779.9466234,21233339.6918297,26374809.5605453,71231375.1776998,23706567.1653694,19506339.4940965,27403738.1943455,53365373.003714,25290128.0091688,14865814.2881157,23079722.839041,21939331.4059581,15696750.7144131,9245752.64113862,16299922.3423385,67188079.912839,22331936.6451845,10304035.2394403,45697354.2847737,32493913.7537587,19369438.0326639,11680061.6613233,40905581.9457838,76955292.6512634,7409965.82341412,12953570.2165726
FT_1.978_113.06086,MW_114.06813@RT_1.978,NA,C6 H10 O2,114.06813,113.06086,1.978,114.06808,NA,NA,NA,Full match,No results,No results,0,0,1790536.95350718,4578334.49669535,2180642.04797172,5722668.57195639,3454954.72590621,5954387.34498498,1827795.3992427,5386469.8230705,5823003.33161503,3481772.03652596,2097051.05583812,2729820.82889479,4424496.38754763,3323515.0522119,1631436.04891542,1639896.35725474,3371165.50729339,5546390.37309992,3103947.16296597,3467248.46341234,4728676.26836036,3442162.61159049,1805491.27002881,1861276.49304936,7893554.8910141,6412650.13635548,3425171.75896163,3239947.0918345,4281620.66569555,6196760.58435896,1049087.5392762,2110903.694401
FT_2.740_113.02448,MW_114.03175@RT_2.740,Glutaric anhydride,C5 H6 O3,114.03175,113.02448,2.74,114.03169,NA,75.4,NA,Full match,Full match,No results,1,0,2432454.49865314,6195157.17932064,3246979.80105381,16504930.2817745,4737259.93077751,9985524.84759988,1766726.52682175,5173820.17972406,7636785.67733403,3330622.06904884,2614967.10998571,2267307.85274306,8276459.09675262,2773133.72813232,2769296.74496874,1941195.20425642,6784763.9476206,5662684.40108618,5463187.2167614,2156660.83984716,4041266.6159777,2419744.26431295,1407924.09513483,1603067.45473867,16805931.6864593,6362692.53422103,5612539.85385683,4299509.64754138,9284869.12355667,15146151.7958831,1944464.2869791,2350458.20746799
FT_2.246_103.04010,MW_104.04738@RT_2.246,3-hydroxybutyric acid,C4 H8 O3,104.04738,103.0401,2.246,104.04734,97.5,97.1,NA,Full match,Partial match,Full match,1,1,41049327.3414122,48927774.8795591,155724574.181681,184120235.579407,151666427.964051,91627015.2236319,385354369.887155,136212973.043239,272610256.437821,255591095.924877,291192666.732543,233430941.178084,259807828.516384,255285796.899848,255564276.185987,259066448.719473,184810223.675666,73012955.7089735,141437664.160021,147718238.958841,49700128.6834181,147432171.56352,195393776.82722,99985417.7092303,69796767.0115897,73080152.2952334,95703795.4417373,88730377.1376364,93982437.7684848,170086658.560146,31401293.1680801,131796599.820515
FT_3.028_103.04009,MW_104.04737@RT_3.028,2-Methyllactic acid,C4 H8 O3,104.04737,103.04009,3.028,104.04734,62.2,93,NA,Full match,Partial match,Full match,2,1,122914413.456519,174791331.496798,125479355.189129,367481162.672235,194369972.970877,309832224.913584,185807619.650154,245992052.691653,307474571.082515,339926808.294815,209805647.911499,186695543.882486,251088082.541052,344027281.584988,181139609.251731,146563166.861043,223880069.840455,299150890.627091,174809298.798238,178361097.88564,185745767.014099,257514189.332848,127174156.898279,121012534.918314,333531874.951648,257033351.214048,161126111.344708,176433277.093808,229080398.880145,310849638.844398,103744300.224062,151005455.037067
FT_2.491_103.04008,MW_104.04736@RT_2.491,3-hydroxybutyric acid,C4 H8 O3,104.04736,103.04008,2.491,104.04734,89.4,92.1,NA,Full match,Partial match,Full match,2,1,22387967.2312647,41297227.8823988,30529694.0085117,56810057.1924994,44406108.1148371,46634067.2744892,44274416.6587008,41251463.4427175,58243867.529943,49113668.2252845,48240656.7955931,34476273.40312,49955694.6782822,48417538.8574582,36302026.67458,33159440.3615817,40148271.792398,42001258.8543596,28244431.6280202,29557650.6910937,36449563.6206297,34639632.347992,24385510.5549771,20873899.3500551,56978421.7360725,49728901.7491826,22656625.4346556,29051561.8495786,36533584.0057216,41271061.7564342,15442720.4837907,27419586.1341203
FT_14.985_96.96012,MW_97.96740@RT_14.985,NA,NA,97.9674,96.96012,14.985,NA,NA,NA,NA,No results,No results,No results,0,0,236100595.790771,127750833.300515,226171984.966437,245199205.242677,302228061.258999,336223839.178147,199516579.922052,326845840.981951,423369703.719042,178074827.136416,183298468.51095,207148824.602717,207132809.972152,237002022.742261,125873511.082572,362261361.47427,198015382.486406,102897096.987663,109181893.058335,112783485.792947,206205372.533057,233306954.354034,200809828.1017,165175594.630628,129697899.441804,109386296.514381,136455825.077998,163974529.254796,141217183.782554,312850939.497937,91967743.6325095,156754332.78286
FT_6.807_92.92804,MW_93.93532@RT_6.807,NA,NA,93.93532,92.92804,6.807,NA,NA,NA,NA,No results,No results,No results,0,0,5649388.32455638,2989769.80542217,5290545.28777097,7066642.6558987,11064449.4874597,4367866.87095094,6129934.38723496,7125013.40469737,12564732.4215673,5584076.84222245,12586080.2862098,6082156.41048539,13002539.1168624,13258128.8241208,2750002.99675329,15390503.5851888,2344908.64290767,3111602.27618939,4395420.19830824,9072082.79130192,5462426.6191969,11740550.0075586,4842153.75608577,10144317.0608538,4790385.05397426,5146912.97469035,2673337.00583046,3274908.47221147,3587534.1303209,12852345.5138067,1782501.76054395,3402521.34452202
FT_2.215_83.02511,MW_84.03238@RT_2.215,NA,C3 H4 N2 O,84.03238,83.02511,2.215,84.03236,NA,NA,NA,Full match,No results,No results,0,0,5069370.36048876,6523239.66973958,4175747.24777403,9840049.73459295,5936854.92743837,6711762.25295095,4394934.45106558,5779791.51980267,6592528.34605639,9211447.34196209,5268337.98198057,5081080.09483625,6286405.2223051,7067960.53988404,4496717.53442311,4496507.43650554,6906913.27702519,5633655.50871768,4060388.45252968,4533171.71971513,5327704.15578552,7118554.96083158,4530834.56044122,3944100.29638549,7033585.41662525,5958868.15548791,4091333.6439212398,4645180.03462194,6652191.19167352,7859243.79080374,3988077.13691336,4949315.16863508
