FeatureID,Name,Formula,Annotation_level,use_Sirius_class,molecularFormula,adduct,precursorFormula,NPC#pathway,NPC#pathway Probability,NPC#superclass,NPC#superclass Probability,NPC#class,NPC#class Probability,ClassyFire#most specific class,ClassyFire#most specific class Probability,ClassyFire#level 5,ClassyFire#level 5 Probability,ClassyFire#subclass,ClassyFire#subclass Probability,ClassyFire#class,ClassyFire#class Probability,ClassyFire#superclass,ClassyFire#superclass probability,ClassyFire#all classifications
FT_1.011_413.08803,no name,C21H18O9,L3.1,yes,C21H18O9,[M - H]-,C21H18O9,Polyketides,0.6872400641441345,Aromatic polyketides,0.6525278091430664,Depsidones,0.40288782119750977,Chromones,0.5490677952766418,Chromones,0.5490677952766418,1-benzopyrans,0.3605562448501587,Benzopyrans,0.5160305500030518,Organoheterocyclic compounds,0.8528464436531067,Organic compounds; Organoheterocyclic compounds; Ketones; Benzopyrans; Phenols; Chromones; Benzoic acids and derivatives; Ethers; Phenylpropanoids and polyketides; Organic acids and derivatives; Carboxylic acids and derivatives; Organooxygen compounds; Dicarboxylic acids and derivatives; Salicylic acid and derivatives; Carboxylic acid derivatives; Carboxylic acid esters; Hydroxybenzoic acid derivatives; Carbonyl compounds; Benzene and substituted derivatives; Benzenoids; Vinylogous acids; Organic oxides; Oxacyclic compounds; Hydrocarbon derivatives; Organic oxygen compounds; 1-hydroxy-2-unsubstituted benzenoids; Chemical entities
FT_1.031_493.18711,no name,C28H30O8,L3.1,yes,C28H30O8,[M - H]-,C28H30O8,Shikimates and Phenylpropanoids,0.7731761336326599,Isoflavonoids,0.35258886218070984,Isoflavanones,0.3009921908378601,Flavonoids,0.5157642960548401,NA,NA,NA,NA,Flavonoids,0.5157642960548401,Phenylpropanoids and polyketides,0.7613000273704529,Organic compounds; Organoheterocyclic compounds; Ketones; Benzopyrans; Alkyl aryl ethers; Phenols; Chromones; Ethers; Phenylpropanoids and polyketides; Organic acids and derivatives; Carboxylic acids and derivatives; Organooxygen compounds; Flavonoids; Carboxylic acid derivatives; Carboxylic acid esters; Benzenediols; Carbonyl compounds; Benzene and substituted derivatives; Benzenoids; 1-benzopyrans; Aryl ketones; Aryl alkyl ketones; Vinylogous acids; Organic oxides; Oxacyclic compounds; Hydrocarbon derivatives; Organic oxygen compounds; 1-hydroxy-2-unsubstituted benzenoids; 1-hydroxy-4-unsubstituted benzenoids; Chemical entities
FT_1.084_545.21901,no name,C32H34O8,L3.1,yes,C32H34O8,[M - H]-,C32H34O8,Shikimates and Phenylpropanoids,0.6401858925819397,Isoflavonoids,0.53415846824646,Sorbicilinoids,0.38882189989089966,Chromones,0.5087827444076538,Chromones,0.5087827444076538,1-benzopyrans,0.5580406188964844,Benzopyrans,0.5268688797950745,Organoheterocyclic compounds,0.7066946029663086,Organic compounds; Organoheterocyclic compounds; Ketones; Benzopyrans; Phenols; Chromones; Organic acids and derivatives; Organooxygen compounds; Benzenediols; Carbonyl compounds; Benzene and substituted derivatives; Benzenoids; 1-benzopyrans; Vinylogous acids; Organic oxides; Oxacyclic compounds; Hydrocarbon derivatives; Organic oxygen compounds; 1-hydroxy-2-unsubstituted benzenoids; 1-hydroxy-4-unsubstituted benzenoids; Chemical entities
FT_1.089_395.11395,no name,C22H20O7,L3.1,yes,C22H20O7,[M - H]-,C22H20O7,Polyketides,0.5757461190223694,Naphthalenes,0.3345412313938141,Azaphilones,0.20380477607250216,1-benzopyrans,0.5128006339073181,NA,NA,1-benzopyrans,0.5128006339073181,Benzopyrans,0.6202787160873413,Organoheterocyclic compounds,0.8605012893676758,Organic compounds; Organoheterocyclic compounds; Pyrans; Ketones; Benzopyrans; Alkyl aryl ethers; Phenols; Ethers; Organic acids and derivatives; Organooxygen compounds; Carbonyl compounds; Benzenoids; 1-benzopyrans; Organic oxides; Oxacyclic compounds; Hydrocarbon derivatives; Organic oxygen compounds; Chemical entities
FT_1.089_543.20250,no name,C32H32O8,L3.1,yes,C32H32O8,[M - H]-,C32H32O8,Shikimates and Phenylpropanoids,0.8491921424865723,Flavonoids,0.6931139230728149,Chalcones,0.4422129988670349,4'-hydroxyflavonoids,0.6241329908370972,4'-hydroxyflavonoids,0.6241329908370972,Hydroxyflavonoids,0.693433940410614,Flavonoids,0.6754449009895325,Phenylpropanoids and polyketides,0.9267884492874146,Organic compounds; Organoheterocyclic compounds; Ketones; Benzopyrans; Alkyl aryl ethers; Alcohols and polyols; Phenols; Resorcinols; Chromones; Ethers; Phenylpropanoids and polyketides; Organic acids and derivatives; Organooxygen compounds; Flavonoids; Flavans; Benzenediols; Carbonyl compounds; Benzene and substituted derivatives; Benzenoids; 4'-hydroxyflavonoids; Hydroxyflavonoids; 5-hydroxyflavonoids; 7-hydroxyflavonoids; 1-benzopyrans; Aryl ketones; Aryl alkyl ketones; Vinylogous acids; Organic oxides; Oxacyclic compounds; Hydrocarbon derivatives; Phenylketones; Alkyl-phenylketones; Organic oxygen compounds; 1-hydroxy-2-unsubstituted benzenoids; 1-hydroxy-4-unsubstituted benzenoids; Chemical entities
FT_1.092_537.17725,no name,C22H34O15,L3.1,yes,C22H34O15,[M - H]-,C22H34O15,Terpenoids,0.3706683814525604,Monoterpenoids,0.5542464852333069,Iridoids monoterpenoids,0.4420115351676941,Fatty acyl glycosides of mono- and disaccharides,0.5235593914985657,Fatty acyl glycosides of mono- and disaccharides,0.5235593914985657,Fatty acyl glycosides,0.4681366384029389,Fatty Acyls,0.6167420148849487,Lipids and lipid-like molecules,0.7222009897232056,Organic compounds; Organoheterocyclic compounds; Carbohydrates and carbohydrate conjugates; Lipids and lipid-like molecules; Alcohols and polyols; Ethers; Organic acids and derivatives; Carboxylic acids and derivatives; Primary alcohols; Organooxygen compounds; Carboxylic acid derivatives; Monocarboxylic acids and derivatives; Carboxylic acid esters; Hexoses; Monosaccharides; Acetals; Secondary alcohols; Carbonyl compounds; Oxanes; Glycosyl compounds; O-glycosyl compounds; Polyols; Fatty acyl glycosides of mono- and disaccharides; Fatty Acyls; Organic oxides; Oxacyclic compounds; Hydrocarbon derivatives; Organic oxygen compounds; Chemical entities
FT_1.094_479.20668,no name,C28H32O7,L3.1,yes,C28H32O7,[M - H]-,C28H32O7,Polyketides,0.5943092107772827,Meroterpenoids,0.3343549370765686,Tetraketide meroterpenoids,0.5937604904174805,Hydroxybenzaldehydes,0.580210268497467,Aldehydes,0.5074888467788696,Carbonyl compounds,0.8661428093910217,Organooxygen compounds,0.9999912977218628,Organic oxygen compounds,0.999958872795105,Organic compounds; Organoheterocyclic compounds; Ketones; Aldehydes; Alkyl aryl ethers; Phenols; Anisoles; Ethers; Organic acids and derivatives; Carboxylic acids and derivatives; Organooxygen compounds; Carboxylic acid derivatives; Carboxylic acid esters; Benzaldehydes; Carbonyl compounds; Benzene and substituted derivatives; Phenol ethers; Benzenoids; Aryl-aldehydes; Vinylogous acids; Organic oxides; Hydroxybenzaldehydes; Oxacyclic compounds; Hydrocarbon derivatives; Organic oxygen compounds; Chemical entities
FT_1.096_455.17156,no name,C24H26O6,L3.1,yes,C24H26O6,[M + CH2O2 - H]-,C25H28O8,Shikimates and Phenylpropanoids,0.950958788394928,Isoflavonoids,0.8410302996635437,Isoflavanones,0.8742661476135254,8-prenylated isoflavanones,0.5216056704521179,Isoflavanones,0.7435280084609985,Isoflavans,0.7789260149002075,Isoflavonoids,0.7761951684951782,Phenylpropanoids and polyketides,0.9891290068626404,Organic compounds; Organoheterocyclic compounds; Ketones; Benzopyrans; Alkyl aryl ethers; Phenols; Resorcinols; Anisoles; Chromones; Ethers; Phenylpropanoids and polyketides; Organic acids and derivatives; Organooxygen compounds; Benzenediols; Isoflavans; Isoflavanones; Isoflavanols; Carbonyl compounds; Benzene and substituted derivatives; Phenol ethers; Benzenoids; Isoflavonoids; O-methylated isoflavonoids; 1-benzopyrans; 8-prenylated isoflavanones; Aryl ketones; Aryl alkyl ketones; Vinylogous acids; Organic oxides; Oxacyclic compounds; Hydrocarbon derivatives; Hydroxyisoflavonoids; Organic oxygen compounds; 1-hydroxy-2-unsubstituted benzenoids; 1-hydroxy-4-unsubstituted benzenoids; Chemical entities
FT_1.096_497.21822,no name,C27H32O6,L3.1,yes,C27H32O6,[M + CH2O2 - H]-,C28H34O8,Polyketides,0.7138147950172424,Phloroglucinols,0.6098251938819885,Phloroglucinol-terpene hybrids,0.41885966062545776,1-benzopyrans,0.5336241722106934,NA,NA,1-benzopyrans,0.5336241722106934,Benzopyrans,0.42313188314437866,Organoheterocyclic compounds,0.5207856297492981,Organic compounds; Organoheterocyclic compounds; Ketones; Aldehydes; Alkyl aryl ethers; Phenols; Resorcinols; Anisoles; Ethers; Organic acids and derivatives; Benzoyl derivatives; Organooxygen compounds; Benzenediols; Benzaldehydes; Carbonyl compounds; Benzene and substituted derivatives; Phenol ethers; Benzenoids; Aryl-aldehydes; 1-benzopyrans; Vinylogous acids; Organic oxides; Hydroxybenzaldehydes; Oxacyclic compounds; Hydrocarbon derivatives; Organic oxygen compounds; Chemical entities
FT_1.097_497.21815,no name,C28H34O8,L3.1,yes,C28H34O8,[M - H]-,C28H34O8,Polyketides,0.6218635439872742,Meroterpenoids,0.6621143817901611,Tetraketide meroterpenoids,0.6993393898010254,Naphthopyrans,0.5350512266159058,NA,NA,NA,NA,Naphthopyrans,0.5350512266159058,Organoheterocyclic compounds,0.8702751398086548,Organic compounds; Organoheterocyclic compounds; Naphthalenes; Lactones; Pyrans; Ketones; Ethers; Organic acids and derivatives; Carboxylic acids and derivatives; Organooxygen compounds; Carboxylic acid derivatives; Carboxylic acid esters; Naphthopyrans; Carbonyl compounds; Benzenoids; Organic oxides; Oxacyclic compounds; Hydrocarbon derivatives; Organic oxygen compounds; Chemical entities
FT_1.098_313.14510,no name,C19H22O4,L3.1,yes,C19H22O4,[M - H]-,C19H22O4,Shikimates and Phenylpropanoids,0.6161060333251953,Coumarins,0.4212592542171478,Monomeric stilbenes,0.24883529543876648,1-benzopyrans,0.5458301305770874,NA,NA,1-benzopyrans,0.5458301305770874,Benzopyrans,0.5062395930290222,Organoheterocyclic compounds,0.647040843963623,Organic compounds; Organoheterocyclic compounds; Ketones; Benzopyrans; Phenols; Ethers; Phenylpropanoids and polyketides; Organooxygen compounds; Carbonyl compounds; Benzene and substituted derivatives; Benzenoids; 1-benzopyrans; Organic oxides; Oxacyclic compounds; Hydrocarbon derivatives; Organic oxygen compounds; Chemical entities
FT_1.099_327.12382,no name,C19H20O5,L3.1,yes,C19H20O5,[M - H]-,C19H20O5,Shikimates and Phenylpropanoids,0.7787370085716248,Isoflavonoids,0.5906677842140198,Isoflavanones,0.657390296459198,Isoflavanols,0.5481193661689758,Isoflavanols,0.5481193661689758,Isoflavans,0.5612808465957642,Isoflavonoids,0.5051883459091187,Phenylpropanoids and polyketides,0.9508901238441468,Organic compounds; Organoheterocyclic compounds; Ketones; Benzopyrans; Alkyl aryl ethers; Phenols; Chromones; Ethers; Phenylpropanoids and polyketides; Organic acids and derivatives; Organooxygen compounds; Benzenediols; Isoflavans; Isoflavanols; Carbonyl compounds; Benzene and substituted derivatives; Benzenoids; Isoflavonoids; 1-benzopyrans; Aryl ketones; Aryl alkyl ketones; Vinylogous acids; Organic oxides; Oxacyclic compounds; Hydrocarbon derivatives; Organic oxygen compounds; 1-hydroxy-2-unsubstituted benzenoids; Chemical entities
FT_1.099_481.18695,no name,C27H30O8,L3.1,yes,C27H30O8,[M - H]-,C27H30O8,Polyketides,0.6131619215011597,Aromatic polyketides,0.4324990510940552,Phloroglucinol-terpene hybrids,0.14351466298103333,1-benzopyrans,0.5556997060775757,NA,NA,1-benzopyrans,0.5556997060775757,Benzopyrans,0.5620595812797546,Organoheterocyclic compounds,0.846850574016571,Organic compounds; Organoheterocyclic compounds; Ketones; Benzopyrans; Aldehydes; Alkyl aryl ethers; Phenols; Resorcinols; Ethers; Organic acids and derivatives; Organooxygen compounds; Benzenediols; Benzaldehydes; Carbonyl compounds; Benzene and substituted derivatives; Benzenoids; Aryl-aldehydes; 1-benzopyrans; Aryl ketones; Aryl alkyl ketones; Vinylogous acids; Organic oxides; Hydroxybenzaldehydes; Oxacyclic compounds; Hydrocarbon derivatives; Organic oxygen compounds; 1-hydroxy-2-unsubstituted benzenoids; Chemical entities
FT_1.102_347.15021,no name,C19H24O6,L3.1,yes,C19H24O6,[M - H]-,C19H24O6,Polyketides,0.7188910841941833,Chromanes,0.6262827515602112,Azaphilones,0.890286386013031,Benzopyrans,0.5144746899604797,NA,NA,NA,NA,Benzopyrans,0.5144746899604797,Organoheterocyclic compounds,0.9549485445022584,Organic compounds; Organoheterocyclic compounds; Lactones; Ketones; Benzopyrans; Phenols; Benzoic acids and derivatives; Ethers; Organic acids and derivatives; Carboxylic acids and derivatives; Organooxygen compounds; Carboxylic acid derivatives; Monocarboxylic acids and derivatives; Carboxylic acids; Carboxylic acid esters; Hydroxybenzoic acid derivatives; Carbonyl compounds; Benzene and substituted derivatives; Benzenoids; Vinylogous acids; Organic oxides; Oxacyclic compounds; Hydrocarbon derivatives; Organic oxygen compounds; Chemical entities
FT_1.102_371.07739,no name,C19H16O8,L3.1,yes,C19H16O8,[M - H]-,C19H16O8,Shikimates and Phenylpropanoids,0.5929405689239502,Lignans,0.3740341663360596,Depsides,0.5357561707496643,Hydroxycinnamic acids and derivatives,0.5015166997909546,NA,NA,Hydroxycinnamic acids and derivatives,0.5015166997909546,Cinnamic acids and derivatives,0.3071679472923279,Phenylpropanoids and polyketides,0.5540323853492737,Organic compounds; Organoheterocyclic compounds; Alkyl aryl ethers; Phenols; Benzoic acids and derivatives; Ethers; Phenylpropanoids and polyketides; Organic acids and derivatives; Carboxylic acids and derivatives; Organooxygen compounds; Dicarboxylic acids and derivatives; Carboxylic acid derivatives; Carboxylic acids; Carboxylic acid esters; Benzenediols; Hydroxycinnamic acids and derivatives; Carbonyl compounds; Benzene and substituted derivatives; Benzenoids; Organic oxides; Oxacyclic compounds; Hydrocarbon derivatives; Organic oxygen compounds; 1-hydroxy-2-unsubstituted benzenoids; 1-hydroxy-4-unsubstituted benzenoids; Chemical entities
FT_1.103_343.15545,no name,C20H24O5,L3.1,yes,C20H24O5,[M - H]-,C20H24O5,Shikimates and Phenylpropanoids,0.53133624792099,Flavonoids,0.2157333791255951,Chalcones,0.33749711513519287,Anisoles,0.548435628414154,NA,NA,Anisoles,0.548435628414154,Phenol ethers,0.5915537476539612,Benzenoids,0.9884911775588988,Organic compounds; Organoheterocyclic compounds; Ketones; Alkyl aryl ethers; Phenols; Anisoles; Ethers; Phenylpropanoids and polyketides; Organic acids and derivatives; Benzoyl derivatives; Organooxygen compounds; Benzenediols; Carbonyl compounds; Benzene and substituted derivatives; Phenol ethers; Benzenoids; Aryl ketones; Vinylogous acids; Organic oxides; Oxacyclic compounds; Hydrocarbon derivatives; Organic oxygen compounds; 1-hydroxy-2-unsubstituted benzenoids; 1-hydroxy-4-unsubstituted benzenoids; Chemical entities
FT_1.105_437.16079,no name,C25H26O7,L3.1,yes,C25H26O7,[M - H]-,C25H26O7,Shikimates and Phenylpropanoids,0.7633403539657593,Isoflavonoids,0.7391484975814819,Isoflavones,0.6158764958381653,6-prenylated isoflavanones,0.7704324722290039,Isoflavanones,0.8214647173881531,Isoflavans,0.794685423374176,Isoflavonoids,0.7409033179283142,Phenylpropanoids and polyketides,0.7434656023979187,Organic compounds; Organoheterocyclic compounds; Pyrans; Benzopyrans; Alkyl aryl ethers; Alcohols and polyols; Phenols; Anisoles; Chromones; Ethers; Phenylpropanoids and polyketides; Organic acids and derivatives; Organooxygen compounds; Pyranones and derivatives; Isoflavones; Benzenediols; Isoflavans; Tertiary alcohols; Isoflavanones; Benzene and substituted derivatives; Benzenoids; Isoflavonoids; Isoflav-2-enes; 1-benzopyrans; 6-prenylated isoflavanones; 8-prenylated isoflavanones; Vinylogous acids; Organic oxides; Oxacyclic compounds; Hydrocarbon derivatives; Hydroxyisoflavonoids; Organic oxygen compounds; 1-hydroxy-2-unsubstituted benzenoids; 1-hydroxy-4-unsubstituted benzenoids; Chemical entities
FT_1.113_421.09313,no name,C23H18O8,L3.1,yes,C23H18O8,[M - H]-,C23H18O8,Shikimates and Phenylpropanoids,0.5806818604469299,Isoflavonoids,0.3750317692756653,Isoflavones,0.2565205693244934,Pyranochromenes,0.5155085325241089,Pyranochromenes,0.5155085325241089,1-benzopyrans,0.7089700102806091,Benzopyrans,0.7255007028579712,Organoheterocyclic compounds,0.9202354550361632,"Organic compounds; Organoheterocyclic compounds; Pyrans; Ketones; Benzopyrans; Phenols; Chromones; Ethers; Phenylpropanoids and polyketides; Organic acids and derivatives; Organooxygen compounds; Carbonyl compounds; Benzene and substituted derivatives; Polyols; Benzenoids; 1-benzopyrans; 2,2-dimethyl-1-benzopyrans; Pyranochromenes; Vinylogous acids; Organic oxides; Oxacyclic compounds; Hydrocarbon derivatives; Organic oxygen compounds; 1-hydroxy-2-unsubstituted benzenoids; Chemical entities"
FT_1.115_339.12404,no name,C20H20O5,L3.1,yes,C20H20O5,[M - H]-,C20H20O5,Shikimates and Phenylpropanoids,0.6990124583244324,Flavonoids,0.5822149515151978,Flavanones,0.5447361469268799,Flavanones,0.5650878548622131,Flavanones,0.5650878548622131,Flavans,0.5768856406211853,Flavonoids,0.5345585346221924,Phenylpropanoids and polyketides,0.7608357071876526,Organic compounds; Organoheterocyclic compounds; Ketones; Benzopyrans; Alkyl aryl ethers; Phenols; Chromones; Ethers; Phenylpropanoids and polyketides; Organic acids and derivatives; Organooxygen compounds; Flavonoids; Flavans; Flavanones; Carbonyl compounds; Benzene and substituted derivatives; Benzenoids; Hydroxyflavonoids; 1-benzopyrans; Aryl ketones; Aryl alkyl ketones; Vinylogous acids; Organic oxides; Oxacyclic compounds; Hydrocarbon derivatives; Organic oxygen compounds; 1-hydroxy-2-unsubstituted benzenoids; Chemical entities
FT_1.116_473.28266,no name,C28H43O4P,L3.1,yes,C28H43O4P,[M - H]-,C28H43O4P,Fatty acids,0.45550984144210815,Glycerophospholipids,0.3739997446537018,Catechols with side chains,0.4829970598220825,Monoalkyl phosphates,0.5874592661857605,Alkyl phosphates,0.7508291006088257,Phosphate esters,0.9096670746803284,Organic phosphoric acids and derivatives,0.90667062997818,Organic acids and derivatives,0.9998072981834412,Organic compounds; Lipids and lipid-like molecules; Organic acids and derivatives; Organooxygen compounds; Organic phosphoric acids and derivatives; Phosphate esters; Alkyl phosphates; Monoalkyl phosphates; Organic oxides; Hydrocarbon derivatives; Organic oxygen compounds; Chemical entities
FT_1.117_357.13453,no name,C20H22O6,L3.1,yes,C20H22O6,[M - H]-,C20H22O6,Polyketides,0.7192954421043396,Aromatic polyketides,0.6786782145500183,Depsides,0.619998574256897,Depsides and depsidones,0.5399165153503418,NA,NA,NA,NA,Depsides and depsidones,0.5399165153503418,Phenylpropanoids and polyketides,0.6325749158859253,Organic compounds; Aldehydes; Alkyl aryl ethers; Phenols; Resorcinols; Anisoles; Ethers; Phenylpropanoids and polyketides; Organic acids and derivatives; Benzoyl derivatives; Organooxygen compounds; Toluenes; Cresols; Meta cresols; Ortho cresols; Benzenediols; Benzaldehydes; Depsides and depsidones; Carbonyl compounds; Benzene and substituted derivatives; Phenol ethers; Benzenoids; Aryl-aldehydes; Vinylogous acids; Organic oxides; Hydroxybenzaldehydes; Hydrocarbon derivatives; Xylenes; Xylenols; p-Xylenols; Organic oxygen compounds; 1-hydroxy-2-unsubstituted benzenoids; o-Hydroxybenzoic acid esters; Phenoxy compounds; Chemical entities
FT_1.118_341.13963,no name,C20H22O5,L3.1,yes,C20H22O5,[M - H]-,C20H22O5,Shikimates and Phenylpropanoids,0.6124926805496216,Coumarins,0.27277669310569763,Isoflavanones,0.24374808371067047,1-benzopyrans,0.6312366724014282,NA,NA,1-benzopyrans,0.6312366724014282,Benzopyrans,0.6396917700767517,Organoheterocyclic compounds,0.7289509773254395,Organic compounds; Organoheterocyclic compounds; Ketones; Benzopyrans; Alkyl aryl ethers; Phenols; Anisoles; Ethers; Phenylpropanoids and polyketides; Organooxygen compounds; Carbonyl compounds; Benzene and substituted derivatives; Phenol ethers; Benzenoids; 1-benzopyrans; Vinylogous acids; Organic oxides; Oxacyclic compounds; Hydrocarbon derivatives; Organic oxygen compounds; 1-hydroxy-2-unsubstituted benzenoids; 1-hydroxy-4-unsubstituted benzenoids; Chemical entities
FT_1.124_343.11885,no name,C19H20O6,L3.1,yes,C19H20O6,[M - H]-,C19H20O6,Shikimates and Phenylpropanoids,0.6088535785675049,Flavonoids,0.5734438300132751,Chalcones,0.3359825015068054,Chromones,0.696430504322052,Chromones,0.696430504322052,1-benzopyrans,0.6781889200210571,Benzopyrans,0.6645651459693909,Organoheterocyclic compounds,0.9241385459899902,Organic compounds; Organoheterocyclic compounds; Ketones; Benzopyrans; Alkyl aryl ethers; Phenols; Anisoles; Chromones; Ethers; Phenylpropanoids and polyketides; Organic acids and derivatives; Organooxygen compounds; Carbonyl compounds; Benzene and substituted derivatives; Phenol ethers; Benzenoids; 1-benzopyrans; Aryl ketones; Aryl alkyl ketones; Vinylogous acids; Organic oxides; Oxacyclic compounds; Hydrocarbon derivatives; Organic oxygen compounds; 1-hydroxy-2-unsubstituted benzenoids; 1-hydroxy-4-unsubstituted benzenoids; Chemical entities
FT_1.125_343.08237,no name,C17H14O5,L3.1,yes,C17H14O5,[M + CH2O2 - H]-,C18H16O7,Shikimates and Phenylpropanoids,0.6683326959609985,Isoflavonoids,0.403614342212677,Isoflavones,0.16553351283073425,Chromones,0.6771386861801147,Chromones,0.6771386861801147,1-benzopyrans,0.7150382399559021,Benzopyrans,0.7104889750480652,Organoheterocyclic compounds,0.8120845556259155,Organic compounds; Organoheterocyclic compounds; Pyrans; Benzopyrans; Phenols; Chromones; Phenylpropanoids and polyketides; Organic acids and derivatives; Organooxygen compounds; Pyranones and derivatives; Benzene and substituted derivatives; Benzenoids; 1-benzopyrans; Vinylogous acids; Organic oxides; Oxacyclic compounds; Heteroaromatic compounds; Hydrocarbon derivatives; Organic oxygen compounds; 1-hydroxy-2-unsubstituted benzenoids; 1-hydroxy-4-unsubstituted benzenoids; Chemical entities
FT_1.125_357.06183,no name,C18H14O8,L3.1,yes,C18H14O8,[M - H]-,C18H14O8,Polyketides,0.774890124797821,Aromatic polyketides,0.8629730343818665,Depsidones,0.9007464051246644,Depsides and depsidones,0.6773083209991455,NA,NA,NA,NA,Depsides and depsidones,0.6773083209991455,Phenylpropanoids and polyketides,0.5870593786239624,"Organic compounds; Organoheterocyclic compounds; Lactones; Aldehydes; Alkyl aryl ethers; Phenols; Benzoic acids and derivatives; Ethers; Phenylpropanoids and polyketides; Organic acids and derivatives; Carboxylic acids and derivatives; Organooxygen compounds; Dicarboxylic acids and derivatives; Carboxylic acid derivatives; Carboxylic acid esters; Hydroxybenzoic acid derivatives; Depsides and depsidones; Carbonyl compounds; Benzene and substituted derivatives; Benzenoids; Diarylethers; Dioxepines; 1,4-dioxepines; Aryl-aldehydes; Vinylogous acids; Organic oxides; Oxacyclic compounds; Hydrocarbon derivatives; Organic oxygen compounds; 1-hydroxy-2-unsubstituted benzenoids; Chemical entities"
FT_1.127_433.12990,no name,C25H22O7,L3.1,yes,C25H22O7,[M - H]-,C25H22O7,Shikimates and Phenylpropanoids,0.6059272289276123,Isoflavonoids,0.5713049173355103,Isoflavones,0.4685738682746887,Isoflavanones,0.6107381582260132,Isoflavanones,0.6107381582260132,Isoflavans,0.5189906358718872,Isoflavonoids,0.542988657951355,Phenylpropanoids and polyketides,0.7019014954566956,"Organic compounds; Organoheterocyclic compounds; Pyrans; Ketones; Benzopyrans; Alkyl aryl ethers; Phenols; Chromones; Ethers; Phenylpropanoids and polyketides; Organic acids and derivatives; Organooxygen compounds; Isoflavans; Isoflavanones; Carbonyl compounds; Benzene and substituted derivatives; Benzenoids; Isoflavonoids; 1-benzopyrans; 2,2-dimethyl-1-benzopyrans; Aryl ketones; Aryl alkyl ketones; Vinylogous acids; Organic oxides; Oxacyclic compounds; Heteroaromatic compounds; Hydrocarbon derivatives; Organic oxygen compounds; 1-hydroxy-2-unsubstituted benzenoids; Chemical entities"
FT_1.129_383.18653,no name,C23H28O5,L3.1,yes,C23H28O5,[M - H]-,C23H28O5,Terpenoids,0.9017726182937622,Diterpenoids,0.7338609099388123,Gibberellins,0.4546509385108948,Diterpene lactones,0.6099222302436829,Diterpene lactones,0.6099222302436829,Terpene lactones,0.4976372718811035,Prenol lipids,0.7609414458274841,Lipids and lipid-like molecules,0.8644870519638062,"Organic compounds; Organoheterocyclic compounds; Lipids and lipid-like molecules; Lactones; Ketones; Alcohols and polyols; Prenol lipids; Organic acids and derivatives; Carboxylic acids and derivatives; Organooxygen compounds; Dicarboxylic acids and derivatives; Carboxylic acid derivatives; Carboxylic acid esters; Diterpene lactones; Diterpenoids; Carbonyl compounds; Cyclic ketones; Enoate esters; Alpha,beta-unsaturated carboxylic esters; Organic oxides; Oxacyclic compounds; Hydrocarbon derivatives; Organic oxygen compounds; Chemical entities"
FT_1.129_411.10883,no name,C22H20O8,L3.1,yes,C22H20O8,[M - H]-,C22H20O8,Shikimates and Phenylpropanoids,0.6840636134147644,Isoflavonoids,0.7203484773635864,Isoflavones,0.5744245052337646,6-prenylated isoflavanones,0.5540228486061096,Isoflavanones,0.826758623123169,Isoflavans,0.7311980128288269,Isoflavonoids,0.6977559924125671,Phenylpropanoids and polyketides,0.775109589099884,Organic compounds; Organoheterocyclic compounds; Pyrans; Ketones; Benzopyrans; Alkyl aryl ethers; Alcohols and polyols; Phenols; Chromones; Ethers; Phenylpropanoids and polyketides; Organic acids and derivatives; Organooxygen compounds; Pyranones and derivatives; Isoflavans; Tertiary alcohols; Isoflavanones; Polyols; Benzenoids; Isoflavonoids; 1-benzopyrans; 6-prenylated isoflavanones; 8-prenylated isoflavanones; Aryl alkyl ketones; Vinylogous acids; Organic oxides; Oxacyclic compounds; Heteroaromatic compounds; Hydrocarbon derivatives; Hydroxyisoflavonoids; Coumarans; Organic oxygen compounds; 1-hydroxy-2-unsubstituted benzenoids; 1-hydroxy-4-unsubstituted benzenoids; Chemical entities
FT_1.129_483.20261,no name,C27H32O8,L3.1,yes,C27H32O8,[M - H]-,C27H32O8,Polyketides,0.7060933113098145,Meroterpenoids,0.31757956743240356,Tetraketide meroterpenoids,0.4598513841629028,1-benzopyrans,0.5466235876083374,NA,NA,1-benzopyrans,0.5466235876083374,Benzopyrans,0.537966787815094,Organoheterocyclic compounds,0.9258993268013,Organic compounds; Organoheterocyclic compounds; Lactones; Ketones; Benzopyrans; Alkyl aryl ethers; Alcohols and polyols; Phenols; Anisoles; Ethers; Organic acids and derivatives; Carboxylic acids and derivatives; Organooxygen compounds; Carboxylic acid derivatives; Carboxylic acids; Carboxylic acid esters; Carbonyl compounds; Benzene and substituted derivatives; Phenol ethers; Benzenoids; 1-benzopyrans; Vinylogous acids; Organic oxides; Oxacyclic compounds; Hydrocarbon derivatives; Organic oxygen compounds; 1-hydroxy-2-unsubstituted benzenoids; Chemical entities
FT_1.130_385.20231,no name,C23H30O5,L3.1,yes,C23H30O5,[M - H]-,C23H30O5,Polyketides,0.6994884610176086,Meroterpenoids,0.48734787106513977,Tetraketide meroterpenoids,0.5262042284011841,Hydroxybenzaldehydes,0.944348931312561,Aldehydes,0.8785485029220581,Carbonyl compounds,0.9871000051498412,Organooxygen compounds,0.9999996423721312,Organic oxygen compounds,0.9999980926513672,Organic compounds; Ketones; Aldehydes; Alcohols and polyols; Phenols; Resorcinols; Organic acids and derivatives; Benzoyl derivatives; Organooxygen compounds; Benzenediols; Benzaldehydes; Secondary alcohols; Carbonyl compounds; Benzene and substituted derivatives; Benzenoids; Aryl-aldehydes; Cyclic ketones; Vinylogous acids; Organic oxides; Hydroxybenzaldehydes; Hydrocarbon derivatives; Organic oxygen compounds; 1-hydroxy-2-unsubstituted benzenoids; 1-hydroxy-4-unsubstituted benzenoids; Chemical entities
FT_1.131_301.07202,no name,C15H12O4,L3.1,yes,C15H12O4,[M + CH2O2 - H]-,C16H14O6,Shikimates and Phenylpropanoids,0.7331204414367676,Coumarins,0.6566596627235413,Simple coumarins,0.4976213872432709,1-benzopyrans,0.7536799907684326,NA,NA,1-benzopyrans,0.7536799907684326,Benzopyrans,0.7861983776092529,Organoheterocyclic compounds,0.7894861698150635,Organic compounds; Organoheterocyclic compounds; Lactones; Benzopyrans; Phenols; Phenylpropanoids and polyketides; Organic acids and derivatives; Organooxygen compounds; Benzenoids; 1-benzopyrans; Organic oxides; Oxacyclic compounds; Hydrocarbon derivatives; Organic oxygen compounds; 1-hydroxy-2-unsubstituted benzenoids; 1-hydroxy-4-unsubstituted benzenoids; Chemical entities
FT_1.137_481.15080,no name,C26H26O9,L3.1,yes,C26H26O9,[M - H]-,C26H26O9,Shikimates and Phenylpropanoids,0.5915520787239075,Isoflavonoids,0.5966027975082397,Rotenoids,0.6279032826423645,Isoflavanones,0.5804363489151001,Isoflavanones,0.5804363489151001,Isoflavans,0.5508931279182434,Isoflavonoids,0.5598950982093811,Phenylpropanoids and polyketides,0.7196701169013977,Organic compounds; Organoheterocyclic compounds; Ketones; Benzopyrans; Alkyl aryl ethers; Alcohols and polyols; Phenols; Anisoles; Chromones; Ethers; Phenylpropanoids and polyketides; Organic acids and derivatives; Organooxygen compounds; Isoflavans; Secondary alcohols; Tertiary alcohols; Isoflavanones; Carbonyl compounds; Oxanes; Polyols; Phenol ethers; Benzenoids; Isoflavonoids; 1-benzopyrans; Aryl ketones; Aryl alkyl ketones; Vinylogous acids; Organic oxides; Oxacyclic compounds; Hydrocarbon derivatives; Organic oxygen compounds; 1-hydroxy-2-unsubstituted benzenoids; Chemical entities
FT_1.139_511.12475,no name,C26H24O11,L3.1,yes,C26H24O11,[M - H]-,C26H24O11,Shikimates and Phenylpropanoids,0.5761111974716187,Isoflavonoids,0.5169602036476135,Rotenoids,0.3710996508598328,8-prenylated isoflavanones,0.6040244698524475,Isoflavanones,0.6175222396850586,Isoflavans,0.4535124897956848,Isoflavonoids,0.48987534642219543,Phenylpropanoids and polyketides,0.7713243961334229,Organic compounds; Organoheterocyclic compounds; Pyrans; Ketones; Benzopyrans; Alkyl aryl ethers; Alcohols and polyols; Phenols; Chromones; Ethers; Phenylpropanoids and polyketides; Organic acids and derivatives; Organooxygen compounds; Secondary alcohols; Isoflavanones; Carbonyl compounds; Oxanes; Polyols; Benzenoids; 1-benzopyrans; 8-prenylated isoflavanones; Aryl ketones; Aryl alkyl ketones; Vinylogous acids; Organic oxides; Oxacyclic compounds; Hydrocarbon derivatives; Coumarans; Organic oxygen compounds; 1-hydroxy-2-unsubstituted benzenoids; Chemical entities
FT_1.145_363.21795,no name,C20H30O3,L3.1,yes,C20H30O3,[M + CH2O2 - H]-,C21H32O5,Polyketides,0.7146639823913574,Aromatic polyketides,0.780278742313385,Simple aromatic polyketides,0.8372877240180969,Cinnamyl alcohols,0.5834729671478271,NA,NA,NA,NA,Cinnamyl alcohols,0.5834729671478271,Phenylpropanoids and polyketides,0.01987790316343307,Organic compounds; Lipids and lipid-like molecules; Ketones; Aldehydes; Alcohols and polyols; Phenols; Primary alcohols; Benzoyl derivatives; Organooxygen compounds; Benzenediols; Fatty alcohols; Benzaldehydes; Carbonyl compounds; Benzene and substituted derivatives; Benzenoids; Cinnamyl alcohols; Aryl-aldehydes; Vinylogous acids; Organic oxides; Hydroxybenzaldehydes; Hydrocarbon derivatives; Organic oxygen compounds; 1-hydroxy-2-unsubstituted benzenoids; Chemical entities
FT_1.146_249.07678,no name,C13H14O5,L3.1,yes,C13H14O5,[M - H]-,C13H14O5,Polyketides,0.7294511795043945,Chromanes,0.7146150469779968,Azaphilones,0.9209370017051696,2-benzopyrans,0.5512747764587402,NA,NA,2-benzopyrans,0.5512747764587402,Benzopyrans,0.5588242411613464,Organoheterocyclic compounds,0.841631293296814,Organic compounds; Organoheterocyclic compounds; Lactones; Ketones; Benzopyrans; Alcohols and polyols; Phenols; Organic acids and derivatives; Carboxylic acids and derivatives; Organooxygen compounds; Secondary alcohols; Carbonyl compounds; Benzenoids; 2-benzopyrans; Vinylogous acids; Organic oxides; Oxacyclic compounds; Hydrocarbon derivatives; Organic oxygen compounds; Chemical entities
FT_1.146_261.07686,no name,C14H14O5,L3.1,yes,C14H14O5,[M - H]-,C14H14O5,Shikimates and Phenylpropanoids,0.585699737071991,Coumarins,0.7478441596031189,Simple coumarins,0.4595274329185486,Coumarins and derivatives,0.7774004340171814,NA,NA,NA,NA,Coumarins and derivatives,0.7774004340171814,Phenylpropanoids and polyketides,0.7999980449676514,Organic compounds; Organoheterocyclic compounds; Lactones; Pyrans; Benzopyrans; Alkyl aryl ethers; Phenols; Coumarins and derivatives; Ethers; Phenylpropanoids and polyketides; Organic acids and derivatives; Organooxygen compounds; Pyranones and derivatives; Monocarboxylic acids and derivatives; Carboxylic acids; Benzenoids; 1-benzopyrans; Organic oxides; Oxacyclic compounds; Heteroaromatic compounds; Hydrocarbon derivatives; Organic oxygen compounds; Chemical entities
FT_1.148_261.11318,no name,C15H18O4,L3.1,yes,C15H18O4,[M - H]-,C15H18O4,Polyketides,0.6356737613677979,Macrolides,0.5214771032333374,Zearalenones,0.4598764479160309,Benzopyrans,0.5927497148513794,NA,NA,NA,NA,Benzopyrans,0.5927497148513794,Organoheterocyclic compounds,0.9841744303703308,Organic compounds; Organoheterocyclic compounds; Lactones; Ketones; Benzopyrans; Alkyl aryl ethers; Phenols; Ethers; Phenylpropanoids and polyketides; Organic acids and derivatives; Carboxylic acids and derivatives; Organooxygen compounds; Carboxylic acid derivatives; Monocarboxylic acids and derivatives; Carboxylic acid esters; Carbonyl compounds; Benzenoids; Vinylogous acids; Organic oxides; Oxacyclic compounds; Hydrocarbon derivatives; Organic oxygen compounds; 1-hydroxy-2-unsubstituted benzenoids; 1-hydroxy-4-unsubstituted benzenoids; Chemical entities
FT_1.154_291.08759,no name,C14H14O4,L3.1,yes,C14H14O4,[M + CH2O2 - H]-,C15H16O6,Shikimates and Phenylpropanoids,0.8085823059082031,Coumarins,0.8059962391853333,Simple coumarins,0.55748450756073,Coumarins and derivatives,0.9193150401115416,NA,NA,NA,NA,Coumarins and derivatives,0.9193150401115416,Phenylpropanoids and polyketides,0.8954570889472961,Organic compounds; Organoheterocyclic compounds; Lactones; Pyrans; Benzopyrans; Coumarins and derivatives; Ethers; Phenylpropanoids and polyketides; Organooxygen compounds; Pyranones and derivatives; Carbonyl compounds; Benzenoids; 1-benzopyrans; Organic oxides; Oxacyclic compounds; Heteroaromatic compounds; Hydrocarbon derivatives; Organic oxygen compounds; Chemical entities
FT_1.157_341.26983,no name,C20H38O4,L3.1,yes,C20H38O4,[M - H]-,C20H38O4,Polyketides,0.7335993051528931,Phloroglucinols,0.4766561686992645,"Prenylated,geranylated phloroglucinols",0.15088783204555511,Alkyl-phenylketones,0.8334059119224548,Ketones,0.4126178026199341,Carbonyl compounds,0.7197154760360718,Organooxygen compounds,0.9999939203262328,Organic oxygen compounds,0.999987006187439,Organic compounds; Acetophenones; Alcohols and polyols; Phenols; Ethers; Organic acids and derivatives; Primary alcohols; Benzoyl derivatives; Organooxygen compounds; Benzaldehydes; Carbonyl compounds; Benzene and substituted derivatives; Phenol ethers; Benzenoids; Aryl ketones; Aryl alkyl ketones; Vinylogous acids; Organic oxides; Hydrocarbon derivatives; Phenylketones; Alkyl-phenylketones; Organic oxygen compounds; Phenoxy compounds; Chemical entities
FT_1.164_427.17685,no name,C24H28O7,L3.1,yes,C24H28O7,[M - H]-,C24H28O7,Polyketides,0.546280562877655,Flavonoids,0.39883458614349365,Dimeric phloroglucinols,0.15240484476089478,Chromones,0.5026546716690063,Chromones,0.5026546716690063,1-benzopyrans,0.36970508098602295,Benzopyrans,0.3453465700149536,Organoheterocyclic compounds,0.9293495416641236,Organic compounds; Organoheterocyclic compounds; Ketones; Alkyl aryl ethers; Alcohols and polyols; Phenols; Resorcinols; Chromones; Ethers; Organic acids and derivatives; Organooxygen compounds; Benzenediols; Carbonyl compounds; Benzene and substituted derivatives; Benzenoids; Aryl ketones; Aryl alkyl ketones; Vinylogous acids; Organic oxides; Oxacyclic compounds; Hydrocarbon derivatives; Organic oxygen compounds; 1-hydroxy-2-unsubstituted benzenoids; Chemical entities
FT_1.166_263.09265,no name,C13H14O3,L3.1,yes,C13H14O3,[M + CH2O2 - H]-,C14H16O5,Polyketides,0.3621642589569092,Phenylpropanoids (C6-C3),0.46706897020339966,Cinnamic acids and derivatives,0.5146340727806091,Hydroxybenzaldehydes,0.5902195572853088,Aldehydes,0.4718405604362488,Carbonyl compounds,0.9128252863883972,Organooxygen compounds,0.9999397993087769,Organic oxygen compounds,0.9999253749847412,Organic compounds; Ketones; Phenols; Organooxygen compounds; Benzaldehydes; Carbonyl compounds; Benzene and substituted derivatives; Benzenoids; Organic oxides; Hydroxybenzaldehydes; Hydrocarbon derivatives; Organic oxygen compounds; 1-hydroxy-2-unsubstituted benzenoids; Chemical entities
FT_1.167_191.07140,no name,C11H12O3,L3.1,yes,C11H12O3,[M - H]-,C11H12O3,Polyketides,0.6059935092926025,Meroterpenoids,0.35020214319229126,Naphthalenones,0.5535716414451599,1-hydroxy-2-unsubstituted benzenoids,0.6288866996765137,NA,NA,1-hydroxy-2-unsubstituted benzenoids,0.6288866996765137,Phenols,0.6899241805076599,Benzenoids,0.9457682967185974,Organic compounds; Ketones; Phenols; Organic acids and derivatives; Organooxygen compounds; Carbonyl compounds; Benzene and substituted derivatives; Benzenoids; Organic oxides; Hydrocarbon derivatives; Organic oxygen compounds; 1-hydroxy-2-unsubstituted benzenoids; Chemical entities
FT_1.168_313.10804,no name,C18H18O5,L3.1,yes,C18H18O5,[M - H]-,C18H18O5,Shikimates and Phenylpropanoids,0.68548983335495,Diarylheptanoids,0.7331069111824036,Linear diarylheptanoids,0.7140311002731323,Anisoles,0.9122909307479858,NA,NA,Anisoles,0.9122909307479858,Phenol ethers,0.9334977865219116,Benzenoids,0.9985283613204956,"Organic compounds; Ketones; Alkyl aryl ethers; 1,3-dicarbonyl compounds; Anisoles; Ethers; Organooxygen compounds; Carbonyl compounds; Benzene and substituted derivatives; Phenol ethers; Benzenoids; Beta-diketones; Organic oxides; Methoxybenzenes; Hydrocarbon derivatives; Organic oxygen compounds; Phenoxy compounds; Chemical entities"
FT_1.171_191.03499,no name,C10H8O4,L3.1,yes,C10H8O4,[M - H]-,C10H8O4,Polyketides,0.6832895874977112,Naphthalenes,0.572230339050293,Naphthoquinones,0.3448064923286438,1-hydroxy-2-unsubstituted benzenoids,0.6364405155181885,NA,NA,1-hydroxy-2-unsubstituted benzenoids,0.6364405155181885,Phenols,0.7306257486343384,Benzenoids,0.8222056031227112,Organic compounds; Organoheterocyclic compounds; Ketones; Phenols; Organic acids and derivatives; Organooxygen compounds; Carbonyl compounds; Benzenoids; Vinylogous acids; Organic oxides; Oxacyclic compounds; Hydrocarbon derivatives; Organic oxygen compounds; 1-hydroxy-2-unsubstituted benzenoids; Chemical entities
FT_1.173_373.09320,no name,C18H16O6,L3.1,yes,C18H16O6,[M + CH2O2 - H]-,C19H18O8,Shikimates and Phenylpropanoids,0.5336370468139648,Coumarins,0.43624231219291687,Azaphilones,0.3284361660480499,Benzopyrans,0.5910915732383728,NA,NA,NA,NA,Benzopyrans,0.5910915732383728,Organoheterocyclic compounds,0.933376967906952,Organic compounds; Organoheterocyclic compounds; Lactones; Pyrans; Ketones; Benzopyrans; Phenylpropanoids and polyketides; Organic acids and derivatives; Carboxylic acids and derivatives; Organooxygen compounds; Pyranones and derivatives; Carbonyl compounds; Benzene and substituted derivatives; Benzenoids; Organic oxides; Oxacyclic compounds; Heteroaromatic compounds; Hydrocarbon derivatives; Organic oxygen compounds; Chemical entities
FT_1.175_177.05571,no name,C10H10O3,L3.1,yes,C10H10O3,[M - H]-,C10H10O3,Shikimates and Phenylpropanoids,0.548815906047821,Phenylpropanoids (C6-C3),0.4655587077140808,Simple aromatic polyketides,0.3526875972747803,Hydroxybenzaldehydes,0.8474670648574829,Aldehydes,0.6554691791534424,Carbonyl compounds,0.8825063705444336,Organooxygen compounds,0.9999924898147584,Organic oxygen compounds,0.9999827146530152,Organic compounds; Aldehydes; Phenols; Benzoyl derivatives; Organooxygen compounds; Benzenediols; Benzaldehydes; Carbonyl compounds; Benzene and substituted derivatives; Benzenoids; Aryl-aldehydes; Organic oxides; Hydroxybenzaldehydes; Hydrocarbon derivatives; Organic oxygen compounds; 1-hydroxy-2-unsubstituted benzenoids; 1-hydroxy-4-unsubstituted benzenoids; Chemical entities
FT_1.175_409.09315,no name,C22H18O8,L3.1,yes,C22H18O8,[M - H]-,C22H18O8,Shikimates and Phenylpropanoids,0.5758774876594543,Isoflavonoids,0.510749101638794,Coumaronochromones,0.35739848017692566,Pyranochromenes,0.5583420395851135,Pyranochromenes,0.5583420395851135,1-benzopyrans,0.7977094650268555,Benzopyrans,0.8212319016456604,Organoheterocyclic compounds,0.9514793157577516,"Organic compounds; Organoheterocyclic compounds; Pyrans; Ketones; Benzopyrans; Alkyl aryl ethers; Alcohols and polyols; Phenols; Chromones; Ethers; Phenylpropanoids and polyketides; Organic acids and derivatives; Organooxygen compounds; Pyranones and derivatives; Carbonyl compounds; Benzene and substituted derivatives; Polyols; Benzenoids; 1-benzopyrans; 2,2-dimethyl-1-benzopyrans; Pyranochromenes; Vinylogous acids; Organic oxides; Oxacyclic compounds; Hydrocarbon derivatives; Organic oxygen compounds; 1-hydroxy-2-unsubstituted benzenoids; 1-hydroxy-4-unsubstituted benzenoids; Chemical entities"
FT_1.176_235.09722,no name,C13H16O4,L3.1,yes,C13H16O4,[M - H]-,C13H16O4,Polyketides,0.5249907970428467,Chromanes,0.20197823643684387,Cinnamic acids and derivatives,0.2504664659500122,Alkyl aryl ethers,0.5625503659248352,Alkyl aryl ethers,0.5625503659248352,Ethers,0.5522905588150024,Organooxygen compounds,0.9999663829803468,Organic oxygen compounds,0.999972939491272,Organic compounds; Alkyl aryl ethers; Phenols; Ethers; Organic acids and derivatives; Organooxygen compounds; Carbonyl compounds; Benzene and substituted derivatives; Benzenoids; Organic oxides; Hydrocarbon derivatives; Organic oxygen compounds; Chemical entities
FT_1.176_373.09315,no name,C19H18O8,L3.1,yes,C19H18O8,[M - H]-,C19H18O8,Polyketides,0.6384151577949524,Aromatic polyketides,0.686816394329071,Depsides,0.8137626647949219,Depsides and depsidones,0.6387244462966919,NA,NA,NA,NA,Depsides and depsidones,0.6387244462966919,Phenylpropanoids and polyketides,0.6496301889419556,Organic compounds; Aldehydes; Phenols; Resorcinols; Benzoic acids and derivatives; Ethers; Phenylpropanoids and polyketides; Organic acids and derivatives; Carboxylic acids and derivatives; Benzoyl derivatives; Organooxygen compounds; Dicarboxylic acids and derivatives; Salicylic acid and derivatives; Carboxylic acid derivatives; Carboxylic acids; Carboxylic acid esters; Hydroxybenzoic acid derivatives; Cresols; Meta cresols; Ortho cresols; Benzenediols; Benzaldehydes; Benzoic acid esters; Depsides and depsidones; Carbonyl compounds; Benzene and substituted derivatives; Phenol ethers; Benzenoids; Aryl-aldehydes; Vinylogous acids; Organic oxides; Hydroxybenzaldehydes; Hydrocarbon derivatives; Xylenols; p-Xylenols; Organic oxygen compounds; 1-hydroxy-2-unsubstituted benzenoids; 1-hydroxy-4-unsubstituted benzenoids; o-Hydroxybenzoic acid esters; p-Hydroxybenzoic acid esters; Chemical entities
FT_1.176_413.16107,no name,C23H26O7,L3.1,yes,C23H26O7,[M - H]-,C23H26O7,Polyketides,0.8707394599914551,Aromatic polyketides,0.7581145763397217,Depsidones,0.982719659805298,Depsides and depsidones,0.7062352299690247,NA,NA,NA,NA,Depsides and depsidones,0.7062352299690247,Phenylpropanoids and polyketides,0.6678269505500793,"Organic compounds; Organoheterocyclic compounds; Lactones; Ketones; Alkyl aryl ethers; Phenols; Anisoles; Benzoic acids and derivatives; Ethers; Phenylpropanoids and polyketides; Organic acids and derivatives; Carboxylic acids and derivatives; Organooxygen compounds; Dicarboxylic acids and derivatives; Salicylic acid and derivatives; Carboxylic acid derivatives; Monocarboxylic acids and derivatives; Carboxylic acid esters; Hydroxybenzoic acid derivatives; Depsides and depsidones; Carbonyl compounds; Benzene and substituted derivatives; Phenol ethers; Benzenoids; Diarylethers; Dioxepines; 1,4-dioxepines; Vinylogous acids; Organic oxides; Oxacyclic compounds; Hydrocarbon derivatives; Organic oxygen compounds; 1-hydroxy-2-unsubstituted benzenoids; Chemical entities"
FT_1.177_221.04552,no name,C10H8O3,L3.1,yes,C10H8O3,[M + CH2O2 - H]-,C11H10O5,Polyketides,0.5917643904685974,Naphthalenes,0.7223299145698547,Naphthalenones,0.7021169066429138,Aryl ketones,0.5024778842926025,Ketones,0.7309790849685669,Carbonyl compounds,0.7681646943092346,Organooxygen compounds,0.9999890327453612,Organic oxygen compounds,0.9999566078186036,Organic compounds; Ketones; Phenols; Organooxygen compounds; Carbonyl compounds; Benzenoids; Aryl ketones; Vinylogous acids; Organic oxides; Hydrocarbon derivatives; Organic oxygen compounds; 1-hydroxy-2-unsubstituted benzenoids; 1-hydroxy-4-unsubstituted benzenoids; Chemical entities
FT_1.179_247.06132,no name,C13H12O5,L3.1,yes,C13H12O5,[M - H]-,C13H12O5,Polyketides,0.7059938907623291,Chromanes,0.7051236629486084,Azaphilones,0.6500579714775085,Benzopyrans,0.6163429021835327,NA,NA,NA,NA,Benzopyrans,0.6163429021835327,Organoheterocyclic compounds,0.939428210258484,Organic compounds; Organoheterocyclic compounds; Ketones; Benzopyrans; Aldehydes; Alcohols and polyols; Phenols; Organic acids and derivatives; Organooxygen compounds; Carbonyl compounds; Benzenoids; Aryl-aldehydes; Vinylogous acids; Organic oxides; Oxacyclic compounds; Hydrocarbon derivatives; Organic oxygen compounds; Chemical entities
FT_1.179_467.09887,no name,C17H30N2O5P2S2,L3.1,yes,C17H30N2O5P2S2,[M - H]-,C17H30N2O5P2S2,Fatty acids,0.6545904874801636,Fatty amides,0.4595746099948883,Wax monoesters,0.34670907258987427,Fatty Acyls,0.573281466960907,NA,NA,NA,NA,Fatty Acyls,0.573281466960907,Lipids and lipid-like molecules,0.5966498851776123,Organic compounds; Organosulfur compounds; Lipids and lipid-like molecules; Organic acids and derivatives; Carboxylic acids and derivatives; Organonitrogen compounds; Organooxygen compounds; Organophosphorus compounds; Organic phosphonic acids and derivatives; Carboxylic acid derivatives; Carbonyl compounds; Sulfenyl compounds; Fatty Acyls; Organic oxides; Hydrocarbon derivatives; Organopnictogen compounds; Organic oxygen compounds; Organic nitrogen compounds; Chemical entities
FT_1.186_421.20261,no name,C26H30O5,L3.1,yes,C26H30O5,[M - H]-,C26H30O5,Shikimates and Phenylpropanoids,0.6701260209083557,Isoflavonoids,0.5212250351905823,Isoflavanones,0.5860912799835205,Isoflavans,0.5582214593887329,NA,NA,Isoflavans,0.5582214593887329,Isoflavonoids,0.49735575914382935,Phenylpropanoids and polyketides,0.7516394853591919,Organic compounds; Organoheterocyclic compounds; Ketones; Benzopyrans; Alkyl aryl ethers; Phenols; Resorcinols; Anisoles; Chromones; Ethers; Phenylpropanoids and polyketides; Organooxygen compounds; Benzenediols; Isoflavans; Carbonyl compounds; Benzene and substituted derivatives; Phenol ethers; Benzenoids; 1-benzopyrans; Aryl ketones; Aryl alkyl ketones; Vinylogous acids; Organic oxides; Oxacyclic compounds; Hydrocarbon derivatives; Organic oxygen compounds; 1-hydroxy-2-unsubstituted benzenoids; Chemical entities
FT_1.190_467.20730,no name,C27H32O7,L3.1,yes,C27H32O7,[M - H]-,C27H32O7,Terpenoids,0.6324687004089355,Triterpenoids,0.6248826384544373,Tetraketide meroterpenoids,0.6393460631370544,Naphthopyrans,0.5207486152648926,NA,NA,NA,NA,Naphthopyrans,0.5207486152648926,Organoheterocyclic compounds,0.9013133645057678,Organic compounds; Organoheterocyclic compounds; Lipids and lipid-like molecules; Lactones; Pyrans; Ketones; Alcohols and polyols; Organic acids and derivatives; Carboxylic acids and derivatives; Organooxygen compounds; Dicarboxylic acids and derivatives; Carboxylic acid derivatives; Carboxylic acid esters; Delta valerolactones; Naphthopyrans; Carbonyl compounds; Benzenoids; Cyclic ketones; Organic oxides; Oxacyclic compounds; Hydrocarbon derivatives; Cyclohexenones; Organic oxygen compounds; Chemical entities
FT_1.195_279.08749,no name,C14H16O6,L3.1,yes,C14H16O6,[M - H]-,C14H16O6,Shikimates and Phenylpropanoids,0.624721109867096,Flavonoids,0.7137143015861511,Flavan-3-ols,0.7945582866668701,Catechins,0.7792853713035583,Flavan-3-ols,0.8347655534744263,Flavans,0.7742812633514404,Flavonoids,0.79032963514328,Phenylpropanoids and polyketides,0.7611132860183716,Organic compounds; Organoheterocyclic compounds; Benzopyrans; Alkyl aryl ethers; Alcohols and polyols; Phenols; Ethers; Phenylpropanoids and polyketides; Organic acids and derivatives; Organooxygen compounds; Flavonoids; Flavans; Benzenetriols and derivatives; Catechins; Secondary alcohols; Benzene and substituted derivatives; Polyols; Benzenoids; 3'-hydroxyflavonoids; 4'-hydroxyflavonoids; Hydroxyflavonoids; 5-hydroxyflavonoids; 7-hydroxyflavonoids; Flavan-3-ols; 1-benzopyrans; Oxacyclic compounds; Hydrocarbon derivatives; Organic oxygen compounds; 1-hydroxy-2-unsubstituted benzenoids; 1-hydroxy-4-unsubstituted benzenoids; Chemical entities
FT_1.197_209.15452,no name,C13H22O2,L3.1,yes,C13H22O2,[M - H]-,C13H22O2,Fatty acids,0.5265166759490967,Fatty Acids and Conjugates,0.46755853295326233,Unsaturated fatty acids,0.39980798959732056,Fatty acids and conjugates,0.5111085176467896,NA,NA,Fatty acids and conjugates,0.5111085176467896,Fatty Acyls,0.5769791603088379,Lipids and lipid-like molecules,0.7846903204917908,Organic compounds; Lipids and lipid-like molecules; Alcohols and polyols; Fatty acids and conjugates; Organic acids and derivatives; Carboxylic acids and derivatives; Organooxygen compounds; Monocarboxylic acids and derivatives; Carboxylic acids; Carbonyl compounds; Fatty Acyls; Organic oxides; Hydrocarbon derivatives; Organic oxygen compounds; Chemical entities
FT_1.197_359.07734,no name,C18H16O8,L3.1,yes,C18H16O8,[M - H]-,C18H16O8,Polyketides,0.591537594795227,Aromatic polyketides,0.6874812841415405,Depsides,0.7613678574562073,Depsides and depsidones,0.6568886637687683,NA,NA,NA,NA,Depsides and depsidones,0.6568886637687683,Phenylpropanoids and polyketides,0.6210660934448242,Organic compounds; Aldehydes; Phenols; Resorcinols; Benzoic acids and derivatives; Ethers; Phenylpropanoids and polyketides; Organic acids and derivatives; Carboxylic acids and derivatives; Benzoyl derivatives; Organooxygen compounds; Salicylic acid and derivatives; Carboxylic acid derivatives; Carboxylic acid esters; Hydroxybenzoic acid derivatives; Cresols; Meta cresols; Benzenediols; Benzaldehydes; Benzoic acid esters; Depsides and depsidones; Carbonyl compounds; Benzene and substituted derivatives; Benzenoids; Aryl-aldehydes; Vinylogous acids; Organic oxides; Hydroxybenzaldehydes; Hydrocarbon derivatives; Organic oxygen compounds; 1-hydroxy-2-unsubstituted benzenoids; 1-hydroxy-4-unsubstituted benzenoids; o-Hydroxybenzoic acid esters; p-Hydroxybenzoic acid esters; Chemical entities
FT_1.197_409.16583,no name,C24H26O6,L3.1,yes,C24H26O6,[M - H]-,C24H26O6,Shikimates and Phenylpropanoids,0.5908681154251099,Aromatic polyketides,0.5005158185958862,Depsidones,0.8384841680526733,Diarylethers,0.6124699711799622,Diarylethers,0.6124699711799622,Ethers,0.9453898072242736,Organooxygen compounds,0.9999994039535522,Organic oxygen compounds,0.9999983310699464,Organic compounds; Organoheterocyclic compounds; Lactones; Benzopyrans; Alkyl aryl ethers; Phenols; Anisoles; Ethers; Phenylpropanoids and polyketides; Organic acids and derivatives; Carboxylic acids and derivatives; Organooxygen compounds; Carboxylic acid derivatives; Monocarboxylic acids and derivatives; Carboxylic acids; Carboxylic acid esters; Benzene and substituted derivatives; Phenol ethers; Benzenoids; Diarylethers; Organic oxides; Oxacyclic compounds; Hydrocarbon derivatives; Organic oxygen compounds; 1-hydroxy-2-unsubstituted benzenoids; Chemical entities
FT_1.198_253.14456,no name,C14H22O4,L3.1,yes,C14H22O4,[M - H]-,C14H22O4,Polyketides,0.7409273982048035,Aromatic polyketides,0.5720324516296387,Simple aromatic polyketides,0.7917539477348328,Cinnamyl alcohols,0.5185272693634033,NA,NA,NA,NA,Cinnamyl alcohols,0.5185272693634033,Phenylpropanoids and polyketides,0.01825424842536449,Organic compounds; Benzyl alcohols; Ketones; Aldehydes; Alkyl aryl ethers; Alcohols and polyols; Phenols; Anisoles; Ethers; Benzoyl derivatives; Organooxygen compounds; Benzaldehydes; Secondary alcohols; Carbonyl compounds; Benzene and substituted derivatives; Phenol ethers; Benzenoids; Cinnamyl alcohols; Aryl-aldehydes; Vinylogous acids; Organic oxides; Hydroxybenzaldehydes; Methoxybenzenes; Hydrocarbon derivatives; Organic oxygen compounds; 1-hydroxy-2-unsubstituted benzenoids; Phenoxy compounds; Chemical entities
FT_1.201_361.16591,no name,C20H26O6,L3.1,yes,C20H26O6,[M - H]-,C20H26O6,Polyketides,0.8340161442756653,Macrolides,0.3450455069541931,Azaphilones,0.5983654856681824,Zearalenones,0.6714432239532471,NA,NA,Zearalenones,0.6714432239532471,Macrolides and analogues,0.48163753747940063,Phenylpropanoids and polyketides,0.36379003524780273,Organic compounds; Organoheterocyclic compounds; Lactones; Ketones; Alkyl aryl ethers; Alcohols and polyols; Phenols; Anisoles; Ethers; Organic acids and derivatives; Carboxylic acids and derivatives; Organooxygen compounds; Carboxylic acid derivatives; Monocarboxylic acids and derivatives; Carboxylic acid esters; Secondary alcohols; Zearalenones; Carbonyl compounds; Phenol ethers; Benzenoids; Cyclic ketones; Vinylogous acids; Organic oxides; Oxacyclic compounds; Hydrocarbon derivatives; Organic oxygen compounds; Chemical entities
FT_1.206_263.05615,no name,C13H12O6,L3.1,yes,C13H12O6,[M - H]-,C13H12O6,Polyketides,0.868652880191803,Chromanes,0.9700353741645812,Azaphilones,0.997461199760437,Azaphilones,0.9750028848648072,NA,NA,NA,NA,Azaphilones,0.9750028848648072,Organoheterocyclic compounds,0.9859931468963624,Organic compounds; Organoheterocyclic compounds; Pyrans; Ketones; Alcohols and polyols; Ethers; Organic acids and derivatives; Organooxygen compounds; Secondary alcohols; Tertiary alcohols; Carbonyl compounds; Acyloins; Polyols; Azaphilones; Cyclic ketones; Organic oxides; Oxacyclic compounds; Hydrocarbon derivatives; Cyclohexenones; Organic oxygen compounds; Chemical entities
FT_1.213_265.07180,no name,C12H12O4,L3.1,yes,C12H12O4,[M + CH2O2 - H]-,C13H14O6,Shikimates and Phenylpropanoids,0.563499927520752,Coumarins,0.6112725138664246,Azaphilones,0.5221342444419861,Benzopyrans,0.6751375198364258,NA,NA,NA,NA,Benzopyrans,0.6751375198364258,Organoheterocyclic compounds,0.8287845253944397,Organic compounds; Organoheterocyclic compounds; Lactones; Pyrans; Ketones; Benzopyrans; Phenols; Phenylpropanoids and polyketides; Organic acids and derivatives; Organooxygen compounds; Carbonyl compounds; Benzenoids; Organic oxides; Oxacyclic compounds; Hydrocarbon derivatives; Organic oxygen compounds; Chemical entities
FT_1.219_287.22285,no name,C16H32O4,L3.1,yes,C16H32O4,[M - H]-,C16H32O4,Polyketides,0.6186324954032898,Aromatic polyketides,0.5238256454467773,Simple aromatic polyketides,0.3292444050312042,Primary alcohols,0.6187507510185242,Primary alcohols,0.6187507510185242,Alcohols and polyols,0.6765874028205872,Organooxygen compounds,0.99998140335083,Organic oxygen compounds,0.999985694885254,Organic compounds; Alcohols and polyols; Primary alcohols; Organooxygen compounds; Organic oxides; Hydrocarbon derivatives; Organic oxygen compounds; Chemical entities
FT_1.223_327.16036,no name,C20H24O4,L3.1,yes,C20H24O4,[M - H]-,C20H24O4,Shikimates and Phenylpropanoids,0.779028594493866,Coumarins,0.6362549662590027,Simple coumarins,0.5073922276496887,Coumarins and derivatives,0.6010794043540955,NA,NA,NA,NA,Coumarins and derivatives,0.6010794043540955,Phenylpropanoids and polyketides,0.8981164693832397,Organic compounds; Organoheterocyclic compounds; Pyrans; Ketones; Benzopyrans; Alkyl aryl ethers; Phenols; Coumarins and derivatives; Ethers; Phenylpropanoids and polyketides; Organic acids and derivatives; Organooxygen compounds; Pyranones and derivatives; Carbonyl compounds; Benzene and substituted derivatives; Benzenoids; 1-benzopyrans; Aryl ketones; Vinylogous acids; Organic oxides; Oxacyclic compounds; Heteroaromatic compounds; Hydrocarbon derivatives; Organic oxygen compounds; Chemical entities
FT_1.223_467.28041,no name,C29H40O5,L3.1,yes,C29H40O5,[M - H]-,C29H40O5,Polyketides,0.7296015620231628,Meroterpenoids,0.6842179894447327,Tetraketide meroterpenoids,0.750271201133728,Sesquiterpenoids,0.6436838507652283,NA,NA,Sesquiterpenoids,0.6436838507652283,Prenol lipids,0.9263298511505128,Lipids and lipid-like molecules,0.903383731842041,Organic compounds; Lipids and lipid-like molecules; Ketones; Aldehydes; Alcohols and polyols; Phenols; Resorcinols; Prenol lipids; Organic acids and derivatives; Benzoyl derivatives; Organooxygen compounds; Toluenes; Cresols; Meta cresols; Benzenediols; Benzaldehydes; Sesquiterpenoids; Carbonyl compounds; Benzene and substituted derivatives; Benzenoids; Aryl-aldehydes; Vinylogous acids; Organic oxides; Hydroxybenzaldehydes; Hydrocarbon derivatives; Organic oxygen compounds; Chemical entities
FT_1.233_413.23389,no name,C25H34O5,L3.1,yes,C25H34O5,[M - H]-,C25H34O5,Polyketides,0.7386932373046875,Meroterpenoids,0.8993675708770752,Tetraketide meroterpenoids,0.9577230215072632,Sesquiterpenoids,0.5546218752861023,NA,NA,Sesquiterpenoids,0.5546218752861023,Prenol lipids,0.7703602910041809,Lipids and lipid-like molecules,0.780119001865387,Organic compounds; Lipids and lipid-like molecules; Aldehydes; Alcohols and polyols; Phenols; Resorcinols; Prenol lipids; Organic acids and derivatives; Benzoyl derivatives; Organooxygen compounds; Toluenes; Cresols; Meta cresols; Benzenediols; Benzaldehydes; Sesquiterpenoids; Carbonyl compounds; Benzene and substituted derivatives; Benzenoids; Aryl-aldehydes; Vinylogous acids; Organic oxides; Hydroxybenzaldehydes; Hydrocarbon derivatives; Organic oxygen compounds; 1-hydroxy-2-unsubstituted benzenoids; Chemical entities
FT_1.237_249.11303,no name,C14H18O4,L3.1,yes,C14H18O4,[M - H]-,C14H18O4,Polyketides,0.7115879058837891,Chromanes,0.3526322543621063,Naphthalenones,0.2562456429004669,Anisoles,0.8989747762680054,NA,NA,Anisoles,0.8989747762680054,Phenol ethers,0.921043872833252,Benzenoids,0.99986469745636,Organic compounds; Ketones; Alkyl aryl ethers; Phenols; Anisoles; Ethers; Organic acids and derivatives; Organooxygen compounds; Carbonyl compounds; Phenol ethers; Benzenoids; Aryl ketones; Aryl alkyl ketones; Vinylogous acids; Organic oxides; Hydrocarbon derivatives; Organic oxygen compounds; 1-hydroxy-2-unsubstituted benzenoids; 1-hydroxy-4-unsubstituted benzenoids; Chemical entities
FT_1.238_429.11936,no name,C22H22O9,L3.1,yes,C22H22O9,[M - H]-,C22H22O9,Polyketides,0.6975644826889038,Aromatic polyketides,0.6185193061828613,Depsidones,0.735366702079773,Diarylethers,0.7316478490829468,Diarylethers,0.7316478490829468,Ethers,0.8897489309310913,Organooxygen compounds,0.9999936819076538,Organic oxygen compounds,0.9999579191207886,"Organic compounds; Organoheterocyclic compounds; Lactones; Alkyl aryl ethers; Alcohols and polyols; Phenols; Anisoles; Ethers; Organic acids and derivatives; Carboxylic acids and derivatives; Organooxygen compounds; Carboxylic acid derivatives; Carboxylic acid esters; Benzene and substituted derivatives; Phenol ethers; Benzenoids; Diarylethers; Dioxepines; 1,4-dioxepines; Vinylogous acids; Organic oxides; Oxacyclic compounds; Hydrocarbon derivatives; Organic oxygen compounds; 1-hydroxy-2-unsubstituted benzenoids; Chemical entities"
FT_1.242_497.18200,no name,C27H30O9,L3.1,yes,C27H30O9,[M - H]-,C27H30O9,Polyketides,0.5797855854034424,Aromatic polyketides,0.465043842792511,Depsidones,0.3022078573703766,Benzopyrans,0.5142679810523987,NA,NA,NA,NA,Benzopyrans,0.5142679810523987,Organoheterocyclic compounds,0.8567039966583252,Organic compounds; Organoheterocyclic compounds; Lactones; Ketones; Benzopyrans; Aldehydes; Alcohols and polyols; Phenols; Ethers; Organic acids and derivatives; Carboxylic acids and derivatives; Organooxygen compounds; Carboxylic acid derivatives; Carboxylic acid esters; Benzaldehydes; Carbonyl compounds; Benzene and substituted derivatives; Benzenoids; Aryl-aldehydes; Vinylogous acids; Organic oxides; Hydroxybenzaldehydes; Oxacyclic compounds; Hydrocarbon derivatives; Organic oxygen compounds; Chemical entities
FT_1.245_261.11298,no name,C15H18O4,L3.1,yes,C15H18O4,[M - H]-,C15H18O4,Polyketides,0.5395711660385132,Meroterpenoids,0.5664340853691101,Simple aromatic polyketides,0.2042675018310547,Hydroxybenzaldehydes,0.7129632830619812,Aldehydes,0.5128269791603088,Carbonyl compounds,0.8047577142715454,Organooxygen compounds,0.9999775886535645,Organic oxygen compounds,0.9999709129333496,Organic compounds; Aldehydes; Phenols; Resorcinols; Ethers; Organic acids and derivatives; Benzoyl derivatives; Organooxygen compounds; Monocarboxylic acids and derivatives; Benzenediols; Benzaldehydes; Carbonyl compounds; Benzene and substituted derivatives; Benzenoids; Aryl-aldehydes; Vinylogous acids; Organic oxides; Hydroxybenzaldehydes; Hydrocarbon derivatives; Organic oxygen compounds; Chemical entities
FT_1.246_319.15525,no name,C18H24O5,L3.1,yes,C18H24O5,[M - H]-,C18H24O5,Polyketides,0.7001982927322388,Cyclic polyketides,0.3809256851673126,Azaphilones,0.3772677779197693,Anisoles,0.5720130801200867,NA,NA,Anisoles,0.5720130801200867,Phenol ethers,0.5544708371162415,Benzenoids,0.94156414270401,Organic compounds; Organoheterocyclic compounds; Lipids and lipid-like molecules; Lactones; Alkyl aryl ethers; Phenols; Anisoles; Ethers; Fatty acids and conjugates; Organic acids and derivatives; Carboxylic acids and derivatives; Organooxygen compounds; Unsaturated fatty acids; Carboxylic acid derivatives; Monocarboxylic acids and derivatives; Carboxylic acid esters; Carbonyl compounds; Phenol ethers; Benzenoids; Medium-chain fatty acids; Vinylogous acids; Fatty Acyls; Organic oxides; Oxacyclic compounds; Hydrocarbon derivatives; Organic oxygen compounds; Chemical entities
FT_1.246_357.26494,no name,C20H38O5,L3.1,yes,C20H38O5,[M - H]-,C20H38O5,Polyketides,0.5036579370498657,Fatty Acids and Conjugates,0.17832884192466736,Open-chain polyketides,0.13554120063781738,Hydroxy fatty acids,0.5700094699859619,Hydroxy fatty acids,0.5700094699859619,Fatty acids and conjugates,0.6841594576835632,Fatty Acyls,0.8617029786109924,Lipids and lipid-like molecules,0.8648244738578796,Organic compounds; Lipids and lipid-like molecules; Alcohols and polyols; Fatty acids and conjugates; Organic acids and derivatives; Carboxylic acids and derivatives; Primary alcohols; Organooxygen compounds; Hydroxy fatty acids; Monocarboxylic acids and derivatives; Carboxylic acids; Secondary alcohols; Carbonyl compounds; Fatty Acyls; Organic oxides; Hydrocarbon derivatives; Organic oxygen compounds; Chemical entities
FT_1.253_251.09247,no name,C13H16O5,L3.1,yes,C13H16O5,[M - H]-,C13H16O5,Polyketides,0.8089197874069214,Chromanes,0.7527197599411011,Chromones,0.568601667881012,Alkyl-phenylketones,0.5608400702476501,Ketones,0.959782898426056,Carbonyl compounds,0.958032250404358,Organooxygen compounds,0.9999997615814208,Organic oxygen compounds,0.9999985694885254,Organic compounds; Organoheterocyclic compounds; Ketones; Acetophenones; Benzopyrans; Alcohols and polyols; Phenols; Organic acids and derivatives; Organooxygen compounds; Secondary alcohols; Carbonyl compounds; Polyols; Benzenoids; Aryl ketones; Aryl alkyl ketones; Vinylogous acids; Organic oxides; Oxacyclic compounds; Hydrocarbon derivatives; Alkyl-phenylketones; Organic oxygen compounds; 1-hydroxy-2-unsubstituted benzenoids; 1-hydroxy-4-unsubstituted benzenoids; Chemical entities
FT_1.261_467.17135,no name,C26H28O8,L3.1,yes,C26H28O8,[M - H]-,C26H28O8,Shikimates and Phenylpropanoids,0.6776623725891113,Isoflavonoids,0.5406287312507629,Isoflavanones,0.5604416131973267,Chromones,0.7045302987098694,Chromones,0.7045302987098694,1-benzopyrans,0.6802303194999695,Benzopyrans,0.7087295055389404,Organoheterocyclic compounds,0.8761654496192932,Organic compounds; Organoheterocyclic compounds; Ketones; Benzopyrans; Alkyl aryl ethers; Phenols; Resorcinols; Chromones; Ethers; Phenylpropanoids and polyketides; Organic acids and derivatives; Carboxylic acids and derivatives; Organooxygen compounds; Carboxylic acids; Benzenediols; Carbonyl compounds; Benzene and substituted derivatives; Benzenoids; 1-benzopyrans; Aryl ketones; Aryl alkyl ketones; Vinylogous acids; Organic oxides; Oxacyclic compounds; Hydrocarbon derivatives; Organic oxygen compounds; 1-hydroxy-2-unsubstituted benzenoids; 1-hydroxy-4-unsubstituted benzenoids; Chemical entities
FT_1.264_481.15057,no name,C25H24O7,L3.1,yes,C25H24O7,[M + CH2O2 - H]-,C26H26O9,Shikimates and Phenylpropanoids,0.72358238697052,Isoflavonoids,0.6922861933708191,Isoflavones,0.4985273480415344,8-prenylated isoflavanones,0.5432802438735962,Isoflavanones,0.7374764084815979,Isoflavans,0.6379258632659912,Isoflavonoids,0.6316582560539246,Phenylpropanoids and polyketides,0.5998830795288086,"Organic compounds; Organoheterocyclic compounds; Pyrans; Ketones; Benzopyrans; Alkyl aryl ethers; Phenols; Chromones; Ethers; Phenylpropanoids and polyketides; Organic acids and derivatives; Organooxygen compounds; Isoflavans; Isoflavanones; Carbonyl compounds; Benzenoids; Isoflavonoids; Aryl-aldehydes; 1-benzopyrans; 2,2-dimethyl-1-benzopyrans; 8-prenylated isoflavanones; Pyranochromenes; Aryl ketones; Vinylogous acids; Organic oxides; Oxacyclic compounds; Hydrocarbon derivatives; Hydroxyisoflavonoids; Organic oxygen compounds; 1-hydroxy-2-unsubstituted benzenoids; 1-hydroxy-4-unsubstituted benzenoids; Chemical entities"
FT_1.267_427.14013,no name,C23H24O8,L3.1,yes,C23H24O8,[M - H]-,C23H24O8,Shikimates and Phenylpropanoids,0.5094253420829773,Aromatic polyketides,0.2807715833187103,Depsides,0.3671239912509918,Phenol ethers,0.5145987272262573,NA,NA,NA,NA,Phenol ethers,0.5145987272262573,Benzenoids,0.9692808389663696,Organic compounds; Organoheterocyclic compounds; Lipids and lipid-like molecules; Alcohols and polyols; Phenols; Ethers; Phenylpropanoids and polyketides; Organic acids and derivatives; Carboxylic acids and derivatives; Organooxygen compounds; Dicarboxylic acids and derivatives; Carboxylic acid derivatives; Carboxylic acid esters; Carbonyl compounds; Benzene and substituted derivatives; Phenol ethers; Benzenoids; Organic oxides; Oxacyclic compounds; Hydrocarbon derivatives; Organic oxygen compounds; 1-hydroxy-2-unsubstituted benzenoids; Chemical entities
FT_1.271_525.17657,no name,C28H30O10,L3.1,yes,C28H30O10,[M - H]-,C28H30O10,Terpenoids,0.6692536473274231,Triterpenoids,0.614337682723999,Limonoids,0.6368340253829956,Naphthopyrans,0.7778521180152893,NA,NA,NA,NA,Naphthopyrans,0.7778521180152893,Organoheterocyclic compounds,0.935748279094696,Organic compounds; Organoheterocyclic compounds; Lipids and lipid-like molecules; Naphthalenes; Lactones; Pyrans; Ketones; Alcohols and polyols; Ethers; Organic acids and derivatives; Carboxylic acids and derivatives; Organooxygen compounds; Dicarboxylic acids and derivatives; Carboxylic acid derivatives; Carboxylic acid esters; Naphthopyrans; Carbonyl compounds; Oxanes; Benzenoids; Organic oxides; Oxacyclic compounds; Hydrocarbon derivatives; Organic oxygen compounds; Chemical entities
FT_1.271_525.24919,no name,C30H38O8,L3.1,yes,C30H38O8,[M - H]-,C30H38O8,Terpenoids,0.7062854766845703,Meroterpenoids,0.6780632734298706,Tetraketide meroterpenoids,0.597682535648346,1-hydroxy-2-unsubstituted benzenoids,0.5696253180503845,NA,NA,1-hydroxy-2-unsubstituted benzenoids,0.5696253180503845,Phenols,0.6940694451332092,Benzenoids,0.9339666366577148,Organic compounds; Organoheterocyclic compounds; Lipids and lipid-like molecules; Ketones; Phenols; Ethers; Organic acids and derivatives; Carboxylic acids and derivatives; Organooxygen compounds; Carboxylic acid derivatives; Monocarboxylic acids and derivatives; Carboxylic acids; Carboxylic acid esters; Carbonyl compounds; Benzenoids; Aryl-aldehydes; Organic oxides; Oxacyclic compounds; Hydrocarbon derivatives; Organic oxygen compounds; 1-hydroxy-2-unsubstituted benzenoids; Chemical entities
FT_1.273_347.11378,no name,C18H20O7,L3.1,yes,C18H20O7,[M - H]-,C18H20O7,Polyketides,0.5445179343223572,Polycyclic aromatic polyketides,0.39433810114860535,Phthalide derivatives,0.2142196148633957,1-hydroxy-2-unsubstituted benzenoids,0.7286691069602966,NA,NA,1-hydroxy-2-unsubstituted benzenoids,0.7286691069602966,Phenols,0.7051133513450623,Benzenoids,0.8997460603713989,Organic compounds; Ketones; Alcohols and polyols; Phenols; Organic acids and derivatives; Carboxylic acids and derivatives; Organooxygen compounds; Carboxylic acid esters; Secondary alcohols; Carbonyl compounds; Benzene and substituted derivatives; Polyols; Benzenoids; Organic oxides; Oxacyclic compounds; Hydrocarbon derivatives; Organic oxygen compounds; 1-hydroxy-2-unsubstituted benzenoids; Chemical entities
FT_1.285_387.21811,no name,C23H32O5,L3.1,yes,C23H32O5,[M - H]-,C23H32O5,Terpenoids,0.8072159290313721,Meroterpenoids,0.8140401244163513,Drimane sesquiterpenoids,0.9081887602806092,Phthalides,0.6782788634300232,Phthalides,0.6782788634300232,Isobenzofuranones,0.6637638807296753,Isocoumarans,0.6967097520828247,Organoheterocyclic compounds,0.9635902047157288,Organic compounds; Organoheterocyclic compounds; Lactones; Alkyl aryl ethers; Alcohols and polyols; Phenols; Ethers; Organic acids and derivatives; Carboxylic acids and derivatives; Organooxygen compounds; Carboxylic acid derivatives; Monocarboxylic acids and derivatives; Carboxylic acid esters; Cyclic alcohols and derivatives; Secondary alcohols; Phthalides; Benzenoids; Aromatic alcohols; Isobenzofuranones; Organic oxides; Oxacyclic compounds; Hydrocarbon derivatives; Coumarans; Isocoumarans; Organic oxygen compounds; 1-hydroxy-2-unsubstituted benzenoids; Chemical entities
FT_1.285_467.20745,no name,C27H32O7,L3.1,yes,C27H32O7,[M - H]-,C27H32O7,Shikimates and Phenylpropanoids,0.6632598638534546,Isoflavonoids,0.3872156739234924,Plant xanthones,0.3629226982593536,Chromones,0.7122172117233276,Chromones,0.7122172117233276,1-benzopyrans,0.6373768448829651,Benzopyrans,0.6139115691184998,Organoheterocyclic compounds,0.6508631706237793,Organic compounds; Organoheterocyclic compounds; Ketones; Benzopyrans; Alkyl aryl ethers; Alcohols and polyols; Phenols; Chromones; Ethers; Organic acids and derivatives; Organooxygen compounds; Benzenediols; Carbonyl compounds; Benzene and substituted derivatives; Benzenoids; 1-benzopyrans; Aryl ketones; Vinylogous acids; Organic oxides; Oxacyclic compounds; Hydrocarbon derivatives; Organic oxygen compounds; 1-hydroxy-2-unsubstituted benzenoids; 1-hydroxy-4-unsubstituted benzenoids; Chemical entities
FT_1.288_285.11331,no name,C17H18O4,L3.1,yes,C17H18O4,[M - H]-,C17H18O4,Shikimates and Phenylpropanoids,0.6388047933578491,Stilbenoids,0.22468145191669464,Chalcones,0.4088272750377655,Benzoyl derivatives,0.5395747423171997,NA,NA,Benzoyl derivatives,0.5395747423171997,Benzene and substituted derivatives,0.8401009440422058,Benzenoids,0.9984525442123412,Organic compounds; Styrenes; Ketones; Alkyl aryl ethers; Phenols; Ethers; Phenylpropanoids and polyketides; Organic acids and derivatives; Carboxylic acids and derivatives; Benzoyl derivatives; Organooxygen compounds; Monocarboxylic acids and derivatives; Carbonyl compounds; Benzene and substituted derivatives; Benzenoids; Aryl ketones; Vinylogous acids; Organic oxides; Hydrocarbon derivatives; Organic oxygen compounds; Chemical entities
FT_1.290_311.16868,no name,C17H28O3S,L3.1,yes,C17H28O3S,[M - H]-,C17H28O3S,Terpenoids,0.6953759789466858,Sesquiterpenoids,0.6409452557563782,Drimane sesquiterpenoids,0.2096839100122452,Lipids and lipid-like molecules,0.5746593475341797,NA,NA,NA,NA,NA,NA,Lipids and lipid-like molecules,0.5746593475341797,Organic compounds; Lipids and lipid-like molecules; Organic acids and derivatives; Organooxygen compounds; Carbonyl compounds; Organic oxides; Hydrocarbon derivatives; Organic oxygen compounds; Chemical entities
FT_1.290_385.20224,no name,C23H30O5,L3.1,yes,C23H30O5,[M - H]-,C23H30O5,Terpenoids,0.4150528013706207,Lignans,0.2447112053632736,Dimeric phloroglucinols,0.19302022457122803,Aryl alkyl ketones,0.508452832698822,Ketones,0.7012042999267578,Carbonyl compounds,0.7099376916885376,Organooxygen compounds,0.9999508857727052,Organic oxygen compounds,0.9998447895050048,Organic compounds; Ketones; Alcohols and polyols; Phenols; Organooxygen compounds; Benzenediols; Carbonyl compounds; Benzene and substituted derivatives; Benzenoids; Aryl ketones; Aryl alkyl ketones; Vinylogous acids; Organic oxides; Oxacyclic compounds; Hydrocarbon derivatives; Organic oxygen compounds; Chemical entities
FT_1.291_237.07697,no name,C12H14O5,L3.1,yes,C12H14O5,[M - H]-,C12H14O5,Polyketides,0.6691011786460876,Aromatic polyketides,0.2954796254634857,Aromatic polyketides with side chains,0.587814450263977,Alkyl-phenylketones,0.5597613453865051,Ketones,0.8476806879043579,Carbonyl compounds,0.8943638801574707,Organooxygen compounds,0.9999997615814208,Organic oxygen compounds,0.9999985694885254,Organic compounds; Organoheterocyclic compounds; Lactones; Ketones; Acetophenones; Benzopyrans; Alcohols and polyols; Phenols; Resorcinols; Organic acids and derivatives; Carboxylic acids and derivatives; Organooxygen compounds; Carboxylic acid derivatives; Monocarboxylic acids and derivatives; Carboxylic acid esters; Carbonyl compounds; Benzene and substituted derivatives; Benzenoids; 2-benzopyrans; Aryl ketones; Aryl alkyl ketones; Vinylogous acids; Organic oxides; Oxacyclic compounds; Hydrocarbon derivatives; Alkyl-phenylketones; Organic oxygen compounds; 1-hydroxy-2-unsubstituted benzenoids; 1-hydroxy-4-unsubstituted benzenoids; Chemical entities
FT_1.291_305.06679,no name,C15H14O7,L3.1,yes,C15H14O7,[M - H]-,C15H14O7,Polyketides,0.5567882657051086,Cyclic polyketides,0.35557642579078674,Phthalide derivatives,0.3326939046382904,Hydroxybenzoic acid derivatives,0.5333799719810486,Hydroxybenzoic acid derivatives,0.5333799719810486,Benzoic acids and derivatives,0.45896244049072266,Benzene and substituted derivatives,0.8509871363639832,Benzenoids,0.9346816539764404,Organic compounds; Organoheterocyclic compounds; Alcohols and polyols; Phenols; Organic acids and derivatives; Carboxylic acids and derivatives; Organooxygen compounds; Hydroxybenzoic acid derivatives; Benzene and substituted derivatives; Polyols; Benzenoids; Vinylogous acids; Organic oxides; Oxacyclic compounds; Hydrocarbon derivatives; Organic oxygen compounds; Chemical entities
FT_1.291_423.10895,no name,C23H20O8,L3.1,yes,C23H20O8,[M - H]-,C23H20O8,Shikimates and Phenylpropanoids,0.5215327143669128,Aromatic polyketides,0.5213419198989868,Depsidones,0.66008061170578,Chromones,0.525797963142395,Chromones,0.525797963142395,1-benzopyrans,0.6019918918609619,Benzopyrans,0.6402909755706787,Organoheterocyclic compounds,0.8685752153396606,"Organic compounds; Organoheterocyclic compounds; Lactones; Pyrans; Benzopyrans; Phenols; Chromones; Ethers; Phenylpropanoids and polyketides; Organic acids and derivatives; Carboxylic acids and derivatives; Organooxygen compounds; Pyranones and derivatives; Carboxylic acids; Carbonyl compounds; Benzene and substituted derivatives; Benzenoids; Dioxepines; 1,4-dioxepines; 1-benzopyrans; Vinylogous acids; Organic oxides; Oxacyclic compounds; Heteroaromatic compounds; Hydrocarbon derivatives; Organic oxygen compounds; 1-hydroxy-2-unsubstituted benzenoids; Chemical entities"
FT_1.292_295.08236,no name,C13H14O5,L3.1,yes,C13H14O5,[M + CH2O2 - H]-,C14H16O7,Shikimates and Phenylpropanoids,0.6813012957572937,Phenylpropanoids (C6-C3),0.7271637916564941,Cinnamic acids and derivatives,0.783647358417511,Coumaric acids and derivatives,0.5106346607208252,Coumaric acids and derivatives,0.5106346607208252,Hydroxycinnamic acids and derivatives,0.5523298978805542,Cinnamic acids and derivatives,0.5579426288604736,Phenylpropanoids and polyketides,0.7239477634429932,Organic compounds; Styrenes; Coumaric acids and derivatives; Alkyl aryl ethers; Ethers; Phenylpropanoids and polyketides; Organic acids and derivatives; Carboxylic acids and derivatives; Organooxygen compounds; Cinnamic acids and derivatives; Hydroxycinnamic acids and derivatives; Carbonyl compounds; Benzene and substituted derivatives; Benzenoids; Organic oxides; Hydrocarbon derivatives; Organic oxygen compounds; Chemical entities
FT_1.293_267.08754,no name,C13H16O6,L3.1,yes,C13H16O6,[M - H]-,C13H16O6,Polyketides,0.6675571799278259,Chromanes,0.4891203045845032,Azaphilones,0.5393847227096558,Alkyl-phenylketones,0.5400245189666748,Ketones,0.6889539361000061,Carbonyl compounds,0.7230784296989441,Organooxygen compounds,0.9999961853027344,Organic oxygen compounds,0.9999910593032836,Organic compounds; Organoheterocyclic compounds; Ketones; Benzopyrans; Alcohols and polyols; Phenols; Resorcinols; Ethers; Organic acids and derivatives; Benzoyl derivatives; Organooxygen compounds; Hemiacetals; Secondary alcohols; Carbonyl compounds; Benzene and substituted derivatives; Benzenoids; 2-benzopyrans; Aryl ketones; Aryl alkyl ketones; Vinylogous acids; Organic oxides; Oxacyclic compounds; Hydrocarbon derivatives; Alkyl-phenylketones; Organic oxygen compounds; Chemical entities
FT_1.293_281.10314,no name,C13H16O4,L3.1,yes,C13H16O4,[M + CH2O2 - H]-,C14H18O6,Shikimates and Phenylpropanoids,0.7936287522315979,Phenylpropanoids (C6-C3),0.8289748430252075,Cinnamic acids and derivatives,0.8699215054512024,Coumaric acids and derivatives,0.69753098487854,Coumaric acids and derivatives,0.69753098487854,Hydroxycinnamic acids and derivatives,0.6752654314041138,Cinnamic acids and derivatives,0.6952396035194397,Phenylpropanoids and polyketides,0.8178930282592773,"Organic compounds; Lipids and lipid-like molecules; Styrenes; Coumaric acids and derivatives; Alkyl aryl ethers; Phenols; Anisoles; Ethers; Phenylpropanoids and polyketides; Organic acids and derivatives; Carboxylic acids and derivatives; Organooxygen compounds; Fatty acid esters; Cinnamic acids and derivatives; Carboxylic acid derivatives; Monocarboxylic acids and derivatives; Carboxylic acid esters; Hydroxycinnamic acids and derivatives; Carbonyl compounds; Benzene and substituted derivatives; Phenol ethers; Benzenoids; Cinnamic acid esters; Enoate esters; Alpha,beta-unsaturated carboxylic esters; Fatty Acyls; Organic oxides; Methoxybenzenes; Hydrocarbon derivatives; Organic oxygen compounds; 1-hydroxy-2-unsubstituted benzenoids; Phenoxy compounds; Chemical entities"
FT_1.294_281.10314,no name,C14H18O6,L3.1,yes,C14H18O6,[M - H]-,C14H18O6,Polyketides,0.5377005338668823,Chromanes,0.5173227787017822,Trichothecane sesquiterpenoids,0.3812972903251648,Cyclohexenones,0.5291010737419128,Ketones,0.6974143981933594,Carbonyl compounds,0.7742765545845032,Organooxygen compounds,0.9999982118606568,Organic oxygen compounds,0.99999237060546875,Organic compounds; Organoheterocyclic compounds; Ketones; Alcohols and polyols; Ethers; Primary alcohols; Organooxygen compounds; Dialkyl ethers; Secondary alcohols; Carbonyl compounds; Polyols; Organic oxides; Oxacyclic compounds; Hydrocarbon derivatives; Cyclohexenones; Organic oxygen compounds; Chemical entities
FT_1.296_357.17100,no name,C21H26O5,L3.1,yes,C21H26O5,[M - H]-,C21H26O5,Terpenoids,0.2994650602340698,Diphenyl ethers (DPEs),0.31654882431030273,Fungal DPEs,0.3241264820098877,Benzenoids,0.821071445941925,NA,NA,NA,NA,NA,NA,Benzenoids,0.821071445941925,Organic compounds; Organoheterocyclic compounds; Lactones; Ketones; Alcohols and polyols; Organic acids and derivatives; Carboxylic acids and derivatives; Organooxygen compounds; Carboxylic acid derivatives; Carboxylic acid esters; Carbonyl compounds; Benzenoids; Organic oxides; Oxacyclic compounds; Hydrocarbon derivatives; Organic oxygen compounds; Chemical entities
FT_1.297_333.09825,no name,C17H18O7,L3.1,yes,C17H18O7,[M - H]-,C17H18O7,Polyketides,0.7193544507026672,Macrolides,0.7668986320495605,Zearalenones,0.8744786381721497,Macrolides and analogues,0.5717222094535828,NA,NA,NA,NA,Macrolides and analogues,0.5717222094535828,Phenylpropanoids and polyketides,0.37377113103866577,Organic compounds; Organoheterocyclic compounds; Lactones; Ketones; Phenols; Macrolides and analogues; Organic acids and derivatives; Carboxylic acids and derivatives; Organooxygen compounds; Carboxylic acid derivatives; Monocarboxylic acids and derivatives; Carboxylic acid esters; Hydroxybenzoic acid derivatives; Carbonyl compounds; Benzenoids; Aryl ketones; Aryl alkyl ketones; Vinylogous acids; Organic oxides; Oxacyclic compounds; Hydrocarbon derivatives; Organic oxygen compounds; 1-hydroxy-2-unsubstituted benzenoids; 1-hydroxy-4-unsubstituted benzenoids; Chemical entities
FT_1.298_355.15506,no name,C21H24O5,L3.1,yes,C21H24O5,[M - H]-,C21H24O5,Terpenoids,0.5135017037391663,Diphenyl ethers (DPEs),0.27873533964157104,Fungal DPEs,0.2789197564125061,Anisoles,0.5345890522003174,NA,NA,Anisoles,0.5345890522003174,Phenol ethers,0.6406412720680237,Benzenoids,0.96130633354187,Organic compounds; Organoheterocyclic compounds; Alkyl aryl ethers; Alcohols and polyols; Phenols; Anisoles; Ethers; Organic acids and derivatives; Carboxylic acids and derivatives; Organooxygen compounds; Carbonyl compounds; Benzene and substituted derivatives; Phenol ethers; Benzenoids; Organic oxides; Oxacyclic compounds; Hydrocarbon derivatives; Organic oxygen compounds; Chemical entities
FT_1.298_395.15023,no name,C23H24O6,L3.1,yes,C23H24O6,[M - H]-,C23H24O6,Terpenoids,0.5100895762443542,Aromatic polyketides,0.1798287332057953,Abeoabietane diterpenoids,0.11896229535341264,Hydroxybenzaldehydes,0.5366326570510864,Aldehydes,0.28435197472572327,Carbonyl compounds,0.8884391784667969,Organooxygen compounds,0.9999984502792358,Organic oxygen compounds,0.9999942779541016,Organic compounds; Organoheterocyclic compounds; Ketones; Alcohols and polyols; Phenols; Organic acids and derivatives; Organooxygen compounds; Benzaldehydes; Tertiary alcohols; Carbonyl compounds; Benzenoids; Aryl-aldehydes; Vinylogous acids; Organic oxides; Hydroxybenzaldehydes; Oxacyclic compounds; Hydrocarbon derivatives; Organic oxygen compounds; Chemical entities
FT_1.300_219.02975,no name,C11H8O5,L3.1,yes,C11H8O5,[M - H]-,C11H8O5,Shikimates and Phenylpropanoids,0.8461205959320068,Coumarins,0.926766276359558,Simple coumarins,0.8422485589981079,7-hydroxycoumarins,0.9262199401855468,7-hydroxycoumarins,0.9262199401855468,Hydroxycoumarins,0.9781733155250548,Coumarins and derivatives,0.962044894695282,Phenylpropanoids and polyketides,0.9870545268058776,Organic compounds; Organoheterocyclic compounds; Lactones; Pyrans; Benzopyrans; Alkyl aryl ethers; Phenols; Anisoles; Coumarins and derivatives; Ethers; Phenylpropanoids and polyketides; Organooxygen compounds; Pyranones and derivatives; Benzenoids; Hydroxycoumarins; 7-hydroxycoumarins; 1-benzopyrans; Organic oxides; Oxacyclic compounds; Heteroaromatic compounds; Hydrocarbon derivatives; Organic oxygen compounds; 1-hydroxy-2-unsubstituted benzenoids; Chemical entities
FT_1.301_263.05623,no name,C13H12O6,L3.1,yes,C13H12O6,[M - H]-,C13H12O6,Polyketides,0.5588954091072083,Chromanes,0.6721293330192566,Azaphilones,0.7072558403015137,2-benzopyrans,0.8280805349349976,NA,NA,2-benzopyrans,0.8280805349349976,Benzopyrans,0.856415867805481,Organoheterocyclic compounds,0.960986077785492,Organic compounds; Organoheterocyclic compounds; Pyrans; Benzopyrans; Phenols; Benzoic acids and derivatives; Ethers; Organic acids and derivatives; Carboxylic acids and derivatives; Organooxygen compounds; Salicylic acid and derivatives; Monocarboxylic acids and derivatives; Carboxylic acids; Hydroxybenzoic acid derivatives; Carbonyl compounds; Benzenoids; 2-benzopyrans; Vinylogous acids; Organic oxides; Oxacyclic compounds; Hydrocarbon derivatives; Organic oxygen compounds; 1-hydroxy-2-unsubstituted benzenoids; 1-hydroxy-4-unsubstituted benzenoids; Chemical entities
FT_1.301_383.18654,no name,C23H28O5,L3.1,yes,C23H28O5,[M - H]-,C23H28O5,Shikimates and Phenylpropanoids,0.7435826659202576,Isoflavonoids,0.664068341255188,Isoflavanones,0.7218003273010254,Isoflavanols,0.7119978666305542,Isoflavanols,0.7119978666305542,Isoflavans,0.6472328305244446,Isoflavonoids,0.5681467056274414,Phenylpropanoids and polyketides,0.8693519234657288,Organic compounds; Organoheterocyclic compounds; Ketones; Benzopyrans; Alkyl aryl ethers; Phenols; Resorcinols; Chromones; Ethers; Phenylpropanoids and polyketides; Organooxygen compounds; Benzenediols; Isoflavans; Isoflavanones; Isoflavanols; Carbonyl compounds; Benzene and substituted derivatives; Phenol ethers; Benzenoids; Isoflavonoids; 1-benzopyrans; Aryl ketones; Aryl alkyl ketones; Organic oxides; Oxacyclic compounds; Hydrocarbon derivatives; Hydroxyisoflavonoids; Organic oxygen compounds; 1-hydroxy-2-unsubstituted benzenoids; 1-hydroxy-4-unsubstituted benzenoids; Chemical entities
FT_1.307_247.06142,no name,C13H12O5,L3.1,yes,C13H12O5,[M - H]-,C13H12O5,Shikimates and Phenylpropanoids,0.5513495206832886,Coumarins,0.5153707265853882,Isocoumarins,0.5601125359535217,2-benzopyrans,0.621345043182373,NA,NA,2-benzopyrans,0.621345043182373,Benzopyrans,0.56586456298828125,Organoheterocyclic compounds,0.9411876797676086,Organic compounds; Organoheterocyclic compounds; Lactones; Benzopyrans; Alcohols and polyols; Phenols; Ethers; Organic acids and derivatives; Carboxylic acids and derivatives; Organooxygen compounds; Carboxylic acid derivatives; Monocarboxylic acids and derivatives; Carboxylic acid esters; Benzene and substituted derivatives; Benzenoids; 2-benzopyrans; Vinylogous acids; Organic oxides; Oxacyclic compounds; Hydrocarbon derivatives; Organic oxygen compounds; 1-hydroxy-4-unsubstituted benzenoids; Chemical entities
FT_1.308_327.16034,no name,C20H24O4,L3.1,yes,C20H24O4,[M - H]-,C20H24O4,Shikimates and Phenylpropanoids,0.829023540019989,Lignans,0.931897521018982,Dibenzylbutane lignans,0.5532363057136536,Tetrahydrofuran lignans,0.6955514550209045,NA,NA,Tetrahydrofuran lignans,0.6955514550209045,Furanoid lignans,0.8716058135032654,"Lignans, neolignans and related compounds",0.9344244599342346,"Organic compounds; Organoheterocyclic compounds; Alkyl aryl ethers; Phenols; Anisoles; Ethers; Organooxygen compounds; Lignans, neolignans and related compounds; Tetrahydrofuran lignans; Dibenzylbutane lignans; Benzene and substituted derivatives; Phenol ethers; Benzenoids; Furanoid lignans; Methoxybenzenes; Oxacyclic compounds; Hydrocarbon derivatives; Organic oxygen compounds; Phenoxy compounds; Chemical entities"
FT_1.308_343.15527,no name,C20H24O5,L3.1,yes,C20H24O5,[M - H]-,C20H24O5,Terpenoids,0.497683584690094,Steroids,0.19288448989391327,Linear diarylheptanoids,0.16102898120880127,Lipids and lipid-like molecules,0.544303297996521,NA,NA,NA,NA,NA,NA,Lipids and lipid-like molecules,0.544303297996521,Organic compounds; Lipids and lipid-like molecules; Ketones; Alcohols and polyols; Organooxygen compounds; Tertiary alcohols; Carbonyl compounds; Cyclic ketones; Organic oxides; Hydrocarbon derivatives; Organic oxygen compounds; Chemical entities
FT_1.310_427.21304,no name,C25H32O6,L3.1,yes,C25H32O6,[M - H]-,C25H32O6,Polyketides,0.5857526659965515,Meroterpenoids,0.4139203727245331,Tetraketide meroterpenoids,0.5398391485214233,1-benzopyrans,0.6243162155151367,NA,NA,1-benzopyrans,0.6243162155151367,Benzopyrans,0.6155780553817749,Organoheterocyclic compounds,0.872161328792572,Organic compounds; Organoheterocyclic compounds; Lactones; Benzopyrans; Alkyl aryl ethers; Alcohols and polyols; Phenols; Anisoles; Ethers; Organic acids and derivatives; Carboxylic acids and derivatives; Primary alcohols; Organooxygen compounds; Carboxylic acid derivatives; Monocarboxylic acids and derivatives; Carboxylic acid esters; Benzene and substituted derivatives; Phenol ethers; Benzenoids; Aromatic alcohols; 1-benzopyrans; Vinylogous acids; Organic oxides; Oxacyclic compounds; Hydrocarbon derivatives; Organic oxygen compounds; 1-hydroxy-2-unsubstituted benzenoids; 1-hydroxy-4-unsubstituted benzenoids; Chemical entities
FT_1.315_319.15528,no name,C18H24O5,L3.1,yes,C18H24O5,[M - H]-,C18H24O5,Polyketides,0.6445889472961426,Macrolides,0.44765782356262207,Zearalenones,0.5050303936004639,1-hydroxy-4-unsubstituted benzenoids,0.626324474811554,NA,NA,1-hydroxy-4-unsubstituted benzenoids,0.626324474811554,Phenols,0.6931756734848022,Benzenoids,0.9619571566581726,Organic compounds; Organoheterocyclic compounds; Lactones; Phenols; Ethers; Organic acids and derivatives; Carboxylic acids and derivatives; Organooxygen compounds; Carboxylic acid derivatives; Monocarboxylic acids and derivatives; Carboxylic acid esters; Carbonyl compounds; Benzenoids; Vinylogous acids; Organic oxides; Oxacyclic compounds; Hydrocarbon derivatives; Organic oxygen compounds; 1-hydroxy-4-unsubstituted benzenoids; Chemical entities
FT_1.321_467.17130,no name,C26H28O8,L3.1,yes,C26H28O8,[M - H]-,C26H28O8,Shikimates and Phenylpropanoids,0.6661624312400818,Lignans,0.58395916223526,Neolignans,0.5259720087051392,Chromones,0.5467771887779236,Chromones,0.5467771887779236,1-benzopyrans,0.5762768387794495,Benzopyrans,0.5733298659324646,Organoheterocyclic compounds,0.8478018045425415,Organic compounds; Organoheterocyclic compounds; Benzopyrans; Alkyl aryl ethers; Alcohols and polyols; Phenols; Anisoles; Chromones; Ethers; Organic acids and derivatives; Organooxygen compounds; Benzenediols; Carbonyl compounds; Benzene and substituted derivatives; Phenol ethers; Benzenoids; 1-benzopyrans; Vinylogous acids; Organic oxides; Oxacyclic compounds; Hydrocarbon derivatives; Organic oxygen compounds; 1-hydroxy-2-unsubstituted benzenoids; 1-hydroxy-4-unsubstituted benzenoids; Chemical entities
FT_1.327_325.14472,no name,C20H22O4,L3.1,yes,C20H22O4,[M - H]-,C20H22O4,Shikimates and Phenylpropanoids,0.8563553094863892,Lignans,0.7632998824119568,Neolignans,0.6241012215614319,"Lignans, neolignans and related compounds",0.7477821111679077,NA,NA,NA,NA,NA,NA,"Lignans, neolignans and related compounds",0.7477821111679077,"Organic compounds; Styrenes; Alkyl aryl ethers; Phenols; Anisoles; Methoxyphenols; Ethers; Phenylpropanoids and polyketides; Organic acids and derivatives; Carboxylic acids and derivatives; Organooxygen compounds; Monocarboxylic acids and derivatives; Lignans, neolignans and related compounds; Carbonyl compounds; Benzene and substituted derivatives; Phenol ethers; Benzenoids; Organic oxides; Methoxybenzenes; Hydrocarbon derivatives; Organic oxygen compounds; 1-hydroxy-2-unsubstituted benzenoids; Phenoxy compounds; Chemical entities"
FT_1.330_425.08821,no name,C22H18O9,L3.1,yes,C22H18O9,[M - H]-,C22H18O9,Polyketides,0.6930022835731506,Aromatic polyketides,0.7174229621887207,Depsidones,0.7894782423973083,Depsides and depsidones,0.5726031064987183,NA,NA,NA,NA,Depsides and depsidones,0.5726031064987183,Phenylpropanoids and polyketides,0.5038242340087891,"Organic compounds; Organoheterocyclic compounds; Lactones; Aldehydes; Alkyl aryl ethers; Phenols; Ethers; Phenylpropanoids and polyketides; Organic acids and derivatives; Carboxylic acids and derivatives; Organooxygen compounds; Carboxylic acid derivatives; Carboxylic acid esters; Benzaldehydes; Depsides and depsidones; Carbonyl compounds; Benzene and substituted derivatives; Benzenoids; Diarylethers; Dioxepines; 1,4-dioxepines; Aryl-aldehydes; Vinylogous acids; Organic oxides; Hydroxybenzaldehydes; Oxacyclic compounds; Hydrocarbon derivatives; Organic oxygen compounds; 1-hydroxy-2-unsubstituted benzenoids; 1-hydroxy-4-unsubstituted benzenoids; Chemical entities"
FT_1.332_169.08703,no name,C9H14O3,L3.1,yes,C9H14O3,[M - H]-,C9H14O3,Fatty acids,0.25429677963256836,Monoterpenoids,0.3757782578468323,Unsaturated fatty acids,0.24545413255691528,Carboxylic acids,0.9704196453094482,NA,NA,Carboxylic acids,0.9704196453094482,Carboxylic acids and derivatives,0.9929882884025574,Organic acids and derivatives,0.998412013053894,Organic compounds; Organic acids and derivatives; Carboxylic acids and derivatives; Organooxygen compounds; Monocarboxylic acids and derivatives; Carboxylic acids; Carbonyl compounds; Organic oxides; Hydrocarbon derivatives; Organic oxygen compounds; Chemical entities
FT_1.335_199.09780,no name,C10H16O4,L3.1,yes,C10H16O4,[M - H]-,C10H16O4,Shikimates and Phenylpropanoids,0.30712372064590454,Aromatic polyketides,0.5307170152664185,Simple aromatic polyketides,0.8069050908088684,1-hydroxy-2-unsubstituted benzenoids,0.8877303600311279,NA,NA,1-hydroxy-2-unsubstituted benzenoids,0.8877303600311279,Phenols,0.8947705626487732,Benzenoids,0.9870738983154296,"Organic compounds; Alcohols and polyols; Phenols; Primary alcohols; Organooxygen compounds; Secondary alcohols; Benzene and substituted derivatives; Benzenoids; 1,2-diols; Aromatic alcohols; Hydrocarbon derivatives; Organic oxygen compounds; 1-hydroxy-2-unsubstituted benzenoids; Chemical entities"
FT_1.337_381.13431,no name,C22H22O6,L3.1,yes,C22H22O6,[M - H]-,C22H22O6,Shikimates and Phenylpropanoids,0.5823835730552673,Coumarins,0.3689538836479187,Pyranocoumarins,0.2537369728088379,Pyranochromenes,0.6032442450523376,Pyranochromenes,0.6032442450523376,1-benzopyrans,0.8641906380653381,Benzopyrans,0.8734656572341919,Organoheterocyclic compounds,0.982229709625244,"Organic compounds; Organoheterocyclic compounds; Pyrans; Benzopyrans; Alkyl aryl ethers; Alcohols and polyols; Phenols; Chromones; Ethers; Phenylpropanoids and polyketides; Organic acids and derivatives; Organooxygen compounds; Pyranones and derivatives; Benzene and substituted derivatives; Benzenoids; 1-benzopyrans; 2,2-dimethyl-1-benzopyrans; Pyranochromenes; Vinylogous acids; Organic oxides; Oxacyclic compounds; Heteroaromatic compounds; Hydrocarbon derivatives; Organic oxygen compounds; 1-hydroxy-2-unsubstituted benzenoids; Chemical entities"
FT_1.341_427.17662,no name,C24H28O7,L3.1,yes,C24H28O7,[M - H]-,C24H28O7,Polyketides,0.8059428930282593,Aromatic polyketides,0.6739657521247864,Depsidones,0.948359191417694,Depsides and depsidones,0.510586142539978,NA,NA,NA,NA,Depsides and depsidones,0.510586142539978,Phenylpropanoids and polyketides,0.40733522176742554,"Organic compounds; Organoheterocyclic compounds; Lactones; Ketones; Alkyl aryl ethers; Phenols; Anisoles; Ethers; Organic acids and derivatives; Carboxylic acids and derivatives; Organooxygen compounds; Carboxylic acid derivatives; Monocarboxylic acids and derivatives; Carboxylic acid esters; Cresols; Depsides and depsidones; Carbonyl compounds; Benzene and substituted derivatives; Phenol ethers; Benzenoids; Diarylethers; Dioxepines; 1,4-dioxepines; Vinylogous acids; Organic oxides; Oxacyclic compounds; Hydrocarbon derivatives; Organic oxygen compounds; 1-hydroxy-2-unsubstituted benzenoids; 1-hydroxy-4-unsubstituted benzenoids; Chemical entities"
FT_1.343_429.11941,no name,C22H22O9,L3.1,yes,C22H22O9,[M - H]-,C22H22O9,Polyketides,0.7263556122779846,Chromanes,0.6641245484352112,Azaphilones,0.8537052869796753,Azaphilones,0.7560304403305054,NA,NA,NA,NA,Azaphilones,0.7560304403305054,Organoheterocyclic compounds,0.803941547870636,Organic compounds; Organoheterocyclic compounds; Pyrans; Ketones; Alkyl aryl ethers; Alcohols and polyols; Phenols; Anisoles; Benzoic acids and derivatives; Methoxyphenols; Ethers; Organic acids and derivatives; Carboxylic acids and derivatives; Organooxygen compounds; Salicylic acid and derivatives; Carboxylic acid derivatives; Monocarboxylic acids and derivatives; Carboxylic acid esters; Hydroxybenzoic acid derivatives; Cresols; Meta cresols; Benzoic acid esters; Tertiary alcohols; Carbonyl compounds; Benzene and substituted derivatives; Phenol ethers; Methoxybenzoic acids and derivatives; O-methoxybenzoic acids and derivatives; Benzenoids; Azaphilones; Organic oxides; Methoxybenzenes; Oxacyclic compounds; Hydrocarbon derivatives; Cyclohexenones; Organic oxygen compounds; 1-hydroxy-2-unsubstituted benzenoids; 1-hydroxy-4-unsubstituted benzenoids; o-Hydroxybenzoic acid esters; p-Hydroxybenzoic acid esters; Phenoxy compounds; Chemical entities
FT_1.344_469.25995,no name,C28H38O6,L3.1,yes,C28H38O6,[M - H]-,C28H38O6,Terpenoids,0.8048281669616699,Triterpenoids,0.5493656396865845,Ergostane steroids,0.7410131096839905,Withanolides and derivatives,0.635615885257721,Withanolides and derivatives,0.635615885257721,Steroid lactones,0.4334822595119476,Steroids and steroid derivatives,0.7049887776374817,Lipids and lipid-like molecules,0.9472241997718812,"Organic compounds; Organoheterocyclic compounds; Lipids and lipid-like molecules; Lactones; Pyrans; Ketones; Alcohols and polyols; Steroids and steroid derivatives; Prenol lipids; Organic acids and derivatives; Carboxylic acids and derivatives; Primary alcohols; Organooxygen compounds; Pyranones and derivatives; Carboxylic acid derivatives; Monocarboxylic acids and derivatives; Oxosteroids; Carboxylic acids; Dihydropyranones; Carboxylic acid esters; Hydroxysteroids; Bile acids, alcohols and derivatives; Withanolides and derivatives; Secondary alcohols; Carbonyl compounds; Cyclic ketones; Enoate esters; Alpha,beta-unsaturated carboxylic esters; Organic oxides; Hydrocarbon derivatives; Cyclohexenones; Organic oxygen compounds; Chemical entities"
FT_1.344_495.16626,no name,C27H28O9,L3.1,yes,C27H28O9,[M - H]-,C27H28O9,Shikimates and Phenylpropanoids,0.6152068972587585,Lignans,0.5414290428161621,Neolignans,0.498352974653244,Chromones,0.5851147174835205,Chromones,0.5851147174835205,1-benzopyrans,0.6433530449867249,Benzopyrans,0.6181200742721558,Organoheterocyclic compounds,0.9121804237365724,Organic compounds; Organoheterocyclic compounds; Pyrans; Benzopyrans; Alkyl aryl ethers; Alcohols and polyols; Phenols; Chromones; Ethers; Phenylpropanoids and polyketides; Organic acids and derivatives; Organooxygen compounds; Pyranones and derivatives; Carbonyl compounds; Benzene and substituted derivatives; Benzenoids; 1-benzopyrans; Vinylogous acids; Organic oxides; Oxacyclic compounds; Heteroaromatic compounds; Hydrocarbon derivatives; Organic oxygen compounds; 1-hydroxy-2-unsubstituted benzenoids; Chemical entities
FT_1.349_483.20246,no name,C27H32O8,L3.1,yes,C27H32O8,[M - H]-,C27H32O8,Polyketides,0.7065014839172363,Meroterpenoids,0.3778057992458343,Tetraketide meroterpenoids,0.5936808586120605,1-hydroxy-2-unsubstituted benzenoids,0.6232284307479858,NA,NA,1-hydroxy-2-unsubstituted benzenoids,0.6232284307479858,Phenols,0.7649158239364624,Benzenoids,0.8980507850646973,Organic compounds; Organoheterocyclic compounds; Lactones; Ketones; Alcohols and polyols; Phenols; Ethers; Organic acids and derivatives; Carboxylic acids and derivatives; Organooxygen compounds; Carboxylic acid derivatives; Carboxylic acid esters; Carbonyl compounds; Benzene and substituted derivatives; Benzenoids; Aryl-aldehydes; Organic oxides; Oxacyclic compounds; Hydrocarbon derivatives; Cyclohexenones; Organic oxygen compounds; 1-hydroxy-2-unsubstituted benzenoids; Chemical entities
FT_1.356_395.11391,no name,C22H20O7,L3.1,yes,C22H20O7,[M - H]-,C22H20O7,Polyketides,0.55550616979599,Aromatic polyketides,0.5416428446769714,Depsidones,0.4429195821285248,Alkyl aryl ethers,0.5639230012893677,Alkyl aryl ethers,0.5639230012893677,Ethers,0.6539405584335327,Organooxygen compounds,0.9999964237213136,Organic oxygen compounds,0.9999842643737792,Organic compounds; Organoheterocyclic compounds; Alkyl aryl ethers; Phenols; Ethers; Phenylpropanoids and polyketides; Organic acids and derivatives; Carboxylic acids and derivatives; Organooxygen compounds; Carboxylic acid derivatives; Carboxylic acid esters; Carbonyl compounds; Benzene and substituted derivatives; Benzenoids; Vinylogous acids; Organic oxides; Oxacyclic compounds; Hydrocarbon derivatives; Organic oxygen compounds; 1-hydroxy-2-unsubstituted benzenoids; Chemical entities
FT_1.364_485.29102,no name,C29H42O6,L3.1,yes,C29H42O6,[M - H]-,C29H42O6,Polyketides,0.6515461206436157,Meroterpenoids,0.3916764557361603,Phloroglucinol-terpene hybrids,0.41655832529067993,Sesquiterpenoids,0.6501847505569458,NA,NA,Sesquiterpenoids,0.6501847505569458,Prenol lipids,0.7012377977371216,Lipids and lipid-like molecules,0.7117992639541626,Organic compounds; Organoheterocyclic compounds; Lipids and lipid-like molecules; Ketones; Aldehydes; Alcohols and polyols; Phenols; Prenol lipids; Organic acids and derivatives; Benzoyl derivatives; Organooxygen compounds; Benzaldehydes; Sesquiterpenoids; Tertiary alcohols; Carbonyl compounds; Polyols; Benzenoids; Aryl-aldehydes; Vinylogous acids; Organic oxides; Hydroxybenzaldehydes; Oxacyclic compounds; Hydrocarbon derivatives; Organic oxygen compounds; Chemical entities
FT_1.366_331.11917,no name,C18H20O6,L3.1,yes,C18H20O6,[M - H]-,C18H20O6,Polyketides,0.6828470230102539,Chromanes,0.7444255352020264,Azaphilones,0.8296498656272888,1-hydroxy-2-unsubstituted benzenoids,0.8271556496620178,NA,NA,1-hydroxy-2-unsubstituted benzenoids,0.8271556496620178,Phenols,0.8178040385246277,Benzenoids,0.8714851140975952,Organic compounds; Organoheterocyclic compounds; Ketones; Alcohols and polyols; Phenols; Organic acids and derivatives; Organooxygen compounds; Secondary alcohols; Carbonyl compounds; Polyols; Benzenoids; Cyclic ketones; Vinylogous acids; Organic oxides; Oxacyclic compounds; Hydrocarbon derivatives; Cyclohexenones; Organic oxygen compounds; 1-hydroxy-2-unsubstituted benzenoids; 1-hydroxy-4-unsubstituted benzenoids; Chemical entities
FT_1.367_295.08240,no name,C14H16O7,L3.1,yes,C14H16O7,[M - H]-,C14H16O7,Polyketides,0.6643805503845215,Aromatic polyketides,0.37075990438461304,Simple phenolic acids,0.3154943585395813,Alkyl-phenylketones,0.6045970916748047,Ketones,0.6784213781356812,Carbonyl compounds,0.7131940126419067,Organooxygen compounds,0.9999639987945556,Organic oxygen compounds,0.9998093247413636,Organic compounds; Ketones; Alkyl aryl ethers; Phenols; Anisoles; Benzoic acids and derivatives; Ethers; Organic acids and derivatives; Carboxylic acids and derivatives; Benzoyl derivatives; Organooxygen compounds; Carboxylic acids; Hydroxybenzoic acid derivatives; Carbonyl compounds; Benzene and substituted derivatives; Phenol ethers; Benzenoids; Aryl ketones; Aryl alkyl ketones; Vinylogous acids; Organic oxides; Oxacyclic compounds; Hydrocarbon derivatives; Phenylketones; Alkyl-phenylketones; Organic oxygen compounds; Chemical entities
FT_1.368_179.07147,no name,C10H12O3,L3.1,yes,C10H12O3,[M - H]-,C10H12O3,Shikimates and Phenylpropanoids,0.3906543254852295,Meroterpenoids,0.3717804253101349,Meromonoterpenoids,0.3447200655937195,Alkyl-phenylketones,0.7694456577301025,Ketones,0.7178053855895996,Carbonyl compounds,0.855124294757843,Organooxygen compounds,0.9999731779098512,Organic oxygen compounds,0.9999179840087892,Organic compounds; Ketones; Acetophenones; Phenols; Benzoyl derivatives; Organooxygen compounds; Carbonyl compounds; Benzene and substituted derivatives; Benzenoids; Aryl ketones; Aryl alkyl ketones; Organic oxides; Hydrocarbon derivatives; Phenylketones; Alkyl-phenylketones; Organic oxygen compounds; 1-hydroxy-2-unsubstituted benzenoids; Chemical entities
FT_1.368_451.13998,no name,C25H24O8,L3.1,yes,C25H24O8,[M - H]-,C25H24O8,Shikimates and Phenylpropanoids,0.6174361705780029,Isoflavonoids,0.6319928169250488,Rotenoids,0.7160542011260986,Rotenones,0.7156627774238586,Rotenones,0.7156627774238586,Rotenoids,0.7149051427841187,Isoflavonoids,0.593437671661377,Phenylpropanoids and polyketides,0.6678254008293152,"Organic compounds; Organoheterocyclic compounds; Pyrans; Ketones; Benzopyrans; Alkyl aryl ethers; Alcohols and polyols; Phenols; Anisoles; Chromones; Ethers; Phenylpropanoids and polyketides; Organic acids and derivatives; Organooxygen compounds; Pyranones and derivatives; Rotenoids; Tertiary alcohols; Isoflavanones; Carbonyl compounds; Benzenoids; Isoflavonoids; 1-benzopyrans; 2,2-dimethyl-1-benzopyrans; 8-prenylated isoflavanones; Rotenones; Vinylogous acids; Organic oxides; Oxacyclic compounds; Heteroaromatic compounds; Hydrocarbon derivatives; Organic oxygen compounds; 1-hydroxy-2-unsubstituted benzenoids; Chemical entities"
FT_1.369_403.21305,no name,C23H32O6,L3.1,yes,C23H32O6,[M - H]-,C23H32O6,Polyketides,0.6405203938484192,Meroterpenoids,0.818548858165741,Tetraketide meroterpenoids,0.8301675319671631,Anisoles,0.8159290552139282,NA,NA,Anisoles,0.8159290552139282,Phenol ethers,0.8642106652259827,Benzenoids,0.9840866923332214,Organic compounds; Lipids and lipid-like molecules; Alkyl aryl ethers; Alcohols and polyols; Phenols; Anisoles; Ethers; Organic acids and derivatives; Carboxylic acids and derivatives; Organooxygen compounds; Carboxylic acid esters; Cresols; Meta cresols; Benzenediols; Secondary alcohols; Carbonyl compounds; Benzene and substituted derivatives; Phenol ethers; Benzenoids; Organic oxides; Hydrocarbon derivatives; Organic oxygen compounds; Chemical entities
FT_1.370_399.18175,no name,C23H28O6,L3.1,yes,C23H28O6,[M - H]-,C23H28O6,Terpenoids,0.3606684803962707,Diphenyl ethers (DPEs),0.4228677749633789,Pregnane steroids,0.4845869839191437,"Gluco/mineralocorticoids, progestogins and derivatives",0.5232023596763611,"Gluco/mineralocorticoids, progestogins and derivatives",0.5232023596763611,Pregnane steroids,0.47267746925354,Steroids and steroid derivatives,0.2794053554534912,Lipids and lipid-like molecules,0.2130048871040344,"Organic compounds; Ketones; Alcohols and polyols; Phenols; Organic acids and derivatives; Organooxygen compounds; Gluco/mineralocorticoids, progestogins and derivatives; Carbonyl compounds; Benzene and substituted derivatives; Benzenoids; Cyclic ketones; Organic oxides; Hydrocarbon derivatives; Organic oxygen compounds; 1-hydroxy-2-unsubstituted benzenoids; 1-hydroxy-4-unsubstituted benzenoids; Chemical entities"
FT_1.376_291.08757,no name,C14H14O4,L3.1,yes,C14H14O4,[M + CH2O2 - H]-,C15H16O6,Shikimates and Phenylpropanoids,0.7014765739440918,Coumarins,0.8008599877357483,Simple coumarins,0.540743350982666,Coumarins and derivatives,0.8708589673042297,NA,NA,NA,NA,Coumarins and derivatives,0.8708589673042297,Phenylpropanoids and polyketides,0.8614621162414551,Organic compounds; Organoheterocyclic compounds; Lactones; Pyrans; Benzopyrans; Coumarins and derivatives; Ethers; Phenylpropanoids and polyketides; Organic acids and derivatives; Organooxygen compounds; Pyranones and derivatives; Monocarboxylic acids and derivatives; Carbonyl compounds; Benzenoids; 1-benzopyrans; Organic oxides; Oxacyclic compounds; Heteroaromatic compounds; Hydrocarbon derivatives; Organic oxygen compounds; Chemical entities
FT_1.376_401.12467,no name,C21H22O8,L3.1,yes,C21H22O8,[M - H]-,C21H22O8,Shikimates and Phenylpropanoids,0.5239951610565186,Coumarins,0.4441503882408142,Zearalenones,0.5976102352142334,Zearalenones,0.5245751142501831,NA,NA,Zearalenones,0.5245751142501831,Macrolides and analogues,0.3082330822944641,Phenylpropanoids and polyketides,0.8128311634063721,Organic compounds; Organoheterocyclic compounds; Lactones; Ketones; Benzopyrans; Alkyl aryl ethers; Phenols; Chromones; Ethers; Phenylpropanoids and polyketides; Organic acids and derivatives; Carboxylic acids and derivatives; Organooxygen compounds; Carboxylic acid derivatives; Carboxylic acid esters; Zearalenones; Carbonyl compounds; Benzenoids; 1-benzopyrans; Vinylogous acids; Organic oxides; Oxacyclic compounds; Hydrocarbon derivatives; Organic oxygen compounds; 1-hydroxy-2-unsubstituted benzenoids; 1-hydroxy-4-unsubstituted benzenoids; Chemical entities
FT_1.382_371.18649,no name,C22H28O5,L3.1,yes,C22H28O5,[M - H]-,C22H28O5,Polyketides,0.5360937714576721,Meroterpenoids,0.6131033301353455,Tetraketide meroterpenoids,0.4327029585838318,Hydroxybenzaldehydes,0.5679180026054382,Aldehydes,0.33044156432151794,Carbonyl compounds,0.4000373184680938,Organooxygen compounds,0.9999974966049194,Organic oxygen compounds,0.999987244606018,Organic compounds; Alkyl aryl ethers; Alcohols and polyols; Phenols; Resorcinols; Organic acids and derivatives; Carboxylic acids and derivatives; Organooxygen compounds; Monocarboxylic acids and derivatives; Carboxylic acids; Benzenediols; Benzaldehydes; Benzene and substituted derivatives; Benzenoids; Aryl-aldehydes; Vinylogous acids; Organic oxides; Hydroxybenzaldehydes; Oxacyclic compounds; Hydrocarbon derivatives; Organic oxygen compounds; 1-hydroxy-2-unsubstituted benzenoids; 1-hydroxy-4-unsubstituted benzenoids; Chemical entities
FT_1.382_453.19203,no name,C26H30O7,L3.1,yes,C26H30O7,[M - H]-,C26H30O7,Polyketides,0.5983058214187622,Aromatic polyketides,0.37386706471443176,Tetraketide meroterpenoids,0.3432238698005676,1-benzopyrans,0.6440256237983704,NA,NA,1-benzopyrans,0.6440256237983704,Benzopyrans,0.6446443796157837,Organoheterocyclic compounds,0.8746366500854492,Organic compounds; Organoheterocyclic compounds; Benzopyrans; Alkyl aryl ethers; Phenols; Anisoles; Benzoic acids and derivatives; Ethers; Organic acids and derivatives; Carboxylic acids and derivatives; Benzoyl derivatives; Organooxygen compounds; Dicarboxylic acids and derivatives; Carboxylic acid derivatives; Carboxylic acids; Carboxylic acid esters; Hydroxybenzoic acid derivatives; Benzene and substituted derivatives; Phenol ethers; Benzenoids; Benzoic acids; 1-benzopyrans; Vinylogous acids; Organic oxides; Oxacyclic compounds; Hydrocarbon derivatives; Organic oxygen compounds; Chemical entities
FT_1.384_321.09819,no name,C16H18O7,L3.1,yes,C16H18O7,[M - H]-,C16H18O7,Polyketides,0.7492430806159973,Macrolides,0.8279383778572083,Zearalenones,0.9247405529022216,Macrolides and analogues,0.734441876411438,NA,NA,NA,NA,Macrolides and analogues,0.734441876411438,Phenylpropanoids and polyketides,0.7894271016120911,Organic compounds; Organoheterocyclic compounds; Lactones; Ketones; Alcohols and polyols; Phenols; Macrolides and analogues; Ethers; Phenylpropanoids and polyketides; Organic acids and derivatives; Carboxylic acids and derivatives; Organooxygen compounds; Carboxylic acid derivatives; Monocarboxylic acids and derivatives; Carboxylic acid esters; Hydroxybenzoic acid derivatives; Carbonyl compounds; Benzenoids; Vinylogous acids; Organic oxides; Oxacyclic compounds; Hydrocarbon derivatives; Organic oxygen compounds; 1-hydroxy-2-unsubstituted benzenoids; 1-hydroxy-4-unsubstituted benzenoids; Chemical entities
FT_1.384_483.23888,no name,C28H36O7,L3.1,yes,C28H36O7,[M - H]-,C28H36O7,Polyketides,0.6622834205627441,Meroterpenoids,0.5120577216148376,Tetraketide meroterpenoids,0.5982008576393127,Hydroxybenzaldehydes,0.6888421773910522,Aldehydes,0.7029680609703064,Carbonyl compounds,0.9846308827400208,Organooxygen compounds,0.9999988079071044,Organic oxygen compounds,0.999992847442627,Organic compounds; Lipids and lipid-like molecules; Ketones; Aldehydes; Alcohols and polyols; Phenols; Organic acids and derivatives; Carboxylic acids and derivatives; Organooxygen compounds; Monocarboxylic acids and derivatives; Benzaldehydes; Carbonyl compounds; Benzenoids; Aryl-aldehydes; Cyclic ketones; Vinylogous acids; Organic oxides; Hydroxybenzaldehydes; Hydrocarbon derivatives; Organic oxygen compounds; Chemical entities
FT_1.385_209.08175,no name,C11H14O4,L3.1,yes,C11H14O4,[M - H]-,C11H14O4,Polyketides,0.43707841634750366,Aromatic polyketides,0.5150884985923767,Simple aromatic polyketides,0.7059621810913086,Anisoles,0.6903829574584961,NA,NA,Anisoles,0.6903829574584961,Phenol ethers,0.7144748568534851,Benzenoids,0.9951985478401184,Organic compounds; Alkyl aryl ethers; Alcohols and polyols; Phenols; Anisoles; Ethers; Primary alcohols; Organooxygen compounds; Secondary alcohols; Carbonyl compounds; Benzene and substituted derivatives; Phenol ethers; Benzenoids; Organic oxides; Methoxybenzenes; Hydrocarbon derivatives; Organic oxygen compounds; 1-hydroxy-2-unsubstituted benzenoids; Phenoxy compounds; Chemical entities
FT_1.385_401.19722,no name,C23H30O6,L3.1,yes,C23H30O6,[M - H]-,C23H30O6,Polyketides,0.6393117904663086,Coumarins,0.4702518880367279,Zearalenones,0.46163949370384216,Zearalenones,0.6132122278213501,NA,NA,Zearalenones,0.6132122278213501,Macrolides and analogues,0.261735200881958,Phenylpropanoids and polyketides,0.8457621335983276,Organic compounds; Organoheterocyclic compounds; Lactones; Ketones; Benzopyrans; Alkyl aryl ethers; Phenols; Ethers; Phenylpropanoids and polyketides; Organic acids and derivatives; Carboxylic acids and derivatives; Organooxygen compounds; Carboxylic acid derivatives; Monocarboxylic acids and derivatives; Carboxylic acid esters; Zearalenones; Carbonyl compounds; Benzene and substituted derivatives; Benzenoids; Vinylogous acids; Organic oxides; Oxacyclic compounds; Hydrocarbon derivatives; Organic oxygen compounds; 1-hydroxy-2-unsubstituted benzenoids; 1-hydroxy-4-unsubstituted benzenoids; Chemical entities
FT_1.386_285.11333,no name,C17H18O4,L3.1,yes,C17H18O4,[M - H]-,C17H18O4,Shikimates and Phenylpropanoids,0.8285096287727356,Flavonoids,0.4562584459781647,Monomeric stilbenes,0.5317304134368896,1-benzopyrans,0.5636928081512451,NA,NA,1-benzopyrans,0.5636928081512451,Benzopyrans,0.5616219639778137,Organoheterocyclic compounds,0.4456700384616852,Organic compounds; Benzopyrans; Alkyl aryl ethers; Anisoles; Ethers; Phenylpropanoids and polyketides; Organooxygen compounds; Benzene and substituted derivatives; Phenol ethers; Benzenoids; 1-benzopyrans; Organic oxides; Oxacyclic compounds; Hydrocarbon derivatives; Organic oxygen compounds; Chemical entities
FT_1.389_473.29108,no name,C28H42O6,L3.1,yes,C28H42O6,[M - H]-,C28H42O6,Terpenoids,0.6102879643440247,Meroterpenoids,0.5516703724861145,Tetraketide meroterpenoids,0.4057959020137787,Long-chain fatty alcohols,0.5493726134300232,Long-chain fatty alcohols,0.5493726134300232,Fatty alcohols,0.47546932101249695,Fatty Acyls,0.5470553040504456,Lipids and lipid-like molecules,0.8011324405670166,Organic compounds; Lipids and lipid-like molecules; Alcohols and polyols; Phenols; Prenol lipids; Organic acids and derivatives; Carboxylic acids and derivatives; Organooxygen compounds; Carboxylic acid derivatives; Monocarboxylic acids and derivatives; Carboxylic acid esters; Secondary alcohols; Tertiary alcohols; Carbonyl compounds; Long-chain fatty alcohols; Fatty Acyls; Organic oxides; Hydrocarbon derivatives; Organic oxygen compounds; Chemical entities
FT_1.393_249.11310,no name,C14H18O4,L3.1,yes,C14H18O4,[M - H]-,C14H18O4,Shikimates and Phenylpropanoids,0.5850114822387695,Coumarins,0.5105432271957397,Isocoumarins,0.545699417591095,Anisoles,0.640621542930603,NA,NA,Anisoles,0.640621542930603,Phenol ethers,0.6433917284011841,Benzenoids,0.999642014503479,Organic compounds; Ketones; Alkyl aryl ethers; Phenols; Anisoles; Ethers; Organic acids and derivatives; Carboxylic acids and derivatives; Organooxygen compounds; Carboxylic acid derivatives; Monocarboxylic acids and derivatives; Carboxylic acid esters; Carbonyl compounds; Benzene and substituted derivatives; Phenol ethers; Benzenoids; Aryl alkyl ketones; Vinylogous acids; Organic oxides; Oxacyclic compounds; Hydrocarbon derivatives; Organic oxygen compounds; Chemical entities
FT_1.397_233.08536,no name,C10H18O4S,L3.1,yes,C10H18O4S,[M - H]-,C10H18O4S,Fatty acids,0.5668298602104187,Octadecanoids,0.6266213059425354,Jasmonic acids,0.813823938369751,Lipids and lipid-like molecules,0.6148915886878967,NA,NA,NA,NA,NA,NA,Lipids and lipid-like molecules,0.6148915886878967,Organic compounds; Lipids and lipid-like molecules; Organic acids and derivatives; Organooxygen compounds; Organic sulfuric acids and derivatives; Sulfuric acid monoesters; Carbonyl compounds; Sulfuric acid esters; Alkyl sulfates; Organic oxides; Hydrocarbon derivatives; Organic oxygen compounds; Chemical entities
FT_1.400_181.08699,no name,C10H14O3,L3.1,yes,C10H14O3,[M - H]-,C10H14O3,Fatty acids,0.631746768951416,Octadecanoids,0.7851665019989014,Jasmonic acids,0.8844161033630371,Jasmonic acids,0.5835360288619995,Jasmonic acids,0.5835360288619995,Lineolic acids and derivatives,0.4542810320854187,Fatty Acyls,0.34196919202804565,Lipids and lipid-like molecules,0.5951260328292847,Organic compounds; Lipids and lipid-like molecules; Ketones; Organic acids and derivatives; Carboxylic acids and derivatives; Organooxygen compounds; Jasmonic acids; Monocarboxylic acids and derivatives; Carboxylic acids; Carbonyl compounds; Cyclic ketones; Organic oxides; Hydrocarbon derivatives; Organic oxygen compounds; Chemical entities
FT_1.406_481.18639,no name,C27H30O8,L3.1,yes,C27H30O8,[M - H]-,C27H30O8,Polyketides,0.6426657438278198,Aromatic polyketides,0.5194615125656128,Tetraketide meroterpenoids,0.2682059705257416,Hydroxybenzaldehydes,0.6504029035568237,Aldehydes,0.3402000367641449,Carbonyl compounds,0.8429667353630066,Organooxygen compounds,0.999992609024048,Organic oxygen compounds,0.9999690055847168,Organic compounds; Organoheterocyclic compounds; Ketones; Alcohols and polyols; Phenols; Resorcinols; Ethers; Organic acids and derivatives; Carboxylic acids and derivatives; Benzoyl derivatives; Organooxygen compounds; Cresols; Benzenediols; Benzaldehydes; Carbonyl compounds; Benzene and substituted derivatives; Benzenoids; Aryl-aldehydes; Vinylogous acids; Organic oxides; Hydroxybenzaldehydes; Oxacyclic compounds; Hydrocarbon derivatives; Organic oxygen compounds; Chemical entities
FT_1.407_281.06671,no name,C13H14O7,L3.1,yes,C13H14O7,[M - H]-,C13H14O7,Shikimates and Phenylpropanoids,0.658034086227417,Phenolic acids (C6-C1),0.4560379385948181,Isocoumarins,0.5724579095840454,p-Hydroxybenzoic acid alkyl esters,0.5858222842216492,Benzoic acid esters,0.5084648728370667,Benzoic acids and derivatives,0.8320515155792236,Benzene and substituted derivatives,0.940805971622467,Benzenoids,0.9922509789466858,Organic compounds; Alkyl aryl ethers; Alcohols and polyols; Phenols; Anisoles; Benzoic acids and derivatives; Ethers; Organic acids and derivatives; Carboxylic acids and derivatives; Benzoyl derivatives; Organooxygen compounds; Carboxylic acid derivatives; Monocarboxylic acids and derivatives; Carboxylic acid esters; Hydroxybenzoic acid derivatives; Benzoic acid esters; Carbonyl compounds; Benzene and substituted derivatives; Phenol ethers; Benzenoids; 2-benzopyrans; Vinylogous acids; Organic oxides; Hydrocarbon derivatives; Organic oxygen compounds; 1-hydroxy-2-unsubstituted benzenoids; 1-hydroxy-4-unsubstituted benzenoids; p-Hydroxybenzoic acid esters; p-Hydroxybenzoic acid alkyl esters; Chemical entities
FT_1.407_297.07691,no name,C17H14O5,L3.1,yes,C17H14O5,[M - H]-,C17H14O5,Shikimates and Phenylpropanoids,0.6634167432785034,Isoflavonoids,0.6277813911437988,Pterocarpan,0.46789371967315674,Isoflavans,0.6003546714782715,NA,NA,Isoflavans,0.6003546714782715,Isoflavonoids,0.5234597325325012,Phenylpropanoids and polyketides,0.6627949476242065,Organic compounds; Organoheterocyclic compounds; Benzopyrans; Alkyl aryl ethers; Phenols; Ethers; Phenylpropanoids and polyketides; Organic acids and derivatives; Organooxygen compounds; Benzenediols; Isoflavans; Benzenoids; Isoflavonoids; 1-benzopyrans; Vinylogous acids; Organic oxides; Oxacyclic compounds; Hydrocarbon derivatives; Organic oxygen compounds; 1-hydroxy-2-unsubstituted benzenoids; 1-hydroxy-4-unsubstituted benzenoids; Chemical entities
FT_1.407_413.19720,no name,C24H30O6,L3.1,yes,C24H30O6,[M - H]-,C24H30O6,Shikimates and Phenylpropanoids,0.581468403339386,Diphenyl ethers (DPEs),0.6180224418640137,Fungal DPEs,0.6770449280738831,Anisoles,0.7420830726623535,NA,NA,Anisoles,0.7420830726623535,Phenol ethers,0.7861108779907227,Benzenoids,0.9965986609458924,Organic compounds; Ketones; Alkyl aryl ethers; Phenols; Anisoles; Ethers; Phenylpropanoids and polyketides; Organic acids and derivatives; Carboxylic acids and derivatives; Organooxygen compounds; Carboxylic acid derivatives; Carboxylic acid esters; Carbonyl compounds; Benzene and substituted derivatives; Phenol ethers; Benzenoids; Organic oxides; Methoxybenzenes; Hydrocarbon derivatives; Organic oxygen compounds; 1-hydroxy-2-unsubstituted benzenoids; 1-hydroxy-4-unsubstituted benzenoids; Phenoxy compounds; Chemical entities
FT_1.407_481.11420,no name,C25H22O10,L3.1,yes,C25H22O10,[M - H]-,C25H22O10,Polyketides,0.6145194172859192,Aromatic polyketides,0.5414606332778931,Depsides,0.35815000534057617,Anisoles,0.539190948009491,NA,NA,Anisoles,0.539190948009491,Phenol ethers,0.5176775455474854,Benzenoids,0.9986149072647096,Organic compounds; Organoheterocyclic compounds; Alkyl aryl ethers; Phenols; Anisoles; Ethers; Phenylpropanoids and polyketides; Organic acids and derivatives; Carboxylic acids and derivatives; Organooxygen compounds; Dicarboxylic acids and derivatives; Carboxylic acid derivatives; Carboxylic acids; Carboxylic acid esters; Carbonyl compounds; Benzene and substituted derivatives; Phenol ethers; Benzenoids; Vinylogous acids; Organic oxides; Oxacyclic compounds; Hydrocarbon derivatives; Organic oxygen compounds; 1-hydroxy-2-unsubstituted benzenoids; 1-hydroxy-4-unsubstituted benzenoids; Chemical entities
FT_1.408_427.14016,no name,C23H24O8,L3.1,yes,C23H24O8,[M - H]-,C23H24O8,Polyketides,0.8696704506874084,Aromatic polyketides,0.7159079313278198,Depsidones,0.818691611289978,Depsides and depsidones,0.6466605067253113,NA,NA,NA,NA,Depsides and depsidones,0.6466605067253113,Phenylpropanoids and polyketides,0.6161697506904602,"Organic compounds; Organoheterocyclic compounds; Lactones; Alkyl aryl ethers; Phenols; Anisoles; Benzoic acids and derivatives; Ethers; Phenylpropanoids and polyketides; Organic acids and derivatives; Carboxylic acids and derivatives; Organooxygen compounds; Dicarboxylic acids and derivatives; Salicylic acid and derivatives; Carboxylic acid derivatives; Carboxylic acids; Carboxylic acid esters; Hydroxybenzoic acid derivatives; Depsides and depsidones; Carbonyl compounds; Benzene and substituted derivatives; Phenol ethers; Methoxybenzoic acids and derivatives; Benzenoids; Diarylethers; Dioxepines; 1,4-dioxepines; Vinylogous acids; Organic oxides; Oxacyclic compounds; Hydrocarbon derivatives; Organic oxygen compounds; 1-hydroxy-2-unsubstituted benzenoids; Chemical entities"
FT_1.409_385.16590,no name,C22H26O6,L3.1,yes,C22H26O6,[M - H]-,C22H26O6,Polyketides,0.5596420764923096,Diarylheptanoids,0.5381422638893127,Tetraketide meroterpenoids,0.42863306403160095,Anisoles,0.705315887928009,NA,NA,Anisoles,0.705315887928009,Phenol ethers,0.7137917280197144,Benzenoids,0.9838848114013672,Organic compounds; Organoheterocyclic compounds; Lactones; Ketones; Alkyl aryl ethers; Phenols; Anisoles; Ethers; Phenylpropanoids and polyketides; Organic acids and derivatives; Carboxylic acids and derivatives; Organooxygen compounds; Dicarboxylic acids and derivatives; Carboxylic acid derivatives; Carboxylic acid esters; Carbonyl compounds; Benzene and substituted derivatives; Phenol ethers; Benzenoids; Organic oxides; Oxacyclic compounds; Hydrocarbon derivatives; Organic oxygen compounds; 1-hydroxy-2-unsubstituted benzenoids; 1-hydroxy-4-unsubstituted benzenoids; Chemical entities
FT_1.413_429.22854,no name,C25H34O6,L3.1,yes,C25H34O6,[M - H]-,C25H34O6,Terpenoids,0.7167991399765015,Meroterpenoids,0.8270025849342346,Tetraketide meroterpenoids,0.880056619644165,Hydroxybenzaldehydes,0.7885218858718872,Aldehydes,0.8329104781150818,Carbonyl compounds,0.964369535446167,Organooxygen compounds,0.9999994039535522,Organic oxygen compounds,0.9999969005584716,Organic compounds; Lipids and lipid-like molecules; Aldehydes; Alkyl aryl ethers; Alcohols and polyols; Phenols; Resorcinols; Ethers; Prenol lipids; Organic acids and derivatives; Primary alcohols; Benzoyl derivatives; Organooxygen compounds; Cresols; Meta cresols; Benzenediols; Benzaldehydes; Secondary alcohols; Carbonyl compounds; Benzene and substituted derivatives; Benzenoids; Aryl-aldehydes; Vinylogous acids; Organic oxides; Hydroxybenzaldehydes; Hydrocarbon derivatives; Organic oxygen compounds; Chemical entities
FT_1.414_343.15521,no name,C20H24O5,L3.1,yes,C20H24O5,[M - H]-,C20H24O5,Shikimates and Phenylpropanoids,0.8237811326980591,Lignans,0.887626588344574,Furanoid lignans,0.29155102372169495,Tetrahydrofuran lignans,0.6351475119590759,NA,NA,Tetrahydrofuran lignans,0.6351475119590759,Furanoid lignans,0.7901216745376587,"Lignans, neolignans and related compounds",0.8997598886489868,"Organic compounds; Organoheterocyclic compounds; Alkyl aryl ethers; Phenols; Anisoles; Methoxyphenols; Ethers; Organooxygen compounds; Lignans, neolignans and related compounds; Tetrahydrofuran lignans; Benzene and substituted derivatives; Phenol ethers; Benzenoids; Furanoid lignans; Methoxybenzenes; Oxacyclic compounds; Hydrocarbon derivatives; Organic oxygen compounds; 1-hydroxy-2-unsubstituted benzenoids; Phenoxy compounds; Chemical entities"
FT_1.417_183.10271,no name,C10H16O3,L3.1,yes,C10H16O3,[M - H]-,C10H16O3,Terpenoids,0.49461162090301514,Aromatic polyketides,0.389899343252182,Simple aromatic polyketides,0.5309574007987976,1-hydroxy-2-unsubstituted benzenoids,0.801981508731842,NA,NA,1-hydroxy-2-unsubstituted benzenoids,0.801981508731842,Phenols,0.829931914806366,Benzenoids,0.9539384841918944,Organic compounds; Alcohols and polyols; Phenols; Organooxygen compounds; Secondary alcohols; Benzene and substituted derivatives; Benzenoids; Aromatic alcohols; Hydrocarbon derivatives; Organic oxygen compounds; 1-hydroxy-2-unsubstituted benzenoids; Chemical entities
FT_1.422_515.26523,no name,C29H40O8,L3.1,yes,C29H40O8,[M - H]-,C29H40O8,Terpenoids,0.6201250553131104,Meroterpenoids,0.6085306406021118,Tetraketide meroterpenoids,0.5582051277160645,Benzoic acids and derivatives,0.5611708760261536,NA,NA,Benzoic acids and derivatives,0.5611708760261536,Benzene and substituted derivatives,0.5830848217010498,Benzenoids,0.6761162877082825,Organic compounds; Lipids and lipid-like molecules; Ketones; Alcohols and polyols; Phenols; Benzoic acids and derivatives; Prenol lipids; Organic acids and derivatives; Carboxylic acids and derivatives; Benzoyl derivatives; Organooxygen compounds; Carboxylic acid derivatives; Carboxylic acids; Carboxylic acid esters; Carbonyl compounds; Benzene and substituted derivatives; Benzenoids; Vinylogous acids; Organic oxides; Hydrocarbon derivatives; Organic oxygen compounds; Chemical entities
FT_1.424_501.28601,no name,C29H42O7,L3.1,yes,C29H42O7,[M - H]-,C29H42O7,Polyketides,0.7795815467834473,Linear polyketides,0.47739100456237793,Open-chain polyketides,0.5930861234664917,Hydroxybenzoic acid derivatives,0.6229076981544495,Hydroxybenzoic acid derivatives,0.6229076981544495,Benzoic acids and derivatives,0.5216771364212036,Benzene and substituted derivatives,0.8269884586334229,Benzenoids,0.7444295883178711,Organic compounds; Organoheterocyclic compounds; Lipids and lipid-like molecules; Ketones; Alcohols and polyols; Phenols; Benzoic acids and derivatives; Ethers; Prenol lipids; Organic acids and derivatives; Carboxylic acids and derivatives; Benzoyl derivatives; Organooxygen compounds; Monocarboxylic acids and derivatives; Dialkyl ethers; Carboxylic acids; Hydroxybenzoic acid derivatives; Secondary alcohols; Tertiary alcohols; Carbonyl compounds; Oxanes; Benzene and substituted derivatives; Benzenoids; Vinylogous acids; Organic oxides; Oxacyclic compounds; Hydrocarbon derivatives; Organic oxygen compounds; Chemical entities
FT_1.428_405.22860,no name,C23H34O6,L3.1,yes,C23H34O6,[M - H]-,C23H34O6,Terpenoids,0.6548968553543091,Diterpenoids,0.605122447013855,Labdane diterpenoids,0.2011690139770508,Diterpenoids,0.6363862752914429,NA,NA,Diterpenoids,0.6363862752914429,Prenol lipids,0.540034830570221,Lipids and lipid-like molecules,0.7580776214599609,Organic compounds; Organoheterocyclic compounds; Lipids and lipid-like molecules; Alcohols and polyols; Prenol lipids; Organic acids and derivatives; Carboxylic acids and derivatives; Organooxygen compounds; Dicarboxylic acids and derivatives; Carboxylic acid derivatives; Carboxylic acid esters; Diterpenoids; Secondary alcohols; Carbonyl compounds; Organic oxides; Oxacyclic compounds; Hydrocarbon derivatives; Organic oxygen compounds; Chemical entities
FT_1.439_265.07184,no name,C13H14O6,L3.1,yes,C13H14O6,[M - H]-,C13H14O6,Polyketides,0.55191802978515625,Coumarins,0.38703471422195435,Isocoumarins,0.6493737697601318,2-benzopyrans,0.6833306550979614,NA,NA,2-benzopyrans,0.6833306550979614,Benzopyrans,0.6259201765060425,Organoheterocyclic compounds,0.6803048849105835,Organic compounds; Organoheterocyclic compounds; Lactones; Benzopyrans; Phenols; Benzoic acids and derivatives; Organic acids and derivatives; Carboxylic acids and derivatives; Organooxygen compounds; Carboxylic acid derivatives; Monocarboxylic acids and derivatives; Carboxylic acids; Carboxylic acid esters; Hydroxybenzoic acid derivatives; Carbonyl compounds; Benzene and substituted derivatives; Benzenoids; 2-benzopyrans; Vinylogous acids; Organic oxides; Oxacyclic compounds; Hydrocarbon derivatives; Organic oxygen compounds; 1-hydroxy-4-unsubstituted benzenoids; Chemical entities
FT_1.442_309.09816,no name,C15H18O7,L3.1,yes,C15H18O7,[M - H]-,C15H18O7,Shikimates and Phenylpropanoids,0.5837000608444214,Phenolic acids (C6-C1),0.3276718854904175,Simple phenolic acids,0.4134844243526459,Anisoles,0.662664532661438,NA,NA,Anisoles,0.662664532661438,Phenol ethers,0.7604612708091736,Benzenoids,0.9829675555229188,Organic compounds; Alkyl aryl ethers; Phenols; Anisoles; Ethers; Organic acids and derivatives; Carboxylic acids and derivatives; Organooxygen compounds; Carboxylic acid derivatives; Monocarboxylic acids and derivatives; Carboxylic acids; Carboxylic acid esters; Carbonyl compounds; Benzene and substituted derivatives; Phenol ethers; Benzenoids; Organic oxides; Methoxybenzenes; Hydrocarbon derivatives; Organic oxygen compounds; Phenoxy compounds; Chemical entities
FT_1.443_267.12388,no name,C14H20O5,L3.1,yes,C14H20O5,[M - H]-,C14H20O5,Polyketides,0.5611169934272766,Chromanes,0.5609650015830994,Azaphilones,0.7449405193328857,Cyclohexenones,0.6162683367729187,Ketones,0.7943016886711121,Carbonyl compounds,0.92427825927734375,Organooxygen compounds,0.9999966621398926,Organic oxygen compounds,0.9999896287918092,Organic compounds; Ketones; Alcohols and polyols; Organic acids and derivatives; Carboxylic acids and derivatives; Organooxygen compounds; Monocarboxylic acids and derivatives; Carboxylic acids; Secondary alcohols; Carbonyl compounds; Cyclic ketones; Organic oxides; Hydrocarbon derivatives; Cyclohexenones; Organic oxygen compounds; Chemical entities
FT_1.447_413.16100,no name,C23H26O7,L3.1,yes,C23H26O7,[M - H]-,C23H26O7,Polyketides,0.6577281355857849,Diarylheptanoids,0.5231850147247314,Depsidones,0.7489320635795593,Diarylheptanoids,0.63066864013671875,NA,NA,NA,NA,Diarylheptanoids,0.63066864013671875,Phenylpropanoids and polyketides,0.7751737833023071,Organic compounds; Organoheterocyclic compounds; Lactones; Ketones; Alkyl aryl ethers; Phenols; Anisoles; Ethers; Phenylpropanoids and polyketides; Organic acids and derivatives; Carboxylic acids and derivatives; Organooxygen compounds; Carboxylic acid derivatives; Monocarboxylic acids and derivatives; Carboxylic acid esters; Carbonyl compounds; Benzene and substituted derivatives; Phenol ethers; Benzenoids; Diarylethers; Diarylheptanoids; Organic oxides; Oxacyclic compounds; Hydrocarbon derivatives; Organic oxygen compounds; 1-hydroxy-2-unsubstituted benzenoids; 1-hydroxy-4-unsubstituted benzenoids; Chemical entities
FT_1.453_441.11948,no name,C23H22O9,L3.1,yes,C23H22O9,[M - H]-,C23H22O9,Polyketides,0.7384716272354126,Aromatic polyketides,0.645251452922821,Depsidones,0.5688158869743347,Diarylethers,0.5763575434684753,Diarylethers,0.5763575434684753,Ethers,0.8160468935966492,Organooxygen compounds,0.99999237060546875,Organic oxygen compounds,0.9999393224716188,"Organic compounds; Organoheterocyclic compounds; Lactones; Alkyl aryl ethers; Phenols; Anisoles; Benzoic acids and derivatives; Ethers; Organic acids and derivatives; Carboxylic acids and derivatives; Organooxygen compounds; Dicarboxylic acids and derivatives; Carboxylic acid derivatives; Carboxylic acids; Carboxylic acid esters; Hydroxybenzoic acid derivatives; Carbonyl compounds; Benzene and substituted derivatives; Phenol ethers; Benzenoids; Diarylethers; Dioxepines; 1,4-dioxepines; Vinylogous acids; Organic oxides; Oxacyclic compounds; Hydrocarbon derivatives; Organic oxygen compounds; 1-hydroxy-2-unsubstituted benzenoids; Chemical entities"
FT_1.463_401.19727,no name,C23H30O6,L3.1,yes,C23H30O6,[M - H]-,C23H30O6,Polyketides,0.5392465591430664,Diphenyl ethers (DPEs),0.5818508267402649,Linear diarylheptanoids,0.6936557292938232,Methoxyphenols,0.5137622356414795,NA,NA,Methoxyphenols,0.5137622356414795,Phenols,0.924662947654724,Benzenoids,0.9852295517921448,Organic compounds; Ketones; Alkyl aryl ethers; Phenols; Anisoles; Methoxyphenols; Ethers; Organic acids and derivatives; Carboxylic acids and derivatives; Organooxygen compounds; Carboxylic acid derivatives; Monocarboxylic acids and derivatives; Carboxylic acid esters; Carbonyl compounds; Benzene and substituted derivatives; Phenol ethers; Benzenoids; Organic oxides; Methoxybenzenes; Oxacyclic compounds; Hydrocarbon derivatives; Organic oxygen compounds; 1-hydroxy-2-unsubstituted benzenoids; Phenoxy compounds; Chemical entities
FT_1.471_363.10885,no name,C18H20O8,L3.1,yes,C18H20O8,[M - H]-,C18H20O8,Shikimates and Phenylpropanoids,0.5959948301315308,Lignans,0.4311592280864715,Fungal DPEs,0.4698469638824463,Benzoic acids and derivatives,0.6220352649688721,NA,NA,Benzoic acids and derivatives,0.6220352649688721,Benzene and substituted derivatives,0.9759544730186462,Benzenoids,0.9976819753646852,Organic compounds; Alkyl aryl ethers; Alcohols and polyols; Phenols; Anisoles; Benzoic acids and derivatives; Ethers; Organic acids and derivatives; Carboxylic acids and derivatives; Primary alcohols; Benzoyl derivatives; Organooxygen compounds; Benzenediols; Benzene and substituted derivatives; Phenol ethers; Benzenoids; Vinylogous acids; Organic oxides; Methoxybenzenes; Hydrocarbon derivatives; Organic oxygen compounds; 1-hydroxy-2-unsubstituted benzenoids; 1-hydroxy-4-unsubstituted benzenoids; Phenoxy compounds; Chemical entities
FT_1.475_233.04552,no name,C12H10O5,L3.1,yes,C12H10O5,[M - H]-,C12H10O5,Polyketides,0.603056788444519,Cyclic polyketides,0.49736160039901733,Phthalide derivatives,0.39275988936424255,Phenols,0.6358288526535034,NA,NA,NA,NA,Phenols,0.6358288526535034,Benzenoids,0.8454303741455078,Organic compounds; Organoheterocyclic compounds; Lactones; Phenols; Organic acids and derivatives; Carboxylic acids and derivatives; Organooxygen compounds; Carbonyl compounds; Benzene and substituted derivatives; Benzenoids; Vinylogous acids; Organic oxides; Oxacyclic compounds; Hydrocarbon derivatives; Organic oxygen compounds; Chemical entities
FT_1.477_371.18639,no name,C22H28O5,L3.1,yes,C22H28O5,[M - H]-,C22H28O5,Terpenoids,0.4590858221054077,Diphenyl ethers (DPEs),0.42746657133102417,Fungal DPEs,0.3816240429878235,Benzoic acids,0.663068950176239,Benzoic acids,0.663068950176239,Benzoic acids and derivatives,0.5961888432502747,Benzene and substituted derivatives,0.7177398204803467,Benzenoids,0.9941583871841432,Organic compounds; Ketones; Alkyl aryl ethers; Alcohols and polyols; Phenols; Benzoic acids and derivatives; Ethers; Organic acids and derivatives; Carboxylic acids and derivatives; Benzoyl derivatives; Organooxygen compounds; Monocarboxylic acids and derivatives; Carboxylic acids; Carbonyl compounds; Benzene and substituted derivatives; Phenol ethers; Benzenoids; Benzoic acids; Organic oxides; Hydrocarbon derivatives; Organic oxygen compounds; 1-hydroxy-2-unsubstituted benzenoids; Chemical entities
FT_1.486_305.10319,no name,C16H18O6,L3.1,yes,C16H18O6,[M - H]-,C16H18O6,Polyketides,0.699001669883728,Chromanes,0.5877076983451843,Phthalide derivatives,0.5554455518722534,Benzopyrans,0.6235406994819641,NA,NA,NA,NA,Benzopyrans,0.6235406994819641,Organoheterocyclic compounds,0.9812357425689696,Organic compounds; Organoheterocyclic compounds; Lactones; Ketones; Benzopyrans; Alkyl aryl ethers; Phenols; Ethers; Organic acids and derivatives; Carboxylic acids and derivatives; Organooxygen compounds; Carboxylic acid derivatives; Monocarboxylic acids and derivatives; Carboxylic acids; Carboxylic acid esters; Carbonyl compounds; Benzenoids; Vinylogous acids; Organic oxides; Oxacyclic compounds; Hydrocarbon derivatives; Organic oxygen compounds; 1-hydroxy-2-unsubstituted benzenoids; 1-hydroxy-4-unsubstituted benzenoids; Chemical entities
FT_1.486_443.09873,no name,C22H20O10,L3.1,yes,C22H20O10,[M - H]-,C22H20O10,Shikimates and Phenylpropanoids,0.7371975183486938,Phenylpropanoids (C6-C3),0.7232750058174133,Cinnamic acids and derivatives,0.7696018218994141,Coumaric acids and derivatives,0.8213369846343994,Coumaric acids and derivatives,0.8213369846343994,Hydroxycinnamic acids and derivatives,0.8864033222198486,Cinnamic acids and derivatives,0.8749419450759888,Phenylpropanoids and polyketides,0.9527953267097472,"Organic compounds; Organoheterocyclic compounds; Lipids and lipid-like molecules; Styrenes; Coumaric acids and derivatives; Benzopyrans; Alkyl aryl ethers; Alcohols and polyols; Phenols; Anisoles; Methoxyphenols; Ethers; Phenylpropanoids and polyketides; Organic acids and derivatives; Carboxylic acids and derivatives; Organooxygen compounds; Fatty acid esters; Cinnamic acids and derivatives; Carboxylic acid derivatives; Carboxylic acid esters; Hydroxycinnamic acids and derivatives; Carbonyl compounds; Benzene and substituted derivatives; Phenol ethers; Benzenoids; Cinnamic acid esters; Enoate esters; Alpha,beta-unsaturated carboxylic esters; Fatty Acyls; Organic oxides; Methoxybenzenes; Oxacyclic compounds; Hydrocarbon derivatives; Organic oxygen compounds; 1-hydroxy-2-unsubstituted benzenoids; 1-hydroxy-4-unsubstituted benzenoids; Phenoxy compounds; Chemical entities"
FT_1.487_253.07182,no name,C12H14O6,L3.1,yes,C12H14O6,[M - H]-,C12H14O6,Polyketides,0.7680251598358154,Chromanes,0.8950233459472656,Azaphilones,0.9889178276062012,Azaphilones,0.817550539970398,NA,NA,NA,NA,Azaphilones,0.817550539970398,Organoheterocyclic compounds,0.78878021240234375,Organic compounds; Organoheterocyclic compounds; Ketones; Alcohols and polyols; Ethers; Organic acids and derivatives; Carboxylic acids and derivatives; Organooxygen compounds; Monocarboxylic acids and derivatives; Secondary alcohols; Carbonyl compounds; Azaphilones; Cyclic ketones; Vinylogous acids; Organic oxides; Oxacyclic compounds; Hydrocarbon derivatives; Cyclohexenones; Organic oxygen compounds; Chemical entities
FT_1.491_485.18187,no name,C26H30O9,L3.1,yes,C26H30O9,[M - H]-,C26H30O9,Shikimates and Phenylpropanoids,0.6258853077888489,Lignans,0.6263043284416199,Neolignans,0.49737292528152466,"Lignans, neolignans and related compounds",0.5689945220947266,NA,NA,NA,NA,NA,NA,"Lignans, neolignans and related compounds",0.5689945220947266,"Organic compounds; Organoheterocyclic compounds; Benzopyrans; Alkyl aryl ethers; Phenols; Anisoles; Ethers; Phenylpropanoids and polyketides; Organic acids and derivatives; Carboxylic acids and derivatives; Organooxygen compounds; Carboxylic acid derivatives; Carboxylic acid esters; Lignans, neolignans and related compounds; Carbonyl compounds; Benzene and substituted derivatives; Phenol ethers; Benzenoids; Organic oxides; Methoxybenzenes; Oxacyclic compounds; Hydrocarbon derivatives; Organic oxygen compounds; Phenoxy compounds; Chemical entities"
FT_1.492_501.17691,no name,C26H30O10,L3.1,yes,C26H30O10,[M - H]-,C26H30O10,Terpenoids,0.5337986946105957,Meroterpenoids,0.2577483654022217,Limonoids,0.28198233246803284,Glycosyl compounds,0.5471378564834595,Glycosyl compounds,0.5471378564834595,Carbohydrates and carbohydrate conjugates,0.6799167990684509,Organooxygen compounds,0.9999972581863404,Organic oxygen compounds,0.9999845027923584,Organic compounds; Organoheterocyclic compounds; Carbohydrates and carbohydrate conjugates; Lactones; Furans; Pyrans; Alcohols and polyols; Ethers; Organic acids and derivatives; Carboxylic acids and derivatives; Organooxygen compounds; Carboxylic acid derivatives; Carboxylic acid esters; Monosaccharides; Acetals; Secondary alcohols; Carbonyl compounds; Oxanes; Glycosyl compounds; Benzenoids; Organic oxides; Oxacyclic compounds; Heteroaromatic compounds; Hydrocarbon derivatives; Organic oxygen compounds; Chemical entities
FT_1.494_433.22349,no name,C24H34O7,L3.1,yes,C24H34O7,[M - H]-,C24H34O7,Terpenoids,0.6199166178703308,Steroids,0.29467374086380005,Tetraketide meroterpenoids,0.3023945987224579,Lipids and lipid-like molecules,0.8122943639755249,NA,NA,NA,NA,NA,NA,Lipids and lipid-like molecules,0.8122943639755249,Organic compounds; Lipids and lipid-like molecules; Ketones; Alcohols and polyols; Organic acids and derivatives; Carboxylic acids and derivatives; Organooxygen compounds; Carboxylic acids; Carboxylic acid esters; Cyclic alcohols and derivatives; Secondary alcohols; Carbonyl compounds; Organic oxides; Hydrocarbon derivatives; Organic oxygen compounds; Chemical entities
FT_1.512_253.10815,no name,C13H18O5,L3.1,yes,C13H18O5,[M - H]-,C13H18O5,Shikimates and Phenylpropanoids,0.713047444820404,Phenolic acids (C6-C1),0.6877964735031128,Simple phenolic acids,0.7125298380851746,M-methoxybenzoic acids and derivatives,0.5389498472213745,Methoxybenzoic acids and derivatives,0.6345124840736389,Benzoic acids and derivatives,0.7820323705673218,Benzene and substituted derivatives,0.99671173095703125,Benzenoids,0.9999303817749025,Organic compounds; Alkyl aryl ethers; Phenols; Anisoles; Benzoic acids and derivatives; Methoxyphenols; Ethers; Organic acids and derivatives; Carboxylic acids and derivatives; Benzoyl derivatives; Organooxygen compounds; Monocarboxylic acids and derivatives; Carboxylic acids; Hydroxybenzoic acid derivatives; Benzene and substituted derivatives; Phenol ethers; Methoxybenzoic acids and derivatives; M-methoxybenzoic acids and derivatives; Benzenoids; Organic oxides; Methoxybenzenes; Hydrocarbon derivatives; Organic oxygen compounds; Phenoxy compounds; Chemical entities
FT_1.524_429.19235,no name,C24H30O7,L3.1,yes,C24H30O7,[M - H]-,C24H30O7,Polyketides,0.7270494699478149,Diphenyl ethers (DPEs),0.3737201988697052,Azaphilones,0.3820214569568634,Hydroxybenzoic acid derivatives,0.5354344844818115,Hydroxybenzoic acid derivatives,0.5354344844818115,Benzoic acids and derivatives,0.6252861618995667,Benzene and substituted derivatives,0.7702212333679199,Benzenoids,0.9430281519889832,Organic compounds; Organoheterocyclic compounds; Ketones; Phenols; Anisoles; Benzoic acids and derivatives; Organic acids and derivatives; Carboxylic acids and derivatives; Organooxygen compounds; Dicarboxylic acids and derivatives; Carboxylic acid derivatives; Monocarboxylic acids and derivatives; Carboxylic acids; Carboxylic acid esters; Hydroxybenzoic acid derivatives; Carbonyl compounds; Benzene and substituted derivatives; Phenol ethers; Benzenoids; Alpha-acyloxy ketones; Cyclic ketones; Alpha-acyloxy carbonyl compounds; Vinylogous acids; Organic oxides; Oxacyclic compounds; Hydrocarbon derivatives; Cyclohexenones; Organic oxygen compounds; 1-hydroxy-2-unsubstituted benzenoids; 1-hydroxy-4-unsubstituted benzenoids; Chemical entities
FT_1.533_281.06672,no name,C13H14O7,L3.1,yes,C13H14O7,[M - H]-,C13H14O7,Shikimates and Phenylpropanoids,0.6019651889801025,Phenolic acids (C6-C1),0.6223951578140259,Simple phenolic acids,0.6409650444984436,Alkyl-phenylketones,0.5591358542442322,Ketones,0.5345523953437805,Carbonyl compounds,0.902556300163269,Organooxygen compounds,0.9999980926513672,Organic oxygen compounds,0.9999804496765136,Organic compounds; Ketones; Acetophenones; Phenols; Benzoic acids and derivatives; Organic acids and derivatives; Carboxylic acids and derivatives; Benzoyl derivatives; Organooxygen compounds; Dicarboxylic acids and derivatives; Carboxylic acid derivatives; Monocarboxylic acids and derivatives; Carboxylic acid esters; Hydroxybenzoic acid derivatives; Benzenediols; Benzoic acid esters; Carbonyl compounds; Benzene and substituted derivatives; Benzenoids; Aryl alkyl ketones; Vinylogous acids; Organic oxides; Hydrocarbon derivatives; Phenylketones; Alkyl-phenylketones; Organic oxygen compounds; 1-hydroxy-2-unsubstituted benzenoids; 1-hydroxy-4-unsubstituted benzenoids; Phenoxy compounds; Chemical entities
FT_1.537_265.07183,no name,C13H14O6,L3.1,yes,C13H14O6,[M - H]-,C13H14O6,Shikimates and Phenylpropanoids,0.5536786913871765,Phenolic acids (C6-C1),0.2260252684354782,Isocoumarins,0.29776284098625183,Hydroxybenzoic acid derivatives,0.5165948867797852,Hydroxybenzoic acid derivatives,0.5165948867797852,Benzoic acids and derivatives,0.6301098465919495,Benzene and substituted derivatives,0.8598166704177856,Benzenoids,0.9881688952445984,Organic compounds; Phenols; Benzoic acids and derivatives; Organic acids and derivatives; Carboxylic acids and derivatives; Benzoyl derivatives; Organooxygen compounds; Carboxylic acid derivatives; Monocarboxylic acids and derivatives; Carboxylic acids; Carboxylic acid esters; Hydroxybenzoic acid derivatives; Carbonyl compounds; Benzene and substituted derivatives; Benzenoids; Vinylogous acids; Organic oxides; Hydrocarbon derivatives; Organic oxygen compounds; 1-hydroxy-4-unsubstituted benzenoids; Chemical entities
FT_1.538_265.07183,no name,C12H12O4,L3.1,yes,C12H12O4,[M + CH2O2 - H]-,C13H14O6,Shikimates and Phenylpropanoids,0.6484723091125488,Coumarins,0.5624975562095642,Cinnamic acids and derivatives,0.42986881732940674,1-hydroxy-2-unsubstituted benzenoids,0.5121254324913025,NA,NA,1-hydroxy-2-unsubstituted benzenoids,0.5121254324913025,Phenols,0.5701413154602051,Benzenoids,0.9891980290412904,Organic compounds; Organoheterocyclic compounds; Lactones; Phenols; Phenylpropanoids and polyketides; Organooxygen compounds; Carbonyl compounds; Benzenoids; Organic oxides; Oxacyclic compounds; Hydrocarbon derivatives; Organic oxygen compounds; 1-hydroxy-2-unsubstituted benzenoids; Chemical entities
FT_1.551_309.13447,no name,C16H22O6,L3.1,yes,C16H22O6,[M - H]-,C16H22O6,Shikimates and Phenylpropanoids,0.5150339007377625,Lignans,0.3051168620586395,Minor lignans,0.11925014108419418,Methoxyphenols,0.6579105257987976,NA,NA,Methoxyphenols,0.6579105257987976,Phenols,0.8248147964477539,Benzenoids,0.9989435076713562,Organic compounds; Alkyl aryl ethers; Alcohols and polyols; Phenols; Anisoles; Methoxyphenols; Ethers; Organic acids and derivatives; Carboxylic acids and derivatives; Organooxygen compounds; Monocarboxylic acids and derivatives; Benzene and substituted derivatives; Phenol ethers; Benzenoids; Organic oxides; Methoxybenzenes; Hydrocarbon derivatives; Organic oxygen compounds; Phenoxy compounds; Chemical entities
FT_1.553_223.09739,no name,C12H16O4,L3.1,yes,C12H16O4,[M - H]-,C12H16O4,Shikimates and Phenylpropanoids,0.4770158529281616,Aromatic polyketides,0.26945945620536804,Simple aromatic polyketides,0.5587673187255859,Methoxyphenols,0.563880980014801,NA,NA,Methoxyphenols,0.563880980014801,Phenols,0.8221796751022339,Benzenoids,0.9968292117118835,Organic compounds; Alkyl aryl ethers; Alcohols and polyols; Phenols; Anisoles; Methoxyphenols; Ethers; Organooxygen compounds; Secondary alcohols; Benzene and substituted derivatives; Phenol ethers; Benzenoids; Organic oxides; Methoxybenzenes; Hydrocarbon derivatives; Organic oxygen compounds; 1-hydroxy-2-unsubstituted benzenoids; Phenoxy compounds; Chemical entities
FT_1.558_419.20800,no name,C23H32O7,L3.1,yes,C23H32O7,[M - H]-,C23H32O7,Polyketides,0.6247140765190125,Meroterpenoids,0.3733234703540802,Tetraketide meroterpenoids,0.3769179582595825,Lipids and lipid-like molecules,0.5421534180641174,NA,NA,NA,NA,NA,NA,Lipids and lipid-like molecules,0.5421534180641174,Organic compounds; Organoheterocyclic compounds; Lipids and lipid-like molecules; Lactones; Ketones; Alcohols and polyols; Ethers; Organic acids and derivatives; Carboxylic acids and derivatives; Organooxygen compounds; Carboxylic acid derivatives; Monocarboxylic acids and derivatives; Carboxylic acid esters; Cyclic alcohols and derivatives; Secondary alcohols; Tertiary alcohols; Carbonyl compounds; Organic oxides; Oxacyclic compounds; Hydrocarbon derivatives; Organic oxygen compounds; Chemical entities
FT_1.566_295.08239,no name,C14H16O7,L3.1,yes,C14H16O7,[M - H]-,C14H16O7,Shikimates and Phenylpropanoids,0.4798668324947357,Chromanes,0.5717206597328186,Isocoumarins,0.31612369418144226,Benzopyrans,0.7059521675109863,NA,NA,NA,NA,Benzopyrans,0.7059521675109863,Organoheterocyclic compounds,0.925210416316986,Organic compounds; Organoheterocyclic compounds; Lactones; Benzopyrans; Alcohols and polyols; Phenols; Ethers; Organic acids and derivatives; Carboxylic acids and derivatives; Organooxygen compounds; Carboxylic acid derivatives; Carboxylic acid esters; Secondary alcohols; Carbonyl compounds; Polyols; Benzenoids; Organic oxides; Oxacyclic compounds; Hydrocarbon derivatives; Organic oxygen compounds; 1-hydroxy-2-unsubstituted benzenoids; 1-hydroxy-4-unsubstituted benzenoids; Chemical entities
FT_1.568_277.10820,no name,C15H18O5,L3.1,yes,C15H18O5,[M - H]-,C15H18O5,Polyketides,0.5518260598182678,Phenolic acids (C6-C1),0.589542806148529,Simple phenolic acids,0.6091412901878357,Benzoic acid esters,0.5013402700424194,Benzoic acid esters,0.5013402700424194,Benzoic acids and derivatives,0.5433750748634338,Benzene and substituted derivatives,0.9858350157737732,Benzenoids,0.9965869188308716,Organic compounds; Ketones; Phenols; Resorcinols; Benzoic acids and derivatives; Organic acids and derivatives; Carboxylic acids and derivatives; Benzoyl derivatives; Organooxygen compounds; Carboxylic acid derivatives; Monocarboxylic acids and derivatives; Carboxylic acid esters; Hydroxybenzoic acid derivatives; Benzenediols; Benzoic acid esters; Carbonyl compounds; Benzene and substituted derivatives; Benzenoids; Vinylogous acids; Organic oxides; Hydrocarbon derivatives; Phenylketones; Organic oxygen compounds; 1-hydroxy-2-unsubstituted benzenoids; 1-hydroxy-4-unsubstituted benzenoids; Chemical entities
FT_1.569_321.09815,no name,C16H18O7,L3.1,yes,C16H18O7,[M - H]-,C16H18O7,Polyketides,0.7824032306671143,Chromanes,0.621624231338501,Azaphilones,0.78432297706604,1-hydroxy-2-unsubstituted benzenoids,0.5751361846923828,NA,NA,1-hydroxy-2-unsubstituted benzenoids,0.5751361846923828,Phenols,0.6778891086578369,Benzenoids,0.49344033002853394,Organic compounds; Organoheterocyclic compounds; Ketones; Phenols; Ethers; Organic acids and derivatives; Carboxylic acids and derivatives; Organooxygen compounds; Carboxylic acid derivatives; Monocarboxylic acids and derivatives; Carboxylic acid esters; Carbonyl compounds; Cyclic ketones; Vinylogous acids; Organic oxides; Oxacyclic compounds; Hydrocarbon derivatives; Organic oxygen compounds; 1-hydroxy-2-unsubstituted benzenoids; 1-hydroxy-4-unsubstituted benzenoids; Chemical entities
FT_1.571_225.04041,no name,C10H10O6,L3.1,yes,C10H10O6,[M - H]-,C10H10O6,Shikimates and Phenylpropanoids,0.5994635224342346,Phenolic acids (C6-C1),0.586259663105011,Simple phenolic acids,0.5754442811012268,Phenols,0.5020930767059326,NA,NA,NA,NA,Phenols,0.5020930767059326,Benzenoids,0.42297980189323425,Organic compounds; Phenols; Organic acids and derivatives; Carboxylic acids and derivatives; Organooxygen compounds; Monocarboxylic acids and derivatives; Carboxylic acids; Carbonyl compounds; Benzene and substituted derivatives; Organic oxides; Hydrocarbon derivatives; Organic oxygen compounds; Chemical entities
FT_1.579_387.18133,no name,C22H28O6,L3.1,yes,C22H28O6,[M - H]-,C22H28O6,Shikimates and Phenylpropanoids,0.6921381950378418,Lignans,0.8029301762580872,Dibenzocyclooctadienes lignans,0.29881829023361206,"Lignans, neolignans and related compounds",0.6496087312698364,NA,NA,NA,NA,NA,NA,"Lignans, neolignans and related compounds",0.6496087312698364,"Organic compounds; Organoheterocyclic compounds; Ketones; Alkyl aryl ethers; Anisoles; Ethers; Organooxygen compounds; Dialkyl ethers; Lignans, neolignans and related compounds; Carbonyl compounds; Phenol ethers; Benzenoids; Cyclic ketones; Organic oxides; Oxacyclic compounds; Hydrocarbon derivatives; Organic oxygen compounds; Chemical entities"
FT_1.583_321.13449,no name,C17H22O6,L3.1,yes,C17H22O6,[M - H]-,C17H22O6,Polyketides,0.551012396812439,Chromanes,0.2994404137134552,Azaphilones,0.28757205605506897,Benzene and substituted derivatives,0.5121666789054871,NA,NA,NA,NA,Benzene and substituted derivatives,0.5121666789054871,Benzenoids,0.48534905910491943,Organic compounds; Alcohols and polyols; Ethers; Organic acids and derivatives; Carboxylic acids and derivatives; Organooxygen compounds; Carboxylic acids; Carbonyl compounds; Benzene and substituted derivatives; Organic oxides; Hydrocarbon derivatives; Organic oxygen compounds; Chemical entities
FT_1.585_195.06629,no name,C10H12O4,L3.1,yes,C10H12O4,[M - H]-,C10H12O4,Shikimates and Phenylpropanoids,0.6655528545379639,Phenolic acids (C6-C1),0.601220965385437,Simple phenolic acids,0.6260897517204285,Benzoic acids and derivatives,0.6529005765914917,NA,NA,Benzoic acids and derivatives,0.6529005765914917,Benzene and substituted derivatives,0.9935870170593262,Benzenoids,0.9983281493186952,Organic compounds; Alcohols and polyols; Phenols; Benzoic acids and derivatives; Organic acids and derivatives; Carboxylic acids and derivatives; Benzoyl derivatives; Organooxygen compounds; Carboxylic acid derivatives; Monocarboxylic acids and derivatives; Carboxylic acid esters; Secondary alcohols; Benzene and substituted derivatives; Benzenoids; Vinylogous acids; Organic oxides; Hydrocarbon derivatives; Organic oxygen compounds; 1-hydroxy-2-unsubstituted benzenoids; 1-hydroxy-4-unsubstituted benzenoids; Chemical entities
FT_1.585_235.09746,no name,C13H16O4,L3.1,yes,C13H16O4,[M - H]-,C13H16O4,Polyketides,0.6356662511825562,Phloroglucinols,0.6357711553573608,Acyl phloroglucinols,0.6668177247047424,Alkyl-phenylketones,0.9326599836349488,Ketones,0.958072304725647,Carbonyl compounds,0.989273488521576,Organooxygen compounds,0.9999997615814208,Organic oxygen compounds,0.9999983310699464,Organic compounds; Ketones; Acetophenones; Aldehydes; Alkyl aryl ethers; Phenols; Resorcinols; Anisoles; Methoxyphenols; Ethers; Organic acids and derivatives; Benzoyl derivatives; Organooxygen compounds; Butyrophenones; Benzaldehydes; Carbonyl compounds; Benzene and substituted derivatives; Phenol ethers; Benzenoids; Aryl ketones; Aryl alkyl ketones; Vinylogous acids; Organic oxides; Hydroxybenzaldehydes; Methoxybenzenes; Hydrocarbon derivatives; Phenylketones; Alkyl-phenylketones; Organic oxygen compounds; 1-hydroxy-2-unsubstituted benzenoids; Phenoxy compounds; Chemical entities
FT_1.589_237.07700,no name,C12H14O5,L3.1,yes,C12H14O5,[M - H]-,C12H14O5,Polyketides,0.7606480121612549,Cyclic polyketides,0.8016777634620667,Simple cyclic polyketides,0.7425711750984192,Vinylogous acids,0.5058832168579102,NA,NA,NA,NA,Vinylogous acids,0.5058832168579102,Organic acids and derivatives,0.8791751265525818,Organic compounds; Organoheterocyclic compounds; Ketones; Organic acids and derivatives; Organooxygen compounds; Carbonyl compounds; Cyclic ketones; Vinylogous acids; Organic oxides; Oxacyclic compounds; Hydrocarbon derivatives; Organic oxygen compounds; Chemical entities
FT_1.593_277.07172,no name,C14H14O6,L3.1,yes,C14H14O6,[M - H]-,C14H14O6,Polyketides,0.7043038606643677,Aromatic polyketides,0.5101523399353027,Usnic acid and derivatives,0.45318645238876343,Acetophenones,0.824565052986145,NA,NA,Acetophenones,0.824565052986145,Benzene and substituted derivatives,0.8204541802406311,Benzenoids,0.9698348641395568,Organic compounds; Organoheterocyclic compounds; Ketones; Acetophenones; Phenols; Ethers; Organic acids and derivatives; Organooxygen compounds; Carbonyl compounds; Benzene and substituted derivatives; Benzenoids; Aryl ketones; Aryl alkyl ketones; Vinylogous acids; Organic oxides; Oxacyclic compounds; Hydrocarbon derivatives; Organic oxygen compounds; Chemical entities
FT_1.601_209.04540,no name,C10H10O5,L3.1,yes,C10H10O5,[M - H]-,C10H10O5,Shikimates and Phenylpropanoids,0.8535014986991882,Phenolic acids (C6-C1),0.8210221529006958,Simple phenolic acids,0.8257513642311096,M-methoxybenzoic acids and derivatives,0.6965628862380981,Methoxybenzoic acids and derivatives,0.8388785719871521,Benzoic acids and derivatives,0.9273899793624878,Benzene and substituted derivatives,0.9978614449501038,Benzenoids,0.9999629259109496,Organic compounds; Alkyl aryl ethers; Phenols; Anisoles; Benzoic acids and derivatives; Methoxyphenols; Ethers; Organic acids and derivatives; Carboxylic acids and derivatives; Benzoyl derivatives; Organooxygen compounds; Salicylic acid and derivatives; Monocarboxylic acids and derivatives; Carboxylic acids; Hydroxybenzoic acid derivatives; Benzene and substituted derivatives; Phenol ethers; Methoxybenzoic acids and derivatives; P-methoxybenzoic acids and derivatives; M-methoxybenzoic acids and derivatives; Benzenoids; Benzoic acids; Vinylogous acids; Organic oxides; Methoxybenzenes; Hydrocarbon derivatives; Organic oxygen compounds; Phenoxy compounds; Chemical entities
FT_1.603_397.05673,no name,C20H14O9,L3.1,yes,C20H14O9,[M - H]-,C20H14O9,Shikimates and Phenylpropanoids,0.6116993427276611,Coumarins,0.3334656059741974,Cinnamic acids and derivatives,0.2257184535264969,Coumaric acids and derivatives,0.5612545013427734,Coumaric acids and derivatives,0.5612545013427734,Hydroxycinnamic acids and derivatives,0.5969398021697998,Cinnamic acids and derivatives,0.4676785469055176,Phenylpropanoids and polyketides,0.6593533158302307,Organic compounds; Organoheterocyclic compounds; Lactones; Coumaric acids and derivatives; Alkyl aryl ethers; Phenols; Anisoles; Ethers; Phenylpropanoids and polyketides; Organic acids and derivatives; Carboxylic acids and derivatives; Organooxygen compounds; Dicarboxylic acids and derivatives; Carboxylic acid derivatives; Carboxylic acid esters; Hydroxycinnamic acids and derivatives; Carbonyl compounds; Benzene and substituted derivatives; Phenol ethers; Benzenoids; Organic oxides; Oxacyclic compounds; Hydrocarbon derivatives; Organic oxygen compounds; 1-hydroxy-2-unsubstituted benzenoids; 1-hydroxy-4-unsubstituted benzenoids; Phenoxy compounds; Chemical entities
FT_1.606_263.09265,no name,C14H16O5,L3.1,yes,C14H16O5,[M - H]-,C14H16O5,Polyketides,0.5414186120033264,Chromanes,0.6593851447105408,Azaphilones,0.7406378984451294,2-benzopyrans,0.6456730365753174,NA,NA,2-benzopyrans,0.6456730365753174,Benzopyrans,0.8594396710395813,Organoheterocyclic compounds,0.951005220413208,Organic compounds; Organoheterocyclic compounds; Lactones; Pyrans; Benzopyrans; Alkyl aryl ethers; Alcohols and polyols; Phenols; Ethers; Organic acids and derivatives; Organooxygen compounds; Pyranones and derivatives; Benzenoids; 2-benzopyrans; Vinylogous acids; Organic oxides; Oxacyclic compounds; Heteroaromatic compounds; Hydrocarbon derivatives; Organic oxygen compounds; Chemical entities
FT_1.611_247.06140,no name,C13H12O5,L3.1,yes,C13H12O5,[M - H]-,C13H12O5,Polyketides,0.5537293553352356,Chromanes,0.36855584383010864,Azaphilones,0.4255428016185761,Benzopyrans,0.5781471133232117,NA,NA,NA,NA,Benzopyrans,0.5781471133232117,Organoheterocyclic compounds,0.8875163197517395,Organic compounds; Organoheterocyclic compounds; Lactones; Ketones; Benzopyrans; Enols; Organic acids and derivatives; Carboxylic acids and derivatives; Organooxygen compounds; Monocarboxylic acids and derivatives; Carboxylic acids; Carbonyl compounds; Benzenoids; Vinylogous acids; Organic oxides; Oxacyclic compounds; Hydrocarbon derivatives; Organic oxygen compounds; Chemical entities
FT_1.612_267.05121,no name,C12H12O7,L3.1,yes,C12H12O7,[M - H]-,C12H12O7,Shikimates and Phenylpropanoids,0.5528016090393066,Phenolic acids (C6-C1),0.4170075953006744,Isocoumarins,0.26839762926101685,Gallic acid and derivatives,0.6028019189834595,Hydroxybenzoic acid derivatives,0.7816429734230042,Benzoic acids and derivatives,0.741304874420166,Benzene and substituted derivatives,0.8524453639984131,Benzenoids,0.9300842881202698,Organic compounds; Organoheterocyclic compounds; Lactones; Benzopyrans; Alcohols and polyols; Phenols; Benzoic acids and derivatives; Organic acids and derivatives; Carboxylic acids and derivatives; Organooxygen compounds; Carboxylic acid derivatives; Monocarboxylic acids and derivatives; Carboxylic acids; Carboxylic acid esters; Hydroxybenzoic acid derivatives; Gallic acid and derivatives; Benzene and substituted derivatives; Polyols; Benzenoids; 2-benzopyrans; Vinylogous acids; Organic oxides; Oxacyclic compounds; Hydrocarbon derivatives; Organic oxygen compounds; 1-hydroxy-2-unsubstituted benzenoids; 1-hydroxy-4-unsubstituted benzenoids; Chemical entities
FT_1.613_267.05109,no name,C11H10O5,L3.1,yes,C11H10O5,[M + CH2O2 - H]-,C12H12O7,Polyketides,0.5723510980606079,Chromanes,0.5758529901504517,Chromones,0.37421277165412903,Benzopyrans,0.6638806462287903,NA,NA,NA,NA,Benzopyrans,0.6638806462287903,Organoheterocyclic compounds,0.8807433247566223,Organic compounds; Organoheterocyclic compounds; Benzopyrans; Phenols; Organic acids and derivatives; Carboxylic acids and derivatives; Organooxygen compounds; Monocarboxylic acids and derivatives; Carboxylic acids; Carbonyl compounds; Benzenoids; Vinylogous acids; Organic oxides; Oxacyclic compounds; Hydrocarbon derivatives; Organic oxygen compounds; 1-hydroxy-2-unsubstituted benzenoids; Chemical entities
FT_1.613_449.21858,no name,C24H34O8,L3.1,yes,C24H34O8,[M - H]-,C24H34O8,Terpenoids,0.7737060785293579,Diterpenoids,0.45163917541503906,Colensane and Clerodane diterpenoids,0.6433264017105103,Prenol lipids,0.5960230231285095,NA,NA,NA,NA,Prenol lipids,0.5960230231285095,Lipids and lipid-like molecules,0.7841811776161194,Organic compounds; Organoheterocyclic compounds; Lipids and lipid-like molecules; Lactones; Alcohols and polyols; Ethers; Prenol lipids; Organic acids and derivatives; Carboxylic acids and derivatives; Organooxygen compounds; Carboxylic acid derivatives; Carboxylic acid esters; Cyclic alcohols and derivatives; Secondary alcohols; Carbonyl compounds; Oxanes; Polyols; Fatty Acyls; Organic oxides; Oxacyclic compounds; Hydrocarbon derivatives; Organic oxygen compounds; Chemical entities
FT_1.618_351.10866,no name,C17H20O8,L3.1,yes,C17H20O8,[M - H]-,C17H20O8,Polyketides,0.5355186462402344,Chromanes,0.1551104187965393,Picrotoxane sesquiterpenoids,0.3262074291706085,Dicarboxylic acids and derivatives,0.5803200602531433,NA,NA,Dicarboxylic acids and derivatives,0.5803200602531433,Carboxylic acids and derivatives,0.9638219475746156,Organic acids and derivatives,0.9933406710624696,Organic compounds; Organoheterocyclic compounds; Lactones; Pyrans; Ketones; Alcohols and polyols; Ethers; Organic acids and derivatives; Carboxylic acids and derivatives; Organooxygen compounds; Dicarboxylic acids and derivatives; Carboxylic acid derivatives; Carboxylic acid esters; Cyclic alcohols and derivatives; Secondary alcohols; Tertiary alcohols; Carbonyl compounds; Oxanes; Polyols; Organic oxides; Oxacyclic compounds; Hydrocarbon derivatives; Organic oxygen compounds; Chemical entities
FT_1.621_225.07685,no name,C11H14O5,L3.1,yes,C11H14O5,[M - H]-,C11H14O5,Polyketides,0.6204407215118408,Phloroglucinols,0.46125292778015137,Aromatic polyketides with side chains,0.629517674446106,Alkyl-phenylketones,0.7830207943916321,Ketones,0.6355969905853271,Carbonyl compounds,0.9045642614364624,Organooxygen compounds,0.9999969005584716,Organic oxygen compounds,0.999977707862854,Organic compounds; Ketones; Acetophenones; Phenols; Resorcinols; Organic acids and derivatives; Carboxylic acids and derivatives; Benzoyl derivatives; Organooxygen compounds; Carboxylic acid derivatives; Monocarboxylic acids and derivatives; Carboxylic acid esters; Benzenediols; Carbonyl compounds; Benzene and substituted derivatives; Benzenoids; Aryl ketones; Aryl alkyl ketones; Vinylogous acids; Organic oxides; Hydrocarbon derivatives; Phenylketones; Alkyl-phenylketones; Organic oxygen compounds; 1-hydroxy-2-unsubstituted benzenoids; 1-hydroxy-4-unsubstituted benzenoids; Chemical entities
FT_1.623_323.07742,no name,C15H16O8,L3.1,yes,C15H16O8,[M - H]-,C15H16O8,Shikimates and Phenylpropanoids,0.5746623873710632,Coumarins,0.6451268792152405,Isocoumarins,0.7823969125747681,m-Phthalate esters,0.5931376814842224,Phthalic acid and derivatives,0.5106662511825562,Benzoic acids and derivatives,0.7021660804748535,Benzene and substituted derivatives,0.6839350461959839,Benzenoids,0.9570952653884888,Organic compounds; Organoheterocyclic compounds; Lactones; Benzopyrans; Alkyl aryl ethers; Phenols; Anisoles; Benzoic acids and derivatives; Ethers; Organic acids and derivatives; Carboxylic acids and derivatives; Organooxygen compounds; Dicarboxylic acids and derivatives; Carboxylic acid derivatives; Phthalic acid and derivatives; M-phthalic acid and derivatives; Monocarboxylic acids and derivatives; Carboxylic acids; Carboxylic acid esters; Hydroxybenzoic acid derivatives; Carbonyl compounds; Benzene and substituted derivatives; Phenol ethers; Benzenoids; 2-benzopyrans; Vinylogous acids; Organic oxides; Phthalate esters; m-Phthalate esters; Oxacyclic compounds; Hydrocarbon derivatives; Organic oxygen compounds; 1-hydroxy-4-unsubstituted benzenoids; Chemical entities
FT_1.634_303.12380,no name,C17H20O5,L3.1,yes,C17H20O5,[M - H]-,C17H20O5,Polyketides,0.36181074380874634,Chromanes,0.3814832270145416,Azaphilones,0.5848656296730042,Ketones,0.6148790717124939,Ketones,0.6148790717124939,Carbonyl compounds,0.8247035145759583,Organooxygen compounds,0.9999938011169434,Organic oxygen compounds,0.9999854564666748,Organic compounds; Organoheterocyclic compounds; Lactones; Ketones; Alcohols and polyols; Organic acids and derivatives; Carboxylic acids and derivatives; Organooxygen compounds; Secondary alcohols; Carbonyl compounds; Organic oxides; Oxacyclic compounds; Hydrocarbon derivatives; Organic oxygen compounds; Chemical entities
FT_1.647_421.22384,no name,C23H34O7,L3.1,yes,C23H34O7,[M - H]-,C23H34O7,Polyketides,0.5826287865638733,Meroterpenoids,0.3575337827205658,Cytosporins,0.276095986366272,Fatty Acyls,0.6112580895423889,NA,NA,NA,NA,Fatty Acyls,0.6112580895423889,Lipids and lipid-like molecules,0.7133269309997559,Organic compounds; Organoheterocyclic compounds; Lipids and lipid-like molecules; Lactones; Alcohols and polyols; Ethers; Organic acids and derivatives; Carboxylic acids and derivatives; Organooxygen compounds; Carboxylic acid derivatives; Carboxylic acid esters; Secondary alcohols; Carbonyl compounds; Oxanes; Fatty Acyls; Organic oxides; Oxacyclic compounds; Hydrocarbon derivatives; Organic oxygen compounds; Chemical entities
FT_1.650_239.05615,no name,C11H12O6,L3.1,yes,C11H12O6,[M - H]-,C11H12O6,Shikimates and Phenylpropanoids,0.5669228434562683,Phenolic acids (C6-C1),0.286641389131546,Azaphilones,0.38438358902931213,Carboxylic acid esters,0.5605257749557495,Carboxylic acid esters,0.5605257749557495,Carboxylic acid derivatives,0.5206658244132996,Carboxylic acids and derivatives,0.946262538433075,Organic acids and derivatives,0.9849671721458436,Organic compounds; Ethers; Organic acids and derivatives; Carboxylic acids and derivatives; Organooxygen compounds; Carboxylic acid derivatives; Monocarboxylic acids and derivatives; Carboxylic acids; Carboxylic acid esters; Carbonyl compounds; Organic oxides; Hydrocarbon derivatives; Organic oxygen compounds; Chemical entities
FT_1.656_193.05069,no name,C10H10O4,L3.1,yes,C10H10O4,[M - H]-,C10H10O4,Shikimates and Phenylpropanoids,0.5859943628311157,Phenolic acids (C6-C1),0.4443913400173187,Simple phenolic acids,0.44297945499420166,Benzene and substituted derivatives,0.58824920654296875,NA,NA,NA,NA,Benzene and substituted derivatives,0.58824920654296875,Benzenoids,0.7197425961494446,Organic compounds; Organic acids and derivatives; Carboxylic acids and derivatives; Organooxygen compounds; Monocarboxylic acids and derivatives; Carboxylic acids; Carbonyl compounds; Benzene and substituted derivatives; Benzenoids; Organic oxides; Hydrocarbon derivatives; Organic oxygen compounds; Chemical entities
FT_1.656_279.08746,no name,C14H16O6,L3.1,yes,C14H16O6,[M - H]-,C14H16O6,Polyketides,0.5824711918830872,Chromanes,0.7105778455734253,Azaphilones,0.8581035137176514,Carboxylic acids,0.7299990653991699,NA,NA,Carboxylic acids,0.7299990653991699,Carboxylic acids and derivatives,0.9063591957092284,Organic acids and derivatives,0.9723708033561708,Organic compounds; Organoheterocyclic compounds; Ethers; Organic acids and derivatives; Carboxylic acids and derivatives; Organooxygen compounds; Monocarboxylic acids and derivatives; Carboxylic acids; Carbonyl compounds; Organic oxides; Oxacyclic compounds; Hydrocarbon derivatives; Organic oxygen compounds; Chemical entities
FT_1.656_335.11393,no name,C17H20O7,L3.1,yes,C17H20O7,[M - H]-,C17H20O7,Polyketides,0.543842613697052,Sesquiterpenoids,0.4712491035461426,Depsides,0.2002941817045212,1-hydroxy-2-unsubstituted benzenoids,0.5440676212310791,NA,NA,1-hydroxy-2-unsubstituted benzenoids,0.5440676212310791,Phenols,0.5949119329452515,Benzenoids,0.6343844532966614,Organic compounds; Organoheterocyclic compounds; Lactones; Alcohols and polyols; Phenols; Ethers; Organic acids and derivatives; Carboxylic acids and derivatives; Organooxygen compounds; Carboxylic acid derivatives; Monocarboxylic acids and derivatives; Dialkyl ethers; Carboxylic acid esters; Secondary alcohols; Carbonyl compounds; Benzenoids; Organic oxides; Oxacyclic compounds; Hydrocarbon derivatives; Organic oxygen compounds; 1-hydroxy-2-unsubstituted benzenoids; Chemical entities
FT_1.659_279.08747,no name,C13H14O4,L3.1,yes,C13H14O4,[M + CH2O2 - H]-,C14H16O6,Shikimates and Phenylpropanoids,0.6899852752685547,Phenylpropanoids (C6-C3),0.6182877421379089,Cinnamic acids and derivatives,0.7010291814804077,Anisoles,0.6002936363220215,NA,NA,Anisoles,0.6002936363220215,Phenol ethers,0.5180333256721497,Benzenoids,0.997102916240692,Organic compounds; Styrenes; Ketones; Alkyl aryl ethers; Anisoles; Ethers; Phenylpropanoids and polyketides; Organic acids and derivatives; Carboxylic acids and derivatives; Organooxygen compounds; Monocarboxylic acids and derivatives; Carboxylic acids; Carbonyl compounds; Benzene and substituted derivatives; Phenol ethers; Benzenoids; Organic oxides; Methoxybenzenes; Hydrocarbon derivatives; Organic oxygen compounds; Chemical entities
FT_1.660_307.08253,no name,C14H14O5,L3.1,yes,C14H14O5,[M + CH2O2 - H]-,C15H16O7,Shikimates and Phenylpropanoids,0.5308491587638855,Coumarins,0.5232499837875366,Azaphilones,0.3493405878543854,Benzopyrans,0.6905428767204285,NA,NA,NA,NA,Benzopyrans,0.6905428767204285,Organoheterocyclic compounds,0.8719828724861145,Organic compounds; Organoheterocyclic compounds; Lactones; Pyrans; Benzopyrans; Phenols; Organic acids and derivatives; Organooxygen compounds; Carbonyl compounds; Benzene and substituted derivatives; Benzenoids; Vinylogous acids; Organic oxides; Oxacyclic compounds; Hydrocarbon derivatives; Organic oxygen compounds; 1-hydroxy-2-unsubstituted benzenoids; 1-hydroxy-4-unsubstituted benzenoids; Chemical entities
FT_1.661_295.11875,no name,C15H20O6,L3.1,yes,C15H20O6,[M - H]-,C15H20O6,Polyketides,0.7459388375282288,Phloroglucinols,0.2580852508544922,Aromatic polyketides with side chains,0.3494398891925812,Alkyl-phenylketones,0.7550072073936462,Ketones,0.9003474116325378,Carbonyl compounds,0.9737278819084167,Organooxygen compounds,1,Organic oxygen compounds,0.9999985694885254,Organic compounds; Ketones; Alkyl aryl ethers; Alcohols and polyols; Phenols; Anisoles; Ethers; Organic acids and derivatives; Carboxylic acids and derivatives; Organooxygen compounds; Monocarboxylic acids and derivatives; Carboxylic acids; Carbonyl compounds; Benzene and substituted derivatives; Phenol ethers; Benzenoids; Aryl ketones; Aryl alkyl ketones; Vinylogous acids; Organic oxides; Hydrocarbon derivatives; Phenylketones; Alkyl-phenylketones; Organic oxygen compounds; 1-hydroxy-2-unsubstituted benzenoids; 1-hydroxy-4-unsubstituted benzenoids; Chemical entities
FT_1.663_267.12364,no name,C14H20O5,L3.1,yes,C14H20O5,[M - H]-,C14H20O5,Shikimates and Phenylpropanoids,0.5876396894454956,Phenolic acids (C6-C1),0.6566554307937622,Shikimic acids and derivatives,0.7654686570167542,Alkyl-phenylketones,0.6461515426635742,Ketones,0.3506632447242737,Carbonyl compounds,0.3582683503627777,Organooxygen compounds,0.9999997615814208,Organic oxygen compounds,0.9999986886978148,Organic compounds; Alcohols and polyols; Phenols; Resorcinols; Benzoic acids and derivatives; Organic acids and derivatives; Carboxylic acids and derivatives; Benzoyl derivatives; Organooxygen compounds; Carboxylic acid derivatives; Monocarboxylic acids and derivatives; Carboxylic acid esters; Hydroxybenzoic acid derivatives; Benzenediols; Benzoic acid esters; Benzene and substituted derivatives; Phenol ethers; Benzenoids; Vinylogous acids; Organic oxides; Hydrocarbon derivatives; Phenylketones; Alkyl-phenylketones; Organic oxygen compounds; 1-hydroxy-2-unsubstituted benzenoids; 1-hydroxy-4-unsubstituted benzenoids; p-Hydroxybenzoic acid esters; p-Hydroxybenzoic acid alkyl esters; Chemical entities
FT_1.663_307.08258,no name,C15H16O7,L3.1,yes,C15H16O7,[M - H]-,C15H16O7,Polyketides,0.6694352626800537,Chromanes,0.8492386937141418,Azaphilones,0.8323520421981812,Benzopyrans,0.5444478988647461,NA,NA,NA,NA,Benzopyrans,0.5444478988647461,Organoheterocyclic compounds,0.958849847316742,Organic compounds; Organoheterocyclic compounds; Ketones; Benzopyrans; Alcohols and polyols; Phenols; Ethers; Organic acids and derivatives; Carboxylic acids and derivatives; Organooxygen compounds; Monocarboxylic acids and derivatives; Dialkyl ethers; Secondary alcohols; Carbonyl compounds; Vinylogous acids; Organic oxides; Oxacyclic compounds; Hydrocarbon derivatives; Organic oxygen compounds; Chemical entities
FT_1.663_309.09811,no name,C14H16O5,L3.1,yes,C14H16O5,[M + CH2O2 - H]-,C15H18O7,Polyketides,0.6485804319381714,Macrolides,0.6182805299758911,Zearalenones,0.6634641885757446,Benzopyrans,0.5751570463180542,NA,NA,NA,NA,Benzopyrans,0.5751570463180542,Organoheterocyclic compounds,0.9420161843299866,Organic compounds; Organoheterocyclic compounds; Lactones; Ketones; Benzopyrans; Alcohols and polyols; Phenols; Organic acids and derivatives; Carboxylic acids and derivatives; Organooxygen compounds; Carboxylic acid derivatives; Monocarboxylic acids and derivatives; Carboxylic acid esters; Carbonyl compounds; Benzenoids; Aryl alkyl ketones; Vinylogous acids; Organic oxides; Oxacyclic compounds; Hydrocarbon derivatives; Organic oxygen compounds; 1-hydroxy-2-unsubstituted benzenoids; 1-hydroxy-4-unsubstituted benzenoids; Chemical entities
FT_1.665_449.21855,no name,C24H34O8,L3.1,yes,C24H34O8,[M - H]-,C24H34O8,Terpenoids,0.7869845628738403,Meroterpenoids,0.5513330101966858,Tetraketide meroterpenoids,0.5207043886184692,Naphthopyrans,0.7357490062713623,NA,NA,NA,NA,Naphthopyrans,0.7357490062713623,Organoheterocyclic compounds,0.9222266674041748,Organic compounds; Organoheterocyclic compounds; Lipids and lipid-like molecules; Naphthalenes; Lactones; Pyrans; Ketones; Alcohols and polyols; Ethers; Prenol lipids; Organic acids and derivatives; Carboxylic acids and derivatives; Organooxygen compounds; Carboxylic acid derivatives; Dialkyl ethers; Carboxylic acid esters; Delta valerolactones; Cyclic alcohols and derivatives; Naphthopyrans; Secondary alcohols; Tertiary alcohols; Carbonyl compounds; Oxanes; Benzenoids; Organic oxides; Oxacyclic compounds; Hydrocarbon derivatives; Organic oxygen compounds; Chemical entities
FT_1.666_223.06103,no name,C11H12O5,L3.1,yes,C11H12O5,[M - H]-,C11H12O5,Shikimates and Phenylpropanoids,0.7341957688331604,Phenolic acids (C6-C1),0.5538393259048462,Simple phenolic acids,0.5626789331436157,Coumaric acids and derivatives,0.5576837062835693,Coumaric acids and derivatives,0.5576837062835693,Hydroxycinnamic acids and derivatives,0.5411719083786011,Cinnamic acids and derivatives,0.347143292427063,Phenylpropanoids and polyketides,0.47428205609321594,Organic compounds; Coumaric acids and derivatives; Alkyl aryl ethers; Phenols; Anisoles; Methoxyphenols; Ethers; Organic acids and derivatives; Carboxylic acids and derivatives; Organooxygen compounds; Monocarboxylic acids and derivatives; Carboxylic acids; Benzenediols; Hydroxycinnamic acids and derivatives; Carbonyl compounds; Benzene and substituted derivatives; Phenol ethers; Benzenoids; Hydroxycinnamic acids; Organic oxides; Methoxybenzenes; Hydrocarbon derivatives; Organic oxygen compounds; 1-hydroxy-2-unsubstituted benzenoids; 1-hydroxy-4-unsubstituted benzenoids; Phenoxy compounds; Chemical entities
FT_1.666_225.07686,no name,C10H12O3,L3.1,yes,C10H12O3,[M + CH2O2 - H]-,C11H14O5,Shikimates and Phenylpropanoids,0.6068299412727356,Phenylpropanoids (C6-C3),0.6613785624504089,Cinnamic acids and derivatives,0.6694188714027405,Cinnamyl alcohols,0.5539291501045227,NA,NA,NA,NA,Cinnamyl alcohols,0.5539291501045227,Phenylpropanoids and polyketides,0.18552382290363312,Organic compounds; Styrenes; Alcohols and polyols; Phenols; Catechols; Organooxygen compounds; Benzenediols; Secondary alcohols; Carbonyl compounds; Benzene and substituted derivatives; Benzenoids; Cinnamyl alcohols; Organic oxides; Hydrocarbon derivatives; Organic oxygen compounds; 1-hydroxy-2-unsubstituted benzenoids; 1-hydroxy-4-unsubstituted benzenoids; Chemical entities
FT_1.666_323.11403,no name,C15H18O5,L3.1,yes,C15H18O5,[M + CH2O2 - H]-,C16H20O7,Polyketides,0.6360895037651062,Coumarins,0.4703434407711029,Isocoumarins,0.3057306706905365,Benzopyrans,0.6697208881378174,NA,NA,NA,NA,Benzopyrans,0.6697208881378174,Organoheterocyclic compounds,0.9144639372825624,Organic compounds; Organoheterocyclic compounds; Lactones; Ketones; Acetophenones; Benzopyrans; Alkyl aryl ethers; Alcohols and polyols; Phenols; Anisoles; Ethers; Organic acids and derivatives; Organooxygen compounds; Secondary alcohols; Carbonyl compounds; Phenol ethers; Benzenoids; Aryl ketones; Aryl alkyl ketones; Vinylogous acids; Organic oxides; Oxacyclic compounds; Hydrocarbon derivatives; Organic oxygen compounds; 1-hydroxy-2-unsubstituted benzenoids; Chemical entities
FT_1.667_207.02984,no name,C10H8O5,L3.1,yes,C10H8O5,[M - H]-,C10H8O5,Shikimates and Phenylpropanoids,0.5399301648139954,Chromanes,0.3394208550453186,Chromones,0.3383234143257141,7-hydroxycoumarins,0.5018396973609924,7-hydroxycoumarins,0.5018396973609924,Hydroxycoumarins,0.6085733771324158,Coumarins and derivatives,0.2555381953716278,Phenylpropanoids and polyketides,0.3266221582889557,Organic compounds; Organoheterocyclic compounds; Benzopyrans; Alcohols and polyols; Phenols; Organic acids and derivatives; Carboxylic acids and derivatives; Organooxygen compounds; Monocarboxylic acids and derivatives; Carboxylic acids; Polyols; Benzenoids; Hydroxycoumarins; 7-hydroxycoumarins; Organic oxides; Oxacyclic compounds; Heteroaromatic compounds; Hydrocarbon derivatives; Organic oxygen compounds; 1-hydroxy-2-unsubstituted benzenoids; 1-hydroxy-4-unsubstituted benzenoids; Chemical entities
FT_1.667_305.10312,no name,C16H18O6,L3.1,yes,C16H18O6,[M - H]-,C16H18O6,Polyketides,0.8817354440689087,Chromanes,0.92650043964386,Azaphilones,0.9834960103034972,Azaphilones,0.9080294966697692,NA,NA,NA,NA,Azaphilones,0.9080294966697692,Organoheterocyclic compounds,0.9578773379325868,Organic compounds; Organoheterocyclic compounds; Ketones; Alcohols and polyols; Phenols; Ethers; Organic acids and derivatives; Organooxygen compounds; Carbonyl compounds; Acyloins; Benzenoids; Azaphilones; Cyclic ketones; Vinylogous acids; Organic oxides; Oxacyclic compounds; Hydrocarbon derivatives; Cyclohexenones; Organic oxygen compounds; Chemical entities
FT_1.667_335.11389,no name,C16H18O5,L3.1,yes,C16H18O5,[M + CH2O2 - H]-,C17H20O7,Polyketides,0.5258064866065979,Macrolides,0.7000279426574707,Zearalenones,0.8039935231208801,Macrolides and analogues,0.5346416234970093,NA,NA,NA,NA,Macrolides and analogues,0.5346416234970093,Phenylpropanoids and polyketides,0.4857770502567291,Organic compounds; Lactones; Ketones; Alkyl aryl ethers; Phenols; Anisoles; Macrolides and analogues; Ethers; Organic acids and derivatives; Carboxylic acids and derivatives; Organooxygen compounds; Carboxylic acid derivatives; Monocarboxylic acids and derivatives; Carboxylic acid esters; Carbonyl compounds; Benzene and substituted derivatives; Phenol ethers; Benzenoids; Vinylogous acids; Organic oxides; Oxacyclic compounds; Hydrocarbon derivatives; Organic oxygen compounds; 1-hydroxy-2-unsubstituted benzenoids; 1-hydroxy-4-unsubstituted benzenoids; Phenoxy compounds; Chemical entities
FT_1.667_403.14010,no name,C21H24O8,L3.1,yes,C21H24O8,[M - H]-,C21H24O8,Shikimates and Phenylpropanoids,0.5007855892181396,Aromatic polyketides,0.371504545211792,Depsides,0.3763438463211059,Phenol ethers,0.5002562403678894,NA,NA,NA,NA,Phenol ethers,0.5002562403678894,Benzenoids,0.9642764329910278,Organic compounds; Organoheterocyclic compounds; Lactones; Ketones; Alkyl aryl ethers; Alcohols and polyols; Phenols; Ethers; Organic acids and derivatives; Carboxylic acids and derivatives; Primary alcohols; Organooxygen compounds; Carboxylic acid derivatives; Carboxylic acid esters; Secondary alcohols; Carbonyl compounds; Benzene and substituted derivatives; Phenol ethers; Benzenoids; Vinylogous acids; Organic oxides; Oxacyclic compounds; Hydrocarbon derivatives; Organic oxygen compounds; 1-hydroxy-2-unsubstituted benzenoids; 1-hydroxy-4-unsubstituted benzenoids; Chemical entities
FT_1.668_225.07690,no name,C11H14O5,L3.1,yes,C11H14O5,[M - H]-,C11H14O5,Shikimates and Phenylpropanoids,0.6407085061073303,Phenolic acids (C6-C1),0.5269717574119568,Shikimic acids and derivatives,0.7409083843231201,o-Hydroxybenzoic acid esters,0.5006079077720642,Benzoic acid esters,0.5065109133720398,Benzoic acids and derivatives,0.6180389523506165,Benzene and substituted derivatives,0.9410080909729004,Benzenoids,0.9605090022087096,Organic compounds; Alcohols and polyols; Phenols; Benzoic acids and derivatives; Ethers; Organic acids and derivatives; Carboxylic acids and derivatives; Primary alcohols; Benzoyl derivatives; Organooxygen compounds; Carboxylic acid derivatives; Monocarboxylic acids and derivatives; Carboxylic acid esters; Hydroxybenzoic acid derivatives; Cresols; Meta cresols; Benzenediols; Benzoic acid esters; Secondary alcohols; Benzene and substituted derivatives; Benzenoids; Vinylogous acids; Organic oxides; Hydrocarbon derivatives; Organic oxygen compounds; 1-hydroxy-2-unsubstituted benzenoids; 1-hydroxy-4-unsubstituted benzenoids; o-Hydroxybenzoic acid esters; p-Hydroxybenzoic acid esters; p-Hydroxybenzoic acid alkyl esters; Chemical entities
FT_1.668_319.19177,no name,C19H28O4,L3.1,yes,C19H28O4,[M - H]-,C19H28O4,Polyketides,0.7592106461524963,Meroterpenoids,0.6383505463600159,Tetraketide meroterpenoids,0.5257872343063354,Hydroxybenzaldehydes,0.8451780080795288,Aldehydes,0.5972093343734741,Carbonyl compounds,0.889470636844635,Organooxygen compounds,0.999996781349182,Organic oxygen compounds,0.9999910593032836,Organic compounds; Ketones; Aldehydes; Alkyl aryl ethers; Phenols; Resorcinols; Anisoles; Ethers; Organic acids and derivatives; Benzoyl derivatives; Organooxygen compounds; Cresols; Meta cresols; Benzenediols; Benzaldehydes; Carbonyl compounds; Benzene and substituted derivatives; Phenol ethers; Benzenoids; Aryl-aldehydes; Vinylogous acids; Organic oxides; Hydroxybenzaldehydes; Hydrocarbon derivatives; Organic oxygen compounds; Chemical entities
FT_1.686_261.04054,no name,C13H10O6,L3.1,yes,C13H10O6,[M - H]-,C13H10O6,Polyketides,0.5685909986495972,Chromanes,0.28560954332351685,Phthalide derivatives,0.23812368512153623,1-hydroxy-2-unsubstituted benzenoids,0.7637987732887268,NA,NA,1-hydroxy-2-unsubstituted benzenoids,0.7637987732887268,Phenols,0.7775567770004272,Benzenoids,0.9276331663131714,Organic compounds; Organoheterocyclic compounds; Pyrans; Phenols; Organic acids and derivatives; Carboxylic acids and derivatives; Organooxygen compounds; Benzene and substituted derivatives; Polyols; Benzenoids; Vinylogous acids; Organic oxides; Oxacyclic compounds; Hydrocarbon derivatives; Organic oxygen compounds; 1-hydroxy-2-unsubstituted benzenoids; 1-hydroxy-4-unsubstituted benzenoids; Chemical entities
FT_1.689_283.11872,no name,C13H18O4,L3.1,yes,C13H18O4,[M + CH2O2 - H]-,C14H20O6,Terpenoids,0.5564931631088257,Sesquiterpenoids,0.5001811385154724,Azaphilones,0.23588959872722623,Ketones,0.5561895370483398,Ketones,0.5561895370483398,Carbonyl compounds,0.9306759834289552,Organooxygen compounds,0.9999604225158693,Organic oxygen compounds,0.9999377727508544,Organic compounds; Ketones; Alcohols and polyols; Organic acids and derivatives; Carboxylic acids and derivatives; Organooxygen compounds; Monocarboxylic acids and derivatives; Carbonyl compounds; Organic oxides; Oxacyclic compounds; Hydrocarbon derivatives; Organic oxygen compounds; Chemical entities
FT_1.690_203.03465,no name,C11H8O4,L3.1,yes,C11H8O4,[M - H]-,C11H8O4,Shikimates and Phenylpropanoids,0.5743767619132996,Phenolic acids (C6-C1),0.5080658793449402,Simple phenolic acids,0.4915518760681152,Benzenediols,0.5574645400047302,NA,NA,Benzenediols,0.5574645400047302,Phenols,0.6095277667045593,Benzenoids,0.9293348789215088,Organic compounds; Phenols; Organic acids and derivatives; Carboxylic acids and derivatives; Organooxygen compounds; Monocarboxylic acids and derivatives; Carboxylic acids; Benzenediols; Carbonyl compounds; Benzenoids; Organic oxides; Oxacyclic compounds; Hydrocarbon derivatives; Organic oxygen compounds; 1-hydroxy-2-unsubstituted benzenoids; Chemical entities
FT_1.697_187.06115,no name,C8H12O5,L3.1,yes,C8H12O5,[M - H]-,C8H12O5,Fatty acids,0.6380168199539185,Fatty Acids and Conjugates,0.6853718757629395,Dicarboxylic acids,0.846295177936554,Medium-chain keto acids and derivatives,0.6838291883468628,NA,NA,Medium-chain keto acids and derivatives,0.6838291883468628,Keto acids and derivatives,0.518769383430481,Organic acids and derivatives,0.9996938705444336,Organic compounds; Organic acids and derivatives; Carboxylic acids and derivatives; Organooxygen compounds; Dicarboxylic acids and derivatives; Keto acids and derivatives; Carboxylic acids; Medium-chain keto acids and derivatives; Carbonyl compounds; Organic oxides; Hydrocarbon derivatives; Organic oxygen compounds; Chemical entities
FT_1.699_247.02483,no name,C12H8O6,L3.1,yes,C12H8O6,[M - H]-,C12H8O6,Shikimates and Phenylpropanoids,0.6438001394271851,Coumarins,0.7323133945465088,Simple coumarins,0.7570797801017761,7-hydroxycoumarins,0.6854596138000488,7-hydroxycoumarins,0.6854596138000488,Hydroxycoumarins,0.7106704115867615,Coumarins and derivatives,0.7936398983001709,Phenylpropanoids and polyketides,0.6661490797996521,Organic compounds; Organoheterocyclic compounds; Lactones; Pyrans; Benzopyrans; Phenols; Coumarins and derivatives; Phenylpropanoids and polyketides; Organic acids and derivatives; Carboxylic acids and derivatives; Organooxygen compounds; Pyranones and derivatives; Monocarboxylic acids and derivatives; Carboxylic acids; Benzenoids; Hydroxycoumarins; 7-hydroxycoumarins; 1-benzopyrans; Organic oxides; Oxacyclic compounds; Heteroaromatic compounds; Hydrocarbon derivatives; Organic oxygen compounds; Chemical entities
FT_1.709_189.07684,no name,C8H14O5,L3.1,yes,C8H14O5,[M - H]-,C8H14O5,Fatty acids,0.8260241150856018,Fatty Acids and Conjugates,0.9122093915939332,Hydroxy fatty acids,0.781783401966095,Alpha hydroxy acids and derivatives,0.5922348499298096,NA,NA,Alpha hydroxy acids and derivatives,0.5922348499298096,Hydroxy acids and derivatives,0.8667155504226685,Organic acids and derivatives,0.9997157454490662,Organic compounds; Lipids and lipid-like molecules; Alcohols and polyols; Fatty acids and conjugates; Organic acids and derivatives; Carboxylic acids and derivatives; Organooxygen compounds; Hydroxy acids and derivatives; Monocarboxylic acids and derivatives; Carboxylic acids; Alpha hydroxy acids and derivatives; Secondary alcohols; Carbonyl compounds; Fatty Acyls; Organic oxides; Hydrocarbon derivatives; Organic oxygen compounds; Chemical entities
FT_1.731_323.07746,no name,C15H16O8,L3.1,yes,C15H16O8,[M - H]-,C15H16O8,Shikimates and Phenylpropanoids,0.5746623873710632,Coumarins,0.6451268792152405,Isocoumarins,0.7823969125747681,m-Phthalate esters,0.5931376814842224,Phthalic acid and derivatives,0.5106662511825562,Benzoic acids and derivatives,0.7021660804748535,Benzene and substituted derivatives,0.6839350461959839,Benzenoids,0.9570952653884888,Organic compounds; Organoheterocyclic compounds; Lactones; Benzopyrans; Alkyl aryl ethers; Phenols; Anisoles; Benzoic acids and derivatives; Ethers; Organic acids and derivatives; Carboxylic acids and derivatives; Organooxygen compounds; Dicarboxylic acids and derivatives; Carboxylic acid derivatives; Phthalic acid and derivatives; M-phthalic acid and derivatives; Monocarboxylic acids and derivatives; Carboxylic acids; Carboxylic acid esters; Hydroxybenzoic acid derivatives; Carbonyl compounds; Benzene and substituted derivatives; Phenol ethers; Benzenoids; 2-benzopyrans; Vinylogous acids; Organic oxides; Phthalate esters; m-Phthalate esters; Oxacyclic compounds; Hydrocarbon derivatives; Organic oxygen compounds; 1-hydroxy-4-unsubstituted benzenoids; Chemical entities
FT_1.750_211.06112,no name,C10H12O5,L3.1,yes,C10H12O5,[M - H]-,C10H12O5,Shikimates and Phenylpropanoids,0.5481343269348145,Phenolic acids (C6-C1),0.6818875670433044,Simple phenolic acids,0.6529523134231567,Alkyl aryl ethers,0.5746896862983704,Alkyl aryl ethers,0.5746896862983704,Ethers,0.5238829851150513,Organooxygen compounds,0.9999992847442628,Organic oxygen compounds,0.999994158744812,Organic compounds; Alkyl aryl ethers; Ethers; Organic acids and derivatives; Carboxylic acids and derivatives; Organooxygen compounds; Monocarboxylic acids and derivatives; Carboxylic acids; Carbonyl compounds; Organic oxides; Hydrocarbon derivatives; Organic oxygen compounds; Chemical entities
FT_1.783_295.04601,no name,C13H12O8,L3.1,yes,C13H12O8,[M - H]-,C13H12O8,Polyketides,0.547054648399353,Coumarins,0.3486478328704834,Simple phenolic acids,0.34387728571891785,Benzopyrans,0.5745765566825867,NA,NA,NA,NA,Benzopyrans,0.5745765566825867,Organoheterocyclic compounds,0.5227100849151611,Organic compounds; Organoheterocyclic compounds; Benzopyrans; Phenols; Benzoic acids and derivatives; Ethers; Organic acids and derivatives; Carboxylic acids and derivatives; Organooxygen compounds; Carboxylic acids; Hydroxybenzoic acid derivatives; Carbonyl compounds; Benzene and substituted derivatives; Benzenoids; Vinylogous acids; Organic oxides; Oxacyclic compounds; Hydrocarbon derivatives; Organic oxygen compounds; Chemical entities
FT_1.807_279.08746,no name,C14H16O6,L3.1,yes,C14H16O6,[M - H]-,C14H16O6,Shikimates and Phenylpropanoids,0.5055078864097595,Phenylpropanoids (C6-C3),0.3342062830924988,Cinnamic acids and derivatives,0.4421453475952149,Hydroxycinnamic acids and derivatives,0.5517237782478333,NA,NA,Hydroxycinnamic acids and derivatives,0.5517237782478333,Cinnamic acids and derivatives,0.4034961760044098,Phenylpropanoids and polyketides,0.30958470702171326,Organic compounds; Alkyl aryl ethers; Phenols; Anisoles; Ethers; Organic acids and derivatives; Carboxylic acids and derivatives; Organooxygen compounds; Monocarboxylic acids and derivatives; Carboxylic acids; Hydroxycinnamic acids and derivatives; Carbonyl compounds; Benzene and substituted derivatives; Phenol ethers; Benzenoids; Organic oxides; Methoxybenzenes; Hydrocarbon derivatives; Organic oxygen compounds; Phenoxy compounds; Chemical entities
FT_1.865_309.06179,no name,C14H14O8,L3.1,yes,C14H14O8,[M - H]-,C14H14O8,Shikimates and Phenylpropanoids,0.5096061825752258,Chromanes,0.5157942771911621,Simple phenolic acids,0.28673142194747925,Dicarboxylic acids and derivatives,0.5957027673721313,NA,NA,Dicarboxylic acids and derivatives,0.5957027673721313,Carboxylic acids and derivatives,0.9920690059661864,Organic acids and derivatives,0.9992228746414183,Organic compounds; Organoheterocyclic compounds; Alcohols and polyols; Ethers; Organic acids and derivatives; Carboxylic acids and derivatives; Organooxygen compounds; Dicarboxylic acids and derivatives; Carboxylic acids; Carbonyl compounds; Vinylogous acids; Organic oxides; Oxacyclic compounds; Hydrocarbon derivatives; Organic oxygen compounds; Chemical entities
FT_1.904_269.10308,no name,C13H18O6,L3.1,yes,C13H18O6,[M - H]-,C13H18O6,Shikimates and Phenylpropanoids,0.5013373494148254,Phloroglucinols,0.4031549096107483,Acyl phloroglucinols,0.29592040181159973,Methoxyphenols,0.5566518902778625,NA,NA,Methoxyphenols,0.5566518902778625,Phenols,0.6726021766662598,Benzenoids,0.8577354550361633,Organic compounds; Alkyl aryl ethers; Alcohols and polyols; Phenols; Anisoles; Methoxyphenols; Ethers; Organooxygen compounds; Benzene and substituted derivatives; Polyols; Phenol ethers; Benzenoids; Methoxybenzenes; Hydrocarbon derivatives; Organic oxygen compounds; Phenoxy compounds; Chemical entities
FT_10.768_401.13033,no name,C14H26O13,L3.1,yes,C14H26O13,[M - H]-,C14H26O13,Carbohydrates,0.9373807311058044,Saccharides,0.9490039944648744,Disaccharides,0.9884052276611328,Disaccharides,0.8562793135643005,Disaccharides,0.8562793135643005,Carbohydrates and carbohydrate conjugates,0.999987006187439,Organooxygen compounds,0.9999951124191284,Organic oxygen compounds,0.9999500513076782,Organic compounds; Organoheterocyclic compounds; Carbohydrates and carbohydrate conjugates; Alcohols and polyols; Ethers; Primary alcohols; Organooxygen compounds; Hemiacetals; Disaccharides; Acetals; Secondary alcohols; Oxanes; Glycosyl compounds; O-glycosyl compounds; Polyols; Oxacyclic compounds; Hydrocarbon derivatives; Organic oxygen compounds; Chemical entities
FT_10.775_157.06179,no name,C6H10N2O3,L3.1,yes,C6H10N2O3,[M - H]-,C6H10N2O3,Amino acids and Peptides,0.8370964527130127,Small peptides,0.9187631607055664,Aminoacids,0.8143642544746399,Alpha amino acids,0.8799725770950317,Amino acids and derivatives,0.9853256344795228,"Amino acids, peptides, and analogues",0.985662877559662,Carboxylic acids and derivatives,0.997547209262848,Organic acids and derivatives,0.9997305274009703,"Organic compounds; Amino acids, peptides, and analogues; Alpha amino acids and derivatives; Organic acids and derivatives; Carboxylic acids and derivatives; Organonitrogen compounds; Organooxygen compounds; Amino acids and derivatives; Monoalkylamines; Monocarboxylic acids and derivatives; Carboxylic acids; Carbonyl compounds; Alpha amino acids; Amines; Primary amines; Organic oxides; Hydrocarbon derivatives; Amino acids; Organopnictogen compounds; Organic oxygen compounds; Organic nitrogen compounds; Chemical entities"
FT_11.780_225.06158,no name,C7H14O8,L3.1,yes,C7H14O8,[M - H]-,C7H14O8,Carbohydrates,0.8592101335525513,Saccharides,0.5243011713027954,Cyclitols,0.4774926006793976,Cyclohexanols,0.7426415085792542,Secondary alcohols,0.999387502670288,Alcohols and polyols,0.9997559189796448,Organooxygen compounds,0.9999823570251464,Organic oxygen compounds,0.9997820258140564,Organic compounds; Carbohydrates and carbohydrate conjugates; Alcohols and polyols; Organooxygen compounds; Cyclic alcohols and derivatives; Secondary alcohols; Polyols; Cyclitols and derivatives; Cyclohexanols; Hydrocarbon derivatives; Organic oxygen compounds; Chemical entities
FT_11.815_173.00260,no name,C5H6N2O3S,L3.1,yes,C5H6N2O3S,[M - H]-,C5H6N2O3S,Alkaloids,0.6017941832542419,Nicotinic acid alkaloids,0.619452714920044,Pyridine alkaloids,0.6242780089378357,Arylsulfonic acids and derivatives,0.6575338840484619,Arylsulfonic acids and derivatives,0.6575338840484619,Organosulfonic acids and derivatives,0.5979605317115784,Organic sulfonic acids and derivatives,0.5993350148200989,Organic acids and derivatives,0.994109869003296,Organic compounds; Organoheterocyclic compounds; Organosulfur compounds; Pyridines and derivatives; Organic acids and derivatives; Organosulfonic acids and derivatives; Organonitrogen compounds; Sulfonyls; Organosulfonic acids; Arylsulfonic acids and derivatives; Organic oxides; Azacyclic compounds; Heteroaromatic compounds; Hydrocarbon derivatives; Organic sulfonic acids and derivatives; Organopnictogen compounds; Organic oxygen compounds; Organic nitrogen compounds; Chemical entities
FT_12.663_535.15166,no name,C18H32O18,L3.1,yes,C18H32O18,[M - H]-,C18H32O18,Carbohydrates,0.9570941925048828,Saccharides,0.9617483019828796,Disaccharides,0.8573749661445618,Oligosaccharides,0.9041018486022948,Oligosaccharides,0.9041018486022948,Carbohydrates and carbohydrate conjugates,0.999946117401123,Organooxygen compounds,0.9999946355819702,Organic oxygen compounds,0.9999407529830932,Organic compounds; Organoheterocyclic compounds; Carbohydrates and carbohydrate conjugates; Alcohols and polyols; Oligosaccharides; Ethers; Primary alcohols; Organooxygen compounds; Hemiacetals; Acetals; Secondary alcohols; Oxanes; Glycosyl compounds; O-glycosyl compounds; Polyols; Oxacyclic compounds; Hydrocarbon derivatives; Organic oxygen compounds; Chemical entities
FT_12.676_474.14656,no name,C15H27NO13,L3.1,yes,C15H27NO13,[M + CH2O2 - H]-,C16H29NO15,Carbohydrates,0.8646807670593262,Saccharides,0.6305914521217346,Disaccharides,0.8035168051719666,Disaccharides,0.7870509028434753,Disaccharides,0.7870509028434753,Carbohydrates and carbohydrate conjugates,0.9998939037322998,Organooxygen compounds,0.9999457597732544,Organic oxygen compounds,0.999853253364563,Organic compounds; Organoheterocyclic compounds; Carbohydrates and carbohydrate conjugates; Alcohols and polyols; Ethers; Carboxylic acids and derivatives; Organonitrogen compounds; Primary alcohols; Organooxygen compounds; Carboxylic acid amides; Hemiacetals; Disaccharides; Acetals; Secondary alcohols; Secondary carboxylic acid amides; Carbonyl compounds; Oxanes; Glycosyl compounds; O-glycosyl compounds; Polyols; Organic oxides; Oxacyclic compounds; Hydrocarbon derivatives; Organopnictogen compounds; Organic oxygen compounds; Organic nitrogen compounds; Chemical entities
FT_12.806_421.06605,no name,C12H22O14S,L3.1,yes,C12H22O14S,[M - H]-,C12H22O14S,Carbohydrates,0.7845481038093567,Saccharides,0.8038817644119263,Disaccharides,0.8886781334877014,C-glycosyl compounds,0.535686731338501,Glycosyl compounds,0.9850587844848632,Carbohydrates and carbohydrate conjugates,0.999376118183136,Organooxygen compounds,0.9999191761016846,Organic oxygen compounds,0.9999995231628418,Organic compounds; Organoheterocyclic compounds; Carbohydrates and carbohydrate conjugates; Alcohols and polyols; Ethers; Organic acids and derivatives; Primary alcohols; Organooxygen compounds; Organic sulfuric acids and derivatives; Sulfuric acid monoesters; Disaccharides; Acetals; Secondary alcohols; Oxanes; Glycosyl compounds; C-glycosyl compounds; O-glycosyl compounds; Polyols; Sulfuric acid esters; Alkyl sulfates; Organic oxides; Oxacyclic compounds; Hydrocarbon derivatives; Organic oxygen compounds; Chemical entities
FT_14.398_446.09757,no name,C14H25NO13S,L3.1,yes,C14H25NO13S,[M - H]-,C14H25NO13S,Carbohydrates,0.8747774362564087,Aminosugars and aminoglycosides,0.9564520716667176,Aminosugars,0.9680272936820984,Acylaminosugars,0.5160887837409973,Aminosaccharides,0.7845456600189209,Carbohydrates and carbohydrate conjugates,0.998879373073578,Organooxygen compounds,0.9999995231628418,Organic oxygen compounds,1,Organic compounds; Organoheterocyclic compounds; Carbohydrates and carbohydrate conjugates; Alcohols and polyols; Acylaminosugars; Ethers; Organic acids and derivatives; Carboxylic acids and derivatives; Organonitrogen compounds; Primary alcohols; Organooxygen compounds; Organic sulfuric acids and derivatives; Carboxylic acid amides; Hemiacetals; Carboxylic acid derivatives; Amino sugars; Sulfuric acid monoesters; Hexoses; Monosaccharides; Acetals; Secondary alcohols; Secondary carboxylic acid amides; Carbonyl compounds; Oxanes; Glycosyl compounds; O-glycosyl compounds; Polyols; Aminosaccharides; Monosaccharide sulfates; Sulfuric acid esters; Alkyl sulfates; Acetamides; Organic oxides; Oxacyclic compounds; Hydrocarbon derivatives; Organopnictogen compounds; Organic oxygen compounds; Organic nitrogen compounds; Chemical entities
FT_2.025_225.04042,no name,C10H10O6,L3.1,yes,C10H10O6,[M - H]-,C10H10O6,Shikimates and Phenylpropanoids,0.5426989793777466,Phenolic acids (C6-C1),0.5400288105010986,Simple phenolic acids,0.5184429883956909,Dicarboxylic acids and derivatives,0.5868163108825684,NA,NA,Dicarboxylic acids and derivatives,0.5868163108825684,Carboxylic acids and derivatives,0.9858919978141784,Organic acids and derivatives,0.9983017444610596,Organic compounds; Organoheterocyclic compounds; Organic acids and derivatives; Carboxylic acids and derivatives; Organooxygen compounds; Dicarboxylic acids and derivatives; Carboxylic acids; Carbonyl compounds; Organic oxides; Oxacyclic compounds; Hydrocarbon derivatives; Organic oxygen compounds; Chemical entities
FT_2.028_311.11385,no name,C15H20O7,L3.1,yes,C15H20O7,[M - H]-,C15H20O7,Polyketides,0.6137424111366272,Chromanes,0.6105070114135742,Azaphilones,0.7860012650489807,Benzenoids,0.5092071890830994,NA,NA,NA,NA,NA,NA,Benzenoids,0.5092071890830994,Organic compounds; Organoheterocyclic compounds; Ketones; Alcohols and polyols; Ethers; Organic acids and derivatives; Organooxygen compounds; Secondary alcohols; Carbonyl compounds; Polyols; Benzenoids; Vinylogous acids; Organic oxides; Oxacyclic compounds; Hydrocarbon derivatives; Organic oxygen compounds; Chemical entities
FT_2.039_319.05733,no name,C14H12N2O7,L3.1,yes,C14H12N2O7,[M - H]-,C14H12N2O7,Polyketides,0.5322586297988892,Aromatic polyketides,0.44150781631469727,Depsides,0.252854585647583,Benzenediols,0.6389532685279846,NA,NA,Benzenediols,0.6389532685279846,Phenols,0.8282671570777893,Benzenoids,0.994972825050354,Organic compounds; Organoheterocyclic compounds; Alcohols and polyols; Phenols; Organic acids and derivatives; Organooxygen compounds; Benzenediols; Carbonyl compounds; Benzene and substituted derivatives; Benzenoids; Vinylogous acids; Organic oxides; Oxacyclic compounds; Hydrocarbon derivatives; Organic oxygen compounds; 1-hydroxy-2-unsubstituted benzenoids; 1-hydroxy-4-unsubstituted benzenoids; Organic nitrogen compounds; Chemical entities
FT_2.062_279.08747,no name,C14H16O6,L3.1,yes,C14H16O6,[M - H]-,C14H16O6,Polyketides,0.6258753538131714,Coumarins,0.540949285030365,Isocoumarins,0.7335955500602722,2-benzopyrans,0.6139153242111206,NA,NA,2-benzopyrans,0.6139153242111206,Benzopyrans,0.7208606600761414,Organoheterocyclic compounds,0.8390530347824097,Organic compounds; Organoheterocyclic compounds; Lactones; Ketones; Acetophenones; Benzopyrans; Alkyl aryl ethers; Phenols; Anisoles; Ethers; Organic acids and derivatives; Carboxylic acids and derivatives; Organooxygen compounds; Carboxylic acid derivatives; Monocarboxylic acids and derivatives; Carboxylic acids; Carboxylic acid esters; Carbonyl compounds; Benzene and substituted derivatives; Phenol ethers; Benzenoids; 2-benzopyrans; Aryl ketones; Aryl alkyl ketones; Vinylogous acids; Organic oxides; Oxacyclic compounds; Hydrocarbon derivatives; Organic oxygen compounds; 1-hydroxy-4-unsubstituted benzenoids; Chemical entities
FT_2.134_309.06182,no name,C14H14O8,L3.1,yes,C14H14O8,[M - H]-,C14H14O8,Shikimates and Phenylpropanoids,0.582870602607727,Chromanes,0.4928133189678192,Isocoumarins,0.5188559293746948,2-benzopyrans,0.6645894050598145,NA,NA,2-benzopyrans,0.6645894050598145,Benzopyrans,0.6871643662452698,Organoheterocyclic compounds,0.7302373647689819,Organic compounds; Organoheterocyclic compounds; Benzopyrans; Alcohols and polyols; Phenols; Benzoic acids and derivatives; Ethers; Organic acids and derivatives; Carboxylic acids and derivatives; Organooxygen compounds; Dicarboxylic acids and derivatives; Carboxylic acid derivatives; Carboxylic acids; Carboxylic acid esters; Hydroxybenzoic acid derivatives; Secondary alcohols; Carbonyl compounds; Benzene and substituted derivatives; 2-benzopyrans; Vinylogous acids; Organic oxides; Oxacyclic compounds; Hydrocarbon derivatives; Organic oxygen compounds; Chemical entities
FT_2.168_281.06672,no name,C13H14O7,L3.1,yes,C13H14O7,[M - H]-,C13H14O7,Shikimates and Phenylpropanoids,0.22147583961486816,Phenolic acids (C6-C1),0.2752171456813812,Dicarboxylic acids,0.2193139046430588,Dicarboxylic acids and derivatives,0.7207859754562378,NA,NA,Dicarboxylic acids and derivatives,0.7207859754562378,Carboxylic acids and derivatives,0.9869933128356934,Organic acids and derivatives,0.9973606467247008,Organic compounds; Organoheterocyclic compounds; Alcohols and polyols; Organic acids and derivatives; Carboxylic acids and derivatives; Organooxygen compounds; Dicarboxylic acids and derivatives; Carboxylic acid derivatives; Carboxylic acids; Carboxylic acid esters; Secondary alcohols; Carbonyl compounds; Organic oxides; Oxacyclic compounds; Hydrocarbon derivatives; Organic oxygen compounds; Chemical entities
FT_2.182_269.10307,no name,C13H18O6,L3.1,yes,C13H18O6,[M - H]-,C13H18O6,Shikimates and Phenylpropanoids,0.5062657594680786,Phenolic acids (C6-C1),0.3824276328086853,Simple phenolic acids,0.4318644106388092,Anisoles,0.6016666889190674,NA,NA,Anisoles,0.6016666889190674,Phenol ethers,0.701138436794281,Benzenoids,0.7356088161468506,Organic compounds; Alkyl aryl ethers; Alcohols and polyols; Phenols; Anisoles; Ethers; Organic acids and derivatives; Carboxylic acids and derivatives; Organooxygen compounds; Monocarboxylic acids and derivatives; Benzene and substituted derivatives; Phenol ethers; Benzenoids; Organic oxides; Methoxybenzenes; Hydrocarbon derivatives; Organic oxygen compounds; Phenoxy compounds; Chemical entities
FT_2.215_83.02511,no name,C3H4N2O,L3.1,yes,C3H4N2O,[M - H]-,C3H4N2O,Alkaloids,0.613251268863678,Small peptides,0.10726384073495863,RiPPs-Lanthipeptides,0.3006879389286041,Acetamides,0.7356613278388977,Carboxylic acid amides,0.5306025147438049,Carboxylic acid derivatives,0.6327351927757263,Carboxylic acids and derivatives,0.8467357754707336,Organic acids and derivatives,0.8757311105728149,Organic compounds; Organoheterocyclic compounds; Organic acids and derivatives; Carboxylic acids and derivatives; Organonitrogen compounds; Organooxygen compounds; Carboxylic acid amides; Carboxylic acid derivatives; Carbonyl compounds; Acetamides; Organic oxides; Azacyclic compounds; Hydrocarbon derivatives; Organopnictogen compounds; Organic oxygen compounds; Organic nitrogen compounds; Chemical entities
FT_2.243_155.03505,no name,C7H8O4,L3.1,yes,C7H8O4,[M - H]-,C7H8O4,Fatty acids,0.6542288064956665,Fatty Acids and Conjugates,0.7232528328895569,Dicarboxylic acids,0.7997750639915466,Dicarboxylic acids and derivatives,0.8945401310920715,NA,NA,Dicarboxylic acids and derivatives,0.8945401310920715,Carboxylic acids and derivatives,0.99902081489563,Organic acids and derivatives,0.999763548374176,Organic compounds; Lipids and lipid-like molecules; Fatty acids and conjugates; Organic acids and derivatives; Carboxylic acids and derivatives; Organooxygen compounds; Unsaturated fatty acids; Dicarboxylic acids and derivatives; Carboxylic acids; Carbonyl compounds; Fatty Acyls; Organic oxides; Hydrocarbon derivatives; Organic oxygen compounds; Chemical entities
FT_2.351_380.99229,no name,C15H10O10S,L3.1,yes,C15H10O10S,[M - H]-,C15H10O10S,Shikimates and Phenylpropanoids,0.6871846914291382,Phenolic acids (C6-C1),0.783176600933075,Simple phenolic acids,0.7577385306358337,Sulfobenzoic acids,0.6297499537467957,Sulfobenzoic acids,0.6297499537467957,Benzenesulfonic acids and derivatives,0.8594229817390442,Benzene and substituted derivatives,0.8826501369476318,Benzenoids,0.9723731875419616,"Organic compounds; Organosulfur compounds; Benzenesulfonic acids and derivatives; Sulfobenzoic acids; Benzoic acids and derivatives; Organic acids and derivatives; Carboxylic acids and derivatives; Organosulfonic acids and derivatives; Benzoyl derivatives; Organooxygen compounds; Sulfonyls; Organosulfonic acids; Carboxylic acids; Hydroxybenzoic acid derivatives; Arylsulfonic acids and derivatives; Benzene and substituted derivatives; Benzenoids; Benzoic acids; Arylsufonic acids; 1-sulfo,2-unsubstituted aromatic compounds; Organic oxides; Hydrocarbon derivatives; Benzenesulfonyl compounds; Organic sulfonic acids and derivatives; Organic oxygen compounds; Chemical entities"
FT_2.357_195.02996,no name,C9H8O5,L3.1,yes,C9H8O5,[M - H]-,C9H8O5,Shikimates and Phenylpropanoids,0.621705949306488,Phenolic acids (C6-C1),0.5897623896598816,Simple phenolic acids,0.575141966342926,Benzoic acids and derivatives,0.5725573897361755,NA,NA,Benzoic acids and derivatives,0.5725573897361755,Benzene and substituted derivatives,0.800286591053009,Benzenoids,0.8813155293464661,Organic compounds; Phenols; Benzoic acids and derivatives; Organic acids and derivatives; Carboxylic acids and derivatives; Benzoyl derivatives; Organooxygen compounds; Carboxylic acid derivatives; Monocarboxylic acids and derivatives; Carboxylic acid esters; Carbonyl compounds; Benzene and substituted derivatives; Benzenoids; Organic oxides; Hydrocarbon derivatives; Organic oxygen compounds; Chemical entities
FT_2.455_253.03537,no name,C11H10O7,L3.1,yes,C11H10O7,[M - H]-,C11H10O7,Shikimates and Phenylpropanoids,0.6813045144081116,Phenolic acids (C6-C1),0.5912154912948608,Simple phenolic acids,0.6200459599494934,m-Phthalate esters,0.6275434494018555,Phthalic acid and derivatives,0.6754299402236938,Benzoic acids and derivatives,0.8229891061782837,Benzene and substituted derivatives,0.928069829940796,Benzenoids,0.9929928779602052,Organic compounds; Lactones; Alkyl aryl ethers; Phenols; Anisoles; Benzoic acids and derivatives; Ethers; Organic acids and derivatives; Carboxylic acids and derivatives; Benzoyl derivatives; Organooxygen compounds; Dicarboxylic acids and derivatives; Salicylic acid and derivatives; Carboxylic acid derivatives; Phthalic acid and derivatives; M-phthalic acid and derivatives; Carboxylic acids; Carboxylic acid esters; Hydroxybenzoic acid derivatives; Benzene and substituted derivatives; Phenol ethers; Methoxybenzoic acids and derivatives; Benzenoids; Benzoic acids; Vinylogous acids; Organic oxides; Phthalate esters; m-Phthalate esters; Hydrocarbon derivatives; Organic oxygen compounds; Chemical entities
FT_2.475_295.08237,no name,C14H16O7,L3.1,yes,C14H16O7,[M - H]-,C14H16O7,Polyketides,0.5886110663414001,Coumarins,0.40118876099586487,Isocoumarins,0.5459195375442505,Alkyl-phenylketones,0.6629819273948669,Ketones,0.7256508469581604,Carbonyl compounds,0.8658913969993591,Organooxygen compounds,0.9999971389770508,Organic oxygen compounds,0.999968647956848,Organic compounds; Ketones; Acetophenones; Benzopyrans; Alkyl aryl ethers; Phenols; Anisoles; Ethers; Organic acids and derivatives; Carboxylic acids and derivatives; Organooxygen compounds; Monocarboxylic acids and derivatives; Carboxylic acids; Carbonyl compounds; Benzene and substituted derivatives; Phenol ethers; Benzenoids; Aryl ketones; Aryl alkyl ketones; Vinylogous acids; Organic oxides; Oxacyclic compounds; Hydrocarbon derivatives; Phenylketones; Alkyl-phenylketones; Organic oxygen compounds; Chemical entities
FT_2.491_189.07685,no name,C8H14O5,L3.1,yes,C8H14O5,[M - H]-,C8H14O5,Fatty acids,0.7218083143234253,Fatty Acids and Conjugates,0.8195503354072571,Hydroxy fatty acids,0.5436784029006958,Hydroxy acids and derivatives,0.7528322339057922,NA,NA,NA,NA,Hydroxy acids and derivatives,0.7528322339057922,Organic acids and derivatives,0.9995192289352416,Organic compounds; Lipids and lipid-like molecules; Alcohols and polyols; Ethers; Organic acids and derivatives; Carboxylic acids and derivatives; Organooxygen compounds; Hydroxy acids and derivatives; Monocarboxylic acids and derivatives; Carboxylic acids; Carbonyl compounds; Organic oxides; Hydrocarbon derivatives; Organic oxygen compounds; Chemical entities
FT_2.501_183.06629,no name,C9H12O4,L3.1,yes,C9H12O4,[M - H]-,C9H12O4,Shikimates and Phenylpropanoids,0.519445538520813,Phenolic acids (C6-C1),0.4552758038043976,Simple phenolic acids,0.45800334215164185,Methoxybenzenes,0.5482227802276611,NA,NA,Methoxybenzenes,0.5482227802276611,Benzene and substituted derivatives,0.8095139861106873,Benzenoids,0.5977557897567749,Organic compounds; Alkyl aryl ethers; Phenols; Ethers; Organic acids and derivatives; Carboxylic acids and derivatives; Organooxygen compounds; Monocarboxylic acids and derivatives; Carboxylic acids; Benzene and substituted derivatives; Benzenoids; Organic oxides; Methoxybenzenes; Hydrocarbon derivatives; Organic oxygen compounds; Phenoxy compounds; Chemical entities
FT_2.623_269.06672,no name,C12H14O7,L3.1,yes,C12H14O7,[M - H]-,C12H14O7,Shikimates and Phenylpropanoids,0.5365190505981445,Phenolic acids (C6-C1),0.594041109085083,Simple phenolic acids,0.5577172040939331,Galloyl esters,0.7400326728820801,Hydroxybenzoic acid derivatives,0.9462548494338988,Benzoic acids and derivatives,0.930754780769348,Benzene and substituted derivatives,0.9945448637008668,Benzenoids,0.9961716532707214,Organic compounds; Alcohols and polyols; Phenols; Anisoles; Benzoic acids and derivatives; Ethers; Organic acids and derivatives; Carboxylic acids and derivatives; Benzoyl derivatives; Organooxygen compounds; Pyrogallols and derivatives; Carboxylic acid derivatives; Monocarboxylic acids and derivatives; Carboxylic acid esters; Hydroxybenzoic acid derivatives; Gallic acid and derivatives; Benzenetriols and derivatives; Benzoic acid esters; Benzene and substituted derivatives; Polyols; Phenol ethers; Benzenoids; Benzoic acids; Galloyl esters; Organic oxides; Hydrocarbon derivatives; Organic oxygen compounds; 1-hydroxy-2-unsubstituted benzenoids; 1-hydroxy-4-unsubstituted benzenoids; m-Hydroxybenzoic acid esters; p-Hydroxybenzoic acid esters; p-Hydroxybenzoic acid alkyl esters; Phenoxy compounds; Chemical entities
FT_2.893_242.07043,no name,C7H17NO6S,L3.1,yes,C7H17NO6S,[M - H]-,C7H17NO6S,Amino acids and Peptides,0.5390620827674866,Small peptides,0.4689688980579376,Aminoacids,0.1969202160835266,Sulfuric acid monoesters,0.937105655670166,Sulfuric acid monoesters,0.937105655670166,Sulfuric acid esters,0.913701832294464,Organic sulfuric acids and derivatives,0.9952124357223512,Organic acids and derivatives,0.999954342842102,"Organic compounds; Organic acids and derivatives; Organonitrogen compounds; Organooxygen compounds; Organic sulfuric acids and derivatives; Monoalkylamines; Sulfuric acid monoesters; 1,2-aminoalcohols; Amines; Primary amines; Sulfuric acid esters; Alkyl sulfates; Organic oxides; Hydrocarbon derivatives; Organopnictogen compounds; Organic oxygen compounds; Organic nitrogen compounds; Chemical entities"
FT_3.056_211.02467,no name,C9H8O6,L3.1,yes,C9H8O6,[M - H]-,C9H8O6,Shikimates and Phenylpropanoids,0.8276031017303467,Phenolic acids (C6-C1),0.743265688419342,Simple phenolic acids,0.7436161637306213,Methoxybenzoic acids and derivatives,0.5855090022087097,Methoxybenzoic acids and derivatives,0.5855090022087097,Benzoic acids and derivatives,0.8627843260765076,Benzene and substituted derivatives,0.9896121621131896,Benzenoids,0.992440700531006,Organic compounds; Phenols; Anisoles; Benzoic acids and derivatives; Ethers; Organic acids and derivatives; Carboxylic acids and derivatives; Benzoyl derivatives; Organooxygen compounds; Dicarboxylic acids and derivatives; Salicylic acid and derivatives; Monocarboxylic acids and derivatives; Carboxylic acids; Carboxylic acid esters; Hydroxybenzoic acid derivatives; Cresols; Benzenediols; Benzaldehydes; Benzoic acid esters; Carbonyl compounds; Benzene and substituted derivatives; Methoxybenzoic acids and derivatives; Benzenoids; Benzoic acids; Aryl-aldehydes; Vinylogous acids; Organic oxides; Methoxybenzenes; Hydrocarbon derivatives; Organic oxygen compounds; 1-hydroxy-2-unsubstituted benzenoids; 1-hydroxy-4-unsubstituted benzenoids; Phenoxy compounds; Chemical entities
FT_3.102_195.02996,no name,C9H8O5,L3.1,yes,C9H8O5,[M - H]-,C9H8O5,Shikimates and Phenylpropanoids,0.811923623085022,Phenolic acids (C6-C1),0.8002113103866577,Simple phenolic acids,0.7725982069969177,Salicylic acids,0.5292860865592957,Hydroxybenzoic acid derivatives,0.7843035459518433,Benzoic acids and derivatives,0.8742392659187317,Benzene and substituted derivatives,0.9939695596694946,Benzenoids,0.9957637786865234,Organic compounds; Phenols; Resorcinols; Benzoic acids and derivatives; Organic acids and derivatives; Carboxylic acids and derivatives; Benzoyl derivatives; Organooxygen compounds; Salicylic acid and derivatives; Monocarboxylic acids and derivatives; Carboxylic acids; Hydroxybenzoic acid derivatives; Benzenediols; Carbonyl compounds; Benzene and substituted derivatives; Benzenoids; Salicylic acids; Benzoic acids; Vinylogous acids; Organic oxides; Hydrocarbon derivatives; Organic oxygen compounds; 1-hydroxy-2-unsubstituted benzenoids; 1-hydroxy-4-unsubstituted benzenoids; Chemical entities
FT_3.208_173.04552,no name,C7H10O5,L3.1,yes,C7H10O5,[M - H]-,C7H10O5,Shikimates and Phenylpropanoids,0.6226617097854614,Phenolic acids (C6-C1),0.637935221195221,Shikimic acids and derivatives,0.32434600591659546,Dicarboxylic acids and derivatives,0.6807530522346497,NA,NA,Dicarboxylic acids and derivatives,0.6807530522346497,Carboxylic acids and derivatives,0.9996626377105712,Organic acids and derivatives,0.9999642372131348,Organic compounds; Alcohols and polyols; Organic acids and derivatives; Carboxylic acids and derivatives; Organooxygen compounds; Dicarboxylic acids and derivatives; Carboxylic acids; Secondary alcohols; Carbonyl compounds; Polyols; Organic oxides; Hydrocarbon derivatives; Organic oxygen compounds; Chemical entities
FT_3.854_228.05468,no name,C6H15NO6S,L3.1,yes,C6H15NO6S,[M - H]-,C6H15NO6S,Amino acids and Peptides,0.7119671702384949,Small peptides,0.7684954404830933,Aminoacids,0.5797597765922546,Sulfuric acid monoesters,0.6231578588485718,Sulfuric acid monoesters,0.6231578588485718,Sulfuric acid esters,0.6161723136901855,Organic sulfuric acids and derivatives,0.9329872727394104,Organic acids and derivatives,0.999974489212036,Organic compounds; Organosulfur compounds; Organic acids and derivatives; Carboxylic acids and derivatives; Organonitrogen compounds; Organooxygen compounds; Organic sulfuric acids and derivatives; Monoalkylamines; Sulfuric acid monoesters; Carbonyl compounds; Amines; Primary amines; Sulfuric acid esters; Alkyl sulfates; Organic oxides; Hydrocarbon derivatives; Organopnictogen compounds; Organic oxygen compounds; Organic nitrogen compounds; Chemical entities
FT_3.855_168.03357,no name,C4H11NO4S,L3.1,yes,C4H11NO4S,[M - H]-,C4H11NO4S,Amino acids and Peptides,0.7862331867218018,Small peptides,0.8797882199287415,Aminoacids,0.8290135860443115,Organic sulfuric acids and derivatives,0.8307533860206604,NA,NA,NA,NA,Organic sulfuric acids and derivatives,0.8307533860206604,Organic acids and derivatives,0.9997195601463318,Organic compounds; Organic acids and derivatives; Organonitrogen compounds; Organooxygen compounds; Organic sulfuric acids and derivatives; Monoalkylamines; Amines; Primary amines; Organic oxides; Hydrocarbon derivatives; Organopnictogen compounds; Organic oxygen compounds; Organic nitrogen compounds; Chemical entities
FT_3.883_312.09517,no name,C11H15N5O6,L3.1,yes,C11H15N5O6,[M - H]-,C11H15N5O6,Carbohydrates,0.9297258853912354,Nucleosides,0.9186608195304872,Purine nucleos(t)ides,0.9201658964157104,Purine nucleosides,0.977708637714386,NA,NA,NA,NA,Purine nucleosides,0.977708637714386,"Nucleosides, nucleotides, and analogues",0.9682828187942504,"Organic compounds; Organoheterocyclic compounds; Carbohydrates and carbohydrate conjugates; Pyrimidines and pyrimidine derivatives; Imidazoles; Alcohols and polyols; Purines and purine derivatives; Organonitrogen compounds; Primary alcohols; Nucleosides, nucleotides, and analogues; Organooxygen compounds; Azoles; Purine nucleosides; Aminopyrimidines and derivatives; Diazines; Pentoses; Monosaccharides; Secondary alcohols; Imidazopyrimidines; Glycosyl compounds; Glycosylamines; Substituted imidazoles; N-substituted imidazoles; Amines; Primary amines; Tetrahydrofurans; 6-aminopurines; Imidolactams; Azacyclic compounds; Oxacyclic compounds; Heteroaromatic compounds; Hydrocarbon derivatives; Organopnictogen compounds; Organic oxygen compounds; Organic nitrogen compounds; Chemical entities"
FT_6.564_226.07544,no name,C7H17NO5S,L3.1,yes,C7H17NO5S,[M - H]-,C7H17NO5S,Fatty acids,0.399567574262619,Fatty amides,0.23992542922496796,Polyamines,0.25226008892059326,Organic sulfuric acids and derivatives,0.7831589579582214,NA,NA,NA,NA,Organic sulfuric acids and derivatives,0.7831589579582214,Organic acids and derivatives,0.9999916553497314,Organic compounds; Organosulfur compounds; Organic acids and derivatives; Organosulfonic acids and derivatives; Organonitrogen compounds; Organooxygen compounds; Organic sulfuric acids and derivatives; Sulfonyls; Organosulfonic acids; Amines; Alkanesulfonic acids and derivatives; Alkanesulfonic acids; Organic anions; Organic oxides; Hydrocarbon derivatives; Organic sulfonic acids and derivatives; Organopnictogen compounds; Organic oxygen compounds; Organic nitrogen compounds; Chemical entities
FT_7.117_212.05976,no name,C6H15NO5S,L3.1,yes,C6H15NO5S,[M - H]-,C6H15NO5S,Amino acids and Peptides,0.5587676763534546,Small peptides,0.5294201374053955,Aminoacids,0.5592707991600037,Alkanesulfonic acids,0.9994331002235411,Alkanesulfonic acids and derivatives,0.9982104301452636,Organosulfonic acids and derivatives,0.9663211703300476,Organic sulfonic acids and derivatives,0.9658145308494568,Organic acids and derivatives,0.9999796152114868,Organic compounds; Organosulfur compounds; Organic acids and derivatives; Organosulfonic acids and derivatives; Organonitrogen compounds; Organooxygen compounds; Sulfonyls; Organosulfonic acids; Amines; Alkanesulfonic acids and derivatives; Alkanesulfonic acids; Organic anions; Organic oxides; Hydrocarbon derivatives; Organic sulfonic acids and derivatives; Organopnictogen compounds; Organic oxygen compounds; Organic nitrogen compounds; Chemical entities
FT_1.286_373.09303,no name,C18H16O6,L3.2,yes,C18H16O6,[M + CH2O2 - H]-,C19H18O8,Shikimates and Phenylpropanoids,0.5794619917869568,Polycyclic aromatic polyketides,0.5129925012588501,Angucyclines,0.3524191081523895,Anisoles,0.5344172120094299,NA,NA,Anisoles,0.5344172120094299,Phenol ethers,0.5555922389030457,Benzenoids,0.999721348285675,Organic compounds; Alkyl aryl ethers; Alcohols and polyols; Phenols; Anisoles; Ethers; Phenylpropanoids and polyketides; Organooxygen compounds; Benzene and substituted derivatives; Phenol ethers; Benzenoids; Organic oxides; Hydrocarbon derivatives; Organic oxygen compounds; 1-hydroxy-2-unsubstituted benzenoids; Chemical entities
FT_1.363_295.08239,no name,C13H14O5,L3.2,yes,C13H14O5,[M + CH2O2 - H]-,C14H16O7,Polyketides,0.7444466352462769,Chromanes,0.7916540503501892,Azaphilones,0.9025193452835084,1-hydroxy-2-unsubstituted benzenoids,0.6787283420562744,NA,NA,1-hydroxy-2-unsubstituted benzenoids,0.6787283420562744,Phenols,0.6337856650352478,Benzenoids,0.7824887633323669,Organic compounds; Organoheterocyclic compounds; Ketones; Alcohols and polyols; Phenols; Organic acids and derivatives; Organooxygen compounds; Carbonyl compounds; Benzenoids; Cyclic ketones; Vinylogous acids; Organic oxides; Oxacyclic compounds; Hydrocarbon derivatives; Organic oxygen compounds; 1-hydroxy-2-unsubstituted benzenoids; Chemical entities
FT_1.664_349.09316,no name,C16H16O6,L3.2,yes,C16H16O6,[M + CH2O2 - H]-,C17H18O8,Polyketides,0.5405383110046387,Aromatic polyketides,0.4225648939609528,Azaphilones,0.18804563581943512,Benzene and substituted derivatives,0.6806778311729431,NA,NA,NA,NA,Benzene and substituted derivatives,0.6806778311729431,Benzenoids,0.882681131362915,Organic compounds; Organoheterocyclic compounds; Alcohols and polyols; Ethers; Organic acids and derivatives; Organooxygen compounds; Carbonyl compounds; Benzene and substituted derivatives; Benzenoids; Organic oxides; Oxacyclic compounds; Hydrocarbon derivatives; Organic oxygen compounds; Chemical entities
FT_1.075_491.20777,no name,C29H32O7,L3.2,yes,C29H32O7,[M - H]-,C29H32O7,Shikimates and Phenylpropanoids,0.7360258102416992,Isoflavonoids,0.6510225534439087,Isoflavanones,0.5660134553909302,Isoflavanols,0.5129531621932983,Isoflavanols,0.5129531621932983,Isoflavans,0.6747493743896484,Isoflavonoids,0.5881705284118652,Phenylpropanoids and polyketides,0.802952766418457,Organic compounds; Organoheterocyclic compounds; Ketones; Benzopyrans; Aldehydes; Alkyl aryl ethers; Phenols; Resorcinols; Chromones; Ethers; Phenylpropanoids and polyketides; Organic acids and derivatives; Organooxygen compounds; Benzenediols; Benzaldehydes; Isoflavans; Isoflavanones; Isoflavanols; Carbonyl compounds; Benzene and substituted derivatives; Benzenoids; Isoflavonoids; Aryl-aldehydes; 1-benzopyrans; Aryl ketones; Aryl alkyl ketones; Vinylogous acids; Organic oxides; Hydroxybenzaldehydes; Oxacyclic compounds; Hydrocarbon derivatives; Hydroxyisoflavonoids; Organic oxygen compounds; 1-hydroxy-2-unsubstituted benzenoids; 1-hydroxy-4-unsubstituted benzenoids; Chemical entities
FT_1.077_369.06179,no name,C19H14O8,L3.2,yes,C19H14O8,[M - H]-,C19H14O8,Shikimates and Phenylpropanoids,0.5315991640090942,Flavonoids,0.3286479115486145,Isoflavones,0.3432810306549072,Chromones,0.7004983425140381,Chromones,0.7004983425140381,1-benzopyrans,0.6685001254081726,Benzopyrans,0.6634703874588013,Organoheterocyclic compounds,0.8905372619628906,Organic compounds; Organoheterocyclic compounds; Pyrans; Benzopyrans; Phenols; Catechols; Chromones; Phenylpropanoids and polyketides; Organic acids and derivatives; Carboxylic acids and derivatives; Organooxygen compounds; Pyranones and derivatives; Carboxylic acids; Carboxylic acid esters; Benzenediols; Carbonyl compounds; Benzene and substituted derivatives; Benzenoids; 1-benzopyrans; Vinylogous acids; Organic oxides; Oxacyclic compounds; Heteroaromatic compounds; Hydrocarbon derivatives; Organic oxygen compounds; 1-hydroxy-2-unsubstituted benzenoids; 1-hydroxy-4-unsubstituted benzenoids; Chemical entities
FT_1.077_441.15573,no name,C24H26O8,L3.2,yes,C24H26O8,[M - H]-,C24H26O8,Polyketides,0.8742759823799133,Aromatic polyketides,0.8439335227012634,Depsidones,0.987789273262024,Depsides and depsidones,0.7134690284729004,NA,NA,NA,NA,Depsides and depsidones,0.7134690284729004,Phenylpropanoids and polyketides,0.441687285900116,"Organic compounds; Organoheterocyclic compounds; Lactones; Alkyl aryl ethers; Alcohols and polyols; Phenols; Anisoles; Benzoic acids and derivatives; Ethers; Organic acids and derivatives; Carboxylic acids and derivatives; Organooxygen compounds; Dicarboxylic acids and derivatives; Carboxylic acid derivatives; Carboxylic acid esters; Depsides and depsidones; Phthalides; Benzene and substituted derivatives; Phenol ethers; Benzenoids; Diarylethers; Dioxepines; 1,4-dioxepines; Isobenzofuranones; Vinylogous acids; Organic oxides; Oxacyclic compounds; Hydrocarbon derivatives; Isocoumarans; Organic oxygen compounds; 1-hydroxy-2-unsubstituted benzenoids; Chemical entities"
FT_1.081_643.25445,no name,C36H40N2O9,L3.2,yes,C36H40N2O9,[M - H]-,C36H40N2O9,Polyketides,0.5280027389526367,Aromatic polyketides,0.3897386193275452,Dihydroflavonols,0.20356054604053497,Chromones,0.7018541693687439,Chromones,0.7018541693687439,1-benzopyrans,0.5910642147064209,Benzopyrans,0.5769684910774231,Organoheterocyclic compounds,0.9490246176719666,Organic compounds; Organoheterocyclic compounds; Ketones; Benzopyrans; Alkyl aryl ethers; Phenols; Chromones; Ethers; Organic acids and derivatives; Carboxylic acids and derivatives; Organooxygen compounds; Dialkyl ethers; Carbonyl compounds; Benzene and substituted derivatives; Benzenoids; 1-benzopyrans; Aryl ketones; Vinylogous acids; Organic oxides; Oxacyclic compounds; Hydrocarbon derivatives; Organic oxygen compounds; 1-hydroxy-2-unsubstituted benzenoids; Chemical entities
FT_1.082_643.21822,no name,C36H36O11,L3.2,yes,C36H36O11,[M - H]-,C36H36O11,Shikimates and Phenylpropanoids,0.5908643007278442,Lignans,0.6599642038345337,Furofuranoid lignans,0.39869406819343567,"Lignans, neolignans and related compounds",0.6193238496780396,NA,NA,NA,NA,NA,NA,"Lignans, neolignans and related compounds",0.6193238496780396,"Organic compounds; Organoheterocyclic compounds; Ketones; Alkyl aryl ethers; Phenols; Anisoles; Ethers; Phenylpropanoids and polyketides; Organic acids and derivatives; Carboxylic acids and derivatives; Organooxygen compounds; Carboxylic acid derivatives; Carboxylic acid esters; Benzoic acid esters; Lignans, neolignans and related compounds; Carbonyl compounds; Benzene and substituted derivatives; Phenol ethers; Benzenoids; Vinylogous acids; Organic oxides; Methoxybenzenes; Oxacyclic compounds; Hydrocarbon derivatives; Organic oxygen compounds; 1-hydroxy-2-unsubstituted benzenoids; 1-hydroxy-4-unsubstituted benzenoids; Phenoxy compounds; Chemical entities"
FT_1.087_511.12488,no name,C26H24O11,L3.2,yes,C26H24O11,[M - H]-,C26H24O11,Shikimates and Phenylpropanoids,0.68766850233078,Isoflavonoids,0.7021981477737427,Rotenoids,0.6501783728599548,Rotenones,0.678416907787323,Rotenones,0.678416907787323,Rotenoids,0.6375383138656616,Isoflavonoids,0.643172562122345,Phenylpropanoids and polyketides,0.8840423226356506,Organic compounds; Organoheterocyclic compounds; Pyrans; Ketones; Benzopyrans; Alkyl aryl ethers; Alcohols and polyols; Phenols; Anisoles; Chromones; Ethers; Phenylpropanoids and polyketides; Organic acids and derivatives; Organooxygen compounds; Pyranones and derivatives; Rotenoids; Isoflavans; Tertiary alcohols; Isoflavanones; Carbonyl compounds; Polyols; Phenol ethers; Benzenoids; Isoflavonoids; 1-benzopyrans; 8-prenylated isoflavanones; Rotenones; Aryl ketones; Aryl alkyl ketones; Vinylogous acids; Organic oxides; Oxacyclic compounds; Heteroaromatic compounds; Hydrocarbon derivatives; Coumarans; Organic oxygen compounds; 1-hydroxy-2-unsubstituted benzenoids; Chemical entities
FT_1.087_585.21275,no name,C34H34O9,L3.2,yes,C34H34O9,[M - H]-,C34H34O9,Shikimates and Phenylpropanoids,0.8508275151252747,Flavonoids,0.705643892288208,Chalcones,0.5539093613624573,Linear diarylheptanoids,0.6789366006851196,NA,NA,Linear diarylheptanoids,0.6789366006851196,Diarylheptanoids,0.6697847247123718,Phenylpropanoids and polyketides,0.9288869500160216,Organic compounds; Organoheterocyclic compounds; Ketones; Benzopyrans; Alkyl aryl ethers; Phenols; Resorcinols; Chromones; Ethers; Phenylpropanoids and polyketides; Organic acids and derivatives; Benzoyl derivatives; Organooxygen compounds; Flavonoids; Flavans; Benzenediols; Carbonyl compounds; Benzene and substituted derivatives; Benzenoids; Diarylheptanoids; Linear diarylheptanoids; 4'-hydroxyflavonoids; Hydroxyflavonoids; 5-hydroxyflavonoids; 7-hydroxyflavonoids; 1-benzopyrans; Aryl ketones; Aryl alkyl ketones; Vinylogous acids; Organic oxides; Oxacyclic compounds; Hydrocarbon derivatives; Phenylketones; Alkyl-phenylketones; Organic oxygen compounds; 1-hydroxy-2-unsubstituted benzenoids; 1-hydroxy-4-unsubstituted benzenoids; Chemical entities
FT_1.087_665.23867,no name,C32H42O15,L3.2,yes,C32H42O15,[M - H]-,C32H42O15,Terpenoids,0.5007207989692688,Flavonoids,0.22930370271205905,Tetraketide meroterpenoids,0.13935145735740662,Phenolic glycosides,0.6812254190444946,Glycosyl compounds,0.9812321066856384,Carbohydrates and carbohydrate conjugates,0.9925762414932252,Organooxygen compounds,0.9999860525131226,Organic oxygen compounds,0.9998776912689208,Organic compounds; Organoheterocyclic compounds; Carbohydrates and carbohydrate conjugates; Lipids and lipid-like molecules; Ketones; Alcohols and polyols; Phenols; Ethers; Phenylpropanoids and polyketides; Organic acids and derivatives; Primary alcohols; Organooxygen compounds; Dialkyl ethers; Benzenediols; Monosaccharides; Acetals; Secondary alcohols; Carbonyl compounds; Oxanes; Glycosyl compounds; O-glycosyl compounds; Benzene and substituted derivatives; Polyols; Benzenoids; Vinylogous acids; Organic oxides; Oxacyclic compounds; Hydrocarbon derivatives; Phenolic glycosides; Organic oxygen compounds; Chemical entities
FT_1.093_727.20194,no name,C39H36O14,L3.2,yes,C39H36O14,[M - H]-,C39H36O14,Shikimates and Phenylpropanoids,0.6511432528495789,Flavonoids,0.5506659150123596,Chalcones,0.38055089116096497,Phenolic glycosides,0.6293476819992065,Glycosyl compounds,0.8290191888809204,Carbohydrates and carbohydrate conjugates,0.8670594692230225,Organooxygen compounds,0.9998739957809448,Organic oxygen compounds,0.9996215105056764,Organic compounds; Organoheterocyclic compounds; Carbohydrates and carbohydrate conjugates; Ketones; Benzopyrans; Alcohols and polyols; Phenols; Chromones; Ethers; Phenylpropanoids and polyketides; Organic acids and derivatives; Organooxygen compounds; Dialkyl ethers; Benzenediols; Monosaccharides; Secondary alcohols; Carbonyl compounds; Oxanes; Glycosyl compounds; C-glycosyl compounds; Benzene and substituted derivatives; Polyols; Benzenoids; 1-benzopyrans; Vinylogous acids; Organic oxides; Oxacyclic compounds; Hydrocarbon derivatives; Phenolic glycosides; Organic oxygen compounds; 1-hydroxy-2-unsubstituted benzenoids; 1-hydroxy-4-unsubstituted benzenoids; Chemical entities
FT_1.094_439.17657,no name,C25H28O7,L3.2,yes,C25H28O7,[M - H]-,C25H28O7,Terpenoids,0.6616938710212708,Sesquiterpenoids,0.6290661096572876,Drimane sesquiterpenoids,0.2797926962375641,Coumaric acids and derivatives,0.674858033657074,Coumaric acids and derivatives,0.674858033657074,Hydroxycinnamic acids and derivatives,0.6597095727920532,Cinnamic acids and derivatives,0.7173343300819397,Phenylpropanoids and polyketides,0.7888039946556091,"Organic compounds; Lipids and lipid-like molecules; Styrenes; Coumaric acids and derivatives; Phenols; Catechols; Benzoic acids and derivatives; Phenylpropanoids and polyketides; Organic acids and derivatives; Carboxylic acids and derivatives; Benzoyl derivatives; Organooxygen compounds; Fatty acid esters; Cinnamic acids and derivatives; Carboxylic acid derivatives; Carboxylic acid esters; Benzoic acid esters; Hydroxycinnamic acids and derivatives; Carbonyl compounds; Benzene and substituted derivatives; Benzenoids; Cinnamic acid esters; Enoate esters; Alpha,beta-unsaturated carboxylic esters; Fatty Acyls; Organic oxides; Hydrocarbon derivatives; Organic oxygen compounds; 1-hydroxy-2-unsubstituted benzenoids; 1-hydroxy-4-unsubstituted benzenoids; Chemical entities"
FT_1.100_455.17151,no name,C25H28O8,L3.2,yes,C25H28O8,[M - H]-,C25H28O8,Polyketides,0.7047052383422852,Aromatic polyketides,0.287347674369812,Depsidones,0.4427362084388733,Xanthenes,0.604641854763031,Dibenzopyrans,0.5928981900215149,1-benzopyrans,0.6280775666236877,Benzopyrans,0.6621125340461731,Organoheterocyclic compounds,0.947401225566864,Organic compounds; Organoheterocyclic compounds; Lactones; Benzopyrans; Alkyl aryl ethers; Alcohols and polyols; Phenols; Anisoles; Chromones; Xanthenes; Ethers; Organic acids and derivatives; Carboxylic acids and derivatives; Organooxygen compounds; Carboxylic acid derivatives; Carboxylic acids; Carboxylic acid esters; Carbonyl compounds; Phenol ethers; Benzenoids; Dibenzopyrans; 1-benzopyrans; Vinylogous acids; Organic oxides; Oxacyclic compounds; Hydrocarbon derivatives; Organic oxygen compounds; 1-hydroxy-2-unsubstituted benzenoids; 1-hydroxy-4-unsubstituted benzenoids; Chemical entities
FT_1.100_493.18732,no name,C28H30O8,L3.2,yes,C28H30O8,[M - H]-,C28H30O8,Shikimates and Phenylpropanoids,0.8452857136726379,Isoflavonoids,0.6436501741409302,Isoflavones,0.5115147829055786,6-prenylated isoflavanones,0.5188357830047607,Isoflavanones,0.7213722467422485,Isoflavans,0.6410484313964844,Isoflavonoids,0.5965946912765503,Phenylpropanoids and polyketides,0.8020834922790527,Organic compounds; Organoheterocyclic compounds; Ketones; Benzopyrans; Alkyl aryl ethers; Phenols; Resorcinols; Chromones; Ethers; Phenylpropanoids and polyketides; Organic acids and derivatives; Organooxygen compounds; Benzenediols; Isoflavans; Isoflavanones; Carbonyl compounds; Benzene and substituted derivatives; Benzenoids; Isoflavonoids; 1-benzopyrans; 6-prenylated isoflavanones; Vinylogous acids; Organic oxides; Oxacyclic compounds; Hydrocarbon derivatives; Hydroxyisoflavonoids; Organic oxygen compounds; 1-hydroxy-2-unsubstituted benzenoids; 1-hydroxy-4-unsubstituted benzenoids; Chemical entities
FT_1.101_369.20763,no name,C23H30O4,L3.2,yes,C23H30O4,[M - H]-,C23H30O4,Polyketides,0.6935551762580872,Meroterpenoids,0.6803300380706787,Tetraketide meroterpenoids,0.8412537574768066,Hydroxybenzaldehydes,0.931324064731598,Aldehydes,0.9790127277374268,Carbonyl compounds,0.9889897108078004,Organooxygen compounds,0.9999995231628418,Organic oxygen compounds,0.9999979734420776,Organic compounds; Aldehydes; Phenols; Resorcinols; Organic acids and derivatives; Benzoyl derivatives; Organooxygen compounds; Benzenediols; Benzaldehydes; Carbonyl compounds; Benzene and substituted derivatives; Benzenoids; Aryl-aldehydes; Vinylogous acids; Organic oxides; Hydroxybenzaldehydes; Hydrocarbon derivatives; Organic oxygen compounds; 1-hydroxy-2-unsubstituted benzenoids; 1-hydroxy-4-unsubstituted benzenoids; Chemical entities
FT_1.102_683.24815,no name,C34H40N2O13,L3.2,yes,C34H40N2O13,[M - H]-,C34H40N2O13,Polyketides,0.7410168051719666,Polycyclic aromatic polyketides,0.6163734793663025,Tetracyclines,0.4865317940711975,Tetracyclines,0.8031173944473267,NA,NA,NA,NA,Tetracyclines,0.8031173944473267,Phenylpropanoids and polyketides,0.7899284958839417,Organic compounds; Naphthalenes; Ketones; Alcohols and polyols; Enols; Phenols; Tetracyclines; Ethers; Phenylpropanoids and polyketides; Organic acids and derivatives; Carboxylic acids and derivatives; Organonitrogen compounds; Organooxygen compounds; Carboxylic acid amides; Carboxylic acid derivatives; Secondary alcohols; Secondary carboxylic acid amides; Carbonyl compounds; Trialkylamines; Polyols; Naphthols and derivatives; Benzenoids; Amines; Tertiary amines; Vinylogous acids; Organic oxides; Oxacyclic compounds; Hydrocarbon derivatives; Organopnictogen compounds; Organic oxygen compounds; 1-hydroxy-2-unsubstituted benzenoids; Organic nitrogen compounds; Chemical entities
FT_1.103_505.15096,no name,C28H26O9,L3.2,yes,C28H26O9,[M - H]-,C28H26O9,Shikimates and Phenylpropanoids,0.5508435368537903,Flavonoids,0.2331438809633255,Cadinane sesquiterpenoids,0.1972803920507431,Chromones,0.5201120972633362,Chromones,0.5201120972633362,1-benzopyrans,0.5946167707443237,Benzopyrans,0.6487947702407837,Organoheterocyclic compounds,0.909989595413208,Organic compounds; Organoheterocyclic compounds; Naphthalenes; Benzopyrans; Alkyl aryl ethers; Alcohols and polyols; Phenols; Chromones; Ethers; Phenylpropanoids and polyketides; Organic acids and derivatives; Organooxygen compounds; Benzenediols; Carbonyl compounds; Benzene and substituted derivatives; Polyols; Naphthols and derivatives; Benzenoids; Aryl-aldehydes; 1-benzopyrans; Vinylogous acids; Organic oxides; Oxacyclic compounds; Hydrocarbon derivatives; Organic oxygen compounds; 1-hydroxy-2-unsubstituted benzenoids; 1-hydroxy-4-unsubstituted benzenoids; Chemical entities
FT_1.104_449.16089,no name,C26H26O7,L3.2,yes,C26H26O7,[M - H]-,C26H26O7,Shikimates and Phenylpropanoids,0.8736143112182617,Isoflavonoids,0.7888801097869873,Isoflavanones,0.6129757165908813,6-prenylated isoflavanones,0.6998076438903809,Isoflavanones,0.8058024048805237,Isoflavans,0.7898220419883728,Isoflavonoids,0.7575448751449585,Phenylpropanoids and polyketides,0.9611400365829468,Organic compounds; Organoheterocyclic compounds; Pyrans; Benzopyrans; Alkyl aryl ethers; Phenols; Resorcinols; Chromones; Ethers; Phenylpropanoids and polyketides; Organic acids and derivatives; Organooxygen compounds; Pyranones and derivatives; Isoflavones; Benzenediols; Isoflavans; Isoflavanones; Benzene and substituted derivatives; Benzenoids; Isoflavonoids; Isoflav-2-enes; 1-benzopyrans; 6-prenylated isoflavanones; Aryl alkyl ketones; Vinylogous acids; Organic oxides; Oxacyclic compounds; Heteroaromatic compounds; Hydrocarbon derivatives; Hydroxyisoflavonoids; Organic oxygen compounds; 1-hydroxy-2-unsubstituted benzenoids; 1-hydroxy-4-unsubstituted benzenoids; Chemical entities
FT_1.104_697.22811,no name,C39H38O12,L3.2,yes,C39H38O12,[M - H]-,C39H38O12,Shikimates and Phenylpropanoids,0.6189708113670349,Flavonoids,0.4886803030967712,Flavones,0.15882626175880432,Phenylketones,0.5420395135879517,Ketones,0.8346962332725525,Carbonyl compounds,0.9529975056648254,Organooxygen compounds,0.999984860420227,Organic oxygen compounds,0.9999550580978394,Organic compounds; Organoheterocyclic compounds; Lipids and lipid-like molecules; Ketones; Aldehydes; Alcohols and polyols; Phenols; Resorcinols; Ethers; Phenylpropanoids and polyketides; Organic acids and derivatives; Organooxygen compounds; Benzenediols; Carbonyl compounds; Benzene and substituted derivatives; Polyols; Benzenoids; Aryl-aldehydes; Aryl ketones; Aryl alkyl ketones; Vinylogous acids; Organic oxides; Oxacyclic compounds; Hydrocarbon derivatives; Phenylketones; Organic oxygen compounds; 1-hydroxy-2-unsubstituted benzenoids; 1-hydroxy-4-unsubstituted benzenoids; Chemical entities
FT_1.105_395.07803,no name,C21H16O8,L3.2,yes,C21H16O8,[M - H]-,C21H16O8,Shikimates and Phenylpropanoids,0.6112090945243835,Isoflavonoids,0.5600903630256653,Isoflavones,0.5080233216285706,Isoflavanones,0.56526947021484375,Isoflavanones,0.56526947021484375,Isoflavans,0.4920641779899597,Isoflavonoids,0.5427611470222473,Phenylpropanoids and polyketides,0.759408712387085,Organic compounds; Organoheterocyclic compounds; Pyrans; Benzopyrans; Alkyl aryl ethers; Alcohols and polyols; Phenols; Chromones; Ethers; Phenylpropanoids and polyketides; Organic acids and derivatives; Organooxygen compounds; Pyranones and derivatives; Isoflavanones; Benzene and substituted derivatives; Polyols; Benzenoids; Isoflavonoids; 1-benzopyrans; Vinylogous acids; Organic oxides; Oxacyclic compounds; Heteroaromatic compounds; Hydrocarbon derivatives; Organic oxygen compounds; 1-hydroxy-2-unsubstituted benzenoids; 1-hydroxy-4-unsubstituted benzenoids; Chemical entities
FT_1.105_695.21167,no name,C39H36O12,L3.2,yes,C39H36O12,[M - H]-,C39H36O12,Shikimates and Phenylpropanoids,0.7469096779823303,Flavonoids,0.6781309247016907,Chalcones,0.40161579847335815,4'-hydroxyflavonoids,0.6517165899276733,4'-hydroxyflavonoids,0.6517165899276733,Hydroxyflavonoids,0.6505396962165833,Flavonoids,0.6014170050621033,Phenylpropanoids and polyketides,0.9213266372680664,Organic compounds; Organoheterocyclic compounds; Ketones; Benzopyrans; Alkyl aryl ethers; Alcohols and polyols; Phenols; Resorcinols; Chromones; Ethers; Phenylpropanoids and polyketides; Organic acids and derivatives; Organooxygen compounds; Flavonoids; Dialkyl ethers; Benzenediols; Secondary alcohols; Carbonyl compounds; Benzene and substituted derivatives; Polyols; Benzenoids; 4'-hydroxyflavonoids; Hydroxyflavonoids; 5-hydroxyflavonoids; 7-hydroxyflavonoids; 1-benzopyrans; Aryl ketones; Aryl alkyl ketones; Vinylogous acids; Organic oxides; Oxacyclic compounds; Hydrocarbon derivatives; Organic oxygen compounds; 1-hydroxy-2-unsubstituted benzenoids; 1-hydroxy-4-unsubstituted benzenoids; Chemical entities
FT_1.106_423.18185,no name,C25H28O6,L3.2,yes,C25H28O6,[M - H]-,C25H28O6,Shikimates and Phenylpropanoids,0.8699911832809448,Isoflavonoids,0.7859430313110352,Isoflavanones,0.7821264266967773,8-prenylated isoflavanones,0.8370923399925232,Isoflavanones,0.8642433881759644,Isoflavans,0.8302367925643921,Isoflavonoids,0.7936326861381531,Phenylpropanoids and polyketides,0.95597106218338,Organic compounds; Organoheterocyclic compounds; Ketones; Benzopyrans; Alkyl aryl ethers; Phenols; Resorcinols; Chromones; Ethers; Phenylpropanoids and polyketides; Organic acids and derivatives; Organooxygen compounds; Benzenediols; Isoflavans; Isoflavanones; Isoflavanols; Carbonyl compounds; Benzene and substituted derivatives; Benzenoids; Isoflavonoids; 1-benzopyrans; 8-prenylated isoflavanones; Aryl ketones; Aryl alkyl ketones; Vinylogous acids; Organic oxides; Oxacyclic compounds; Hydrocarbon derivatives; Hydroxyisoflavonoids; Organic oxygen compounds; 1-hydroxy-2-unsubstituted benzenoids; 1-hydroxy-4-unsubstituted benzenoids; Chemical entities
FT_1.107_629.23731,no name,C36H38O10,L3.2,yes,C36H38O10,[M - H]-,C36H38O10,Polyketides,0.5603154301643372,Lignans,0.5583479404449463,Neolignans,0.5926642417907715,Anisoles,0.7344669699668884,NA,NA,Anisoles,0.7344669699668884,Phenol ethers,0.7544081211090088,Benzenoids,0.9974849224090576,Organic compounds; Organoheterocyclic compounds; Ketones; Alkyl aryl ethers; Alcohols and polyols; Phenols; Anisoles; Ethers; Phenylpropanoids and polyketides; Organic acids and derivatives; Carboxylic acids and derivatives; Benzoyl derivatives; Organooxygen compounds; Carboxylic acid derivatives; Carboxylic acid esters; Carbonyl compounds; Benzene and substituted derivatives; Phenol ethers; Benzenoids; Vinylogous acids; Organic oxides; Methoxybenzenes; Oxacyclic compounds; Hydrocarbon derivatives; Organic oxygen compounds; 1-hydroxy-2-unsubstituted benzenoids; Phenoxy compounds; Chemical entities
FT_1.110_447.14570,no name,C26H24O7,L3.2,yes,C26H24O7,[M - H]-,C26H24O7,Shikimates and Phenylpropanoids,0.7428426742553711,Isoflavonoids,0.6277603507041931,Flavanones,0.43087390065193176,6-prenylated isoflavanones,0.5036125183105469,Isoflavanones,0.6100844144821167,Isoflavans,0.6055596470832825,Isoflavonoids,0.5570573210716248,Phenylpropanoids and polyketides,0.8732011914253235,Organic compounds; Organoheterocyclic compounds; Pyrans; Ketones; Benzopyrans; Alkyl aryl ethers; Phenols; Chromones; Ethers; Phenylpropanoids and polyketides; Organic acids and derivatives; Organooxygen compounds; Flavonoids; Flavans; Benzenediols; Isoflavans; Isoflavanones; Benzene and substituted derivatives; Benzenoids; Isoflavonoids; Hydroxyflavonoids; 5-hydroxyflavonoids; 1-benzopyrans; 6-prenylated isoflavanones; Aryl ketones; Aryl alkyl ketones; Vinylogous acids; Organic oxides; Oxacyclic compounds; Hydrocarbon derivatives; Organic oxygen compounds; 1-hydroxy-2-unsubstituted benzenoids; 1-hydroxy-4-unsubstituted benzenoids; Chemical entities
FT_1.112_449.12469,no name,C24H20O6,L3.2,yes,C24H20O6,[M + CH2O2 - H]-,C25H22O8,Shikimates and Phenylpropanoids,0.7156508564949036,Flavonoids,0.5287251472473145,Flavanones,0.3772726058959961,Isoflavanones,0.5058567523956299,Isoflavanones,0.5058567523956299,Isoflavans,0.4288444221019745,Isoflavonoids,0.383127361536026,Phenylpropanoids and polyketides,0.7916451096534729,"Organic compounds; Organoheterocyclic compounds; Pyrans; Ketones; Benzopyrans; Alkyl aryl ethers; Phenols; Chromones; Ethers; Phenylpropanoids and polyketides; Organic acids and derivatives; Organooxygen compounds; Pyranones and derivatives; Isoflavanones; Carbonyl compounds; Benzene and substituted derivatives; Benzenoids; 1-benzopyrans; 2,2-dimethyl-1-benzopyrans; Aryl ketones; Vinylogous acids; Organic oxides; Oxacyclic compounds; Heteroaromatic compounds; Hydrocarbon derivatives; Organic oxygen compounds; 1-hydroxy-2-unsubstituted benzenoids; Chemical entities"
FT_1.116_381.09801,no name,C21H18O7,L3.2,yes,C21H18O7,[M - H]-,C21H18O7,Shikimates and Phenylpropanoids,0.5562267303466797,Isoflavonoids,0.4443907141685486,Isoflavones,0.3160094916820526,Isoflavanones,0.5326721668243408,Isoflavanones,0.5326721668243408,Isoflavans,0.4091340601444245,Isoflavonoids,0.3545853793621063,Phenylpropanoids and polyketides,0.6154814958572388,Organic compounds; Organoheterocyclic compounds; Pyrans; Ketones; Benzopyrans; Alkyl aryl ethers; Alcohols and polyols; Phenols; Chromones; Ethers; Phenylpropanoids and polyketides; Organic acids and derivatives; Organooxygen compounds; Pyranones and derivatives; Isoflavanones; Carbonyl compounds; Benzenoids; 1-benzopyrans; Vinylogous acids; Organic oxides; Oxacyclic compounds; Heteroaromatic compounds; Hydrocarbon derivatives; Organic oxygen compounds; 1-hydroxy-2-unsubstituted benzenoids; Chemical entities
FT_1.118_397.09370,no name,C20H16O6,L3.2,yes,C20H16O6,[M + CH2O2 - H]-,C21H18O8,Shikimates and Phenylpropanoids,0.5294790863990784,Isoflavonoids,0.24623459577560425,Depsidones,0.33183085918426514,1-hydroxy-2-unsubstituted benzenoids,0.8200197219848633,NA,NA,1-hydroxy-2-unsubstituted benzenoids,0.8200197219848633,Phenols,0.815924882888794,Benzenoids,0.998906135559082,Organic compounds; Organoheterocyclic compounds; Phenols; Organic acids and derivatives; Carboxylic acids and derivatives; Organooxygen compounds; Carbonyl compounds; Benzene and substituted derivatives; Benzenoids; Vinylogous acids; Organic oxides; Oxacyclic compounds; Hydrocarbon derivatives; Organic oxygen compounds; 1-hydroxy-2-unsubstituted benzenoids; 1-hydroxy-4-unsubstituted benzenoids; Chemical entities
FT_1.121_297.11318,no name,C18H18O4,L3.2,yes,C18H18O4,[M - H]-,C18H18O4,Shikimates and Phenylpropanoids,0.7007386088371277,Diarylheptanoids,0.67356109619140625,Linear diarylheptanoids,0.7183672785758972,Anisoles,0.8539406061172485,NA,NA,Anisoles,0.8539406061172485,Phenol ethers,0.8885917067527771,Benzenoids,0.9989575147628784,"Organic compounds; Styrenes; Ketones; Alkyl aryl ethers; 1,3-dicarbonyl compounds; Anisoles; Ethers; Phenylpropanoids and polyketides; Organooxygen compounds; Carbonyl compounds; Benzene and substituted derivatives; Phenol ethers; Benzenoids; Alpha,beta-unsaturated ketones; Beta-diketones; Organic oxides; Methoxybenzenes; Hydrocarbon derivatives; Organic oxygen compounds; Phenoxy compounds; Chemical entities"
FT_1.125_451.14034,no name,C25H24O8,L3.2,yes,C25H24O8,[M - H]-,C25H24O8,Shikimates and Phenylpropanoids,0.8442259430885315,Isoflavonoids,0.903477430343628,Rotenoids,0.9674575924873352,Rotenones,0.9753572940826416,Rotenones,0.9753572940826416,Rotenoids,0.9727099537849426,Isoflavonoids,0.869692862033844,Phenylpropanoids and polyketides,0.9590391516685486,Organic compounds; Organoheterocyclic compounds; Ketones; Benzopyrans; Alkyl aryl ethers; Alcohols and polyols; Phenols; Anisoles; Chromones; Ethers; Phenylpropanoids and polyketides; Organic acids and derivatives; Organooxygen compounds; Rotenoids; Isoflavans; Tertiary alcohols; Isoflavanones; Carbonyl compounds; Phenol ethers; Benzenoids; Isoflavonoids; 1-benzopyrans; 8-prenylated isoflavanones; Rotenones; Aryl ketones; Aryl alkyl ketones; Vinylogous acids; Organic oxides; Oxacyclic compounds; Hydrocarbon derivatives; Coumarans; Organic oxygen compounds; 1-hydroxy-2-unsubstituted benzenoids; Chemical entities
FT_1.126_509.14589,no name,C27H26O10,L3.2,yes,C27H26O10,[M - H]-,C27H26O10,Shikimates and Phenylpropanoids,0.5950320363044739,Lignans,0.7088838815689087,Neolignans,0.9191083312034608,Benzenediols,0.545497715473175,NA,NA,Benzenediols,0.545497715473175,Phenols,0.826440691947937,Benzenoids,0.9807083010673524,"Organic compounds; Organoheterocyclic compounds; Lipids and lipid-like molecules; Lactones; Phenols; Organic acids and derivatives; Carboxylic acids and derivatives; Organooxygen compounds; Dicarboxylic acids and derivatives; Carboxylic acid derivatives; Carboxylic acid esters; Benzenediols; Carbonyl compounds; Furanones; Dihydrofurans; Butenolides; Benzene and substituted derivatives; Benzenoids; Methyl esters; Enoate esters; Alpha,beta-unsaturated carboxylic esters; Organic oxides; Oxacyclic compounds; Hydrocarbon derivatives; Organic oxygen compounds; 1-hydroxy-2-unsubstituted benzenoids; Chemical entities"
FT_1.127_479.13510,no name,C27H20N4O5,L3.2,yes,C27H20N4O5,[M - H]-,C27H20N4O5,Alkaloids,0.6671544313430786,Anthranilic acid alkaloids,0.31536319851875305,Phenazine alkaloids,0.2980591952800751,Alkyl aryl ethers,0.5333544015884399,Alkyl aryl ethers,0.5333544015884399,Ethers,0.5875809788703918,Organooxygen compounds,0.9999774694442748,Organic oxygen compounds,0.9999918937683104,Organic compounds; Organoheterocyclic compounds; Alkyl aryl ethers; Ethers; Organic acids and derivatives; Carboxylic acids and derivatives; Organonitrogen compounds; Organooxygen compounds; Azoles; Carboxylic acid derivatives; Benzene and substituted derivatives; Benzenoids; Organic oxides; Azacyclic compounds; Heteroaromatic compounds; Hydrocarbon derivatives; Organopnictogen compounds; Organic oxygen compounds; Organic nitrogen compounds; Chemical entities
FT_1.128_511.16121,no name,C27H28O10,L3.2,yes,C27H28O10,[M - H]-,C27H28O10,Polyketides,0.6168428659439087,Aromatic polyketides,0.377440869808197,Depsidones,0.1329406499862671,1-benzopyrans,0.5553256273269653,NA,NA,1-benzopyrans,0.5553256273269653,Benzopyrans,0.6861842274665833,Organoheterocyclic compounds,0.9835817813873292,Organic compounds; Organoheterocyclic compounds; Lactones; Ketones; Benzopyrans; Alkyl aryl ethers; Alcohols and polyols; Phenols; Ethers; Organic acids and derivatives; Carboxylic acids and derivatives; Organooxygen compounds; Carboxylic acid derivatives; Dialkyl ethers; Carboxylic acid esters; Secondary alcohols; Carbonyl compounds; Oxanes; Benzenoids; 1-benzopyrans; Aryl ketones; Aryl alkyl ketones; Vinylogous acids; Organic oxides; Oxacyclic compounds; Hydrocarbon derivatives; Organic oxygen compounds; 1-hydroxy-2-unsubstituted benzenoids; Chemical entities
FT_1.139_465.11984,no name,C18H26O14,L3.2,yes,C18H26O14,[M - H]-,C18H26O14,Polyketides,0.6913806796073914,Chromanes,0.678450345993042,Acyl phloroglucinols,0.5476980805397034,Alkyl-phenylketones,0.7871384620666504,Ketones,0.89713454246521,Carbonyl compounds,0.9261782765388488,Organooxygen compounds,0.9999977350234984,Organic oxygen compounds,0.9999775886535645,Organic compounds; Organoheterocyclic compounds; Carbohydrates and carbohydrate conjugates; Ketones; Alcohols and polyols; Phenols; Resorcinols; Ethers; Organic acids and derivatives; Primary alcohols; Benzoyl derivatives; Organooxygen compounds; Dialkyl ethers; Hexoses; Monosaccharides; Acetals; Secondary alcohols; Carbonyl compounds; Oxanes; Glycosyl compounds; C-glycosyl compounds; Benzene and substituted derivatives; Polyols; Benzenoids; Aryl ketones; Aryl alkyl ketones; Vinylogous acids; Organic oxides; Oxacyclic compounds; Hydrocarbon derivatives; Phenylketones; Alkyl-phenylketones; Organic oxygen compounds; 1-hydroxy-2-unsubstituted benzenoids; 1-hydroxy-4-unsubstituted benzenoids; Chemical entities
FT_1.143_629.20263,no name,C35H34O11,L3.2,yes,C35H34O11,[M - H]-,C35H34O11,Shikimates and Phenylpropanoids,0.6699416041374207,Lignans,0.7200788259506226,Neolignans,0.7712637782096863,"Lignans, neolignans and related compounds",0.6963940262794495,NA,NA,NA,NA,NA,NA,"Lignans, neolignans and related compounds",0.6963940262794495,"Organic compounds; Organoheterocyclic compounds; Alkyl aryl ethers; Alcohols and polyols; Phenols; Anisoles; Methoxyphenols; Ethers; Phenylpropanoids and polyketides; Organic acids and derivatives; Carboxylic acids and derivatives; Organooxygen compounds; Lignans, neolignans and related compounds; Carbonyl compounds; Benzene and substituted derivatives; Phenol ethers; Benzenoids; Organic oxides; Methoxybenzenes; Oxacyclic compounds; Hydrocarbon derivatives; Organic oxygen compounds; 1-hydroxy-2-unsubstituted benzenoids; Phenoxy compounds; Chemical entities"
FT_1.145_423.10924,no name,C23H20O8,L3.2,yes,C23H20O8,[M - H]-,C23H20O8,Shikimates and Phenylpropanoids,0.5695887804031372,Isoflavonoids,0.6547357439994812,Rotenoids,0.6943562626838684,Rotenones,0.657646656036377,Rotenones,0.657646656036377,Rotenoids,0.6287888288497925,Isoflavonoids,0.6281948685646057,Phenylpropanoids and polyketides,0.7576649785041809,Organic compounds; Organoheterocyclic compounds; Ketones; Benzopyrans; Alkyl aryl ethers; Alcohols and polyols; Phenols; Chromones; Ethers; Phenylpropanoids and polyketides; Organic acids and derivatives; Organooxygen compounds; Rotenoids; Isoflavans; Secondary alcohols; Tertiary alcohols; Isoflavanones; Carbonyl compounds; Polyols; Benzenoids; Isoflavonoids; 1-benzopyrans; 8-prenylated isoflavanones; Rotenones; Aryl ketones; Aryl alkyl ketones; Vinylogous acids; Organic oxides; Oxacyclic compounds; Hydrocarbon derivatives; Organic oxygen compounds; 1-hydroxy-2-unsubstituted benzenoids; Chemical entities
FT_1.150_429.15590,no name,C23H26O8,L3.2,yes,C23H26O8,[M - H]-,C23H26O8,Polyketides,0.6204095482826233,Aromatic polyketides,0.5246760845184326,Depsidones,0.4722251892089844,Anisoles,0.530898928642273,NA,NA,Anisoles,0.530898928642273,Phenol ethers,0.585080087184906,Benzenoids,0.9664928317070008,Organic compounds; Organoheterocyclic compounds; Lactones; Ketones; Alkyl aryl ethers; Alcohols and polyols; Phenols; Anisoles; Ethers; Organic acids and derivatives; Carboxylic acids and derivatives; Organooxygen compounds; Carboxylic acid derivatives; Carboxylic acid esters; Carbonyl compounds; Benzene and substituted derivatives; Phenol ethers; Benzenoids; Vinylogous acids; Organic oxides; Oxacyclic compounds; Hydrocarbon derivatives; Organic oxygen compounds; 1-hydroxy-2-unsubstituted benzenoids; 1-hydroxy-4-unsubstituted benzenoids; Chemical entities
FT_1.150_465.11990,no name,C24H20O7,L3.2,yes,C24H20O7,[M + CH2O2 - H]-,C25H22O9,Shikimates and Phenylpropanoids,0.6340048909187317,Isoflavonoids,0.5728800296783447,Coumaronochromones,0.5304261445999146,6-prenylated isoflavanones,0.577009916305542,Isoflavanones,0.611989438533783,Isoflavans,0.5691305994987488,Isoflavonoids,0.5264427065849304,Phenylpropanoids and polyketides,0.6727254390716553,"Organic compounds; Organoheterocyclic compounds; Pyrans; Ketones; Benzopyrans; Alkyl aryl ethers; Phenols; Chromones; Ethers; Phenylpropanoids and polyketides; Organic acids and derivatives; Organooxygen compounds; Benzenediols; Isoflavans; Isoflavanones; Carbonyl compounds; Benzene and substituted derivatives; Benzenoids; Isoflavonoids; 1-benzopyrans; 2,2-dimethyl-1-benzopyrans; 6-prenylated isoflavanones; Vinylogous acids; Organic oxides; Oxacyclic compounds; Heteroaromatic compounds; Hydrocarbon derivatives; Organic oxygen compounds; 1-hydroxy-2-unsubstituted benzenoids; 1-hydroxy-4-unsubstituted benzenoids; Chemical entities"
FT_1.151_497.18144,no name,C27H30O9,L3.2,yes,C27H30O9,[M - H]-,C27H30O9,Polyketides,0.6407895088195801,Aromatic polyketides,0.6419327855110168,Depsidones,0.714493989944458,Diarylethers,0.5998531579971313,Diarylethers,0.5998531579971313,Ethers,0.8472514748573303,Organooxygen compounds,0.9999980926513672,Organic oxygen compounds,0.9999880790710448,"Organic compounds; Organoheterocyclic compounds; Lactones; Benzopyrans; Alkyl aryl ethers; Phenols; Ethers; Phenylpropanoids and polyketides; Organic acids and derivatives; Carboxylic acids and derivatives; Organooxygen compounds; Dicarboxylic acids and derivatives; Carboxylic acid derivatives; Carboxylic acid esters; Carbonyl compounds; Benzene and substituted derivatives; Benzenoids; Diarylethers; Dioxepines; 1,4-dioxepines; Vinylogous acids; Organic oxides; Oxacyclic compounds; Hydrocarbon derivatives; Organic oxygen compounds; 1-hydroxy-2-unsubstituted benzenoids; Chemical entities"
FT_1.152_353.06668,no name,C19H14O7,L3.2,yes,C19H14O7,[M - H]-,C19H14O7,Shikimates and Phenylpropanoids,0.6860223412513733,Flavonoids,0.6301982402801514,Flavonols,0.4768444299697876,5-hydroxyflavonoids,0.8593151569366455,5-hydroxyflavonoids,0.8593151569366455,Hydroxyflavonoids,0.7494407892227173,Flavonoids,0.7842442393302917,Phenylpropanoids and polyketides,0.8153282999992371,Organic compounds; Organoheterocyclic compounds; Pyrans; Benzopyrans; Phenols; Chromones; Phenylpropanoids and polyketides; Organic acids and derivatives; Organooxygen compounds; Flavonoids; Pyranones and derivatives; Flavones; Benzene and substituted derivatives; Benzenoids; Hydroxyflavonoids; 5-hydroxyflavonoids; 7-hydroxyflavonoids; 1-benzopyrans; Vinylogous acids; Organic oxides; Oxacyclic compounds; Heteroaromatic compounds; Hydrocarbon derivatives; Organic oxygen compounds; 1-hydroxy-2-unsubstituted benzenoids; 1-hydroxy-4-unsubstituted benzenoids; Chemical entities
FT_1.160_467.17136,no name,C23H32O8S,L3.2,yes,C23H32O8S,[M - H]-,C23H32O8S,Polyketides,0.5483835339546204,Macrolides,0.46006226539611816,Monoalkylresorcinols,0.2275613099336624,Benzoic acids and derivatives,0.5414867997169495,NA,NA,Benzoic acids and derivatives,0.5414867997169495,Benzene and substituted derivatives,0.588879406452179,Benzenoids,0.5954163074493408,Organic compounds; Lipids and lipid-like molecules; Benzoic acids and derivatives; Organic acids and derivatives; Carboxylic acids and derivatives; Organooxygen compounds; Dicarboxylic acids and derivatives; Organic sulfuric acids and derivatives; Carboxylic acid derivatives; Sulfuric acid monoesters; Carboxylic acids; Carboxylic acid esters; Secondary alcohols; Carbonyl compounds; Benzene and substituted derivatives; Benzenoids; Sulfuric acid esters; Fatty Acyls; Organic oxides; Hydrocarbon derivatives; Organic oxygen compounds; Chemical entities
FT_1.162_333.09826,no name,C17H18O7,L3.2,yes,C17H18O7,[M - H]-,C17H18O7,Polyketides,0.7322995066642761,Macrolides,0.7986737489700317,Zearalenones,0.9061570763587952,Macrolides and analogues,0.7163733839988708,NA,NA,NA,NA,Macrolides and analogues,0.7163733839988708,Phenylpropanoids and polyketides,0.7454004883766174,Organic compounds; Organoheterocyclic compounds; Lactones; Ketones; Alcohols and polyols; Phenols; Macrolides and analogues; Phenylpropanoids and polyketides; Organic acids and derivatives; Carboxylic acids and derivatives; Organooxygen compounds; Carboxylic acid derivatives; Monocarboxylic acids and derivatives; Carboxylic acid esters; Hydroxybenzoic acid derivatives; Carbonyl compounds; Benzenoids; Cyclic ketones; Aryl ketones; Vinylogous acids; Organic oxides; Oxacyclic compounds; Hydrocarbon derivatives; Organic oxygen compounds; 1-hydroxy-2-unsubstituted benzenoids; 1-hydroxy-4-unsubstituted benzenoids; Chemical entities
FT_1.163_441.15573,no name,C24H26O8,L3.2,yes,C24H26O8,[M - H]-,C24H26O8,Polyketides,0.6181498169898987,Aromatic polyketides,0.5042146444320679,Rotenoids,0.4208340048789978,8-prenylated isoflavanones,0.6383025646209717,Isoflavanones,0.5824601054191589,Isoflavans,0.40050798654556274,Isoflavonoids,0.41141149401664734,Phenylpropanoids and polyketides,0.6961571574211121,Organic compounds; Organoheterocyclic compounds; Ketones; Benzopyrans; Alkyl aryl ethers; Alcohols and polyols; Phenols; Anisoles; Chromones; Ethers; Phenylpropanoids and polyketides; Organic acids and derivatives; Organooxygen compounds; Tertiary alcohols; Isoflavanones; Carbonyl compounds; Phenol ethers; Benzenoids; 1-benzopyrans; 8-prenylated isoflavanones; Aryl alkyl ketones; Vinylogous acids; Organic oxides; Oxacyclic compounds; Hydrocarbon derivatives; Coumarans; Organic oxygen compounds; 1-hydroxy-2-unsubstituted benzenoids; Chemical entities
FT_1.164_299.09255,no name,C17H16O5,L3.2,yes,C17H16O5,[M - H]-,C17H16O5,Shikimates and Phenylpropanoids,0.7019632458686829,Isoflavonoids,0.5030643939971924,Isoflavanones,0.3870834708213806,Chromones,0.8089210391044617,Chromones,0.8089210391044617,1-benzopyrans,0.9036819934844972,Benzopyrans,0.915944278240204,Organoheterocyclic compounds,0.9899216294288636,Organic compounds; Organoheterocyclic compounds; Ketones; Benzopyrans; Alkyl aryl ethers; Phenols; Chromones; Ethers; Phenylpropanoids and polyketides; Organic acids and derivatives; Organooxygen compounds; Carbonyl compounds; Benzene and substituted derivatives; Benzenoids; 1-benzopyrans; Aryl ketones; Aryl alkyl ketones; Vinylogous acids; Organic oxides; Oxacyclic compounds; Hydrocarbon derivatives; Organic oxygen compounds; 1-hydroxy-2-unsubstituted benzenoids; Chemical entities
FT_1.164_371.22326,no name,C18H32N2O6,L3.2,yes,C18H32N2O6,[M - H]-,C18H32N2O6,Amino acids and Peptides,0.6531500816345215,Small peptides,0.6086686253547668,Dipeptides,0.31161344051361084,Peptides,0.5822399258613586,Peptides,0.5822399258613586,"Amino acids, peptides, and analogues",0.9877238273620604,Carboxylic acids and derivatives,0.996574640274048,Organic acids and derivatives,0.9999121427536012,"Organic compounds; Lipids and lipid-like molecules; Amino acids, peptides, and analogues; Alpha amino acids and derivatives; Phenols; Phenethylamines; Amphetamines and derivatives; Organic acids and derivatives; Carboxylic acids and derivatives; Organonitrogen compounds; Organooxygen compounds; Fatty amides; Amino acids and derivatives; Peptides; Monoalkylamines; Carboxylic acid amides; Carboxylic acid derivatives; N-acyl amines; Monocarboxylic acids and derivatives; N-acyl-alpha amino acids and derivatives; Carboxylic acids; Secondary carboxylic acid amides; Carbonyl compounds; Benzene and substituted derivatives; Alpha amino acid amides; Benzenoids; Fatty Acyls; Organic oxides; Hydrocarbon derivatives; Phenylalanine and derivatives; Organopnictogen compounds; Organic oxygen compounds; 1-hydroxy-2-unsubstituted benzenoids; Organic nitrogen compounds; Chemical entities"
FT_1.165_317.13977,no name,C18H22O5,L3.2,yes,C18H22O5,[M - H]-,C18H22O5,Polyketides,0.5656034350395203,Coumarins,0.4967624545097351,Zearalenones,0.4013945460319519,Alkyl aryl ethers,0.5704853534698486,Alkyl aryl ethers,0.5704853534698486,Ethers,0.7135800719261169,Organooxygen compounds,0.999996781349182,Organic oxygen compounds,0.9999908208847046,Organic compounds; Organoheterocyclic compounds; Lactones; Alkyl aryl ethers; Phenols; Ethers; Phenylpropanoids and polyketides; Organic acids and derivatives; Carboxylic acids and derivatives; Organooxygen compounds; Monocarboxylic acids and derivatives; Carboxylic acid esters; Carbonyl compounds; Benzene and substituted derivatives; Benzenoids; Organic oxides; Oxacyclic compounds; Hydrocarbon derivatives; Organic oxygen compounds; 1-hydroxy-2-unsubstituted benzenoids; 1-hydroxy-4-unsubstituted benzenoids; Chemical entities
FT_1.168_315.12420,no name,C18H20O5,L3.2,yes,C18H20O5,[M - H]-,C18H20O5,Shikimates and Phenylpropanoids,0.7086312174797058,Flavonoids,0.5078290104866028,Chalcones,0.5093637108802795,Phenol ethers,0.7800149917602539,NA,NA,NA,NA,Phenol ethers,0.7800149917602539,Benzenoids,0.9995812773704528,Organic compounds; Organoheterocyclic compounds; Ketones; Alkyl aryl ethers; Phenols; Ethers; Phenylpropanoids and polyketides; Organic acids and derivatives; Acryloyl compounds; Organooxygen compounds; Enones; Carbonyl compounds; Benzene and substituted derivatives; Phenol ethers; Benzenoids; Aryl ketones; Organic oxides; Oxacyclic compounds; Hydrocarbon derivatives; Organic oxygen compounds; 1-hydroxy-2-unsubstituted benzenoids; Phenoxy compounds; Chemical entities
FT_1.183_481.11480,no name,C25H22O10,L3.2,yes,C25H22O10,[M - H]-,C25H22O10,Polyketides,0.5374248027801514,Polycyclic aromatic polyketides,0.267554372549057,Neolignans,0.4994292855262756,1-hydroxy-2-unsubstituted benzenoids,0.7445346713066101,NA,NA,1-hydroxy-2-unsubstituted benzenoids,0.7445346713066101,Phenols,0.7537004351615906,Benzenoids,0.972852349281311,Organic compounds; Organoheterocyclic compounds; Lactones; Alcohols and polyols; Phenols; Ethers; Phenylpropanoids and polyketides; Organic acids and derivatives; Carboxylic acids and derivatives; Organooxygen compounds; Dicarboxylic acids and derivatives; Carboxylic acid derivatives; Carboxylic acid esters; Carbonyl compounds; Benzene and substituted derivatives; Benzenoids; Organic oxides; Oxacyclic compounds; Hydrocarbon derivatives; Organic oxygen compounds; 1-hydroxy-2-unsubstituted benzenoids; Chemical entities
FT_1.186_411.18163,no name,C24H28O6,L3.2,yes,C24H28O6,[M - H]-,C24H28O6,Shikimates and Phenylpropanoids,0.9689117074012756,Isoflavonoids,0.968716025352478,Isoflavanones,0.945494532585144,8-prenylated isoflavanones,0.6913778781890869,Isoflavanones,0.9281456470489502,Isoflavans,0.964731991291046,Isoflavonoids,0.96857285499572765,Phenylpropanoids and polyketides,0.9973299503326416,"Organic compounds; Organoheterocyclic compounds; Benzopyrans; Alkyl aryl ethers; Phenols; Resorcinols; Anisoles; Chromones; Ethers; Phenylpropanoids and polyketides; Organic acids and derivatives; Organooxygen compounds; Benzenediols; Isoflavans; Isoflavanones; Isoflavanols; Benzene and substituted derivatives; Phenol ethers; Benzenoids; Isoflavonoids; O-methylated isoflavonoids; 1-benzopyrans; 2,2-dimethyl-1-benzopyrans; 8-prenylated isoflavanones; Pyranoisoflavonoids; Pyranochromenes; Aryl alkyl ketones; Vinylogous acids; Organic oxides; Oxacyclic compounds; Hydrocarbon derivatives; Hydroxyisoflavonoids; Organic oxygen compounds; 1-hydroxy-2-unsubstituted benzenoids; 1-hydroxy-4-unsubstituted benzenoids; Chemical entities"
FT_1.197_483.20258,no name,C27H32O8,L3.2,yes,C27H32O8,[M - H]-,C27H32O8,Polyketides,0.686654806137085,Aromatic polyketides,0.34161752462387085,Azaphilones,0.418480783700943,1-hydroxy-2-unsubstituted benzenoids,0.6597660183906555,NA,NA,1-hydroxy-2-unsubstituted benzenoids,0.6597660183906555,Phenols,0.7565488815307617,Benzenoids,0.842022180557251,Organic compounds; Organoheterocyclic compounds; Lactones; Pyrans; Ketones; Alcohols and polyols; Phenols; Ethers; Organic acids and derivatives; Carboxylic acids and derivatives; Organooxygen compounds; Carboxylic acid derivatives; Carboxylic acid esters; Carbonyl compounds; Benzenoids; Vinylogous acids; Organic oxides; Oxacyclic compounds; Hydrocarbon derivatives; Organic oxygen compounds; 1-hydroxy-2-unsubstituted benzenoids; Chemical entities
FT_1.197_497.14584,no name,C26H26O10,L3.2,yes,C26H26O10,[M - H]-,C26H26O10,Polyketides,0.5997170209884644,Aromatic polyketides,0.47171106934547424,Methyl xanthones,0.3943425714969635,Chromones,0.7069246172904968,Chromones,0.7069246172904968,1-benzopyrans,0.768390417098999,Benzopyrans,0.8097524642944336,Organoheterocyclic compounds,0.9928406476974488,Organic compounds; Organoheterocyclic compounds; Lactones; Pyrans; Benzopyrans; Alkyl aryl ethers; Alcohols and polyols; Phenols; Anisoles; Chromones; Ethers; Phenylpropanoids and polyketides; Organic acids and derivatives; Carboxylic acids and derivatives; Organooxygen compounds; Pyranones and derivatives; Carboxylic acid derivatives; Carboxylic acid esters; Acetals; Carbonyl compounds; Phenol ethers; Benzenoids; 1-benzopyrans; Vinylogous acids; Organic oxides; Oxacyclic compounds; Hydrocarbon derivatives; Organic oxygen compounds; 1-hydroxy-2-unsubstituted benzenoids; Chemical entities
FT_1.207_367.15525,no name,C19H28O5S,L3.2,yes,C19H28O5S,[M - H]-,C19H28O5S,Terpenoids,0.7433075308799744,Steroids,0.5792008638381958,Androstane steroids,0.3342224657535553,3-oxo delta-4-steroids,0.6539604663848877,3-oxosteroids,0.5051693320274353,Oxosteroids,0.4533334970474243,Steroids and steroid derivatives,0.652189314365387,Lipids and lipid-like molecules,0.6325016617774963,Organic compounds; Lipids and lipid-like molecules; Steroids and steroid derivatives; Organic acids and derivatives; Carboxylic acids and derivatives; Organooxygen compounds; Organic sulfuric acids and derivatives; Sulfuric acid monoesters; Carboxylic acid esters; Carbonyl compounds; 3-oxo delta-4-steroids; Delta-4-steroids; 3-oxosteroids; Sulfuric acid esters; Organic oxides; Hydrocarbon derivatives; Organic oxygen compounds; Chemical entities
FT_1.211_395.11430,no name,C18H24N2O4S2,L3.2,yes,C18H24N2O4S2,[M - H]-,C18H24N2O4S2,Alkaloids,0.7143546342849731,Tyrosine alkaloids,0.50921231508255,Phenylethylamines,0.08307772874832153,Benzenesulfonyl compounds,0.672873854637146,NA,NA,Benzenesulfonyl compounds,0.672873854637146,Benzene and substituted derivatives,0.8987440466880798,Benzenoids,0.9981606602668762,Organic compounds; Organoheterocyclic compounds; Organosulfur compounds; Alkyl aryl ethers; Anisoles; Ethers; Organic acids and derivatives; Organosulfonic acids and derivatives; Organonitrogen compounds; Organooxygen compounds; Sulfonyls; Organosulfonamides; Trialkylamines; Benzene and substituted derivatives; Phenol ethers; Benzenoids; Amines; Tertiary amines; Aralkylamines; Organic oxides; Methoxybenzenes; Azacyclic compounds; Hydrocarbon derivatives; Benzenesulfonyl compounds; Organic sulfonic acids and derivatives; Organopnictogen compounds; Organic oxygen compounds; Organic nitrogen compounds; Phenoxy compounds; Chemical entities
FT_1.216_265.07182,no name,C13H14O6,L3.2,yes,C13H14O6,[M - H]-,C13H14O6,Shikimates and Phenylpropanoids,0.711985170841217,Coumarins,0.6683651208877563,Isocoumarins,0.7867821455001831,p-Hydroxybenzoic acid alkyl esters,0.5957705974578857,Benzoic acid esters,0.5008153319358826,Benzoic acids and derivatives,0.8085694313049316,Benzene and substituted derivatives,0.9182835817337036,Benzenoids,0.9915762543678284,Organic compounds; Organoheterocyclic compounds; Lactones; Benzopyrans; Alkyl aryl ethers; Alcohols and polyols; Phenols; Anisoles; Benzoic acids and derivatives; Ethers; Organic acids and derivatives; Carboxylic acids and derivatives; Benzoyl derivatives; Organooxygen compounds; Carboxylic acid derivatives; Monocarboxylic acids and derivatives; Carboxylic acid esters; Hydroxybenzoic acid derivatives; Benzoic acid esters; Benzene and substituted derivatives; Phenol ethers; Benzenoids; 2-benzopyrans; Vinylogous acids; Organic oxides; Oxacyclic compounds; Hydrocarbon derivatives; Organic oxygen compounds; 1-hydroxy-2-unsubstituted benzenoids; 1-hydroxy-4-unsubstituted benzenoids; p-Hydroxybenzoic acid esters; p-Hydroxybenzoic acid alkyl esters; Chemical entities
FT_1.227_379.11892,no name,C22H20O6,L3.2,yes,C22H20O6,[M - H]-,C22H20O6,Shikimates and Phenylpropanoids,0.8953747153282166,Coumarins,0.5843633413314819,Flavanones,0.7137182950973511,Flavanones,0.7125454545021057,Flavanones,0.7125454545021057,Flavans,0.5849320888519287,Flavonoids,0.7103217244148254,Phenylpropanoids and polyketides,0.9747309684753418,Organic compounds; Organoheterocyclic compounds; Pyrans; Ketones; Benzopyrans; Alkyl aryl ethers; Anisoles; Chromones; Ethers; Phenylpropanoids and polyketides; Organic acids and derivatives; Organooxygen compounds; Flavonoids; Flavans; Pyranones and derivatives; Flavanones; Carbonyl compounds; Benzene and substituted derivatives; Phenol ethers; Benzenoids; 1-benzopyrans; Aryl ketones; Aryl alkyl ketones; Organic oxides; Oxacyclic compounds; Heteroaromatic compounds; Hydrocarbon derivatives; Organic oxygen compounds; Chemical entities
FT_1.230_411.07272,no name,C19H16N4O5S,L3.2,yes,C19H16N4O5S,[M - H]-,C19H16N4O5S,Alkaloids,0.7014142870903015,Pseudoalkaloids,0.4613299667835235,Pyridine alkaloids,0.13533654808998108,Benzodioxoles,0.604439914226532,NA,NA,NA,NA,Benzodioxoles,0.604439914226532,Organoheterocyclic compounds,0.9995306730270386,Organic compounds; Organoheterocyclic compounds; Organosulfur compounds; Lactams; Ethers; Organic acids and derivatives; Organonitrogen compounds; Benzodioxoles; Organooxygen compounds; Acetals; Carbonyl compounds; Benzene and substituted derivatives; Benzenoids; Organic oxides; Azacyclic compounds; Oxacyclic compounds; Heteroaromatic compounds; Hydrocarbon derivatives; Organopnictogen compounds; Organic oxygen compounds; Organic nitrogen compounds; Chemical entities
FT_1.235_325.14473,no name,C20H22O4,L3.2,yes,C20H22O4,[M - H]-,C20H22O4,Shikimates and Phenylpropanoids,0.811617374420166,Lignans,0.7931193709373474,Dibenzylbutane lignans,0.4299395978450775,Tetrahydrofuran lignans,0.5963399410247803,NA,NA,Tetrahydrofuran lignans,0.5963399410247803,Furanoid lignans,0.7028883099555969,"Lignans, neolignans and related compounds",0.8104915022850037,"Organic compounds; Organoheterocyclic compounds; Alkyl aryl ethers; Phenols; Ethers; Organooxygen compounds; Lignans, neolignans and related compounds; Tetrahydrofuran lignans; Dibenzylbutane lignans; Benzene and substituted derivatives; Benzenoids; Furanoid lignans; Oxacyclic compounds; Hydrocarbon derivatives; Organic oxygen compounds; 1-hydroxy-2-unsubstituted benzenoids; Chemical entities"
FT_1.236_403.10379,no name,C20H20O9,L3.2,yes,C20H20O9,[M - H]-,C20H20O9,Polyketides,0.5394349694252014,Aromatic polyketides,0.5981559157371521,Depsides,0.8394148945808411,Depsides and depsidones,0.5268651247024536,NA,NA,NA,NA,Depsides and depsidones,0.5268651247024536,Phenylpropanoids and polyketides,0.8719388246536255,Organic compounds; Styrenes; Coumaric acids and derivatives; Phenols; Anisoles; Benzoic acids and derivatives; Ethers; Phenylpropanoids and polyketides; Organic acids and derivatives; Carboxylic acids and derivatives; Benzoyl derivatives; Organooxygen compounds; Dicarboxylic acids and derivatives; Cinnamic acids and derivatives; Salicylic acid and derivatives; Carboxylic acid derivatives; Carboxylic acids; Carboxylic acid esters; Hydroxybenzoic acid derivatives; Cresols; Meta cresols; Ortho cresols; Benzoic acid esters; Hydroxycinnamic acids and derivatives; Monosaccharides; Depsides and depsidones; Carbonyl compounds; Benzene and substituted derivatives; Phenol ethers; Benzenoids; Vinylogous acids; Organic oxides; Oxacyclic compounds; Hydrocarbon derivatives; p-Xylenes; Xylenols; p-Xylenols; Organic oxygen compounds; 1-hydroxy-2-unsubstituted benzenoids; 1-hydroxy-4-unsubstituted benzenoids; o-Hydroxybenzoic acid esters; p-Hydroxybenzoic acid esters; Phenoxy compounds; Chemical entities
FT_1.240_495.16651,no name,C27H28O9,L3.2,yes,C27H28O9,[M - H]-,C27H28O9,Polyketides,0.5543798804283142,Xanthones,0.3219326138496399,Neolignans,0.3131542503833771,1-benzopyrans,0.6393489837646484,NA,NA,1-benzopyrans,0.6393489837646484,Benzopyrans,0.7187186479568481,Organoheterocyclic compounds,0.8856026530265808,Organic compounds; Organoheterocyclic compounds; Pyrans; Benzopyrans; Alkyl aryl ethers; Alcohols and polyols; Phenols; Anisoles; Ethers; Phenylpropanoids and polyketides; Organic acids and derivatives; Carboxylic acids and derivatives; Organooxygen compounds; Pyranones and derivatives; Carboxylic acid derivatives; Carboxylic acid esters; Carbonyl compounds; Benzene and substituted derivatives; Phenol ethers; Benzenoids; 1-benzopyrans; Vinylogous acids; Organic oxides; Oxacyclic compounds; Heteroaromatic compounds; Hydrocarbon derivatives; Organic oxygen compounds; 1-hydroxy-2-unsubstituted benzenoids; Chemical entities
FT_1.250_339.19997,no name,C15H32O8,L3.2,yes,C15H32O8,[M - H]-,C15H32O8,Fatty acids,0.32764214277267456,Glycerolipids,0.3124679625034332,Monoacylglycerols,0.19771558046340945,Glycosyl compounds,0.5142279267311096,Glycosyl compounds,0.5142279267311096,Carbohydrates and carbohydrate conjugates,0.5000794529914856,Organooxygen compounds,0.9988266825675964,Organic oxygen compounds,0.9984948635101318,Organic compounds; Carbohydrates and carbohydrate conjugates; Alcohols and polyols; Ethers; Primary alcohols; Organooxygen compounds; Secondary alcohols; Glycosyl compounds; Polyols; Hydrocarbon derivatives; Organic oxygen compounds; Chemical entities
FT_1.254_409.12952,no name,C23H22O7,L3.2,yes,C23H22O7,[M - H]-,C23H22O7,Shikimates and Phenylpropanoids,0.510310173034668,Coumarins,0.4546529948711395,Depsidones,0.5201163291931152,Pyranochromenes,0.511090874671936,Pyranochromenes,0.511090874671936,1-benzopyrans,0.8249413967132568,Benzopyrans,0.8348124027252197,Organoheterocyclic compounds,0.9735482931137084,"Organic compounds; Organoheterocyclic compounds; Lactones; Benzopyrans; Alkyl aryl ethers; Phenols; Anisoles; Ethers; Phenylpropanoids and polyketides; Organic acids and derivatives; Carboxylic acids and derivatives; Organooxygen compounds; Monocarboxylic acids and derivatives; Carboxylic acids; Carboxylic acid esters; Carbonyl compounds; Benzene and substituted derivatives; Phenol ethers; Benzenoids; 1-benzopyrans; 2,2-dimethyl-1-benzopyrans; Pyranochromenes; Organic oxides; Oxacyclic compounds; Hydrocarbon derivatives; Organic oxygen compounds; 1-hydroxy-2-unsubstituted benzenoids; Chemical entities"
FT_1.267_399.21817,no name,C24H32O5,L3.2,yes,C24H32O5,[M - H]-,C24H32O5,Terpenoids,0.5665109753608704,Meroterpenoids,0.6233506798744202,Tetraketide meroterpenoids,0.5989588499069214,Benzene and substituted derivatives,0.5317417979240417,NA,NA,NA,NA,Benzene and substituted derivatives,0.5317417979240417,Benzenoids,0.8869143724441528,Organic compounds; Ketones; Organic acids and derivatives; Carboxylic acids and derivatives; Organooxygen compounds; Monocarboxylic acids and derivatives; Carboxylic acids; Carbonyl compounds; Benzene and substituted derivatives; Benzenoids; Organic oxides; Hydrocarbon derivatives; Organic oxygen compounds; Chemical entities
FT_1.268_397.20232,no name,C21H34O5S,L3.2,yes,C21H34O5S,[M - H]-,C21H34O5S,Terpenoids,0.530788779258728,Steroids,0.4153614342212677,Pregnane steroids,0.19544170796871185,Fatty acids and conjugates,0.5213501453399658,NA,NA,Fatty acids and conjugates,0.5213501453399658,Fatty Acyls,0.5773097276687622,Lipids and lipid-like molecules,0.8082621097564697,Organic compounds; Organosulfur compounds; Lipids and lipid-like molecules; Fatty acids and conjugates; Organic acids and derivatives; Carboxylic acids and derivatives; Organooxygen compounds; Carboxylic acids; Carbonyl compounds; Fatty Acyls; Organic oxides; Hydrocarbon derivatives; Organic oxygen compounds; Chemical entities
FT_1.276_497.14575,no name,C26H26O10,L3.2,yes,C26H26O10,[M - H]-,C26H26O10,Terpenoids,0.5587705373764038,Sesquiterpenoids,0.3608224391937256,Tetraketide meroterpenoids,0.5297696590423584,Benzoic acid esters,0.6820720434188843,Benzoic acid esters,0.6820720434188843,Benzoic acids and derivatives,0.6748770475387573,Benzene and substituted derivatives,0.8880712985992432,Benzenoids,0.9503630995750428,Organic compounds; Organoheterocyclic compounds; Lipids and lipid-like molecules; Lactones; Alcohols and polyols; Phenols; Benzoic acids and derivatives; Ethers; Organic acids and derivatives; Carboxylic acids and derivatives; Benzoyl derivatives; Organooxygen compounds; Carboxylic acid derivatives; Carboxylic acid esters; Benzoic acid esters; Carbonyl compounds; Benzene and substituted derivatives; Benzenoids; Organic oxides; Oxacyclic compounds; Hydrocarbon derivatives; Organic oxygen compounds; 1-hydroxy-2-unsubstituted benzenoids; Chemical entities
FT_1.285_379.11892,no name,C22H20O6,L3.2,yes,C22H20O6,[M - H]-,C22H20O6,Shikimates and Phenylpropanoids,0.722691535949707,Coumarins,0.7448328733444214,Pyranocoumarins,0.6748966574668884,Pyranocoumarins,0.5706359148025513,NA,NA,Pyranocoumarins,0.5706359148025513,Coumarins and derivatives,0.460461288690567,Phenylpropanoids and polyketides,0.9008349180221558,"Organic compounds; Organoheterocyclic compounds; Lactones; Pyrans; Benzopyrans; Alkyl aryl ethers; Phenols; Ethers; Phenylpropanoids and polyketides; Organic acids and derivatives; Carboxylic acids and derivatives; Organooxygen compounds; Pyranones and derivatives; Benzene and substituted derivatives; Benzenoids; 1-benzopyrans; Pyranocoumarins; 2,2-dimethyl-1-benzopyrans; Pyranochromenes; Vinylogous acids; Organic oxides; Oxacyclic compounds; Heteroaromatic compounds; Hydrocarbon derivatives; Organic oxygen compounds; Chemical entities"
FT_1.294_495.20267,no name,C24H28N6O6,L3.2,yes,C24H28N6O6,[M - H]-,C24H28N6O6,Alkaloids,0.509493350982666,Pseudoalkaloids,0.5216559767723083,Purine nucleos(t)ides,0.6686765551567078,Purine nucleosides,0.8713973760604858,NA,NA,NA,NA,Purine nucleosides,0.8713973760604858,"Nucleosides, nucleotides, and analogues",0.6951380372047424,"Organic compounds; Organoheterocyclic compounds; Carbohydrates and carbohydrate conjugates; Pyrimidines and pyrimidine derivatives; Imidazoles; Alkyl aryl ethers; Alcohols and polyols; Purines and purine derivatives; Organic acids and derivatives; Carboxylic acids and derivatives; Organonitrogen compounds; Nucleosides, nucleotides, and analogues; Organooxygen compounds; Azoles; Carboxylic acid amides; Purine nucleosides; Carboxylic acid derivatives; Diazines; Secondary alcohols; Secondary carboxylic acid amides; Imidazopyrimidines; Carbonyl compounds; Glycosyl compounds; Glycosylamines; Benzene and substituted derivatives; Substituted imidazoles; N-substituted imidazoles; Benzenoids; Vinylogous amides; Organic oxides; Azacyclic compounds; Oxacyclic compounds; Heteroaromatic compounds; Hydrocarbon derivatives; Organopnictogen compounds; Organic oxygen compounds; Organic nitrogen compounds; Chemical entities"
FT_1.295_465.11930,no name,C25H22O9,L3.2,yes,C25H22O9,[M - H]-,C25H22O9,Polyketides,0.7290716767311096,Aromatic polyketides,0.6651269793510437,Depsides,0.8703065514564514,Depsides and depsidones,0.7669344544410706,NA,NA,NA,NA,Depsides and depsidones,0.7669344544410706,Phenylpropanoids and polyketides,0.6983767747879028,Organic compounds; Alkyl aryl ethers; Phenols; Anisoles; Benzoic acids and derivatives; Methoxyphenols; Ethers; Phenylpropanoids and polyketides; Organic acids and derivatives; Carboxylic acids and derivatives; Benzoyl derivatives; Organooxygen compounds; Salicylic acid and derivatives; Toluenes; Carboxylic acid derivatives; Carboxylic acid esters; Hydroxybenzoic acid derivatives; Cresols; Meta cresols; Ortho cresols; Benzenediols; Benzoic acid esters; Depsides and depsidones; Benzene and substituted derivatives; Phenol esters; Phenol ethers; Methoxybenzoic acids and derivatives; Benzenoids; Vinylogous acids; Organic oxides; Methoxybenzenes; Hydrocarbon derivatives; Organic oxygen compounds; 1-hydroxy-2-unsubstituted benzenoids; 1-hydroxy-4-unsubstituted benzenoids; o-Hydroxybenzoic acid esters; p-Hydroxybenzoic acid esters; Phenoxy compounds; Chemical entities
FT_1.297_311.11391,no name,C15H20O7,L3.2,yes,C15H20O7,[M - H]-,C15H20O7,Shikimates and Phenylpropanoids,0.5877407789230347,Phenylpropanoids (C6-C3),0.698147177696228,Cinnamic acids and derivatives,0.7227240800857544,Phenolic glycosides,0.5406772494316101,Glycosyl compounds,0.5840001106262207,Carbohydrates and carbohydrate conjugates,0.9164276123046876,Organooxygen compounds,0.9999929666519164,Organic oxygen compounds,0.9999663829803468,Organic compounds; Organoheterocyclic compounds; Carbohydrates and carbohydrate conjugates; Styrenes; Alcohols and polyols; Ethers; Primary alcohols; Organooxygen compounds; Hexoses; Monosaccharides; Acetals; Secondary alcohols; Carbonyl compounds; Oxanes; Glycosyl compounds; O-glycosyl compounds; Benzene and substituted derivatives; Polyols; Phenol ethers; Benzenoids; Organic oxides; Oxacyclic compounds; Hydrocarbon derivatives; Phenolic glycosides; Organic oxygen compounds; Phenoxy compounds; Chemical entities
FT_1.300_393.13452,no name,C23H22O6,L3.2,yes,C23H22O6,[M - H]-,C23H22O6,Shikimates and Phenylpropanoids,0.7617927193641663,Coumarins,0.5514244437217712,Pyranocoumarins,0.2680942416191101,1-benzopyrans,0.729000449180603,NA,NA,1-benzopyrans,0.729000449180603,Benzopyrans,0.7406660914421082,Organoheterocyclic compounds,0.8917785882949829,Organic compounds; Organoheterocyclic compounds; Lactones; Pyrans; Benzopyrans; Alkyl aryl ethers; Phenols; Anisoles; Ethers; Phenylpropanoids and polyketides; Organic acids and derivatives; Organooxygen compounds; Pyranones and derivatives; Carbonyl compounds; Phenol ethers; Benzenoids; 1-benzopyrans; Organic oxides; Oxacyclic compounds; Hydrocarbon derivatives; Organic oxygen compounds; Chemical entities
FT_1.306_415.21323,no name,C24H32O6,L3.2,yes,C24H32O6,[M - H]-,C24H32O6,Shikimates and Phenylpropanoids,0.6047170162200928,Meroterpenoids,0.5295599699020386,Tetraketide meroterpenoids,0.7527340650558472,Anisoles,0.741654634475708,NA,NA,Anisoles,0.741654634475708,Phenol ethers,0.792389988899231,Benzenoids,0.9861619472503662,Organic compounds; Organoheterocyclic compounds; Lipids and lipid-like molecules; Lactones; Alkyl aryl ethers; Alcohols and polyols; Anisoles; Ethers; Phenylpropanoids and polyketides; Organic acids and derivatives; Carboxylic acids and derivatives; Organooxygen compounds; Carboxylic acid derivatives; Monocarboxylic acids and derivatives; Carboxylic acid esters; Carbonyl compounds; Phenol ethers; Benzenoids; Fatty Acyls; Organic oxides; Oxacyclic compounds; Hydrocarbon derivatives; Organic oxygen compounds; Chemical entities
FT_1.306_495.13006,no name,C26H24O10,L3.2,yes,C26H24O10,[M - H]-,C26H24O10,Shikimates and Phenylpropanoids,0.7666962146759033,Lignans,0.44957610964775085,Linear diarylheptanoids,0.443805992603302,Coumaric acids and derivatives,0.7126946449279785,Coumaric acids and derivatives,0.7126946449279785,Hydroxycinnamic acids and derivatives,0.7012233734130859,Cinnamic acids and derivatives,0.6183461546897888,Phenylpropanoids and polyketides,0.8605707883834839,"Organic compounds; Organoheterocyclic compounds; Carbohydrates and carbohydrate conjugates; Lipids and lipid-like molecules; Styrenes; Coumaric acids and derivatives; Alkyl aryl ethers; Alcohols and polyols; Phenols; Catechols; Anisoles; Ethers; Phenylpropanoids and polyketides; Organic acids and derivatives; Carboxylic acids and derivatives; Organooxygen compounds; Fatty acid esters; Cinnamic acids and derivatives; Carboxylic acid derivatives; Carboxylic acid esters; Benzenediols; Hydroxycinnamic acids and derivatives; Monosaccharides; Secondary alcohols; Carbonyl compounds; Glycosyl compounds; Benzene and substituted derivatives; Phenol ethers; Benzenoids; Cinnamic acid esters; Enoate esters; Alpha,beta-unsaturated carboxylic esters; Fatty Acyls; Organic oxides; Oxacyclic compounds; Hydrocarbon derivatives; Organic oxygen compounds; 1-hydroxy-2-unsubstituted benzenoids; 1-hydroxy-4-unsubstituted benzenoids; Phenoxy compounds; Chemical entities"
FT_1.312_479.17134,no name,C27H28O8,L3.2,yes,C27H28O8,[M - H]-,C27H28O8,Shikimates and Phenylpropanoids,0.722250759601593,Coumarins,0.6394264101982117,Pyranocoumarins,0.6981161236763,Pyranocoumarins,0.5382802486419678,NA,NA,Pyranocoumarins,0.5382802486419678,Coumarins and derivatives,0.6302244067192078,Phenylpropanoids and polyketides,0.8719370365142822,"Organic compounds; Organoheterocyclic compounds; Lactones; Pyrans; Benzopyrans; Alkyl aryl ethers; Coumarins and derivatives; Ethers; Phenylpropanoids and polyketides; Organic acids and derivatives; Organooxygen compounds; Pyranones and derivatives; Carbonyl compounds; Benzenoids; 1-benzopyrans; Pyranocoumarins; 2,2-dimethyl-1-benzopyrans; Pyranochromenes; Organic oxides; Oxacyclic compounds; Heteroaromatic compounds; Hydrocarbon derivatives; Organic oxygen compounds; Chemical entities"
FT_1.313_415.24926,no name,C25H36O5,L3.2,yes,C25H36O5,[M - H]-,C25H36O5,Terpenoids,0.656083345413208,Meroterpenoids,0.5120381712913513,Tetraketide meroterpenoids,0.6058250665664673,1-hydroxy-2-unsubstituted benzenoids,0.6665936708450317,NA,NA,1-hydroxy-2-unsubstituted benzenoids,0.6665936708450317,Phenols,0.8046249747276306,Benzenoids,0.813562273979187,Organic compounds; Lipids and lipid-like molecules; Alcohols and polyols; Phenols; Organic acids and derivatives; Carboxylic acids and derivatives; Organooxygen compounds; Carboxylic acid derivatives; Monocarboxylic acids and derivatives; Carboxylic acid esters; Carbonyl compounds; Benzenoids; Organic oxides; Hydrocarbon derivatives; Organic oxygen compounds; 1-hydroxy-2-unsubstituted benzenoids; 1-hydroxy-4-unsubstituted benzenoids; Chemical entities
FT_1.315_429.22855,no name,C25H34O6,L3.2,yes,C25H34O6,[M - H]-,C25H34O6,Terpenoids,0.7531463503837585,Meroterpenoids,0.9007973670959472,Tetraketide meroterpenoids,0.9240774512290956,Hydroxybenzaldehydes,0.9375897645950316,Aldehydes,0.9345847964286804,Carbonyl compounds,0.9801156520843506,Organooxygen compounds,0.9999998807907104,Organic oxygen compounds,0.9999995231628418,Organic compounds; Lipids and lipid-like molecules; Aldehydes; Alcohols and polyols; Phenols; Resorcinols; Organic acids and derivatives; Primary alcohols; Benzoyl derivatives; Organooxygen compounds; Cresols; Meta cresols; Benzenediols; Benzaldehydes; Secondary alcohols; Carbonyl compounds; Benzene and substituted derivatives; Benzenoids; Aryl-aldehydes; Vinylogous acids; Organic oxides; Hydroxybenzaldehydes; Hydrocarbon derivatives; Organic oxygen compounds; Chemical entities
FT_1.322_431.13506,no name,C22H24O9,L3.2,yes,C22H24O9,[M - H]-,C22H24O9,Polyketides,0.5938432216644287,Phenylpropanoids (C6-C3),0.22952961921691897,Cinnamic acids and derivatives,0.3831594586372375,Coumaric acids and derivatives,0.6107620596885681,Coumaric acids and derivatives,0.6107620596885681,Hydroxycinnamic acids and derivatives,0.6470733284950256,Cinnamic acids and derivatives,0.5985466241836548,Phenylpropanoids and polyketides,0.8082155585289001,"Organic compounds; Organoheterocyclic compounds; Lipids and lipid-like molecules; Styrenes; Coumaric acids and derivatives; Ketones; Alkyl aryl ethers; Alcohols and polyols; Phenols; Anisoles; Methoxyphenols; Ethers; Phenylpropanoids and polyketides; Organic acids and derivatives; Carboxylic acids and derivatives; Organooxygen compounds; Fatty acid esters; Cinnamic acids and derivatives; Carboxylic acid derivatives; Monocarboxylic acids and derivatives; Carboxylic acid esters; Hydroxycinnamic acids and derivatives; Tertiary alcohols; Carbonyl compounds; Benzene and substituted derivatives; Phenol ethers; Benzenoids; Cinnamic acid esters; Enoate esters; Alpha,beta-unsaturated carboxylic esters; Vinylogous acids; Fatty Acyls; Organic oxides; Methoxybenzenes; Oxacyclic compounds; Hydrocarbon derivatives; Organic oxygen compounds; 1-hydroxy-2-unsubstituted benzenoids; 1-hydroxy-4-unsubstituted benzenoids; Phenoxy compounds; Chemical entities"
FT_1.322_445.11422,no name,C22H22O10,L3.2,yes,C22H22O10,[M - H]-,C22H22O10,Polyketides,0.5182949304580688,Polycyclic aromatic polyketides,0.18307778239250183,Neolignans,0.2241373211145401,Chromones,0.556490957736969,Chromones,0.556490957736969,1-benzopyrans,0.5277937054634094,Benzopyrans,0.56205153465271,Organoheterocyclic compounds,0.6133891344070435,Organic compounds; Organoheterocyclic compounds; Benzopyrans; Alkyl aryl ethers; Alcohols and polyols; Phenols; Chromones; Ethers; Phenylpropanoids and polyketides; Organic acids and derivatives; Carboxylic acids and derivatives; Primary alcohols; Organooxygen compounds; Monocarboxylic acids and derivatives; Secondary alcohols; Carbonyl compounds; Benzene and substituted derivatives; Polyols; Benzenoids; 1-benzopyrans; Vinylogous acids; Organic oxides; Oxacyclic compounds; Hydrocarbon derivatives; Organic oxygen compounds; 1-hydroxy-2-unsubstituted benzenoids; 1-hydroxy-4-unsubstituted benzenoids; Chemical entities
FT_1.328_437.12457,no name,C24H22O8,L3.2,yes,C24H22O8,[M - H]-,C24H22O8,Shikimates and Phenylpropanoids,0.5875011682510376,Isoflavonoids,0.5287452936172485,Rotenoids,0.45469170808792114,Isoflavanones,0.5222649574279785,Isoflavanones,0.5222649574279785,Isoflavans,0.41381606459617615,Isoflavonoids,0.5160171389579773,Phenylpropanoids and polyketides,0.553989827632904,Organic compounds; Organoheterocyclic compounds; Ketones; Benzopyrans; Alkyl aryl ethers; Chromones; Ethers; Phenylpropanoids and polyketides; Organic acids and derivatives; Carboxylic acids and derivatives; Benzodioxoles; Organooxygen compounds; Acetals; Isoflavanones; Carbonyl compounds; Benzenoids; Isoflavonoids; 1-benzopyrans; Aryl ketones; Aryl alkyl ketones; Organic oxides; Oxacyclic compounds; Hydrocarbon derivatives; Organic oxygen compounds; Chemical entities
FT_1.332_517.20787,no name,C27H34O10,L3.2,yes,C27H34O10,[M - H]-,C27H34O10,Polyketides,0.714924156665802,Aromatic polyketides,0.5634623169898987,Luminacins and derivatives,0.32035335898399353,Hydroxybenzaldehydes,0.6407732963562012,Aldehydes,0.3636326491832733,Carbonyl compounds,0.7602737545967102,Organooxygen compounds,0.9999927282333374,Organic oxygen compounds,0.9999690055847168,Organic compounds; Organoheterocyclic compounds; Ketones; Alcohols and polyols; Phenols; Resorcinols; Ethers; Organic acids and derivatives; Carboxylic acids and derivatives; Benzoyl derivatives; Organooxygen compounds; Dialkyl ethers; Benzenediols; Benzaldehydes; Secondary alcohols; Carbonyl compounds; Oxanes; Benzene and substituted derivatives; Benzenoids; Aryl-aldehydes; Vinylogous acids; Organic oxides; Hydroxybenzaldehydes; Oxacyclic compounds; Hydrocarbon derivatives; Organic oxygen compounds; 1-hydroxy-2-unsubstituted benzenoids; Chemical entities
FT_1.334_485.18203,no name,C26H30O9,L3.2,yes,C26H30O9,[M - H]-,C26H30O9,Terpenoids,0.6125696897506714,Meroterpenoids,0.5627263784408569,Tetraketide meroterpenoids,0.7294160723686218,Benzoic acid esters,0.5150080919265747,Benzoic acid esters,0.5150080919265747,Benzoic acids and derivatives,0.5634273886680603,Benzene and substituted derivatives,0.692980945110321,Benzenoids,0.9589245915412904,Organic compounds; Organoheterocyclic compounds; Lactones; Ketones; Alkyl aryl ethers; Alcohols and polyols; Anisoles; Benzoic acids and derivatives; Ethers; Organic acids and derivatives; Carboxylic acids and derivatives; Organooxygen compounds; Dicarboxylic acids and derivatives; Carboxylic acid derivatives; Carboxylic acid esters; Benzoic acid esters; Carbonyl compounds; Phthalides; Oxanes; Benzene and substituted derivatives; Phenol ethers; Benzenoids; Isobenzofuranones; Organic oxides; Oxacyclic compounds; Hydrocarbon derivatives; Organic oxygen compounds; Phenoxy compounds; Chemical entities
FT_1.336_383.15002,no name,C22H24O6,L3.2,yes,C22H24O6,[M - H]-,C22H24O6,Shikimates and Phenylpropanoids,0.6394737958908081,Flavonoids,0.37925830483436584,Neolignans,0.35406580567359924,Cinnamic acids and derivatives,0.5637370944023132,NA,NA,NA,NA,Cinnamic acids and derivatives,0.5637370944023132,Phenylpropanoids and polyketides,0.7184383273124695,"Organic compounds; Organoheterocyclic compounds; Styrenes; Ketones; Alkyl aryl ethers; Phenols; Anisoles; Ethers; Phenylpropanoids and polyketides; Organic acids and derivatives; Acryloyl compounds; Organooxygen compounds; Cinnamic acids and derivatives; Enones; Carbonyl compounds; Benzene and substituted derivatives; Phenol ethers; Benzenoids; Alpha,beta-unsaturated carbonyl compounds; Aryl ketones; Alpha,beta-unsaturated ketones; Vinylogous acids; Organic oxides; Oxacyclic compounds; Hydrocarbon derivatives; Organic oxygen compounds; 1-hydroxy-2-unsubstituted benzenoids; 1-hydroxy-4-unsubstituted benzenoids; Chemical entities"
FT_1.338_513.21351,no name,C28H34O9,L3.2,yes,C28H34O9,[M - H]-,C28H34O9,Terpenoids,0.6353990435600281,Meroterpenoids,0.4552764594554901,Tetraketide meroterpenoids,0.5575484037399292,Benzene and substituted derivatives,0.5205983519554138,NA,NA,NA,NA,Benzene and substituted derivatives,0.5205983519554138,Benzenoids,0.6926895976066589,Organic compounds; Organoheterocyclic compounds; Lipids and lipid-like molecules; Ketones; Alcohols and polyols; Ethers; Organic acids and derivatives; Carboxylic acids and derivatives; Organooxygen compounds; Carboxylic acid derivatives; Carboxylic acid esters; Tertiary alcohols; Carbonyl compounds; Benzene and substituted derivatives; Benzenoids; Organic oxides; Oxacyclic compounds; Hydrocarbon derivatives; Organic oxygen compounds; Chemical entities
FT_1.339_481.11549,no name,C25H22O10,L3.2,yes,C25H22O10,[M - H]-,C25H22O10,Polyketides,0.703698992729187,Aromatic polyketides,0.6296165585517883,Depsides,0.8403597474098206,Depsides and depsidones,0.7109699249267578,NA,NA,NA,NA,Depsides and depsidones,0.7109699249267578,Phenylpropanoids and polyketides,0.7330439686775208,"Organic compounds; Ketones; Alkyl aryl ethers; Alcohols and polyols; Phenols; Anisoles; Benzoic acids and derivatives; Methoxyphenols; Ethers; Phenylpropanoids and polyketides; Organic acids and derivatives; Carboxylic acids and derivatives; Benzoyl derivatives; Organooxygen compounds; Salicylic acid and derivatives; Toluenes; Carboxylic acid derivatives; Carboxylic acid esters; Hydroxybenzoic acid derivatives; Cresols; Meta cresols; Ortho cresols; Benzenediols; Benzoic acid esters; Depsides and depsidones; Benzene and substituted derivatives; Phenol esters; Phenol ethers; Methoxybenzoic acids and derivatives; Benzenoids; Phenylbenzodioxanes; Phenylbenzo-1,4-dioxanes; Vinylogous acids; Organic oxides; Methoxybenzenes; Oxacyclic compounds; Hydrocarbon derivatives; Organic oxygen compounds; 1-hydroxy-2-unsubstituted benzenoids; 1-hydroxy-4-unsubstituted benzenoids; o-Hydroxybenzoic acid esters; p-Hydroxybenzoic acid esters; Phenoxy compounds; Chemical entities"
FT_1.342_499.12488,no name,C25H24O11,L3.2,yes,C25H24O11,[M - H]-,C25H24O11,Polyketides,0.5952012538909912,Aromatic polyketides,0.3302115797996521,Depsides,0.20853066444396973,Chromones,0.537408709526062,Chromones,0.537408709526062,1-benzopyrans,0.6216930150985718,Benzopyrans,0.7569189071655273,Organoheterocyclic compounds,0.9459003806114196,Organic compounds; Organoheterocyclic compounds; Lactones; Benzopyrans; Alkyl aryl ethers; Alcohols and polyols; Phenols; Anisoles; Chromones; Ethers; Phenylpropanoids and polyketides; Organic acids and derivatives; Carboxylic acids and derivatives; Organooxygen compounds; Carboxylic acid derivatives; Carboxylic acid esters; Secondary alcohols; Carbonyl compounds; Benzene and substituted derivatives; Phenol ethers; Benzenoids; 1-benzopyrans; Vinylogous acids; Organic oxides; Oxacyclic compounds; Hydrocarbon derivatives; Organic oxygen compounds; 1-hydroxy-2-unsubstituted benzenoids; 1-hydroxy-4-unsubstituted benzenoids; Chemical entities
FT_1.343_411.18174,no name,C24H28O6,L3.2,yes,C24H28O6,[M - H]-,C24H28O6,Shikimates and Phenylpropanoids,0.5839255452156067,Lignans,0.231024831533432,Fungal DPEs,0.1610599011182785,Hydroxycinnamic acids and derivatives,0.6747762560844421,NA,NA,Hydroxycinnamic acids and derivatives,0.6747762560844421,Cinnamic acids and derivatives,0.6007829308509827,Phenylpropanoids and polyketides,0.7973854541778564,Organic compounds; Styrenes; Ketones; Alkyl aryl ethers; Phenols; Anisoles; Methoxyphenols; Ethers; Phenylpropanoids and polyketides; Organic acids and derivatives; Carboxylic acids and derivatives; Benzoyl derivatives; Organooxygen compounds; Cinnamic acids and derivatives; Monocarboxylic acids and derivatives; Cresols; Hydroxycinnamic acids and derivatives; Carbonyl compounds; Benzene and substituted derivatives; Phenol ethers; Benzenoids; Vinylogous acids; Organic oxides; Methoxybenzenes; Hydrocarbon derivatives; Organic oxygen compounds; 1-hydroxy-2-unsubstituted benzenoids; 1-hydroxy-4-unsubstituted benzenoids; Phenoxy compounds; Chemical entities
FT_1.348_343.11892,no name,C19H20O6,L3.2,yes,C19H20O6,[M - H]-,C19H20O6,Terpenoids,0.5981347560882568,Sesquiterpenoids,0.23575352132320404,Germacrane sesquiterpenoids,0.18184126913547516,1-hydroxy-2-unsubstituted benzenoids,0.5181902647018433,NA,NA,1-hydroxy-2-unsubstituted benzenoids,0.5181902647018433,Phenols,0.5301970839500427,Benzenoids,0.617803692817688,Organic compounds; Organoheterocyclic compounds; Lactones; Phenols; Ethers; Organic acids and derivatives; Carboxylic acids and derivatives; Organooxygen compounds; Dicarboxylic acids and derivatives; Carboxylic acid derivatives; Carboxylic acid esters; Gamma butyrolactones; Carbonyl compounds; Benzenoids; Organic oxides; Oxacyclic compounds; Hydrocarbon derivatives; Organic oxygen compounds; 1-hydroxy-2-unsubstituted benzenoids; Chemical entities
FT_1.349_525.21326,no name,C29H34O9,L3.2,yes,C29H34O9,[M - H]-,C29H34O9,Terpenoids,0.744171679019928,Triterpenoids,0.648779034614563,Limonoids,0.5897327661514282,Naphthopyrans,0.811093807220459,NA,NA,NA,NA,Naphthopyrans,0.811093807220459,Organoheterocyclic compounds,0.9679601788520812,Organic compounds; Organoheterocyclic compounds; Lipids and lipid-like molecules; Naphthalenes; Lactones; Pyrans; Ketones; Alcohols and polyols; Ethers; Prenol lipids; Organic acids and derivatives; Carboxylic acids and derivatives; Organooxygen compounds; Carboxylic acid derivatives; Carboxylic acid esters; Cyclic alcohols and derivatives; Naphthopyrans; Carbonyl compounds; Oxanes; Benzenoids; Organic oxides; Oxacyclic compounds; Hydrocarbon derivatives; Organic oxygen compounds; Chemical entities
FT_1.352_411.10878,no name,C22H20O8,L3.2,yes,C22H20O8,[M - H]-,C22H20O8,Polyketides,0.5817081332206726,Xanthones,0.2053455114364624,Depsidones,0.16880375146865845,Chromones,0.6375131011009216,Chromones,0.6375131011009216,1-benzopyrans,0.685314416885376,Benzopyrans,0.7239243388175964,Organoheterocyclic compounds,0.9197153449058532,Organic compounds; Organoheterocyclic compounds; Ketones; Benzopyrans; Alkyl aryl ethers; Phenols; Anisoles; Chromones; Ethers; Phenylpropanoids and polyketides; Organic acids and derivatives; Carboxylic acids and derivatives; Organooxygen compounds; Carbonyl compounds; Benzene and substituted derivatives; Phenol ethers; Benzenoids; 1-benzopyrans; Vinylogous acids; Organic oxides; Oxacyclic compounds; Hydrocarbon derivatives; Organic oxygen compounds; 1-hydroxy-2-unsubstituted benzenoids; 1-hydroxy-4-unsubstituted benzenoids; Chemical entities
FT_1.356_421.09320,no name,C23H18O8,L3.2,yes,C23H18O8,[M - H]-,C23H18O8,Polyketides,0.5724799036979675,Aromatic polyketides,0.2690689265727997,Neolignans,0.20867300033569336,Chromones,0.5792206525802612,Chromones,0.5792206525802612,1-benzopyrans,0.6829401254653931,Benzopyrans,0.6961187124252319,Organoheterocyclic compounds,0.8503392934799194,Organic compounds; Organoheterocyclic compounds; Pyrans; Benzopyrans; Alkyl aryl ethers; Phenols; Chromones; Ethers; Phenylpropanoids and polyketides; Organic acids and derivatives; Carboxylic acids and derivatives; Organooxygen compounds; Pyranones and derivatives; Carboxylic acids; Cresols; Benzenediols; Carbonyl compounds; Benzene and substituted derivatives; Benzenoids; 1-benzopyrans; Vinylogous acids; Organic oxides; Oxacyclic compounds; Heteroaromatic compounds; Hydrocarbon derivatives; Organic oxygen compounds; 1-hydroxy-2-unsubstituted benzenoids; 1-hydroxy-4-unsubstituted benzenoids; Chemical entities
FT_1.356_447.23908,no name,C22H40O7S,L3.2,yes,C22H40O7S,[M - H]-,C22H40O7S,Polyketides,0.747330367565155,Chromanes,0.5043561458587646,Azaphilones,0.29104602336883545,Hydroxybenzaldehydes,0.5970799326896667,Aldehydes,0.2269462049007416,Carbonyl compounds,0.8186477422714233,Organooxygen compounds,0.9998583793640136,Organic oxygen compounds,0.9999566078186036,Organic compounds; Ketones; Alcohols and polyols; Phenols; Organic acids and derivatives; Organooxygen compounds; Benzaldehydes; Secondary alcohols; Carbonyl compounds; Benzene and substituted derivatives; Aryl-aldehydes; Cyclic ketones; Vinylogous acids; Organic oxides; Hydroxybenzaldehydes; Hydrocarbon derivatives; Organic oxygen compounds; Chemical entities
FT_1.357_465.19223,no name,C27H30O7,L3.2,yes,C27H30O7,[M - H]-,C27H30O7,Shikimates and Phenylpropanoids,0.6518213152885437,Isoflavonoids,0.659743070602417,Isoflavanones,0.5108302235603333,Isoflavanones,0.6511898636817932,Isoflavanones,0.6511898636817932,Isoflavans,0.6715542674064636,Isoflavonoids,0.5715548992156982,Phenylpropanoids and polyketides,0.36104080080986023,Organic compounds; Organoheterocyclic compounds; Benzopyrans; Aldehydes; Alkyl aryl ethers; Phenols; Chromones; Ethers; Organic acids and derivatives; Organooxygen compounds; Benzenediols; Benzaldehydes; Isoflavans; Isoflavanones; Carbonyl compounds; Benzenoids; Isoflavonoids; Aryl-aldehydes; 1-benzopyrans; Vinylogous acids; Organic oxides; Hydroxybenzaldehydes; Oxacyclic compounds; Hydrocarbon derivatives; Hydroxyisoflavonoids; Organic oxygen compounds; 1-hydroxy-2-unsubstituted benzenoids; 1-hydroxy-4-unsubstituted benzenoids; Chemical entities
FT_1.362_495.20089,no name,C28H32O8,L3.2,yes,C28H32O8,[M - H]-,C28H32O8,Shikimates and Phenylpropanoids,0.5408983826637268,Xanthones,0.392798125743866,Tetraketide meroterpenoids,0.4876163303852082,Chromones,0.5172961354255676,Chromones,0.5172961354255676,1-benzopyrans,0.5748534798622131,Benzopyrans,0.5581234097480774,Organoheterocyclic compounds,0.7987973093986511,Organic compounds; Organoheterocyclic compounds; Ketones; Benzopyrans; Alkyl aryl ethers; Phenols; Chromones; Ethers; Organic acids and derivatives; Carboxylic acids and derivatives; Organooxygen compounds; Carboxylic acid derivatives; Carboxylic acid esters; Carbonyl compounds; Phenol ethers; Benzenoids; 1-benzopyrans; Vinylogous acids; Organic oxides; Oxacyclic compounds; Hydrocarbon derivatives; Organic oxygen compounds; 1-hydroxy-2-unsubstituted benzenoids; Chemical entities
FT_1.363_443.09955,no name,C22H20O10,L3.2,yes,C22H20O10,[M - H]-,C22H20O10,Polyketides,0.5963522791862488,Lignans,0.3829726278781891,Furofuranoid lignans,0.3581969141960144,Hydroxycinnamic acids and derivatives,0.531973659992218,NA,NA,Hydroxycinnamic acids and derivatives,0.531973659992218,Cinnamic acids and derivatives,0.3481006622314453,Phenylpropanoids and polyketides,0.6422722935676575,Organic compounds; Organoheterocyclic compounds; Alkyl aryl ethers; Phenols; Catechols; Anisoles; Methoxyphenols; Ethers; Phenylpropanoids and polyketides; Organic acids and derivatives; Carboxylic acids and derivatives; Organooxygen compounds; Carboxylic acid derivatives; Carboxylic acids; Carboxylic acid esters; Benzenediols; Hydroxycinnamic acids and derivatives; Carbonyl compounds; Benzene and substituted derivatives; Phenol ethers; Benzenoids; Vinylogous acids; Organic oxides; Methoxybenzenes; Oxacyclic compounds; Hydrocarbon derivatives; Organic oxygen compounds; 1-hydroxy-2-unsubstituted benzenoids; 1-hydroxy-4-unsubstituted benzenoids; Phenoxy compounds; Chemical entities
FT_1.365_483.16688,no name,C26H28O9,L3.2,yes,C26H28O9,[M - H]-,C26H28O9,Shikimates and Phenylpropanoids,0.5311451554298401,Lignans,0.6533761620521545,Neolignans,0.7451183795928955,Anisoles,0.5181957483291626,NA,NA,Anisoles,0.5181957483291626,Phenol ethers,0.5600100159645081,Benzenoids,0.9679756760597228,Organic compounds; Organoheterocyclic compounds; Alkyl aryl ethers; Alcohols and polyols; Phenols; Anisoles; Ethers; Organic acids and derivatives; Organooxygen compounds; Carbonyl compounds; Benzene and substituted derivatives; Phenol ethers; Benzenoids; Organic oxides; Oxacyclic compounds; Hydrocarbon derivatives; Organic oxygen compounds; 1-hydroxy-2-unsubstituted benzenoids; Chemical entities
FT_1.366_453.15591,no name,C25H26O8,L3.2,yes,C25H26O8,[M - H]-,C25H26O8,Shikimates and Phenylpropanoids,0.544167160987854,Lignans,0.5639756917953491,Linear diarylheptanoids,0.41458892822265625,Benzoic acids and derivatives,0.5133071541786194,NA,NA,Benzoic acids and derivatives,0.5133071541786194,Benzene and substituted derivatives,0.9369716644287108,Benzenoids,0.9983658194541932,Organic compounds; Ketones; Alkyl aryl ethers; Phenols; Anisoles; Benzoic acids and derivatives; Ethers; Phenylpropanoids and polyketides; Organic acids and derivatives; Carboxylic acids and derivatives; Benzoyl derivatives; Organooxygen compounds; Dicarboxylic acids and derivatives; Carboxylic acid derivatives; Carboxylic acid esters; Carbonyl compounds; Benzene and substituted derivatives; Phenol ethers; Benzenoids; Organic oxides; Methoxybenzenes; Oxacyclic compounds; Hydrocarbon derivatives; Organic oxygen compounds; 1-hydroxy-2-unsubstituted benzenoids; 1-hydroxy-4-unsubstituted benzenoids; Phenoxy compounds; Chemical entities
FT_1.369_497.25494,no name,C29H38O7,L3.2,yes,C29H38O7,[M - H]-,C29H38O7,Polyketides,0.6502029895782471,Meroterpenoids,0.5211228132247925,Tetraketide meroterpenoids,0.5466138124465942,Hydroxybenzaldehydes,0.8605161905288696,Aldehydes,0.7819210290908813,Carbonyl compounds,0.9689462780952454,Organooxygen compounds,0.9999927282333374,Organic oxygen compounds,0.9999738931655884,Organic compounds; Lipids and lipid-like molecules; Ketones; Aldehydes; Alcohols and polyols; Phenols; Organic acids and derivatives; Benzoyl derivatives; Organooxygen compounds; Benzaldehydes; Carbonyl compounds; Benzenoids; Aryl-aldehydes; Cyclic ketones; Vinylogous acids; Organic oxides; Hydroxybenzaldehydes; Oxacyclic compounds; Hydrocarbon derivatives; Organic oxygen compounds; Chemical entities
FT_1.373_477.15607,no name,C27H26O8,L3.2,yes,C27H26O8,[M - H]-,C27H26O8,Shikimates and Phenylpropanoids,0.5561394095420837,Lignans,0.5143066644668579,Neolignans,0.4549115002155304,Hydroxybenzaldehydes,0.5294806361198425,Aldehydes,0.5488989353179932,Carbonyl compounds,0.7891882061958313,Organooxygen compounds,0.99996817111969,Organic oxygen compounds,0.9999085664749146,Organic compounds; Organoheterocyclic compounds; Ketones; Aldehydes; Alkyl aryl ethers; Phenols; Anisoles; Ethers; Organic acids and derivatives; Carboxylic acids and derivatives; Organooxygen compounds; Carboxylic acid derivatives; Carboxylic acid esters; Benzenediols; Benzaldehydes; Carbonyl compounds; Benzene and substituted derivatives; Phenol ethers; Benzenoids; Aryl-aldehydes; Vinylogous acids; Organic oxides; Hydroxybenzaldehydes; Oxacyclic compounds; Hydrocarbon derivatives; Organic oxygen compounds; Chemical entities
FT_1.378_487.27051,no name,C28H40O7,L3.2,yes,C28H40O7,[M - H]-,C28H40O7,Terpenoids,0.681250274181366,Meroterpenoids,0.8691371083259583,Tetraketide meroterpenoids,0.8362411856651306,Xanthenes,0.73335200548172,Dibenzopyrans,0.708286702632904,1-benzopyrans,0.5709505677223206,Benzopyrans,0.4980499744415283,Organoheterocyclic compounds,0.7527033686637878,Organic compounds; Organoheterocyclic compounds; Lipids and lipid-like molecules; Ketones; Alkyl aryl ethers; Alcohols and polyols; Phenols; Xanthenes; Ethers; Fatty acids and conjugates; Organic acids and derivatives; Carboxylic acids and derivatives; Organooxygen compounds; Hydroxy fatty acids; Carboxylic acids; Secondary alcohols; Carbonyl compounds; Benzenoids; Dibenzopyrans; 1-benzopyrans; Vinylogous acids; Fatty Acyls; Organic oxides; Oxacyclic compounds; Hydrocarbon derivatives; Organic oxygen compounds; Chemical entities
FT_1.379_411.21792,no name,C25H32O5,L3.2,yes,C25H32O5,[M - H]-,C25H32O5,Polyketides,0.6508841514587402,Meroterpenoids,0.7361178994178772,Tetraketide meroterpenoids,0.847537100315094,Methoxyphenols,0.512549877166748,NA,NA,Methoxyphenols,0.512549877166748,Phenols,0.916426718235016,Benzenoids,0.9986862540245056,Organic compounds; Ketones; Aldehydes; Alkyl aryl ethers; Phenols; Resorcinols; Anisoles; Methoxyphenols; Ethers; Organic acids and derivatives; Benzoyl derivatives; Organooxygen compounds; Toluenes; Monocarboxylic acids and derivatives; Cresols; Meta cresols; Benzenediols; Benzaldehydes; Carbonyl compounds; Benzene and substituted derivatives; Phenol ethers; Benzenoids; Aryl-aldehydes; Vinylogous acids; Organic oxides; Hydroxybenzaldehydes; Methoxybenzenes; Hydrocarbon derivatives; Organic oxygen compounds; 1-hydroxy-2-unsubstituted benzenoids; Phenoxy compounds; Chemical entities
FT_1.380_439.14010,no name,C24H24O8,L3.2,yes,C24H24O8,[M - H]-,C24H24O8,Polyketides,0.8186547756195068,Aromatic polyketides,0.8316234946250916,Depsidones,0.98511803150177,Depsides and depsidones,0.7116590738296509,NA,NA,NA,NA,Depsides and depsidones,0.7116590738296509,Phenylpropanoids and polyketides,0.5790377855300903,"Organic compounds; Organoheterocyclic compounds; Lactones; Alkyl aryl ethers; Phenols; Anisoles; Benzoic acids and derivatives; Ethers; Phenylpropanoids and polyketides; Organic acids and derivatives; Carboxylic acids and derivatives; Organooxygen compounds; Dicarboxylic acids and derivatives; Carboxylic acid derivatives; Carboxylic acids; Carboxylic acid esters; Hydroxybenzoic acid derivatives; Depsides and depsidones; Benzene and substituted derivatives; Phenol ethers; Benzenoids; Diarylethers; Dioxepines; 1,4-dioxepines; Vinylogous acids; Organic oxides; Oxacyclic compounds; Hydrocarbon derivatives; Organic oxygen compounds; 1-hydroxy-2-unsubstituted benzenoids; Chemical entities"
FT_1.381_485.25517,no name,C28H38O7,L3.2,yes,C28H38O7,[M - H]-,C28H38O7,Terpenoids,0.5443095564842224,Meroterpenoids,0.17968854308128357,Sorbicilinoids,0.21668462455272677,Cyclohexenones,0.6781487464904785,Ketones,0.9057297110557556,Carbonyl compounds,0.943321168422699,Organooxygen compounds,0.9999958276748656,Organic oxygen compounds,0.9999889135360718,Organic compounds; Lipids and lipid-like molecules; Ketones; Alcohols and polyols; Organic acids and derivatives; Organooxygen compounds; Cyclic alcohols and derivatives; Tertiary alcohols; Carbonyl compounds; Polyols; Cyclic ketones; Vinylogous acids; Organic oxides; Oxacyclic compounds; Hydrocarbon derivatives; Cyclohexenones; Organic oxygen compounds; Chemical entities
FT_1.393_371.15016,no name,C21H24O6,L3.2,yes,C21H24O6,[M - H]-,C21H24O6,Shikimates and Phenylpropanoids,0.6281271576881409,Diarylheptanoids,0.3774022161960602,Linear diarylheptanoids,0.47684869170188904,Tetrahydrofuran lignans,0.505810022354126,NA,NA,Tetrahydrofuran lignans,0.505810022354126,Furanoid lignans,0.6151459813117981,"Lignans, neolignans and related compounds",0.5267035365104675,"Organic compounds; Organoheterocyclic compounds; Lactones; Ketones; Alkyl aryl ethers; Phenols; Anisoles; Ethers; Organic acids and derivatives; Carboxylic acids and derivatives; Organooxygen compounds; Carboxylic acid derivatives; Monocarboxylic acids and derivatives; Carboxylic acid esters; Benzenediols; Lignans, neolignans and related compounds; Tetrahydrofuran lignans; Carbonyl compounds; Benzene and substituted derivatives; Phenol ethers; Benzenoids; Furanoid lignans; Organic oxides; Methoxybenzenes; Oxacyclic compounds; Hydrocarbon derivatives; Organic oxygen compounds; 1-hydroxy-2-unsubstituted benzenoids; 1-hydroxy-4-unsubstituted benzenoids; Phenoxy compounds; Chemical entities"
FT_1.394_423.14534,no name,C24H24O7,L3.2,yes,C24H24O7,[M - H]-,C24H24O7,Shikimates and Phenylpropanoids,0.5327925682067871,Lignans,0.5066099762916565,Linear diarylheptanoids,0.35346850752830505,1-hydroxy-2-unsubstituted benzenoids,0.7337388396263123,NA,NA,1-hydroxy-2-unsubstituted benzenoids,0.7337388396263123,Phenols,0.7209569215774536,Benzenoids,0.9751518368721008,Organic compounds; Organoheterocyclic compounds; Lactones; Ketones; Phenols; Ethers; Organic acids and derivatives; Carboxylic acids and derivatives; Organooxygen compounds; Dicarboxylic acids and derivatives; Carboxylic acid derivatives; Carboxylic acid esters; Carbonyl compounds; Benzene and substituted derivatives; Benzenoids; Organic oxides; Oxacyclic compounds; Hydrocarbon derivatives; Organic oxygen compounds; 1-hydroxy-2-unsubstituted benzenoids; 1-hydroxy-4-unsubstituted benzenoids; Chemical entities
FT_1.395_399.21801,no name,C24H32O5,L3.2,yes,C24H32O5,[M - H]-,C24H32O5,Polyketides,0.7441254258155823,Meroterpenoids,0.7920801043510437,Tetraketide meroterpenoids,0.8869503736495972,Hydroxybenzaldehydes,0.9197609424591064,Aldehydes,0.8790912628173828,Carbonyl compounds,0.9642643332481384,Organooxygen compounds,0.9999994039535522,Organic oxygen compounds,0.999997615814209,Organic compounds; Lipids and lipid-like molecules; Ketones; Aldehydes; Phenols; Resorcinols; Prenol lipids; Organic acids and derivatives; Benzoyl derivatives; Organooxygen compounds; Cresols; Meta cresols; Benzenediols; Benzaldehydes; Carbonyl compounds; Benzene and substituted derivatives; Benzenoids; Aryl-aldehydes; Vinylogous acids; Organic oxides; Hydroxybenzaldehydes; Hydrocarbon derivatives; Organic oxygen compounds; Chemical entities
FT_1.402_237.07710,no name,C12H14O5,L3.2,yes,C12H14O5,[M - H]-,C12H14O5,Shikimates and Phenylpropanoids,0.6218100786209106,Phenylpropanoids (C6-C3),0.3935511112213135,Cinnamic acids and derivatives,0.48022231459617615,1-hydroxy-2-unsubstituted benzenoids,0.65566253662109375,NA,NA,1-hydroxy-2-unsubstituted benzenoids,0.65566253662109375,Phenols,0.6702350974082947,Benzenoids,0.991292417049408,Organic compounds; Alcohols and polyols; Phenols; Phenylpropanoids and polyketides; Organic acids and derivatives; Carboxylic acids and derivatives; Primary alcohols; Organooxygen compounds; Monocarboxylic acids and derivatives; Secondary alcohols; Carbonyl compounds; Benzene and substituted derivatives; Polyols; Benzenoids; Organic oxides; Hydrocarbon derivatives; Organic oxygen compounds; 1-hydroxy-2-unsubstituted benzenoids; Chemical entities
FT_1.403_469.15056,no name,C25H26O9,L3.2,yes,C25H26O9,[M - H]-,C25H26O9,Terpenoids,0.659906268119812,Triterpenoids,0.5678738951683044,Limonoids,0.5970786213874817,Naphthopyrans,0.6524888873100281,NA,NA,NA,NA,Naphthopyrans,0.6524888873100281,Organoheterocyclic compounds,0.970099687576294,Organic compounds; Organoheterocyclic compounds; Naphthalenes; Lactones; Furans; Pyrans; Ketones; Alcohols and polyols; Ethers; Organic acids and derivatives; Carboxylic acids and derivatives; Organooxygen compounds; Dicarboxylic acids and derivatives; Carboxylic acid derivatives; Carboxylic acid esters; Delta valerolactones; Cyclic alcohols and derivatives; Naphthopyrans; Secondary alcohols; Carbonyl compounds; Benzenoids; Organic oxides; Oxacyclic compounds; Hydrocarbon derivatives; Organic oxygen compounds; Chemical entities
FT_1.407_395.15012,no name,C23H24O6,L3.2,yes,C23H24O6,[M - H]-,C23H24O6,Shikimates and Phenylpropanoids,0.6818709969520569,Diphenyl ethers (DPEs),0.34150347113609314,Isoflavanones,0.3899019658565521,Hydroxycinnamic acids and derivatives,0.5666754841804504,NA,NA,Hydroxycinnamic acids and derivatives,0.5666754841804504,Cinnamic acids and derivatives,0.5427526235580444,Phenylpropanoids and polyketides,0.8345297574996948,Organic compounds; Styrenes; Ketones; Alkyl aryl ethers; Phenols; Anisoles; Methoxyphenols; Ethers; Phenylpropanoids and polyketides; Organic acids and derivatives; Carboxylic acids and derivatives; Organooxygen compounds; Cinnamic acids and derivatives; Hydroxycinnamic acids and derivatives; Carbonyl compounds; Benzene and substituted derivatives; Phenol ethers; Benzenoids; Vinylogous acids; Organic oxides; Methoxybenzenes; Oxacyclic compounds; Hydrocarbon derivatives; Organic oxygen compounds; 1-hydroxy-2-unsubstituted benzenoids; 1-hydroxy-4-unsubstituted benzenoids; Phenoxy compounds; Chemical entities
FT_1.408_481.15076,no name,C26H26O9,L3.2,yes,C26H26O9,[M - H]-,C26H26O9,Polyketides,0.5804545879364014,Xanthones,0.5426544547080994,Methyl xanthones,0.48487281799316406,Chromones,0.5744667053222656,Chromones,0.5744667053222656,1-benzopyrans,0.6202263832092285,Benzopyrans,0.6109210252761841,Organoheterocyclic compounds,0.9506669044494628,Organic compounds; Organoheterocyclic compounds; Pyrans; Benzopyrans; Alkyl aryl ethers; Alcohols and polyols; Phenols; Anisoles; Chromones; Ethers; Phenylpropanoids and polyketides; Organic acids and derivatives; Carboxylic acids and derivatives; Organooxygen compounds; Carboxylic acid derivatives; Carboxylic acid esters; Acetals; Carbonyl compounds; Benzene and substituted derivatives; Phenol ethers; Benzenoids; 1-benzopyrans; Vinylogous acids; Organic oxides; Oxacyclic compounds; Heteroaromatic compounds; Hydrocarbon derivatives; Organic oxygen compounds; 1-hydroxy-2-unsubstituted benzenoids; Chemical entities
FT_1.413_417.22861,no name,C24H34O6,L3.2,yes,C24H34O6,[M - H]-,C24H34O6,Polyketides,0.5737735033035278,Aromatic polyketides,0.19550921022892,Tetraketide meroterpenoids,0.4593636691570282,Hydroxycinnamic acids and derivatives,0.6149645447731018,NA,NA,Hydroxycinnamic acids and derivatives,0.6149645447731018,Cinnamic acids and derivatives,0.6689283847808838,Phenylpropanoids and polyketides,0.8311299085617065,Organic compounds; Lipids and lipid-like molecules; Styrenes; Lactones; Alkyl aryl ethers; Phenols; Anisoles; Ethers; Phenylpropanoids and polyketides; Organic acids and derivatives; Carboxylic acids and derivatives; Organooxygen compounds; Dicarboxylic acids and derivatives; Cinnamic acids and derivatives; Carboxylic acid derivatives; Monocarboxylic acids and derivatives; Carboxylic acid esters; Hydroxycinnamic acids and derivatives; Carbonyl compounds; Benzene and substituted derivatives; Phenol ethers; Benzenoids; Fatty Acyls; Organic oxides; Methoxybenzenes; Oxacyclic compounds; Hydrocarbon derivatives; Organic oxygen compounds; 1-hydroxy-2-unsubstituted benzenoids; Phenoxy compounds; Chemical entities
FT_1.419_265.10821,no name,C14H18O5,L3.2,yes,C14H18O5,[M - H]-,C14H18O5,Shikimates and Phenylpropanoids,0.6198127865791321,Phenylpropanoids (C6-C3),0.6557478308677673,Cinnamic acids and derivatives,0.7214716076850891,Coumaric acids and derivatives,0.593136727809906,Coumaric acids and derivatives,0.593136727809906,Hydroxycinnamic acids and derivatives,0.6643401980400085,Cinnamic acids and derivatives,0.6490411758422852,Phenylpropanoids and polyketides,0.7778263092041016,Organic compounds; Styrenes; Coumaric acids and derivatives; Alkyl aryl ethers; Alcohols and polyols; Phenols; Anisoles; Ethers; Phenylpropanoids and polyketides; Organic acids and derivatives; Carboxylic acids and derivatives; Organooxygen compounds; Cinnamic acids and derivatives; Hydroxycinnamic acids and derivatives; Carbonyl compounds; Benzene and substituted derivatives; Phenol ethers; Benzenoids; Organic oxides; Methoxybenzenes; Hydrocarbon derivatives; Organic oxygen compounds; Phenoxy compounds; Chemical entities
FT_1.422_415.24924,no name,C25H36O5,L3.2,yes,C25H36O5,[M - H]-,C25H36O5,Terpenoids,0.6468081474304199,Diterpenoids,0.400995671749115,Tetraketide meroterpenoids,0.301652193069458,Dicarboxylic acids and derivatives,0.6607769131660461,NA,NA,Dicarboxylic acids and derivatives,0.6607769131660461,Carboxylic acids and derivatives,0.8576701283454895,Organic acids and derivatives,0.961075246334076,Organic compounds; Lipids and lipid-like molecules; Alcohols and polyols; Organic acids and derivatives; Carboxylic acids and derivatives; Organooxygen compounds; Dicarboxylic acids and derivatives; Carboxylic acids; Carboxylic acid esters; Tertiary alcohols; Carbonyl compounds; Organic oxides; Hydrocarbon derivatives; Organic oxygen compounds; Chemical entities
FT_1.433_431.13514,no name,C22H24O9,L3.2,yes,C22H24O9,[M - H]-,C22H24O9,Polyketides,0.78714919090271,Aromatic polyketides,0.7517093420028687,Depsidones,0.7291386127471924,Depsides and depsidones,0.5917075872421265,NA,NA,NA,NA,Depsides and depsidones,0.5917075872421265,Phenylpropanoids and polyketides,0.4772546589374542,"Organic compounds; Organoheterocyclic compounds; Lactones; Alkyl aryl ethers; Phenols; Anisoles; Benzoic acids and derivatives; Ethers; Organic acids and derivatives; Carboxylic acids and derivatives; Benzoyl derivatives; Organooxygen compounds; Dicarboxylic acids and derivatives; Salicylic acid and derivatives; Carboxylic acid derivatives; Carboxylic acid esters; Hydroxybenzoic acid derivatives; Cresols; Meta cresols; Benzoic acid esters; Depsides and depsidones; Phthalides; Benzene and substituted derivatives; Phenol ethers; Methoxybenzoic acids and derivatives; Benzenoids; Diarylethers; Dioxepines; 1,4-dioxepines; Isobenzofuranones; Vinylogous acids; Organic oxides; Oxacyclic compounds; Hydrocarbon derivatives; Isocoumarans; Organic oxygen compounds; 1-hydroxy-2-unsubstituted benzenoids; o-Hydroxybenzoic acid esters; p-Hydroxybenzoic acid esters; Chemical entities"
FT_1.434_279.12386,no name,C15H20O5,L3.2,yes,C15H20O5,[M - H]-,C15H20O5,Polyketides,0.642890989780426,Macrolides,0.6114673614501953,Isocoumarins,0.7090814709663391,2-benzopyrans,0.7118537425994873,NA,NA,2-benzopyrans,0.7118537425994873,Benzopyrans,0.4883209764957428,Organoheterocyclic compounds,0.9445434212684632,Organic compounds; Organoheterocyclic compounds; Lactones; Ketones; Phenols; Anisoles; Ethers; Organic acids and derivatives; Carboxylic acids and derivatives; Organooxygen compounds; Carboxylic acid derivatives; Monocarboxylic acids and derivatives; Carboxylic acid esters; Carbonyl compounds; Benzene and substituted derivatives; Benzenoids; 2-benzopyrans; Aryl ketones; Aryl alkyl ketones; Vinylogous acids; Organic oxides; Oxacyclic compounds; Hydrocarbon derivatives; Organic oxygen compounds; 1-hydroxy-2-unsubstituted benzenoids; 1-hydroxy-4-unsubstituted benzenoids; Chemical entities
FT_1.437_293.10315,no name,C15H18O6,L3.2,yes,C15H18O6,[M - H]-,C15H18O6,Polyketides,0.6299927234649658,Chromanes,0.7153434157371521,Azaphilones,0.8103414177894592,2-benzopyrans,0.7811384201049805,NA,NA,2-benzopyrans,0.7811384201049805,Benzopyrans,0.7476856112480164,Organoheterocyclic compounds,0.97128164768219,Organic compounds; Organoheterocyclic compounds; Lactones; Ketones; Benzopyrans; Alcohols and polyols; Phenols; Ethers; Organic acids and derivatives; Carboxylic acids and derivatives; Organooxygen compounds; Carboxylic acid derivatives; Monocarboxylic acids and derivatives; Carboxylic acid esters; Hydroxybenzoic acid derivatives; Secondary alcohols; Carbonyl compounds; Benzenoids; 2-benzopyrans; Aryl ketones; Vinylogous acids; Organic oxides; Oxacyclic compounds; Hydrocarbon derivatives; Organic oxygen compounds; 1-hydroxy-2-unsubstituted benzenoids; 1-hydroxy-4-unsubstituted benzenoids; Chemical entities
FT_1.439_411.10866,no name,C22H20O8,L3.2,yes,C22H20O8,[M - H]-,C22H20O8,Shikimates and Phenylpropanoids,0.563575804233551,Coumarins,0.12912492454051971,Neolignans,0.13795627653598783,Hydroxycinnamic acids and derivatives,0.5012273788452148,NA,NA,Hydroxycinnamic acids and derivatives,0.5012273788452148,Cinnamic acids and derivatives,0.33934736251831055,Phenylpropanoids and polyketides,0.5564872026443481,Organic compounds; Organoheterocyclic compounds; Styrenes; Ketones; Benzopyrans; Alkyl aryl ethers; Phenols; Anisoles; Methoxyphenols; Ethers; Phenylpropanoids and polyketides; Organic acids and derivatives; Carboxylic acids and derivatives; Organooxygen compounds; Hydroxycinnamic acids and derivatives; Carbonyl compounds; Benzene and substituted derivatives; Phenol ethers; Benzenoids; 1-benzopyrans; Vinylogous acids; Organic oxides; Methoxybenzenes; Oxacyclic compounds; Hydrocarbon derivatives; Organic oxygen compounds; 1-hydroxy-2-unsubstituted benzenoids; 1-hydroxy-4-unsubstituted benzenoids; Phenoxy compounds; Chemical entities
FT_1.439_497.14564,no name,C26H26O10,L3.2,yes,C26H26O10,[M - H]-,C26H26O10,Polyketides,0.6023714542388916,Aromatic polyketides,0.5941845774650574,Depsides,0.4102727174758911,Hydroxycinnamic acids and derivatives,0.5342280864715576,NA,NA,Hydroxycinnamic acids and derivatives,0.5342280864715576,Cinnamic acids and derivatives,0.4007823169231415,Phenylpropanoids and polyketides,0.7115545868873596,Organic compounds; Organoheterocyclic compounds; Styrenes; Lactones; Alkyl aryl ethers; Phenols; Anisoles; Ethers; Phenylpropanoids and polyketides; Organic acids and derivatives; Carboxylic acids and derivatives; Organooxygen compounds; Dicarboxylic acids and derivatives; Carboxylic acid derivatives; Carboxylic acids; Carboxylic acid esters; Hydroxycinnamic acids and derivatives; Carbonyl compounds; Benzene and substituted derivatives; Phenol ethers; Benzenoids; Vinylogous acids; Organic oxides; Oxacyclic compounds; Hydrocarbon derivatives; Organic oxygen compounds; 1-hydroxy-2-unsubstituted benzenoids; 1-hydroxy-4-unsubstituted benzenoids; Chemical entities
FT_1.446_497.18158,no name,C27H30O9,L3.2,yes,C27H30O9,[M - H]-,C27H30O9,Shikimates and Phenylpropanoids,0.5647674798965454,Lignans,0.3712970912456513,Neolignans,0.3526698052883148,1-benzopyrans,0.578890860080719,NA,NA,1-benzopyrans,0.578890860080719,Benzopyrans,0.644370973110199,Organoheterocyclic compounds,0.9073947668075562,"Organic compounds; Organoheterocyclic compounds; Lipids and lipid-like molecules; Styrenes; Lactones; Pyrans; Benzopyrans; Alkyl aryl ethers; Phenols; Ethers; Phenylpropanoids and polyketides; Organic acids and derivatives; Carboxylic acids and derivatives; Organooxygen compounds; Fatty acid esters; Carboxylic acid derivatives; Carboxylic acid esters; Carbonyl compounds; Benzene and substituted derivatives; Benzenoids; 1-benzopyrans; Enoate esters; Alpha,beta-unsaturated carboxylic esters; Fatty Acyls; Organic oxides; Oxacyclic compounds; Hydrocarbon derivatives; Organic oxygen compounds; 1-hydroxy-2-unsubstituted benzenoids; Chemical entities"
FT_1.451_441.11948,no name,C19H26O5P2,L3.2,yes,C19H26O5P2,[M + CH2O2 - H]-,C20H28O7P2,Terpenoids,0.5806220769882202,Sesquiterpenoids,0.39764735102653503,Estrane steroids,0.10906025022268297,Benzenoids,0.5141226053237915,NA,NA,NA,NA,NA,NA,Benzenoids,0.5141226053237915,Organic compounds; Organooxygen compounds; Organophosphorus compounds; Carbonyl compounds; Benzenoids; Organic oxides; Hydrocarbon derivatives; Organic oxygen compounds; Chemical entities
FT_1.455_221.04562,no name,C11H10O5,L3.2,yes,C11H10O5,[M - H]-,C11H10O5,Polyketides,0.5553711652755737,Coumarins,0.5986117720603943,Isocoumarins,0.6155018210411072,2-benzopyrans,0.5158573985099792,NA,NA,2-benzopyrans,0.5158573985099792,Benzopyrans,0.7009908556938171,Organoheterocyclic compounds,0.9371724128723145,Organic compounds; Organoheterocyclic compounds; Lactones; Benzopyrans; Alkyl aryl ethers; Phenols; Ethers; Organic acids and derivatives; Carboxylic acids and derivatives; Organooxygen compounds; Monocarboxylic acids and derivatives; Benzenoids; 2-benzopyrans; Vinylogous acids; Organic oxides; Oxacyclic compounds; Hydrocarbon derivatives; Organic oxygen compounds; 1-hydroxy-2-unsubstituted benzenoids; Chemical entities
FT_1.458_253.14459,no name,C13H20O2,L3.2,yes,C13H20O2,[M + CH2O2 - H]-,C14H22O4,Terpenoids,0.7425835132598877,Monoterpenoids,0.7445319890975952,Menthane monoterpenoids,0.69670569896698,Monocyclic monoterpenoids,0.6220552325248718,Monocyclic monoterpenoids,0.6220552325248718,Monoterpenoids,0.6805590987205505,Prenol lipids,0.6849473118782043,Lipids and lipid-like molecules,0.6925863027572632,Organic compounds; Lipids and lipid-like molecules; Prenol lipids; Organooxygen compounds; Monoterpenoids; Monocyclic monoterpenoids; Carbonyl compounds; Benzene and substituted derivatives; Benzenoids; Phenylpropanes; Organic oxides; Hydrocarbon derivatives; Organic oxygen compounds; Chemical entities
FT_1.466_411.14501,no name,C23H24O7,L3.2,yes,C23H24O7,[M - H]-,C23H24O7,Terpenoids,0.6693766713142395,Triterpenoids,0.33101925253868103,Limonoids,0.36207297444343567,1-hydroxy-2-unsubstituted benzenoids,0.613903284072876,NA,NA,1-hydroxy-2-unsubstituted benzenoids,0.613903284072876,Phenols,0.5856743454933167,Benzenoids,0.6951935887336731,Organic compounds; Organoheterocyclic compounds; Lactones; Ketones; Phenols; Ethers; Organic acids and derivatives; Carboxylic acids and derivatives; Organooxygen compounds; Dicarboxylic acids and derivatives; Carboxylic acid derivatives; Carboxylic acid esters; Carbonyl compounds; Benzenoids; Organic oxides; Oxacyclic compounds; Hydrocarbon derivatives; Organic oxygen compounds; 1-hydroxy-2-unsubstituted benzenoids; Chemical entities
FT_1.475_337.09346,no name,C15H16O6,L3.2,yes,C15H16O6,[M + CH2O2 - H]-,C16H18O8,Polyketides,0.7503509521484375,Macrolides,0.7249286770820618,Zearalenones,0.8883088827133179,Macrolides and analogues,0.5105887055397034,NA,NA,NA,NA,Macrolides and analogues,0.5105887055397034,Phenylpropanoids and polyketides,0.2980200946331024,Organic compounds; Organoheterocyclic compounds; Lactones; Ketones; Benzopyrans; Alcohols and polyols; Phenols; Macrolides and analogues; Ethers; Organic acids and derivatives; Carboxylic acids and derivatives; Organooxygen compounds; Carboxylic acid derivatives; Monocarboxylic acids and derivatives; Carboxylic acid esters; Carbonyl compounds; Benzenoids; Cyclic ketones; Vinylogous acids; Organic oxides; Oxacyclic compounds; Hydrocarbon derivatives; Organic oxygen compounds; 1-hydroxy-2-unsubstituted benzenoids; 1-hydroxy-4-unsubstituted benzenoids; Chemical entities
FT_1.475_487.16140,no name,C26H24N4O6,L3.2,yes,C26H24N4O6,[M - H]-,C26H24N4O6,Alkaloids,0.6766169667243958,Tryptophan alkaloids,0.16598086059093475,Imidazole alkaloids,0.12280388921499252,Diarylethers,0.5577268600463867,Diarylethers,0.5577268600463867,Ethers,0.8963629007339478,Organooxygen compounds,0.9999868869781494,Organic oxygen compounds,0.9999908208847046,Organic compounds; Organoheterocyclic compounds; Alkyl aryl ethers; Ethers; Organic acids and derivatives; Carboxylic acids and derivatives; Organonitrogen compounds; Organooxygen compounds; Azoles; Carboxylic acid derivatives; Carboxylic acids; Carbonyl compounds; Benzene and substituted derivatives; Phenol ethers; Benzenoids; Diarylethers; Organic oxides; Azacyclic compounds; Heteroaromatic compounds; Hydrocarbon derivatives; Organopnictogen compounds; Organic oxygen compounds; Organic nitrogen compounds; Phenoxy compounds; Chemical entities
FT_1.478_425.12450,no name,C23H22O8,L3.2,yes,C23H22O8,[M - H]-,C23H22O8,Shikimates and Phenylpropanoids,0.6934278011322021,Isoflavonoids,0.5856278538703918,Rotenoids,0.5985618829727173,8-prenylated isoflavanones,0.5011076331138611,Isoflavanones,0.5876161456108093,Isoflavans,0.44464826583862305,Isoflavonoids,0.5325837135314941,Phenylpropanoids and polyketides,0.7482064366340637,Organic compounds; Organoheterocyclic compounds; Ketones; Benzopyrans; Alkyl aryl ethers; Phenols; Anisoles; Chromones; Ethers; Phenylpropanoids and polyketides; Organic acids and derivatives; Organooxygen compounds; Isoflavanones; Carbonyl compounds; Benzene and substituted derivatives; Phenol ethers; Benzenoids; Isoflavonoids; 1-benzopyrans; 8-prenylated isoflavanones; Aryl ketones; Aryl alkyl ketones; Vinylogous acids; Organic oxides; Oxacyclic compounds; Heteroaromatic compounds; Hydrocarbon derivatives; Organic oxygen compounds; 1-hydroxy-2-unsubstituted benzenoids; Chemical entities
FT_1.479_269.13945,no name,C14H22O5,L3.2,yes,C14H22O5,[M - H]-,C14H22O5,Fatty acids,0.5637484788894653,Macrolides,0.4338228702545166,Macrolide lactones,0.6173571944236755,Branched fatty acids,0.5518473982810974,Branched fatty acids,0.5518473982810974,Fatty acids and conjugates,0.585556149482727,Fatty Acyls,0.6792914867401123,Lipids and lipid-like molecules,0.7434511780738831,Organic compounds; Lipids and lipid-like molecules; Alcohols and polyols; Fatty acids and conjugates; Organic acids and derivatives; Carboxylic acids and derivatives; Organooxygen compounds; Branched fatty acids; Unsaturated fatty acids; Hydroxy fatty acids; Monocarboxylic acids and derivatives; Carboxylic acids; Secondary alcohols; Carbonyl compounds; Fatty Acyls; Organic oxides; Hydrocarbon derivatives; Organic oxygen compounds; Chemical entities
FT_1.482_405.22850,no name,C23H34O6,L3.2,yes,C23H34O6,[M - H]-,C23H34O6,Terpenoids,0.7023927569389343,Diterpenoids,0.3257564306259155,Tetraketide meroterpenoids,0.3757472336292267,Dicarboxylic acids and derivatives,0.5710437297821045,NA,NA,Dicarboxylic acids and derivatives,0.5710437297821045,Carboxylic acids and derivatives,0.97771155834198,Organic acids and derivatives,0.9848657846450806,Organic compounds; Lipids and lipid-like molecules; Alcohols and polyols; Organic acids and derivatives; Carboxylic acids and derivatives; Organooxygen compounds; Dicarboxylic acids and derivatives; Carboxylic acid derivatives; Monocarboxylic acids and derivatives; Carboxylic acid esters; Secondary alcohols; Carbonyl compounds; Organic oxides; Hydrocarbon derivatives; Organic oxygen compounds; Chemical entities
FT_1.488_519.26008,no name,C28H40O9,L3.2,yes,C28H40O9,[M - H]-,C28H40O9,Terpenoids,0.7625219821929932,Triterpenoids,0.642320990562439,Tetraketide meroterpenoids,0.6022951602935791,Oxepanes,0.540926992893219,NA,NA,NA,NA,Oxepanes,0.540926992893219,Organoheterocyclic compounds,0.7779366970062256,Organic compounds; Organoheterocyclic compounds; Lipids and lipid-like molecules; Lactones; Pyrans; Ketones; Alcohols and polyols; Ethers; Prenol lipids; Organic acids and derivatives; Carboxylic acids and derivatives; Organooxygen compounds; Carboxylic acid derivatives; Carboxylic acid esters; Cyclic alcohols and derivatives; Secondary alcohols; Tertiary alcohols; Oxepanes; Carbonyl compounds; Oxanes; Benzenoids; Organic oxides; Oxacyclic compounds; Hydrocarbon derivatives; Organic oxygen compounds; Chemical entities
FT_1.511_200.97954,no name,C7H7O3PS,L3.2,yes,C7H7O3PS,[M - H]-,C7H7O3PS,Shikimates and Phenylpropanoids,0.7358046174049377,Phenolic acids (C6-C1),0.6729960441589355,Simple phenolic acids,0.6771662831306458,1-hydroxy-2-unsubstituted benzenoids,0.7036772966384888,NA,NA,1-hydroxy-2-unsubstituted benzenoids,0.7036772966384888,Phenols,0.5999342203140259,Benzenoids,0.9994068145751952,Organic compounds; Phenols; Organooxygen compounds; Benzene and substituted derivatives; Benzenoids; Organic oxides; Hydrocarbon derivatives; Organic oxygen compounds; 1-hydroxy-2-unsubstituted benzenoids; Chemical entities
FT_1.530_293.06676,no name,C14H14O7,L3.2,yes,C14H14O7,[M - H]-,C14H14O7,Shikimates and Phenylpropanoids,0.5507329702377319,Coumarins,0.31513532996177673,Phthalide derivatives,0.415176123380661,Hydroxybenzoic acid derivatives,0.6253839135169983,Hydroxybenzoic acid derivatives,0.6253839135169983,Benzoic acids and derivatives,0.6579013466835022,Benzene and substituted derivatives,0.8541759848594666,Benzenoids,0.9558027982711792,Organic compounds; Alkyl aryl ethers; Phenols; Anisoles; Benzoic acids and derivatives; Ethers; Organic acids and derivatives; Carboxylic acids and derivatives; Organooxygen compounds; Carboxylic acid derivatives; Carboxylic acids; Carboxylic acid esters; Hydroxybenzoic acid derivatives; Carbonyl compounds; Benzene and substituted derivatives; Phenol ethers; Benzenoids; Vinylogous acids; Organic oxides; Oxacyclic compounds; Hydrocarbon derivatives; Organic oxygen compounds; Chemical entities
FT_1.533_415.06742,no name,C20H16O10,L3.2,yes,C20H16O10,[M - H]-,C20H16O10,Polyketides,0.5496417284011841,Aromatic polyketides,0.6678102016448975,Depsides,0.6021746397018433,Depsides and depsidones,0.6541152000427246,NA,NA,NA,NA,Depsides and depsidones,0.6541152000427246,Phenylpropanoids and polyketides,0.795345664024353,Organic compounds; Aldehydes; Phenols; Catechols; Benzoic acids and derivatives; Phenylpropanoids and polyketides; Organic acids and derivatives; Carboxylic acids and derivatives; Benzoyl derivatives; Organooxygen compounds; Dicarboxylic acids and derivatives; Salicylic acid and derivatives; Carboxylic acid derivatives; Carboxylic acids; Carboxylic acid esters; Hydroxybenzoic acid derivatives; Benzenediols; Benzaldehydes; Benzoic acid esters; Depsides and depsidones; Carbonyl compounds; Benzene and substituted derivatives; Phenol esters; Benzenoids; Aryl-aldehydes; Vinylogous acids; Organic oxides; Hydroxybenzaldehydes; Hydrocarbon derivatives; Organic oxygen compounds; 1-hydroxy-2-unsubstituted benzenoids; 1-hydroxy-4-unsubstituted benzenoids; Chemical entities
FT_1.569_325.09309,no name,C15H18O8,L3.2,yes,C15H18O8,[M - H]-,C15H18O8,Shikimates and Phenylpropanoids,0.5195496678352356,Phenolic acids (C6-C1),0.20973627269268036,Picrotoxane sesquiterpenoids,0.462849885225296,1-hydroxy-2-unsubstituted benzenoids,0.562606930732727,NA,NA,1-hydroxy-2-unsubstituted benzenoids,0.562606930732727,Phenols,0.7006476521492004,Benzenoids,0.5490253567695618,Organic compounds; Organoheterocyclic compounds; Lactones; Alcohols and polyols; Phenols; Ethers; Organic acids and derivatives; Carboxylic acids and derivatives; Organooxygen compounds; Carboxylic acid derivatives; Monocarboxylic acids and derivatives; Carboxylic acid esters; Secondary alcohols; Carbonyl compounds; Polyols; Benzenoids; Organic oxides; Oxacyclic compounds; Hydrocarbon derivatives; Organic oxygen compounds; 1-hydroxy-2-unsubstituted benzenoids; Chemical entities
FT_1.579_513.17674,no name,C27H30O10,L3.2,yes,C27H30O10,[M - H]-,C27H30O10,Polyketides,0.6309247016906738,Coumarins,0.24504494667053223,Neolignans,0.4021433889865875,Benzopyrans,0.5854113698005676,NA,NA,NA,NA,Benzopyrans,0.5854113698005676,Organoheterocyclic compounds,0.8557939529418945,Organic compounds; Organoheterocyclic compounds; Lactones; Pyrans; Benzopyrans; Alkyl aryl ethers; Alcohols and polyols; Phenols; Anisoles; Ethers; Phenylpropanoids and polyketides; Organic acids and derivatives; Carboxylic acids and derivatives; Organooxygen compounds; Carboxylic acid derivatives; Carboxylic acid esters; Carbonyl compounds; Benzene and substituted derivatives; Phenol ethers; Benzenoids; Organic oxides; Oxacyclic compounds; Hydrocarbon derivatives; Organic oxygen compounds; 1-hydroxy-2-unsubstituted benzenoids; Chemical entities
FT_1.594_387.14517,no name,C21H24O7,L3.2,yes,C21H24O7,[M - H]-,C21H24O7,Polyketides,0.8195615410804749,Diphenyl ethers (DPEs),0.6958574652671814,Fungal DPEs,0.7721481919288635,Diarylethers,0.902316391468048,Diarylethers,0.902316391468048,Ethers,0.8290040493011475,Organooxygen compounds,0.9999997615814208,Organic oxygen compounds,0.9999988079071044,Organic compounds; Organoheterocyclic compounds; Lactones; Ketones; Alkyl aryl ethers; Phenols; Anisoles; Benzoic acids and derivatives; Ethers; Phenylpropanoids and polyketides; Organic acids and derivatives; Carboxylic acids and derivatives; Organooxygen compounds; Dicarboxylic acids and derivatives; Salicylic acid and derivatives; Carboxylic acid derivatives; Monocarboxylic acids and derivatives; Carboxylic acid esters; Hydroxybenzoic acid derivatives; Cresols; Meta cresols; Benzene and substituted derivatives; Phenol ethers; O-methoxybenzoic acids and derivatives; Benzenoids; Diarylethers; Vinylogous acids; Organic oxides; Oxacyclic compounds; Hydrocarbon derivatives; Organic oxygen compounds; 1-hydroxy-2-unsubstituted benzenoids; 1-hydroxy-4-unsubstituted benzenoids; Chemical entities
FT_1.613_283.11874,no name,C14H20O6,L3.2,yes,C14H20O6,[M - H]-,C14H20O6,Terpenoids,0.5573389530181885,Sesquiterpenoids,0.5302023887634277,Trichothecane sesquiterpenoids,0.5174035429954529,Lipids and lipid-like molecules,0.6132172346115112,NA,NA,NA,NA,NA,NA,Lipids and lipid-like molecules,0.6132172346115112,Organic compounds; Organoheterocyclic compounds; Lipids and lipid-like molecules; Alcohols and polyols; Ethers; Organic acids and derivatives; Carboxylic acids and derivatives; Organooxygen compounds; Carboxylic acids; Cyclic alcohols and derivatives; Secondary alcohols; Tertiary alcohols; Carbonyl compounds; Organic oxides; Oxacyclic compounds; Hydrocarbon derivatives; Organic oxygen compounds; Chemical entities
FT_1.624_297.06180,no name,C14H10N4O4,L3.2,yes,C14H10N4O4,[M - H]-,C14H10N4O4,Alkaloids,0.7204737067222595,Pseudoalkaloids,0.3065586984157562,pteridine alkaloids,0.4864582121372223,Pteridines and derivatives,0.7340695261955261,NA,NA,NA,NA,Pteridines and derivatives,0.7340695261955261,Organoheterocyclic compounds,0.9997732043266296,Organic compounds; Organoheterocyclic compounds; Pyrazines; Pyrimidines and pyrimidine derivatives; Pteridines and derivatives; Alcohols and polyols; Lactams; Organic acids and derivatives; Organonitrogen compounds; Pyrimidones; Organooxygen compounds; Azoles; Diazines; Secondary alcohols; Benzenoids; Vinylogous amides; Organic oxides; Azacyclic compounds; Heteroaromatic compounds; Hydrocarbon derivatives; Organopnictogen compounds; Organic oxygen compounds; Organic nitrogen compounds; Chemical entities
FT_1.646_513.14088,no name,C25H24O9,L3.2,yes,C25H24O9,[M + CH2O2 - H]-,C26H26O11,Polyketides,0.5524980425834656,Aromatic polyketides,0.5329831838607788,Depsidones,0.5896800756454468,Chromones,0.5449173450469971,Chromones,0.5449173450469971,1-benzopyrans,0.5798640847206116,Benzopyrans,0.6800816655158997,Organoheterocyclic compounds,0.9614046216011048,"Organic compounds; Organoheterocyclic compounds; Lactones; Pyrans; Ketones; Benzopyrans; Alkyl aryl ethers; Phenols; Anisoles; Chromones; Ethers; Phenylpropanoids and polyketides; Organic acids and derivatives; Carboxylic acids and derivatives; Organooxygen compounds; Dicarboxylic acids and derivatives; Carboxylic acid derivatives; Carboxylic acid esters; Carbonyl compounds; Benzene and substituted derivatives; Phenol ethers; Benzenoids; Dioxepines; 1,4-dioxepines; 1-benzopyrans; Vinylogous acids; Organic oxides; Oxacyclic compounds; Hydrocarbon derivatives; Organic oxygen compounds; 1-hydroxy-2-unsubstituted benzenoids; Chemical entities"
FT_1.654_313.09314,no name,C14H18O8,L3.2,yes,C14H18O8,[M - H]-,C14H18O8,Shikimates and Phenylpropanoids,0.5668602585792542,Chromanes,0.2946675717830658,Simple phenolic acids,0.4771990776062012,Benzoic acids and derivatives,0.5696190595626831,NA,NA,Benzoic acids and derivatives,0.5696190595626831,Benzene and substituted derivatives,0.8817075490951538,Benzenoids,0.9379818439483644,Organic compounds; Organoheterocyclic compounds; Carbohydrates and carbohydrate conjugates; Alcohols and polyols; Phenols; Benzoic acids and derivatives; Ethers; Organic acids and derivatives; Carboxylic acids and derivatives; Primary alcohols; Benzoyl derivatives; Organooxygen compounds; Monocarboxylic acids and derivatives; Monosaccharides; Secondary alcohols; Carbonyl compounds; Oxanes; Benzene and substituted derivatives; Polyols; Benzenoids; Vinylogous acids; Organic oxides; Oxacyclic compounds; Hydrocarbon derivatives; Organic oxygen compounds; Chemical entities
FT_1.657_255.08748,no name,C11H14O4,L3.2,yes,C11H14O4,[M + CH2O2 - H]-,C12H16O6,Shikimates and Phenylpropanoids,0.636477530002594,Phenylpropanoids (C6-C3),0.6597968339920044,Cinnamic acids and derivatives,0.6927971243858337,Methoxyphenols,0.5589937567710876,NA,NA,Methoxyphenols,0.5589937567710876,Phenols,0.779306173324585,Benzenoids,0.9985200762748718,Organic compounds; Styrenes; Alkyl aryl ethers; Alcohols and polyols; Phenols; Anisoles; Methoxyphenols; Ethers; Primary alcohols; Organooxygen compounds; Secondary alcohols; Benzene and substituted derivatives; Phenol ethers; Benzenoids; Cinnamyl alcohols; Methoxybenzenes; Hydrocarbon derivatives; Organic oxygen compounds; 1-hydroxy-2-unsubstituted benzenoids; Phenoxy compounds; Chemical entities
FT_1.659_257.10292,no name,C12H18O6,L3.2,yes,C12H18O6,[M - H]-,C12H18O6,Polyketides,0.5897058248519897,Chromanes,0.6359073519706726,Azaphilones,0.25171414017677307,Cyclohexenones,0.8184641003608704,Ketones,0.5833297371864319,Carbonyl compounds,0.7217192053794861,Organooxygen compounds,0.9999979734420776,Organic oxygen compounds,0.999991774559021,Organic compounds; Organoheterocyclic compounds; Ketones; Alcohols and polyols; Ethers; Primary alcohols; Organooxygen compounds; Dialkyl ethers; Secondary alcohols; Tertiary alcohols; Carbonyl compounds; Polyols; Cyclic ketones; Organic oxides; Oxacyclic compounds; Hydrocarbon derivatives; Cyclohexenones; Organic oxygen compounds; Chemical entities
FT_1.659_295.11873,no name,C14H18O4,L3.2,yes,C14H18O4,[M + CH2O2 - H]-,C15H20O6,Polyketides,0.5324013829231262,Meroterpenoids,0.25050491094589233,Merohemiterpenoids,0.4625592529773712,Benzopyrans,0.5346200466156006,NA,NA,NA,NA,Benzopyrans,0.5346200466156006,Organoheterocyclic compounds,0.523029088973999,Organic compounds; Organoheterocyclic compounds; Ketones; Benzopyrans; Alkyl aryl ethers; Alcohols and polyols; Phenols; Anisoles; Ethers; Organic acids and derivatives; Organooxygen compounds; Carbonyl compounds; Phenol ethers; Benzenoids; Aryl ketones; Aryl alkyl ketones; Organic oxides; Oxacyclic compounds; Hydrocarbon derivatives; Coumarans; Organic oxygen compounds; Chemical entities
FT_1.659_419.20802,no name,C23H32O7,L3.2,yes,C23H32O7,[M - H]-,C23H32O7,Polyketides,0.6247140765190125,Meroterpenoids,0.3733234703540802,Tetraketide meroterpenoids,0.3769179582595825,Lipids and lipid-like molecules,0.5421534180641174,NA,NA,NA,NA,NA,NA,Lipids and lipid-like molecules,0.5421534180641174,Organic compounds; Organoheterocyclic compounds; Lipids and lipid-like molecules; Lactones; Ketones; Alcohols and polyols; Ethers; Organic acids and derivatives; Carboxylic acids and derivatives; Organooxygen compounds; Carboxylic acid derivatives; Monocarboxylic acids and derivatives; Carboxylic acid esters; Cyclic alcohols and derivatives; Secondary alcohols; Tertiary alcohols; Carbonyl compounds; Organic oxides; Oxacyclic compounds; Hydrocarbon derivatives; Organic oxygen compounds; Chemical entities
FT_1.661_469.11485,no name,C24H22O10,L3.2,yes,C24H22O10,[M - H]-,C24H22O10,Shikimates and Phenylpropanoids,0.5351275205612183,Lignans,0.7152411341667175,Depsides,0.5976464748382568,Furanoid lignans,0.6210072636604309,NA,NA,NA,NA,Furanoid lignans,0.6210072636604309,"Lignans, neolignans and related compounds",0.5895406603813171,"Organic compounds; Alkyl aryl ethers; Phenols; Catechols; Anisoles; Benzoic acids and derivatives; Methoxyphenols; Ethers; Organic acids and derivatives; Carboxylic acids and derivatives; Benzoyl derivatives; Organooxygen compounds; Carboxylic acid derivatives; Carboxylic acid esters; Hydroxybenzoic acid derivatives; Cresols; Benzenediols; Benzoic acid esters; Lignans, neolignans and related compounds; Depsides and depsidones; Benzene and substituted derivatives; Phenol esters; Phenol ethers; Benzenoids; Furanoid lignans; Organic oxides; Methoxybenzenes; Oxacyclic compounds; Hydrocarbon derivatives; Organic oxygen compounds; 1-hydroxy-2-unsubstituted benzenoids; 1-hydroxy-4-unsubstituted benzenoids; o-Hydroxybenzoic acid esters; p-Hydroxybenzoic acid esters; Phenoxy compounds; Chemical entities"
FT_1.662_429.19233,no name,C24H30O7,L3.2,yes,C24H30O7,[M - H]-,C24H30O7,Terpenoids,0.6398361325263977,Triterpenoids,0.5527902841567993,Tetraketide meroterpenoids,0.4659329354763031,Naphthopyrans,0.5150259733200073,NA,NA,NA,NA,Naphthopyrans,0.5150259733200073,Organoheterocyclic compounds,0.8326076865196228,Organic compounds; Organoheterocyclic compounds; Lipids and lipid-like molecules; Lactones; Pyrans; Ketones; Alcohols and polyols; Organic acids and derivatives; Carboxylic acids and derivatives; Organooxygen compounds; Dicarboxylic acids and derivatives; Carboxylic acid derivatives; Carboxylic acid esters; Delta valerolactones; Cyclic alcohols and derivatives; Naphthopyrans; Carbonyl compounds; Benzenoids; Organic oxides; Oxacyclic compounds; Heteroaromatic compounds; Hydrocarbon derivatives; Organic oxygen compounds; Chemical entities
FT_1.664_363.10904,no name,C18H20O8,L3.2,yes,C18H20O8,[M - H]-,C18H20O8,Terpenoids,0.5199257731437683,Macrolides,0.537168562412262,Zearalenones,0.6562176942825317,1-hydroxy-2-unsubstituted benzenoids,0.8920310139656067,NA,NA,1-hydroxy-2-unsubstituted benzenoids,0.8920310139656067,Phenols,0.866169273853302,Benzenoids,0.5397893786430359,Organic compounds; Organoheterocyclic compounds; Lactones; Ketones; Alcohols and polyols; Phenols; Epoxides; Ethers; Organic acids and derivatives; Carboxylic acids and derivatives; Organooxygen compounds; Carboxylic acid derivatives; Monocarboxylic acids and derivatives; Dialkyl ethers; Carboxylic acid esters; Gamma butyrolactones; Cyclic alcohols and derivatives; Secondary alcohols; Tertiary alcohols; Carbonyl compounds; Benzenoids; Tetrahydrofurans; Vinylogous acids; Organic oxides; Oxacyclic compounds; Hydrocarbon derivatives; Organic oxygen compounds; 1-hydroxy-2-unsubstituted benzenoids; 1-hydroxy-4-unsubstituted benzenoids; Chemical entities
FT_1.664_447.20291,no name,C24H32O8,L3.2,yes,C24H32O8,[M - H]-,C24H32O8,Terpenoids,0.7645857334136963,Triterpenoids,0.4256262481212616,Quassinoids,0.39421039819717407,Benzene and substituted derivatives,0.5909218788146973,NA,NA,NA,NA,Benzene and substituted derivatives,0.5909218788146973,Benzenoids,0.8472713828086853,Organic compounds; Organoheterocyclic compounds; Lipids and lipid-like molecules; Lactones; Ketones; Alcohols and polyols; Ethers; Prenol lipids; Organic acids and derivatives; Carboxylic acids and derivatives; Organooxygen compounds; Carboxylic acid derivatives; Carboxylic acid esters; Cyclic alcohols and derivatives; Secondary alcohols; Carbonyl compounds; Oxanes; Benzene and substituted derivatives; Benzenoids; Organic oxides; Oxacyclic compounds; Hydrocarbon derivatives; Organic oxygen compounds; Chemical entities
FT_1.664_447.23921,no name,C25H36O7,L3.2,yes,C25H36O7,[M - H]-,C25H36O7,Polyketides,0.6486137509346008,Meroterpenoids,0.7201837301254272,Tetraketide meroterpenoids,0.7774385809898376,Benzenoids,0.6433840990066528,NA,NA,NA,NA,NA,NA,Benzenoids,0.6433840990066528,Organic compounds; Organoheterocyclic compounds; Lipids and lipid-like molecules; Ketones; Alcohols and polyols; Ethers; Organic acids and derivatives; Carboxylic acids and derivatives; Organooxygen compounds; Carboxylic acid derivatives; Carboxylic acids; Carboxylic acid esters; Secondary alcohols; Tertiary alcohols; Carbonyl compounds; Benzenoids; Fatty Acyls; Organic oxides; Oxacyclic compounds; Hydrocarbon derivatives; Organic oxygen compounds; Chemical entities
FT_1.665_317.10293,no name,C17H18O6,L3.2,yes,C17H18O6,[M - H]-,C17H18O6,Shikimates and Phenylpropanoids,0.531921923160553,Sesquiterpenoids,0.18163560330867767,Azaphilones,0.1189774125814438,Catechols,0.7356438040733337,Catechols,0.7356438040733337,Benzenediols,0.7390903830528259,Phenols,0.7494518160820007,Benzenoids,0.7933346629142761,Organic compounds; Organoheterocyclic compounds; Lactones; Ketones; Phenols; Catechols; Organic acids and derivatives; Carboxylic acids and derivatives; Organooxygen compounds; Benzenediols; Carbonyl compounds; Benzene and substituted derivatives; Benzenoids; Organic oxides; Oxacyclic compounds; Hydrocarbon derivatives; Organic oxygen compounds; 1-hydroxy-2-unsubstituted benzenoids; 1-hydroxy-4-unsubstituted benzenoids; Chemical entities
FT_1.665_353.08835,no name,C16H18O9,L3.2,yes,C16H18O9,[M - H]-,C16H18O9,Polyketides,0.5696896314620972,Flavonoids,0.5357648730278015,Anthraquinones and anthrones,0.4402162730693817,4'-hydroxyflavonoids,0.5376754403114319,4'-hydroxyflavonoids,0.5376754403114319,Hydroxyflavonoids,0.5203838348388672,Flavonoids,0.5544098019599915,Phenylpropanoids and polyketides,0.5470773577690125,Organic compounds; Organoheterocyclic compounds; Ketones; Benzopyrans; Alcohols and polyols; Phenols; Chromones; Ethers; Phenylpropanoids and polyketides; Organic acids and derivatives; Organooxygen compounds; Flavonoids; Flavans; Dialkyl ethers; Secondary alcohols; Carbonyl compounds; Benzene and substituted derivatives; Polyols; Benzenoids; 4'-hydroxyflavonoids; Hydroxyflavonoids; Aryl ketones; Vinylogous acids; Organic oxides; Oxacyclic compounds; Hydrocarbon derivatives; Organic oxygen compounds; 1-hydroxy-2-unsubstituted benzenoids; 1-hydroxy-4-unsubstituted benzenoids; Chemical entities
FT_1.665_455.17188,no name,C25H28O8,L3.2,yes,C25H28O8,[M - H]-,C25H28O8,Polyketides,0.6822347640991211,Aromatic polyketides,0.5712217688560486,Azaphilones,0.6514044404029846,1-hydroxy-2-unsubstituted benzenoids,0.7470393776893616,NA,NA,1-hydroxy-2-unsubstituted benzenoids,0.7470393776893616,Phenols,0.7271650433540344,Benzenoids,0.7352911829948425,Organic compounds; Organoheterocyclic compounds; Ketones; Phenols; Ethers; Organic acids and derivatives; Carboxylic acids and derivatives; Organooxygen compounds; Carboxylic acid derivatives; Carboxylic acid esters; Carbonyl compounds; Benzene and substituted derivatives; Benzenoids; Organic oxides; Oxacyclic compounds; Hydrocarbon derivatives; Organic oxygen compounds; 1-hydroxy-2-unsubstituted benzenoids; Chemical entities
FT_1.665_501.24932,no name,C28H38O8,L3.2,yes,C28H38O8,[M - H]-,C28H38O8,Terpenoids,0.6088436841964722,Meroterpenoids,0.5080122351646423,Tetraketide meroterpenoids,0.548355758190155,Steroids and steroid derivatives,0.5422706604003906,NA,NA,NA,NA,Steroids and steroid derivatives,0.5422706604003906,Lipids and lipid-like molecules,0.5815615057945251,Organic compounds; Lipids and lipid-like molecules; Ketones; Phenols; Steroids and steroid derivatives; Organic acids and derivatives; Carboxylic acids and derivatives; Organooxygen compounds; Dicarboxylic acids and derivatives; Carboxylic acid derivatives; Carboxylic acid esters; Carbonyl compounds; Benzene and substituted derivatives; Benzenoids; Organic oxides; Hydrocarbon derivatives; Organic oxygen compounds; 1-hydroxy-2-unsubstituted benzenoids; Chemical entities
FT_1.666_445.18754,no name,C24H30O8,L3.2,yes,C24H30O8,[M - H]-,C24H30O8,Polyketides,0.637634813785553,Diphenyl ethers (DPEs),0.49199163913726807,Fungal DPEs,0.489736944437027,1-hydroxy-2-unsubstituted benzenoids,0.5021185874938965,NA,NA,1-hydroxy-2-unsubstituted benzenoids,0.5021185874938965,Phenols,0.5178672671318054,Benzenoids,0.7549532651901245,Organic compounds; Organoheterocyclic compounds; Lactones; Ketones; Alcohols and polyols; Phenols; Ethers; Organic acids and derivatives; Carboxylic acids and derivatives; Organooxygen compounds; Dicarboxylic acids and derivatives; Carboxylic acid derivatives; Monocarboxylic acids and derivatives; Carboxylic acid esters; Carbonyl compounds; Benzenoids; Cyclic ketones; Organic oxides; Oxacyclic compounds; Hydrocarbon derivatives; Cyclohexenones; Organic oxygen compounds; 1-hydroxy-2-unsubstituted benzenoids; Chemical entities
FT_1.668_373.12969,no name,C20H22O7,L3.2,yes,C20H22O7,[M - H]-,C20H22O7,Polyketides,0.5846864581108093,Aromatic polyketides,0.22157739102840424,Depsidones,0.11564399302005768,1-hydroxy-2-unsubstituted benzenoids,0.7117245197296143,NA,NA,1-hydroxy-2-unsubstituted benzenoids,0.7117245197296143,Phenols,0.7085340619087219,Benzenoids,0.47409647703170776,Organic compounds; Organoheterocyclic compounds; Lactones; Alcohols and polyols; Phenols; Ethers; Organic acids and derivatives; Carboxylic acids and derivatives; Organooxygen compounds; Dicarboxylic acids and derivatives; Carboxylic acid derivatives; Carboxylic acid esters; Gamma butyrolactones; Cyclic alcohols and derivatives; Tertiary alcohols; Carbonyl compounds; Tetrahydrofurans; Organic oxides; Oxacyclic compounds; Hydrocarbon derivatives; Organic oxygen compounds; 1-hydroxy-2-unsubstituted benzenoids; Chemical entities
FT_1.668_379.14023,no name,C16H30O6P2,L3.2,yes,C16H30O6P2,[M - H]-,C16H30O6P2,Fatty acids,0.533263623714447,Fatty esters,0.31936806440353394,Wax monoesters,0.3981646001338959,Dialkyl alkylphosphonates,0.6383442282676697,Dialkyl alkylphosphonates,0.6383442282676697,Phosphonic acid diesters,0.8392909169197083,Organic phosphonic acids and derivatives,0.794619083404541,Organic acids and derivatives,0.9974496960639954,Organic compounds; Lipids and lipid-like molecules; Organic acids and derivatives; Organooxygen compounds; Organophosphorus compounds; Organic phosphonic acids and derivatives; Phosphonic acid esters; Phosphonic acid diesters; Organic oxides; Hydrocarbon derivatives; Dialkyl alkylphosphonates; Organic oxygen compounds; Chemical entities
FT_1.668_401.16104,no name,C22H26O7,L3.2,yes,C22H26O7,[M - H]-,C22H26O7,Terpenoids,0.5516430735588074,Diarylheptanoids,0.3774903118610382,Quassinoids,0.5101197361946106,Terpene lactones,0.5728181004524231,NA,NA,Terpene lactones,0.5728181004524231,Prenol lipids,0.325657457113266,Lipids and lipid-like molecules,0.3474676311016083,Organic compounds; Organoheterocyclic compounds; Lactones; Ketones; Alcohols and polyols; Phenols; Benzoic acids and derivatives; Ethers; Organic acids and derivatives; Carboxylic acids and derivatives; Organooxygen compounds; Carboxylic acid derivatives; Monocarboxylic acids and derivatives; Carboxylic acid esters; Terpene lactones; Cyclic alcohols and derivatives; Benzoic acid esters; Secondary alcohols; Tertiary alcohols; Carbonyl compounds; Benzene and substituted derivatives; Phenol ethers; Benzenoids; Cyclic ketones; Organic oxides; Oxacyclic compounds; Hydrocarbon derivatives; Cyclohexenones; Organic oxygen compounds; 1-hydroxy-2-unsubstituted benzenoids; Chemical entities
FT_1.668_415.10426,no name,C21H20O9,L3.2,yes,C21H20O9,[M - H]-,C21H20O9,Polyketides,0.6163120269775391,Aromatic polyketides,0.4915555715560913,Depsides,0.6071367263793945,1-benzopyrans,0.5690858960151672,NA,NA,1-benzopyrans,0.5690858960151672,Benzopyrans,0.6411061882972717,Organoheterocyclic compounds,0.6508869528770447,Organic compounds; Organoheterocyclic compounds; Pyrans; Benzopyrans; Alkyl aryl ethers; Phenols; Benzoic acids and derivatives; Ethers; Phenylpropanoids and polyketides; Organic acids and derivatives; Carboxylic acids and derivatives; Organooxygen compounds; Carboxylic acid derivatives; Carboxylic acids; Carboxylic acid esters; Benzenediols; Carbonyl compounds; Benzene and substituted derivatives; Benzenoids; 1-benzopyrans; Vinylogous acids; Organic oxides; Oxacyclic compounds; Hydrocarbon derivatives; Organic oxygen compounds; 1-hydroxy-2-unsubstituted benzenoids; 1-hydroxy-4-unsubstituted benzenoids; Chemical entities
FT_1.668_473.14544,no name,C24H26O10,L3.2,yes,C24H26O10,[M - H]-,C24H26O10,Polyketides,0.6882340312004089,Chromanes,0.6956954002380371,Azaphilones,0.7149986624717712,Methoxybenzoic acids and derivatives,0.5074405074119568,Methoxybenzoic acids and derivatives,0.5074405074119568,Benzoic acids and derivatives,0.904895544052124,Benzene and substituted derivatives,0.9195407629013062,Benzenoids,0.9785469174385072,Organic compounds; Organoheterocyclic compounds; Lactones; Pyrans; Ketones; Alkyl aryl ethers; Alcohols and polyols; Phenols; Anisoles; Benzoic acids and derivatives; Ethers; Organic acids and derivatives; Carboxylic acids and derivatives; Benzoyl derivatives; Organooxygen compounds; Dicarboxylic acids and derivatives; Carboxylic acid derivatives; Carboxylic acid esters; Hydroxybenzoic acid derivatives; Meta cresols; Benzoic acid esters; Secondary alcohols; Carbonyl compounds; Benzene and substituted derivatives; Phenol ethers; Methoxybenzoic acids and derivatives; Benzenoids; Cyclic ketones; Organic oxides; Oxacyclic compounds; Hydrocarbon derivatives; Organic oxygen compounds; 1-hydroxy-2-unsubstituted benzenoids; o-Hydroxybenzoic acid esters; p-Hydroxybenzoic acid esters; p-Hydroxybenzoic acid alkyl esters; Phenoxy compounds; Chemical entities
FT_1.668_483.13005,no name,C25H24O10,L3.2,yes,C25H24O10,[M - H]-,C25H24O10,Terpenoids,0.6499954462051392,Diterpenoids,0.6403098106384277,Secoabietane diterpenoids,0.26444050669670105,2-benzopyrans,0.5107672810554504,NA,NA,2-benzopyrans,0.5107672810554504,Benzopyrans,0.2776757478713989,Organoheterocyclic compounds,0.9654154777526855,Organic compounds; Organoheterocyclic compounds; Lipids and lipid-like molecules; Tetralins; Lactones; Ketones; Alcohols and polyols; Phenols; Organic acids and derivatives; Carboxylic acids and derivatives; Organooxygen compounds; Carboxylic acid derivatives; Carboxylic acid esters; Gamma butyrolactones; Carbonyl compounds; Benzenoids; Tetrahydrofurans; 2-benzopyrans; Vinylogous acids; Organic oxides; Oxacyclic compounds; Hydrocarbon derivatives; Organic oxygen compounds; 1-hydroxy-2-unsubstituted benzenoids; 1-hydroxy-4-unsubstituted benzenoids; Chemical entities
FT_1.669_319.11869,no name,C17H20O6,L3.2,yes,C17H20O6,[M - H]-,C17H20O6,Polyketides,0.8197401165962219,Cyclic polyketides,0.7264167666435242,Phthalide derivatives,0.8098347783088684,Benzopyrans,0.521105170249939,NA,NA,NA,NA,Benzopyrans,0.521105170249939,Organoheterocyclic compounds,0.9997487664222716,Organic compounds; Organoheterocyclic compounds; Lactones; Benzopyrans; Alkyl aryl ethers; Phenols; Ethers; Organic acids and derivatives; Carboxylic acids and derivatives; Organooxygen compounds; Dicarboxylic acids and derivatives; Carboxylic acid derivatives; Monocarboxylic acids and derivatives; Carboxylic acid esters; Carbonyl compounds; Phthalides; Benzenoids; Isobenzofuranones; Vinylogous acids; Organic oxides; Oxacyclic compounds; Hydrocarbon derivatives; Isocoumarans; Organic oxygen compounds; 1-hydroxy-2-unsubstituted benzenoids; 1-hydroxy-4-unsubstituted benzenoids; Chemical entities
FT_1.669_333.13436,no name,C18H22O6,L3.2,yes,C18H22O6,[M - H]-,C18H22O6,Polyketides,0.662423312664032,Chromanes,0.45437246561050415,Azaphilones,0.43344372510910034,Phenols,0.6009753942489624,NA,NA,NA,NA,Phenols,0.6009753942489624,Benzenoids,0.8792061805725098,Organic compounds; Organoheterocyclic compounds; Lactones; Ketones; Phenols; Ethers; Organic acids and derivatives; Carboxylic acids and derivatives; Organooxygen compounds; Carboxylic acid esters; Carbonyl compounds; Benzene and substituted derivatives; Benzenoids; Vinylogous acids; Organic oxides; Oxacyclic compounds; Hydrocarbon derivatives; Organic oxygen compounds; Chemical entities
FT_1.669_475.12491,no name,C22H22O9,L3.2,yes,C22H22O9,[M + CH2O2 - H]-,C23H24O11,Polyketides,0.5451235771179199,Coumarins,0.5121553540229797,Depsidones,0.23106932640075684,1-benzopyrans,0.6532216668128967,NA,NA,1-benzopyrans,0.6532216668128967,Benzopyrans,0.7415195107460022,Organoheterocyclic compounds,0.8557502031326294,Organic compounds; Organoheterocyclic compounds; Lactones; Pyrans; Benzopyrans; Alkyl aryl ethers; Alcohols and polyols; Phenols; Anisoles; Ethers; Phenylpropanoids and polyketides; Organic acids and derivatives; Carboxylic acids and derivatives; Organooxygen compounds; Pyranones and derivatives; Carboxylic acid derivatives; Monocarboxylic acids and derivatives; Carboxylic acid esters; Secondary alcohols; Tertiary alcohols; Carbonyl compounds; Benzene and substituted derivatives; Phenol ethers; Benzenoids; 1-benzopyrans; Vinylogous acids; Organic oxides; Oxacyclic compounds; Heteroaromatic compounds; Hydrocarbon derivatives; Organic oxygen compounds; 1-hydroxy-2-unsubstituted benzenoids; Chemical entities
FT_1.670_217.10742,no name,C10H18O5,L3.2,yes,C10H18O5,[M - H]-,C10H18O5,Shikimates and Phenylpropanoids,0.5988873839378357,Phenolic acids (C6-C1),0.6498167514801025,Shikimic acids and derivatives,0.5525661110877991,Cyclitols and derivatives,0.7181335687637329,Cyclic alcohols and derivatives,0.5785932540893555,Alcohols and polyols,0.9093273282051086,Organooxygen compounds,0.9999959468841552,Organic oxygen compounds,0.999988317489624,Organic compounds; Alcohols and polyols; Organic acids and derivatives; Carboxylic acids and derivatives; Organooxygen compounds; Monocarboxylic acids and derivatives; Carboxylic acids; Cyclic alcohols and derivatives; Secondary alcohols; Carbonyl compounds; Polyols; Cyclitols and derivatives; Organic oxides; Hydrocarbon derivatives; Organic oxygen compounds; Chemical entities
FT_1.670_429.15601,no name,C23H26O8,L3.2,yes,C23H26O8,[M - H]-,C23H26O8,Polyketides,0.898398756980896,Aromatic polyketides,0.7799681425094604,Depsidones,0.9024708271026612,Depsides and depsidones,0.6872726678848267,NA,NA,NA,NA,Depsides and depsidones,0.6872726678848267,Phenylpropanoids and polyketides,0.7147414088249207,"Organic compounds; Organoheterocyclic compounds; Lactones; Ketones; Alkyl aryl ethers; Phenols; Anisoles; Benzoic acids and derivatives; Ethers; Phenylpropanoids and polyketides; Organic acids and derivatives; Carboxylic acids and derivatives; Organooxygen compounds; Dicarboxylic acids and derivatives; Salicylic acid and derivatives; Carboxylic acid derivatives; Carboxylic acids; Carboxylic acid esters; Hydroxybenzoic acid derivatives; Cresols; Meta cresols; Benzoic acid esters; Depsides and depsidones; Carbonyl compounds; Benzene and substituted derivatives; Phenol ethers; O-methoxybenzoic acids and derivatives; Benzenoids; Diarylethers; Dioxepines; 1,4-dioxepines; Vinylogous acids; Organic oxides; Oxacyclic compounds; Hydrocarbon derivatives; Organic oxygen compounds; 1-hydroxy-2-unsubstituted benzenoids; 1-hydroxy-4-unsubstituted benzenoids; p-Hydroxybenzoic acid esters; p-Hydroxybenzoic acid alkyl esters; Chemical entities"
FT_1.670_459.20242,no name,C25H32O8,L3.2,yes,C25H32O8,[M - H]-,C25H32O8,Terpenoids,0.7345448732376099,Meroterpenoids,0.8075472116470337,Tetraketide meroterpenoids,0.801780641078949,Naphthopyrans,0.6554325222969055,NA,NA,NA,NA,Naphthopyrans,0.6554325222969055,Organoheterocyclic compounds,0.6632168292999268,Organic compounds; Organoheterocyclic compounds; Pyrans; Ketones; Alcohols and polyols; Phenols; Ethers; Organic acids and derivatives; Carboxylic acids and derivatives; Organooxygen compounds; Dicarboxylic acids and derivatives; Carboxylic acid derivatives; Carboxylic acid esters; Cyclic alcohols and derivatives; Naphthopyrans; Secondary alcohols; Tertiary alcohols; Carbonyl compounds; Oxanes; Benzenoids; Organic oxides; Oxacyclic compounds; Hydrocarbon derivatives; Organic oxygen compounds; Chemical entities
FT_1.670_475.12502,no name,C23H24O11,L3.2,yes,C23H24O11,[M - H]-,C23H24O11,Polyketides,0.5112059712409973,Lignans,0.22852596640586853,Depsides,0.298017293214798,Phenolic glycosides,0.5336410403251648,Glycosyl compounds,0.45874452590942383,Carbohydrates and carbohydrate conjugates,0.6181600093841553,Organooxygen compounds,0.999993085861206,Organic oxygen compounds,0.9999639987945556,Organic compounds; Organoheterocyclic compounds; Carbohydrates and carbohydrate conjugates; Lactones; Alkyl aryl ethers; Alcohols and polyols; Phenols; Anisoles; Ethers; Organic acids and derivatives; Carboxylic acids and derivatives; Organooxygen compounds; Carboxylic acid derivatives; Carboxylic acid esters; Monosaccharides; Acetals; Secondary alcohols; Carbonyl compounds; Phthalides; Oxanes; Benzene and substituted derivatives; Polyols; Phenol ethers; Benzenoids; Isobenzofuranones; Organic oxides; Oxacyclic compounds; Hydrocarbon derivatives; Phenolic glycosides; Isocoumarans; Organic oxygen compounds; 1-hydroxy-2-unsubstituted benzenoids; Chemical entities
FT_1.671_265.14448,no name,C15H22O4,L3.2,yes,C15H22O4,[M - H]-,C15H22O4,Polyketides,0.5604401230812073,Sesquiterpenoids,0.36893266439437866,Azaphilones,0.5391806364059448,Acyloins,0.6632088422775269,Acyloins,0.6632088422775269,Carbonyl compounds,0.894790768623352,Organooxygen compounds,0.9999966621398926,Organic oxygen compounds,0.9999853372573853,"Organic compounds; Lipids and lipid-like molecules; Ketones; Alcohols and polyols; Organooxygen compounds; Monocarboxylic acids and derivatives; Secondary alcohols; Tertiary alcohols; Carbonyl compounds; Acyloins; Polyols; 1,2-diols; Organic oxides; Hydrocarbon derivatives; Organic oxygen compounds; Chemical entities"
FT_1.671_319.08282,no name,C16H16O7,L3.2,yes,C16H16O7,[M - H]-,C16H16O7,Polyketides,0.7276170253753662,Aromatic polyketides,0.7770284414291382,Depsides,0.8290460705757141,Depsides and depsidones,0.584236741065979,NA,NA,NA,NA,Depsides and depsidones,0.584236741065979,Phenylpropanoids and polyketides,0.21861588954925537,Organic compounds; Ketones; Phenols; Resorcinols; Benzoic acids and derivatives; Organic acids and derivatives; Carboxylic acids and derivatives; Benzoyl derivatives; Organooxygen compounds; Dicarboxylic acids and derivatives; Salicylic acid and derivatives; Carboxylic acid derivatives; Carboxylic acids; Carboxylic acid esters; Hydroxybenzoic acid derivatives; Cresols; Meta cresols; Ortho cresols; Benzenediols; Benzoic acid esters; Depsides and depsidones; Benzene and substituted derivatives; Phenol esters; Benzenoids; Benzoic acids; Vinylogous acids; Organic oxides; Hydrocarbon derivatives; Organic oxygen compounds; 1-hydroxy-2-unsubstituted benzenoids; 1-hydroxy-4-unsubstituted benzenoids; o-Hydroxybenzoic acid esters; p-Hydroxybenzoic acid esters; Phenoxy compounds; Chemical entities
FT_1.671_447.16771,no name,C23H28O9,L3.2,yes,C23H28O9,[M - H]-,C23H28O9,Terpenoids,0.6886162757873535,Sesquiterpenoids,0.4349709451198578,Germacrane sesquiterpenoids,0.26077213883399963,Prenol lipids,0.5367195010185242,NA,NA,NA,NA,Prenol lipids,0.5367195010185242,Lipids and lipid-like molecules,0.6270747184753418,Organic compounds; Organoheterocyclic compounds; Lipids and lipid-like molecules; Lactones; Alcohols and polyols; Ethers; Prenol lipids; Organic acids and derivatives; Carboxylic acids and derivatives; Organooxygen compounds; Carboxylic acid derivatives; Dialkyl ethers; Carboxylic acid esters; Cyclic alcohols and derivatives; Secondary alcohols; Carbonyl compounds; Organic oxides; Oxacyclic compounds; Hydrocarbon derivatives; Organic oxygen compounds; Chemical entities
FT_1.672_319.08280,no name,C15H14O5,L3.2,yes,C15H14O5,[M + CH2O2 - H]-,C16H16O7,Polyketides,0.5703614950180054,Chromanes,0.5209239721298218,Azaphilones,0.3617761731147766,1-hydroxy-2-unsubstituted benzenoids,0.6943732500076294,NA,NA,1-hydroxy-2-unsubstituted benzenoids,0.6943732500076294,Phenols,0.6655227541923523,Benzenoids,0.9240570068359376,Organic compounds; Organoheterocyclic compounds; Ketones; Phenols; Organic acids and derivatives; Organooxygen compounds; Carbonyl compounds; Benzenoids; Vinylogous acids; Organic oxides; Oxacyclic compounds; Hydrocarbon derivatives; Organic oxygen compounds; 1-hydroxy-2-unsubstituted benzenoids; 1-hydroxy-4-unsubstituted benzenoids; Chemical entities
FT_1.672_379.17641,no name,C20H28O7,L3.2,yes,C20H28O7,[M - H]-,C20H28O7,Polyketides,0.50025874376297,Chromanes,0.5472757816314697,Cytosporins,0.2556762397289276,Fatty Acyls,0.5142903923988342,NA,NA,NA,NA,Fatty Acyls,0.5142903923988342,Lipids and lipid-like molecules,0.6622371077537537,Organic compounds; Organoheterocyclic compounds; Lipids and lipid-like molecules; Alcohols and polyols; Ethers; Organic acids and derivatives; Carboxylic acids and derivatives; Organooxygen compounds; Monocarboxylic acids and derivatives; Secondary alcohols; Carbonyl compounds; Oxanes; Polyols; Fatty Acyls; Organic oxides; Oxacyclic compounds; Hydrocarbon derivatives; Organic oxygen compounds; Chemical entities
FT_1.672_403.17678,no name,C22H28O7,L3.2,yes,C22H28O7,[M - H]-,C22H28O7,Polyketides,0.8547201156616211,Chromanes,0.6462240219116211,Azaphilones,0.7224844694137573,Zearalenones,0.757637083530426,NA,NA,Zearalenones,0.757637083530426,Macrolides and analogues,0.30054280161857605,Phenylpropanoids and polyketides,0.2862938642501831,Organic compounds; Organoheterocyclic compounds; Lactones; Ketones; Aldehydes; Alkyl aryl ethers; Alcohols and polyols; Phenols; Anisoles; Ethers; Organic acids and derivatives; Carboxylic acids and derivatives; Organooxygen compounds; Carboxylic acid derivatives; Monocarboxylic acids and derivatives; Carboxylic acid esters; Secondary alcohols; Zearalenones; Carbonyl compounds; Phenol ethers; Benzenoids; Cyclic ketones; Vinylogous acids; Organic oxides; Oxacyclic compounds; Hydrocarbon derivatives; Cyclohexenones; Organic oxygen compounds; Chemical entities
FT_1.672_417.15587,no name,C22H26O8,L3.2,yes,C22H26O8,[M - H]-,C22H26O8,Terpenoids,0.6055563688278198,Sesquiterpenoids,0.23362043499946591,Picrotoxane sesquiterpenoids,0.16733555495738983,Diterpenoids,0.5542960166931152,NA,NA,Diterpenoids,0.5542960166931152,Prenol lipids,0.3681108951568603,Lipids and lipid-like molecules,0.5502440333366394,Organic compounds; Organoheterocyclic compounds; Lipids and lipid-like molecules; Lactones; Alcohols and polyols; Benzoic acids and derivatives; Ethers; Organic acids and derivatives; Carboxylic acids and derivatives; Benzoyl derivatives; Organooxygen compounds; Carboxylic acid derivatives; Carboxylic acid esters; Gamma butyrolactones; Cyclic alcohols and derivatives; Benzoic acid esters; Monosaccharides; Diterpenoids; Acetals; Secondary alcohols; Tertiary alcohols; Furofurans; Carbonyl compounds; Benzene and substituted derivatives; Polyols; Benzenoids; Tetrahydrofurans; Organic oxides; Oxacyclic compounds; Hydrocarbon derivatives; Organic oxygen compounds; Chemical entities
FT_1.672_475.19772,no name,C25H32O9,L3.2,yes,C25H32O9,[M - H]-,C25H32O9,Terpenoids,0.5696986317634583,Meroterpenoids,0.5233401656150818,Tetraketide meroterpenoids,0.30261561274528503,Methoxybenzoic acids and derivatives,0.6869341731071472,Methoxybenzoic acids and derivatives,0.6869341731071472,Benzoic acids and derivatives,0.933324098587036,Benzene and substituted derivatives,0.9822890758514404,Benzenoids,0.9913445711135864,Organic compounds; Organoheterocyclic compounds; Alkyl aryl ethers; Alcohols and polyols; Phenols; Anisoles; Benzoic acids and derivatives; Ethers; Organic acids and derivatives; Carboxylic acids and derivatives; Benzoyl derivatives; Organooxygen compounds; Carboxylic acid derivatives; Carboxylic acid esters; Hydroxybenzoic acid derivatives; Cyclic alcohols and derivatives; Benzoic acid esters; Secondary alcohols; Tertiary alcohols; Oxanes; Benzene and substituted derivatives; Phenol ethers; Methoxybenzoic acids and derivatives; Benzenoids; Organic oxides; Methoxybenzenes; Oxacyclic compounds; Hydrocarbon derivatives; Organic oxygen compounds; 1-hydroxy-2-unsubstituted benzenoids; p-Hydroxybenzoic acid esters; p-Hydroxybenzoic acid alkyl esters; Phenoxy compounds; Chemical entities
FT_1.673_405.11934,no name,C19H20O7,L3.2,yes,C19H20O7,[M + CH2O2 - H]-,C20H22O9,Shikimates and Phenylpropanoids,0.5636075139045715,Lignans,0.4744085669517517,Neolignans,0.3718150556087494,Alkyl aryl ethers,0.509219765663147,Alkyl aryl ethers,0.509219765663147,Ethers,0.8295886516571045,Organooxygen compounds,0.9999979734420776,Organic oxygen compounds,0.999992847442627,Organic compounds; Organoheterocyclic compounds; Lactones; Alkyl aryl ethers; Alcohols and polyols; Phenols; Ethers; Phenylpropanoids and polyketides; Organic acids and derivatives; Carboxylic acids and derivatives; Organooxygen compounds; Dicarboxylic acids and derivatives; Carboxylic acid derivatives; Carboxylic acid esters; Secondary alcohols; Carbonyl compounds; Benzenoids; Organic oxides; Oxacyclic compounds; Hydrocarbon derivatives; Organic oxygen compounds; 1-hydroxy-2-unsubstituted benzenoids; Chemical entities
FT_1.674_463.19756,no name,C24H32O9,L3.2,yes,C24H32O9,[M - H]-,C24H32O9,Terpenoids,0.6540877819061279,Triterpenoids,0.6105508208274841,Limonoids,0.5200434327125549,Lipids and lipid-like molecules,0.7334375381469727,NA,NA,NA,NA,NA,NA,Lipids and lipid-like molecules,0.7334375381469727,Organic compounds; Organoheterocyclic compounds; Lipids and lipid-like molecules; Lactones; Furans; Ketones; Alcohols and polyols; Ethers; Organic acids and derivatives; Carboxylic acids and derivatives; Organooxygen compounds; Carboxylic acid derivatives; Carboxylic acid esters; Cyclic alcohols and derivatives; Secondary alcohols; Tertiary alcohols; Carbonyl compounds; Oxanes; Tetrahydrofurans; Organic oxides; Oxacyclic compounds; Hydrocarbon derivatives; Organic oxygen compounds; Chemical entities
FT_1.674_469.15143,no name,C25H26O9,L3.2,yes,C25H26O9,[M - H]-,C25H26O9,Polyketides,0.6606795787811279,Chromanes,0.3936209976673126,Azaphilones,0.34323447942733765,Benzoic acid esters,0.6597105264663696,Benzoic acid esters,0.6597105264663696,Benzoic acids and derivatives,0.7016875147819519,Benzene and substituted derivatives,0.7095863223075867,Benzenoids,0.892928421497345,Organic compounds; Organoheterocyclic compounds; Lactones; Pyrans; Ketones; Alcohols and polyols; Phenols; Benzoic acids and derivatives; Ethers; Organic acids and derivatives; Carboxylic acids and derivatives; Benzoyl derivatives; Organooxygen compounds; Dicarboxylic acids and derivatives; Carboxylic acid derivatives; Carboxylic acid esters; Benzoic acid esters; Carbonyl compounds; Benzene and substituted derivatives; Benzenoids; Organic oxides; Oxacyclic compounds; Hydrocarbon derivatives; Organic oxygen compounds; 1-hydroxy-2-unsubstituted benzenoids; Chemical entities
FT_1.675_467.22887,no name,C24H36O9,L3.2,yes,C24H36O9,[M - H]-,C24H36O9,Terpenoids,0.5823513269424438,Sesquiterpenoids,0.4236658811569214,Tetraketide meroterpenoids,0.1968149095773697,Lipids and lipid-like molecules,0.5523552298545837,NA,NA,NA,NA,NA,NA,Lipids and lipid-like molecules,0.5523552298545837,Organic compounds; Organoheterocyclic compounds; Lipids and lipid-like molecules; Alcohols and polyols; Ethers; Organic acids and derivatives; Carboxylic acids and derivatives; Organooxygen compounds; Carboxylic acid derivatives; Carboxylic acid esters; Cyclic alcohols and derivatives; Acetals; Secondary alcohols; Tertiary alcohols; Carbonyl compounds; Oxanes; Polyols; Tetrahydrofurans; Organic oxides; Oxacyclic compounds; Hydrocarbon derivatives; Organic oxygen compounds; Chemical entities
FT_1.682_311.07737,no name,C14H16O8,L3.2,yes,C14H16O8,[M - H]-,C14H16O8,Polyketides,0.6232208609580994,Aromatic polyketides,0.3566926419734955,Simple phenolic acids,0.3883543610572815,Salicylic acid and derivatives,0.6477686166763306,Hydroxybenzoic acid derivatives,0.721361517906189,Benzoic acids and derivatives,0.7406150698661804,Benzene and substituted derivatives,0.9200498461723328,Benzenoids,0.95577871799469,Organic compounds; Alcohols and polyols; Phenols; Resorcinols; Anisoles; Benzoic acids and derivatives; Ethers; Organic acids and derivatives; Carboxylic acids and derivatives; Benzoyl derivatives; Organooxygen compounds; Salicylic acid and derivatives; Carboxylic acids; Hydroxybenzoic acid derivatives; Cresols; Ortho cresols; Benzenediols; Carbonyl compounds; Benzene and substituted derivatives; Phenol ethers; Benzenoids; Vinylogous acids; Organic oxides; Oxacyclic compounds; Hydrocarbon derivatives; Organic oxygen compounds; Chemical entities
FT_1.700_283.11875,no name,C14H20O6,L3.2,yes,C14H20O6,[M - H]-,C14H20O6,Polyketides,0.6313314437866211,Chromanes,0.6882644891738892,Azaphilones,0.5022671818733215,Phenols,0.6728285551071167,NA,NA,NA,NA,Phenols,0.6728285551071167,Benzenoids,0.6777857542037964,Organic compounds; Organoheterocyclic compounds; Alcohols and polyols; Phenols; Ethers; Organic acids and derivatives; Primary alcohols; Organooxygen compounds; Secondary alcohols; Carbonyl compounds; Benzene and substituted derivatives; Benzenoids; Vinylogous acids; Organic oxides; Oxacyclic compounds; Hydrocarbon derivatives; Organic oxygen compounds; Chemical entities
FT_1.707_319.05735,no name,C19H12O5,L3.2,yes,C19H12O5,[M - H]-,C19H12O5,Shikimates and Phenylpropanoids,0.5795701146125793,Isoflavonoids,0.44047248363494873,Isoflavones,0.3118371069431305,Chromones,0.5078808069229126,Chromones,0.5078808069229126,1-benzopyrans,0.5955942273139954,Benzopyrans,0.6005176901817322,Organoheterocyclic compounds,0.9192066192626952,Organic compounds; Organoheterocyclic compounds; Pyrans; Benzopyrans; Phenols; Chromones; Phenylpropanoids and polyketides; Organic acids and derivatives; Organooxygen compounds; Pyranones and derivatives; Benzene and substituted derivatives; Benzenoids; 1-benzopyrans; Organic oxides; Oxacyclic compounds; Heteroaromatic compounds; Hydrocarbon derivatives; Organic oxygen compounds; 1-hydroxy-2-unsubstituted benzenoids; Chemical entities
FT_1.818_379.01296,no name,C16H12O9S,L3.2,yes,C16H12O9S,[M - H]-,C16H12O9S,Shikimates and Phenylpropanoids,0.5391137599945068,Phenylpropanoids (C6-C3),0.4496803879737854,Cinnamic acids and derivatives,0.5041405558586121,Coumaric acids and derivatives,0.5001412034034729,Coumaric acids and derivatives,0.5001412034034729,Hydroxycinnamic acids and derivatives,0.550285279750824,Cinnamic acids and derivatives,0.3170657753944397,Phenylpropanoids and polyketides,0.28953784704208374,Organic compounds; Organosulfur compounds; Coumaric acids and derivatives; Phenols; Organic acids and derivatives; Carboxylic acids and derivatives; Organosulfonic acids and derivatives; Organooxygen compounds; Sulfonyls; Carboxylic acids; Hydroxycinnamic acids and derivatives; Carbonyl compounds; Arylsulfonic acids and derivatives; Benzene and substituted derivatives; Benzenoids; Organic oxides; Hydrocarbon derivatives; Organic sulfonic acids and derivatives; Organic oxygen compounds; Chemical entities
FT_1.844_199.97823,no name,C7H7O3P2,L3.2,yes,C7H7O3P2,[M - H]-,C7H7O3P2,Shikimates and Phenylpropanoids,0.6456018090248108,Phenolic acids (C6-C1),0.4717707335948944,Simple phenolic acids,0.5034705400466919,1-hydroxy-2-unsubstituted benzenoids,0.7371556758880615,NA,NA,1-hydroxy-2-unsubstituted benzenoids,0.7371556758880615,Phenols,0.6581156253814697,Benzenoids,0.9966435432434082,Organic compounds; Phenols; Organooxygen compounds; Benzene and substituted derivatives; Benzenoids; Hydrocarbon derivatives; Organic oxygen compounds; 1-hydroxy-2-unsubstituted benzenoids; Chemical entities
FT_1.845_216.98085,no name,C7H8O4P2,L3.2,yes,C7H8O4P2,[M - H]-,C7H8O4P2,Fatty acids,0.562025249004364,Fatty Acids and Conjugates,0.3767510652542114,Simple phenolic acids,0.3477671444416046,Organic phosphonic acids and derivatives,0.5682790279388428,NA,NA,NA,NA,Organic phosphonic acids and derivatives,0.5682790279388428,Organic acids and derivatives,0.9602524638175964,Organic compounds; Organic acids and derivatives; Carboxylic acids and derivatives; Organooxygen compounds; Organophosphorus compounds; Organic phosphonic acids and derivatives; Monocarboxylic acids and derivatives; Carbonyl compounds; Organic oxides; Hydrocarbon derivatives; Organopnictogen compounds; Organic oxygen compounds; Chemical entities
FT_1.939_216.98085,no name,C7H8O4P2,L3.2,yes,C7H8O4P2,[M - H]-,C7H8O4P2,Fatty acids,0.5520364046096802,Monoterpenoids,0.24429136514663696,Fatty alcohols,0.276880145072937,Organooxygen compounds,0.9970393180847168,NA,NA,NA,NA,Organooxygen compounds,0.9970393180847168,Organic oxygen compounds,0.9999815225601196,Organic compounds; Organic acids and derivatives; Organooxygen compounds; Organophosphorus compounds; Organic oxides; Hydrocarbon derivatives; Organic oxygen compounds; Chemical entities
FT_1.978_315.10881,no name,C14H20O8,L3.2,yes,C14H20O8,[M - H]-,C14H20O8,Terpenoids,0.2569829821586609,Sesquiterpenoids,0.20219019055366516,Macrolide lactones,0.2306617796421051,Fatty acid esters,0.5614389181137085,NA,NA,Fatty acid esters,0.5614389181137085,Fatty Acyls,0.4672919809818268,Lipids and lipid-like molecules,0.6227186918258667,Organic compounds; Organoheterocyclic compounds; Lipids and lipid-like molecules; Alcohols and polyols; Organic acids and derivatives; Carboxylic acids and derivatives; Organooxygen compounds; Fatty acid esters; Dicarboxylic acids and derivatives; Carboxylic acid derivatives; Carboxylic acid esters; Cyclic alcohols and derivatives; Secondary alcohols; Tertiary alcohols; Carbonyl compounds; Polyols; Organic oxides; Oxacyclic compounds; Hydrocarbon derivatives; Organic oxygen compounds; Chemical entities
FT_1.979_256.97591,no name,C9H8O5P2,L3.2,yes,C9H8O5P2,[M - H]-,C9H8O5P2,Fatty acids,0.6713470816612244,Fatty esters,0.4170338809490204,Wax monoesters,0.43537378311157227,Organic phosphoric acids and derivatives,0.57340240478515625,NA,NA,NA,NA,Organic phosphoric acids and derivatives,0.57340240478515625,Organic acids and derivatives,0.9938167929649352,Organic compounds; Organic acids and derivatives; Carboxylic acids and derivatives; Organooxygen compounds; Organophosphorus compounds; Organic phosphoric acids and derivatives; Monocarboxylic acids and derivatives; Carbonyl compounds; Organic oxides; Hydrocarbon derivatives; Organic oxygen compounds; Chemical entities
FT_1.980_242.02817,no name,C6H14NO5PS,L3.2,yes,C6H14NO5PS,[M - H]-,C6H14NO5PS,Amino acids and Peptides,0.6910757422447205,Small peptides,0.8275113105773926,Aminoacids,0.7481436133384705,L-alpha-amino acids,0.534440279006958,Amino acids and derivatives,0.7602112889289856,"Amino acids, peptides, and analogues",0.7561042904853821,Carboxylic acids and derivatives,0.8595191836357117,Organic acids and derivatives,0.9977688789367676,"Organic compounds; Organosulfur compounds; Amino acids, peptides, and analogues; Alpha amino acids and derivatives; Organic acids and derivatives; Carboxylic acids and derivatives; Organonitrogen compounds; Organooxygen compounds; Amino acids and derivatives; Organophosphorus compounds; Monoalkylamines; Monocarboxylic acids and derivatives; Carboxylic acids; Organothiophosphorus compounds; Carbonyl compounds; Alpha amino acids; Amines; Primary amines; Sulfenyl compounds; Organic oxides; L-alpha-amino acids; Hydrocarbon derivatives; Amino acids; Organopnictogen compounds; Organic oxygen compounds; Organic nitrogen compounds; Chemical entities"
FT_10.760_485.15131,no name,C18H30O15,L3.2,yes,C18H30O15,[M - H]-,C18H30O15,Carbohydrates,0.8814466595649719,Saccharides,0.9225481152534484,Disaccharides,0.95733904838562,Oligosaccharides,0.5615451335906982,Oligosaccharides,0.5615451335906982,Carbohydrates and carbohydrate conjugates,0.9999017715454102,Organooxygen compounds,0.9999990463256836,Organic oxygen compounds,0.9999841451644896,Organic compounds; Organoheterocyclic compounds; Carbohydrates and carbohydrate conjugates; Alcohols and polyols; Oligosaccharides; Ethers; Organic acids and derivatives; Carboxylic acids and derivatives; Primary alcohols; Organooxygen compounds; Carboxylic acid derivatives; Monocarboxylic acids and derivatives; Carboxylic acid esters; Disaccharides; Acetals; Secondary alcohols; Carbonyl compounds; Oxanes; Glycosyl compounds; O-glycosyl compounds; Polyols; Organic oxides; Oxacyclic compounds; Hydrocarbon derivatives; Organic oxygen compounds; Chemical entities
FT_10.760_553.13878,no name,C21H30O17,L3.2,yes,C21H30O17,[M - H]-,C21H30O17,Carbohydrates,0.8860515356063843,Saccharides,0.929568350315094,Polysaccharides,0.8992798328399658,Oligosaccharides,0.897823691368103,Oligosaccharides,0.897823691368103,Carbohydrates and carbohydrate conjugates,0.9995734095573424,Organooxygen compounds,0.9999772310256958,Organic oxygen compounds,0.99969482421875,Organic compounds; Organoheterocyclic compounds; Carbohydrates and carbohydrate conjugates; Alcohols and polyols; Oligosaccharides; Ethers; Primary alcohols; Organooxygen compounds; Acetals; Secondary alcohols; Oxanes; Glycosyl compounds; O-glycosyl compounds; Polyols; Oxacyclic compounds; Hydrocarbon derivatives; Organic oxygen compounds; Chemical entities
FT_10.760_585.07635,no name,C21H24N4O12P2,L3.2,yes,C21H24N4O12P2,[M - H]-,C21H24N4O12P2,Carbohydrates,0.7863471508026123,Nucleosides,0.8460932970046997,Purine nucleos(t)ides,0.8798030614852905,(5'->5')-dinucleotides,0.83573317527771,NA,NA,NA,NA,(5'->5')-dinucleotides,0.83573317527771,"Nucleosides, nucleotides, and analogues",0.9986671209335328,"Organic compounds; Organoheterocyclic compounds; Carbohydrates and carbohydrate conjugates; Amino acids, peptides, and analogues; Pyrimidines and pyrimidine derivatives; Imidazoles; Pyridines and derivatives; Alcohols and polyols; Purines and purine derivatives; Organic acids and derivatives; Carboxylic acids and derivatives; Organonitrogen compounds; Nucleosides, nucleotides, and analogues; Organooxygen compounds; Amino acids and derivatives; Dihydropyridines; Organic phosphoric acids and derivatives; Phosphate esters; Azoles; Organic oxoanionic compounds; Enamines; Carboxylic acid derivatives; Carboxylic acids; Aminopyrimidines and derivatives; Nicotinamide nucleotides; Purine nucleotide sugars; Pyridine nucleotides; Pyridinecarboxylic acids and derivatives; Pyridinecarboxamides; Diazines; Pentoses; Purine nucleotides; Monosaccharides; Monosaccharide phosphates; Purine ribonucleotides; Purine ribonucleoside monophosphates; Purine ribonucleoside diphosphates; Secondary alcohols; Primary carboxylic acid amides; Imidazopyrimidines; Organic pyrophosphates; Carbonyl compounds; Glycosyl compounds; Glycosylamines; Purine ribonucleoside 2',5'-bisphosphates; Hydropyridines; Nicotinamides; N-substituted nicotinamides; Pentose phosphates; Substituted imidazoles; N-substituted imidazoles; Amines; Primary amines; Tetrahydrofurans; 6-aminopurines; Alkyl phosphates; Monoalkyl phosphates; (5'->5')-dinucleotides; Imidolactams; Vinylogous amides; Organic oxides; Azacyclic compounds; Oxacyclic compounds; Heteroaromatic compounds; Hydrocarbon derivatives; Organopnictogen compounds; Organic oxygen compounds; Organic nitrogen compounds; Chemical entities"
FT_11.141_455.10204,no name,C17H20N4O11,L3.2,yes,C17H20N4O11,[M - H]-,C17H20N4O11,Carbohydrates,0.7422250509262085,Nucleosides,0.7135602235794067,Pyrimidine nucleos(t)ides,0.6487290859222412,Glycosylamines,0.7168751955032349,Glycosyl compounds,0.6969535946846008,Carbohydrates and carbohydrate conjugates,0.8641600608825684,Organooxygen compounds,0.9999098777770996,Organic oxygen compounds,0.9999408721923828,Organic compounds; Organoheterocyclic compounds; Carbohydrates and carbohydrate conjugates; Pyrimidines and pyrimidine derivatives; Alcohols and polyols; Lactams; Organic acids and derivatives; Carboxylic acids and derivatives; Organonitrogen compounds; Primary alcohols; Pyrimidones; Organooxygen compounds; Carboxylic acid amides; Carboxylic acid derivatives; Diazines; Monosaccharides; Secondary alcohols; Carbonyl compounds; Glycosyl compounds; Glycosylamines; Polyols; Benzenoids; Organic oxides; Azacyclic compounds; Oxacyclic compounds; Heteroaromatic compounds; Hydrocarbon derivatives; Organopnictogen compounds; Organic oxygen compounds; Organic nitrogen compounds; Chemical entities
FT_11.147_441.03427,no name,C10H16N6O10P2,L3.2,yes,C10H16N6O10P2,[M - H]-,C10H16N6O10P2,Carbohydrates,0.8990031480789185,Nucleosides,0.887281596660614,Purine nucleos(t)ides,0.8734320402145386,Purine ribonucleoside monophosphates,0.92839914560318,Purine ribonucleoside monophosphates,0.92839914560318,Purine ribonucleotides,0.8606392741203308,Purine nucleotides,0.9529825448989868,"Nucleosides, nucleotides, and analogues",0.965390920639038,"Organic compounds; Organoheterocyclic compounds; Carbohydrates and carbohydrate conjugates; Pyrimidines and pyrimidine derivatives; Imidazoles; Alcohols and polyols; Purines and purine derivatives; Organic acids and derivatives; Organonitrogen compounds; Nucleosides, nucleotides, and analogues; Organooxygen compounds; Organic phosphoric acids and derivatives; Phosphate esters; Azoles; Aminopyrimidines and derivatives; Diazines; Pentoses; 6-oxopurines; Purine nucleotides; Monosaccharides; Monosaccharide phosphates; Purine ribonucleotides; Purine ribonucleoside monophosphates; Secondary alcohols; Imidazopyrimidines; Glycosyl compounds; Glycosylamines; Pentose phosphates; Polyols; Substituted imidazoles; N-substituted imidazoles; Amines; Primary amines; 1,2-diols; Tetrahydrofurans; 6-aminopurines; Alkyl phosphates; Monoalkyl phosphates; Imidolactams; Vinylogous amides; Organic oxides; Azacyclic compounds; Oxacyclic compounds; Heteroaromatic compounds; Hydrocarbon derivatives; Organopnictogen compounds; Organic oxygen compounds; Organic nitrogen compounds; Chemical entities"
FT_12.208_441.03444,no name,C10H16N6O10P2,L3.2,yes,C10H16N6O10P2,[M - H]-,C10H16N6O10P2,Carbohydrates,0.7930861711502075,Saccharides,0.6106003522872925,Monosaccharides,0.37971460819244385,Pentose phosphates,0.6458471417427063,Monosaccharides,0.959974765777588,Carbohydrates and carbohydrate conjugates,0.9723914265632628,Organooxygen compounds,0.999848246574402,Organic oxygen compounds,0.9997767806053162,Organic compounds; Organoheterocyclic compounds; Carbohydrates and carbohydrate conjugates; Alcohols and polyols; Organic acids and derivatives; Carboxylic acids and derivatives; Primary alcohols; Organooxygen compounds; Organic phosphoric acids and derivatives; Phosphate esters; Pentoses; Monosaccharides; Monosaccharide phosphates; Secondary alcohols; Glycosyl compounds; Pentose phosphates; Polyols; Tetrahydrofurans; Alkyl phosphates; Monoalkyl phosphates; Organic oxides; Oxacyclic compounds; Heteroaromatic compounds; Hydrocarbon derivatives; Organic oxygen compounds; Organic nitrogen compounds; Chemical entities
FT_12.209_729.23024,no name,C31H40O17,L3.2,yes,C31H40O17,[M + CH2O2 - H]-,C32H42O19,Shikimates and Phenylpropanoids,0.7648844122886658,Lignans,0.2290552705526352,Cinnamic acids and derivatives,0.14768414199352264,Lignan glycosides,0.5140939950942993,NA,NA,NA,NA,Lignan glycosides,0.5140939950942993,"Lignans, neolignans and related compounds",0.3119588792324066,Organic compounds; Organoheterocyclic compounds; Carbohydrates and carbohydrate conjugates; Lipids and lipid-like molecules; Alkyl aryl ethers; Alcohols and polyols; Phenols; Anisoles; Chromones; Ethers; Phenylpropanoids and polyketides; Primary alcohols; Organooxygen compounds; Lignan glycosides; Disaccharides; Acetals; Secondary alcohols; Oxanes; Glycosyl compounds; O-glycosyl compounds; Benzene and substituted derivatives; Polyols; Phenol ethers; Benzenoids; Fatty acyl glycosides of mono- and disaccharides; Fatty Acyls; Organic oxides; Methoxybenzenes; Oxacyclic compounds; Hydrocarbon derivatives; Organic oxygen compounds; Phenoxy compounds; Chemical entities
FT_12.211_444.03209,no name,C10H17N5O11P2,L3.2,yes,C10H17N5O11P2,[M - H]-,C10H17N5O11P2,Carbohydrates,0.8909425139427185,Nucleosides,0.8639112710952759,Purine nucleos(t)ides,0.8027511239051819,Purine ribonucleoside monophosphates,0.8916117548942566,Purine ribonucleoside monophosphates,0.8916117548942566,Purine ribonucleotides,0.8348087072372437,Purine nucleotides,0.9148380756378174,"Nucleosides, nucleotides, and analogues",0.9712372422218324,"Organic compounds; Organoheterocyclic compounds; Carbohydrates and carbohydrate conjugates; Pyrimidines and pyrimidine derivatives; Imidazoles; Alcohols and polyols; Purines and purine derivatives; Organic acids and derivatives; Organonitrogen compounds; Nucleosides, nucleotides, and analogues; Organooxygen compounds; Organic phosphoric acids and derivatives; Phosphate esters; Azoles; Aminopyrimidines and derivatives; Diazines; Pentoses; Purine nucleotides; Monosaccharides; Monosaccharide phosphates; Purine ribonucleotides; Purine ribonucleoside monophosphates; Secondary alcohols; Imidazopyrimidines; Glycosyl compounds; Glycosylamines; Pentose phosphates; Polyols; Substituted imidazoles; N-substituted imidazoles; Amines; Primary amines; 1,2-diols; Tetrahydrofurans; 6-aminopurines; Alkyl phosphates; Monoalkyl phosphates; Imidolactams; Vinylogous amides; Organic oxides; Azacyclic compounds; Oxacyclic compounds; Heteroaromatic compounds; Hydrocarbon derivatives; Organopnictogen compounds; Organic oxygen compounds; Organic nitrogen compounds; Chemical entities"
FT_12.212_455.10198,no name,C21H20N4O6S,L3.2,yes,C21H20N4O6S,[M - H]-,C21H20N4O6S,Alkaloids,0.5854978561401367,β-lactams,0.20554833114147184,Penicillins,0.2282835990190506,Alpha amino acids and derivatives,0.6450452208518982,Amino acids and derivatives,0.7232690453529358,"Amino acids, peptides, and analogues",0.7211458683013916,Carboxylic acids and derivatives,0.8861016035079956,Organic acids and derivatives,0.9989833235740662,"Organic compounds; Organoheterocyclic compounds; Organosulfur compounds; Amino acids, peptides, and analogues; Alpha amino acids and derivatives; Pyrimidines and pyrimidine derivatives; Alkyl aryl ethers; Anisoles; Lactams; Ethers; Organic acids and derivatives; Carboxylic acids and derivatives; Organosulfonic acids and derivatives; Organonitrogen compounds; Pyrimidones; Organooxygen compounds; Amino acids and derivatives; Carboxylic acid amides; Carboxylic acid derivatives; Monocarboxylic acids and derivatives; Diazines; Carbonyl compounds; Benzene and substituted derivatives; Phenol ethers; Benzenoids; Organic oxides; Methoxybenzenes; Azacyclic compounds; Heteroaromatic compounds; Hydrocarbon derivatives; Organic sulfonic acids and derivatives; Organopnictogen compounds; Organic oxygen compounds; Organic nitrogen compounds; Phenoxy compounds; Chemical entities"
FT_12.214_427.12053,no name,C14H24N2O13,L3.2,yes,C14H24N2O13,[M - H]-,C14H24N2O13,Carbohydrates,0.8781446218490601,Saccharides,0.6929060816764832,Disaccharides,0.7402560114860535,Glucuronides,0.5890341401100159,Sugar acids and derivatives,0.6153536438941956,Carbohydrates and carbohydrate conjugates,0.999565064907074,Organooxygen compounds,0.9998865127563475,Organic oxygen compounds,0.999750316143036,Organic compounds; Organoheterocyclic compounds; Carbohydrates and carbohydrate conjugates; Alcohols and polyols; Sugar acids and derivatives; Ethers; Organic acids and derivatives; Carboxylic acids and derivatives; Organonitrogen compounds; Primary alcohols; Organooxygen compounds; Glucuronides; Hemiacetals; Disaccharides; Acetals; Secondary alcohols; Carbonyl compounds; Oxanes; Glucuronic acid derivatives; Glycosyl compounds; O-glycosyl compounds; Polyols; Aminosaccharides; Organic oxides; Oxacyclic compounds; Hydrocarbon derivatives; Organopnictogen compounds; Organic oxygen compounds; Organic nitrogen compounds; Chemical entities
FT_12.660_592.06935,no name,C17H20N7O15P,L3.2,yes,C17H20N7O15P,[M - H]-,C17H20N7O15P,Carbohydrates,0.8219025135040283,Nucleosides,0.7777202725410461,Purine nucleos(t)ides,0.8200516700744629,Purine nucleotide sugars,0.9045745134353638,NA,NA,Purine nucleotide sugars,0.9045745134353638,Purine nucleotides,0.9814184904098512,"Nucleosides, nucleotides, and analogues",0.9921228289604188,"Organic compounds; Organoheterocyclic compounds; Carbohydrates and carbohydrate conjugates; Pyrimidines and pyrimidine derivatives; Imidazoles; Alcohols and polyols; Purines and purine derivatives; Organic acids and derivatives; Organonitrogen compounds; Nucleosides, nucleotides, and analogues; Pyrimidones; Organooxygen compounds; Organic phosphoric acids and derivatives; Phosphate esters; Azoles; Organic oxoanionic compounds; Purine nucleotide sugars; Diazines; Pentoses; Purine nucleotides; Monosaccharides; Monosaccharide phosphates; Purine ribonucleotides; Purine ribonucleoside monophosphates; Purine ribonucleoside diphosphates; Secondary alcohols; Imidazopyrimidines; Organic pyrophosphates; Glycosyl compounds; Glycosylamines; Pentose phosphates; Polyols; Substituted imidazoles; N-substituted imidazoles; Amines; Tetrahydrofurans; Alkyl phosphates; Monoalkyl phosphates; Vinylogous amides; Organic oxides; Azacyclic compounds; Oxacyclic compounds; Heteroaromatic compounds; Hydrocarbon derivatives; Organopnictogen compounds; Organic oxygen compounds; Organic nitrogen compounds; Chemical entities"
FT_12.662_557.13355,no name,C27H26O13,L3.2,yes,C27H26O13,[M - H]-,C27H26O13,Shikimates and Phenylpropanoids,0.663300096988678,Isoflavonoids,0.23567895591259003,Isoflavones,0.2116152048110962,Phenolic glycosides,0.7218981981277466,Glycosyl compounds,0.9209641814231871,Carbohydrates and carbohydrate conjugates,0.9925042390823364,Organooxygen compounds,0.9999948740005492,Organic oxygen compounds,0.9999659061431884,Organic compounds; Organoheterocyclic compounds; Carbohydrates and carbohydrate conjugates; Pyrans; Alcohols and polyols; Phenols; Sugar acids and derivatives; Ethers; Phenylpropanoids and polyketides; Organic acids and derivatives; Carboxylic acids and derivatives; Primary alcohols; Organooxygen compounds; Hydroxy acids and derivatives; Monocarboxylic acids and derivatives; Carboxylic acids; Monosaccharides; Acetals; Secondary alcohols; Carbonyl compounds; Oxanes; Glucuronic acid derivatives; Glycosyl compounds; O-glycosyl compounds; Benzene and substituted derivatives; Polyols; Phenol ethers; Benzenoids; O-glucuronides; Organic oxides; Oxacyclic compounds; Heteroaromatic compounds; Hydrocarbon derivatives; Phenolic glycosides; Organic oxygen compounds; 1-hydroxy-2-unsubstituted benzenoids; Phenoxy compounds; Chemical entities
FT_12.663_366.99751,no name,C11H14O10P2,L3.2,yes,C11H14O10P2,[M - H]-,C11H14O10P2,Carbohydrates,0.6297939419746399,Saccharides,0.8199502825737,Monosaccharides,0.6732751131057739,Monosaccharide phosphates,0.5930038094520569,Monosaccharides,0.8680713176727295,Carbohydrates and carbohydrate conjugates,0.8247349262237549,Organooxygen compounds,0.9999778270721436,Organic oxygen compounds,0.999991536140442,Organic compounds; Carbohydrates and carbohydrate conjugates; Alcohols and polyols; Organic acids and derivatives; Carboxylic acids and derivatives; Organooxygen compounds; Organic phosphoric acids and derivatives; Phosphate esters; Monocarboxylic acids and derivatives; Monosaccharides; Monosaccharide phosphates; Secondary alcohols; Carbonyl compounds; Alkyl phosphates; Monoalkyl phosphates; Organic oxides; Hydrocarbon derivatives; Organic oxygen compounds; Chemical entities
FT_12.664_335.05996,no name,C12H16O11,L3.2,yes,C12H16O11,[M - H]-,C12H16O11,Carbohydrates,0.7621618509292603,Saccharides,0.7861846685409546,Disaccharides,0.8389187455177307,O-glucuronides,0.5188286900520325,Sugar acids and derivatives,0.7041651010513306,Carbohydrates and carbohydrate conjugates,0.9922292828559875,Organooxygen compounds,0.999953269958496,Organic oxygen compounds,0.99972802400589,Organic compounds; Organoheterocyclic compounds; Carbohydrates and carbohydrate conjugates; Pyrans; Alcohols and polyols; Sugar acids and derivatives; Ethers; Organic acids and derivatives; Carboxylic acids and derivatives; Primary alcohols; Organooxygen compounds; Glucuronides; Monocarboxylic acids and derivatives; Carboxylic acids; Disaccharides; Acetals; Secondary alcohols; Carbonyl compounds; Oxanes; Glucuronic acid derivatives; Glycosyl compounds; O-glycosyl compounds; Polyols; O-glucuronides; Organic oxides; Oxacyclic compounds; Hydrocarbon derivatives; Organic oxygen compounds; Chemical entities
FT_12.664_349.99486,no name,C7H14NO11PS,L3.2,yes,C7H14NO11PS,[M - H]-,C7H14NO11PS,Amino acids and Peptides,0.5129832625389099,Small peptides,0.5363870859146118,Monosaccharides,0.33153221011161804,Alpha amino acids and derivatives,0.7169747948646545,Amino acids and derivatives,0.7083649039268494,"Amino acids, peptides, and analogues",0.7137261629104614,Carboxylic acids and derivatives,0.9077394604682922,Organic acids and derivatives,0.9999995231628418,"Organic compounds; Carbohydrates and carbohydrate conjugates; Amino acids, peptides, and analogues; Alpha amino acids and derivatives; Alcohols and polyols; Organic acids and derivatives; Carboxylic acids and derivatives; Organonitrogen compounds; Organooxygen compounds; Amino acids and derivatives; Organic phosphoric acids and derivatives; Organic sulfuric acids and derivatives; Phosphate esters; Monocarboxylic acids and derivatives; Carboxylic acids; Monosaccharides; Secondary alcohols; Carbonyl compounds; Polyols; Alkyl phosphates; Monoalkyl phosphates; Organic oxides; Hydrocarbon derivatives; Organopnictogen compounds; Organic oxygen compounds; Organic nitrogen compounds; Chemical entities"
FT_12.667_369.99465,no name,C8H20O8PS3,L3.2,yes,C8H20O8PS3,[M - H]-,C8H20O8PS3,Fatty acids,0.7447728514671326,Fatty Acids and Conjugates,0.6254176497459412,Thia fatty acids,0.4647837281227112,Thia fatty acids,0.5388712286949158,Thia fatty acids,0.5388712286949158,Fatty acids and conjugates,0.4584227502346039,Fatty Acyls,0.626217246055603,Lipids and lipid-like molecules,0.6446547508239746,Organic compounds; Organosulfur compounds; Lipids and lipid-like molecules; Alcohols and polyols; Organic acids and derivatives; Carboxylic acids and derivatives; Organooxygen compounds; Organophosphorus compounds; Carboxylic acids; Thia fatty acids; Organothiophosphorus compounds; Secondary alcohols; Carbonyl compounds; Sulfenyl compounds; Fatty Acyls; Organic oxides; Hydrocarbon derivatives; Organic oxygen compounds; Chemical entities
FT_12.668_696.21990,no name,C24H39N7O15S,L3.2,yes,C24H39N7O15S,[M - H]-,C24H39N7O15S,Carbohydrates,0.6548998951911926,Aminosugars and aminoglycosides,0.5200257301330566,Aminoglycosides,0.2616972029209137,Oligopeptides,0.5071082711219788,Peptides,0.40587118268013,"Amino acids, peptides, and analogues",0.9458199739456176,Carboxylic acids and derivatives,0.9861739873886108,Organic acids and derivatives,0.9984294772148132,"Organic compounds; Organoheterocyclic compounds; Organosulfur compounds; Carbohydrates and carbohydrate conjugates; Lipids and lipid-like molecules; Amino acids, peptides, and analogues; Alpha amino acids and derivatives; Alcohols and polyols; Sugar acids and derivatives; Organic acids and derivatives; Carboxylic acids and derivatives; Organonitrogen compounds; Primary alcohols; Organooxygen compounds; Fatty amides; Amino acids and derivatives; Monoalkylamines; Carboxylic acid amides; Carboxylic acid derivatives; N-acyl amines; N-acyl-alpha amino acids and derivatives; Carboxylic acids; Monosaccharides; Secondary alcohols; Secondary carboxylic acid amides; Carbonyl compounds; Oxanes; Glycosyl compounds; Polyols; Amines; Primary amines; Sulfenyl compounds; Dialkylthioethers; Fatty Acyls; Organic oxides; Oxacyclic compounds; Hydrocarbon derivatives; Amino acids; Organopnictogen compounds; Organic oxygen compounds; Organic nitrogen compounds; Oligopeptides; Chemical entities"
FT_12.672_546.07685,no name,C21H17N5O13,L3.2,yes,C21H17N5O13,[M - H]-,C21H17N5O13,Carbohydrates,0.5208139419555664,Nucleosides,0.5897623896598816,Purine nucleos(t)ides,0.5482162237167358,Glycosylamines,0.9800117015838624,Glycosyl compounds,0.9696858525276184,Carbohydrates and carbohydrate conjugates,0.986652672290802,Organooxygen compounds,0.9999505281448364,Organic oxygen compounds,0.9999297857284546,"Organic compounds; Organoheterocyclic compounds; Carbohydrates and carbohydrate conjugates; Pyrimidines and pyrimidine derivatives; Imidazoles; Alcohols and polyols; Phenols; Benzoic acids and derivatives; Organic acids and derivatives; Carboxylic acids and derivatives; Organonitrogen compounds; Primary alcohols; Nucleosides, nucleotides, and analogues; Benzoyl derivatives; Organooxygen compounds; Azoles; Carboxylic acid derivatives; Monocarboxylic acids and derivatives; Carboxylic acids; Aminopyrimidines and derivatives; Diazines; Pentoses; Monosaccharides; Secondary alcohols; Imidazopyrimidines; Glycosyl compounds; Glycosylamines; Benzene and substituted derivatives; Polyols; Substituted imidazoles; N-substituted imidazoles; Benzenoids; Benzoic acids; Tetrahydrofurans; Vinylogous amides; Organic oxides; Azacyclic compounds; Oxacyclic compounds; Heteroaromatic compounds; Hydrocarbon derivatives; Organopnictogen compounds; Organic oxygen compounds; 1-hydroxy-2-unsubstituted benzenoids; Organic nitrogen compounds; Chemical entities"
FT_12.684_542.13382,no name,C15H25N7O15,L3.2,yes,C15H25N7O15,[M - H]-,C15H25N7O15,Carbohydrates,0.7219329476356506,Aminosugars and aminoglycosides,0.5862768292427063,Amino cyclitols,0.4200887680053711,Aminocyclitol glycosides,0.585053026676178,Aminosaccharides,0.6589235663414001,Carbohydrates and carbohydrate conjugates,0.9153645038604736,Organooxygen compounds,0.999966025352478,Organic oxygen compounds,0.9998100399971008,"Organic compounds; Organoheterocyclic compounds; Carbohydrates and carbohydrate conjugates; Amino acids, peptides, and analogues; Alpha amino acids and derivatives; Alcohols and polyols; Ethers; Organic acids and derivatives; Carboxylic acids and derivatives; Organonitrogen compounds; Aminoglycosides; Primary alcohols; Organooxygen compounds; Amino acids and derivatives; Guanidines; Monoalkylamines; Carboxylic acid derivatives; Carboxylic acids; Cyclic alcohols and derivatives; Monosaccharides; Acetals; Secondary alcohols; Secondary carboxylic acid amides; Aminocyclitol glycosides; Carbonyl compounds; Oxanes; Glycosyl compounds; Polyols; Amines; Primary amines; Cyclitols and derivatives; Cyclohexanols; Tetrahydrofurans; Carboximidamides; Aminosaccharides; Organic oxides; Oxacyclic compounds; Hydrocarbon derivatives; Amino acids; Aspartic acid and derivatives; Organopnictogen compounds; Organic oxygen compounds; Organic nitrogen compounds; Chemical entities"
FT_12.842_543.06597,no name,C18H26O15P2,L3.2,yes,C18H26O15P2,[M - H]-,C18H26O15P2,Carbohydrates,0.682390034198761,Saccharides,0.5665386319160461,Cyclitols,0.5480654239654541,Disaccharide phosphates,0.5538861751556396,Disaccharides,0.7533605694770813,Carbohydrates and carbohydrate conjugates,0.9859927296638488,Organooxygen compounds,0.9999983310699464,Organic oxygen compounds,0.9999990463256836,Organic compounds; Organoheterocyclic compounds; Carbohydrates and carbohydrate conjugates; Alcohols and polyols; Ethers; Organic acids and derivatives; Carboxylic acids and derivatives; Primary alcohols; Organooxygen compounds; Organic phosphoric acids and derivatives; Phosphate esters; Carboxylic acid derivatives; Monocarboxylic acids and derivatives; Carboxylic acid esters; Monosaccharides; Monosaccharide phosphates; Disaccharides; Disaccharide phosphates; Acetals; Secondary alcohols; Carbonyl compounds; Oxanes; Glycosyl compounds; O-glycosyl compounds; Polyols; Alkyl phosphates; Dialkyl phosphates; Organic oxides; Oxacyclic compounds; Hydrocarbon derivatives; Organic oxygen compounds; Chemical entities
FT_12.933_530.08007,no name,C15H26N5O10PS2,L3.2,yes,C15H26N5O10PS2,[M - H]-,C15H26N5O10PS2,Carbohydrates,0.7343117594718933,Nucleosides,0.5527970790863037,Aminoglycosides,0.5238974094390869,Glycosylamines,0.5713959336280823,Glycosyl compounds,0.904287040233612,Carbohydrates and carbohydrate conjugates,0.9202543497085572,Organooxygen compounds,0.999728500843048,Organic oxygen compounds,0.99998676776886,"Organic compounds; Organoheterocyclic compounds; Organosulfur compounds; Carbohydrates and carbohydrate conjugates; Pyrimidines and pyrimidine derivatives; Alcohols and polyols; Organic acids and derivatives; Organonitrogen compounds; Nucleosides, nucleotides, and analogues; Organooxygen compounds; Organic phosphoric acids and derivatives; Organic sulfuric acids and derivatives; Phosphate esters; Sulfuric acid monoesters; Thioethers; Aminopyrimidines and derivatives; Diazines; Pentoses; Monosaccharides; Secondary alcohols; Imidazopyrimidines; Glycosyl compounds; Glycosylamines; Polyols; Amines; Primary amines; Tetrahydrofurans; 6-aminopurines; Carboximidamides; Alkyl phosphates; Monoalkyl phosphates; Dialkylthioethers; Imidolactams; Organic oxides; Azacyclic compounds; Oxacyclic compounds; Hydrocarbon derivatives; Organopnictogen compounds; Organic oxygen compounds; Organic nitrogen compounds; Chemical entities"
FT_13.009_565.10152,no name,C17H30N2O15S2,L3.2,yes,C17H30N2O15S2,[M - H]-,C17H30N2O15S2,Carbohydrates,0.6957412958145142,Aminosugars and aminoglycosides,0.8685914874076843,Aminosugars,0.777949869632721,N-acyl-alpha amino acids and derivatives,0.7802330255508423,Amino acids and derivatives,0.9252158999443054,"Amino acids, peptides, and analogues",0.925126612186432,Carboxylic acids and derivatives,0.9705971479415894,Organic acids and derivatives,0.9989759922027588,"Organic compounds; Organoheterocyclic compounds; Organosulfur compounds; Carbohydrates and carbohydrate conjugates; Lipids and lipid-like molecules; Amino acids, peptides, and analogues; Alpha amino acids and derivatives; Alcohols and polyols; Ethers; Organic acids and derivatives; Carboxylic acids and derivatives; Organonitrogen compounds; Primary alcohols; Organooxygen compounds; Fatty amides; Amino acids and derivatives; Carboxylic acid amides; Carboxylic acid derivatives; N-acyl amines; Thioacetals; N-acyl-alpha amino acids and derivatives; Carboxylic acids; Monosaccharides; Acetals; Secondary alcohols; Secondary carboxylic acid amides; Carbonyl compounds; Oxanes; Glycosyl compounds; Monothioacetals; Thioglycosides; Polyols; Alpha amino acid amides; Alpha amino acids; Sulfenyl compounds; Fatty Acyls; Acetamides; Organic oxides; Oxacyclic compounds; Hydrocarbon derivatives; Cysteine and derivatives; Glutamine and derivatives; Organopnictogen compounds; Organic oxygen compounds; Organic nitrogen compounds; Chemical entities"
FT_13.273_529.05022,no name,C17H24O15P2,L3.2,yes,C17H24O15P2,[M - H]-,C17H24O15P2,Carbohydrates,0.6250041127204895,Saccharides,0.6238039135932922,Monosaccharides,0.35334956645965576,Monosaccharide phosphates,0.7328943610191345,Monosaccharides,0.8051260113716125,Carbohydrates and carbohydrate conjugates,0.9151178598403932,Organooxygen compounds,0.999991774559021,Organic oxygen compounds,0.999995231628418,Organic compounds; Organoheterocyclic compounds; Carbohydrates and carbohydrate conjugates; Alcohols and polyols; Ethers; Organic acids and derivatives; Carboxylic acids and derivatives; Organooxygen compounds; Organic phosphoric acids and derivatives; Phosphate esters; Carboxylic acid derivatives; Monocarboxylic acids and derivatives; Carboxylic acid esters; Monosaccharides; Monosaccharide phosphates; Acetals; Secondary alcohols; Carbonyl compounds; Oxanes; Polyols; Alkyl phosphates; Monoalkyl phosphates; Organic oxides; Oxacyclic compounds; Hydrocarbon derivatives; Organic oxygen compounds; Chemical entities
FT_13.282_335.07517,no name,C10H17N4O7P,L3.2,yes,C10H17N4O7P,[M - H]-,C10H17N4O7P,Carbohydrates,0.6087335348129272,Nucleosides,0.5783632397651672,Purine nucleos(t)ides,0.3802373111248016,Monosaccharide phosphates,0.5114449262619019,Monosaccharides,0.5359146595001221,Carbohydrates and carbohydrate conjugates,0.5076309442520142,Organooxygen compounds,0.9999597072601318,Organic oxygen compounds,0.9999972581863404,"Organic compounds; Organoheterocyclic compounds; Carbohydrates and carbohydrate conjugates; Pyrimidines and pyrimidine derivatives; Imidazoles; Alcohols and polyols; Purines and purine derivatives; Organic acids and derivatives; Organonitrogen compounds; Primary alcohols; Nucleosides, nucleotides, and analogues; Organooxygen compounds; Organic phosphoric acids and derivatives; Phosphate esters; Azoles; Aminopyrimidines and derivatives; Diazines; Pentoses; Monosaccharides; Monosaccharide phosphates; Secondary alcohols; Imidazopyrimidines; Polyols; Substituted imidazoles; N-substituted imidazoles; Amines; Primary amines; 1,2-diols; Tetrahydrofurans; Alkyl phosphates; Monoalkyl phosphates; Organic oxides; Azacyclic compounds; Heteroaromatic compounds; Hydrocarbon derivatives; Organopnictogen compounds; Organic oxygen compounds; Organic nitrogen compounds; Chemical entities"
FT_13.283_429.12512,no name,C10H23N8O9P,L3.2,yes,C10H23N8O9P,[M - H]-,C10H23N8O9P,Carbohydrates,0.7548123598098755,Nucleosides,0.7499954700469971,Purine nucleos(t)ides,0.561456024646759,Purine nucleotides,0.587717592716217,NA,NA,NA,NA,Purine nucleotides,0.587717592716217,"Nucleosides, nucleotides, and analogues",0.8373766541481018,"Organic compounds; Organoheterocyclic compounds; Carbohydrates and carbohydrate conjugates; Pyrimidines and pyrimidine derivatives; Imidazoles; Alcohols and polyols; Purines and purine derivatives; Organic acids and derivatives; Organonitrogen compounds; Nucleosides, nucleotides, and analogues; Organooxygen compounds; Organic phosphoric acids and derivatives; Phosphate esters; Azoles; Aminopyrimidines and derivatives; Diazines; Pentoses; Purine nucleotides; Monosaccharides; Monosaccharide phosphates; Secondary alcohols; Imidazopyrimidines; Glycosyl compounds; Glycosylamines; Pentose phosphates; Polyols; Substituted imidazoles; N-substituted imidazoles; Amines; Primary amines; 1,2-diols; Tetrahydrofurans; Alkyl phosphates; Monoalkyl phosphates; Vinylogous amides; Organic oxides; Azacyclic compounds; Oxacyclic compounds; Heteroaromatic compounds; Hydrocarbon derivatives; Organopnictogen compounds; Organic oxygen compounds; Organic nitrogen compounds; Chemical entities"
FT_13.319_603.05365,no name,C18H27N2O15P3,L3.2,yes,C18H27N2O15P3,[M - H]-,C18H27N2O15P3,Carbohydrates,0.7885450124740601,Aminosugars and aminoglycosides,0.8854929804801941,Aminosugars,0.9187758564949036,Pyrimidine ribonucleotides,0.672215461730957,NA,NA,Pyrimidine ribonucleotides,0.672215461730957,Pyrimidine nucleotides,0.7635852694511414,"Nucleosides, nucleotides, and analogues",0.9414462447166444,"Organic compounds; Organoheterocyclic compounds; Carbohydrates and carbohydrate conjugates; Pyrimidines and pyrimidine derivatives; Alcohols and polyols; Lactams; Organic acids and derivatives; Carboxylic acids and derivatives; Organonitrogen compounds; Nucleosides, nucleotides, and analogues; Pyrimidones; Organooxygen compounds; Organic carbonic acids and derivatives; Organic phosphoric acids and derivatives; Phosphate esters; Organic oxoanionic compounds; Carboxylic acid derivatives; Diazines; Pentoses; Pyrimidine nucleotides; Monosaccharides; Monosaccharide phosphates; Secondary alcohols; Organic pyrophosphates; Carbonyl compounds; Oxanes; Glycosyl compounds; Pyrimidine ribonucleotides; Hydropyrimidines; Glycosylamines; Pentose phosphates; Polyols; Alkyl phosphates; Monoalkyl phosphates; Vinylogous amides; Acetamides; Organic oxides; Azacyclic compounds; Oxacyclic compounds; Heteroaromatic compounds; Hydrocarbon derivatives; Organopnictogen compounds; Organic oxygen compounds; Organic nitrogen compounds; Chemical entities"
FT_13.904_429.12517,no name,C15H26O14,L3.2,yes,C15H26O14,[M - H]-,C15H26O14,Carbohydrates,0.9273677468299866,Saccharides,0.9531289339065552,Disaccharides,0.97163188457489,C-glycosyl compounds,0.50165557861328125,Glycosyl compounds,0.9970927238464355,Carbohydrates and carbohydrate conjugates,0.9999874830245972,Organooxygen compounds,0.9999918937683104,Organic oxygen compounds,0.9999423027038574,Organic compounds; Organoheterocyclic compounds; Carbohydrates and carbohydrate conjugates; Alcohols and polyols; Ethers; Primary alcohols; Organooxygen compounds; Hemiacetals; Monocarboxylic acids and derivatives; Disaccharides; Acetals; Secondary alcohols; Oxanes; Glycosyl compounds; C-glycosyl compounds; O-glycosyl compounds; Polyols; Oxacyclic compounds; Hydrocarbon derivatives; Organic oxygen compounds; Chemical entities
FT_14.028_603.08687,no name,C20H24N6O12S2,L3.2,yes,C20H24N6O12S2,[M - H]-,C20H24N6O12S2,Amino acids and Peptides,0.5688986778259277,Amino acid glycosides,0.24624495208263397,pteridine alkaloids,0.19278927147388455,Glycosyl compounds,0.8721798062324524,Glycosyl compounds,0.8721798062324524,Carbohydrates and carbohydrate conjugates,0.9517699480056764,Organooxygen compounds,0.9980605244636536,Organic oxygen compounds,0.999996542930603,Organic compounds; Organoheterocyclic compounds; Organosulfur compounds; Carbohydrates and carbohydrate conjugates; Alcohols and polyols; Benzoic acids and derivatives; Organic acids and derivatives; Organonitrogen compounds; Primary alcohols; Organooxygen compounds; Organic sulfuric acids and derivatives; Sulfonyls; Monosaccharides; Secondary alcohols; Oxanes; Glycosyl compounds; Benzene and substituted derivatives; Polyols; Benzenoids; Organic oxides; Azacyclic compounds; Oxacyclic compounds; Heteroaromatic compounds; Hydrocarbon derivatives; Benzenesulfonyl compounds; Organopnictogen compounds; Organic oxygen compounds; Organic nitrogen compounds; Chemical entities
FT_14.029_606.08502,no name,C22H26NO17P,L3.2,yes,C22H26NO17P,[M - H]-,C22H26NO17P,Carbohydrates,0.7504129409790039,Aminosugars and aminoglycosides,0.6256530284881592,Aminosugars,0.7133567929267883,Pyrimidine ribonucleoside diphosphates,0.6152036190032959,Pyrimidine ribonucleoside diphosphates,0.6152036190032959,Pyrimidine ribonucleotides,0.6739952564239502,Pyrimidine nucleotides,0.6797708868980408,"Nucleosides, nucleotides, and analogues",0.89195716381073,"Organic compounds; Organoheterocyclic compounds; Carbohydrates and carbohydrate conjugates; Pyrimidines and pyrimidine derivatives; Alcohols and polyols; Organic acids and derivatives; Carboxylic acids and derivatives; Organonitrogen compounds; Primary alcohols; Nucleosides, nucleotides, and analogues; Organooxygen compounds; Organic phosphoric acids and derivatives; Phosphate esters; Organic oxoanionic compounds; Monocarboxylic acids and derivatives; Diazines; Pentoses; Pyrimidine nucleotides; Monosaccharides; Monosaccharide phosphates; Pyrimidine ribonucleoside diphosphates; Secondary alcohols; Organic pyrophosphates; Carbonyl compounds; Oxanes; Glycosyl compounds; Pyrimidine ribonucleotides; Hydropyrimidines; Glycosylamines; Pentose phosphates; Polyols; Tetrahydrofurans; Alkyl phosphates; Monoalkyl phosphates; Vinylogous amides; Organic oxides; Azacyclic compounds; Oxacyclic compounds; Heteroaromatic compounds; Hydrocarbon derivatives; Organopnictogen compounds; Organic oxygen compounds; Organic nitrogen compounds; Chemical entities"
FT_14.029_617.15437,no name,C23H30N4O16,L3.2,yes,C23H30N4O16,[M - H]-,C23H30N4O16,Carbohydrates,0.8671864867210388,Aminosugars and aminoglycosides,0.5365378260612488,Aminosugars,0.433998167514801,N-acyl-alpha-hexosamines,0.6926350593566895,Aminosaccharides,0.8172921538352966,Carbohydrates and carbohydrate conjugates,0.9994534850120544,Organooxygen compounds,0.9999833106994628,Organic oxygen compounds,0.9999598264694214,Organic compounds; Organoheterocyclic compounds; Carbohydrates and carbohydrate conjugates; Pyrimidines and pyrimidine derivatives; Alcohols and polyols; Ethers; Organic acids and derivatives; Carboxylic acids and derivatives; Organonitrogen compounds; Primary alcohols; Pyrimidones; Organooxygen compounds; Carboxylic acid amides; Carboxylic acid derivatives; Disaccharides; Acetals; Secondary alcohols; Secondary carboxylic acid amides; Carbonyl compounds; Oxanes; Glycosyl compounds; O-glycosyl compounds; N-acyl-alpha-hexosamines; Polyols; Aminosaccharides; Acetamides; Organic oxides; Oxacyclic compounds; Heteroaromatic compounds; Hydrocarbon derivatives; Organopnictogen compounds; Organic oxygen compounds; Organic nitrogen compounds; Chemical entities
FT_14.032_559.08117,no name,C19H28O15S2,L3.2,yes,C19H28O15S2,[M - H]-,C19H28O15S2,Carbohydrates,0.8143749237060547,Saccharides,0.8195991516113281,Disaccharides,0.8053939938545227,C-glycosyl compounds,0.630338728427887,Glycosyl compounds,0.964909553527832,Carbohydrates and carbohydrate conjugates,0.9977219700813292,Organooxygen compounds,0.998970866203308,Organic oxygen compounds,0.9997387528419496,Organic compounds; Organoheterocyclic compounds; Organosulfur compounds; Carbohydrates and carbohydrate conjugates; Alcohols and polyols; Ethers; Primary alcohols; Organooxygen compounds; Organic sulfuric acids and derivatives; Sulfuric acid monoesters; Thioacetals; Disaccharides; Acetals; Secondary alcohols; Oxanes; Glycosyl compounds; Monothioacetals; C-glycosyl compounds; Thioglycosides; O-glycosyl compounds; Polyols; Sulfuric acid esters; Alkyl sulfates; Organic oxides; Oxacyclic compounds; Hydrocarbon derivatives; Ketals; Organic oxygen compounds; Chemical entities
FT_14.250_419.08676,no name,C17H24O8S2,L3.2,yes,C17H24O8S2,[M - H]-,C17H24O8S2,Polyketides,0.2293805480003357,Glycerolipids,0.13808362185955048,Macrolide lactones,0.10694777965545654,C-glycosyl compounds,0.5007593631744385,Glycosyl compounds,0.7446567416191101,Carbohydrates and carbohydrate conjugates,0.8088874220848083,Organooxygen compounds,0.9966046810150146,Organic oxygen compounds,0.9999998807907104,Organic compounds; Organoheterocyclic compounds; Organosulfur compounds; Carbohydrates and carbohydrate conjugates; Organic acids and derivatives; Organosulfonic acids and derivatives; Organooxygen compounds; Organic sulfuric acids and derivatives; Sulfonyls; Organosulfonic acids; Sulfuric acid monoesters; Monosaccharides; Secondary alcohols; Oxanes; Glycosyl compounds; C-glycosyl compounds; Alkanesulfonic acids; Sulfuric acid esters; Alkyl sulfates; Organic oxides; Oxacyclic compounds; Hydrocarbon derivatives; Organic sulfonic acids and derivatives; Organic oxygen compounds; Chemical entities
FT_14.266_636.19911,no name,C22H39NO20,L3.2,yes,C22H39NO20,[M - H]-,C22H39NO20,Carbohydrates,0.9719279408454896,Saccharides,0.9575823545455932,Polysaccharides,0.914555847644806,Oligosaccharides,0.9459888339042664,Oligosaccharides,0.9459888339042664,Carbohydrates and carbohydrate conjugates,0.9999951124191284,Organooxygen compounds,0.999997854232788,Organic oxygen compounds,0.999966025352478,Organic compounds; Organoheterocyclic compounds; Carbohydrates and carbohydrate conjugates; Alcohols and polyols; Oligosaccharides; Ethers; Primary alcohols; Organooxygen compounds; Hemiacetals; Acetals; Secondary alcohols; Oxanes; Glycosyl compounds; O-glycosyl compounds; Polyols; Aminosaccharides; Oxacyclic compounds; Hydrocarbon derivatives; Organic oxygen compounds; Chemical entities
FT_14.691_446.09756,no name,C19H13N9O5,L3.2,yes,C19H13N9O5,[M - H]-,C19H13N9O5,Alkaloids,0.7646158933639526,Pseudoalkaloids,0.5265936255455017,pteridine alkaloids,0.5334905982017517,Pteridines and derivatives,0.5161176919937134,NA,NA,NA,NA,Pteridines and derivatives,0.5161176919937134,Organoheterocyclic compounds,0.9994675517082214,"Organic compounds; Organoheterocyclic compounds; Pyrazines; Pyrimidines and pyrimidine derivatives; Pteridines and derivatives; Organic acids and derivatives; Organonitrogen compounds; Pyrimidones; Organooxygen compounds; Azoles; Organic nitro compounds; Diazines; Organic oxoazanium compounds; Oxadiazoles; Furazans; Benzene and substituted derivatives; Benzenoids; Amines; Primary amines; Organic zwitterions; Organic 1,3-dipolar compounds; Allyl-type 1,3-dipolar organic compounds; Propargyl-type 1,3-dipolar organic compounds; Vinylogous amides; Organic oxides; C-nitro compounds; Azacyclic compounds; Oxacyclic compounds; Heteroaromatic compounds; Hydrocarbon derivatives; Organopnictogen compounds; Organic oxygen compounds; Nitroaromatic compounds; Organic nitrogen compounds; Chemical entities"
FT_14.736_269.95928,no name,C5H7NO8P2,L3.2,yes,C5H7NO8P2,[M - H]-,C5H7NO8P2,Alkaloids,0.5825504064559937,Nicotinic acid alkaloids,0.7681525349617004,Pyridine alkaloids,0.771685004234314,Phosphoethanolamines,0.520344078540802,Phosphoethanolamines,0.520344078540802,Phosphate esters,0.9893736243247986,Organic phosphoric acids and derivatives,0.994336187839508,Organic acids and derivatives,0.9999827146530152,Organic compounds; Organoheterocyclic compounds; Pyridines and derivatives; Organic acids and derivatives; Organonitrogen compounds; Organooxygen compounds; Organic phosphoric acids and derivatives; Phosphate esters; Monoalkylamines; Phosphoethanolamines; Carbonyl compounds; Pyridine carboxaldehydes; Aryl-aldehydes; Alkyl phosphates; Monoalkyl phosphates; Organic oxides; Azacyclic compounds; Heteroaromatic compounds; Hydrocarbon derivatives; Hydroxypyridines; Methylpyridines; Organopnictogen compounds; Organic oxygen compounds; Organic nitrogen compounds; Chemical entities
FT_14.745_275.95730,no name,C9HN4O5S,L3.2,yes,C9HN4O5S,[M - H]-,C9HN4O5S,Alkaloids,0.6090652942657471,Pseudoalkaloids,0.5806807279586792,pteridine alkaloids,0.30097725987434387,Nitroaromatic compounds,0.6298832893371582,C-nitro compounds,0.7297293543815613,Organic nitro compounds,0.7225483059883118,"Allyl-type 1,3-dipolar organic compounds",0.666100263595581,"Organic 1,3-dipolar compounds",0.7022352814674377,"Organic compounds; Organoheterocyclic compounds; Organosulfur compounds; Organic acids and derivatives; Organonitrogen compounds; Organooxygen compounds; Organic nitro compounds; Carboxylic acids; Organic oxoazanium compounds; Benzenoids; Organic 1,3-dipolar compounds; Allyl-type 1,3-dipolar organic compounds; Propargyl-type 1,3-dipolar organic compounds; Organic oxides; C-nitro compounds; Azacyclic compounds; Heteroaromatic compounds; Hydrocarbon derivatives; Organopnictogen compounds; Organic oxygen compounds; Nitroaromatic compounds; Organic nitrogen compounds; Chemical entities"
FT_14.755_500.91975,no name,C6H8N4O19P2,L3.2,yes,C6H8N4O19P2,[M - H]-,C6H8N4O19P2,Carbohydrates,0.561222493648529,Nucleosides,0.4844832122325897,Purine nucleos(t)ides,0.457815945148468,Purine ribonucleoside monophosphates,0.5501955151557922,Purine ribonucleoside monophosphates,0.5501955151557922,Purine ribonucleotides,0.6948522925376892,Purine nucleotides,0.3994887173175812,"Nucleosides, nucleotides, and analogues",0.7396001219749451,"Organic compounds; Organoheterocyclic compounds; Carbohydrates and carbohydrate conjugates; Pyrimidines and pyrimidine derivatives; Imidazoles; Alcohols and polyols; Organic acids and derivatives; Organonitrogen compounds; Nucleosides, nucleotides, and analogues; Organooxygen compounds; Organic phosphoric acids and derivatives; Phosphate esters; Azoles; Diazines; Pentoses; Monosaccharides; Monosaccharide phosphates; Purine ribonucleotides; Purine ribonucleoside monophosphates; Secondary alcohols; Glycosyl compounds; Glycosylamines; Pentose phosphates; Polyols; Substituted imidazoles; N-substituted imidazoles; Tetrahydrofurans; Alkyl phosphates; Monoalkyl phosphates; Organic 1,3-dipolar compounds; Propargyl-type 1,3-dipolar organic compounds; Vinylogous amides; Organic oxides; Azacyclic compounds; Oxacyclic compounds; Heteroaromatic compounds; Hydrocarbon derivatives; Organopnictogen compounds; Organic oxygen compounds; Organic nitrogen compounds; Chemical entities"
FT_14.756_272.95894,no name,C2H2N4O12,L3.2,yes,C2H2N4O12,[M - H]-,C2H2N4O12,Amino acids and Peptides,0.2870158851146698,Small peptides,0.3485221266746521,Aminoacids,0.4426363706588745,C-nitro compounds,0.8423155546188354,C-nitro compounds,0.8423155546188354,Organic nitro compounds,0.9806570410728456,"Allyl-type 1,3-dipolar organic compounds",0.9790016412734984,"Organic 1,3-dipolar compounds",0.967227816581726,"Organic compounds; Organic acids and derivatives; Carboxylic acids and derivatives; Organonitrogen compounds; Organooxygen compounds; Organic nitro compounds; Carboxylic acids; Organic oxoazanium compounds; Carbonyl compounds; Ortho amides; Organic 1,3-dipolar compounds; Allyl-type 1,3-dipolar organic compounds; Propargyl-type 1,3-dipolar organic compounds; Organic oxides; C-nitro compounds; Hydrocarbon derivatives; Organopnictogen compounds; Organic oxygen compounds; Organic nitrogen compounds; Chemical entities"
FT_14.759_160.97604,no name,C2H2N4O3S,L3.2,yes,C2H2N4O3S,[M - H]-,C2H2N4O3S,Amino acids and Peptides,0.5679688453674316,Small peptides,0.63715660572052,Aminoacids,0.6565454006195068,Azoles,0.5909979939460754,NA,NA,NA,NA,Azoles,0.5909979939460754,Organoheterocyclic compounds,0.6116342544555664,Organic compounds; Organoheterocyclic compounds; Organosulfur compounds; Organic acids and derivatives; Carboxylic acids and derivatives; Organonitrogen compounds; Organooxygen compounds; Azoles; Monocarboxylic acids and derivatives; Carboxylic acids; Carbonyl compounds; Sulfenyl compounds; Organic oxides; Azacyclic compounds; Hydrocarbon derivatives; Organopnictogen compounds; Organic oxygen compounds; Organic nitrogen compounds; Chemical entities
FT_14.760_158.97849,no name,C2N4O5,L3.2,yes,C2N4O5,[M - H]-,C2N4O5,Alkaloids,0.6451964378356934,Pseudoalkaloids,0.6179451942443848,pteridine alkaloids,0.4872905910015106,Heteroaromatic compounds,0.6389901638031006,NA,NA,NA,NA,Heteroaromatic compounds,0.6389901638031006,Organoheterocyclic compounds,0.8421014547348022,"Organic compounds; Organoheterocyclic compounds; Organic acids and derivatives; Carboxylic acids and derivatives; Organonitrogen compounds; Organooxygen compounds; Organic nitro compounds; Organic oxoazanium compounds; Organic 1,3-dipolar compounds; Allyl-type 1,3-dipolar organic compounds; Organic oxides; C-nitro compounds; Azacyclic compounds; Heteroaromatic compounds; Hydrocarbon derivatives; Organic oxygen compounds; Organic nitrogen compounds; Chemical entities"
FT_14.974_314.86449,no name,CH5N2O7PS4,L3.2,yes,CH5N2O7PS4,[M - H]-,CH5N2O7PS4,Amino acids and Peptides,0.7844365239143372,Small peptides,0.8443110585212708,Aminoacids,0.7777712345123291,Phosphoethanolamines,0.6239836812019348,Phosphoethanolamines,0.6239836812019348,Phosphate esters,0.5623067021369934,Organic phosphoric acids and derivatives,0.6742367148399353,Organic acids and derivatives,0.999659538269043,Organic compounds; Organosulfur compounds; Organic acids and derivatives; Organonitrogen compounds; Organic phosphoric acids and derivatives; Phosphate esters; Monoalkylamines; Phosphoethanolamines; Amines; Primary amines; Organic oxides; Hydrocarbon derivatives; Organopnictogen compounds; Organic oxygen compounds; Organic nitrogen compounds; Chemical entities
FT_15.006_711.21974,no name,C32H40O18,L3.2,yes,C32H40O18,[M - H]-,C32H40O18,Carbohydrates,0.6031548380851746,Saccharides,0.6446986794471741,Polysaccharides,0.7781512141227722,Oligosaccharides,0.8783540725708008,Oligosaccharides,0.8783540725708008,Carbohydrates and carbohydrate conjugates,0.9998538494110109,Organooxygen compounds,0.9999891519546508,Organic oxygen compounds,0.9999024868011476,Organic compounds; Organoheterocyclic compounds; Carbohydrates and carbohydrate conjugates; Alcohols and polyols; Chromones; Oligosaccharides; Ethers; Primary alcohols; Organooxygen compounds; Acetals; Secondary alcohols; Oxanes; Glycosyl compounds; O-glycosyl compounds; Benzene and substituted derivatives; Polyols; Benzenoids; Oxacyclic compounds; Hydrocarbon derivatives; Organic oxygen compounds; Chemical entities
FT_15.255_647.13409,no name,C21H33N2O19P,L3.2,yes,C21H33N2O19P,[M - H]-,C21H33N2O19P,Carbohydrates,0.947664201259613,Aminosugars and aminoglycosides,0.9466219544410706,Aminosugars,0.9564672708511353,Pyrimidine nucleotide sugars,0.9719030261039734,NA,NA,Pyrimidine nucleotide sugars,0.9719030261039734,Pyrimidine nucleotides,0.9628978371620178,"Nucleosides, nucleotides, and analogues",0.9833803176879884,"Organic compounds; Organoheterocyclic compounds; Carbohydrates and carbohydrate conjugates; Pyrimidines and pyrimidine derivatives; Alcohols and polyols; Lactams; Ethers; Organic acids and derivatives; Organonitrogen compounds; Primary alcohols; Nucleosides, nucleotides, and analogues; Pyrimidones; Organooxygen compounds; Organic carbonic acids and derivatives; Organic phosphoric acids and derivatives; Phosphate esters; Organic oxoanionic compounds; Ureas; Pyrimidine nucleotide sugars; Diazines; Pentoses; Pyrimidine nucleotides; Monosaccharides; Monosaccharide phosphates; Pyrimidine ribonucleoside diphosphates; Secondary alcohols; Organic pyrophosphates; Oxanes; Glycosyl compounds; Pyrimidine ribonucleotides; Hydropyrimidines; Glycosylamines; Pentose phosphates; Polyols; Tetrahydrofurans; Alkyl phosphates; Monoalkyl phosphates; Vinylogous amides; Organic oxides; Azacyclic compounds; Oxacyclic compounds; Heteroaromatic compounds; Hydrocarbon derivatives; Organopnictogen compounds; Organic oxygen compounds; Organic nitrogen compounds; Chemical entities"
FT_16.005_304.91409,no name,C2H2N4O10S2,L3.2,yes,C2H2N4O10S2,[M - H]-,C2H2N4O10S2,Amino acids and Peptides,0.2472614049911499,Small peptides,0.1438053697347641,Aminoacids,0.2035398781299591,Organic sulfuric acids and derivatives,0.5875349044799805,NA,NA,NA,NA,Organic sulfuric acids and derivatives,0.5875349044799805,Organic acids and derivatives,0.9913683533668518,Organic compounds; Organosulfur compounds; Organic acids and derivatives; Organosulfonic acids and derivatives; Organic sulfuric acids and derivatives; Organic oxoanionic compounds; Sulfonyls; Organosulfonic acids; Organic oxides; Hydrocarbon derivatives; Organic sulfonic acids and derivatives; Organic oxygen compounds; Chemical entities
FT_16.005_564.82986,no name,C13H5N4O10P3S3,L3.2,yes,C13H5N4O10P3S3,[M - H]-,C13H5N4O10P3S3,Alkaloids,0.6248444318771362,Tropolones,0.07179112732410431,Phenazine alkaloids,0.11990470439195632,Naphthalene sulfonic acids and derivatives,0.5460672974586487,NA,NA,Naphthalene sulfonic acids and derivatives,0.5460672974586487,Naphthalenes,0.5426245927810669,Benzenoids,0.9855718612670898,"Organic compounds; Organosulfur compounds; Naphthalenes; Benzenesulfonic acids and derivatives; Organic acids and derivatives; Organosulfonic acids and derivatives; Organonitrogen compounds; Organic phosphoric acids and derivatives; Phosphate esters; Sulfonyls; Organosulfonic acids; Arylsulfonic acids and derivatives; Benzenoids; Arylsufonic acids; 1-sulfo,2-unsubstituted aromatic compounds; Naphthalene sulfonic acids and derivatives; Organic oxides; Hydrocarbon derivatives; Benzenesulfonyl compounds; Organic sulfonic acids and derivatives; Organic oxygen compounds; Aryl phosphates; Organic nitrogen compounds; Chemical entities"
FT_2.068_379.01299,no name,C10H13N4O8PS,L3.2,yes,C10H13N4O8PS,[M - H]-,C10H13N4O8PS,Carbohydrates,0.6192143559455872,Nucleosides,0.6186575889587402,Purine nucleos(t)ides,0.6448948383331299,"3',5'-cyclic purine nucleotides",0.5093653798103333,"3',5'-cyclic purine nucleotides",0.5093653798103333,Cyclic purine nucleotides,0.5015197992324829,Purine nucleotides,0.4392961263656616,"Nucleosides, nucleotides, and analogues",0.6387419104576111,"Organic compounds; Organoheterocyclic compounds; Carbohydrates and carbohydrate conjugates; Pyrimidines and pyrimidine derivatives; Imidazoles; Purines and purine derivatives; Organic acids and derivatives; Organonitrogen compounds; Nucleosides, nucleotides, and analogues; Organooxygen compounds; Organic phosphoric acids and derivatives; Organic sulfuric acids and derivatives; Phosphate esters; Azoles; Aminopyrimidines and derivatives; Diazines; Cyclic purine nucleotides; Pentoses; 3',5'-cyclic purine nucleotides; Monosaccharides; Imidazopyrimidines; Glycosyl compounds; Glycosylamines; Substituted imidazoles; N-substituted imidazoles; Amines; Primary amines; 6-aminopurines; Imidolactams; Organic oxides; Azacyclic compounds; Oxacyclic compounds; Heteroaromatic compounds; Hydrocarbon derivatives; Organopnictogen compounds; Organic oxygen compounds; Organic nitrogen compounds; Chemical entities"
FT_2.098_286.98634,no name,C10H10O6P2,L3.2,yes,C10H10O6P2,[M - H]-,C10H10O6P2,Shikimates and Phenylpropanoids,0.6200559735298157,Phenolic acids (C6-C1),0.6181923151016235,Simple phenolic acids,0.6406181454658508,Benzene and substituted derivatives,0.6042514443397522,NA,NA,NA,NA,Benzene and substituted derivatives,0.6042514443397522,Benzenoids,0.9191749095916748,Organic compounds; Organic acids and derivatives; Organooxygen compounds; Organophosphorus compounds; Organic phosphonic acids and derivatives; Monocarboxylic acids and derivatives; Benzene and substituted derivatives; Benzenoids; Organic oxides; Hydrocarbon derivatives; Organic oxygen compounds; Chemical entities
FT_2.202_278.99668,no name,C12H10O4P2,L3.2,yes,C12H10O4P2,[M - H]-,C12H10O4P2,Shikimates and Phenylpropanoids,0.6340978145599365,Phenolic acids (C6-C1),0.5264029502868652,Simple phenolic acids,0.5494043827056885,Benzene and substituted derivatives,0.7147778272628784,NA,NA,NA,NA,Benzene and substituted derivatives,0.7147778272628784,Benzenoids,0.994109272956848,Organic compounds; Organic acids and derivatives; Carboxylic acids and derivatives; Organooxygen compounds; Organophosphorus compounds; Organic phosphonic acids and derivatives; Monocarboxylic acids and derivatives; Phosphonic acid esters; Benzene and substituted derivatives; Benzenoids; Organic oxides; Phosphacyclic compounds; Hydrocarbon derivatives; Organic oxygen compounds; Chemical entities
FT_2.225_247.05869,no name,C10H17O3PS,L3.2,yes,C10H17O3PS,[M - H]-,C10H17O3PS,Fatty acids,0.5368456840515137,Aromatic polyketides,0.44619038701057434,Catechols with side chains,0.48228707909584045,Benzene and substituted derivatives,0.9520828723907472,NA,NA,NA,NA,Benzene and substituted derivatives,0.9520828723907472,Benzenoids,0.8476932644844055,Organic compounds; Organosulfur compounds; Organic acids and derivatives; Organooxygen compounds; Organophosphorus compounds; Organic phosphonic acids and derivatives; Thiophosphoric acid esters; Benzene and substituted derivatives; Benzenoids; Sulfenyl compounds; Organic oxides; Hydrocarbon derivatives; Organic oxygen compounds; Chemical entities
FT_2.240_171.02745,no name,C5H6N3O4,L3.2,yes,C5H6N3O4,[M - H]-,C5H6N3O4,Amino acids and Peptides,0.310666024684906,Small peptides,0.4335392713546753,Aminoacids,0.2847708761692047,Alpha amino acids and derivatives,0.5847718119621277,Amino acids and derivatives,0.37368378043174744,"Amino acids, peptides, and analogues",0.3668903708457947,Carboxylic acids and derivatives,0.6484434604644775,Organic acids and derivatives,0.9381805062294006,"Organic compounds; Alpha amino acids and derivatives; Organic acids and derivatives; Carboxylic acids and derivatives; Organonitrogen compounds; Organooxygen compounds; Carbonyl compounds; Organic 1,3-dipolar compounds; Propargyl-type 1,3-dipolar organic compounds; Organic oxides; Hydrocarbon derivatives; Organopnictogen compounds; Organic oxygen compounds; Organic nitrogen compounds; Chemical entities"
FT_2.241_202.96511,no name,C6H6O4P2,L3.2,yes,C6H6O4P2,[M - H]-,C6H6O4P2,Fatty acids,0.5983026027679443,Fatty Acids and Conjugates,0.5286684632301331,Simple phenolic acids,0.3803899884223938,Carboxylic acids,0.5483402609825134,NA,NA,Carboxylic acids,0.5483402609825134,Carboxylic acids and derivatives,0.6179497838020325,Organic acids and derivatives,0.979006826877594,Organic compounds; Organic acids and derivatives; Carboxylic acids and derivatives; Organooxygen compounds; Organophosphorus compounds; Monocarboxylic acids and derivatives; Carboxylic acids; Carbonyl compounds; Organic oxides; Hydrocarbon derivatives; Organopnictogen compounds; Organic oxygen compounds; Chemical entities
FT_2.245_287.08846,no name,C8H19O6P,L3.2,yes,C8H19O6P,[M + CH2O2 - H]-,C9H21O8P,Fatty acids,0.6064289808273315,Glycerophospholipids,0.5909631252288818,Fatty alcohols,0.3617444932460785,Glycerophosphates,0.5826618075370789,NA,NA,Glycerophosphates,0.5826618075370789,Glycerophospholipids,0.7066322565078735,Lipids and lipid-like molecules,0.5467846989631653,Organic compounds; Lipids and lipid-like molecules; Alcohols and polyols; Glycerophospholipids; Organic acids and derivatives; Primary alcohols; Organooxygen compounds; Organic phosphoric acids and derivatives; Phosphate esters; Secondary alcohols; Glycerophosphates; Alkyl phosphates; Monoalkyl phosphates; Organic oxides; Hydrocarbon derivatives; Organic oxygen compounds; Chemical entities
FT_2.313_265.91220,no name,C4HN2O8P2,L3.2,yes,C4HN2O8P2,[M - H]-,C4HN2O8P2,Alkaloids,0.5488676428794861,Nicotinic acid alkaloids,0.23285306990146637,Pyridine alkaloids,0.21549023687839508,Aryl phosphates,0.530918300151825,Aryl phosphates,0.530918300151825,Phosphate esters,0.633232593536377,Organic phosphoric acids and derivatives,0.7322239279747009,Organic acids and derivatives,0.992584764957428,"Organic compounds; Organic acids and derivatives; Carboxylic acids and derivatives; Organonitrogen compounds; Organooxygen compounds; Organic phosphoric acids and derivatives; Phosphate esters; Organic nitro compounds; Carboxylic acids; Organic oxoazanium compounds; Organic 1,3-dipolar compounds; Allyl-type 1,3-dipolar organic compounds; Propargyl-type 1,3-dipolar organic compounds; Organic salts; Organic oxides; C-nitro compounds; Hydrocarbon derivatives; Organopnictogen compounds; Organic oxygen compounds; Nitroaromatic compounds; Aryl phosphates; Organic nitrogen compounds; Chemical entities"
FT_2.319_282.90214,no name,C6H7NO2PS4,L3.2,yes,C6H7NO2PS4,[M - H]-,C6H7NO2PS4,Alkaloids,0.5494129061698914,Small peptides,0.24817726016044617,Aminoacids,0.3986106514930725,Aryl thiophosphates,0.5947978496551514,Aryl thiophosphates,0.5947978496551514,Thiophosphoric acid esters,0.7626103162765503,Organic thiophosphoric acids and derivatives,0.8090908527374268,Organic acids and derivatives,0.8543409705162048,Organic compounds; Organic acids and derivatives; Organonitrogen compounds; Organooxygen compounds; Organic thiophosphoric acids and derivatives; Thiophosphoric acid esters; Benzenoids; Hydrocarbon derivatives; Organopnictogen compounds; Organic oxygen compounds; Aryl thiophosphates; Organic nitrogen compounds; Chemical entities
FT_2.321_304.07877,no name,C10H15N3O8,L3.2,yes,C10H15N3O8,[M - H]-,C10H15N3O8,Shikimates and Phenylpropanoids,0.7006319165229797,Phenolic acids (C6-C1),0.6838263869285583,Simple phenolic acids,0.67762291431427,Gallic acid and derivatives,0.6352518796920776,Hydroxybenzoic acid derivatives,0.8223622441291809,Benzoic acids and derivatives,0.9833698272705078,Benzene and substituted derivatives,0.9995105266571044,Benzenoids,0.999646782875061,Organic compounds; Alkyl aryl ethers; Phenols; Anisoles; Benzoic acids and derivatives; Methoxyphenols; Ethers; Organic acids and derivatives; Carboxylic acids and derivatives; Benzoyl derivatives; Organooxygen compounds; Guanidines; Carboxylic acid derivatives; Carboxylic acids; Hydroxybenzoic acid derivatives; Gallic acid and derivatives; Benzene and substituted derivatives; Phenol ethers; Methoxybenzoic acids and derivatives; M-methoxybenzoic acids and derivatives; Benzenoids; Benzoic acids; Organic oxides; Methoxybenzenes; Hydrocarbon derivatives; Organic oxygen compounds; Phenoxy compounds; Chemical entities
FT_2.472_395.00774,no name,C16H12O10S,L3.2,yes,C16H12O10S,[M - H]-,C16H12O10S,Shikimates and Phenylpropanoids,0.6027334332466125,Phenolic acids (C6-C1),0.7672678828239441,Simple phenolic acids,0.7641498446464539,Sulfobenzoic acids,0.5336997509002686,Sulfobenzoic acids,0.5336997509002686,Benzenesulfonic acids and derivatives,0.8731392025947571,Benzene and substituted derivatives,0.9155240654945374,Benzenoids,0.9978278279304504,"Organic compounds; Organosulfur compounds; Benzenesulfonic acids and derivatives; Sulfobenzoic acids; Alkyl aryl ethers; Anisoles; Benzoic acids and derivatives; Ethers; Organic acids and derivatives; Carboxylic acids and derivatives; Organosulfonic acids and derivatives; Benzoyl derivatives; Organooxygen compounds; Carboxylic acid derivatives; Phthalic acid and derivatives; M-phthalic acid and derivatives; Sulfonyls; Organosulfonic acids; Carboxylic acids; Carboxylic acid esters; Arylsulfonic acids and derivatives; Benzene and substituted derivatives; Phenol ethers; Benzenoids; Arylsufonic acids; 1-sulfo,2-unsubstituted aromatic compounds; Methyl esters; Organic oxides; Phthalate esters; m-Phthalate esters; Hydrocarbon derivatives; Benzenesulfonyl compounds; Organic sulfonic acids and derivatives; Organic oxygen compounds; Chemical entities"
FT_2.492_289.00213,no name,C10H10O8S,L3.2,yes,C10H10O8S,[M - H]-,C10H10O8S,Shikimates and Phenylpropanoids,0.5441654324531555,Phenolic acids (C6-C1),0.6782524585723877,Simple phenolic acids,0.6215669512748718,Arylsulfonic acids and derivatives,0.5498742461204529,Arylsulfonic acids and derivatives,0.5498742461204529,Organosulfonic acids and derivatives,0.8407983183860779,Organic sulfonic acids and derivatives,0.8400042057037354,Organic acids and derivatives,0.9998998641967772,Organic compounds; Organosulfur compounds; Organic acids and derivatives; Carboxylic acids and derivatives; Organosulfonic acids and derivatives; Organooxygen compounds; Sulfonyls; Organosulfonic acids; Carboxylic acids; Carbonyl compounds; Arylsulfonic acids and derivatives; Organic oxides; Hydrocarbon derivatives; Organic sulfonic acids and derivatives; Organic oxygen compounds; Chemical entities
FT_2.688_253.06373,no name,C12H15O4P,L3.2,yes,C12H15O4P,[M - H]-,C12H15O4P,Terpenoids,0.5105383396148682,Aromatic polyketides,0.2615540623664856,Simple phenolic acids,0.1285320520401001,Benzene and substituted derivatives,0.7072084546089172,NA,NA,NA,NA,Benzene and substituted derivatives,0.7072084546089172,Benzenoids,0.6712421178817749,Organic compounds; Organic acids and derivatives; Organooxygen compounds; Carbonyl compounds; Benzene and substituted derivatives; Benzenoids; Organic oxides; Hydrocarbon derivatives; Organic oxygen compounds; Chemical entities
FT_2.709_318.95529,no name,C9H8N2O5S3,L3.2,yes,C9H8N2O5S3,[M - H]-,C9H8N2O5S3,Shikimates and Phenylpropanoids,0.6043641567230225,Phenolic acids (C6-C1),0.5728599429130554,Simple phenolic acids,0.5555465817451477,Hydroxybenzoic acid derivatives,0.7165115475654602,Hydroxybenzoic acid derivatives,0.7165115475654602,Benzoic acids and derivatives,0.7553831338882446,Benzene and substituted derivatives,0.98615300655365,Benzenoids,0.9967988729476928,Organic compounds; Organosulfur compounds; Alkyl aryl ethers; Phenols; Catechols; Anisoles; Benzoic acids and derivatives; Ethers; Organic acids and derivatives; Carboxylic acids and derivatives; Organonitrogen compounds; Benzoyl derivatives; Organooxygen compounds; Organic sulfuric acids and derivatives; Hydroxybenzoic acid derivatives; Benzenediols; Benzene and substituted derivatives; Phenol ethers; Benzenoids; Organic oxides; Methoxybenzenes; Hydrocarbon derivatives; Organic oxygen compounds; 1-hydroxy-2-unsubstituted benzenoids; 1-hydroxy-4-unsubstituted benzenoids; Organic nitrogen compounds; Phenoxy compounds; Chemical entities
FT_2.710_287.01750,no name,C7H13O10P,L3.2,yes,C7H13O10P,[M - H]-,C7H13O10P,Carbohydrates,0.7056454420089722,Saccharides,0.8755950927734375,Monosaccharides,0.6695314049720764,Monosaccharide phosphates,0.7548813819885254,Monosaccharides,0.9446276426315308,Carbohydrates and carbohydrate conjugates,0.9197877645492554,Organooxygen compounds,0.999980926513672,Organic oxygen compounds,0.999995231628418,Organic compounds; Carbohydrates and carbohydrate conjugates; Alcohols and polyols; Fatty acids and conjugates; Organic acids and derivatives; Carboxylic acids and derivatives; Medium-chain hydroxy acids and derivatives; Organooxygen compounds; Hydroxy fatty acids; Organic phosphoric acids and derivatives; Phosphate esters; Hydroxy acids and derivatives; Monocarboxylic acids and derivatives; Carboxylic acids; Pentoses; Monosaccharides; Monosaccharide phosphates; Secondary alcohols; Beta hydroxy acids and derivatives; Carbonyl compounds; Polyols; Alkyl phosphates; Monoalkyl phosphates; Organic oxides; Hydrocarbon derivatives; Organic oxygen compounds; Chemical entities
FT_3.855_594.16781,no name,C19H37N3O14S2,L3.2,yes,C19H37N3O14S2,[M - H]-,C19H37N3O14S2,Carbohydrates,0.7640111446380615,Aminosugars and aminoglycosides,0.9027546048164368,Aminoglycosides,0.6602285504341125,Alpha amino acid amides,0.6201246380805969,Amino acids and derivatives,0.6860559582710266,"Amino acids, peptides, and analogues",0.695963978767395,Carboxylic acids and derivatives,0.8889229893684387,Organic acids and derivatives,0.9999864101409912,"Organic compounds; Organoheterocyclic compounds; Organosulfur compounds; Carbohydrates and carbohydrate conjugates; Amino acids, peptides, and analogues; Alpha amino acids and derivatives; Alcohols and polyols; Organic acids and derivatives; Carboxylic acids and derivatives; Organonitrogen compounds; Primary alcohols; Organooxygen compounds; Amino acids and derivatives; Organic sulfuric acids and derivatives; Monoalkylamines; Carboxylic acid amides; Carboxylic acid derivatives; N-acyl amines; Sulfuric acid monoesters; Hexoses; Monosaccharides; Secondary alcohols; Secondary carboxylic acid amides; Carbonyl compounds; Oxanes; Glycosyl compounds; Alpha amino acid amides; Amines; Primary amines; Sulfenyl compounds; Sulfuric acid esters; Alkyl sulfates; Acetamides; Organic oxides; Oxacyclic compounds; Hydrocarbon derivatives; Organopnictogen compounds; Organic oxygen compounds; Organic nitrogen compounds; Chemical entities"
FT_3.856_296.04220,no name,C13H7N5O4,L3.2,yes,C13H7N5O4,[M - H]-,C13H7N5O4,Alkaloids,0.716525673866272,Anthranilic acid alkaloids,0.31418436765670776,Quinoline alkaloids,0.1428402066230774,Nitrobenzenes,0.6485153436660767,NA,NA,Nitrobenzenes,0.6485153436660767,Benzene and substituted derivatives,0.5263024568557739,Benzenoids,0.9956424236297609,"Organic compounds; Organoheterocyclic compounds; Nitrobenzenes; Organic acids and derivatives; Organonitrogen compounds; Organooxygen compounds; Organic nitro compounds; Organic oxoazanium compounds; Benzene and substituted derivatives; Benzenoids; Organic zwitterions; Organic 1,3-dipolar compounds; Allyl-type 1,3-dipolar organic compounds; Propargyl-type 1,3-dipolar organic compounds; Organic oxides; C-nitro compounds; Azacyclic compounds; Heteroaromatic compounds; Hydrocarbon derivatives; Organopnictogen compounds; Organic oxygen compounds; Nitroaromatic compounds; Organic nitrogen compounds; Chemical entities"
FT_3.967_357.05539,no name,C7H12N4O10,L3.2,yes,C7H12N4O10,[M + CH2O2 - H]-,C8H14N4O12,Carbohydrates,0.322659432888031,Small peptides,0.3680362105369568,Aminoacids,0.3104557693004608,Alpha amino acids and derivatives,0.5585418343544006,Amino acids and derivatives,0.44699710607528687,"Amino acids, peptides, and analogues",0.4472067654132843,Carboxylic acids and derivatives,0.48192116618156433,Organic acids and derivatives,0.8446559906005859,"Organic compounds; Organoheterocyclic compounds; Carbohydrates and carbohydrate conjugates; Alpha amino acids and derivatives; Alcohols and polyols; Organic acids and derivatives; Organonitrogen compounds; Organooxygen compounds; Guanidines; Secondary alcohols; Carbonyl compounds; Tetrahydrofurans; Carboximidamides; Organic 1,3-dipolar compounds; Propargyl-type 1,3-dipolar organic compounds; Organic oxides; Hydrocarbon derivatives; Organopnictogen compounds; Organic oxygen compounds; Organic nitrogen compounds; Chemical entities"
FT_6.178_335.06127,no name,C13H12N4O7,L3.2,yes,C13H12N4O7,[M - H]-,C13H12N4O7,Carbohydrates,0.9762853384017944,Nucleosides,0.9750896096229552,Purine nucleos(t)ides,0.968342661857605,Purine nucleosides,0.9947896003723145,NA,NA,NA,NA,Purine nucleosides,0.9947896003723145,"Nucleosides, nucleotides, and analogues",0.9938390851020812,"Organic compounds; Organoheterocyclic compounds; Carbohydrates and carbohydrate conjugates; Pyrimidines and pyrimidine derivatives; Imidazoles; Alcohols and polyols; Purines and purine derivatives; Hypoxanthines; Organic acids and derivatives; Organonitrogen compounds; Primary alcohols; Nucleosides, nucleotides, and analogues; Pyrimidones; Organooxygen compounds; Azoles; Purine nucleosides; Purinones; Diazines; Pentoses; 6-oxopurines; Monosaccharides; Secondary alcohols; Imidazopyrimidines; Glycosyl compounds; Glycosylamines; Substituted imidazoles; N-substituted imidazoles; Tetrahydrofurans; Vinylogous amides; Organic oxides; Azacyclic compounds; Oxacyclic compounds; Heteroaromatic compounds; Hydrocarbon derivatives; Organopnictogen compounds; Organic oxygen compounds; Organic nitrogen compounds; Chemical entities"
FT_7.677_632.72756,no name,C8H4N4O12P2S7,L3.2,yes,C8H4N4O12P2S7,[M - H]-,C8H4N4O12P2S7,Alkaloids,0.6654050946235657,Pseudoalkaloids,0.2591076195240021,pteridine alkaloids,0.059434924274683,Benzenesulfonic acids and derivatives,0.7081822156906128,NA,NA,Benzenesulfonic acids and derivatives,0.7081822156906128,Benzene and substituted derivatives,0.169359028339386,Benzenoids,0.6941651105880737,"Organic compounds; Organoheterocyclic compounds; Organosulfur compounds; Benzenesulfonic acids and derivatives; Organic acids and derivatives; Organosulfonic acids and derivatives; Organonitrogen compounds; Organic phosphoric acids and derivatives; Phosphate esters; Sulfonyls; Organosulfonic acids; Arylsulfonic acids and derivatives; Benzenoids; Arylsufonic acids; 1-sulfo,2-unsubstituted aromatic compounds; Organic oxides; Heteroaromatic compounds; Hydrocarbon derivatives; Benzenesulfonyl compounds; Organic sulfonic acids and derivatives; Organic oxygen compounds; Organic nitrogen compounds; Chemical entities"
FT_7.681_548.76647,no name,C10H4N2O9P2S6,L3.2,yes,C10H4N2O9P2S6,[M - H]-,C10H4N2O9P2S6,Alkaloids,0.5890046954154968,Tropolones,0.10663348436355592,Phenazine alkaloids,0.08656400442123413,Arylsulfonic acids and derivatives,0.7758363485336304,Arylsulfonic acids and derivatives,0.7758363485336304,Organosulfonic acids and derivatives,0.7417770624160767,Organic sulfonic acids and derivatives,0.7398214340209961,Organic acids and derivatives,0.989044189453125,Organic compounds; Organoheterocyclic compounds; Organosulfur compounds; Organic acids and derivatives; Organosulfonic acids and derivatives; Organonitrogen compounds; Organooxygen compounds; Sulfonyls; Organosulfonic acids; Arylsulfonic acids and derivatives; Benzenoids; Organic oxides; Heteroaromatic compounds; Hydrocarbon derivatives; Organic sulfonic acids and derivatives; Organopnictogen compounds; Organic oxygen compounds; Organic nitrogen compounds; Chemical entities
FT_7.848_240.95581,no name,C4H6NO7P2,L3.2,yes,C4H6NO7P2,[M - H]-,C4H6NO7P2,Amino acids and Peptides,0.7157484889030457,Small peptides,0.8100453615188599,Aminoacids,0.7567317485809326,Alpha amino acids and derivatives,0.7477603554725647,Amino acids and derivatives,0.8649243712425232,"Amino acids, peptides, and analogues",0.8653305768966675,Carboxylic acids and derivatives,0.9915800094604492,Organic acids and derivatives,0.9999871253967284,"Organic compounds; Amino acids, peptides, and analogues; Alpha amino acids and derivatives; Organic acids and derivatives; Carboxylic acids and derivatives; Organonitrogen compounds; Organooxygen compounds; Amino acids and derivatives; Organic phosphoric acids and derivatives; Phosphate esters; Monocarboxylic acids and derivatives; Carboxylic acids; Carbonyl compounds; Organic oxides; Hydrocarbon derivatives; Organopnictogen compounds; Organic oxygen compounds; Organic nitrogen compounds; Chemical entities"
FT_8.842_520.91024,no name,C5H8N4O21P2,L3.2,yes,C5H8N4O21P2,[M - H]-,C5H8N4O21P2,Carbohydrates,0.6463119983673096,Nucleosides,0.422145813703537,Pyrimidine nucleos(t)ides,0.06622094660997391,1-ribosyl-imidazolecarboxamides,0.6263236999511719,NA,NA,1-ribosyl-imidazolecarboxamides,0.6263236999511719,Imidazole ribonucleosides and ribonucleotides,0.9392974376678468,"Nucleosides, nucleotides, and analogues",0.8097637891769409,"Organic compounds; Organoheterocyclic compounds; Carbohydrates and carbohydrate conjugates; Imidazoles; Alcohols and polyols; Organic acids and derivatives; Organonitrogen compounds; Nucleosides, nucleotides, and analogues; Organooxygen compounds; Organic phosphoric acids and derivatives; Phosphate esters; Azoles; 1-ribosyl-imidazolecarboxamides; Pentoses; Monosaccharides; Monosaccharide phosphates; Secondary alcohols; Imidazole ribonucleosides and ribonucleotides; Glycosyl compounds; Glycosylamines; Pentose phosphates; Polyols; Substituted imidazoles; N-substituted imidazoles; Carbonylimidazoles; Tetrahydrofurans; Alkyl phosphates; Monoalkyl phosphates; Organic 1,3-dipolar compounds; Propargyl-type 1,3-dipolar organic compounds; Vinylogous amides; Organic oxides; Azacyclic compounds; Oxacyclic compounds; Heteroaromatic compounds; Hydrocarbon derivatives; Organopnictogen compounds; Organic oxygen compounds; Organic nitrogen compounds; Chemical entities"
FT_8.842_588.89767,no name,C11H10N8O11S5,L3.2,yes,C11H10N8O11S5,[M - H]-,C11H10N8O11S5,Amino acids and Peptides,0.7125966548919678,β-lactams,0.8379107713699341,Cephalosporins,0.9025500416755676,N-acyl-alpha amino acids and derivatives,0.707693338394165,Amino acids and derivatives,0.8716567158699036,"Amino acids, peptides, and analogues",0.874901294708252,Carboxylic acids and derivatives,0.9056950211524964,Organic acids and derivatives,0.9994363188743592,"Organic compounds; Organoheterocyclic compounds; Organosulfur compounds; Amino acids, peptides, and analogues; Alpha amino acids and derivatives; Thiazoles; Azetidines; Lactams; Beta lactams; Organic acids and derivatives; Carboxylic acids and derivatives; Organonitrogen compounds; Organooxygen compounds; Amino acids and derivatives; Organic sulfuric acids and derivatives; Azoles; Carboxylic acid amides; Carboxylic acid derivatives; N-acyl-alpha amino acids and derivatives; Thioethers; Secondary carboxylic acid amides; Tertiary carboxylic acid amides; Carbonyl compounds; Aminothiazoles; 2,4-disubstituted thiazoles; Sulfenyl compounds; Organic 1,3-dipolar compounds; Organic oxides; 2-amino-1,3-thiazoles; Azacyclic compounds; Heteroaromatic compounds; Hydrocarbon derivatives; Organopnictogen compounds; Organic oxygen compounds; Organic nitrogen compounds; Chemical entities"
FT_8.843_452.92293,no name,C8H4N6O13P2,L3.2,yes,C8H4N6O13P2,[M - H]-,C8H4N6O13P2,Alkaloids,0.6028788685798645,Pseudoalkaloids,0.25927653908729553,Purine nucleos(t)ides,0.21718506515026093,Aryl phosphates,0.6502785682678223,Aryl phosphates,0.6502785682678223,Phosphate esters,0.6977733373641968,Organic phosphoric acids and derivatives,0.9860082268714904,Organic acids and derivatives,0.9998278617858888,"Organic compounds; Organoheterocyclic compounds; Pyrimidines and pyrimidine derivatives; Imidazoles; Purines and purine derivatives; Organic acids and derivatives; Organonitrogen compounds; Organooxygen compounds; Organic phosphoric acids and derivatives; Phosphate esters; Azoles; Organic nitro compounds; Diazines; Organic oxoazanium compounds; Substituted imidazoles; N-substituted imidazoles; Benzenoids; Organic 1,3-dipolar compounds; Allyl-type 1,3-dipolar organic compounds; Propargyl-type 1,3-dipolar organic compounds; Organic salts; Organic oxides; C-nitro compounds; Azacyclic compounds; Oxacyclic compounds; Heteroaromatic compounds; Hydrocarbon derivatives; Organopnictogen compounds; Organic oxygen compounds; Nitroaromatic compounds; Aryl phosphates; Organic nitrogen compounds; Chemical entities"
FT_8.844_248.96047,no name,C4H4N4O5P2,L3.2,yes,C4H4N4O5P2,[M - H]-,C4H4N4O5P2,Alkaloids,0.7114442586898804,Pseudoalkaloids,0.5723499655723572,pteridine alkaloids,0.5432157516479492,Phosphate esters,0.5687663555145264,NA,NA,Phosphate esters,0.5687663555145264,Organic phosphoric acids and derivatives,0.8051252961158752,Organic acids and derivatives,0.9972654581069946,Organic compounds; Organoheterocyclic compounds; Imidazoles; Organic acids and derivatives; Organonitrogen compounds; Organooxygen compounds; Organic phosphoric acids and derivatives; Phosphate esters; Azoles; Organic oxides; Azacyclic compounds; Heteroaromatic compounds; Hydrocarbon derivatives; Organopnictogen compounds; Organic oxygen compounds; Organic nitrogen compounds; Chemical entities
FT_8.844_384.93558,no name,C5H4N6O11P2,L3.2,yes,C5H4N6O11P2,[M - H]-,C5H4N6O11P2,Alkaloids,0.6040418148040771,Pseudoalkaloids,0.5666757225990295,pteridine alkaloids,0.47044265270233154,Purines and purine derivatives,0.7352728843688965,NA,NA,Purines and purine derivatives,0.7352728843688965,Imidazopyrimidines,0.6909239292144775,Organoheterocyclic compounds,0.9937705397605896,"Organic compounds; Organoheterocyclic compounds; Pyrimidines and pyrimidine derivatives; Imidazoles; Purines and purine derivatives; Organic acids and derivatives; Organonitrogen compounds; Organooxygen compounds; Organic phosphoric acids and derivatives; Phosphate esters; Azoles; Organic nitro compounds; Diazines; Organic oxoazanium compounds; Imidazopyrimidines; Substituted imidazoles; N-substituted imidazoles; Alkyl phosphates; Monoalkyl phosphates; Organic 1,3-dipolar compounds; Allyl-type 1,3-dipolar organic compounds; Propargyl-type 1,3-dipolar organic compounds; Organic oxides; C-nitro compounds; Azacyclic compounds; Oxacyclic compounds; Heteroaromatic compounds; Hydrocarbon derivatives; Organopnictogen compounds; Organic oxygen compounds; Organic nitrogen compounds; Chemical entities"
FT_0.997_560.01525,no name,C26H16N3O6PS2,L3.2,yes,C26H16N3O6PS2,[M - H]-,C26H16N3O6PS2,Alkaloids,0.5745462775230408,Nicotinic acid alkaloids,0.19132912158966064,Pyridine alkaloids,0.1983073204755783,Benzenesulfonic acids and derivatives,0.5032418370246887,NA,NA,Benzenesulfonic acids and derivatives,0.5032418370246887,Benzene and substituted derivatives,0.7002753615379333,Benzenoids,0.9969767332077026,Organic compounds; Organoheterocyclic compounds; Organosulfur compounds; Benzenesulfonic acids and derivatives; Pyridines and derivatives; Organic acids and derivatives; Organosulfonic acids and derivatives; Organonitrogen compounds; Organooxygen compounds; Sulfonyls; Organosulfonic acids; Arylsulfonic acids and derivatives; Benzene and substituted derivatives; Benzenoids; Organic oxides; Azacyclic compounds; Hydrocarbon derivatives; Benzenesulfonyl compounds; Organic sulfonic acids and derivatives; Organopnictogen compounds; Organic oxygen compounds; Organic nitrogen compounds; Chemical entities
FT_1.003_473.94210,no name,C12H16NO9P3S2,L3.2,yes,C12H16NO9P3S2,[M - H]-,C12H16NO9P3S2,Alkaloids,0.6395043730735779,Nicotinic acid alkaloids,0.5042791366577148,Pyridine alkaloids,0.5043500065803528,Benzenoids,0.5143622756004333,NA,NA,NA,NA,NA,NA,Benzenoids,0.5143622756004333,Organic compounds; Organoheterocyclic compounds; Organosulfur compounds; Organic acids and derivatives; Organonitrogen compounds; Organooxygen compounds; Organic phosphoric acids and derivatives; Phosphate esters; Organothiophosphorus compounds; Benzenoids; Sulfenyl compounds; Alkyl phosphates; Organic oxides; Azacyclic compounds; Hydrocarbon derivatives; Organopnictogen compounds; Organic oxygen compounds; Organic nitrogen compounds; Chemical entities
FT_1.008_695.28631,no name,C36H44N2O12,L3.2,yes,C36H44N2O12,[M - H]-,C36H44N2O12,Polyketides,0.7092470526695251,Macrolides,0.5638540387153625,Ansa macrolides,0.319598913192749,Naphthols and derivatives,0.6950606107711792,NA,NA,Naphthols and derivatives,0.6950606107711792,Naphthalenes,0.8550455570220947,Benzenoids,0.9714636206626892,Organic compounds; Organoheterocyclic compounds; Naphthalenes; Ketones; Alcohols and polyols; Phenols; Ethers; Phenylpropanoids and polyketides; Organic acids and derivatives; Carboxylic acids and derivatives; Organonitrogen compounds; Organooxygen compounds; Carboxylic acid amides; Carboxylic acid derivatives; Dialkyl ethers; Carboxylic acid esters; Acetals; Secondary alcohols; Secondary carboxylic acid amides; Carbonyl compounds; Oxanes; Polyols; Naphthols and derivatives; Benzenoids; Vinylogous acids; Organic oxides; Oxacyclic compounds; Hydrocarbon derivatives; Organopnictogen compounds; Organic oxygen compounds; Organic nitrogen compounds; Chemical entities
FT_1.051_422.78092,no name,C7H6NO2S9,L3.2,yes,C7H6NO2S9,[M - H]-,C7H6NO2S9,Alkaloids,0.5402358174324036,Fatty acyls,0.2586361765861511,Aminoacids,0.38443273305892944,Thiophenes,0.6825352311134338,NA,NA,NA,NA,Thiophenes,0.6825352311134338,Organoheterocyclic compounds,0.9916633367538452,Organic compounds; Organoheterocyclic compounds; Organosulfur compounds; Thiophenes; Organic acids and derivatives; Organonitrogen compounds; Heteroaromatic compounds; Hydrocarbon derivatives; Organopnictogen compounds; Organic oxygen compounds; Organic nitrogen compounds; Chemical entities
FT_1.184_319.11876,no name,C16H18O4,L3.2,yes,C16H18O4,[M + CH2O2 - H]-,C17H20O6,Polyketides,0.4191758036613464,Phenylpropanoids (C6-C3),0.2057800441980362,Phthalide derivatives,0.2889716625213623,Anisoles,0.5310544967651367,NA,NA,Anisoles,0.5310544967651367,Phenol ethers,0.5384619235992432,Benzenoids,0.9941906929016112,Organic compounds; Organoheterocyclic compounds; Styrenes; Lactones; Alkyl aryl ethers; Phenols; Anisoles; Ethers; Organic acids and derivatives; Carboxylic acids and derivatives; Organooxygen compounds; Carboxylic acid derivatives; Monocarboxylic acids and derivatives; Carboxylic acid esters; Carbonyl compounds; Benzene and substituted derivatives; Phenol ethers; Benzenoids; Organic oxides; Oxacyclic compounds; Hydrocarbon derivatives; Organic oxygen compounds; Chemical entities
