FeatureID,Name,Formula,Annotation_level,use_Sirius_class,kingdom,superclass,class,subclass,level 5,CID,Title_PubChem,ExactMass,MolecularFormula,InChI,InChIKey,CanonicalSMILES
FT_1.012_175.11897,D-Arginine,C6 H14 N4 O2,L1,NA,Organic compounds,Organic acids and derivatives,Carboxylic acids and derivatives,"Amino acids, peptides, and analogues",Amino acids and derivatives,71070,D-Arginine,174.1116757,C6H14N4O2,"InChI=1S/C6H14N4O2/c7-4(5(11)12)2-1-3-10-6(8)9/h4H,1-3,7H2,(H,11,12)(H4,8,9,10)/t4-/m1/s1",ODKSFYDXXFIFQN-SCSAIBSYSA-N,C(CC(C(=O)O)N)CN=C(N)N
FT_1.074_104.10696,Choline,C5 H13 N O,L1,NA,Organic compounds,Organic nitrogen compounds,Organonitrogen compounds,Quaternary ammonium salts,Cholines,305,Choline,104.1075391,C5H14NO+,"InChI=1S/C5H14NO/c1-6(2,3)4-5-7/h7H,4-5H2,1-3H3/q+1",OEYIOHPDSNJKLS-UHFFFAOYSA-N,C[N+](C)(C)CCO
FT_1.080_106.04983,D-Serine,C3 H7 N O3,L1,NA,Organic compounds,Organic acids and derivatives,Carboxylic acids and derivatives,"Amino acids, peptides, and analogues",Amino acids and derivatives,71077,D-serine,105.0425931,C3H7NO3,"InChI=1S/C3H7NO3/c4-2(1-5)3(6)7/h2,5H,1,4H2,(H,6,7)/t2-/m1/s1",MTCFGRXMJLQNBG-UWTATZPHSA-N,C(C(C(=O)O)N)O
FT_1.090_133.06074,D-Asparagine,C4 H8 N2 O3,L1,NA,Organic compounds,Organic acids and derivatives,Carboxylic acids and derivatives,"Amino acids, peptides, and analogues",Amino acids and derivatives,439600,D-Asparagine,132.0534921,C4H8N2O3,"InChI=1S/C4H8N2O3/c5-2(4(8)9)1-3(6)7/h2H,1,5H2,(H2,6,7)(H,8,9)/t2-/m1/s1",DCXYFEDJOCDNAF-UWTATZPHSA-N,C(C(C(=O)O)N)C(=O)N
FT_1.100_365.10547,Sucrose,C12 H22 O11,L1,NA,Organic compounds,Organic oxygen compounds,Organooxygen compounds,Carbohydrates and carbohydrate conjugates,Glycosyl compounds,5988,Sucrose,342.1162115,C12H22O11,"InChI=1S/C12H22O11/c13-1-4-6(16)8(18)9(19)11(21-4)23-12(3-15)10(20)7(17)5(2-14)22-12/h4-11,13-20H,1-3H2/t4-,5-,6-,7-,8+,9-,10+,11-,12+/m1/s1",CZMRCDWAGMRECN-UGDNZRGBSA-N,C(C1C(C(C(C(O1)OC2(C(C(C(O2)CO)O)O)CO)O)O)O)O
FT_1.103_365.10547,Sucrose,C12 H22 O11,L1,NA,Organic compounds,Organic oxygen compounds,Organooxygen compounds,Carbohydrates and carbohydrate conjugates,Glycosyl compounds,5988,Sucrose,342.1162115,C12H22O11,"InChI=1S/C12H22O11/c13-1-4-6(16)8(18)9(19)11(21-4)23-12(3-15)10(20)7(17)5(2-14)22-12/h4-11,13-20H,1-3H2/t4-,5-,6-,7-,8+,9-,10+,11-,12+/m1/s1",CZMRCDWAGMRECN-UGDNZRGBSA-N,C(C1C(C(C(C(O1)OC2(C(C(C(O2)CO)O)O)CO)O)O)O)O
FT_1.106_134.04476,D-Aspartic acid,C4 H7 N O4,L1,NA,Organic compounds,Organic acids and derivatives,Carboxylic acids and derivatives,"Amino acids, peptides, and analogues",Amino acids and derivatives,83887,D-Aspartic Acid,133.0375077,C4H7NO4,"InChI=1S/C4H7NO4/c5-2(4(8)9)1-3(6)7/h2H,1,5H2,(H,6,7)(H,8,9)/t2-/m1/s1",CKLJMWTZIZZHCS-UWTATZPHSA-N,C(C(C(=O)O)N)C(=O)O
FT_1.106_90.05498,Sarcosine,C3 H7 N O2,L1,NA,Organic compounds,Organic acids and derivatives,Carboxylic acids and derivatives,"Amino acids, peptides, and analogues",Amino acids and derivatives,1088,Sarcosine,89.04767847,C3H7NO2,"InChI=1S/C3H7NO2/c1-4-2-3(5)6/h4H,2H2,1H3,(H,5,6)",FSYKKLYZXJSNPZ-UHFFFAOYSA-N,CNCC(=O)O
FT_1.112_104.07058,Gamma-Aminobutyric Acid,C4 H9 N O2,L1,NA,Organic compounds,Organic acids and derivatives,Carboxylic acids and derivatives,"Amino acids, peptides, and analogues",Amino acids and derivatives,119,Gamma-Aminobutyric Acid,,C4H9NO2,"InChI=1S/C4H9NO2/c5-3-1-2-4(6)7/h1-3,5H2,(H,6,7)",BTCSSZJGUNDROE-UHFFFAOYSA-N,C(CC(=O)O)CN
FT_1.112_147.07644,L-Glutamine,C5 H10 N2 O3,L1,NA,Organic compounds,Organic acids and derivatives,Carboxylic acids and derivatives,"Amino acids, peptides, and analogues",Amino acids and derivatives,5961,Glutamine,146.0691422,C5H10N2O3,"InChI=1S/C5H10N2O3/c6-3(5(9)10)1-2-4(7)8/h3H,1-2,6H2,(H2,7,8)(H,9,10)/t3-/m0/s1",ZDXPYRJPNDTMRX-VKHMYHEASA-N,C(CC(=O)N)C(C(=O)O)N
FT_1.124_522.20317,D-Melezitose,C18 H32 O16,L1,NA,Organic compounds,Organic oxygen compounds,Organooxygen compounds,Carbohydrates and carbohydrate conjugates,Oligosaccharides,91696349,D-Melezitose,504.1690349,C18H32O16,"InChI=1S/C18H32O16/c19-1-5-8(23)11(26)13(28)16(30-5)32-15-10(25)7(3-21)33-18(15,4-22)34-17-14(29)12(27)9(24)6(2-20)31-17/h5-17,19-29H,1-4H2/t5?,6-,7?,8?,9-,10?,11?,12+,13?,14-,15?,16?,17-,18?/m1/s1",QWIZNVHXZXRPDR-XKBLGDCDSA-N,C(C1C(C(C(C(O1)OC2C(C(OC2(CO)OC3C(C(C(C(O3)CO)O)O)O)CO)O)O)O)O)O
FT_1.135_120.06548,D-Threonine,C4 H9 N O3,L1,NA,Organic compounds,Organic acids and derivatives,Carboxylic acids and derivatives,"Amino acids, peptides, and analogues",Amino acids and derivatives,69435,D-threonine,119.0582431,C4H9NO3,"InChI=1S/C4H9NO3/c1-2(6)3(5)4(7)8/h2-3,6H,5H2,1H3,(H,7,8)/t2-,3+/m0/s1",AYFVYJQAPQTCCC-STHAYSLISA-N,CC(C(C(=O)O)N)O
FT_1.141_162.11250,L-Carnitine,C7 H15 N O3,L1,NA,Organic compounds,Organic nitrogen compounds,Organonitrogen compounds,Quaternary ammonium salts,Carnitines,10917,Levocarnitine,161.1051933,C7H15NO3,"InChI=1S/C7H15NO3/c1-8(2,3)5-6(9)4-7(10)11/h6,9H,4-5H2,1-3H3/t6-/m1/s1",PHIQHXFUZVPYII-ZCFIWIBFSA-N,C[N+](C)(C)CC(CC(=O)[O-])O
FT_1.157_148.06046,D-Glutamic acid,C5 H9 N O4,L1,NA,Organic compounds,Organic acids and derivatives,Carboxylic acids and derivatives,"Amino acids, peptides, and analogues",Amino acids and derivatives,23327,D-glutamic acid,147.0531578,C5H9NO4,"InChI=1S/C5H9NO4/c6-3(5(9)10)1-2-4(7)8/h3H,1-2,6H2,(H,7,8)(H,9,10)/t3-/m1/s1",WHUUTDBJXJRKMK-GSVOUGTGSA-N,C(CC(=O)O)C(C(=O)O)N
FT_1.183_176.10298,L-Citrulline,C6 H13 N3 O3,L1,NA,Organic compounds,Organic acids and derivatives,Carboxylic acids and derivatives,"Amino acids, peptides, and analogues",Amino acids and derivatives,9750,Citrulline,175.0956913,C6H13N3O3,"InChI=1S/C6H13N3O3/c7-4(5(10)11)2-1-3-9-6(8)12/h4H,1-3,7H2,(H,10,11)(H3,8,9,12)/t4-/m0/s1",RHGKLRLOHDJJDR-BYPYZUCNSA-N,C(CC(C(=O)O)N)CNC(=O)N
FT_1.188_132.06551,cis-4-Hydroxy-D-proline,C5 H9 N O3,L1,NA,Organic compounds,Organic acids and derivatives,Carboxylic acids and derivatives,"Amino acids, peptides, and analogues",Amino acids and derivatives,440014,cis-4-Hydroxy-D-proline,131.0582431,C5H9NO3,"InChI=1S/C5H9NO3/c7-3-1-4(5(8)9)6-2-3/h3-4,6-7H,1-2H2,(H,8,9)/t3-,4-/m1/s1",PMMYEEVYMWASQN-QWWZWVQMSA-N,C1C(CNC1C(=O)O)O
FT_1.189_104.10691,Choline,C5 H13 N O,L1,NA,Organic compounds,Organic nitrogen compounds,Organonitrogen compounds,Quaternary ammonium salts,Cholines,305,Choline,104.1075391,C5H14NO+,"InChI=1S/C5H14NO/c1-6(2,3)4-5-7/h7H,4-5H2,1-3H3/q+1",OEYIOHPDSNJKLS-UHFFFAOYSA-N,C[N+](C)(C)CCO
FT_1.200_118.08621,Betaine,C5 H11 N O2,L1,NA,Organic compounds,Organic acids and derivatives,Carboxylic acids and derivatives,"Amino acids, peptides, and analogues",Amino acids and derivatives,247,Betaine,117.0789786,C5H11NO2,"InChI=1S/C5H11NO2/c1-6(2,3)4-5(7)8/h4H2,1-3H3",KWIUHFFTVRNATP-UHFFFAOYSA-N,C[N+](C)(C)CC(=O)[O-]
FT_1.262_222.09723,N-Acetyl-D-galactosamine,C8 H15 N O6,L1,NA,Organic compounds,Organic oxygen compounds,Organooxygen compounds,Carbohydrates and carbohydrate conjugates,Aminosaccharides,35717,N-Acetyl-D-Galactosamine,221.0899372,C8H15NO6,"InChI=1S/C8H15NO6/c1-3(11)9-5-7(13)6(12)4(2-10)15-8(5)14/h4-8,10,12-14H,2H2,1H3,(H,9,11)/t4-,5-,6+,7-,8?/m1/s1",OVRNDRQMDRJTHS-KEWYIRBNSA-N,CC(=O)NC1C(C(C(OC1O)CO)O)O
FT_1.271_146.11757,Acetylcholine,C7 H16 N O2,L1,NA,Organic compounds,Organic nitrogen compounds,Organonitrogen compounds,Quaternary ammonium salts,Cholines,187,Acetylcholine,146.1181038,C7H16NO2+,"InChI=1S/C7H16NO2/c1-7(9)10-6-5-8(2,3)4/h5-6H2,1-4H3/q+1",OIPILFWXSMYKGL-UHFFFAOYSA-N,CC(=O)OCC[N+](C)(C)C
FT_1.310_360.15014,D-(+)-Cellobiose,C12 H22 O11,L1,NA,Organic compounds,Organic oxygen compounds,Organooxygen compounds,Carbohydrates and carbohydrate conjugates,Glycosyl compounds,439178,D-(+)-Cellobiose,342.1162115,C12H22O11,"InChI=1S/C12H22O11/c13-1-3-5(15)6(16)9(19)12(22-3)23-10-4(2-14)21-11(20)8(18)7(10)17/h3-20H,1-2H2/t3-,4-,5-,6+,7-,8-,9-,10-,11?,12+/m1/s1",GUBGYTABKSRVRQ-CUHNMECISA-N,C(C1C(C(C(C(O1)OC2C(OC(C(C2O)O)O)CO)O)O)O)O
FT_1.311_191.10270,"2,6-Diaminopimelic Acid",C7 H14 N2 O4,L1,NA,Organic compounds,Organic acids and derivatives,Carboxylic acids and derivatives,"Amino acids, peptides, and analogues",Amino acids and derivatives,865,"2,6-Diaminopimelic acid",190.0953569,C7H14N2O4,"InChI=1S/C7H14N2O4/c8-4(6(10)11)2-1-3-5(9)7(12)13/h4-5H,1-3,8-9H2,(H,10,11)(H,12,13)",GMKMEZVLHJARHF-UHFFFAOYSA-N,C(CC(C(=O)O)N)CC(C(=O)O)N
FT_1.312_365.10543,Sucrose,C12 H22 O11,L1,NA,Organic compounds,Organic oxygen compounds,Organooxygen compounds,Carbohydrates and carbohydrate conjugates,Glycosyl compounds,5988,Sucrose,342.1162115,C12H22O11,"InChI=1S/C12H22O11/c13-1-4-6(16)8(18)9(19)11(21-4)23-12(3-15)10(20)7(17)5(2-14)22-12/h4-11,13-20H,1-3H2/t4-,5-,6-,7-,8+,9-,10+,11-,12+/m1/s1",CZMRCDWAGMRECN-UGDNZRGBSA-N,C(C1C(C(C(C(O1)OC2(C(C(C(O2)CO)O)O)CO)O)O)O)O
FT_1.323_138.05494,Trigonelline,C7 H7 N O2,L1,NA,Organic compounds,Alkaloids and derivatives,NA,NA,NA,5570,Trigonelline,137.0476785,C7H7NO2,"InChI=1S/C7H7NO2/c1-8-4-2-3-6(5-8)7(9)10/h2-5H,1H3",WWNNZCOKKKDOPX-UHFFFAOYSA-N,C[N+]1=CC=CC(=C1)C(=O)[O-]
FT_1.323_522.20307,D-(+)-Raffinose,C18 H32 O16,L1,NA,Organic compounds,Organic oxygen compounds,Organooxygen compounds,Carbohydrates and carbohydrate conjugates,Oligosaccharides,439242,Raffinose,504.1690349,C18H32O16,"InChI=1S/C18H32O16/c19-1-5-8(22)11(25)13(27)16(31-5)30-3-7-9(23)12(26)14(28)17(32-7)34-18(4-21)15(29)10(24)6(2-20)33-18/h5-17,19-29H,1-4H2/t5-,6-,7-,8+,9-,10-,11+,12+,13-,14-,15+,16+,17-,18+/m1/s1",MUPFEKGTMRGPLJ-ZQSKZDJDSA-N,C(C1C(C(C(C(O1)OCC2C(C(C(C(O2)OC3(C(C(C(O3)CO)O)O)CO)O)O)O)O)O)O)O
FT_1.328_116.07056,L-Proline,C5 H9 N O2,L1,NA,Organic compounds,Organic acids and derivatives,Carboxylic acids and derivatives,"Amino acids, peptides, and analogues",Amino acids and derivatives,145742,Proline,115.0633285,C5H9NO2,"InChI=1S/C5H9NO2/c7-5(8)4-2-1-3-6-4/h4,6H,1-3H2,(H,7,8)/t4-/m0/s1",ONIBWKKTOPOVIA-BYPYZUCNSA-N,C1CC(NC1)C(=O)O
FT_1.354_222.09721,N-Acetyl-D-galactosamine,C8 H15 N O6,L1,NA,Organic compounds,Organic oxygen compounds,Organooxygen compounds,Carbohydrates and carbohydrate conjugates,Aminosaccharides,35717,N-Acetyl-D-Galactosamine,221.0899372,C8H15NO6,"InChI=1S/C8H15NO6/c1-3(11)9-5-7(13)6(12)4(2-10)15-8(5)14/h4-8,10,12-14H,2H2,1H3,(H,9,11)/t4-,5-,6+,7-,8?/m1/s1",OVRNDRQMDRJTHS-KEWYIRBNSA-N,CC(=O)NC1C(C(C(OC1O)CO)O)O
FT_1.125_423.08999,"5-hydroxy-6,8-dimethoxy-7-{[(2S,3R,4S,5S,6R)-3,4,5-trihydroxy-6-(hydroxymethyl)oxan-2-yl]oxy}-2H-chromen-2-one",C17 H20 O11,L2.1,NA,NA,NA,NA,NA,NA,NA,NA,NA,NA,NA,NA,NA
FT_1.412_522.20299,Maltotriose,C18 H32 O16,L1,NA,Organic compounds,Organic oxygen compounds,Organooxygen compounds,Carbohydrates and carbohydrate conjugates,Oligosaccharides,192826,alpha-Maltotriose,504.1690349,C18H32O16,"InChI=1S/C18H32O16/c19-1-4-7(22)8(23)12(27)17(31-4)34-15-6(3-21)32-18(13(28)10(15)25)33-14-5(2-20)30-16(29)11(26)9(14)24/h4-29H,1-3H2/t4-,5-,6-,7-,8+,9-,10-,11-,12-,13-,14-,15-,16+,17-,18-/m1/s1",FYGDTMLNYKFZSV-PXXRMHSHSA-N,C(C1C(C(C(C(O1)OC2C(OC(C(C2O)O)OC3C(OC(C(C3O)O)O)CO)CO)O)O)O)O
FT_1.413_522.20300,D-(+)-Raffinose,C18 H32 O16,L1,NA,Organic compounds,Organic oxygen compounds,Organooxygen compounds,Carbohydrates and carbohydrate conjugates,Oligosaccharides,439242,Raffinose,504.1690349,C18H32O16,"InChI=1S/C18H32O16/c19-1-5-8(22)11(25)13(27)16(31-5)30-3-7-9(23)12(26)14(28)17(32-7)34-18(4-21)15(29)10(24)6(2-20)33-18/h5-17,19-29H,1-4H2/t5-,6-,7-,8+,9-,10-,11+,12+,13-,14-,15+,16+,17-,18+/m1/s1",MUPFEKGTMRGPLJ-ZQSKZDJDSA-N,C(C1C(C(C(C(O1)OCC2C(C(C(C(O2)OC3(C(C(C(O3)CO)O)O)CO)O)O)O)O)O)O)O
FT_1.427_365.10546,D-(+)-Turanose,C12 H22 O11,L1,NA,Organic compounds,Organic oxygen compounds,Organooxygen compounds,Carbohydrates and carbohydrate conjugates,Glycosyl compounds,54301978,D-(+)-Turanose,342.1162115,C12H22O11,"InChI=1S/C12H22O11/c13-1-5-7(17)8(18)9(19)11(22-5)23-10-6(16)4(15)2-21-12(10,20)3-14/h4-11,13-20H,1-3H2/t4-,5-,6-,7-,8+,9-,10+,11-,12?/m1/s1",SEWFWJUQVJHATO-PUVWEJBASA-N,C1C(C(C(C(O1)(CO)O)OC2C(C(C(C(O2)CO)O)O)O)O)O
FT_1.431_365.10548,Sucrose,C12 H22 O11,L1,NA,Organic compounds,Organic oxygen compounds,Organooxygen compounds,Carbohydrates and carbohydrate conjugates,Glycosyl compounds,5988,Sucrose,342.1162115,C12H22O11,"InChI=1S/C12H22O11/c13-1-4-6(16)8(18)9(19)11(21-4)23-12(3-15)10(20)7(17)5(2-14)22-12/h4-11,13-20H,1-3H2/t4-,5-,6-,7-,8+,9-,10+,11-,12+/m1/s1",CZMRCDWAGMRECN-UGDNZRGBSA-N,C(C1C(C(C(C(O1)OC2(C(C(C(O2)CO)O)O)CO)O)O)O)O
FT_1.774_118.08621,D-Valine,C5 H11 N O2,L1,NA,Organic compounds,Organic acids and derivatives,Carboxylic acids and derivatives,"Amino acids, peptides, and analogues",Amino acids and derivatives,71563,D-Valine,117.0789786,C5H11NO2,"InChI=1S/C5H11NO2/c1-3(2)4(6)5(7)8/h3-4H,6H2,1-2H3,(H,7,8)/t4-/m1/s1",KZSNJWFQEVHDMF-SCSAIBSYSA-N,CC(C)C(C(=O)O)N
FT_1.892_146.09241,4-Guanidinobutyric acid,C5 H11 N3 O2,L1,NA,Organic compounds,Organic acids and derivatives,Carboxylic acids and derivatives,"Amino acids, peptides, and analogues",Amino acids and derivatives,500,4-Guanidinobutyric acid,145.0851266,C5H11N3O2,"InChI=1S/C5H11N3O2/c6-5(7)8-3-1-2-4(9)10/h1-3H2,(H,9,10)(H4,6,7,8)",TUHVEAJXIMEOSA-UHFFFAOYSA-N,C(CC(=O)O)CN=C(N)N
FT_1.972_136.06176,Adenine,C5 H5 N5,L1,NA,Organic compounds,Organoheterocyclic compounds,Imidazopyrimidines,Purines and purine derivatives,6-aminopurines,190,Adenine,135.0544952,C5H5N5,"InChI=1S/C5H5N5/c6-4-3-5(9-1-7-3)10-2-8-4/h1-2H,(H3,6,7,8,9,10)",GFFGJBXGBJISGV-UHFFFAOYSA-N,C1=NC2=NC=NC(=C2N1)N
FT_1.973_244.09277,Cytidine,C9 H13 N3 O5,L1,NA,Organic compounds,"Nucleosides, nucleotides, and analogues",Pyrimidine nucleosides,NA,NA,6175,Cytidine,243.0855205,C9H13N3O5,"InChI=1S/C9H13N3O5/c10-5-1-2-12(9(16)11-5)8-7(15)6(14)4(3-13)17-8/h1-2,4,6-8,13-15H,3H2,(H2,10,11,16)/t4-,6-,7-,8-/m1/s1",UHDGCWIWMRVCDJ-XVFCMESISA-N,C1=CN(C(=O)N=C1N)C2C(C(C(O2)CO)O)O
FT_11.965_225.07577,Sinapic acid,C11 H12 O5,L1,NA,Organic compounds,Phenylpropanoids and polyketides,Cinnamic acids and derivatives,Hydroxycinnamic acids and derivatives,Hydroxycinnamic acids,637775,Sinapinic acid,224.0684735,C11H12O5,"InChI=1S/C11H12O5/c1-15-8-5-7(3-4-10(12)13)6-9(16-2)11(8)14/h3-6,14H,1-2H3,(H,12,13)/b4-3+",PCMORTLOPMLEFB-ONEGZZNKSA-N,COC1=CC(=CC(=C1O)OC)C=CC(=O)O
FT_16.500_347.22172,Corticosterone,C21 H30 O4,L1,NA,Organic compounds,Lipids and lipid-like molecules,Steroids and steroid derivatives,Hydroxysteroids,21-hydroxysteroids,5753,Corticosterone,346.2144094,C21H30O4,"InChI=1S/C21H30O4/c1-20-8-7-13(23)9-12(20)3-4-14-15-5-6-16(18(25)11-22)21(15,2)10-17(24)19(14)20/h9,14-17,19,22,24H,3-8,10-11H2,1-2H3/t14-,15-,16+,17-,19+,20-,21-/m0/s1",OMFXVFTZEKFJBZ-HJTSIMOOSA-N,CC12CCC(=O)C=C1CCC3C2C(CC4(C3CCC4C(=O)CO)C)O
FT_2.047_204.12298,O-Acetyl-L-carnitine,C9 H17 N O4,L1,NA,Organic compounds,Lipids and lipid-like molecules,Fatty Acyls,Fatty acid esters,Acyl carnitines,7045767,Acetyl-L-Carnitine,203.115758,C9H17NO4,"InChI=1S/C9H17NO4/c1-7(11)14-8(5-9(12)13)6-10(2,3)4/h8H,5-6H2,1-4H3/t8-/m1/s1",RDHQFKQIGNGIED-MRVPVSSYSA-N,CC(=O)OC(CC(=O)[O-])C[N+](C)(C)C
FT_2.188_150.05834,L-Methionine,C5 H11 N O2 S,L1,NA,Organic compounds,Organic acids and derivatives,Carboxylic acids and derivatives,"Amino acids, peptides, and analogues",Amino acids and derivatives,6137,Methionine,149.0510498,C5H11NO2S,"InChI=1S/C5H11NO2S/c1-9-3-2-4(6)5(7)8/h4H,2-3,6H2,1H3,(H,7,8)/t4-/m0/s1",FFEARJCKVFRZRR-BYPYZUCNSA-N,CSCCC(C(=O)O)N
FT_2.253_139.05020,trans-Urocanic Acid,C6 H6 N2 O2,L1,NA,Organic compounds,Organoheterocyclic compounds,Azoles,Imidazoles,Substituted imidazoles,736715,Urocanic acid,138.0429274,C6H6N2O2,"InChI=1S/C6H6N2O2/c9-6(10)2-1-5-3-7-4-8-5/h1-4H,(H,7,8)(H,9,10)/b2-1+",LOIYMIARKYCTBW-OWOJBTEDSA-N,C1=C(NC=N1)C=CC(=O)O
FT_2.389_124.03927,Nicotinic acid,C6 H5 N O2,L1,NA,Organic compounds,Organoheterocyclic compounds,Pyridines and derivatives,Pyridinecarboxylic acids and derivatives,Pyridinecarboxylic acids,938,Nicotinic acid,123.0320284,C6H5NO2,"InChI=1S/C6H5NO2/c8-6(9)5-2-1-3-7-4-5/h1-4H,(H,8,9)",PVNIIMVLHYAWGP-UHFFFAOYSA-N,C1=CC(=CN=C1)C(=O)O
FT_2.989_159.02775,Hypoxanthine,C5 H4 N4 O,L1,NA,Organic compounds,Organoheterocyclic compounds,Imidazopyrimidines,Purines and purine derivatives,Purinones,135398638,Hypoxanthine,136.0385108,C5H4N4O,"InChI=1S/C5H4N4O/c10-5-3-4(7-1-6-3)8-2-9-5/h1-2H,(H2,6,7,8,9,10)",FDGQSTZJBFJUBT-UHFFFAOYSA-N,C1=NC2=C(N1)C(=O)NC=N2
FT_3.008_130.04984,L-Pyroglutamic acid,C5 H7 N O3,L1,NA,Organic compounds,Organic acids and derivatives,Carboxylic acids and derivatives,"Amino acids, peptides, and analogues",Amino acids and derivatives,7405,L-Pyroglutamic acid,129.0425931,C5H7NO3,"InChI=1S/C5H7NO3/c7-4-2-1-3(6-4)5(8)9/h3H,1-2H2,(H,6,7)(H,8,9)/t3-/m0/s1",ODHCTXKNWHHXJC-VKHMYHEASA-N,C1CC(=O)NC1C(=O)O
FT_3.668_182.08119,L-Tyrosine,C9 H11 N O3,L1,NA,Organic compounds,Organic acids and derivatives,Carboxylic acids and derivatives,"Amino acids, peptides, and analogues",Amino acids and derivatives,6057,Tyrosine,181.0738932,C9H11NO3,"InChI=1S/C9H11NO3/c10-8(9(12)13)5-6-1-3-7(11)4-2-6/h1-4,8,11H,5,10H2,(H,12,13)/t8-/m0/s1",OUYCCCASQSFEME-QMMMGPOBSA-N,C1=CC(=CC=C1CC(C(=O)O)N)O
FT_3.874_132.10187,D-Leucine,C6 H13 N O2,L1,NA,Organic compounds,Organic acids and derivatives,Carboxylic acids and derivatives,"Amino acids, peptides, and analogues",Amino acids and derivatives,439524,D-Leucine,131.0946287,C6H13NO2,"InChI=1S/C6H13NO2/c1-4(2)3-5(7)6(8)9/h4-5H,3,7H2,1-2H3,(H,8,9)/t5-/m1/s1",ROHFNLRQFUQHCH-RXMQYKEDSA-N,CC(C)CC(C(=O)O)N
FT_6.003_268.10405,Adenosine,C10 H13 N5 O4,L1,NA,Organic compounds,"Nucleosides, nucleotides, and analogues",Purine nucleosides,NA,NA,60961,Adenosine,267.0967539,C10H13N5O4,"InChI=1S/C10H13N5O4/c11-8-5-9(13-2-12-8)15(3-14-5)10-7(18)6(17)4(1-16)19-10/h2-4,6-7,10,16-18H,1H2,(H2,11,12,13)/t4-,6-,7-,10-/m1/s1",OIRDTQYFTABQOQ-KQYNXXCUSA-N,C1=NC(=C2C(=N1)N(C=N2)C3C(C(C(O3)CO)O)O)N
FT_6.199_252.10911,2'-Deoxyadenosine,C10 H13 N5 O3,L1,NA,Organic compounds,"Nucleosides, nucleotides, and analogues",Purine nucleosides,Purine 2'-deoxyribonucleosides,NA,13730,2'-Deoxyadenosine,251.1018393,C10H13N5O3,"InChI=1S/C10H13N5O3/c11-9-8-10(13-3-12-9)15(4-14-8)7-1-5(17)6(2-16)18-7/h3-7,16-17H,1-2H2,(H2,11,12,13)/t5-,6+,7+/m0/s1",OLXZPDWKRNYJJZ-RRKCRQDMSA-N,C1C(C(OC1N2C=NC3=C(N=CN=C32)N)CO)O
FT_6.246_284.09896,Guanosine,C10 H13 N5 O5,L1,NA,Organic compounds,"Nucleosides, nucleotides, and analogues",Purine nucleosides,NA,NA,135398635,Guanosine,283.0916685,C10H13N5O5,"InChI=1S/C10H13N5O5/c11-10-13-7-4(8(19)14-10)12-2-15(7)9-6(18)5(17)3(1-16)20-9/h2-3,5-6,9,16-18H,1H2,(H3,11,13,14,19)/t3-,5-,6-,9-/m1/s1",NYHBQMYGNKIUIF-UUOKFMHZSA-N,C1=NC2=C(N1C3C(C(C(O3)CO)O)O)N=C(NC2=O)N
FT_6.845_166.08628,D-Phenylalanine,C9 H11 N O2,L1,NA,Organic compounds,Organic acids and derivatives,Carboxylic acids and derivatives,"Amino acids, peptides, and analogues",Amino acids and derivatives,71567,D-Phenylalanine,165.0789786,C9H11NO2,"InChI=1S/C9H11NO2/c10-8(9(11)12)6-7-4-2-1-3-5-7/h1-5,8H,6,10H2,(H,11,12)/t8-/m1/s1",COLNVLDHVKWLRT-MRVPVSSYSA-N,C1=CC=C(C=C1)CC(C(=O)O)N
FT_7.909_220.11801,D-Pantothenate,C9 H17 N O5,L1,NA,Organic compounds,Organic acids and derivatives,Carboxylic acids and derivatives,"Amino acids, peptides, and analogues",Amino acids and derivatives,6997253,d-Pantothenate,218.1028476,C9H16NO5-,"InChI=1S/C9H17NO5/c1-9(2,5-11)7(14)8(15)10-4-3-6(12)13/h7,11,14H,3-5H2,1-2H3,(H,10,15)(H,12,13)/p-1/t7-/m1/s1",GHOKWGTUZJEAQD-SSDOTTSWSA-M,CC(C)(CO)C(C(=O)NCCC(=O)[O-])O
FT_8.403_205.09712,L-Tryptophan,C11 H12 N2 O2,L1,NA,Organic compounds,Organoheterocyclic compounds,Indoles and derivatives,Indolyl carboxylic acids and derivatives,NA,6305,Tryptophan,204.0898776,C11H12N2O2,"InChI=1S/C11H12N2O2/c12-9(11(14)15)5-7-6-13-10-4-2-1-3-8(7)10/h1-4,6,9,13H,5,12H2,(H,14,15)/t9-/m0/s1",QIVBCDIJIAJPQS-VIFPVBQESA-N,C1=CC=C2C(=C1)C(=CN2)CC(C(=O)O)N
FT_0.985_380.09553,Toxin B1,C10H17N7O7S,L2.3,NA,Organic compounds,Phenylpropanoids and polyketides,"Saxitoxins, gonyautoxins, and derivatives",NA,NA,14917387,Toxin B1,379.0910171,C10H17N7O7S,"InChI=1S/C10H17N7O7S/c11-6-14-5-4(3-24-8(18)16-25(21,22)23)13-7(12)17-2-1-9(19,20)10(5,17)15-6/h4-5,19-20H,1-3H2,(H2,12,13)(H,16,18)(H3,11,14,15)(H,21,22,23)",JKKCSFJSULZNDN-UHFFFAOYSA-N,C1CN2C(=NC(C3C2(C1(O)O)NC(=N3)N)COC(=O)NS(=O)(=O)O)N
FT_1.068_150.11249,Triethanolamine,C6 H15 N O3,L2.1,NA,Organic compounds,Organic nitrogen compounds,Organonitrogen compounds,Amines,Alkanolamines,7618,Triethanolamine,149.1051933,C6H15NO3,"InChI=1S/C6H15NO3/c8-4-1-7(2-5-9)3-6-10/h8-10H,1-6H2",GSEJCLTVZPLZKY-UHFFFAOYSA-N,C(CO)N(CCO)CCO
FT_1.097_208.11789,Miglitol,C8 H17 N O5,L2.1,NA,Organic compounds,Organoheterocyclic compounds,Piperidines,NA,NA,441314,Miglitol,207.1106726,C8H17NO5,"InChI=1S/C8H17NO5/c10-2-1-9-3-6(12)8(14)7(13)5(9)4-11/h5-8,10-14H,1-4H2/t5-,6+,7-,8-/m1/s1",IBAQFPQHRJAVAV-ULAWRXDQSA-N,C1C(C(C(C(N1CCO)CO)O)O)O
FT_1.107_527.15854,D-Raffinose,C18 H32 O16,L2.1,NA,Organic compounds,Organic oxygen compounds,Organooxygen compounds,Carbohydrates and carbohydrate conjugates,Oligosaccharides,439242,Raffinose,504.1690349,C18H32O16,"InChI=1S/C18H32O16/c19-1-5-8(22)11(25)13(27)16(31-5)30-3-7-9(23)12(26)14(28)17(32-7)34-18(4-21)15(29)10(24)6(2-20)33-18/h5-17,19-29H,1-4H2/t5-,6-,7-,8+,9-,10-,11+,12+,13-,14-,15+,16+,17-,18+/m1/s1",MUPFEKGTMRGPLJ-ZQSKZDJDSA-N,C(C1C(C(C(C(O1)OCC2C(C(C(C(O2)OC3(C(C(C(O3)CO)O)O)CO)O)O)O)O)O)O)O
FT_1.188_184.06383,Choline sulfate,C5 H13 N O4 S,L2.2,na,Organic compounds,Organic acids and derivatives,Organic sulfuric acids and derivatives,Sulfuric acid esters,Sulfuric acid monoesters,"	485",Choline sulfate,NA,NA,"InChI=1S/C5H13NO4S/c1-6(2,3)4-5-10-11(7,8)9/h4-5H2,1-3H3",WXCQAWGXWVRCGP-UHFFFAOYSA-N,C[N+](C)(C)CCOS(=O)(=O)[O-]
FT_1.177_180.08671,3-hydroxy-3-methylpentanedioic acid,C6 H10 O5,L2.1,NA,Organic compounds,Lipids and lipid-like molecules,Fatty Acyls,Fatty acids and conjugates,Hydroxy fatty acids,1662,Meglutol,162.0528234,C6H10O5,"InChI=1S/C6H10O5/c1-6(11,2-4(7)8)3-5(9)10/h11H,2-3H2,1H3,(H,7,8)(H,9,10)",NPOAOTPXWNWTSH-UHFFFAOYSA-N,CC(CC(=O)O)(CC(=O)O)O
FT_1.187_183.08644,Dulcitol,C6 H14 O6,L2.1,NA,Organic compounds,Organic oxygen compounds,Organooxygen compounds,Carbohydrates and carbohydrate conjugates,Sugar alcohols,11850,Galactitol,182.0790382,C6H14O6,"InChI=1S/C6H14O6/c7-1-3(9)5(11)6(12)4(10)2-8/h3-12H,1-2H2/t3-,4+,5+,6-",FBPFZTCFMRRESA-GUCUJZIJSA-N,C(C(C(C(C(CO)O)O)O)O)O
FT_1.202_166.05326,Methionine sulfoxide,C5 H11 N O3 S,L2.1,NA,Organic compounds,Organic acids and derivatives,Carboxylic acids and derivatives,"Amino acids, peptides, and analogues",Amino acids and derivatives,847,Methionine sulfoxide,165.0459644,C5H11NO3S,"InChI=1S/C5H11NO3S/c1-10(9)3-2-4(6)5(7)8/h4H,2-3,6H2,1H3,(H,7,8)",QEFRNWWLZKMPFJ-UHFFFAOYSA-N,CS(=O)CCC(C(=O)O)N
FT_1.228_196.06391,Triethylenephosphoramide,C6 H12 N3 O P,L2.1,NA,Organic compounds,Organic acids and derivatives,Organic phosphoric acids and derivatives,Organic phosphoramides,NA,11016,Triethylenephosphoramide,173.071799,C6H12N3OP,"InChI=1S/C6H12N3OP/c10-11(7-1-2-7,8-3-4-8)9-5-6-9/h1-6H2",FYAMXEPQQLNQDM-UHFFFAOYSA-N,C1CN1P(=O)(N2CC2)N3CC3
FT_1.229_182.08459,"AMMONIUM, TRIMETHYL(3-SULFOPROPYL)-, HYDROXIDE, inner salt",C6H15NO3S,L2.3,NA,Organic compounds,Organic acids and derivatives,Organic sulfonic acids and derivatives,Organosulfonic acids and derivatives,Organosulfonic acids,30837,"AMMONIUM, TRIMETHYL(3-SULFOPROPYL)-, HYDROXIDE, inner salt",181.0772645,C6H15NO3S,"InChI=1S/C6H15NO3S/c1-7(2,3)5-4-6-11(8,9)10/h4-6H2,1-3H3",WFJHXXPYPMNRPK-UHFFFAOYSA-N,C[N+](C)(C)CCCS(=O)(=O)[O-]
FT_1.236_106.04984,D-Serine,C3 H7 N O3,L2.1,NA,Organic compounds,Organic acids and derivatives,Carboxylic acids and derivatives,"Amino acids, peptides, and analogues",Amino acids and derivatives,71077,D-serine,105.0425931,C3H7NO3,"InChI=1S/C3H7NO3/c4-2(1-5)3(6)7/h2,5H,1,4H2,(H,6,7)/t2-/m1/s1",MTCFGRXMJLQNBG-UWTATZPHSA-N,C(C(C(=O)O)N)O
FT_1.237_290.08472,(2S)-2-(3-carboxypropanamido)-6-oxoheptanedioic acid,C11H15NO8,L2.3,NA,Organic compounds,Organic acids and derivatives,Carboxylic acids and derivatives,"Amino acids, peptides, and analogues",Amino acids and derivatives,440349,(2S)-2-(3-carboxypropanamido)-6-oxoheptanedioic acid,289.0797664,C11H15NO8,"InChI=1S/C11H15NO8/c13-7(11(19)20)3-1-2-6(10(17)18)12-8(14)4-5-9(15)16/h6H,1-5H2,(H,12,14)(H,15,16)(H,17,18)(H,19,20)/t6-/m0/s1",SDVXSCSNVVZWDD-LURJTMIESA-N,C(CC(C(=O)O)NC(=O)CCC(=O)O)CC(=O)C(=O)O
FT_1.242_452.13762,O-(2-O-Mannopyranosyl-mannopyranosyl)serine,C15H27NO13,L2.3,NA,Organic compounds,Lipids and lipid-like molecules,Fatty Acyls,Fatty acyl glycosides,Fatty acyl glycosides of mono- and disaccharides,132725,O-(2-O-Mannopyranosyl-mannopyranosyl)serine,429.1482399,C15H27NO13,"InChI=1S/C15H27NO13/c16-4(13(24)25)3-26-15-12(10(22)8(20)6(2-18)28-15)29-14-11(23)9(21)7(19)5(1-17)27-14/h4-12,14-15,17-23H,1-3,16H2,(H,24,25)/t4-,5+,6+,7+,8+,9-,10-,11-,12-,14?,15?/m0/s1",FHFACMITEBPXDJ-CJWUELSBSA-N,C(C1C(C(C(C(O1)OC2C(C(C(OC2OCC(C(=O)O)N)CO)O)O)O)O)O)O
FT_1.251_162.07613,2-Aminoadipic acid,C6 H11 N O4,L2.1,NA,Organic compounds,Organic acids and derivatives,Carboxylic acids and derivatives,"Amino acids, peptides, and analogues",Amino acids and derivatives,469,2-Aminohexanedioic acid,161.0688078,C6H11NO4,"InChI=1S/C6H11NO4/c7-4(6(10)11)2-1-3-5(8)9/h4H,1-3,7H2,(H,8,9)(H,10,11)",OYIFNHCXNCRBQI-UHFFFAOYSA-N,C(CC(C(=O)O)N)CC(=O)O
FT_1.210_275.19660,(2S)-6-(ethylamino)-2-[(2-methylpropan-2-yl)oxycarbonylamino]hexanoic acid,C13 H26 N2 O4,L2.2,na,Organic compounds,Organic acids and derivatives,Carboxylic acids and derivatives,"Amino acids, peptides, and analogues",Amino acids and derivatives,"	59408614",(2S)-6-(ethylamino)-2-[(2-methylpropan-2-yl)oxycarbonylamino]hexanoic acid,NA,NA,"InChI=1S/C13H26N2O4/c1-5-14-9-7-6-8-10(11(16)17)15-12(18)19-13(2,3)4/h10,14H,5-9H2,1-4H3,(H,15,18)(H,16,17)/t10-/m0/s1",QYWGEDAIMDKLCZ-JTQLQIEISA-N,CCNCCCC[C@@H](C(=O)O)NC(=O)OC(C)(C)C
FT_1.224_363.16189,"2-[(5,7-dihydroxy-4,7-dimethyl-4a,5,6,7a-tetrahydro-1H-cyclopenta[c]pyran-1-yl)oxy]-6-(hydroxymethyl)tetrahydropyran-3,4,5-triol",C16 H26 O9,L2.3,na,Organic compounds,Lipids and lipid-like molecules,Prenol lipids,Terpene glycosides,Iridoid O-glycosides,NA,NA,NA,C16H26O9,"InChI=1S/C16H26O9/c1-6-5-23-14(10-9(6)7(18)3-16(10,2)22)25-15-13(21)12(20)11(19)8(4-17)24-15/h5,7-15,17-22H,3-4H2,1-2H3",PEOHBNHNHNTZQG-UHFFFAOYSA-N,CC1=COC(OC2OC(CO)C(O)C(O)C2O)C2C1C(O)CC2(C)O
FT_1.295_173.09210,Prolylglycine,C7 H12 N2 O3,L2.1,NA,Organic compounds,Organic acids and derivatives,Carboxylic acids and derivatives,"Amino acids, peptides, and analogues",Peptides,6426709,Prolylglycine,172.0847923,C7H12N2O3,"InChI=1S/C7H12N2O3/c10-6(11)4-9-7(12)5-2-1-3-8-5/h5,8H,1-4H2,(H,9,12)(H,10,11)/t5-/m0/s1",RNKSNIBMTUYWSH-YFKPBYRVSA-N,C1CC(NC1)C(=O)NCC(=O)O
FT_1.309_127.03898,Phloroglucinol,C6 H6 O3,L2.1,NA,Organic compounds,Benzenoids,Phenols,Benzenetriols and derivatives,Phloroglucinols and derivatives,359,Phloroglucinol,126.031694,C6H6O3,"InChI=1S/C6H6O3/c7-4-1-5(8)3-6(9)2-4/h1-3,7-9H",QCDYQQDYXPDABM-UHFFFAOYSA-N,C1=C(C=C(C=C1O)O)O
FT_1.333_132.10188,Methylbetain,C6H13NO2,L2.2,NA,Organic compounds,Organic acids and derivatives,Carboxylic acids and derivatives,"Amino acids, peptides, and analogues",Amino acids and derivatives,11355498,Methylbetain,131.0946287,C6H13NO2,"InChI=1S/C6H13NO2/c1-5(6(8)9)7(2,3)4/h5H,1-4H3",CJKONRHMUGBAQI-UHFFFAOYSA-N,CC(C(=O)[O-])[N+](C)(C)C
FT_1.337_527.15849,D-Raffinose,C18 H32 O16,L2.1,NA,Organic compounds,Organic oxygen compounds,Organooxygen compounds,Carbohydrates and carbohydrate conjugates,Oligosaccharides,439242,Raffinose,504.1690349,C18H32O16,"InChI=1S/C18H32O16/c19-1-5-8(22)11(25)13(27)16(31-5)30-3-7-9(23)12(26)14(28)17(32-7)34-18(4-21)15(29)10(24)6(2-20)33-18/h5-17,19-29H,1-4H2/t5-,6-,7-,8+,9-,10-,11+,12+,13-,14-,15+,16+,17-,18+/m1/s1",MUPFEKGTMRGPLJ-ZQSKZDJDSA-N,C(C1C(C(C(C(O1)OCC2C(C(C(C(O2)OC3(C(C(C(O3)CO)O)O)CO)O)O)O)O)O)O)O
FT_1.363_244.07918,DeazaUrd,C10H13NO6,L2.3,NA,Organic compounds,Organic oxygen compounds,Organooxygen compounds,Carbohydrates and carbohydrate conjugates,Glycosyl compounds,277822,DeazaUrd,243.0742871,C10H13NO6,"InChI=1S/C10H13NO6/c12-4-6-8(15)9(16)10(17-6)11-2-1-5(13)3-7(11)14/h1-2,6,8-10,12,15-16H,3-4H2",WIRVQQCUKDPURA-UHFFFAOYSA-N,C1C(=O)C=CN(C1=O)C2C(C(C(O2)CO)O)O
FT_1.366_439.14234,Kotanin,C24H22O8,L2.3,NA,Organic compounds,Phenylpropanoids and polyketides,Coumarins and derivatives,NA,NA,34059,Kotanin,438.1314677,C24H22O8,"InChI=1S/C24H22O8/c1-11-7-13(27-3)21(23-19(11)15(29-5)9-17(25)31-23)22-14(28-4)8-12(2)20-16(30-6)10-18(26)32-24(20)22/h7-10H,1-6H3",CSJOUDOXDHMIAH-UHFFFAOYSA-N,CC1=CC(=C(C2=C1C(=CC(=O)O2)OC)C3=C(C=C(C4=C3OC(=O)C=C4OC)C)OC)OC
FT_1.380_176.09175,alpha-aminopimelate,C7H12NO4,L2.3,NA,Organic compounds,Organic acids and derivatives,Carboxylic acids and derivatives,"Amino acids, peptides, and analogues",Amino acids and derivatives,25202810,2-Aminopimelate,174.0766329,C7H12NO4-,"InChI=1S/C7H13NO4/c8-5(7(11)12)3-1-2-4-6(9)10/h5H,1-4,8H2,(H,9,10)(H,11,12)/p-1",JUQLUIFNNFIIKC-UHFFFAOYSA-M,C(CCC(=O)[O-])CC(C(=O)[O-])[NH3+]
FT_1.395_130.08623,Pipecolic acid,C6 H11 N O2,L2.1,NA,Organic compounds,Organic acids and derivatives,Carboxylic acids and derivatives,"Amino acids, peptides, and analogues",Amino acids and derivatives,849,Pipecolic acid,129.0789786,C6H11NO2,"InChI=1S/C6H11NO2/c8-6(9)5-3-1-2-4-7-5/h5,7H,1-4H2,(H,8,9)",HXEACLLIILLPRG-UHFFFAOYSA-N,C1CCNC(C1)C(=O)O
FT_1.395_384.15018,N-Acetyl-D-lactosamine,C14 H25 N O11,L2.1,NA,Organic compounds,Organic oxygen compounds,Organooxygen compounds,Carbohydrates and carbohydrate conjugates,Aminosaccharides,9800166,N-Acetyl-D-lactosamine,383.1427606,C14H25NO11,"InChI=1S/C14H25NO11/c1-4(18)15-7-9(20)12(6(3-17)24-13(7)23)26-14-11(22)10(21)8(19)5(2-16)25-14/h5-14,16-17,19-23H,2-3H2,1H3,(H,15,18)/t5-,6-,7-,8+,9-,10+,11-,12-,13?,14+/m1/s1",KFEUJDWYNGMDBV-RPHKZZMBSA-N,CC(=O)NC1C(C(C(OC1O)CO)OC2C(C(C(C(O2)CO)O)O)O)O
FT_1.401_689.21129,Maltotetraose,C24 H42 O21,L2.1,NA,Organic compounds,Organic oxygen compounds,Organooxygen compounds,Carbohydrates and carbohydrate conjugates,Oligosaccharides,439639,Maltotetraose,666.2218583,C24H42O21,"InChI=1S/C24H42O21/c25-1-5-9(29)10(30)15(35)22(40-5)44-19-7(3-27)42-24(17(37)12(19)32)45-20-8(4-28)41-23(16(36)13(20)33)43-18-6(2-26)39-21(38)14(34)11(18)31/h5-38H,1-4H2/t5-,6-,7-,8-,9-,10+,11-,12-,13-,14-,15-,16-,17-,18-,19-,20-,21?,22-,23-,24-/m1/s1",LUEWUZLMQUOBSB-AYQJAVFRSA-N,C(C1C(C(C(C(O1)OC2C(OC(C(C2O)O)OC3C(OC(C(C3O)O)OC4C(OC(C(C4O)O)O)CO)CO)CO)O)O)O)O
FT_1.411_187.10776,L-Alanyl-L-proline,C8 H14 N2 O3,L2.1,NA,Organic compounds,Organic acids and derivatives,Carboxylic acids and derivatives,"Amino acids, peptides, and analogues",Peptides,83525,L-Alanyl-L-proline,186.1004423,C8H14N2O3,"InChI=1S/C8H14N2O3/c1-5(9)7(11)10-4-2-3-6(10)8(12)13/h5-6H,2-4,9H2,1H3,(H,12,13)/t5-,6-/m0/s1",WPWUFUBLGADILS-WDSKDSINSA-N,CC(C(=O)N1CCCC1C(=O)O)N
FT_1.411_527.15849,D-Raffinose,C18 H32 O16,L2.1,NA,Organic compounds,Organic oxygen compounds,Organooxygen compounds,Carbohydrates and carbohydrate conjugates,Oligosaccharides,439242,Raffinose,504.1690349,C18H32O16,"InChI=1S/C18H32O16/c19-1-5-8(22)11(25)13(27)16(31-5)30-3-7-9(23)12(26)14(28)17(32-7)34-18(4-21)15(29)10(24)6(2-20)33-18/h5-17,19-29H,1-4H2/t5-,6-,7-,8+,9-,10-,11+,12+,13-,14-,15+,16+,17-,18+/m1/s1",MUPFEKGTMRGPLJ-ZQSKZDJDSA-N,C(C1C(C(C(C(O1)OCC2C(C(C(C(O2)OC3(C(C(C(O3)CO)O)O)CO)O)O)O)O)O)O)O
FT_1.412_210.07978,4-Morpholinepropanesulfonic acid,C7 H15 N O4 S,L2.1,NA,Organic compounds,Organoheterocyclic compounds,Oxazinanes,Morpholines,NA,70807,3[N-Morpholino]propane sulfonic acid,209.0721791,C7H15NO4S,"InChI=1S/C7H15NO4S/c9-13(10,11)7-1-2-8-3-5-12-6-4-8/h1-7H2,(H,9,10,11)",DVLFYONBTKHTER-UHFFFAOYSA-N,C1COCCN1CCCS(=O)(=O)O
FT_1.418_127.03894,Pyrogallol,C6 H6 O3,L2.1,NA,Organic compounds,Benzenoids,Phenols,Benzenetriols and derivatives,Pyrogallols and derivatives,1057,Pyrogallol,126.031694,C6H6O3,"InChI=1S/C6H6O3/c7-4-2-1-3-5(8)6(4)9/h1-3,7-9H",WQGWDDDVZFFDIG-UHFFFAOYSA-N,C1=CC(=C(C(=C1)O)O)O
FT_1.418_144.10191,DL-Stachydrine,C7 H13 N O2,L2.1,NA,Organic compounds,Organic acids and derivatives,Carboxylic acids and derivatives,"Amino acids, peptides, and analogues",Amino acids and derivatives,555,"1,1-Dimethylpyrrolidin-1-ium-2-carboxylic acid",144.1024537,C7H14NO2+,"InChI=1S/C7H13NO2/c1-8(2)5-3-4-6(8)7(9)10/h6H,3-5H2,1-2H3/p+1",CMUNUTVVOOHQPW-UHFFFAOYSA-O,C[N+]1(CCCC1C(=O)O)C
FT_1.419_230.09584,L-Ergothioneine,C9 H15 N3 O2 S,L2.1,NA,Organic compounds,Organic acids and derivatives,Carboxylic acids and derivatives,"Amino acids, peptides, and analogues",Amino acids and derivatives,5351619,Ergothioneine,229.0884979,C9H15N3O2S,"InChI=1S/C9H15N3O2S/c1-12(2,3)7(8(13)14)4-6-5-10-9(15)11-6/h5,7H,4H2,1-3H3,(H2-,10,11,13,14,15)/t7-/m0/s1",SSISHJJTAXXQAX-ZETCQYMHSA-N,C[N+](C)(C)C(CC1=CNC(=S)N1)C(=O)[O-]
FT_1.420_246.14481,Gln-Val,C10H19N3O4,L2.3,NA,Organic compounds,Organic acids and derivatives,Carboxylic acids and derivatives,"Amino acids, peptides, and analogues",Peptides,57262456,Gln-Val,245.1375561,C10H19N3O4,"InChI=1S/C10H19N3O4/c1-5(2)8(10(16)17)13-9(15)6(11)3-4-7(12)14/h5-6,8H,3-4,11H2,1-2H3,(H2,12,14)(H,13,15)(H,16,17)/t6-,8-/m0/s1",MRVYVEQPNDSWLH-XPUUQOCRSA-N,CC(C)C(C(=O)O)NC(=O)C(CCC(=O)N)N
FT_1.421_252.14412,Prosulfocarb,C14 H21 N O S,L2.1,NA,Organic compounds,Benzenoids,Benzene and substituted derivatives,NA,NA,62020,Prosulfocarb,251.1343855,C14H21NOS,"InChI=1S/C14H21NOS/c1-3-10-15(11-4-2)14(16)17-12-13-8-6-5-7-9-13/h5-9H,3-4,10-12H2,1-2H3",NQLVQOSNDJXLKG-UHFFFAOYSA-N,CCCN(CCC)C(=O)SCC1=CC=CC=C1
FT_1.422_231.09760,Pro-Asp,C9H14N2O5,L2.2,NA,Organic compounds,Organic acids and derivatives,Carboxylic acids and derivatives,"Amino acids, peptides, and analogues",Peptides,3838871,Pro-Asp,230.0902716,C9H14N2O5,"InChI=1S/C9H14N2O5/c12-7(13)4-6(9(15)16)11-8(14)5-2-1-3-10-5/h5-6,10H,1-4H2,(H,11,14)(H,12,13)(H,15,16)",GLEOIKLQBZNKJZ-UHFFFAOYSA-N,C1CC(NC1)C(=O)NC(CC(=O)O)C(=O)O
FT_1.257_278.08058,NP-019509,C15 H13 N O3,L2.1,NA,Organic compounds,Organoheterocyclic compounds,Quinolines and derivatives,Phenylquinolines,Phenylquinolines,75411933,Compound NP-019509,NA,C15H13NO3,"InChI=1S/C15H13NO3/c17-13-14(18)16-12-9-5-4-8-11(12)15(13,19)10-6-2-1-3-7-10/h1-9,13,17,19H,(H,16,18)",ICAOEYXCZNNQNW-UHFFFAOYSA-N,C1=CC=C(C=C1)C2(C(C(=O)NC3=CC=CC=C32)O)O
FT_1.694_347.09500,Methyl 6-O-galloyl-b-D-glucopyranoside,C14H18O10,L2.3,NA,Organic compounds,Benzenoids,Benzene and substituted derivatives,Benzoic acids and derivatives,Hydroxybenzoic acid derivatives,78385296,Methyl 6-O-galloyl-b-D-glucopyranoside,346.0899968,C14H18O10,"InChI=1S/C14H18O10/c1-22-14-12(20)11(19)10(18)8(24-14)4-23-13(21)5-2-6(15)9(17)7(16)3-5/h2-3,8,10-12,14-20H,4H2,1H3",FNCIIGZVDLRIDE-UHFFFAOYSA-N,COC1C(C(C(C(O1)COC(=O)C2=CC(=C(C(=C2)O)O)O)O)O)O
FT_1.280_146.08119,NP-022231,C6 H13 N O4,L2.1,NA,NA,NA,NA,NA,NA,NA,NA,NA,NA,NA,NA,NA
FT_1.722_187.10773,L-Alanyl-L-proline,C8 H14 N2 O3,L2.1,NA,Organic compounds,Organic acids and derivatives,Carboxylic acids and derivatives,"Amino acids, peptides, and analogues",Peptides,83525,L-Alanyl-L-proline,186.1004423,C8H14N2O3,"InChI=1S/C8H14N2O3/c1-5(9)7(11)10-4-2-3-6(10)8(12)13/h5-6H,2-4,9H2,1H3,(H,12,13)/t5-,6-/m0/s1",WPWUFUBLGADILS-WDSKDSINSA-N,CC(C(=O)N1CCCC1C(=O)O)N
FT_1.745_204.12300,Acetylcarnitine,C9H17NO4,L2.1,NA,Organic compounds,Lipids and lipid-like molecules,Fatty Acyls,Fatty acid esters,Acyl carnitines,1,Acetyl-DL-carnitine,203.115758,C9H17NO4,"InChI=1S/C9H17NO4/c1-7(11)14-8(5-9(12)13)6-10(2,3)4/h8H,5-6H2,1-4H3",RDHQFKQIGNGIED-UHFFFAOYSA-N,CC(=O)OC(CC(=O)[O-])C[N+](C)(C)C
FT_1.759_288.11903,Clavamycin E,C11H17N3O6,L2.3,NA,Organic compounds,Organic acids and derivatives,Carboxylic acids and derivatives,"Amino acids, peptides, and analogues",Peptides,46173893,Clavamycin E,287.1117353,C11H17N3O6,"InChI=1S/C11H17N3O6/c1-4(12)10(17)13-8(11(18)19)9(16)5-3-14-6(15)2-7(14)20-5/h4-5,7-9,16H,2-3,12H2,1H3,(H,13,17)(H,18,19)/t4-,5+,7-,8-,9?/m0/s1",HYVUCUGHACXFFU-NQIQCGANSA-N,CC(C(=O)NC(C(C1CN2C(O1)CC2=O)O)C(=O)O)N
FT_1.774_469.09629,Neocretanin,C20H20O13,L2.3,NA,Organic compounds,Organic oxygen compounds,Organooxygen compounds,Carbohydrates and carbohydrate conjugates,Glycosyl compounds,131752605,Neocretanin,468.0903907,C20H20O13,"InChI=1S/C20H20O13/c21-5-7-1-11(24)18(12(25)2-7)33-20-17(29)16(28)15(27)13(32-20)6-31-19(30)8-3-9(22)14(26)10(23)4-8/h1-5,13,15-17,20,22-29H,6H2",QNCVLUMAFVDLOF-UHFFFAOYSA-N,C1=C(C=C(C(=C1O)OC2C(C(C(C(O2)COC(=O)C3=CC(=C(C(=C3)O)O)O)O)O)O)O)C=O
FT_1.776_453.12153,Nuezhenidic acid,C17H24O14,L2.3,NA,Organic compounds,Lipids and lipid-like molecules,Prenol lipids,Terpene glycosides,NA,134715173,Nuezhenidic acid,452.1166054,C17H24O14,"InChI=1S/C17H24O14/c1-28-14(26)6-5-29-16(17(27,3-10(21)22)7(6)2-9(19)20)31-15-13(25)12(24)11(23)8(4-18)30-15/h5,7-8,11-13,15-16,18,23-25,27H,2-4H2,1H3,(H,19,20)(H,21,22)/t7-,8-,11-,12+,13-,15+,16+,17+/m1/s1",ZGRZULFRVWCUPF-APYHETFTSA-N,COC(=O)C1=COC(C(C1CC(=O)O)(CC(=O)O)O)OC2C(C(C(C(O2)CO)O)O)O
FT_1.822_277.10307,gamma-Glutamylglutamate,C10 H16 N2 O7,L2.1,NA,Organic compounds,Organic acids and derivatives,Carboxylic acids and derivatives,"Amino acids, peptides, and analogues",Amino acids and derivatives,92865,gamma-Glutamylglutamate,276.0957509,C10H16N2O7,"InChI=1S/C10H16N2O7/c11-5(9(16)17)1-3-7(13)12-6(10(18)19)2-4-8(14)15/h5-6H,1-4,11H2,(H,12,13)(H,14,15)(H,16,17)(H,18,19)/t5-,6-/m0/s1",OWQDWQKWSLFFFR-WDSKDSINSA-N,C(CC(=O)NC(CCC(=O)O)C(=O)O)C(C(=O)O)N
FT_1.975_112.05049,Cytosine,C4 H5 N3 O,L2.1,NA,Organic compounds,Organoheterocyclic compounds,Diazines,Pyrimidines and pyrimidine derivatives,Pyrimidones,597,Cytosine,111.0432618,C4H5N3O,"InChI=1S/C4H5N3O/c5-3-1-2-6-4(8)7-3/h1-2H,(H3,5,6,7,8)",OPTASPLRGRRNAP-UHFFFAOYSA-N,C1=C(NC(=O)N=C1)N
FT_10.064_211.13043,Jasmonic acid,C12 H18 O3,L2.1,NA,Organic compounds,Lipids and lipid-like molecules,Fatty Acyls,Lineolic acids and derivatives,Jasmonic acids,5281166,Jasmonic Acid,210.1255944,C12H18O3,"InChI=1S/C12H18O3/c1-2-3-4-5-10-9(8-12(14)15)6-7-11(10)13/h3-4,9-10H,2,5-8H2,1H3,(H,14,15)/b4-3-/t9-,10-/m1/s1",ZNJFBWYDHIGLCU-HWKXXFMVSA-N,CCC=CCC1C(CCC1=O)CC(=O)O
FT_10.353_211.13040,Jasmonic acid,C12 H18 O3,L2.1,NA,Organic compounds,Lipids and lipid-like molecules,Fatty Acyls,Lineolic acids and derivatives,Jasmonic acids,5281166,Jasmonic Acid,210.1255944,C12H18O3,"InChI=1S/C12H18O3/c1-2-3-4-5-10-9(8-12(14)15)6-7-11(10)13/h3-4,9-10H,2,5-8H2,1H3,(H,14,15)/b4-3-/t9-,10-/m1/s1",ZNJFBWYDHIGLCU-HWKXXFMVSA-N,CCC=CCC1C(CCC1=O)CC(=O)O
FT_1.386_218.14992,(2S)-2-amino-6-[[(2S)-2-aminopropanoyl]amino]hexanoic acid,C9 H19 N3 O3,L2.3,na,Organic compounds,Organic acids and derivatives,Carboxylic acids and derivatives,"Amino acids, peptides, and analogues",Amino acids and derivatives,73659214,(2S)-2-amino-6-[[(2S)-2-aminopropanoyl]amino]hexanoic acid,NA,C9H19N3O3,"InChI=1S/C9H19N3O3/c1-6(10)8(13)12-5-3-2-4-7(11)9(14)15/h6-7H,2-5,10-11H2,1H3,(H,12,13)(H,14,15)/t6-,7-/m0/s1",YHNYPCPFYNAKLR-BQBZGAKWSA-N,C[C@@H](C(=O)NCCCC[C@@H](C(=O)O)N)N
FT_10.540_123.11677,"1,2,3,4-Tetramethyl-1,3-cyclopentadiene",C9 H14,L2.1,NA,Organic compounds,Hydrocarbons,Unsaturated hydrocarbons,Branched unsaturated hydrocarbons,NA,138163,"1,2,3,4-Tetramethylcyclopenta-1,3-diene",122.1095504,C9H14,"InChI=1S/C9H14/c1-6-5-7(2)9(4)8(6)3/h5H2,1-4H3",VNPQQEYMXYCAEZ-UHFFFAOYSA-N,CC1=C(C(=C(C1)C)C)C
FT_10.540_169.12233,10-HDA,C10 H18 O3,L2.1,NA,Organic compounds,Organic acids and derivatives,Hydroxy acids and derivatives,Medium-chain hydroxy acids and derivatives,NA,5312738,10-Hydroxy-2-decenoic acid,186.1255944,C10H18O3,"InChI=1S/C10H18O3/c11-9-7-5-3-1-2-4-6-8-10(12)13/h6,8,11H,1-5,7,9H2,(H,12,13)/b8-6+",QHBZHVUGQROELI-SOFGYWHQSA-N,C(CCCC=CC(=O)O)CCCO
FT_10.608_223.06001,"(3R,4S)-4,6,8-Trihydroxy-7-methoxy-3-methyl-3,4-dihydro-1H-isochromen-1-one",C11 H12 O6,L2.1,NA,Organic compounds,Benzenoids,Benzene and substituted derivatives,Benzoic acids and derivatives,Hydroxybenzoic acid derivatives,25774975,Lignicol,240.0633881,C11H12O6,"InChI=1S/C11H12O6/c1-4-8(13)5-3-6(12)10(16-2)9(14)7(5)11(15)17-4/h3-4,8,12-14H,1-2H3/t4-,8-/m1/s1",ZLLQQKITWRWKTD-SPGJFGJESA-N,CC1C(C2=CC(=C(C(=C2C(=O)O1)O)OC)O)O
FT_10.615_181.08602,"5,8-dihydroxy-10-methyl-5,8,9,10-tetrahydro-2H-oxecin-2-one",C10 H14 O4,L2.1,NA,Organic compounds,Organoheterocyclic compounds,Oxocins,NA,NA,643697,Modiolide A,198.0892089,C10H14O4,"InChI=1S/C10H14O4/c1-7-6-9(12)3-2-8(11)4-5-10(13)14-7/h2-5,7-9,11-12H,6H2,1H3/b3-2+,5-4-/t7-,8-,9-/m1/s1",MKPZLFSGCUYQEY-JKPBTABPSA-N,CC1CC(C=CC(C=CC(=O)O1)O)O
FT_1.390_163.06023,D-(+)-Glucosamine,C6 H15 N O5,L1,NA,Organic compounds,Organic oxygen compounds,Organooxygen compounds,Carbohydrates and carbohydrate conjugates,Monosaccharides,439213,D-Glucosamine,NA,C6H13NO5,"InChI=1S/C6H13NO5/c7-3-5(10)4(9)2(1-8)12-6(3)11/h2-6,8-11H,1,7H2/t2-,3-,4-,5-,6?/m1/s1",MSWZFWKMSRAUBD-IVMDWMLBSA-N,C([C@@H]1[C@H]([C@@H]([C@H](C(O1)O)N)O)O)O
FT_10.734_305.06323,"3,4',5,6,7-Pentahydroxyflavanone",C15H12O7,L2.3,NA,Organic compounds,Phenylpropanoids and polyketides,Flavonoids,Flavans,Flavanones,129681891,"3,4',5,6,7-Pentahydroxyflavanone",304.0583027,C15H12O7,"InChI=1S/C15H12O7/c16-7-3-1-6(2-4-7)15-14(21)13(20)10-9(22-15)5-8(17)11(18)12(10)19/h1-5,14-19,21H",SPLXVVIJECEDFW-UHFFFAOYSA-N,C1=CC(=CC=C1C2C(C(=O)C3=C(O2)C=C(C(=C3O)O)O)O)O
FT_10.758_207.09912,Senkyunolide H,C12 H16 O4,L2.1,NA,Organic compounds,Organoheterocyclic compounds,Isobenzofurans,NA,NA,10036567,Senkyunolide-H,224.104859,C12H16O4,"InChI=1S/C12H16O4/c1-2-3-4-9-7-5-6-8(13)11(14)10(7)12(15)16-9/h4,8,11,13-14H,2-3,5-6H2,1H3/b9-4+/t8-,11-/m0/s1",DQNGMIQSXNGHOA-GMUFXDHJSA-N,CCCC=C1C2=C(C(C(CC2)O)O)C(=O)O1
FT_1.426_272.12588,1-[Hydroxy-(2-hydroxy-3-methoxypropoxy)phosphoryl]oxyethyl-trimethylazanium,C9H22NO6P,L2.3,NA,Organic compounds,Lipids and lipid-like molecules,Glycerophospholipids,0,Glycerophospholipids,89041522,1-[Hydroxy-(2-hydroxy-3-methoxypropoxy)phosphoryl]oxyethyl-trimethylazanium,NA,C9H23NO6P+,"InChI=1S/C9H22NO6P/c1-8(10(2,3)4)16-17(12,13)15-7-9(11)6-14-5/h8-9,11H,6-7H2,1-5H3/p+1",PHUOWBHWFUWOMO-UHFFFAOYSA-O,CC([N+](C)(C)C)OP(=O)(O)OCC(COC)O
FT_1.706_467.13727,NP-020236,C23 H24 O9,L2.1,NA,Organic compounds,Phenylpropanoids and polyketides,Isoflavonoids,Rotenoids,Rotenones,128964456,"6-(1,2-Dihydroxypropan-2-yl)-13-hydroxy-16,17-dimethoxy-2,7,20-trioxapentacyclo[11.8.0.03,11.04,8.014,19]henicosa-3(11),4(8),9,14,16,18-hexaen-12-one",NA,C23H24O9,"InChI=1S/C23H24O9/c1-22(26,10-24)18-6-12-14(31-18)5-4-11-20(12)32-19-9-30-15-8-17(29-3)16(28-2)7-13(15)23(19,27)21(11)25/h4-5,7-8,18-19,24,26-27H,6,9-10H2,1-3H3",FAHHHDIOEBPGCF-UHFFFAOYSA-N,CC(CO)(C1CC2=C(O1)C=CC3=C2OC4COC5=CC(=C(C=C5C4(C3=O)O)OC)OC)O
FT_10.899_139.11172,Isophorone,C9 H14 O,L2.1,NA,Organic compounds,Organic oxygen compounds,Organooxygen compounds,Carbonyl compounds,Ketones,6544,Isophorone,138.1044651,C9H14O,"InChI=1S/C9H14O/c1-7-4-8(10)6-9(2,3)5-7/h4H,5-6H2,1-3H3",HJOVHMDZYOCNQW-UHFFFAOYSA-N,CC1=CC(=O)CC(C1)(C)C
FT_10.944_159.10159,"3',4'-Dimethoxyacetophenone",C10 H12 O3,L2.1,NA,Organic compounds,Organic oxygen compounds,Organooxygen compounds,Carbonyl compounds,Ketones,14328,"3',4'-Dimethoxyacetophenone",180.0786442,C10H12O3,"InChI=1S/C10H12O3/c1-7(11)8-4-5-9(12-2)10(6-8)13-3/h4-6H,1-3H3",IQZLUWLMQNGTIW-UHFFFAOYSA-N,CC(=O)C1=CC(=C(C=C1)OC)OC
FT_1.809_232.12923,l-Alanyl-d-alanyl-l-alanine,C9 H17 N3 O4,L2.2,na,Organic compounds,Organic acids and derivatives,Carboxylic acids and derivatives,"Amino acids, peptides, and analogues",Peptides,129634007,l-Alanyl-d-alanyl-l-alanine,232.1281828,C9H17N3O4,"InChI=1S/C9H17N3O4/c1-4(10)7(13)11-5(2)8(14)12-6(3)9(15)16/h4-6H,10H2,1-3H3,(H,11,13)(H,12,14)(H,15,16)/t4-,5-,6-/m0/s1/i/hD",BYXHQQCXAJARLQ-VJSBLMQMSA-N,CC(C(=O)NC(C)C(=O)NC(C)C(=O)O)N
FT_11.090_161.05973,4-Methoxycinnamic acid,C10 H10 O3,L2.1,NA,Organic compounds,Phenylpropanoids and polyketides,Cinnamic acids and derivatives,Cinnamic acids,NA,699414,trans-4-Methoxycinnamic acid,178.0629942,C10H10O3,"InChI=1S/C10H10O3/c1-13-9-5-2-8(3-6-9)4-7-10(11)12/h2-7H,1H3,(H,11,12)/b7-4+",AFDXODALSZRGIH-QPJJXVBHSA-N,COC1=CC=C(C=C1)C=CC(=O)O
FT_11.090_179.07054,4-Methoxycinnamic acid,C10 H10 O3,L2.1,NA,Organic compounds,Phenylpropanoids and polyketides,Cinnamic acids and derivatives,Cinnamic acids,NA,699414,trans-4-Methoxycinnamic acid,178.0629942,C10H10O3,"InChI=1S/C10H10O3/c1-13-9-5-2-8(3-6-9)4-7-10(11)12/h2-7H,1H3,(H,11,12)/b7-4+",AFDXODALSZRGIH-QPJJXVBHSA-N,COC1=CC=C(C=C1)C=CC(=O)O
FT_11.098_265.06833,Banksiamarin A,C13H12O6,L2.3,NA,Organic compounds,Phenylpropanoids and polyketides,Isocoumarins and derivatives,NA,NA,139590042,Banksiamarin A,264.0633881,C13H12O6,"InChI=1S/C13H12O6/c1-5-7-4-8(12(16)18-3)19-13(17)9(7)11(15)6(2)10(5)14/h4,14-15H,1-3H3",MBTRIICTTOQTOF-UHFFFAOYSA-N,CC1=C2C=C(OC(=O)C2=C(C(=C1O)C)O)C(=O)OC
FT_11.180_181.04704,caffeate,C9H8O4,L2.3,NA,Organic compounds,Phenylpropanoids and polyketides,Cinnamic acids and derivatives,Hydroxycinnamic acids and derivatives,Hydroxycinnamic acids,689043,Caffeic Acid,180.0422587,C9H8O4,"InChI=1S/C9H8O4/c10-7-3-1-6(5-8(7)11)2-4-9(12)13/h1-5,10-11H,(H,12,13)/b4-2+",QAIPRVGONGVQAS-DUXPYHPUSA-N,C1=CC(=C(C=C1C=CC(=O)O)O)O
FT_10.539_209.11480,NP-011223,C10 H18 O3,L2.1,NA,Organic compounds,Organoheterocyclic compounds,Lactones,Delta valerolactones,Delta valerolactones,"	538589","2H-Pyran-2-one, tetrahydro-4-hydroxy-6-pentyl-",NA,C10H18O3,"InChI=1S/C10H18O3/c1-2-3-4-5-9-6-8(11)7-10(12)13-9/h8-9,11H,2-7H2,1H3",WPOYJLMQCBFDQM-UHFFFAOYSA-N,CCCCCC1CC(CC(=O)O1)O
FT_11.304_193.04955,7-hydroxy-6-methoxy-2H-chromen-2-one,C10 H8 O4,L2.1,NA,Organic compounds,Phenylpropanoids and polyketides,Coumarins and derivatives,Hydroxycoumarins,7-hydroxycoumarins,5280460,Scopoletin,192.0422587,C10H8O4,"InChI=1S/C10H8O4/c1-13-9-4-6-2-3-10(12)14-8(6)5-7(9)11/h2-5,11H,1H3",RODXRVNMMDRFIK-UHFFFAOYSA-N,COC1=C(C=C2C(=C1)C=CC(=O)O2)O
FT_11.314_195.06521,Ferulic acid,C10 H10 O4,L2.1,NA,Organic compounds,Phenylpropanoids and polyketides,Cinnamic acids and derivatives,Hydroxycinnamic acids and derivatives,Hydroxycinnamic acids,445858,Ferulic acid,194.0579088,C10H10O4,"InChI=1S/C10H10O4/c1-14-9-6-7(2-4-8(9)11)3-5-10(12)13/h2-6,11H,1H3,(H,12,13)/b5-3+",KSEBMYQBYZTDHS-HWKANZROSA-N,COC1=C(C=CC(=C1)C=CC(=O)O)O
FT_10.540_204.15939,"(2S,8R)-2-amino-8-hydroxydecanoic acid",C10 H21 N O3,L2.2,na,Organic compounds,Organic acids and derivatives,Carboxylic acids and derivatives,"Amino acids, peptides, and analogues",Amino acids and derivatives,"	91820502","(2S,8R)-2-amino-8-hydroxydecanoic acid",NA,C10H21NO3,"InChI=1S/C10H21NO3/c1-2-8(12)6-4-3-5-7-9(11)10(13)14/h8-9,12H,2-7,11H2,1H3,(H,13,14)/t8-,9+/m1/s1",ZIWHLYJGRCIXQX-BDAKNGLRSA-N,CC[C@H](CCCCC[C@@H](C(=O)O)N)O
FT_11.454_263.08909,"3-(3,4,5-trimethoxyphenyl)propanoic acid",C12 H16 O5,L2.1,NA,Organic compounds,Phenylpropanoids and polyketides,Phenylpropanoic acids,NA,NA,64860,"3-(3,4,5-Trimethoxyphenyl)propanoic acid",240.0997736,C12H16O5,"InChI=1S/C12H16O5/c1-15-9-6-8(4-5-11(13)14)7-10(16-2)12(9)17-3/h6-7H,4-5H2,1-3H3,(H,13,14)",ZCYXGVJUZBKJAI-UHFFFAOYSA-N,COC1=CC(=CC(=C1OC)OC)CCC(=O)O
FT_11.491_167.03390,"1,3-Benzenedicarboxaldehyde, 4,6-dihydroxy-",C8H6O4,L2.3,NA,Organic compounds,Organic oxygen compounds,Organooxygen compounds,Carbonyl compounds,Aldehydes,2748026,"1,3-Benzenedicarboxaldehyde, 4,6-dihydroxy-",166.0266087,C8H6O4,"InChI=1S/C8H6O4/c9-3-5-1-6(4-10)8(12)2-7(5)11/h1-4,11-12H",QHRPBXABWLRILP-UHFFFAOYSA-N,C1=C(C(=CC(=C1C=O)O)O)C=O
FT_11.505_163.03899,7-Hydroxycoumarine,C9 H6 O3,L2.1,NA,Organic compounds,Phenylpropanoids and polyketides,Coumarins and derivatives,Hydroxycoumarins,7-hydroxycoumarins,5281426,Umbelliferone,162.031694,C9H6O3,"InChI=1S/C9H6O3/c10-7-3-1-6-2-4-9(11)12-8(6)5-7/h1-5,10H",ORHBXUUXSCNDEV-UHFFFAOYSA-N,C1=CC(=CC2=C1C=CC(=O)O2)O
FT_11.565_223.09649,"3-(3,4,5-trimethoxyphenyl)propanoic acid",C12 H16 O5,L2.1,NA,Organic compounds,Phenylpropanoids and polyketides,Phenylpropanoic acids,NA,NA,64860,"3-(3,4,5-Trimethoxyphenyl)propanoic acid",240.0997736,C12H16O5,"InChI=1S/C12H16O5/c1-15-9-6-8(4-5-11(13)14)7-10(16-2)12(9)17-3/h6-7H,4-5H2,1-3H3,(H,13,14)",ZCYXGVJUZBKJAI-UHFFFAOYSA-N,COC1=CC(=CC(=C1OC)OC)CCC(=O)O
FT_11.589_193.04953,Scopoletin,C10 H8 O4,L2.1,NA,Organic compounds,Phenylpropanoids and polyketides,Coumarins and derivatives,Hydroxycoumarins,7-hydroxycoumarins,5280460,Scopoletin,192.0422587,C10H8O4,"InChI=1S/C10H8O4/c1-13-9-4-6-2-3-10(12)14-8(6)5-7(9)11/h2-5,11H,1H3",RODXRVNMMDRFIK-UHFFFAOYSA-N,COC1=C(C=C2C(=C1)C=CC(=O)O2)O
FT_11.694_161.05974,3-Methoxycinnamic acid,C10 H10 O3,L2.1,NA,Organic compounds,Phenylpropanoids and polyketides,Cinnamic acids and derivatives,Hydroxycinnamic acids and derivatives,Coumaric acids and derivatives,637668,3-Methoxycinnamic acid,178.0629942,C10H10O3,"InChI=1S/C10H10O3/c1-13-9-4-2-3-8(7-9)5-6-10(11)12/h2-7H,1H3,(H,11,12)/b6-5+",LZPNXAULYJPXEH-AATRIKPKSA-N,COC1=CC=CC(=C1)C=CC(=O)O
FT_10.732_253.10690,"(6S)-6-[(1S,2R)-1,2-dihydroxypentyl]-4-methoxy-5,6-dihydro-2H-pyran-2-one",C11 H18 O5,L2.1,NA,Organic compounds,Organoheterocyclic compounds,Pyrans,Pyranones and derivatives,Dihydropyranones,10933277,7-Hydroxypestalotin,NA,C11H18O5,"InChI=1S/C11H18O5/c1-3-4-8(12)11(14)9-5-7(15-2)6-10(13)16-9/h6,8-9,11-12,14H,3-5H2,1-2H3/t8-,9+,11+/m1/s1",YLHOHANRUSKHKO-YWVKMMECSA-N,CCC[C@H]([C@@H]([C@@H]1CC(=CC(=O)O1)OC)O)O
FT_11.771_211.06008,"2-(2-acetyl-3,5-dihydroxyphenyl)acetic acid",C10 H10 O5,L2.1,NA,Organic compounds,Organic oxygen compounds,Organooxygen compounds,Carbonyl compounds,Ketones,16196973,"2-(2-Acetyl-3,5-Dihydroxyphenyl)Acetic Acid",210.0528234,C10H10O5,"InChI=1S/C10H10O5/c1-5(11)10-6(3-9(14)15)2-7(12)4-8(10)13/h2,4,12-13H,3H2,1H3,(H,14,15)",JAHPPWGWEUVLMS-UHFFFAOYSA-N,CC(=O)C1=C(C=C(C=C1O)O)CC(=O)O
FT_11.776_223.06005,"6-Hydroxy-7,8-dimethoxycoumarin",C11H10O5,L2.1,NA,Organic compounds,Phenylpropanoids and polyketides,Coumarins and derivatives,Hydroxycoumarins,NA,11345068,"6-Hydroxy-7,8-dimethoxycoumarin",222.0528234,C11H10O5,"InChI=1S/C11H10O5/c1-14-10-7(12)5-6-3-4-8(13)16-9(6)11(10)15-2/h3-5,12H,1-2H3",ULJXDXSBXDSMLE-UHFFFAOYSA-N,COC1=C(C=C2C=CC(=O)OC2=C1OC)O
FT_11.834_205.10702,"Diethyl (2R,3R)-2-methyl-3-hydroxysuccinate",C9H16O5,L2.1,NA,Organic compounds,Organic acids and derivatives,Hydroxy acids and derivatives,Beta hydroxy acids and derivatives,NA,440395,"Diethyl (2R,3R)-2-methyl-3-hydroxysuccinate",204.0997736,C9H16O5,"InChI=1S/C9H16O5/c1-4-13-8(11)6(3)7(10)9(12)14-5-2/h6-7,10H,4-5H2,1-3H3/t6-,7-/m1/s1",UNVUFOXAXGOVFT-RNFRBKRXSA-N,CCOC(=O)C(C)C(C(=O)OCC)O
FT_11.838_123.11677,"1,2,3,4-Tetramethyl-1,3-cyclopentadiene",C9 H14,L2.1,NA,Organic compounds,Hydrocarbons,Unsaturated hydrocarbons,Branched unsaturated hydrocarbons,NA,138163,"1,2,3,4-Tetramethylcyclopenta-1,3-diene",122.1095504,C9H14,"InChI=1S/C9H14/c1-6-5-7(2)9(4)8(6)3/h5H2,1-4H3",VNPQQEYMXYCAEZ-UHFFFAOYSA-N,CC1=C(C(=C(C1)C)C)C
FT_11.899_205.08343,Resorcinol diglycidyl ether,C12 H14 O4,L2.1,NA,Organic compounds,Benzenoids,Phenol ethers,NA,NA,7586,Diglycidyl resorcinol ether,222.0892089,C12H14O4,"InChI=1S/C12H14O4/c1-2-9(13-5-11-7-15-11)4-10(3-1)14-6-12-8-16-12/h1-4,11-12H,5-8H2",WPYCRFCQABTEKC-UHFFFAOYSA-N,C1C(O1)COC2=CC(=CC=C2)OCC3CO3
FT_11.901_165.09108,4-Phenylbutyric acid,C10 H12 O2,L2.1,NA,Organic compounds,Benzenoids,Benzene and substituted derivatives,NA,NA,4775,Phenylbutyric acid,164.0837296,C10H12O2,"InChI=1S/C10H12O2/c11-10(12)8-4-7-9-5-2-1-3-6-9/h1-3,5-6H,4,7-8H2,(H,11,12)",OBKXEAXTFZPCHS-UHFFFAOYSA-N,C1=CC=C(C=C1)CCCC(=O)O
FT_11.950_223.06004,"(3R,4S)-4,6,8-Trihydroxy-7-methoxy-3-methyl-3,4-dihydro-1H-isochromen-1-one",C11 H12 O6,L2.1,NA,Organic compounds,Benzenoids,Benzene and substituted derivatives,Benzoic acids and derivatives,Hydroxybenzoic acid derivatives,25774975,Lignicol,240.0633881,C11H12O6,"InChI=1S/C11H12O6/c1-4-8(13)5-3-6(12)10(16-2)9(14)7(5)11(15)17-4/h3-4,8,12-14H,1-2H3/t4-,8-/m1/s1",ZLLQQKITWRWKTD-SPGJFGJESA-N,CC1C(C2=CC(=C(C(=C2C(=O)O1)O)OC)O)O
FT_11.963_207.09907,Senkyunolide H,C12 H16 O4,L2.1,NA,Organic compounds,Organoheterocyclic compounds,Isobenzofurans,NA,NA,5316704,Senkyunolide H,224.104859,C12H16O4,"InChI=1S/C12H16O4/c1-2-3-4-9-7-5-6-8(13)11(14)10(7)12(15)16-9/h4,8,11,13-14H,2-3,5-6H2,1H3/b9-4-",DQNGMIQSXNGHOA-WTKPLQERSA-N,CCCC=C1C2=C(C(C(CC2)O)O)C(=O)O1
FT_11.968_401.15712,"6-(1,3-Diphenylbut-3-en-2-yloxy)-3,4,5-trihydroxyoxane-2-carboxylic acid",C22H24O7,L2.1,NA,Organic compounds,Phenylpropanoids and polyketides,"Linear 1,3-diarylpropanoids",NA,NA,131839124,"6-(1,3-Diphenylbut-3-en-2-yloxy)-3,4,5-trihydroxyoxane-2-carboxylic acid",400.1522031,C22H24O7,"InChI=1S/C22H24O7/c1-13(15-10-6-3-7-11-15)16(12-14-8-4-2-5-9-14)28-22-19(25)17(23)18(24)20(29-22)21(26)27/h2-11,16-20,22-25H,1,12H2,(H,26,27)",OGMLCVIGGGKOIW-UHFFFAOYSA-N,C=C(C1=CC=CC=C1)C(CC2=CC=CC=C2)OC3C(C(C(C(O3)C(=O)O)O)O)O
FT_12.026_251.09138,Citrinin,C13 H14 O5,L2.1,NA,Organic compounds,Organoheterocyclic compounds,Benzopyrans,NA,NA,54680783,Citrinin,250.0841235,C13H14O5,"InChI=1S/C13H14O5/c1-5-7(3)18-4-8-9(5)6(2)11(14)10(12(8)15)13(16)17/h4-5,7,14H,1-3H3,(H,16,17)/t5-,7-/m1/s1",CBGDIJWINPWWJW-IYSWYEEDSA-N,CC1C(OC=C2C1=C(C(=C(C2=O)C(=O)O)O)C)C
FT_12.109_207.09909,Senkyunolide H,C12 H16 O4,L2.1,NA,Organic compounds,Organoheterocyclic compounds,Isobenzofurans,NA,NA,5316704,Senkyunolide H,224.104859,C12H16O4,"InChI=1S/C12H16O4/c1-2-3-4-9-7-5-6-8(13)11(14)10(7)12(15)16-9/h4,8,11,13-14H,2-3,5-6H2,1H3/b9-4-",DQNGMIQSXNGHOA-WTKPLQERSA-N,CCCC=C1C2=C(C(C(CC2)O)O)C(=O)O1
FT_12.148_227.08895,Biotin,C10 H16 N2 O3 S,L2.1,NA,Organic compounds,Organoheterocyclic compounds,Biotin and derivatives,NA,NA,171548,Biotin,244.0881636,C10H16N2O3S,"InChI=1S/C10H16N2O3S/c13-8(14)4-2-1-3-7-9-6(5-16-7)11-10(15)12-9/h6-7,9H,1-5H2,(H,13,14)(H2,11,12,15)/t6-,7-,9-/m0/s1",YBJHBAHKTGYVGT-ZKWXMUAHSA-N,C1C2C(C(S1)CCCCC(=O)O)NC(=O)N2
FT_12.160_193.04957,"7,8-Dihydroxy-4-methylcoumarin",C10 H8 O4,L2.1,NA,Organic compounds,Phenylpropanoids and polyketides,Coumarins and derivatives,Hydroxycoumarins,"7,8-dihydroxycoumarins",5355836,4-Methyldaphnetin,192.0422587,C10H8O4,"InChI=1S/C10H8O4/c1-5-4-8(12)14-10-6(5)2-3-7(11)9(10)13/h2-4,11,13H,1H3",NWQBYMPNIJXFNQ-UHFFFAOYSA-N,CC1=CC(=O)OC2=C1C=CC(=C2O)O
FT_12.201_165.09102,4-Phenylbutyric acid,C10 H12 O2,L2.1,NA,Organic compounds,Benzenoids,Benzene and substituted derivatives,NA,NA,4775,Phenylbutyric acid,164.0837296,C10H12O2,"InChI=1S/C10H12O2/c11-10(12)8-4-7-9-5-2-1-3-6-9/h1-3,5-6H,4,7-8H2,(H,11,12)",OBKXEAXTFZPCHS-UHFFFAOYSA-N,C1=CC=C(C=C1)CCCC(=O)O
FT_12.218_179.03372,Esculetin,C9 H6 O4,L2.1,NA,Organic compounds,Phenylpropanoids and polyketides,Coumarins and derivatives,Hydroxycoumarins,"6,7-dihydroxycoumarins",5281416,Esculetin,178.0266087,C9H6O4,"InChI=1S/C9H6O4/c10-6-3-5-1-2-9(12)13-8(5)4-7(6)11/h1-4,10-11H",ILEDWLMCKZNDJK-UHFFFAOYSA-N,C1=CC(=O)OC2=CC(=C(C=C21)O)O
FT_12.245_283.08124,2-{[2-(3-cyano-2-pyridinyl)hydrazino]carbonyl}benzoic acid,C14 H10 N4 O3,L2.1,NA,Organic compounds,Benzenoids,Benzene and substituted derivatives,Benzoic acids and derivatives,Benzoic acids,2812085,2-[[(3-cyanopyridin-2-yl)amino]carbamoyl]benzoic Acid,282.0752902,C14H10N4O3,"InChI=1S/C14H10N4O3/c15-8-9-4-3-7-16-12(9)17-18-13(19)10-5-1-2-6-11(10)14(20)21/h1-7H,(H,16,17)(H,18,19)(H,20,21)",UQQPNJMBAFXSLH-UHFFFAOYSA-N,C1=CC=C(C(=C1)C(=O)NNC2=C(C=CC=N2)C#N)C(=O)O
FT_12.292_267.12266,4-oxododecanedioic acid,C12 H20 O5,L2.1,NA,Organic compounds,Organic acids and derivatives,Keto acids and derivatives,Medium-chain keto acids and derivatives,NA,13213508,4-Oxododecanedioic acid,244.1310737,C12H20O5,"InChI=1S/C12H20O5/c13-10(8-9-12(16)17)6-4-2-1-3-5-7-11(14)15/h1-9H2,(H,14,15)(H,16,17)",HHXMOTDTSDYYEI-UHFFFAOYSA-N,C(CCCC(=O)CCC(=O)O)CCCC(=O)O
FT_12.302_297.13320,Deoxynivalenol,C15 H20 O6,L2.1,NA,Organic compounds,Lipids and lipid-like molecules,Prenol lipids,Sesquiterpenoids,Trichothecenes,40024,Deoxynivalenol,296.1259884,C15H20O6,"InChI=1S/C15H20O6/c1-7-3-9-14(5-16,11(19)10(7)18)13(2)4-8(17)12(21-9)15(13)6-20-15/h3,8-9,11-12,16-17,19H,4-6H2,1-2H3/t8-,9-,11-,12-,13-,14-,15+/m1/s1",LINOMUASTDIRTM-QGRHZQQGSA-N,CC1=CC2C(C(C1=O)O)(C3(CC(C(C34CO4)O2)O)C)CO
FT_12.311_223.06010,Saccharonol B,C11H10O5,L2.1,NA,Organic compounds,Phenylpropanoids and polyketides,Isocoumarins and derivatives,NA,NA,73211861,Saccharonol B,222.0528234,C11H10O5,"InChI=1S/C11H10O5/c1-5-3-6-4-7(15-2)9(12)10(13)8(6)11(14)16-5/h3-4,12-13H,1-2H3",GNASOKGITJTIEF-UHFFFAOYSA-N,CC1=CC2=CC(=C(C(=C2C(=O)O1)O)O)OC
FT_12.329_167.07030,Apocynin,C9 H10 O3,L2.1,NA,Organic compounds,Organic oxygen compounds,Organooxygen compounds,Carbonyl compounds,Ketones,2214,Acetovanillone,166.0629942,C9H10O3,"InChI=1S/C9H10O3/c1-6(10)7-3-4-8(11)9(5-7)12-2/h3-5,11H,1-2H3",DFYRUELUNQRZTB-UHFFFAOYSA-N,CC(=O)C1=CC(=C(C=C1)O)OC
FT_12.347_169.12233,10-HDA,C10 H18 O3,L2.1,NA,Organic compounds,Organic acids and derivatives,Hydroxy acids and derivatives,Medium-chain hydroxy acids and derivatives,NA,5312738,10-Hydroxy-2-decenoic acid,186.1255944,C10H18O3,"InChI=1S/C10H18O3/c11-9-7-5-3-1-2-4-6-8-10(12)13/h6,8,11H,1-5,7,9H2,(H,12,13)/b8-6+",QHBZHVUGQROELI-SOFGYWHQSA-N,C(CCCC=CC(=O)O)CCCO
FT_10.766_267.08627,"(3S,4R)-6,8-dihydroxy-3,4,5-trimethyl-1-oxo-3,4-dihydroisochromene-7-carboxylic acid",C13 H14 O6,L2.1,NA,Organic compounds,Benzenoids,Benzene and substituted derivatives,Benzoic acids and derivatives,Phthalic acid and derivatives,133554282,"(3S,4R)-6,8-dihydroxy-3,4,5-trimethyl-1-oxo-3,4-dihydroisochromene-7-carboxylic acid",NA,C13H14O6,"InChI=1S/C13H14O6/c1-4-6(3)19-13(18)8-7(4)5(2)10(14)9(11(8)15)12(16)17/h4,6,14-15H,1-3H3,(H,16,17)/t4-,6-/m0/s1",VVVMDYGNIVXIIG-NJGYIYPDSA-N,C[C@H]1[C@@H](OC(=O)C2=C(C(=C(C(=C12)C)O)C(=O)O)O)C
FT_12.468_207.06517,Scoparone,C11 H10 O4,L2.1,NA,Organic compounds,Phenylpropanoids and polyketides,Coumarins and derivatives,NA,NA,8417,Scoparone,206.0579088,C11H10O4,"InChI=1S/C11H10O4/c1-13-9-5-7-3-4-11(12)15-8(7)6-10(9)14-2/h3-6H,1-2H3",GUAFOGOEJLSQBT-UHFFFAOYSA-N,COC1=C(C=C2C(=C1)C=CC(=O)O2)OC
FT_12.488_191.07028,3-(4-Methylbenzoyl)acrylic acid,C11 H10 O3,L2.1,NA,Organic compounds,Benzenoids,Benzene and substituted derivatives,Benzoyl derivatives,NA,691106,3-(4-Methylbenzoyl)acrylic acid,190.0629942,C11H10O3,"InChI=1S/C11H10O3/c1-8-2-4-9(5-3-8)10(12)6-7-11(13)14/h2-7H,1H3,(H,13,14)/b7-6+",VNJMEFZKYZHWEO-VOTSOKGWSA-N,CC1=CC=C(C=C1)C(=O)C=CC(=O)O
FT_12.554_207.09914,Senkyunolide H,C12 H16 O4,L2.1,NA,Organic compounds,Organoheterocyclic compounds,Isobenzofurans,NA,NA,5316704,Senkyunolide H,224.104859,C12H16O4,"InChI=1S/C12H16O4/c1-2-3-4-9-7-5-6-8(13)11(14)10(7)12(15)16-9/h4,8,11,13-14H,2-3,5-6H2,1H3/b9-4-",DQNGMIQSXNGHOA-WTKPLQERSA-N,CCCC=C1C2=C(C(C(CC2)O)O)C(=O)O1
FT_12.555_139.11173,Isophorone,C9 H14 O,L2.1,NA,Organic compounds,Organic oxygen compounds,Organooxygen compounds,Carbonyl compounds,Ketones,6544,Isophorone,138.1044651,C9H14O,"InChI=1S/C9H14O/c1-7-4-8(10)6-9(2,3)5-7/h4H,5-6H2,1-3H3",HJOVHMDZYOCNQW-UHFFFAOYSA-N,CC1=CC(=O)CC(C1)(C)C
FT_12.560_169.04957,methyl 4-methyl-2-oxo-2H-pyran-6-carboxylate,C8 H8 O4,L2.1,NA,Organic compounds,Organoheterocyclic compounds,Pyrans,Pyranones and derivatives,NA,2739565,methyl 4-methyl-2-oxo-2H-pyran-6-carboxylate,168.0422587,C8H8O4,"InChI=1S/C8H8O4/c1-5-3-6(8(10)11-2)12-7(9)4-5/h3-4H,1-2H3",SPRJFRZJUCOGBC-UHFFFAOYSA-N,CC1=CC(=O)OC(=C1)C(=O)OC
FT_12.610_177.05462,4-Methylumbelliferone hydrate,C10 H8 O3,L2.1,NA,Organic compounds,Phenylpropanoids and polyketides,Coumarins and derivatives,Hydroxycoumarins,7-hydroxycoumarins,60196415,4-Methylumbelliferone hydrate,194.0579088,C10H10O4,"InChI=1S/C10H8O3.H2O/c1-6-4-10(12)13-9-5-7(11)2-3-8(6)9;/h2-5,11H,1H3;1H2",HRFJWEHVFMYQSS-UHFFFAOYSA-N,CC1=CC(=O)OC2=C1C=CC(=C2)O.O
FT_10.769_195.06528,NP-019445,C10 H10 O4,L2.1,NA,NA,NA,NA,NA,NA,NA,NA,NA,NA,NA,NA,NA
FT_12.639_207.06519,Scoparone,C11 H10 O4,L2.1,NA,Organic compounds,Phenylpropanoids and polyketides,Coumarins and derivatives,NA,NA,8417,Scoparone,206.0579088,C11H10O4,"InChI=1S/C11H10O4/c1-13-9-5-7-3-4-11(12)15-8(7)6-10(9)14-2/h3-6H,1-2H3",GUAFOGOEJLSQBT-UHFFFAOYSA-N,COC1=C(C=C2C(=C1)C=CC(=O)O2)OC
FT_12.665_251.09136,delete,delete,L2.1,NA,Organic compounds,Lipids and lipid-like molecules,Fatty Acyls,Fatty alcohols,NA,8174,1-Decanol,158.1670653,C10H22O,"InChI=1S/C10H22O/c1-2-3-4-5-6-7-8-9-10-11/h11H,2-10H2,1H3",MWKFXSUHUHTGQN-UHFFFAOYSA-N,CCCCCCCCCCO
FT_12.670_361.16231,Triptolide,C20 H24 O6,L2.1,NA,Organic compounds,Organoheterocyclic compounds,Oxepanes,NA,NA,107985,Triptolide,360.1572885,C20H24O6,"InChI=1S/C20H24O6/c1-8(2)18-13(25-18)14-20(26-14)17(3)5-4-9-10(7-23-15(9)21)11(17)6-12-19(20,24-12)16(18)22/h8,11-14,16,22H,4-7H2,1-3H3/t11-,12-,13-,14-,16+,17-,18-,19+,20+/m0/s1",DFBIRQPKNDILPW-CIVMWXNOSA-N,CC(C)C12C(O1)C3C4(O3)C5(CCC6=C(C5CC7C4(C2O)O7)COC6=O)C
FT_10.898_185.11722,"(2,2,3-Trimethyl-4-oxocyclopentyl)acetic acid",C10 H16 O3,L2.3,na,Organic compounds,Lipids and lipid-like molecules,Prenol lipids,Monoterpenoids,Iridoids and derivatives,"	57455196","(2,2,3-Trimethyl-4-oxocyclopentyl)acetic acid",NA,C10H16O3,"InChI=1S/C10H16O3/c1-6-8(11)4-7(5-9(12)13)10(6,2)3/h6-7H,4-5H2,1-3H3,(H,12,13)",VRCGDJCVKWWRME-UHFFFAOYSA-N,CC1C(=O)CC(C1(C)C)CC(=O)O
FT_12.740_281.10173,N1-(1H-indol-4-yl)cyclohexane-1-carboxamide,C15 H18 N2 O,L2.1,NA,Organic compounds,Organoheterocyclic compounds,Indoles and derivatives,Indoles,NA,2817699,N-(1H-indol-4-yl)cyclohexanecarboxamide,242.1419132,C15H18N2O,"InChI=1S/C15H18N2O/c18-15(11-5-2-1-3-6-11)17-14-8-4-7-13-12(14)9-10-16-13/h4,7-11,16H,1-3,5-6H2,(H,17,18)",SHKXEYWAJCICPR-UHFFFAOYSA-N,C1CCC(CC1)C(=O)NC2=CC=CC3=C2C=CN3
FT_12.753_167.03385,Benzoquinoneacetic acid,C8H6O4,L2.2,NA,Organic compounds,Organic oxygen compounds,Organooxygen compounds,Carbonyl compounds,Ketones,21252288,Benzoquinoneacetic acid,166.0266087,C8H6O4,"InChI=1S/C8H6O4/c9-6-1-2-7(10)5(3-6)4-8(11)12/h1-3H,4H2,(H,11,12)",RAPRJRLALQKSHB-UHFFFAOYSA-N,C1=CC(=O)C(=CC1=O)CC(=O)O
FT_11.008_179.06750,NP-012042,C10 H12 O4,L2.1,NA,Organic compounds,Organoheterocyclic compounds,Pyrans,Pyranones and derivatives,Pyranones and derivatives,"	45359427","6-[(E)-3,4-dihydroxypent-1-enyl]pyran-2-one",NA,C10H12O4,"InChI=1S/C10H12O4/c1-7(11)9(12)6-5-8-3-2-4-10(13)14-8/h2-7,9,11-12H,1H3/b6-5+",HAMNKHJHOZJTEE-AATRIKPKSA-N,CC(C(/C=C/C1=CC=CC(=O)O1)O)O
FT_11.157_241.07067,"methyl 5-hydroxy-2-methylene-3-oxo-4a,5,8,8a-tetrahydro-1,4-benzodioxine-7-carboxylate",C11 H12 O6,L2.3,na,Organic compounds,Organoheterocyclic compounds,Dioxanes,"1,4-dioxanes","1,4-dioxanes",NA,NA,NA,NA,"InChI=1S/C11H12O6/c1-5-10(13)17-9-7(12)3-6(11(14)15-2)4-8(9)16-5/h3,7-9,12H,1,4H2,2H3",WTZRTZIWWAIJQP-UHFFFAOYSA-N,C=C1OC2CC(C(=O)OC)=CC(O)C2OC1=O
FT_12.818_265.10704,"3a[(2S)a2aHydroxypropyl]a6,8adimethoxya1Ha isochromena1aone",C14H16O5,L2.1,NA,Organic compounds,Phenylpropanoids and polyketides,Isocoumarins and derivatives,NA,NA,10869133,"3a[(2S)a2aHydroxypropyl]a6,8adimethoxya1Ha isochromena1aone",264.0997736,C14H16O5,"InChI=1S/C14H16O5/c1-8(15)4-11-6-9-5-10(17-2)7-12(18-3)13(9)14(16)19-11/h5-8,15H,4H2,1-3H3/t8-/m0/s1",MXEZBPCVRNMVLQ-QMMMGPOBSA-N,CC(CC1=CC2=CC(=CC(=C2C(=O)O1)OC)OC)O
FT_11.232_283.11759,"(3S,4S)-3,4,8-trihydroxy-6-methoxy-7-(1-methoxyethyl)-3,4-dihydro-2H-naphthalen-1-one",C14H18O6,L2.3,NA,Organic compounds,Benzenoids,Tetralins,0,Tetralins,NA,"(3S,4S)-3,4,8-trihydroxy-6-methoxy-7-(1-methoxyethyl)-3,4-dihydro-2H-naphthalen-1-one",NA,C14H18O6,"InChI=1S/C14H18O6/c1-6(19-2)11-10(20-3)4-7-12(14(11)18)8(15)5-9(16)13(7)17/h4,6,9,13,16-18H,5H2,1-3H3/t6?,9-,13-/m0/s1",HFFWERPBQKQHJA-JWOYIUAJSA-N,CC(C1=C(C=C2[C@@H]([C@H](CC(=O)C2=C1O)O)O)OC)OC
FT_11.379_209.11474,NP-011223,C10 H18 O3,L2.1,NA,Organic compounds,Organoheterocyclic compounds,Lactones,Delta valerolactones,Delta valerolactones,"	538589","2H-Pyran-2-one, tetrahydro-4-hydroxy-6-pentyl-",NA,C10H18O3,"InChI=1S/C10H18O3/c1-2-3-4-5-9-6-8(11)7-10(12)13-9/h8-9,11H,2-7H2,1H3",WPOYJLMQCBFDQM-UHFFFAOYSA-N,CCCCCC1CC(CC(=O)O1)O
FT_11.694_235.09645,6-acetyl-2-(hydroxymethyl)-2-methyl-3H-chromen-4-one,C13H14O4,L2.1,NA,Organic compounds,Organoheterocyclic compounds,Benzopyrans,1-benzopyrans,Chromones,"	102064909",6-acetyl-2-(hydroxymethyl)-2-methyl-3H-chromen-4-one,NA,C13H14O4,"InChI=1S/C13H14O4/c1-8(15)9-3-4-12-10(5-9)11(16)6-13(2,7-14)17-12/h3-5,14H,6-7H2,1-2H3",BLZODKWLXWVJLS-UHFFFAOYSA-N,CC(=O)C1=CC2=C(C=C1)OC(CC2=O)(C)CO
FT_11.793_209.08088,methyl (E)-3-(5-methyl-6-oxopyran-2-yl)but-2-enoate,C11 H12 O4,L2.3,na,Organic compounds,Organoheterocyclic compounds,Pyrans,Pyranones and derivatives,Pyranones and derivatives,21762755,methyl (E)-3-(5-methyl-6-oxopyran-2-yl)but-2-enoate,NA,C11H12O4,"InChI=1S/C11H12O4/c1-7-4-5-9(15-11(7)13)8(2)6-10(12)14-3/h4-6H,1-3H3/b8-6+",NSKQCOJQXSGJLZ-SOFGYWHQSA-N,CC1=CC=C(OC1=O)/C(=C/C(=O)OC)/C
FT_12.981_321.13098,(Z)-Mycophenolic Acid,C17H20O6,L2.3,NA,Organic compounds,Organoheterocyclic compounds,Isocoumarans,Isobenzofuranones,Phthalides,4272,(Z)-Mycophenolic Acid,320.1259884,C17H20O6,"InChI=1S/C17H20O6/c1-9(5-7-13(18)19)4-6-11-15(20)14-12(8-23-17(14)21)10(2)16(11)22-3/h4,20H,5-8H2,1-3H3,(H,18,19)",HPNSFSBZBAHARI-UHFFFAOYSA-N,CC1=C2COC(=O)C2=C(C(=C1OC)CC=C(C)CCC(=O)O)O
FT_12.022_269.10197,"2-(3-Butanoyl-2,6-dihydroxy-4-methoxyphenyl)acetic acid",C13 H16 O6,L2.3,na,Organic compounds,Organic oxygen compounds,Organooxygen compounds,Carbonyl compounds,Ketones,38358908,"2-(3-Butanoyl-2,6-dihydroxy-4-methoxyphenyl)acetic acid",NA,C13H16O6,"InChI=1S/C13H16O6/c1-3-4-8(14)12-10(19-2)6-9(15)7(13(12)18)5-11(16)17/h6,15,18H,3-5H2,1-2H3,(H,16,17)",ZZNWFORYMOJSKP-UHFFFAOYSA-N,CCCC(=O)C1=C(C=C(C(=C1O)CC(=O)O)O)OC
FT_13.030_235.09647,Gtri-02,C13H14O4,L2.1,NA,Organic compounds,Benzenoids,Tetralins,NA,NA,10243103,Gtri-02,234.0892089,C13H14O4,"InChI=1S/C13H14O4/c1-6-12(7(2)14)10(16)4-8-3-9(15)5-11(17)13(6)8/h4,9,15-16H,3,5H2,1-2H3",ODXUROYZJHIZHE-UHFFFAOYSA-N,CC1=C2C(=CC(=C1C(=O)C)O)CC(CC2=O)O
FT_12.220_269.10198,"(3S,4S)-3,4,8-trihydroxy-7-(1-hydroxyethyl)-6-methoxy-3,4-dihydro-2H-naphthalen-1-one",C13 H16 O6,L2.3,na,Organic compounds,Benzenoids,Tetralins,0,Tetralins,53240360,"(3S,4S)-3,4,8-trihydroxy-7-(1-hydroxyethyl)-6-methoxy-3,4-dihydro-2H-naphthalen-1-one",NA,"	
C13H16O6","InChI=1S/C13H16O6/c1-5(14)10-9(19-2)3-6-11(13(10)18)7(15)4-8(16)12(6)17/h3,5,8,12,14,16-18H,4H2,1-2H3/t5?,8-,12-/m0/s1",JUYDSZLRDNCNHR-SEZDIGKQSA-N,CC(C1=C(C=C2[C@@H]([C@H](CC(=O)C2=C1O)O)O)OC)O
FT_12.438_267.15908,NP-018534,C15 H22 O4,L2.1,NA,NA,NA,NA,NA,NA,NA,NA,NA,NA,NA,NA,NA
FT_12.455_249.07577,(2S)-2-(4-methyl-2-oxochromen-7-yl)oxypropanoate,C13 H12 O5,L2.3,na,Organic compounds,Phenylpropanoids and polyketides,Coumarins and derivatives,0,Coumarins and derivatives,NA,(2S)-2-(4-methyl-2-oxochromen-7-yl)oxypropanoate,NA,NA,"InChI=1S/C13H12O5/c1-7-5-12(14)18-11-6-9(3-4-10(7)11)17-8(2)13(15)16/h3-6,8H,1-2H3,(H,15,16)/p-1/t8-/m0/s1",UDYRIQUHULSYII-QMMMGPOBSA-M,CC1=CC(=O)OC2=C1C=CC(=C2)O[C@@H](C)C(=O)[O-]
FT_13.279_195.02880,"4,6,7-Trihydroxycoumarin",C9H6O5,L2.2,NA,Organic compounds,Phenylpropanoids and polyketides,Coumarins and derivatives,Hydroxycoumarins,7-hydroxycoumarins,86597497,"4,6,7-Trihydroxycoumarin",194.0215233,C9H6O5,"InChI=1S/C9H6O5/c10-5-3-9(13)14-8-2-7(12)6(11)1-4(5)8/h1-3,10-12H",FNYQCLTWIHHCQV-UHFFFAOYSA-N,C1=C2C(=CC(=O)OC2=CC(=C1O)O)O
FT_13.285_193.04949,"6,7-Dihydroxy-4-methylcoumarin",C10 H8 O4,L2.1,NA,Organic compounds,Phenylpropanoids and polyketides,Coumarins and derivatives,Hydroxycoumarins,"6,7-dihydroxycoumarins",5319502,4-Methylesculetin,192.0422587,C10H8O4,"InChI=1S/C10H8O4/c1-5-2-10(13)14-9-4-8(12)7(11)3-6(5)9/h2-4,11-12H,1H3",KVOJTUXGYQVLAJ-UHFFFAOYSA-N,CC1=CC(=O)OC2=CC(=C(C=C12)O)O
FT_13.285_211.06008,"1-(3-acetyl-2,4,6-trihydroxyphenyl)ethan-1-one",C10 H10 O5,L2.1,NA,Organic compounds,Organic oxygen compounds,Organooxygen compounds,Carbonyl compounds,Ketones,16547,"2,4-Diacetylphloroglucinol",210.0528234,C10H10O5,"InChI=1S/C10H10O5/c1-4(11)8-6(13)3-7(14)9(5(2)12)10(8)15/h3,13-15H,1-2H3",PIFFQYJYNWXNGE-UHFFFAOYSA-N,CC(=O)C1=C(C(=C(C=C1O)O)C(=O)C)O
FT_13.290_167.03389,5-Formylsalicylic acid,C8H6O4,L2.3,NA,Organic compounds,Benzenoids,Benzene and substituted derivatives,Benzoic acids and derivatives,Hydroxybenzoic acid derivatives,69226,5-Formylsalicylic acid,166.0266087,C8H6O4,"InChI=1S/C8H6O4/c9-4-5-1-2-7(10)6(3-5)8(11)12/h1-4,10H,(H,11,12)",UTCFOFWMEPQCSR-UHFFFAOYSA-N,C1=CC(=C(C=C1C=O)C(=O)O)O
FT_13.355_137.13245,Eucalyptol,C10 H18 O,L2.1,NA,Organic compounds,Organoheterocyclic compounds,Oxanes,NA,NA,2758,Eucalyptol,154.1357652,C10H18O,"InChI=1S/C10H18O/c1-9(2)8-4-6-10(3,11-9)7-5-8/h8H,4-7H2,1-3H3",WEEGYLXZBRQIMU-UHFFFAOYSA-N,CC1(C2CCC(O1)(CC2)C)C
FT_12.591_237.11205,"1-(5-Acetyl-2,4-dihydroxyphenyl)-3-methylbutan-1-one",C13 H16 O4,L2.3,na,Organic compounds,Organic oxygen compounds,Organooxygen compounds,Carbonyl compounds,Ketones,90903158,"1-(5-Acetyl-2,4-dihydroxyphenyl)-3-methylbutan-1-one",NA,"	
C13H16O4","InChI=1S/C13H16O4/c1-7(2)4-11(15)10-5-9(8(3)14)12(16)6-13(10)17/h5-7,16-17H,4H2,1-3H3",GIYLHBKMMNKKQT-UHFFFAOYSA-N,CC(C)CC(=O)C1=C(C=C(C(=C1)C(=O)C)O)O
FT_12.613_267.15909,NP-018534,C15 H22 O4,L2.1,NA,NA,NA,NA,NA,NA,NA,NA,NA,NA,NA,NA,NA
FT_13.404_181.04954,"4-oxo-4,5,6,7-tetrahydrobenzo[b]furan-3-carboxylic acid",C9 H8 O4,L2.1,NA,Organic compounds,Organoheterocyclic compounds,Benzofurans,NA,NA,713937,"4-Oxo-4,5,6,7-tetrahydro-1-benzofuran-3-carboxylic acid",180.0422587,C9H8O4,"InChI=1S/C9H8O4/c10-6-2-1-3-7-8(6)5(4-13-7)9(11)12/h4H,1-3H2,(H,11,12)",FABBWECRHZNMDQ-UHFFFAOYSA-N,C1CC2=C(C(=O)C1)C(=CO2)C(=O)O
FT_12.713_219.06518,NP-019992,C10 H12 O4,L2.1,NA,Organic compounds,Organoheterocyclic compounds,Pyrans,Pyranones and derivatives,Pyranones and derivatives,"	75528932",4-(2-Methyl-6-oxopyran-3-YL)butanoic acid,NA,"	
C10H12O4","InChI=1S/C10H12O4/c1-7-8(3-2-4-9(11)12)5-6-10(13)14-7/h5-6H,2-4H2,1H3,(H,11,12)",QFJCZUUIDDALPA-UHFFFAOYSA-N,CC1=C(C=CC(=O)O1)CCCC(=O)O
FT_13.420_237.07574,"6,7,8-trimethoxy-2H-chromen-2-one",C12 H12 O5,L2.1,NA,Organic compounds,Phenylpropanoids and polyketides,Coumarins and derivatives,NA,NA,3083928,Dimethylfraxetin,236.0684735,C12H12O5,"InChI=1S/C12H12O5/c1-14-8-6-7-4-5-9(13)17-10(7)12(16-3)11(8)15-2/h4-6H,1-3H3",RAYQKHLZHPFYEJ-UHFFFAOYSA-N,COC1=C(C(=C2C(=C1)C=CC(=O)O2)OC)OC
FT_13.422_211.06008,"1-(3-acetyl-2,4,6-trihydroxyphenyl)ethan-1-one",C10 H10 O5,L2.1,NA,Organic compounds,Organic oxygen compounds,Organooxygen compounds,Carbonyl compounds,Ketones,16547,"2,4-Diacetylphloroglucinol",210.0528234,C10H10O5,"InChI=1S/C10H10O5/c1-4(11)8-6(13)3-7(14)9(5(2)12)10(8)15/h3,13-15H,1-2H3",PIFFQYJYNWXNGE-UHFFFAOYSA-N,CC(=O)C1=C(C(=C(C=C1O)O)C(=O)C)O
FT_12.756_239.09136,"8-Hydroxy-6,7-dimethoxy-3-methyl-3,4-dihydroisochromen-1-one",C12 H14 O5,L2.3,na,Organic compounds,Organoheterocyclic compounds,Benzopyrans,2-benzopyrans,2-benzopyrans,"	617182","8-Hydroxy-6,7-dimethoxy-3-methyl-3,4-dihydroisochromen-1-one",NA,"	
C12H14O5","InChI=1S/C12H14O5/c1-6-4-7-5-8(15-2)11(16-3)10(13)9(7)12(14)17-6/h5-6,13H,4H2,1-3H3",VXWBNPSAWLNEKD-UHFFFAOYSA-N,CC1CC2=CC(=C(C(=C2C(=O)O1)O)OC)OC
FT_12.812_251.12775,"5-[(1E)-3-hydroxy-3-methylbut-1-en-1-yl]-2-methylcyclohex-5-ene-1,2,4-triol",C12 H20 O4,L2.1,NA,Organic compounds,Organic oxygen compounds,Organooxygen compounds,Alcohols and polyols,Cyclic alcohols and derivatives,25750967,"(1S,2R,4S)-5-[(E)-3-Hydroxy-3-methylbut-1-enyl]-2-methylcyclohex-5-ene-1,2,4-triol",NA,C12H20O4,"InChI=1S/C12H20O4/c1-11(2,15)5-4-8-6-10(14)12(3,16)7-9(8)13/h4-6,9-10,13-16H,7H2,1-3H3/b5-4+/t9-,10-,12+/m0/s1",KLZSJMCXTDLPSF-DVKNGYBMSA-N,C[C@]1(C[C@@H](C(=C[C@@H]1O)/C=C/C(C)(C)O)O)O
FT_13.521_153.12740,D-(+)-Camphor,C10 H16 O,L2.1,NA,Organic compounds,Lipids and lipid-like molecules,Prenol lipids,Monoterpenoids,Bicyclic monoterpenoids,2537,Camphor,152.1201151,C10H16O,"InChI=1S/C10H16O/c1-9(2)7-4-5-10(9,3)8(11)6-7/h7H,4-6H2,1-3H3",DSSYKIVIOFKYAU-UHFFFAOYSA-N,CC1(C2CCC1(C(=O)C2)C)C
FT_12.812_291.12045,NP-016564,C16 H20 O6,L2.1,NA,Organic compounds,Phenylpropanoids and polyketides,Isocoumarins and derivatives,0,Isocoumarins and derivatives,56773904,"3-(2,4-Dihydroxypentyl)-6,8-dimethoxyisochromen-1-one",NA,C16H20O6,"InChI=1S/C16H20O6/c1-9(17)4-11(18)7-13-6-10-5-12(20-2)8-14(21-3)15(10)16(19)22-13/h5-6,8-9,11,17-18H,4,7H2,1-3H3",UGHXSOJROIYABR-UHFFFAOYSA-N,CC(CC(CC1=CC2=CC(=CC(=C2C(=O)O1)OC)OC)O)O
FT_12.822_267.08631,Pestalotiopyrone H,C13H14O6,,NA,Organic compounds,Organoheterocyclic compounds,Pyrans,Pyranones and derivatives,Pyranones and derivatives,"	52920647",Pestalotiopyrone H,NA,C13H14O6,"InChI=1S/C13H14O6/c1-7(3-9-4-10(14)13(16)18-9)11-5-8(17-2)6-12(15)19-11/h3,5-6,9-10,14H,4H2,1-2H3/b7-3+/t9-,10+/m0/s1",VTBDISGBHVWSMH-DRDGLUHNSA-N,C/C(=C\[C@H]1C[C@H](C(=O)O1)O)/C2=CC(=CC(=O)O2)OC
FT_12.929_313.12823,Nivalenol,C15 H20 O7,L2.2,NA,Organic compounds,Lipids and lipid-like molecules,Prenol lipids,Sesquiterpenoids,Trichothecenes,5284433,Nivalenol,,C15H20O7,"InChI=1S/C15H20O7/c1-6-3-7-14(4-16,11(20)8(6)17)13(2)10(19)9(18)12(22-7)15(13)5-21-15/h3,7,9-12,16,18-20H,4-5H2,1-2H3/t7-,9-,10-,11-,12-,13-,14-,15+/m1/s1",UKOTXHQERFPCBU-XBXCNEFVSA-N,CC1=C[C@@H]2[C@]([C@@H](C1=O)O)([C@]3([C@@H]([C@H]([C@H]([C@@]34CO4)O2)O)O)C)CO
FT_13.741_167.10667,6-Pentyl-2H-pyran-2-one,C10 H14 O2,L2.1,NA,Organic compounds,Organoheterocyclic compounds,Pyrans,Pyranones and derivatives,NA,33960,6-Pentyl-2H-pyran-2-one,166.0993797,C10H14O2,"InChI=1S/C10H14O2/c1-2-3-4-6-9-7-5-8-10(11)12-9/h5,7-8H,2-4,6H2,1H3",MAUFTTLGOUBZNA-UHFFFAOYSA-N,CCCCCC1=CC=CC(=O)O1
FT_13.747_233.08082,Citrinin,C13 H14 O5,L2.1,NA,Organic compounds,Organoheterocyclic compounds,Benzopyrans,NA,NA,54680783,Citrinin,250.0841235,C13H14O5,"InChI=1S/C13H14O5/c1-5-7(3)18-4-8-9(5)6(2)11(14)10(12(8)15)13(16)17/h4-5,7,14H,1-3H3,(H,16,17)/t5-,7-/m1/s1",CBGDIJWINPWWJW-IYSWYEEDSA-N,CC1C(OC=C2C1=C(C(=C(C2=O)C(=O)O)O)C)C
FT_12.931_209.08086,"6-Hydroxy-8-methoxy-3-methyl-3,4-dihydro-1H-isochromen-1-one",C11 H12 O4,L2.1,NA,Organic compounds,Organoheterocyclic compounds,Benzopyrans,2-benzopyrans,2-benzopyrans,16757192,"3-Methyl-6-hydroxy-8-methoxy-3,4-dihydroisocoumarin",NA,"	
C11H12O4","InChI=1S/C11H12O4/c1-6-3-7-4-8(12)5-9(14-2)10(7)11(13)15-6/h4-6,12H,3H2,1-2H3",WGUHOBJSLARYHD-UHFFFAOYSA-N,CC1CC2=C(C(=CC(=C2)O)OC)C(=O)O1
FT_13.773_197.08089,Sparassol,C10H12O4,L2.3,NA,Organic compounds,Benzenoids,Benzene and substituted derivatives,Benzoic acids and derivatives,Methoxybenzoic acids and derivatives,596344,Sparassol,196.0735589,C10H12O4,"InChI=1S/C10H12O4/c1-6-4-7(13-2)5-8(11)9(6)10(12)14-3/h4-5,11H,1-3H3",PFVPJOAAHSOENR-UHFFFAOYSA-N,CC1=CC(=CC(=C1C(=O)OC)O)OC
FT_13.773_223.09647,"1-(5-Acetyl-2,4-dimethoxyphenyl)ethanone",C12H14O4,L2.3,NA,Organic compounds,Organic oxygen compounds,Organooxygen compounds,Carbonyl compounds,Ketones,2758026,"1,1'-(4,6-Dimethoxy-1,3-phenylene)di(ethan-1-one)",222.0892089,C12H14O4,"InChI=1S/C12H14O4/c1-7(13)9-5-10(8(2)14)12(16-4)6-11(9)15-3/h5-6H,1-4H3",NSPIPHLQGRBQKJ-UHFFFAOYSA-N,CC(=O)C1=CC(=C(C=C1OC)OC)C(=O)C
FT_13.798_308.17041,"8H,16H-Dinaphtho[2,1-d:1',2'-g][1,3]dioxocine",C22H16O2,L2.1,NA,Organic compounds,Benzenoids,Naphthalenes,NA,NA,1202844,"8H,16H-Dinaphtho[2,1-d:1',2'-g][1,3]dioxocine",312.1150297,C22H16O2,"InChI=1S/C22H16O2/c1-3-7-17-15(5-1)9-11-21-19(17)13-20-18-8-4-2-6-16(18)10-12-22(20)24-14-23-21/h1-12H,13-14H2",BKSTYBMRSVNGGB-UHFFFAOYSA-N,C1C2=C(C=CC3=CC=CC=C23)OCOC4=C1C5=CC=CC=C5C=C4
FT_13.808_181.04953,"4-oxo-4,5,6,7-tetrahydrobenzo[b]furan-3-carboxylic acid",C9 H8 O4,L2.1,NA,Organic compounds,Organoheterocyclic compounds,Benzofurans,NA,NA,713937,"4-Oxo-4,5,6,7-tetrahydro-1-benzofuran-3-carboxylic acid",180.0422587,C9H8O4,"InChI=1S/C9H8O4/c10-6-2-1-3-7-8(6)5(4-13-7)9(11)12/h4H,1-3H2,(H,11,12)",FABBWECRHZNMDQ-UHFFFAOYSA-N,C1CC2=C(C(=O)C1)C(=CO2)C(=O)O
FT_12.933_195.06530,NP-001130,C8 H12 O4,L2.1,NA,NA,NA,NA,NA,NA,NA,NA,NA,NA,NA,NA,NA
FT_13.822_251.09140,Citrinin,C13 H14 O5,L2.1,NA,Organic compounds,Organoheterocyclic compounds,Benzopyrans,NA,NA,54680783,Citrinin,250.0841235,C13H14O5,"InChI=1S/C13H14O5/c1-5-7(3)18-4-8-9(5)6(2)11(14)10(12(8)15)13(16)17/h4-5,7,14H,1-3H3,(H,16,17)/t5-,7-/m1/s1",CBGDIJWINPWWJW-IYSWYEEDSA-N,CC1C(OC=C2C1=C(C(=C(C2=O)C(=O)O)O)C)C
FT_12.979_321.13100,"methyl 2-(1,3,5-trihydroxy-4a-methyl-8-oxo-decahydronaphthalen-2-yl)prop-2-enoate",C15 H22 O6,L2.1,NA,NA,NA,NA,NA,NA,NA,NA,NA,NA,NA,NA,NA
FT_13.958_151.07537,4'-Methoxyacetophenone,C9 H10 O2,L2.1,NA,Organic compounds,Organic oxygen compounds,Organooxygen compounds,Carbonyl compounds,Ketones,7476,4'-Methoxyacetophenone,150.0680796,C9H10O2,"InChI=1S/C9H10O2/c1-7(10)8-3-5-9(11-2)6-4-8/h3-6H,1-2H3",NTPLXRHDUXRPNE-UHFFFAOYSA-N,CC(=O)C1=CC=C(C=C1)OC
FT_13.958_231.09913,Demethylsuberosin,C14H14O3,L2.3,NA,Organic compounds,Phenylpropanoids and polyketides,Coumarins and derivatives,Hydroxycoumarins,7-hydroxycoumarins,5316525,Demethylsuberosin,230.0942943,C14H14O3,"InChI=1S/C14H14O3/c1-9(2)3-4-10-7-11-5-6-14(16)17-13(11)8-12(10)15/h3,5-8,15H,4H2,1-2H3",FIDUIAPDSKSUGO-UHFFFAOYSA-N,CC(=CCC1=C(C=C2C(=C1)C=CC(=O)O2)O)C
FT_13.986_251.09140,Citrinin,C13 H14 O5,L2.1,NA,Organic compounds,Organoheterocyclic compounds,Benzopyrans,NA,NA,54680783,Citrinin,250.0841235,C13H14O5,"InChI=1S/C13H14O5/c1-5-7(3)18-4-8-9(5)6(2)11(14)10(12(8)15)13(16)17/h4-5,7,14H,1-3H3,(H,16,17)/t5-,7-/m1/s1",CBGDIJWINPWWJW-IYSWYEEDSA-N,CC1C(OC=C2C1=C(C(=C(C2=O)C(=O)O)O)C)C
FT_14.025_267.12269,Nevirapine,C15H14N4O,L2.1,NA,Organic compounds,Organic nitrogen compounds,Organonitrogen compounds,Amines,Tertiary amines,4463,Nevirapine,266.1167611,C15H14N4O,"InChI=1S/C15H14N4O/c1-9-6-8-17-14-12(9)18-15(20)11-3-2-7-16-13(11)19(14)10-4-5-10/h2-3,6-8,10H,4-5H2,1H3,(H,18,20)",NQDJXKOVJZTUJA-UHFFFAOYSA-N,CC1=C2C(=NC=C1)N(C3=C(C=CC=N3)C(=O)N2)C4CC4
FT_14.130_229.08603,"8,8-dimethyl-2H,8H-pyrano[3,2-g]chromen-2-one",C14 H12 O3,L2.1,NA,Organic compounds,Phenylpropanoids and polyketides,Coumarins and derivatives,Pyranocoumarins,Linear pyranocoumarins,65188,Xanthyletin,228.0786442,C14H12O3,"InChI=1S/C14H12O3/c1-14(2)6-5-10-7-9-3-4-13(15)16-11(9)8-12(10)17-14/h3-8H,1-2H3",QOTBQNVNUBKJMS-UHFFFAOYSA-N,CC1(C=CC2=C(O1)C=C3C(=C2)C=CC(=O)O3)C
FT_14.157_253.10703,Eugenone,C13H16O5,L2.3,NA,Organic compounds,Organic oxygen compounds,Organooxygen compounds,Carbonyl compounds,Ketones,5317271,Eugenone,252.0997736,C13H16O5,"InChI=1S/C13H16O5/c1-8(14)5-10(15)13-11(17-3)6-9(16-2)7-12(13)18-4/h6-7H,5H2,1-4H3",ZYRBXTNFHYZHSK-UHFFFAOYSA-N,CC(=O)CC(=O)C1=C(C=C(C=C1OC)OC)OC
FT_14.159_211.06009,"1-(3-acetyl-2,4,6-trihydroxyphenyl)ethan-1-one",C10 H10 O5,L2.1,NA,Organic compounds,Organic oxygen compounds,Organooxygen compounds,Carbonyl compounds,Ketones,16547,"2,4-Diacetylphloroglucinol",210.0528234,C10H10O5,"InChI=1S/C10H10O5/c1-4(11)8-6(13)3-7(14)9(5(2)12)10(8)15/h3,13-15H,1-2H3",PIFFQYJYNWXNGE-UHFFFAOYSA-N,CC(=O)C1=C(C(=C(C=C1O)O)C(=O)C)O
FT_13.023_189.08828,NP-013210,C12 H14 O3,L2.1,NA,NA,NA,NA,NA,NA,NA,NA,NA,NA,NA,NA,NA
FT_14.256_275.16186,"1,4-dihydroxy-1,4-dimethyl-7-(propan-2-ylidene)-decahydroazulen-6-one",C15 H24 O3,L2.1,NA,Organic compounds,Lipids and lipid-like molecules,Prenol lipids,Sesquiterpenoids,Guaianes,14632997,Zedoarondiol,252.1725446,C15H24O3,"InChI=1S/C15H24O3/c1-9(2)10-7-12-11(5-6-14(12,3)17)15(4,18)8-13(10)16/h11-12,17-18H,5-8H2,1-4H3",TXIKNNOOLCGADE-UHFFFAOYSA-N,CC(=C1CC2C(CCC2(C)O)C(CC1=O)(C)O)C
FT_13.053_245.11716,"(3aR,4aS,5R,8S,9aR)-5-hydroxy-4a,8-dimethyl-3-methylidene-2H,3H,3aH,4H,4aH,5H,6H,8H,9H,9aH-azuleno[6,5-b]furan-2,6-dione",C15 H18 O4,L2.1,NA,Organic compounds,Lipids and lipid-like molecules,Prenol lipids,Terpene lactones,Sesquiterpene lactones,NA,NA,NA,NA,"InChI=1/C15H18O4/c1-7-4-12-9(8(2)14(18)19-12)6-15(3)10(7)5-11(16)13(15)17/h5,7,9,12-13,17H,2,4,6H2,1,3H3/t7-,9+,12+,13-,15-/m0/s1",DYBGVZNCIXACSP-XZOKFZFXSA-N,NA
FT_14.355_267.12270,Nevirapine,C15H14N4O,L2.2,NA,Organic compounds,Organic nitrogen compounds,Organonitrogen compounds,Amines,Tertiary amines,4463,Nevirapine,266.1167611,C15H14N4O,"InChI=1S/C15H14N4O/c1-9-6-8-17-14-12(9)18-15(20)11-3-2-7-16-13(11)19(14)10-4-5-10/h2-3,6-8,10H,4-5H2,1H3,(H,18,20)",NQDJXKOVJZTUJA-UHFFFAOYSA-N,CC1=C2C(=NC=C1)N(C3=C(C=CC=N3)C(=O)N2)C4CC4
FT_13.126_237.11210,"1-[3-Hydroxy-2-(2-hydroxy-2-propanyl)-2,3-dihydro-1-benzofuran-5-yl]ethanone",C13 H16 O4,L2.1,NA,Organic compounds,Benzenoids,Benzene and substituted derivatives,Acetophenones,Acetophenones,45360029,"1-[3-Hydroxy-2-(2-hydroxypropan-2-YL)-2,3-dihydro-1-benzofuran-5-YL]ethanone",NA,NA,"InChI=1S/C13H16O4/c1-7(14)8-4-5-10-9(6-8)11(15)12(17-10)13(2,3)16/h4-6,11-12,15-16H,1-3H3",XFIALOBGPJCAMB-UHFFFAOYSA-N,CC(=O)C1=CC2=C(C=C1)OC(C2O)C(C)(C)O
FT_14.473_253.10704,"2,4-Dihydroxy-6-(4-hydroxy-2-oxopentyl)-3-methylbenzaldehyde",C13H16O5,L2.3,NA,Organic compounds,Organic oxygen compounds,Organooxygen compounds,Carbonyl compounds,Aldehydes,44715161,"2,4-Dihydroxy-6-(4-hydroxy-2-oxopentyl)-3-methylbenzaldehyde",252.0997736,C13H16O5,"InChI=1S/C13H16O5/c1-7(15)3-10(16)4-9-5-12(17)8(2)13(18)11(9)6-14/h5-7,15,17-18H,3-4H2,1-2H3",XLOIAYVHYLKCIY-UHFFFAOYSA-N,CC1=C(C=C(C(=C1O)C=O)CC(=O)CC(C)O)O
FT_14.508_237.11214,8-Ethyl-7-hydroxy-5-methoxy-2-methylchroman-4-one,C13H16O4,L2.3,NA,Organic compounds,Organoheterocyclic compounds,Benzopyrans,1-benzopyrans,Chromones,74184110,8-Ethyl-7-hydroxy-5-methoxy-2-methylchroman-4-one,236.104859,C13H16O4,"InChI=1S/C13H16O4/c1-4-8-9(14)6-11(16-3)12-10(15)5-7(2)17-13(8)12/h6-7,14H,4-5H2,1-3H3",BPIMOIWHAHUBPJ-UHFFFAOYSA-N,CCC1=C2C(=C(C=C1O)OC)C(=O)CC(O2)C
FT_14.508_265.10707,Peucedanol,C14H16O5,L2.3,NA,Organic compounds,Phenylpropanoids and polyketides,Coumarins and derivatives,Hydroxycoumarins,7-hydroxycoumarins,11149722,Peucedanol,264.0997736,C14H16O5,"InChI=1S/C14H16O5/c1-14(2,18)12(16)6-9-5-8-3-4-13(17)19-11(8)7-10(9)15/h3-5,7,12,15-16,18H,6H2,1-2H3/t12-/m0/s1",WRTWKAQFZYXAEJ-LBPRGKRZSA-N,CC(C)(C(CC1=C(C=C2C(=C1)C=CC(=O)O2)O)O)O
FT_14.514_233.08083,Cassiachromone,C13H12O4,L2.3,NA,Organic compounds,Organoheterocyclic compounds,Benzopyrans,1-benzopyrans,Chromones,5319500,Cassiachromone,232.0735589,C13H12O4,"InChI=1S/C13H12O4/c1-7(14)3-9-5-10(15)6-12-13(9)11(16)4-8(2)17-12/h4-6,15H,3H2,1-2H3",YMCXDPKFRCHLPK-UHFFFAOYSA-N,CC1=CC(=O)C2=C(C=C(C=C2O1)O)CC(=O)C
FT_13.150_179.07030,NP-012042,C10 H12 O4,L2.1,NA,Organic compounds,Organoheterocyclic compounds,Pyrans,Pyranones and derivatives,Pyranones and derivatives,"	45359427","6-[(E)-3,4-dihydroxypent-1-enyl]pyran-2-one",NA,C10H12O4,"InChI=1S/C10H12O4/c1-7(11)9(12)6-5-8-3-2-4-10(13)14-8/h2-7,9,11-12H,1H3/b6-5+",HAMNKHJHOZJTEE-AATRIKPKSA-N,CC(C(/C=C/C1=CC=CC(=O)O1)O)O
FT_14.540_275.08918,Phloretin,C15H14O5,L2.3,NA,Organic compounds,Phenylpropanoids and polyketides,"Linear 1,3-diarylpropanoids",Chalcones and dihydrochalcones,2'-Hydroxy-dihydrochalcones,4788,Phloretin,274.0841235,C15H14O5,"InChI=1S/C15H14O5/c16-10-4-1-9(2-5-10)3-6-12(18)15-13(19)7-11(17)8-14(15)20/h1-2,4-5,7-8,16-17,19-20H,3,6H2",VGEREEWJJVICBM-UHFFFAOYSA-N,C1=CC(=CC=C1CCC(=O)C2=C(C=C(C=C2O)O)O)O
FT_14.603_237.07571,"6,7,8-trimethoxy-2H-chromen-2-one",C12 H12 O5,L2.1,NA,Organic compounds,Phenylpropanoids and polyketides,Coumarins and derivatives,NA,NA,3083928,Dimethylfraxetin,236.0684735,C12H12O5,"InChI=1S/C12H12O5/c1-14-8-6-7-4-5-9(13)17-10(7)12(16-3)11(8)15-2/h4-6H,1-3H3",RAYQKHLZHPFYEJ-UHFFFAOYSA-N,COC1=C(C(=C2C(=C1)C=CC(=O)O2)OC)OC
FT_14.612_193.04952,"5,7-Dihydroxy-4-methylcoumarin",C10 H8 O4,L2.1,NA,Organic compounds,Phenylpropanoids and polyketides,Coumarins and derivatives,Hydroxycoumarins,7-hydroxycoumarins,5354284,"5,7-Dihydroxy-4-methylcoumarin",192.0422587,C10H8O4,"InChI=1S/C10H8O4/c1-5-2-9(13)14-8-4-6(11)3-7(12)10(5)8/h2-4,11-12H,1H3",QNVWGEJMXOQQPM-UHFFFAOYSA-N,CC1=CC(=O)OC2=CC(=CC(=C12)O)O
FT_14.685_401.15946,"6-(1,3-Diphenylbut-3-en-2-yloxy)-3,4,5-trihydroxyoxane-2-carboxylic acid",C22H24O7,L2.3,NA,Organic compounds,Phenylpropanoids and polyketides,"Linear 1,3-diarylpropanoids",NA,NA,131839124,"6-(1,3-Diphenylbut-3-en-2-yloxy)-3,4,5-trihydroxyoxane-2-carboxylic acid",400.1522031,C22H24O7,"InChI=1S/C22H24O7/c1-13(15-10-6-3-7-11-15)16(12-14-8-4-2-5-9-14)28-22-19(25)17(23)18(24)20(29-22)21(26)27/h2-11,16-20,22-25H,1,12H2,(H,26,27)",OGMLCVIGGGKOIW-UHFFFAOYSA-N,C=C(C1=CC=CC=C1)C(CC2=CC=CC=C2)OC3C(C(C(C(O3)C(=O)O)O)O)O
FT_14.703_211.06009,"1-(3-acetyl-2,4,6-trihydroxyphenyl)ethan-1-one",C10 H10 O5,L2.1,NA,Organic compounds,Organic oxygen compounds,Organooxygen compounds,Carbonyl compounds,Ketones,16547,"2,4-Diacetylphloroglucinol",210.0528234,C10H10O5,"InChI=1S/C10H10O5/c1-4(11)8-6(13)3-7(14)9(5(2)12)10(8)15/h3,13-15H,1-2H3",PIFFQYJYNWXNGE-UHFFFAOYSA-N,CC(=O)C1=C(C(=C(C=C1O)O)C(=O)C)O
FT_14.703_225.07574,"3,4-Dihydroxy-5-methoxy-trans-cinnamic acid methyl ester",C11H12O5,L2.3,NA,Organic compounds,Phenylpropanoids and polyketides,Cinnamic acids and derivatives,Hydroxycinnamic acids and derivatives,Coumaric acids and derivatives,14843288,"3,4-Dihydroxy-5-methoxy-trans-cinnamic acid methyl ester",224.0684735,C11H12O5,"InChI=1S/C11H12O5/c1-15-9-6-7(3-4-10(13)16-2)5-8(12)11(9)14/h3-6,12,14H,1-2H3/b4-3+",AAKKARXDZDUXHU-ONEGZZNKSA-N,COC1=CC(=CC(=C1O)O)C=CC(=O)OC
FT_14.766_167.07029,Apocynin,C9 H10 O3,L2.1,NA,Organic compounds,Organic oxygen compounds,Organooxygen compounds,Carbonyl compounds,Ketones,2214,Acetovanillone,166.0629942,C9H10O3,"InChI=1S/C9H10O3/c1-6(10)7-3-4-8(11)9(5-7)12-2/h3-5,11H,1-2H3",DFYRUELUNQRZTB-UHFFFAOYSA-N,CC(=O)C1=CC(=C(C=C1)O)OC
FT_14.804_237.11212,3-Dimethylallyl-4-hydroxymandelic acid,C13H16O4,L2.3,NA,Organic compounds,Benzenoids,Phenols,1-hydroxy-2-unsubstituted benzenoids,NA,443851,3-Dimethylallyl-4-hydroxymandelic acid,236.104859,C13H16O4,"InChI=1S/C13H16O4/c1-8(2)3-4-9-7-10(5-6-11(9)14)12(15)13(16)17/h3,5-7,12,14-15H,4H2,1-2H3,(H,16,17)",VBHJEUYYPUPECH-UHFFFAOYSA-N,CC(=CCC1=C(C=CC(=C1)C(C(=O)O)O)O)C
FT_14.841_401.15946,Sterenin F,C22H24O7,L2.3,NA,Organic compounds,Phenylpropanoids and polyketides,Depsides and depsidones,NA,NA,77461064,Sterenin F,400.1522031,C22H24O7,"InChI=1S/C22H24O7/c1-11(2)6-7-15-17(9-13(4)19(20(15)25)21(26)28-5)29-22(27)18-12(3)8-14(23)10-16(18)24/h6,8-10,23-25H,7H2,1-5H3",BYLVJFILUIVPAV-UHFFFAOYSA-N,CC1=CC(=CC(=C1C(=O)OC2=C(C(=C(C(=C2)C)C(=O)OC)O)CC=C(C)C)O)O
FT_13.197_283.11747,"(3S,4S)-3,4,8-trihydroxy-6-methoxy-7-(1-methoxyethyl)-3,4-dihydro-2H-naphthalen-1-one",C14 H18 O6,L2.2,na,Organic compounds,Benzenoids,Tetralins,0,Tetralins,NA,"(3S,4S)-3,4,8-trihydroxy-6-methoxy-7-(1-methoxyethyl)-3,4-dihydro-2H-naphthalen-1-one",NA,C14H18O6,"InChI=1S/C14H18O6/c1-6(19-2)11-10(20-3)4-7-12(14(11)18)8(15)5-9(16)13(7)17/h4,6,9,13,16-18H,5H2,1-3H3/t6?,9-,13-/m0/s1",HFFWERPBQKQHJA-JWOYIUAJSA-N,CC(C1=C(C=C2[C@@H]([C@H](CC(=O)C2=C1O)O)O)OC)OC
FT_14.891_263.12773,Ustusorane A,C15H18O4,L2.3,NA,Organic compounds,Organoheterocyclic compounds,Benzofurans,NA,NA,44557644,Ustusorane A,262.1205091,C15H18O4,"InChI=1S/C15H18O4/c1-8(2)14-13(18)11-5-4-10(6-9(3)17)12(7-16)15(11)19-14/h4-5,9,16-17H,6-7H2,1-3H3",FYUKKVDWTSHXKN-UHFFFAOYSA-N,CC(CC1=C(C2=C(C=C1)C(=O)C(=C(C)C)O2)CO)O
FT_14.925_247.09650,"(2S)-2-(2-hydroxypropan-2-yl)-2H,3H,7H-furo[3,2-g]chromen-7-one",C14 H14 O4,L2.1,NA,Organic compounds,Phenylpropanoids and polyketides,Coumarins and derivatives,Furanocoumarins,Linear furanocoumarins,334704,Marmesin,246.0892089,C14H14O4,"InChI=1S/C14H14O4/c1-14(2,16)12-6-9-5-8-3-4-13(15)18-10(8)7-11(9)17-12/h3-5,7,12,16H,6H2,1-2H3/t12-/m0/s1",FWYSBEAFFPBAQU-LBPRGKRZSA-N,CC(C)(C1CC2=C(O1)C=C3C(=C2)C=CC(=O)O3)O
FT_14.925_311.16420,Estriol,C18 H24 O3,L2.1,NA,Organic compounds,Lipids and lipid-like molecules,Steroids and steroid derivatives,Estrane steroids,Estrogens and derivatives,5756,Estriol,288.1725446,C18H24O3,"InChI=1S/C18H24O3/c1-18-7-6-13-12-5-3-11(19)8-10(12)2-4-14(13)15(18)9-16(20)17(18)21/h3,5,8,13-17,19-21H,2,4,6-7,9H2,1H3/t13-,14-,15+,16-,17+,18+/m1/s1",PROQIPRRNZUXQM-ZXXIGWHRSA-N,CC12CCC3C(C1CC(C2O)O)CCC4=C3C=CC(=C4)O
FT_13.390_209.08082,"6-Hydroxy-8-methoxy-3-methyl-3,4-dihydro-1H-isochromen-1-one",C11 H12 O4,L2.1,NA,Organic compounds,Organoheterocyclic compounds,Benzopyrans,2-benzopyrans,2-benzopyrans,16757192,"3-Methyl-6-hydroxy-8-methoxy-3,4-dihydroisocoumarin",NA,"	
C11H12O4","InChI=1S/C11H12O4/c1-6-3-7-4-8(12)5-9(14-2)10(7)11(13)15-6/h4-6,12H,3H2,1-2H3",WGUHOBJSLARYHD-UHFFFAOYSA-N,CC1CC2=C(C(=CC(=C2)O)OC)C(=O)O1
FT_14.957_273.10978,"1,2-Bis(4-hydroxy-3-methoxyphenyl)ethylene",C16H16O4,L2.3,NA,Organic compounds,Phenylpropanoids and polyketides,Stilbenes,NA,NA,5280698,"1,2-Bis(4-hydroxy-3-methoxyphenyl)ethylene",272.104859,C16H16O4,"InChI=1S/C16H16O4/c1-19-15-9-11(5-7-13(15)17)3-4-12-6-8-14(18)16(10-12)20-2/h3-10,17-18H,1-2H3/b4-3+",KQPXJFAYGYIGRU-ONEGZZNKSA-N,COC1=C(C=CC(=C1)C=CC2=CC(=C(C=C2)O)OC)O
FT_14.959_233.11720,Sorbicillin,C14 H16 O3,L2.1,NA,Organic compounds,Benzenoids,Benzene and substituted derivatives,Xylenes,Xylenols,5376187,Sorbicillin,232.1099444,C14H16O3,"InChI=1S/C14H16O3/c1-4-5-6-7-12(15)11-8-9(2)13(16)10(3)14(11)17/h4-8,16-17H,1-3H3/b5-4+,7-6+",RKKPUBAAIGFXOG-YTXTXJHMSA-N,CC=CC=CC(=O)C1=C(C(=C(C(=C1)C)O)C)O
FT_14.966_331.15187,Helenalin methacrylate,C19H22O5,L2.3,NA,Organic compounds,Lipids and lipid-like molecules,Prenol lipids,Terpene lactones,Sesquiterpene lactones,173069,Helenalin methacrylate,330.1467238,C19H22O5,"InChI=1S/C19H22O5/c1-9(2)17(21)24-16-15-11(4)18(22)23-13(15)8-10(3)12-6-7-14(20)19(12,16)5/h6-7,10,12-13,15-16H,1,4,8H2,2-3,5H3/t10-,12+,13-,15-,16+,19+/m1/s1",USRAFFQOAADTTD-SVAVSBTGSA-N,CC1CC2C(C(C3(C1C=CC3=O)C)OC(=O)C(=C)C)C(=C)C(=O)O2
FT_13.396_267.08631,"methyl 5,7-dimethoxy-6-methyl-1-oxo-3H-2-benzofuran-4-carboxylate",C13 H14 O6,L2.3,na,Organic compounds,Benzenoids,Benzene and substituted derivatives,Benzoic acids and derivatives,Phthalic acid and derivatives,"	101316749","methyl 5,7-dimethoxy-6-methyl-1-oxo-3H-2-benzofuran-4-carboxylate",NA,"	
C13H14O6","InChI=1S/C13H14O6/c1-6-10(16-2)8(12(14)18-4)7-5-19-13(15)9(7)11(6)17-3/h5H2,1-4H3",PNCHCGZPCUVWGD-UHFFFAOYSA-N,CC1=C(C2=C(COC2=O)C(=C1OC)C(=O)OC)OC
FT_14.979_267.12270,Acronyculatin D,C14H18O5,L2.3,NA,Organic compounds,Organic oxygen compounds,Organooxygen compounds,Carbonyl compounds,Ketones,11010921,Acronyculatin D,266.1154237,C14H18O5,"InChI=1S/C14H18O5/c1-7(2)10(16)5-9-11(17)6-12(18)13(8(3)15)14(9)19-4/h6,10,16-18H,1,5H2,2-4H3",SWKMOSGQUUWFRB-UHFFFAOYSA-N,CC(=C)C(CC1=C(C(=C(C=C1O)O)C(=O)C)OC)O
FT_15.020_153.12739,alpha-Pinene oxide,C10 H16 O,L2.1,NA,Organic compounds,Lipids and lipid-like molecules,Prenol lipids,Monoterpenoids,Bicyclic monoterpenoids,91508,alpha-Pinene oxide,152.1201151,C10H16O,"InChI=1S/C10H16O/c1-9(2)6-4-7(9)10(3)8(5-6)11-10/h6-8H,4-5H2,1-3H3",NQFUSWIGRKFAHK-UHFFFAOYSA-N,CC1(C2CC1C3(C(C2)O3)C)C
FT_13.401_219.17435,NP-004713,C15 H24 O2,L2.1,NA,Organic compounds,Organic oxygen compounds,Organooxygen compounds,Carbonyl compounds,Ketones,"	11241847","(4S,4AR)-4-(Hydroxymethyl)-3,4A,8,8-tetramethyl-5,6,7,8A-tetrahydro-4H-naphthalen-1-one",NA,"	
C15H24O2","InChI=1S/C15H24O2/c1-10-8-12(17)13-14(2,3)6-5-7-15(13,4)11(10)9-16/h8,11,13,16H,5-7,9H2,1-4H3/t11-,13?,15+/m0/s1",CDVMOSRXPDTXBF-LKVSRFHLSA-N,CC1=CC(=O)C2[C@@]([C@H]1CO)(CCCC2(C)C)C
FT_13.401_527.18906,Isophysalin G,C28 H30 O10,L2.3,na,Organic compounds,Lipids and lipid-like molecules,Steroids and steroid derivatives,Physalins and derivatives,Physalins and derivatives,74336861,Isophysalin G,526.1838972,C28H30O10,"InChI=1S/C28H30O10/c1-23-10-18-25(3)28-19(23)20(31)27(38-28,35-11-16(23)21(32)36-18)15-5-4-12-8-13(29)9-17(30)24(12,2)14(15)6-7-26(28,34)22(33)37-25/h4-5,8,13-16,18-19,29,34H,6-7,9-11H2,1-3H3",JMNMXSXLYDOMTI-UHFFFAOYSA-N,CC12CC3C4(C56C1C(=O)C(O5)(C7C=CC8=CC(CC(=O)C8(C7CCC6(C(=O)O4)O)C)O)OCC2C(=O)O3)C
FT_15.134_253.10704,Eugenone,C13H16O5,L2.3,NA,Organic compounds,Organic oxygen compounds,Organooxygen compounds,Carbonyl compounds,Ketones,5317271,Eugenone,252.0997736,C13H16O5,"InChI=1S/C13H16O5/c1-8(14)5-10(15)13-11(17-3)6-9(16-2)7-12(13)18-4/h6-7H,5H2,1-4H3",ZYRBXTNFHYZHSK-UHFFFAOYSA-N,CC(=O)CC(=O)C1=C(C=C(C=C1OC)OC)OC
FT_13.404_253.10703,"(2S)-7-hydroxy-8-(2-hydroxyethyl)-5-methoxy-2-methyl-2,3-dihydrochromen-4-one",C13H16O5,L2.1,NA,Organic compounds,Organoheterocyclic compounds,Benzopyrans,1-benzopyrans,Chromones,"	133554160","(2S)-7-hydroxy-8-(2-hydroxyethyl)-5-methoxy-2-methyl-2,3-dihydrochromen-4-one",NA,"	
C13H16O5","InChI=1S/C13H16O5/c1-7-5-10(16)12-11(17-2)6-9(15)8(3-4-14)13(12)18-7/h6-7,14-15H,3-5H2,1-2H3/t7-/m0/s1",MFMBOHMTFYYVAI-ZETCQYMHSA-N,C[C@H]1CC(=O)C2=C(C=C(C(=C2O1)CCO)O)OC
FT_15.160_233.11721,Sorbicillin,C14 H16 O3,L2.1,NA,Organic compounds,Benzenoids,Benzene and substituted derivatives,Xylenes,Xylenols,5376187,Sorbicillin,232.1099444,C14H16O3,"InChI=1S/C14H16O3/c1-4-5-6-7-12(15)11-8-9(2)13(16)10(3)14(11)17/h4-8,16-17H,1-3H3/b5-4+,7-6+",RKKPUBAAIGFXOG-YTXTXJHMSA-N,CC=CC=CC(=O)C1=C(C(=C(C(=C1)C)O)C)O
FT_15.263_251.12776,coenzyme Q1,C14H18O4,L2.1,NA,Organic compounds,Lipids and lipid-like molecules,Prenol lipids,Quinone and hydroquinone lipids,Prenylquinones,4462,Ubiquinone Q1,250.1205091,C14H18O4,"InChI=1S/C14H18O4/c1-8(2)6-7-10-9(3)11(15)13(17-4)14(18-5)12(10)16/h6H,7H2,1-5H3",SOECUQMRSRVZQQ-UHFFFAOYSA-N,CC1=C(C(=O)C(=C(C1=O)OC)OC)CC=C(C)C
FT_15.269_295.11764,Tutin,C15H18O6,L2.3,NA,Organic compounds,Organoheterocyclic compounds,Lactones,Gamma butyrolactones,NA,75729,Tutin,294.1103383,C15H18O6,"InChI=1S/C15H18O6/c1-5(2)6-7-12(17)20-8(6)9(16)13(3)14(4-19-14)10-11(21-10)15(7,13)18/h6-11,16,18H,1,4H2,2-3H3/t6-,7+,8+,9+,10+,11-,13-,14+,15-/m0/s1",CCAZWUJBLXKBAY-ULZPOIKGSA-N,CC(=C)C1C2C(C3(C4(CO4)C5C(C3(C1C(=O)O2)O)O5)C)O
FT_15.285_209.07863,Methyl ferulate,C11H12O4,L2.3,NA,Organic compounds,Phenylpropanoids and polyketides,Cinnamic acids and derivatives,Hydroxycinnamic acids and derivatives,Coumaric acids and derivatives,5357283,Methyl ferulate,208.0735589,C11H12O4,"InChI=1S/C11H12O4/c1-14-10-7-8(3-5-9(10)12)4-6-11(13)15-2/h3-7,12H,1-2H3/b6-4+",AUJXJFHANFIVKH-GQCTYLIASA-N,COC1=C(C=CC(=C1)C=CC(=O)OC)O
FT_15.290_245.11721,Peruvinine,C15H20O4,L2.1,NA,Organic compounds,Lipids and lipid-like molecules,Prenol lipids,Terpene lactones,Sesquiterpene lactones,75368817,Peruvinine,264.1361591,C15H20O4,"InChI=1S/C15H20O4/c1-7-4-12-9(8(2)14(18)19-12)6-15(3)10(7)5-11(16)13(15)17/h7,9-10,12-13,17H,2,4-6H2,1,3H3/t7-,9+,10-,12+,13-,15-/m0/s1",RSIRJQBBTRXQHY-NPZCKLCXSA-N,CC1CC2C(CC3(C1CC(=O)C3O)C)C(=C)C(=O)O2
FT_15.295_271.15396,"2-(benzotriazol-1-yl)-N-(2,3-dihydro-1H-inden-2-yl)acetamide",C17 H16 N4 O,L2.1,NA,Organic compounds,Organoheterocyclic compounds,Benzotriazoles,NA,NA,2823508,"2-(benzotriazol-1-yl)-N-(2,3-dihydro-1H-inden-2-yl)acetamide",292.1324112,C17H16N4O,"InChI=1S/C17H16N4O/c22-17(11-21-16-8-4-3-7-15(16)19-20-21)18-14-9-12-5-1-2-6-13(12)10-14/h1-8,14H,9-11H2,(H,18,22)",LFFFYYBOPNYXAT-UHFFFAOYSA-N,C1C(CC2=CC=CC=C21)NC(=O)CN3C4=CC=CC=C4N=N3
FT_15.305_311.16421,"Cembratetraene-16,2:19,6-diolide",C20H24O4,L2.1,NA,Organic compounds,Lipids and lipid-like molecules,Prenol lipids,Terpene lactones,Diterpene lactones,23815258,"Cembratetraene-16,2:19,6-diolide",328.1674592,C20H24O4,"InChI=1S/C20H24O4/c1-12-5-4-6-15-11-16(23-20(15)22)9-13(2)10-18-17(8-7-12)14(3)19(21)24-18/h5,10-11,16-18H,3-4,6-9H2,1-2H3/b12-5+,13-10+",KTYZKXFERQUCPX-SPUCVAIDSA-N,CC1=CCCC2=CC(CC(=CC3C(CC1)C(=C)C(=O)O3)C)OC2=O
FT_15.346_193.04943,"5,7-Dihydroxy-4-methylcoumarin",C10 H8 O4,L2.1,NA,Organic compounds,Phenylpropanoids and polyketides,Coumarins and derivatives,Hydroxycoumarins,7-hydroxycoumarins,5354284,"5,7-Dihydroxy-4-methylcoumarin",192.0422587,C10H8O4,"InChI=1S/C10H8O4/c1-5-2-9(13)14-8-4-6(11)3-7(12)10(5)8/h2-4,11-12H,1H3",QNVWGEJMXOQQPM-UHFFFAOYSA-N,CC1=CC(=O)OC2=CC(=CC(=C12)O)O
FT_13.440_315.14387,"1-Allyl-3-[(2S,11aS)-5,11-dioxo-2,3,5,10,11,11a-hexahydro-1H-pyrrolo[2,1-c][1,4]benzodiazepin-2-yl]urea",C16 H18 N4 O3,L2.1,NA,Organic compounds,Organoheterocyclic compounds,Benzodiazepines,"1,4-benzodiazepines","1,4-benzodiazepines","	9422045","1-[(6aS,8S)-6,11-dioxo-6a,7,8,9-tetrahydro-5H-pyrrolo[2,1-c][1,4]benzodiazepin-8-yl]-3-prop-2-enylurea",NA,"	
C16H18N4O3","InChI=1S/C16H18N4O3/c1-2-7-17-16(23)18-10-8-13-14(21)19-12-6-4-3-5-11(12)15(22)20(13)9-10/h2-6,10,13H,1,7-9H2,(H,19,21)(H2,17,18,23)/t10-,13-/m0/s1",UZZNIELIVYEWBD-GWCFXTLKSA-N,C=CCNC(=O)N[C@H]1C[C@H]2C(=O)NC3=CC=CC=C3C(=O)N2C1
FT_15.356_221.08084,"8-Hydroxy-6-methoxy-3,4-dimethylisochromen-1-one",C12H12O4,L2.3,NA,Organic compounds,Phenylpropanoids and polyketides,Isocoumarins and derivatives,NA,NA,5281570,"8-Hydroxy-6-methoxy-3,4-dimethylisochromen-1-one",220.0735589,C12H12O4,"InChI=1S/C12H12O4/c1-6-7(2)16-12(14)11-9(6)4-8(15-3)5-10(11)13/h4-5,13H,1-3H3",ISJYICQTJIFNAX-UHFFFAOYSA-N,CC1=C(OC(=O)C2=C1C=C(C=C2O)OC)C
FT_15.371_251.12770,coenzyme Q1,C14H18O4,L2.1,NA,Organic compounds,Lipids and lipid-like molecules,Prenol lipids,Quinone and hydroquinone lipids,Prenylquinones,4462,Ubiquinone Q1,250.1205091,C14H18O4,"InChI=1S/C14H18O4/c1-8(2)6-7-10-9(3)11(15)13(17-4)14(18-5)12(10)16/h6H,7H2,1-5H3",SOECUQMRSRVZQQ-UHFFFAOYSA-N,CC1=C(C(=O)C(=C(C1=O)OC)OC)CC=C(C)C
FT_15.439_267.12270,4-oxododecanedioic acid,C12 H20 O5,L2.1,NA,Organic compounds,Organic acids and derivatives,Keto acids and derivatives,Medium-chain keto acids and derivatives,NA,13213508,4-Oxododecanedioic acid,244.1310737,C12H20O5,"InChI=1S/C12H20O5/c13-10(8-9-12(16)17)6-4-2-1-3-5-7-11(14)15/h1-9H2,(H,14,15)(H,16,17)",HHXMOTDTSDYYEI-UHFFFAOYSA-N,C(CCCC(=O)CCC(=O)O)CCCC(=O)O
FT_13.477_195.06519,NP-019445,C10 H10 O4,L2.1,NA,NA,NA,NA,NA,NA,NA,NA,NA,NA,NA,NA,NA
FT_13.482_269.10199,"2-(3-Butanoyl-2,6-dihydroxy-4-methoxyphenyl)acetic acid",C13 H16 O6,L2.3,na,Organic compounds,Organic oxygen compounds,Organooxygen compounds,Carbonyl compounds,Ketones,38358908,"2-(3-Butanoyl-2,6-dihydroxy-4-methoxyphenyl)acetic acid",NA,C13H16O6,"InChI=1S/C13H16O6/c1-3-4-8(14)12-10(19-2)6-9(15)7(13(12)18)5-11(16)17/h6,15,18H,3-5H2,1-2H3,(H,16,17)",ZZNWFORYMOJSKP-UHFFFAOYSA-N,CCCC(=O)C1=C(C=C(C(=C1O)CC(=O)O)O)OC
FT_13.639_283.11762,NP-020363,C14 H18 O6,L2.1,NA,NA,NA,NA,NA,NA,NA,NA,NA,NA,NA,NA,NA
FT_15.514_233.11721,Sorbicillin,C14 H16 O3,L2.1,NA,Organic compounds,Benzenoids,Benzene and substituted derivatives,Xylenes,Xylenols,5376187,Sorbicillin,232.1099444,C14H16O3,"InChI=1S/C14H16O3/c1-4-5-6-7-12(15)11-8-9(2)13(16)10(3)14(11)17/h4-8,16-17H,1-3H3/b5-4+,7-6+",RKKPUBAAIGFXOG-YTXTXJHMSA-N,CC=CC=CC(=O)C1=C(C(=C(C(=C1)C)O)C)O
FT_15.519_331.15183,Gibberellin A88,C19H22O5,L2.2,NA,Organic compounds,Lipids and lipid-like molecules,Prenol lipids,Terpene lactones,NA,11034886,Gibberellin A88,330.1467238,C19H22O5,"InChI=1S/C19H22O5/c1-9-7-18-8-10(9)3-4-11(18)19-6-5-12(20)17(2,16(23)24-19)14(19)13(18)15(21)22/h4,10,12-14,20H,1,3,5-8H2,2H3,(H,21,22)/t10-,12+,13-,14-,17-,18+,19-/m1/s1",BSBICXIQCTXPMN-OOULSYMHSA-N,CC12C(CCC3(C1C(C45C3=CCC(C4)C(=C)C5)C(=O)O)OC2=O)O
FT_13.672_237.11211,"1-[3-Hydroxy-2-(2-hydroxy-2-propanyl)-2,3-dihydro-1-benzofuran-5-yl]ethanone",C13 H16 O4,L2.1,NA,Organic compounds,Benzenoids,Benzene and substituted derivatives,Acetophenones,Acetophenones,45360029,"1-[3-Hydroxy-2-(2-hydroxypropan-2-YL)-2,3-dihydro-1-benzofuran-5-YL]ethanone",NA,NA,"InChI=1S/C13H16O4/c1-7(14)8-4-5-10-9(6-8)11(15)12(17-10)13(2,3)16/h4-6,11-12,15-16H,1-3H3",XFIALOBGPJCAMB-UHFFFAOYSA-N,CC(=O)C1=CC2=C(C=C1)OC(C2O)C(C)(C)O
FT_13.693_267.15907,NP-018534,C15 H22 O4,L2.1,NA,NA,NA,NA,NA,NA,NA,NA,NA,NA,NA,NA,NA
FT_13.705_235.06011,"6-(2,4-dihydroxy-6-methylphenyl)-4-hydroxypyran-2-one",C12 H10 O5,L2.3,na,Organic compounds,Benzenoids,Phenols,Benzenediols,Resorcinols,"	54750157","6-(2,4-Dihydroxy-6-methylphenyl)-4-hydroxy-2H-pyran-2-one",NA,"	
C12H10O5","InChI=1S/C12H10O5/c1-6-2-7(13)3-9(15)12(6)10-4-8(14)5-11(16)17-10/h2-5,13-15H,1H3",PNZHRLSVSIGZON-UHFFFAOYSA-N,CC1=CC(=CC(=C1C2=CC(=CC(=O)O2)O)O)O
FT_13.762_231.13793,"7-Methyl-3-methylene-6-(3-oxobutyl)-3,3a,4,7,8,8a-hexahydro-2H-cyclohepta[b]furan-2-one",C15 H20 O3,L2.1,NA,Organic compounds,Lipids and lipid-like molecules,Prenol lipids,Terpene lactones,Sesquiterpene lactones,NA,"2H-Cyclohepta[b]furan-2-one, 3,3a,4,7,8,8a-hexahydro-7-methyl-3-methylene-6-(3-oxobutyl)-",NA,"	
C15H20O3","InChI=1S/C15H20O3/c1-9-8-14-13(11(3)15(17)18-14)7-6-12(9)5-4-10(2)16/h6,9,13-14H,3-5,7-8H2,1-2H3",AVFIYMSJDDGDBQ-UHFFFAOYSA-N,CC1CC2C(CC=C1CCC(=O)C)C(=C)C(=O)O2
FT_13.772_283.11761,6-[1-Hydroxy-1-(3-methyl-5-oxooxolan-2-yl)ethyl]-4-methoxy-3-methylpyran-2-one,C14 H18 O6,L2.2,na,Organic compounds,Organoheterocyclic compounds,Pyrans,Pyranones and derivatives,Pyranones and derivatives,60208833,6-[1-Hydroxy-1-(3-methyl-5-oxooxolan-2-yl)ethyl]-4-methoxy-3-methylpyran-2-one,NA,C14H18O6,"InChI=1S/C14H18O6/c1-7-5-11(15)20-12(7)14(3,17)10-6-9(18-4)8(2)13(16)19-10/h6-7,12,17H,5H2,1-4H3",AVMQMLAAZPJUNL-UHFFFAOYSA-N,CC1CC(=O)OC1C(C)(C2=CC(=C(C(=O)O2)C)OC)O
FT_15.645_177.05460,4-Methylumbelliferone hydrate,C10 H8 O3,L2.1,NA,Organic compounds,Phenylpropanoids and polyketides,Coumarins and derivatives,Hydroxycoumarins,7-hydroxycoumarins,60196415,4-Methylumbelliferone hydrate,194.0579088,C10H10O4,"InChI=1S/C10H8O3.H2O/c1-6-4-10(12)13-9-5-7(11)2-3-8(6)9;/h2-5,11H,1H3;1H2",HRFJWEHVFMYQSS-UHFFFAOYSA-N,CC1=CC(=O)OC2=C1C=CC(=C2)O.O
FT_13.807_313.17989,Aspergiloid G,C20 H24 O3,L2.3,na,Organic compounds,Benzenoids,Phenanthrenes and derivatives,Phenanthrols,Phenanthrols,NA,Aspergiloid G,,C20 H24 O3,"InChI=1S/C20H24O3/c1-11-7-8-12-13-6-5-9-20(2,3)17(13)18(21)19-16(12)15(11)14(22-4)10-23-19/h7-8,14,21H,5-6,9-10H2,1-4H3",PQOYLMLWOHGIOA-UHFFFAOYSA-N,CC1=C2C(COC3=C2C(=C4CCCC(C4=C3O)(C)C)C=C1)OC
FT_13.811_527.18896,Isophysalin G,C28 H30 O10,L2.3,na,Organic compounds,Lipids and lipid-like molecules,Steroids and steroid derivatives,Physalins and derivatives,Physalins and derivatives,74336861,Isophysalin G,526.1838972,C28H30O10,"InChI=1S/C28H30O10/c1-23-10-18-25(3)28-19(23)20(31)27(38-28,35-11-16(23)21(32)36-18)15-5-4-12-8-13(29)9-17(30)24(12,2)14(15)6-7-26(28,34)22(33)37-25/h4-5,8,13-16,18-19,29,34H,6-7,9-11H2,1-3H3",JMNMXSXLYDOMTI-UHFFFAOYSA-N,CC12CC3C4(C56C1C(=O)C(O5)(C7C=CC8=CC(CC(=O)C8(C7CCC6(C(=O)O4)O)C)O)OCC2C(=O)O3)C
FT_15.767_285.10980,"4-methoxy-9-(2-methylbut-3-en-2-yl)-7H-furo[3,2-g]chromen-7-one",C17 H16 O4,L2.1,NA,Organic compounds,Phenylpropanoids and polyketides,Coumarins and derivatives,Furanocoumarins,Linear furanocoumarins,179399,Furopinnarin,284.104859,C17H16O4,"InChI=1S/C17H16O4/c1-5-17(2,3)13-15-11(8-9-20-15)14(19-4)10-6-7-12(18)21-16(10)13/h5-9H,1H2,2-4H3",ZPLVEUIOSKJIDT-UHFFFAOYSA-N,CC(C)(C=C)C1=C2C(=C(C3=C1OC(=O)C=C3)OC)C=CO2
FT_13.813_235.09647,NP-020206,C11 H16 O4,L2.1,NA,Organic compounds,Lipids and lipid-like molecules,Fatty Acyls,Fatty acids and conjugates,Medium-chain fatty acids,"	102571597","(2E,5E)-3,5,7-trimethylocta-2,5-dienedioic acid",NA,NA,"InChI=1S/C11H16O4/c1-7(5-9(3)11(14)15)4-8(2)6-10(12)13/h5-6,9H,4H2,1-3H3,(H,12,13)(H,14,15)/b7-5+,8-6+",WLVNOJMYBIEIPJ-KQQUZDAGSA-N,CC(/C=C(\C)/C/C(=C/C(=O)O)/C)C(=O)O
FT_13.835_253.10703,"(6S)-6-[(1S,2R)-1,2-dihydroxypentyl]-4-methoxy-5,6-dihydro-2H-pyran-2-one",C11 H18 O5,L2.1,NA,Organic compounds,Organoheterocyclic compounds,Pyrans,Pyranones and derivatives,Dihydropyranones,10933277,7-Hydroxypestalotin,NA,C11H18O5,"InChI=1S/C11H18O5/c1-3-4-8(12)11(14)9-5-7(15-2)6-10(13)16-9/h6,8-9,11-12,14H,3-5H2,1-2H3/t8-,9+,11+/m1/s1",YLHOHANRUSKHKO-YWVKMMECSA-N,CCC[C@H]([C@@H]([C@@H]1CC(=CC(=O)O1)OC)O)O
FT_15.848_211.06009,"1-(3-acetyl-2,4,6-trihydroxyphenyl)ethan-1-one",C10 H10 O5,L2.1,NA,Organic compounds,Organic oxygen compounds,Organooxygen compounds,Carbonyl compounds,Ketones,16547,"2,4-Diacetylphloroglucinol",210.0528234,C10H10O5,"InChI=1S/C10H10O5/c1-4(11)8-6(13)3-7(14)9(5(2)12)10(8)15/h3,13-15H,1-2H3",PIFFQYJYNWXNGE-UHFFFAOYSA-N,CC(=O)C1=C(C(=C(C=C1O)O)C(=O)C)O
FT_13.841_277.10701,6-[(2S)-2-hydroperoxy-3-methylbut-3-enyl]-7-methoxychromen-2-one,C15 H16 O5,L2.3,na,Organic compounds,Phenylpropanoids and polyketides,Coumarins and derivatives,0,Coumarins and derivatives,"	15108308",6-[(2S)-2-hydroperoxy-3-methylbut-3-enyl]-7-methoxychromen-2-one,NA,C15H16O5,"InChI=1S/C15H16O5/c1-9(2)12(20-17)7-11-6-10-4-5-15(16)19-14(10)8-13(11)18-3/h4-6,8,12,17H,1,7H2,2-3H3/t12-/m0/s1",LZJVVLHCLPNUJM-LBPRGKRZSA-N,CC(=C)[C@H](CC1=C(C=C2C(=C1)C=CC(=O)O2)OC)OO
FT_14.159_235.09648,NP-020206,C11 H16 O4,L2.1,NA,Organic compounds,Lipids and lipid-like molecules,Fatty Acyls,Fatty acids and conjugates,Medium-chain fatty acids,"	102571597","(2E,5E)-3,5,7-trimethylocta-2,5-dienedioic acid",NA,NA,"InChI=1S/C11H16O4/c1-7(5-9(3)11(14)15)4-8(2)6-10(12)13/h5-6,9H,4H2,1-3H3,(H,12,13)(H,14,15)/b7-5+,8-6+",WLVNOJMYBIEIPJ-KQQUZDAGSA-N,CC(/C=C(\C)/C/C(=C/C(=O)O)/C)C(=O)O
FT_15.986_235.09646,"7-Acetyl-3,6-dihydroxy-8-methyl-tetralone",C13 H14 O4,L2.1,NA,Organic compounds,Benzenoids,Tetralins,NA,NA,10243103,Gtri-02,234.0892089,C13H14O4,"InChI=1S/C13H14O4/c1-6-12(7(2)14)10(16)4-8-3-9(15)5-11(17)13(6)8/h4,9,15-16H,3,5H2,1-2H3",ODXUROYZJHIZHE-UHFFFAOYSA-N,CC1=C2C(=CC(=C1C(=O)C)O)CC(CC2=O)O
FT_16.007_193.08588,"4-methoxy-6-(prop-2-en-1-yl)-2H-1,3-benzodioxole",C11 H12 O3,L2.1,NA,Organic compounds,Organoheterocyclic compounds,Benzodioxoles,NA,NA,4276,Myristicin,192.0786442,C11H12O3,"InChI=1S/C11H12O3/c1-3-4-8-5-9(12-2)11-10(6-8)13-7-14-11/h3,5-6H,1,4,7H2,2H3",BNWJOHGLIBDBOB-UHFFFAOYSA-N,COC1=CC(=CC2=C1OCO2)CC=C
FT_16.077_251.09138,6-(3-hydroxybutan-2-yl)-5-(hydroxymethyl)-4-methoxy-2H-pyran-2-one,C11 H16 O5,L2.1,NA,Organic compounds,Organoheterocyclic compounds,Pyrans,Pyranones and derivatives,NA,190904,Chlamydospordiol,228.0997736,C11H16O5,"InChI=1S/C11H16O5/c1-6(7(2)13)11-8(5-12)9(15-3)4-10(14)16-11/h4,6-7,12-13H,5H2,1-3H3",BSXCHPRMOOSCRM-UHFFFAOYSA-N,CC(C1=C(C(=CC(=O)O1)OC)CO)C(C)O
FT_14.255_235.16924,"2-[(2S,5S)-5-hydroxy-6-methylhept-6-en-2-yl]-5-methylphenol",C15 H22 O2,L2.3,na,Organic compounds,Lipids and lipid-like molecules,Prenol lipids,Sesquiterpenoids,Sesquiterpenoids,"	23426972","2-[(2S,5S)-5-hydroxy-6-methylhept-6-en-2-yl]-5-methylphenol",NA,C15H22O2,"InChI=1S/C15H22O2/c1-10(2)14(16)8-6-12(4)13-7-5-11(3)9-15(13)17/h5,7,9,12,14,16-17H,1,6,8H2,2-4H3/t12-,14-/m0/s1",ZAAFPTURZUGYOT-JSGCOSHPSA-N,CC1=CC(=C(C=C1)[C@@H](C)CC[C@@H](C(=C)C)O)O
FT_14.354_195.06518,NP-019445,C10 H10 O4,L2.1,NA,NA,NA,NA,NA,NA,NA,NA,NA,NA,NA,NA,NA
FT_14.388_249.11214,NP-021018,C12 H18 O4,L2.1,NA,Organic compounds,Lipids and lipid-like molecules,Fatty Acyls,Fatty acids and conjugates,Medium-chain fatty acids,"	125416500","3-[(1E,3E)-hepta-1,3-dienyl]pentanedioic acid",NA,"	
C12H18O4","InChI=1S/C12H18O4/c1-2-3-4-5-6-7-10(8-11(13)14)9-12(15)16/h4-7,10H,2-3,8-9H2,1H3,(H,13,14)(H,15,16)/b5-4+,7-6+",SCFJYQRJWMNDSZ-YTXTXJHMSA-N,CCC/C=C/C=C/C(CC(=O)O)CC(=O)O
FT_14.462_349.12818,"1-(2,4,6-Trihydroxyphenyl)-3-(3,4,5-trimethoxyphenyl)propan-1-one",C18 H20 O7,L2.2,na,Organic compounds,Phenylpropanoids and polyketides,"Linear 1,3-diarylpropanoids",Chalcones and dihydrochalcones,2'-Hydroxy-dihydrochalcones,24721544,"1-(2,4,6-Trihydroxyphenyl)-3-(3,4,5-trimethoxyphenyl)-1-propanone",NA,C18H20O7,"InChI=1S/C18H20O7/c1-23-15-6-10(7-16(24-2)18(15)25-3)4-5-12(20)17-13(21)8-11(19)9-14(17)22/h6-9,19,21-22H,4-5H2,1-3H3",FVGJASFPSYDYHB-UHFFFAOYSA-N,COC1=CC(=CC(=C1OC)OC)CCC(=O)C2=C(C=C(C=C2O)O)O
FT_16.370_243.10156,beta-Lapachone,C15 H14 O3,L2.1,NA,Organic compounds,Organoheterocyclic compounds,Naphthopyrans,Naphthopyranones,NA,3885,beta-Lapachone,242.0942943,C15H14O3,"InChI=1S/C15H14O3/c1-15(2)8-7-11-13(17)12(16)9-5-3-4-6-10(9)14(11)18-15/h3-6H,7-8H2,1-2H3",QZPQTZZNNJUOLS-UHFFFAOYSA-N,CC1(CCC2=C(O1)C3=CC=CC=C3C(=O)C2=O)C
FT_14.540_209.08081,"6-Hydroxy-8-methoxy-3-methyl-3,4-dihydro-1H-isochromen-1-one",C11 H12 O4,L2.1,NA,Organic compounds,Organoheterocyclic compounds,Benzopyrans,2-benzopyrans,2-benzopyrans,16757192,"3-Methyl-6-hydroxy-8-methoxy-3,4-dihydroisocoumarin",NA,"	
C11H12O4","InChI=1S/C11H12O4/c1-6-3-7-4-8(12)5-9(14-2)10(7)11(13)15-6/h4-6,12H,3H2,1-2H3",WGUHOBJSLARYHD-UHFFFAOYSA-N,CC1CC2=C(C(=CC(=C2)O)OC)C(=O)O1
FT_14.823_269.13832,"6-[(E)-4,5-dihydroxy-4-methylhex-2-en-2-yl]-4-methoxy-3-methylpyran-2-one",C14 H20 O5,L2.3,na,Organic compounds,Organoheterocyclic compounds,Pyrans,Pyranones and derivatives,Pyranones and derivatives,"	23760118","6-[(E)-4,5-dihydroxy-4-methylhex-2-en-2-yl]-4-methoxy-3-methylpyran-2-one",NA,C14H20O5,"InChI=1S/C14H20O5/c1-8(7-14(4,17)10(3)15)11-6-12(18-5)9(2)13(16)19-11/h6-7,10,15,17H,1-5H3/b8-7+",QRJXJSPBZWLWCH-BQYQJAHWSA-N,CC1=C(C=C(OC1=O)/C(=C/C(C)(C(C)O)O)/C)OC
FT_16.498_297.18490,Eicosatetraynoic acid,C20 H24 O2,L2.1,NA,Organic compounds,Lipids and lipid-like molecules,Fatty Acyls,Fatty acids and conjugates,Long-chain fatty acids,1780,"5,8,11,14-Eicosatetraynoic Acid",296.17763,C20H24O2,"InChI=1S/C20H24O2/c1-2-3-4-5-6-7-8-9-10-11-12-13-14-15-16-17-18-19-20(21)22/h2-5,8,11,14,17-19H2,1H3,(H,21,22)",MGLDCXPLYOWQRP-UHFFFAOYSA-N,CCCCCC#CCC#CCC#CCC#CCCCC(=O)O
FT_16.499_287.20054,Eicosatetraynoic acid,C20 H24 O2,L2.1,NA,Organic compounds,Lipids and lipid-like molecules,Fatty Acyls,Fatty acids and conjugates,Long-chain fatty acids,1780,"5,8,11,14-Eicosatetraynoic Acid",296.17763,C20H24O2,"InChI=1S/C20H24O2/c1-2-3-4-5-6-7-8-9-10-11-12-13-14-15-16-17-18-19-20(21)22/h2-5,8,11,14,17-19H2,1H3,(H,21,22)",MGLDCXPLYOWQRP-UHFFFAOYSA-N,CCCCCC#CCC#CCC#CCC#CCCCC(=O)O
FT_16.500_333.20609,Prostaglandin K2,C20 H30 O5,L2.1,NA,Organic compounds,Lipids and lipid-like molecules,Fatty Acyls,Eicosanoids,Prostaglandins and related compounds,5283037,Prostaglandin K2,350.2093241,C20H30O5,"InChI=1S/C20H30O5/c1-2-3-6-9-15(21)12-13-17-16(18(22)14-19(17)23)10-7-4-5-8-11-20(24)25/h4,7,12-13,15-17,21H,2-3,5-6,8-11,14H2,1H3,(H,24,25)/b7-4-,13-12+/t15-,16+,17+/m0/s1",LGMXPVXJSFPPTQ-DJUJBXLVSA-N,CCCCCC(C=CC1C(C(=O)CC1=O)CC=CCCCC(=O)O)O
FT_16.500_373.19862,Veraguensin,C22H28O5,L2.2,NA,Organic compounds,"Lignans, neolignans and related compounds",Furanoid lignans,Tetrahydrofuran lignans,"7,7'-epoxylignans",443026,Veraguensin,372.193674,C22H28O5,"InChI=1S/C22H28O5/c1-13-14(2)22(16-8-10-18(24-4)20(12-16)26-6)27-21(13)15-7-9-17(23-3)19(11-15)25-5/h7-14,21-22H,1-6H3/t13-,14-,21-,22+/m0/s1",JLJAVUZBHSLLJL-GKHNXXNSSA-N,CC1C(C(OC1C2=CC(=C(C=C2)OC)OC)C3=CC(=C(C=C3)OC)OC)C
FT_16.507_315.19550,Kahweol,C20 H26 O3,L2.1,NA,Organic compounds,Organoheterocyclic compounds,Naphthofurans,NA,NA,114778,Kahweol,314.1881947,C20H26O3,"InChI=1S/C20H26O3/c1-18-7-5-16-14(6-9-23-16)15(18)4-8-19-10-13(2-3-17(18)19)20(22,11-19)12-21/h5-7,9,13,15,17,21-22H,2-4,8,10-12H2,1H3/t13-,15-,17+,18-,19+,20+/m1/s1",JEKMKNDURXDJAD-HWUKTEKMSA-N,CC12C=CC3=C(C1CCC45C2CCC(C4)C(C5)(CO)O)C=CO3
FT_14.852_327.03427,"5-[(4-Thiophen-2-ylpyrimidin-2-yl)sulfanylmethyl]-2,1,3-benzoxadiazole",C15 H10 N4 O S2,L2.1,NA,Organic compounds,Organoheterocyclic compounds,Benzoxadiazoles,0,Benzoxadiazoles,"	2811879","5-[(4-Thiophen-2-ylpyrimidin-2-yl)sulfanylmethyl]-2,1,3-benzoxadiazole",NA,"	
C15H10N4OS2","InChI=1S/C15H10N4OS2/c1-2-14(21-7-1)12-5-6-16-15(17-12)22-9-10-3-4-11-13(8-10)19-20-18-11/h1-8H,9H2",PCNVVNRRDWXBTM-UHFFFAOYSA-N,C1=CSC(=C1)C2=NC(=NC=C2)SCC3=CC4=NON=C4C=C3
FT_16.581_233.08084,Citrinin,C13 H14 O5,L2.1,NA,Organic compounds,Organoheterocyclic compounds,Benzopyrans,NA,NA,54680783,Citrinin,250.0841235,C13H14O5,"InChI=1S/C13H14O5/c1-5-7(3)18-4-8-9(5)6(2)11(14)10(12(8)15)13(16)17/h4-5,7,14H,1-3H3,(H,16,17)/t5-,7-/m1/s1",CBGDIJWINPWWJW-IYSWYEEDSA-N,CC1C(OC=C2C1=C(C(=C(C2=O)C(=O)O)O)C)C
FT_14.926_351.15669,"(2S)-5,7-dimethoxy-8-(3-methylbuta-1,3-dienyl)-2-phenyl-2,3-dihydrochromen-4-one",C22H22O4,L2.3,NA,Organic compounds,Phenylpropanoids and polyketides,Flavonoids,O-methylated flavonoids,7-O-methylated flavonoids,"	123784057","(2S)-5,7-dimethoxy-8-(3-methylbuta-1,3-dienyl)-2-phenyl-2,3-dihydrochromen-4-one",NA,"	
C22H22O4","InChI=1S/C22H22O4/c1-14(2)10-11-16-19(24-3)13-20(25-4)21-17(23)12-18(26-22(16)21)15-8-6-5-7-9-15/h5-11,13,18H,1,12H2,2-4H3/t18-/m0/s1",IABJOKMKCITOPN-SFHVURJKSA-N,CC(=C)C=CC1=C2C(=C(C=C1OC)OC)C(=O)C[C@H](O2)C3=CC=CC=C3
FT_16.722_356.17046,"5-(4-carboxy-3-methylbutyl)-5,6,8a-trimethyl-3-oxo-3,4,4a,5,6,7,8,8a-octahydronaphthalene-1-carboxylic acid",C20 H30 O5,L2.3,NA,Organic compounds,Lipids and lipid-like molecules,Prenol lipids,Diterpenoids,Colensane and clerodane diterpenoids,56776388,"5-(4-carboxy-3-methylbutyl)-5,6,8a-trimethyl-3-oxo-4a,6,7,8-tetrahydro-4H-naphthalene-1-carboxylic acid",350.2093241,C20H30O5,"InChI=1S/C20H30O5/c1-12(9-17(22)23)5-7-19(3)13(2)6-8-20(4)15(18(24)25)10-14(21)11-16(19)20/h10,12-13,16H,5-9,11H2,1-4H3,(H,22,23)(H,24,25)",XKXZAYIPFRBKHT-UHFFFAOYSA-N,CC1CCC2(C(C1(C)CCC(C)CC(=O)O)CC(=O)C=C2C(=O)O)C
FT_14.973_265.10705,NP-020400,C12 H18 O5,L2.1,NA,Organic compounds,Benzenoids,Phenol ethers,Anisoles,Anisoles,102571668,"3-(2,4,5-Trimethoxyphenyl)propane-1,2-diol",NA,C12H18O5,"InChI=1S/C12H18O5/c1-15-10-6-12(17-3)11(16-2)5-8(10)4-9(14)7-13/h5-6,9,13-14H,4,7H2,1-3H3",ZCULGWNUIVXSFU-UHFFFAOYSA-N,COC1=CC(=C(C=C1CC(CO)O)OC)OC
FT_16.772_353.23006,"(ent-6alpha,7alpha,16alphaH)-6,7,17-Trihydroxy-19-kauranoic acid",C20H32O5,L2.3,NA,Organic compounds,Lipids and lipid-like molecules,Prenol lipids,Diterpenoids,Kaurane diterpenoids,131752049,"(ent-6alpha,7alpha,16alphaH)-6,7,17-Trihydroxy-19-kauranoic acid",352.2249741,C20H32O5,"InChI=1S/C20H32O5/c1-18-6-3-7-19(2,17(24)25)15(18)14(22)16(23)20-8-11(4-5-13(18)20)12(9-20)10-21/h11-16,21-23H,3-10H2,1-2H3,(H,24,25)",FQXFNQBHZJYODR-UHFFFAOYSA-N,CC12CCCC(C1C(C(C34C2CCC(C3)C(C4)CO)O)O)(C)C(=O)O
FT_15.037_235.09648,NP-020364,C13H16O5,L2.1,NA,Organic compounds,Lipids and lipid-like molecules,Fatty Acyls,Fatty acids and conjugates,Medium-chain fatty acids,102571659,(E)-5-(4-methoxy-6-oxopyran-2-yl)-3-methylhex-4-enoic acid,NA,"	
C13H16O5","InChI=1S/C13H16O5/c1-8(5-12(14)15)4-9(2)11-6-10(17-3)7-13(16)18-11/h4,6-8H,5H2,1-3H3,(H,14,15)/b9-4+",KNUGOOSWDXWFQX-RUDMXATFSA-N,CC(CC(=O)O)/C=C(\C)/C1=CC(=CC(=O)O1)OC
FT_16.821_217.12229,Ochracene D,C14H16O2,L2.3,NA,Organic compounds,Organic oxygen compounds,Organooxygen compounds,Carbonyl compounds,Ketones,132487830,Ochracene D,216.1150297,C14H16O2,"InChI=1S/C14H16O2/c1-10-3-5-14(2)6-4-13(16)8-12(14)7-11(10)9-15/h4,6-10H,3,5H2,1-2H3/t10-,14-/m0/s1",FFLFOTYSMVCBGR-HZMBPMFUSA-N,CC1CCC2(C=CC(=O)C=C2C=C1C=O)C
FT_16.821_257.11480,3-(4-Hydroxyphenyl)-1-(4-methoxyphenyl)propan-1-one,C16H16O3,L2.3,NA,Organic compounds,Phenylpropanoids and polyketides,"Linear 1,3-diarylpropanoids",Chalcones and dihydrochalcones,Retro-dihydrochalcones,23345320,3-(4-Hydroxyphenyl)-1-(4-methoxyphenyl)propan-1-one,256.1099444,C16H16O3,"InChI=1S/C16H16O3/c1-19-15-9-5-13(6-10-15)16(18)11-4-12-2-7-14(17)8-3-12/h2-3,5-10,17H,4,11H2,1H3",PHZVVASGPSTNAB-UHFFFAOYSA-N,COC1=CC=C(C=C1)C(=O)CCC2=CC=C(C=C2)O
FT_16.886_295.11540,N-Glycosyl-L-asparagine,C10H18N2O8,L2.2,NA,Organic compounds,Organic acids and derivatives,Carboxylic acids and derivatives,"Amino acids, peptides, and analogues",Amino acids and derivatives,440002,N-Glycosyl-L-asparagine,294.1063155,C10H18N2O8,"InChI=1S/C10H18N2O8/c11-3(10(18)19)1-5(14)12-9-8(17)7(16)6(15)4(2-13)20-9/h3-4,6-9,13,15-17H,1-2,11H2,(H,12,14)(H,18,19)/t3-,4+,6+,7-,8+,9+/m0/s1",RDVZONQWDDILKB-ITZFQDDFSA-N,C(C1C(C(C(C(O1)NC(=O)CC(C(=O)O)N)O)O)O)O
FT_16.913_197.08089,Cantharidin,C10 H12 O4,L2.1,NA,Organic compounds,Organoheterocyclic compounds,Furofurans,NA,NA,5944,Cantharidin,196.0735589,C10H12O4,"InChI=1S/C10H12O4/c1-9-5-3-4-6(13-5)10(9,2)8(12)14-7(9)11/h5-6H,3-4H2,1-2H3/t5-,6+,9+,10-",DHZBEENLJMYSHQ-XCVPVQRUSA-N,CC12C3CCC(C1(C(=O)OC2=O)C)O3
FT_16.933_507.19917,Piperaduncin B,C29H30O8,L2.3,NA,Organic compounds,Phenylpropanoids and polyketides,Diarylheptanoids,Linear diarylheptanoids,NA,442455,Piperaduncin B,506.1940679,C29H30O8,"InChI=1S/C29H30O8/c1-29(2,34)27-23(18-14-17(28(33)36-4)11-13-19(18)30)25-22(35-3)15-21(32)24(26(25)37-27)20(31)12-10-16-8-6-5-7-9-16/h5-9,11,13-15,23,27,30,32,34H,10,12H2,1-4H3/t23-,27-/m0/s1",KGNWKZGVYSTAOX-HOFKKMOUSA-N,CC(C)(C1C(C2=C(C=C(C(=C2O1)C(=O)CCC3=CC=CC=C3)O)OC)C4=C(C=CC(=C4)C(=O)OC)O)O
FT_15.074_281.13833,"7-(1-ethoxyethyl)-4,8-dihydroxy-6-methoxy-tetralin-1-one",C15 H20 O5,L2.3,na,NA,NA,NA,NA,NA,NA,NA,NA,NA,NA,NA,NA
FT_15.124_265.14341,Abscisic acid,C15 H20 O4,L2.1,NA,Organic compounds,Lipids and lipid-like molecules,Prenol lipids,Sesquiterpenoids,Abscisic acids and derivatives,5375199,Dormin,NA,C15H20O4,"InChI=1S/C15H20O4/c1-10(7-13(17)18)5-6-15(19)11(2)8-12(16)9-14(15,3)4/h5-8,19H,9H2,1-4H3,(H,17,18)/b6-5+,10-7-",JLIDBLDQVAYHNE-LXGGSRJLSA-N,CC1=CC(=O)CC(C1(/C=C/C(=C\C(=O)O)/C)O)(C)C
FT_17.121_507.19931,Piperaduncin B,C29H30O8,L2.3,NA,Organic compounds,Phenylpropanoids and polyketides,Diarylheptanoids,Linear diarylheptanoids,NA,442455,Piperaduncin B,506.1940679,C29H30O8,"InChI=1S/C29H30O8/c1-29(2,34)27-23(18-14-17(28(33)36-4)11-13-19(18)30)25-22(35-3)15-21(32)24(26(25)37-27)20(31)12-10-16-8-6-5-7-9-16/h5-9,11,13-15,23,27,30,32,34H,10,12H2,1-4H3/t23-,27-/m0/s1",KGNWKZGVYSTAOX-HOFKKMOUSA-N,CC(C)(C1C(C2=C(C=C(C(=C2O1)C(=O)CCC3=CC=CC=C3)O)OC)C4=C(C=CC(=C4)C(=O)OC)O)O
FT_15.141_195.06518,NP-019445,C10 H10 O4,L2.1,NA,NA,NA,NA,NA,NA,NA,NA,NA,NA,NA,NA,NA
FT_15.178_219.17433,"5-isopropyl-3,8-dimethyl-4a,5,6,7-tetrahydro-1H-naphthalen-2-one",C15 H22 O,L2.3,na,NA,NA,NA,NA,NA,NA,NA,NA,NA,NA,NA,NA
FT_17.197_297.13095,Phomopsolidone A,C15H20O6,L2.1,NA,Organic compounds,Lipids and lipid-like molecules,Fatty Acyls,Fatty alcohols,NA,101876422,Phomopsolidone A,296.1259884,C15H20O6,"InChI=1S/C15H20O6/c1-4-9(2)15(19)21-13(6-5-11(17)10(3)16)12-7-8-14(18)20-12/h4-8,10-13,16-17H,1-3H3/b6-5+,9-4+/t10-,11-,12?,13?/m0/s1",ZABCZCJKVSSDHF-AYRSGXSMSA-N,CC=C(C)C(=O)OC(C=CC(C(C)O)O)C1C=CC(=O)O1
FT_15.224_219.10156,"1-(4-Hydroxy-2-prop-1-en-2-yl-2,3-dihydro-1-benzofuran-5-yl)ethanone",C13 H14 O3,L2.3,na,Organic compounds,Benzenoids,Benzene and substituted derivatives,Acetophenones,Acetophenones,"	12838731","1-(4-Hydroxy-2-prop-1-en-2-yl-2,3-dihydro-1-benzofuran-5-yl)ethanone",NA,"	
C13H14O3","InChI=1S/C13H14O3/c1-7(2)12-6-10-11(16-12)5-4-9(8(3)14)13(10)15/h4-5,12,15H,1,6H2,2-3H3",NGFZSKZFASBMBR-UHFFFAOYSA-N,CC(=C)C1CC2=C(O1)C=CC(=C2O)C(=O)C
FT_17.354_275.12781,2-(1H-benzo[d]imidazol-2-yl)-3-(4-toluidino)acrylonitrile,C17 H14 N4,L2.1,NA,Organic compounds,Organoheterocyclic compounds,Benzimidazoles,NA,NA,706825,(E)-2-(1H-benzo[d]imidazol-2-yl)-3-(p-tolylamino)acrylonitrile,274.1218465,C17H14N4,"InChI=1S/C17H14N4/c1-12-6-8-14(9-7-12)19-11-13(10-18)17-20-15-4-2-3-5-16(15)21-17/h2-9,11,19H,1H3,(H,20,21)/b13-11+",QBAFHMWHAPQOFG-ACCUITESSA-N,CC1=CC=C(C=C1)NC=C(C#N)C2=NC3=CC=CC=C3N2
FT_15.307_291.08636,"(2,6-Dihydroxy-4-methoxyphenyl)-(2,4-dihydroxy-6-methylphenyl)methanone",C15 H14 O6,L2.3,na,Organic compounds,Benzenoids,Benzene and substituted derivatives,Benzophenones,Benzophenones,"	91820467",griseophenone D,NA,C15H14O6,"InChI=1S/C15H14O6/c1-7-3-8(16)4-10(17)13(7)15(20)14-11(18)5-9(21-2)6-12(14)19/h3-6,16-19H,1-2H3",MHIAEHHUBPESRR-UHFFFAOYSA-N,CC1=CC(=CC(=C1C(=O)C2=C(C=C(C=C2O)OC)O)O)O
FT_15.349_249.11213,NP-021018,C12 H18 O4,L2.1,NA,Organic compounds,Lipids and lipid-like molecules,Fatty Acyls,Fatty acids and conjugates,Medium-chain fatty acids,"	125416500","3-[(1E,3E)-hepta-1,3-dienyl]pentanedioic acid",NA,"	
C12H18O4","InChI=1S/C12H18O4/c1-2-3-4-5-6-7-10(8-11(13)14)9-12(15)16/h4-7,10H,2-3,8-9H2,1H3,(H,13,14)(H,15,16)/b5-4+,7-6+",SCFJYQRJWMNDSZ-YTXTXJHMSA-N,CCC/C=C/C=C/C(CC(=O)O)CC(=O)O
FT_15.452_179.07028,NP-012042,C10 H12 O4,L2.1,NA,Organic compounds,Organoheterocyclic compounds,Pyrans,Pyranones and derivatives,Pyranones and derivatives,"	45359427","6-[(E)-3,4-dihydroxypent-1-enyl]pyran-2-one",NA,C10H12O4,"InChI=1S/C10H12O4/c1-7(11)9(12)6-5-8-3-2-4-10(13)14-8/h2-7,9,11-12H,1H3/b6-5+",HAMNKHJHOZJTEE-AATRIKPKSA-N,CC(C(/C=C/C1=CC=CC(=O)O1)O)O
FT_15.503_261.11213,NP-019855,C15 H18 O5,L2.1,NA,NA,NA,NA,NA,NA,NA,NA,NA,NA,NA,NA,NA
FT_15.510_313.17987,"6-[(2E,6E)-7-(5-hydroxy-3-methyl-2-oxocyclopent-3-en-1-yl)-6-methylhepta-2,6-dien-2-yl]-3-methyl-5,6-dihydro-2H-pyran-2-one",C20 H26 O4,L2.1,NA,NA,NA,NA,NA,NA,NA,NA,NA,NA,NA,NA,NA
FT_17.542_507.19933,Piperaduncin B,C29H30O8,L2.2,NA,Organic compounds,Phenylpropanoids and polyketides,Diarylheptanoids,Linear diarylheptanoids,NA,442455,Piperaduncin B,506.1940679,C29H30O8,"InChI=1S/C29H30O8/c1-29(2,34)27-23(18-14-17(28(33)36-4)11-13-19(18)30)25-22(35-3)15-21(32)24(26(25)37-27)20(31)12-10-16-8-6-5-7-9-16/h5-9,11,13-15,23,27,30,32,34H,10,12H2,1-4H3/t23-,27-/m0/s1",KGNWKZGVYSTAOX-HOFKKMOUSA-N,CC(C)(C1C(C2=C(C=C(C(=C2O1)C(=O)CCC3=CC=CC=C3)O)OC)C4=C(C=CC(=C4)C(=O)OC)O)O
FT_17.645_233.11720,Sorbicillin,C14 H16 O3,L2.1,NA,Organic compounds,Benzenoids,Benzene and substituted derivatives,Xylenes,Xylenols,5376187,Sorbicillin,232.1099444,C14H16O3,"InChI=1S/C14H16O3/c1-4-5-6-7-12(15)11-8-9(2)13(16)10(3)14(11)17/h4-8,16-17H,1-3H3/b5-4+,7-6+",RKKPUBAAIGFXOG-YTXTXJHMSA-N,CC=CC=CC(=O)C1=C(C(=C(C(=C1)C)O)C)O
FT_17.722_507.19928,Piperaduncin B,C29H30O8,L2.3,NA,Organic compounds,Phenylpropanoids and polyketides,Diarylheptanoids,Linear diarylheptanoids,NA,442455,Piperaduncin B,506.1940679,C29H30O8,"InChI=1S/C29H30O8/c1-29(2,34)27-23(18-14-17(28(33)36-4)11-13-19(18)30)25-22(35-3)15-21(32)24(26(25)37-27)20(31)12-10-16-8-6-5-7-9-16/h5-9,11,13-15,23,27,30,32,34H,10,12H2,1-4H3/t23-,27-/m0/s1",KGNWKZGVYSTAOX-HOFKKMOUSA-N,CC(C)(C1C(C2=C(C=C(C(=C2O1)C(=O)CCC3=CC=CC=C3)O)OC)C4=C(C=CC(=C4)C(=O)OC)O)O
FT_15.560_251.12772,"5-[(1E)-3-hydroxy-3-methylbut-1-en-1-yl]-2-methylcyclohex-5-ene-1,2,4-triol",C12 H20 O4,L2.1,NA,Organic compounds,Organic oxygen compounds,Organooxygen compounds,Alcohols and polyols,Cyclic alcohols and derivatives,25750967,"(1S,2R,4S)-5-[(E)-3-Hydroxy-3-methylbut-1-enyl]-2-methylcyclohex-5-ene-1,2,4-triol",NA,C12H20O4,"InChI=1S/C12H20O4/c1-11(2,15)5-4-8-6-10(14)12(3,16)7-9(8)13/h4-6,9-10,13-16H,7H2,1-3H3/b5-4+/t9-,10-,12+/m0/s1",KLZSJMCXTDLPSF-DVKNGYBMSA-N,C[C@]1(C[C@@H](C(=C[C@@H]1O)/C=C/C(C)(C)O)O)O
FT_17.790_217.12229,Ochracene D,C14H16O2,L2.3,NA,Organic compounds,Organic oxygen compounds,Organooxygen compounds,Carbonyl compounds,Ketones,132487830,Ochracene D,216.1150297,C14H16O2,"InChI=1S/C14H16O2/c1-10-3-5-14(2)6-4-13(16)8-12(14)7-11(10)9-15/h4,6-10H,3,5H2,1-2H3/t10-,14-/m0/s1",FFLFOTYSMVCBGR-HZMBPMFUSA-N,CC1CCC2(C=CC(=O)C=C2C=C1C=O)C
FT_15.577_195.06518,NP-019445,C10 H10 O4,L2.1,NA,NA,NA,NA,NA,NA,NA,NA,NA,NA,NA,NA,NA
FT_15.580_237.07574,"(7R,8S)-7,8-Dihydroxy-3,7-dimethyl-6-oxo-7,8-dihydro-6H-isochromene-5-carbaldehyde",C12 H12 O5,L2.1,NA,Organic compounds,Organoheterocyclic compounds,Azaphilones,0,Azaphilones,"	40604",Austdiol,NA,NA,"InChI=1S/C12H12O5/c1-6-3-7-8(4-13)10(14)12(2,16)11(15)9(7)5-17-6/h3-5,11,15-16H,1-2H3/t11-,12-/m0/s1",QVMUHZHZYCDMAI-RYUDHWBXSA-N,CC1=CC2=C(C(=O)[C@]([C@H](C2=CO1)O)(C)O)C=O
FT_17.908_367.15396,2-{2-[5-(Ethoxycarbonyl)-2-morpholinoanilino]-2-oxoethoxy}acetic acid,C17 H22 N2 O7,L2.1,NA,Organic compounds,Benzenoids,Benzene and substituted derivatives,Benzoic acids and derivatives,Acylaminobenzoic acid and derivatives,2811005,2-{2-[5-(Ethoxycarbonyl)-2-morpholinoanilino]-2-oxoethoxy}acetic acid,366.1427011,C17H22N2O7,"InChI=1S/C17H22N2O7/c1-2-26-17(23)12-3-4-14(19-5-7-24-8-6-19)13(9-12)18-15(20)10-25-11-16(21)22/h3-4,9H,2,5-8,10-11H2,1H3,(H,18,20)(H,21,22)",CWOKIISJEHAUAY-UHFFFAOYSA-N,CCOC(=O)C1=CC(=C(C=C1)N2CCOCC2)NC(=O)COCC(=O)O
FT_17.960_483.20153,Territrem E,C27H30O8,L2.3,NA,Organic compounds,Organoheterocyclic compounds,Naphthopyrans,NA,NA,139586543,Territrem E,482.1940679,C27H30O8,"InChI=1S/C27H30O8/c1-23(2)9-8-21(29)25(4)26(23,31)11-10-24(3)27(25,32)14-16-19(35-24)13-18(34-22(16)30)15-6-7-17(28)20(12-15)33-5/h6-9,12-13,28,31-32H,10-11,14H2,1-5H3/t24-,25+,26-,27-/m1/s1",NXPWSGHHZIMMOV-HVWQDESWSA-N,CC1(C=CC(=O)C2(C1(CCC3(C2(CC4=C(O3)C=C(OC4=O)C5=CC(=C(C=C5)O)OC)O)C)O)C)C
FT_15.594_229.12236,"(3aS,5aS,9bR)-5a,9-dimethyl-3-methylidene-2H,3H,3aH,4H,5H,5aH,6H,7H,8H,9bH-naphtho[1,2-b]furan-2,5-dione",C15 H18 O3,L2.1,NA,Organic compounds,Lipids and lipid-like molecules,Prenol lipids,Terpene lactones,Sesquiterpene lactones,NA,NA,NA,NA,"InChI=1/C15H18O3/c1-8-5-4-6-15(3)11(16)7-10-9(2)14(17)18-13(10)12(8)15/h10,13H,2,4-7H2,1,3H3/t10-,13+,15+/m0/s1","
CPHPAWJXZHHPEN-PSOPSSQASA-N","
CC1=C2[C@@H]3OC(=O)C(=C)[C@@H]3CC(=O)[C@@]2(C)CCC1 |r,c:1|"
FT_15.595_247.13285,"5,10,15-trimethyl-4,9,13-trioxatetracyclo[10.3.0.0Âl,âµ.0â¸,Âaâ°]pentadec-1(15)-en-14-one",C15 H20 O4,L2.1,NA,NA,NA,NA,NA,NA,NA,NA,NA,NA,NA,NA,NA
FT_15.679_251.16414,"9-hydroxy-2,10,10-trimethyltricyclo[6.3.0.0Âa,âµ]undec-6-ene-6-carboxylic acid",C15 H22 O3,L2.1,NA,Organic compounds,Lipids and lipid-like molecules,Prenol lipids,Sesquiterpenoids,Triquinane sesquiterpenoids,NA,NA,NA,NA,"
InChI=1/C15H22O3/c1-8-4-5-10-9(13(17)18)6-11-12(16)14(2,3)7-15(8,10)11/h6,8,10-12,16H,4-5,7H2,1-3H3,(H,17,18)",WBLTVUMJMJIOGQ-UHFFFAOYSA-N,CC1CCC2C(=CC3C(O)C(C)(C)CC123)C(O)=O |c:5|
FT_18.102_347.22175,Tetrahydrocortisone,C21 H32 O5,L2.1,NA,Organic compounds,Lipids and lipid-like molecules,Steroids and steroid derivatives,Hydroxysteroids,21-hydroxysteroids,5866,Tetrahydrocortisone,364.2249741,C21H32O5,"InChI=1S/C21H32O5/c1-19-7-5-13(23)9-12(19)3-4-14-15-6-8-21(26,17(25)11-22)20(15,2)10-16(24)18(14)19/h12-15,18,22-23,26H,3-11H2,1-2H3/t12-,13-,14+,15+,18-,19+,20+,21+/m1/s1",SYGWGHVTLUBCEM-ZIZPXRJBSA-N,CC12CCC(CC1CCC3C2C(=O)CC4(C3CCC4(C(=O)CO)O)C)O
FT_15.767_245.11720,"(3aR,4aS,5R,8S,9aR)-5-hydroxy-4a,8-dimethyl-3-methylidene-2H,3H,3aH,4H,4aH,5H,6H,8H,9H,9aH-azuleno[6,5-b]furan-2,6-dione",C15 H18 O4,L2.1,NA,Organic compounds,Lipids and lipid-like molecules,Prenol lipids,Terpene lactones,Sesquiterpene lactones,NA,NA,NA,NA,"InChI=1/C15H18O4/c1-7-4-12-9(8(2)14(18)19-12)6-15(3)10(7)5-11(16)13(15)17/h5,7,9,12-13,17H,2,4,6H2,1,3H3/t7-,9+,12+,13-,15-/m0/s1",DYBGVZNCIXACSP-XZOKFZFXSA-N,NA
FT_15.789_225.07575,NP-020902,C9 H14 O5,L2.1,NA,Organic compounds,Organoheterocyclic compounds,Dihydrofurans,Furanones,Butenolides,"	129008942",2-hydroxy-3-methoxy-4-(1-methoxypropan-2-yl)-2H-furan-5-one,NA,"	
C9H14O5","InChI=1S/C9H14O5/c1-5(4-12-2)6-7(13-3)9(11)14-8(6)10/h5,9,11H,4H2,1-3H3",LFYGUMSCTCQVIU-UHFFFAOYSA-N,CC(COC)C1=C(C(OC1=O)O)OC
FT_15.824_279.12272,NP-021074,C13 H20 O5,L2.1,NA,Organic compounds,Organic acids and derivatives,Hydroxy acids and derivatives,Medium-chain hydroxy acids and derivatives,Medium-chain hydroxy acids and derivatives,"	129008970","(6E,8E)-3-hydroxy-10-methoxy-4,9-dimethyl-10-oxodeca-6,8-dienoic acid",NA,"	
C13H20O5","InChI=1S/C13H20O5/c1-9(11(14)8-12(15)16)6-4-5-7-10(2)13(17)18-3/h4-5,7,9,11,14H,6,8H2,1-3H3,(H,15,16)/b5-4+,10-7+",SJGQDRGIIKTZAH-YIORLJKJSA-N,CC(C/C=C/C=C(\C)/C(=O)OC)C(CC(=O)O)O
FT_15.937_235.16919,NP-008095,C15 H24 O3,L2.1,NA,Organic compounds,Organic oxygen compounds,Organooxygen compounds,Carbonyl compounds,Ketones,45359318,"6-Hydroxy-4-(hydroxymethyl)-3,4A,8,8-tetramethyl-5,6,7,8A-tetrahydro-4H-naphthalen-1-one",NA,"	
C15H24O3","InChI=1S/C15H24O3/c1-9-5-12(18)13-14(2,3)6-10(17)7-15(13,4)11(9)8-16/h5,10-11,13,16-17H,6-8H2,1-4H3",QXTBAOJTASJFAD-UHFFFAOYSA-N,CC1=CC(=O)C2C(CC(CC2(C1CO)C)O)(C)C
FT_18.433_297.14613,2-Butyl-5-[2-(4-hydroxy-3-methoxyphenyl)ethyl]furan,C17H22O3,L2.3,NA,Organic compounds,Lipids and lipid-like molecules,Fatty Acyls,Fatty acids and conjugates,Heterocyclic fatty acids,11000257,2-Butyl-5-[2-(4-hydroxy-3-methoxyphenyl)ethyl]furan,274.1568946,C17H22O3,"InChI=1S/C17H22O3/c1-3-4-5-14-9-10-15(20-14)8-6-13-7-11-16(18)17(12-13)19-2/h7,9-12,18H,3-6,8H2,1-2H3",VFYKGOGEJRZWKU-UHFFFAOYSA-N,CCCCC1=CC=C(O1)CCC2=CC(=C(C=C2)O)OC
FT_18.435_217.12230,Ochracene D,C14H16O2,L2.3,NA,Organic compounds,Organic oxygen compounds,Organooxygen compounds,Carbonyl compounds,Ketones,132487830,Ochracene D,216.1150297,C14H16O2,"InChI=1S/C14H16O2/c1-10-3-5-14(2)6-4-13(16)8-12(14)7-11(10)9-15/h4,6-10H,3,5H2,1-2H3/t10-,14-/m0/s1",FFLFOTYSMVCBGR-HZMBPMFUSA-N,CC1CCC2(C=CC(=O)C=C2C=C1C=O)C
FT_15.960_249.11212,NP-021018,C12 H18 O4,L2.1,NA,Organic compounds,Lipids and lipid-like molecules,Fatty Acyls,Fatty acids and conjugates,Medium-chain fatty acids,"	125416500","3-[(1E,3E)-hepta-1,3-dienyl]pentanedioic acid",NA,"	
C12H18O4","InChI=1S/C12H18O4/c1-2-3-4-5-6-7-10(8-11(13)14)9-12(15)16/h4-7,10H,2-3,8-9H2,1H3,(H,13,14)(H,15,16)/b5-4+,7-6+",SCFJYQRJWMNDSZ-YTXTXJHMSA-N,CCC/C=C/C=C/C(CC(=O)O)CC(=O)O
FT_18.589_329.17482,Crocetin,C20H24O4,L2.2,NA,Organic compounds,Lipids and lipid-like molecules,Prenol lipids,Diterpenoids,Acyclic diterpenoids,5281232,Crocetin,328.1674592,C20H24O4,"InChI=1S/C20H24O4/c1-15(11-7-13-17(3)19(21)22)9-5-6-10-16(2)12-8-14-18(4)20(23)24/h5-14H,1-4H3,(H,21,22)(H,23,24)/b6-5+,11-7+,12-8+,15-9+,16-10+,17-13+,18-14+",PANKHBYNKQNAHN-MQQNZMFNSA-N,CC(=CC=CC=C(C)C=CC=C(C)C(=O)O)C=CC=C(C)C(=O)O
FT_16.094_283.11761,"methyl 3,5,7-trimethoxy-6-methyl-1,3-dihydroisobenzofuran-4-carboxylate",C14 H18 O6,L2.2,na,NA,NA,NA,NA,NA,NA,NA,NA,NA,NA,NA,NA
FT_16.098_179.07028,NP-012042,C10 H12 O4,L2.1,NA,Organic compounds,Organoheterocyclic compounds,Pyrans,Pyranones and derivatives,Pyranones and derivatives,"	45359427","6-[(E)-3,4-dihydroxypent-1-enyl]pyran-2-one",NA,C10H12O4,"InChI=1S/C10H12O4/c1-7(11)9(12)6-5-8-3-2-4-10(13)14-8/h2-7,9,11-12H,1H3/b6-5+",HAMNKHJHOZJTEE-AATRIKPKSA-N,CC(C(/C=C/C1=CC=CC(=O)O1)O)O
FT_18.664_217.12230,Ochracene D,C14H16O2,L2.3,NA,Organic compounds,Organic oxygen compounds,Organooxygen compounds,Carbonyl compounds,Ketones,132487830,Ochracene D,216.1150297,C14H16O2,"InChI=1S/C14H16O2/c1-10-3-5-14(2)6-4-13(16)8-12(14)7-11(10)9-15/h4,6-10H,3,5H2,1-2H3/t10-,14-/m0/s1",FFLFOTYSMVCBGR-HZMBPMFUSA-N,CC1CCC2(C=CC(=O)C=C2C=C1C=O)C
FT_18.816_279.23187,Pinolenic acid,C18 H30 O2,L2.1,NA,Organic compounds,Lipids and lipid-like molecules,Fatty Acyls,Lineolic acids and derivatives,NA,5312495,Pinolenic acid,278.2245802,C18H30O2,"InChI=1S/C18H30O2/c1-2-3-4-5-6-7-8-9-10-11-12-13-14-15-16-17-18(19)20/h6-7,9-10,13-14H,2-5,8,11-12,15-17H2,1H3,(H,19,20)/b7-6-,10-9-,14-13-",HXQHFNIKBKZGRP-URPRIDOGSA-N,CCCCCC=CCC=CCCC=CCCCC(=O)O
FT_16.186_227.10660,NP-003672,C15 H14 O2,L2.1,NA,Organic compounds,Phenylpropanoids and polyketides,Stilbenes,0,Stilbenes,44566996,4'-Methylpinosylvin,NA,C15H14O2,"InChI=1S/C15H14O2/c1-11-14(16)9-13(10-15(11)17)8-7-12-5-3-2-4-6-12/h2-10,16-17H,1H3/b8-7+",OCNRSGCLTQHHRD-BQYQJAHWSA-N,CC1=C(C=C(C=C1O)/C=C/C2=CC=CC=C2)O
FT_18.871_285.14858,"Estrone-2,3-quinone",C18H20O3,L2.3,NA,Organic compounds,Lipids and lipid-like molecules,Steroids and steroid derivatives,Estrane steroids,Estrogens and derivatives,53481559,"Estrone-2,3-quinone",284.1412445,C18H20O3,"InChI=1S/C18H20O3/c1-18-7-6-11-12(14(18)4-5-17(18)21)3-2-10-8-15(19)16(20)9-13(10)11/h8-9,11-12,14H,2-7H2,1H3/t11?,12?,14?,18-/m0/s1",WFPLOQDPWXNOST-PEDDLLMLSA-N,CC12CCC3C(C1CCC2=O)CCC4=CC(=O)C(=O)C=C34
FT_16.335_277.14341,"(2R,5R,6R)-3-[(1E,3E)-hepta-1,3-dien-1-yl]-5,6-dihydroxy-2-(hydroxymethyl)cyclohexan-1-one",C14 H22 O4,L2.1,NA,Organic compounds,Organic oxygen compounds,Organooxygen compounds,Alcohols and polyols,Cyclic alcohols and derivatives,NA,NA,NA,C14 H22 O4,"InChI=1/C14H22O4/c1-2-3-4-5-6-7-10-8-12(16)14(18)13(17)11(10)9-15/h4-7,10-12,14-16,18H,2-3,8-9H2,1H3/b5-4+,7-6+/t10?,11-,12+,14+/m0/s1",MPOXQBRZHHNMER-RVZXZRSKSA-N,"
CCC\C=C\C=C\C1C[C@@H](O)[C@@H](O)C(=O)[C@H]1CO |r|"
FT_19.226_347.22170,Corticosterone,C21 H30 O4,L2.1,NA,Organic compounds,Lipids and lipid-like molecules,Steroids and steroid derivatives,Hydroxysteroids,21-hydroxysteroids,5753,Corticosterone,346.2144094,C21H30O4,"InChI=1S/C21H30O4/c1-20-8-7-13(23)9-12(20)3-4-14-15-5-6-16(18(25)11-22)21(15,2)10-17(24)19(14)20/h9,14-17,19,22,24H,3-8,10-11H2,1-2H3/t14-,15-,16+,17-,19+,20-,21-/m0/s1",OMFXVFTZEKFJBZ-HJTSIMOOSA-N,CC12CCC(=O)C=C1CCC3C2C(CC4(C3CCC4C(=O)CO)C)O
FT_19.230_235.09647,"(S)-2,3-Dihydro-6-hydroxy-5-(hydroxyacetyl)-2-isopropenylbenzofuran",C13H14O4,L2.3,NA,Organic compounds,Organoheterocyclic compounds,Coumarans,NA,NA,131751030,"(S)-2,3-Dihydro-6-hydroxy-5-(hydroxyacetyl)-2-isopropenylbenzofuran",234.0892089,C13H14O4,"InChI=1S/C13H14O4/c1-7(2)12-4-8-3-9(11(16)6-14)10(15)5-13(8)17-12/h3,5,12,14-15H,1,4,6H2,2H3",DSPWIGNSRMCMGP-UHFFFAOYSA-N,CC(=C)C1CC2=CC(=C(C=C2O1)O)C(=O)CO
FT_19.290_451.21155,Prenylterphenyllin J,C27H30O6,L2.3,NA,Organic compounds,Benzenoids,Benzene and substituted derivatives,Terphenyls,P-terphenyls,146684996,Prenylterphenyllin J,450.2042387,C27H30O6,"InChI=1S/C27H30O6/c1-16(2)7-8-18-13-17(9-11-21(18)28)20-15-24(32-5)25(26(29)27(20)33-6)19-10-12-22(30-3)23(14-19)31-4/h7,9-15,28-29H,8H2,1-6H3",ZUXPOZULAOSKSG-UHFFFAOYSA-N,CC(=CCC1=C(C=CC(=C1)C2=CC(=C(C(=C2OC)O)C3=CC(=C(C=C3)OC)OC)OC)O)C
FT_19.291_217.12230,3-(4-Hydroxy-3-(3-methyl-2-butenyl)phenyl)-2-propenal,C14H16O2,L2.3,NA,Organic compounds,Phenylpropanoids and polyketides,Cinnamaldehydes,NA,NA,6443694,3-(4-Hydroxy-3-(3-methyl-2-butenyl)phenyl)-2-propenal,216.1150297,C14H16O2,"InChI=1S/C14H16O2/c1-11(2)5-7-13-10-12(4-3-9-15)6-8-14(13)16/h3-6,8-10,16H,7H2,1-2H3/b4-3+",FNDJBOATFIWAJR-ONEGZZNKSA-N,CC(=CCC1=C(C=CC(=C1)C=CC=O)O)C
FT_16.338_219.10158,"(2E,6E)-5-hydroxy-7-phenylhepta-2,6-dienoic acid",C13 H14 O3,L2.3,na,Organic compounds,Phenylpropanoids and polyketides,Cinnamyl alcohols,0,Cinnamyl alcohols,"	12227671","(2E,6E)-5-hydroxy-7-phenylhepta-2,6-dienoic acid",NA,"	
C13H14O3","InChI=1S/C13H14O3/c14-12(7-4-8-13(15)16)10-9-11-5-2-1-3-6-11/h1-6,8-10,12,14H,7H2,(H,15,16)/b8-4+,10-9+",HZIQVOBBWHKQIJ-OOOLMBCVSA-N,C1=CC=C(C=C1)/C=C/C(C/C=C/C(=O)O)O
FT_16.352_205.15865,"1-[(4aR)-4a,8-dimethyl-4,5,6,7-tetrahydro-3H-naphthalen-2-yl]ethanone",C14 H20 O,L2.3,na,Organic compounds,Organic oxygen compounds,Organooxygen compounds,Carbonyl compounds,Ketones,"	20837733","1-[(4aR)-4a,8-dimethyl-4,5,6,7-tetrahydro-3H-naphthalen-2-yl]ethanone",NA,"	
C14H20O","InChI=1S/C14H20O/c1-10-5-4-7-14(3)8-6-12(11(2)15)9-13(10)14/h9H,4-8H2,1-3H3/t14-/m1/s1",MHDZZWJRZISHQQ-CQSZACIVSA-N,CC1=C2C=C(CC[C@]2(CCC1)C)C(=O)C
FT_19.437_137.13245,Eucalyptol,C10 H18 O,L2.1,NA,Organic compounds,Organoheterocyclic compounds,Oxanes,NA,NA,2758,Eucalyptol,154.1357652,C10H18O,"InChI=1S/C10H18O/c1-9(2)8-4-6-10(3,11-9)7-5-8/h8H,4-7H2,1-3H3",WEEGYLXZBRQIMU-UHFFFAOYSA-N,CC1(C2CCC(O1)(CC2)C)C
FT_19.470_297.18489,Eicosatetraynoic acid,C20 H24 O2,L2.1,NA,Organic compounds,Lipids and lipid-like molecules,Fatty Acyls,Fatty acids and conjugates,Long-chain fatty acids,1780,"5,8,11,14-Eicosatetraynoic Acid",296.17763,C20H24O2,"InChI=1S/C20H24O2/c1-2-3-4-5-6-7-8-9-10-11-12-13-14-15-16-17-18-19-20(21)22/h2-5,8,11,14,17-19H2,1H3,(H,21,22)",MGLDCXPLYOWQRP-UHFFFAOYSA-N,CCCCCC#CCC#CCC#CCC#CCCCC(=O)O
FT_19.567_399.25075,Tris(2-butoxyethyl) phosphate,C18 H39 O7 P,L2.1,NA,Organic compounds,Organic acids and derivatives,Organic phosphoric acids and derivatives,Phosphate esters,Alkyl phosphates,6540,Tris(2-butoxyethyl) phosphate,398.2433406,C18H39O7P,"InChI=1S/C18H39O7P/c1-4-7-10-20-13-16-23-26(19,24-17-14-21-11-8-5-2)25-18-15-22-12-9-6-3/h4-18H2,1-3H3",WTLBZVNBAKMVDP-UHFFFAOYSA-N,CCCCOCCOP(=O)(OCCOCCCC)OCCOCCCC
FT_19.578_295.22447,13-OxoODE,C18H30O3,L2.3,NA,Organic compounds,Lipids and lipid-like molecules,Fatty Acyls,Lineolic acids and derivatives,NA,5283012,13-OxoODE,294.2194948,C18H30O3,"InChI=1S/C18H30O3/c1-2-3-11-14-17(19)15-12-9-7-5-4-6-8-10-13-16-18(20)21/h7,9,12,15H,2-6,8,10-11,13-14,16H2,1H3,(H,20,21)/b9-7+,15-12+",JHXAZBBVQSRKJR-KDFHGORWSA-N,CCCCCC(=O)C=CC=CCCCCCCCC(=O)O
FT_16.366_263.12779,NP-003117,C13 H20 O4,L2.1,NA,NA,NA,NA,NA,NA,NA,NA,NA,NA,NA,NA,NA
FT_19.601_255.23185,Palmitoleic acid,C16 H30 O2,L2.1,NA,Organic compounds,Lipids and lipid-like molecules,Fatty Acyls,Fatty acids and conjugates,Long-chain fatty acids,445638,Palmitoleic Acid,254.2245802,C16H30O2,"InChI=1S/C16H30O2/c1-2-3-4-5-6-7-8-9-10-11-12-13-14-15-16(17)18/h7-8H,2-6,9-15H2,1H3,(H,17,18)/b8-7-",SECPZKHBENQXJG-FPLPWBNLSA-N,CCCCCCC=CCCCCCCCC(=O)O
FT_16.372_335.14903,"methyl 10-(acetoxymethyl)-3-methylene-2-oxo-3a,4,5,8,9,11a-hexahydrocyclodeca[b]furan-6-carboxylate",C18 H22 O6,L2.3,na,Organic compounds,Lipids and lipid-like molecules,Prenol lipids,Terpene lactones,Sesquiterpene lactones,NA,NA,NA,NA,"InChI=1S/C18H22O6/c1-11-15-8-7-14(18(21)22-3)6-4-5-13(10-23-12(2)19)9-16(15)24-17(11)20/h6,9,15-16H,1,4-5,7-8,10H2,2-3H3",FELNAJVVBXSDQN-UHFFFAOYSA-N,C=C1C(=O)OC2C=C(COC(C)=O)CCC=C(C(=O)OC)CCC12
FT_19.648_451.21155,Prenylterphenyllin J,C27H30O6,L2.3,NA,Organic compounds,Benzenoids,Benzene and substituted derivatives,Terphenyls,P-terphenyls,146684996,Prenylterphenyllin J,450.2042387,C27H30O6,"InChI=1S/C27H30O6/c1-16(2)7-8-18-13-17(9-11-21(18)28)20-15-24(32-5)25(26(29)27(20)33-6)19-10-12-22(30-3)23(14-19)31-4/h7,9-15,28-29H,8H2,1-6H3",ZUXPOZULAOSKSG-UHFFFAOYSA-N,CC(=CCC1=C(C=CC(=C1)C2=CC(=C(C(=C2OC)O)C3=CC(=C(C=C3)OC)OC)OC)O)C
FT_19.657_311.16419,Estriol,C18 H24 O3,L2.1,NA,Organic compounds,Lipids and lipid-like molecules,Steroids and steroid derivatives,Estrane steroids,Estrogens and derivatives,5756,Estriol,288.1725446,C18H24O3,"InChI=1S/C18H24O3/c1-18-7-6-13-12-5-3-11(19)8-10(12)2-4-14(13)15(18)9-16(20)17(18)21/h3,5,8,13-17,19-21H,2,4,6-7,9H2,1H3/t13-,14-,15+,16-,17+,18+/m1/s1",PROQIPRRNZUXQM-ZXXIGWHRSA-N,CC12CCC3C(C1CC(C2O)O)CCC4=C3C=CC(=C4)O
FT_16.429_289.10700,NP-005519,C14 H18 O5,L2.1,NA,NA,NA,NA,NA,NA,NA,NA,NA,NA,NA,NA,NA
FT_16.487_249.11212,NP-021018,C12 H18 O4,L2.1,NA,Organic compounds,Lipids and lipid-like molecules,Fatty Acyls,Fatty acids and conjugates,Medium-chain fatty acids,"	125416500","3-[(1E,3E)-hepta-1,3-dienyl]pentanedioic acid",NA,"	
C12H18O4","InChI=1S/C12H18O4/c1-2-3-4-5-6-7-10(8-11(13)14)9-12(15)16/h4-7,10H,2-3,8-9H2,1H3,(H,13,14)(H,15,16)/b5-4+,7-6+",SCFJYQRJWMNDSZ-YTXTXJHMSA-N,CCC/C=C/C=C/C(CC(=O)O)CC(=O)O
FT_19.821_277.21615,Palmitoleic Acid,C16 H30 O2,L2.1,NA,Organic compounds,Lipids and lipid-like molecules,Fatty Acyls,Fatty acids and conjugates,Long-chain fatty acids,445638,Palmitoleic Acid,254.2245802,C16H30O2,"InChI=1S/C16H30O2/c1-2-3-4-5-6-7-8-9-10-11-12-13-14-15-16(17)18/h7-8H,2-6,9-15H2,1H3,(H,17,18)/b8-7-",SECPZKHBENQXJG-FPLPWBNLSA-N,CCCCCCC=CCCCCCCCC(=O)O
FT_16.545_467.20649,"(7R,8R)-8-(3,4-dimethoxyphenyl)-5,7-dihydroxy-2,2-dimethyl-10-(3-methylbut-2-enyl)-7,8-dihydropyrano[3,2-g]chromen-6-one",C27 H30 O7,L2.3,na,Organic compounds,Phenylpropanoids and polyketides,Flavonoids,Flavans,8-prenylated flavans,"	44179865","(7R,8R)-8-(3,4-dimethoxyphenyl)-5,7-dihydroxy-2,2-dimethyl-10-(3-methylbut-2-enyl)-7,8-dihydropyrano[3,2-g]chromen-6-one",NA,C27H30O7,"InChI=1S/C27H30O7/c1-14(2)7-9-17-25-16(11-12-27(3,4)34-25)21(28)20-22(29)23(30)24(33-26(17)20)15-8-10-18(31-5)19(13-15)32-6/h7-8,10-13,23-24,28,30H,9H2,1-6H3/t23-,24+/m0/s1",WCTRYHAQIBWVEQ-BJKOFHAPSA-N,CC(=CCC1=C2C(=C(C3=C1O[C@@H]([C@H](C3=O)O)C4=CC(=C(C=C4)OC)OC)O)C=CC(O2)(C)C)C
FT_16.546_507.19918,"2-Methoxy-N-(5-{5-[(2S)-1-(3,4,5-trimethoxybenzyl)-2-pyrrolidinyl]-1,2,4-oxadiazol-3-yl}-4-pyrimidinyl)acetamide",C23 H28 N6 O6,L2.1,NA,Organic compounds,Benzenoids,Benzene and substituted derivatives,Phenylmethylamines,Phenylmethylamines,45783618,"2-methoxy-N-[5-[5-[(2S)-1-[(3,4,5-trimethoxyphenyl)methyl]pyrrolidin-2-yl]-1,2,4-oxadiazol-3-yl]pyrimidin-4-yl]acetamide",NA,"	
C23H28N6O6","InChI=1S/C23H28N6O6/c1-31-12-19(30)26-21-15(10-24-13-25-21)22-27-23(35-28-22)16-6-5-7-29(16)11-14-8-17(32-2)20(34-4)18(9-14)33-3/h8-10,13,16H,5-7,11-12H2,1-4H3,(H,24,25,26,30)/t16-/m0/s1",MQAXTFAVUDSERN-INIZCTEOSA-N,COCC(=O)NC1=NC=NC=C1C2=NOC(=N2)[C@@H]3CCCN3CC4=CC(=C(C(=C4)OC)OC)OC
FT_2.023_144.10191,Crotonic acid betaine,C7H13NO2,L2.2,NA,Organic compounds,Lipids and lipid-like molecules,Fatty Acyls,Fatty acids and conjugates,Straight chain fatty acids,5462194,(E)-4-(trimethylammonio)but-2-enoate,143.0946287,C7H13NO2,"InChI=1S/C7H13NO2/c1-8(2,3)6-4-5-7(9)10/h4-5H,6H2,1-3H3/b5-4+",GUYHPGUANSLONG-SNAWJCMRSA-N,C[N+](C)(C)CC=CC(=O)[O-]
FT_2.050_247.12881,Glutamylvaline,C10H18N2O5,L2.2,NA,Organic compounds,Organic acids and derivatives,Carboxylic acids and derivatives,"Amino acids, peptides, and analogues",Peptides,433630,Glutamylvaline,246.1215717,C10H18N2O5,"InChI=1S/C10H18N2O5/c1-5(2)8(10(16)17)12-9(15)6(11)3-4-7(13)14/h5-6,8H,3-4,11H2,1-2H3,(H,12,15)(H,13,14)(H,16,17)",SITLTJHOQZFJGG-UHFFFAOYSA-N,CC(C)C(C(=O)O)NC(=O)C(CCC(=O)O)N
FT_2.163_260.16048,Isoleucylglutamine,C11H21N3O4,L2.2,NA,Organic compounds,Organic acids and derivatives,Carboxylic acids and derivatives,"Amino acids, peptides, and analogues",Peptides,22935676,Isoleucylglutamine,259.1532062,C11H21N3O4,"InChI=1S/C11H21N3O4/c1-3-6(2)9(13)10(16)14-7(11(17)18)4-5-8(12)15/h6-7,9H,3-5,13H2,1-2H3,(H2,12,15)(H,14,16)(H,17,18)",CNPNWGHRMBQHBZ-UHFFFAOYSA-N,CCC(C)C(C(=O)NC(CCC(=O)N)C(=O)O)N
FT_2.375_162.07610,4-Methyl-L-glutamate,C6H11NO4,L2.2,NA,Organic compounds,Organic acids and derivatives,Carboxylic acids and derivatives,"Amino acids, peptides, and analogues",Amino acids and derivatives,440959,4-Methyl-L-glutamate,161.0688078,C6H11NO4,"InChI=1S/C6H11NO4/c1-3(5(8)9)2-4(7)6(10)11/h3-4H,2,7H2,1H3,(H,8,9)(H,10,11)/t3?,4-/m0/s1",KRKRAOXTGDJWNI-BKLSDQPFSA-N,CC(CC(C(=O)O)N)C(=O)O
FT_2.382_126.05492,5-Hydroxy-2-methoxypyridine,C6H7NO2,L2.3,NA,Organic compounds,Organic oxygen compounds,Organooxygen compounds,Ethers,Alkyl aryl ethers,11622335,5-Hydroxy-2-methoxypyridine,125.0476785,C6H7NO2,"InChI=1S/C6H7NO2/c1-9-6-3-2-5(8)4-7-6/h2-4,8H,1H3",LKBKDKVMHWPZDB-UHFFFAOYSA-N,COC1=NC=C(C=C1)O
FT_2.389_184.05804,"7-methylpyrimido[4,5-d]pyrimidin-4-amine",C7 H7 N5,L2.1,NA,Organic compounds,Organoheterocyclic compounds,Diazines,Pyrimidines and pyrimidine derivatives,Aminopyrimidines and derivatives,2740612,"2-Methylpyrimido[4,5-d]pyrimidin-5-amine",161.0701452,C7H7N5,"InChI=1S/C7H7N5/c1-4-9-2-5-6(8)10-3-11-7(5)12-4/h2-3H,1H3,(H2,8,9,10,11,12)",RHUWDRAGKXQQDV-UHFFFAOYSA-N,CC1=NC=C2C(=NC=NC2=N1)N
FT_2.484_112.05050,Cytosine,C4 H5 N3 O,L2.1,NA,Organic compounds,Organoheterocyclic compounds,Diazines,Pyrimidines and pyrimidine derivatives,Pyrimidones,597,Cytosine,111.0432618,C4H5N3O,"InChI=1S/C4H5N3O/c5-3-1-2-6-4(8)7-3/h1-2H,(H3,5,6,7,8)",OPTASPLRGRRNAP-UHFFFAOYSA-N,C1=C(NC(=O)N=C1)N
FT_2.642_112.05049,Cytosine,C4 H5 N3 O,L2.1,NA,Organic compounds,Organoheterocyclic compounds,Diazines,Pyrimidines and pyrimidine derivatives,Pyrimidones,597,Cytosine,111.0432618,C4H5N3O,"InChI=1S/C4H5N3O/c5-3-1-2-6-4(8)7-3/h1-2H,(H3,5,6,7,8)",OPTASPLRGRRNAP-UHFFFAOYSA-N,C1=C(NC(=O)N=C1)N
FT_2.753_144.10191,2-Piperidin-2-ylacetate,C7H12NO2,L2.3,NA,Organic compounds,Organoheterocyclic compounds,Piperidines,NA,NA,20489612,2-Piperidin-2-ylacetate,142.0868036,C7H12NO2-,"InChI=1S/C7H13NO2/c9-7(10)5-6-3-1-2-4-8-6/h6,8H,1-5H2,(H,9,10)/p-1",PRNLNZMJMCUWNV-UHFFFAOYSA-M,C1CCNC(C1)CC(=O)[O-]
FT_2.880_158.15396,"2,2,6,6-Tetramethyl-4-piperidinol",C9 H19 N O,L2.1,NA,Organic compounds,Organoheterocyclic compounds,Piperidines,NA,NA,75471,"2,2,6,6-Tetramethyl-4-piperidinol",157.1466642,C9H19NO,"InChI=1S/C9H19NO/c1-8(2)5-7(11)6-9(3,4)10-8/h7,10-11H,5-6H2,1-4H3",VDVUCLWJZJHFAV-UHFFFAOYSA-N,CC1(CC(CC(N1)(C)C)O)C
FT_2.882_184.05804,"7-methylpyrimido[4,5-d]pyrimidin-4-amine",C7 H7 N5,L2.1,NA,Organic compounds,Organoheterocyclic compounds,Diazines,Pyrimidines and pyrimidine derivatives,Aminopyrimidines and derivatives,2740612,"2-Methylpyrimido[4,5-d]pyrimidin-5-amine",161.0701452,C7H7N5,"InChI=1S/C7H7N5/c1-4-9-2-5-6(8)10-3-11-7(5)12-4/h2-3H,1H3,(H2,8,9,10,11,12)",RHUWDRAGKXQQDV-UHFFFAOYSA-N,CC1=NC=C2C(=NC=NC2=N1)N
FT_20.077_451.21163,"(2S)-6-(Gamma,Gamma-Dimethylallyl)-5-Hydroxy-3',4'-Dimethoxy-6'',6''-Dimethylpyran(2'',3'':7,8)Flavanone",C27H30O6,L2.3,NA,Organic compounds,Phenylpropanoids and polyketides,Flavonoids,Flavans,6-prenylated flavans,44559036,"(2S)-6-(Gamma,Gamma-Dimethylallyl)-5-Hydroxy-3',4'-Dimethoxy-6'',6''-Dimethylpyran(2'',3'':7,8)Flavanone",450.2042387,C27H30O6,"InChI=1S/C27H30O6/c1-15(2)7-9-17-24(29)23-19(28)14-21(16-8-10-20(30-5)22(13-16)31-6)32-26(23)18-11-12-27(3,4)33-25(17)18/h7-8,10-13,21,29H,9,14H2,1-6H3/t21-/m0/s1",FUBFEZXQVKEAMQ-NRFANRHFSA-N,CC(=CCC1=C(C2=C(C3=C1OC(C=C3)(C)C)OC(CC2=O)C4=CC(=C(C=C4)OC)OC)O)C
FT_20.113_473.19368,5-Formimidoyltetrahydrofolic acid,C20H24N8O6,L2.3,NA,Organic compounds,Organoheterocyclic compounds,Pteridines and derivatives,Pterins and derivatives,Tetrahydropteroic acids and derivatives,135398659,5-Formimidoyltetrahydrofolic acid,472.1818805,C20H24N8O6,"InChI=1S/C20H24N8O6/c21-9-28-12(8-24-16-15(28)18(32)27-20(22)26-16)7-23-11-3-1-10(2-4-11)17(31)25-13(19(33)34)5-6-14(29)30/h1-4,9,12-13,21,23H,5-8H2,(H,25,31)(H,29,30)(H,33,34)(H4,22,24,26,27,32)/t12-,13-/m0/s1",YCWUVLPMLLBDCU-STQMWFEESA-N,C1C(N(C2=C(N1)N=C(NC2=O)N)C=N)CNC3=CC=C(C=C3)C(=O)NC(CCC(=O)O)C(=O)O
FT_20.125_207.06518,Scoparone,C11 H10 O4,L2.1,NA,Organic compounds,Phenylpropanoids and polyketides,Coumarins and derivatives,NA,NA,8417,Scoparone,206.0579088,C11H10O4,"InChI=1S/C11H10O4/c1-13-9-5-7-3-4-11(12)15-8(7)6-10(9)14-2/h3-6H,1-2H3",GUAFOGOEJLSQBT-UHFFFAOYSA-N,COC1=C(C=C2C(=C1)C=CC(=O)O2)OC
FT_16.567_353.15961,"3-(7-hydroxy-4-methoxycarbonyl-9-methyl-11-oxo-10-oxatricyclo[6.3.2.0^{1,7}]tridec-3-en-9-yl)propanoic acid",C18 H24 O7,L2.2,na,Organic compounds,Lipids and lipid-like molecules,Prenol lipids,Terpene lactones,Terpene lactones,NA,NA,NA,NA,"InChI=1S/C18H24O7/c1-16(7-6-13(19)20)12-5-9-17(15(22)25-16)8-3-11(14(21)24-2)4-10-18(12,17)23/h3,12,23H,4-10H2,1-2H3,(H,19,20)",VJRAEHCZSUFUEE-UHFFFAOYSA-N,COC(=O)C1=CCC23CCC(C(C)(CCC(=O)O)OC2=O)C3(O)CC1
FT_20.300_359.21947,"17beta-Hydroxyandrost-4-ene-3,11-dione propionate",C22H30O4,L2.3,NA,Organic compounds,Lipids and lipid-like molecules,Steroids and steroid derivatives,Steroid esters,NA,239804,"17beta-Hydroxyandrost-4-ene-3,11-dione propionate",358.2144094,C22H30O4,"InChI=1S/C22H30O4/c1-4-19(25)26-18-8-7-16-15-6-5-13-11-14(23)9-10-21(13,2)20(15)17(24)12-22(16,18)3/h11,15-16,18,20H,4-10,12H2,1-3H3/t15-,16-,18-,20+,21-,22-/m0/s1",HHOPZZNLTLSBAF-LBYDKSIMSA-N,CCC(=O)OC1CCC2C1(CC(=O)C3C2CCC4=CC(=O)CCC34C)C
FT_20.668_311.16425,Estriol,C18 H24 O3,L2.1,NA,Organic compounds,Lipids and lipid-like molecules,Steroids and steroid derivatives,Estrane steroids,Estrogens and derivatives,5756,Estriol,288.1725446,C18H24O3,"InChI=1S/C18H24O3/c1-18-7-6-13-12-5-3-11(19)8-10(12)2-4-14(13)15(18)9-16(20)17(18)21/h3,5,8,13-17,19-21H,2,4,6-7,9H2,1H3/t13-,14-,15+,16-,17+,18+/m1/s1",PROQIPRRNZUXQM-ZXXIGWHRSA-N,CC12CCC3C(C1CC(C2O)O)CCC4=C3C=CC(=C4)O
FT_3.589_132.10187,Isoleucine,C6 H13 N O2,L2.1,NA,Organic compounds,Organic acids and derivatives,Carboxylic acids and derivatives,"Amino acids, peptides, and analogues",Amino acids and derivatives,6306,l-Isoleucine,131.0946287,C6H13NO2,"InChI=1S/C6H13NO2/c1-3-4(2)5(7)6(8)9/h4-5H,3,7H2,1-2H3,(H,8,9)/t4-,5-/m0/s1",AGPKZVBTJJNPAG-WHFBIAKZSA-N,CCC(C)C(C(=O)O)N
FT_4.181_267.05877,6-(3-hydroxybutan-2-yl)-5-(hydroxymethyl)-4-methoxy-2H-pyran-2-one,C11 H16 O5,L2.3,NA,Organic compounds,Organoheterocyclic compounds,Pyrans,Pyranones and derivatives,NA,190904,Chlamydospordiol,228.0997736,C11H16O5,"InChI=1S/C11H16O5/c1-6(7(2)13)11-8(5-12)9(15-3)4-10(14)16-11/h4,6-7,12-13H,5H2,1-3H3",BSXCHPRMOOSCRM-UHFFFAOYSA-N,CC(C1=C(C(=CC(=O)O1)OC)CO)C(C)O
FT_4.186_113.03450,Uracil,C4 H4 N2 O2,L2.1,NA,Organic compounds,Organoheterocyclic compounds,Diazines,Pyrimidines and pyrimidine derivatives,Pyrimidones,1174,Uracil,112.0272774,C4H4N2O2,"InChI=1S/C4H4N2O2/c7-3-1-2-5-4(8)6-3/h1-2H,(H2,5,6,7,8)",ISAKRJDGNUQOIC-UHFFFAOYSA-N,C1=CNC(=O)NC1=O
FT_5.754_113.03450,Uracil,C4 H4 N2 O2,L2.1,NA,Organic compounds,Organoheterocyclic compounds,Diazines,Pyrimidines and pyrimidine derivatives,Pyrimidones,1174,Uracil,112.0272774,C4H4N2O2,"InChI=1S/C4H4N2O2/c7-3-1-2-5-4(8)6-3/h1-2H,(H2,5,6,7,8)",ISAKRJDGNUQOIC-UHFFFAOYSA-N,C1=CNC(=O)NC1=O
FT_16.668_291.12280,"2-(5-acetyl-6-methoxy-2,3-dihydrobenzofuran-2-yl)allyl acetate",C16 H18 O5,L2.3,na,Organic compounds,Benzenoids,Benzene and substituted derivatives,Acetophenones,Acetophenones,NA,NA,NA,NA,"InChI=1S/C16H18O5/c1-9(8-20-11(3)18)14-6-12-5-13(10(2)17)16(19-4)7-15(12)21-14/h5,7,14H,1,6,8H2,2-4H3",HWPUFUFZGRKYLJ-UHFFFAOYSA-N,C=C(COC(C)=O)C1CC2=CC(C(C)=O)=C(OC)C=C2O1
FT_6.231_137.04577,Hypoxanthine,C5 H4 N4 O,L2.1,NA,Organic compounds,Organoheterocyclic compounds,Imidazopyrimidines,Purines and purine derivatives,Purinones,135398638,Hypoxanthine,136.0385108,C5H4N4O,"InChI=1S/C5H4N4O/c10-5-3-4(7-1-6-3)8-2-9-5/h1-2H,(H2,6,7,8,9,10)",FDGQSTZJBFJUBT-UHFFFAOYSA-N,C1=NC2=C(N1)C(=O)NC=N2
FT_6.554_152.05670,Guanine,C5 H5 N5 O,L2.1,NA,Organic compounds,Organoheterocyclic compounds,Imidazopyrimidines,Purines and purine derivatives,NA,135398634,Guanine,151.0494098,C5H5N5O,"InChI=1S/C5H5N5O/c6-5-9-3-2(4(11)10-5)7-1-8-3/h1H,(H4,6,7,8,9,10,11)",UYTPUPDQBNUYGX-UHFFFAOYSA-N,C1=NC2=C(N1)C(=O)NC(=N2)N
FT_6.596_137.04577,Hypoxanthine,C5 H4 N4 O,L2.1,NA,Organic compounds,Organoheterocyclic compounds,Imidazopyrimidines,Purines and purine derivatives,Purinones,135398638,Hypoxanthine,136.0385108,C5H4N4O,"InChI=1S/C5H4N4O/c10-5-3-4(7-1-6-3)8-2-9-5/h1-2H,(H2,6,7,8,9,10)",FDGQSTZJBFJUBT-UHFFFAOYSA-N,C1=NC2=C(N1)C(=O)NC=N2
FT_6.761_200.05429,"(2S,4S)-4-amino-2-hydroxy-2-methylpentanedioic acid",C6H11NO5,L2.3,NA,Organic compounds,Organic acids and derivatives,Carboxylic acids and derivatives,"Amino acids, peptides, and analogues",Amino acids and derivatives,440894,"(2S,4S)-4-amino-2-hydroxy-2-methylpentanedioic acid",177.0637225,C6H11NO5,"InChI=1S/C6H11NO5/c1-6(12,5(10)11)2-3(7)4(8)9/h3,12H,2,7H2,1H3,(H,8,9)(H,10,11)/t3-,6-/m0/s1",ONTAOGAXMOTXQW-DZSWIPIPSA-N,CC(CC(C(=O)O)N)(C(=O)O)O
FT_16.680_277.10707,"7-[(3,3-dimethyloxiran-2-yl)methoxy]-6-methoxy-2H-chromen-2-one",C15 H16 O5,L2.1,NA,Organic compounds,Phenylpropanoids and polyketides,Coumarins and derivatives,0,Coumarins and derivatives,"	11277378","2H-1-Benzopyran-2-one, 7-[(3,3-dimethyloxiranyl)methoxy]-6-methoxy-",NA,NA,"InChI=1S/C15H16O5/c1-15(2)13(20-15)8-18-12-7-10-9(6-11(12)17-3)4-5-14(16)19-10/h4-7,13H,8H2,1-3H3",FMXSCHCLGOEVNM-UHFFFAOYSA-N,CC1(C(O1)COC2=C(C=C3C=CC(=O)OC3=C2)OC)C
FT_16.723_281.10198,"(Z)-3-[4,5-dihydroxy-2-(2-hydroxypropan-2-yl)-2,3-dihydro-1-benzofuran-7-yl]prop-2-enoic acid",C14 H16 O6,L2.3,na,Organic compounds,Phenylpropanoids and polyketides,Cinnamic acids and derivatives,Hydroxycinnamic acids and derivatives,Coumaric acids and derivatives,"	131751501",Gravolenic acid,NA,C14H16O6,"InChI=1S/C14H16O6/c1-14(2,19)10-6-8-12(18)9(15)5-7(13(8)20-10)3-4-11(16)17/h3-5,10,15,18-19H,6H2,1-2H3,(H,16,17)/b4-3-",DABSIZUNYJTFDJ-ARJAWSKDSA-N,CC(C)(C1CC2=C(O1)C(=CC(=C2O)O)/C=C\C(=O)O)O
FT_7.182_185.07835,5-amino-1-phenyl-1H-pyrazole-4-carbonitrile,C10 H8 N4,L2.1,NA,Organic compounds,Organoheterocyclic compounds,Azoles,Pyrazoles,Phenylpyrazoles,79256,5-Amino-1-phenyl-1H-pyrazole-4-carbonitrile,184.0748963,C10H8N4,"InChI=1S/C10H8N4/c11-6-8-7-13-14(10(8)12)9-4-2-1-3-5-9/h1-5,7H,12H2",MAKQREKUUHPPIS-UHFFFAOYSA-N,C1=CC=C(C=C1)N2C(=C(C=N2)C#N)N
FT_16.726_319.22682,NP-014287,C18 H32 O3,L2.1,NA,Organic compounds,Lipids and lipid-like molecules,Fatty Acyls,Lineolic acids and derivatives,Lineolic acids and derivatives,"	45359531","(9E,11Z)-8-hydroxyoctadeca-9,11-dienoic acid",NA,"	
C18H32O3","InChI=1S/C18H32O3/c1-2-3-4-5-6-7-8-11-14-17(19)15-12-9-10-13-16-18(20)21/h7-8,11,14,17,19H,2-6,9-10,12-13,15-16H2,1H3,(H,20,21)/b8-7-,14-11+",NTYHQKJCCYNCMG-LMEHAKNHSA-N,CCCCCC/C=C\C=C\C(CCCCCCC(=O)O)O
FT_7.326_171.06273,Penicillic acid,C8 H10 O4,L2.1,NA,Organic compounds,Organic acids and derivatives,Keto acids and derivatives,Medium-chain keto acids and derivatives,NA,1268111,Penicillic acid,170.0579088,C8H10O4,"InChI=1S/C8H10O4/c1-5(2)8(11)6(12-3)4-7(9)10/h4H,1H2,2-3H3,(H,9,10)/b6-4-",VOUGEZYPVGAPBB-XQRVVYSFSA-N,CC(=C)C(=O)C(=CC(=O)O)OC
FT_7.344_127.05016,Thymine,C5 H6 N2 O2,L2.1,NA,Organic compounds,Organoheterocyclic compounds,Diazines,Pyrimidines and pyrimidine derivatives,Hydroxypyrimidines,1135,Thymine,126.0429274,C5H6N2O2,"InChI=1S/C5H6N2O2/c1-3-2-6-5(9)7-4(3)8/h2H,1H3,(H2,6,7,8,9)",RWQNBRDOKXIBIV-UHFFFAOYSA-N,CC1=CNC(=O)NC1=O
FT_7.344_265.07950,alpha-Lapachone,C15 H14 O3,L2.1,NA,Organic compounds,Organoheterocyclic compounds,Naphthopyrans,Naphthopyranones,NA,72732,alpha-Lapachone,242.0942943,C15H14O3,"InChI=1S/C15H14O3/c1-15(2)8-7-11-12(16)9-5-3-4-6-10(9)13(17)14(11)18-15/h3-6H,7-8H2,1-2H3",PJWHOPKRRBUSDH-UHFFFAOYSA-N,CC1(CCC2=C(O1)C(=O)C3=CC=CC=C3C2=O)C
FT_7.567_223.09407,3-[(2-amino-9H-purin-6-yl)amino]propanoic acid,C8H10N6O2,L2.3,NA,Organic compounds,Organic acids and derivatives,Carboxylic acids and derivatives,"Amino acids, peptides, and analogues",Amino acids and derivatives,71825998,3-[(2-amino-9H-purin-6-yl)amino]propanoic acid,222.0865236,C8H10N6O2,"InChI=1S/C8H10N6O2/c9-8-13-6(10-2-1-4(15)16)5-7(14-8)12-3-11-5/h3H,1-2H2,(H,15,16)(H4,9,10,11,12,13,14)",SMNUIRULLQNCJA-UHFFFAOYSA-N,C1=NC2=C(N1)C(=NC(=N2)N)NCCC(=O)O
FT_16.740_339.12045,"(E)-1-(5,7-dihydroxy-2,2-dimethylchromen-6-yl)-3-(4-hydroxyphenyl)prop-2-en-1-one",C20H18O5,L2.2,na,Organic compounds,Phenylpropanoids and polyketides,"Linear 1,3-diarylpropanoids",Chalcones and dihydrochalcones,2'-Hydroxychalcones,56935752,"(E)-1-(5,7-dihydroxy-2,2-dimethylchromen-6-yl)-3-(4-hydroxyphenyl)prop-2-en-1-one",NA,"	
C20H18O5","InChI=1S/C20H18O5/c1-20(2)10-9-14-17(25-20)11-16(23)18(19(14)24)15(22)8-5-12-3-6-13(21)7-4-12/h3-11,21,23-24H,1-2H3/b8-5+",WJBIFNAIUAAYGJ-VMPITWQZSA-N,CC1(C=CC2=C(O1)C=C(C(=C2O)C(=O)/C=C/C3=CC=C(C=C3)O)O)C
FT_7.703_266.12479,N6-Me-dA,C11 H15 N5 O3,L2.1,NA,Organic compounds,"Nucleosides, nucleotides, and analogues",Purine nucleosides,Purine 2'-deoxyribonucleosides,NA,248869,N-6-methyl-2-deoxyadenosine,265.1174894,C11H15N5O3,"InChI=1S/C11H15N5O3/c1-12-10-9-11(14-4-13-10)16(5-15-9)8-2-6(18)7(3-17)19-8/h4-8,17-18H,2-3H2,1H3,(H,12,13,14)",DYSDOYRQWBDGQQ-UHFFFAOYSA-N,CNC1=C2C(=NC=N1)N(C=N2)C3CC(C(O3)CO)O
FT_7.836_223.09406,N-(2-amino-9H-purin-6-yl)alanine,C8H10N6O2,L2.3,NA,Organic compounds,Organic acids and derivatives,Carboxylic acids and derivatives,"Amino acids, peptides, and analogues",Amino acids and derivatives,73254404,N-(2-amino-9H-purin-6-yl)alanine,222.0865236,C8H10N6O2,"InChI=1S/C8H10N6O2/c1-3(7(15)16)12-6-4-5(11-2-10-4)13-8(9)14-6/h2-3H,1H3,(H,15,16)(H4,9,10,11,12,13,14)",CVSYCAUTVOPVEA-UHFFFAOYSA-N,CC(C(=O)O)NC1=NC(=NC2=C1NC=N2)N
FT_16.781_259.09647,"N1,N1-dimethyl-4-[3-(methylthio)-4,5-dihydro-1H-1,2,4-triazol-5-yl]aniline",C11 H16 N4 S,L2.1,NA,NA,NA,NA,NA,NA,NA,NA,NA,NA,NA,NA,NA
FT_8.244_181.04702,4-(Methoxycarbonyl)benzoic acid,C9H8O4,L2.2,NA,Organic compounds,Benzenoids,Benzene and substituted derivatives,Benzoic acids and derivatives,Phthalic acid and derivatives,15513,4-(Methoxycarbonyl)benzoic acid,180.0422587,C9H8O4,"InChI=1S/C9H8O4/c1-13-9(12)7-4-2-6(3-5-7)8(10)11/h2-5H,1H3,(H,10,11)",REIDAMBAPLIATC-UHFFFAOYSA-N,COC(=O)C1=CC=C(C=C1)C(=O)O
FT_8.308_223.05768,"(3R,4S)-4,6,8-Trihydroxy-7-methoxy-3-methyl-3,4-dihydro-1H-isochromen-1-one",C11 H12 O6,L2.3,NA,Organic compounds,Benzenoids,Benzene and substituted derivatives,Benzoic acids and derivatives,Hydroxybenzoic acid derivatives,25774975,Lignicol,240.0633881,C11H12O6,"InChI=1S/C11H12O6/c1-4-8(13)5-3-6(12)10(16-2)9(14)7(5)11(15)17-4/h3-4,8,12-14H,1-2H3/t4-,8-/m1/s1",ZLLQQKITWRWKTD-SPGJFGJESA-N,CC1C(C2=CC(=C(C(=C2C(=O)O1)O)OC)O)O
FT_8.313_238.14375,Viloxazine,C13 H19 N O3,L2.1,NA,Organic compounds,Benzenoids,Phenol ethers,NA,NA,5666,Viloxazine,237.1364935,C13H19NO3,"InChI=1S/C13H19NO3/c1-2-15-12-5-3-4-6-13(12)17-10-11-9-14-7-8-16-11/h3-6,11,14H,2,7-10H2,1H3",YWPHCCPCQOJSGZ-UHFFFAOYSA-N,CCOC1=CC=CC=C1OCC2CNCCO2
FT_8.445_223.05767,Lignicol,C11H12O6,L2.3,NA,Organic compounds,Benzenoids,Benzene and substituted derivatives,Benzoic acids and derivatives,Hydroxybenzoic acid derivatives,25774975,Lignicol,240.0633881,C11H12O6,"InChI=1S/C11H12O6/c1-4-8(13)5-3-6(12)10(16-2)9(14)7(5)11(15)17-4/h3-4,8,12-14H,1-2H3/t4-,8-/m1/s1",ZLLQQKITWRWKTD-SPGJFGJESA-N,CC1C(C2=CC(=C(C(=C2C(=O)O1)O)OC)O)O
FT_16.925_467.20647,"(7R,8R)-8-(3,4-dimethoxyphenyl)-5,7-dihydroxy-2,2-dimethyl-10-(3-methylbut-2-enyl)-7,8-dihydropyrano[3,2-g]chromen-6-one",C27 H30 O7,L2.3,na,Organic compounds,Phenylpropanoids and polyketides,Flavonoids,Flavans,8-prenylated flavans,"	44179865","(7R,8R)-8-(3,4-dimethoxyphenyl)-5,7-dihydroxy-2,2-dimethyl-10-(3-methylbut-2-enyl)-7,8-dihydropyrano[3,2-g]chromen-6-one",NA,C27H30O7,"InChI=1S/C27H30O7/c1-14(2)7-9-17-25-16(11-12-27(3,4)34-25)21(28)20-22(29)23(30)24(33-26(17)20)15-8-10-18(31-5)19(13-15)32-6/h7-8,10-13,23-24,28,30H,9H2,1-6H3/t23-,24+/m0/s1",WCTRYHAQIBWVEQ-BJKOFHAPSA-N,CC(=CCC1=C2C(=C(C3=C1O[C@@H]([C@H](C3=O)O)C4=CC(=C(C=C4)OC)OC)O)C=CC(O2)(C)C)C
FT_8.485_279.08397,"1,2-Diglycidyl phthalate",C14H14O6,L2.2,NA,Organic compounds,Benzenoids,Benzene and substituted derivatives,Benzoic acids and derivatives,Benzoic acid esters,62629,"1,2-Diglycidyl phthalate",278.0790382,C14H14O6,"InChI=1S/C14H14O6/c15-13(19-7-9-5-17-9)11-3-1-2-4-12(11)14(16)20-8-10-6-18-10/h1-4,9-10H,5-8H2",JRPRCOLKIYRSNH-UHFFFAOYSA-N,C1C(O1)COC(=O)C2=CC=CC=C2C(=O)OCC3CO3
FT_8.550_224.16450,Toliprolol,C13 H21 N O2,L2.1,NA,Organic compounds,Benzenoids,Phenol ethers,NA,NA,18047,Toliprolol,223.1572289,C13H21NO2,"InChI=1S/C13H21NO2/c1-10(2)14-8-12(15)9-16-13-6-4-5-11(3)7-13/h4-7,10,12,14-15H,8-9H2,1-3H3",NXQMNKUGGYNLBY-UHFFFAOYSA-N,CC1=CC(=CC=C1)OCC(CNC(C)C)O
FT_8.743_316.17555,(5-methyl-3-isoxazolyl)[4-(5-propyl-2-pyrimidinyl)piperazino]methanone,C16 H21 N5 O2,L2.1,NA,Organic compounds,Organoheterocyclic compounds,Diazinanes,Piperazines,N-arylpiperazines,2812702,"(5-Methyl-1,2-oxazol-3-yl)-[4-(5-propylpyrimidin-2-yl)piperazin-1-yl]methanone",315.1695249,C16H21N5O2,"InChI=1S/C16H21N5O2/c1-3-4-13-10-17-16(18-11-13)21-7-5-20(6-8-21)15(22)14-9-12(2)23-19-14/h9-11H,3-8H2,1-2H3",NSZVFAGWJYIOAD-UHFFFAOYSA-N,CCCC1=CN=C(N=C1)N2CCN(CC2)C(=O)C3=NOC(=C3)C
FT_8.923_220.13320,Ritalinic acid,C13 H17 N O2,L2.1,NA,Organic compounds,Organic nitrogen compounds,Organonitrogen compounds,Amines,Aralkylamines,86863,Ritalinic acid,219.1259288,C13H17NO2,"InChI=1S/C13H17NO2/c15-13(16)12(10-6-2-1-3-7-10)11-8-4-5-9-14-11/h1-3,6-7,11-12,14H,4-5,8-9H2,(H,15,16)",INGSNVSERUZOAK-UHFFFAOYSA-N,C1CCNC(C1)C(C2=CC=CC=C2)C(=O)O
FT_9.043_195.06277,"(4R,5R)-4,5-dihydroxy-3-methoxy-5-methyl-cyclohex-2-en-1-one",C8H12O4,L2.3,NA,Organic compounds,Organic oxygen compounds,Organooxygen compounds,Carbonyl compounds,Ketones,5275344,"(4R,5R)-4,5-dihydroxy-3-methoxy-5-methylcyclohex-2-en-1-one",172.0735589,C8H12O4,"InChI=1S/C8H12O4/c1-8(11)4-5(9)3-6(12-2)7(8)10/h3,7,10-11H,4H2,1-2H3/t7-,8+/m0/s1",WJKXLOGUCSSDAB-JGVFFNPUSA-N,CC1(CC(=O)C=C(C1O)OC)O
FT_17.037_261.11213,"(9aR,9bS)-9a-Hydroxy-6,9-dimethyl-3-methylene-3,3a,4,5,9a,9b-hexahydroazuleno[4,5-b]furan-2,7-dione",C15 H16 O4,L2.1,NA,Organic compounds,Organoheterocyclic compounds,Lactones,Gamma butyrolactones,Gamma butyrolactones,"	23928034","(9aR,9bS)-9a-hydroxy-6,9-dimethyl-3-methylidene-3a,4,5,9b-tetrahydroazuleno[4,5-b]furan-2,7-dione",NA,"	
C15H16O4","InChI=1S/C15H16O4/c1-7-4-5-10-9(3)14(17)19-13(10)15(18)8(2)6-11(16)12(7)15/h6,10,13,18H,3-5H2,1-2H3/t10?,13-,15+/m0/s1",YHDASZCBNPALIL-HQPFYNDMSA-N,CC1=C2C(=O)C=C([C@@]2([C@@H]3C(CC1)C(=C)C(=O)O3)O)C
FT_9.676_167.10667,6-Pentyl-2H-pyran-2-one,C10 H14 O2,L2.1,NA,Organic compounds,Organoheterocyclic compounds,Pyrans,Pyranones and derivatives,NA,33960,6-Pentyl-2H-pyran-2-one,166.0993797,C10H14O2,"InChI=1S/C10H14O2/c1-2-3-4-6-9-7-5-8-10(11)12-9/h5,7-8H,2-4,6H2,1H3",MAUFTTLGOUBZNA-UHFFFAOYSA-N,CCCCCC1=CC=CC(=O)O1
FT_9.727_295.12883,Aspartame,C14 H18 N2 O5,L2.1,NA,Organic compounds,Organic acids and derivatives,Carboxylic acids and derivatives,"Amino acids, peptides, and analogues",Peptides,134601,Aspartame,294.1215717,C14H18N2O5,"InChI=1S/C14H18N2O5/c1-21-14(20)11(7-9-5-3-2-4-6-9)16-13(19)10(15)8-12(17)18/h2-6,10-11H,7-8,15H2,1H3,(H,16,19)(H,17,18)/t10-,11-/m0/s1",IAOZJIPTCAWIRG-QWRGUYRKSA-N,COC(=O)C(CC1=CC=CC=C1)NC(=O)C(CC(=O)O)N
FT_9.785_279.08392,"3-(5,7-Dimethoxy-4-oxochromen-2-yl)propanoic acid",C14H14O6,L2.1,NA,Organic compounds,Organoheterocyclic compounds,Benzopyrans,1-benzopyrans,Chromones,38361962,"3-(5,7-Dimethoxy-4-oxochromen-2-yl)propanoic acid",278.0790382,C14H14O6,"InChI=1S/C14H14O6/c1-18-9-6-11(19-2)14-10(15)5-8(3-4-13(16)17)20-12(14)7-9/h5-7H,3-4H2,1-2H3,(H,16,17)",AKJIPZYHXYQVJT-UHFFFAOYSA-N,COC1=CC2=C(C(=C1)OC)C(=O)C=C(O2)CCC(=O)O
FT_9.983_340.13913,5-Hydroxytryptophol glucuronide,C16H21NO7,L2.2,NA,Organic compounds,Organic oxygen compounds,Organooxygen compounds,Carbohydrates and carbohydrate conjugates,Glycosyl compounds,53481648,5-Hydroxytryptophol glucuronide,339.131802,C16H21NO7,"InChI=1S/C16H21NO7/c18-4-3-8-6-17-11-2-1-9(5-10(8)11)23-16-15(22)14(21)13(20)12(7-19)24-16/h1-2,5-6,12-22H,3-4,7H2/t12-,13-,14+,15-,16+/m1/s1",MYNVMBICAGQOMG-LJIZCISZSA-N,C1=CC2=C(C=C1OC3C(C(C(C(O3)CO)O)O)O)C(=CN2)CCO
FT_1.303_145.04952,Dimethyl maleate,C6H8O4,L2.3,NA,Organic compounds,Lipids and lipid-like molecules,Fatty Acyls,Fatty acid esters,NA,5271565,Dimethyl maleate,144.0422587,C6H8O4,"InChI=1S/C6H8O4/c1-9-5(7)3-4-6(8)10-2/h3-4H,1-2H3/b4-3-",LDCRTTXIJACKKU-ARJAWSKDSA-N,COC(=O)C=CC(=O)OC
FT_1.349_505.14323,alpha-D-ManAc-(1-P-6)-alpha-D-ManAc,C16H29N2O14P,L2.1,NA,Organic compounds,Organic oxygen compounds,Organooxygen compounds,Carbohydrates and carbohydrate conjugates,Aminosaccharides,52921661,alpha-D-ManAc-(1-P-6)-alpha-D-ManAc,504.1356406,C16H29N2O14P,"InChI=1S/C16H29N2O14P/c1-5(20)17-9-13(24)12(23)8(30-15(9)26)4-29-33(27,28)32-16-10(18-6(2)21)14(25)11(22)7(3-19)31-16/h7-16,19,22-26H,3-4H2,1-2H3,(H,17,20)(H,18,21)(H,27,28)/t7-,8-,9+,10+,11-,12-,13-,14-,15+,16-/m1/s1",BNAATENPQZWFRM-NLQGBTQESA-N,CC(=O)NC1C(C(C(OC1O)COP(=O)(O)OC2C(C(C(C(O2)CO)O)O)NC(=O)C)O)O
FT_10.754_121.10111,Cumene,C9H12,L2.2,NA,Organic compounds,Benzenoids,Benzene and substituted derivatives,Cumenes,NA,7406,Cumene,120.0939004,C9H12,"InChI=1S/C9H12/c1-8(2)9-6-4-3-5-7-9/h3-8H,1-2H3",RWGFKTVRMDUZSP-UHFFFAOYSA-N,CC(C)C1=CC=CC=C1
FT_10.898_121.10112,Cumene,C9H12,L2.2,NA,Organic compounds,Benzenoids,Benzene and substituted derivatives,Cumenes,NA,7406,Cumene,120.0939004,C9H12,"InChI=1S/C9H12/c1-8(2)9-6-4-3-5-7-9/h3-8H,1-2H3",RWGFKTVRMDUZSP-UHFFFAOYSA-N,CC(C)C1=CC=CC=C1
FT_10.900_107.08547,Ethylbenzene,C8H10,L2.1,NA,Organic compounds,Benzenoids,Benzene and substituted derivatives,NA,NA,7500,Ethylbenzene,106.0782503,C8H10,"InChI=1S/C8H10/c1-2-8-6-4-3-5-7-8/h3-7H,2H2,1H3",YNQLUTRBYVCPMQ-UHFFFAOYSA-N,CCC1=CC=CC=C1
FT_11.593_121.10112,Cumene,C9H12,L2.2,NA,Organic compounds,Benzenoids,Benzene and substituted derivatives,Cumenes,NA,7406,Cumene,120.0939004,C9H12,"InChI=1S/C9H12/c1-8(2)9-6-4-3-5-7-9/h3-8H,1-2H3",RWGFKTVRMDUZSP-UHFFFAOYSA-N,CC(C)C1=CC=CC=C1
FT_12.554_121.10112,Cumene,C9H12,L2.2,NA,Organic compounds,Benzenoids,Benzene and substituted derivatives,Cumenes,NA,7406,Cumene,120.0939004,C9H12,"InChI=1S/C9H12/c1-8(2)9-6-4-3-5-7-9/h3-8H,1-2H3",RWGFKTVRMDUZSP-UHFFFAOYSA-N,CC(C)C1=CC=CC=C1
FT_12.555_107.08547,o-Xylene,C8H10,L2.2,NA,Organic compounds,Benzenoids,Benzene and substituted derivatives,Xylenes,o-Xylenes,7237,O-Xylene,106.0782503,C8H10,"InChI=1S/C8H10/c1-7-5-3-4-6-8(7)2/h3-6H,1-2H3",CTQNGGLPUBDAKN-UHFFFAOYSA-N,CC1=CC=CC=C1C
FT_18.932_201.09101,1-Acetoxy-2-methylnaphthalene,C13H12O2,L2.2,NA,Organic compounds,Benzenoids,Naphthalenes,NA,NA,11805727,1-Acetoxy-2-methylnaphthalene,200.0837296,C13H12O2,"InChI=1S/C13H12O2/c1-9-7-8-11-5-3-4-6-12(11)13(9)15-10(2)14/h3-8H,1-2H3",WVOAPRDRMLHUMI-UHFFFAOYSA-N,CC1=C(C2=CC=CC=C2C=C1)OC(=O)C
FT_9.676_107.08547,2-xylene,C8H10,L2.1,NA,Organic compounds,Benzenoids,Benzene and substituted derivatives,Xylenes,o-Xylenes,7237,O-Xylene,106.0782503,C8H10,"InChI=1S/C8H10/c1-7-5-3-4-6-8(7)2/h3-6H,1-2H3",CTQNGGLPUBDAKN-UHFFFAOYSA-N,CC1=CC=CC=C1C
FT_1.022_122.08113,Tromethamine,C4 H11 N O3,L2.2,na,Organic compounds,Organic nitrogen compounds,Organonitrogen compounds,Amines,Alkanolamines,6503,Tromethamine,121.0738932,C4H11NO3,"InChI=1S/C4H11NO3/c5-4(1-6,2-7)3-8/h6-8H,1-3,5H2",LENZDBCJOHFCAS-UHFFFAOYSA-N,C(C(CO)(CO)N)O
FT_1.037_198.12377,3-(1H-imidazol-5-yl)-2-(trimethylazaniumyl)propanoate,C9 H15 N3 O2,L2.3,na,Organic compounds,Organic acids and derivatives,Carboxylic acids and derivatives,"Amino acids, peptides, and analogues",Amino acids and derivatives,3083620,3-(1H-imidazol-5-yl)-2-(trimethylazaniumyl)propanoate,197.1164267,C9H15N3O2,"InChI=1S/C9H15N3O2/c1-12(2,3)8(9(13)14)4-7-5-10-6-11-7/h5-6,8H,4H2,1-3H3,(H-,10,11,13,14)",GPPYTCRVKHULJH-UHFFFAOYSA-N,C[N+](C)(C)C(CC1=CN=CN1)C(=O)[O-]
FT_1.058_304.15048,Nicotianamine,C12 H21 N3 O6,L2.3,na,Organic compounds,Organic acids and derivatives,Carboxylic acids and derivatives,"Amino acids, peptides, and analogues",Amino acids and derivatives,9882882,Nicotianamine,303.1430354,C12H21N3O6,"InChI=1S/C12H21N3O6/c13-7(10(16)17)1-4-14-8(11(18)19)2-5-15-6-3-9(15)12(20)21/h7-9,14H,1-6,13H2,(H,16,17)(H,18,19)(H,20,21)/t7-,8-,9-/m0/s1",KRGPXXHMOXVMMM-CIUDSAMLSA-N,C1CN(C1C(=O)O)CCC(C(=O)O)NCCC(C(=O)O)N
FT_1.100_198.09738,1-Guanidino-2-(4-imidazole)propionic acid,C7 H11 N5 O2,L2.3,na,Organic compounds,Organic acids and derivatives,Carboxylic acids and derivatives,"Amino acids, peptides, and analogues",Amino acids and derivatives,195081,1-Guanidino-2-(4-imidazole)propionic acid,197.0912746,C7H11N5O2,"InChI=1S/C7H11N5O2/c8-7(9)12-5(6(13)14)1-4-2-10-3-11-4/h2-3,5H,1H2,(H,10,11)(H,13,14)(H4,8,9,12)/t5-/m0/s1",HZLZMXYBDRVYRP-YFKPBYRVSA-N,C1=C(NC=N1)CC(C(=O)O)N=C(N)N
FT_1.135_159.07646,4-Methylene-L-glutamine,C6 H10 N2 O3,L2.3,na,Organic compounds,Organic acids and derivatives,Carboxylic acids and derivatives,"Amino acids, peptides, and analogues",Amino acids and derivatives,439401,4-Methylene-L-glutamine,158.0691422,C6H10N2O3,"InChI=1S/C6H10N2O3/c1-3(5(8)9)2-4(7)6(10)11/h4H,1-2,7H2,(H2,8,9)(H,10,11)/t4-/m0/s1",CEVQXWMPODOBRM-BYPYZUCNSA-N,C=C(CC(C(=O)O)N)C(=O)N
FT_1.141_287.12717,"4-Hydroxy-3,5,4'-trimethoxystilbene",C17 H18 O4,L2.3,na,Organic compounds,Phenylpropanoids and polyketides,Stilbenes,NA,NA,44243661,"4-Hydroxy-3,5,4'-trimethoxystilbene",286.1205091,C17H18O4,"InChI=1S/C17H18O4/c1-19-14-8-6-12(7-9-14)4-5-13-10-15(20-2)17(18)16(11-13)21-3/h4-11,18H,1-3H3/b5-4+",KRJGXNAUJLJILU-SNAWJCMRSA-N,COC1=CC=C(C=C1)C=CC2=CC(=C(C(=C2)OC)O)OC
FT_1.147_168.06892,5-Aminopentane-1-sulfonate,C5 H13 N O3 S,L2.2,na,Organic compounds,Organic acids and derivatives,Organic sulfonic acids and derivatives,Organosulfonic acids and derivatives,Organosulfonic acids,20504859,5-Aminopentane-1-sulfonate,166.0537894,C5H12NO3S-,"InChI=1S/C5H13NO3S/c6-4-2-1-3-5-10(7,8)9/h1-6H2,(H,7,8,9)/p-1",NJVWBSNUDITJDJ-UHFFFAOYSA-M,C(CCN)CCS(=O)(=O)[O-]
FT_1.147_335.13059,2-(3-Quinoxalin-2-ylphenyl)quinoxaline,C22 H14 N4,L2.3,na,Organic compounds,Organoheterocyclic compounds,Diazanaphthalenes,Benzodiazines,Quinoxalines,2749157,2-(3-Quinoxalin-2-ylphenyl)quinoxaline,334.1218465,C22H14N4,InChI=1S/C22H14N4/c1-3-10-19-17(8-1)23-13-21(25-19)15-6-5-7-16(12-15)22-14-24-18-9-2-4-11-20(18)26-22/h1-14H,MJPGVVJKVCPMKP-UHFFFAOYSA-N,C1=CC=C2C(=C1)N=CC(=N2)C3=CC(=CC=C3)C4=NC5=CC=CC=C5N=C4
FT_1.174_398.12947,alpha-D-GlcNAc-(1->4)-D-GlcA,C14 H23 N O12,L2.3,na,Organic compounds,Organic oxygen compounds,Organooxygen compounds,Carbohydrates and carbohydrate conjugates,Aminosaccharides,70678711,alpha-D-GlcNAc-(1->4)-D-GlcA,397.1220252,C14H23NO12,"InChI=1S/C14H23NO12/c1-3(17)15-5-7(19)6(18)4(2-16)25-14(5)27-10-8(20)9(21)13(24)26-11(10)12(22)23/h4-11,13-14,16,18-21,24H,2H2,1H3,(H,15,17)(H,22,23)/t4-,5-,6-,7-,8-,9-,10+,11+,13?,14-/m1/s1",LJKKEBYAXYCTNF-QKJYSWECSA-N,CC(=O)NC1C(C(C(OC1OC2C(C(C(OC2C(=O)O)O)O)O)CO)O)O
FT_1.177_271.16864,"3-Hydroxy-estra-1,3,5(10)-trien-16-one",C18 H22 O2,L2.3,na,Organic compounds,Lipids and lipid-like molecules,Steroids and steroid derivatives,Estrane steroids,Estrogens and derivatives,251869,"3-Hydroxy-estra-1,3,5(10)-trien-16-one",270.1619799,C18H22O2,"InChI=1S/C18H22O2/c1-18-7-6-15-14-5-3-12(19)8-11(14)2-4-16(15)17(18)9-13(20)10-18/h3,5,8,15-17,19H,2,4,6-7,9-10H2,1H3/t15-,16-,17+,18-/m1/s1",VUQQUDLAAJRNMK-ZJPYXAASSA-N,CC12CCC3C(C1CC(=O)C2)CCC4=C3C=CC(=C4)O
FT_1.179_180.08673,D-Mannosamine,C6 H13 N O5,L2.2,na,Organic compounds,Organic oxygen compounds,Organooxygen compounds,Carbohydrates and carbohydrate conjugates,Monosaccharides,440049,D-Mannosamine,179.0793725,C6H13NO5,"InChI=1S/C6H13NO5/c7-3-5(10)4(9)2(1-8)12-6(3)11/h2-6,8-11H,1,7H2/t2-,3+,4-,5-,6?/m1/s1",MSWZFWKMSRAUBD-CBPJZXOFSA-N,C(C1C(C(C(C(O1)O)N)O)O)O
FT_1.187_229.12164,4-(3-Hydroxy-3-phenylpropyl)phenol,C15 H16 O2,L2.3,na,Organic compounds,Phenylpropanoids and polyketides,"Linear 1,3-diarylpropanoids",Cinnamylphenols,NA,54456955,4-(3-Hydroxy-3-phenylpropyl)phenol,228.1150297,C15H16O2,"InChI=1S/C15H16O2/c16-14-9-6-12(7-10-14)8-11-15(17)13-4-2-1-3-5-13/h1-7,9-10,15-17H,8,11H2",WYWFNAPTGISCHO-UHFFFAOYSA-N,C1=CC=C(C=C1)C(CCC2=CC=C(C=C2)O)O
FT_17.117_249.11211,NP-021018,C12 H18 O4,L2.1,NA,Organic compounds,Lipids and lipid-like molecules,Fatty Acyls,Fatty acids and conjugates,Medium-chain fatty acids,"	125416500","3-[(1E,3E)-hepta-1,3-dienyl]pentanedioic acid",NA,"	
C12H18O4","InChI=1S/C12H18O4/c1-2-3-4-5-6-7-10(8-11(13)14)9-12(15)16/h4-7,10H,2-3,8-9H2,1H3,(H,13,14)(H,15,16)/b5-4+,7-6+",SCFJYQRJWMNDSZ-YTXTXJHMSA-N,CCC/C=C/C=C/C(CC(=O)O)CC(=O)O
FT_17.140_467.20647,"(7R,8R)-8-(3,4-dimethoxyphenyl)-5,7-dihydroxy-2,2-dimethyl-10-(3-methylbut-2-enyl)-7,8-dihydropyrano[3,2-g]chromen-6-one",C27 H30 O7,L2.3,na,Organic compounds,Phenylpropanoids and polyketides,Flavonoids,Flavans,8-prenylated flavans,"	44179865","(7R,8R)-8-(3,4-dimethoxyphenyl)-5,7-dihydroxy-2,2-dimethyl-10-(3-methylbut-2-enyl)-7,8-dihydropyrano[3,2-g]chromen-6-one",NA,C27H30O7,"InChI=1S/C27H30O7/c1-14(2)7-9-17-25-16(11-12-27(3,4)34-25)21(28)20-22(29)23(30)24(33-26(17)20)15-8-10-18(31-5)19(13-15)32-6/h7-8,10-13,23-24,28,30H,9H2,1-6H3/t23-,24+/m0/s1",WCTRYHAQIBWVEQ-BJKOFHAPSA-N,CC(=CCC1=C2C(=C(C3=C1O[C@@H]([C@H](C3=O)O)C4=CC(=C(C=C4)OC)OC)O)C=CC(O2)(C)C)C
FT_1.215_464.10688,2-acetamido-2-deoxy-3-O-(6-O-sulfonato-beta-D-glucosyl)-beta-D-galactose,C14 H25 N O14 S,L2.2,na,Organic compounds,Organic oxygen compounds,Organooxygen compounds,Carbohydrates and carbohydrate conjugates,Aminosaccharides,49852406,2-acetamido-2-deoxy-3-O-(6-O-sulfonato-beta-D-glucosyl)-beta-D-galactose,462.0917506,C14H24NO14S-,"InChI=1S/C14H25NO14S/c1-4(17)15-7-12(9(19)5(2-16)27-13(7)22)29-14-11(21)10(20)8(18)6(28-14)3-26-30(23,24)25/h5-14,16,18-22H,2-3H2,1H3,(H,15,17)(H,23,24,25)/p-1/t5-,6-,7-,8-,9+,10+,11-,12-,13-,14+/m1/s1",ZSSIKYJYLIRCAK-UHDFQWBXSA-M,CC(=O)NC1C(C(C(OC1O)CO)O)OC2C(C(C(C(O2)COS(=O)(=O)[O-])O)O)O
FT_1.217_285.18429,"1-Methylestra-1,3,5(10),6-tetraene-3,17beta-diol",C19 H24 O2,L2.3,na,Organic compounds,Lipids and lipid-like molecules,Steroids and steroid derivatives,Estrane steroids,Estrogens and derivatives,222846,"1-Methylestra-1,3,5(10),6-tetraene-3,17beta-diol",284.17763,C19H24O2,"InChI=1S/C19H24O2/c1-11-9-13(20)10-12-3-4-14-15(18(11)12)7-8-19(2)16(14)5-6-17(19)21/h3-4,9-10,14-17,20-21H,5-8H2,1-2H3/t14-,15+,16+,17+,19+/m1/s1",WCHXTGUTQVBYIP-QSUVVDIXSA-N,CC1=CC(=CC2=C1C3CCC4(C(C3C=C2)CCC4O)C)O
FT_1.222_313.14287,N-(2-methoxyphenyl)-N~3~-9H-purin-6-yl-beta-alaninamide,C15 H16 N6 O2,L2.3,na,Organic compounds,Organic acids and derivatives,Carboxylic acids and derivatives,"Amino acids, peptides, and analogues",Amino acids and derivatives,42506534,N-(2-methoxyphenyl)-N~3~-9H-purin-6-yl-beta-alaninamide,312.1334738,C15H16N6O2,"InChI=1S/C15H16N6O2/c1-23-11-5-3-2-4-10(11)21-12(22)6-7-16-14-13-15(18-8-17-13)20-9-19-14/h2-5,8-9H,6-7H2,1H3,(H,21,22)(H2,16,17,18,19,20)",MDTUZOQOGUJEQT-UHFFFAOYSA-N,COC1=CC=CC=C1NC(=O)CCNC2=NC=NC3=C2NC=N3
FT_17.195_235.09648,NP-020205,C11 H16 O4,L2.1,NA,Organic compounds,Lipids and lipid-like molecules,Fatty Acyls,Fatty acids and conjugates,Medium-chain fatty acids,"	102571596","(2E,4E)-3,5,7-Trimethylocta-2,4-dienedioic acid",NA,"	
C11H16O4","InChI=1S/C11H16O4/c1-7(5-9(3)11(14)15)4-8(2)6-10(12)13/h4,6,9H,5H2,1-3H3,(H,12,13)(H,14,15)/b7-4+,8-6+",QEOAMNGZTSERJN-IJYBVRAASA-N,CC(C/C(=C/C(=C/C(=O)O)/C)/C)C(=O)O
FT_1.252_198.08906,"Methyl 5-(but-3-en-1-yl)amino-1,3,4-oxadiazole-2-carboxylate",C8 H11 N3 O3,L2.3,na,Organic compounds,Organic nitrogen compounds,Organonitrogen compounds,Amines,Secondary amines,443733,"Methyl 5-(but-3-en-1-yl)amino-1,3,4-oxadiazole-2-carboxylate",197.0800412,C8H11N3O3,"InChI=1S/C8H11N3O3/c1-3-4-5-9-8-11-10-6(14-8)7(12)13-2/h3H,1,4-5H2,2H3,(H,9,11)",RYZCYLNZNIEFLI-UHFFFAOYSA-N,COC(=O)C1=NN=C(O1)NCCC=C
FT_1.257_324.16538,"3,8-bis(2-methoxyethyl)-1-methyl-7,8-dihydro-1H-imidazo[2,1-f]purine-2,4(3H,6H)-dione",C14 H21 N5 O4,L2.3,na,Organic compounds,Organoheterocyclic compounds,Imidazopyrimidines,Purines and purine derivatives,Xanthines,42109052,"3,8-bis(2-methoxyethyl)-1-methyl-7,8-dihydro-1H-imidazo[2,1-f]purine-2,4(3H,6H)-dione",323.1593542,C14H21N5O4,"InChI=1S/C14H21N5O4/c1-16-11-10(12(20)19(14(16)21)7-9-23-3)18-5-4-17(6-8-22-2)13(18)15-11/h4-9H2,1-3H3",KBIUSOYPRRQRFQ-UHFFFAOYSA-N,CN1C2=C(C(=O)N(C1=O)CCOC)N3CCN(C3=N2)CCOC
FT_1.259_198.12371,3-(1H-imidazol-5-yl)-2-(trimethylazaniumyl)propanoate,C9 H15 N3 O2,L2.3,na,Organic compounds,Organic acids and derivatives,Carboxylic acids and derivatives,"Amino acids, peptides, and analogues",Amino acids and derivatives,3083620,3-(1H-imidazol-5-yl)-2-(trimethylazaniumyl)propanoate,197.1164267,C9H15N3O2,"InChI=1S/C9H15N3O2/c1-12(2,3)8(9(13)14)4-7-5-10-6-11-7/h5-6,8H,4H2,1-3H3,(H-,10,11,13,14)",GPPYTCRVKHULJH-UHFFFAOYSA-N,C[N+](C)(C)C(CC1=CN=CN1)C(=O)[O-]
FT_1.300_189.12341,2-[(2-Amino-3-methylbutanoyl)amino]propanoic acid,C8 H16 N2 O3,L2.3,na,Organic compounds,Organic acids and derivatives,Carboxylic acids and derivatives,"Amino acids, peptides, and analogues",Peptides,334517,2-[(2-Amino-3-methylbutanoyl)amino]propanoic acid,188.1160924,C8H16N2O3,"InChI=1S/C8H16N2O3/c1-4(2)6(9)7(11)10-5(3)8(12)13/h4-6H,9H2,1-3H3,(H,10,11)(H,12,13)",HSRXSKHRSXRCFC-UHFFFAOYSA-N,CC(C)C(C(=O)NC(C)C(=O)O)N
FT_1.302_189.12341,2-acetamidohex-4-enoic acid,C8 H13 N O3,L2.3,na,Organic compounds,Organic acids and derivatives,Carboxylic acids and derivatives,"Amino acids, peptides, and analogues",Amino acids and derivatives,19364695,2-Acetamidohex-4-enoic acid,171.0895433,C8H13NO3,"InChI=1S/C8H13NO3/c1-3-4-5-7(8(11)12)9-6(2)10/h3-4,7H,5H2,1-2H3,(H,9,10)(H,11,12)/b4-3+",BPJGGWBVULVVEV-ONEGZZNKSA-N,CC=CCC(C(=O)O)NC(=O)C
FT_1.308_97.02841,"4-Cyclopentene-1,3-dione",C5 H4 O2,L2.3,na,Organic compounds,Organic oxygen compounds,Organooxygen compounds,Carbonyl compounds,"1,3-dicarbonyl compounds",70258,"4-Cyclopentene-1,3-Dione",96.02112937,C5H4O2,"InChI=1S/C5H4O2/c6-4-1-2-5(7)3-4/h1-2H,3H2",MCFZBCCYOPSZLG-UHFFFAOYSA-N,C1C(=O)C=CC1=O
FT_1.309_85.02847,2(5H)-Furanone,C4 H4 O2,L2.2,na,Organic compounds,Organoheterocyclic compounds,Dihydrofurans,Furanones,Butenolides,10341,2(5H)-Furanone,84.02112937,C4H4O2,"InChI=1S/C4H4O2/c5-4-2-1-3-6-4/h1-2H,3H2",VIHAEDVKXSOUAT-UHFFFAOYSA-N,C1C=CC(=O)O1
FT_1.310_180.08674,"(3S)-2-hydroxy-2,3-dimethylbutanedioic acid",C6 H10 O5,L2.2,na,Organic compounds,Lipids and lipid-like molecules,Fatty Acyls,Fatty acids and conjugates,Hydroxy fatty acids,440075,"(3S)-2-hydroxy-2,3-dimethylbutanedioic acid",162.0528234,C6H10O5,"InChI=1S/C6H10O5/c1-3(4(7)8)6(2,11)5(9)10/h3,11H,1-2H3,(H,7,8)(H,9,10)/t3-,6?/m1/s1",WTIIULQJLZEHGZ-HODUVHNASA-N,CC(C(=O)O)C(C)(C(=O)O)O
FT_1.310_325.11303,"3,6-Anhydro-l-lactose",C12 H20 O10,L2.2,na,Organic compounds,Organic oxygen compounds,Organooxygen compounds,Carbohydrates and carbohydrate conjugates,Glycosyl compounds,137797297,"3,6-Anhydro-l-lactose",324.1056468,C12H20O10,"InChI=1S/C12H20O10/c13-1-3-5(14)6(15)7(16)12(21-3)22-9-4-2-19-10(9)8(17)11(18)20-4/h3-18H,1-2H2/t3-,4-,5+,6+,7-,8-,9-,10-,11?,12+/m0/s1",PJZDEFWGKUGLDC-XAQNGTHUSA-N,C1C2C(C(O1)C(C(O2)O)O)OC3C(C(C(C(O3)CO)O)O)O
FT_1.310_702.26646,Citbismine C,C37 H36 N2 O11,L2.3,na,Organic compounds,Organoheterocyclic compounds,Quinolines and derivatives,Benzoquinolines,Acridines,85149847,Citbismine C,684.23191,C37H36N2O11,"InChI=1S/C37H36N2O11/c1-37(2,45)36-27(25-22(50-36)14-19(41)24-30(25)39(4)28-15(32(24)43)9-11-18(40)34(28)48-7)26-21(47-6)13-17-23(33(26)44)31(42)16-10-12-20(46-5)35(49-8)29(16)38(17)3/h9-14,27,36,40-41,44-45H,1-8H3",BDURUBOYNAVRCF-UHFFFAOYSA-N,CC(C)(C1C(C2=C(O1)C=C(C3=C2N(C4=C(C3=O)C=CC(=C4OC)O)C)O)C5=C(C=C6C(=C5O)C(=O)C7=C(N6C)C(=C(C=C7)OC)OC)OC)O
FT_1.340_471.18238,O-(3-O-beta-D-galactosyl-N-acetyl-alpha-D-galactosaminyl)-L-serine,C17 H30 N2 O13,L2.2,na,Organic compounds,Organic acids and derivatives,Carboxylic acids and derivatives,"Amino acids, peptides, and analogues",Amino acids and derivatives,5288346,O-(3-O-beta-D-galactosyl-N-acetyl-alpha-D-galactosaminyl)-L-serine,470.174789,C17H30N2O13,"InChI=1S/C17H30N2O13/c1-5(22)19-9-14(32-17-13(26)12(25)10(23)7(2-20)31-17)11(24)8(3-21)30-16(9)29-4-6(18)15(27)28/h6-14,16-17,20-21,23-26H,2-4,18H2,1H3,(H,19,22)(H,27,28)/t6-,7+,8+,9+,10-,11-,12-,13+,14+,16-,17-/m0/s1",XDMCWZFLLGVIID-ULCOMTOUSA-N,CC(=O)NC1C(C(C(OC1OCC(C(=O)O)N)CO)O)OC2C(C(C(C(O2)CO)O)O)O
FT_1.375_276.11905,Gln-Glu,C10 H17 N3 O6,L2.2,na,Organic compounds,Organic acids and derivatives,Carboxylic acids and derivatives,"Amino acids, peptides, and analogues",Peptides,7020029,Gln-Glu,275.1117353,C10H17N3O6,"InChI=1S/C10H17N3O6/c11-5(1-3-7(12)14)9(17)13-6(10(18)19)2-4-8(15)16/h5-6H,1-4,11H2,(H2,12,14)(H,13,17)(H,15,16)(H,18,19)/t5-,6-/m0/s1",OWOFCNWTMWOOJJ-WDSKDSINSA-N,C(CC(=O)N)C(C(=O)NC(CCC(=O)O)C(=O)O)N
FT_17.196_293.13835,"N-{[(2R,4S,5R)-5-Ethyl-1-azabicyclo[2.2.2]oct-2-yl]methyl}-2-thiophenesulfonamide",C14 H22 N2 O2 S2,L2.1,NA,Organic compounds,Organoheterocyclic compounds,Quinuclidines,0,Quinuclidines,25389102,"N-[[(2R,4S,5R)-5-ethyl-1-azabicyclo[2.2.2]octan-2-yl]methyl]thiophene-2-sulfonamide",NA,"	
C14H22N2O2S2","InChI=1S/C14H22N2O2S2/c1-2-11-10-16-6-5-12(11)8-13(16)9-15-20(17,18)14-4-3-7-19-14/h3-4,7,11-13,15H,2,5-6,8-10H2,1H3/t11-,12-,13+/m0/s1",LFYFJKVSXVECHL-RWMBFGLXSA-N,CC[C@H]1CN2CC[C@H]1C[C@@H]2CNS(=O)(=O)C3=CC=CS3
FT_1.388_286.11329,2-O-alpha-mannosyl-D-glycerate,C9 H16 O9,L2.2,na,Organic compounds,Lipids and lipid-like molecules,Fatty Acyls,Fatty acyl glycosides,Fatty acyl glycosides of mono- and disaccharides,5460194,(2R)-3-hydroxy-2-(alpha-D-mannopyranosyloxy)propanoic acid,268.0794321,C9H16O9,"InChI=1S/C9H16O9/c10-1-3-5(12)6(13)7(14)9(17-3)18-4(2-11)8(15)16/h3-7,9-14H,1-2H2,(H,15,16)/t3-,4-,5-,6+,7+,9-/m1/s1",DDXCFDOPXBPUJC-SAYMMRJXSA-N,C(C1C(C(C(C(O1)OC(CO)C(=O)O)O)O)O)O
FT_1.388_371.01204,"D-Glycero-D-manno-heptose 1,7-bisphosphate",C7 H16 O13 P2,L2.3,na,Organic compounds,Organic oxygen compounds,Organooxygen compounds,Carbohydrates and carbohydrate conjugates,Monosaccharides,443223,"D-glycero-D-manno-heptose 1,7-bisphosphate",370.0066146,C7H16O13P2,"InChI=1S/C7H16O13P2/c8-2(1-18-21(12,13)14)6-4(10)3(9)5(11)7(19-6)20-22(15,16)17/h2-11H,1H2,(H2,12,13,14)(H2,15,16,17)/t2-,3+,4+,5+,6-,7?/m1/s1",LMTGTTLGDUACSJ-NNPWBXLPSA-N,C(C(C1C(C(C(C(O1)OP(=O)(O)O)O)O)O)O)OP(=O)(O)O
FT_1.390_366.18722,2'-N-Acetylparomamine,C14 H27 N3 O8,L2.2,na,Organic compounds,Organic oxygen compounds,Organooxygen compounds,Carbohydrates and carbohydrate conjugates,Aminosaccharides,46173948,2'-N-Acetylparomamine,365.1798148,C14H27N3O8,"InChI=1S/C14H27N3O8/c1-4(19)17-8-11(22)10(21)7(3-18)24-14(8)25-13-6(16)2-5(15)9(20)12(13)23/h5-14,18,20-23H,2-3,15-16H2,1H3,(H,17,19)/t5-,6+,7-,8-,9+,10-,11-,12-,13-,14-/m1/s1",ARLIVUJSSKFVPL-JPYLPOILSA-N,CC(=O)NC1C(C(C(OC1OC2C(CC(C(C2O)O)N)N)CO)O)O
FT_1.396_196.10019,Ethyldimethyl(3-sulfopropyl)azanium,C7 H17 N O3 S,L2.3,na,Organic compounds,Organic acids and derivatives,Organic sulfonic acids and derivatives,Organosulfonic acids and derivatives,Organosulfonic acids,448830,Ethyldimethyl(3-sulfopropyl)azanium,196.1007396,C7H18NO3S+,"InChI=1S/C7H17NO3S/c1-4-8(2,3)6-5-7-12(9,10)11/h4-7H2,1-3H3/p+1",NNCRHRDBFDCWPA-UHFFFAOYSA-O,CC[N+](C)(C)CCCS(=O)(=O)O
FT_1.405_190.10742,N-lactoyl-Valine,C8 H15 N O4,L2.3,na,Organic compounds,Organic acids and derivatives,Carboxylic acids and derivatives,"Amino acids, peptides, and analogues",Amino acids and derivatives,131770417,N-lactoyl-Valine,189.100108,C8H15NO4,"InChI=1S/C8H15NO4/c1-4(2)6(8(12)13)9-7(11)5(3)10/h4-6,10H,1-3H3,(H,9,11)(H,12,13)/t5-,6?/m0/s1",IJKKTQLUXOILBQ-ZBHICJROSA-N,CC(C)C(C(=O)O)NC(=O)C(C)O
FT_1.417_97.02840,Protoanemonin,C5 H4 O2,L2.2,na,Organic compounds,Organoheterocyclic compounds,Dihydrofurans,Furanones,Butenolides,66948,Protoanemonin,96.02112937,C5H4O2,"InChI=1S/C5H4O2/c1-4-2-3-5(6)7-4/h2-3H,1H2",RNYZJZKPGHQTJR-UHFFFAOYSA-N,C=C1C=CC(=O)O1
FT_1.418_74.09646,Diethamine,C4 H11 N,L2.3,na,Organic compounds,Organic nitrogen compounds,Organonitrogen compounds,Amines,Secondary amines,8021,Diethylamine,73.08914936,C4H11N,"InChI=1S/C4H11N/c1-3-5-4-2/h5H,3-4H2,1-2H3",HPNMFZURTQLUMO-UHFFFAOYSA-N,CCNCC
FT_1.419_244.11139,S-methylergothioneine,C10 H17 N3 O2 S,L2.3,na,Organic compounds,Organic acids and derivatives,Carboxylic acids and derivatives,"Amino acids, peptides, and analogues",Amino acids and derivatives,139025367,S-Methyl Ergothioneine,243.104148,C10H17N3O2S,"InChI=1S/C10H17N3O2S/c1-13(2,3)8(9(14)15)5-7-6-11-10(12-7)16-4/h6,8H,5H2,1-4H3,(H-,11,12,14,15)",GVQNHIYBRMFCMS-UHFFFAOYSA-N,C[N+](C)(C)C(CC1=CN=C(N1)SC)C(=O)[O-]
FT_1.421_176.10298,L-Citrulline,C6 H13 N3 O3,L2.2,na,Organic compounds,Organic acids and derivatives,Carboxylic acids and derivatives,"Amino acids, peptides, and analogues",Amino acids and derivatives,9750,Citrulline,175.0956913,C6H13N3O3,"InChI=1S/C6H13N3O3/c7-4(5(10)11)2-1-3-9-6(8)12/h4H,1-3,7H2,(H,10,11)(H3,8,9,12)/t4-/m0/s1",RHGKLRLOHDJJDR-BYPYZUCNSA-N,C(CC(C(=O)O)N)CNC(=O)N
FT_1.421_189.12346,N6-Acetyl-L-lysine,C8 H16 N2 O3,L2.2,na,Organic compounds,Organic acids and derivatives,Carboxylic acids and derivatives,"Amino acids, peptides, and analogues",Amino acids and derivatives,92832,N-epsilon-Acetyl-L-lysine,188.1160924,C8H16N2O3,"InChI=1S/C8H16N2O3/c1-6(11)10-5-3-2-4-7(9)8(12)13/h7H,2-5,9H2,1H3,(H,10,11)(H,12,13)/t7-/m0/s1",DTERQYGMUDWYAZ-ZETCQYMHSA-N,CC(=O)NCCCCC(C(=O)O)N
FT_1.425_175.10771,N-acetylornithine,C7 H14 N2 O3,L2.2,na,Organic compounds,Organic acids and derivatives,Carboxylic acids and derivatives,"Amino acids, peptides, and analogues",Amino acids and derivatives,439232,N-acetylornithine,174.1004423,C7H14N2O3,"InChI=1S/C7H14N2O3/c1-5(10)9-6(7(11)12)3-2-4-8/h6H,2-4,8H2,1H3,(H,9,10)(H,11,12)/t6-/m0/s1",JRLGPAXAGHMNOL-LURJTMIESA-N,CC(=O)NC(CCCN)C(=O)O
FT_1.429_190.11850,L-Homocitrulline,C7 H15 N3 O3,L2.2,na,Organic compounds,Organic acids and derivatives,Carboxylic acids and derivatives,"Amino acids, peptides, and analogues",Amino acids and derivatives,65072,L-Homocitrulline,189.1113414,C7H15N3O3,"InChI=1S/C7H15N3O3/c8-5(6(11)12)3-1-2-4-10-7(9)13/h5H,1-4,8H2,(H,11,12)(H3,9,10,13)/t5-/m0/s1",XIGSAGMEBXLVJJ-YFKPBYRVSA-N,C(CCNC(=O)N)CC(C(=O)O)N
FT_1.523_190.11863,L-Homocitrulline,C7 H15 N3 O3,L2.2,na,Organic compounds,Organic acids and derivatives,Carboxylic acids and derivatives,"Amino acids, peptides, and analogues",Amino acids and derivatives,65072,L-Homocitrulline,189.1113414,C7H15N3O3,"InChI=1S/C7H15N3O3/c8-5(6(11)12)3-1-2-4-10-7(9)13/h5H,1-4,8H2,(H,11,12)(H3,9,10,13)/t5-/m0/s1",XIGSAGMEBXLVJJ-YFKPBYRVSA-N,C(CCNC(=O)N)CC(C(=O)O)N
FT_1.700_249.10806,Glu-Thr,C9 H16 N2 O6,L2.2,na,Organic compounds,Organic acids and derivatives,Carboxylic acids and derivatives,"Amino acids, peptides, and analogues",Peptides,6998031,Glu-Thr,248.1008362,C9H16N2O6,"InChI=1S/C9H16N2O6/c1-4(12)7(9(16)17)11-8(15)5(10)2-3-6(13)14/h4-5,7,12H,2-3,10H2,1H3,(H,11,15)(H,13,14)(H,16,17)/t4-,5+,7+/m1/s1",JSIQVRIXMINMTA-ZDLURKLDSA-N,CC(C(C(=O)O)NC(=O)C(CCC(=O)O)N)O
FT_1.720_248.16049,H-Lys-Thr-OH,C10 H21 N3 O4,L2.2,na,Organic compounds,Organic acids and derivatives,Carboxylic acids and derivatives,"Amino acids, peptides, and analogues",Peptides,7010718,Lysylthreonine,247.1532062,C10H21N3O4,"InChI=1S/C10H21N3O4/c1-6(14)8(10(16)17)13-9(15)7(12)4-2-3-5-11/h6-8,14H,2-5,11-12H2,1H3,(H,13,15)(H,16,17)/t6-,7+,8+/m1/s1",ZOKVLMBYDSIDKG-CSMHCCOUSA-N,CC(C(C(=O)O)NC(=O)C(CCCCN)N)O
FT_1.720_462.18184,3-cis-Hydroxyglipizide,C21 H27 N5 O5 S,L2.3,na,Organic compounds,Benzenoids,Benzene and substituted derivatives,Benzenesulfonamides,NA,131769998,3-cis-Hydroxyglipizide,461.1732902,C21H27N5O5S,"InChI=1S/C21H27N5O5S/c1-14-12-24-19(13-23-14)20(28)22-10-9-15-5-7-18(8-6-15)32(30,31)26-21(29)25-16-3-2-4-17(27)11-16/h5-8,12-13,16-17,27H,2-4,9-11H2,1H3,(H,22,28)(H2,25,26,29)/t16-,17+/m0/s1",GZLIUWBDTXQVBY-DLBZAZTESA-N,CC1=CN=C(C=N1)C(=O)NCCC2=CC=C(C=C2)S(=O)(=O)NC(=O)NC3CCCC(C3)O
FT_1.774_72.08080,3-Buten-1-amine,C4 H9 N,L2.2,na,Organic compounds,Organic nitrogen compounds,Organonitrogen compounds,Amines,Primary amines,443732,3-Buten-1-amine,71.07349929,C4H9N,"InChI=1S/C4H9N/c1-2-3-4-5/h2H,1,3-5H2",ASVKKRLMJCWVQF-UHFFFAOYSA-N,C=CCCN
FT_1.778_548.21876,beta-D-galactosyl-(1->4)-N-acetyl-beta-D-glucosaminyl-(1->6)-D-galactitol,C20 H37 N O16,L2.3,na,Organic compounds,Organic oxygen compounds,Organooxygen compounds,Carbohydrates and carbohydrate conjugates,Aminosaccharides,53356713,beta-D-galactosyl-(1->4)-N-acetyl-beta-D-glucosaminyl-(1->6)-D-galactitol,547.2112341,C20H37NO16,"InChI=1S/C20H37NO16/c1-6(25)21-11-15(31)18(37-20-17(33)16(32)14(30)9(3-23)35-20)10(4-24)36-19(11)34-5-8(27)13(29)12(28)7(26)2-22/h7-20,22-24,26-33H,2-5H2,1H3,(H,21,25)/t7-,8+,9+,10+,11+,12+,13-,14-,15+,16-,17+,18+,19+,20-/m0/s1",WOXIFCQJUTXPKT-XKTMXJHTSA-N,CC(=O)NC1C(C(C(OC1OCC(C(C(C(CO)O)O)O)O)CO)OC2C(C(C(C(O2)CO)O)O)O)O
FT_1.784_174.08735,2-Oxoarginine,C6 H11 N3 O3,L2.3,na,Organic compounds,Organic acids and derivatives,Keto acids and derivatives,Short-chain keto acids and derivatives,NA,558,2-Oxoarginine,173.0800412,C6H11N3O3,"InChI=1S/C6H11N3O3/c7-6(8)9-3-1-2-4(10)5(11)12/h1-3H2,(H,11,12)(H4,7,8,9)",ARBHXJXXVVHMET-UHFFFAOYSA-N,C(CC(=O)C(=O)O)CN=C(N)N
FT_17.198_257.13835,ethyl 3-(2-methoxycarbonylcyclopentyl)-3-methyl-oxirane-2-carboxylate,C13 H20 O5,L2.3,na,NA,NA,NA,NA,NA,NA,NA,NA,NA,NA,NA,NA
FT_1.826_199.14414,(-)-Slaframine,C10 H18 N2 O2,L2.3,na,Organic compounds,Organoheterocyclic compounds,Indolizidines,NA,NA,49787007,(-)-Slaframine,198.1368278,C10H18N2O2,"InChI=1S/C10H18N2O2/c1-7(13)14-10-4-5-12-6-8(11)2-3-9(10)12/h8-10H,2-6,11H2,1H3/t8-,9?,10-/m0/s1",YYIUHLPAZILPSG-SMILAEQMSA-N,CC(=O)OC1CCN2C1CCC(C2)N
FT_1.909_511.16356,Piperenol A triacetate,C27 H26 O10,L2.3,na,Organic compounds,Organic acids and derivatives,Carboxylic acids and derivatives,Pentacarboxylic acids and derivatives,NA,14890279,Piperenol A triacetate,510.152597,C27H26O10,"InChI=1S/C27H26O10/c1-16(28)34-22-14-21(15-33-26(31)19-10-6-4-7-11-19)23(35-17(2)29)25(24(22)36-18(3)30)37-27(32)20-12-8-5-9-13-20/h4-14,22-25H,15H2,1-3H3",UGMVPWAZGUPKPL-UHFFFAOYSA-N,CC(=O)OC1C=C(C(C(C1OC(=O)C)OC(=O)C2=CC=CC=C2)OC(=O)C)COC(=O)C3=CC=CC=C3
FT_10.186_171.10172,7-methyl-3-oxooct-6-enoic acid,C9 H14 O3,L2.3,na,Organic compounds,Organic acids and derivatives,Keto acids and derivatives,Medium-chain keto acids and derivatives,NA,13093115,7-Methyl-3-oxooct-6-enoic acid,170.0942943,C9H14O3,"InChI=1S/C9H14O3/c1-7(2)4-3-5-8(10)6-9(11)12/h4H,3,5-6H2,1-2H3,(H,11,12)",LWAVSMHUXDEREV-UHFFFAOYSA-N,CC(=CCCC(=O)CC(=O)O)C
FT_10.254_310.12853,Sporovexin C,C15 H19 N O6,L2.3,na,Organic compounds,Organic acids and derivatives,Carboxylic acids and derivatives,"Amino acids, peptides, and analogues",Amino acids and derivatives,475769,Sporovexin C,309.1212373,C15H19NO6,"InChI=1S/C15H19NO6/c1-10(15(20)21)7-9-22-12-4-2-11(3-5-12)14(19)16-8-6-13(17)18/h2-5,10H,6-9H2,1H3,(H,16,19)(H,17,18)(H,20,21)",AQYVBRADYQRCEE-UHFFFAOYSA-N,CC(CCOC1=CC=C(C=C1)C(=O)NCCC(=O)O)C(=O)O
FT_17.338_313.17987,"6-[(2E,6E)-7-(5-hydroxy-3-methyl-2-oxocyclopent-3-en-1-yl)-6-methylhepta-2,6-dien-2-yl]-3-methyl-5,6-dihydro-2H-pyran-2-one",C20 H26 O4,L2.1,NA,NA,NA,NA,NA,NA,NA,NA,NA,NA,NA,NA,NA
FT_10.757_149.09608,"2-Methyl-5-prop-1-en-2-ylcyclohexa-2,4-dien-1-one",C10 H12 O,L2.3,na,Organic compounds,Lipids and lipid-like molecules,Prenol lipids,Monoterpenoids,Menthane monoterpenoids,91747947,"2-Methyl-5-prop-1-en-2-ylcyclohexa-2,4-dien-1-one",148.088815,C10H12O,"InChI=1S/C10H12O/c1-7(2)9-5-4-8(3)10(11)6-9/h4-5H,1,6H2,2-3H3",KCTUHBUFBGTZER-UHFFFAOYSA-N,CC1=CC=C(CC1=O)C(=C)C
FT_10.758_167.10667,Camphorquinone,C10 H14 O2,L2.3,na,Organic compounds,Lipids and lipid-like molecules,Prenol lipids,Monoterpenoids,Bicyclic monoterpenoids,25208,Camphorquinone,166.0993797,C10H14O2,"InChI=1S/C10H14O2/c1-9(2)6-4-5-10(9,3)8(12)7(6)11/h6H,4-5H2,1-3H3",VNQXSTWCDUXYEZ-UHFFFAOYSA-N,CC1(C2CCC1(C(=O)C2=O)C)C
FT_10.790_239.05499,Benzoylmalic acid,C11 H10 O6,L2.2,na,Organic compounds,Benzenoids,Benzene and substituted derivatives,Benzoic acids and derivatives,Benzoic acid esters,13953341,Benzoylmalic acid,238.047738,C11H10O6,"InChI=1S/C11H10O6/c12-9(13)6-8(10(14)15)17-11(16)7-4-2-1-3-5-7/h1-5,8H,6H2,(H,12,13)(H,14,15)",NVPJTXMOQCANSN-UHFFFAOYSA-N,C1=CC=C(C=C1)C(=O)OC(CC(=O)O)C(=O)O
FT_10.898_149.09608,"2-Methyl-5-prop-1-en-2-ylcyclohexa-2,4-dien-1-one",C10 H12 O,L2.3,na,Organic compounds,Lipids and lipid-like molecules,Prenol lipids,Monoterpenoids,Menthane monoterpenoids,91747947,"2-Methyl-5-prop-1-en-2-ylcyclohexa-2,4-dien-1-one",148.088815,C10H12O,"InChI=1S/C10H12O/c1-7(2)9-5-4-8(3)10(11)6-9/h4-5H,1,6H2,2-3H3",KCTUHBUFBGTZER-UHFFFAOYSA-N,CC1=CC=C(CC1=O)C(=C)C
FT_10.898_167.10667,Camphenal,C10 H14 O2,L2.3,na,Organic compounds,Lipids and lipid-like molecules,Prenol lipids,Monoterpenoids,Bicyclic monoterpenoids,201448,Oxocamphor,166.0993797,C10H14O2,"InChI=1S/C10H14O2/c1-9(2)7-3-4-10(9,6-11)8(12)5-7/h6-7H,3-5H2,1-2H3",DLKVHFJZTKTFRS-UHFFFAOYSA-N,CC1(C2CCC1(C(=O)C2)C=O)C
FT_17.364_315.19562,"(4aS,10aR,11bR)-4,4,8,11b-tetramethyl-1,2,3,4a,5,7,10a,11-octahydronaphtho[2,1-f][1]benzofuran-6,9-dione",C20 H26 O3,L2.3,na,Organic compounds,Lipids and lipid-like molecules,Prenol lipids,Terpene lactones,Diterpene lactones,"	101683483","(4aS,10aR,11bR)-4,4,8,11b-tetramethyl-1,2,3,4a,5,7,10a,11-octahydronaphtho[2,1-f][1]benzofuran-6,9-dione",NA,"	
C20H26O3","InChI=1S/C20H26O3/c1-11-12-8-13-14(9-16(12)23-18(11)22)20(4)7-5-6-19(2,3)17(20)10-15(13)21/h16-17H,5-10H2,1-4H3/t16-,17+,20+/m1/s1",INNJOCWSMUTRRL-UWVAXJGDSA-N,CC1=C2CC3=C(C[C@H]2OC1=O)[C@@]4(CCCC([C@@H]4CC3=O)(C)C)C
FT_10.905_199.13289,Methyl 2-butyl-3-oxocyclopentanecarboxylate,C11 H18 O3,L2.2,na,Organic compounds,Organic acids and derivatives,Carboxylic acids and derivatives,Carboxylic acid derivatives,Carboxylic acid esters,3015902,Methyl 2-butyl-3-oxocyclopentanecarboxylate,198.1255944,C11H18O3,"InChI=1S/C11H18O3/c1-3-4-5-8-9(11(13)14-2)6-7-10(8)12/h8-9H,3-7H2,1-2H3",ICIZBTGTSKEFDG-UHFFFAOYSA-N,CCCCC1C(CCC1=O)C(=O)OC
FT_11.015_360.08063,"2-[(3,6-dimethyl-4-oxo-2-thieno[2,3-d]pyrimidinyl)thio]-N-(4-methylphenyl)acetamide",C17 H17 N3 O2 S2,L2.3,na,Organic compounds,Organoheterocyclic compounds,Thienopyrimidines,NA,NA,6491564,"2-[(3,6-dimethyl-4-oxo-2-thieno[2,3-d]pyrimidinyl)thio]-N-(4-methylphenyl)acetamide",359.0762191,C17H17N3O2S2,"InChI=1S/C17H17N3O2S2/c1-10-4-6-12(7-5-10)18-14(21)9-23-17-19-15-13(8-11(2)24-15)16(22)20(17)3/h4-8H,9H2,1-3H3,(H,18,21)",ABBQHFLHBVNVMX-UHFFFAOYSA-N,CC1=CC=C(C=C1)NC(=O)CSC2=NC3=C(C=C(S3)C)C(=O)N2C
FT_11.115_235.06010,"3-(2-Oxopropyl)-6,8-dihydroxyisocoumarin",C12 H10 O5,L2.2,na,Organic compounds,Phenylpropanoids and polyketides,Isocoumarins and derivatives,NA,NA,102304306,"3-(2-Oxopropyl)-6,8-dihydroxyisocoumarin",234.0528234,C12H10O5,"InChI=1S/C12H10O5/c1-6(13)2-9-4-7-3-8(14)5-10(15)11(7)12(16)17-9/h3-5,14-15H,2H2,1H3",ASXQQFFJWJUYLO-UHFFFAOYSA-N,CC(=O)CC1=CC2=CC(=CC(=C2C(=O)O1)O)O
FT_11.119_275.05264,Parasperone A,C14 H10 O6,L2.2,na,Organic compounds,Organoheterocyclic compounds,Naphthopyrans,NA,NA,135410277,Parasperone A,274.047738,C14H10O6,"InChI=1S/C14H10O6/c15-5-8-4-10(18)13-11(20-8)2-6-1-7(16)3-9(17)12(6)14(13)19/h1-4,15,17-19H,5H2",PFQLHXJPWIIEIL-UHFFFAOYSA-N,C1=C2C=C3C(=C(C=C(O3)CO)O)C(=C2C(=CC1=O)O)O
FT_17.410_249.14849,"(3aR,5aR,9bR)-3a-hydroxy-5a,9-dimethyl-3-methylidene-2H,3H,3aH,4H,5H,5aH,6H,7H,8H,9bH-naphtho[1,2-b]furan-2-one",C15 H20 O3,L2.1,NA,NA,NA,NA,NA,NA,NA,NA,NA,NA,NA,NA,NA
FT_11.217_185.11726,3-(1-Hydroxy-2-Methylbutyl)-4-Methyl-2(5H)-Furanone),C10 H16 O3,L2.3,na,Organic compounds,Organoheterocyclic compounds,Dihydrofurans,Furanones,Butenolides,10081079,3-(1-Hydroxy-2-methylbutyl)-4-methyl-2(5H)-furanone),184.1099444,C10H16O3,"InChI=1S/C10H16O3/c1-4-6(2)9(11)8-7(3)5-13-10(8)12/h6,9,11H,4-5H2,1-3H3",ZXYIUEGERMMVDN-UHFFFAOYSA-N,CCC(C)C(C1=C(COC1=O)C)O
FT_11.271_202.14372,L-2-amino-8-oxodecanoic acid,C10 H19 N O3,L2.3,na,Organic compounds,Organic acids and derivatives,Carboxylic acids and derivatives,"Amino acids, peptides, and analogues",Amino acids and derivatives,91820288,L-2-amino-8-oxodecanoate,201.1364935,C10H19NO3,"InChI=1S/C10H19NO3/c1-2-8(12)6-4-3-5-7-9(11)10(13)14/h9H,2-7,11H2,1H3,(H,13,14)/t9-/m0/s1",OUGZJFOMQFQKAD-VIFPVBQESA-N,CCC(=O)CCCCCC(C(=O)[O-])[NH3+]
FT_11.305_384.18063,Peniprequinolone,C22 H25 N O5,L2.2,na,Organic compounds,Organoheterocyclic compounds,Quinolines and derivatives,Phenylquinolines,NA,16681748,Peniprequinolone,383.1732729,C22H25NO5,"InChI=1S/C22H25NO5/c1-13(2)5-6-14-7-12-17-18(19(14)24)22(26,20(28-4)21(25)23-17)15-8-10-16(27-3)11-9-15/h5,7-12,20,24,26H,6H2,1-4H3,(H,23,25)/t20-,22+/m0/s1",ZRZQXSGEIJXJEO-RBBKRZOGSA-N,CC(=CCC1=C(C2=C(C=C1)NC(=O)C(C2(C3=CC=C(C=C3)OC)O)OC)O)C
FT_11.310_182.19033,Dicyclohexylamine,C12 H23 N,L2.2,na,Organic compounds,Organic nitrogen compounds,Organonitrogen compounds,Cyclohexylamines,NA,7582,Dicyclohexylamine,181.1830497,C12H23N,"InChI=1S/C12H23N/c1-3-7-11(8-4-1)13-12-9-5-2-6-10-12/h11-13H,1-10H2",XBPCUCUWBYBCDP-UHFFFAOYSA-N,C1CCC(CC1)NC2CCCCC2
FT_11.332_239.09131,46-Dimethylcurvulinic acid,C12 H14 O5,L2.3,na,Organic compounds,Organic oxygen compounds,Organooxygen compounds,Carbonyl compounds,Ketones,44715172,46-Dimethylcurvulinic acid,238.0841235,C12H14O5,"InChI=1S/C12H14O5/c1-5-8(4-9(14)15)10(7(3)13)12(17)6(2)11(5)16/h16-17H,4H2,1-3H3,(H,14,15)",OWTQYBKDLMPBEH-UHFFFAOYSA-N,CC1=C(C(=C(C(=C1O)C)O)C(=O)C)CC(=O)O
FT_11.428_153.09102,"2,6,6-Trimethyl-2-cyclohexene-1,4-dione",C9 H12 O2,L2.3,na,Organic compounds,Organic oxygen compounds,Organooxygen compounds,Carbonyl compounds,Ketones,62374,"2,6,6-Trimethylcyclohex-2-ene-1,4-dione",152.0837296,C9H12O2,"InChI=1S/C9H12O2/c1-6-4-7(10)5-9(2,3)8(6)11/h4H,5H2,1-3H3",AYJXHIDNNLJQDT-UHFFFAOYSA-N,CC1=CC(=O)CC(C1=O)(C)C
FT_11.447_324.14417,4-(benzyloxy)-2-{[(tert-butoxy)carbonyl]amino}-4-oxobutanoic acid,C16 H21 N O6,L2.3,na,Organic compounds,Organic acids and derivatives,Carboxylic acids and derivatives,"Amino acids, peptides, and analogues",Amino acids and derivatives,1581888,Boc-Asp(OBzl)-OH,323.1368874,C16H21NO6,"InChI=1S/C16H21NO6/c1-16(2,3)23-15(21)17-12(14(19)20)9-13(18)22-10-11-7-5-4-6-8-11/h4-8,12H,9-10H2,1-3H3,(H,17,21)(H,19,20)/t12-/m0/s1",SOHLZANWVLCPHK-LBPRGKRZSA-N,CC(C)(C)OC(=O)NC(CC(=O)OCC1=CC=CC=C1)C(=O)O
FT_11.451_223.09644,"1-(5-Acetyl-2,4-dimethoxyphenyl)ethanone",C12 H14 O4,L2.3,na,Organic compounds,Organic oxygen compounds,Organooxygen compounds,Carbonyl compounds,Ketones,2758026,"1,1'-(4,6-Dimethoxy-1,3-phenylene)di(ethan-1-one)",222.0892089,C12H14O4,"InChI=1S/C12H14O4/c1-7(13)9-5-10(8(2)14)12(16-4)6-11(9)15-3/h5-6H,1-4H3",NSPIPHLQGRBQKJ-UHFFFAOYSA-N,CC(=O)C1=CC(=C(C=C1OC)OC)C(=O)C
FT_11.491_185.04450,"2,3-Dihydroxy-4-methoxybenzoic acid",C8 H8 O5,L2.3,na,Organic compounds,Benzenoids,Benzene and substituted derivatives,Benzoic acids and derivatives,Methoxybenzoic acids and derivatives,77534,"2,3-Dihydroxy-4-methoxybenzoic acid",184.0371734,C8H8O5,"InChI=1S/C8H8O5/c1-13-5-3-2-4(8(11)12)6(9)7(5)10/h2-3,9-10H,1H3,(H,11,12)",YGDRPEIHNMXLJM-UHFFFAOYSA-N,COC1=C(C(=C(C=C1)C(=O)O)O)O
FT_11.491_271.08123,D-Lombricine,C6 H15 N4 O6 P,L2.2,na,Organic compounds,Organic acids and derivatives,Carboxylic acids and derivatives,"Amino acids, peptides, and analogues",Amino acids and derivatives,439556,D-Lombricine,270.0729212,C6H15N4O6P,"InChI=1S/C6H15N4O6P/c7-4(5(11)12)3-16-17(13,14)15-2-1-10-6(8)9/h4H,1-3,7H2,(H,11,12)(H,13,14)(H4,8,9,10)/t4-/m1/s1",GSDBGCKBBJVPNC-SCSAIBSYSA-N,C(COP(=O)(O)OCC(C(=O)O)N)N=C(N)N
FT_11.492_225.07575,"1-(3-Acetyl-2,4-dihydroxy-6-methoxyphenyl)ethan-1-one",C11 H12 O5,L2.3,na,Organic compounds,Organic oxygen compounds,Organooxygen compounds,Carbonyl compounds,Ketones,2775170,"1-(3-Acetyl-2,4-dihydroxy-6-methoxyphenyl)ethan-1-one",224.0684735,C11H12O5,"InChI=1S/C11H12O5/c1-5(12)9-7(14)4-8(16-3)10(6(2)13)11(9)15/h4,14-15H,1-3H3",ZUQRDBCPZDOGMJ-UHFFFAOYSA-N,CC(=O)C1=C(C(=C(C=C1O)OC)C(=O)C)O
FT_11.492_253.07066,Phloroglucinol triacetate,C12 H12 O6,L2.3,na,Organic compounds,Benzenoids,Phenol esters,NA,NA,76347,Phloroglucinol triacetate,252.0633881,C12H12O6,"InChI=1S/C12H12O6/c1-7(13)16-10-4-11(17-8(2)14)6-12(5-10)18-9(3)15/h4-6H,1-3H3",CLWKAMVDWLTMKD-UHFFFAOYSA-N,CC(=O)OC1=CC(=CC(=C1)OC(=O)C)OC(=O)C
FT_11.579_197.04447,Haematommic acid,C9 H8 O5,L2.3,na,Organic compounds,Benzenoids,Benzene and substituted derivatives,Benzoic acids and derivatives,Hydroxybenzoic acid derivatives,6710680,Haematommic Acid,196.0371734,C9H8O5,"InChI=1S/C9H8O5/c1-4-2-6(11)5(3-10)8(12)7(4)9(13)14/h2-3,11-12H,1H3,(H,13,14)",KCOOTJRKKIDHTM-UHFFFAOYSA-N,CC1=CC(=C(C(=C1C(=O)O)O)C=O)O
FT_11.592_167.10668,Camphorquinone,C10 H14 O2,L2.3,na,Organic compounds,Lipids and lipid-like molecules,Prenol lipids,Monoterpenoids,Bicyclic monoterpenoids,25208,Camphorquinone,166.0993797,C10H14O2,"InChI=1S/C10H14O2/c1-9(2)6-4-5-10(9,3)8(12)7(6)11/h6H,4-5H2,1-3H3",VNQXSTWCDUXYEZ-UHFFFAOYSA-N,CC1(C2CCC1(C(=O)C2=O)C)C
FT_11.593_149.09609,"2-Methyl-5-prop-1-en-2-ylcyclohexa-2,4-dien-1-one",C10 H12 O,L2.3,na,Organic compounds,Lipids and lipid-like molecules,Prenol lipids,Monoterpenoids,Menthane monoterpenoids,91747947,"2-Methyl-5-prop-1-en-2-ylcyclohexa-2,4-dien-1-one",148.088815,C10H12O,"InChI=1S/C10H12O/c1-7(2)9-5-4-8(3)10(11)6-9/h4-5H,1,6H2,2-3H3",KCTUHBUFBGTZER-UHFFFAOYSA-N,CC1=CC=C(CC1=O)C(=C)C
FT_11.685_208.11791,"alpha-D-Glucopyranose, 2-deoxy-2-(dimethylamino)",C8 H17 N O5,L2.2,na,Organic compounds,Organic oxygen compounds,Organooxygen compounds,Carbohydrates and carbohydrate conjugates,Monosaccharides,443606,"alpha-D-Glucopyranose, 2-deoxy-2-(dimethylamino)",207.1106726,C8H17NO5,"InChI=1S/C8H17NO5/c1-9(2)5-7(12)6(11)4(3-10)14-8(5)13/h4-8,10-13H,3H2,1-2H3/t4-,5-,6-,7-,8+/m1/s1",UNIOAPGQAGSMOR-PVFLNQBWSA-N,CN(C)C1C(C(C(OC1O)CO)O)O
FT_11.686_163.09650,beta-Cymaropyranose,C7 H14 O4,L2.2,na,Organic compounds,Organic oxygen compounds,Organooxygen compounds,Carbohydrates and carbohydrate conjugates,Monosaccharides,441417,beta-D-Cymarose pyranose,162.0892089,C7H14O4,"InChI=1S/C7H14O4/c1-4-7(9)5(10-2)3-6(8)11-4/h4-9H,3H2,1-2H3/t4-,5+,6-,7-/m1/s1",DBDJCJKVEBFXHG-XZBKPIIZSA-N,CC1C(C(CC(O1)O)OC)O
FT_11.686_213.07332,3-Hydroxysuberic acid,C8 H14 O5,L2.2,na,Organic compounds,Organic acids and derivatives,Hydroxy acids and derivatives,Medium-chain hydroxy acids and derivatives,NA,22328017,3-Hydroxysuberic acid,190.0841235,C8H14O5,"InChI=1S/C8H14O5/c9-6(5-8(12)13)3-1-2-4-7(10)11/h6,9H,1-5H2,(H,10,11)(H,12,13)",ARJZZFJXSNJKGR-UHFFFAOYSA-N,C(CCC(=O)O)CC(CC(=O)O)O
FT_11.693_171.10169,Aspinonediol,C9 H14 O3,L2.3,na,Organic compounds,Lipids and lipid-like molecules,Fatty Acyls,Fatty alcohols,NA,24762997,Aspinonediol,170.0942943,C9H14O3,"InChI=1S/C9H14O3/c1-7(11)3-4-9(6-10)5-8(2)12/h3-5,8,10,12H,6H2,1-2H3/b4-3+,9-5-/t8-/m0/s1",KZEYOZKGIDUZLU-QLNVLWNGSA-N,CC(C=C(CO)C=CC(=O)C)O
FT_11.741_384.18062,Peniprequinolone,C22 H25 N O5,L2.3,na,Organic compounds,Organoheterocyclic compounds,Quinolines and derivatives,Phenylquinolines,NA,16681748,Peniprequinolone,383.1732729,C22H25NO5,"InChI=1S/C22H25NO5/c1-13(2)5-6-14-7-12-17-18(19(14)24)22(26,20(28-4)21(25)23-17)15-8-10-16(27-3)11-9-15/h5,7-12,20,24,26H,6H2,1-4H3,(H,23,25)/t20-,22+/m0/s1",ZRZQXSGEIJXJEO-RBBKRZOGSA-N,CC(=CCC1=C(C2=C(C=C1)NC(=O)C(C2(C3=CC=C(C=C3)OC)O)OC)O)C
FT_17.413_319.15405,"(3,6,9,9a-tetramethyl-2,7-dioxo-3a,4,5,9b-tetrahydro-3H-azuleno[4,5-b]furan-4-yl) acetate",C18 H22 O5,L2.3,na,Organic compounds,Lipids and lipid-like molecules,Prenol lipids,Terpene lactones,Sesquiterpene lactones,163033309,"(3,6,9,9a-tetramethyl-2,7-dioxo-3a,4,5,9b-tetrahydro-3H-azuleno[4,5-b]furan-4-yl) acetate",NA,"	
C18H22O5","InChI=1S/C18H22O5/c1-8-6-13(22-11(4)19)14-10(3)17(21)23-16(14)18(5)9(2)7-12(20)15(8)18/h7,10,13-14,16H,6H2,1-5H3",FXEJLRKTIPQDPO-UHFFFAOYSA-N,CC1C2C(CC(=C3C(=O)C=C(C3(C2OC1=O)C)C)C)OC(=O)C
FT_11.794_197.08092,"Methyl 2,4-dihydroxy-3,6-dimethylbenzoate",C10 H12 O4,L2.3,na,Organic compounds,Benzenoids,Benzene and substituted derivatives,Benzoic acids and derivatives,Benzoic acid esters,78435,"Methyl 2,4-dihydroxy-3,6-dimethylbenzoate",196.0735589,C10H12O4,"InChI=1S/C10H12O4/c1-5-4-7(11)6(2)9(12)8(5)10(13)14-3/h4,11-12H,1-3H3",UUQHKWMIDYRWHH-UHFFFAOYSA-N,CC1=CC(=C(C(=C1C(=O)OC)O)C)O
FT_11.834_119.07021,Methyl 3-hydroxybutyrate,C5 H10 O3,L2.3,na,Organic compounds,Organic acids and derivatives,Hydroxy acids and derivatives,Beta hydroxy acids and derivatives,NA,15146,Methyl 3-hydroxybutyrate,118.0629942,C5H10O3,"InChI=1S/C5H10O3/c1-4(6)3-5(7)8-2/h4,6H,3H2,1-2H3",LDLDJEAVRNAEBW-UHFFFAOYSA-N,CC(CC(=O)OC)O
FT_11.929_277.06831,Dehydrocitreoisocoumarin,C14 H12 O6,L2.2,na,Organic compounds,Phenylpropanoids and polyketides,Isocoumarins and derivatives,NA,NA,146672858,Dehydrocitreoisocoumarin,276.0633881,C14H12O6,"InChI=1S/C14H12O6/c1-7(15)2-9(16)5-11-4-8-3-10(17)6-12(18)13(8)14(19)20-11/h3-4,6,17-18H,2,5H2,1H3",XEKXZRSDQWXNPC-UHFFFAOYSA-N,CC(=O)CC(=O)CC1=CC2=CC(=CC(=C2C(=O)O1)O)O
FT_11.931_237.07573,5-acetyl-2-(acetyloxy)phenyl acetate,C12 H12 O5,L2.3,na,Organic compounds,Organic oxygen compounds,Organooxygen compounds,Carbonyl compounds,Ketones,3854540,Acetic acid 2-acetoxy-5-acetyl-phenyl ester,236.0684735,C12H12O5,"InChI=1S/C12H12O5/c1-7(13)10-4-5-11(16-8(2)14)12(6-10)17-9(3)15/h4-6H,1-3H3",DBRDKWNUFUAJKH-UHFFFAOYSA-N,CC(=O)C1=CC(=C(C=C1)OC(=O)C)OC(=O)C
FT_11.951_219.10167,Eupatoriochromene,C13 H14 O3,L2.2,na,Organic compounds,Organoheterocyclic compounds,Benzopyrans,1-benzopyrans,"2,2-dimethyl-1-benzopyrans",100768,Eupatoriochromene,218.0942943,C13H14O3,"InChI=1S/C13H14O3/c1-8(14)10-6-9-4-5-13(2,3)16-12(9)7-11(10)15/h4-7,15H,1-3H3",SVUVYHFYZBCYRF-UHFFFAOYSA-N,CC(=O)C1=C(C=C2C(=C1)C=CC(O2)(C)C)O
FT_11.963_202.14373,"Decanoic acid, 2-amino-8-oxo-, (2S)-",C10 H19 N O3,L2.3,na,Organic compounds,Organic acids and derivatives,Carboxylic acids and derivatives,"Amino acids, peptides, and analogues",Amino acids and derivatives,11708501,"Decanoic acid, 2-amino-8-oxo-, (2S)-",201.1364935,C10H19NO3,"InChI=1S/C10H19NO3/c1-2-8(12)6-4-3-5-7-9(11)10(13)14/h9H,2-7,11H2,1H3,(H,13,14)/t9-/m0/s1",OUGZJFOMQFQKAD-VIFPVBQESA-N,CCC(=O)CCCCCC(C(=O)O)N
FT_11.964_265.07067,"3,3'-Methylenebis(4-hydroxy-6-methyl-2H-pyran-2-one)",C13 H12 O6,L2.3,na,Organic compounds,Organoheterocyclic compounds,Pyrans,Pyranones and derivatives,NA,54686330,"3,3'-Methylenebis(4-hydroxy-6-methyl-2H-pyran-2-one)",264.0633881,C13H12O6,"InChI=1S/C13H12O6/c1-6-3-10(14)8(12(16)18-6)5-9-11(15)4-7(2)19-13(9)17/h3-4,14-15H,5H2,1-2H3",DVLLGHPCJPEUHA-UHFFFAOYSA-N,CC1=CC(=C(C(=O)O1)CC2=C(C=C(OC2=O)C)O)O
FT_11.998_324.14413,Boc-Asp(OBzl)-OH,C16 H21 N O6,L2.3,na,Organic compounds,Organic acids and derivatives,Carboxylic acids and derivatives,"Amino acids, peptides, and analogues",Amino acids and derivatives,1581888,Boc-Asp(OBzl)-OH,323.1368874,C16H21NO6,"InChI=1S/C16H21NO6/c1-16(2,3)23-15(21)17-12(14(19)20)9-13(18)22-10-11-7-5-4-6-8-11/h4-8,12H,9-10H2,1-3H3,(H,17,21)(H,19,20)/t12-/m0/s1",SOHLZANWVLCPHK-LBPRGKRZSA-N,CC(C)(C)OC(=O)NC(CC(=O)OCC1=CC=CC=C1)C(=O)O
FT_17.442_231.13795,"7-Methyl-3-methylene-6-(3-oxobutyl)-3,3a,4,7,8,8a-hexahydro-2H-cyclohepta[b]furan-2-one",C15 H20 O3,L2.1,NA,Organic compounds,Lipids and lipid-like molecules,Prenol lipids,Terpene lactones,Sesquiterpene lactones,NA,"2H-Cyclohepta[b]furan-2-one, 3,3a,4,7,8,8a-hexahydro-7-methyl-3-methylene-6-(3-oxobutyl)-",NA,"	
C15H20O3","InChI=1S/C15H20O3/c1-9-8-14-13(11(3)15(17)18-14)7-6-12(9)5-4-10(2)16/h6,9,13-14H,3-5,7-8H2,1-2H3",AVFIYMSJDDGDBQ-UHFFFAOYSA-N,CC1CC2C(CC=C1CCC(=O)C)C(=C)C(=O)O2
FT_12.079_109.10113,"5-Methylhepta-1,3,6-triene",C8 H12,L2.3,na,Organic compounds,Hydrocarbons,Unsaturated hydrocarbons,Olefins,Acyclic olefins,136707,"5-Methylhepta-1,3,6-triene",108.0939004,C8H12,"InChI=1S/C8H12/c1-4-6-7-8(3)5-2/h4-8H,1-2H2,3H3",NDRUXLROLQGDNL-UHFFFAOYSA-N,CC(C=C)C=CC=C
FT_12.079_169.12233,"2-Cyclohexen-1-one, 4-hydroxy-3-methyl-6-(1-methylethyl)-",C10 H16 O2,L2.3,na,Organic compounds,Lipids and lipid-like molecules,Prenol lipids,Monoterpenoids,Menthane monoterpenoids,566981,"2-Cyclohexen-1-one, 4-hydroxy-3-methyl-6-(1-methylethyl)-",168.1150297,C10H16O2,"InChI=1S/C10H16O2/c1-6(2)8-5-9(11)7(3)4-10(8)12/h4,6,8-9,11H,5H2,1-3H3",HEJGMQATUPGCRD-UHFFFAOYSA-N,CC1=CC(=O)C(CC1O)C(C)C
FT_12.081_83.04916,"cis-2,4-Pentadienal",C5 H6 O,L2.2,na,Organic compounds,Organic oxygen compounds,Organooxygen compounds,Carbonyl compounds,"Alpha,beta-unsaturated carbonyl compounds",5356697,"cis-2,4-Pentadienal",82.04186481,C5H6O,"InChI=1S/C5H6O/c1-2-3-4-5-6/h2-5H,1H2/b4-3-",PPXGQLMPUIVFRE-ARJAWSKDSA-N,C=CC=CC=O
FT_12.112_202.14371,8(S)-Amino-2(R)-methyl-7-oxononanoic acid,C10 H19 N O3,L2.3,na,Organic compounds,Lipids and lipid-like molecules,Fatty Acyls,Fatty acids and conjugates,Medium-chain fatty acids,177363,8(S)-Amino-2(R)-methyl-7-oxononanoic acid,201.1364935,C10H19NO3,"InChI=1S/C10H19NO3/c1-7(10(13)14)5-3-4-6-9(12)8(2)11/h7-8H,3-6,11H2,1-2H3,(H,13,14)/t7-,8+/m1/s1",YBWPFLPQZXWNNM-SFYZADRCSA-N,CC(CCCCC(=O)C(C)N)C(=O)O
FT_12.135_171.10176,3-(2-Oxocyclohexyl)propanoic acid,C9 H14 O3,L2.3,na,Organic compounds,Lipids and lipid-like molecules,Fatty Acyls,Fatty acids and conjugates,Carbocyclic fatty acids,98393,3-(2-Oxocyclohexyl)propanoic acid,170.0942943,C9H14O3,"InChI=1S/C9H14O3/c10-8-4-2-1-3-7(8)5-6-9(11)12/h7H,1-6H2,(H,11,12)",JCIZEWRBCTUEFG-UHFFFAOYSA-N,C1CCC(=O)C(C1)CCC(=O)O
FT_12.162_209.08087,"3-(3,5-dimethoxyphenyl)prop-2-enoic acid",C11 H12 O4,L2.3,na,Organic compounds,Phenylpropanoids and polyketides,Cinnamic acids and derivatives,Hydroxycinnamic acids and derivatives,Coumaric acids and derivatives,86092,"3-(3,5-Dimethoxyphenyl)prop-2-enoic acid",208.0735589,C11H12O4,"InChI=1S/C11H12O4/c1-14-9-5-8(3-4-11(12)13)6-10(7-9)15-2/h3-7H,1-2H3,(H,12,13)",VLSRUFWCGBMYDJ-UHFFFAOYSA-N,COC1=CC(=CC(=C1)C=CC(=O)O)OC
FT_12.206_109.10113,"1,2-Dimethyl-1,4-cyclohexadiene",C8 H12,L2.3,na,Organic compounds,Hydrocarbons,Unsaturated hydrocarbons,Branched unsaturated hydrocarbons,NA,140223,"1,2-Dimethyl-1,4-cyclohexadiene",108.0939004,C8H12,"InChI=1S/C8H12/c1-7-5-3-4-6-8(7)2/h3-4H,5-6H2,1-2H3",QBSFOUVYWBJKBF-UHFFFAOYSA-N,CC1=C(CC=CC1)C
FT_12.206_169.12233,"2-Cyclohexen-1-one, 4-hydroxy-3-methyl-6-(1-methylethyl)-",C10 H16 O2,L2.3,na,Organic compounds,Lipids and lipid-like molecules,Prenol lipids,Monoterpenoids,Menthane monoterpenoids,566981,"2-Cyclohexen-1-one, 4-hydroxy-3-methyl-6-(1-methylethyl)-",168.1150297,C10H16O2,"InChI=1S/C10H16O2/c1-6(2)8-5-9(11)7(3)4-10(8)12/h4,6,8-9,11H,5H2,1-3H3",HEJGMQATUPGCRD-UHFFFAOYSA-N,CC1=CC(=O)C(CC1O)C(C)C
FT_12.219_197.11725,Trichocyalide B,C11 H16 O3,L2.3,na,Organic compounds,Lipids and lipid-like molecules,Fatty Acyls,Fatty alcohols,NA,78093701,Trichocyalide B,196.1099444,C11H16O3,"InChI=1S/C11H16O3/c1-3-4-5-6-10(12)9-7-14-11(13)8(9)2/h3-4,10,12H,5-7H2,1-2H3",WGPOFWGOLKSEIR-UHFFFAOYSA-N,CC=CCCC(C1=C(C(=O)OC1)C)O
FT_17.482_179.07029,NP-012042,C10 H12 O4,L2.1,NA,Organic compounds,Organoheterocyclic compounds,Pyrans,Pyranones and derivatives,Pyranones and derivatives,"	45359427","6-[(E)-3,4-dihydroxypent-1-enyl]pyran-2-one",NA,C10H12O4,"InChI=1S/C10H12O4/c1-7(11)9(12)6-5-8-3-2-4-10(13)14-8/h2-7,9,11-12H,1H3/b6-5+",HAMNKHJHOZJTEE-AATRIKPKSA-N,CC(C(/C=C/C1=CC=CC(=O)O1)O)O
FT_12.241_179.07033,4-Hydroxy-3-methoxycinnamaldehyde,C10 H10 O3,L2.3,na,Organic compounds,Benzenoids,Phenols,Methoxyphenols,NA,5280536,4-Hydroxy-3-methoxycinnamaldehyde,178.0629942,C10H10O3,"InChI=1S/C10H10O3/c1-13-10-7-8(3-2-6-11)4-5-9(10)12/h2-7,12H,1H3/b3-2+",DKZBBWMURDFHNE-NSCUHMNNSA-N,COC1=C(C=CC(=C1)C=CC=O)O
FT_12.260_235.06014,Hexaketide pyrone,C12 H10 O5,L2.2,na,Organic compounds,Benzenoids,Phenols,Benzenediols,Resorcinols,54750156,Hexaketide pyrone,233.0449984,C12H9O5-,"InChI=1S/C12H10O5/c1-6-2-7(13)3-9(15)12(6)10-4-8(14)5-11(16)17-10/h2-5,13-15H,1H3/p-1",PNZHRLSVSIGZON-UHFFFAOYSA-M,CC1=CC(=CC(=C1C2=CC(=CC(=O)O2)O)[O-])O
FT_12.324_183.06534,"Methyl 2,4-dihydroxy-6-methylbenzoate",C9 H10 O4,L2.3,na,Organic compounds,Benzenoids,Benzene and substituted derivatives,Benzoic acids and derivatives,Benzoic acid esters,76658,Methyl Orsellinate,182.0579088,C9H10O4,"InChI=1S/C9H10O4/c1-5-3-6(10)4-7(11)8(5)9(12)13-2/h3-4,10-11H,1-2H3",NCCWCZLEACWJIN-UHFFFAOYSA-N,CC1=CC(=CC(=C1C(=O)OC)O)O
FT_12.342_223.09646,Dihydrodeoxy-8-epiaustdiol,C12 H14 O4,L2.3,na,Organic compounds,Organoheterocyclic compounds,Azaphilones,NA,NA,76551322,Dihydrodeoxy-8-epiaustdiol,222.0892089,C12H14O4,"InChI=1S/C12H14O4/c1-6-4-8-7(2)10(13)12(3,15)11(14)9(8)5-16-6/h4-5,11,14-15H,1-3H3",JVUYBLROBHJEJN-UHFFFAOYSA-N,CC1=CC2=C(C(=O)C(C(C2=CO1)O)(C)O)C
FT_12.343_165.05466,"3-(2,5-Dihydroxyphenyl)prop-2-enal",C9 H8 O3,L2.3,na,Organic compounds,Phenylpropanoids and polyketides,Cinnamaldehydes,NA,NA,85638857,"3-(2,5-Dihydroxyphenyl)prop-2-enal",164.0473441,C9H8O3,"InChI=1S/C9H8O3/c10-5-1-2-7-6-8(11)3-4-9(7)12/h1-6,11-12H",NFZXTKAGXSVCRD-UHFFFAOYSA-N,C1=CC(=C(C=C1O)C=CC=O)O
FT_17.498_237.11217,NP-000919,C11 H18 O4,L2.1,NA,NA,NA,NA,NA,NA,NA,NA,NA,NA,NA,NA,NA
FT_12.510_209.08084,"3,4-Dihydroxy cinnamic acid",C11 H12 O4,L2.3,na,Organic compounds,Phenylpropanoids and polyketides,Cinnamic acids and derivatives,Hydroxycinnamic acids and derivatives,Hydroxycinnamic acids,2518,"3,4-Dihydroxy cinnamic acid",180.0422587,C9H8O4,"InChI=1S/C9H8O4/c10-7-3-1-6(5-8(7)11)2-4-9(12)13/h1-5,10-11H,(H,12,13)",QAIPRVGONGVQAS-UHFFFAOYSA-N,C1=CC(=C(C=C1C=CC(=O)O)O)O
FT_12.553_239.09112,"2,3,5-Trimethoxy-6-(1-propenyl)-2,5-cyclohexadiene-1,4-dione",C12 H14 O5,L2.3,na,Organic compounds,Lipids and lipid-like molecules,Prenol lipids,Quinone and hydroquinone lipids,Prenylquinones,10868332,"2,3,5-Trimethoxy-6-(1-Propenyl)-2,5-Cyclohexadiene-1,4-Dione",238.0841235,C12H14O5,"InChI=1S/C12H14O5/c1-5-6-7-8(13)11(16-3)12(17-4)9(14)10(7)15-2/h5-6H,1-4H3/b6-5+",RTBKABKNDSZTIA-AATRIKPKSA-N,CC=CC1=C(C(=O)C(=C(C1=O)OC)OC)OC
FT_12.554_149.09609,"2-Methyl-5-prop-1-en-2-ylcyclohexa-2,4-dien-1-one",C10 H12 O,L2.3,na,Organic compounds,Lipids and lipid-like molecules,Prenol lipids,Monoterpenoids,Menthane monoterpenoids,91747947,"2-Methyl-5-prop-1-en-2-ylcyclohexa-2,4-dien-1-one",148.088815,C10H12O,"InChI=1S/C10H12O/c1-7(2)9-5-4-8(3)10(11)6-9/h4-5H,1,6H2,2-3H3",KCTUHBUFBGTZER-UHFFFAOYSA-N,CC1=CC=C(CC1=O)C(=C)C
FT_12.554_293.08636,"6-[(E)-3-carboxy-2-methylprop-2-enoxy]-3,4,5-trihydroxyoxane-2-carboxylic acid",C11 H16 O9,L2.2,na,Organic compounds,Lipids and lipid-like molecules,Saccharolipids,NA,NA,131835220,"6-[(E)-3-carboxy-2-methylprop-2-enoxy]-3,4,5-trihydroxyoxane-2-carboxylic acid",292.0794321,C11H16O9,"InChI=1S/C11H16O9/c1-4(2-5(12)13)3-19-11-8(16)6(14)7(15)9(20-11)10(17)18/h2,6-9,11,14-16H,3H2,1H3,(H,12,13)(H,17,18)/b4-2+",IDTPYKZLGVPWSO-DUXPYHPUSA-N,CC(=CC(=O)O)COC1C(C(C(C(O1)C(=O)O)O)O)O
FT_12.555_167.10667,"2,5-Cyclohexadien-1-one, 4-hydroxy-2,3,5,6-tetramethyl-",C10 H14 O2,L2.3,na,Organic compounds,Organic oxygen compounds,Organooxygen compounds,Alcohols and polyols,Secondary alcohols,123772,"2,5-Cyclohexadien-1-one, 4-hydroxy-2,3,5,6-tetramethyl-",166.0993797,C10H14O2,"InChI=1S/C10H14O2/c1-5-6(2)10(12)8(4)7(3)9(5)11/h9,11H,1-4H3",RMVJRVKBWWOYPN-UHFFFAOYSA-N,CC1=C(C(=O)C(=C(C1O)C)C)C
FT_12.561_255.08605,"Methyl 4-acetyloxy-3,5-dimethoxybenzoate",C12 H14 O6,L2.3,na,Organic compounds,Benzenoids,Benzene and substituted derivatives,Benzoic acids and derivatives,Hydroxybenzoic acid derivatives,14299523,"Methyl 4-acetyloxy-3,5-dimethoxybenzoate",254.0790382,C12H14O6,"InChI=1S/C12H14O6/c1-7(13)18-11-9(15-2)5-8(12(14)17-4)6-10(11)16-3/h5-6H,1-4H3",LFGUHOLEYXHXKZ-UHFFFAOYSA-N,CC(=O)OC1=C(C=C(C=C1OC)C(=O)OC)OC
FT_17.516_261.11216,"(3aR,4R,11aR)-4-hydroxy-10-(hydroxymethyl)-3-methylidene-2-oxo-2H,3H,3aH,4H,5H,8H,9H,11aH-cyclodeca[b]furan-6-carbaldehyde",C15 H18 O5,L2.1,NA,NA,NA,NA,NA,NA,NA,NA,NA,NA,NA,NA,NA
FT_12.618_235.06013,Hexaketide pyrone,C12 H10 O5,L2.3,na,Organic compounds,Benzenoids,Phenols,Benzenediols,Resorcinols,54750156,Hexaketide pyrone,233.0449984,C12H9O5-,"InChI=1S/C12H10O5/c1-6-2-7(13)3-9(15)12(6)10-4-8(14)5-11(16)17-10/h2-5,13-15H,1H3/p-1",PNZHRLSVSIGZON-UHFFFAOYSA-M,CC1=CC(=CC(=C1C2=CC(=CC(=O)O2)O)[O-])O
FT_12.662_249.07560,2-(7-Methoxy-4-methyl-2-oxochromen-3-yl)acetate,C13 H12 O5,L2.3,na,Organic compounds,Phenylpropanoids and polyketides,Coumarins and derivatives,NA,NA,7083947,2-(7-Methoxy-4-methyl-2-oxochromen-3-yl)acetate,247.0606485,C13H11O5-,"InChI=1S/C13H12O5/c1-7-9-4-3-8(17-2)5-11(9)18-13(16)10(7)6-12(14)15/h3-5H,6H2,1-2H3,(H,14,15)/p-1",HJBKLHJMBSDFCB-UHFFFAOYSA-M,CC1=C(C(=O)OC2=C1C=CC(=C2)OC)CC(=O)[O-]
FT_12.690_185.04449,"2,6-Dihydroxy-4-methoxybenzoic acid",C8 H8 O5,L2.3,na,Organic compounds,Benzenoids,Benzene and substituted derivatives,Benzoic acids and derivatives,Methoxybenzoic acids and derivatives,6708611,"2,6-Dihydroxy-4-methoxybenzoic acid",184.0371734,C8H8O5,"InChI=1S/C8H8O5/c1-13-4-2-5(9)7(8(11)12)6(10)3-4/h2-3,9-10H,1H3,(H,11,12)",FMWLFUMFGLGSCD-UHFFFAOYSA-N,COC1=CC(=C(C(=C1)O)C(=O)O)O
FT_12.691_227.09140,"1-(2-Hydroxy-3,4,6-trimethoxyphenyl)ethanone",C11 H14 O5,L2.3,na,Organic compounds,Organic oxygen compounds,Organooxygen compounds,Carbonyl compounds,Ketones,344492,"1-(2-Hydroxy-3,4,6-trimethoxyphenyl)ethanone",226.0841235,C11H14O5,"InChI=1S/C11H14O5/c1-6(12)9-7(14-2)5-8(15-3)11(16-4)10(9)13/h5,13H,1-4H3",WLTFZNFPHXCIAO-UHFFFAOYSA-N,CC(=O)C1=C(C(=C(C=C1OC)OC)OC)O
FT_12.723_202.14371,"5-(1,2-Dihydroxypropan-2-yl)-2-methylcyclohex-2-en-1-one",C10 H16 O3,L2.2,na,Organic compounds,Lipids and lipid-like molecules,Prenol lipids,Monoterpenoids,Menthane monoterpenoids,73120805,"5-(1,2-Dihydroxypropan-2-yl)-2-methylcyclohex-2-en-1-one",184.1099444,C10H16O3,"InChI=1S/C10H16O3/c1-7-3-4-8(5-9(7)12)10(2,13)6-11/h3,8,11,13H,4-6H2,1-2H3",AOKPDATZUBLDMG-UHFFFAOYSA-N,CC1=CCC(CC1=O)C(C)(CO)O
FT_17.541_467.20646,"(7R,8R)-8-(3,4-dimethoxyphenyl)-5,7-dihydroxy-2,2-dimethyl-10-(3-methylbut-2-enyl)-7,8-dihydropyrano[3,2-g]chromen-6-one",C27 H30 O7,L2.3,na,Organic compounds,Phenylpropanoids and polyketides,Flavonoids,Flavans,8-prenylated flavans,"	44179865","(7R,8R)-8-(3,4-dimethoxyphenyl)-5,7-dihydroxy-2,2-dimethyl-10-(3-methylbut-2-enyl)-7,8-dihydropyrano[3,2-g]chromen-6-one",NA,C27H30O7,"InChI=1S/C27H30O7/c1-14(2)7-9-17-25-16(11-12-27(3,4)34-25)21(28)20-22(29)23(30)24(33-26(17)20)15-8-10-18(31-5)19(13-15)32-6/h7-8,10-13,23-24,28,30H,9H2,1-6H3/t23-,24+/m0/s1",WCTRYHAQIBWVEQ-BJKOFHAPSA-N,CC(=CCC1=C2C(=C(C3=C1O[C@@H]([C@H](C3=O)O)C4=CC(=C(C=C4)OC)OC)O)C=CC(O2)(C)C)C
FT_12.768_223.09653,"1,3-Diacetyl-4,6-dimethoxybenzene",C12 H14 O4,L2.3,na,Organic compounds,Organic oxygen compounds,Organooxygen compounds,Carbonyl compounds,Ketones,2758026,"1,1'-(4,6-Dimethoxy-1,3-phenylene)di(ethan-1-one)",222.0892089,C12H14O4,"InChI=1S/C12H14O4/c1-7(13)9-5-10(8(2)14)12(16-4)6-11(9)15-3/h5-6H,1-4H3",NSPIPHLQGRBQKJ-UHFFFAOYSA-N,CC(=O)C1=CC(=C(C=C1OC)OC)C(=O)C
FT_12.826_249.07576,(7-Methoxy-4-methyl-2-oxo-2h-chromen-3-yl)acetic acid,C13 H12 O5,L2.3,na,Organic compounds,Phenylpropanoids and polyketides,Coumarins and derivatives,NA,NA,907507,(7-Methoxy-4-methyl-2-oxo-2h-chromen-3-yl)acetic acid,248.0684735,C13H12O5,"InChI=1S/C13H12O5/c1-7-9-4-3-8(17-2)5-11(9)18-13(16)10(7)6-12(14)15/h3-5H,6H2,1-2H3,(H,14,15)",HJBKLHJMBSDFCB-UHFFFAOYSA-N,CC1=C(C(=O)OC2=C1C=CC(=C2)OC)CC(=O)O
FT_12.893_191.10404,"(2S,6S)-2,6-diaminoheptanedioic acid",C7 H14 N2 O4,L2.3,na,Organic compounds,Organic acids and derivatives,Carboxylic acids and derivatives,"Amino acids, peptides, and analogues",Amino acids and derivatives,439283,"(2S,6S)-2,6-diaminoheptanedioic acid",190.0953569,C7H14N2O4,"InChI=1S/C7H14N2O4/c8-4(6(10)11)2-1-3-5(9)7(12)13/h4-5H,1-3,8-9H2,(H,10,11)(H,12,13)/t4-,5-/m0/s1",GMKMEZVLHJARHF-WHFBIAKZSA-N,C(CC(C(=O)O)N)CC(C(=O)O)N
FT_12.894_183.13796,Tsibulin 2,C11 H18 O2,L2.2,na,Organic compounds,Organic oxygen compounds,Organooxygen compounds,Carbonyl compounds,"1,3-dicarbonyl compounds",14391671,Tsibulin 2,182.1306798,C11H18O2,"InChI=1S/C11H18O2/c1-2-3-4-5-6-9-7-10(12)8-11(9)13/h9H,2-8H2,1H3",XVMHOOYMJFUEQW-UHFFFAOYSA-N,CCCCCCC1CC(=O)CC1=O
FT_12.928_299.11251,Aspergilate D,C14 H18 O7,L2.2,na,Organic compounds,Organic oxygen compounds,Organooxygen compounds,Carbonyl compounds,Ketones,146684431,Aspergilate D,298.1052529,C14H18O7,"InChI=1S/C14H18O7/c1-7(15)8-4-5-9(16)12(13(8)18)11(20-2)6-10(17)14(19)21-3/h4-5,10-11,16-18H,6H2,1-3H3/t10-,11+/m1/s1",QCTHNKWYLYVZEY-MNOVXSKESA-N,CC(=O)C1=C(C(=C(C=C1)O)C(CC(C(=O)OC)O)OC)O
FT_17.697_321.13342,"4-acetoxy-10-methyl-3-methylene-2-oxo-3a,4,5,8,9,11a-hexahydrocyclodeca[b]furan-6-carboxylic acid",C17 H20 O6,L2.3,na,Organic compounds,Lipids and lipid-like molecules,Prenol lipids,Terpene lactones,Sesquiterpene lactones,NA,NA,NA,NA,"InChI=1S/C17H20O6/c1-9-5-4-6-12(16(19)20)8-14(22-11(3)18)15-10(2)17(21)23-13(15)7-9/h6-7,13-15H,2,4-5,8H2,1,3H3,(H,19,20)",HDEPPYRXHLVZEU-UHFFFAOYSA-N,C=C1C(=O)OC2C=C(C)CCC=C(C(=O)O)CC(OC(C)=O)C12
FT_12.932_219.10163,Asperfuran,C13 H14 O3,L2.2,na,Organic compounds,Organoheterocyclic compounds,Coumarans,NA,NA,11969970,Asperfuran,218.0942943,C13H14O3,"InChI=1S/C13H14O3/c1-2-3-4-5-11-7-9-6-10(14)8-12(15)13(9)16-11/h2-6,8,11,14-15H,7H2,1H3/b3-2+,5-4+/t11-/m0/s1",WTFIFQXTQCYJKU-JWVODRKRSA-N,CC=CC=CC1CC2=C(O1)C(=CC(=C2)O)O
FT_12.939_253.10703,Eugenone,C13 H16 O5,L2.3,na,Organic compounds,Organic oxygen compounds,Organooxygen compounds,Carbonyl compounds,Ketones,5317271,Eugenone,252.0997736,C13H16O5,"InChI=1S/C13H16O5/c1-8(14)5-10(15)13-11(17-3)6-9(16-2)7-12(13)18-4/h6-7H,5H2,1-4H3",ZYRBXTNFHYZHSK-UHFFFAOYSA-N,CC(=O)CC(=O)C1=C(C=C(C=C1OC)OC)OC
FT_13.033_366.15475,Erucifoline N-oxide,C18 H23 N O7,L2.2,na,Organic compounds,Alkaloids and derivatives,NA,NA,NA,132282054,Erucifoline N-oxide,365.1474521,C18H23NO7,"InChI=1S/C18H23NO7/c1-3-11-8-18(10-20)17(2,26-18)16(22)24-9-12-4-6-19(23)7-5-13(14(12)19)25-15(11)21/h3-4,13-14,20H,5-10H2,1-2H3/b11-3-/t13-,14-,17+,18+,19?/m1/s1",IJAULDQGSBFPPG-HHXOVEJCSA-N,CC=C1CC2(C(O2)(C(=O)OCC3=CC[N+]4(C3C(CC4)OC1=O)[O-])C)CO
FT_13.094_295.11759,Tutin,C15 H18 O6,L2.2,na,Organic compounds,Organoheterocyclic compounds,Lactones,Gamma butyrolactones,NA,75729,Tutin,294.1103383,C15H18O6,"InChI=1S/C15H18O6/c1-5(2)6-7-12(17)20-8(6)9(16)13(3)14(4-19-14)10-11(21-10)15(7,13)18/h6-11,16,18H,1,4H2,2-3H3/t6-,7+,8+,9+,10+,11-,13-,14+,15-/m0/s1",CCAZWUJBLXKBAY-ULZPOIKGSA-N,CC(=C)C1C2C(C3(C4(CO4)C5C(C3(C1C(=O)O2)O)O5)C)O
FT_17.727_319.22678,NP-014287,C18 H32 O3,L2.1,NA,Organic compounds,Lipids and lipid-like molecules,Fatty Acyls,Lineolic acids and derivatives,Lineolic acids and derivatives,"	45359531","(9E,11Z)-8-hydroxyoctadeca-9,11-dienoic acid",NA,"	
C18H32O3","InChI=1S/C18H32O3/c1-2-3-4-5-6-7-8-11-14-17(19)15-12-9-10-13-16-18(20)21/h7-8,11,14,17,19H,2-6,9-10,12-13,15-16H2,1H3,(H,20,21)/b8-7-,14-11+",NTYHQKJCCYNCMG-LMEHAKNHSA-N,CCCCCC/C=C\C=C\C(CCCCCCC(=O)O)O
FT_13.227_237.07573,Acetic acid 2-acetoxy-5-acetyl-phenyl ester,C12 H12 O5,L2.3,na,Organic compounds,Organic oxygen compounds,Organooxygen compounds,Carbonyl compounds,Ketones,3854540,Acetic acid 2-acetoxy-5-acetyl-phenyl ester,236.0684735,C12H12O5,"InChI=1S/C12H12O5/c1-7(13)10-4-5-11(16-8(2)14)12(6-10)17-9(3)15/h4-6H,1-3H3",DBRDKWNUFUAJKH-UHFFFAOYSA-N,CC(=O)C1=CC(=C(C=C1)OC(=O)C)OC(=O)C
FT_13.230_244.22706,N-(2-Hydroxyethyl)dodecanamide,C14 H29 N O2,L2.2,na,Organic compounds,Organic acids and derivatives,Carboximidic acids and derivatives,Carboximidic acids,NA,8899,N-(2-Hydroxyethyl)dodecanamide,243.2198292,C14H29NO2,"InChI=1S/C14H29NO2/c1-2-3-4-5-6-7-8-9-10-11-14(17)15-12-13-16/h16H,2-13H2,1H3,(H,15,17)",QZXSMBBFBXPQHI-UHFFFAOYSA-N,CCCCCCCCCCCC(=O)NCCO
FT_13.257_239.09130,46-Dimethylcurvulinic acid,C12 H14 O5,L2.3,na,Organic compounds,Organic oxygen compounds,Organooxygen compounds,Carbonyl compounds,Ketones,44715172,46-Dimethylcurvulinic acid,238.0841235,C12H14O5,"InChI=1S/C12H14O5/c1-5-8(4-9(14)15)10(7(3)13)12(17)6(2)11(5)16/h16-17H,4H2,1-3H3,(H,14,15)",OWTQYBKDLMPBEH-UHFFFAOYSA-N,CC1=C(C(=C(C(=C1O)C)O)C(=O)C)CC(=O)O
FT_13.279_253.07065,"8-Hydroxy-5,6,7-trimethoxychromen-2-one",C12 H12 O6,L2.3,na,Organic compounds,Phenylpropanoids and polyketides,Coumarins and derivatives,Hydroxycoumarins,NA,5323870,"8-Hydroxy-5,6,7-trimethoxychromen-2-one",252.0633881,C12H12O6,"InChI=1S/C12H12O6/c1-15-10-6-4-5-7(13)18-9(6)8(14)11(16-2)12(10)17-3/h4-5,14H,1-3H3",QGXDLWSOPOSJDE-UHFFFAOYSA-N,COC1=C(C(=C(C2=C1C=CC(=O)O2)O)OC)OC
FT_13.284_251.12774,Preremirol,C14 H18 O4,L2.3,na,Organic compounds,Organic oxygen compounds,Organooxygen compounds,Carbonyl compounds,Ketones,10890323,Preremirol,250.1205091,C14H18O4,"InChI=1S/C14H18O4/c1-8(2)5-6-10-11(16)7-12(18-4)13(9(3)15)14(10)17/h5,7,16-17H,6H2,1-4H3",KASLWEHUDINBOP-UHFFFAOYSA-N,CC(=CCC1=C(C(=C(C=C1O)OC)C(=O)C)O)C
FT_13.285_279.08631,"2,3,5,7-Tetramethoxynaphthoquinone",C14 H14 O6,L2.3,na,Organic compounds,Benzenoids,Naphthalenes,Naphthoquinones,NA,12368943,"2,3,5,7-Tetramethoxynaphthoquinone",278.0790382,C14H14O6,"InChI=1S/C14H14O6/c1-17-7-5-8-10(9(6-7)18-2)12(16)14(20-4)13(19-3)11(8)15/h5-6H,1-4H3",YESOUTLOTNXAKA-UHFFFAOYSA-N,COC1=CC2=C(C(=C1)OC)C(=O)C(=C(C2=O)OC)OC
FT_13.287_225.07575,"1-(3-Acetyl-2,4-dihydroxy-6-methoxyphenyl)ethan-1-one",C11 H12 O5,L2.3,na,Organic compounds,Organic oxygen compounds,Organooxygen compounds,Carbonyl compounds,Ketones,2775170,"1-(3-Acetyl-2,4-dihydroxy-6-methoxyphenyl)ethan-1-one",224.0684735,C11H12O5,"InChI=1S/C11H12O5/c1-5(12)9-7(14)4-8(16-3)10(6(2)13)11(9)15/h4,14-15H,1-3H3",ZUQRDBCPZDOGMJ-UHFFFAOYSA-N,CC(=O)C1=C(C(=C(C=C1O)OC)C(=O)C)O
FT_13.317_251.09143,"1H-2-Benzopyran-1-one, 6,7,8-trimethoxy-3-methyl-",C13 H14 O5,L2.3,na,Organic compounds,Phenylpropanoids and polyketides,Isocoumarins and derivatives,NA,NA,11715770,"1H-2-Benzopyran-1-one, 6,7,8-trimethoxy-3-methyl-",250.0841235,C13H14O5,"InChI=1S/C13H14O5/c1-7-5-8-6-9(15-2)11(16-3)12(17-4)10(8)13(14)18-7/h5-6H,1-4H3",BGNQRUYYPMRSIG-UHFFFAOYSA-N,CC1=CC2=CC(=C(C(=C2C(=O)O1)OC)OC)OC
FT_13.330_233.08081,"Benzofuran, 2,5-diacetyl-6-methoxy-",C13 H12 O4,L2.3,na,Organic compounds,Organoheterocyclic compounds,Benzofurans,NA,NA,612527,"Benzofuran, 2,5-diacetyl-6-methoxy-",232.0735589,C13H12O4,"InChI=1S/C13H12O4/c1-7(14)10-4-9-5-11(8(2)15)17-12(9)6-13(10)16-3/h4-6H,1-3H3",QJIYGTAEIRBFIS-UHFFFAOYSA-N,CC(=O)C1=CC2=CC(=C(C=C2O1)OC)C(=O)C
FT_13.333_273.07341,"5,8-dihydroxy-10-methoxy-2-methyl-4H-benzo[h]chromen-4-one",C15 H12 O5,L2.3,na,Organic compounds,Organoheterocyclic compounds,Naphthopyrans,NA,NA,135418331,TMC-256c1,272.0684735,C15H12O5,"InChI=1S/C15H12O5/c1-7-3-10(17)14-11(18)5-8-4-9(16)6-12(19-2)13(8)15(14)20-7/h3-6,17-18H,1-2H3",NSAPXJZXVFHIHJ-UHFFFAOYSA-N,CC1=CC(=C2C(=CC3=CC(=O)C=C(C3=C2O1)OC)O)O
FT_17.788_277.14343,"4-methyl-5-[2-(1-methylene-2-oxo-propyl)-5-oxo-hexyl]cyclopent-4-ene-1,3-dione",C16 H20 O4,L2.3,na,Organic compounds,Organic oxygen compounds,Organooxygen compounds,Carbonyl compounds,"1,3-dicarbonyl compounds",NA,NA,NA,NA,"InChI=1S/C16H20O4/c1-9(17)5-6-13(10(2)12(4)18)7-14-11(3)15(19)8-16(14)20/h13H,2,5-8H2,1,3-4H3",FXKIBGQZUPCDFY-UHFFFAOYSA-N,C=C(C(C)=O)C(CCC(C)=O)CC1=C(C)C(=O)CC1=O
FT_13.400_201.16375,alpha-Corocalene,C15 H20,L2.2,na,Organic compounds,Lipids and lipid-like molecules,Prenol lipids,Sesquiterpenoids,NA,5316074,alpha-Corocalene,200.1565006,C15H20,"InChI=1S/C15H20/c1-10(2)13-8-6-12(4)14-7-5-11(3)9-15(13)14/h6,8-10H,5,7H2,1-4H3",VTUZIFHLLUSULC-UHFFFAOYSA-N,CC1=CC2=C(C=CC(=C2CC1)C)C(C)C
FT_17.788_315.19550,"1-ethyl-4b,8,8-trimethyl-10-oxo-6,7,8a,9-tetrahydro-5H-phenanthrene-2-carboxylic acid",C20 H26 O3,L2.3,na,Organic compounds,Lipids and lipid-like molecules,Prenol lipids,Diterpenoids,Diterpenoids,163085755,"1-ethyl-4b,8,8-trimethyl-10-oxo-6,7,8a,9-tetrahydro-5H-phenanthrene-2-carboxylic acid",NA,NA,"InChI=1S/C20H26O3/c1-5-12-13(18(22)23)7-8-14-17(12)15(21)11-16-19(2,3)9-6-10-20(14,16)4/h7-8,16H,5-6,9-11H2,1-4H3,(H,22,23)",MQRWMWZSUNCCDW-UHFFFAOYSA-N,CCC1=C(C=CC2=C1C(=O)CC3C2(CCCC3(C)C)C)C(=O)O
FT_17.837_415.21159,Bis(4-ethylbenzylidene)sorbitol,C24 H30 O6,L2.1,NA,NA,NA,NA,NA,NA,NA,NA,NA,NA,NA,NA,NA
FT_13.617_197.04447,Haematommic acid,C9 H8 O5,L2.3,na,Organic compounds,Benzenoids,Benzene and substituted derivatives,Benzoic acids and derivatives,Hydroxybenzoic acid derivatives,6710680,Haematommic Acid,196.0371734,C9H8O5,"InChI=1S/C9H8O5/c1-4-2-6(11)5(3-10)8(12)7(4)9(13)14/h2-3,11-12H,1H3,(H,13,14)",KCOOTJRKKIDHTM-UHFFFAOYSA-N,CC1=CC(=C(C(=C1C(=O)O)O)C=O)O
FT_13.642_195.10159,5-[(E)-but-1-enyl]-4-methoxy-6-methylpyran-2-one,C11 H14 O3,L2.3,na,Organic compounds,Organoheterocyclic compounds,Pyrans,Pyranones and derivatives,NA,38357489,5-[(E)-but-1-enyl]-4-methoxy-6-methylpyran-2-one,194.0942943,C11H14O3,"InChI=1S/C11H14O3/c1-4-5-6-9-8(2)14-11(12)7-10(9)13-3/h5-7H,4H2,1-3H3/b6-5+",YKTRFCJDTCAPSG-AATRIKPKSA-N,CCC=CC1=C(OC(=O)C=C1OC)C
FT_13.663_203.07093,"[1,1'-Biphenyl]-2,3',4-triol",C12 H10 O3,L2.2,na,Organic compounds,Benzenoids,Benzene and substituted derivatives,Biphenols,NA,77855,"[1,1'-Biphenyl]-2,3',4-triol",202.0629942,C12H10O3,"InChI=1S/C12H10O3/c13-9-3-1-2-8(6-9)11-5-4-10(14)7-12(11)15/h1-7,13-15H",HYFWTVWZCZMWEZ-UHFFFAOYSA-N,C1=CC(=CC(=C1)O)C2=C(C=C(C=C2)O)O
FT_13.704_269.17474,"3,11,12-Trihydroxy-1(10)-spirovetiven-2-one",C15 H24 O4,L2.3,na,Organic compounds,Lipids and lipid-like molecules,Prenol lipids,Sesquiterpenoids,NA,539964,"3,11,12-Trihydroxy-1(10)-spirovetiven-2-one",268.1674592,C15H24O4,"InChI=1S/C15H24O4/c1-9-6-12(17)13(18)10(2)15(9)5-4-11(7-15)14(3,19)8-16/h6,10-11,13,16,18-19H,4-5,7-8H2,1-3H3",DQOOWVDEQWNBKX-UHFFFAOYSA-N,CC1C(C(=O)C=C(C12CCC(C2)C(C)(CO)O)C)O
FT_17.868_331.19045,NP-020713,C20 H26 O4,L2.1,NA,NA,NA,NA,NA,NA,NA,NA,NA,NA,NA,NA,NA
FT_13.705_239.09124,5-Hydroxy-7-methoxy-4-(methoxymethyl)-6-methyl-1(3H)-isobenzofuranone,C12 H14 O5,L2.3,na,Organic compounds,Organoheterocyclic compounds,Isocoumarans,Isobenzofuranones,Phthalides,600713,5-Hydroxy-7-methoxy-4-(methoxymethyl)-6-methyl-1(3H)-isobenzofuranone,238.0841235,C12H14O5,"InChI=1S/C12H14O5/c1-6-10(13)8(4-15-2)7-5-17-12(14)9(7)11(6)16-3/h13H,4-5H2,1-3H3",FTEUTICEQLCESE-UHFFFAOYSA-N,CC1=C(C(=C2COC(=O)C2=C1OC)COC)O
FT_17.953_467.20645,"(7R,8R)-8-(3,4-dimethoxyphenyl)-5,7-dihydroxy-2,2-dimethyl-10-(3-methylbut-2-enyl)-7,8-dihydropyrano[3,2-g]chromen-6-one",C27H30O7,L2.2,na,Organic compounds,Phenylpropanoids and polyketides,Flavonoids,Flavans,8-prenylated flavans,"	44179865","(7R,8R)-8-(3,4-dimethoxyphenyl)-5,7-dihydroxy-2,2-dimethyl-10-(3-methylbut-2-enyl)-7,8-dihydropyrano[3,2-g]chromen-6-one",NA,C27H30O7,"InChI=1S/C27H30O7/c1-14(2)7-9-17-25-16(11-12-27(3,4)34-25)21(28)20-22(29)23(30)24(33-26(17)20)15-8-10-18(31-5)19(13-15)32-6/h7-8,10-13,23-24,28,30H,9H2,1-6H3/t23-,24+/m0/s1",WCTRYHAQIBWVEQ-BJKOFHAPSA-N,CC(=CCC1=C2C(=C(C3=C1O[C@@H]([C@H](C3=O)O)C4=CC(=C(C=C4)OC)OC)O)C=CC(O2)(C)C)C
FT_17.978_277.14344,"[(E)-3-(3,4-dimethoxyphenyl)prop-2-enyl] (Z)-2-methylbut-2-enoate",C16 H20 O4,L2.3,na,Organic compounds,Benzenoids,Benzene and substituted derivatives,Methoxybenzenes,Dimethoxybenzenes,"	10850064","[(E)-3-(3,4-dimethoxyphenyl)prop-2-enyl] (Z)-2-methylbut-2-enoate",NA,C16H20O4,"InChI=1S/C16H20O4/c1-5-12(2)16(17)20-10-6-7-13-8-9-14(18-3)15(11-13)19-4/h5-9,11H,10H2,1-4H3/b7-6+,12-5-",LSWIQAFXJMEWTA-PRIXGWFASA-N,C/C=C(/C)\C(=O)OC/C=C/C1=CC(=C(C=C1)OC)OC
FT_13.808_299.11020,Picein,C14 H18 O7,L2.2,na,Organic compounds,Organic oxygen compounds,Organooxygen compounds,Carbohydrates and carbohydrate conjugates,Glycosyl compounds,92123,Picein,298.1052529,C14H18O7,"InChI=1S/C14H18O7/c1-7(16)8-2-4-9(5-3-8)20-14-13(19)12(18)11(17)10(6-15)21-14/h2-5,10-15,17-19H,6H2,1H3/t10-,11-,12+,13-,14-/m1/s1",GOZCEKPKECLKNO-RKQHYHRCSA-N,CC(=O)C1=CC=C(C=C1)OC2C(C(C(C(O2)CO)O)O)O
FT_13.809_294.15474,N-(1-Deoxy-1-fructosyl)leucine,C12 H23 N O7,L2.3,na,Organic compounds,Organic acids and derivatives,Carboxylic acids and derivatives,"Amino acids, peptides, and analogues",Amino acids and derivatives,131752244,N-(1-Deoxy-1-fructosyl)leucine,293.1474521,C12H23NO7,"InChI=1S/C12H23NO7/c1-6(2)3-7(11(17)18)13-5-12(19)10(16)9(15)8(4-14)20-12/h6-10,13-16,19H,3-5H2,1-2H3,(H,17,18)/t7-,8+,9+,10-,12?/m0/s1",KGTRBDVOUPALMB-PPNLDZOPSA-N,CC(C)CC(C(=O)O)NCC1(C(C(C(O1)CO)O)O)O
FT_18.031_311.12773,2-(1-Benzofuran-2-yl)-1-(5-ethyl-2-hydroxy-4-methoxyphenyl)ethanone,C19H18O4,L2.3,NA,Organic compounds,Organic oxygen compounds,Organooxygen compounds,Carbonyl compounds,Ketones,"	728388",2-(1-Benzofuran-2-yl)-1-(5-ethyl-2-hydroxy-4-methoxyphenyl)ethanone,NA,"	
C19H18O4","InChI=1S/C19H18O4/c1-3-12-9-15(17(21)11-19(12)22-2)16(20)10-14-8-13-6-4-5-7-18(13)23-14/h4-9,11,21H,3,10H2,1-2H3",NDOFDSGSGXYOKS-UHFFFAOYSA-N,CCC1=CC(=C(C=C1OC)O)C(=O)CC2=CC3=CC=CC=C3O2
FT_13.834_205.04949,"3,7-Dihydroxy-2-naphthoic acid",C11 H8 O4,L2.3,na,Organic compounds,Benzenoids,Naphthalenes,Naphthalenecarboxylic acids and derivatives,Naphthalenecarboxylic acids,736299,"3,7-Dihydroxy-2-naphthoic acid",204.0422587,C11H8O4,"InChI=1S/C11H8O4/c12-8-2-1-6-5-10(13)9(11(14)15)4-7(6)3-8/h1-5,12-13H,(H,14,15)",QMWOUSYSNFCKAZ-UHFFFAOYSA-N,C1=CC(=CC2=CC(=C(C=C21)O)C(=O)O)O
FT_13.836_197.04447,Haematommic Acid,C9 H8 O5,L2.3,na,Organic compounds,Benzenoids,Benzene and substituted derivatives,Benzoic acids and derivatives,Hydroxybenzoic acid derivatives,6710680,Haematommic Acid,196.0371734,C9H8O5,"InChI=1S/C9H8O5/c1-4-2-6(11)5(3-10)8(12)7(4)9(13)14/h2-3,11-12H,1H3,(H,13,14)",KCOOTJRKKIDHTM-UHFFFAOYSA-N,CC1=CC(=C(C(=C1C(=O)O)O)C=O)O
FT_13.836_283.08127,"Benzoic acid, 3,5-bis(acetyloxy)-4-methoxy-, methyl ester",C13 H14 O7,L2.2,na,Organic compounds,Benzenoids,Benzene and substituted derivatives,Benzoic acids and derivatives,Hydroxybenzoic acid derivatives,10902054,"Benzoic acid, 3,5-bis(acetyloxy)-4-methoxy-, methyl ester",282.0739528,C13H14O7,"InChI=1S/C13H14O7/c1-7(14)19-10-5-9(13(16)18-4)6-11(12(10)17-3)20-8(2)15/h5-6H,1-4H3",MVCZQEYADKZPAR-UHFFFAOYSA-N,CC(=O)OC1=CC(=CC(=C1OC)OC(=O)C)C(=O)OC
FT_18.075_333.16973,NP-019547,C17 H26 O5,L2.1,NA,Organic compounds,Lipids and lipid-like molecules,Fatty Acyls,Fatty alcohols,Fatty alcohols,75411942,Sclerketide D,NA,C17H26O5,"InChI=1S/C17H26O5/c1-10(7-11(2)13(4)18)5-6-14(19)8-15-9-16(20)12(3)17(21)22-15/h7,9,11,13-14,18-20H,5-6,8H2,1-4H3/b10-7+",RIQJTEDKQNLJJQ-JXMROGBWSA-N,CC1=C(C=C(OC1=O)CC(CC/C(=C/C(C)C(C)O)/C)O)O
FT_13.868_253.07068,Phloroglucinol triacetate,C12 H12 O6,L2.3,na,Organic compounds,Benzenoids,Phenol esters,NA,NA,76347,Phloroglucinol triacetate,252.0633881,C12H12O6,"InChI=1S/C12H12O6/c1-7(13)16-10-4-11(17-8(2)14)6-12(5-10)18-9(3)15/h4-6H,1-3H3",CLWKAMVDWLTMKD-UHFFFAOYSA-N,CC(=O)OC1=CC(=CC(=C1)OC(=O)C)OC(=O)C
FT_13.869_285.09687,p-Cresol glucuronide,C13 H16 O7,L2.2,na,Organic compounds,Organic oxygen compounds,Organooxygen compounds,Carbohydrates and carbohydrate conjugates,Glycosyl compounds,154035,p-Cresol glucuronide,284.0896029,C13H16O7,"InChI=1S/C13H16O7/c1-6-2-4-7(5-3-6)19-13-10(16)8(14)9(15)11(20-13)12(17)18/h2-5,8-11,13-16H,1H3,(H,17,18)/t8-,9-,10+,11-,13+/m0/s1",JPAUCQAJHLSMQW-XPORZQOISA-N,CC1=CC=C(C=C1)OC2C(C(C(C(O2)C(=O)O)O)O)O
FT_13.871_307.07895,Gallocatechin,C15 H14 O7,L2.2,na,Organic compounds,Phenylpropanoids and polyketides,Flavonoids,Flavans,Flavan-3-ols,65084,Gallocatechin,306.0739528,C15H14O7,"InChI=1S/C15H14O7/c16-7-3-9(17)8-5-12(20)15(22-13(8)4-7)6-1-10(18)14(21)11(19)2-6/h1-4,12,15-21H,5H2/t12-,15+/m0/s1",XMOCLSLCDHWDHP-SWLSCSKDSA-N,C1C(C(OC2=CC(=CC(=C21)O)O)C3=CC(=C(C(=C3)O)O)O)O
FT_13.953_281.13815,"1-(2,3,4,6-tetramethoxyphenyl)pent-2-en-1-one",C15 H20 O5,L2.3,na,Organic compounds,Benzenoids,Benzene and substituted derivatives,Benzoyl derivatives,NA,162923461,"1-(2,3,4,6-Tetramethoxyphenyl)pent-2-en-1-one",280.1310737,C15H20O5,"InChI=1S/C15H20O5/c1-6-7-8-10(16)13-11(17-2)9-12(18-3)14(19-4)15(13)20-5/h7-9H,6H2,1-5H3",RYRKUNYBSFWRGO-UHFFFAOYSA-N,CCC=CC(=O)C1=C(C(=C(C=C1OC)OC)OC)OC
FT_13.986_227.05508,"4,5-Dimethoxyphthalic acid",C10 H10 O6,L2.3,na,Organic compounds,Benzenoids,Benzene and substituted derivatives,Benzoic acids and derivatives,Methoxybenzoic acids and derivatives,290988,"4,5-Dimethoxyphthalic acid",226.047738,C10H10O6,"InChI=1S/C10H10O6/c1-15-7-3-5(9(11)12)6(10(13)14)4-8(7)16-2/h3-4H,1-2H3,(H,11,12)(H,13,14)",SKBDLRWFSRLIPP-UHFFFAOYSA-N,COC1=C(C=C(C(=C1)C(=O)O)C(=O)O)OC
FT_14.025_555.22021,"2(3H)-Furanone, dihydro-4-((4-hydroxy-3-(2-hydroxy-2-(4-hydroxy-3-methoxyphenyl)-1-(hydroxymethyl)ethyl)-5-methoxyphenyl)methyl)-3-((4-hydroxy-3-methoxyphenyl)methyl)-, (3R,4R)-",C30 H34 O10,L2.3,na,Organic compounds,"Lignans, neolignans and related compounds",Furanoid lignans,Tetrahydrofuran lignans,"9,9'-epoxylignans",46173978,Lappaol C,554.2151973,C30H34O10,"InChI=1S/C30H34O10/c1-37-25-11-16(4-6-23(25)32)9-20-19(15-40-30(20)36)8-17-10-21(29(35)27(12-17)39-3)22(14-31)28(34)18-5-7-24(33)26(13-18)38-2/h4-7,10-13,19-20,22,28,31-35H,8-9,14-15H2,1-3H3/t19-,20+,22?,28?/m0/s1",BWOAMGHNXHLWMX-BAOMQRJLSA-N,COC1=CC(=CC(=C1O)C(CO)C(C2=CC(=C(C=C2)O)OC)O)CC3COC(=O)C3CC4=CC(=C(C=C4)O)OC
FT_14.026_374.08225,N-acetylmuramic acid 6-phosphate,C11 H20 N O11 P,L2.3,na,Organic compounds,Organic oxygen compounds,Organooxygen compounds,Carbohydrates and carbohydrate conjugates,Aminosaccharides,24798720,N-acetylmuramic acid 6-phosphate,373.0773975,C11H20NO11P,"InChI=1S/C11H20NO11P/c1-4(10(15)16)22-9-7(12-5(2)13)11(17)23-6(8(9)14)3-21-24(18,19)20/h4,6-9,11,14,17H,3H2,1-2H3,(H,12,13)(H,15,16)(H2,18,19,20)/t4-,6-,7-,8-,9-,11?/m1/s1",NMEMTQKUEVNSPV-MKFCKLDKSA-N,CC(C(=O)O)OC1C(C(OC(C1O)COP(=O)(O)O)O)NC(=O)C
FT_14.089_251.12776,Preremirol,C14 H18 O4,L2.3,na,Organic compounds,Organic oxygen compounds,Organooxygen compounds,Carbonyl compounds,Ketones,10890323,Preremirol,250.1205091,C14H18O4,"InChI=1S/C14H18O4/c1-8(2)5-6-10-11(16)7-12(18-4)13(9(3)15)14(10)17/h5,7,16-17H,6H2,1-4H3",KASLWEHUDINBOP-UHFFFAOYSA-N,CC(=CCC1=C(C(=C(C=C1O)OC)C(=O)C)O)C
FT_14.095_291.12042,"N-succinyl-L,L-2,6-diaminopimelate",C11 H18 N2 O7,L2.3,na,Organic compounds,Organic acids and derivatives,Carboxylic acids and derivatives,"Amino acids, peptides, and analogues",Amino acids and derivatives,25202447,"N-succinyl-L,L-2,6-diaminopimelate",290.1114009,C11H18N2O7,"InChI=1S/C11H18N2O7/c12-6(10(17)18)2-1-3-7(11(19)20)13-8(14)4-5-9(15)16/h6-7H,1-5,12H2,(H,13,14)(H,15,16)(H,17,18)(H,19,20)/t6?,7-/m0/s1",GLXUWZBUPATPBR-MLWJPKLSSA-N,C(CC(C(=O)O)N)CC(C(=O)O)NC(=O)CCC(=O)O
FT_14.168_341.12328,"6-(2-Benzyl-3-oxopropoxy)-3,4,5-trihydroxyoxane-2-carboxylic acid",C16 H20 O8,L2.3,na,Organic compounds,Lipids and lipid-like molecules,Fatty Acyls,Fatty acyl glycosides,Fatty acyl glycosides of mono- and disaccharides,131837489,"6-(2-Benzyl-3-oxopropoxy)-3,4,5-trihydroxyoxane-2-carboxylic acid",340.1158176,C16H20O8,"InChI=1S/C16H20O8/c17-7-10(6-9-4-2-1-3-5-9)8-23-16-13(20)11(18)12(19)14(24-16)15(21)22/h1-5,7,10-14,16,18-20H,6,8H2,(H,21,22)",GSFWDAXCUBJKMY-UHFFFAOYSA-N,C1=CC=C(C=C1)CC(COC2C(C(C(C(O2)C(=O)O)O)O)O)C=O
FT_18.095_363.14407,"(2S,3R,4S,5S,6R)-2-[4-hydroxy-2-(3-methylbut-2-en-1-yl)phenoxy]-6-(hydroxymethyl)oxane-3,4,5-triol",C17 H24 O7,L2.1,NA,NA,NA,NA,NA,NA,NA,NA,NA,NA,NA,NA,NA
FT_14.276_311.11260,1-O-trans-Cinnamoyl-beta-D-glucopyranose,C15 H18 O7,L2.2,na,Organic compounds,Phenylpropanoids and polyketides,Cinnamic acids and derivatives,Cinnamic acid esters,O-cinnamoyl glycosides,5280653,1-O-trans-Cinnamoyl-beta-D-glucopyranose,310.1052529,C15H18O7,"InChI=1S/C15H18O7/c16-8-10-12(18)13(19)14(20)15(21-10)22-11(17)7-6-9-4-2-1-3-5-9/h1-7,10,12-16,18-20H,8H2/b7-6+/t10-,12-,13+,14-,15+/m1/s1",CJGRGYBLAHPYOM-HOLMNUNMSA-N,C1=CC=C(C=C1)C=CC(=O)OC2C(C(C(C(O2)CO)O)O)O
FT_14.289_217.08594,Euparin,C13 H12 O3,L2.3,na,Organic compounds,Organoheterocyclic compounds,Benzofurans,NA,NA,119039,Euparin,216.0786442,C13H12O3,"InChI=1S/C13H12O3/c1-7(2)12-5-9-4-10(8(3)14)11(15)6-13(9)16-12/h4-6,15H,1H2,2-3H3",OPUFDNZTKHPZHM-UHFFFAOYSA-N,CC(=C)C1=CC2=CC(=C(C=C2O1)O)C(=O)C
FT_14.358_555.22021,"2(3H)-Furanone, dihydro-4-((4-hydroxy-3-(2-hydroxy-2-(4-hydroxy-3-methoxyphenyl)-1-(hydroxymethyl)ethyl)-5-methoxyphenyl)methyl)-3-((4-hydroxy-3-methoxyphenyl)methyl)-, (3R,4R)-",C30 H34 O10,L2.3,na,Organic compounds,"Lignans, neolignans and related compounds",Furanoid lignans,Tetrahydrofuran lignans,"9,9'-epoxylignans",46173978,Lappaol C,554.2151973,C30H34O10,"InChI=1S/C30H34O10/c1-37-25-11-16(4-6-23(25)32)9-20-19(15-40-30(20)36)8-17-10-21(29(35)27(12-17)39-3)22(14-31)28(34)18-5-7-24(33)26(13-18)38-2/h4-7,10-13,19-20,22,28,31-35H,8-9,14-15H2,1-3H3/t19-,20+,22?,28?/m0/s1",BWOAMGHNXHLWMX-BAOMQRJLSA-N,COC1=CC(=CC(=C1O)C(CO)C(C2=CC(=C(C=C2)O)OC)O)CC3COC(=O)C3CC4=CC(=C(C=C4)O)OC
FT_14.359_351.07529,Sulfometuron,C14 H14 N4 O5 S,L2.3,na,Organic compounds,Benzenoids,Benzene and substituted derivatives,Benzenesulfonamides,NA,52998,Sulfometuron,350.0684907,C14H14N4O5S,"InChI=1S/C14H14N4O5S/c1-8-7-9(2)16-13(15-8)17-14(21)18-24(22,23)11-6-4-3-5-10(11)12(19)20/h3-7H,1-2H3,(H,19,20)(H2,15,16,17,18,21)",FZMKKCQHDROFNI-UHFFFAOYSA-N,CC1=CC(=NC(=N1)NC(=O)NS(=O)(=O)C2=CC=CC=C2C(=O)O)C
FT_14.394_281.13832,"(1beta,4alpha,5alpha,6beta,8alpha,10b)-1,10:4,5-Diepoxy-6-hydroxy-7(11)-germacren-12,8-olide",C15 H20 O5,L2.3,na,Organic compounds,Lipids and lipid-like molecules,Prenol lipids,Terpene lactones,NA,73880643,"(1beta,4alpha,5alpha,6beta,8alpha,10b)-1,10:4,5-Diepoxy-6-hydroxy-7(11)-germacren-12,8-olide",280.1310737,C15H20O5,"InChI=1S/C15H20O5/c1-7-10-8(18-13(7)17)6-15(3)9(19-15)4-5-14(2)12(20-14)11(10)16/h8-9,11-12,16H,4-6H2,1-3H3",BWSYOMVQMMVGIN-UHFFFAOYSA-N,CC1=C2C(CC3(C(O3)CCC4(C(C2O)O4)C)C)OC1=O
FT_18.159_261.14850,NP-020535,C16 H22 O4,L2.1,NA,NA,NA,NA,NA,NA,NA,NA,NA,NA,NA,NA,NA
FT_14.524_257.13847,Colisiderin A,C13 H20 O5,L2.3,na,Organic compounds,Lipids and lipid-like molecules,Fatty Acyls,Fatty alcohols,NA,139583741,Colisiderin A,256.1310737,C13H20O5,"InChI=1S/C13H20O5/c1-3-4-5-6-7-9(14)11-10(12(15)16)8(2)13(17)18-11/h9,11,14H,3-7H2,1-2H3,(H,15,16)/t9?,11-/m0/s1",JMLWBWKKDGTTAS-UMJHXOGRSA-N,CCCCCCC(C1C(=C(C(=O)O1)C)C(=O)O)O
FT_14.531_253.17983,Ethyl 2-methyl-4-oxo-6-pentylcyclohex-2-ene-1-carboxylate,C15 H24 O3,L2.3,na,Organic compounds,Organic oxygen compounds,Organooxygen compounds,Carbonyl compounds,Ketones,100968,Ethyl 2-methyl-4-oxo-6-pentylcyclohex-2-ene-1-carboxylate,252.1725446,C15H24O3,"InChI=1S/C15H24O3/c1-4-6-7-8-12-10-13(16)9-11(3)14(12)15(17)18-5-2/h9,12,14H,4-8,10H2,1-3H3",ZJLHQWGPVWXKME-UHFFFAOYSA-N,CCCCCC1CC(=O)C=C(C1C(=O)OCC)C
FT_14.539_225.11216,"Ethyl 6-ethyl-2,4-dihydroxy-3-methylbenzoate",C12 H16 O4,L2.3,na,Organic compounds,Benzenoids,Benzene and substituted derivatives,Benzoic acids and derivatives,Benzoic acid esters,13942820,"Ethyl 6-ethyl-2,4-dihydroxy-3-methylbenzoate",224.104859,C12H16O4,"InChI=1S/C12H16O4/c1-4-8-6-9(13)7(3)11(14)10(8)12(15)16-5-2/h6,13-14H,4-5H2,1-3H3",DNSCHDOSMCTZQT-UHFFFAOYSA-N,CCC1=CC(=C(C(=C1C(=O)OCC)O)C)O
FT_14.606_265.14325,"2'-Hydroxy4',6'-dimethoxy-3'-(3-methyl-2-butenyl)acetophenone",C15 H20 O4,L2.3,na,Organic compounds,Organic oxygen compounds,Organooxygen compounds,Carbonyl compounds,Ketones,11065315,"2'-Hydroxy4',6'-dimethoxy-3'-(3-methyl-2-butenyl)acetophenone",264.1361591,C15H20O4,"InChI=1S/C15H20O4/c1-9(2)6-7-11-12(18-4)8-13(19-5)14(10(3)16)15(11)17/h6,8,17H,7H2,1-5H3",RURSOWGAUIFNSF-UHFFFAOYSA-N,CC(=CCC1=C(C(=C(C=C1OC)OC)C(=O)C)O)C
FT_14.624_313.12824,p-Coumaryl alcohol 4-O-glucoside,C15 H20 O7,L2.2,na,Organic compounds,Organic oxygen compounds,Organooxygen compounds,Carbohydrates and carbohydrate conjugates,Glycosyl compounds,5280847,p-Coumaryl alcohol 4-O-glucoside,312.120903,C15H20O7,"InChI=1S/C15H20O7/c16-7-1-2-9-3-5-10(6-4-9)21-15-14(20)13(19)12(18)11(8-17)22-15/h1-6,11-20H,7-8H2/b2-1+/t11-,12-,13+,14-,15-/m1/s1",CRVXJSNSTGEXDX-HHMSBIESSA-N,C1=CC(=CC=C1C=CCO)OC2C(C(C(C(O2)CO)O)O)O
FT_14.645_239.09135,"2'-Acetoxy-4',6'-dimethoxyacetophenone",C12 H14 O5,L2.3,na,Organic compounds,Organic oxygen compounds,Organooxygen compounds,Carbonyl compounds,Ketones,12886519,"2'-Acetoxy-4',6'-dimethoxyacetophenone",238.0841235,C12H14O5,"InChI=1S/C12H14O5/c1-7(13)12-10(16-4)5-9(15-3)6-11(12)17-8(2)14/h5-6H,1-4H3",RBIJJTIPYJFRLT-UHFFFAOYSA-N,CC(=O)C1=C(C=C(C=C1OC(=O)C)OC)OC
FT_14.657_339.14390,15-Acetyl-4-deoxynivalenol,C17 H22 O7,L2.3,na,Organic compounds,Lipids and lipid-like molecules,Prenol lipids,Sesquiterpenoids,Trichothecenes,536551,15-Acetyl-4-deoxynivalenol,338.136553,C17H22O7,"InChI=1S/C17H22O7/c1-8-4-11-16(6-22-9(2)18,13(21)12(8)20)15(3)5-10(19)14(24-11)17(15)7-23-17/h4,10-11,13-14,19,21H,5-7H2,1-3H3",IDGRYIRJIFKTAN-UHFFFAOYSA-N,CC1=CC2C(C(C1=O)O)(C3(CC(C(C34CO4)O2)O)C)COC(=O)C
FT_14.703_251.09138,Azanigerone E,C13 H14 O5,L2.3,na,Organic compounds,Organoheterocyclic compounds,Azaphilones,NA,NA,122198273,Azanigerone E,250.0841235,C13H14O5,"InChI=1S/C13H14O5/c1-7(14)3-9-4-8-5-11(15)13(2,17)12(16)10(8)6-18-9/h4-7,14,17H,3H2,1-2H3",HKWLGNSOBJZTNG-UHFFFAOYSA-N,CC(CC1=CC2=CC(=O)C(C(=O)C2=CO1)(C)O)O
FT_14.720_307.11764,7-Oxocurvularin,C16 H18 O6,L2.2,na,Organic compounds,Phenylpropanoids and polyketides,Macrolides and analogues,NA,NA,14314901,12-Oxocurvularin,306.1103383,C16H18O6,"InChI=1S/C16H18O6/c1-9-2-3-11(17)4-5-13(19)16-10(7-15(21)22-9)6-12(18)8-14(16)20/h6,8-9,18,20H,2-5,7H2,1H3/t9-/m0/s1",MFGVWPFVDDUSLL-VIFPVBQESA-N,CC1CCC(=O)CCC(=O)C2=C(CC(=O)O1)C=C(C=C2O)O
FT_18.213_277.21623,"1,4a,7-Trimethyl-2,3,4,4b,5,6,7,9,10,10a-decahydrophenanthrene-1-carboxylic acid",C18 H28 O2,L2.3,na,Organic compounds,Benzenoids,Phenanthrenes and derivatives,Hydrophenanthrenes,Hydrophenanthrenes,"	20744630","1,4a,7-Trimethyl-2,3,4,4b,5,6,7,9,10,10a-decahydrophenanthrene-1-carboxylic acid",NA,NA,"InChI=1S/C18H28O2/c1-12-5-7-14-13(11-12)6-8-15-17(14,2)9-4-10-18(15,3)16(19)20/h11-12,14-15H,4-10H2,1-3H3,(H,19,20)",AQMKARDJTJSPIX-UHFFFAOYSA-N,CC1CCC2C(=C1)CCC3C2(CCCC3(C)C(=O)O)C
FT_14.851_459.10528,6-(Naphthalen-2-Yl)-9-(5-O-Phosphono-Beta-D-Ribofuranosyl)-9h-Purine,C20 H19 N4 O7 P,L2.3,na,Organic compounds,"Nucleosides, nucleotides, and analogues",Purine nucleotides,Purine ribonucleotides,Purine ribonucleoside monophosphates,73386714,6-(Naphthalen-2-Yl)-9-(5-O-Phosphono-Beta-D-Ribofuranosyl)-9h-Purine,458.099136,C20H19N4O7P,"InChI=1S/C20H19N4O7P/c25-17-14(8-30-32(27,28)29)31-20(18(17)26)24-10-23-16-15(21-9-22-19(16)24)13-6-5-11-3-1-2-4-12(11)7-13/h1-7,9-10,14,17-18,20,25-26H,8H2,(H2,27,28,29)/t14-,17-,18-,20-/m1/s1",LQGRESLLVHYRLI-VXXKDZQQSA-N,C1=CC=C2C=C(C=CC2=C1)C3=C4C(=NC=N3)N(C=N4)C5C(C(C(O5)COP(=O)(O)O)O)O
FT_14.862_227.09138,"Methyl 3,4,5-trimethoxybenzoate",C11 H14 O5,L2.3,na,Organic compounds,Benzenoids,Benzene and substituted derivatives,Benzoic acids and derivatives,Hydroxybenzoic acid derivatives,15956,"Methyl 3,4,5-trimethoxybenzoate",226.0841235,C11H14O5,"InChI=1S/C11H14O5/c1-13-8-5-7(11(12)16-4)6-9(14-2)10(8)15-3/h5-6H,1-4H3",KACHFMOHOPLTNX-UHFFFAOYSA-N,COC1=CC(=CC(=C1OC)OC)C(=O)OC
FT_14.869_219.10139,Toxol,C13 H14 O3,L2.2,na,Organic compounds,Benzenoids,Benzene and substituted derivatives,Acetophenones,NA,441948,Toxol,218.0942943,C13H14O3,"InChI=1S/C13H14O3/c1-7(2)13-12(15)10-6-9(8(3)14)4-5-11(10)16-13/h4-6,12-13,15H,1H2,2-3H3/t12-,13+/m1/s1",KWZYQHQNOWRQRG-OLZOCXBDSA-N,CC(=C)C1C(C2=C(O1)C=CC(=C2)C(=O)C)O
FT_14.964_291.15877,1-(o-Methoxybenzyl)-2-oxocyclohexanepropionic acid,C17 H22 O4,L2.3,na,Organic compounds,Lipids and lipid-like molecules,Fatty Acyls,Fatty acids and conjugates,Carbocyclic fatty acids,120804,"Cyclohexanepropionic acid, 1-(o-methoxybenzyl)-2-oxo-",290.1518092,C17H22O4,"InChI=1S/C17H22O4/c1-21-14-7-3-2-6-13(14)12-17(11-9-16(19)20)10-5-4-8-15(17)18/h2-3,6-7H,4-5,8-12H2,1H3,(H,19,20)",BQRWJPVPSAFIRY-UHFFFAOYSA-N,COC1=CC=CC=C1CC2(CCCCC2=O)CCC(=O)O
FT_14.985_383.13360,"3,4,5-trihydroxy-6-[(E)-5-(4-methoxyphenyl)-3-oxopent-4-enoxy]oxane-2-carboxylic acid",C18 H22 O9,L2.3,na,Organic compounds,Lipids and lipid-like molecules,Fatty Acyls,Fatty acyl glycosides,Fatty acyl glycosides of mono- and disaccharides,131836974,"3,4,5-trihydroxy-6-[(E)-5-(4-methoxyphenyl)-3-oxopent-4-enoxy]oxane-2-carboxylic acid",382.1263823,C18H22O9,"InChI=1S/C18H22O9/c1-25-12-6-3-10(4-7-12)2-5-11(19)8-9-26-18-15(22)13(20)14(21)16(27-18)17(23)24/h2-7,13-16,18,20-22H,8-9H2,1H3,(H,23,24)/b5-2+",ZLTQWAYJMINEQV-GORDUTHDSA-N,COC1=CC=C(C=C1)C=CC(=O)CCOC2C(C(C(C(O2)C(=O)O)O)O)O
FT_15.019_109.10112,"1,3,6-Octatriene",C8 H12,L2.3,na,Organic compounds,Hydrocarbons,Unsaturated hydrocarbons,Olefins,Acyclic olefins,5367382,"1,3,6-Octatriene",108.0939004,C8H12,"InChI=1S/C8H12/c1-3-5-7-8-6-4-2/h3-7H,1,8H2,2H3/b6-4+,7-5+",PKHBEGZTQNOZLP-YDFGWWAZSA-N,CC=CCC=CC=C
FT_15.020_135.11680,1-Isopropyl-4-methylenebicyclo[3.1.0]hex-2-ene,C10 H14,L2.3,na,Organic compounds,Lipids and lipid-like molecules,Prenol lipids,Monoterpenoids,Bicyclic monoterpenoids,524198,1-Isopropyl-4-methylenebicyclo[3.1.0]hex-2-ene,134.1095504,C10H14,"InChI=1S/C10H14/c1-7(2)10-5-4-8(3)9(10)6-10/h4-5,7,9H,3,6H2,1-2H3",LBVRQJWOZIMWNY-UHFFFAOYSA-N,CC(C)C12CC1C(=C)C=C2
FT_15.020_341.26868,"(6e,8s,10e,14r)-3,7,11,15-Tetramethylhexadeca-1,6,10-triene-3,8,14,15-tetraol",C20 H36 O4,L2.2,na,Organic compounds,Lipids and lipid-like molecules,Prenol lipids,Sesquiterpenoids,NA,101396959,"(6e,8s,10e,14r)-3,7,11,15-Tetramethylhexadeca-1,6,10-triene-3,8,14,15-tetraol",340.2613596,C20H36O4,"InChI=1S/C20H36O4/c1-7-20(6,24)14-8-9-16(3)17(21)12-10-15(2)11-13-18(22)19(4,5)23/h7,9-10,17-18,21-24H,1,8,11-14H2,2-6H3/b15-10+,16-9+/t17-,18+,20?/m0/s1",PFPFSFZDWLOUQY-INNCUTMQSA-N,CC(=CCC(C(=CCCC(C)(C=C)O)C)O)CCC(C(C)(C)O)O
FT_15.024_219.10151,Eupatoriochromene,C13 H14 O3,L2.3,na,Organic compounds,Organoheterocyclic compounds,Benzopyrans,1-benzopyrans,"2,2-dimethyl-1-benzopyrans",100768,Eupatoriochromene,218.0942943,C13H14O3,"InChI=1S/C13H14O3/c1-8(14)10-6-9-4-5-13(2,3)16-12(9)7-11(10)15/h4-7,15H,1-3H3",SVUVYHFYZBCYRF-UHFFFAOYSA-N,CC(=O)C1=C(C=C2C(=C1)C=CC(O2)(C)C)O
FT_18.216_259.13288,NP-020240,C14 H20 O3,L2.1,NA,Organic compounds,Organic oxygen compounds,Organooxygen compounds,Carbonyl compounds,Ketones,"	102571644","3-(2-methyl-3-oxo-2,5,6,7,8,8a-hexahydro-1H-naphthalen-1-yl)propanoic acid",NA,"	
C14H20O3","InChI=1S/C14H20O3/c1-9-11(6-7-14(16)17)12-5-3-2-4-10(12)8-13(9)15/h8-9,11-12H,2-7H2,1H3,(H,16,17)",SURAKSVUYKMLLE-UHFFFAOYSA-N,CC1C(C2CCCCC2=CC1=O)CCC(=O)O
FT_15.165_291.15894,1-(o-Methoxybenzyl)-2-oxocyclohexanepropionic acid,C17 H22 O4,L2.3,na,Organic compounds,Lipids and lipid-like molecules,Fatty Acyls,Fatty acids and conjugates,Carbocyclic fatty acids,120804,"Cyclohexanepropionic acid, 1-(o-methoxybenzyl)-2-oxo-",290.1518092,C17H22O4,"InChI=1S/C17H22O4/c1-21-14-7-3-2-6-13(14)12-17(11-9-16(19)20)10-5-4-8-15(17)18/h2-3,6-7H,4-5,8-12H2,1H3,(H,19,20)",BQRWJPVPSAFIRY-UHFFFAOYSA-N,COC1=CC=CC=C1CC2(CCCCC2=O)CCC(=O)O
FT_18.220_309.20407,NP-001596,C16 H30 O4,L2.1,NA,NA,NA,NA,NA,NA,NA,NA,NA,NA,NA,NA,NA
FT_18.226_311.21946,NP-020214,C16 H32 O4,L2.1,NA,NA,NA,NA,NA,NA,NA,NA,NA,NA,NA,NA,NA
FT_15.256_237.18487,5-Nonylresorcinol,C15 H24 O2,L2.3,na,Organic compounds,Benzenoids,Phenols,Benzenediols,Resorcinols,14462134,5-Nonylresorcinol,236.17763,C15H24O2,"InChI=1S/C15H24O2/c1-2-3-4-5-6-7-8-9-13-10-14(16)12-15(17)11-13/h10-12,16-17H,2-9H2,1H3",OYXWBGYHDYVIDT-UHFFFAOYSA-N,CCCCCCCCCC1=CC(=CC(=C1)O)O
FT_18.284_425.12325,"8-(7-Hydroxy-4-methoxy-5-methyl-2-oxochromen-6-yl)-4,7-dimethoxy-5-methylchromen-2-one",C23 H20 O8,L2.3,na,Organic compounds,Phenylpropanoids and polyketides,Coumarins and derivatives,Hydroxycoumarins,7-hydroxycoumarins,13871794,"8-(7-Hydroxy-4-methoxy-5-methyl-2-oxochromen-6-yl)-4,7-dimethoxy-5-methylchromen-2-one",NA,"	
C23H20O8","InChI=1S/C23H20O8/c1-10-6-13(27-3)22(23-19(10)14(28-4)8-18(26)31-23)20-11(2)21-15(29-5)9-17(25)30-16(21)7-12(20)24/h6-9,24H,1-5H3",SDIIWOICLXDNES-UHFFFAOYSA-N,CC1=CC(=C(C2=C1C(=CC(=O)O2)OC)C3=C(C4=C(C=C3O)OC(=O)C=C4OC)C)OC
FT_15.310_197.04449,"3-(2,4-Dihydroxyphenyl)-2-oxopropanoic acid",C9 H8 O5,L2.3,na,Organic compounds,Benzenoids,Benzene and substituted derivatives,Phenylpyruvic acid derivatives,NA,10375417,Dioxyphenylbrenztraubensaure,196.0371734,C9H8O5,"InChI=1S/C9H8O5/c10-6-2-1-5(7(11)4-6)3-8(12)9(13)14/h1-2,4,10-11H,3H2,(H,13,14)",VWMIJROUUVTUHU-UHFFFAOYSA-N,C1=CC(=C(C=C1O)O)CC(=O)C(=O)O
FT_15.310_273.07568,"1,3-Dihydroxy-6-methoxy-8-methyl-9-xanthenone",C15 H12 O5,L2.2,na,Organic compounds,Organoheterocyclic compounds,Benzopyrans,1-benzopyrans,Dibenzopyrans,5377914,"1,3-Dihydroxy-6-methoxy-8-methyl-9-xanthenone",272.0684735,C15H12O5,"InChI=1S/C15H12O5/c1-7-3-9(19-2)6-12-13(7)15(18)14-10(17)4-8(16)5-11(14)20-12/h3-6,16-17H,1-2H3",RFENQGQGMLPVJM-UHFFFAOYSA-N,CC1=CC(=CC2=C1C(=O)C3=C(C=C(C=C3O2)O)O)OC
FT_15.338_383.13368,"3,4,5-trihydroxy-6-[(E)-5-(4-methoxyphenyl)-3-oxopent-4-enoxy]oxane-2-carboxylic acid",C18 H22 O9,L2.3,na,Organic compounds,Lipids and lipid-like molecules,Fatty Acyls,Fatty acyl glycosides,Fatty acyl glycosides of mono- and disaccharides,131836974,"3,4,5-trihydroxy-6-[(E)-5-(4-methoxyphenyl)-3-oxopent-4-enoxy]oxane-2-carboxylic acid",382.1263823,C18H22O9,"InChI=1S/C18H22O9/c1-25-12-6-3-10(4-7-12)2-5-11(19)8-9-26-18-15(22)13(20)14(21)16(27-18)17(23)24/h2-7,13-16,18,20-22H,8-9H2,1H3,(H,23,24)/b5-2+",ZLTQWAYJMINEQV-GORDUTHDSA-N,COC1=CC=C(C=C1)C=CC(=O)CCOC2C(C(C(C(O2)C(=O)O)O)O)O
FT_15.395_353.15960,"3-Hydroxy-1-(8-hydroxy-6-methoxy-3-methyl-1-oxo-3,4-dihydro-1H-2-benzopyran-7-yl)-3-methylbutan-2-yl acetate",C18 H24 O7,L2.2,na,Organic compounds,Organoheterocyclic compounds,Benzopyrans,2-benzopyrans,NA,131750936,Coriandrone D,352.1522031,C18H24O7,"InChI=1S/C18H24O7/c1-9-6-11-7-13(23-5)12(16(20)15(11)17(21)24-9)8-14(18(3,4)22)25-10(2)19/h7,9,14,20,22H,6,8H2,1-5H3",ZSKZYWHCOISHNI-UHFFFAOYSA-N,CC1CC2=CC(=C(C(=C2C(=O)O1)O)CC(C(C)(C)O)OC(=O)C)OC
FT_15.410_309.13329,5'-Hydroxyasperentin,C16 H20 O6,L2.3,na,Organic compounds,Benzenoids,Benzene and substituted derivatives,Benzoic acids and derivatives,Hydroxybenzoic acid derivatives,71768073,5'-Hydroxyasperentin,308.1259884,C16H20O6,"InChI=1S/C16H20O6/c1-8-13(18)3-2-11(21-8)7-12-5-9-4-10(17)6-14(19)15(9)16(20)22-12/h4,6,8,11-13,17-19H,2-3,5,7H2,1H3/t8-,11+,12?,13?/m0/s1",IEOXNDOOKTVJRQ-DRBGTSAUSA-N,CC1C(CCC(O1)CC2CC3=C(C(=CC(=C3)O)O)C(=O)O2)O
FT_15.433_275.12778,"Heteropeucenin, methyl ether",C16 H18 O4,L2.3,na,Organic compounds,Organoheterocyclic compounds,Benzopyrans,1-benzopyrans,Chromones,4643333,"Heteropeucenin, methyl ether",274.1205091,C16H18O4,"InChI=1S/C16H18O4/c1-9(2)5-6-11-14(19-4)8-13(18)15-12(17)7-10(3)20-16(11)15/h5,7-8,18H,6H2,1-4H3",KVNRDSLYCOJCRD-UHFFFAOYSA-N,CC1=CC(=O)C2=C(O1)C(=C(C=C2O)OC)CC=C(C)C
FT_15.459_323.14898,Aculeatusquinone C,C17 H22 O6,L2.2,na,Organic compounds,Benzenoids,Benzene and substituted derivatives,Xylenes,Xylenols,71606916,Aculeatusquinone C,322.1416384,C17H22O6,"InChI=1S/C17H22O6/c1-8-6-11(18)9(2)12(7-8)23-16-14(20)10(3)13(19)15(21)17(16,4)22-5/h6-7,15-16,18-19,21H,1-5H3/t15-,16+,17+/m0/s1",VLBYFJQRLHIMDC-GVDBMIGSSA-N,CC1=CC(=C(C(=C1)OC2C(=O)C(=C(C(C2(C)OC)O)O)C)C)O
FT_15.597_211.11174,"4,4'-Dimethylbenzophenone",C15 H14 O,L2.3,na,Organic compounds,Benzenoids,Benzene and substituted derivatives,Benzophenones,NA,69148,"4,4'-Dimethylbenzophenone",210.1044651,C15H14O,"InChI=1S/C15H14O/c1-11-3-7-13(8-4-11)15(16)14-9-5-12(2)6-10-14/h3-10H,1-2H3",ZWPWLKXZYNXATK-UHFFFAOYSA-N,CC1=CC=C(C=C1)C(=O)C2=CC=C(C=C2)C
FT_15.647_281.10197,"1,4-Dimethyl-2,3,5-triacetoxybenzene",C14 H16 O6,L2.3,na,Organic compounds,Benzenoids,Phenol esters,NA,NA,318242,"1,4-Dimethyl-2,3,5-triacetoxybenzene",280.0946882,C14H16O6,"InChI=1S/C14H16O6/c1-7-6-12(18-9(3)15)8(2)14(20-11(5)17)13(7)19-10(4)16/h6H,1-5H3",SUMRGNMUYSMSIM-UHFFFAOYSA-N,CC1=CC(=C(C(=C1OC(=O)C)OC(=O)C)C)OC(=O)C
FT_15.672_323.11267,"6-Hydroxy-7,8-dimethoxy-2-(2-oxopropyl)-2,3,3a,9b-tetrahydrouro[3,2-c]isochromen-5-one",C16 H18 O7,L2.3,na,Organic compounds,Organoheterocyclic compounds,Benzopyrans,2-benzopyrans,NA,71436822,"6-Hydroxy-7,8-dimethoxy-2-(2-oxopropyl)-2,3,3a,9b-tetrahydrouro[3,2-c]isochromen-5-one",322.1052529,C16H18O7,"InChI=1S/C16H18O7/c1-7(17)4-8-5-11-14(22-8)9-6-10(20-2)15(21-3)13(18)12(9)16(19)23-11/h6,8,11,14,18H,4-5H2,1-3H3",YBIUZLUVUQHDHO-UHFFFAOYSA-N,CC(=O)CC1CC2C(O1)C3=CC(=C(C(=C3C(=O)O2)O)OC)OC
FT_15.736_211.09403,Aspinonene,C9 H16 O4,L2.3,na,Organic compounds,Lipids and lipid-like molecules,Fatty Acyls,Fatty alcohols,NA,44445586,Aspinonene,188.104859,C9H16O4,"InChI=1S/C9H16O4/c1-6(11)3-4-9(12,5-10)8-7(2)13-8/h3-4,6-8,10-12H,5H2,1-2H3/b4-3+/t6-,7-,8+,9+/m0/s1",ZXCYAEKEHIEQHD-SVQZIREZSA-N,CC1C(O1)C(CO)(C=CC(C)O)O
FT_15.741_251.12776,Preremirol,C14 H18 O4,L2.3,na,Organic compounds,Organic oxygen compounds,Organooxygen compounds,Carbonyl compounds,Ketones,10890323,Preremirol,250.1205091,C14H18O4,"InChI=1S/C14H18O4/c1-8(2)5-6-10-11(16)7-12(18-4)13(9(3)15)14(10)17/h5,7,16-17H,6H2,1-4H3",KASLWEHUDINBOP-UHFFFAOYSA-N,CC(=CCC1=C(C(=C(C=C1O)OC)C(=O)C)O)C
FT_15.849_297.09689,"6-(4-Ethenylphenoxy)-3,4,5-trihydroxyoxane-2-carboxylic acid",C14 H16 O7,L2.2,na,Organic compounds,Organic oxygen compounds,Organooxygen compounds,Carbohydrates and carbohydrate conjugates,Glycosyl compounds,6426767,"6-(4-Ethenylphenoxy)-3,4,5-trihydroxyoxane-2-carboxylic acid",296.0896029,C14H16O7,"InChI=1S/C14H16O7/c1-2-7-3-5-8(6-4-7)20-14-11(17)9(15)10(16)12(21-14)13(18)19/h2-6,9-12,14-17H,1H2,(H,18,19)",NRMQHWHRSWGNOR-UHFFFAOYSA-N,C=CC1=CC=C(C=C1)OC2C(C(C(C(O2)C(=O)O)O)O)O
FT_15.894_251.12775,Preremirol,C14 H18 O4,L2.3,na,Organic compounds,Organic oxygen compounds,Organooxygen compounds,Carbonyl compounds,Ketones,10890323,Preremirol,250.1205091,C14H18O4,"InChI=1S/C14H18O4/c1-8(2)5-6-10-11(16)7-12(18-4)13(9(3)15)14(10)17/h5,7,16-17H,6H2,1-4H3",KASLWEHUDINBOP-UHFFFAOYSA-N,CC(=CCC1=C(C(=C(C=C1O)OC)C(=O)C)O)C
FT_15.955_307.15400,"13-hydroxy-15-methoxy-3-methyl-3,4,5,6,9,10-hexahydro-1H-benzo(c)(1)oxacyclododecine-1,7(8H)-dione",C17 H22 O5,L2.2,na,Organic compounds,Phenylpropanoids and polyketides,Macrolides and analogues,NA,NA,139586947,"13-hydroxy-15-methoxy-3-methyl-3,4,5,6,9,10-hexahydro-1H-benzo(c)(1)oxacyclododecine-1,7(8H)-dione",306.1467238,C17H22O5,"InChI=1S/C17H22O5/c1-11-5-3-7-13(18)8-4-6-12-9-14(19)10-15(21-2)16(12)17(20)22-11/h9-11,19H,3-8H2,1-2H3/t11-/m1/s1",OSYRWIMJJYFIAF-LLVKDONJSA-N,CC1CCCC(=O)CCCC2=C(C(=CC(=C2)O)OC)C(=O)O1
FT_15.987_217.08590,"7-hydroxy-6-methyl-1H,2H,3H,4H-cyclopenta[c]chromen-4-one",C13 H12 O3,L2.3,na,Organic compounds,Phenylpropanoids and polyketides,Coumarins and derivatives,NA,NA,5348641,"7-hydroxy-6-methyl-1H,2H,3H,4H-cyclopenta[c]chromen-4-one",216.0786442,C13H12O3,"InChI=1S/C13H12O3/c1-7-11(14)6-5-9-8-3-2-4-10(8)13(15)16-12(7)9/h5-6,14H,2-4H2,1H3",SHBJLOJHVCESJC-UHFFFAOYSA-N,CC1=C(C=CC2=C1OC(=O)C3=C2CCC3)O
FT_15.988_469.18571,Dukunolide D,C26 H28 O8,L2.2,na,Organic compounds,Organoheterocyclic compounds,Naphthopyrans,NA,NA,13970420,Dukunolide D,468.1784179,C26H28O8,"InChI=1S/C26H28O8/c1-22(2)15-10-16(27)34-24(15,4)26(31)18-17-13(11-25(26,30)21(22)29)6-5-8-23(17,3)19(33-20(18)28)14-7-9-32-12-14/h6-7,9,12,15,19,30-31H,5,8,10-11H2,1-4H3/t15-,19-,23+,24-,25-,26+/m0/s1",WUQGZJQZKDLECQ-BIOGBVLOSA-N,CC1(C2CC(=O)OC2(C3(C4=C5C(=CCCC5(C(OC4=O)C6=COC=C6)C)CC3(C1=O)O)O)C)C
FT_16.076_237.11207,"Ethanone, 1-[2,4,6-trihydroxy-3-(3-methyl-2-butenyl)phenyl]-",C13 H16 O4,L2.3,na,Organic compounds,Organic oxygen compounds,Organooxygen compounds,Carbonyl compounds,Ketones,11687311,"Ethanone, 1-[2,4,6-trihydroxy-3-(3-methyl-2-butenyl)phenyl]-",236.104859,C13H16O4,"InChI=1S/C13H16O4/c1-7(2)4-5-9-10(15)6-11(16)12(8(3)14)13(9)17/h4,6,15-17H,5H2,1-3H3",VSODLHSFRVYYBZ-UHFFFAOYSA-N,CC(=CCC1=C(C(=C(C=C1O)O)C(=O)C)O)C
FT_16.080_209.08083,"2-Propenal, 3-(4-hydroxy-3,5-dimethoxyphenyl)-",C11 H12 O4,L2.3,na,Organic compounds,Benzenoids,Phenols,Methoxyphenols,NA,119216,"2-Propenal, 3-(4-hydroxy-3,5-dimethoxyphenyl)-",208.0735589,C11H12O4,"InChI=1S/C11H12O4/c1-14-9-6-8(4-3-5-12)7-10(15-2)11(9)13/h3-7,13H,1-2H3",CDICDSOGTRCHMG-UHFFFAOYSA-N,COC1=CC(=CC(=C1O)OC)C=CC=O
FT_16.093_203.17935,"1,4,9-Cadinatriene",C15 H22,L2.2,na,Organic compounds,Lipids and lipid-like molecules,Prenol lipids,Sesquiterpenoids,NA,14083575,"1,4,9-Cadinatriene",202.1721507,C15H22,"InChI=1S/C15H22/c1-10(2)13-8-6-12(4)14-7-5-11(3)9-15(13)14/h6-7,9-10,13,15H,5,8H2,1-4H3",KGEVYKNFJQYULL-UHFFFAOYSA-N,CC1=CC2C(CC=C(C2=CC1)C)C(C)C
FT_18.294_485.21717,"(10,15-Dihydroxy-6,14,18,18,22-pentamethyl-8,19-dioxo-7,13-dioxapentacyclo[12.8.0.03,12.04,9.017,22]docosa-3(12),4(9),10,20-tetraen-5-yl) acetate",C27 H32 O8,L2.2,na,Organic compounds,Lipids and lipid-like molecules,Prenol lipids,Terpene lactones,Diterpene lactones,"	14839890","(10,15-Dihydroxy-6,14,18,18,22-pentamethyl-8,19-dioxo-7,13-dioxapentacyclo[12.8.0.03,12.04,9.017,22]docosa-3(12),4(9),10,20-tetraen-5-yl) acetate",NA,"	
C27H32O8","InChI=1S/C27H32O8/c1-12-23(34-13(2)28)21-14-9-18-26(5)8-7-19(30)25(3,4)17(26)11-20(31)27(18,6)35-16(14)10-15(29)22(21)24(32)33-12/h7-8,10,12,17-18,20,23,29,31H,9,11H2,1-6H3",DYQKBALSPZQWQD-UHFFFAOYSA-N,CC1C(C2=C(C(=CC3=C2CC4C5(C=CC(=O)C(C5CC(C4(O3)C)O)(C)C)C)O)C(=O)O1)OC(=O)C
FT_16.095_421.20123,Gangetin,C26H28O5,L2.2,na,Organic compounds,Phenylpropanoids and polyketides,Isoflavonoids,Furanoisoflavonoids,Pterocarpans,317611,Gangetin,420.193674,C26H28O5,"InChI=1S/C26H28O5/c1-14(2)6-7-16-19(27)9-8-15-18-13-29-21-12-20-17(10-11-26(3,4)31-20)24(28-5)22(21)25(18)30-23(15)16/h6,8-12,18,25,27H,7,13H2,1-5H3",FUNJPZFUOULIEZ-UHFFFAOYSA-N,CC(=CCC1=C(C=CC2=C1OC3C2COC4=C3C(=C5C=CC(OC5=C4)(C)C)OC)O)C
FT_16.097_293.13833,Botryosphaerin F,C16 H20 O5,L2.2,na,Organic compounds,Organoheterocyclic compounds,Naphthopyrans,NA,NA,139588465,Botryosphaerin F,292.1310737,C16H20O5,"InChI=1S/C16H20O5/c1-15-4-3-5-16(2)13(15)12(21-14(16)19)11(18)8-7-20-10(17)6-9(8)15/h6,8,11-13,18H,3-5,7H2,1-2H3/t8-,11+,12-,13-,15-,16+/m1/s1",AHMYWLVSCSDIAQ-WDQVFQSZSA-N,CC12CCCC3(C1C(C(C4C2=CC(=O)OC4)O)OC3=O)C
FT_16.135_249.14848,Aspergentisyl B,C15 H20 O3,L2.3,na,Organic compounds,Benzenoids,Benzene and substituted derivatives,Benzylethers,NA,139586345,Aspergentisyl B,248.1412445,C15H20O3,"InChI=1S/C15H20O3/c1-3-4-5-6-7-8-12-13(11-18-2)15(17)10-9-14(12)16/h3-6,9-10,16-17H,7-8,11H2,1-2H3",VIRRSSOWRCQPPA-UHFFFAOYSA-N,CC=CC=CCCC1=C(C=CC(=C1COC)O)O
FT_18.525_369.24246,"(5R,8S,9S,10S,14R)-17-acetyl-4,4,8,10,14-pentamethyl-2,5,6,7,9,15-hexahydro-1H-cyclopenta[a]phenanthrene-3,16-dione",C24 H32 O3,L2.2,na,Organic compounds,Lipids and lipid-like molecules,Steroids and steroid derivatives,Oxosteroids,20-oxosteroids,"	122194871","(5R,8S,9S,10S,14R)-17-acetyl-4,4,8,10,14-pentamethyl-2,5,6,7,9,15-hexahydro-1H-cyclopenta[a]phenanthrene-3,16-dione",NA,"	
C24H32O3","InChI=1S/C24H32O3/c1-14(25)20-15-7-8-18-22(4)11-10-19(27)21(2,3)17(22)9-12-23(18,5)24(15,6)13-16(20)26/h7-8,17-18H,9-13H2,1-6H3/t17-,18-,22-,23-,24-/m0/s1",REQFSBZCSAVEMZ-HYUJZPPJSA-N,CC(=O)C1=C2C=C[C@H]3[C@]4(CCC(=O)C([C@@H]4CC[C@@]3([C@]2(CC1=O)C)C)(C)C)C
FT_18.576_433.12833,"1-Allyl-3-[(6aS,8S)-6,12-dioxo-2-(3-thienyl)-5,6,6a,7,8,9,10,12-octahydropyrido[2,1-c][1,4]benzodiazepin-8-yl]urea",C21 H22 N4 O3 S,L2.1,NA,NA,NA,NA,NA,NA,NA,NA,NA,NA,NA,NA,NA
FT_16.353_177.16380,"Megastigma-4,6(E),8(Z)-triene",C13 H20,L2.2,na,Organic compounds,Hydrocarbons,Unsaturated hydrocarbons,Branched unsaturated hydrocarbons,NA,91753566,"Megastigma-4,6(E),8(Z)-triene",176.1565006,C13H20,"InChI=1S/C13H20/c1-5-6-9-12-11(2)8-7-10-13(12,3)4/h5-6,8-9H,7,10H2,1-4H3/b6-5-,12-9+",BYDQKMZEOZVIJM-ZCRLHDOISA-N,CC=CC=C1C(=CCCC1(C)C)C
FT_16.354_245.15123,Isoleucyl-hydroxyproline,C11 H20 N2 O4,L2.2,na,Organic compounds,Organic acids and derivatives,Carboxylic acids and derivatives,"Amino acids, peptides, and analogues",Peptides,25227053,Isoleucyl-hydroxyproline,244.1423071,C11H20N2O4,"InChI=1S/C11H20N2O4/c1-3-6(2)9(12)10(15)13-5-7(14)4-8(13)11(16)17/h6-9,14H,3-5,12H2,1-2H3,(H,16,17)/t6-,7+,8-,9-/m0/s1",IFZSZULHIWFRSB-KZVJFYERSA-N,CCC(C)C(C(=O)N1CC(CC1C(=O)O)O)N
FT_18.607_277.14112,"(2R,5R,6R)-3-[(1E,3E)-hepta-1,3-dien-1-yl]-5,6-dihydroxy-2-(hydroxymethyl)cyclohexan-1-one",C14 H22 O4,L2.1,NA,Organic compounds,Organic oxygen compounds,Organooxygen compounds,Alcohols and polyols,Cyclic alcohols and derivatives,NA,NA,NA,C14 H22 O4,"InChI=1/C14H22O4/c1-2-3-4-5-6-7-10-8-12(16)14(18)13(17)11(10)9-15/h4-7,10-12,14-16,18H,2-3,8-9H2,1H3/b5-4+,7-6+/t10?,11-,12+,14+/m0/s1","
MPOXQBRZHHNMER-RVZXZRSKSA-N","
CCC\C=C\C=C\C1C[C@@H](O)[C@@H](O)C(=O)[C@H]1CO |r|"
FT_16.412_283.08124,"Trimethyl 5-methoxybenzene-1,2,4-tricarboxylate",C13 H14 O7,L2.2,na,Organic compounds,Benzenoids,Benzene and substituted derivatives,Benzoic acids and derivatives,Methoxybenzoic acids and derivatives,72942156,"Trimethyl 5-methoxybenzene-1,2,4-tricarboxylate",282.0739528,C13H14O7,"InChI=1S/C13H14O7/c1-17-10-6-8(12(15)19-3)7(11(14)18-2)5-9(10)13(16)20-4/h5-6H,1-4H3",AAUNKVZRYQTUNI-UHFFFAOYSA-N,COC1=C(C=C(C(=C1)C(=O)OC)C(=O)OC)C(=O)OC
FT_18.654_271.13050,"(3aR,5aR,9bR)-3a-hydroxy-5a,9-dimethyl-3-methylidene-2H,3H,3aH,4H,5H,5aH,6H,7H,8H,9bH-naphtho[1,2-b]furan-2-one",C15 H20 O3,L2.1,NA,NA,NA,NA,NA,NA,NA,NA,NA,NA,NA,NA,NA
FT_18.687_431.24286,"14,16,20-Trihydroxy-2,5-dimethyl-8-propan-2-yl-18,22-dioxahexacyclo[17.2.1.02,10.05,9.013,21.016,20]docosa-8,13-dien-15-one","	
C25H34O6",L2.3,na,Organic compounds,Lipids and lipid-like molecules,Prenol lipids,Diterpenoids,Diterpenoids,"	132076415","14,16,20-Trihydroxy-2,5-dimethyl-8-propan-2-yl-18,22-dioxahexacyclo[17.2.1.02,10.05,9.013,21.016,20]docosa-8,13-dien-15-one",NA,"	
C25H34O6","InChI=1S/C25H34O6/c1-12(2)13-7-8-22(3)9-10-23(4)15(16(13)22)6-5-14-17-20(23)31-21-25(17,29)24(28,11-30-21)19(27)18(14)26/h12,15,17,20-21,26,28-29H,5-11H2,1-4H3",YQAQVNZGKXQJMK-UHFFFAOYSA-N,CC(C)C1=C2C3CCC4=C(C(=O)C5(COC6C5(C4C(C3(CCC2(CC1)C)C)O6)O)O)O
FT_16.598_499.19643,Dehydroaustin,C27 H30 O9,L2.3,na,Organic compounds,Organic acids and derivatives,Carboxylic acids and derivatives,Tetracarboxylic acids and derivatives,NA,122201239,Dehydroaustin,498.1889825,C27H30O9,"InChI=1S/C27H30O9/c1-13-23(8)18(33-16(4)28)26-14(2)24(10-9-17(29)34-21(24,5)6)12-11-22(26,7)25(13)19(30)32-15(3)27(25,36-26)20(31)35-23/h9-10,15,18H,1-2,11-12H2,3-8H3/t15-,18-,22-,23+,24+,25+,26+,27-/m0/s1",UMCNDSVRNDMSEX-DVMWOTGCSA-N,CC1C23C(=O)OC4(C(C5(O2)C(=C)C6(CCC5(C3(C4=C)C(=O)O1)C)C=CC(=O)OC6(C)C)OC(=O)C)C
FT_16.641_301.28498,3-(Dodecanoylamino)propyl-hydroxy-dimethylazanium,C17 H36 N2 O2,L2.2,na,Organic compounds,Lipids and lipid-like molecules,Fatty Acyls,Fatty amides,N-acyl amines,6398474,3-(Dodecanoylamino)propyl-hydroxy-dimethylazanium,301.2855034,C17H37N2O2+,"InChI=1S/C17H36N2O2/c1-4-5-6-7-8-9-10-11-12-14-17(20)18-15-13-16-19(2,3)21/h21H,4-16H2,1-3H3/p+1",SHZBBMZGSRSBRN-UHFFFAOYSA-O,CCCCCCCCCCCC(=O)NCCC[N+](C)(C)O
FT_16.666_291.15902,Laurenoniolide,C17 H22 O4,L2.3,na,Organic compounds,Lipids and lipid-like molecules,Prenol lipids,Terpene lactones,Sesquiterpene lactones,5281475,Laurenoniolide,290.1518092,C17H22O4,"InChI=1S/C17H22O4/c1-10-6-5-7-11(2)9-15-16(12(3)17(19)21-15)14(8-10)20-13(4)18/h7-8,14-16H,3,5-6,9H2,1-2,4H3/b10-8+,11-7+/t14-,15+,16+/m1/s1",ORJVLIMAQARNOU-SYQXSARVSA-N,CC1=CC(C2C(CC(=CCC1)C)OC(=O)C2=C)OC(=O)C
FT_18.767_281.10196,"(Z)-3-[4,5-dihydroxy-2-(2-hydroxypropan-2-yl)-2,3-dihydro-1-benzofuran-7-yl]prop-2-enoic acid",C14 H16 O6,L2.2,na,Organic compounds,Phenylpropanoids and polyketides,Cinnamic acids and derivatives,Hydroxycinnamic acids and derivatives,Coumaric acids and derivatives,NA,Gravolenic acid,NA,C14H16O6,"InChI=1S/C14H16O6/c1-14(2,19)10-6-8-12(18)9(15)5-7(13(8)20-10)3-4-11(16)17/h3-5,10,15,18-19H,6H2,1-2H3,(H,16,17)/b4-3-",DABSIZUNYJTFDJ-ARJAWSKDSA-N,CC(C)(C1CC2=C(O1)C(=CC(=C2O)O)/C=C\C(=O)O)O
FT_16.686_287.16414,"Estradiol-3,4-quinone",C18 H22 O3,L2.3,na,Organic compounds,Lipids and lipid-like molecules,Steroids and steroid derivatives,Oxosteroids,NA,67402,"Estradiol-3,4-quinone",286.1568946,C18H22O3,"InChI=1S/C18H22O3/c1-18-9-8-11-10-4-6-15(19)17(21)13(10)3-2-12(11)14(18)5-7-16(18)20/h4,6,11-12,14,16,20H,2-3,5,7-9H2,1H3/t11-,12-,14+,16+,18+/m1/s1",XVPUMLOTNZVTSL-ZHIYBZGJSA-N,CC12CCC3C(C1CCC2O)CCC4=C3C=CC(=O)C4=O
FT_16.721_209.08081,Methyl 4-hydroxy-3-methoxy-cinnamate,C11 H12 O4,L2.3,na,Organic compounds,Phenylpropanoids and polyketides,Cinnamic acids and derivatives,Hydroxycinnamic acids and derivatives,Coumaric acids and derivatives,16830,Methyl 4-hydroxy-3-methoxy-cinnamate,208.0735589,C11H12O4,"InChI=1S/C11H12O4/c1-14-10-7-8(3-5-9(10)12)4-6-11(13)15-2/h3-7,12H,1-2H3",AUJXJFHANFIVKH-UHFFFAOYSA-N,COC1=C(C=CC(=C1)C=CC(=O)OC)O
FT_18.816_397.16470,"8,8-Dimethyl-3-(2,4,5-trimethoxyphenyl)-2,3-dihydropyrano[2,3-f]chromen-4-one",C23 H24 O6,L2.3,na,Organic compounds,Phenylpropanoids and polyketides,Isoflavonoids,Isoflavans,Isoflavanones,"	44559034","8,8-Dimethyl-3-(2,4,5-trimethoxyphenyl)-2,3-dihydropyrano[2,3-f]chromen-4-one",NA,"	
C23H24O6","InChI=1S/C23H24O6/c1-23(2)9-8-13-17(29-23)7-6-14-21(24)16(12-28-22(13)14)15-10-19(26-4)20(27-5)11-18(15)25-3/h6-11,16H,12H2,1-5H3",FHQIUPHJETXRLG-UHFFFAOYSA-N,CC1(C=CC2=C(O1)C=CC3=C2OCC(C3=O)C4=CC(=C(C=C4OC)OC)OC)C
FT_16.740_201.09101,"1,4-Naphthalenedione, 2,3,6-trimethyl-",C13 H12 O2,L2.3,na,Organic compounds,Benzenoids,Naphthalenes,Naphthoquinones,NA,88562,"1,4-Naphthalenedione, 2,3,6-trimethyl-",200.0837296,C13H12O2,"InChI=1S/C13H12O2/c1-7-4-5-10-11(6-7)13(15)9(3)8(2)12(10)14/h4-6H,1-3H3",LWWOWQZGAGVVEU-UHFFFAOYSA-N,CC1=CC2=C(C=C1)C(=O)C(=C(C2=O)C)C
FT_16.740_334.16488,"N-(sec-butyl)-2-(7,8-dimethoxy-4-methyl-2-oxo-2H-chromen-3-yl)acetamide",C18 H23 N O5,L2.3,na,Organic compounds,Phenylpropanoids and polyketides,Coumarins and derivatives,NA,NA,4869777,"N-(sec-butyl)-2-(7,8-dimethoxy-4-methyl-2-oxo-2H-chromen-3-yl)acetamide",333.1576228,C18H23NO5,"InChI=1S/C18H23NO5/c1-6-10(2)19-15(20)9-13-11(3)12-7-8-14(22-4)17(23-5)16(12)24-18(13)21/h7-8,10H,6,9H2,1-5H3,(H,19,20)",FVXUIHYKLJRZEU-UHFFFAOYSA-N,CCC(C)NC(=O)CC1=C(C2=C(C(=C(C=C2)OC)OC)OC1=O)C
FT_18.821_297.24243,NP-008993,C18 H34 O4,L2.1,NA,Organic compounds,Lipids and lipid-like molecules,Fatty Acyls,Lineolic acids and derivatives,Lineolic acids and derivatives,"	53851542","8-Hydroxy-9,10-epoxystearic acid",NA,"	
C18H34O4","InChI=1S/C18H34O4/c1-2-3-4-5-6-10-13-16-18(22-16)15(19)12-9-7-8-11-14-17(20)21/h15-16,18-19H,2-14H2,1H3,(H,20,21)",GQEOLYBERRZZCE-UHFFFAOYSA-N,CCCCCCCCC1C(O1)C(CCCCCCC(=O)O)O
FT_16.743_279.15689,"2-(4-Hydroxy-3-methylbut-2-en-1-yl)-4-(3-methylbut-2-en-1-yl)benzene-1,3,5-triol",C16 H22 O4,L2.2,na,Organic compounds,Benzenoids,Phenols,Benzenetriols and derivatives,Phloroglucinols and derivatives,131837021,"2-(4-Hydroxy-3-methylbut-2-en-1-yl)-4-(3-methylbut-2-en-1-yl)benzene-1,3,5-triol",278.1518092,C16H22O4,"InChI=1S/C16H22O4/c1-10(2)4-6-12-14(18)8-15(19)13(16(12)20)7-5-11(3)9-17/h4-5,8,17-20H,6-7,9H2,1-3H3/b11-5+",YTVYDQKLMJPYFQ-VZUCSPMQSA-N,CC(=CCC1=C(C(=C(C=C1O)O)CC=C(C)CO)O)C
FT_16.762_297.13332,Deoxynivalenol,C15 H20 O6,L2.2,na,Organic compounds,Lipids and lipid-like molecules,Prenol lipids,Sesquiterpenoids,Trichothecenes,40024,Deoxynivalenol,296.1259884,C15H20O6,"InChI=1S/C15H20O6/c1-7-3-9-14(5-16,11(19)10(7)18)13(2)4-8(17)12(21-9)15(13)6-20-15/h3,8-9,11-12,16-17,19H,4-6H2,1-2H3/t8-,9-,11-,12-,13-,14-,15+/m1/s1",LINOMUASTDIRTM-QGRHZQQGSA-N,CC1=CC2C(C(C1=O)O)(C3(CC(C(C34CO4)O2)O)C)CO
FT_16.767_451.17509,"4-Benzyloxy-2'-hydroxy-3',4',5',6'-tetramethoxychalcone",C26 H26 O7,L2.2,na,Organic compounds,Phenylpropanoids and polyketides,"Linear 1,3-diarylpropanoids",Chalcones and dihydrochalcones,2'-Hydroxychalcones,5838784,"4-Benzyloxy-2'-hydroxy-3',4',5',6'-tetramethoxychalcone",450.1678532,C26H26O7,"InChI=1S/C26H26O7/c1-29-23-21(22(28)24(30-2)26(32-4)25(23)31-3)20(27)15-12-17-10-13-19(14-11-17)33-16-18-8-6-5-7-9-18/h5-15,28H,16H2,1-4H3/b15-12+",JDAWPQNOYYGXEG-NTCAYCPXSA-N,COC1=C(C(=C(C(=C1C(=O)C=CC2=CC=C(C=C2)OCC3=CC=CC=C3)O)OC)OC)OC
FT_16.837_251.12775,Preremirol,C14 H18 O4,L2.3,na,Organic compounds,Organic oxygen compounds,Organooxygen compounds,Carbonyl compounds,Ketones,10890323,Preremirol,250.1205091,C14H18O4,"InChI=1S/C14H18O4/c1-8(2)5-6-10-11(16)7-12(18-4)13(9(3)15)14(10)17/h5,7,16-17H,6H2,1-4H3",KASLWEHUDINBOP-UHFFFAOYSA-N,CC(=CCC1=C(C(=C(C=C1O)OC)C(=O)C)O)C
FT_18.833_305.17470,"4-Methoxy-6-pentyl-2-prop-1-en-2-yl-2,3-dihydro-1-benzofuran-7-carboxylic acid",C18 H24 O4,L2.3,na,Organic compounds,Benzenoids,Benzene and substituted derivatives,Benzoic acids and derivatives,Methoxybenzoic acids and derivatives,"	51136368","4-Methoxy-6-pentyl-2-prop-1-en-2-yl-2,3-dihydro-1-benzofuran-7-carboxylic acid",NA,"	
C18H24O4","InChI=1S/C18H24O4/c1-5-6-7-8-12-9-15(21-4)13-10-14(11(2)3)22-17(13)16(12)18(19)20/h9,14H,2,5-8,10H2,1,3-4H3,(H,19,20)",ZGQOYZAYPNQWHQ-UHFFFAOYSA-N,CCCCCC1=CC(=C2CC(OC2=C1C(=O)O)C(=C)C)OC
FT_17.118_483.20146,Territrem E,C27 H30 O8,L2.2,na,Organic compounds,Organoheterocyclic compounds,Naphthopyrans,NA,NA,139586543,Territrem E,482.1940679,C27H30O8,"InChI=1S/C27H30O8/c1-23(2)9-8-21(29)25(4)26(23,31)11-10-24(3)27(25,32)14-16-19(35-24)13-18(34-22(16)30)15-6-7-17(28)20(12-15)33-5/h6-9,12-13,28,31-32H,10-11,14H2,1-5H3/t24-,25+,26-,27-/m1/s1",NXPWSGHHZIMMOV-HVWQDESWSA-N,CC1(C=CC(=O)C2(C1(CCC3(C2(CC4=C(O3)C=C(OC4=O)C5=CC(=C(C=C5)O)OC)O)C)O)C)C
FT_17.119_217.08594,Allenolic acid,C13 H12 O3,L2.3,na,Organic compounds,Benzenoids,Naphthalenes,Naphthols and derivatives,NA,96227,Allenolic acid,216.0786442,C13H12O3,"InChI=1S/C13H12O3/c14-12-5-4-10-7-9(2-6-13(15)16)1-3-11(10)8-12/h1,3-5,7-8,14H,2,6H2,(H,15,16)",NHGXZNWPADXVOA-UHFFFAOYSA-N,C1=CC2=C(C=CC(=C2)O)C=C1CCC(=O)O
FT_18.882_431.24292,"14,16,20-Trihydroxy-2,5-dimethyl-8-propan-2-yl-18,22-dioxahexacyclo[17.2.1.02,10.05,9.013,21.016,20]docosa-8,13-dien-15-one",C25 H34 O6,L2.3,na,Organic compounds,Lipids and lipid-like molecules,Prenol lipids,Diterpenoids,Diterpenoids,"	132076415","14,16,20-Trihydroxy-2,5-dimethyl-8-propan-2-yl-18,22-dioxahexacyclo[17.2.1.02,10.05,9.013,21.016,20]docosa-8,13-dien-15-one",NA,"	
C25H34O6","InChI=1S/C25H34O6/c1-12(2)13-7-8-22(3)9-10-23(4)15(16(13)22)6-5-14-17-20(23)31-21-25(17,29)24(28,11-30-21)19(27)18(14)26/h12,15,17,20-21,26,28-29H,5-11H2,1-4H3",YQAQVNZGKXQJMK-UHFFFAOYSA-N,CC(C)C1=C2C3CCC4=C(C(=O)C5(COC6C5(C4C(C3(CCC2(CC1)C)C)O6)O)O)O
FT_17.143_499.19649,Dehydroaustin,C27 H30 O9,L2.2,na,Organic compounds,Organic acids and derivatives,Carboxylic acids and derivatives,Tetracarboxylic acids and derivatives,NA,122201239,Dehydroaustin,498.1889825,C27H30O9,"InChI=1S/C27H30O9/c1-13-23(8)18(33-16(4)28)26-14(2)24(10-9-17(29)34-21(24,5)6)12-11-22(26,7)25(13)19(30)32-15(3)27(25,36-26)20(31)35-23/h9-10,15,18H,1-2,11-12H2,3-8H3/t15-,18-,22-,23+,24+,25+,26+,27-/m0/s1",UMCNDSVRNDMSEX-DVMWOTGCSA-N,CC1C23C(=O)OC4(C(C5(O2)C(=C)C6(CCC5(C3(C4=C)C(=O)O1)C)C=CC(=O)OC6(C)C)OC(=O)C)C
FT_17.159_263.12778,Ustusorane A,C15 H18 O4,L2.3,na,Organic compounds,Organoheterocyclic compounds,Benzofurans,NA,NA,44557644,Ustusorane A,262.1205091,C15H18O4,"InChI=1S/C15H18O4/c1-8(2)14-13(18)11-5-4-10(6-9(3)17)12(7-16)15(11)19-14/h4-5,9,16-17H,6-7H2,1-3H3",FYUKKVDWTSHXKN-UHFFFAOYSA-N,CC(CC1=C(C2=C(C=C1)C(=O)C(=C(C)C)O2)CO)O
FT_18.931_301.14327,"2-[(2R)-5-acetyl-2,3-dihydro-1-benzofuran-2-yl]prop-2-enyl (Z)-2-methylbut-2-enoate",C18 H20 O4,L2.3,na,Organic compounds,Benzenoids,Benzene and substituted derivatives,Acetophenones,Acetophenones,15139555,"2-[(2R)-5-acetyl-2,3-dihydro-1-benzofuran-2-yl]prop-2-enyl (Z)-2-methylbut-2-enoate",NA,"	
C18H20O4","InChI=1S/C18H20O4/c1-5-11(2)18(20)21-10-12(3)17-9-15-8-14(13(4)19)6-7-16(15)22-17/h5-8,17H,3,9-10H2,1-2,4H3/b11-5-/t17-/m1/s1",RXPGENYOWROGHV-KPFINFFTSA-N,C/C=C(/C)\C(=O)OCC(=C)[C@H]1CC2=C(O1)C=CC(=C2)C(=O)C
FT_17.223_251.12775,Preremirol,C14 H18 O4,L2.3,na,Organic compounds,Organic oxygen compounds,Organooxygen compounds,Carbonyl compounds,Ketones,10890323,Preremirol,250.1205091,C14H18O4,"InChI=1S/C14H18O4/c1-8(2)5-6-10-11(16)7-12(18-4)13(9(3)15)14(10)17/h5,7,16-17H,6H2,1-4H3",KASLWEHUDINBOP-UHFFFAOYSA-N,CC(=CCC1=C(C(=C(C=C1O)OC)C(=O)C)O)C
FT_17.267_383.13378,"3,4,5-trihydroxy-6-[(E)-5-(4-methoxyphenyl)-3-oxopent-4-enoxy]oxane-2-carboxylic acid",C18 H22 O9,L2.2,na,Organic compounds,Lipids and lipid-like molecules,Fatty Acyls,Fatty acyl glycosides,Fatty acyl glycosides of mono- and disaccharides,131836974,"3,4,5-trihydroxy-6-[(E)-5-(4-methoxyphenyl)-3-oxopent-4-enoxy]oxane-2-carboxylic acid",382.1263823,C18H22O9,"InChI=1S/C18H22O9/c1-25-12-6-3-10(4-7-12)2-5-11(19)8-9-26-18-15(22)13(20)14(21)16(27-18)17(23)24/h2-7,13-16,18,20-22H,8-9H2,1H3,(H,23,24)/b5-2+",ZLTQWAYJMINEQV-GORDUTHDSA-N,COC1=CC=C(C=C1)C=CC(=O)CCOC2C(C(C(C(O2)C(=O)O)O)O)O
FT_17.300_219.10156,4-Methoxy-3-(3-methylbut-2-enoyl)benzaldehyde,C13 H14 O3,L2.3,na,Organic compounds,Benzenoids,Benzene and substituted derivatives,Benzoyl derivatives,NA,14104351,4-Methoxy-3-(3-methylbut-2-enoyl)benzaldehyde,218.0942943,C13H14O3,"InChI=1S/C13H14O3/c1-9(2)6-12(15)11-7-10(8-14)4-5-13(11)16-3/h4-8H,1-3H3",PVTAYIFLKAIHGG-UHFFFAOYSA-N,CC(=CC(=O)C1=C(C=CC(=C1)C=O)OC)C
FT_19.100_345.20596,"(E)-3-[3-[(2E)-3,7-dimethylocta-2,6-dienyl]-4,5-dimethoxyphenyl]prop-2-enoic acid",C21 H28 O4,L2.3,na,Organic compounds,Phenylpropanoids and polyketides,Cinnamic acids and derivatives,Hydroxycinnamic acids and derivatives,Coumaric acids and derivatives,14484652,"(E)-3-[3-[(2E)-3,7-dimethylocta-2,6-dienyl]-4,5-dimethoxyphenyl]prop-2-enoic acid",NA,"	
C21H28O4","InChI=1S/C21H28O4/c1-15(2)7-6-8-16(3)9-11-18-13-17(10-12-20(22)23)14-19(24-4)21(18)25-5/h7,9-10,12-14H,6,8,11H2,1-5H3,(H,22,23)/b12-10+,16-9+",IXDDIYJCTLFLLS-BVXVVYCSSA-N,CC(=CCC/C(=C/CC1=C(C(=CC(=C1)/C=C/C(=O)O)OC)OC)/C)C
FT_19.145_433.22208,"[(2R,2aS,7R,7aS,7bR)-2,2a,7-trihydroxy-6,6,7b-trimethyl-1,2,4a,5,7,7a-hexahydrocyclobuta[e]inden-3-yl]methyl 2-hydroxy-4-methoxy-6-methylbenzoate",C24 H32 O7,L2.3,na,Organic compounds,Lipids and lipid-like molecules,Prenol lipids,Sesquiterpenoids,Illudanes and illudins,"	129320364","[(2R,2aS,7R,7aS,7bR)-2,2a,7-trihydroxy-6,6,7b-trimethyl-1,2,4a,5,7,7a-hexahydrocyclobuta[e]inden-3-yl]methyl 2-hydroxy-4-methoxy-6-methylbenzoate",NA,"	
C24H32O7","InChI=1S/C24H32O7/c1-12-6-15(30-5)8-16(25)18(12)21(28)31-11-14-7-13-9-22(2,3)20(27)19(13)23(4)10-17(26)24(14,23)29/h6-8,13,17,19-20,25-27,29H,9-11H2,1-5H3/t13?,17-,19-,20-,23-,24+/m1/s1",LBEGSQVVWJVFHH-MFWOBCTISA-N,CC1=CC(=CC(=C1C(=O)OCC2=CC3CC([C@@H]([C@@H]3[C@@]4([C@]2([C@@H](C4)O)O)C)O)(C)C)O)OC
FT_17.474_413.15955,Garcimangosone C,C23 H24 O7,L2.2,na,Organic compounds,Organoheterocyclic compounds,Benzopyrans,1-benzopyrans,Dibenzopyrans,10916629,Garcimangosone C,412.1522031,C23H24O7,"InChI=1S/C23H24O7/c1-10(2)5-6-11-13(24)8-16-19(20(11)27)21(28)18-12-7-17(26)23(3,4)30-15(12)9-14(25)22(18)29-16/h5,8-9,17,24-27H,6-7H2,1-4H3",VPNBQMUAQMFCCW-UHFFFAOYSA-N,CC(=CCC1=C(C2=C(C=C1O)OC3=C(C2=O)C4=C(C=C3O)OC(C(C4)O)(C)C)O)C
FT_17.486_483.20149,Territrem E,C27 H30 O8,L2.2,na,Organic compounds,Organoheterocyclic compounds,Naphthopyrans,NA,NA,139586543,Territrem E,482.1940679,C27H30O8,"InChI=1S/C27H30O8/c1-23(2)9-8-21(29)25(4)26(23,31)11-10-24(3)27(25,32)14-16-19(35-24)13-18(34-22(16)30)15-6-7-17(28)20(12-15)33-5/h6-9,12-13,28,31-32H,10-11,14H2,1-5H3/t24-,25+,26-,27-/m1/s1",NXPWSGHHZIMMOV-HVWQDESWSA-N,CC1(C=CC(=O)C2(C1(CCC3(C2(CC4=C(O3)C=C(OC4=O)C5=CC(=C(C=C5)O)OC)O)C)O)C)C
FT_17.541_251.12777,Preremirol,C14 H18 O4,L2.3,na,Organic compounds,Organic oxygen compounds,Organooxygen compounds,Carbonyl compounds,Ketones,10890323,Preremirol,250.1205091,C14H18O4,"InChI=1S/C14H18O4/c1-8(2)5-6-10-11(16)7-12(18-4)13(9(3)15)14(10)17/h5,7,16-17H,6H2,1-4H3",KASLWEHUDINBOP-UHFFFAOYSA-N,CC(=CCC1=C(C(=C(C=C1O)OC)C(=O)C)O)C
FT_19.148_415.21162,"5-hydroxy-2,2,6,6-tetramethyl-4-{2-methyl-1-[2,4,6-trihydroxy-3-(2-methylpropanoyl)phenyl]propyl}cyclohex-4-ene-1,3-dione",C24 H32 O7,L2.1,NA,Organic compounds,Organic oxygen compounds,Organooxygen compounds,Carbonyl compounds,Ketones,"	51136453",CID 51136453,NA,"	
C24H32O7","InChI=1S/C24H32O7/c1-10(2)14(17-20(29)23(5,6)22(31)24(7,8)21(17)30)15-12(25)9-13(26)16(19(15)28)18(27)11(3)4/h9-11,14,25-26,28-29H,1-8H3",JUXUXBIHGDQKND-UHFFFAOYSA-N,CC(C)C(C1=C(C(=C(C=C1O)O)C(=O)C(C)C)O)C2=C(C(C(=O)C(C2=O)(C)C)(C)C)O
FT_17.647_487.20941,Glucosylgalactosylhydroxylysine,C18 H34 N2 O13,L2.3,na,Organic compounds,Lipids and lipid-like molecules,Fatty Acyls,Fatty acyl glycosides,Fatty acyl glycosides of mono- and disaccharides,122304,Glucosylgalactosyl hydroxylysine,486.2060891,C18H34N2O13,"InChI=1S/C18H34N2O13/c19-3-6(1-2-7(20)16(28)29)30-18-15(13(26)11(24)9(5-22)32-18)33-17-14(27)12(25)10(23)8(4-21)31-17/h6-15,17-18,21-27H,1-5,19-20H2,(H,28,29)/t6?,7-,8+,9+,10+,11-,12?,13-,14+,15+,17+,18+/m0/s1",UTIRJVJBKWSIOX-SRMFCGEKSA-N,C(CC(C(=O)O)N)C(CN)OC1C(C(C(C(O1)CO)O)O)OC2C(C(C(C(O2)CO)O)O)O
FT_17.673_215.10672,"4,4'-Benzene-1,4-diylbisbut-3-en-2-one",C14 H14 O2,L2.3,na,Organic compounds,Phenylpropanoids and polyketides,Cinnamic acids and derivatives,NA,NA,262615,"4,4'-Benzene-1,4-diylbisbut-3-en-2-one",214.0993797,C14H14O2,"InChI=1S/C14H14O2/c1-11(15)3-5-13-7-9-14(10-8-13)6-4-12(2)16/h3-10H,1-2H3",HMMREUHYFATSFZ-UHFFFAOYSA-N,CC(=O)C=CC1=CC=C(C=C1)C=CC(=O)C
FT_17.694_217.08596,Methyl 3-Methoxy-2-naphthoate,C13 H12 O3,L2.3,na,Organic compounds,Benzenoids,Naphthalenes,Naphthalenecarboxylic acids and derivatives,Naphthalenecarboxylic acids,296952,Methyl 3-Methoxy-2-naphthoate,216.0786442,C13H12O3,"InChI=1S/C13H12O3/c1-15-12-8-10-6-4-3-5-9(10)7-11(12)13(14)16-2/h3-8H,1-2H3",MPLSAOVNAXJHHI-UHFFFAOYSA-N,COC1=CC2=CC=CC=C2C=C1C(=O)OC
FT_19.230_453.15471,"(16,17-Dimethoxy-12-oxo-6-prop-1-en-2-yl-2,7,20-trioxapentacyclo[11.8.0.03,11.04,8.014,19]henicosa-3,8,10,14,16,18-hexaen-10-yl) acetate",C25 H24 O8,L2.2,na,Organic compounds,Phenylpropanoids and polyketides,Isoflavonoids,Rotenoids,Rotenones,"	4303566","(16,17-Dimethoxy-12-oxo-6-prop-1-en-2-yl-2,7,20-trioxapentacyclo[11.8.0.03,11.04,8.014,19]henicosa-3,8,10,14,16,18-hexaen-10-yl) acetate",NA,"	
C25H24O8","InChI=1S/C25H24O8/c1-11(2)15-7-14-17(32-15)9-20(31-12(3)26)23-24(27)22-13-6-18(28-4)19(29-5)8-16(13)30-10-21(22)33-25(14)23/h6,8-9,15,21-22H,1,7,10H2,2-5H3",RDDZJXAOJKXMKR-UHFFFAOYSA-N,CC(=C)C1CC2=C3C(=C(C=C2O1)OC(=O)C)C(=O)C4C(O3)COC5=CC(=C(C=C45)OC)OC
FT_17.721_467.20646,Nimbolide,C27H30O7,L2.2,na,Organic compounds,Lipids and lipid-like molecules,Prenol lipids,Triterpenoids,Limonoids,12313376,Nimbolide,466.1991533,C27H30O7,"InChI=1S/C27H30O7/c1-13-15(14-7-9-32-12-14)10-16-20(13)27(4)17(11-19(29)31-5)26(3)18(28)6-8-25(2)22(26)21(23(27)33-16)34-24(25)30/h6-9,12,15-17,21-23H,10-11H2,1-5H3/t15-,16-,17-,21-,22+,23-,25-,26+,27-/m1/s1",JZIQWNPPBKFOPT-LSYMHUITSA-N,CC1=C2C(CC1C3=COC=C3)OC4C2(C(C5(C6C4OC(=O)C6(C=CC5=O)C)C)CC(=O)OC)C
FT_17.735_321.16969,Pseudoalteromone A,C18 H24 O5,L2.3,na,Organic compounds,Lipids and lipid-like molecules,Prenol lipids,Quinone and hydroquinone lipids,Prenylquinones,76450517,Pseudoalteromone A,320.1623739,C18H24O5,"InChI=1S/C18H24O5/c1-11(7-6-8-12(2)19)9-10-14-13(3)15(20)17(22-4)18(23-5)16(14)21/h9H,6-8,10H2,1-5H3",MALZBBXUOWKWND-UHFFFAOYSA-N,CC1=C(C(=O)C(=C(C1=O)OC)OC)CC=C(C)CCCC(=O)C
FT_19.321_427.17535,"N-({(2R,4S,5R)-5-[3-(2-Methoxyphenyl)-1-methyl-1H-pyrazol-5-yl]-1-azabicyclo[2.2.2]oct-2-yl}methyl)methanesulfonamide",C20 H28 N4 O3 S,L2.1,NA,NA,NA,NA,NA,NA,NA,NA,NA,NA,NA,NA,NA
FT_19.436_263.16178,NP-012972,C14 H24 O3,L2.1,NA,Organic compounds,Organic oxygen compounds,Organooxygen compounds,Alcohols and polyols,Secondary alcohols,45359494,"4-[(1E,3E)-hepta-1,3-dienyl]-3-(hydroxymethyl)cyclohexane-1,2-diol",,,"InChI=1S/C14H24O3/c1-2-3-4-5-6-7-11-8-9-13(16)14(17)12(11)10-15/h4-7,11-17H,2-3,8-10H2,1H3/b5-4+,7-6+",UOYPTGKFAQWZSS-YTXTXJHMSA-N,CCC/C=C/C=C/C1CCC(C(C1CO)O)O
FT_17.793_219.10156,6-Hydroxytremetone,C13 H14 O3,L2.3,na,Organic compounds,Benzenoids,Benzene and substituted derivatives,Acetophenones,NA,186059,6-Hydroxytremetone,218.0942943,C13H14O3,"InChI=1S/C13H14O3/c1-7(2)12-5-9-4-10(8(3)14)11(15)6-13(9)16-12/h4,6,12,15H,1,5H2,2-3H3/t12-/m1/s1",FHJSLVLVJPGFRY-GFCCVEGCSA-N,CC(=C)C1CC2=CC(=C(C=C2O1)O)C(=O)C
FT_17.942_181.12232,"formyl 2Z,4E,6Z-decatrienoate",C11 H16 O2,L2.3,na,Organic compounds,Lipids and lipid-like molecules,Fatty Acyls,Fatty acid esters,NA,12180841,"formyl 2Z,4E,6Z-decatrienoate",180.1150297,C11H16O2,"InChI=1S/C11H16O2/c1-3-4-5-6-7-8-9-10-11(12)13-2/h5-10H,3-4H2,1-2H3/b6-5-,8-7+,10-9-",DLNQRJFVXCCDKL-BGDVVUGTSA-N,CCCC=CC=CC=CC(=O)OC
FT_19.588_219.21072,"(1Z,5Z)-1,5,10-trimethyl-8-propan-2-ylidenecyclodeca-1,5-diene",C16 H26,L2.3,na,Organic compounds,Lipids and lipid-like molecules,Prenol lipids,Sesquiterpenoids,Germacrane sesquiterpenoids,"	101417931","(1Z,5Z)-1,5,10-trimethyl-8-propan-2-ylidenecyclodeca-1,5-diene",NA,C16H26,"InChI=1S/C16H26/c1-12(2)16-10-9-13(3)7-6-8-14(4)15(5)11-16/h8-9,15H,6-7,10-11H2,1-5H3/b13-9-,14-8-",MBOZYHRSVMIYRG-RDBXOABQSA-N,CC/1CC(=C(C)C)C/C=C(\CC/C=C1/C)/C
FT_19.589_409.23524,NP-016839,C24 H34 O4,L2.1,NA,NA,NA,NA,NA,NA,NA,NA,NA,NA,NA,NA,NA
FT_18.011_235.06008,Hexaketide pyrone,C12 H10 O5,L2.3,na,Organic compounds,Benzenoids,Phenols,Benzenediols,Resorcinols,54750156,Hexaketide pyrone,233.0449984,C12H9O5-,"InChI=1S/C12H10O5/c1-6-2-7(13)3-9(15)12(6)10-4-8(14)5-11(16)17-10/h2-5,13-15H,1H3/p-1",PNZHRLSVSIGZON-UHFFFAOYSA-M,CC1=CC(=CC(=C1C2=CC(=CC(=O)O2)O)[O-])O
FT_18.056_413.12325,Austocystin D,C22 H20 O8,L2.2,na,Organic compounds,Organoheterocyclic compounds,Benzopyrans,1-benzopyrans,Dibenzopyrans,5470400,Austocystin D,412.1158176,C22H20O8,"InChI=1S/C22H20O8/c1-21(2,26)6-5-10-3-4-11(23)14-17(24)15-12(29-19(10)14)9-13-16(18(15)25)22(27)7-8-28-20(22)30-13/h3-4,7-9,20,23,25-27H,5-6H2,1-2H3/t20-,22-/m1/s1",VXTQFTUOAJRUDO-IFMALSPDSA-N,CC(C)(CCC1=C2C(=C(C=C1)O)C(=O)C3=C(C4=C(C=C3O2)OC5C4(C=CO5)O)O)O
FT_19.622_493.22225,"(2S,3R,4S,5S,6R)-2-{[(2R,3R,4S,5S,6R)-4,5-dihydroxy-2-[(3-hydroxy-6-methylheptyl)oxy]-6-(hydroxymethyl)oxan-3-yl]oxy}-6-(hydroxymethyl)oxane-3,4,5-triol",C20 H38 O12,L2.1,NA,NA,NA,NA,NA,NA,NA,NA,NA,NA,NA,NA,NA
FT_18.214_285.24245,2-Methoxy-6Z-hexadecenoic acid,C17 H32 O3,L2.3,na,Organic compounds,Lipids and lipid-like molecules,Fatty Acyls,Fatty acids and conjugates,Long-chain fatty acids,5282314,2-methoxy-6Z-hexadecenoic acid,284.2351449,C17H32O3,"InChI=1S/C17H32O3/c1-3-4-5-6-7-8-9-10-11-12-13-14-15-16(20-2)17(18)19/h11-12,16H,3-10,13-15H2,1-2H3,(H,18,19)/b12-11-",KGJRSNOTKLROQM-QXMHVHEDSA-N,CCCCCCCCCC=CCCCC(C(=O)O)OC
FT_19.660_423.14401,"5-[(1S,3aR,4S,6aR)-4-(3,4,5-trimethoxyphenyl)-hexahydrofuro[3,4-c]furan-1-yl]-2H-1,3-benzodioxole",C22 H24 O7,L2.1,NA,Organic compounds,"Lignans, neolignans and related compounds",Furanoid lignans,0,Furanoid lignans,NA,NA,NA,NA,"InChI=1/C22H24O7/c1-23-18-7-13(8-19(24-2)22(18)25-3)21-15-10-26-20(14(15)9-27-21)12-4-5-16-17(6-12)29-11-28-16/h4-8,14-15,20-21H,9-11H2,1-3H3/t14-,15-,20+,21+/m0/s1","
ONDWGDNAFRAXCN-VUEDXXQZSA-N","
COc1cc(cc(OC)c1OC)[C@H]1OC[C@H]2[C@@H]1CO[C@@H]2c1ccc2OCOc2c1 |r|"
FT_19.798_451.21160,NP-020353,C21H30O5,L2.1,NA,Organic compounds,Organoheterocyclic compounds,Naphthopyrans,0,Naphthopyrans,129008906,"3,5-Dihydroxy-2,6,6,10,14-pentamethyl-11,13-dioxatetracyclo[8.8.0.02,7.012,17]octadeca-12(17),14-dien-16-one",NA,"	
C21H30O5","InChI=1S/C21H30O5/c1-11-8-13(22)12-9-15-20(4,26-18(12)25-11)7-6-14-19(2,3)16(23)10-17(24)21(14,15)5/h8,14-17,23-24H,6-7,9-10H2,1-5H3",UIXUBSWTFQICKV-UHFFFAOYSA-N,CC1=CC(=O)C2=C(O1)OC3(CCC4C(C(CC(C4(C3C2)C)O)O)(C)C)C
FT_18.358_534.30638,"1-[(1R)-1-(hydroxymethyl)-7-methoxy-9-methyl-1'-(pyridin-4-ylmethyl)-2-spiro[1,3-dihydropyrido[3,4-b]indole-4,4'-piperidine]yl]-2-(4-morpholinyl)ethanone",C30 H39 N5 O4,L2.2,na,Organic compounds,Alkaloids and derivatives,Harmala alkaloids,NA,NA,60189832,"1-[(1R)-1-(hydroxymethyl)-7-methoxy-9-methyl-1'-(pyridin-4-ylmethyl)-2-spiro[1,3-dihydropyrido[3,4-b]indole-4,4'-piperidine]yl]-2-(4-morpholinyl)ethanone",533.3002047,C30H39N5O4,"InChI=1S/C30H39N5O4/c1-32-25-17-23(38-2)3-4-24(25)28-29(32)26(20-36)35(27(37)19-34-13-15-39-16-14-34)21-30(28)7-11-33(12-8-30)18-22-5-9-31-10-6-22/h3-6,9-10,17,26,36H,7-8,11-16,18-21H2,1-2H3/t26-/m0/s1",WQLAOOWGOFCETA-SANMLTNESA-N,CN1C2=C(C=CC(=C2)OC)C3=C1C(N(CC34CCN(CC4)CC5=CC=NC=C5)C(=O)CN6CCOCC6)CO
FT_18.475_292.19058,"Propiophenone, 2',4'-dimethoxy-3-(2-methylpiperidino)-",C17 H25 N O3,L2.3,na,Organic compounds,Organic oxygen compounds,Organooxygen compounds,Carbonyl compounds,Ketones,3056739,"Propiophenone, 2',4'-dimethoxy-3-(2-methylpiperidino)-",291.1834437,C17H25NO3,"InChI=1S/C17H25NO3/c1-13-6-4-5-10-18(13)11-9-16(19)15-8-7-14(20-2)12-17(15)21-3/h7-8,12-13H,4-6,9-11H2,1-3H3",WTDDDGQDJYCMJB-UHFFFAOYSA-N,CC1CCCCN1CCC(=O)C2=C(C=C(C=C2)OC)OC
FT_19.829_335.21962,NP-002322,C18 H32 O4,L2.1,NA,Organic compounds,Lipids and lipid-like molecules,Fatty Acyls,Lineolic acids and derivatives,Lineolic acids and derivatives,"	23789035","(10Z,13Z)-15,16-dihydroxyoctadeca-10,13-dienoic acid",NA,"	
C18H32O4","InChI=1S/C18H32O4/c1-2-16(19)17(20)14-12-10-8-6-4-3-5-7-9-11-13-15-18(21)22/h6,8,12,14,16-17,19-20H,2-5,7,9-11,13,15H2,1H3,(H,21,22)/b8-6-,14-12-",IQWYIIPDFISFMV-HWXFIQLYSA-N,CCC(C(/C=C\C/C=C\CCCCCCCCC(=O)O)O)O
FT_18.536_387.25304,4-O-Methylgrifolic acid,C24 H34 O4,L2.2,na,Organic compounds,Lipids and lipid-like molecules,Prenol lipids,Sesquiterpenoids,NA,11531145,4-O-Methylgrifolic acid,386.2457096,C24H34O4,"InChI=1S/C24H34O4/c1-16(2)9-7-10-17(3)11-8-12-18(4)13-14-20-21(28-6)15-19(5)22(23(20)25)24(26)27/h9,11,13,15,25H,7-8,10,12,14H2,1-6H3,(H,26,27)/b17-11+,18-13+",ARZABMWMUVWDJX-OUBUNXTGSA-N,CC1=CC(=C(C(=C1C(=O)O)O)CC=C(C)CCC=C(C)CCC=C(C)C)OC
FT_18.547_363.18019,"7-(6,7-Dihydroxy-3,7-dimethyloct-2-enyloxy)-6-methoxycoumarin",C20 H26 O6,L2.3,na,Organic compounds,Phenylpropanoids and polyketides,Coumarins and derivatives,NA,NA,129820622,"7-(6,7-Dihydroxy-3,7-dimethyloct-2-enyloxy)-6-methoxycoumarin",362.1729385,C20H26O6,"InChI=1S/C20H26O6/c1-13(5-7-18(21)20(2,3)23)9-10-25-17-12-15-14(11-16(17)24-4)6-8-19(22)26-15/h6,8-9,11-12,18,21,23H,5,7,10H2,1-4H3",HNHWESMEELECRS-UHFFFAOYSA-N,CC(=CCOC1=C(C=C2C=CC(=O)OC2=C1)OC)CCC(C(C)(C)O)O
FT_18.640_397.16466,Dimethoxycurcumin,C23 H24 O6,L2.3,na,Organic compounds,Phenylpropanoids and polyketides,Diarylheptanoids,Linear diarylheptanoids,Curcuminoids,9952605,Dimethoxycurcumin,396.1572885,C23H24O6,"InChI=1S/C23H24O6/c1-26-20-11-7-16(13-22(20)28-3)5-9-18(24)15-19(25)10-6-17-8-12-21(27-2)23(14-17)29-4/h5-14H,15H2,1-4H3/b9-5+,10-6+",HMJSBVCDPKODEX-NXZHAISVSA-N,COC1=C(C=C(C=C1)C=CC(=O)CC(=O)C=CC2=CC(=C(C=C2)OC)OC)OC
FT_19.830_493.22235,"(2S,3R,4S,5S,6R)-2-{[(2R,3R,4S,5S,6R)-4,5-dihydroxy-2-[(3-hydroxy-6-methylheptyl)oxy]-6-(hydroxymethyl)oxan-3-yl]oxy}-6-(hydroxymethyl)oxane-3,4,5-triol",C20 H38 O12,L2.1,NA,NA,NA,NA,NA,NA,NA,NA,NA,NA,NA,NA,NA
FT_18.690_231.10162,Euparin methyl ether,C14 H14 O3,L2.3,na,Organic compounds,Organoheterocyclic compounds,Benzofurans,NA,NA,182181,Euparin methyl ether,230.0942943,C14H14O3,"InChI=1S/C14H14O3/c1-8(2)12-6-10-5-11(9(3)15)14(16-4)7-13(10)17-12/h5-7H,1H2,2-4H3",XFSSPJGVPRWHLS-UHFFFAOYSA-N,CC(=C)C1=CC2=CC(=C(C=C2O1)OC)C(=O)C
FT_18.761_499.23299,Isobisvertinol,C28H34O8,L2.2,na,Organic compounds,Organic oxygen compounds,Organooxygen compounds,Carbonyl compounds,Ketones,16105144,Isobisvertinol,498.225368,C28H34O8,"InChI=1S/C28H34O8/c1-7-9-11-13-18(29)17-15-25(4,34)28(35)26(5,24(17)33)22-20(19(30)14-12-10-8-2)21(31)16(3)23(32)27(22,6)36-28/h7-14,22,29-31,34-35H,15H2,1-6H3/b9-7+,10-8+,13-11+,14-12+,18-17-,20-19+/t22-,25-,26+,27+,28-/m0/s1",AJYDWIULPHVWEI-QPOMHGLYSA-N,CC=CC=CC(=C1CC(C2(C(C1=O)(C3C(=C(C=CC=CC)O)C(=C(C(=O)C3(O2)C)C)O)C)O)(C)O)O
FT_20.040_467.20668,"(7R,8R)-8-(3,4-dimethoxyphenyl)-5,7-dihydroxy-2,2-dimethyl-10-(3-methylbut-2-enyl)-7,8-dihydropyrano[3,2-g]chromen-6-one",C27 H30 O7,L2.3,na,Organic compounds,Phenylpropanoids and polyketides,Flavonoids,Flavans,8-prenylated flavans,"	44179865","(7R,8R)-8-(3,4-dimethoxyphenyl)-5,7-dihydroxy-2,2-dimethyl-10-(3-methylbut-2-enyl)-7,8-dihydropyrano[3,2-g]chromen-6-one",NA,C27H30O7,"InChI=1S/C27H30O7/c1-14(2)7-9-17-25-16(11-12-27(3,4)34-25)21(28)20-22(29)23(30)24(33-26(17)20)15-8-10-18(31-5)19(13-15)32-6/h7-8,10-13,23-24,28,30H,9H2,1-6H3/t23-,24+/m0/s1",WCTRYHAQIBWVEQ-BJKOFHAPSA-N,CC(=CCC1=C2C(=C(C3=C1O[C@@H]([C@H](C3=O)O)C4=CC(=C(C=C4)OC)OC)O)C=CC(O2)(C)C)C
FT_18.807_465.15455,Kioukasin A,C21H24N2O10,L2.2,na,Organic compounds,"Nucleosides, nucleotides, and analogues",Pyrimidine nucleosides,NA,NA,23624765,Kioukasin A,464.143095,C21H24N2O10,"InChI=1S/C21H24N2O10/c1-10-7-12(29-3)8-13(30-4)16(10)20(27)33-17-14(9-24)32-19(18(17)31-11(2)25)23-6-5-15(26)22-21(23)28/h5-8,14,17-19,24H,9H2,1-4H3,(H,22,26,28)/t14-,17-,18-,19-/m1/s1",MAWCJLLSYLMLHT-UTRMSSBJSA-N,CC1=CC(=CC(=C1C(=O)OC2C(OC(C2OC(=O)C)N3C=CC(=O)NC3=O)CO)OC)OC
FT_18.812_237.07569,"4-(3,4-Dimethoxyphenyl)-4-oxocrotonic acid",C12 H12 O5,L2.3,na,Organic compounds,Benzenoids,Benzene and substituted derivatives,Methoxybenzenes,Dimethoxybenzenes,6444386,"4-(3,4-Dimethoxyphenyl)-4-oxocrotonic acid",236.0684735,C12H12O5,"InChI=1S/C12H12O5/c1-16-10-5-3-8(7-11(10)17-2)9(13)4-6-12(14)15/h3-7H,1-2H3,(H,14,15)/b6-4+",QUWWWXPLUJFEHM-GQCTYLIASA-N,COC1=C(C=C(C=C1)C(=O)C=CC(=O)O)OC
FT_20.067_237.07568,"methyl (E)-3-(7-methoxy-1,3-benzodioxol-5-yl)prop-2-enoate",C12 H12 O5,L2.3,na,Organic compounds,Phenylpropanoids and polyketides,Cinnamic acids and derivatives,Hydroxycinnamic acids and derivatives,Coumaric acids and derivatives,"	101675306","methyl (E)-3-(7-methoxy-1,3-benzodioxol-5-yl)prop-2-enoate",NA,"	
C12H12O5","InChI=1S/C12H12O5/c1-14-9-5-8(3-4-11(13)15-2)6-10-12(9)17-7-16-10/h3-6H,7H2,1-2H3/b4-3+",MWZHKQTXZWMJQO-ONEGZZNKSA-N,COC1=CC(=CC2=C1OCO2)/C=C/C(=O)OC
FT_18.824_423.10759,Tetracenomycin A2,C23 H18 O8,L2.2,na,Organic compounds,Benzenoids,Naphthacenes,Tetracenequinones,NA,134024,Tetracenomycin A2,422.1001675,C23H18O8,"InChI=1S/C23H18O8/c1-9-16-10(6-15(30-3)17(9)23(28)31-4)5-12-19(21(16)26)22(27)18-13(20(12)25)7-11(29-2)8-14(18)24/h5-8,24,26H,1-4H3",BXLGPMDGOMEFBX-UHFFFAOYSA-N,CC1=C(C(=CC2=CC3=C(C(=C12)O)C(=O)C4=C(C3=O)C=C(C=C4O)OC)OC)C(=O)OC
FT_20.109_399.21669,"2-methyl-3-[(2-oxochromen-7-yl)oxymethyl]-4-(2,2,6-trimethylcyclohexyl)but-2-enoic acid",C24 H30 O5,L2.3,na,Organic compounds,Lipids and lipid-like molecules,Prenol lipids,Terpene lactones,Terpene lactones,"	162929400","2-Methyl-3-[(2-oxochromen-7-yl)oxymethyl]-4-(2,2,6-trimethylcyclohexyl)but-2-enoic acid",NA,"	
C24H30O5","InChI=1S/C24H30O5/c1-15-6-5-11-24(3,4)20(15)12-18(16(2)23(26)27)14-28-19-9-7-17-8-10-22(25)29-21(17)13-19/h7-10,13,15,20H,5-6,11-12,14H2,1-4H3,(H,26,27)",ZSFLXSGCJQTJDF-UHFFFAOYSA-N,CC1CCCC(C1CC(=C(C)C(=O)O)COC2=CC3=C(C=C2)C=CC(=O)O3)(C)C
FT_18.848_179.14304,(E)-4-(4-Methylcyclohex-3-en-1-yl)pent-3-en-2-one,C12 H18 O,L2.3,na,Organic compounds,Lipids and lipid-like molecules,Prenol lipids,Monoterpenoids,Menthane monoterpenoids,12454901,(E)-4-(4-Methylcyclohex-3-en-1-yl)pent-3-en-2-one,178.1357652,C12H18O,"InChI=1S/C12H18O/c1-9-4-6-12(7-5-9)10(2)8-11(3)13/h4,8,12H,5-7H2,1-3H3/b10-8+",SSDLCRAPQKJETK-CSKARUKUSA-N,CC1=CCC(CC1)C(=CC(=O)C)C
FT_18.868_303.15911,Enterodiol,C18 H22 O4,L2.2,na,Organic compounds,"Lignans, neolignans and related compounds",Dibenzylbutane lignans,Dibenzylbutanediol lignans,NA,115089,Enterodiol,302.1518092,C18H22O4,"InChI=1S/C18H22O4/c19-11-15(7-13-3-1-5-17(21)9-13)16(12-20)8-14-4-2-6-18(22)10-14/h1-6,9-10,15-16,19-22H,7-8,11-12H2/t15-,16-/m0/s1",DWONJCNDULPHLV-HOTGVXAUSA-N,C1=CC(=CC(=C1)O)CC(CO)C(CC2=CC(=CC=C2)O)CO
FT_18.869_175.07533,"3,6-Dimethylchromone",C11 H10 O2,L2.3,na,Organic compounds,Organoheterocyclic compounds,Benzopyrans,1-benzopyrans,Chromones,688894,"3,6-Dimethylchromone",174.0680796,C11H10O2,"InChI=1S/C11H10O2/c1-7-3-4-10-9(5-7)11(12)8(2)6-13-10/h3-6H,1-2H3",CNWMARIMEBTYMR-UHFFFAOYSA-N,CC1=CC2=C(C=C1)OC=C(C2=O)C
FT_20.136_301.21621,"(2E)-5-[(8aS)-2,5,5,8a-tetramethyl-3-oxo-3,4,4a,5,6,7,8,8a-octahydronaphthalen-1-yl]-3-methylpent-2-enoic acid",C20 H30 O3,L2.1,NA,Organic compounds,Lipids and lipid-like molecules,Prenol lipids,Diterpenoids,Diterpenoids,NA,NA,NA,NA,"
InChI=1/C20H30O3/c1-13(11-18(22)23)7-8-15-14(2)16(21)12-17-19(3,4)9-6-10-20(15,17)5/h11,17H,6-10,12H2,1-5H3,(H,22,23)/b13-11+/t17?,20-/m1/s1",MSLXIYYWGHOJNU-OURDPRNRSA-N,"C\C(CCC1=C(C)C(=O)CC2C(C)(C)CCC[C@]12C)=C/C(O)=O |r,c:4|"
FT_20.242_467.20666,"(7R,8R)-8-(3,4-dimethoxyphenyl)-5,7-dihydroxy-2,2-dimethyl-10-(3-methylbut-2-enyl)-7,8-dihydropyrano[3,2-g]chromen-6-one",C27 H30 O7,L2.3,na,Organic compounds,Phenylpropanoids and polyketides,Flavonoids,Flavans,8-prenylated flavans,"	44179865","(7R,8R)-8-(3,4-dimethoxyphenyl)-5,7-dihydroxy-2,2-dimethyl-10-(3-methylbut-2-enyl)-7,8-dihydropyrano[3,2-g]chromen-6-one",NA,C27H30O7,"InChI=1S/C27H30O7/c1-14(2)7-9-17-25-16(11-12-27(3,4)34-25)21(28)20-22(29)23(30)24(33-26(17)20)15-8-10-18(31-5)19(13-15)32-6/h7-8,10-13,23-24,28,30H,9H2,1-6H3/t23-,24+/m0/s1",WCTRYHAQIBWVEQ-BJKOFHAPSA-N,CC(=CCC1=C2C(=C(C3=C1O[C@@H]([C@H](C3=O)O)C4=CC(=C(C=C4)OC)OC)O)C=CC(O2)(C)C)C
FT_18.999_278.17503,"N-cycloheptyl-3,4-dimethoxybenzamide",C16 H23 N O3,L2.3,na,Organic compounds,Benzenoids,Benzene and substituted derivatives,Methoxybenzenes,Dimethoxybenzenes,679011,"N-cycloheptyl-3,4-dimethoxybenzamide",277.1677936,C16H23NO3,"InChI=1S/C16H23NO3/c1-19-14-10-9-12(11-15(14)20-2)16(18)17-13-7-5-3-4-6-8-13/h9-11,13H,3-8H2,1-2H3,(H,17,18)",QWRGDZULOKUGPE-UHFFFAOYSA-N,COC1=C(C=C(C=C1)C(=O)NC2CCCCCC2)OC
FT_19.044_303.15911,Arnebinone,C18 H22 O4,L2.2,na,Organic compounds,Lipids and lipid-like molecules,Prenol lipids,Monoterpenoids,Bicyclic monoterpenoids,135906,Arnebinone,302.1518092,C18H22O4,"InChI=1S/C18H22O4/c1-7-18(4)9-8-11(10(2)3)12-13(18)15(20)17(22-6)16(21-5)14(12)19/h7,11H,1-2,8-9H2,3-6H3",OXNJGMNJOVOFOW-UHFFFAOYSA-N,CC(=C)C1CCC(C2=C1C(=O)C(=C(C2=O)OC)OC)(C)C=C
FT_20.470_401.23233,"7-[[(6R,8aS)-1,6-dihydroxy-1,5,5,8a-tetramethyl-3,4,4a,6,7,8-hexahydro-2H-naphthalen-2-yl]methoxy]chromen-2-one",C24 H32 O5,L2.3,na,Organic compounds,Phenylpropanoids and polyketides,Coumarins and derivatives,0,Coumarins and derivatives,"	24079415","7-[[(6R,8aS)-1,6-dihydroxy-1,5,5,8a-tetramethyl-3,4,4a,6,7,8-hexahydro-2H-naphthalen-2-yl]methoxy]chromen-2-one",NA,"	
C24H32O5","InChI=1S/C24H32O5/c1-22(2)19-9-7-16(24(4,27)23(19,3)12-11-20(22)25)14-28-17-8-5-15-6-10-21(26)29-18(15)13-17/h5-6,8,10,13,16,19-20,25,27H,7,9,11-12,14H2,1-4H3/t16?,19?,20-,23+,24?/m1/s1",VVIUWTVZXUPZRI-ZYUYXEEBSA-N,C[C@]12CC[C@H](C(C1CCC(C2(C)O)COC3=CC4=C(C=C3)C=CC(=O)O4)(C)C)O
FT_3.022_317.14564,2-[(2-Acetamido-5-amino-5-oxopentanoyl)amino]-5-amino-5-oxopentanoic acid,C12 H20 N4 O6,L2.2,na,Organic compounds,Organic acids and derivatives,Carboxylic acids and derivatives,"Amino acids, peptides, and analogues",Peptides,"	87288508",2-[(2-Acetamido-5-amino-5-oxopentanoyl)amino]-5-amino-5-oxopentanoic acid,NA,C12H20N4O6,"InChI=1S/C12H20N4O6/c1-6(17)15-7(2-4-9(13)18)11(20)16-8(12(21)22)3-5-10(14)19/h7-8H,2-5H2,1H3,(H2,13,18)(H2,14,19)(H,15,17)(H,16,20)(H,21,22)",KKQQDQHEOLWKFV-UHFFFAOYSA-N,CC(=O)NC(CCC(=O)N)C(=O)NC(CCC(=O)N)C(=O)O
FT_19.161_485.29002,Stigmatellin Y,C29H40O6,L2.3,na,Organic compounds,Organoheterocyclic compounds,Benzopyrans,1-benzopyrans,Chromones,5282078,Stigmatellin Y,484.282489,C29H40O6,"InChI=1S/C29H40O6/c1-9-18(2)12-10-11-13-23(32-6)21(5)29(34-8)19(3)14-15-24-20(4)28(31)27-25(33-7)16-22(30)17-26(27)35-24/h9-13,16-17,19,21,23,29-30H,14-15H2,1-8H3/b12-10+,13-11+,18-9+/t19-,21+,23-,29-/m0/s1",BXPDHYNAAYOQOQ-XBBODHJJSA-N,CC=C(C)C=CC=CC(C(C)C(C(C)CCC1=C(C(=O)C2=C(O1)C=C(C=C2OC)O)C)OC)OC
FT_19.177_425.15962,fumicycline A,C24 H24 O7,L2.2,na,Organic compounds,Organoheterocyclic compounds,Naphthofurans,NA,NA,71581117,Fumicycline A,424.1522031,C24H24O7,"InChI=1S/C24H24O7/c1-11(2)4-5-15-16-7-13(26)8-18(27)19(16)21(28)20-17(15)10-24(30)9-14(6-12(3)25)31-23(24)22(20)29/h4,6-8,23,26-28,30H,5,9-10H2,1-3H3/b14-6-",XHUOQLRFCHQNRS-NSIKDUERSA-N,CC(=CCC1=C2C=C(C=C(C2=C(C3=C1CC4(CC(=CC(=O)C)OC4C3=O)O)O)O)O)C
FT_19.190_432.27456,alpha-Hydroxysalmeterol,C25 H37 N O5,L2.3,na,Organic compounds,Benzenoids,Benzene and substituted derivatives,Benzyl alcohols,NA,197627,alpha-Hydroxysalmeterol,431.2671733,C25H37NO5,"InChI=1S/C25H37NO5/c27-19-22-17-21(12-13-24(22)29)25(30)18-26-14-6-1-2-7-15-31-16-8-11-23(28)20-9-4-3-5-10-20/h3-5,9-10,12-13,17,23,25-30H,1-2,6-8,11,14-16,18-19H2",PGRMEHUQIPZHKM-UHFFFAOYSA-N,C1=CC=C(C=C1)C(CCCOCCCCCCNCC(C2=CC(=C(C=C2)O)CO)O)O
FT_19.206_297.09692,"6-(4-Ethenylphenoxy)-3,4,5-trihydroxyoxane-2-carboxylic acid",C14 H16 O7,L2.2,na,Organic compounds,Organic oxygen compounds,Organooxygen compounds,Carbohydrates and carbohydrate conjugates,Glycosyl compounds,6426767,"6-(4-Ethenylphenoxy)-3,4,5-trihydroxyoxane-2-carboxylic acid",296.0896029,C14H16O7,"InChI=1S/C14H16O7/c1-2-7-3-5-8(6-4-7)20-14-11(17)9(15)10(16)12(21-14)13(18)19/h2-6,9-12,14-17H,1H2,(H,18,19)",NRMQHWHRSWGNOR-UHFFFAOYSA-N,C=CC1=CC=C(C=C1)OC2C(C(C(C(O2)C(=O)O)O)O)O
FT_5.941_521.19557,Methyl N-{[(2R)-1-(methoxyacetyl)-4-(3-pyridinylcarbonyl)-2-piperazinyl]carbonyl}-O-methyl-L-tyrosinate,C25 H30 N4 O7,L2.3,NA,NA,NA,NA,NA,NA,NA,NA,NA,NA,NA,NA,NA
FT_19.265_197.04448,"3-(2,4-Dihydroxyphenyl)-2-oxopropanoic acid",C9 H8 O5,L2.3,na,Organic compounds,Benzenoids,Benzene and substituted derivatives,Phenylpyruvic acid derivatives,NA,10375417,Dioxyphenylbrenztraubensaure,196.0371734,C9H8O5,"InChI=1S/C9H8O5/c10-6-2-1-5(7(11)4-6)3-8(12)9(13)14/h1-2,4,10-11H,3H2,(H,13,14)",VWMIJROUUVTUHU-UHFFFAOYSA-N,C1=CC(=C(C=C1O)O)CC(=O)C(=O)O
FT_19.350_369.16957,"9-Hydroxy-4-(3,7-dimethyl-2,6-octadienyloxy)-psoralen",C22 H24 O5,L2.3,na,Organic compounds,Phenylpropanoids and polyketides,Coumarins and derivatives,Furanocoumarins,Linear furanocoumarins,6440422,"9-Hydroxy-4-(3,7-dimethyl-2,6-octadienyloxy)-psoralen",368.1623739,C22H24O5,"InChI=1S/C22H24O5/c1-14(2)6-5-7-15(3)10-12-25-19-16-8-9-18(23)27-21(16)22(24-4)20-17(19)11-13-26-20/h6,8-11,13H,5,7,12H2,1-4H3/b15-10+",OQHQALGVQDTJDN-XNTDXEJSSA-N,CC(=CCCC(=CCOC1=C2C=COC2=C(C3=C1C=CC(=O)O3)OC)C)C
FT_19.353_425.15962,Erythynone,C24 H24 O7,L2.3,na,Organic compounds,Phenylpropanoids and polyketides,Isoflavonoids,Rotenoids,Rotenones,14704460,Erythynone,424.1522031,C24H24O7,"InChI=1S/C24H24O7/c1-24(2)7-6-12-22-14(9-18(28-5)23(12)31-24)21(25)20-13-8-16(26-3)17(27-4)10-15(13)29-11-19(20)30-22/h6-10,19-20H,11H2,1-5H3",MFTMKRIDUBXOMI-UHFFFAOYSA-N,CC1(C=CC2=C3C(=CC(=C2O1)OC)C(=O)C4C(O3)COC5=CC(=C(C=C45)OC)OC)C
FT_19.428_285.24243,2-Methoxy-6Z-hexadecenoic acid,C17 H32 O3,L2.2,na,Organic compounds,Lipids and lipid-like molecules,Fatty Acyls,Fatty acids and conjugates,Long-chain fatty acids,5282314,2-methoxy-6Z-hexadecenoic acid,284.2351449,C17H32O3,"InChI=1S/C17H32O3/c1-3-4-5-6-7-8-9-10-11-12-13-14-15-16(20-2)17(18)19/h11-12,16H,3-10,13-15H2,1-2H3,(H,18,19)/b12-11-",KGJRSNOTKLROQM-QXMHVHEDSA-N,CCCCCCCCCC=CCCCC(C(=O)O)OC
FT_19.446_315.25299,9-hydroperoxy-10E-octadecenoate,C18 H34 O4,L2.3,na,Organic compounds,Lipids and lipid-like molecules,Fatty Acyls,Fatty acids and conjugates,Long-chain fatty acids,86583341,9-hydroperoxy-10E-octadecenoate,313.2378845,C18H33O4-,"InChI=1S/C18H34O4/c1-2-3-4-5-6-8-11-14-17(22-21)15-12-9-7-10-13-16-18(19)20/h11,14,17,21H,2-10,12-13,15-16H2,1H3,(H,19,20)/p-1/b14-11+",DIKRZYGTMAMIKZ-SDNWHVSQSA-M,CCCCCCCC=CC(CCCCCCCC(=O)[O-])OO
FT_6.495_246.20634,N-(2-hydroxyethyl)-N-[(2S)-2-hydroxypropyl]octanamide,C13 H27 N O3,L2.2,na,Organic compounds,Lipids and lipid-like molecules,Fatty Acyls,Fatty amides,N-acyl amines,"	74049867",N-(2-hydroxyethyl)-N-[(2S)-2-hydroxypropyl]octanamide,NA,"	
C13H27NO3","InChI=1S/C13H27NO3/c1-3-4-5-6-7-8-13(17)14(9-10-15)11-12(2)16/h12,15-16H,3-11H2,1-2H3/t12-/m0/s1",AYCPLJXLZPTDAX-LBPRGKRZSA-N,CCCCCCCC(=O)N(CCO)C[C@H](C)O
FT_19.589_237.22128,Cyclohexadec-8-en-1-one,C16 H28 O,L2.3,na,Organic compounds,Organic oxygen compounds,Organooxygen compounds,Carbonyl compounds,Ketones,534634,Cyclohexadec-8-en-1-one,236.2140155,C16H28O,"InChI=1S/C16H28O/c17-16-14-12-10-8-6-4-2-1-3-5-7-9-11-13-15-16/h1-2H,3-15H2",ZGEHHVDYDNXYMW-UHFFFAOYSA-N,C1CCCC=CCCCCCCC(=O)CCC1
FT_19.589_273.24230,16-Hydroxyhexadecanoic acid,C16 H32 O3,L2.3,na,Organic compounds,Lipids and lipid-like molecules,Fatty Acyls,Fatty acids and conjugates,Long-chain fatty acids,10466,16-Hydroxyhexadecanoic acid,272.2351449,C16H32O3,"InChI=1S/C16H32O3/c17-15-13-11-9-7-5-3-1-2-4-6-8-10-12-14-16(18)19/h17H,1-15H2,(H,18,19)",UGAGPNKCDRTDHP-UHFFFAOYSA-N,C(CCCCCCCC(=O)O)CCCCCCCO
FT_19.593_351.23192,"3,5-Dihydroxy-4-geranylbibenzyl",C24H30O2,L2.3,na,Organic compounds,Phenylpropanoids and polyketides,Stilbenes,NA,NA,14060723,"3,5-Dihydroxy-4-geranylbibenzyl",350.2245802,C24H30O2,"InChI=1S/C24H30O2/c1-18(2)8-7-9-19(3)12-15-22-23(25)16-21(17-24(22)26)14-13-20-10-5-4-6-11-20/h4-6,8,10-12,16-17,25-26H,7,9,13-15H2,1-3H3/b19-12+",WTWZFOPHJSERHR-XDHOZWIPSA-N,CC(=CCCC(=CCC1=C(C=C(C=C1O)CCC2=CC=CC=C2)O)C)C
FT_19.651_499.19624,Dehydroaustin,C27 H30 O9,L2.2,na,Organic compounds,Organic acids and derivatives,Carboxylic acids and derivatives,Tetracarboxylic acids and derivatives,NA,122201239,Dehydroaustin,498.1889825,C27H30O9,"InChI=1S/C27H30O9/c1-13-23(8)18(33-16(4)28)26-14(2)24(10-9-17(29)34-21(24,5)6)12-11-22(26,7)25(13)19(30)32-15(3)27(25,36-26)20(31)35-23/h9-10,15,18H,1-2,11-12H2,3-8H3/t15-,18-,22-,23+,24+,25+,26+,27-/m0/s1",UMCNDSVRNDMSEX-DVMWOTGCSA-N,CC1C23C(=O)OC4(C(C5(O2)C(=C)C6(CCC5(C3(C4=C)C(=O)O1)C)C=CC(=O)OC6(C)C)OC(=O)C)C
FT_19.717_483.20181,Aspergixanthone I,C27 H30 O8,L2.2,na,Organic compounds,Organoheterocyclic compounds,Benzopyrans,1-benzopyrans,Dibenzopyrans,139590714,Aspergixanthone I,482.1940679,C27H30O8,"InChI=1S/C27H30O8/c1-12(2)16-11-33-25-13(3)9-18-21(22(25)23(16)30)24(31)20-17(29)8-7-15(26(20)35-18)10-19(27(5,6)32)34-14(4)28/h7-9,16,19,23,29-30,32H,1,10-11H2,2-6H3/t16-,19-,23+/m0/s1",MVIYDMFZAYXAHI-BTCOZLQPSA-N,CC1=CC2=C(C3=C1OCC(C3O)C(=C)C)C(=O)C4=C(C=CC(=C4O2)CC(C(C)(C)O)OC(=O)C)O
FT_19.758_459.17808,Aspergilline B,C23 H26 N2 O8,L2.3,na,Organic compounds,Organoheterocyclic compounds,Naphthofurans,NA,NA,102341761,Aspergilline B,458.1689158,C23H26N2O8,"InChI=1S/C23H26N2O8/c1-20(2)12-10-11-6-4-7-13-15(11)21(19(29)24(13)9-5-8-14(26)32-3)16(12)22(30)23(31,33-21)17(27)18(28)25(20)22/h4,6-7,12,16-17,27,30-31H,5,8-10H2,1-3H3/t12-,16-,17+,21+,22+,23-/m1/s1",JOKHRCHQTQMREM-JNLXTINGSA-N,CC1(C2CC3=C4C(=CC=C3)N(C(=O)C45C2C6(N1C(=O)C(C6(O5)O)O)O)CCCC(=O)OC)C
FT_19.782_415.21164,Myrtucommulone B,C24H30O6,L2.2,na,Organic compounds,Organoheterocyclic compounds,Benzopyrans,1-benzopyrans,Dibenzopyrans,9888014,Myrtucommulone B,414.2042387,C24H30O6,"InChI=1S/C24H30O6/c1-10(2)14-15-12(25)9-13(26)16(18(27)11(3)4)19(15)30-21-17(14)20(28)23(5,6)22(29)24(21,7)8/h9-11,14,25-26H,1-8H3",AYAUOXWJIWVPSO-UHFFFAOYSA-N,CC(C)C1C2=C(C(=C(C=C2O)O)C(=O)C(C)C)OC3=C1C(=O)C(C(=O)C3(C)C)(C)C
FT_19.790_297.09692,"6-(4-Ethenylphenoxy)-3,4,5-trihydroxyoxane-2-carboxylic acid",C14 H16 O7,L2.2,na,Organic compounds,Organic oxygen compounds,Organooxygen compounds,Carbohydrates and carbohydrate conjugates,Glycosyl compounds,6426767,"6-(4-Ethenylphenoxy)-3,4,5-trihydroxyoxane-2-carboxylic acid",296.0896029,C14H16O7,"InChI=1S/C14H16O7/c1-2-7-3-5-8(6-4-7)20-14-11(17)9(15)10(16)12(21-14)13(18)19/h2-6,9-12,14-17H,1H2,(H,18,19)",NRMQHWHRSWGNOR-UHFFFAOYSA-N,C=CC1=CC=C(C=C1)OC2C(C(C(C(O2)C(=O)O)O)O)O
FT_19.798_455.20453,Obacunone,C26 H30 O7,L2.2,na,Organic compounds,Lipids and lipid-like molecules,Prenol lipids,Triterpenoids,Limonoids,119041,Obacunone,454.1991533,C26H30O7,"InChI=1S/C26H30O7/c1-22(2)16-12-17(27)25(5)15(23(16,3)9-7-18(28)32-22)6-10-24(4)19(14-8-11-30-13-14)31-21(29)20-26(24,25)33-20/h7-9,11,13,15-16,19-20H,6,10,12H2,1-5H3/t15-,16+,19+,20-,23-,24+,25+,26-/m1/s1",MAYJEFRPIKEYBL-OASIGRBWSA-N,CC1(C2CC(=O)C3(C(C2(C=CC(=O)O1)C)CCC4(C35C(O5)C(=O)OC4C6=COC=C6)C)C)C
FT_19.816_333.20429,"7,18-Dihydroxykaurenolide",C20 H28 O4,L2.3,na,Organic compounds,Lipids and lipid-like molecules,Prenol lipids,Terpene lactones,Diterpene lactones,628758,"7,18-Dihydroxykaurenolide",332.1987594,C20H28O4,"InChI=1S/C20H28O4/c1-11-8-20-9-12(11)4-5-13(20)18(2)6-3-7-19(10-21)15(18)14(16(20)22)24-17(19)23/h12-16,21-22H,1,3-10H2,2H3",RDUNXXWNAKBVER-UHFFFAOYSA-N,CC12CCCC3(C1C(C(C45C2CCC(C4)C(=C)C5)O)OC3=O)CO
FT_19.846_411.14400,Sumatrol,C23 H22 O7,L2.3,na,Organic compounds,Phenylpropanoids and polyketides,Isoflavonoids,Rotenoids,Rotenones,442824,Sumatrol,410.136553,C23H22O7,"InChI=1S/C23H22O7/c1-10(2)14-6-12-16(29-14)7-13(24)21-22(25)20-11-5-17(26-3)18(27-4)8-15(11)28-9-19(20)30-23(12)21/h5,7-8,14,19-20,24H,1,6,9H2,2-4H3/t14-,19-,20+/m1/s1",ZPEHYKMRUBEPSQ-XMCHAPAWSA-N,CC(=C)C1CC2=C(O1)C=C(C3=C2OC4COC5=CC(=C(C=C5C4C3=O)OC)OC)O
FT_2.056_232.16554,6-Amino-2-(4-aminobutanamido)hexanoic acid,C10 H21 N3 O3,L2.2,na,Organic compounds,Organic acids and derivatives,Peptidomimetics,Hybrid peptides,NA,23208897,6-Amino-2-(4-aminobutanamido)hexanoic acid,231.1582915,C10H21N3O3,"InChI=1S/C10H21N3O3/c11-6-2-1-4-8(10(15)16)13-9(14)5-3-7-12/h8H,1-7,11-12H2,(H,13,14)(H,15,16)",OCBQYJFUZHJRIU-UHFFFAOYSA-N,C(CCN)CC(C(=O)O)NC(=O)CCCN
FT_2.078_174.03865,8-Hydroxyadenine,C5 H5 N5 O,L2.2,na,Organic compounds,Organoheterocyclic compounds,Imidazopyrimidines,Purines and purine derivatives,Purinones,5355054,8-Hydroxyadenine,151.0494098,C5H5N5O,"InChI=1S/C5H5N5O/c6-3-2-4(8-1-7-3)10-5(11)9-2/h1H,(H4,6,7,8,9,10,11)",RGKBRPAAQSHTED-UHFFFAOYSA-N,C1=NC(=C2C(=N1)NC(=O)N2)N
FT_2.486_250.07981,2'-Deoxycytidine,C9 H13 N3 O4,L2.3,na,Organic compounds,"Nucleosides, nucleotides, and analogues",Pyrimidine nucleosides,Pyrimidine 2'-deoxyribonucleosides,NA,13711,2'-Deoxycytidine,227.0906059,C9H13N3O4,"InChI=1S/C9H13N3O4/c10-7-1-2-12(9(15)11-7)8-3-5(14)6(4-13)16-8/h1-2,5-6,8,13-14H,3-4H2,(H2,10,11,15)/t5-,6+,8+/m0/s1",CKTSBUTUHBMZGZ-SHYZEUOFSA-N,C1C(C(OC1N2C=CC(=NC2=O)N)CO)O
FT_2.524_430.15560,O-(2-O-Mannopyranosyl-mannopyranosyl)serine,C15 H27 N O13,L2.2,na,Organic compounds,Lipids and lipid-like molecules,Fatty Acyls,Fatty acyl glycosides,Fatty acyl glycosides of mono- and disaccharides,132725,O-(2-O-Mannopyranosyl-mannopyranosyl)serine,429.1482399,C15H27NO13,"InChI=1S/C15H27NO13/c16-4(13(24)25)3-26-15-12(10(22)8(20)6(2-18)28-15)29-14-11(23)9(21)7(19)5(1-17)27-14/h4-12,14-15,17-23H,1-3,16H2,(H,24,25)/t4-,5+,6+,7+,8+,9-,10-,11-,12-,14?,15?/m0/s1",FHFACMITEBPXDJ-CJWUELSBSA-N,C(C1C(C(C(C(O1)OC2C(C(C(OC2OCC(C(=O)O)N)CO)O)O)O)O)O)O
FT_2.670_210.06080,"(2-Amino-6-oxo-3,6-dihydro-9H-purin-9-yl)acetic acid",C7 H7 N5 O3,L2.3,na,Organic compounds,Organoheterocyclic compounds,Imidazopyrimidines,Purines and purine derivatives,Purinones,135731675,"(2-Amino-6-oxo-3,6-dihydro-9H-purin-9-yl)acetic acid",209.0548891,C7H7N5O3,"InChI=1S/C7H7N5O3/c8-7-10-5-4(6(15)11-7)9-2-12(5)1-3(13)14/h2H,1H2,(H,13,14)(H3,8,10,11,15)",PJFWBSLAJQMJJS-UHFFFAOYSA-N,C1=NC2=C(N1CC(=O)O)N=C(NC2=O)N
FT_6.599_291.04904,"(3,4,5,6,7-Pentahydroxy-2-oxoheptyl) dihydrogen phosphate",C7 H15 O10 P,L2.3,na,Organic compounds,Organic oxygen compounds,Organooxygen compounds,Carbohydrates and carbohydrate conjugates,Monosaccharides,"	440951",Sedoheptulose-1-phosphate,NA,"	
C7H15O10P","InChI=1S/C7H15O10P/c8-1-3(9)5(11)7(13)6(12)4(10)2-17-18(14,15)16/h3,5-9,11-13H,1-2H2,(H2,14,15,16)",JPTRNFAYXMBCLJ-UHFFFAOYSA-N,C(C(C(C(C(C(=O)COP(=O)(O)O)O)O)O)O)O
FT_20.041_489.18900,Arenatin B,C29 H28 O7,L2.3,na,Organic compounds,Benzenoids,Phenanthrenes and derivatives,Hydrophenanthrenes,NA,11799204,Arenatin B,488.1835032,C29H28O7,"InChI=1S/C29H28O7/c1-15(2)20-11-18-12-23(36-10-9-16(3)14-30)22(32)13-21(18)26-25(20)27(33)24(29(35-4)28(26)34)17-5-7-19(31)8-6-17/h5-9,12-13,20,30-32H,1,10-11,14H2,2-4H3/b16-9+",MSPQCCXMJFTOKB-CXUHLZMHSA-N,CC(=C)C1CC2=CC(=C(C=C2C3=C1C(=O)C(=C(C3=O)OC)C4=CC=C(C=C4)O)O)OCC=C(C)CO
FT_20.064_205.04949,8-Acetyl-7-hydroxycoumarin,C11 H8 O4,L2.3,na,Organic compounds,Phenylpropanoids and polyketides,Coumarins and derivatives,Hydroxycoumarins,7-hydroxycoumarins,5411574,8-Acetyl-7-hydroxycoumarin,204.0422587,C11H8O4,"InChI=1S/C11H8O4/c1-6(12)10-8(13)4-2-7-3-5-9(14)15-11(7)10/h2-5,13H,1H3",XWYMACPLPPQCHC-UHFFFAOYSA-N,CC(=O)C1=C(C=CC2=C1OC(=O)C=C2)O
FT_7.106_225.10971,NP-019374,C10 H18 O4,L2.3,NA,NA,NA,NA,NA,NA,NA,NA,NA,NA,NA,NA,NA
FT_20.069_223.06006,2-Succinylbenzoate,C11 H10 O5,L2.2,na,Organic compounds,Organic oxygen compounds,Organooxygen compounds,Carbonyl compounds,Ketones,955,2-Succinylbenzoate,222.0528234,C11H10O5,"InChI=1S/C11H10O5/c12-9(5-6-10(13)14)7-3-1-2-4-8(7)11(15)16/h1-4H,5-6H2,(H,13,14)(H,15,16)",YIVWQNVQRXFZJB-UHFFFAOYSA-N,C1=CC=C(C(=C1)C(=O)CCC(=O)O)C(=O)O
FT_20.069_413.15960,Dalpanol,C23 H24 O7,L2.3,na,Organic compounds,Phenylpropanoids and polyketides,Isoflavonoids,Rotenoids,Rotenones,182000,Dalpanol,412.1522031,C23H24O7,"InChI=1S/C23H24O7/c1-23(2,25)19-8-13-14(29-19)6-5-11-21(24)20-12-7-16(26-3)17(27-4)9-15(12)28-10-18(20)30-22(11)13/h5-7,9,18-20,25H,8,10H2,1-4H3/t18-,19-,20+/m1/s1",UJRXJHPYROZVGI-AQNXPRMDSA-N,CC(C)(C1CC2=C(O1)C=CC3=C2OC4COC5=CC(=C(C=C5C4C3=O)OC)OC)O
FT_7.691_227.12538,2-[(3S)-1-(cyclohexylmethyl)pyrrolidin-3-yl]-3H-benzimidazole-5-carbonitrile,C19H24N4,L2.3,NA,Organic compounds,Organoheterocyclic compounds,Benzimidazoles,0,Benzimidazoles,"	45784316",2-[(3S)-1-(cyclohexylmethyl)pyrrolidin-3-yl]-3H-benzimidazole-5-carbonitrile,NA,"	
C19H24N4","InChI=1S/C19H24N4/c20-11-15-6-7-17-18(10-15)22-19(21-17)16-8-9-23(13-16)12-14-4-2-1-3-5-14/h6-7,10,14,16H,1-5,8-9,12-13H2,(H,21,22)/t16-/m0/s1",QFRZIRPLEIOTKU-INIZCTEOSA-N,C1CCC(CC1)CN2CC[C@@H](C2)C3=NC4=C(N3)C=C(C=C4)C#N
FT_20.125_397.16479,Rotenonic acid,C23 H24 O6,L2.3,na,Organic compounds,Phenylpropanoids and polyketides,Isoflavonoids,Rotenoids,Rotenones,6708539,Rotenonic acid,396.1572885,C23H24O6,"InChI=1S/C23H24O6/c1-12(2)5-6-13-16(24)8-7-14-22(25)21-15-9-18(26-3)19(27-4)10-17(15)28-11-20(21)29-23(13)14/h5,7-10,20-21,24H,6,11H2,1-4H3/t20-,21+/m1/s1",GBVCHRDRVDOMQV-RTWAWAEBSA-N,CC(=CCC1=C(C=CC2=C1OC3COC4=CC(=C(C=C4C3C2=O)OC)OC)O)C
FT_20.153_499.19643,"Daphnetoxin,12-hydroxy",C27H30O9,L2.2,na,Organic compounds,Lipids and lipid-like molecules,Prenol lipids,Diterpenoids,Rhamnofolane and daphnane diterpenoids,99841,"Daphnetoxin,12-hydroxy",498.1889825,C27H30O9,"InChI=1S/C27H30O9/c1-12(2)25-19(30)14(4)26-16-10-13(3)18(29)24(16,32)22(31)23(11-28)20(33-23)17(26)21(25)34-27(35-25,36-26)15-8-6-5-7-9-15/h5-10,14,16-17,19-22,28,30-32H,1,11H2,2-4H3",ATCCMDINGQUBOE-UHFFFAOYSA-N,CC1C(C2(C3C4C1(C5C=C(C(=O)C5(C(C6(C4O6)CO)O)O)C)OC(O3)(O2)C7=CC=CC=C7)C(=C)C)O
FT_20.230_349.19862,"3b-Hydroxy-6b-tigloyloxy-7(11)-eremophilen-12,8b-olide",C20 H28 O5,L2.3,na,Organic compounds,Lipids and lipid-like molecules,Prenol lipids,Terpene lactones,NA,131753003,"3b-Hydroxy-6b-tigloyloxy-7(11)-eremophilen-12,8b-olide",348.193674,C20H28O5,"InChI=1S/C20H28O5/c1-6-10(2)18(22)25-17-16-11(3)19(23)24-15(16)9-13-7-8-14(21)12(4)20(13,17)5/h6,12-15,17,21H,7-9H2,1-5H3/b10-6+",VHVVIDFLXPOQAK-UXBLZVDNSA-N,CC=C(C)C(=O)OC1C2=C(C(=O)OC2CC3C1(C(C(CC3)O)C)C)C
FT_7.870_218.17506,[2-(Carboxymethyl)-2-hydroxyhexyl]-trimethylazanium,C11 H23 N O3,L2.2,na,Organic compounds,Organic acids and derivatives,Hydroxy acids and derivatives,Medium-chain hydroxy acids and derivatives,Medium-chain hydroxy acids and derivatives,"	129671785",[2-(Carboxymethyl)-2-hydroxyhexyl]-trimethylazanium,NA,C11 H23 N O3,"InChI=1S/C11H23NO3/c1-5-6-7-11(15,8-10(13)14)9-12(2,3)4/h15H,5-9H2,1-4H3/p+1",DEENONVUKMDPFT-UHFFFAOYSA-O,CCCCC(CC(=O)O)(C[N+](C)(C)C)O
FT_8.058_227.12537,"(6R)-2-amino-6-(aminomethyl)-4-oxo-1,2,3,4a,6,7-hexahydropteridine-5-carbaldehyde",C8H14N6O2,L2.3,NA,NA,NA,NA,NA,NA,"	124222454","(6R)-2-amino-6-(aminomethyl)-4-oxo-1,2,3,4a,6,7-hexahydropteridine-5-carbaldehyde",NA,"	
C8H14N6O2","InChI=1S/C8H14N6O2/c9-1-4-2-11-6-5(14(4)3-15)7(16)13-8(10)12-6/h3-5,8H,1-2,9-10H2,(H,11,12)(H,13,16)/t4-,5?,8?/m1/s1",YWUQFXAWRVTNON-YLTAPMQJSA-N,C1[C@H](N(C2C(=N1)NC(NC2=O)N)C=O)CN
FT_20.787_373.23740,9'-Carboxy-gamma-tocotrienol,C23 H32 O4,L2.3,na,Organic compounds,Lipids and lipid-like molecules,Prenol lipids,Monoterpenoids,Bicyclic monoterpenoids,53481537,9'-Carboxy-gamma-tocotrienol,372.2300595,C23H32O4,"InChI=1S/C23H32O4/c1-15(8-6-10-16(2)22(25)26)9-7-12-23(5)13-11-19-14-20(24)17(3)18(4)21(19)27-23/h9-10,14,24H,6-8,11-13H2,1-5H3,(H,25,26)/b15-9+,16-10+/t23-/m1/s1",QSRURDPJEKTSFH-ODPFLYRHSA-N,CC1=C(C=C2CCC(OC2=C1C)(C)CCC=C(C)CCC=C(C)C(=O)O)O
FT_3.022_160.13323,4-[Ethyl(dimethyl)ammonio]butanoate,C8 H17 N O2,L2.3,na,Organic compounds,Lipids and lipid-like molecules,Fatty Acyls,Fatty acids and conjugates,Straight chain fatty acids,51347808,4-[Ethyl(dimethyl)ammonio]butanoate,159.1259288,C8H17NO2,"InChI=1S/C8H17NO2/c1-4-9(2,3)7-5-6-8(10)11/h4-7H2,1-3H3",ISMYCKWHOZKHNJ-UHFFFAOYSA-N,CC[N+](C)(C)CCCC(=O)[O-]
FT_8.100_384.09262,4-amino-5-[[2-[(2-amino-2-carboxy-ethyl)sulfanylmethylsulfanyl]-1-carboxy-ethyl]amino]-5-oxo-pentanoic acid,C12 H21 N3 O7 S2,L2.3,na,NA,NA,NA,NA,NA,NA,NA,NA,NA,NA,NA,NA
FT_3.279_202.17965,"1-(2-Hydroxyethyl)-2,2,6,6-tetramethyl-4-hydroxypiperidine",C11 H23 N O2,L2.3,na,Organic compounds,Organoheterocyclic compounds,Piperidines,NA,NA,104301,"1-(2-Hydroxyethyl)-2,2,6,6-tetramethyl-4-hydroxypiperidine",201.172879,C11H23NO2,"InChI=1S/C11H23NO2/c1-10(2)7-9(14)8-11(3,4)12(10)5-6-13/h9,13-14H,5-8H2,1-4H3",STEYNUVPFMIUOY-UHFFFAOYSA-N,CC1(CC(CC(N1CCO)(C)C)O)C
FT_4.509_218.17505,Boc-L-leucinol,C11 H23 N O3,L2.2,na,Organic compounds,Organic acids and derivatives,Carboxylic acids and derivatives,"Amino acids, peptides, and analogues",Amino acids and derivatives,7018766,Boc-L-leucinol,217.1677936,C11H23NO3,"InChI=1S/C11H23NO3/c1-8(2)6-9(7-13)12-10(14)15-11(3,4)5/h8-9,13H,6-7H2,1-5H3,(H,12,14)/t9-/m0/s1",LQTMEOSBXTVYRM-VIFPVBQESA-N,CC(C)CC(CO)NC(=O)OC(C)(C)C
FT_5.744_176.05536,2-Amino-3-oxohexanedioic acid,C6 H9 N O5,L2.2,na,Organic compounds,Organic acids and derivatives,Carboxylic acids and derivatives,"Amino acids, peptides, and analogues",Amino acids and derivatives,440714,2-Amino-3-oxohexanedioic acid,175.0480724,C6H9NO5,"InChI=1S/C6H9NO5/c7-5(6(11)12)3(8)1-2-4(9)10/h5H,1-2,7H2,(H,9,10)(H,11,12)",HXWZRYKURKEOSO-UHFFFAOYSA-N,C(CC(=O)O)C(=O)C(C(=O)O)N
FT_5.752_251.06383,2-Amino-3-oxohexanedioic acid,C6 H9 N O5,L2.2,na,Organic compounds,Organic acids and derivatives,Carboxylic acids and derivatives,"Amino acids, peptides, and analogues",Amino acids and derivatives,440714,2-Amino-3-oxohexanedioic acid,175.0480724,C6H9NO5,"InChI=1S/C6H9NO5/c7-5(6(11)12)3(8)1-2-4(9)10/h5H,1-2,7H2,(H,9,10)(H,11,12)",HXWZRYKURKEOSO-UHFFFAOYSA-N,C(CC(=O)O)C(=O)C(C(=O)O)N
FT_5.996_504.19243,beta-D-Galactopyranosyl-(1->4)-2-amino-2-deoxy-beta-D-glucopyranosyl-(1->6)-D-mannose,C18H33NO15,L2.2,na,Organic compounds,Organic oxygen compounds,Organooxygen compounds,Carbohydrates and carbohydrate conjugates,Oligosaccharides,131753074,beta-D-Galactopyranosyl-(1->4)-2-amino-2-deoxy-beta-D-glucopyranosyl-(1->6)-D-mannose,503.1850194,C18H33NO15,"InChI=1S/C18H33NO15/c19-7-10(24)15(34-18-14(28)12(26)8(22)4(1-20)32-18)5(2-21)33-17(7)30-3-6-9(23)11(25)13(27)16(29)31-6/h4-18,20-29H,1-3,19H2",GSVMXPZDCHWGCZ-UHFFFAOYSA-N,C(C1C(C(C(C(O1)OC2C(OC(C(C2O)N)OCC3C(C(C(C(O3)O)O)O)O)CO)O)O)O)O
FT_6.234_291.06999,Allopurinol riboside,C10 H12 N4 O5,L2.3,na,Organic compounds,"Nucleosides, nucleotides, and analogues","Pyrazolo[3,4-d]pyrimidine glycosides",NA,NA,135407110,Allopurinol Riboside,268.0807695,C10H12N4O5,"InChI=1S/C10H12N4O5/c15-2-5-6(16)7(17)10(19-5)14-8-4(1-13-14)9(18)12-3-11-8/h1,3,5-7,10,15-17H,2H2,(H,11,12,18)/t5-,6-,7-,10-/m1/s1",KFQUAMTWOJHPEJ-DAGMQNCNSA-N,C1=NN(C2=C1C(=O)NC=N2)C3C(C(C(O3)CO)O)O
FT_6.261_246.20635,"Nonanamide, N,N-bis(2-hydroxyethyl)-",C13 H27 N O3,L2.2,na,Organic compounds,Lipids and lipid-like molecules,Fatty Acyls,Fatty amides,N-acyl amines,76500,"Nonanamide, N,N-bis(2-hydroxyethyl)-",245.1990937,C13H27NO3,"InChI=1S/C13H27NO3/c1-2-3-4-5-6-7-8-13(17)14(9-11-15)10-12-16/h15-16H,2-12H2,1H3",WODYOUWSWYOPBP-UHFFFAOYSA-N,CCCCCCCCC(=O)N(CCO)CCO
FT_8.308_183.06527,"2,5-Dimethoxy-3-methylcyclohexa-2,5-diene-1,4-dione",C9 H10 O4,L2.3,na,Organic compounds,Organic oxygen compounds,Organooxygen compounds,Carbonyl compounds,Ketones,"	15360237","2,5-Dimethoxy-3-methylcyclohexa-2,5-diene-1,4-dione",NA,"	
C9H10O4","InChI=1S/C9H10O4/c1-5-8(11)7(12-2)4-6(10)9(5)13-3/h4H,1-3H3",FSWSXQVFPSZDSU-UHFFFAOYSA-N,CC1=C(C(=O)C=C(C1=O)OC)OC
FT_6.552_290.08599,Adenosine,C10 H13 N5 O4,L2.3,na,Organic compounds,"Nucleosides, nucleotides, and analogues",Purine nucleosides,NA,NA,60961,Adenosine,267.0967539,C10H13N5O4,"InChI=1S/C10H13N5O4/c11-8-5-9(13-2-12-8)15(3-14-5)10-7(18)6(17)4(1-16)19-10/h2-4,6-7,10,16-18H,1H2,(H2,11,12,13)/t4-,6-,7-,10-/m1/s1",OIRDTQYFTABQOQ-KQYNXXCUSA-N,C1=NC(=C2C(=N1)N(C=N2)C3C(C(C(O3)CO)O)O)N
FT_8.445_183.06528,"2,5-Dimethoxy-3-methylcyclohexa-2,5-diene-1,4-dione",C9 H10 O4,L2.3,na,Organic compounds,Organic oxygen compounds,Organooxygen compounds,Carbonyl compounds,Ketones,"	15360237","2,5-Dimethoxy-3-methylcyclohexa-2,5-diene-1,4-dione",NA,"	
C9H10O4","InChI=1S/C9H10O4/c1-5-8(11)7(12-2)4-6(10)9(5)13-3/h4H,1-3H3",FSWSXQVFPSZDSU-UHFFFAOYSA-N,CC1=C(C(=O)C=C(C1=O)OC)OC
FT_6.781_279.10096,gamma-Glutamylmethionine,C10 H18 N2 O5 S,L2.2,na,Organic compounds,Organic acids and derivatives,Carboxylic acids and derivatives,"Amino acids, peptides, and analogues",Peptides,7009567,gamma-Glutamylmethionine,278.0936429,C10H18N2O5S,"InChI=1S/C10H18N2O5S/c1-18-5-4-7(10(16)17)12-8(13)3-2-6(11)9(14)15/h6-7H,2-5,11H2,1H3,(H,12,13)(H,14,15)(H,16,17)/t6-,7-/m0/s1",RQNSKRXMANOPQY-BQBZGAKWSA-N,CSCCC(C(=O)O)NC(=O)CCC(C(=O)O)N
FT_6.817_282.08332,Guanosine dialdehyde,C10 H11 N5 O5,L2.3,na,Organic compounds,Organoheterocyclic compounds,Imidazopyrimidines,Purines and purine derivatives,Purinones,135764860,Guanosine dialdehyde,281.0760185,C10H11N5O5,"InChI=1S/C10H11N5O5/c11-10-13-8-7(9(19)14-10)12-4-15(8)6(3-18)20-5(1-16)2-17/h1,3-6,17H,2H2,(H3,11,13,14,19)/t5-,6+/m0/s1",YSMPETHKGOIUHM-NTSWFWBYSA-N,C1=NC2=C(N1C(C=O)OC(CO)C=O)N=C(NC2=O)N
FT_6.857_247.12883,Glutamylvaline,C10 H18 N2 O5,L2.3,na,Organic compounds,Organic acids and derivatives,Carboxylic acids and derivatives,"Amino acids, peptides, and analogues",Peptides,433630,Glutamylvaline,246.1215717,C10H18N2O5,"InChI=1S/C10H18N2O5/c1-5(2)8(10(16)17)12-9(15)6(11)3-4-7(13)14/h5-6,8H,3-4,11H2,1-2H3,(H,12,15)(H,13,14)(H,16,17)",SITLTJHOQZFJGG-UHFFFAOYSA-N,CC(C)C(C(=O)O)NC(=O)C(CCC(=O)O)N
FT_7.161_183.10160,"(1R,4S)-7,7-Dimethyl-2-oxobicyclo[2.2.1]heptane-1-carboxylic acid",C10 H14 O3,L2.3,na,Organic compounds,Lipids and lipid-like molecules,Prenol lipids,Monoterpenoids,Bicyclic monoterpenoids,739182,"(1R,4S)-7,7-Dimethyl-2-oxobicyclo[2.2.1]heptane-1-carboxylic acid",182.0942943,C10H14O3,"InChI=1S/C10H14O3/c1-9(2)6-3-4-10(9,8(12)13)7(11)5-6/h6H,3-5H2,1-2H3,(H,12,13)/t6-,10+/m0/s1",WDODWBQJVMBHCO-QUBYGPBYSA-N,CC1(C2CCC1(C(=O)C2)C(=O)O)C
FT_7.372_192.10192,"Acetic acid, 2-(p-(allylamino)phenyl)-",C11 H13 N O2,L2.3,na,Organic compounds,Organic nitrogen compounds,Organonitrogen compounds,Amines,Aralkylamines,38316,"Acetic acid, 2-(p-(allylamino)phenyl)-",191.0946287,C11H13NO2,"InChI=1S/C11H13NO2/c1-2-7-12-10-5-3-9(4-6-10)8-11(13)14/h2-6,12H,1,7-8H2,(H,13,14)",ZYJSCNHWBVDMDN-UHFFFAOYSA-N,C=CCNC1=CC=C(C=C1)CC(=O)O
FT_7.385_268.10407,5'-Deoxyguanosine,C10 H13 N5 O4,L2.3,na,Organic compounds,"Nucleosides, nucleotides, and analogues",5'-deoxyribonucleosides,NA,NA,135509123,5'-Deoxyguanosine,267.0967539,C10H13N5O4,"InChI=1S/C10H13N5O4/c1-3-5(16)6(17)9(19-3)15-2-12-4-7(15)13-10(11)14-8(4)18/h2-3,5-6,9,16-17H,1H3,(H3,11,13,14,18)/t3-,5-,6-,9-/m1/s1",FBLYADUDJIDSCH-UUOKFMHZSA-N,CC1C(C(C(O1)N2C=NC3=C2N=C(NC3=O)N)O)O
FT_7.543_311.12383,Glu-Tyr,C14 H18 N2 O6,L2.2,na,Organic compounds,Organic acids and derivatives,Carboxylic acids and derivatives,"Amino acids, peptides, and analogues",Peptides,515717,H-Glu-Tyr-OH,310.1164863,C14H18N2O6,"InChI=1S/C14H18N2O6/c15-10(5-6-12(18)19)13(20)16-11(14(21)22)7-8-1-3-9(17)4-2-8/h1-4,10-11,17H,5-7,15H2,(H,16,20)(H,18,19)(H,21,22)/t10-,11-/m0/s1",YSWHPLCDIMUKFE-QWRGUYRKSA-N,C1=CC(=CC=C1CC(C(=O)O)NC(=O)C(CCC(=O)O)N)O
FT_7.633_302.19623,Floridinine,C15 H27 N O5,L2.2,na,Organic compounds,Organoheterocyclic compounds,Pyrrolizidines,NA,NA,5317361,Floridinine,301.188923,C15H27NO5,"InChI=1S/C15H27NO5/c1-10(17)15(20,14(2,3)19)13(18)21-9-11-6-8-16-7-4-5-12(11)16/h10-12,17,19-20H,4-9H2,1-3H3/t10?,11?,12?,15-/m1/s1",QRVKSRGLONTBPX-OWPBNPRWSA-N,CC(C(C(=O)OCC1CCN2C1CCC2)(C(C)(C)O)O)O
FT_7.650_115.03892,3-Methoxy-2(5h)-furanone,C5 H6 O3,L2.3,na,Organic compounds,Organoheterocyclic compounds,Dihydrofurans,Furanones,Butenolides,13597600,3-Methoxy-2(5h)-furanone,114.031694,C5H6O3,"InChI=1S/C5H6O3/c1-7-4-2-3-8-5(4)6/h2H,3H2,1H3",LAPHJRDBCSBIPY-UHFFFAOYSA-N,COC1=CCOC1=O
FT_8.459_225.10968,NP-019374,C10 H18 O4,L2.1,NA,NA,NA,NA,NA,NA,NA,NA,NA,NA,NA,NA,NA
FT_8.092_258.16998,2-Hexenoylcarnitine,C13 H23 N O4,L2.2,na,Organic compounds,Lipids and lipid-like molecules,Fatty Acyls,Fatty acid esters,Acyl carnitines,53481638,2-Hexenoylcarnitine,257.1627082,C13H23NO4,"InChI=1S/C13H23NO4/c1-5-6-7-8-13(17)18-11(9-12(15)16)10-14(2,3)4/h7-8,11H,5-6,9-10H2,1-4H3/b8-7+",JUAQYRSUSCWTQK-BQYQJAHWSA-N,CCCC=CC(=O)OC(CC(=O)[O-])C[N+](C)(C)C
FT_9.352_183.10168,NP-018661,C8 H16 O3,L2.1,NA,NA,NA,NA,NA,NA,NA,NA,NA,NA,NA,NA,NA
FT_8.126_239.08898,"1-(2-Hydroxy-4,6-dimethoxyphenyl)-1,3-butanedione",C12 H14 O5,L2.3,na,Organic compounds,Organic oxygen compounds,Organooxygen compounds,Carbonyl compounds,Ketones,365039,"1-(2-Hydroxy-4,6-dimethoxyphenyl)-1,3-butanedione",238.0841235,C12H14O5,"InChI=1S/C12H14O5/c1-7(13)4-9(14)12-10(15)5-8(16-2)6-11(12)17-3/h5-6,15H,4H2,1-3H3",HSRZGMDZNNYWBS-UHFFFAOYSA-N,CC(=O)CC(=O)C1=C(C=C(C=C1OC)OC)O
FT_8.170_157.04956,"5-Methyl-1,2,3,4-tetrahydroxybenzene",C7 H8 O4,L2.3,na,Organic compounds,Lipids and lipid-like molecules,Prenol lipids,Quinone and hydroquinone lipids,Prenylated hydroquinones,22723553,"5-Methyl-1,2,3,4-tetrahydroxybenzene",156.0422587,C7H8O4,"InChI=1S/C7H8O4/c1-3-2-4(8)6(10)7(11)5(3)9/h2,8-11H,1H3",YTNUOGWCFLMGLF-UHFFFAOYSA-N,CC1=CC(=C(C(=C1O)O)O)O
FT_8.300_346.22251,O-sebacoylcarnitine,C17 H31 N O6,L2.2,na,Organic compounds,Lipids and lipid-like molecules,Fatty Acyls,Fatty acid esters,Acyl carnitines,71464537,O-sebacoylcarnitine,345.2151377,C17H31NO6,"InChI=1S/C17H31NO6/c1-18(2,3)13-14(12-16(21)22)24-17(23)11-9-7-5-4-6-8-10-15(19)20/h14H,4-13H2,1-3H3,(H-,19,20,21,22)",GBFPILOKXGQZKW-UHFFFAOYSA-N,C[N+](C)(C)CC(CC(=O)[O-])OC(=O)CCCCCCCCC(=O)O
FT_9.710_248.22200,"2,3-Dihydroxypropyl-(2-hydroxyoctyl)-dimethylazanium",C13 H29 N O3,L2.2,na,Organic compounds,Organic nitrogen compounds,Organonitrogen compounds,Amines,Alkanolamines,"	20350218","2,3-Dihydroxypropyl-(2-hydroxyoctyl)-dimethylazanium",NA,NA,"InChI=1S/C13H30NO3/c1-4-5-6-7-8-12(16)9-14(2,3)10-13(17)11-15/h12-13,15-17H,4-11H2,1-3H3/q+1",RLBHXEXHWOZGKV-UHFFFAOYSA-N,CCCCCCC(C[N+](C)(C)CC(CO)O)O
FT_8.319_208.13316,"6,7-Dimethoxy-2-methyl-1,2,3,4-tetrahydroisoquinoline",C12 H17 N O2,L2.2,na,Organic compounds,Organoheterocyclic compounds,Tetrahydroisoquinolines,NA,NA,27694,"6,7-Dimethoxy-2-methyl-1,2,3,4-tetrahydroisoquinoline",207.1259288,C12H17NO2,"InChI=1S/C12H17NO2/c1-13-5-4-9-6-11(14-2)12(15-3)7-10(9)8-13/h6-7H,4-5,8H2,1-3H3",TXPPKWZEHFNZOE-UHFFFAOYSA-N,CN1CCC2=CC(=C(C=C2C1)OC)OC
FT_8.402_222.14884,"Benzoic acid, 2-(diethylamino)ethyl ester",C13 H19 N O2,L2.3,na,Organic compounds,Benzenoids,Benzene and substituted derivatives,Benzoic acids and derivatives,Benzoic acid esters,17390,"Benzoic acid, 2-(diethylamino)ethyl ester",221.1415788,C13H19NO2,"InChI=1S/C13H19NO2/c1-3-14(4-2)10-11-16-13(15)12-8-6-5-7-9-12/h5-9H,3-4,10-11H2,1-2H3",GEVPHAFTDXTZHY-UHFFFAOYSA-N,CCN(CC)CCOC(=O)C1=CC=CC=C1
FT_8.554_153.05213,6-Methoxysalicylaldehyde,C8 H8 O3,L2.3,na,Organic compounds,Benzenoids,Phenols,Methoxyphenols,NA,69692,6-Methoxysalicylaldehyde,152.0473441,C8H8O3,"InChI=1S/C8H8O3/c1-11-8-4-2-3-7(10)6(8)5-9/h2-5,10H,1H3",DZJPDDVDKXHRLF-UHFFFAOYSA-N,COC1=CC=CC(=C1C=O)O
FT_8.704_247.14409,Hypaphorine,C14 H18 N2 O2,L2.2,na,Organic compounds,Organic acids and derivatives,Carboxylic acids and derivatives,"Amino acids, peptides, and analogues",Amino acids and derivatives,442106,Hypaphorine,246.1368278,C14H18N2O2,"InChI=1S/C14H18N2O2/c1-16(2,3)13(14(17)18)8-10-9-15-12-7-5-4-6-11(10)12/h4-7,9,13,15H,8H2,1-3H3/t13-/m0/s1",AOHCBEAZXHZMOR-ZDUSSCGKSA-N,C[N+](C)(C)C(CC1=CNC2=CC=CC=C21)C(=O)[O-]
FT_8.881_316.21191,Butoctamide semisuccinate,C16 H29 N O5,L2.2,na,Organic compounds,Lipids and lipid-like molecules,Fatty Acyls,Fatty acid esters,NA,2486,Butoctamide semisuccinate,315.204573,C16H29NO5,"InChI=1S/C16H29NO5/c1-4-6-7-13(5-2)11-17-14(18)10-12(3)22-16(21)9-8-15(19)20/h12-13H,4-11H2,1-3H3,(H,17,18)(H,19,20)",CQONVBIGUJWUFE-UHFFFAOYSA-N,CCCCC(CC)CNC(=O)CC(C)OC(=O)CCC(=O)O
FT_8.916_135.11680,Butylbenzene,C10 H14,L2.3,na,Organic compounds,Benzenoids,Benzene and substituted derivatives,NA,NA,7705,Butylbenzene,134.1095504,C10H14,"InChI=1S/C10H14/c1-2-3-7-10-8-5-4-6-9-10/h4-6,8-9H,2-3,7H2,1H3",OCKPCBLVNKHBMX-UHFFFAOYSA-N,CCCCC1=CC=CC=C1
FT_8.916_206.17504,"4-Amino-4-(3-hydroxypropyl)heptane-1,7-diol",C10 H23 N O3,L2.2,na,Organic compounds,Organic oxygen compounds,Organooxygen compounds,Alcohols and polyols,Primary alcohols,4090108,"4-Amino-4-(3-hydroxypropyl)heptane-1,7-diol",205.1677936,C10H23NO3,"InChI=1S/C10H23NO3/c11-10(4-1-7-12,5-2-8-13)6-3-9-14/h12-14H,1-9,11H2",HACQKMWYOKGLET-UHFFFAOYSA-N,C(CC(CCCO)(CCCO)N)CO
FT_9.013_261.14449,gamma-Glu-leu,C11 H20 N2 O5,L2.2,na,Organic compounds,Organic acids and derivatives,Carboxylic acids and derivatives,"Amino acids, peptides, and analogues",Peptides,151023,gamma-Glu-leu,260.1372217,C11H20N2O5,"InChI=1S/C11H20N2O5/c1-6(2)5-8(11(17)18)13-9(14)4-3-7(12)10(15)16/h6-8H,3-5,12H2,1-2H3,(H,13,14)(H,15,16)(H,17,18)/t7-,8-/m0/s1",MYFMARDICOWMQP-YUMQZZPRSA-N,CC(C)CC(C(=O)O)NC(=O)CCC(C(=O)O)N
FT_9.089_340.10279,6-Hydroxy-5-methoxyindole glucuronide,C15 H17 N O8,L2.2,na,Organic compounds,Organic oxygen compounds,Organooxygen compounds,Carbohydrates and carbohydrate conjugates,Glycosyl compounds,196513,6-Hydroxy-5-methoxyindole glucuronide,339.0954165,C15H17NO8,"InChI=1S/C15H17NO8/c1-22-8-4-6-2-3-16-7(6)5-9(8)23-15-12(19)10(17)11(18)13(24-15)14(20)21/h2-5,10-13,15-19H,1H3,(H,20,21)/t10-,11-,12+,13-,15+/m0/s1",NECCHCPFFUXUOB-DKBOKBLXSA-N,COC1=C(C=C2C(=C1)C=CN2)OC3C(C(C(C(O3)C(=O)O)O)O)O
FT_9.172_282.09721,4-Hydroxyphenylacetylglutamate,C13 H15 N O6,L2.2,na,Organic compounds,Organic acids and derivatives,Carboxylic acids and derivatives,"Amino acids, peptides, and analogues",Amino acids and derivatives,440731,4-Hydroxyphenylacetylglutamate,281.0899372,C13H15NO6,"InChI=1S/C13H15NO6/c15-9-3-1-8(2-4-9)7-11(16)14-10(13(19)20)5-6-12(17)18/h1-4,10,15H,5-7H2,(H,14,16)(H,17,18)(H,19,20)",CYRKYXZJUIBBJX-UHFFFAOYSA-N,C1=CC(=CC=C1CC(=O)NC(CCC(=O)O)C(=O)O)O
FT_9.307_250.14376,4'-Methoxy-3-morpholino-propiophenone,C14 H19 N O3,L2.2,na,Organic compounds,Organic oxygen compounds,Organooxygen compounds,Carbonyl compounds,Ketones,121160,4'-Methoxy-3-morpholino-propiophenone,249.1364935,C14H19NO3,"InChI=1S/C14H19NO3/c1-17-13-4-2-12(3-5-13)14(16)6-7-15-8-10-18-11-9-15/h2-5H,6-11H2,1H3",MARDRZQLSPCWMG-UHFFFAOYSA-N,COC1=CC=C(C=C1)C(=O)CCN2CCOCC2
FT_9.313_261.14449,gamma-Glu-leu,C11 H20 N2 O5,L2.2,na,Organic compounds,Organic acids and derivatives,Carboxylic acids and derivatives,"Amino acids, peptides, and analogues",Peptides,151023,gamma-Glu-leu,260.1372217,C11H20N2O5,"InChI=1S/C11H20N2O5/c1-6(2)5-8(11(17)18)13-9(14)4-3-7(12)10(15)16/h6-8H,3-5,12H2,1-2H3,(H,13,14)(H,15,16)(H,17,18)/t7-,8-/m0/s1",MYFMARDICOWMQP-YUMQZZPRSA-N,CC(C)CC(C(=O)O)NC(=O)CCC(C(=O)O)N
FT_9.349_308.11291,"2-(7,8-dihydroxy-4-methyl-2-oxo-2H-chromen-3-yl)-N-[(2R)-2-hydroxypropyl]acetamide",C15 H17 N O6,L2.3,na,Organic compounds,Phenylpropanoids and polyketides,Coumarins and derivatives,Hydroxycoumarins,"7,8-dihydroxycoumarins",16408498,"2-(7,8-dihydroxy-4-methyl-2-oxo-2H-chromen-3-yl)-N-[(2R)-2-hydroxypropyl]acetamide",307.1055873,C15H17NO6,"InChI=1S/C15H17NO6/c1-7(17)6-16-12(19)5-10-8(2)9-3-4-11(18)13(20)14(9)22-15(10)21/h3-4,7,17-18,20H,5-6H2,1-2H3,(H,16,19)/t7-/m1/s1",HIRWVULQFHSGLU-SSDOTTSWSA-N,CC1=C(C(=O)OC2=C1C=CC(=C2O)O)CC(=O)NCC(C)O
FT_9.801_171.10161,3-(2-Oxocyclohexyl)propanoic acid,C9 H14 O3,L2.3,na,Organic compounds,Lipids and lipid-like molecules,Fatty Acyls,Fatty acids and conjugates,Carbocyclic fatty acids,98393,3-(2-Oxocyclohexyl)propanoic acid,170.0942943,C9H14O3,"InChI=1S/C9H14O3/c10-8-4-2-1-3-7(8)5-6-9(11)12/h7H,1-6H2,(H,11,12)",JCIZEWRBCTUEFG-UHFFFAOYSA-N,C1CCC(=O)C(C1)CCC(=O)O
FT_9.811_185.08093,"Methyl 2-methyl-4,6-dioxocyclohexanecarboxylate",C9 H12 O4,L2.3,na,Organic compounds,Organic oxygen compounds,Organooxygen compounds,Carbonyl compounds,"1,3-dicarbonyl compounds",4661376,"Methyl 2-methyl-4,6-dioxocyclohexanecarboxylate",184.0735589,C9H12O4,"InChI=1S/C9H12O4/c1-5-3-6(10)4-7(11)8(5)9(12)13-2/h5,8H,3-4H2,1-2H3",YOELNWPMMURSQH-UHFFFAOYSA-N,CC1CC(=O)CC(=O)C1C(=O)OC
FT_9.925_171.10161,3-(2-Oxocyclohexyl)propanoic acid,C9 H14 O3,L2.3,na,Organic compounds,Lipids and lipid-like molecules,Fatty Acyls,Fatty acids and conjugates,Carbocyclic fatty acids,98393,3-(2-Oxocyclohexyl)propanoic acid,170.0942943,C9H14O3,"InChI=1S/C9H14O3/c10-8-4-2-1-3-7(8)5-6-9(11)12/h7H,1-6H2,(H,11,12)",JCIZEWRBCTUEFG-UHFFFAOYSA-N,C1CCC(=O)C(C1)CCC(=O)O
FT_17.038_203.10660,"1-(2,2-Dimethylchromen-6-yl)ethanone",C13 H14 O2,L2.2,na,Organic compounds,Organoheterocyclic compounds,Benzopyrans,1-benzopyrans,"2,2-dimethyl-1-benzopyrans",177040,"1-(2,2-Dimethylchromen-6-yl)ethanone",202.0993797,C13H14O2,"InChI=1S/C13H14O2/c1-9(14)10-4-5-12-11(8-10)6-7-13(2,3)15-12/h4-8H,1-3H3",ZAJTXVHECZCXLH-UHFFFAOYSA-N,CC(=O)C1=CC2=C(C=C1)OC(C=C2)(C)C
FT_17.647_203.07061,"3,4',5-Biphenyltriol",C12 H10 O3,L2.2,na,Organic compounds,Benzenoids,Benzene and substituted derivatives,Biphenyls and derivatives,NA,21909602,"3,4',5-Biphenyltriol",202.0629942,C12H10O3,"InChI=1S/C12H10O3/c13-10-3-1-8(2-4-10)9-5-11(14)7-12(15)6-9/h1-7,13-15H",HSZOQEGJICWJDP-UHFFFAOYSA-N,C1=CC(=CC=C1C2=CC(=CC(=C2)O)O)O
FT_2.988_159.02775,Pentahydroxybenzene,C6 H6 O5,L2.3,na,Organic compounds,Benzenoids,Phenols,Benzenetriols and derivatives,Pyrogallols and derivatives,316180,Pentahydroxybenzene,158.0215233,C6H6O5,"InChI=1S/C6H6O5/c7-2-1-3(8)5(10)6(11)4(2)9/h1,7-11H",RUFWIGMRKSSQJC-UHFFFAOYSA-N,C1=C(C(=C(C(=C1O)O)O)O)O
