Reaction,Pathways,n_reaction
6PGLUCONOLACT-RXN,PWY-8004,9
6PGLUCONOLACT-RXN,PENTOSE-P-PWY,8
6PGLUCONOLACT-RXN,PWY-6901,17
6PGLUCONOLACT-RXN,P122-PWY,17
6PGLUCONOLACT-RXN,RUMP-PWY,6
6PGLUCONOLACT-RXN,GLYCOLYSIS-E-D,16
6PGLUCONOLACT-RXN,OXIDATIVEPENT-PWY,3
GLU6PDEHYDROG-RXN,PWY-7245,7
GLU6PDEHYDROG-RXN,PWY-8004,9
GLU6PDEHYDROG-RXN,PENTOSE-P-PWY,8
GLU6PDEHYDROG-RXN,PWY-6901,17
GLU6PDEHYDROG-RXN,P122-PWY,17
GLU6PDEHYDROG-RXN,RUMP-PWY,6
GLU6PDEHYDROG-RXN,PWY-7268,4
GLU6PDEHYDROG-RXN,GLYCOLYSIS-E-D,16
GLU6PDEHYDROG-RXN,OXIDATIVEPENT-PWY,3
TRANSALDOL-RXN,PWY-5723,10
TRANSALDOL-RXN,PWY-1861,9
TRANSALDOL-RXN,PENTOSE-P-PWY,8
TRANSALDOL-RXN,P185-PWY,11
TRANSALDOL-RXN,PWY-6901,17
TRANSALDOL-RXN,P124-PWY,15
TRANSALDOL-RXN,NONOXIPENT-PWY,5
PGLUCISOM-RXN,OANTIGEN-PWY,10
PGLUCISOM-RXN,ANAGLYCOLYSIS-PWY,11
PGLUCISOM-RXN,PWY-6142,15
PGLUCISOM-RXN,GLYCOLYSIS,12
PGLUCISOM-RXN,ANAEROFRUCAT-PWY,12
PGLUCISOM-RXN,PWY-3801,4
PGLUCISOM-RXN,PWY-7385,5
PGLUCISOM-RXN,PWY-6146,46
PGLUCISOM-RXN,PWY-7345,18
PGLUCISOM-RXN,P341-PWY,9
PGLUCISOM-RXN,PWY-7238,7
PGLUCISOM-RXN,PWY-8013,3
PGLUCISOM-RXN,UDPNAGSYN-PWY,5
PGLUCISOM-RXN,PWY-621,4
PGLUCISOM-RXN,PWY-5054,1
PGLUCISOM-RXN,PWY-7323,8
PGLUCISOM-RXN,P124-PWY,15
PGLUCISOM-RXN,COLANSYN-PWY,9
PGLUCISOM-RXN,PWY-6992,4
PGLUCISOM-RXN,P122-PWY,17
PGLUCISOM-RXN,PWY-7332,14
PGLUCISOM-RXN,PWY-622,8
PGLUCISOM-RXN,PWY-6981,7
PGLUCISOM-RXN,RUMP-PWY,6
PGLUCISOM-RXN,GLYCOLYSIS-TCA-GLYOX-BYPASS,21
PGLUCISOM-RXN,PWY-5384,4
PGLUCISOM-RXN,SUCSYN-PWY,8
PGLUCISOM-RXN,GLUCONEO-PWY,13
PGLUCISOM-RXN,PWY66-399,11
PGLUCISOM-RXN,PWY-7347,2
PGLUCISOM-RXN,PWY-5659,4
PGLUCISOM-RXN,GLYCOLYSIS-E-D,16
PGLUCISOM-RXN,UDPNACETYLGALSYN-PWY,5
PGLUCISOM-RXN,PWY-6404,24
PGLUCISOM-RXN,PWY-5514,6
2TRANSKETO-RXN,PWY-5723,10
2TRANSKETO-RXN,PWY-8178,6
2TRANSKETO-RXN,PWY-1861,9
2TRANSKETO-RXN,PENTOSE-P-PWY,8
2TRANSKETO-RXN,PWY-7218,19
2TRANSKETO-RXN,P185-PWY,11
2TRANSKETO-RXN,PWY-6901,17
2TRANSKETO-RXN,PWY-7124,19
2TRANSKETO-RXN,PWY-6886,19
2TRANSKETO-RXN,P21-PWY,3
2TRANSKETO-RXN,CALVIN-PWY,12
2TRANSKETO-RXN,NONOXIPENT-PWY,5
2TRANSKETO-RXN,PHOTOALL-PWY,13
1TRANSKETO-RXN,PWY-5723,10
1TRANSKETO-RXN,PWY-8178,6
1TRANSKETO-RXN,PWY-1861,9
1TRANSKETO-RXN,PENTOSE-P-PWY,8
1TRANSKETO-RXN,PWY-7218,19
1TRANSKETO-RXN,P185-PWY,11
1TRANSKETO-RXN,PWY-6901,17
1TRANSKETO-RXN,P124-PWY,15
1TRANSKETO-RXN,PWY-7124,19
1TRANSKETO-RXN,PWY-6886,19
1TRANSKETO-RXN,P21-PWY,3
1TRANSKETO-RXN,CALVIN-PWY,12
1TRANSKETO-RXN,NONOXIPENT-PWY,5
1TRANSKETO-RXN,PHOTOALL-PWY,13
6PFRUCTPHOS-RXN,ANAGLYCOLYSIS-PWY,11
6PFRUCTPHOS-RXN,GLYCOLYSIS,12
6PFRUCTPHOS-RXN,ANAEROFRUCAT-PWY,12
6PFRUCTPHOS-RXN,PWY-5484,11
6PFRUCTPHOS-RXN,PWY-7385,5
6PFRUCTPHOS-RXN,PWY-1861,9
6PFRUCTPHOS-RXN,HEXITOLDEGSUPER-PWY,16
6PFRUCTPHOS-RXN,P461-PWY,19
6PFRUCTPHOS-RXN,PWY-7345,18
6PFRUCTPHOS-RXN,GLYCOLYSIS-TCA-GLYOX-BYPASS,21
6PFRUCTPHOS-RXN,GLYCOLYSIS-E-D,16
6PFRUCTPHOS-RXN,P441-PWY,21
RXN-21730,PWY-8178,6
2.7.1.90-RXN,PWY-1042,7
2.7.1.90-RXN,PWY-5464,16
CYSTEINE--TRNA-LIGASE-RXN,TRNA-CHARGING-PWY,21
RXN3O-4113,PWY-6802,3
RXN3O-4113,PWY3O-4108,2
ALCOHOL-DEHYDROG-RXN,PWY0-1477,5
ALCOHOL-DEHYDROG-RXN,PWY-6333,1
ALCOHOL-DEHYDROG-RXN,PWY-6604,12
ALCOHOL-DEHYDROG-RXN,PWY-5486,2
ALCOHOL-DEHYDROG-RXN,P461-PWY,19
ALCOHOL-DEHYDROG-RXN,PWY-7345,18
ALCOHOL-DEHYDROG-RXN,P161-PWY,4
ALCOHOL-DEHYDROG-RXN,PWY-5480,3
ALCOHOL-DEHYDROG-RXN,ETOH-ACETYLCOA-ANA-PWY,2
ALCOHOL-DEHYDROG-RXN,P122-PWY,17
ALCOHOL-DEHYDROG-RXN,FERMENTATION-PWY,13
ALCOHOL-DEHYDROG-RXN,PWY-6587,3
ALCOHOL-DEHYDROG-RXN,PWY4LZ-257,8
ALCOHOL-DEHYDROG-RXN,PWY66-21,3
ALCOHOL-DEHYDROG-RXN,P441-PWY,21
ALCOHOL-DEHYDROG-RXN,PWY-6594,9
RXN-7694,PWY-5078,2
RXN-7700,PWY-5751,3
RXN-7700,PWY-5079,2
RXN-7657,PWY-7396,4
RXN-7657,PWY-7111,4
RXN-7657,PWY-5057,2
RXN-7693,PWY-5076,2
RXN-7693,PWY-6871,2
RXN-5424,PWY-3162,2
RXN-13198,PWY-7013,3
RXN-10911,PWY-6342,12
RXN-10915,PWY-6342,12
RXN-7706,PWY-5082,2
RXN-10781,PWY-6313,6
RXN66-478,PWY66-389,4
RXN-2962,PWY-1882,10
RXN-2962,PWY-1801,3
RXN-17884,PWY-7798,1
PYRIDOXINE-4-DEHYDROGENASE-RXN,PWY-7282,5
PYRIDOXINE-4-DEHYDROGENASE-RXN,PLPSAL-PWY,6
PYRIDOXINE-4-DEHYDROGENASE-RXN,PWY0-845,11
PYRIDOXINE-4-DEHYDROGENASE-RXN,PWY-7204,9
RXN-11965,PWY-5488,4
4-NITROPHENOL-2-MONOOXYGENASE-RXN,PWY-5488,4
RXN-8505,3-HYDROXYPHENYLACETATE-DEGRADATION-PWY,7
RXN-8505,PWY-7431,4
RXN-14988,PWY-7398,7
RXN-14990,PWY-7398,7
IMIDAZOLONEPROPIONASE-RXN,HISDEG-PWY,4
IMIDAZOLONEPROPIONASE-RXN,PWY-5030,6
IMIDAZOLONEPROPIONASE-RXN,HISHP-PWY,3
IMIDAZOLONEPROPIONASE-RXN,PWY-5028,5
DAPASYN-RXN,BIOTIN-BIOSYNTHESIS-PWY,13
DAPASYN-RXN,PWY0-1507,2
RXN0-280,ALKANEMONOX-PWY,2
RXN-1082,PWY-8190,4
RXN-1082,P162-PWY,6
MALEATE-ISOMERASE-RXN,PWY-8085,4
MALEATE-ISOMERASE-RXN,PWY-722,6
MALEATE-ISOMERASE-RXN,PWY-6993,6
MALEATE-ISOMERASE-RXN,PWY-5062,13
MALEATE-ISOMERASE-RXN,PWY-5033,2
MALEATE-ISOMERASE-RXN,PWY-7128,6
RXN-17357,PWY-7750,1
4.3.1.15-RXN,PWY-8615,1
BENZOYLFORMATE-DECARBOXYLASE-RXN,PWY-1501,4
BENZOYLFORMATE-DECARBOXYLASE-RXN,PWY-8161,2
BENZOYLFORMATE-DECARBOXYLASE-RXN,PWY-6954,33
BENZOYLFORMATE-DECARBOXYLASE-RXN,PWY-2504,31
BENZOYLFORMATE-DECARBOXYLASE-RXN,PWY-6957,17
RXN-3945,PWY-8087,2
HYDROXYBENZOYLFORMATE-DECARBOXYLASE-RXN,PWY-6954,33
HYDROXYBENZOYLFORMATE-DECARBOXYLASE-RXN,PWY-2504,31
HYDROXYBENZOYLFORMATE-DECARBOXYLASE-RXN,4-HYDROXYMANDELATE-DEGRADATION-PWY,3
RXN-12717,PWY-6937,15
RXN-12717,PWY-6944,13
RXN-12717,PWY-6928,19
RXN-12717,PWY-6947,21
L-LACTATE-DEHYDROGENASE-CYTOCHROME-RXN,PWY-8377,4
L-LACTATE-DEHYDROGENASE-CYTOCHROME-RXN,PWY-5458,3
ARGININE--TRNA-LIGASE-RXN,TRNA-CHARGING-PWY,21
GLUCOKIN-RXN,PWY-5661,2
GLUCOKIN-RXN,ANAGLYCOLYSIS-PWY,11
GLUCOKIN-RXN,PWY0-1182,2
GLUCOKIN-RXN,PWY-2723,2
GLUCOKIN-RXN,TREDEGLOW-PWY,2
GLUCOKIN-RXN,ANAEROFRUCAT-PWY,12
GLUCOKIN-RXN,PWY-5941,5
GLUCOKIN-RXN,PWY-7385,5
GLUCOKIN-RXN,GLYCOCAT-PWY,8
GLUCOKIN-RXN,PWY-7238,7
GLUCOKIN-RXN,GLUCOSE1PMETAB-PWY,5
GLUCOKIN-RXN,PWY-621,4
GLUCOKIN-RXN,PWY-2722,3
GLUCOKIN-RXN,P124-PWY,15
GLUCOKIN-RXN,P122-PWY,17
GLUCOKIN-RXN,PWY-6981,7
GLUCOKIN-RXN,UDPNACETYLGALSYN-PWY,5
GLUCOKIN-RXN,PWY-5514,6
RXN0-5114,SERSYN-PWY,3
RXN0-5114,SULFATE-CYS-PWY,9
RXN0-5114,SER-GLYSYN-PWY,4
3-PHOSPHOGLYCERATE-PHOSPHATASE-RXN,PWY-8011,4
RXN-8748,PWY-5491,1
RXN-14181,PWY-8077,1
RXN-14181,PWY-7204,9
GPH-RXN,PWY-8363,5
GPH-RXN,PWY-181,6
GPH-RXN,PWY-8362,6
HISTIDPHOS-RXN,PRPP-PWY,42
HISTIDPHOS-RXN,HISTSYN-PWY,7
RXN-5647,PWY-3385,4
RXN-5647,PWY-4762,6
RXN-5822,NAD-BIOSYNTHESIS-II,3
RXN-5822,NADPHOS-DEPHOS-PWY,2
RXN-5822,PWY-5083,3
GLYCINE--TRNA-LIGASE-RXN,TRNA-CHARGING-PWY,21
NICOTINATEPRIBOSYLTRANS-RXN,PWY-3502,11
NICOTINATEPRIBOSYLTRANS-RXN,PYRIDNUCSAL-PWY,6
NICOTINATEPRIBOSYLTRANS-RXN,PWY3O-4107,4
NICOTINATEPRIBOSYLTRANS-RXN,PWY-5381,7
NICOTINATEPRIBOSYLTRANS-RXN,PWY-8511,5
RXN-16391,PWY-5741,11
RXN-16391,PWY-7854,10
METHYLMALONYL-COA-EPIM-RXN,PWY-5130,3
METHYLMALONYL-COA-EPIM-RXN,PWY-5088,8
METHYLMALONYL-COA-EPIM-RXN,PWY-7384,8
METHYLMALONYL-COA-EPIM-RXN,PWY-8086,10
METHYLMALONYL-COA-EPIM-RXN,PWY-5328,11
METHYLMALONYL-COA-EPIM-RXN,PWY-5789,10
METHYLMALONYL-COA-EPIM-RXN,PROPIONMET-PWY,3
METHYLMALONYL-COA-EPIM-RXN,PWY-6728,16
METHYLMALONYL-COA-EPIM-RXN,PWY-5743,9
METHYLMALONYL-COA-EPIM-RXN,PWY-7024,14
METHYLMALONYL-COA-EPIM-RXN,P108-PWY,6
METHYLMALONYL-COA-EPIM-RXN,PWY-7389,15
RIBOKIN-RXN,RIBOKIN-PWY,2
UNDECAPRENYL-DIPHOSPHATASE-RXN,POLYISOPRENSYN-PWY,5
UNDECAPRENYL-DIPHOSPHATASE-RXN,PWY-5785,2
ACETOOHBUTSYN-RXN,PWY-5101,4
ACETOOHBUTSYN-RXN,THREOCAT-PWY,14
ACETOOHBUTSYN-RXN,BRANCHED-CHAIN-AA-SYN-PWY,11
ACETOOHBUTSYN-RXN,PWY-5103,5
ACETOOHBUTSYN-RXN,ILEUSYN-PWY,5
ACETOOHBUTSYN-RXN,PWY-3001,11
ACETOOHBUTSYN-RXN,PWY-5104,4
ACETOLACTSYN-RXN,BRANCHED-CHAIN-AA-SYN-PWY,11
ACETOLACTSYN-RXN,PWY-5939,2
ACETOLACTSYN-RXN,P125-PWY,4
ACETOLACTSYN-RXN,PWY-6389,2
ACETOLACTSYN-RXN,PWY-7111,4
ACETOLACTSYN-RXN,PWY-5938,2
ACETOLACTSYN-RXN,PWY-6396,6
ACETOLACTSYN-RXN,VALSYN-PWY,4
FUMHYDR-RXN,PWY-5088,8
FUMHYDR-RXN,PWY-5913,6
FUMHYDR-RXN,P23-PWY,9
FUMHYDR-RXN,PWY-6146,46
FUMHYDR-RXN,PWY-7384,8
FUMHYDR-RXN,PWY-8086,10
FUMHYDR-RXN,TCA,7
FUMHYDR-RXN,PWY-6728,16
FUMHYDR-RXN,P105-PWY,7
FUMHYDR-RXN,PWY-8560,5
FUMHYDR-RXN,PWY-561,11
FUMHYDR-RXN,TCA-GLYOX-BYPASS,9
FUMHYDR-RXN,REDCITCYC,7
FUMHYDR-RXN,PWY-5392,8
FUMHYDR-RXN,FERMENTATION-PWY,13
FUMHYDR-RXN,GLYCOLYSIS-TCA-GLYOX-BYPASS,21
FUMHYDR-RXN,PWY-6969,7
FUMHYDR-RXN,P108-PWY,6
FUMHYDR-RXN,P42-PWY,7
FUMHYDR-RXN,PWY-7389,15
FUMHYDR-RXN,PWY-5690,6
FUMHYDR-RXN,PWY-7254,7
FUMHYDR-RXN,PWY66-398,6
FUMHYDR-RXN,PWY-5464,16
HISTIDINE-AMMONIA-LYASE-RXN,HISDEG-PWY,4
HISTIDINE-AMMONIA-LYASE-RXN,PWY-5030,6
HISTIDINE-AMMONIA-LYASE-RXN,HISHP-PWY,3
HISTIDINE-AMMONIA-LYASE-RXN,PWY-5028,5
UROCANATE-HYDRATASE-RXN,HISDEG-PWY,4
UROCANATE-HYDRATASE-RXN,PWY-5030,6
UROCANATE-HYDRATASE-RXN,HISHP-PWY,3
UROCANATE-HYDRATASE-RXN,PWY-5028,5
D-LACTATE-DEHYDROGENASE-CYTOCHROME-RXN,MGLDLCTANA-PWY,2
D-LACTATE-DEHYDROGENASE-CYTOCHROME-RXN,PWY-5386-1,3
RXN-969,PWY-181,6
3-HYDROXYISOBUTYRATE-DEHYDROGENASE-RXN,VALDEG-PWY,5
GALACTONDEHYDRAT-RXN,GALACTCAT-PWY,3
RXN-2882,PWY-1882,10
RXN-2882,PWY-1723,2
6-METHYLSALICYLATE-DECARBOXYLASE-RXN,PWY-7490,2
ISOLEUCINE--TRNA-LIGASE-RXN,PWY-8523,1
ISOLEUCINE--TRNA-LIGASE-RXN,TRNA-CHARGING-PWY,21
RXN1G-1438,PWY-6113,82
RXN1G-1438,PWYG-321,51
RXN1G-1437,PWY-6113,82
RXN1G-1437,PWYG-321,51
TREHALOSEPHOSPHA-RXN,PWY-881,2
TREHALOSEPHOSPHA-RXN,TRESYN-PWY,2
TREHALOSEPHOSPHA-RXN,PWY-7900,8
TREHALOSEPHOSPHA-RXN,TREHALOSESYN-PWY,1
RXN1G-1435,PWY-6113,82
RXN1G-1435,PWYG-321,51
RXN1G-1439,PWY-6113,82
RXN1G-1439,PWYG-321,51
RXN1G-1436,PWY-6113,82
RXN1G-1436,PWYG-321,51
RXN-17362,PWY-7884,1
RXN-17362,PWY-8488,1
PYRROLINECARBREDUCT-RXN,ARG-PRO-PWY,3
PYRROLINECARBREDUCT-RXN,PWY-3341,2
PYRROLINECARBREDUCT-RXN,PROSYN-PWY,3
PYRROLINECARBREDUCT-RXN,PWY-8187,4
PRIBFAICARPISOM-RXN,PRPP-PWY,42
PRIBFAICARPISOM-RXN,HISTSYN-PWY,7
IMIDPHOSDEHYD-RXN,PRPP-PWY,42
IMIDPHOSDEHYD-RXN,HISTSYN-PWY,7
ATPPHOSPHORIBOSYLTRANS-RXN,PRPP-PWY,42
ATPPHOSPHORIBOSYLTRANS-RXN,HISTSYN-PWY,7
UDPNACETYLGLUCOSAMENOLPYRTRANS-RXN,PWY-6385,10
UDPNACETYLGLUCOSAMENOLPYRTRANS-RXN,PWY-5265,13
UDPNACETYLGLUCOSAMENOLPYRTRANS-RXN,PEPTIDOGLYCANSYN-PWY,10
UDPNACETYLGLUCOSAMENOLPYRTRANS-RXN,PWY-7953,6
UDPNACETYLGLUCOSAMENOLPYRTRANS-RXN,PWY-6470,11
UDPNACETYLGLUCOSAMENOLPYRTRANS-RXN,PWY-6471,11
UDPNACETYLGLUCOSAMENOLPYRTRANS-RXN,PWY0-1261,12
UDPNACETYLGLUCOSAMENOLPYRTRANS-RXN,PWY-6387,8
UDPNACETYLGLUCOSAMENOLPYRTRANS-RXN,PWY-6386,7
1-ACYLGLYCEROL-3-P-ACYLTRANSFER-RXN,PWY-5981,3
1-ACYLGLYCEROL-3-P-ACYLTRANSFER-RXN,PHOSLIPSYN2-PWY,18
1-ACYLGLYCEROL-3-P-ACYLTRANSFER-RXN,PWY0-1319,4
1-ACYLGLYCEROL-3-P-ACYLTRANSFER-RXN,PWY-8401,11
1-ACYLGLYCEROL-3-P-ACYLTRANSFER-RXN,PHOSLIPSYN-PWY,12
1-ACYLGLYCEROL-3-P-ACYLTRANSFER-RXN,PWY4FS-7,6
RXN-20512,PWY-8053,7
RXN-20512,PWY-8051,11
RXN-1623,PHOSLIPSYN2-PWY,18
RXN-1623,PHOSLIPSYN-PWY,12
RXN-1623,PWY4FS-8,6
RXN-1623,PWY-5667,4
RXN-1623,TRIGLSYN-PWY,4
RXN-16067,PWY-7596,4
RXN-16067,PWY-7587,2
RXN-16032,PWY-7589,1
RXN-16118,PWY-6453,3
RXN-15043,PWY-7411,3
RXN-15043,PWY-7417,2
RXN-20565,PWY-8055,5
RXN-17729,PWY-7782,8
RXN-11484,BIOTIN-BIOSYNTHESIS-PWY,13
RXN-11484,PWY-8203,4
RXN-11484,PWY-7147,1
RXN-11484,PWY-6519,11
7KAPSYN-RXN,PWY-6578,2
7KAPSYN-RXN,PWY-5005,4
RXN-9758,PWY-6054,1
RXN-9758,PWY-6055,1
RXN-6382,PWY-5760,2
RXN-6382,PWY-3981,1
BADH-RXN,PWY-7494,1
BADH-RXN,BETSYN-PWY,2
BADH-RXN,PWY1F-353,2
BADH-RXN,P542-PWY,3
BADH-RXN,PWY-3722,1
BADH-RXN,CHOLINE-BETAINE-ANA-PWY,2
PYRUVATEORTHOPHOSPHATE-DIKINASE-RXN,PWY-6549,6
PYRUVATEORTHOPHOSPHATE-DIKINASE-RXN,PWY-7115,8
PYRUVATEORTHOPHOSPHATE-DIKINASE-RXN,PWY-7117,9
PYRUVATEORTHOPHOSPHATE-DIKINASE-RXN,PWY-241,4
TSA-REDUCT-RXN,GALACTARDEG-PWY,4
TSA-REDUCT-RXN,GLYCOLATEMET-PWY,3
TSA-REDUCT-RXN,GLUCARDEG-PWY,4
TSA-REDUCT-RXN,GLYCOL-GLYOXDEG-PWY,6
TSA-REDUCT-RXN,GLUCARGALACTSUPER-PWY,5
TSA-REDUCT-RXN,PWY-6516,22
4-HYDROXY-2-KETOPIMELATE-LYSIS-RXN,3-HYDROXYPHENYLACETATE-DEGRADATION-PWY,7
RXN-21711,PWY-7052,6
RXN-14272,PWY-7656,11
RXN-14272,PWY-7654,7
RXN-17776,PWY0-1337,29
RXN-2425,PWY-8354,5
RXN-2425,PWY-8347,4
RXN-2425,PWY0-321,9
RXN-2425,PWY-1361,6
RXN-2425,PWY-6071,11
RXN0-5393,PWY0-1337,29
RXN-21759,PWY-8179,8
RXN-2002,PWY-6443,5
RXN-2002,PWY-6458,3
RXN-2002,PWY-6446,3
RXN-2002,P281-PWY,6
RXN-17114,PWY-7726,4
RXN-14273,PWY-7654,7
RXN-14273,PWY-8568,19
RXN-16558,PWY-7656,11
RXN-16135,PWY-7606,4
ENOYL-COA-HYDRAT-RXN,FAO-PWY,5
ENOYL-COA-HYDRAT-RXN,PWY-5136,4
ENOYL-COA-HYDRAT-RXN,PWY-5138,4
ENOYL-COA-HYDRAT-RXN,PWY66-391,5
ENOYL-COA-HYDRAT-RXN,PWY-561,11
ENOYL-COA-HYDRAT-RXN,PWY-7007,3
RXN-21780,PWY-8181,13
RXN-8031,PWY-301,2
RXN-8031,P321-PWY,2
RXN-8031,PWY-8589,2
RXN-21779,PWY-8181,13
RXN-21766,PWY-8182,7
RXN-17780,PWY0-1337,29
RXN-21781,PWY-8181,13
2OXOGLUTDECARB-RXN,PWY-5084,3
ALKYLGLYCERONE-PHOSPHATE-SYNTHASE-RXN,PWY-7782,8
GLYOXI-RXN,PWY-5386,3
GLYOXI-RXN,METHGLYUT-PWY,6
GLYOXI-RXN,PWY-5386-1,3
RXN0-366,PWY-6606,4
RXN0-366,PWY-5044,9
RXN0-366,PWY-6599,2
RXN0-366,P165-PWY,15
RXN0-366,PWY-6595,5
RXN0-363,PWY-5044,9
RXN0-363,PWY-6607,3
RXN0-363,P165-PWY,15
RXN0-363,PWY-6596,6
RXN0-363,PWY-6595,5
THIOREDOXIN-REDUCT-NADPH-RXN,THIOREDOX-PWY,1
LYSINE--TRNA-LIGASE-RXN,TRNA-CHARGING-PWY,21
RXN-9160,PWY-5834,1
RXN-9160,PWY-5823,4
RXN-18846,PWY-7913,3
RXN18C3-14,PWY18C3-5,1
RXN-13603,PWY-7092,2
RXN-13602,PWY-7091,2
RXN-8036,PWY-5176,1
RXN-5341,PWY-7091,2
RXN-5341,PWY-3121,1
RXN-10773,PWY-6788,3
RXN-9674,PWY-6002,1
RXN-9674,PWY-7092,2
PMPOXI-RXN,PLPSAL-PWY,6
PMPOXI-RXN,PWY0-845,11
PMPOXI-RXN,PWY-7204,9
PNPOXI-RXN,PWY-7282,5
PNPOXI-RXN,PLPSAL-PWY,6
PNPOXI-RXN,PYRIDOXSYN-PWY,6
PNPOXI-RXN,PWY0-845,11
PNPOXI-RXN,PWY-7204,9
FORMATE-DEHYDROGENASE-NADP+-RXN,CODH-PWY,5
FORMATE-DEHYDROGENASE-NADP+-RXN,PWY-6146,46
FORMATE-DEHYDROGENASE-NADP+-RXN,PWY-5372,1
1.2.1.2-RXN,PWY-1881,1
1.2.1.2-RXN,PWY-6696,2
1.2.1.2-RXN,P164-PWY,7
1.2.1.2-RXN,PWY-1882,10
1.2.1.2-RXN,PWY-7985,3
1.2.1.2-RXN,PWY-5497,15
RXN66-534,PWY66-426,5
RXN-19038,PWY66-426,5
RXN-19038,PWY-8359,1
RXN66-562,PWY66-426,5
CYSTATHIONINE-BETA-SYNTHASE-RXN,PWY-6293,5
CYSTATHIONINE-BETA-SYNTHASE-RXN,PWY-801,3
CYSTATHIONINE-BETA-SYNTHASE-RXN,PWY-821,9
CYSTATHIONINE-BETA-SYNTHASE-RXN,PWY-5328,11
CYSTATHIONINE-BETA-SYNTHASE-RXN,PWY-6292,3
CYSTATHIONINE-BETA-SYNTHASE-RXN,HOMOCYSDEGR-PWY,2
O-SUCCHOMOSERLYASE-RXN,PWY-5347,8
O-SUCCHOMOSERLYASE-RXN,PWY-6293,5
O-SUCCHOMOSERLYASE-RXN,PWY0-781,24
O-SUCCHOMOSERLYASE-RXN,MET-SAM-PWY,8
O-SUCCHOMOSERLYASE-RXN,PWY-801,3
O-SUCCHOMOSERLYASE-RXN,PWY-821,9
O-SUCCHOMOSERLYASE-RXN,P4-PWY,17
O-SUCCHOMOSERLYASE-RXN,HOMOSER-METSYN-PWY,4
RXN0-5183,GLYCOCAT-PWY,8
RXN-15910,PWY-842,1
RXN-16117,PWY-6453,3
RXN-20564,PWY-8055,5
RXN-1381,PHOSLIPSYN2-PWY,18
RXN-1381,PHOSLIPSYN-PWY,12
RXN-1381,PWY4FS-8,6
RXN-1381,PWY-5667,4
RXN-1381,TRIGLSYN-PWY,4
RXN-15045,PWY-7411,3
RXN-16024,PWY-7596,4
RXN-16024,PWY-7587,2
RXN-10462,PHOSLIPSYN2-PWY,18
RXN-10462,PWY0-1319,4
RXN-10462,PWY-8401,11
RXN-10462,PHOSLIPSYN-PWY,12
RXN-10462,PWY4FS-7,6
RXN-20513,PWY-8053,7
RXN-20513,PWY-8051,11
PABASYN-RXN,ALL-CHORISMATE-PWY,48
PABASYN-RXN,PWY-7575,4
PABASYN-RXN,PWY-6612,9
PABASYN-RXN,FOLSYN-PWY,11
PABASYN-RXN,PWY-6543,2
PABASYN-RXN,PWY-8032,1
ADCLY-RXN,ALL-CHORISMATE-PWY,48
ADCLY-RXN,PWY-7575,4
ADCLY-RXN,PWY-6612,9
ADCLY-RXN,FOLSYN-PWY,11
ADCLY-RXN,PWY-8276,1
ADCLY-RXN,PWY-6543,2
23-DIMETHYLMALATE-LYASE-RXN,PWY-5055,7
23-DIMETHYLMALATE-LYASE-RXN,PWY-5062,13
RXN-12184,PWY-6733,12
RXN-9623,PWY-8279,28
RXN-9623,PWY-5156,40
RXN-9623,PWY3DJ-11470,6
RXN-9623,PWY-7119,10
RXN-9623,PWY-5972,3
RXN-9623,PWY-6285,50
RXN-9623,PWY-5971,30
RXN-21443,PWY-5710,2
RXN-13614,PWY-7094,5
RXN66-477,PWY66-388,3
RXN-16393,PWY-5156,40
RXN-16393,PWY-6285,50
RXN-16393,PWY-5971,30
RXN-19751,PWY3DJ-11470,6
RXN-16389,PWY-1121,8
RXN-16389,PWY-6733,12
RXN-16389,PWY-321,3
RXN-9673,PWY-7592,2
RXN-9673,PWY-6000,2
LINOLENOYL-RXN,PWY-7724,1
LINOLENOYL-RXN,PWY-7049,2
R223-RXN,PWY-6920,4
R223-RXN,P221-PWY,4
RXN-9644,PWY-5156,40
RXN-9644,PWY-5147,2
RXN-9644,PWY0-1337,29
RXN-9644,PWY-6001,1
RXN-16402,PWY-6733,12
RXN66-469,PWY66-387,3
RXN-16401,PWY-6733,12
RXN66-480,PWY66-389,4
RXN-16380,PWY-5156,40
RXN-16380,PWY-8280,5
RXN-16380,PWY-5989,5
RXN66-483,PWY66-387,3
RXN-7904,PWY-5143,1
RXN-7904,PWY-6873,3
RXN-7904,PWY-7033,1
RXN-7904,PWY-6803,3
RXN-20651,PWY-7119,10
RXN-16418,PWY-1121,8
RXN-17738,PWY-7783,6
RXN-17737,PWY-7783,6
RXN-20534,PWY-8052,2
RXN-17734,PWY-7782,8
PHOSPHOLIPASE-C-RXN,LIPASYN-PWY,4
RXN-15635,PWY-6654,4
3-CH3-2-OXOBUTANOATE-OH-CH3-XFER-RXN,PWY-4221,12
3-CH3-2-OXOBUTANOATE-OH-CH3-XFER-RXN,PANTOSYN-PWY,9
3-CH3-2-OXOBUTANOATE-OH-CH3-XFER-RXN,PANTO-PWY,4
PANTOATE-BETA-ALANINE-LIG-RXN,PWY-4221,12
PANTOATE-BETA-ALANINE-LIG-RXN,PANTOSYN-PWY,9
PANTOATE-BETA-ALANINE-LIG-RXN,PANTO-PWY,4
RXN-14429,PWY-7255,4
5.5.1.2-RXN,PWY-5431,9
5.5.1.2-RXN,PROTOCATECHUATE-ORTHO-CLEAVAGE-PWY,4
5.5.1.2-RXN,PWY-5183,23
5.5.1.2-RXN,PWY-2504,31
5.5.1.2-RXN,PWY-5181,8
RXN-10083,PWY-6185,4
3-OXOADIPATE-ENOL-LACTONASE-RXN,CATECHOL-ORTHO-CLEAVAGE-PWY,4
3-OXOADIPATE-ENOL-LACTONASE-RXN,PWY-5431,9
3-OXOADIPATE-ENOL-LACTONASE-RXN,PWY-6182,7
3-OXOADIPATE-ENOL-LACTONASE-RXN,PROTOCATECHUATE-ORTHO-CLEAVAGE-PWY,4
3-OXOADIPATE-ENOL-LACTONASE-RXN,PWY-5417,6
3-OXOADIPATE-ENOL-LACTONASE-RXN,PWY-5183,23
3-OXOADIPATE-ENOL-LACTONASE-RXN,PWY-2504,31
3-OXOADIPATE-ENOL-LACTONASE-RXN,PWY-6957,17
3-OXOADIPATE-ENOL-LACTONASE-RXN,PWY-5181,8
4-CARBOXYMUCONOLACTONE-DECARBOXYLASE-RXN,PWY-5431,9
4-CARBOXYMUCONOLACTONE-DECARBOXYLASE-RXN,PROTOCATECHUATE-ORTHO-CLEAVAGE-PWY,4
4-CARBOXYMUCONOLACTONE-DECARBOXYLASE-RXN,PWY-5183,23
4-CARBOXYMUCONOLACTONE-DECARBOXYLASE-RXN,PWY-2504,31
4-CARBOXYMUCONOLACTONE-DECARBOXYLASE-RXN,PWY-5181,8
DALADALALIG-RXN,PWY-6385,10
DALADALALIG-RXN,PWY-5265,13
DALADALALIG-RXN,PEPTIDOGLYCANSYN-PWY,10
DALADALALIG-RXN,PWY-7953,6
DALADALALIG-RXN,PWY-6470,11
DALADALALIG-RXN,PWY-6471,11
DALADALALIG-RXN,PWY-6387,8
DALADALALIG-RXN,PWY-6386,7
GPPSYN-RXN,ALL-CHORISMATE-PWY,48
GPPSYN-RXN,PWY-7156,14
GPPSYN-RXN,UBISYN-PWY,9
GPPSYN-RXN,PWY-7736,3
GPPSYN-RXN,PWY-6383,4
GPPSYN-RXN,PWY-7709,1
GPPSYN-RXN,PWY-7659,1
GPPSYN-RXN,PWY-5123,2
GPPSYN-RXN,PWY-5121,12
GPPSYN-RXN,PWY-7102,3
GPPSYN-RXN,POLYISOPRENSYN-PWY,5
GPPSYN-RXN,ERGOSTEROL-SYN-PWY,15
GPPSYN-RXN,PWY-6146,46
GPPSYN-RXN,PWY-5910,10
GPPSYN-RXN,PWY-7410,1
GPPSYN-RXN,PWY-7182,1
GPPSYN-RXN,PWY-6859,3
GPPSYN-RXN,PWY-7141,1
GPPSYN-RXN,PWY-5122,1
GPPSYN-RXN,PWY-6404,24
GPPSYN-RXN,PWY66-5,19
GPPSYN-RXN,PWY-7392,12
GPPSYN-RXN,PWY2OL-4,1
FPPSYN-RXN,ALL-CHORISMATE-PWY,48
FPPSYN-RXN,PWY-7156,14
FPPSYN-RXN,UBISYN-PWY,9
FPPSYN-RXN,PWY-7736,3
FPPSYN-RXN,PWY-5123,2
FPPSYN-RXN,PWY-5121,12
FPPSYN-RXN,PWY-7102,3
FPPSYN-RXN,POLYISOPRENSYN-PWY,5
FPPSYN-RXN,ERGOSTEROL-SYN-PWY,15
FPPSYN-RXN,PWY-6146,46
FPPSYN-RXN,PWY-5910,10
FPPSYN-RXN,PWY-7721,2
FPPSYN-RXN,PWY-6859,3
FPPSYN-RXN,PWY66-5,19
FPPSYN-RXN,PWY-7392,12
FARNESYLTRANSTRANSFERASE-RXN,PWY-7492,1
FARNESYLTRANSTRANSFERASE-RXN,PWY-7736,3
FARNESYLTRANSTRANSFERASE-RXN,PWY-5121,12
FARNESYLTRANSTRANSFERASE-RXN,PWY-7517,1
FARNESYLTRANSTRANSFERASE-RXN,PWY-6146,46
FARNESYLTRANSTRANSFERASE-RXN,PWY-7720,1
FARNESYLTRANSTRANSFERASE-RXN,PWY-5120,1
FARNESYLTRANSTRANSFERASE-RXN,PWY-5910,10
FARNESYLTRANSTRANSFERASE-RXN,PWY-6691,1
FARNESYLTRANSTRANSFERASE-RXN,PWY-7721,2
FARNESYLTRANSTRANSFERASE-RXN,PWY-5863,8
FARNESYLTRANSTRANSFERASE-RXN,PWY-7392,12
FARNESYLTRANSTRANSFERASE-RXN,PWY-6659,1
DXS-RXN,THISYN-PWY,9
DXS-RXN,PWY-7156,14
DXS-RXN,PWY-6891,4
DXS-RXN,PWY-6895,8
DXS-RXN,PWY-5121,12
DXS-RXN,NONMEVIPP-PWY,9
DXS-RXN,PYRIDOXSYN-PWY,6
DXS-RXN,PWY0-845,11
DXS-RXN,PWY-6270,9
DXS-RXN,PWY-7560,9
DXS-RXN,PWY-7392,12
DXS-RXN,PWY-6892,5
NAD-KIN-RXN,PWY-7245,7
NAD-KIN-RXN,PWY-7269,4
NAD-KIN-RXN,NADPHOS-DEPHOS-PWY,2
NAD-KIN-RXN,NADPHOS-DEPHOS-PWY-1,1
NAD-KIN-RXN,PWY-8148,1
NAD-KIN-RXN,PWY-7268,4
NAD-KIN-RXN,PWY-5083,3
CTPSYN-RXN,PWY-7211,18
CTPSYN-RXN,PWY-7177,1
CTPSYN-RXN,PRPP-PWY,42
CTPSYN-RXN,PWY-7176,3
CTPSYN-RXN,PWY-7185,5
CTPSYN-RXN,PWY-7208,4
CTPSYN-RXN,PWY-7196,10
CTPSYN-RXN,PWY0-162,9
RXN-21295,PWY-8168,1
RXN0-262,PWY-5964,1
FORMATETHFLIG-RXN,CODH-PWY,5
FORMATETHFLIG-RXN,PWY-1722,3
FORMATETHFLIG-RXN,PWY-6146,46
FORMATETHFLIG-RXN,PWY-8480,6
FORMATETHFLIG-RXN,PWY-8303,7
FORMATETHFLIG-RXN,PWY-2161,5
FORMATETHFLIG-RXN,PWY-2201,9
FORMATETHFLIG-RXN,PWY-3841,8
SARCOX-RXN,PWY-4722,5
SARCOX-RXN,PWY-3661,4
SARCOX-RXN,CRNFORCAT-PWY,4
RXN-10837,PWY-7769,3
RXN-10837,PWY-6322,3
THIOSULFATE-SULFURTRANSFERASE-RXN,PWY-5350,1
RXN-19040,PWY-7927,2
MERCAPYSTRANS-RXN,PWY-5329,1
ORNITHINE-CYCLODEAMINASE-RXN,ORN-AMINOPENTANOATE-CAT-PWY,1
ORNITHINE-CYCLODEAMINASE-RXN,ARG-GLU-PWY,2
ORNITHINE-CYCLODEAMINASE-RXN,PWY-4981,1
THREDEHYD-RXN,PWY66-428,1
THREDEHYD-RXN,PWY-8443,2
RXN-17500,PWY-7765,4
KYNURENINASE-RXN,TRPCAT-PWY,3
KYNURENINASE-RXN,PWY-6954,33
KYNURENINASE-RXN,PWY-6505,12
KYNURENINASE-RXN,PWY-6309,10
KYNURENINASE-RXN,PWY-2504,31
3-HYDROXY-KYNURENINASE-RXN,PWY-3502,11
3-HYDROXY-KYNURENINASE-RXN,PWY-5651,5
3-HYDROXY-KYNURENINASE-RXN,NADSYN-PWY,8
3-HYDROXY-KYNURENINASE-RXN,PWY-6309,10
3-HYDROXY-KYNURENINASE-RXN,PWY-5655,12
3-HYDROXY-KYNURENINASE-RXN,TRYPTOPHAN-DEGRADATION-1,10
RXN-10819,BENZCOA-PWY,12
RXN-10819,PWY-7716,1
RXN-10819,PWY-1341,4
RXN-10819,PWY-6318,6
RXN-10819,PWY0-321,9
RXN-10819,PWY-6071,11
ANTHRANILOYL-COA-MONOOXYGENASE-RXN,PWY-6077,2
3PGAREARR-RXN,PWY-5723,10
3PGAREARR-RXN,ANAGLYCOLYSIS-PWY,11
3PGAREARR-RXN,PWY-7003,12
3PGAREARR-RXN,PWY-6142,15
3PGAREARR-RXN,GLYCOLYSIS,12
3PGAREARR-RXN,PWY-1042,7
3PGAREARR-RXN,ANAEROFRUCAT-PWY,12
3PGAREARR-RXN,PWY-5484,11
3PGAREARR-RXN,HEXITOLDEGSUPER-PWY,16
3PGAREARR-RXN,P461-PWY,19
3PGAREARR-RXN,PWY-7218,19
3PGAREARR-RXN,PWY-6146,46
3PGAREARR-RXN,PWY-7345,18
3PGAREARR-RXN,P341-PWY,9
3PGAREARR-RXN,PWY-8404,10
3PGAREARR-RXN,PWY-6901,17
3PGAREARR-RXN,PWY-8362,6
3PGAREARR-RXN,P124-PWY,15
3PGAREARR-RXN,PWY-7124,19
3PGAREARR-RXN,PWY-6886,19
3PGAREARR-RXN,PWY-2221,9
3PGAREARR-RXN,GLYCOLYSIS-TCA-GLYOX-BYPASS,21
3PGAREARR-RXN,GLUCONEO-PWY,13
3PGAREARR-RXN,GLYCOLYSIS-E-D,16
3PGAREARR-RXN,PWY-5464,16
3PGAREARR-RXN,P441-PWY,21
4.4.1.19-RXN,P261-PWY,4
PREPHENATEDEHYDRAT-RXN,ALL-CHORISMATE-PWY,48
PREPHENATEDEHYDRAT-RXN,PWY-6628,10
PREPHENATEDEHYDRAT-RXN,PHESYN,3
PREPHENATEDEHYDRAT-RXN,PWY-7432,2
PREPHENATEDEHYDRAT-RXN,COMPLETE-ARO-PWY,17
CHORISMATEMUT-RXN,PWY-3462,4
CHORISMATEMUT-RXN,ALL-CHORISMATE-PWY,48
CHORISMATEMUT-RXN,PWY-7626,6
CHORISMATEMUT-RXN,PWY-6628,10
CHORISMATEMUT-RXN,PHESYN,3
CHORISMATEMUT-RXN,PWY-3461,4
CHORISMATEMUT-RXN,PWY-3481,5
CHORISMATEMUT-RXN,TYRSYN,3
CHORISMATEMUT-RXN,PWY-6120,4
CHORISMATEMUT-RXN,COMPLETE-ARO-PWY,17
CHORISMATEMUT-RXN,PWY-6630,10
CHORISMATEMUT-RXN,PWY-6627,3
GTP-CYCLOHYDRO-I-RXN,ALL-CHORISMATE-PWY,48
GTP-CYCLOHYDRO-I-RXN,PWY-7852,3
GTP-CYCLOHYDRO-I-RXN,PWY-6147,4
GTP-CYCLOHYDRO-I-RXN,PWY-6612,9
GTP-CYCLOHYDRO-I-RXN,PWY-6703,4
GTP-CYCLOHYDRO-I-RXN,PWY0-1433,2
GTP-CYCLOHYDRO-I-RXN,FOLSYN-PWY,11
GTP-CYCLOHYDRO-I-RXN,PWY-7442,4
GTP-CYCLOHYDRO-I-RXN,PWY-5663,2
GTP-CYCLOHYDRO-I-RXN,PWY-6983,2
RXN-9031,PWY-5770,3
RXN-23012,PWY-8355,9
RXN-23014,PWY-8355,9
RXN-9157,PWY-5826,2
RXN-6601,PWY-4041,5
RXN66-336,PWY66-375,2
RXN-23017,PWY-8355,9
RXN-19604,PWY-8301,1
RXN-19574,PWY-8588,2
RXN-19574,PWYQT-4477,2
RXN-13675,PWY-7112,2
RXN-12618,PWY-7559,1
RXN-6641,PWY-6842,2
RXN-6641,PWY-4061,3
RXN-19732,PWY-8001,2
GUANIDINOBUTANAMIDE-NH3-RXN,PWY-8532,1
GUANIDINOBUTANAMIDE-NH3-RXN,ARGDEG-V-PWY,2
RXNN-404,PWY-5025,2
RXNN-404,PWY-3161,2
RXNN-404,PWY-581,6
R311-RXN,PWY-7308,2
R311-RXN,P344-PWY,3
FORMAMIDASE-RXN,PWY-7142,1
CHD-RXN,BETSYN-PWY,2
CHD-RXN,P542-PWY,3
CHD-RXN,CHOLINE-BETAINE-ANA-PWY,2
SULFATE-ADENYLYLTRANS-RXN,PWY-5345,12
SULFATE-ADENYLYLTRANS-RXN,SO4ASSIM-PWY,4
SULFATE-ADENYLYLTRANS-RXN,PWY-5306,2
SULFATE-ADENYLYLTRANS-RXN,PWY1ZNC-1,4
SULFATE-ADENYLYLTRANS-RXN,PWY-821,9
SULFATE-ADENYLYLTRANS-RXN,PWY-5340,2
SULFATE-ADENYLYLTRANS-RXN,PWY-5308,3
SULFATE-ADENYLYLTRANS-RXN,PWY-6676,4
SULFATE-ADENYLYLTRANS-RXN,SULFMETII-PWY,3
SULFATE-ADENYLYLTRANS-RXN,SULFATE-CYS-PWY,9
SULFATE-ADENYLYLTRANS-RXN,PWY-5278,2
SULFATE-ADENYLYLTRANS-RXN,DISSULFRED-PWY,2
SULFATE-ADENYLYLTRANS-RXN,PWY-6683,3
RXN-12720,PWY-6932,2
RXN-12720,PWY-6395,7
RXN-12019,PWY-6683,3
1.8.4.8-RXN,PWY-5345,12
1.8.4.8-RXN,SO4ASSIM-PWY,4
1.8.4.8-RXN,PWY1ZNC-1,4
1.8.4.8-RXN,PWY-821,9
1.8.4.8-RXN,SULFATE-CYS-PWY,9
FERREDOXIN--NITRITE-REDUCTASE-RXN,PWY490-3,2
FERREDOXIN--NITRITE-REDUCTASE-RXN,PWY-381,2
SULFITE-REDUCT-RXN,PWY-5345,12
SULFITE-REDUCT-RXN,SO4ASSIM-PWY,4
SULFITE-REDUCT-RXN,PWY-821,9
SULFITE-REDUCT-RXN,SULFATE-CYS-PWY,9
SULFITE-REDUCT-RXN,PWY-6683,3
RXN0-5055,PWY-6722,1
RXN0-5055,PWY-5156,40
RXN0-5055,PWY-5744,9
RXN0-5055,PWY0-1264,3
RXN0-5055,PWY-7575,4
RXN0-5055,PWY-5789,10
RXN0-5055,PWY-6285,50
RXN0-5055,PWY-5743,9
RXN0-5055,PWY-7024,14
RXN0-5055,PWY-4381,3
RXN0-5055,FASYN-INITIAL-PWY,4
PROPIONYL-COA-CARBOXY-RXN,PWY-5130,3
PROPIONYL-COA-CARBOXY-RXN,PWY-7384,8
PROPIONYL-COA-CARBOXY-RXN,PWY-5328,11
PROPIONYL-COA-CARBOXY-RXN,PWY-5789,10
PROPIONYL-COA-CARBOXY-RXN,PROPIONMET-PWY,3
PROPIONYL-COA-CARBOXY-RXN,PWY-6728,16
PROPIONYL-COA-CARBOXY-RXN,PWY-5743,9
PROPIONYL-COA-CARBOXY-RXN,PWY-7024,14
PROPIONYL-COA-CARBOXY-RXN,PWY-7389,15
RXN1G-4355,PWY-6113,82
RXN1G-4355,PWYG-321,51
GALPMUT-RXN,OANTIGEN-PWY,10
GALPMUT-RXN,PWY-7328,6
GALPMUT-RXN,PWY-6397,7
GALPMUT-RXN,PWY-6404,24
GALPMUT-RXN,PWY-7622,2
KYNURENINE-3-MONOOXYGENASE-RXN,PWY-7765,4
KYNURENINE-3-MONOOXYGENASE-RXN,PWY-3502,11
KYNURENINE-3-MONOOXYGENASE-RXN,PWY-7717,3
KYNURENINE-3-MONOOXYGENASE-RXN,PWY-5651,5
KYNURENINE-3-MONOOXYGENASE-RXN,NADSYN-PWY,8
KYNURENINE-3-MONOOXYGENASE-RXN,PWY-6309,10
KYNURENINE-3-MONOOXYGENASE-RXN,PWY-5655,12
KYNURENINE-3-MONOOXYGENASE-RXN,TRYPTOPHAN-DEGRADATION-1,10
PHENYLALANINE--TRNA-LIGASE-RXN,TRNA-CHARGING-PWY,21
N-ACETYLGLUTPREDUCT-RXN,PWY-5154,9
N-ACETYLGLUTPREDUCT-RXN,GLUTORN-PWY,5
N-ACETYLGLUTPREDUCT-RXN,ARGSYN-PWY,9
N-ACETYLGLUTPREDUCT-RXN,ARGSYNBSUB-PWY,10
N-ACETYLGLUTPREDUCT-RXN,ARG+POLYAMINE-SYN,16
N-ACETYLTRANSFER-RXN,PWY-5154,9
N-ACETYLTRANSFER-RXN,GLUTORN-PWY,5
N-ACETYLTRANSFER-RXN,ARGSYN-PWY,9
N-ACETYLTRANSFER-RXN,ARGSYNBSUB-PWY,10
N-ACETYLTRANSFER-RXN,ARG+POLYAMINE-SYN,16
GLUTAMATE-N-ACETYLTRANSFERASE-RXN,ARGSYNBSUB-PWY,10
ACETYLGLUTKIN-RXN,PWY-5154,9
ACETYLGLUTKIN-RXN,GLUTORN-PWY,5
ACETYLGLUTKIN-RXN,ARGSYN-PWY,9
ACETYLGLUTKIN-RXN,ARGSYNBSUB-PWY,10
ACETYLGLUTKIN-RXN,ARG+POLYAMINE-SYN,16
ACETYLORNTRANSAM-RXN,PWY-5154,9
ACETYLORNTRANSAM-RXN,GLUTORN-PWY,5
ACETYLORNTRANSAM-RXN,ARGSYN-PWY,9
ACETYLORNTRANSAM-RXN,ARGSYNBSUB-PWY,10
ACETYLORNTRANSAM-RXN,ARG+POLYAMINE-SYN,16
SUCCINYLDIAMINOPIMTRANS-RXN,PWY0-781,24
SUCCINYLDIAMINOPIMTRANS-RXN,DAPLYSINESYN-PWY,9
SUCCINYLDIAMINOPIMTRANS-RXN,P4-PWY,17
ARGSUCCINSYN-RXN,PWY-4984,4
ARGSUCCINSYN-RXN,PWY2PN3-13,4
ARGSUCCINSYN-RXN,PWY-5154,9
ARGSUCCINSYN-RXN,PWY-5004,9
ARGSUCCINSYN-RXN,PWY-4983,2
ARGSUCCINSYN-RXN,ARGSYN-PWY,9
ARGSUCCINSYN-RXN,PWY-7400,4
ARGSUCCINSYN-RXN,ARGSYNBSUB-PWY,10
ARGSUCCINSYN-RXN,ARG+POLYAMINE-SYN,16
RXN-10,PWY-5,2
ALPHAALPHA-TREHALOSE-PHOSPHORYLASE-RXN,PWY-2722,3
RXN0-1134,PYRUVDEHYD-PWY,3
RXN0-1134,PWY-5464,16
RXN0-1133,PYRUVDEHYD-PWY,3
RXN0-1133,PWY-5464,16
GLURS-RXN,PWY-5918,9
GLURS-RXN,PWY-5188,6
GLURS-RXN,P381-PWY,26
GLURS-RXN,PWY-5507,25
GLURS-RXN,TRNA-CHARGING-PWY,21
ACSERLY-RXN,CYSTSYN-PWY,2
ACSERLY-RXN,SULFATE-CYS-PWY,9
RXN-12726,PWY-6936,3
RXN-12726,PWY-6395,7
CHORISMATE-SYNTHASE-RXN,ALL-CHORISMATE-PWY,48
CHORISMATE-SYNTHASE-RXN,PWY-6163,5
CHORISMATE-SYNTHASE-RXN,PWY-6629,12
CHORISMATE-SYNTHASE-RXN,PWY-6628,10
CHORISMATE-SYNTHASE-RXN,PWY-6165,9
CHORISMATE-SYNTHASE-RXN,ARO-PWY,7
CHORISMATE-SYNTHASE-RXN,COMPLETE-ARO-PWY,17
CHORISMATE-SYNTHASE-RXN,PWY-6630,10
SHIKIMATE-KINASE-RXN,ALL-CHORISMATE-PWY,48
SHIKIMATE-KINASE-RXN,PWY-6163,5
SHIKIMATE-KINASE-RXN,PWY-6629,12
SHIKIMATE-KINASE-RXN,PWY-6628,10
SHIKIMATE-KINASE-RXN,PWY-6165,9
SHIKIMATE-KINASE-RXN,ARO-PWY,7
SHIKIMATE-KINASE-RXN,COMPLETE-ARO-PWY,17
SHIKIMATE-KINASE-RXN,PWY-6630,10
3-DEHYDROQUINATE-SYNTHASE-RXN,ALL-CHORISMATE-PWY,48
3-DEHYDROQUINATE-SYNTHASE-RXN,PWY-6629,12
3-DEHYDROQUINATE-SYNTHASE-RXN,PWY-6628,10
3-DEHYDROQUINATE-SYNTHASE-RXN,ARO-PWY,7
3-DEHYDROQUINATE-SYNTHASE-RXN,COMPLETE-ARO-PWY,17
3-DEHYDROQUINATE-SYNTHASE-RXN,PWY-6164,2
3-DEHYDROQUINATE-SYNTHASE-RXN,PWY-6630,10
3-DEHYDROQUINATE-DEHYDRATASE-RXN,ALL-CHORISMATE-PWY,48
3-DEHYDROQUINATE-DEHYDRATASE-RXN,PWY-6163,5
3-DEHYDROQUINATE-DEHYDRATASE-RXN,PWY-6629,12
3-DEHYDROQUINATE-DEHYDRATASE-RXN,PWY-6416,2
3-DEHYDROQUINATE-DEHYDRATASE-RXN,PWY-6628,10
3-DEHYDROQUINATE-DEHYDRATASE-RXN,PWY-6165,9
3-DEHYDROQUINATE-DEHYDRATASE-RXN,PWY-6954,33
3-DEHYDROQUINATE-DEHYDRATASE-RXN,ARO-PWY,7
3-DEHYDROQUINATE-DEHYDRATASE-RXN,COMPLETE-ARO-PWY,17
3-DEHYDROQUINATE-DEHYDRATASE-RXN,PWY-2504,31
3-DEHYDROQUINATE-DEHYDRATASE-RXN,PWY-6630,10
3-DEHYDROQUINATE-DEHYDRATASE-RXN,QUINATEDEG-PWY,3
3-DEHYDROQUINATE-DEHYDRATASE-RXN,PWY-6707,1
GLYOXII-RXN,PWY-5386,3
GLYOXII-RXN,METHGLYUT-PWY,6
GLYOXII-RXN,PWY-5386-1,3
DIAMINOPIMEPIM-RXN,PWY-724,12
DIAMINOPIMEPIM-RXN,PWY0-781,24
DIAMINOPIMEPIM-RXN,DAPLYSINESYN-PWY,9
DIAMINOPIMEPIM-RXN,PWY-2941,7
DIAMINOPIMEPIM-RXN,P4-PWY,17
DIAMINOPIMEPIM-RXN,PWY-5097,7
2.4.1.109-RXN,PWY-7921,2
2.4.1.109-RXN,PWY-7922,2
2.4.1.109-RXN,PWY-7979,2
RXN0-6274,PWY-2781,1
4-HYDROXYBENZOATE-3-MONOOXYGENASE-RXN,PWY-7757,1
4-HYDROXYBENZOATE-3-MONOOXYGENASE-RXN,PWY-8486,1
4-HYDROXYBENZOATE-3-MONOOXYGENASE-RXN,PWY-7934,2
4-HYDROXYBENZOATE-3-MONOOXYGENASE-RXN,PWY-6954,33
4-HYDROXYBENZOATE-3-MONOOXYGENASE-RXN,PWY-7700,1
4-HYDROXYBENZOATE-3-MONOOXYGENASE-RXN,PWY-5183,23
4-HYDROXYBENZOATE-3-MONOOXYGENASE-RXN,PWY-2504,31
4-HYDROXYBENZOATE-3-MONOOXYGENASE-RXN,4-HYDROXYMANDELATE-DEGRADATION-PWY,3
4-HYDROXYBENZOATE-3-MONOOXYGENASE-RXN,PWY-6215,2
4-HYDROXYBENZOATE-3-MONOOXYGENASE-RXN,PWY-8002,3
4-HYDROXYBENZOATE-3-MONOOXYGENASE-RXN,PWY-8473,7
4-HYDROXYBENZOATE-3-MONOOXYGENASE-RXN,PWY-7935,2
4-HYDROXYBENZOATE-3-MONOOXYGENASE-RXN,PWY-5181,8
DIHYDRODIPICSYN-RXN,PWY-724,12
DIHYDRODIPICSYN-RXN,PWY-2942,6
DIHYDRODIPICSYN-RXN,PWY0-781,24
DIHYDRODIPICSYN-RXN,DAPLYSINESYN-PWY,9
DIHYDRODIPICSYN-RXN,PWY-2941,7
DIHYDRODIPICSYN-RXN,P4-PWY,17
DIHYDRODIPICSYN-RXN,PWY-8088,3
DIHYDRODIPICSYN-RXN,PWY-5097,7
PROLINE-RACEMASE-RXN,PWY-8186,2
INORGPYROPHOSPHAT-RXN,PWY-7805,7
INORGPYROPHOSPHAT-RXN,PWY-7807,7
2.7.9.3-RXN,PWY-6281,2
2.7.9.3-RXN,PWY0-901,3
BUTYRYL-COA-DEHYDROGENASE-RXN,PWY0-1337,29
BUTYRYL-COA-DEHYDROGENASE-RXN,PWY-8568,19
RXN-21769,PWY-8182,7
PROPCOASYN-RXN,PWY-4221,12
PROPCOASYN-RXN,PWY-3941,5
RXN-12561,PWY-7948,4
RXN-12561,PWY-8182,7
RXN-14277,PWY0-1337,29
RXN-14277,PWY-8542,20
RXN-14277,PWY-8568,19
RXN-14274,PWY0-1337,29
RXN-14274,PWY-8542,20
RXN-14274,PWY-8568,19
ACETYL-COA-ACETYLTRANSFER-RXN,PWY-922,7
ACETYL-COA-ACETYLTRANSFER-RXN,PWY66-368,3
ACETYL-COA-ACETYLTRANSFER-RXN,PWY-7391,7
ACETYL-COA-ACETYLTRANSFER-RXN,PWY-7524,5
ACETYL-COA-ACETYLTRANSFER-RXN,PWY-7003,12
ACETYL-COA-ACETYLTRANSFER-RXN,PWY-6174,6
ACETYL-COA-ACETYLTRANSFER-RXN,PWY-6604,12
ACETYL-COA-ACETYLTRANSFER-RXN,ERGOSTEROL-SYN-PWY,15
ACETYL-COA-ACETYLTRANSFER-RXN,PWY66-367,5
ACETYL-COA-ACETYLTRANSFER-RXN,PWY-7216,3
ACETYL-COA-ACETYLTRANSFER-RXN,PWY-7218,19
ACETYL-COA-ACETYLTRANSFER-RXN,PWY-8125,6
ACETYL-COA-ACETYLTRANSFER-RXN,PWY-6146,46
ACETYL-COA-ACETYLTRANSFER-RXN,PWY-6583,4
ACETYL-COA-ACETYLTRANSFER-RXN,GLUDEG-II-PWY,6
ACETYL-COA-ACETYLTRANSFER-RXN,PWY-6883,3
ACETYL-COA-ACETYLTRANSFER-RXN,P163-PWY,9
ACETYL-COA-ACETYLTRANSFER-RXN,PWY-5789,10
ACETYL-COA-ACETYLTRANSFER-RXN,PWY-5177,2
ACETYL-COA-ACETYLTRANSFER-RXN,PWY-5910,10
ACETYL-COA-ACETYLTRANSFER-RXN,P162-PWY,6
ACETYL-COA-ACETYLTRANSFER-RXN,PWY-5184,5
ACETYL-COA-ACETYLTRANSFER-RXN,PWY0-1337,29
ACETYL-COA-ACETYLTRANSFER-RXN,PWY-6590,6
ACETYL-COA-ACETYLTRANSFER-RXN,PWY1-3,2
ACETYL-COA-ACETYLTRANSFER-RXN,PWY-5327,22
ACETYL-COA-ACETYLTRANSFER-RXN,PWY-8542,20
ACETYL-COA-ACETYLTRANSFER-RXN,PWY-6886,19
ACETYL-COA-ACETYLTRANSFER-RXN,PWY-5676,6
ACETYL-COA-ACETYLTRANSFER-RXN,PWY-7778,7
ACETYL-COA-ACETYLTRANSFER-RXN,ACETOACETATE-DEG-PWY,2
ACETYL-COA-ACETYLTRANSFER-RXN,PWY-8425,4
ACETYL-COA-ACETYLTRANSFER-RXN,PWY-5741,11
ACETYL-COA-ACETYLTRANSFER-RXN,PWY-6863,7
ACETYL-COA-ACETYLTRANSFER-RXN,PWY-6588,5
ACETYL-COA-ACETYLTRANSFER-RXN,PWY66-5,19
ACETYL-COA-ACETYLTRANSFER-RXN,PWY-7402,6
ACETYL-COA-ACETYLTRANSFER-RXN,CENTFERM-PWY,4
ACETYL-COA-ACETYLTRANSFER-RXN,PWY-8568,19
ACETYL-COA-ACETYLTRANSFER-RXN,TRYPTOPHAN-DEGRADATION-1,10
ACETYL-COA-ACETYLTRANSFER-RXN,PWY-7779,6
ACETYL-COA-ACETYLTRANSFER-RXN,PWY-6876,3
ACETYL-COA-ACETYLTRANSFER-RXN,PWY-6594,9
ACETYL-COA-ACETYLTRANSFER-RXN,PWY-7401,5
ACETYL-COA-ACETYLTRANSFER-RXN,PWY-8058,3
RXN-13617,PWY-7094,5
RXN-13617,PWY0-1337,29
RXN-13617,PWY-8542,20
RXN-13617,PWY-8568,19
RXN-12565,PWY0-1337,29
RXN-12565,PWY-8542,20
RXN-12565,PWY-6863,7
RXN-12565,PWY-8568,19
METHYLMALONYL-COA-MUT-RXN,PWY0-43,1
METHYLMALONYL-COA-MUT-RXN,PWY-5130,3
METHYLMALONYL-COA-MUT-RXN,PWY-5088,8
METHYLMALONYL-COA-MUT-RXN,PWY-7384,8
METHYLMALONYL-COA-MUT-RXN,PWY-8086,10
METHYLMALONYL-COA-MUT-RXN,PWY-5328,11
METHYLMALONYL-COA-MUT-RXN,PWY-5789,10
METHYLMALONYL-COA-MUT-RXN,PROPIONMET-PWY,3
METHYLMALONYL-COA-MUT-RXN,PWY-6728,16
METHYLMALONYL-COA-MUT-RXN,PWY-5743,9
METHYLMALONYL-COA-MUT-RXN,PWY-7024,14
METHYLMALONYL-COA-MUT-RXN,P108-PWY,6
METHYLMALONYL-COA-MUT-RXN,PWY-7389,15
METHYLMALONYL-COA-MUT-RXN,PWY-7854,10
RXN-14569,PWY0-1587,2
GLYOHMETRANS-RXN,PWY-3661-1,4
GLYOHMETRANS-RXN,PWY-8363,5
GLYOHMETRANS-RXN,PWY0-1608,2
GLYOHMETRANS-RXN,PWY-3661,4
GLYOHMETRANS-RXN,PWY-181,6
GLYOHMETRANS-RXN,PWY-8362,6
GLYOHMETRANS-RXN,PWY-2161,5
GLYOHMETRANS-RXN,PWY-2201,9
GLYOHMETRANS-RXN,GLYSYN-PWY,1
GLYOHMETRANS-RXN,PWY-3841,8
GLYOHMETRANS-RXN,PWY-5497,15
GLYOHMETRANS-RXN,SER-GLYSYN-PWY,4
GLYOHMETRANS-RXN,1CMET2-PWY,7
GLYOHMETRANS-RXN,PWY66-385,3
GLYOHMETRANS-RXN,PWY-8325,2
GLYOHMETRANS-RXN,PWY-1622,11
THMPT-SER-RXN,PWY-8551,1
2.4.1.57-RXN,PWY-7885,5
1.18.1.2-RXN,PWY-7731,2
1.18.1.2-RXN,PWY-7218,19
1.18.1.2-RXN,PWY2PN3-7,1
1.18.1.2-RXN,PWY-8271,1
1.18.1.2-RXN,PWY-7124,19
1.18.1.2-RXN,PWY-6886,19
1.18.1.2-RXN,PWY-101,1
1.18.1.2-RXN,PHOTOALL-PWY,13
RXN-7644,PWY-4101,2
GSHTRAN-RXN,PWY-6842,2
GSHTRAN-RXN,PWY-4061,3
RXN-18407,PCPDEG-PWY,8
RXNQT-4363,PWY-8588,2
RXNQT-4363,PWYQT-4477,2
RXN-13673,PWY-7112,2
RXN-11663,CAMALEXIN-SYN,1
RXN-18405,PCPDEG-PWY,8
RXN-15680,PWY-7533,3
PANTOTHENATE-KIN-RXN,PWY-4221,12
PANTOTHENATE-KIN-RXN,PANTOSYN-PWY,9
PANTOTHENATE-KIN-RXN,PANTO-PWY,4
PANTOTHENATE-KIN-RXN,COA-PWY-1,4
PANTOTHENATE-KIN-RXN,PWY-3961,1
H2PTERIDINEPYROPHOSPHOKIN-RXN,ALL-CHORISMATE-PWY,48
H2PTERIDINEPYROPHOSPHOKIN-RXN,PWY-7852,3
H2PTERIDINEPYROPHOSPHOKIN-RXN,PWY-6147,4
H2PTERIDINEPYROPHOSPHOKIN-RXN,PWY-6612,9
H2PTERIDINEPYROPHOSPHOKIN-RXN,PWY-7853,3
H2PTERIDINEPYROPHOSPHOKIN-RXN,FOLSYN-PWY,11
H2PTERIDINEPYROPHOSPHOKIN-RXN,PWY-7539,4
H2PTERIDINEPYROPHOSPHOKIN-RXN,PWY-6797,3
RXN-15733,PWY-6148,5
H2NEOPTERINALDOL-RXN,ALL-CHORISMATE-PWY,48
H2NEOPTERINALDOL-RXN,PWY-6147,4
H2NEOPTERINALDOL-RXN,PWY-6612,9
H2NEOPTERINALDOL-RXN,FOLSYN-PWY,11
H2NEOPTERINALDOL-RXN,PWY-6148,5
H2NEOPTERINALDOL-RXN,PWY-7539,4
H2NEOPTERINALDOL-RXN,PWY-6797,3
H2PTEROATESYNTH-RXN,ALL-CHORISMATE-PWY,48
H2PTEROATESYNTH-RXN,PWY2DNV-11,2
H2PTEROATESYNTH-RXN,PWY-6612,9
H2PTEROATESYNTH-RXN,PWY-6614,3
H2PTEROATESYNTH-RXN,FOLSYN-PWY,11
AIRS-RXN,PWY-6122,4
AIRS-RXN,PWY-6121,5
AIRS-RXN,PWY-6277,5
AIRS-RXN,PRPP-PWY,42
AIRS-RXN,DENOVOPURINE2-PWY,25
AIRS-RXN,PWY-841,21
RXN-2043,PWY-6788,3
L-ARABINONOLACTONASE-RXN,PWY-8329,4
L-ARABINONOLACTONASE-RXN,PWY-7295,5
L-ARABINONOLACTONASE-RXN,PWY-5257,30
L-ARABINONOLACTONASE-RXN,PWY-5517,5
GLYCEROL-KIN-RXN,PWY0-381,3
GLYCEROL-KIN-RXN,PWY-8508,2
GLYCEROL-KIN-RXN,PWY-4261,2
MHPHYDROXY-RXN,HCAMHPDEG-PWY,5
MHPHYDROXY-RXN,PWY0-1277,8
RXN-10040,PWY-6690,5
HOMOCYSMET-RXN,PWY-5345,12
HOMOCYSMET-RXN,PWY-724,12
HOMOCYSMET-RXN,PWY-5347,8
HOMOCYSMET-RXN,PWY0-781,24
HOMOCYSMET-RXN,MET-SAM-PWY,8
HOMOCYSMET-RXN,PWY-6151,4
HOMOCYSMET-RXN,P4-PWY,17
HOMOCYSMET-RXN,PWY-5041,2
HOMOCYSMET-RXN,PWY-702,3
HOMOCYSMET-RXN,HOMOSER-METSYN-PWY,4
HOMOCYSMET-RXN,HSERMETANA-PWY,4
RXN-12730,PWY-6936,3
RXN-12730,PWY-6395,7
RXN-12303,PWY-7731,2
RXN-19671,PWY-7999,1
RXN-18388,PWY-8618,2
RXN-10035,PWY-6753,2
RXN-23013,PWY-8355,9
RXN66-337,PWY-8397,16
RXN66-337,PWY66-375,2
RXN-23015,PWY-8355,9
RXN-15682,PWY-7533,3
RXN-23018,PWY-8355,9
RXN-15138,PWY-7425,2
DTDPGLUCOSEPP-RXN,PWY-7413,4
DTDPGLUCOSEPP-RXN,PWY-7814,3
DTDPGLUCOSEPP-RXN,PWY-7110,8
DTDPGLUCOSEPP-RXN,OANTIGEN-PWY,10
DTDPGLUCOSEPP-RXN,PWY-6808,4
DTDPGLUCOSEPP-RXN,PWY-7317,9
DTDPGLUCOSEPP-RXN,PWY-7414,3
DTDPGLUCOSEPP-RXN,PWY-8504,4
DTDPGLUCOSEPP-RXN,PWY-7104,2
DTDPGLUCOSEPP-RXN,PWY-7318,2
DTDPGLUCOSEPP-RXN,PWY-6953,2
DTDPGLUCOSEPP-RXN,PWY-7315,4
DTDPGLUCOSEPP-RXN,PWY-7438,4
DTDPGLUCOSEPP-RXN,PWY-6976,2
DTDPGLUCOSEPP-RXN,PWY-7657,3
DTDPGLUCOSEPP-RXN,PWY-8227,7
DTDPGLUCOSEPP-RXN,PWY-6974,3
DTDPGLUCOSEPP-RXN,PWY-6942,6
DTDPGLUCOSEPP-RXN,DTDPRHAMSYN-PWY,4
DTDPGLUCOSEPP-RXN,PWY-6973,3
DTDPGLUCOSEPP-RXN,PWY-7440,2
DTDPGLUCOSEPP-RXN,PWY-7316,4
DTDPGLUCOSEPP-RXN,PWY-7688,2
DTDPGLUCOSEPP-RXN,PWY-6404,24
DTDPGLUCOSEPP-RXN,PWY-6977,11
DTDPGLUCOSEPP-RXN,PWY-8369,4
DTDPGLUCOSEPP-RXN,PWY-8380,3
DTDPGLUCOSEPP-RXN,PWY-7301,3
DTDPGLUCOSEPP-RXN,PWY-7312,2
GTP-CYCLOHYDRO-II-RXN,PWY-6168,9
GTP-CYCLOHYDRO-II-RXN,RIBOSYN2-PWY,9
GTP-CYCLOHYDRO-II-RXN,PWY-7991,4
GTP-CYCLOHYDRO-II-RXN,PWY-7539,4
DIOHBUTANONEPSYN-RXN,PWY-6168,9
DIOHBUTANONEPSYN-RXN,RIBOSYN2-PWY,9
DIOHBUTANONEPSYN-RXN,PWY-6167,9
RIBOFLAVIN-SYN-RXN,PWY-6168,9
RIBOFLAVIN-SYN-RXN,RIBOSYN2-PWY,9
RIBOFLAVIN-SYN-RXN,PWY-6167,9
RIBOFLAVINSYNREDUC-RXN,RIBOSYN2-PWY,9
RIBOFLAVINSYNREDUC-RXN,PWY-7991,4
RIBOFLAVINSYNDEAM-RXN,RIBOSYN2-PWY,9
RIBOFLAVINSYNDEAM-RXN,PWY-7991,4
RXN-10058,PWY-6168,9
RXN-10058,PWY-6167,9
RIBULP3EPIM-RXN,PWY-5723,10
RIBULP3EPIM-RXN,PWY-8178,6
RIBULP3EPIM-RXN,PWY-1861,9
RIBULP3EPIM-RXN,PENTOSE-P-PWY,8
RIBULP3EPIM-RXN,PWY-7218,19
RIBULP3EPIM-RXN,P185-PWY,11
RIBULP3EPIM-RXN,PWY-6901,17
RIBULP3EPIM-RXN,P124-PWY,15
RIBULP3EPIM-RXN,PWY-7124,19
RIBULP3EPIM-RXN,P122-PWY,17
RIBULP3EPIM-RXN,PWY-6886,19
RIBULP3EPIM-RXN,P21-PWY,3
RIBULP3EPIM-RXN,CALVIN-PWY,12
RIBULP3EPIM-RXN,NONOXIPENT-PWY,5
RIBULP3EPIM-RXN,PHOTOALL-PWY,13
2-ISOPROPYLMALATESYN-RXN,BRANCHED-CHAIN-AA-SYN-PWY,11
2-ISOPROPYLMALATESYN-RXN,PWY-6871,2
2-ISOPROPYLMALATESYN-RXN,LEUSYN-PWY,2
2-DEHYDROPANTOATE-REDUCT-RXN,PWY-4221,12
2-DEHYDROPANTOATE-REDUCT-RXN,PANTOSYN-PWY,9
2-DEHYDROPANTOATE-REDUCT-RXN,PANTO-PWY,4
2-DEHYDROPANTOATE-REDUCT-RXN,PWY-6654,4
3.5.2.14-RXN,PWY-4722,5
RXN-9141,PWY-5818,6
6.4.1.6-RXN,PWY-5533,1
RXN-2463,GALLATE-DEGRADATION-II-PWY,4
RXN-2463,GALLATE-DEGRADATION-I-PWY,4
RXN-2463,PWY-6338,8
RXN-2463,METHYLGALLATE-DEGRADATION-PWY,4
RXN-2463,PWY-6339,6
RXN-2463,P184-PWY,6
4.1.3.17-RXN,PWY-7701,1
RXN-2464,GALLATE-DEGRADATION-II-PWY,4
RXN-2464,GALLATE-DEGRADATION-I-PWY,4
RXN-2464,PWY-6338,8
RXN-2464,METHYLGALLATE-DEGRADATION-PWY,4
RXN-2464,PWY-6339,6
RXN-2464,P184-PWY,6
CATECHOL-2-3-DIOXYGENASE-RXN,TOLUENE-DEG-2-OH-PWY,1
CATECHOL-2-3-DIOXYGENASE-RXN,PWY-5179,6
CATECHOL-2-3-DIOXYGENASE-RXN,PWY-5641,2
CATECHOL-2-3-DIOXYGENASE-RXN,PWY-6954,33
CATECHOL-2-3-DIOXYGENASE-RXN,TOLUENE-DEG-DIOL-PWY,3
CATECHOL-2-3-DIOXYGENASE-RXN,PWY-5183,23
CATECHOL-2-3-DIOXYGENASE-RXN,PWY-5180,4
CATECHOL-23-DIOXYGENASE-RXN,PWY-5419,4
CATECHOL-23-DIOXYGENASE-RXN,PWY-5178,12
CATECHOL-23-DIOXYGENASE-RXN,PWY-5415,5
CATECHOL-23-DIOXYGENASE-RXN,PWY-5420,7
CATECHOL-23-DIOXYGENASE-RXN,PWY-5430,10
CATECHOL-23-DIOXYGENASE-RXN,PWY-6954,33
CATECHOL-23-DIOXYGENASE-RXN,P183-PWY,2
CATECHOL-23-DIOXYGENASE-RXN,PWY-6956,10
CATECHOL-23-DIOXYGENASE-RXN,PWY-5183,23
CATECHOL-23-DIOXYGENASE-RXN,PWY-2504,31
CATECHOL-23-DIOXYGENASE-RXN,PWY-6957,17
RXN-11219,TOLUENE-DEG-3-OH-PWY,4
RXN-14268,PWY-7654,7
RXN-14268,PWY-8568,19
RXN-17782,PWY0-1337,29
RXN-24011,PWY-8463,4
RXN-14793,PWY-7339,3
RXN-12751,PWY-6937,15
RXN-12751,PWY-6944,13
RXN-12751,PWY-6928,19
RXN-12751,PWY-6947,21
RXN-14394,PWY0-1337,29
RXN-21761,PWY-8179,8
RXN-21785,PWY-8181,13
RXN-21768,PWY-8182,7
RXN-24012,PWY-8463,4
RXN-2006,PWY-6443,5
RXN-2006,PWY-6458,3
RXN-2006,P281-PWY,6
RXN-2006,PWY-481,3
RXN-21786,PWY-8181,13
RXN-17778,PWY0-1337,29
RXN-10699,PWY-735,7
RXN-14788,PWY-7338,6
RXN-12710,PWY-6948,4
RXN-12710,PWY-6928,19
RXN-12710,PWY-6947,21
RXN-12710,PWY-6946,8
RXN-12710,PWY-6945,6
RXN-11246,PWY-6435,4
RXN-11246,PWY-6080,1
RXN-19804,PWY-6937,15
RXN-19804,PWY-6944,13
RXN-19804,PWY-6928,19
RXN-19804,PWY-8152,9
RXN-19804,PWY-6947,21
RXN-19804,PWY-8154,13
RXN-17116,PWY-7726,4
RXN-24015,PWY-8463,4
METHYLACETOACETYLCOATHIOL-RXN,PWY-5109,3
METHYLACETOACETYLCOATHIOL-RXN,ILEUDEG-PWY,3
RXN-24014,PWY-8463,4
RXN-10700,PWY-735,7
RXN-16137,PWY-7606,4
RXN-14799,PWY-7340,7
KETOACYLCOATHIOL-RXN,FAO-PWY,5
KETOACYLCOATHIOL-RXN,PWY-5136,4
KETOACYLCOATHIOL-RXN,PWY-7288,3
KETOACYLCOATHIOL-RXN,PWY66-391,5
KETOACYLCOATHIOL-RXN,PWY-561,11
RXN-14803,PWY-7340,7
RXN-10701,PWY-735,7
RXN-19800,PWY-6937,15
RXN-19800,PWY-6944,13
RXN-19800,PWY-6928,19
RXN-19800,PWY-8152,9
RXN-19800,PWY-6947,21
RXN-19800,PWY-8154,13
RXN-21787,PWY-8181,13
RXN-14774,PWY-7337,6
RXN-9731,PWY-6041,2
PROTOCATECHUATE-34-DIOXYGENASE-RXN,PWY-5431,9
PROTOCATECHUATE-34-DIOXYGENASE-RXN,PROTOCATECHUATE-ORTHO-CLEAVAGE-PWY,4
PROTOCATECHUATE-34-DIOXYGENASE-RXN,PWY-5183,23
PROTOCATECHUATE-34-DIOXYGENASE-RXN,PWY-2504,31
PROTOCATECHUATE-34-DIOXYGENASE-RXN,PWY-5181,8
GCVT-RXN,GLYCLEAV-PWY,3
GCVT-RXN,GLYCINE-SYN2-PWY,3
PHOSMANMUT-RXN,PWY-7586,3
PHOSMANMUT-RXN,PWY-7323,8
PHOSMANMUT-RXN,COLANSYN-PWY,9
PHOSMANMUT-RXN,PWY-7456,6
PHOSMANMUT-RXN,PWY-5659,4
EXOPOLYPHOSPHATASE-RXN,PWY-8138,2
PPPGPPHYDRO-RXN,PPGPPMET-PWY,6
RXN-12041,PWY-6686,2
RXN-12038,PWY-5662,2
RXN-18406,PCPDEG-PWY,8
RXN-18403,PCPDEG-PWY,8
RXN0-6254,PWY-6476,1
RXN-7682,PWY-5044,9
RXN-7682,PWY-6353,11
RXN-7682,P165-PWY,15
RXN-7682,PWY-6596,6
RXN-7682,SALVADEHYPOX-PWY,5
RXN-8751,PWY-5497,15
RXN0-901,PWY-6606,4
RXN0-901,PWY-5044,9
RXN0-901,PWY-6608,4
RXN0-901,PWY-8616,1
RXN0-901,PWY-6538,3
RXN0-901,PWY-6607,3
RXN0-901,PWY-5695,4
RXN0-901,URSIN-PWY,7
RXN0-901,PWY-6353,11
RXN0-901,PWY-6999,5
RXN0-901,P165-PWY,15
RXN0-901,PWY-6596,6
RXN0-901,PWY-6632,3
RXN0-901,PWY-5497,15
RXN0-901,PWY-6595,5
RXN0-901,SALVADEHYPOX-PWY,5
RXN-8753,PWY-5497,15
RXN-8752,PWY-5497,15
HEMEOSYN-RXN,PWY-7856,1
RXN0-5293,PWY-6536,2
RXN-8182,PWY0-461,5
RXN-8182,PWY-6328,6
RXN-8182,PWY-5327,22
RXN-8182,PWY-5280,3
RXN-8182,LYSDEGII-PWY,2
SUCCSEMIALDDEHYDROG-RXN,4AMINOBUTMETAB-PWY,3
SUCCSEMIALDDEHYDROG-RXN,ARGDEG-PWY,9
SUCCSEMIALDDEHYDROG-RXN,P181-PWY,11
SUCCSEMIALDDEHYDROG-RXN,3-HYDROXYPHENYLACETATE-DEGRADATION-PWY,7
SUCCSEMIALDDEHYDROG-RXN,P105-PWY,7
SUCCSEMIALDDEHYDROG-RXN,PWY-8346,4
SUCCSEMIALDDEHYDROG-RXN,PWY-6993,6
SUCCSEMIALDDEHYDROG-RXN,PWY-6537,2
SUCCSEMIALDDEHYDROG-RXN,ORNARGDEG-PWY,10
ADENYLOSUCCINATE-SYNTHASE-RXN,PWY-6126,7
ADENYLOSUCCINATE-SYNTHASE-RXN,PRPP-PWY,42
ADENYLOSUCCINATE-SYNTHASE-RXN,DENOVOPURINE2-PWY,25
ADENYLOSUCCINATE-SYNTHASE-RXN,PWY-7219,3
ADENYLOSUCCINATE-SYNTHASE-RXN,PWY-841,21
ADENYLOSUCCINATE-SYNTHASE-RXN,PWY-7229,5
ADENYLOSUCCINATE-SYNTHASE-RXN,PWY66-409,17
UDPGLCNACEPIM-RXN,PWY-8462,1
UDPGLCNACEPIM-RXN,PWY-7332,14
BRANCHED-CHAINAMINOTRANSFERILEU-RXN,PWY-5101,4
BRANCHED-CHAINAMINOTRANSFERILEU-RXN,PWY-8173,30
BRANCHED-CHAINAMINOTRANSFERILEU-RXN,THREOCAT-PWY,14
BRANCHED-CHAINAMINOTRANSFERILEU-RXN,PWY-5078,2
BRANCHED-CHAINAMINOTRANSFERILEU-RXN,BRANCHED-CHAIN-AA-SYN-PWY,11
BRANCHED-CHAINAMINOTRANSFERILEU-RXN,PWY-5103,5
BRANCHED-CHAINAMINOTRANSFERILEU-RXN,ILEUDEG-PWY,3
BRANCHED-CHAINAMINOTRANSFERILEU-RXN,ILEUSYN-PWY,5
BRANCHED-CHAINAMINOTRANSFERILEU-RXN,PWY-3001,11
BRANCHED-CHAINAMINOTRANSFERILEU-RXN,PWY-5104,4
BRANCHED-CHAINAMINOTRANSFERILEU-RXN,PWY-5108,2
BRANCHED-CHAINAMINOTRANSFERILEU-RXN,PWY-8184,1
BRANCHED-CHAINAMINOTRANSFERVAL-RXN,VALDEG-PWY,5
BRANCHED-CHAINAMINOTRANSFERVAL-RXN,BRANCHED-CHAIN-AA-SYN-PWY,11
BRANCHED-CHAINAMINOTRANSFERVAL-RXN,PWY-8183,1
BRANCHED-CHAINAMINOTRANSFERVAL-RXN,PWY-8581,1
BRANCHED-CHAINAMINOTRANSFERVAL-RXN,PWY-8175,30
BRANCHED-CHAINAMINOTRANSFERVAL-RXN,VALSYN-PWY,4
BRANCHED-CHAINAMINOTRANSFERVAL-RXN,PWY-5057,2
BRANCHED-CHAINAMINOTRANSFERLEU-RXN,PWY-5076,2
BRANCHED-CHAINAMINOTRANSFERLEU-RXN,BRANCHED-CHAIN-AA-SYN-PWY,11
BRANCHED-CHAINAMINOTRANSFERLEU-RXN,LEUSYN-PWY,2
BRANCHED-CHAINAMINOTRANSFERLEU-RXN,PWY-8174,30
BRANCHED-CHAINAMINOTRANSFERLEU-RXN,PWY-7767,2
BRANCHED-CHAINAMINOTRANSFERLEU-RXN,PWY-8525,20
BRANCHED-CHAINAMINOTRANSFERLEU-RXN,PWY-8185,1
BRANCHED-CHAINAMINOTRANSFERLEU-RXN,LEU-DEG2-PWY,5
POLYPHOSPHATE-KINASE-RXN,PWY-8138,2
MYO-INOSITOL-2-DEHYDROGENASE-RXN,PWY-7241,2
MYO-INOSITOL-2-DEHYDROGENASE-RXN,PWY-5940,5
MYO-INOSITOL-2-DEHYDROGENASE-RXN,P562-PWY,6
MYO-INOSITOL-2-DEHYDROGENASE-RXN,PWY-7237,9
RXN-14148,PWY-7237,9
MYO-INOSOSE-2-DEHYDRATASE-RXN,P562-PWY,6
MYO-INOSOSE-2-DEHYDRATASE-RXN,PWY-7237,9
RXN-15902,PWY-6486,4
RXN-15902,PWY-6516,22
RXN-15907,PWY-6501,4
RXN-15907,PWY-6516,22
ADENYL-KIN-RXN,PWY-6126,7
ADENYL-KIN-RXN,PRPP-PWY,42
ADENYL-KIN-RXN,DENOVOPURINE2-PWY,25
ADENYL-KIN-RXN,PWY-7219,3
ADENYL-KIN-RXN,PWY-841,21
ADENYL-KIN-RXN,PWY-7229,5
ADENYL-KIN-RXN,PWY66-409,17
RXN-17876,PWY-7800,16
RXN-17875,PWY-7800,16
RXN-17878,PWY-7800,16
RXN-17877,PWY-7800,16
RXN-17874,PWY-7799,5
RXN-17874,PWY-7800,16
RXN-17873,PWY-7800,16
DHLAXANAU-RXN,12DICHLORETHDEG-PWY,4
LINB2-RXN,GAMMAHEXCHLORDEG-PWY,3
LINB1-RXN,GAMMAHEXCHLORDEG-PWY,3
RXN-1223,PWYQT-4427,1
UDPGLUCEPIM-RXN,PWY-7344,1
UDPGLUCEPIM-RXN,PWY-7328,6
UDPGLUCEPIM-RXN,PWY-6317,5
UDPGLUCEPIM-RXN,PWY-6397,7
UDPGLUCEPIM-RXN,COLANSYN-PWY,9
UDPGLUCEPIM-RXN,PWY-5114,6
UDPGLUCEPIM-RXN,PWY-3821,2
UDPGLUCEPIM-RXN,PWY-6404,24
UDPGLUCEPIM-RXN,PWY-7622,2
UDPGLUCEPIM-RXN,PWY-6527,6
RXN-7719,PWY-5046,3
RXN0-1132,PWY-7382,7
RXN0-1132,PYRUVDEHYD-PWY,3
RXN0-1132,PWY-5464,16
RXN-7716,PWY-7382,7
RXN-7716,PWY-5084,3
RXN-8629,PWY-7382,7
RXN-8629,GLYCLEAV-PWY,3
RXN-8629,PWY0-501-1,4
RXN-8629,GLYCINE-SYN2-PWY,3
RXN-12610,PWY-6893,2
RXN-12610,PWY-6895,8
RXN-12610,PWY-6907,3
RXN-12610,PWY-8457,3
RXN-12611,THISYN-PWY,9
RXN-12611,PWY-6894,2
THI-P-SYN-RXN,PWY-7356,7
THI-P-SYN-RXN,THISYNARA-PWY,5
THI-P-SYN-RXN,PWY-7357,6
THI-P-SYN-RXN,PWY-6897,5
THI-P-SYN-RXN,PWY-6908,3
RXN-17951,PWY-7806,1
1.4.3.19-RXN,PWY-7396,4
THIAZOLSYN2-RXN,THISYN-PWY,9
THIAZOLSYN2-RXN,PWY-6891,4
THIAZOLSYN2-RXN,PWY-6895,8
THIAZOLSYN2-RXN,PWY-6892,5
THRESYN-RXN,PWY-724,12
THRESYN-RXN,PWY0-781,24
THRESYN-RXN,P4-PWY,17
THRESYN-RXN,PWY-3001,11
THRESYN-RXN,HOMOSER-THRESYN-PWY,2
THRESYN-RXN,THRESYN-PWY,6
GALACTURIDYLYLTRANS-RXN,PWY-6317,5
GALACTURIDYLYLTRANS-RXN,PWY-6527,6
RXN-12518,PWY-6837,3
RXN-14576,PWY-7291,2
RXN-15977,PWY-7854,10
RXN-15977,PWY-7574,4
RXN-14796,PWY-7340,7
RXN-10706,PWY-735,7
RXN-17113,PWY-7726,4
RXN-10707,PWY-735,7
RXN-14771,PWY-7337,6
RXN-11026,PWY-5136,4
RXN-11026,PWY-7288,3
RXN-11026,PWY66-391,5
RXN-11026,PWY-561,11
RXN-11026,PWY-7007,3
RXN-14775,PWY-7337,6
RXN-14785,PWY-7338,6
RXN-10696,PWY-735,7
RXN-18461,PWY-7858,6
RXN-14789,PWY-7338,6
RXN-12669,PWY-6920,4
RXN-16134,PWY-7606,4
RXN-13615,PWY-7094,5
RXN-13615,PWY0-1337,29
RXN-13615,PWY-8568,19
RXN-14278,PWY0-1337,29
RXN-14278,PWY-8568,19
RXN-14229,PWY0-1337,29
RXN-14229,PWY-8568,19
RXN-14262,PWY-8568,19
RXN-22997,PWY-8354,5
RXN-21775,PWY-8181,13
RXN-10841,PWY-6861,2
RXN-10841,PWY-6857,3
RXN-15561,PWY-7511,3
LYSDECARBOX-RXN,PWY-8558,1
LYSDECARBOX-RXN,PWY-6381,1
LYSDECARBOX-RXN,PWY-6375,1
LYSDECARBOX-RXN,POLYAMSYN-PWY,7
LYSDECARBOX-RXN,PWY0-461,5
LYSDECARBOX-RXN,PWY-5468,2
LYSDECARBOX-RXN,PWY-6376,1
LYSDECARBOX-RXN,PWY-6328,6
LYSDECARBOX-RXN,PWY-5327,22
LYSDECARBOX-RXN,PWY0-1303,2
LYSDECARBOX-RXN,PWY0-1601,1
LYSDECARBOX-RXN,ARG+POLYAMINE-SYN,16
ARGDECARBOX-RXN,PWY-6305,4
ARGDECARBOX-RXN,ARGDEG-PWY,9
ARGDECARBOX-RXN,ARGDEG-III-PWY,3
ARGDECARBOX-RXN,PWY2PN3-14,1
ARGDECARBOX-RXN,POLYAMSYN-PWY,7
ARGDECARBOX-RXN,PWY-43,3
ARGDECARBOX-RXN,POLYAMINSYN3-PWY,7
ARGDECARBOX-RXN,PWY-40,2
ARGDECARBOX-RXN,PWY0-1299,1
ARGDECARBOX-RXN,PWY0-823,2
ARGDECARBOX-RXN,PWY-6834,2
ARGDECARBOX-RXN,ORNARGDEG-PWY,10
ARGDECARBOX-RXN,ARG+POLYAMINE-SYN,16
RXN-8805,PWY-5534,5
4.2.99.19-RXN,PWY-5534,5
RXN-17583,PWY-7776,5
RXN-17582,PWY-7776,5
GLUTAMINESYN-RXN,PWY-6964,2
GLUTAMINESYN-RXN,PWY-8291,2
GLUTAMINESYN-RXN,PWY-6963,2
GLUTAMINESYN-RXN,PWY-8620,1
GLUTAMINESYN-RXN,PWY-5505,6
GLUTAMINESYN-RXN,AMMASSIM-PWY,2
GLUTAMINESYN-RXN,GLNSYN-PWY,1
GLUTAMINESYN-RXN,PWY-3282,3
GLUTAMINESYN-RXN,PWY-8294,2
GLUTAMINESYN-RXN,PWY-2242,1
GLUTAMINESYN-RXN,ARGSYNBSUB-PWY,10
GLUCONOLACT-RXN,PWY-5530,3
GLUCONOLACT-RXN,DHGLUCONATE-PYR-CAT-PWY,5
GLUCONOLACT-RXN,PWY-7165,4
GLUCONOLACT-RXN,NPGLUCAT-PWY,8
GLUCONOLACT-RXN,GLUCOSE1PMETAB-PWY,5
GLUCONOLACT-RXN,PWY-2221,9
RXN-8783,PWY3DJ-35471,1
RXN-8783,PWY-8142,2
RXN-8342,PWY-6823,6
RXN-18694,PWY-7887,2
2.9.1.1-RXN,PWY0-901,3
DTDPGLUCDEHYDRAT-RXN,PWY-7413,4
DTDPGLUCDEHYDRAT-RXN,PWY-7814,3
DTDPGLUCDEHYDRAT-RXN,PWY-7110,8
DTDPGLUCDEHYDRAT-RXN,OANTIGEN-PWY,10
DTDPGLUCDEHYDRAT-RXN,PWY-6808,4
DTDPGLUCDEHYDRAT-RXN,PWY-7317,9
DTDPGLUCDEHYDRAT-RXN,PWY-7414,3
DTDPGLUCDEHYDRAT-RXN,PWY-8504,4
DTDPGLUCDEHYDRAT-RXN,PWY-7104,2
DTDPGLUCDEHYDRAT-RXN,PWY-7318,2
DTDPGLUCDEHYDRAT-RXN,PWY-6953,2
DTDPGLUCDEHYDRAT-RXN,PWY-7315,4
DTDPGLUCDEHYDRAT-RXN,PWY-7438,4
DTDPGLUCDEHYDRAT-RXN,PWY-6976,2
DTDPGLUCDEHYDRAT-RXN,PWY-7657,3
DTDPGLUCDEHYDRAT-RXN,PWY-8227,7
DTDPGLUCDEHYDRAT-RXN,PWY-6974,3
DTDPGLUCDEHYDRAT-RXN,PWY-6942,6
DTDPGLUCDEHYDRAT-RXN,DTDPRHAMSYN-PWY,4
DTDPGLUCDEHYDRAT-RXN,PWY-6973,3
DTDPGLUCDEHYDRAT-RXN,PWY-7440,2
DTDPGLUCDEHYDRAT-RXN,PWY-7316,4
DTDPGLUCDEHYDRAT-RXN,PWY-7688,2
DTDPGLUCDEHYDRAT-RXN,PWY-6404,24
DTDPGLUCDEHYDRAT-RXN,PWY-6977,11
DTDPGLUCDEHYDRAT-RXN,PWY-8369,4
DTDPGLUCDEHYDRAT-RXN,PWY-8380,3
DTDPGLUCDEHYDRAT-RXN,PWY-7301,3
DTDPGLUCDEHYDRAT-RXN,PWY-7312,2
RXN-21563,PWY-8171,2
F16BDEPHOS-RXN,GLYCOLYSIS,12
F16BDEPHOS-RXN,PWY-5484,11
F16BDEPHOS-RXN,HEXITOLDEGSUPER-PWY,16
F16BDEPHOS-RXN,P461-PWY,19
F16BDEPHOS-RXN,PWY-7218,19
F16BDEPHOS-RXN,P185-PWY,11
F16BDEPHOS-RXN,PWY-7345,18
F16BDEPHOS-RXN,PWY-7124,19
F16BDEPHOS-RXN,PWY-6886,19
F16BDEPHOS-RXN,GLYCOLYSIS-TCA-GLYOX-BYPASS,21
F16BDEPHOS-RXN,SUCSYN-PWY,8
F16BDEPHOS-RXN,GLUCONEO-PWY,13
F16BDEPHOS-RXN,PWY66-399,11
F16BDEPHOS-RXN,CALVIN-PWY,12
F16BDEPHOS-RXN,GLYCOLYSIS-E-D,16
F16BDEPHOS-RXN,P441-PWY,21
F16BDEPHOS-RXN,PHOTOALL-PWY,13
MALONYL-COA-ACP-TRANSACYL-RXN,PWY-5156,40
MALONYL-COA-ACP-TRANSACYL-RXN,PWY-6799,1
MALONYL-COA-ACP-TRANSACYL-RXN,PWY-8012,1
MALONYL-COA-ACP-TRANSACYL-RXN,PWY-6285,50
MALONYL-COA-ACP-TRANSACYL-RXN,PWY-4381,3
MALONYL-COA-ACP-TRANSACYL-RXN,PWY-8582,1
MALONYL-COA-ACP-TRANSACYL-RXN,FASYN-INITIAL-PWY,4
MALONYL-COA-ACP-TRANSACYL-RXN,PWY66-429,2
RXN-20482,PWY-8047,2
RXN-20481,PWY-8047,2
RXN-23752,PWY-8438,1
RXN8J2-162,PWY-8489,1
RXN-20490,PWY-8049,2
RXN-20498,PWY-8049,2
RXN185E-16,PWY185E-1,3
2.3.1.180-RXN,PWY-5156,40
2.3.1.180-RXN,PWY-6285,50
2.3.1.180-RXN,PWY-4381,3
2.3.1.180-RXN,FASYN-INITIAL-PWY,4
2.3.1.180-RXN,PWY1A0-6120,21
RXN-21691,PWY-8175,30
RXN-21681,PWY-8175,30
RXN-16630,PWY-7663,4
RXN-21614,PWY-8173,30
RXN-23642,PWY-8427,2
RXN-21631,PWY-8173,30
RXN-11476,BIOTIN-BIOSYNTHESIS-PWY,13
RXN-11476,PWY-6519,11
RXN-11480,BIOTIN-BIOSYNTHESIS-PWY,13
RXN-11480,PWY-6519,11
RXN-21676,PWY-8175,30
RXN-21686,PWY-8175,30
RXN-21645,PWY-8174,30
RXN-21645,PWY-8525,20
RXN-21635,PWY-8173,30
RXN-21655,PWY-8174,30
RXN-21655,PWY-8525,20
RXN0-2142,PWY-7858,6
RXN0-2142,PWY-6285,50
RXN0-2142,PWY-6284,18
RXN0-2142,PWY0-862,6
RXN-21660,PWY-8174,30
RXN-21660,PWY-8525,20
RXN-21650,PWY-8174,30
RXN-21650,PWY-8525,20
RXN-9528,PWY-8279,28
RXN-9528,PWY-5156,40
RXN-9528,PWY66-430,24
RXN-9528,PWY-6285,50
RXN-9528,PWY-5971,30
RXN-9528,PWY1A0-6120,21
RXN-10655,PWY-6285,50
RXN-10655,PWY-6284,18
RXN-10655,PWY-6282,8
RXN-21696,PWY-8175,30
RXN-9514,PWY-8279,28
RXN-9514,PWY-7388,12
RXN-9514,PWY-5156,40
RXN-9514,PWY66-430,24
RXN-9514,PWY-6285,50
RXN-9514,PWY-5971,30
RXN-9514,PWY1A0-6120,21
RXN-21626,PWY-8173,30
RXN-16622,PWY-7664,14
RXN-9532,PWY-8279,28
RXN-9532,PWY-5156,40
RXN-9532,PWY66-430,24
RXN-9532,PWY-6285,50
RXN-9532,PWY-5971,30
RXN-9532,PWY1A0-6120,21
RXN-9556,PWY-6285,50
RXN-9556,PWY-6284,18
RXN-9556,PWY-5973,4
RXN-21618,PWY-8173,30
RXN-22026,PWY-8203,4
RXN1G-469,PWY-6113,82
RXN1G-469,PWYG-321,51
3-OXOACYL-ACP-REDUCT-RXN,FASYN-ELONG-PWY,5
RXN1G-349,PWY-6113,82
RXN1G-349,PWYG-321,51
RXN-21670,PWY-8174,30
RXN-9540,PWY-8279,28
RXN-9540,PWY-5156,40
RXN-9540,PWY-6113,82
RXN-9540,PWY-6285,50
RXN-9540,PWY-5971,30
RXN-9540,PWYG-321,51
RXN-9524,PWY-8279,28
RXN-9524,PWY-7388,12
RXN-9524,PWY-5156,40
RXN-9524,PWY66-430,24
RXN-9524,PWY-6285,50
RXN-9524,PWY-5971,30
RXN-9524,PWY1A0-6120,21
RXN-10659,PWY-6285,50
RXN-10659,PWY-6284,18
RXN-10659,PWY-6282,8
RXN-9536,PWY-8279,28
RXN-9536,PWY-5156,40
RXN-9536,PWY66-430,24
RXN-9536,PWY-6113,82
RXN-9536,PWY-6285,50
RXN-9536,PWY-5971,30
RXN-9536,PWYG-321,51
RXN-16616,PWY-7664,14
RXN-25455,PWY-8595,5
RXN-16626,PWY-7664,14
RXN-9552,PWY-5367,3
RXN-21702,PWY-8175,30
RXN-9518,PWY-8279,28
RXN-9518,PWY-7388,12
RXN-9518,PWY-5156,40
RXN-9518,PWY66-430,24
RXN-9518,PWY-6285,50
RXN-9518,PWY-5971,30
RXN-9518,PWY1A0-6120,21
RXN-21622,PWY-8173,30
RXN-21665,PWY-8174,30
RXN-9633,PWY-5156,40
RXN-9633,PWY-8280,5
RXN-9633,PWY-6113,82
RXN-9633,PWY-5989,5
RXN-9633,PWYG-321,51
RXN-21634,PWY-8173,30
RXN-21685,PWY-8175,30
RXN-11474,BIOTIN-BIOSYNTHESIS-PWY,13
RXN-11474,PWY-6519,11
RXN-9539,PWY-8279,28
RXN-9539,PWY-5156,40
RXN-9539,PWY-6113,82
RXN-9539,PWY-6285,50
RXN-9539,PWY-5971,30
RXN-9539,PWYG-321,51
RXN-21617,PWY-8173,30
RXN-11479,BIOTIN-BIOSYNTHESIS-PWY,13
RXN-11479,PWY-6519,11
RXN-21695,PWY-8175,30
RXN-16625,PWY-7664,14
RXN-21690,PWY-8175,30
RXN-21659,PWY-8174,30
RXN-21659,PWY-8525,20
RXN-21669,PWY-8174,30
RXN-10658,PWY-6285,50
RXN-10658,PWY-6284,18
RXN-10658,PWY-6282,8
RXN-21701,PWY-8175,30
RXN-21649,PWY-8174,30
RXN-21649,PWY-8525,20
3-OXOACYL-ACP-SYNTH-BASE-RXN,PWY-7388,12
3-OXOACYL-ACP-SYNTH-BASE-RXN,FASYN-INITIAL-PWY,4
3-OXOACYL-ACP-SYNTH-BASE-RXN,PWY66-429,2
3-OXOACYL-ACP-SYNTH-RXN,FASYN-ELONG-PWY,5
RXN0-2141,PWY-7858,6
RXN0-2141,PWY-6285,50
RXN0-2141,PWY-6284,18
RXN0-2141,PWY0-862,6
RXN-16615,PWY-7664,14
RXN-21680,PWY-8175,30
RXN-9516,PWY-8279,28
RXN-9516,PWY-7388,12
RXN-9516,PWY-5156,40
RXN-9516,PWY-6285,50
RXN-9516,PWY-5971,30
RXN-9516,PWY1A0-6120,21
2.3.1.179-RXN,PWY-6285,50
2.3.1.179-RXN,PWY-6284,18
2.3.1.179-RXN,PWY-5973,4
RXN-21664,PWY-8174,30
RXN-21625,PWY-8173,30
RXN-21654,PWY-8174,30
RXN-21654,PWY-8525,20
RXN-9531,PWY-8279,28
RXN-9531,PWY-5156,40
RXN-9531,PWY-6285,50
RXN-9531,PWY-5971,30
RXN-9531,PWY1A0-6120,21
RXN-10654,PWY-6285,50
RXN-10654,PWY-6284,18
RXN-10654,PWY-6282,8
RXN-9523,PWY-8279,28
RXN-9523,PWY-7388,12
RXN-9523,PWY-5156,40
RXN-9523,PWY-6285,50
RXN-9523,PWY-5971,30
RXN-9523,PWY1A0-6120,21
RXN-21629,PWY-8173,30
RXN-9527,PWY-8279,28
RXN-9527,PWY-5156,40
RXN-9527,PWY-6285,50
RXN-9527,PWY-5971,30
RXN-9527,PWY1A0-6120,21
RXN-16621,PWY-7664,14
RXN-9535,PWY-8279,28
RXN-9535,PWY-5156,40
RXN-9535,PWY-6285,50
RXN-9535,PWY-5971,30
RXN-8391,PWY-5367,3
RXN-21621,PWY-8173,30
RXN-16629,PWY-7663,4
RXN-21642,PWY-8173,30
RXN-21684,PWY-8175,30
RXN-9521,PWY-8279,28
RXN-9521,PWY-7388,12
RXN-9521,PWY66-430,24
RXN-9515,PWY-8279,28
RXN-9515,PWY-7388,12
RXN-9515,PWY66-430,24
RXN-21668,PWY-8174,30
RXN-21694,PWY-8175,30
ENOYL-ACP-REDUCT-NADPH-RXN,FASYN-ELONG-PWY,5
RXN-21639,PWY-8173,30
RXN-9534,PWY-8279,28
RXN-9534,PWY66-430,24
RXN-21673,PWY-8174,30
RXN-21700,PWY-8175,30
RXN-21705,PWY-8175,30
RXN-9542,PWY-8279,28
RXN-21679,PWY-8175,30
RXN-21641,PWY-8173,30
RXN-21653,PWY-8174,30
RXN-21653,PWY-8525,20
RXN-21643,PWY-8173,30
RXN-21689,PWY-8175,30
RXN-21658,PWY-8174,30
RXN-21658,PWY-8525,20
RXN-21663,PWY-8174,30
RXN-21663,PWY-8525,20
RXN-21640,PWY-8173,30
RXN-9530,PWY-8279,28
RXN-9530,PWY66-430,24
RXN-21644,PWY-8173,30
RXN-9526,PWY-8279,28
RXN-9526,PWY-7388,12
RXN-9526,PWY66-430,24
RXN-9538,PWY-8279,28
RXN-9538,PWY66-430,24
RXN-21648,PWY-8174,30
RXN-21648,PWY-8525,20
RXN-10661,PWY-6285,50
RXN-10661,PWY-6284,18
RXN-10661,PWY-6282,8
RXN-21699,PWY-8175,30
RXN-16620,PWY-7664,14
RXN1G-395,PWY-6113,82
RXN1G-395,PWYG-321,51
RXN-9657,PWY-5156,40
RXN-9657,PWY-6285,50
RXN-9657,PWY-5971,30
RXN-9657,PWY1A0-6120,21
RXN-21647,PWY-8174,30
RXN-21647,PWY-8525,20
RXN-21662,PWY-8174,30
RXN-21662,PWY-8525,20
ENOYL-ACP-REDUCT-NADH-RXN,FASYN-ELONG-PWY,5
RXN-9662,PWY-5156,40
RXN-9662,PWY-6113,82
RXN-9662,PWY-6285,50
RXN-9662,PWY-5971,30
RXN-9662,PWYG-321,51
RXN-21628,PWY-8173,30
RXN-21704,PWY-8175,30
RXN-9661,PWY-5156,40
RXN-9661,PWY-6285,50
RXN-9661,PWY-5971,30
RXN-9661,PWY1A0-6120,21
RXN-21672,PWY-8174,30
RXN-9663,PWY-5156,40
RXN-9663,PWY-6113,82
RXN-9663,PWY-6285,50
RXN-9663,PWY-5971,30
RXN-9663,PWYG-321,51
RXN-9658,PWY-5156,40
RXN-9658,PWY-6285,50
RXN-9658,PWY-5971,30
RXN-9658,PWY1A0-6120,21
RXN-9635,PWY-5156,40
RXN-9635,PWY-6113,82
RXN-9635,PWY-5989,5
RXN-9635,PWYG-321,51
RXN-21693,PWY-8175,30
RXN-16628,PWY-7664,14
RXN-21678,PWY-8175,30
RXN-10657,PWY-6285,50
RXN-10657,PWY-6284,18
RXN-10657,PWY-6282,8
RXN-9660,PWY-5156,40
RXN-9660,PWY-6285,50
RXN-9660,PWY-5971,30
RXN-9660,PWY1A0-6120,21
RXN-21616,PWY-8173,30
RXN-21657,PWY-8174,30
RXN-21657,PWY-8525,20
RXN-21683,PWY-8175,30
RXN-9558,PWY-6285,50
RXN-9558,PWY-6284,18
RXN-9558,PWY-5973,4
RXN-11478,BIOTIN-BIOSYNTHESIS-PWY,13
RXN-11478,PWY-6519,11
RXN-25449,PWY-8595,5
RXN-16624,PWY-7664,14
RXN-16632,PWY-7663,4
RXN-21633,PWY-8173,30
RXN-21624,PWY-8173,30
RXN-11482,BIOTIN-BIOSYNTHESIS-PWY,13
RXN-11482,PWY-6519,11
RXN-21667,PWY-8174,30
RXN-9659,PWY-5156,40
RXN-9659,PWY-6285,50
RXN-9659,PWY-5971,30
RXN-9659,PWY1A0-6120,21
RXN-22024,PWY-8203,4
RXN-21637,PWY-8173,30
RXN-21652,PWY-8174,30
RXN-21652,PWY-8525,20
RXN-21688,PWY-8175,30
RXN-21620,PWY-8173,30
RXN0-2145,PWY-7858,6
RXN0-2145,PWY-6285,50
RXN0-2145,PWY-6284,18
RXN0-2145,PWY0-862,6
RXN-8080,PWY-5199,2
RXN-8081,PWY-5199,2
RXN-21088,PWY-8112,2
RXN-21089,PWY-8112,2
RXN-8078,PWY-5198,1
RXN-21090,PWY-8113,1
RXN-7933,PWY-5154,9
ACETYLORNDEACET-RXN,GLUTORN-PWY,5
ACETYLORNDEACET-RXN,ARGSYN-PWY,9
ACETYLORNDEACET-RXN,ARG+POLYAMINE-SYN,16
SUCCDIAMINOPIMDESUCC-RXN,PWY0-781,24
SUCCDIAMINOPIMDESUCC-RXN,DAPLYSINESYN-PWY,9
SUCCDIAMINOPIMDESUCC-RXN,P4-PWY,17
PEPSYNTH-RXN,PWY-6142,15
PEPSYNTH-RXN,GLYCOLYSIS,12
PEPSYNTH-RXN,PWY-5484,11
PEPSYNTH-RXN,HEXITOLDEGSUPER-PWY,16
PEPSYNTH-RXN,P461-PWY,19
PEPSYNTH-RXN,PWY-6146,46
PEPSYNTH-RXN,PWY-7345,18
PEPSYNTH-RXN,P341-PWY,9
PEPSYNTH-RXN,GLYCOLYSIS-TCA-GLYOX-BYPASS,21
PEPSYNTH-RXN,GLUCONEO-PWY,13
PEPSYNTH-RXN,GLYCOLYSIS-E-D,16
PEPSYNTH-RXN,P441-PWY,21
RXN-11727,PWY-6634,1
RIBOFLAVINKIN-RXN,PWY-6168,9
RIBOFLAVINKIN-RXN,RIBOSYN2-PWY,9
RIBOFLAVINKIN-RXN,PWY-5523,3
RIBOFLAVINKIN-RXN,P381-PWY,26
RIBOFLAVINKIN-RXN,PWY-7863,1
RIBOFLAVINKIN-RXN,PWY66-366,2
FADSYN-RXN,PWY-6168,9
FADSYN-RXN,RIBOSYN2-PWY,9
FADSYN-RXN,PWY-6167,9
FADSYN-RXN,PWY66-366,2
P-PANTOCYSDECARB-RXN,PWY-4221,12
P-PANTOCYSDECARB-RXN,PANTOSYN-PWY,9
P-PANTOCYSDECARB-RXN,PWY-7851,3
P-PANTOCYSDECARB-RXN,COA-PWY,4
P-PANTOCYSDECARB-RXN,PWY-8342,3
P-PANTOCYSDECARB-RXN,COA-PWY-1,4
P-PANTOCYSLIG-RXN,PANTOSYN-PWY,9
P-PANTOCYSLIG-RXN,COA-PWY,4
P-PANTOCYSLIG-RXN,PWY-8342,3
DTMPKI-RXN,PWY-7200,8
DTMPKI-RXN,PWY-7211,18
DTMPKI-RXN,PWY-7187,7
DTMPKI-RXN,PWY-7210,7
DTMPKI-RXN,PWY0-166,14
DTMPKI-RXN,PWY-6545,9
DTMPKI-RXN,PWY-7197,4
DTMPKI-RXN,PWY-7198,5
DTMPKI-RXN,PWY-7184,9
ADPREDUCT-RXN,PWY-6126,7
ADPREDUCT-RXN,PWY-7227,2
ADPREDUCT-RXN,PRPP-PWY,42
ADPREDUCT-RXN,DENOVOPURINE2-PWY,25
ADPREDUCT-RXN,PWY-841,21
ADPREDUCT-RXN,PWY-7229,5
ADPREDUCT-RXN,PWY66-409,17
ADPREDUCT-RXN,PWY-7220,4
RIBONUCLEOSIDE-DIP-REDUCTII-RXN,PWY0-166,14
RXN0-722,PWY0-166,14
RXN0-747,PWY-6126,7
RXN0-747,PRPP-PWY,42
RXN0-747,DENOVOPURINE2-PWY,25
RXN0-747,PWY-7220,4
CDPREDUCT-RXN,PWY-7211,18
CDPREDUCT-RXN,PWY-7210,7
CDPREDUCT-RXN,PWY0-166,14
CDPREDUCT-RXN,PWY-6545,9
CDPREDUCT-RXN,PWY-7198,5
CDPREDUCT-RXN,PWY-7184,9
GDPREDUCT-RXN,PRPP-PWY,42
GDPREDUCT-RXN,DENOVOPURINE2-PWY,25
GDPREDUCT-RXN,PWY-7222,4
GDPREDUCT-RXN,PWY-7226,2
GDPREDUCT-RXN,PWY-7228,6
GDPREDUCT-RXN,PWY-6125,8
GDPREDUCT-RXN,PWY-841,21
UDPREDUCT-RXN,PWY-7211,18
UDPREDUCT-RXN,PWY0-166,14
UDPREDUCT-RXN,PWY-6545,9
UDPREDUCT-RXN,PWY-7184,9
RXN0-748,PRPP-PWY,42
RXN0-748,DENOVOPURINE2-PWY,25
RXN0-748,PWY-7222,4
RXN0-748,PWY-6125,8
RXN-17555,PWY-7772,3
RXN-17555,PWY-7773,4
RXN-10908,PWY-6342,12
RXN-10778,PWY-6313,6
RXN-10817,PWY-5751,3
RXN-10817,2PHENDEG-PWY,2
RXN-10817,PWY-6318,6
RXN-10817,PWY-6071,11
RXN-11067,PWY-6399,1
RXN-11067,PWY-6402,6
RXN-10910,PWY-6342,12
RXN-10907,PWY-6342,12
RXN6666-4,PWY6666-2,5
RXN6666-4,PWY-7431,4
RXN-10913,PWY-6342,12
RXN-5821,PWY-6802,3
RXN-5821,PWY-7431,4
RXN-1401,PWY-3181,2
RXN-1401,PWY-6307,4
RXN-1,PWY-0,3
ALDOSE1EPIM-RXN,PWY-6317,5
ALDOSE-1-EPIMERASE-RXN,PWY0-1466,2
RXN-16649,PWY0-1586,3
RXN-11065,PWY-5265,13
RXN-11351,PWY-6471,11
RXN-16659,PWY0-1586,3
LEUCINE--TRNA-LIGASE-RXN,TRNA-CHARGING-PWY,21
RXN-14065,PWY-7570,1
RXN-14065,PWY-7569,1
HISTCYCLOHYD-RXN,PRPP-PWY,42
HISTCYCLOHYD-RXN,HISTSYN-PWY,7
HISTPRATPHYD-RXN,PRPP-PWY,42
HISTPRATPHYD-RXN,HISTSYN-PWY,7
ANTHRANSYN-RXN,ALL-CHORISMATE-PWY,48
ANTHRANSYN-RXN,PWY-6661,2
ANTHRANSYN-RXN,PWY-6629,12
ANTHRANSYN-RXN,TRPSYN-PWY,5
ANTHRANSYN-RXN,PWY-6662,3
ANTHRANSYN-RXN,COMPLETE-ARO-PWY,17
ANTHRANSYN-RXN,PWY-5958,1
PRTRANS-RXN,ALL-CHORISMATE-PWY,48
PRTRANS-RXN,PWY-6629,12
PRTRANS-RXN,TRPSYN-PWY,5
PRTRANS-RXN,COMPLETE-ARO-PWY,17
IGPSYN-RXN,ALL-CHORISMATE-PWY,48
IGPSYN-RXN,PWY-6629,12
IGPSYN-RXN,TRPSYN-PWY,5
IGPSYN-RXN,COMPLETE-ARO-PWY,17
PRAISOM-RXN,ALL-CHORISMATE-PWY,48
PRAISOM-RXN,PWY-6629,12
PRAISOM-RXN,TRPSYN-PWY,5
PRAISOM-RXN,COMPLETE-ARO-PWY,17
DEPHOSPHOCOAKIN-RXN,PWY-4221,12
DEPHOSPHOCOAKIN-RXN,PANTOSYN-PWY,9
DEPHOSPHOCOAKIN-RXN,PWY-7851,3
DEPHOSPHOCOAKIN-RXN,COA-PWY,4
DEPHOSPHOCOAKIN-RXN,PWY8J2-29,2
DEPHOSPHOCOAKIN-RXN,COA-PWY-1,4
GLUCONATE-5-DEHYDROGENASE-RXN,IDNCAT-PWY,3
GLUCONATE-5-DEHYDROGENASE-RXN,KETOGLUCONMET-PWY,5
NAD-SYNTH-GLN-RXN,PWY-8277,5
NAD-SYNTH-GLN-RXN,PWY-3502,11
NAD-SYNTH-GLN-RXN,PYRIDNUCSAL-PWY,6
NAD-SYNTH-GLN-RXN,PWY0-781,24
NAD-SYNTH-GLN-RXN,PWY3O-4107,4
NAD-SYNTH-GLN-RXN,NADSYN-PWY,8
NAD-SYNTH-GLN-RXN,PYRIDNUCSYN-PWY,6
NAD-SYNTH-GLN-RXN,PWY-7761,5
NAD-SYNTH-GLN-RXN,PWY-5381,7
NAD-SYNTH-GLN-RXN,PWY-5653,3
NAD-SYNTH-GLN-RXN,PWY-8511,5
NAD-SYNTH-GLN-RXN,PWY-8352,5
HOMOCYSMETB12-RXN,PWY-5345,12
HOMOCYSMETB12-RXN,PWY-5347,8
HOMOCYSMETB12-RXN,PWY0-781,24
HOMOCYSMETB12-RXN,MET-SAM-PWY,8
HOMOCYSMETB12-RXN,PWY-5328,11
HOMOCYSMETB12-RXN,P4-PWY,17
HOMOCYSMETB12-RXN,PWY-2201,9
HOMOCYSMETB12-RXN,HOMOSER-METSYN-PWY,4
HOMOCYSMETB12-RXN,PWY-3841,8
HOMOCYSMETB12-RXN,ADENOSYLHOMOCYSCAT-PWY,3
HOMOCYSMETB12-RXN,1CMET2-PWY,7
HOMOCYSMETB12-RXN,HSERMETANA-PWY,4
2-OXOGLUTARATE-SYNTHASE-RXN,P23-PWY,9
2-OXOGLUTARATE-SYNTHASE-RXN,PWY-6146,46
2-OXOGLUTARATE-SYNTHASE-RXN,REDCITCYC,7
2-OXOGLUTARATE-SYNTHASE-RXN,PWY-5392,8
2-OXOGLUTARATE-SYNTHASE-RXN,PWY-6969,7
2-OXOGLUTARATE-SYNTHASE-RXN,P42-PWY,7
2-OXOGLUTARATE-SYNTHASE-RXN,PWY-7254,7
RXN-13141,PWY-8136,2
RXN0-6727,PWY-6938-1,2
RXN-12752,PWY-6938,1
RXN-12752,PWY-6938-1,2
RXN-13142,PWY-8136,2
RXN-13142,PWY-8137,1
ADENPRIBOSYLTRAN-RXN,PWY-7805,7
ADENPRIBOSYLTRAN-RXN,PWY-6605,1
ADENPRIBOSYLTRAN-RXN,PWY66-409,17
ADENPRIBOSYLTRAN-RXN,PWY-6610,3
ADENPRIBOSYLTRAN-RXN,P121-PWY,2
ADENPRIBOSYLTRAN-RXN,PWY-7807,7
RXN0-7012,PWY0-1545,3
RXN0-7012,PWY-8401,11
RXN0-7012,PHOSLIPSYN-PWY,12
CARDIOLIPSYN-RXN,PWY-5668,3
CARDIOLIPSYN-RXN,PWY-8401,11
CARDIOLIPSYN-RXN,PHOSLIPSYN-PWY,12
RXN-8141,PWY-5269,3
RXN-8141,PWY-8401,11
RXN-8141,PWY-7509,3
PROLINE--TRNA-LIGASE-RXN,TRNA-CHARGING-PWY,21
SUPEROX-DISMUT-RXN,PWY-6854,2
SUPEROX-DISMUT-RXN,DETOX1-PWY-1,3
SUPEROX-DISMUT-RXN,DETOX1-PWY,2
RXN0-882,PWY-7560,9
RXN-15878,PWY-7156,14
RXN-15878,PWY-5121,12
RXN-15878,NONMEVIPP-PWY,9
RXN-15878,PWY-6270,9
RXN-15878,PWY-7392,12
GTPPYPHOSKIN-RXN,PPGPPMET-PWY,6
GDPPYPHOSKIN-RXN,PPGPPMET-PWY,6
GLUTAMATE-FORMIMINOTRANSFERASE-RXN,PWY-5030,6
HISTIDINE--TRNA-LIGASE-RXN,TRNA-CHARGING-PWY,21
ASPARTATE--TRNA-LIGASE-RXN,TRNA-CHARGING-PWY,21
RXN-18693,PWY-7887,2
RXN0-2023,PWY-7892,3
RXN0-2023,PWY8J2-27,3
ALANINE--TRNA-LIGASE-RXN,TRNA-CHARGING-PWY,21
SHIKIMATE-5-DEHYDROGENASE-RXN,ALL-CHORISMATE-PWY,48
SHIKIMATE-5-DEHYDROGENASE-RXN,PWY-6163,5
SHIKIMATE-5-DEHYDROGENASE-RXN,PWY-6629,12
SHIKIMATE-5-DEHYDROGENASE-RXN,PWY-6628,10
SHIKIMATE-5-DEHYDROGENASE-RXN,PWY-6165,9
SHIKIMATE-5-DEHYDROGENASE-RXN,ARO-PWY,7
SHIKIMATE-5-DEHYDROGENASE-RXN,COMPLETE-ARO-PWY,17
SHIKIMATE-5-DEHYDROGENASE-RXN,PWY-6630,10
RXN-10952,PWY-6363,1
RXN-10952,PWY-6358,1
RXN0-5408,PWY-4702,4
RXN-7253,PWY-4702,4
MYO-INOSITOL-1OR-4-MONOPHOSPHATASE-RXN,PWY-2301,2
CITSYN-RXN,GLYOXYLATE-BYPASS,4
CITSYN-RXN,PWY-5913,6
CITSYN-RXN,PWY-6549,6
CITSYN-RXN,TCA,7
CITSYN-RXN,PWY-6728,16
CITSYN-RXN,P105-PWY,7
CITSYN-RXN,PWY-561,11
CITSYN-RXN,TCA-GLYOX-BYPASS,9
CITSYN-RXN,PWY-7124,19
CITSYN-RXN,REDCITCYC,7
CITSYN-RXN,FERMENTATION-PWY,13
CITSYN-RXN,GLYCOLYSIS-TCA-GLYOX-BYPASS,21
CITSYN-RXN,PWY-6969,7
CITSYN-RXN,PWY-5690,6
CITSYN-RXN,PWY-7254,7
CITSYN-RXN,PWY66-398,6
CITSYN-RXN,PWY-5464,16
RXN-14353,PWY-7238,7
RXN-12171,PWY-6731,3
RXN-12171,PWY-6737,4
RXN-9025,PWY-5941,5
RXN0-5182,GLYCOCAT-PWY,8
RXN-21092,GLYCOCAT-PWY,8
GLYCOPHOSPHORYL-RXN,PWY-5941,5
GLYCOPHOSPHORYL-RXN,GLYCOCAT-PWY,8
OROPRIBTRANS-RXN,PWY-7211,18
OROPRIBTRANS-RXN,PRPP-PWY,42
OROPRIBTRANS-RXN,PWY-7791,6
OROPRIBTRANS-RXN,PWY-7790,6
OROPRIBTRANS-RXN,PWY-5686,6
OROPRIBTRANS-RXN,PWY0-162,9
RIBOPHOSPHAT-RXN,PWY-6168,9
RIBOPHOSPHAT-RXN,RIBOSYN2-PWY,9
RIBOPHOSPHAT-RXN,PWY-6167,9
RIBOPHOSPHAT-RXN,PWY-7991,4
THI-P-KIN-RXN,THISYN-PWY,9
THI-P-KIN-RXN,PWY-6896,2
THI-P-KIN-RXN,PWY-6893,2
THI-P-KIN-RXN,PWY-6895,8
THI-P-KIN-RXN,PWY-6897,5
THI-P-KIN-RXN,PWY-6894,2
THI-P-KIN-RXN,PWY-8457,3
BIOTIN-CARBOXYL-RXN,PWY-5744,9
BIOTIN-CARBOXYL-RXN,PWY0-1264,3
BIOTIN-CARBOXYL-RXN,PWY-5789,10
BIOTIN-CARBOXYL-RXN,PWY-5743,9
BIOTIN-CARBOXYL-RXN,PWY-7024,14
ACETYL-COA-CARBOXYLTRANSFER-RXN,PWY-5966-1,3
ACETYL-COA-CARBOXYLTRANSFER-RXN,PWY-6113,82
ACETYL-COA-CARBOXYLTRANSFER-RXN,PWY-6679,1
RXN-14567,PWY-7289,2
RXN-14566,PWY-7289,2
RXN-11361,PWY-6823,6
RXN-12473,PWY-6823,6
RXN-24043,PWY-7156,14
RXN-24043,PWY-5121,12
RXN-24043,NONMEVIPP-PWY,9
RXN-24043,PWY-6270,9
RXN-24043,PWY-7392,12
RXN0-884,PWY-7560,9
ISPH2-RXN,PWY-7560,9
RXN-24044,PWY-7156,14
RXN-24044,PWY-5121,12
RXN-24044,NONMEVIPP-PWY,9
RXN-24044,PWY-6270,9
RXN-24044,PWY-7392,12
RXN-25363,PWY-8589,2
RXN-22974,PWY-8354,5
RXN-22974,PWY-8347,4
SUCCCOASYN-RXN,P23-PWY,9
SUCCCOASYN-RXN,PWY-5538,3
SUCCCOASYN-RXN,PWY-6146,46
SUCCCOASYN-RXN,PWY-7384,8
SUCCCOASYN-RXN,TCA,7
SUCCCOASYN-RXN,PWY-6728,16
SUCCCOASYN-RXN,PWY-8560,5
SUCCCOASYN-RXN,TCA-GLYOX-BYPASS,9
SUCCCOASYN-RXN,PWY-5392,8
SUCCCOASYN-RXN,GLYCOLYSIS-TCA-GLYOX-BYPASS,21
SUCCCOASYN-RXN,PWY-6969,7
SUCCCOASYN-RXN,P42-PWY,7
SUCCCOASYN-RXN,PWY-7389,15
SUCCCOASYN-RXN,PWY-5690,6
SUCCCOASYN-RXN,PWY-5537,2
SUCCCOASYN-RXN,PWY66-398,6
SUCCCOASYN-RXN,PWY-5464,16
CARBOXYMETHYLENEBUTENOLIDASE-RXN,PWY-6193,2
CARBOXYMETHYLENEBUTENOLIDASE-RXN,PWY-6087,2
RXN-9890,PWY-6094,4
RXN-9887,PWY-6093,3
RXN-9857,PWY-6084,3
DIENELACHYDRO-RXN,14DICHLORBENZDEG-PWY,3
RXN-9868,PWY-6089,2
DIMETHUROPORDEHYDROG-RXN,PWY-5196,1
DIMETHUROPORDEHYDROG-RXN,PWY-5194,2
DIMETHUROPORDEHYDROG-RXN,PWY-5507,25
DIMETHUROPORDEHYDROG-RXN,PWY-7377,11
SIROHEME-FERROCHELAT-RXN,PWY-5194,2
RXN-17809,PWY-6823,6
ASPCARBTRANS-RXN,PWY-7211,18
ASPCARBTRANS-RXN,PRPP-PWY,42
ASPCARBTRANS-RXN,PWY-7791,6
ASPCARBTRANS-RXN,PWY-7790,6
ASPCARBTRANS-RXN,PWY-5686,6
ASPCARBTRANS-RXN,PWY0-162,9
URACIL-PRIBOSYLTRANS-RXN,PWY-7194,2
URACIL-PRIBOSYLTRANS-RXN,PWY-7208,4
URACIL-PRIBOSYLTRANS-RXN,PWY-7196,10
URACIL-PRIBOSYLTRANS-RXN,PWY-7183,1
GLUCONATE-2-DEHYDROGENASE-RXN,DHGLUCONATE-PYR-CAT-PWY,5
GLUCONATE-2-DEHYDROGENASE-RXN,PWY-7165,4
RXN-11496,PWY-7544,1
RXN-11496,PWY-7545,1
RXN-14014,PWY-724,12
RXN-14014,PWY-2942,6
RXN-14014,PWY0-781,24
RXN-14014,DAPLYSINESYN-PWY,9
RXN-14014,PWY-2941,7
RXN-14014,P4-PWY,17
RXN-14014,PWY-5097,7
1.14.19.3-RXN,PWY-7592,2
1.14.19.3-RXN,PWY-6000,2
RXN-17112,PWY-7726,4
RXN-16132,PWY-7606,4
RXN-13426,PWY-7049,2
NMNAMIDOHYDRO-RXN,PWY-7761,5
GLUTAMATE-DEHYDROGENASE-RXN,GLUTAMATE-DEG1-PWY,1
GLUTAMATE-DEHYDROGENASE-RXN,PWY-8190,4
GLUTAMATE-DEHYDROGENASE-RXN,PWY-5022,5
GLUTAMATE-DEHYDROGENASE-RXN,ALACAT2-PWY,3
GLUTAMATE-DEHYDROGENASE-RXN,PWY-6728,16
GLUTAMATE-DEHYDROGENASE-RXN,PWY-7126,2
GLUTAMATE-DEHYDROGENASE-RXN,P162-PWY,6
CATAL-RXN,PWY-5506,1
CATAL-RXN,DETOX1-PWY-1,3
CATAL-RXN,DETOX1-PWY,2
NICOTINAMID-RXN,P345-PWY,2
NICOTINAMID-RXN,PWY-3502,11
NICOTINAMID-RXN,PYRIDNUCSAL-PWY,6
NICOTINAMID-RXN,PWY3O-4107,4
NICOTINAMID-RXN,PWY-5381,7
NICOTINAMID-RXN,PWY-8511,5
RXN-8961,PWY-5744,9
RXN-8961,PWY-6728,16
RXN-8961,PWY-7024,14
RXN-8961,PWY-5741,11
RXN-8961,PWY-7854,10
MALYL-COA-LYASE-RXN,PWY-6728,16
MALYL-COA-LYASE-RXN,PWY-5743,9
MALYL-COA-LYASE-RXN,PWY-7024,14
MALYL-COA-LYASE-RXN,PWY-5741,11
MALYL-COA-LYASE-RXN,PWY-1622,11
CITRAMALYL-COA-LYASE-RXN,PWY-5749,3
CITRAMALYL-COA-LYASE-RXN,PWY-5744,9
CITRAMALYL-COA-LYASE-RXN,PWY-7024,14
CITRATE--COA-LIGASE-RXN,PWY-5392,8
TREHALOSE6PSYN-RXN,TRESYN-PWY,2
RXN-761,PWY-881,2
RXN-761,PWY-7900,8
RXN-9603,PWY-5983,1
AROMATIC-L-AMINO-ACID-DECARBOXYLASE-RXN,PWY-3181,2
AROMATIC-L-AMINO-ACID-DECARBOXYLASE-RXN,PWY-5290,1
AROMATIC-L-AMINO-ACID-DECARBOXYLASE-RXN,PWY-581,6
AROMATIC-L-AMINO-ACID-DECARBOXYLASE-RXN,PWY-8475,2
AROMATIC-L-AMINO-ACID-DECARBOXYLASE-RXN,PWY-5877,1
AROMATIC-L-AMINO-ACID-DECARBOXYLASE-RXN,PWY-5473,1
AROMATIC-L-AMINO-ACID-DECARBOXYLASE-RXN,PWY-7936,2
AROMATIC-L-AMINO-ACID-DECARBOXYLASE-RXN,PWY-6307,4
RXN-19124,PWY-7936,2
TYROSINE-DECARBOXYLASE-RXN,PWY-5254,4
TYROSINE-DECARBOXYLASE-RXN,PWY-7826,2
TYROSINE-DECARBOXYLASE-RXN,PWY-3581,3
TYROSINE-DECARBOXYLASE-RXN,PWY-5474,1
TYROSINE-DECARBOXYLASE-RXN,PWY-7297,1
TYROSINE-DECARBOXYLASE-RXN,PWY-6802,3
TYROSINE-DECARBOXYLASE-RXN,PWY-6133,1
RXN3DJ-170,PWY-6030,2
RXN66-221,PWY-3581,3
RXN66-221,PWY-5426,2
RXN66-221,PWY-5403,1
RXN66-221,PWY-8110,1
RXN66-221,PWY66-301,2
RXN66-221,PWY-5405,2
PHENYLALANINE-DECARBOXYLASE-RXN,PWY-5751,3
PHENYLALANINE-DECARBOXYLASE-RXN,PWY-6318,6
ACETOACETATE--COA-LIGASE-RXN,PWY-8058,3
PORPHOBILSYNTH-RXN,PWY-5918,9
PORPHOBILSYNTH-RXN,PWY-5188,6
PORPHOBILSYNTH-RXN,PWY-5189,4
PORPHOBILSYNTH-RXN,PWY-5529,15
PORPHOBILSYNTH-RXN,PWY-5920,7
PORPHOBILSYNTH-RXN,P381-PWY,26
PORPHOBILSYNTH-RXN,PWY-5507,25
GSAAMINOTRANS-RXN,PWY-5918,9
GSAAMINOTRANS-RXN,PWY-5188,6
GSAAMINOTRANS-RXN,P381-PWY,26
GSAAMINOTRANS-RXN,PWY-5507,25
RXN-9220,PWY-5850,10
RXN-9220,PWY-5849,1
RXN-19667,PWY-7996,1
RXN-9362,PWY-5891,2
RXN-9362,PWY-5897,9
RXN-9205,PWY-5844,1
RXN-9205,PWY-5845,10
RXN-9191,PWY-5839,2
RXN-9191,PWY-5840,10
ADOMET-DMK-METHYLTRANSFER-RXN,ALL-CHORISMATE-PWY,48
ADOMET-DMK-METHYLTRANSFER-RXN,MENAQUINONESYN-PWY,1
ADOMET-DMK-METHYLTRANSFER-RXN,PWY-7992,6
ADOMET-DMK-METHYLTRANSFER-RXN,PWY-6263,7
ADOMET-DMK-METHYLTRANSFER-RXN,PWY-5838,10
RXN-11046,PWY-8537,1
RXN-11046,PWY-8538,9
RXN-9366,PWY-5899,9
RXN-9366,PWY-5895,2
RXN-9363,PWY-5892,2
RXN-9363,PWY-5898,9
RXN-9361,PWY-5896,9
RXN-9361,PWY-5890,2
RXN-9227,PWY-5855,5
RXN-9227,PWY-5873,4
RXN-25156,PWY-8570,2
2-OCTAPRENYL-METHOXY-BENZOQ-METH-RXN,ALL-CHORISMATE-PWY,48
2-OCTAPRENYL-METHOXY-BENZOQ-METH-RXN,UBISYN-PWY,9
2-OCTAPRENYL-METHOXY-BENZOQ-METH-RXN,PWY-5870,5
2-OCTAPRENYL-METHOXY-BENZOQ-METH-RXN,PWY-6708,5
2-OCTAPRENYL-METHOXY-BENZOQ-METH-RXN,PWY-8533,5
RXN-11754,PWY-8534,4
RXN-11754,PWY-8535,5
RXN3O-54,PWY3O-19,4
RXN3O-54,PWY-7235,5
RXN3O-54,PWY-7230,4
RXN-9235,PWY-5857,5
RXN-9235,PWY-8571,5
RXN-9235,PWY-5872,3
RXN-9242,PWY-5871,4
RXN-9242,PWY-5856,5
RXN-8992,ALL-CHORISMATE-PWY,48
RXN-8992,UBISYN-PWY,9
RXN-8992,PWY-5861,9
RXN-8992,PWY-7992,6
RXN-8992,POLYISOPRENSYN-PWY,5
RXN-8992,PWY-5783,1
RXN-8992,PWY-6263,7
RXN-8992,PWY-5838,10
RXN0-5224,PWY-5744,9
RXN0-5224,PWY-6142,15
RXN0-5224,PWY-6146,46
RXN0-5224,PWY-5789,10
RXN0-5224,PWYQT-4429,2
RXN0-5224,PWY-7115,8
RXN0-5224,PWY-5743,9
RXN0-5224,PWY-7024,14
RXN0-5224,PWY-7117,9
RXN0-5224,PWY-241,4
RXN0-5224,CYANCAT-PWY,1
RXN-14570,PWY0-1587,2
RXN-17517,PWY-7766,3
PROTOPORGENOXI-RXN,PWY-5918,9
PROTOPORGENOXI-RXN,HEME-BIOSYNTHESIS-II,3
PROTOPORGENOXI-RXN,PWY-5920,7
PROTOPORGENOXI-RXN,CHLOROPHYLL-SYN,6
PROTOPORGENOXI-RXN,PWY-7159,6
BETA-UREIDOPROPIONASE-RXN,PWY-7209,4
BETA-UREIDOPROPIONASE-RXN,PWY-3982,2
RXN-11210,PWY-6430,2
ALLANTOATE-DEIMINASE-RXN,PWY-5692,4
ALLANTOATE-DEIMINASE-RXN,PWY-5705,4
ALLANTOATE-DEIMINASE-RXN,PWY0-41,4
ALLANTOATE-DEIMINASE-RXN,URDEGR-PWY,6
ALLANTOATE-DEIMINASE-RXN,PWY-5698,3
RXN-20556,PWY-8051,11
GLYCPDIESTER-RXN,PWY0-381,3
GLYCPDIESTER-RXN,PWY-6952,2
RXN-14160,PWY-7409,3
AGMATIN-RXN,PWY-6305,4
AGMATIN-RXN,ARGDEG-PWY,9
AGMATIN-RXN,POLYAMSYN-PWY,7
AGMATIN-RXN,PWY-40,2
AGMATIN-RXN,PWY0-823,2
AGMATIN-RXN,ORNARGDEG-PWY,10
AGMATIN-RXN,ARG+POLYAMINE-SYN,16
RXN-15943,PWY0-1569,3
XYLULOKIN-RXN,XYLCAT-PWY,2
XYLULOKIN-RXN,PWY-5257,30
XYLULOKIN-RXN,PWY-6901,17
XYLULOKIN-RXN,LARABITOLUTIL-PWY,2
XYLULOKIN-RXN,DARABITOLUTIL-PWY,2
RXN0-5461,PWY0-1569,3
KETOGLUTREDUCT-RXN,PWY-8190,4
KETOGLUTREDUCT-RXN,P162-PWY,6
PGLYCDEHYDROG-RXN,SERSYN-PWY,3
PGLYCDEHYDROG-RXN,SULFATE-CYS-PWY,9
PGLYCDEHYDROG-RXN,PWY-8010,2
PGLYCDEHYDROG-RXN,SER-GLYSYN-PWY,4
RXN-12902,PWY-6965,3
RXN-12902,PWY-6962,5
LCARNCOALIG-RXN,CARNMET-PWY,4
RXN-9914,PWY-6107,3
RXN-9912,PWY-6107,3
RXN-10078,PWY-6184,2
RXN-10079,PWY-6184,2
SALICYLATE-1-MONOOXYGENASE-RXN,PWY-6182,7
SALICYLATE-1-MONOOXYGENASE-RXN,PWY-6954,33
SALICYLATE-1-MONOOXYGENASE-RXN,PWY-6956,10
SALICYLATE-1-MONOOXYGENASE-RXN,PWY-6183,1
RXN-14025,PWY-7821,2
RXN-14025,PWY-7185,5
RXN-7607,PWY-5044,9
RXN-7607,P165-PWY,15
RXN-7607,PWY-6596,6
AMP-DEPHOSPHORYLATION-RXN,PWY-6353,11
AMP-DEPHOSPHORYLATION-RXN,SALVADEHYPOX-PWY,5
XMPXAN-RXN,PWY-5044,9
XMPXAN-RXN,PWY-5695,4
XMPXAN-RXN,URSIN-PWY,7
XMPXAN-RXN,PWY-6353,11
XMPXAN-RXN,P165-PWY,15
XMPXAN-RXN,PWY-6596,6
RXN-5841,NAD-BIOSYNTHESIS-II,3
RXN-5841,PWY-5381,7
RXN-7609,PWY-6606,4
RXN-7609,PWY-5044,9
RXN-7609,PWY-6608,4
RXN-7609,PWY-6607,3
RXN-7609,PWY-6353,11
RXN-7609,P165-PWY,15
RXN-7609,PWY-6595,5
RXN-14026,PWY-7185,5
MALSYN-RXN,PWY-7294,5
MALSYN-RXN,PWY-7295,5
MALSYN-RXN,PWY-5257,30
MALSYN-RXN,GLYOXYLATE-BYPASS,4
MALSYN-RXN,GLYOXDEG-PWY,1
MALSYN-RXN,GLYCOL-GLYOXDEG-PWY,6
MALSYN-RXN,PWY-561,11
MALSYN-RXN,TCA-GLYOX-BYPASS,9
MALSYN-RXN,GLYCOLYSIS-TCA-GLYOX-BYPASS,21
MALSYN-RXN,PWY-7118,4
MALSYN-RXN,PWY-7854,10
HOMOSERKIN-RXN,PWY-724,12
HOMOSERKIN-RXN,PWY0-781,24
HOMOSERKIN-RXN,P4-PWY,17
HOMOSERKIN-RXN,PWY-3001,11
HOMOSERKIN-RXN,PWY-702,3
HOMOSERKIN-RXN,HOMOSER-THRESYN-PWY,2
HOMOSERKIN-RXN,THRESYN-PWY,6
ORNCARBAMTRANSFER-RXN,PWY-4984,4
ORNCARBAMTRANSFER-RXN,PWY2PN3-13,4
ORNCARBAMTRANSFER-RXN,ARGDEGRAD-PWY,2
ORNCARBAMTRANSFER-RXN,PWY-5004,9
ORNCARBAMTRANSFER-RXN,CITRULBIO-PWY,7
ORNCARBAMTRANSFER-RXN,PWY-6344,5
ORNCARBAMTRANSFER-RXN,ARGSYN-PWY,9
ORNCARBAMTRANSFER-RXN,PWY-7400,4
ORNCARBAMTRANSFER-RXN,CITRULLINE-DEG-PWY,1
ORNCARBAMTRANSFER-RXN,ARGSYNBSUB-PWY,10
ORNCARBAMTRANSFER-RXN,PWY-8187,4
ORNCARBAMTRANSFER-RXN,ARG+POLYAMINE-SYN,16
MYO-INOSITOL-1-PHOSPHATE-SYNTHASE-RXN,PWY-4661,3
MYO-INOSITOL-1-PHOSPHATE-SYNTHASE-RXN,PWY-2301,2
MYO-INOSITOL-1-PHOSPHATE-SYNTHASE-RXN,PWY-6580,2
MYO-INOSITOL-1-PHOSPHATE-SYNTHASE-RXN,PWY-6372,3
MYO-INOSITOL-1-PHOSPHATE-SYNTHASE-RXN,PWY1G-0,5
MYO-INOSITOL-1-PHOSPHATE-SYNTHASE-RXN,PWY-6664,3
PHOSPHAGLYPSYN-RXN,PWY0-1545,3
PHOSPHAGLYPSYN-RXN,PWY-7817,7
PHOSPHAGLYPSYN-RXN,PHOSLIPSYN2-PWY,18
PHOSPHAGLYPSYN-RXN,PWY-5269,3
PHOSPHAGLYPSYN-RXN,PWY-5668,3
PHOSPHAGLYPSYN-RXN,PWY-8401,11
PHOSPHAGLYPSYN-RXN,PHOSLIPSYN-PWY,12
PHOSPHAGLYPSYN-RXN,PWY4FS-8,6
PHOSPHAGLYPSYN-RXN,PWY4FS-7,6
RXN-23019,PWY-8356,3
RXN-12134,PWY-6710,4
RXN-12134,PWY-8395,3
RXN-23497,PWY-8399,10
RXN-23424,PWY-8397,16
RXN-23422,PWY-8397,16
RXN-23495,PWY-8399,10
RXN-17589,PWY-7778,7
RXN-23500,PWY-8400,6
RXN-23020,PWY-8356,3
RXN-23020,PWY-8400,6
RXN-22220,PWY-8395,3
RXN-12140,PWY-6710,4
RXN-12142,PWY-6710,4
RXN-23425,PWY-8397,16
RXN-23426,PWY-8397,16
RXN-12141,PWY-6710,4
2-NITROPROPANE-DIOXYGENASE-RXN,PWY-723,1
RXN0-6510,PWY0-321,9
RXN0-6510,PWY-6071,11
ASNSYNB-RXN,ASPARAGINE-BIOSYNTHESIS,1
ASNSYNB-RXN,PWY0-1325,1
5-DEHYDRO-2-DEOXYGLUCONOKINASE-RXN,P562-PWY,6
5-DEHYDRO-2-DEOXYGLUCONOKINASE-RXN,PWY-7237,9
DTDPDEHYRHAMREDUCT-RXN,OANTIGEN-PWY,10
DTDPDEHYRHAMREDUCT-RXN,PWY-7317,9
DTDPDEHYRHAMREDUCT-RXN,DTDPRHAMSYN-PWY,4
DTDPDEHYRHAMREDUCT-RXN,PWY-6404,24
RXN-14149,P562-PWY,6
RXN-14149,PWY-7237,9
2PGADEHYDRAT-RXN,PWY-5723,10
2PGADEHYDRAT-RXN,ANAGLYCOLYSIS-PWY,11
2PGADEHYDRAT-RXN,PWY-7003,12
2PGADEHYDRAT-RXN,PWY-6142,15
2PGADEHYDRAT-RXN,GLYCOLYSIS,12
2PGADEHYDRAT-RXN,PWY-8004,9
2PGADEHYDRAT-RXN,PWY-1042,7
2PGADEHYDRAT-RXN,ANAEROFRUCAT-PWY,12
2PGADEHYDRAT-RXN,NPGLUCAT-PWY,8
2PGADEHYDRAT-RXN,PWY-5484,11
2PGADEHYDRAT-RXN,HEXITOLDEGSUPER-PWY,16
2PGADEHYDRAT-RXN,P461-PWY,19
2PGADEHYDRAT-RXN,PWY-7218,19
2PGADEHYDRAT-RXN,PWY-6146,46
2PGADEHYDRAT-RXN,PWY-7345,18
2PGADEHYDRAT-RXN,P341-PWY,9
2PGADEHYDRAT-RXN,PWY-8404,10
2PGADEHYDRAT-RXN,PWY-6901,17
2PGADEHYDRAT-RXN,P124-PWY,15
2PGADEHYDRAT-RXN,PWY-7124,19
2PGADEHYDRAT-RXN,P122-PWY,17
2PGADEHYDRAT-RXN,PWY-6886,19
2PGADEHYDRAT-RXN,PWY-2221,9
2PGADEHYDRAT-RXN,GLYCOLYSIS-TCA-GLYOX-BYPASS,21
2PGADEHYDRAT-RXN,GLUCONEO-PWY,13
2PGADEHYDRAT-RXN,PWY66-399,11
2PGADEHYDRAT-RXN,GLYCOLYSIS-E-D,16
2PGADEHYDRAT-RXN,PWY-5464,16
2PGADEHYDRAT-RXN,P441-PWY,21
2PGADEHYDRAT-RXN,PWY-1622,11
XYLISOM-RXN,XYLCAT-PWY,2
XYLISOM-RXN,PWY-5257,30
XYLISOM-RXN,PWY-6901,17
D-RIBULOKIN-RXN,PWY-5257,30
D-RIBULOKIN-RXN,PWY-8334,3
D-RIBULOKIN-RXN,RIBITOLUTIL-PWY,2
D-RIBULOKIN-RXN,DARABCAT-PWY,2
RXN0-5116,PWY-5257,30
RXN0-5116,ARABCAT-PWY,3
ARABISOM-RXN,PWY-5257,30
ARABISOM-RXN,ARABCAT-PWY,3
RIBULPEPIM-RXN,PWY-5257,30
RIBULPEPIM-RXN,ARABCAT-PWY,3
RIBULPEPIM-RXN,LYXMET-PWY,3
RIBULPEPIM-RXN,PWY-6961,4
RIBULPEPIM-RXN,PWY0-301,2
GLUC1PURIDYLTRANS-RXN,PWY-3801,4
GLUC1PURIDYLTRANS-RXN,PWY-7817,7
GLUC1PURIDYLTRANS-RXN,PWY-7328,6
GLUC1PURIDYLTRANS-RXN,PWY-7345,18
GLUC1PURIDYLTRANS-RXN,PWY-7238,7
GLUC1PURIDYLTRANS-RXN,COLANSYN-PWY,9
GLUC1PURIDYLTRANS-RXN,SUCSYN-PWY,8
GLUC1PURIDYLTRANS-RXN,PWY-7343,2
GLUC1PURIDYLTRANS-RXN,PWY-6527,6
RIB5PISOM-RXN,PWY-5723,10
RIB5PISOM-RXN,PWY-8178,6
RIB5PISOM-RXN,PWY-1861,9
RIB5PISOM-RXN,PENTOSE-P-PWY,8
RIB5PISOM-RXN,PWY-7218,19
RIB5PISOM-RXN,P185-PWY,11
RIB5PISOM-RXN,PWY-6901,17
RIB5PISOM-RXN,P124-PWY,15
RIB5PISOM-RXN,PWY-7124,19
RIB5PISOM-RXN,PWY-6886,19
RIB5PISOM-RXN,CALVIN-PWY,12
RIB5PISOM-RXN,NONOXIPENT-PWY,5
RIB5PISOM-RXN,PHOTOALL-PWY,13
RXN-3341,RUMP-PWY,6
RXN-9952,PENTOSE-P-PWY,8
RXN-9952,PWY-6901,17
RXN-9952,OXIDATIVEPENT-PWY,3
1.5.1.20-RXN,PWY-2201,9
THREONINE-ALDOLASE-RXN,THREOCAT-PWY,14
THREONINE-ALDOLASE-RXN,GLYSYN-THR-PWY,1
THREONINE-ALDOLASE-RXN,PWY-5436,2
RXN-25010,PWY-8561,2
RXN-12588,PWY0-1021,1
RXN-12588,PWY-8452,1
RXN-12588,PWY0-1061,3
RXN-25085,PWY-8566,1
RXN8J2-191,PWY8J2-27,3
RXN-21560,PWY-8165,1
RXN-15881,PWY-7250,2
RXN-21566,PWY-8164,1
RXN-22698,PWY-6823,6
RXN-9787,THISYN-PWY,9
RXN-9787,PWY-8618,2
RXN-9787,PWY-6892,5
RXN-22700,PWY-7892,3
RXN-14385,PWY-7250,2
RXN0-6483,PWY0-1479,10
RXN0-6484,PWY0-1479,10
RXN-18448,PWY-5134,3
RXN-18448,PWY-5108,2
RXN-18448,PWY-7857,1
RXN-18447,PWY-5134,3
RXN-18447,PWY-5133,1
RXN-18446,PWY-5132,1
RXN-18446,PWY-5134,3
ACETATE--COA-LIGASE-RXN,PWY-8328,1
ACETATE--COA-LIGASE-RXN,PWY66-162,3
ACETATE--COA-LIGASE-RXN,PWY-8303,7
ACETATE--COA-LIGASE-RXN,ACETATEUTIL-PWY,3
ACETATE--COA-LIGASE-RXN,PWY0-1313,1
ACETATE--COA-LIGASE-RXN,PWY-6672,3
ACETATE--COA-LIGASE-RXN,PWY-7118,4
ACETATE--COA-LIGASE-RXN,PWY66-161,2
ACETATE--COA-LIGASE-RXN,PWY66-21,3
CHOLINE-SULFATASE-RXN,P542-PWY,3
PEPDEPHOS-RXN,PWY-5723,10
PEPDEPHOS-RXN,ANAGLYCOLYSIS-PWY,11
PEPDEPHOS-RXN,PWY-7003,12
PEPDEPHOS-RXN,GLYCOLYSIS,12
PEPDEPHOS-RXN,PWY-8004,9
PEPDEPHOS-RXN,PWY-1042,7
PEPDEPHOS-RXN,ANAEROFRUCAT-PWY,12
PEPDEPHOS-RXN,NPGLUCAT-PWY,8
PEPDEPHOS-RXN,PWY-5484,11
PEPDEPHOS-RXN,HEXITOLDEGSUPER-PWY,16
PEPDEPHOS-RXN,P461-PWY,19
PEPDEPHOS-RXN,PWY-7218,19
PEPDEPHOS-RXN,PWY-7345,18
PEPDEPHOS-RXN,P341-PWY,9
PEPDEPHOS-RXN,PWY-8404,10
PEPDEPHOS-RXN,PWY-6901,17
PEPDEPHOS-RXN,P124-PWY,15
PEPDEPHOS-RXN,P122-PWY,17
PEPDEPHOS-RXN,PWY-6886,19
PEPDEPHOS-RXN,FERMENTATION-PWY,13
PEPDEPHOS-RXN,PWY-2221,9
PEPDEPHOS-RXN,GLYCOLYSIS-TCA-GLYOX-BYPASS,21
PEPDEPHOS-RXN,PWY-7389,15
PEPDEPHOS-RXN,GLYCOLYSIS-E-D,16
PEPDEPHOS-RXN,PWY-7383,7
PEPDEPHOS-RXN,PWY-5464,16
PEPDEPHOS-RXN,P441-PWY,21
DCTP-DEAM-RXN,PWY-7187,7
DCTP-DEAM-RXN,PWY0-166,14
HYPOXANPRIBOSYLTRAN-RXN,PWY-6609,4
HYPOXANPRIBOSYLTRAN-RXN,PWY66-409,17
HYPOXANPRIBOSYLTRAN-RXN,PWY-6610,3
GUANPRIBOSYLTRAN-RXN,PWY-6599,2
GUANPRIBOSYLTRAN-RXN,PWY-6620,2
GUANPRIBOSYLTRAN-RXN,PWY66-409,17
GUANPRIBOSYLTRAN-RXN,PWY-6579,3
ADENINE-DEAMINASE-RXN,PWY-6610,3
ADDALT-RXN,PWY-7179-1,3
ADDALT-RXN,PWY0-1297,7
ADDALT-RXN,PWY-7179,4
ADENODEAMIN-RXN,PWY-6353,11
ADENODEAMIN-RXN,PWY-6609,4
ADENODEAMIN-RXN,PWY66-409,17
ADENODEAMIN-RXN,PWY-6611,3
ADENODEAMIN-RXN,PWY0-1296,6
ADENODEAMIN-RXN,SALVADEHYPOX-PWY,5
CYTIDEAM2-RXN,PWY-7209,4
CYTIDEAM2-RXN,PWY0-1295,2
CYTIDEAM2-RXN,PWY-6556,2
CYTIDEAM2-RXN,PWY-7193,3
CYTIDEAM2-RXN,PWY-7196,10
CYTIDEAM-RXN,PWY-7200,8
CYTIDEAM-RXN,PWY0-1298,6
CYTIDEAM-RXN,PWY-7199,4
CYTIDEAM-RXN,PWY-7181,3
RXN-15261,PWY-7442,4
GUANINE-DEAMINASE-RXN,PWY-6606,4
GUANINE-DEAMINASE-RXN,PWY-5044,9
GUANINE-DEAMINASE-RXN,PWY-6608,4
GUANINE-DEAMINASE-RXN,P164-PWY,7
GUANINE-DEAMINASE-RXN,PWY-6353,11
GUANINE-DEAMINASE-RXN,P165-PWY,15
GUANINE-DEAMINASE-RXN,PWY-5497,15
GUANINE-DEAMINASE-RXN,PWY-6595,5
PPENTOMUT-RXN,PWY0-1296,6
D-PPENTOMUT-RXN,PWY0-1298,6
D-PPENTOMUT-RXN,PWY-7180,3
D-PPENTOMUT-RXN,PWY0-1297,7
RXN-12579,PWY-6857,3
TRIACYLGLYCEROL-LIPASE-RXN,LIPAS-PWY,2
GLYRIBONUCSYN-RXN,PWY-6122,4
GLYRIBONUCSYN-RXN,PWY-6121,5
GLYRIBONUCSYN-RXN,PWY-6277,5
GLYRIBONUCSYN-RXN,PRPP-PWY,42
GLYRIBONUCSYN-RXN,DENOVOPURINE2-PWY,25
GLYRIBONUCSYN-RXN,PWY-841,21
RXN0-743,PRPP-PWY,42
RXN0-743,DENOVOPURINE2-PWY,25
RXN0-743,PWY-7234,6
RXN0-743,PWY-6123,6
AICARSYN-RXN,PWY-6124,5
AICARSYN-RXN,PRPP-PWY,42
AICARSYN-RXN,DENOVOPURINE2-PWY,25
AICARSYN-RXN,PWY-7234,6
AICARSYN-RXN,PWY-841,21
AICARSYN-RXN,PWY-6123,6
RXN-22497,PWY-8289,4
AMPSYN-RXN,PWY-6126,7
AMPSYN-RXN,PRPP-PWY,42
AMPSYN-RXN,DENOVOPURINE2-PWY,25
AMPSYN-RXN,PWY-7219,3
AMPSYN-RXN,PWY-841,21
AMPSYN-RXN,PWY-7229,5
AMPSYN-RXN,PWY66-409,17
SAICARSYN-RXN,PWY-6124,5
SAICARSYN-RXN,PRPP-PWY,42
SAICARSYN-RXN,DENOVOPURINE2-PWY,25
SAICARSYN-RXN,PWY-7234,6
SAICARSYN-RXN,PWY-841,21
SAICARSYN-RXN,PWY-6123,6
FGAMSYN-RXN,PWY-6122,4
FGAMSYN-RXN,PWY-6121,5
FGAMSYN-RXN,PWY-6277,5
FGAMSYN-RXN,PRPP-PWY,42
FGAMSYN-RXN,DENOVOPURINE2-PWY,25
FGAMSYN-RXN,PWY-841,21
PRPPAMIDOTRANS-RXN,PWY-6122,4
PRPPAMIDOTRANS-RXN,PWY-6121,5
PRPPAMIDOTRANS-RXN,PWY-6277,5
PRPPAMIDOTRANS-RXN,PRPP-PWY,42
PRPPAMIDOTRANS-RXN,DENOVOPURINE2-PWY,25
PRPPAMIDOTRANS-RXN,PWY-841,21
GART-RXN,PWY-6121,5
GART-RXN,PWY-6277,5
GART-RXN,FOLSYN-PWY,11
GART-RXN,PWY-841,21
GART-RXN,PWY-6613,2
AICARTRANSFORM-RXN,PWY-6124,5
AICARTRANSFORM-RXN,PRPP-PWY,42
AICARTRANSFORM-RXN,DENOVOPURINE2-PWY,25
AICARTRANSFORM-RXN,PWY-841,21
AICARTRANSFORM-RXN,PWY-6123,6
IMPCYCLOHYDROLASE-RXN,PWY-6124,5
IMPCYCLOHYDROLASE-RXN,PRPP-PWY,42
IMPCYCLOHYDROLASE-RXN,DENOVOPURINE2-PWY,25
IMPCYCLOHYDROLASE-RXN,PWY-7234,6
IMPCYCLOHYDROLASE-RXN,PWY-841,21
IMPCYCLOHYDROLASE-RXN,PWY-6123,6
RXN-11832,PWY-7205,2
RXN-11832,PWY-7196,10
RXN-7913,PWY-7200,8
RXN-7913,PWY-7197,4
2.5.1.19-RXN,ALL-CHORISMATE-PWY,48
2.5.1.19-RXN,PWY-6163,5
2.5.1.19-RXN,PWY-6629,12
2.5.1.19-RXN,PWY-6628,10
2.5.1.19-RXN,PWY-6165,9
2.5.1.19-RXN,ARO-PWY,7
2.5.1.19-RXN,COMPLETE-ARO-PWY,17
2.5.1.19-RXN,PWY-6630,10
PREPHENATEDEHYDROG-RXN,ALL-CHORISMATE-PWY,48
PREPHENATEDEHYDROG-RXN,PWY-7303,1
PREPHENATEDEHYDROG-RXN,TYRSYN,3
PREPHENATEDEHYDROG-RXN,COMPLETE-ARO-PWY,17
PREPHENATEDEHYDROG-RXN,PWY-6630,10
PREPHENATEDEHYDROG-RXN,PWY-8369,4
DAHPSYN-RXN,ALL-CHORISMATE-PWY,48
DAHPSYN-RXN,PWY-6629,12
DAHPSYN-RXN,PWY-6628,10
DAHPSYN-RXN,ARO-PWY,7
DAHPSYN-RXN,COMPLETE-ARO-PWY,17
DAHPSYN-RXN,PWY-6164,2
DAHPSYN-RXN,PWY-6630,10
HISTAMINOTRANS-RXN,PRPP-PWY,42
HISTAMINOTRANS-RXN,HISTSYN-PWY,7
TRYPTOPHAN--TRNA-LIGASE-RXN,TRNA-CHARGING-PWY,21
GCVP-RXN,GLYCLEAV-PWY,3
GCVP-RXN,GLYCINE-SYN2-PWY,3
BETAGALACTOSID-RXN,BGALACT-PWY,1
RXN-12398,PWY-6807,6
RXN-12399,PWY-6807,6
RXN-12400,PWY-6807,6
UDPNACETYLMURAMATEDEHYDROG-RXN,PWY-6385,10
UDPNACETYLMURAMATEDEHYDROG-RXN,PWY-5265,13
UDPNACETYLMURAMATEDEHYDROG-RXN,PEPTIDOGLYCANSYN-PWY,10
UDPNACETYLMURAMATEDEHYDROG-RXN,PWY-7953,6
UDPNACETYLMURAMATEDEHYDROG-RXN,PWY-6470,11
UDPNACETYLMURAMATEDEHYDROG-RXN,PWY-6471,11
UDPNACETYLMURAMATEDEHYDROG-RXN,PWY0-1261,12
UDPNACETYLMURAMATEDEHYDROG-RXN,PWY-6387,8
UDPNACETYLMURAMATEDEHYDROG-RXN,PWY-6386,7
METHYLENETHFDEHYDROG-NADP-RXN,CODH-PWY,5
METHYLENETHFDEHYDROG-NADP-RXN,PWY-1722,3
METHYLENETHFDEHYDROG-NADP-RXN,PWY-7909,3
METHYLENETHFDEHYDROG-NADP-RXN,PWY-6146,46
METHYLENETHFDEHYDROG-NADP-RXN,PWY-8303,7
METHYLENETHFDEHYDROG-NADP-RXN,PWY-2201,9
METHYLENETHFDEHYDROG-NADP-RXN,PWY-3841,8
METHYLENETHFDEHYDROG-NADP-RXN,PWY-5497,15
METHYLENETHFDEHYDROG-NADP-RXN,1CMET2-PWY,7
METHENYLTHFCYCLOHYDRO-RXN,CODH-PWY,5
METHENYLTHFCYCLOHYDRO-RXN,PWY-1722,3
METHENYLTHFCYCLOHYDRO-RXN,PWY-5030,6
METHENYLTHFCYCLOHYDRO-RXN,PWY-7909,3
METHENYLTHFCYCLOHYDRO-RXN,PWY-6146,46
METHENYLTHFCYCLOHYDRO-RXN,P164-PWY,7
METHENYLTHFCYCLOHYDRO-RXN,FOLSYN-PWY,11
METHENYLTHFCYCLOHYDRO-RXN,PWY-8480,6
METHENYLTHFCYCLOHYDRO-RXN,PWY-8303,7
METHENYLTHFCYCLOHYDRO-RXN,PWY-6613,2
METHENYLTHFCYCLOHYDRO-RXN,PWY-2201,9
METHENYLTHFCYCLOHYDRO-RXN,PWY-3841,8
METHENYLTHFCYCLOHYDRO-RXN,PWY-5497,15
METHENYLTHFCYCLOHYDRO-RXN,1CMET2-PWY,7
DXPREDISOM-RXN,PWY-7156,14
DXPREDISOM-RXN,PWY-5121,12
DXPREDISOM-RXN,NONMEVIPP-PWY,9
DXPREDISOM-RXN,PWY-6270,9
DXPREDISOM-RXN,PWY-7560,9
DXPREDISOM-RXN,PWY-7392,12
FUCPALDOL-RXN,PWY-5197,3
FUCPALDOL-RXN,FUC-RHAMCAT-PWY,10
FUCPALDOL-RXN,FUCCAT-PWY,4
DARABALDOL-RXN,PWY-8440,3
DARABALDOL-RXN,DARABCATK12-PWY,4
DARABALDOL-RXN,PWY-5257,30
RXN-12002,PWY-7211,18
RXN-12002,PRPP-PWY,42
RXN-12002,PWY-7176,3
RXN-12002,PWY-7208,4
RXN-12002,PWY-7196,10
RXN-12002,PWY0-162,9
RXN-8999,POLYISOPRENSYN-PWY,5
RXN-8999,PWY-5785,2
CDPDIGLYSYN-RXN,PWY-5981,3
CDPDIGLYSYN-RXN,PWY-7817,7
CDPDIGLYSYN-RXN,PHOSLIPSYN2-PWY,18
CDPDIGLYSYN-RXN,PWY0-1319,4
CDPDIGLYSYN-RXN,PWY-8401,11
CDPDIGLYSYN-RXN,PHOSLIPSYN-PWY,12
CDPDIGLYSYN-RXN,PWY4FS-8,6
CDPDIGLYSYN-RXN,PWY-5667,4
CDPDIGLYSYN-RXN,PWY4FS-7,6
CREATININASE-RXN,CRNFORCAT-PWY,4
AMINO-CARBOXYMUCONATE-SEMIALDEHYDE-RXN,PWY-5652,3
AMINO-CARBOXYMUCONATE-SEMIALDEHYDE-RXN,PWY-5647,5
AMINO-CARBOXYMUCONATE-SEMIALDEHYDE-RXN,PWY-6505,12
AMINO-CARBOXYMUCONATE-SEMIALDEHYDE-RXN,PWY-6309,10
AMINO-CARBOXYMUCONATE-SEMIALDEHYDE-RXN,PWY-5655,12
AMINO-CARBOXYMUCONATE-SEMIALDEHYDE-RXN,PWY-5654,4
AMINO-CARBOXYMUCONATE-SEMIALDEHYDE-RXN,TRYPTOPHAN-DEGRADATION-1,10
RXN-10912,PWY-6342,12
RXN-10089,PWY-6181,1
RXN-14280,PWY-8029,1
ALDHDEHYDROG-RXN,PWY-7245,7
ALDHDEHYDROG-RXN,PWY-7269,4
RXN-37,PWY-0,3
RXN-10917,PWY-6342,12
RXN66-3,PWY-7387,2
RXN66-3,PWY66-162,3
RXN66-3,PWY66-161,2
RXN66-3,PWY66-21,3
RXN-16656,PWY3DJ-11470,6
RXN-16655,PWY3DJ-11470,6
RXN-16655,PWY-7119,10
RXN66-476,PWY66-388,3
RXN66-479,PWY66-389,4
RXN66-472,PWY66-387,3
RXN-10715,PWY-8585,3
RXN-10715,PWY-6307,4
RXN6666-5,PWY6666-2,5
RXN6666-5,PWY-7431,4
RXN-20649,PWY-7119,10
RXN-10780,PWY-6313,6
RXN-4142,PWY-2501,1
RXN-4142,PWY-2724,2
R222-RXN,P221-PWY,4
RXN-14116,PROUT-PWY,2
RXN-14116,ARGASEDEG-PWY,3
RXN-14116,PWY-6853,2
RXN-14903,PWY-5737,2
RXN-14903,PROUT-PWY,2
RXN-14903,PWY-5004,9
RXN-14903,CITRULBIO-PWY,7
RXN-14903,PWY-6922,5
RXN0-7008,PWY0-1544,1
RXN-11322,PWY-6466,1
RXN-12778,PWY-6928,19
RXN-12778,PWY-6945,6
RXN-17602,PWY-7778,7
RXN-17602,PWY-7779,6
RXN0-2161,PWY-6281,2
RXN0-2161,PWY0-901,3
SERINE--TRNA-LIGASE-RXN,TRNA-CHARGING-PWY,21
PRPPSYN-RXN,PWY0-662,1
PRPPSYN-RXN,PRPP-PWY,42
PRPPSYN-RXN,PWY-6404,24
R103-RXN,P101-PWY,5
CHMS-DEHYDROGENASE-RXN,3-HYDROXYPHENYLACETATE-DEGRADATION-PWY,7
GLUTAMATE--METHYLAMINE-LIGASE-RXN,PWY-6965,3
GLUTAMATE--METHYLAMINE-LIGASE-RXN,PWY-6962,5
ACETOACETATE-DECARBOXYLASE-RXN,PWY-6604,12
ACETOACETATE-DECARBOXYLASE-RXN,PWY66-367,5
ACETOACETATE-DECARBOXYLASE-RXN,PWY-6588,5
ACETOACETATE-DECARBOXYLASE-RXN,PWY-6876,3
ACETOACETATE-DECARBOXYLASE-RXN,PWY-6594,9
PHENYLALANINE-AMMONIA-LYASE-RXN,PWY-6444,2
PHENYLALANINE-AMMONIA-LYASE-RXN,PWY-5071,3
PHENYLALANINE-AMMONIA-LYASE-RXN,PWY-7186,1
PHENYLALANINE-AMMONIA-LYASE-RXN,PWY-5048,3
PHENYLALANINE-AMMONIA-LYASE-RXN,PWY-6443,5
PHENYLALANINE-AMMONIA-LYASE-RXN,PWY-1121,8
PHENYLALANINE-AMMONIA-LYASE-RXN,PWY1F-467,1
PHENYLALANINE-AMMONIA-LYASE-RXN,PWY-5883,1
PHENYLALANINE-AMMONIA-LYASE-RXN,PWY-6446,3
PHENYLALANINE-AMMONIA-LYASE-RXN,PWY-6457,1
PHENYLALANINE-AMMONIA-LYASE-RXN,PWY-8157,5
6.2.1.34-RXN,PWY-1121,8
6.2.1.34-RXN,PWY-6343,1
RXN0-2042,PWY0-321,9
RXN0-2042,PWY-6071,11
ALANINE-DEHYDROGENASE-RXN,PWY1-2,1
MMUM-RXN,PWY-5328,11
MMUM-RXN,PWY-5441,1
MMUM-RXN,ADENOSYLHOMOCYSCAT-PWY,3
RXN-12460,PWY490-4,3
DUTP-PYROP-RXN,PWY-7211,18
DUTP-PYROP-RXN,PWY-7187,7
DUTP-PYROP-RXN,PWY0-166,14
DUTP-PYROP-RXN,PWY-6545,9
DUTP-PYROP-RXN,PWY-7184,9
DUTP-PYROP-RXN,PWY-7206,2
RXN0-385,PWY-8289,4
DCTP-PYROPHOSPHATASE-RXN,PWY-7206,2
RXN-14139,PWY-7821,2
3.2.1.14-RXN,PWY-6902,5
3.2.1.14-RXN,PWY-6855,3
3.2.1.14-RXN,PWY-7822,3
O-SUCCINYLBENZOATE-COA-SYN-RXN,PWY-5896,9
O-SUCCINYLBENZOATE-COA-SYN-RXN,ALL-CHORISMATE-PWY,48
O-SUCCINYLBENZOATE-COA-SYN-RXN,PWY-5861,9
O-SUCCINYLBENZOATE-COA-SYN-RXN,PWY-8538,9
O-SUCCINYLBENZOATE-COA-SYN-RXN,PWY-5837,7
O-SUCCINYLBENZOATE-COA-SYN-RXN,PWY-5862,9
O-SUCCINYLBENZOATE-COA-SYN-RXN,PWY-5850,10
O-SUCCINYLBENZOATE-COA-SYN-RXN,PWY-5845,10
O-SUCCINYLBENZOATE-COA-SYN-RXN,PWY-5899,9
O-SUCCINYLBENZOATE-COA-SYN-RXN,PWY-5898,9
O-SUCCINYLBENZOATE-COA-SYN-RXN,PWY-5897,9
O-SUCCINYLBENZOATE-COA-SYN-RXN,PWY-5863,8
O-SUCCINYLBENZOATE-COA-SYN-RXN,PWY-5840,10
O-SUCCINYLBENZOATE-COA-SYN-RXN,PWY-5838,10
O-SUCCINYLBENZOATE-COA-SYN-RXN,PWY-5860,9
RXN-9024,PWY-5941,5
DIAMINOPIMELATE-DEHYDROGENASE-RXN,PWY-2942,6
RXN-18499,PWY-6344,5
VALINE--TRNA-LIGASE-RXN,TRNA-CHARGING-PWY,21
NAPHTHOATE-SYN-RXN,PWY-5896,9
NAPHTHOATE-SYN-RXN,ALL-CHORISMATE-PWY,48
NAPHTHOATE-SYN-RXN,PWY-5861,9
NAPHTHOATE-SYN-RXN,PWY-8538,9
NAPHTHOATE-SYN-RXN,PWY-5837,7
NAPHTHOATE-SYN-RXN,PWY-5862,9
NAPHTHOATE-SYN-RXN,PWY-5850,10
NAPHTHOATE-SYN-RXN,PWY-5845,10
NAPHTHOATE-SYN-RXN,PWY-5899,9
NAPHTHOATE-SYN-RXN,PWY-5898,9
NAPHTHOATE-SYN-RXN,PWY-5897,9
NAPHTHOATE-SYN-RXN,PWY-5863,8
NAPHTHOATE-SYN-RXN,PWY-5840,10
NAPHTHOATE-SYN-RXN,PWY-5838,10
NAPHTHOATE-SYN-RXN,PWY-5860,9
RXN-12653,PWY-6915,4
METHYLASPARTATE-MUTASE-RXN,PWY-5088,8
METHYLASPARTATE-MUTASE-RXN,PWY-5103,5
METHYLASPARTATE-MUTASE-RXN,PWY-5087,2
METHYLASPARTATE-MUTASE-RXN,GLUDEG-II-PWY,6
METHYLASPARTATE-MUTASE-RXN,PWY-6728,16
FRUCTOKINASE-RXN,PWY-3801,4
FRUCTOKINASE-RXN,PWY-6531,3
FRUCTOKINASE-RXN,PWY-7345,18
FRUCTOKINASE-RXN,SUCUTIL-PWY,2
FRUCTOKINASE-RXN,PWY-621,4
FRUCTOKINASE-RXN,P122-PWY,17
FRUCTOKINASE-RXN,SUCROSEUTIL2-PWY,1
FRUCTOKINASE-RXN,PWY-5384,4
FRUCTOKINASE-RXN,PWY-4101,2
DIHYDROOROT-RXN,PWY-7211,18
DIHYDROOROT-RXN,PRPP-PWY,42
DIHYDROOROT-RXN,PWY-7791,6
DIHYDROOROT-RXN,PWY-7790,6
DIHYDROOROT-RXN,PWY-5686,6
DIHYDROOROT-RXN,PWY0-162,9
ALLANTOINASE-RXN,PWY-5694,3
ALLANTOINASE-RXN,PWY-5692,4
ALLANTOINASE-RXN,PWY-5697,2
ALLANTOINASE-RXN,PWY-5705,4
ALLANTOINASE-RXN,PWY0-41,4
ALLANTOINASE-RXN,P165-PWY,15
ALLANTOINASE-RXN,ALLANTOINDEG-PWY,4
ALLANTOINASE-RXN,URDEGR-PWY,6
ALLANTOINASE-RXN,PWY-5698,3
HOMOGENTISATE-12-DIOXYGENASE-RXN,TYRFUMCAT-PWY,5
RXN-14312,PWY8J2-20,1
RXN-7929,PWY-5392,8
CITRYLY-RXN,PWY-6038,1
RXN-15745,PWY-6118,1
RXN-15745,PWY0-381,3
RXN-15745,PWY-6952,2
RXN-15745,PWY-4261,2
RXN-15740,PWY0-1582,2
RXN-15740,PWY0-1581,1
RXN-15740,PWY0-1591,1
RXN-15740,PWY2O6K-6,1
RXN0-5260,PWY0-1561,1
RXN0-5260,PWY0-1584,1
GLUTCYSLIG-RXN,PWY-6840,1
GLUTCYSLIG-RXN,PWY-7255,4
GLUTCYSLIG-RXN,GLUTATHIONESYN-PWY,2
GLUTCYSLIG-RXN,PWY-4041,5
RXN-20400,PWY-8043,2
L-ASPARTATE-OXID-RXN,PWY0-781,24
L-ASPARTATE-OXID-RXN,PYRIDNUCSYN-PWY,6
L-ASPARTATE-OXID-RXN,PWY-5316,3
L-ASPARTATE-OXID-RXN,PWY-7342,3
ALANINE--GLYOXYLATE-AMINOTRANSFERASE-RXN,GLYSYN-ALA-PWY,1
SERINE-GLYOXYLATE-AMINOTRANSFERASE-RXN,PWY-1622,11
SERINE--GLYOXYLATE-AMINOTRANSFERASE-RXN,PWY-8363,5
SERINE--GLYOXYLATE-AMINOTRANSFERASE-RXN,PWY-181,6
SERINE--GLYOXYLATE-AMINOTRANSFERASE-RXN,PWY-8362,6
SERINE--GLYOXYLATE-AMINOTRANSFERASE-RXN,PWY-8011,4
SERINE--GLYOXYLATE-AMINOTRANSFERASE-RXN,PWY-1622,11
SERINE--PYRUVATE-AMINOTRANSFERASE-RXN,PWY-8011,4
RXN-11784,PWY-5468,2
AMACETOXID-RXN,THREOCAT-PWY,14
AMACETOXID-RXN,THRDLCTCAT-PWY,2
RXN-1404,PWY-581,6
RXN-1404,PWY-5026,1
RXN-1404,PWYQT-4476,1
DEOXYRIBOSE-P-ALD-RXN,PWY0-1298,6
DEOXYRIBOSE-P-ALD-RXN,PWY-8060,2
DEOXYRIBOSE-P-ALD-RXN,PWY-7180,3
DEOXYRIBOSE-P-ALD-RXN,PWY0-1297,7
RXN0-5398,PWY-6019,2
RXN-14971,TCA,7
RXN-14971,PWY-6728,16
RXN-14971,P105-PWY,7
RXN-14971,PWY-8560,5
RXN-14971,PWY-561,11
RXN-14971,TCA-GLYOX-BYPASS,9
RXN-14971,GLYCOLYSIS-TCA-GLYOX-BYPASS,21
RXN-14971,PWY-6969,7
RXN-14971,PWY-5690,6
RXN-14971,PWY-7254,7
RXN-14971,PWY-5464,16
RXN-14963,PWY-7384,8
RXN-14963,PWY-7389,15
RXN1YI0-14,PWY-5913,6
RXN1YI0-14,PWY1YI0-3,1
RXN1YI0-14,PWY1YI0-2,1
R601-RXN,PWY2O6K-7,1
R601-RXN,PWY-5088,8
R601-RXN,PWY0-1582,2
R601-RXN,PWY0-1336,1
R601-RXN,P23-PWY,9
R601-RXN,PWY-6146,46
R601-RXN,PWY-8086,10
R601-RXN,PWY0-1576,1
R601-RXN,REDCITCYC,7
R601-RXN,PWY-5392,8
R601-RXN,FERMENTATION-PWY,13
R601-RXN,P108-PWY,6
R601-RXN,P42-PWY,7
RXN-24067,PWY1YI0-8,1
RXN-24067,PWY2PN3-2,1
SUCCINATE-DEHYDROGENASE-UBIQUINONE-RXN,PWY-7279,2
SUCCINATE-DEHYDROGENASE-UBIQUINONE-RXN,PWY-4302,1
SUCCINATE-DEHYDROGENASE-UBIQUINONE-RXN,PWY0-1329,1
SUCCINATE-DEHYDROGENASE-UBIQUINONE-RXN,PWY0-1353,1
SUCCINATE-DEHYDROGENASE-UBIQUINONE-RXN,PWY-3781,1
SUCCINATE-DEHYDROGENASE-UBIQUINONE-RXN,PWY66-398,6
5.3.1.23-RXN,PWY-7270,10
5.3.1.23-RXN,PWY-7527,10
5.3.1.23-RXN,PWY-7174,2
5.3.1.23-RXN,PWY-8132,2
5.3.1.23-RXN,PWY-7528,11
5.3.1.23-RXN,PWY-4361,6
RXN-21315,PWY-8130,2
RXN-21315,PWY-8131,3
RXN-14304,PWY-8130,2
5-METHYLTHIOADENOSINE-PHOSPHORYLASE-RXN,PWY185E-5,1
5-METHYLTHIOADENOSINE-PHOSPHORYLASE-RXN,PWY-6756,1
5-METHYLTHIOADENOSINE-PHOSPHORYLASE-RXN,PWY-7527,10
RXN-22,PWY-5,2
ARGSUCCINLYA-RXN,PWY-4984,4
ARGSUCCINLYA-RXN,PWY2PN3-13,4
ARGSUCCINLYA-RXN,PWY-5154,9
ARGSUCCINLYA-RXN,PWY-5004,9
ARGSUCCINLYA-RXN,PWY-4983,2
ARGSUCCINLYA-RXN,ARGSYN-PWY,9
ARGSUCCINLYA-RXN,PWY-7400,4
ARGSUCCINLYA-RXN,ARGSYNBSUB-PWY,10
ARGSUCCINLYA-RXN,ARG+POLYAMINE-SYN,16
RXN0-5226,PWY-7883,8
RXN0-5226,PWY0-1261,12
RXN-12626,PWY-6902,5
RXN-12625,PWY-6902,5
RXN-12625,PWY-7822,3
3.2.1.8-RXN,PWY-6717,2
3.2.1.8-RXN,PWY-6784,2
RXN-12975,PWY-7087,2
RXN-12976,PWY-7087,2
RXN0-5225,PWY-7883,8
RXN0-5225,PWY0-1261,12
2.7.7.13-RXN,PWY-7323,8
2.7.7.13-RXN,COLANSYN-PWY,9
2.7.7.13-RXN,PWY-5659,4
MANNPISOM-RXN,PWY3O-1743,1
MANNPISOM-RXN,PWY-3881,1
MANNPISOM-RXN,PWY-7586,3
MANNPISOM-RXN,MANNCAT-PWY,1
MANNPISOM-RXN,PWY-7323,8
MANNPISOM-RXN,COLANSYN-PWY,9
MANNPISOM-RXN,PWY-6992,4
MANNPISOM-RXN,PWY-3861,1
MANNPISOM-RXN,PWY-7456,6
MANNPISOM-RXN,PWY-5659,4
2-METHYLCITRATE-DEHYDRATASE-RXN,PWY0-42,5
1.2.4.4-RXN,PWY-5046,3
ALTRODEHYDRAT-RXN,GALACT-GLUCUROCAT-PWY,9
ALTRODEHYDRAT-RXN,GALACTUROCAT-PWY,5
ALTRODEHYDRAT-RXN,PWY-6516,22
RXN-11691,PWY-6616,3
RXN-11691,PWY-6642,3
RXN-12767,PWY-7110,8
RXN-12767,PWY-6942,6
RXN-12767,PWY-6977,11
HOMOSERDEHYDROG-RXN,PWY-5345,12
HOMOSERDEHYDROG-RXN,PWY-724,12
HOMOSERDEHYDROG-RXN,PWY-5347,8
HOMOSERDEHYDROG-RXN,PWY0-781,24
HOMOSERDEHYDROG-RXN,MET-SAM-PWY,8
HOMOSERDEHYDROG-RXN,P4-PWY,17
HOMOSERDEHYDROG-RXN,PWY-3001,11
HOMOSERDEHYDROG-RXN,HOMOSERSYN-PWY,3
HOMOSERDEHYDROG-RXN,THRESYN-PWY,6
RXN-14910,PWY-7374,5
RXN-14910,PWY-6263,7
ASPARTATEKIN-RXN,PWY-5345,12
ASPARTATEKIN-RXN,PWY-724,12
ASPARTATEKIN-RXN,PWY-6559,3
ASPARTATEKIN-RXN,PWY-2942,6
ASPARTATEKIN-RXN,PWY-5347,8
ASPARTATEKIN-RXN,PWY0-781,24
ASPARTATEKIN-RXN,MET-SAM-PWY,8
ASPARTATEKIN-RXN,DAPLYSINESYN-PWY,9
ASPARTATEKIN-RXN,PWY-2941,7
ASPARTATEKIN-RXN,PWY-7977,2
ASPARTATEKIN-RXN,P4-PWY,17
ASPARTATEKIN-RXN,PWY-6160,4
ASPARTATEKIN-RXN,PWY-3001,11
ASPARTATEKIN-RXN,PWY-8179,8
ASPARTATEKIN-RXN,PWY-6165,9
ASPARTATEKIN-RXN,P101-PWY,5
ASPARTATEKIN-RXN,PWY-8296,4
ASPARTATEKIN-RXN,HOMOSERSYN-PWY,3
ASPARTATEKIN-RXN,PWY-6562,5
ASPARTATEKIN-RXN,PWY-7153,4
ASPARTATEKIN-RXN,PWY-6565,6
ASPARTATEKIN-RXN,THRESYN-PWY,6
ASPARTATEKIN-RXN,PWY-8088,3
ASPARTATEKIN-RXN,PWY-5097,7
RXN-21502,PWY-8156,1
MERMBARK-RXN,PWY-5209,4
METHELENE-THMPT-OXI-RXN,PWY-6142,15
METHELENE-THMPT-OXI-RXN,PWY-6146,46
METHELENE-THMPT-OXI-RXN,METHANOGENESIS-PWY,4
METHELENE-THMPT-OXI-RXN,PWY-8305,5
METHELENE-THMPT-OXI-RXN,PWY2OBG-1,4
METHELENE-THMPT-OXI-RXN,PWY-6830,9
METHELENE-THMPT-OXI-RXN,PWY-7784,4
RXN-18561,PWY-7027,2
RXN-18556,PWY-7869,2
RXN-15889,ALL-CHORISMATE-PWY,48
RXN-15889,ENTBACSYN-PWY,5
HOLO-ACP-SYNTH-RXN,PWY-6012-1,1
HOLO-ACP-SYNTH-RXN,PWY-6012,1
ENTDB-RXN,ALL-CHORISMATE-PWY,48
ENTDB-RXN,ENTBACSYN-PWY,5
ALARACECAT-RXN,PWY-8072,1
ALARACECAT-RXN,PWY-8040,1
ALARACECAT-RXN,PWY-7389,15
ALARACECAT-RXN,PWY-7383,7
ALARACECAT-RXN,PWY-8443,2
ALARACECAT-RXN,ALADEG-PWY,1
5.1.1.18-RXN,PWY-6455,3
5.1.1.18-RXN,PWY-8140,1
L-GLN-FRUCT-6-P-AMINOTRANS-RXN,OANTIGEN-PWY,10
L-GLN-FRUCT-6-P-AMINOTRANS-RXN,PWY-8013,3
L-GLN-FRUCT-6-P-AMINOTRANS-RXN,UDPNAGSYN-PWY,5
L-GLN-FRUCT-6-P-AMINOTRANS-RXN,PWY-7332,14
L-GLN-FRUCT-6-P-AMINOTRANS-RXN,PWY-6981,7
L-GLN-FRUCT-6-P-AMINOTRANS-RXN,UDPNACETYLGALSYN-PWY,5
L-GLN-FRUCT-6-P-AMINOTRANS-RXN,PWY-6404,24
L-GLN-FRUCT-6-P-AMINOTRANS-RXN,PWY-6749,4
PUTRESCINE-CARBAMOYLTRANSFERASE-RXN,PWY2S1Y-3,2
2.1.3.9-RXN,PWY-5154,9
THREODEHYD-RXN,THREOCAT-PWY,14
THREODEHYD-RXN,THREONINE-DEG2-PWY,2
THREODEHYD-RXN,THRDLCTCAT-PWY,2
THREODEHYD-RXN,PWY-7378,1
GKI-RXN,GALACTARDEG-PWY,4
GKI-RXN,NPGLUCAT-PWY,8
GKI-RXN,GLYCOLATEMET-PWY,3
GKI-RXN,GLUCARDEG-PWY,4
GKI-RXN,GLYCOL-GLYOXDEG-PWY,6
GKI-RXN,PWY-8362,6
GKI-RXN,GLUCARGALACTSUPER-PWY,5
GKI-RXN,PWY-6516,22
GKI-RXN,PWY0-1300,1
GKI-RXN,PWY-1622,11
GKI-RXN,PWY-8058,3
RXN-13230,PWY-5744,9
RXN-13230,PWY-7024,14
GLUTAMATE-DEHYDROGENASE-NADP+-RXN,PWY-5766,1
GLUTAMATE-DEHYDROGENASE-NADP+-RXN,PWY-5505,6
GLUTAMATE-DEHYDROGENASE-NADP+-RXN,GLUDEG-I-PWY,4
GLUTAMATE-DEHYDROGENASE-NADP+-RXN,GLUTAMATE-SYN2-PWY,1
IMP-DEHYDROG-RXN,PWY-5044,9
IMP-DEHYDROG-RXN,PWY-5695,4
IMP-DEHYDROG-RXN,PRPP-PWY,42
IMP-DEHYDROG-RXN,DENOVOPURINE2-PWY,25
IMP-DEHYDROG-RXN,URSIN-PWY,7
IMP-DEHYDROG-RXN,PWY-7228,6
IMP-DEHYDROG-RXN,PWY-6125,8
IMP-DEHYDROG-RXN,PWY-6353,11
IMP-DEHYDROG-RXN,PWY-7221,4
IMP-DEHYDROG-RXN,PWY-841,21
IMP-DEHYDROG-RXN,PWY66-409,17
IMP-DEHYDROG-RXN,P165-PWY,15
IMP-DEHYDROG-RXN,PWY-6596,6
GMP-SYN-GLUT-RXN,PRPP-PWY,42
GMP-SYN-GLUT-RXN,DENOVOPURINE2-PWY,25
GMP-SYN-GLUT-RXN,PWY-7228,6
GMP-SYN-GLUT-RXN,PWY-6125,8
GMP-SYN-GLUT-RXN,PWY-7221,4
GMP-SYN-GLUT-RXN,PWY-841,21
GMP-SYN-GLUT-RXN,PWY66-409,17
PYRUVATE-CARBOXYLASE-RXN,PWY-6142,15
PYRUVATE-CARBOXYLASE-RXN,P23-PWY,9
PYRUVATE-CARBOXYLASE-RXN,PWY-6146,46
PYRUVATE-CARBOXYLASE-RXN,PWY-8086,10
PYRUVATE-CARBOXYLASE-RXN,P42-PWY,7
PYRUVATE-CARBOXYLASE-RXN,PWY66-399,11
RXN0-1321,PWY-8106,3
RXN0-1321,PWY-6700,4
3.5.1.80-RXN,PWY-7395,3
3.5.1.80-RXN,PWY-7077,3
NAG6PDEACET-RXN,PWY-6517,3
NAG6PDEACET-RXN,PWY-6906-1,5
NAG6PDEACET-RXN,GLUAMCAT-PWY,2
NAG6PDEACET-RXN,GLCMANNANAUT-PWY,5
NAG6PDEACET-RXN,PWY0-1261,12
NAG6PDEACET-RXN,P441-PWY,21
NAG6PDEACET-RXN,PWY-6906,5
RXN-15123,THREOCAT-PWY,14
RXN-15123,BRANCHED-CHAIN-AA-SYN-PWY,11
RXN-15123,PWY-701,1
RXN-15123,PWY-5826,2
RXN-15123,ILEUSYN-PWY,5
RXN-15123,PWY-3001,11
RXN-15123,PWY-5437,3
RXN-15127,PWY-724,12
RXN-15127,PWY-3661,4
RXN-15127,PWY-8001,2
RXN-15127,SERDEG-PWY,1
RXN-15127,PWY-4061,3
RXN-15127,PWY0-1535,1
RXN-15127,PWY-702,3
RXN-15127,TRYPDEG-PWY,1
RXN-15127,LCYSDEG-PWY,1
RXN-15127,PWY-5497,15
RXN-15127,PWY-8431,1
RXN-15127,PWY-8325,2
3.2.1.78-RXN,PWY-7456,6
RXN-11737,PWY-6643,3
RXN-11737,PWY-6638,2
RXN-11737,PWY-6641,5
RXN-11737,PWY-6642,3
TYROSINE-AMINOTRANSFERASE-RXN,ALL-CHORISMATE-PWY,48
TYROSINE-AMINOTRANSFERASE-RXN,PWY-5071,3
TYROSINE-AMINOTRANSFERASE-RXN,PWY-5048,3
TYROSINE-AMINOTRANSFERASE-RXN,PWY-5151,1
TYROSINE-AMINOTRANSFERASE-RXN,PWY-3581,3
TYROSINE-AMINOTRANSFERASE-RXN,TYRSYN,3
TYROSINE-AMINOTRANSFERASE-RXN,TYRFUMCAT-PWY,5
TYROSINE-AMINOTRANSFERASE-RXN,PWY-5754,1
TYROSINE-AMINOTRANSFERASE-RXN,PWY-7514,1
TYROSINE-AMINOTRANSFERASE-RXN,PWY3O-4108,2
TYROSINE-AMINOTRANSFERASE-RXN,COMPLETE-ARO-PWY,17
TYROSINE-AMINOTRANSFERASE-RXN,PWY-5864,5
TYROSINE-AMINOTRANSFERASE-RXN,PWY-6630,10
TYROSINE-AMINOTRANSFERASE-RXN,PWY-8016,1
TYROSINE-AMINOTRANSFERASE-RXN,PWY-7518,1
TYROSINE-AMINOTRANSFERASE-RXN,PWY-5886,1
RXN-10814,ALL-CHORISMATE-PWY,48
RXN-10814,PWY-6628,10
RXN-10814,PHESYN,3
RXN-10814,BENZCOA-PWY,12
RXN-10814,PWY-6318,6
RXN-10814,PWY-8565,1
RXN-10814,PWY-8014,1
RXN-10814,COMPLETE-ARO-PWY,17
RXN-10814,PWY-5079,2
RXN-10814,ANAPHENOXI-PWY,2
RXN-13697,PWY-7115,8
RXN-13697,PWY-7117,9
TRYPTOPHAN-AMINOTRANSFERASE-RXN,PWY-8585,3
TRYPTOPHAN-AMINOTRANSFERASE-RXN,TRPKYNCAT-PWY,1
TRYPTOPHAN-AMINOTRANSFERASE-RXN,PWY-581,6
TRYPTOPHAN-AMINOTRANSFERASE-RXN,TRPIAACAT-PWY,2
TRYPTOPHAN-AMINOTRANSFERASE-RXN,PWY-5081,2
TRYPTOPHAN-AMINOTRANSFERASE-RXN,PWY-8017,1
ASPAMINOTRANS-RXN,PWY-5345,12
ASPAMINOTRANS-RXN,PWY-5347,8
ASPAMINOTRANS-RXN,MALATE-ASPARTATE-SHUTTLE-PWY,2
ASPAMINOTRANS-RXN,GLUTDEG-PWY,2
ASPAMINOTRANS-RXN,PWY0-781,24
ASPAMINOTRANS-RXN,PWY-6146,46
ASPAMINOTRANS-RXN,P4-PWY,17
ASPAMINOTRANS-RXN,PWY-3001,11
ASPAMINOTRANS-RXN,PWY-8560,5
ASPAMINOTRANS-RXN,PWY-7115,8
ASPAMINOTRANS-RXN,PWY-7117,9
ASPAMINOTRANS-RXN,PWY-7389,15
ASPAMINOTRANS-RXN,PWY-7383,7
ASPAMINOTRANS-RXN,ASPARTATE-DEG1-PWY,1
ASPAMINOTRANS-RXN,ASPASN-PWY,3
ASPAMINOTRANS-RXN,ASPARTATESYN-PWY,1
ASPAMINOTRANS-RXN,THRESYN-PWY,6
ASPAMINOTRANS-RXN,ASPARAGINE-DEG1-PWY-1,3
RXN-13698,PWY-7115,8
RXN-13698,PWY-7117,9
ALANINE-AMINOTRANSFERASE-RXN,PWY-8189,2
ALANINE-AMINOTRANSFERASE-RXN,ALACAT2-PWY,3
ALANINE-AMINOTRANSFERASE-RXN,PWY-6146,46
ALANINE-AMINOTRANSFERASE-RXN,ALANINE-SYN2-PWY,1
ALANINE-AMINOTRANSFERASE-RXN,PWY-7115,8
ALANINE-AMINOTRANSFERASE-RXN,ALANINE-DEG3-PWY,1
ALANINE-AMINOTRANSFERASE-RXN,PWY-7117,9
ALANINE-AMINOTRANSFERASE-RXN,PWY-7389,15
ALANINE-AMINOTRANSFERASE-RXN,PWY0-1061,3
ALANINE-AMINOTRANSFERASE-RXN,PWY-8188,4
ALANINE-AMINOTRANSFERASE-RXN,PWY-7383,7
ALANINE-AMINOTRANSFERASE-RXN,PWY-5096,3
ALANINE-AMINOTRANSFERASE-RXN,PROPFERM-PWY,7
VALINE-PYRUVATE-AMINOTRANSFER-RXN,ALANINE-VALINESYN-PWY,1
VALINE-PYRUVATE-AMINOTRANSFER-RXN,PWY0-1061,3
RXN-4961,PWY-7072,5
RXN-4961,PWY-6098,2
5.4.99.17-RXN,PWY-7072,5
5.4.99.17-RXN,PWY-6098,2
RXN-600,PWY1F-823,2
RXN-7784,PWY-5152,1
DIHYDROKAEMPFEROL-4-REDUCTASE-RXN,PWY1F-823,2
RXN-11036,P125-PWY,4
RXN-11036,PWY-5938,2
RXN-11036,PWY-6396,6
RR-BUTANEDIOL-DEHYDROGENASE-RXN,PWY-5951,1
RR-BUTANEDIOL-DEHYDROGENASE-RXN,P125-PWY,4
RR-BUTANEDIOL-DEHYDROGENASE-RXN,PWY-6396,6
RR-BUTANEDIOL-DEHYDROGENASE-RXN,PWY3O-246,1
CARNDETRU-RXN,CARNMET-PWY,4
CARNDETRU-RXN,PWY-8339,1
RXN-13037,PWY-7382,7
RXN-13037,PWY-6987,3
RXN-13037,PWY0-501-1,4
RXN0-947,PWY0-501,2
RXN-14959,PWY-7382,7
RXN-14957,PWY-7382,7
RXN-14950,PWY-7382,7
RXN-14950,PWY-6987,3
RXN-14950,PWY0-501-1,4
RXN0-949,PWY0-501,2
RXN0-949,PWY0-1275,1
2.3.1.168-RXN,PWY-5046,3
GLUTRNAREDUCT-RXN,PWY-5918,9
GLUTRNAREDUCT-RXN,PWY-5188,6
GLUTRNAREDUCT-RXN,P381-PWY,26
GLUTRNAREDUCT-RXN,PWY-5507,25
RXN-11689,PWY-6616,3
4.3.1.17-RXN,PWY0-1608,2
RXN-12466,PWY-6829,4
RXN1F-20,PWY-5529,15
RXN1F-20,PWY-5531,5
RXN1F-20,CHLOROPHYLL-SYN,6
RXN1F-20,PWY-7159,6
RXNQT-4191,PWY-7356,7
RXNQT-4191,PWY-6907,3
RXNQT-4191,THISYNARA-PWY,5
RXNQT-4191,PWY-7357,6
RXNQT-4191,PWY-6908,3
RXN-8631,PWY-8404,10
RXN-8631,PWY66-373,5
SEDOBISALDOL-RXN,PWY-8178,6
SEDOBISALDOL-RXN,PWY-7218,19
SEDOBISALDOL-RXN,PWY-7124,19
SEDOBISALDOL-RXN,PWY-6886,19
SEDOBISALDOL-RXN,CALVIN-PWY,12
SEDOBISALDOL-RXN,PHOTOALL-PWY,13
SEDOBISALDOL-RXN,PWY0-1517,1
F16ALDOLASE-RXN,ANAGLYCOLYSIS-PWY,11
F16ALDOLASE-RXN,PWY-6142,15
F16ALDOLASE-RXN,GLYCOLYSIS,12
F16ALDOLASE-RXN,PWY-1042,7
F16ALDOLASE-RXN,ANAEROFRUCAT-PWY,12
F16ALDOLASE-RXN,PWY-5484,11
F16ALDOLASE-RXN,PWY-7385,5
F16ALDOLASE-RXN,PWY-1861,9
F16ALDOLASE-RXN,HEXITOLDEGSUPER-PWY,16
F16ALDOLASE-RXN,P461-PWY,19
F16ALDOLASE-RXN,PWY-7218,19
F16ALDOLASE-RXN,P185-PWY,11
F16ALDOLASE-RXN,PWY-6146,46
F16ALDOLASE-RXN,PWY-7345,18
F16ALDOLASE-RXN,P341-PWY,9
F16ALDOLASE-RXN,PWY-7124,19
F16ALDOLASE-RXN,PWY-6886,19
F16ALDOLASE-RXN,GLYCOLYSIS-TCA-GLYOX-BYPASS,21
F16ALDOLASE-RXN,SUCSYN-PWY,8
F16ALDOLASE-RXN,GLUCONEO-PWY,13
F16ALDOLASE-RXN,PWY66-399,11
F16ALDOLASE-RXN,CALVIN-PWY,12
F16ALDOLASE-RXN,GLYCOLYSIS-E-D,16
F16ALDOLASE-RXN,PWY-5464,16
F16ALDOLASE-RXN,P441-PWY,21
F16ALDOLASE-RXN,PHOTOALL-PWY,13
ASPARTATE-SEMIALDEHYDE-DEHYDROGENASE-RXN,PWY-5345,12
ASPARTATE-SEMIALDEHYDE-DEHYDROGENASE-RXN,PWY-724,12
ASPARTATE-SEMIALDEHYDE-DEHYDROGENASE-RXN,PWY-6559,3
ASPARTATE-SEMIALDEHYDE-DEHYDROGENASE-RXN,PWY-2942,6
ASPARTATE-SEMIALDEHYDE-DEHYDROGENASE-RXN,PWY-5347,8
ASPARTATE-SEMIALDEHYDE-DEHYDROGENASE-RXN,PWY0-781,24
ASPARTATE-SEMIALDEHYDE-DEHYDROGENASE-RXN,MET-SAM-PWY,8
ASPARTATE-SEMIALDEHYDE-DEHYDROGENASE-RXN,DAPLYSINESYN-PWY,9
ASPARTATE-SEMIALDEHYDE-DEHYDROGENASE-RXN,PWY-2941,7
ASPARTATE-SEMIALDEHYDE-DEHYDROGENASE-RXN,PWY-7977,2
ASPARTATE-SEMIALDEHYDE-DEHYDROGENASE-RXN,P4-PWY,17
ASPARTATE-SEMIALDEHYDE-DEHYDROGENASE-RXN,PWY-6160,4
ASPARTATE-SEMIALDEHYDE-DEHYDROGENASE-RXN,PWY-3001,11
ASPARTATE-SEMIALDEHYDE-DEHYDROGENASE-RXN,PWY-8179,8
ASPARTATE-SEMIALDEHYDE-DEHYDROGENASE-RXN,PWY-6165,9
ASPARTATE-SEMIALDEHYDE-DEHYDROGENASE-RXN,P101-PWY,5
ASPARTATE-SEMIALDEHYDE-DEHYDROGENASE-RXN,PWY-8296,4
ASPARTATE-SEMIALDEHYDE-DEHYDROGENASE-RXN,HOMOSERSYN-PWY,3
ASPARTATE-SEMIALDEHYDE-DEHYDROGENASE-RXN,PWY-6562,5
ASPARTATE-SEMIALDEHYDE-DEHYDROGENASE-RXN,PWY-7153,4
ASPARTATE-SEMIALDEHYDE-DEHYDROGENASE-RXN,PWY-6565,6
ASPARTATE-SEMIALDEHYDE-DEHYDROGENASE-RXN,THRESYN-PWY,6
ASPARTATE-SEMIALDEHYDE-DEHYDROGENASE-RXN,PWY-8088,3
ASPARTATE-SEMIALDEHYDE-DEHYDROGENASE-RXN,PWY-5097,7
SORB6PDEHYDROG-RXN,HEXITOLDEGSUPER-PWY,16
SORB6PDEHYDROG-RXN,P461-PWY,19
SORB6PDEHYDROG-RXN,P302-PWY,1
SORB6PDEHYDROG-RXN,SORBDEG-PWY,1
RXN-24917,PWY-8549,1
RXN-13788,PWY-7134,2
RXN-15002,PWY-3081,4
PHOSPHOENOLPYRUVATE-MUTASE-RXN,PWY-8067,2
PHOSPHOENOLPYRUVATE-MUTASE-RXN,PWY-7510,2
PHOSPHOENOLPYRUVATE-MUTASE-RXN,PWY-6682,2
PHOSPHOENOLPYRUVATE-MUTASE-RXN,PWY-7419,1
PHOSPHOENOLPYRUVATE-MUTASE-RXN,PWY-5757,2
PHOSPHOENOLPYRUVATE-MUTASE-RXN,PWY-6839,3
PHOSPHOENOLPYRUVATE-MUTASE-RXN,PWY-7769,3
PHOSPHOENOLPYRUVATE-MUTASE-RXN,PWY-6322,3
ISOCITRATE-DEHYDROGENASE-NAD+-RXN,PWY-6549,6
ISOCITRATE-DEHYDROGENASE-NAD+-RXN,PWY-5690,6
ISOCITRATE-DEHYDROGENASE-NAD+-RXN,PWY66-398,6
ISOCITRATE-DEHYDROGENASE-NAD+-RXN,PWY-5464,16
ISOCITDEH-RXN,PWY-7245,7
ISOCITDEH-RXN,PWY-5913,6
ISOCITDEH-RXN,PWY-6549,6
ISOCITDEH-RXN,P23-PWY,9
ISOCITDEH-RXN,TCA,7
ISOCITDEH-RXN,PWY-6728,16
ISOCITDEH-RXN,P105-PWY,7
ISOCITDEH-RXN,TCA-GLYOX-BYPASS,9
ISOCITDEH-RXN,PWY-7124,19
ISOCITDEH-RXN,REDCITCYC,7
ISOCITDEH-RXN,FERMENTATION-PWY,13
ISOCITDEH-RXN,GLYCOLYSIS-TCA-GLYOX-BYPASS,21
ISOCITDEH-RXN,PWY-6969,7
ISOCITDEH-RXN,PWY-7268,4
ISOCITDEH-RXN,PWY-7254,7
RXN0-1382,PWY-6695,2
RXN-17518,PWY-7766,3
UROGENIIISYN-RXN,PWY-5918,9
UROGENIIISYN-RXN,PWY-5188,6
UROGENIIISYN-RXN,PWY-5189,4
UROGENIIISYN-RXN,PWY-5529,15
UROGENIIISYN-RXN,PWY-5920,7
UROGENIIISYN-RXN,P381-PWY,26
UROGENIIISYN-RXN,PWY-5507,25
SPHINGANINE-1-PHOSPHATE-ALDOLASE-RXN,PWY-7119,10
RXN-13729,PWY-7119,10
RXN0-1342,PWY-8106,3
RXN0-1342,PWY-6700,4
RXN-11475,BIOTIN-BIOSYNTHESIS-PWY,13
RXN-11475,PWY-6519,11
DCMP-DEAMINASE-RXN,PWY-7210,7
RXN-10842,PWY-6324,1
RXN-10842,PWY-6831,1
MALATE-DEH-RXN,PWY-5088,8
MALATE-DEH-RXN,MALATE-ASPARTATE-SHUTTLE-PWY,2
MALATE-DEH-RXN,GLYOXYLATE-BYPASS,4
MALATE-DEH-RXN,PWY-5913,6
MALATE-DEH-RXN,P23-PWY,9
MALATE-DEH-RXN,PWY-6146,46
MALATE-DEH-RXN,PWY-8086,10
MALATE-DEH-RXN,TCA,7
MALATE-DEH-RXN,PWY-6728,16
MALATE-DEH-RXN,P105-PWY,7
MALATE-DEH-RXN,PWY-8560,5
MALATE-DEH-RXN,PWY-7115,8
MALATE-DEH-RXN,PWY-561,11
MALATE-DEH-RXN,TCA-GLYOX-BYPASS,9
MALATE-DEH-RXN,PWY-5392,8
MALATE-DEH-RXN,FERMENTATION-PWY,13
MALATE-DEH-RXN,GLYCOLYSIS-TCA-GLYOX-BYPASS,21
MALATE-DEH-RXN,PWY-6969,7
MALATE-DEH-RXN,P108-PWY,6
MALATE-DEH-RXN,P42-PWY,7
MALATE-DEH-RXN,GLUCONEO-PWY,13
MALATE-DEH-RXN,PWY-7389,15
MALATE-DEH-RXN,PWY66-399,11
MALATE-DEH-RXN,PWY-5690,6
MALATE-DEH-RXN,PWY-7383,7
MALATE-DEH-RXN,PWY66-398,6
MALATE-DEH-RXN,PWY-5464,16
MALATE-DEH-RXN,PWY-1622,11
OROTATE-REDUCTASE-NADH-RXN,PWY-7791,6
CARBPSYN-RXN,PWY2PN3-13,4
CARBPSYN-RXN,PWY-7211,18
CARBPSYN-RXN,PWY-5154,9
CARBPSYN-RXN,PRPP-PWY,42
CARBPSYN-RXN,PWY-7791,6
CARBPSYN-RXN,ARGSYN-PWY,9
CARBPSYN-RXN,PWY-7790,6
CARBPSYN-RXN,PWY-5686,6
CARBPSYN-RXN,PWY-7400,4
CARBPSYN-RXN,PWY0-162,9
CARBPSYN-RXN,ARGSYNBSUB-PWY,10
CARBPSYN-RXN,ARG+POLYAMINE-SYN,16
ARGINASE-RXN,PWY-6305,4
ARGINASE-RXN,PWY-4984,4
ARGINASE-RXN,ARG-PRO-PWY,3
ARGINASE-RXN,POLYAMSYN-PWY,7
ARGINASE-RXN,POLYAMINSYN3-PWY,7
ARGINASE-RXN,PWY-7341,4
ARGINASE-RXN,PWY-5004,9
ARGINASE-RXN,CITRULBIO-PWY,7
ARGINASE-RXN,ARGASEDEG-PWY,3
ARGINASE-RXN,ARG-GLU-PWY,2
ARGINASE-RXN,PWY-6922,5
ARGINASE-RXN,PWY-46,2
ARGINASE-RXN,ARG+POLYAMINE-SYN,16
RXN-34,PWY-31,1
GDPKIN-RXN,PRPP-PWY,42
GDPKIN-RXN,DENOVOPURINE2-PWY,25
GDPKIN-RXN,PWY-7228,6
GDPKIN-RXN,PWY-6125,8
GDPKIN-RXN,PWY-7221,4
GDPKIN-RXN,PWY-841,21
GDPKIN-RXN,PPGPPMET-PWY,6
GDPKIN-RXN,PWY66-409,17
CDPKIN-RXN,PWY-7205,2
CDPKIN-RXN,PWY-7196,10
DTDPKIN-RXN,PWY-7200,8
DTDPKIN-RXN,PWY-7211,18
DTDPKIN-RXN,PWY-7187,7
DTDPKIN-RXN,PWY-7210,7
DTDPKIN-RXN,PWY0-166,14
DTDPKIN-RXN,PWY-6545,9
DTDPKIN-RXN,PWY-7197,4
DTDPKIN-RXN,PWY-7198,5
DTDPKIN-RXN,PWY-7184,9
DCDPKIN-RXN,PWY-7200,8
DCDPKIN-RXN,PWY-7211,18
DCDPKIN-RXN,PWY-7210,7
DCDPKIN-RXN,PWY0-166,14
DCDPKIN-RXN,PWY-6545,9
DCDPKIN-RXN,PWY-7197,4
DCDPKIN-RXN,PWY-7198,5
DCDPKIN-RXN,PWY-7184,9
RXN-22499,PWY-8289,4
DGDPKIN-RXN,PRPP-PWY,42
DGDPKIN-RXN,DENOVOPURINE2-PWY,25
DGDPKIN-RXN,PWY-7222,4
DGDPKIN-RXN,PWY-7226,2
DGDPKIN-RXN,PWY-7228,6
DGDPKIN-RXN,PWY-6125,8
DGDPKIN-RXN,PWY-841,21
DGDPKIN-RXN,PWY-7224,2
UDPKIN-RXN,PWY-7211,18
UDPKIN-RXN,PRPP-PWY,42
UDPKIN-RXN,PWY-7176,3
UDPKIN-RXN,PWY-7208,4
UDPKIN-RXN,PWY-7196,10
UDPKIN-RXN,PWY0-162,9
DUDPKIN-RXN,PWY-7211,18
DUDPKIN-RXN,PWY0-166,14
DUDPKIN-RXN,PWY-6545,9
DUDPKIN-RXN,PWY-7184,9
DADPKIN-RXN,PWY-6126,7
DADPKIN-RXN,PWY-7227,2
DADPKIN-RXN,PRPP-PWY,42
DADPKIN-RXN,DENOVOPURINE2-PWY,25
DADPKIN-RXN,PWY-841,21
DADPKIN-RXN,PWY-7229,5
DADPKIN-RXN,PWY-7224,2
DADPKIN-RXN,PWY66-409,17
DADPKIN-RXN,PWY-7220,4
URPHOS-RXN,PWY-7209,4
URPHOS-RXN,PWY0-1295,2
URPHOS-RXN,PWY-5532,5
THYM-PHOSPH-RXN,PWY0-1298,6
THYM-PHOSPH-RXN,PWY-7181,3
URA-PHOSPH-RXN,PWY0-1298,6
URA-PHOSPH-RXN,PWY-7181,3
STREPTOMYCIN-6-KINASE-RXN,PWY-5940,5
DIAMINOPIMDECARB-RXN,PWY-724,12
DIAMINOPIMDECARB-RXN,PWY-2942,6
DIAMINOPIMDECARB-RXN,PWY0-781,24
DIAMINOPIMDECARB-RXN,DAPLYSINESYN-PWY,9
DIAMINOPIMDECARB-RXN,PWY-2941,7
DIAMINOPIMDECARB-RXN,P4-PWY,17
DIAMINOPIMDECARB-RXN,PWY-5097,7
KDPGALDOL-RXN,PWY-8004,9
KDPGALDOL-RXN,GALACT-GLUCUROCAT-PWY,9
KDPGALDOL-RXN,PWY-7242,4
KDPGALDOL-RXN,PWY-6507,4
KDPGALDOL-RXN,ENTNER-DOUDOROFF-PWY,2
KDPGALDOL-RXN,GALACTUROCAT-PWY,5
KDPGALDOL-RXN,PWY-7562,4
KDPGALDOL-RXN,PWY-2221,9
KDPGALDOL-RXN,PWY-6516,22
KDPGALDOL-RXN,PWY-7310,2
KDPGALDOL-RXN,GLUCUROCAT-PWY,6
KDPGALDOL-RXN,GLYCOLYSIS-E-D,16
RXN-11397,PWY-6502,2
RXN-11396,PWY-6502,2
RXN-982,PWY-4621,1
RXN-982,PWY-4621-1,1
RXN-982,PWY-8259,1
RXN-982,PWY-8264,1
RXN-982,PWY-8263,1
RXN-15035,PWY-7409,3
DTDPDEHYDRHAMEPIM-RXN,PWY-7814,3
DTDPDEHYDRHAMEPIM-RXN,OANTIGEN-PWY,10
DTDPDEHYDRHAMEPIM-RXN,PWY-7317,9
DTDPDEHYDRHAMEPIM-RXN,DTDPRHAMSYN-PWY,4
DTDPDEHYDRHAMEPIM-RXN,PWY-6404,24
DTDPDEHYDRHAMEPIM-RXN,PWY-8369,4
DTDPDEHYDRHAMEPIM-RXN,PWY-8380,3
DTDPDEHYDRHAMEPIM-RXN,PWY-7301,3
ADENOSINE-KINASE-RXN,PWY-6619,1
ADENOSINE-KINASE-RXN,PWY66-409,17
CYTIKIN-RXN,PWY-5532,5
CYTIKIN-RXN,PWY-7193,3
CYTIKIN-RXN,PWY-7196,10
GUANOSINEKIN-RXN,PWY-6618,1
GUANOSINEKIN-RXN,PWY-6579,3
INOSINEKIN-RXN,PWY-6611,3
NICONUCADENYLYLTRAN-RXN,PWY-8277,5
NICONUCADENYLYLTRAN-RXN,PWY-3502,11
NICONUCADENYLYLTRAN-RXN,PYRIDNUCSAL-PWY,6
NICONUCADENYLYLTRAN-RXN,PWY0-781,24
NICONUCADENYLYLTRAN-RXN,PWY3O-4107,4
NICONUCADENYLYLTRAN-RXN,NADSYN-PWY,8
NICONUCADENYLYLTRAN-RXN,PYRIDNUCSYN-PWY,6
NICONUCADENYLYLTRAN-RXN,PWY-7761,5
NICONUCADENYLYLTRAN-RXN,PWY-5381,7
NICONUCADENYLYLTRAN-RXN,PWY-5653,3
NICONUCADENYLYLTRAN-RXN,PWY-8511,5
NICONUCADENYLYLTRAN-RXN,PWY-8352,5
1.1.1.136-RXN,PWY-8491,1
1.1.1.136-RXN,PWY-7090,5
1.1.1.136-RXN,PWY-7336,1
1.1.1.136-RXN,PWY-7332,14
RXN-16165,TRNA-CHARGING-PWY,21
METHIONINE--TRNA-LIGASE-RXN,TRNA-CHARGING-PWY,21
RXN-17893,PWY-7799,5
RXN-17892,PWY-7799,5
PHOSPHOGLUCMUT-RXN,PWY-5661,2
PHOSPHOGLUCMUT-RXN,PWY-2723,2
PHOSPHOGLUCMUT-RXN,PWY-8139,3
PHOSPHOGLUCMUT-RXN,PWY-5941,5
PHOSPHOGLUCMUT-RXN,PWY-3801,4
PHOSPHOGLUCMUT-RXN,PWY-6731,3
PHOSPHOGLUCMUT-RXN,PWY-7902,4
PHOSPHOGLUCMUT-RXN,PWY-7328,6
PHOSPHOGLUCMUT-RXN,GLYCOGENSYNTH-PWY,4
PHOSPHOGLUCMUT-RXN,PWY-6317,5
PHOSPHOGLUCMUT-RXN,GLYCOCAT-PWY,8
PHOSPHOGLUCMUT-RXN,PWY-7345,18
PHOSPHOGLUCMUT-RXN,PWY-7238,7
PHOSPHOGLUCMUT-RXN,GLUCOSE1PMETAB-PWY,5
PHOSPHOGLUCMUT-RXN,COLANSYN-PWY,9
PHOSPHOGLUCMUT-RXN,PWY-622,8
PHOSPHOGLUCMUT-RXN,PWY-6981,7
PHOSPHOGLUCMUT-RXN,PWY-5940,5
PHOSPHOGLUCMUT-RXN,PWY-5384,4
PHOSPHOGLUCMUT-RXN,SUCSYN-PWY,8
PHOSPHOGLUCMUT-RXN,PWY-7900,8
PHOSPHOGLUCMUT-RXN,PWY-7343,2
PHOSPHOGLUCMUT-RXN,PWY-6737,4
TYROSINE--TRNA-LIGASE-RXN,TRNA-CHARGING-PWY,21
CATECHOL-OXIDASE-RXN,PWY-6752,1
RXN-18660,PWY-7883,8
RXNI-2,PWY66-368,3
RXNI-2,REDCITCYC,7
METHIONINE-GAMMA-LYASE-RXN,PWY-7793,2
RXN-11063,PWY-6933,1
RXN-11063,PWY-6395,7
RXN-11064,PWY-6931,1
RXN-11064,PWY-6395,7
RXN-14711,PWY-2421,1
RXN-14711,PWY-8087,2
TREHALA-RXN,PWY0-1182,2
TREHALA-RXN,PWY-6981,7
TREHALA-RXN,PWY0-1466,2
CYCLOHEXANONE-MONOOXYGENASE-RXN,CYCLOHEXANOL-OXIDATION-PWY,2
BETA-PHOSPHOGLUCOMUTASE-RXN,PWY-2721,2
BETA-PHOSPHOGLUCOMUTASE-RXN,PWY-7459,2
BETA-PHOSPHOGLUCOMUTASE-RXN,PWY-2722,3
BETA-PHOSPHOGLUCOMUTASE-RXN,MALTOSECAT-PWY,2
RXN-12613,PWY-6899,1
THIAMINASE-RXN,PWY-7356,7
2.7.1.121-RXN,GLYCEROLMETAB-PWY,2
RXN-17650,PWY-8151,4
RXN-17650,PWY-6947,21
RXN-17650,PWY-6946,8
RXN-17650,PWY-8154,13
RXN-12702,PWY-6928,19
RXN-12702,PWY-6947,21
RXN-12702,PWY-6946,8
RXN-12702,PWY-6945,6
2.4.1.83-RXN,PWY-7921,2
2.4.1.83-RXN,PWY-7922,2
2.4.1.83-RXN,MANNOSYL-CHITO-DOLICHOL-BIOSYNTHESIS,6
2.4.1.83-RXN,PWY-7979,2
2.4.1.83-RXN,PWY-8600,4
2.4.1.83-RXN,PWY-8601,4
RXN-16602,PWY-7661,1
TEICHOICSYN2-RXN,PWY-7815,5
TEICHOICSYN2-RXN,PWY-7819,3
TEICHOICSYN2-RXN,PWY-8204,2
TEICHOICSYN2-RXN,PWY-7816,5
TEICHOICSYN2-RXN,TEICHOICACID-PWY,5
GLCNACPTRANS-RXN,PWY-8218,1
GLCNACPTRANS-RXN,PWY2DNV-5,7
GLCNACPTRANS-RXN,PWY-8233,2
GLCNACPTRANS-RXN,PWY-8209,1
GLCNACPTRANS-RXN,PWY-8241,2
GLCNACPTRANS-RXN,ECASYN-PWY,2
GLCNACPTRANS-RXN,PWY-8221,1
GLCNACPTRANS-RXN,PWY-8251,1
GLCNACPTRANS-RXN,PWY-8207,1
GLCNACPTRANS-RXN,PWY-7815,5
GLCNACPTRANS-RXN,PWY-8252,1
GLCNACPTRANS-RXN,PWY-7530,2
GLCNACPTRANS-RXN,PWY-8230,2
GLCNACPTRANS-RXN,PWY-7819,3
GLCNACPTRANS-RXN,PWY-8204,2
GLCNACPTRANS-RXN,PWY-8206,2
GLCNACPTRANS-RXN,PWY-8236,2
GLCNACPTRANS-RXN,PWY-8242,2
GLCNACPTRANS-RXN,PWY-8227,7
GLCNACPTRANS-RXN,PWY-8232,2
GLCNACPTRANS-RXN,PWY-8235,2
GLCNACPTRANS-RXN,PWY-8205,1
GLCNACPTRANS-RXN,PWY-8234,2
GLCNACPTRANS-RXN,PWY-8212,4
GLCNACPTRANS-RXN,PWY-8237,1
GLCNACPTRANS-RXN,PWY-8226,1
GLCNACPTRANS-RXN,PWY-8208,1
GLCNACPTRANS-RXN,PWY-8250,6
GLCNACPTRANS-RXN,PWY-8231,4
GLCNACPTRANS-RXN,PWY-8224,2
GLCNACPTRANS-RXN,PWY-8257,1
GLCNACPTRANS-RXN,PWY-8272,1
GLCNACPTRANS-RXN,PWY-8253,1
GLCNACPTRANS-RXN,PWY-7905,6
GLCNACPTRANS-RXN,PWY-8222,2
GLCNACPTRANS-RXN,PWY-7816,5
GLCNACPTRANS-RXN,PWY-8219,2
GLCNACPTRANS-RXN,PWY-8244,1
GLCNACPTRANS-RXN,PWY-8217,2
GLCNACPTRANS-RXN,PWY-7290,4
GLCNACPTRANS-RXN,PWY-8211,2
GLCNACPTRANS-RXN,TEICHOICACID-PWY,5
GLCNACPTRANS-RXN,PWY-8220,2
RXN-6380,PWY-6397,7
RXN-6380,PWY-6404,24
RXN0-5306,RHAMCAT-PWY,4
RXN0-5306,FUC-RHAMCAT-PWY,10
GLUTAMATESYN-RXN,GLUTAMINEFUM-PWY,1
GLUTAMATE-SYNTHASE-NADH-RXN,PWY-6963,2
GLUTAMATE-SYNTHASE-NADH-RXN,GLUGLNSYN-PWY,1
GLUTAMATE-SYNTHASE-NADH-RXN,PWY-5505,6
GLUTAMATE-SYNTHASE-NADH-RXN,PWY-3282,3
PANTEPADENYLYLTRAN-RXN,PWY-4221,12
PANTEPADENYLYLTRAN-RXN,PANTOSYN-PWY,9
PANTEPADENYLYLTRAN-RXN,PWY-7851,3
PANTEPADENYLYLTRAN-RXN,COA-PWY,4
PANTEPADENYLYLTRAN-RXN,PWY-8342,3
PANTEPADENYLYLTRAN-RXN,PWY8J2-29,2
PANTEPADENYLYLTRAN-RXN,COA-PWY-1,4
RXN-9476,PWY-5950,3
RXN-9475,PWY-5950,3
RXN-8648,PWY-5950,3
RXN-8562,PWY-5733,1
RXN-14517,PWY-6829,4
RXN-14517,PWY-7286,2
RXN-14517,PWY-7283,2
RXN-14517,PWY-7285,2
GABATRANSAM-RXN,4AMINOBUTMETAB-PWY,3
GABATRANSAM-RXN,ARGDEG-PWY,9
GABATRANSAM-RXN,P181-PWY,11
GABATRANSAM-RXN,PWY-5022,5
GABATRANSAM-RXN,PWY-6535,2
GABATRANSAM-RXN,PWY-8346,4
GABATRANSAM-RXN,PWY-6537,2
GABATRANSAM-RXN,PWY-6536,2
GABATRANSAM-RXN,GLUDEG-I-PWY,4
GABATRANSAM-RXN,ORNARGDEG-PWY,10
RXN2DNV-43,PWY2DNV-11,2
DIHYDROFOLATESYNTH-RXN,ALL-CHORISMATE-PWY,48
DIHYDROFOLATESYNTH-RXN,PWY-6612,9
DIHYDROFOLATESYNTH-RXN,PWY-6614,3
DIHYDROFOLATESYNTH-RXN,FOLSYN-PWY,11
RXN0-2921,PWY-2161,5
FORMYLTHFGLUSYNTH-RXN,PWY-2161,5
FOLYLPOLYGLUTAMATESYNTH-RXN,PWY-2161,5
RXN-19051,PWY-8561,2
RXN-19051,PWY-7928,1
RXN-2902,P562-PWY,6
RXN-2902,BETA-ALA-DEGRADATION-I-PWY,1
RXN-2902,PWY-7237,9
RXN-2902,PWY-1781,2
RXN-2902,PWY-7574,4
RXN-9958,PWY-6373,3
1.2.1.27-RXN,PWY-5642,2
RXN-11213,VALDEG-PWY,5
RXN-16648,PWY-7817,7
RXN-16648,PWY-7666,1
R-2-METHYLMALATE-DEHYDRATASE-RXN,PWY-5101,4
R-2-METHYLMALATE-DEHYDRATASE-RXN,PWY-7698,7
UDP-NACMURALGLDAPAALIG-RXN,PWY-6385,10
UDP-NACMURALGLDAPAALIG-RXN,PEPTIDOGLYCANSYN-PWY,10
UDP-NACMURALGLDAPAALIG-RXN,PWY-7953,6
UDP-NACMURALGLDAPAALIG-RXN,PWY-6387,8
6.3.2.10-RXN,PWY-5265,13
6.3.2.10-RXN,PWY-6470,11
6.3.2.10-RXN,PWY-6471,11
6.3.2.10-RXN,PWY-6386,7
RXN-8975,PWY-5265,13
RXN-8975,PWY-6471,11
RXN-11347,PWY-6470,11
PHOSNACMURPENTATRANS-RXN,PEPTIDOGLYCANSYN-PWY,10
RXN-11028,PWY-6385,10
UDP-NACMURALA-GLU-LIG-RXN,PWY-6385,10
UDP-NACMURALA-GLU-LIG-RXN,PWY-5265,13
UDP-NACMURALA-GLU-LIG-RXN,PEPTIDOGLYCANSYN-PWY,10
UDP-NACMURALA-GLU-LIG-RXN,PWY-6470,11
UDP-NACMURALA-GLU-LIG-RXN,PWY-6471,11
UDP-NACMURALA-GLU-LIG-RXN,PWY-6387,8
UDP-NACMURALA-GLU-LIG-RXN,PWY-6386,7
RXN-8976,PWY-5265,13
RXN-8976,PWY-6471,11
RXN-11029,PWY-6385,10
NACGLCTRANS-RXN,PEPTIDOGLYCANSYN-PWY,10
RXN-11346,PWY-6470,11
UDP-NACMUR-ALA-LIG-RXN,PWY-6385,10
UDP-NACMUR-ALA-LIG-RXN,PWY-5265,13
UDP-NACMUR-ALA-LIG-RXN,PEPTIDOGLYCANSYN-PWY,10
UDP-NACMUR-ALA-LIG-RXN,PWY-7953,6
UDP-NACMUR-ALA-LIG-RXN,PWY-6470,11
UDP-NACMUR-ALA-LIG-RXN,PWY-6471,11
UDP-NACMUR-ALA-LIG-RXN,PWY-6387,8
UDP-NACMUR-ALA-LIG-RXN,PWY-6386,7
ACETATE--COA-LIGASE-ADP-FORMING-RXN,PWY-5535,1
ACETATE--COA-LIGASE-ADP-FORMING-RXN,PWY-5483,2
ACETATE--COA-LIGASE-ADP-FORMING-RXN,PWY-8305,5
ACETATE--COA-LIGASE-ADP-FORMING-RXN,PWY-7402,6
ACETATE--COA-LIGASE-ADP-FORMING-RXN,PWY-5096,3
ACETATE--COA-LIGASE-ADP-FORMING-RXN,PWY-7401,5
RXN-9028,PWY-8382,2
RXN-9028,PWY-5770,3
ISOCHORMAT-RXN,ALL-CHORISMATE-PWY,48
ISOCHORMAT-RXN,PWY-6374,3
ISOCHORMAT-RXN,PWY-5903,3
ISOCHORMAT-RXN,PWY-5901,3
ISOCHORMAT-RXN,ENTBACSYN-PWY,5
RXN-9030,PWY-8382,2
RXN-9030,PWY-5770,3
DHBDEHYD-RXN,ALL-CHORISMATE-PWY,48
DHBDEHYD-RXN,PWY-6374,3
DHBDEHYD-RXN,PWY-5903,3
DHBDEHYD-RXN,PWY-5901,3
DHBDEHYD-RXN,ENTBACSYN-PWY,5
RXN-13866,PWY-8179,8
RXN-13866,PWY-8296,4
RXN-13866,PWY-7153,4
RXN-13865,PWY-8179,8
RXN-13865,PWY-8296,4
RXN-13865,PWY-7153,4
RXN-12173,PWY-6771,3
3.1.26.5-RXN,PWY0-1479,10
RXN0-6480,PWY0-1479,10
RXN-12402,PWY-6807,6
RXN1G-121,PWY1G-0,5
DIACYLGLYKIN-RXN,PWY-7817,7
DIACYLGLYKIN-RXN,PWY-7039,2
ACID-PHOSPHATASE-RXN,PWY-6348,1
CELLULOSE-SYNTHASE-UDP-FORMING-RXN,PWY-1001,1
RXN0-5507,PWY-6703,4
4.2.3.12-RXN,PWY-7442,4
4.2.3.12-RXN,PWY-5663,2
4.2.3.12-RXN,PWY-6983,2
RXN-18609,PWY-7885,5
RXN-18608,PWY-7885,5
RXN2G6Z-4,PWY-8378,2
RXN-20792,PWY-8075,1
RXN-22488,PWY-8285,2
RXN2B4Q-66,PWY2B4Q-7,4
RXN2DNV-6,PWY2DNV-2,2
RXN-22250,PWY-8247,1
LAUROYLACYLTRAN-RXN,LPSSYN-PWY,15
LAUROYLACYLTRAN-RXN,KDO-LIPASYN-PWY,2
LAUROYLACYLTRAN-RXN,KDO-NAGLIPASYN-PWY,16
RXN2B4Q-56,PWY2B4Q-7,4
RXN-14403,PWY-6350,7
RXN-23126,PWY-8365,5
2.7.1.148-RXN,PWY-7156,14
2.7.1.148-RXN,PWY-5121,12
2.7.1.148-RXN,NONMEVIPP-PWY,9
2.7.1.148-RXN,PWY-6270,9
2.7.1.148-RXN,PWY-7560,9
2.7.1.148-RXN,PWY-7392,12
PEPCARBOXYKIN-RXN,PWY-561,11
PEPCARBOXYKIN-RXN,PWY-7117,9
PEPCARBOXYKIN-RXN,GLUCONEO-PWY,13
RIBITOL-2-DEHYDROGENASE-RXN,PWY-5257,30
RIBITOL-2-DEHYDROGENASE-RXN,RIBITOLUTIL-PWY,2
RXN-15920,PWY-7566,1
R345-RXN,PWY-7962,3
R345-RXN,P381-PWY,26
R345-RXN,PWY-5507,25
RXN-19295,PWY-7964,3
RXN-19316,PWY-7965,3
RXN-19298,PWY-7970,3
DMBPPRIBOSYLTRANS-RXN,PWY-6269,5
DMBPPRIBOSYLTRANS-RXN,PWY-5509,3
DMBPPRIBOSYLTRANS-RXN,P381-PWY,26
DMBPPRIBOSYLTRANS-RXN,COBALSYN-PWY,5
RXN-19301,PWY-7966,3
RXN-19306,PWY-7968,3
RXN-19299,PWY-7967,3
RXN-19299,PWY-7969,3
RXN-19299,PWY-5507,25
RXN-19310,PWY-7964,3
RXN-8770,PWY-6269,5
RXN-8770,PWY-5509,3
RXN-8770,P381-PWY,26
RXN-8770,PWY-7975,2
RXN-8770,COBALSYN-PWY,5
RXN-19326,PWY-7970,3
RXN-19322,PWY-7966,3
RXN-19313,PWY-7967,3
RXN-19313,PWY-7969,3
RXN-19313,PWY-5507,25
RXN-19314,PWY-7963,2
RXN-19315,PWY-7961,2
RXN-19324,PWY-7968,3
RXN-19319,PWY-7965,3
UREA-CARBOXYLASE-RXN,PWY-5703,1
UREA-CARBOXYLASE-RXN,ALLANTOINDEG-PWY,4
R125-RXN,P163-PWY,9
R125-RXN,PWY-5327,22
R229-RXN,P261-PWY,4
PEPCARBOX-RXN,PWY-6142,15
PEPCARBOX-RXN,PWY-5913,6
PEPCARBOX-RXN,PWY-6549,6
PEPCARBOX-RXN,PWY-6146,46
PEPCARBOX-RXN,PWYQT-4429,2
PEPCARBOX-RXN,PWY-7115,8
PEPCARBOX-RXN,PWY-7124,19
PEPCARBOX-RXN,FERMENTATION-PWY,13
PEPCARBOX-RXN,PWY-7117,9
PEPCARBOX-RXN,PWY-1622,11
PEPCARBOX-RXN,PWY-241,4
RXN-15513,ANAGLYCOLYSIS-PWY,11
RXN-15513,GLYCOLYSIS,12
RXN-15513,PWY-8004,9
RXN-15513,ANAEROFRUCAT-PWY,12
RXN-15513,PWY-5484,11
RXN-15513,HEXITOLDEGSUPER-PWY,16
RXN-15513,P461-PWY,19
RXN-15513,PWY-7345,18
RXN-15513,PWY-8404,10
RXN-15513,P122-PWY,17
RXN-15513,GLYCOLYSIS-TCA-GLYOX-BYPASS,21
RXN-15513,PWY66-399,11
RXN-15513,GLYCOLYSIS-E-D,16
RXN-15513,P441-PWY,21
RXN-15513,PWY-1622,11
RXN-11316,PWY-6464,1
RXN-18596,PWY-7871,2
RXN-18597,PWY-7872,2
4.1.1.82-RXN,PWY-8067,2
4.1.1.82-RXN,PWY-7510,2
4.1.1.82-RXN,PWY-6682,2
4.1.1.82-RXN,PWY-5757,2
4.1.1.82-RXN,PWY-6839,3
4.1.1.82-RXN,PWY-7769,3
4.1.1.82-RXN,PWY-6322,3
RXN-15426,PWY-7746,1
RXN-12190,PWY-6737,4
5.4.99.16-RXN,PWY-7900,8
5.4.99.16-RXN,PWY-2622,1
UROGENDECARBOX-RXN,PWY-5918,9
UROGENDECARBOX-RXN,HEME-BIOSYNTHESIS-II,3
UROGENDECARBOX-RXN,HEME-BIOSYNTHESIS-II-1,3
UROGENDECARBOX-RXN,PWY-7766,3
UROGENDECARBOX-RXN,PWY-5529,15
UROGENDECARBOX-RXN,PWY-5920,7
UROGENDECARBOX-RXN,PWY-5531,5
UROGENDECARBOX-RXN,PWY0-1415,4
UROGENDECARBOX-RXN,CHLOROPHYLL-SYN,6
UROGENDECARBOX-RXN,HEMESYN2-PWY,2
UROGENDECARBOX-RXN,PWY-7159,6
RXN0-4361,PWY0-1241,5
RXN-11365,PWY-6478,4
NICOTINATE-DEHYDROGENASE-RXN,PWY-722,6
NICOTINATE-DEHYDROGENASE-RXN,PWY-5062,13
SULFITE-OXIDASE-RXN,PWY-5328,11
SULFITE-OXIDASE-RXN,PWY-7927,2
SULFITE-OXIDASE-RXN,PWY-5326,1
1.1.1.83-RXN,PWY0-1465,1
1.1.1.83-RXN,PWY-7469,2
CYTDEAM-RXN,PWY-7195,2
CYTDEAM-RXN,PWY-7194,2
CREATININE-DEAMINASE-RXN,PWY-4722,5
ACETOOHBUTREDUCTOISOM-RXN,THREOCAT-PWY,14
ACETOOHBUTREDUCTOISOM-RXN,BRANCHED-CHAIN-AA-SYN-PWY,11
ACETOOHBUTREDUCTOISOM-RXN,PWY-5103,5
ACETOOHBUTREDUCTOISOM-RXN,ILEUSYN-PWY,5
ACETOOHBUTREDUCTOISOM-RXN,PWY-3001,11
ACETOLACTREDUCTOISOM-RXN,BRANCHED-CHAIN-AA-SYN-PWY,11
ACETOLACTREDUCTOISOM-RXN,PWY-7111,4
ACETOLACTREDUCTOISOM-RXN,VALSYN-PWY,4
CARBOXYCYCLOHEXADIENYL-DEHYDRATASE-RXN,PWY-3462,4
CARBOXYCYCLOHEXADIENYL-DEHYDRATASE-RXN,PWY-3481,5
RXN0-6482,PWY0-1479,10
RXN0-6481,PWY0-1479,10
5.3.3.10-RXN,3-HYDROXYPHENYLACETATE-DEGRADATION-PWY,7
RXN-18520,PWY-7865,1
RXN-18528,PWY-7866,1
RXN-18521,PWY-7867,1
RXN-18529,PWY-7868,1
IPPISOM-RXN,PWY-7156,14
IPPISOM-RXN,PWY-922,7
IPPISOM-RXN,PWY-6383,4
IPPISOM-RXN,PWY-7391,7
IPPISOM-RXN,PWY-7524,5
IPPISOM-RXN,PWY-6174,6
IPPISOM-RXN,PWY-5121,12
IPPISOM-RXN,PWY-7102,3
IPPISOM-RXN,NONMEVIPP-PWY,9
IPPISOM-RXN,ERGOSTEROL-SYN-PWY,15
IPPISOM-RXN,PWY-8125,6
IPPISOM-RXN,PWY-6146,46
IPPISOM-RXN,PWY-5910,10
IPPISOM-RXN,PWY-6859,3
IPPISOM-RXN,PWY-6270,9
IPPISOM-RXN,PWY-7560,9
IPPISOM-RXN,PWY-6404,24
IPPISOM-RXN,PWY66-5,19
IPPISOM-RXN,PWY-7392,12
S-ADENMETSYN-RXN,ETHYL-PWY,2
S-ADENMETSYN-RXN,SAM-PWY,1
S-ADENMETSYN-RXN,PWY0-781,24
S-ADENMETSYN-RXN,MET-SAM-PWY,8
S-ADENMETSYN-RXN,PWY-5328,11
S-ADENMETSYN-RXN,PWY-6151,4
S-ADENMETSYN-RXN,PWY-5041,2
S-ADENMETSYN-RXN,PWY-6292,3
S-ADENMETSYN-RXN,PWY-I9,5
S-ADENMETSYN-RXN,PWY-5912,2
S-ADENMETSYN-RXN,PWY-7270,10
S-ADENMETSYN-RXN,PWY-7527,10
S-ADENMETSYN-RXN,PWY-7528,11
S-ADENMETSYN-RXN,METHIONINE-DEG1-PWY,1
RXN-10085,PWY-6185,4
3-OXOADIPATE-COA-TRANSFERASE-RXN,PWY-5431,9
3-OXOADIPATE-COA-TRANSFERASE-RXN,PWY-6182,7
3-OXOADIPATE-COA-TRANSFERASE-RXN,PWY-5417,6
3-OXOADIPATE-COA-TRANSFERASE-RXN,PWY-5183,23
3-OXOADIPATE-COA-TRANSFERASE-RXN,PWY-2504,31
3-OXOADIPATE-COA-TRANSFERASE-RXN,PWY-6957,17
3-OXOADIPATE-COA-TRANSFERASE-RXN,PWY-2361,2
3-OXOADIPATE-COA-TRANSFERASE-RXN,PWY-5181,8
R8-RXN,P3-PWY,4
R11-RXN,PWY-8190,4
R11-RXN,PWY-5022,5
R11-RXN,P3-PWY,4
R11-RXN,PWY-5677,4
R11-RXN,P162-PWY,6
R11-RXN,PWY-5676,6
2.8.3.9-RXN,PWY-6604,12
2.8.3.9-RXN,P163-PWY,9
2.8.3.9-RXN,PWY-5327,22
2.8.3.9-RXN,PWY-6588,5
2.8.3.9-RXN,PWY-6594,9
ACETOACETYL-COA-TRANSFER-RXN,PWY-6604,12
ACETOACETYL-COA-TRANSFER-RXN,ACETOACETATE-DEG-PWY,2
ACETOACETYL-COA-TRANSFER-RXN,PWY-6588,5
ACETOACETYL-COA-TRANSFER-RXN,PWY-6594,9
RXN0-7024,PWY0-41,4
METHYLCROTONYL-COA-CARBOXYLASE-RXN,LEU-DEG2-PWY,5
GLYCOLATE-REDUCTASE-RXN,PWY-7294,5
GLYCOLATE-REDUCTASE-RXN,PWY-7295,5
GLYCOLATE-REDUCTASE-RXN,PWY-5257,30
DIHYDROXYMETVALDEHYDRAT-RXN,PWY-5101,4
DIHYDROXYMETVALDEHYDRAT-RXN,THREOCAT-PWY,14
DIHYDROXYMETVALDEHYDRAT-RXN,BRANCHED-CHAIN-AA-SYN-PWY,11
DIHYDROXYMETVALDEHYDRAT-RXN,PWY-5103,5
DIHYDROXYMETVALDEHYDRAT-RXN,ILEUSYN-PWY,5
DIHYDROXYMETVALDEHYDRAT-RXN,PWY-3001,11
DIHYDROXYMETVALDEHYDRAT-RXN,PWY-5104,4
DIHYDROXYISOVALDEHYDRAT-RXN,BRANCHED-CHAIN-AA-SYN-PWY,11
DIHYDROXYISOVALDEHYDRAT-RXN,PWY-7111,4
DIHYDROXYISOVALDEHYDRAT-RXN,VALSYN-PWY,4
TRIOSEPISOMERIZATION-RXN,ANAGLYCOLYSIS-PWY,11
TRIOSEPISOMERIZATION-RXN,PWY-7003,12
TRIOSEPISOMERIZATION-RXN,PWY-6142,15
TRIOSEPISOMERIZATION-RXN,GLYCOLYSIS,12
TRIOSEPISOMERIZATION-RXN,PWY-1042,7
TRIOSEPISOMERIZATION-RXN,ANAEROFRUCAT-PWY,12
TRIOSEPISOMERIZATION-RXN,PWY-5484,11
TRIOSEPISOMERIZATION-RXN,HEXITOLDEGSUPER-PWY,16
TRIOSEPISOMERIZATION-RXN,P461-PWY,19
TRIOSEPISOMERIZATION-RXN,PWY-7218,19
TRIOSEPISOMERIZATION-RXN,P185-PWY,11
TRIOSEPISOMERIZATION-RXN,PWY-6146,46
TRIOSEPISOMERIZATION-RXN,PWY-7345,18
TRIOSEPISOMERIZATION-RXN,P341-PWY,9
TRIOSEPISOMERIZATION-RXN,PWY-8404,10
TRIOSEPISOMERIZATION-RXN,PWY66-373,5
TRIOSEPISOMERIZATION-RXN,PWY-7124,19
TRIOSEPISOMERIZATION-RXN,PWY-6886,19
TRIOSEPISOMERIZATION-RXN,GLYCOLYSIS-TCA-GLYOX-BYPASS,21
TRIOSEPISOMERIZATION-RXN,GLUCONEO-PWY,13
TRIOSEPISOMERIZATION-RXN,PWY66-399,11
TRIOSEPISOMERIZATION-RXN,CALVIN-PWY,12
TRIOSEPISOMERIZATION-RXN,GLYCOLYSIS-E-D,16
TRIOSEPISOMERIZATION-RXN,PWY-5464,16
TRIOSEPISOMERIZATION-RXN,P441-PWY,21
TRIOSEPISOMERIZATION-RXN,PHOTOALL-PWY,13
PHOSGLYPHOS-RXN,ANAGLYCOLYSIS-PWY,11
PHOSGLYPHOS-RXN,PWY-7003,12
PHOSGLYPHOS-RXN,GLYCOLYSIS,12
PHOSGLYPHOS-RXN,PWY-8004,9
PHOSGLYPHOS-RXN,ANAEROFRUCAT-PWY,12
PHOSGLYPHOS-RXN,PWY-5484,11
PHOSGLYPHOS-RXN,HEXITOLDEGSUPER-PWY,16
PHOSGLYPHOS-RXN,P461-PWY,19
PHOSGLYPHOS-RXN,PWY-7218,19
PHOSGLYPHOS-RXN,P185-PWY,11
PHOSGLYPHOS-RXN,PWY-7345,18
PHOSGLYPHOS-RXN,PWY-8404,10
PHOSGLYPHOS-RXN,PWY-6901,17
PHOSGLYPHOS-RXN,P124-PWY,15
PHOSGLYPHOS-RXN,PWY-7124,19
PHOSGLYPHOS-RXN,P122-PWY,17
PHOSGLYPHOS-RXN,PWY-6886,19
PHOSGLYPHOS-RXN,GLYCOLYSIS-TCA-GLYOX-BYPASS,21
PHOSGLYPHOS-RXN,SUCSYN-PWY,8
PHOSGLYPHOS-RXN,GLUCONEO-PWY,13
PHOSGLYPHOS-RXN,PWY66-399,11
PHOSGLYPHOS-RXN,CALVIN-PWY,12
PHOSGLYPHOS-RXN,GLYCOLYSIS-E-D,16
PHOSGLYPHOS-RXN,P441-PWY,21
PHOSGLYPHOS-RXN,PHOTOALL-PWY,13
GAPOXNPHOSPHN-RXN,ANAGLYCOLYSIS-PWY,11
GAPOXNPHOSPHN-RXN,PWY-7003,12
GAPOXNPHOSPHN-RXN,GLYCOLYSIS,12
GAPOXNPHOSPHN-RXN,PWY-8004,9
GAPOXNPHOSPHN-RXN,ANAEROFRUCAT-PWY,12
GAPOXNPHOSPHN-RXN,PWY-5484,11
GAPOXNPHOSPHN-RXN,HEXITOLDEGSUPER-PWY,16
GAPOXNPHOSPHN-RXN,P461-PWY,19
GAPOXNPHOSPHN-RXN,P185-PWY,11
GAPOXNPHOSPHN-RXN,PWY-7345,18
GAPOXNPHOSPHN-RXN,PWY-8404,10
GAPOXNPHOSPHN-RXN,PWY-6901,17
GAPOXNPHOSPHN-RXN,P124-PWY,15
GAPOXNPHOSPHN-RXN,P122-PWY,17
GAPOXNPHOSPHN-RXN,GLYCOLYSIS-TCA-GLYOX-BYPASS,21
GAPOXNPHOSPHN-RXN,SUCSYN-PWY,8
GAPOXNPHOSPHN-RXN,GLUCONEO-PWY,13
GAPOXNPHOSPHN-RXN,PWY66-399,11
GAPOXNPHOSPHN-RXN,GLYCOLYSIS-E-D,16
GAPOXNPHOSPHN-RXN,P441-PWY,21
RXN-12028,PWY-6687,1
RXN-12028,PWY-6685,1
THREONINE--TRNA-LIGASE-RXN,TRNA-CHARGING-PWY,21
TETHYDPICSUCC-RXN,PWY0-781,24
TETHYDPICSUCC-RXN,DAPLYSINESYN-PWY,9
TETHYDPICSUCC-RXN,P4-PWY,17
R342-RXN,P381-PWY,26
R342-RXN,PWY-7376,9
RXN-8765,PWY-5507,25
RXN-8765,PWY-7377,11
1.3.1.54-RXN,P381-PWY,26
1.3.1.54-RXN,PWY-7376,9
MUCONATE-CYCLOISOMERASE-RXN,CATECHOL-ORTHO-CLEAVAGE-PWY,4
MUCONATE-CYCLOISOMERASE-RXN,PWY-5431,9
MUCONATE-CYCLOISOMERASE-RXN,PWY-6182,7
MUCONATE-CYCLOISOMERASE-RXN,PWY-5417,6
MUCONATE-CYCLOISOMERASE-RXN,PWY-2504,31
MUCONATE-CYCLOISOMERASE-RXN,PWY-6957,17
GDP-MANNOSE-6-DEHYDROGENASE-RXN,PWY-6073,2
GDP-MANNOSE-6-DEHYDROGENASE-RXN,PWY-6082,2
UGD-RXN,PWY-7328,6
UGD-RXN,PWY-7820,3
UGD-RXN,PWY-4821,2
UGD-RXN,PWY-7346,1
UGD-RXN,COLANSYN-PWY,9
UGD-RXN,PWY-5114,6
RXN-5581,PWY-3162,2
RXN-9222,PWY-5855,5
RXN-9222,PWY-5873,4
RXN-11368,PWY-8534,4
RXN-11368,PWY-8535,5
2.5.1.39-RXN,PWY-6978,3
2.5.1.39-RXN,PWY-5871,4
2.5.1.39-RXN,PWY-5856,5
4OHBENZOATE-OCTAPRENYLTRANSFER-RXN,ALL-CHORISMATE-PWY,48
4OHBENZOATE-OCTAPRENYLTRANSFER-RXN,UBISYN-PWY,9
4OHBENZOATE-OCTAPRENYLTRANSFER-RXN,PWY-5870,5
4OHBENZOATE-OCTAPRENYLTRANSFER-RXN,PWY-6708,5
4OHBENZOATE-OCTAPRENYLTRANSFER-RXN,PWY-8533,5
RXN-14291,PWY-7235,5
RXN-14291,PWY-7230,4
RXN-9230,PWY-5857,5
RXN-9230,PWY-8571,5
RXN-9230,PWY-5872,3
RXN-9003,PWY3O-19,4
RXN-9003,PWY-7235,5
RXN-9821,PWY-6036,1
RXN-12123,PWY18C3-4,1
RXN-12123,PWY18C3-6,1
UDP-ARABINOSE-4-EPIMERASE-RXN,PWY-63,1
UDP-ARABINOSE-4-EPIMERASE-RXN,PWY-5114,6
RXN-9651,PWY66-430,24
RXN1G-368,PWY-6113,82
RXN1G-368,PWYG-321,51
RXN-9632,PWY-5156,40
RXN-9632,PWY-8280,5
RXN-9632,PWY-6113,82
RXN-9632,PWY-5989,5
RXN-9632,PWYG-321,51
RXN-9653,PWY66-430,24
RXN1G-445,PWY-6113,82
RXN1G-445,PWYG-321,51
RXN-9648,PWY66-430,24
RXN-9652,PWY66-430,24
RXN-9652,PWY-8595,5
RXN-9650,PWY66-430,24
AMINOBENZCOALIG-RXN,PWY-6661,2
AMINOBENZCOALIG-RXN,PWY-6077,2
AMINOBENZCOALIG-RXN,BENZCOA-PWY,12
AMINOBENZCOALIG-RXN,PWY-7405,1
AMINOBENZCOALIG-RXN,PWY-7407,1
AMINOBENZCOALIG-RXN,PWY-6662,3
AMINOBENZCOALIG-RXN,PWY-6660,2
AMINOBENZCOALIG-RXN,2AMINOBENZDEG-PWY,1
ISOCIT-CLEAV-RXN,GLYOXYLATE-BYPASS,4
ISOCIT-CLEAV-RXN,PWY-561,11
ISOCIT-CLEAV-RXN,TCA-GLYOX-BYPASS,9
ISOCIT-CLEAV-RXN,GLYCOLYSIS-TCA-GLYOX-BYPASS,21
GLUCOSE-1-PHOSPHAT-RXN,GLUCOSE1PMETAB-PWY,5
1.13.11.49-RXN,PWY-6530,1
1.13.11.49-RXN,PWY-6529,1
3.4.17.14-RXN,PWY-6470,11
ALPHAGALACTOSID-RXN,PWY0-1301,1
RXN-11502,PWY-6527,6
RXN-11501,PWY-6527,6
GALACTARDEHYDRA-RXN,GALACTARDEG-PWY,4
GALACTARDEHYDRA-RXN,PWY-6497,3
GALACTARDEHYDRA-RXN,GLUCARGALACTSUPER-PWY,5
GALACTARDEHYDRA-RXN,PWY-6516,22
HYDROXY-MANDELATE-RACEMASE-RXN,PWY-6954,33
HYDROXY-MANDELATE-RACEMASE-RXN,PWY-2504,31
HYDROXY-MANDELATE-RACEMASE-RXN,4-HYDROXYMANDELATE-DEGRADATION-PWY,3
MANDELATE-RACEMASE-RXN,PWY-1501,4
MANDELATE-RACEMASE-RXN,PWY-6954,33
MANDELATE-RACEMASE-RXN,PWY-2504,31
MANDELATE-RACEMASE-RXN,PWY-6957,17
RXN-9789,THISYN-PWY,9
RXN-9789,PWY-6891,4
RXN-9789,PWY-6895,8
RXN-9789,PWY-6892,5
RXN-8166,PWY-5283,5
RXN-8166,PWY-5327,22
RXN-8166,PWY66-425,3
RXN-8166,PWY-7861,1
PYRROLINE-2-CARBOXYLATE-REDUCTASE-RXN,PWY-7515,1
PYRROLINE-2-CARBOXYLATE-REDUCTASE-RXN,PWY-4281,1
RXN-18393,PWY-8008,2
RXN-18393,PWY-8381,2
RXN-18393,PWY-7706,2
RXN-18393,PWY-7694,2
BIOTINLIG-RXN,PWY0-1264,3
ACETYLHOMOSER-CYS-RXN,PWY-5345,12
ACETYLHOMOSER-CYS-RXN,PWY-5344,2
ACETYLHOMOSER-CYS-RXN,PWY-6293,5
ACETYLHOMOSER-CYS-RXN,PWY-821,9
ACETYLHOMOSER-CYS-RXN,HSERMETANA-PWY,4
O-ACETYLHOMOSERINE-THIOL-LYASE-RXN,PWY-7174,2
O-ACETYLHOMOSERINE-THIOL-LYASE-RXN,PWY-8132,2
SULFITE-REDUCTASE-FERREDOXIN-RXN,PWY1ZNC-1,4
SULFITE-REDUCTASE-FERREDOXIN-RXN,SULFMETII-PWY,3
RHAMNISOM-RXN,RHAMCAT-PWY,4
RHAMNISOM-RXN,FUC-RHAMCAT-PWY,10
RHAMNULOKIN-RXN,RHAMCAT-PWY,4
RHAMNULOKIN-RXN,FUC-RHAMCAT-PWY,10
GLUC1PADENYLTRANS-RXN,PWY-7902,4
GLUC1PADENYLTRANS-RXN,GLYCOGENSYNTH-PWY,4
GLUC1PADENYLTRANS-RXN,PWY-622,8
RXN-18305,PWY-7900,8
RXN-19378,PWY-6807,6
RXN-19379,PWY-6807,6
L-FUCONATE-HYDRATASE-RXN,PWY-8318,2
L-FUCONATE-HYDRATASE-RXN,PWY-8444,2
GLUTRACE-RXN,PWY-6385,10
GLUTRACE-RXN,PWY-5265,13
GLUTRACE-RXN,PEPTIDOGLYCANSYN-PWY,10
GLUTRACE-RXN,PWY-6470,11
GLUTRACE-RXN,PWY-6471,11
GLUTRACE-RXN,PWY-6387,8
GLUTRACE-RXN,PWY-6386,7
SUCCINATE-SEMIALDEHYDE-DEHYDROGENASE-RXN,4AMINOBUTMETAB-PWY,3
SUCCINATE-SEMIALDEHYDE-DEHYDROGENASE-RXN,ARGDEG-PWY,9
SUCCINATE-SEMIALDEHYDE-DEHYDROGENASE-RXN,PWY-6473,2
SUCCINATE-SEMIALDEHYDE-DEHYDROGENASE-RXN,PWY-7978,2
SUCCINATE-SEMIALDEHYDE-DEHYDROGENASE-RXN,PWY-6535,2
SUCCINATE-SEMIALDEHYDE-DEHYDROGENASE-RXN,GLUDEG-I-PWY,4
SUCCINATE-SEMIALDEHYDE-DEHYDROGENASE-RXN,ORNARGDEG-PWY,10
RXN0-1147,PWY-5084,3
GUANYL-KIN-RXN,PRPP-PWY,42
GUANYL-KIN-RXN,DENOVOPURINE2-PWY,25
GUANYL-KIN-RXN,PWY-7228,6
GUANYL-KIN-RXN,PWY-6125,8
GUANYL-KIN-RXN,PWY-7221,4
GUANYL-KIN-RXN,PWY-841,21
GUANYL-KIN-RXN,PWY66-409,17
RXN-22498,PWY-8289,4
1.14.13.59-RXN,PWY185E-1,3
1.14.13.59-RXN,AEROBACTINSYN-PWY,2
R101-RXN,PWY-761,2
R101-RXN,PWY-7988,2
R101-RXN,P101-PWY,5
R101-RXN,PWY-7855,3
R101-RXN,PWY-6409,2
R101-RXN,PWY-6562,5
R101-RXN,PWY-6565,6
1.1.1.264-RXN,IDNCAT-PWY,3
1.1.1.264-RXN,KETOGLUCONMET-PWY,5
CATECHOL-12-DIOXYGENASE-RXN,CATECHOL-ORTHO-CLEAVAGE-PWY,4
CATECHOL-12-DIOXYGENASE-RXN,PWY-5431,9
CATECHOL-12-DIOXYGENASE-RXN,PWY-6182,7
CATECHOL-12-DIOXYGENASE-RXN,PWY-5417,6
CATECHOL-12-DIOXYGENASE-RXN,PWY-2504,31
CATECHOL-12-DIOXYGENASE-RXN,PWY-6957,17
QUINOPRIBOTRANS-RXN,PWY-8277,5
QUINOPRIBOTRANS-RXN,PWY-3502,11
QUINOPRIBOTRANS-RXN,PWY0-781,24
QUINOPRIBOTRANS-RXN,NADSYN-PWY,8
QUINOPRIBOTRANS-RXN,PYRIDNUCSYN-PWY,6
QUINOPRIBOTRANS-RXN,PWY-5316,3
QUINOPRIBOTRANS-RXN,PWY-5653,3
QUINOPRIBOTRANS-RXN,PWY-8352,5
QUINOPRIBOTRANS-RXN,PWY-7342,3
QUINOLINATE-SYNTHA-RXN,PWY-8277,5
QUINOLINATE-SYNTHA-RXN,PWY0-781,24
QUINOLINATE-SYNTHA-RXN,PYRIDNUCSYN-PWY,6
QUINOLINATE-SYNTHA-RXN,PWY-5316,3
QUINOLINATE-SYNTHA-RXN,PWY-8352,5
QUINOLINATE-SYNTHA-RXN,PWY-7342,3
RXN490-3616,PWY490-4,3
PYRIMSYN1-RXN,THISYN-PWY,9
PYRIMSYN1-RXN,PWY-6895,8
PYRIMSYN1-RXN,PWY-6890,2
PYRIMSYN1-RXN,THISYNARA-PWY,5
DIACYLGLYCEROL-O-ACYLTRANSFERASE-RXN,TRIGLSYN-PWY,4
2.7.7.60-RXN,PWY-7156,14
2.7.7.60-RXN,PWY-5121,12
2.7.7.60-RXN,NONMEVIPP-PWY,9
2.7.7.60-RXN,PWY-6270,9
2.7.7.60-RXN,PWY-7560,9
2.7.7.60-RXN,PWY-7392,12
RXN0-302,PWY-7156,14
RXN0-302,PWY-5121,12
RXN0-302,NONMEVIPP-PWY,9
RXN0-302,PWY-6270,9
RXN0-302,PWY-7560,9
RXN0-302,PWY-7392,12
SPERMACTRAN-RXN,PWY-6117,5
RXN-0,PWY-0,3
RXN-9939,PWY-6117,5
RXN-18772,PWY-8212,4
RXN-18772,PWY-8250,6
RXN-18772,PWY-7905,6
RXN-18773,PWY-8212,4
RXN-18773,PWY-8250,6
RXN-18773,PWY-7905,6
RXN0-3521,PWY0-1338,5
RXN-10620,PWY-7371,4
RXN-10620,PWY-7992,6
RXN-10620,PWY-7373,5
RXN-10620,PWY-7374,5
RXN-10620,PWY-6263,7
RXN-11211,PWY-6430,2
DIHYDROPYRIMIDINASE-RXN,PWY-7209,4
DIHYDROPYRIMIDINASE-RXN,PWY-3982,2
RXN-23222,PWY2G6Z-2,6
UDPACYLGLCNACDEACETYL-RXN,NAGLIPASYN-PWY,6
UDPACYLGLCNACDEACETYL-RXN,LPSSYN-PWY,15
UDPACYLGLCNACDEACETYL-RXN,KDO-NAGLIPASYN-PWY,16
RXN-22242,PWY-8245,9
RXN-22247,PWYI-14,6
RXN-22247,PWY-8245,9
RXN-22481,PWY-8283,6
RXN-20788,PWY-8073,6
RXN2B4Q-49,PWY2B4Q-4,5
RXN-9655,PWY-8279,28
RXN-9655,PWY-5156,40
RXN-9655,PWY66-430,24
RXN-9655,PWY-6285,50
RXN-9655,PWY-6284,18
RXN-9655,PWY-5971,30
RXN-9655,PWY0-862,6
RXN-9655,PWY1A0-6120,21
RXN-25456,PWY-8595,5
RXN-9634,PWY-5156,40
RXN-9634,PWY-8280,5
RXN-9634,PWY-6113,82
RXN-9634,PWY-5989,5
RXN-9634,PWYG-321,51
RXN-21651,PWY-8174,30
RXN-21651,PWY-8525,20
RXN-9520,PWY-8279,28
RXN-9520,PWY-7388,12
RXN-9520,PWY-5156,40
RXN-9520,PWY66-430,24
RXN-9520,PWY-6285,50
RXN-9520,PWY-5971,30
RXN-9520,PWY1A0-6120,21
RXN-16631,PWY-7663,4
RXN-22025,PWY-8203,4
RXN-21632,PWY-8173,30
RXN-21671,PWY-8174,30
RXN-21666,PWY-8174,30
4.2.1.61-RXN,PWY-8279,28
4.2.1.61-RXN,PWY-5156,40
4.2.1.61-RXN,PWY-6113,82
4.2.1.61-RXN,PWY-6285,50
4.2.1.61-RXN,PWY-5971,30
4.2.1.61-RXN,PWYG-321,51
RXN-21677,PWY-8175,30
RXN-11481,BIOTIN-BIOSYNTHESIS-PWY,13
RXN-11481,PWY-6519,11
4.2.1.59-RXN,PWY-8279,28
4.2.1.59-RXN,PWY-7388,12
4.2.1.59-RXN,PWY-5156,40
4.2.1.59-RXN,PWY66-430,24
4.2.1.59-RXN,PWY-6285,50
4.2.1.59-RXN,PWY-5971,30
4.2.1.59-RXN,PWY1A0-6120,21
RXN-21619,PWY-8173,30
RXN-16627,PWY-7664,14
RXN-21656,PWY-8174,30
RXN-21656,PWY-8525,20
RXN0-2144,PWY-7858,6
RXN0-2144,PWY-6285,50
RXN0-2144,PWY-6284,18
RXN0-2144,PWY0-862,6
RXN-10656,PWY-6285,50
RXN-10656,PWY-6284,18
RXN-10656,PWY-6282,8
RXN-11477,BIOTIN-BIOSYNTHESIS-PWY,13
RXN-11477,PWY-6519,11
RXN-21687,PWY-8175,30
RXN1G-320,PWY-6113,82
RXN1G-320,PWYG-321,51
RXN-9533,PWY-8279,28
RXN-9533,PWY-5156,40
RXN-9533,PWY-7664,14
RXN-9533,PWY66-430,24
RXN-9533,PWY-6285,50
RXN-9533,PWY-5971,30
RXN-9533,PWY1A0-6120,21
RXN-10660,PWY-6285,50
RXN-10660,PWY-6284,18
RXN-10660,PWY-6282,8
RXN-21646,PWY-8174,30
RXN-21646,PWY-8525,20
RXN-21623,PWY-8173,30
RXN-16623,PWY-7664,14
RXN-21682,PWY-8175,30
RXN-21615,PWY-8173,30
RXN-21692,PWY-8175,30
4.2.1.58-RXN,PWY-8279,28
4.2.1.58-RXN,PWY-7388,12
4.2.1.58-RXN,PWY-5156,40
4.2.1.58-RXN,PWY66-430,24
4.2.1.58-RXN,PWY-6285,50
4.2.1.58-RXN,PWY-5971,30
4.2.1.58-RXN,PWY1A0-6120,21
RXN-21636,PWY-8173,30
RXN-23643,PWY-8427,2
RXN-21661,PWY-8174,30
RXN-21661,PWY-8525,20
RXN-21698,PWY-8175,30
RXN-16619,PWY-7664,14
3-HYDROXYDECANOYL-ACP-DEHYDR-RXN,FASYN-ELONG-PWY,5
RXN-21627,PWY-8173,30
RXN-21703,PWY-8175,30
RXN-9557,PWY-6285,50
RXN-9557,PWY-6284,18
RXN-9557,PWY-5973,4
RXN-9537,PWY-8279,28
RXN-9537,PWY-5156,40
RXN-9537,PWY66-430,24
RXN-9537,PWY-6113,82
RXN-9537,PWY-6285,50
RXN-9537,PWY-5971,30
RXN-9537,PWYG-321,51
R307-RXN,PWY-7773,4
RXN-8665,PWY-7765,4
RXN-8665,PWY-3502,11
RXN-8665,PWY-7717,3
RXN-8665,PWY-5651,5
RXN-8665,NADSYN-PWY,8
RXN-8665,TRPCAT-PWY,3
RXN-8665,PWY-6954,33
RXN-8665,PWY-6505,12
RXN-8665,PWY-6309,10
RXN-8665,PWY-2504,31
RXN-8665,PWY-5655,12
RXN-8665,TRYPTOPHAN-DEGRADATION-1,10
DEOXYGLUCONOKIN-RXN,GALACT-GLUCUROCAT-PWY,9
DEOXYGLUCONOKIN-RXN,PWY-7242,4
DEOXYGLUCONOKIN-RXN,PWY-6507,4
DEOXYGLUCONOKIN-RXN,GALACTUROCAT-PWY,5
DEOXYGLUCONOKIN-RXN,PWY-7562,4
DEOXYGLUCONOKIN-RXN,PWY-2221,9
DEOXYGLUCONOKIN-RXN,PWY-6516,22
DEOXYGLUCONOKIN-RXN,GLUCUROCAT-PWY,6
DEOXYGLUCONOKIN-RXN,PWY-6986,4
5.1.1.17-RXN,PWY-5634,3
5.1.1.17-RXN,PWY-5631,1
OHMETPYRKIN-RXN,PWY-6910,2
OHMETPYRKIN-RXN,PWY-7356,7
OHMETPYRKIN-RXN,PWY-7357,6
OHMETPYRKIN-RXN,PWY-6897,5
PYRIMSYN3-RXN,THISYN-PWY,9
PYRIMSYN3-RXN,PWY-7282,5
PYRIMSYN3-RXN,PWY-6895,8
PYRIMSYN3-RXN,PWY-6910,2
PYRIMSYN3-RXN,PWY-7356,7
PYRIMSYN3-RXN,PWY-6890,2
PYRIMSYN3-RXN,THISYNARA-PWY,5
PYRIMSYN3-RXN,PWY-7357,6
PYRIMSYN3-RXN,PWY-6897,5
2.3.1.157-RXN,OANTIGEN-PWY,10
2.3.1.157-RXN,UDPNAGSYN-PWY,5
2.3.1.157-RXN,PWY-7332,14
2.3.1.157-RXN,PWY0-1261,12
2.3.1.157-RXN,PWY-6404,24
NAG1P-URIDYLTRANS-RXN,OANTIGEN-PWY,10
NAG1P-URIDYLTRANS-RXN,UDPNAGSYN-PWY,5
NAG1P-URIDYLTRANS-RXN,PWY-7332,14
NAG1P-URIDYLTRANS-RXN,PWY-6981,7
NAG1P-URIDYLTRANS-RXN,PWY0-1261,12
NAG1P-URIDYLTRANS-RXN,UDPNACETYLGALSYN-PWY,5
NAG1P-URIDYLTRANS-RXN,PWY-6404,24
NAG1P-URIDYLTRANS-RXN,PWY-5514,6
2.7.7.33-RXN,PWY-8139,3
2.7.7.33-RXN,PWY-5833,3
2.7.7.33-RXN,PWY-5823,4
2.7.7.33-RXN,PWY-5940,5
RXN1G-2544,PWY-6113,82
RXN1G-2544,PWYG-321,51
RXN1G-3641,PWY-6113,82
RXN1G-3641,PWYG-321,51
RXN1G-45,PWY-6113,82
RXN1G-45,PWYG-321,51
RXN-7421,PWY-4942,1
2.1.1.79-RXN,PWY0-541,1
FRUCTOSE-6-PHOSPHATE-PHOSPHOKETOLASE-RXN,P124-PWY,15
PHOSPHOKETOLASE-RXN,P124-PWY,15
PHOSPHOKETOLASE-RXN,P122-PWY,17
RXN-12104,PWY-8106,3
RXN-12104,PWY-6700,4
RXN-14206,PWY-8099,2
RXN-13908,PWY-7158,3
RXN-8987,PWY-5749,3
HYDROXYMETHYLGLUTARYL-COA-LYASE-RXN,PWY66-367,5
HYDROXYMETHYLGLUTARYL-COA-LYASE-RXN,PWY-5074,2
HYDROXYMETHYLGLUTARYL-COA-LYASE-RXN,LEU-DEG2-PWY,5
5-OXOPROLINASE-ATP-HYDROLYSING-RXN,PWY-4041,5
5-OXOPROLINASE-ATP-HYDROLYSING-RXN,PWY-7942,3
3-HYDROXYBUTYRATE-DEHYDROGENASE-RXN,PWY66-368,3
3-HYDROXYBUTYRATE-DEHYDROGENASE-RXN,PWY66-367,5
5.1.3.23-RXN,PWY-7090,5
5.1.3.23-RXN,PWY-7332,14
RXN-13589,PWY-7090,5
RXN-13589,PWY-7332,14
RXN-13596,PWY-7090,5
RXN-13596,PWY-7332,14
RXN-13069,P181-PWY,11
1.13.11.6-RXN,PWY-3502,11
1.13.11.6-RXN,PWY-5651,5
1.13.11.6-RXN,NADSYN-PWY,8
1.13.11.6-RXN,PWY-5647,5
1.13.11.6-RXN,PWY-6505,12
1.13.11.6-RXN,PWY-6309,10
1.13.11.6-RXN,PWY-5655,12
1.13.11.6-RXN,TRYPTOPHAN-DEGRADATION-1,10
L-LACTATE-DEHYDROGENASE-RXN,ANAEROFRUCAT-PWY,12
L-LACTATE-DEHYDROGENASE-RXN,P461-PWY,19
L-LACTATE-DEHYDROGENASE-RXN,PWY-8086,10
L-LACTATE-DEHYDROGENASE-RXN,P41-PWY,3
L-LACTATE-DEHYDROGENASE-RXN,PWY-7345,18
L-LACTATE-DEHYDROGENASE-RXN,PWY-6901,17
L-LACTATE-DEHYDROGENASE-RXN,PWY2DDB-10,4
L-LACTATE-DEHYDROGENASE-RXN,P124-PWY,15
L-LACTATE-DEHYDROGENASE-RXN,P122-PWY,17
L-LACTATE-DEHYDROGENASE-RXN,PWY-5481,1
L-LACTATE-DEHYDROGENASE-RXN,PWY-5100,4
RXN-7572,PWY-5031,1
2.4.1.230-RXN,PWY-7459,2
PROPKIN-RXN,THREOCAT-PWY,14
PROPKIN-RXN,PWY-5437,3
PROPKIN-RXN,PWY-7013,3
ACETATEKIN-RXN,PWY0-1477,5
ACETATEKIN-RXN,PWY-6604,12
ACETATEKIN-RXN,PWY0-1312,2
ACETATEKIN-RXN,P3-PWY,4
ACETATEKIN-RXN,PWY-5600,3
ACETATEKIN-RXN,P461-PWY,19
ACETATEKIN-RXN,PWY-5485,3
ACETATEKIN-RXN,PWY-8086,10
ACETATEKIN-RXN,P163-PWY,9
ACETATEKIN-RXN,P164-PWY,7
ACETATEKIN-RXN,P41-PWY,3
ACETATEKIN-RXN,METH-ACETATE-PWY,3
ACETATEKIN-RXN,PWY-8480,6
ACETATEKIN-RXN,P161-PWY,4
ACETATEKIN-RXN,PWY2DDB-10,4
ACETATEKIN-RXN,P124-PWY,15
ACETATEKIN-RXN,PWY-8303,7
ACETATEKIN-RXN,ACETATEUTIL-PWY,3
ACETATEKIN-RXN,PWY-6590,6
ACETATEKIN-RXN,PWY-8015,2
ACETATEKIN-RXN,P142-PWY,3
ACETATEKIN-RXN,PWY-5327,22
ACETATEKIN-RXN,PWY-5482,2
ACETATEKIN-RXN,FERMENTATION-PWY,13
ACETATEKIN-RXN,PWY-5676,6
ACETATEKIN-RXN,PWY4LZ-257,8
ACETATEKIN-RXN,PWY-5100,4
ACETATEKIN-RXN,PWY-6830,9
ACETATEKIN-RXN,PWY-8377,4
ACETATEKIN-RXN,PWY-5497,15
ACETATEKIN-RXN,P441-PWY,21
ACETATEKIN-RXN,PROPFERM-PWY,7
GLUTDEHYD-RXN,PWY-5505,6
GLUTDEHYD-RXN,GLUTSYNIII-PWY,1
RXN0-4341,PWY0-1241,5
RXN0-4342,PWY0-1241,5
RXN-22455,PWY-8280,5
R83-RXN,PWY-7270,10
R83-RXN,PWY-7527,10
R83-RXN,PWY-7528,11
R83-RXN,PWY-4361,6
R145-RXN,PWY-7270,10
R145-RXN,PWY-7527,10
R145-RXN,PWY-7528,11
R145-RXN,PWY-4361,6
RXN-17703,PWY-6662,3
RXN-17703,PWY-6660,2
METHYLGLUTACONYL-COA-HYDRATASE-RXN,PWY-7571,3
METHYLGLUTACONYL-COA-HYDRATASE-RXN,LEU-DEG2-PWY,5
ISOHEXENYLGLUTACONYL-COA-HYDRATASE-RXN,PWY-6672,3
SULFITE-DEHYDROGENASE-RXN,PWY-5294,2
SULFITE-DEHYDROGENASE-RXN,PWY-5335,2
SULFITE-DEHYDROGENASE-RXN,PWY-5304,3
SULFITE-DEHYDROGENASE-RXN,PWY-5276,1
SULFITE-DEHYDROGENASE-RXN,PWY-5308,3
3.5.2.17-RXN,PWY-7394,3
3.5.2.17-RXN,URSIN-PWY,7
3.5.2.17-RXN,P165-PWY,15
3.5.2.17-RXN,PWY-7849,2
3.5.2.17-RXN,PWY-5691,3
GALLATE-DIOXYGENASE-RXN,GALLATE-DEGRADATION-II-PWY,4
GALLATE-DIOXYGENASE-RXN,PWY-6339,6
RXN-10425,PWY-6216,1
RXN-10425,PWY-6217,1
PROTOCATECHUATE-45-DIOXYGENASE-RXN,PWY-6338,8
PROTOCATECHUATE-45-DIOXYGENASE-RXN,P184-PWY,6
RXN-8344,PWY-8171,2
RXN-8344,PWY-8167,1
RXN-11407,PWY-8390,1
RXN-11407,PWY-6501,4
RXN-11407,PWY-6516,22
URONATE-DEHYDROGENASE-RXN,PWY-8391,1
URONATE-DEHYDROGENASE-RXN,PWY-6486,4
URONATE-DEHYDROGENASE-RXN,PWY-6516,22
5.4.2.10-RXN,OANTIGEN-PWY,10
5.4.2.10-RXN,UDPNAGSYN-PWY,5
5.4.2.10-RXN,PWY-7332,14
5.4.2.10-RXN,PWY0-1261,12
5.4.2.10-RXN,PWY-6404,24
5.4.2.10-RXN,PWY-6749,4
RXN-646,PWY-8085,4
RXN-646,PWY-722,6
RXN-646,PWY-6993,6
RXN-646,PWY-5062,13
RXN-646,PWY-5033,2
RXN-646,PWY-7128,6
RXN-8850,PWY-6545,9
RXN-10063,PWY-7853,3
RXN-10063,PWY-6797,3
RXN-22283,PWY-8250,6
RXN-14705,PWY-7905,6
RXN-14706,PWY-7905,6
RXN-22282,PWY-8250,6
4.1.1.81-RXN,THREOCAT-PWY,14
4.1.1.81-RXN,P381-PWY,26
4.1.1.81-RXN,PWY-5507,25
4.1.1.81-RXN,PWY-5443,2
RXN-8890,PWY-5022,5
RXN-8890,PWY-5789,10
RXN-8890,PWY-5677,4
RXN-8890,PWY-7854,10
ORNITHINE-GLU-AMINOTRANSFERASE-RXN,ARGININE-SYN4-PWY,3
ORNITHINE-GLU-AMINOTRANSFERASE-RXN,ARG-PRO-PWY,3
ORNITHINE-GLU-AMINOTRANSFERASE-RXN,PWY-5004,9
ORNITHINE-GLU-AMINOTRANSFERASE-RXN,CITRULBIO-PWY,7
ORNITHINE-GLU-AMINOTRANSFERASE-RXN,ARGASEDEG-PWY,3
ORNITHINE-GLU-AMINOTRANSFERASE-RXN,PWY-3341,2
ORNITHINE-GLU-AMINOTRANSFERASE-RXN,PWY-6922,5
ORNITHINE-GLU-AMINOTRANSFERASE-RXN,PWY-8187,4
RXN-9238,PWY-6978,3
RXN-9238,PWY-5856,5
RXN-15309,PWY-8535,5
RXN-9223,PWY-5855,5
RXN-9231,PWY-5857,5
RXN-9231,PWY-8571,5
3-OCTAPRENYL-4-OHBENZOATE-DECARBOX-RXN,ALL-CHORISMATE-PWY,48
3-OCTAPRENYL-4-OHBENZOATE-DECARBOX-RXN,UBISYN-PWY,9
3-OCTAPRENYL-4-OHBENZOATE-DECARBOX-RXN,PWY-6708,5
3-OCTAPRENYL-4-OHBENZOATE-DECARBOX-RXN,PWY-8533,5
TRANS-HEXAPRENYLTRANSTRANSFERASE-RXN,PWY-5807,1
TRANS-HEXAPRENYLTRANSTRANSFERASE-RXN,PWY-5840,10
TRANS-PENTAPRENYLTRANSFERASE-RXN,PWY-7373,5
TRANS-PENTAPRENYLTRANSFERASE-RXN,PWY-5850,10
TRANS-PENTAPRENYLTRANSFERASE-RXN,HEXPPSYN-PWY,1
TRANS-PENTAPRENYLTRANSFERASE-RXN,PWY-5860,9
RXN-16937,PWY0-1597,1
ITACONYL-COA-HYDRATASE-RXN,PWY-5749,3
4.3.1.4-RXN,PWY-5030,6
4.3.1.4-RXN,P164-PWY,7
4.3.1.4-RXN,PWY-5497,15
RXN-MG-PROTOPORPHYRIN-METHYLESTER-SYN,PWY-5529,15
RXN-MG-PROTOPORPHYRIN-METHYLESTER-SYN,PWY-5531,5
RXN-MG-PROTOPORPHYRIN-METHYLESTER-SYN,CHLOROPHYLL-SYN,6
RXN-MG-PROTOPORPHYRIN-METHYLESTER-SYN,PWY-7159,6
INOPHOSPHOR-RXN,PWY-6353,11
INOPHOSPHOR-RXN,PWY-6609,4
INOPHOSPHOR-RXN,PWY66-409,17
INOPHOSPHOR-RXN,PWY0-1296,6
INOPHOSPHOR-RXN,SALVADEHYPOX-PWY,5
RXN-11715,PWY-6627,3
XANTHOSINEPHOSPHORY-RXN,SALVPURINE2-PWY,2
XANTHOSINEPHOSPHORY-RXN,PWY-5695,4
XANTHOSINEPHOSPHORY-RXN,URSIN-PWY,7
XANTHOSINEPHOSPHORY-RXN,PWY-6353,11
XANTHOSINEPHOSPHORY-RXN,PWY0-1296,6
DEOXYGUANPHOSPHOR-RXN,PWY-7179-1,3
DEOXYGUANPHOSPHOR-RXN,PWY0-1297,7
DEOXYGUANPHOSPHOR-RXN,PWY-7179,4
RXN-11743,PWY-6644,3
DEOXYINOPHOSPHOR-RXN,PWY-7179-1,3
DEOXYINOPHOSPHOR-RXN,PWY0-1297,7
DEOXYINOPHOSPHOR-RXN,PWY-7179,4
ADENPHOSPHOR-RXN,PWY-5532,5
ADENPHOSPHOR-RXN,PWY-6609,4
ADENPHOSPHOR-RXN,PWY66-409,17
ADENPHOSPHOR-RXN,PWY-6611,3
ADENPHOSPHOR-RXN,PWY0-1296,6
ADENPHOSPHOR-RXN,P121-PWY,2
RXN-7001,PWY-4202,1
DEOXYADENPHOSPHOR-RXN,PWY0-1297,7
DEOXYADENPHOSPHOR-RXN,PWY-7179,4
RXN0-5199,PWY-8440,3
RXN0-5199,PWY-6608,4
RXN0-5199,PWY-6353,11
RXN0-5199,PWY-5532,5
RXN0-5199,PWY-6620,2
RXN0-5199,PWY66-409,17
RXN0-5199,PWY-6579,3
RXN0-5199,PWY0-1296,6
PHENDEHYD-RXN,PWY-8162,1
PHENDEHYD-RXN,2PHENDEG-PWY,2
PHENDEHYD-RXN,PWY-6941,1
PHENDEHYD-RXN,BENZCOA-PWY,12
PHENDEHYD-RXN,PWY-6318,6
PHENDEHYD-RXN,PWY-6534,1
PHENDEHYD-RXN,PWY-6071,11
PHENDEHYD-RXN,ANAPHENOXI-PWY,2
13-PROPANEDIOL-DEHYDROGENASE-RXN,GOLPDLCAT-PWY,4
13-PROPANEDIOL-DEHYDROGENASE-RXN,PWY-6130,2
2.1.1.5-RXN,PWY-3661-1,4
2.1.1.5-RXN,PWY-3661,4
2.1.1.5-RXN,PWY-5328,11
2.1.1.5-RXN,ADENOSYLHOMOCYSCAT-PWY,3
RXN0-5228,PWY0-1546,2
1PFRUCTPHOSN-RXN,PWY0-1314,1
OROTPDECARB-RXN,PWY-7211,18
OROTPDECARB-RXN,PRPP-PWY,42
OROTPDECARB-RXN,PWY-7791,6
OROTPDECARB-RXN,PWY-7790,6
OROTPDECARB-RXN,PWY-5686,6
OROTPDECARB-RXN,PWY0-162,9
RXN-16868,PWY-7993,1
RXN-15130,PWY-6293,5
RXN-15130,PWY-801,3
RXN-15130,PWY-821,9
RXN-15130,PWY-5328,11
RXN-15130,PWY-6292,3
RXN-15130,HOMOCYSDEGR-PWY,2
RXN-15130,PWY-I9,5
LCYSDESULF-RXN,PWY66-426,5
2.6.1.22-RXN,VALDEG-PWY,5
RXN-15264,PWY-7371,4
RXN-15264,PWY-7992,6
RXN-15264,PWY-7373,5
RXN-15264,PWY-7374,5
RXN-15264,PWY-6263,7
RXN-12345,PWY-7371,4
RXN-12345,PWY-7992,6
RXN-12345,PWY-7373,5
RXN-12345,PWY-7374,5
RXN-12345,PWY-6263,7
FORMALDEHYDE-DEHYDROGENASE-RXN,PWY-7616,2
FORMALDEHYDE-DEHYDROGENASE-RXN,FORMASS-PWY,1
FORMALDEHYDE-DEHYDROGENASE-RXN,PWY-1882,10
RXN-13907,PWY-7158,3
RXN66-569,PHENYLALANINE-DEG1-PWY,1
RXN66-569,PWY-6134,1
RXN-9225,PWY-5855,5
RXN-25161,PWY-8571,5
RXN-9240,PWY-5856,5
RXN-12160,PWY-8535,5
2-OCTAPRENYL-6-OHPHENOL-METHY-RXN,ALL-CHORISMATE-PWY,48
2-OCTAPRENYL-6-OHPHENOL-METHY-RXN,UBISYN-PWY,9
2-OCTAPRENYL-6-OHPHENOL-METHY-RXN,PWY-6708,5
2-OCTAPRENYL-6-OHPHENOL-METHY-RXN,PWY-8533,5
RXN-9233,PWY-5857,5
RXN3O-102,PWY3O-19,4
RXN3O-102,PWY-7235,5
RXN3O-102,PWY-7230,4
2.1.1.64-RXN,PWY-5871,4
2.1.1.64-RXN,PWY-5856,5
RXN-9237,PWY-5857,5
RXN-9237,PWY-8571,5
RXN-9229,PWY-5855,5
RXN-9229,PWY-5873,4
RXN-11758,PWY-8534,4
RXN-11758,PWY-8535,5
DHHB-METHYLTRANSFER-RXN,ALL-CHORISMATE-PWY,48
DHHB-METHYLTRANSFER-RXN,UBISYN-PWY,9
DHHB-METHYLTRANSFER-RXN,PWY-5870,5
DHHB-METHYLTRANSFER-RXN,PWY-6708,5
DHHB-METHYLTRANSFER-RXN,PWY-8533,5
UDP-GLUCURONATE-DECARBOXYLASE-RXN,PWY-4821,2
UDP-GLUCURONATE-DECARBOXYLASE-RXN,PWY-5114,6
RXN-8948,PWY-5737,2
PCP4MONO-RXN,PCPDEG-PWY,8
FORMYLMETHANOFURAN-DEHYDROGENASE-RXN,PWY-6142,15
FORMYLMETHANOFURAN-DEHYDROGENASE-RXN,PWY-6146,46
FORMYLMETHANOFURAN-DEHYDROGENASE-RXN,METHANOGENESIS-PWY,4
FORMYLMETHANOFURAN-DEHYDROGENASE-RXN,PWY-8305,5
FORMYLMETHANOFURAN-DEHYDROGENASE-RXN,PWY2OBG-1,4
FORMYLMETHANOFURAN-DEHYDROGENASE-RXN,PWY-6830,9
FORMYLMETHANOFURAN-DEHYDROGENASE-RXN,PWY-5209,4
FORMYLMETHANOFURAN-DEHYDROGENASE-RXN,PWY-7784,4
NADPYROPHOSPHAT-RXN,NAD-BIOSYNTHESIS-II,3
NADPYROPHOSPHAT-RXN,PYRIDNUCSAL-PWY,6
NADPYROPHOSPHAT-RXN,PWY-7761,5
NADPYROPHOSPHAT-RXN,PWY-5381,7
DHLBXANAU-RXN,PWY-7771,1
DHLBXANAU-RXN,12DICHLORETHDEG-PWY,4
RXN-11761,PWY-6646,1
RXN-11790,PWY-6655,2
RXN-11790,PWY-6658,2
RXN-11186,PWY-7394,3
PHOSPHORIBULOKINASE-RXN,PWY-5723,10
PHOSPHORIBULOKINASE-RXN,PWY-7218,19
PHOSPHORIBULOKINASE-RXN,PWY-7124,19
PHOSPHORIBULOKINASE-RXN,PWY-6886,19
PHOSPHORIBULOKINASE-RXN,CALVIN-PWY,12
PHOSPHORIBULOKINASE-RXN,PHOTOALL-PWY,13
RIBULOSE-BISPHOSPHATE-CARBOXYLASE-RXN,PWY-5723,10
RIBULOSE-BISPHOSPHATE-CARBOXYLASE-RXN,PWY-7218,19
RIBULOSE-BISPHOSPHATE-CARBOXYLASE-RXN,PWY-5532,5
RIBULOSE-BISPHOSPHATE-CARBOXYLASE-RXN,PWY-7124,19
RIBULOSE-BISPHOSPHATE-CARBOXYLASE-RXN,PWY-6886,19
RIBULOSE-BISPHOSPHATE-CARBOXYLASE-RXN,CALVIN-PWY,12
RIBULOSE-BISPHOSPHATE-CARBOXYLASE-RXN,PHOTOALL-PWY,13
R82-RXN,PWY-7270,10
R82-RXN,PWY-7527,10
R82-RXN,PWY-7528,11
R82-RXN,PWY-4361,6
RXN-14831,PWY-7352,3
RXN-14831,PWY-7354,3
MACROCIN-O-METHYLTRANSFERASE-RXN,PWY-7415,1
RXN-15403,PWY-7483,3
OHMETHYLBILANESYN-RXN,PWY-5918,9
OHMETHYLBILANESYN-RXN,PWY-5188,6
OHMETHYLBILANESYN-RXN,PWY-5189,4
OHMETHYLBILANESYN-RXN,PWY-5529,15
OHMETHYLBILANESYN-RXN,PWY-5920,7
OHMETHYLBILANESYN-RXN,P381-PWY,26
OHMETHYLBILANESYN-RXN,PWY-5507,25
RXN-14709,PWY-6059,1
RXN-9998,PWY-7330,1
RXN-9998,PWY-6143,3
RXN-9998,PWY-7332,14
RXN-9998,PWY-7719,1
RXN-9998,PWY-7331,1
R581-RXN,P641-PWY,2
DETHIOBIOTIN-SYN-RXN,PWY-7380,2
DETHIOBIOTIN-SYN-RXN,BIOTIN-BIOSYNTHESIS-PWY,13
DETHIOBIOTIN-SYN-RXN,PWY-8575,1
DETHIOBIOTIN-SYN-RXN,PWY0-1507,2
DETHIOBIOTIN-SYN-RXN,PWY-5005,4
3.3.2.8-RXN,PWY-5923,2
RXN-9413,PWY-5924,2
RXN-9394,PWY-5922,2
RXN-9432,PWY-5927,3
RXN-9421,PWY-5927,3
RXN-9436,PWY-5922,2
1.14.19.1-RXN,PWY-5996,2
RXN-10664,PWY3O-1801,2
RXN-10664,PWY-5987,1
MERCURY-II-REDUCTASE-RXN,P641-PWY,2
RXN-18384,PWY-7854,10
RXN-8957,PWY-8425,4
RXN-8957,PWY-5741,11
RXN-8957,PWY-7854,10
MONOPHENOL-MONOOXYGENASE-RXN,PWY-7917,1
MONOPHENOL-MONOOXYGENASE-RXN,PWY-6481,1
RXN-18851,PWY-7913,3
4.1.1.32-RXN,PWY-7389,15
4.1.1.32-RXN,PWY66-399,11
4.1.1.32-RXN,PWY-7383,7
RXN-12481,PWY-7389,15
RXN-12481,PWY-7383,7
3.5.4.27-RXN,PWY-6142,15
3.5.4.27-RXN,PWY-6146,46
3.5.4.27-RXN,METHANOGENESIS-PWY,4
3.5.4.27-RXN,PWY-1882,10
3.5.4.27-RXN,PWY-8305,5
3.5.4.27-RXN,PWY2OBG-1,4
3.5.4.27-RXN,PWY-6830,9
3.5.4.27-RXN,PWY-1723,2
3.5.4.27-RXN,PWY-7784,4
MCHMBARK-RXN,PWY-5209,4
2.7.8.25-RXN,P2-PWY,2
2.7.8.25-RXN,PWY-5796,2
4-HYDROXYPHENYLPYRUVATE-DIOXYGENASE-RXN,PWY-1422,5
4-HYDROXYPHENYLPYRUVATE-DIOXYGENASE-RXN,TYRFUMCAT-PWY,5
4-HYDROXYPHENYLPYRUVATE-DIOXYGENASE-RXN,PWY-1581,3
4-HYDROXYPHENYLPYRUVATE-DIOXYGENASE-RXN,PWY-5864,5
RXN-10815,PWY-6318,6
GLUTDECARBOX-RXN,PWY-8543,1
GLUTDECARBOX-RXN,PWY-8346,4
GLUTDECARBOX-RXN,PWY0-1305,1
GLUTDECARBOX-RXN,GLUDEG-I-PWY,4
FORMYLTHFDEFORMYL-RXN,PWY-7909,3
FORMYLTHFDEFORMYL-RXN,P164-PWY,7
FORMYLTHFDEFORMYL-RXN,PWY-2201,9
FORMYLTHFDEFORMYL-RXN,PWY-5497,15
DLACTDEHYDROGNAD-RXN,PWY-6454,3
DLACTDEHYDROGNAD-RXN,ALACAT2-PWY,3
DLACTDEHYDROGNAD-RXN,PWY-6901,17
DLACTDEHYDROGNAD-RXN,PWY2DDB-10,4
DLACTDEHYDROGNAD-RXN,P122-PWY,17
DLACTDEHYDROGNAD-RXN,FERMENTATION-PWY,13
DLACTDEHYDROGNAD-RXN,PWY4LZ-257,8
DLACTDEHYDROGNAD-RXN,PWY-8188,4
DLACTDEHYDROGNAD-RXN,PWY-8274,1
DLACTDEHYDROGNAD-RXN,PROPFERM-PWY,7
RXN0-4301,PWY0-1241,5
RXN0-4301,PWY-6478,4
RXN0-4141,P283-PWY,1
RXN-20917,PWY-5386,3
RXN-20917,METHGLYUT-PWY,6
DLACTDEHYDROGFAD-RXN,PWY0-1565,1
DLACTDEHYDROGFAD-RXN,PWY-7425,2
RXN-15407,PWY-7483,3
RXN-15434,PWY-7485,3
PGPPHOSPHA-RXN,PWY0-1545,3
PGPPHOSPHA-RXN,PWY-7817,7
PGPPHOSPHA-RXN,PHOSLIPSYN2-PWY,18
PGPPHOSPHA-RXN,PWY-5269,3
PGPPHOSPHA-RXN,PWY-5668,3
PGPPHOSPHA-RXN,PWY-8401,11
PGPPHOSPHA-RXN,PHOSLIPSYN-PWY,12
PGPPHOSPHA-RXN,PWY4FS-8,6
PGPPHOSPHA-RXN,PWY4FS-7,6
PHOSPHATIDATE-PHOSPHATASE-RXN,TRIGLSYN-PWY,4
RXN-16121,PWY-6453,3
RXN-20535,PWY-8052,2
RXN-17730,PWY-7782,8
RXN-20514,PWY-8053,7
RXN-20514,PWY-8051,11
RXN-20566,PWY-8055,5
SERINE-O-ACETTRAN-RXN,PWY-8071,1
SERINE-O-ACETTRAN-RXN,PWY-7870,1
SERINE-O-ACETTRAN-RXN,PWY-6936,3
SERINE-O-ACETTRAN-RXN,CYSTSYN-PWY,2
SERINE-O-ACETTRAN-RXN,PWY-7274,1
SERINE-O-ACETTRAN-RXN,SULFATE-CYS-PWY,9
SERINE-O-ACETTRAN-RXN,PWY-I9,5
SERINE-O-ACETTRAN-RXN,PWY-6395,7
RXN-14986,PWY-7396,4
RXN-15838,DENITRIFICATION-PWY,3
NITRITE-REDUCTASE-CYTOCHROME-RXN,PWY-7084,5
NITRITE-REDUCTASE-CYTOCHROME-RXN,P303-PWY,1
NITRITE-REDUCTASE-CYTOCHROME-RXN,PWY-6748,2
NITRITE-REDUCTASE-CYTOCHROME-RXN,PWY-6523,2
ESTRADIOL-17-BETA-DEHYDROGENASE-RXN,PWY66-380,1
ESTRADIOL-17-BETA-DEHYDROGENASE-RXN,PWY-7305,9
RXN-14917,PWY-7436,4
RXN-2542,PWY-1422,5
RXN-2762,PWY-6978,3
RXN-2762,PWY-1581,3
RXN-2762,PWY-5864,5
RXN-2541,PWY-1422,5
RXN-14929,PWY-7436,4
RXN-7668,PWY-5067,2
RXN-12746,PWY-6937,15
RXN-12746,PWY-6944,13
RXN-12746,PWY-6928,19
RXN-12746,PWY-8152,9
RXN-12746,PWY-6947,21
RXN-12746,PWY-8154,13
FUMARYLACETOACETASE-RXN,TYRFUMCAT-PWY,5
RXN-8363,PWY-782,24
RXN-8300,PWY-782,24
RXN-8294,PWY-782,24
RXN-8298,PWY-782,24
RXN-16047,PWY-7590,2
RXN-8308,PWY-782,24
RXN-16036,PWY-5995,1
RXN-8296,PWY-782,24
RXN-8305,PWY-782,24
RXN-8302,PWY-782,24
RXN-8316,PWY-762,11
RXN-1726,PWY-762,11
RXN-16068,PWY-7596,4
RXN-16068,PWY-7593,1
RXN-11364,PWY-6478,4
RXN-11080,PWY-6404,24
RXN-11080,PWY185E-8,3
PGLUCONDEHYDRAT-RXN,PWY-8004,9
PGLUCONDEHYDRAT-RXN,ENTNER-DOUDOROFF-PWY,2
PGLUCONDEHYDRAT-RXN,GLYCOLYSIS-E-D,16
XYLONATE-DEHYDRATASE-RXN,PWY-7178,3
XYLONATE-DEHYDRATASE-RXN,PWY-7294,5
XYLONATE-DEHYDRATASE-RXN,PWY-6760,3
XYLONATE-DEHYDRATASE-RXN,PWY-5257,30
XYLONATE-DEHYDRATASE-RXN,PWY-8330,1
XYLONATE-DEHYDRATASE-RXN,PWY-8020,4
GALACTOKIN-RXN,PWY-6317,5
GALACTOKIN-RXN,PWY-3821,2
GALACTOKIN-RXN,PWY-6527,6
RXN-14431,PWY-7255,4
RXN-14431,PWY-7550,1
RXN-14430,PWY-7255,4
1.1.1.39-RXN,PWY-3641,3
1.1.1.39-RXN,PWY-7384,8
1.1.1.39-RXN,PWY-7686,1
1.1.1.39-RXN,GLUCONEO-PWY,13
1.1.1.39-RXN,PWY-7389,15
1.1.1.39-RXN,PWY-7118,4
1.1.1.127-RXN,PWY-6507,4
1.1.1.127-RXN,PWY-7562,4
1.1.1.127-RXN,PWY-6516,22
RXN-13749,PWY-7317,9
RXN-7737,PWY-724,12
RXN-7737,PWY-5097,7
RXN-12195,PWY-7211,18
RXN-12195,PWY-7210,7
RXN-12195,PWY0-166,14
RXN-12195,PWY-6545,9
RXN-12195,PWY-7185,5
RXN-12195,PWY-7198,5
RXN-12195,PWY-7184,9
RXN-12196,PWY-7185,5
1.5.1.7-RXN,LYSINE-AMINOAD-PWY,5
RXN0-6710,PWY-7805,7
RXN0-6710,PWY0-1533,5
RXN0-6710,PWY-7807,7
RXN-12225,PWY-6767,3
BENZOATE--COA-LIGASE-RXN,PWY-6443,5
BENZOATE--COA-LIGASE-RXN,BENZCOA-PWY,12
BENZOATE--COA-LIGASE-RXN,PWY-283,1
BENZOATE--COA-LIGASE-RXN,PWY-7402,6
ADENYLYLSULFKIN-RXN,PWY-5345,12
ADENYLYLSULFKIN-RXN,SO4ASSIM-PWY,4
ADENYLYLSULFKIN-RXN,PWY1ZNC-1,4
ADENYLYLSULFKIN-RXN,PWY-821,9
ADENYLYLSULFKIN-RXN,PWY-5340,2
ADENYLYLSULFKIN-RXN,SULFATE-CYS-PWY,9
GLUTSEMIALDEHYDROG-RXN,ARGININE-SYN4-PWY,3
GLUTSEMIALDEHYDROG-RXN,PWY-5004,9
GLUTSEMIALDEHYDROG-RXN,CITRULBIO-PWY,7
GLUTSEMIALDEHYDROG-RXN,PROSYN-PWY,3
GLUTSEMIALDEHYDROG-RXN,PWY-6922,5
1.2.1.66-RXN,PWY-7616,2
1.2.1.66-RXN,PWY1G-170,1
RXN-18814,PWY-7908,1
LUMAZINESYN-RXN,PWY-6168,9
LUMAZINESYN-RXN,RIBOSYN2-PWY,9
LUMAZINESYN-RXN,PWY-6167,9
RXN-10066,PWY-7234,6
HOMOSERINE-O-ACETYLTRANSFERASE-RXN,PWY-5345,12
HOMOSERINE-O-ACETYLTRANSFERASE-RXN,PWY-5344,2
HOMOSERINE-O-ACETYLTRANSFERASE-RXN,PWY-6293,5
HOMOSERINE-O-ACETYLTRANSFERASE-RXN,PWY-821,9
HOMOSERINE-O-ACETYLTRANSFERASE-RXN,HSERMETANA-PWY,4
6-CARBOXYHEXANOATE--COA-LIGASE-RXN,PWY-6578,2
6-CARBOXYHEXANOATE--COA-LIGASE-RXN,PWY-5005,4
AKBLIG-RXN,THREOCAT-PWY,14
AKBLIG-RXN,THREONINE-DEG2-PWY,2
RXN-23221,PWY2G6Z-2,6
UDPHYDROXYMYRGLUCOSAMNACETYLTRANS-RXN,NAGLIPASYN-PWY,6
UDPHYDROXYMYRGLUCOSAMNACETYLTRANS-RXN,LPSSYN-PWY,15
UDPHYDROXYMYRGLUCOSAMNACETYLTRANS-RXN,KDO-NAGLIPASYN-PWY,16
RXN2B4Q-50,PWY2B4Q-4,5
RXN-22241,PWY-8245,9
RXNI-27,PWYI-14,6
RXN-22482,PWY-8283,6
RXN-20787,PWY-8073,6
RXN-22245,PWY-8245,9
UDPNACETYLGLUCOSAMACYLTRANS-RXN,NAGLIPASYN-PWY,6
UDPNACETYLGLUCOSAMACYLTRANS-RXN,LPSSYN-PWY,15
UDPNACETYLGLUCOSAMACYLTRANS-RXN,KDO-NAGLIPASYN-PWY,16
RXN-23223,PWY2G6Z-2,6
RXN-22244,PWY-8245,9
RXN-22480,PWY-8283,6
RXN-22246,PWYI-14,6
RXN-22246,PWY-8245,9
RXN-20789,PWY-8073,6
RXN2B4Q-52,PWY2B4Q-4,5
RXN-20785,PWY-8073,6
RXN2DNV-2,PWYI-14,6
RXN-22237,PWY-8245,9
RXN-22484,PWY-8283,6
LIPIDADISACCHARIDESYNTH-RXN,NAGLIPASYN-PWY,6
LIPIDADISACCHARIDESYNTH-RXN,LPSSYN-PWY,15
LIPIDADISACCHARIDESYNTH-RXN,KDO-NAGLIPASYN-PWY,16
RXN-23219,PWY2G6Z-2,6
RXN2B4Q-53,PWY2B4Q-4,5
RXN-20784,PWY-8073,6
RXN2G6Z-1,PWY2G6Z-2,6
TETRAACYLDISACC4KIN-RXN,NAGLIPASYN-PWY,6
TETRAACYLDISACC4KIN-RXN,LPSSYN-PWY,15
TETRAACYLDISACC4KIN-RXN,KDO-NAGLIPASYN-PWY,16
RXN-22485,PWY-8283,6
RXN2DNV-3,PWYI-14,6
RXN-22238,PWY-8245,9
2.4.1.157-RXN,PWY-7818,1
2.4.1.157-RXN,PWY-7684,1
BETA-LYSINE-56-AMINOMUTASE-RXN,P163-PWY,9
BETA-LYSINE-56-AMINOMUTASE-RXN,PWY-5327,22
GDPMANDEHYDRA-RXN,PWY-5738,2
GDPMANDEHYDRA-RXN,PWY-7573,1
GDPMANDEHYDRA-RXN,PWY-5739,2
GDPMANDEHYDRA-RXN,PWY-7575,4
GDPMANDEHYDRA-RXN,GDPRHAMSYN-PWY,2
GDPMANDEHYDRA-RXN,PWY2B4Q-2,2
GDPMANDEHYDRA-RXN,PWY-7323,8
GDPMANDEHYDRA-RXN,COLANSYN-PWY,9
GDPMANDEHYDRA-RXN,PWY-66,1
GDPMANDEHYDRA-RXN,PWY-8225,2
GDPMANDEHYDRA-RXN,PWY-5740,1
GDP-4-DEHYDRO-D-RHAMNOSE-REDUCTASE-RXN,GDPRHAMSYN-PWY,2
GDP-4-DEHYDRO-D-RHAMNOSE-REDUCTASE-RXN,PWY-7323,8
RXN0-5227,PWY-7883,8
RXN0-5227,PWY0-1261,12
RXN0-5227,PWY0-1546,2
RXN-16664,PWY0-1586,3
RXN-21771,PWY-8182,7
RXN-12490,PWY-7094,5
RXN-12490,PWY0-1337,29
RXN-12490,PWY-8568,19
RXN-20676,PWY0-1337,29
RXN-20676,PWY-8568,19
RXN-2003,PWY-6443,5
RXN-2003,PWY-6458,3
RXN-2003,P281-PWY,6
RXN0-2044,PWY-8354,5
RXN0-2044,PWY-8347,4
RXN0-2044,PWY0-321,9
RXN0-2044,PWY-1361,6
RXN0-2044,PWY-6071,11
RXN-21767,PWY-8182,7
RXN-17777,PWY0-1337,29
RXN-12750,PWY-6937,15
RXN-12750,PWY-6944,13
RXN-12750,PWY-6928,19
RXN-12750,PWY-8152,9
RXN-12750,PWY-6947,21
RXN-12750,PWY-8154,13
RXN-17781,PWY0-1337,29
OHACYL-COA-DEHYDROG-RXN,FAO-PWY,5
OHACYL-COA-DEHYDROG-RXN,PWY-5136,4
OHACYL-COA-DEHYDROG-RXN,PWY66-391,5
OHACYL-COA-DEHYDROG-RXN,PWY-561,11
OHACYL-COA-DEHYDROG-RXN,PWY-7007,3
RXN-11245,PWY-6435,4
RXN-12705,PWY-6928,19
RXN-12705,PWY-6947,21
RXN-12705,PWY-6946,8
RXN-12705,PWY-6945,6
RXN-12507,PWY-7654,7
RXN-12507,PWY-8568,19
RXN-14393,PWY0-1337,29
RXN-21784,PWY-8181,13
RXN-12570,PWY0-1337,29
RXN-12570,PWY-6863,7
RXN-12570,PWY-8568,19
RXN-20679,PWY0-1337,29
RXN-20679,PWY-8568,19
RXN-21760,PWY-8179,8
RXN-21783,PWY-8181,13
RXN-19803,PWY-6937,15
RXN-19803,PWY-6944,13
RXN-19803,PWY-6928,19
RXN-19803,PWY-8152,9
RXN-19803,PWY-6947,21
RXN-19803,PWY-8154,13
RXN-11662,PWY-7003,12
RXN-11662,PWY-6604,12
RXN-11662,PWY-7216,3
RXN-11662,PWY-7218,19
RXN-11662,PWY-6583,4
RXN-11662,GLUDEG-II-PWY,6
RXN-11662,PWY-6883,3
RXN-11662,PWY-5789,10
RXN-11662,PWY-5177,2
RXN-11662,P162-PWY,6
RXN-11662,PWY-5184,5
RXN-11662,PWY0-1337,29
RXN-11662,PWY-6590,6
RXN-11662,PWY-6886,19
RXN-11662,PWY-7778,7
RXN-11662,PWY-6863,7
RXN-11662,PWY-7402,6
RXN-11662,CENTFERM-PWY,4
RXN-11662,PWY-8568,19
RXN-11662,TRYPTOPHAN-DEGRADATION-1,10
RXN-11662,PWY-7779,6
RXN-11662,PWY-6594,9
RXN-11662,PWY-7401,5
GLUTATHIONE-REDUCT-NADPH-RXN,PWY-4081,2
SAMDECARB-RXN,POLYAMSYN-PWY,7
SAMDECARB-RXN,POLYAMINSYN3-PWY,7
SAMDECARB-RXN,ARGSPECAT-PWY,1
SAMDECARB-RXN,PWY-6834,2
SAMDECARB-RXN,PWY0-1303,2
SAMDECARB-RXN,PWY-7527,10
SAMDECARB-RXN,PWY-7528,11
SAMDECARB-RXN,BSUBPOLYAMSYN-PWY,2
SAMDECARB-RXN,ARG+POLYAMINE-SYN,16
SPERMIDINESYN-RXN,POLYAMSYN-PWY,7
SPERMIDINESYN-RXN,POLYAMINSYN3-PWY,7
SPERMIDINESYN-RXN,PWY-7527,10
SPERMIDINESYN-RXN,PWY-7528,11
SPERMIDINESYN-RXN,BSUBPOLYAMSYN-PWY,2
SPERMIDINESYN-RXN,ARG+POLYAMINE-SYN,16
RXN-8340,PWY-6823,6
RXN-18930,PWY-7919,9
RXN-18931,PWY-7919,9
RXN-18924,PWY-7919,9
RXN-18917,PWY-7919,9
RXN-18928,PWY-7919,9
RXN-18923,PWY-7919,9
RXN-18927,PWY-7919,9
METHCOCLTH-RXN,CODH-PWY,5
METHCOCLTH-RXN,PWY-6146,46
METHCOCLTH-RXN,PWY-8480,6
RXN-9386,PWY-5921,2
4.2.1.100-RXN,BENZCOA-PWY,12
4.2.1.100-RXN,PWY-8485,2
4.2.1.100-RXN,PWY-5184,5
4.2.1.100-RXN,PWY-7402,6
4.2.1.100-RXN,CENTBENZCOA-PWY,2
4.2.1.100-RXN,PWY-7401,5
RXN0-6427,PPGPPMET-PWY,6
PPGPPSYN-RXN,PPGPPMET-PWY,6
MALATE-DEHYDROGENASE-ACCEPTOR-RXN,TCA,7
MALATE-DEHYDROGENASE-ACCEPTOR-RXN,TCA-GLYOX-BYPASS,9
MALATE-DEHYDROGENASE-ACCEPTOR-RXN,GLYCOLYSIS-TCA-GLYOX-BYPASS,21
MALATE-DEHYDROGENASE-ACCEPTOR-RXN,PWY-7254,7
RXNI-3,REDCITCYC,7
2.4.1.46-RXN,PWY-401,1
RXN-12575,PWY-6857,3
RXN-10711,PWY-6303,1
RXNQT-4366,PWY18C3-25,1
RXNQT-4366,PWY18C3-24,2
RXN18C3-61,PWY18C3-24,2
RXN-21569,PWY-8454,2
RXN0-4621,PWY-7883,8
RXN0-4621,PWY0-1261,12
RXN0-4641,PWY0-1261,12
RXN-15202,PWY-7456,6
RXN-15203,PWY-7586,3
DURIDKI-RXN,PWY-7200,8
DURIDKI-RXN,PWY-7199,4
THYKI-RXN,PWY-7200,8
THYKI-RXN,PWY-7199,4
THIOSULFATE-DEHYDROGENASE-RXN,THIOSULFOX-PWY,1
HOMOCYSTEINE-DESULFHYDRASE-RXN,PWY66-426,5
LYSINE-23-AMINOMUTASE-RXN,P163-PWY,9
LYSINE-23-AMINOMUTASE-RXN,PWY-5327,22
NANE-RXN,GLCMANNANAUT-PWY,5
NANE-RXN,PWY0-1324,3
NANE-RXN,P441-PWY,21
R313-RXN,P345-PWY,2
R310-RXN,PWY-7308,2
R310-RXN,P344-PWY,3
RXN-7567,PWY-5025,2
RXN-7567,PWY-581,6
RXN-2401,PWY-1361,6
RXN-7793,PWY-5129,8
CERAMIDE-GLUCOSYLTRANSFERASE-RXN,PWY-7838,2
CERAMIDE-GLUCOSYLTRANSFERASE-RXN,PWY-7835,2
CERAMIDE-GLUCOSYLTRANSFERASE-RXN,PWY-7841,2
CERAMIDE-GLUCOSYLTRANSFERASE-RXN,PWY-7836,2
CERAMIDE-GLUCOSYLTRANSFERASE-RXN,PWY-7839,2
RXN-18272,PWY-8612,1
RXN-18590,PWY-7874,4
CAFFEOYL-COA-O-METHYLTRANSFERASE-RXN,PWY-1121,8
CAFFEOYL-COA-O-METHYLTRANSFERASE-RXN,PWY-7498,1
CAFFEOYL-COA-O-METHYLTRANSFERASE-RXN,PWY-5710,2
CAFFEOYL-COA-O-METHYLTRANSFERASE-RXN,PWY-361,6
CAFFEOYL-COA-O-METHYLTRANSFERASE-RXN,PWY-6432,2
CAFFEOYL-COA-O-METHYLTRANSFERASE-RXN,PWY-7398,7
CAFFEOYL-COA-O-METHYLTRANSFERASE-RXN,PWY-6792,1
RXN-21514,PWY-8157,5
RXN-24776,PWY-8542,20
RXN-5901,PWY-7216,3
RXN-5901,PWY-7218,19
RXN-5901,PWY1-3,2
RXN-5901,PWY-8542,20
RXN-5901,PWY-5676,6
RXN-5901,PWY-8425,4
RXN-5901,PWY-5741,11
RXN-12560,PWY-7948,4
RXN-24778,PWY-8542,20
RXN-24773,PWY-8542,20
RXN-24780,PWY-8542,20
HOMOCITRATE-SYNTHASE-RXN,PWY-7710,1
HOMOCITRATE-SYNTHASE-RXN,PWY-3081,4
HOMOCITRATE-SYNTHASE-RXN,LYSINE-AMINOAD-PWY,5
HOMOCITRATE-SYNTHASE-RXN,P241-PWY,2
GLYCOLALD-DEHYDROG-RXN,DARABCATK12-PWY,4
GLYCOLALD-DEHYDROG-RXN,PWY-5257,30
GLYCOLALD-DEHYDROG-RXN,PWY0-1280,2
GLYCOLALD-DEHYDROG-RXN,GLYCOL-GLYOXDEG-PWY,6
LACTALDDEHYDROG-RXN,PWY-5197,3
LACTALDDEHYDROG-RXN,METHGLYUT-PWY,6
LACTALDDEHYDROG-RXN,PWY-5459,2
LACTALDDEHYDROG-RXN,PWY-6713,5
LACTALDDEHYDROG-RXN,FUC-RHAMCAT-PWY,10
LACTALDDEHYDROG-RXN,PWY0-1317,1
LACTALDDEHYDROG-RXN,PWY-5458,3
RXN-10086,PWY-6185,4
RXN-3641,PWY-5431,9
RXN-3641,PWY-8354,5
RXN-3641,PWY-8347,4
RXN-3641,PWY0-321,9
RXN-3641,PWY-6182,7
RXN-3641,PWY-1361,6
RXN-3641,PWY-6071,11
RXN-3641,PWY-5417,6
RXN-3641,PWY-5183,23
RXN-3641,PWY-2504,31
RXN-3641,PWY-6957,17
RXN-3641,PWY-2361,2
RXN-3641,PWY-5181,8
RXN0-6512,PWY0-321,9
RXN0-6512,PWY-6071,11
NAD-SYNTH-NH3-RXN,PWY-8277,5
NAD-SYNTH-NH3-RXN,PYRIDNUCSAL-PWY,6
NAD-SYNTH-NH3-RXN,PWY0-781,24
NAD-SYNTH-NH3-RXN,PYRIDNUCSYN-PWY,6
NAD-SYNTH-NH3-RXN,PWY-7761,5
NAD-SYNTH-NH3-RXN,PWY-8511,5
NAD-SYNTH-NH3-RXN,PWY-8352,5
6.2.1.19-RXN,PWY-7723,6
RXN-3766,PWY-5717,3
RXN-3766,PWY-2229,2
RXN-3766,PWY-2464,1
RXN-3562,PWY-5717,3
RXN-3562,PWY-2463,1
RXN-3562,PWY-2229,2
UDP-NACMURALGLDAPLIG-RXN,PWY-6385,10
UDP-NACMURALGLDAPLIG-RXN,PEPTIDOGLYCANSYN-PWY,10
UDP-NACMURALGLDAPLIG-RXN,PWY-7953,6
UDP-NACMURALGLDAPLIG-RXN,PWY-6387,8
RXN0-6575,PWY-6703,4
RXN-14995,PWY-7399,5
RXN-14996,PWY-7399,5
THYMIDYLATESYN-RXN,PWY-7200,8
THYMIDYLATESYN-RXN,PWY-7211,18
THYMIDYLATESYN-RXN,PWY-7187,7
THYMIDYLATESYN-RXN,PWY-7199,4
THYMIDYLATESYN-RXN,PWY-7210,7
THYMIDYLATESYN-RXN,PWY0-166,14
THYMIDYLATESYN-RXN,PWY-7184,9
THYMIDYLATESYN-RXN,PWY-3841,8
THYMIDYLATESYN-RXN,1CMET2-PWY,7
THYMIDYLATESYN-RXN,PWY66-385,3
DIHYDROFOLATEREDUCT-RXN,ALL-CHORISMATE-PWY,48
DIHYDROFOLATEREDUCT-RXN,PWY-6612,9
DIHYDROFOLATEREDUCT-RXN,PWY-6614,3
DIHYDROFOLATEREDUCT-RXN,FOLSYN-PWY,11
DIHYDROFOLATEREDUCT-RXN,PWY-3841,8
DIHYDROFOLATEREDUCT-RXN,1CMET2-PWY,7
DIHYDROFOLATEREDUCT-RXN,PWY66-385,3
RXN0-7317,PWY0-461,5
RXN0-7317,PWY-6328,6
RXN0-7317,PWY-5327,22
PUTTRANSAM-RXN,PUTDEG-PWY,2
PUTTRANSAM-RXN,ARGDEG-PWY,9
PUTTRANSAM-RXN,ORNDEG-PWY,5
PUTTRANSAM-RXN,ORNARGDEG-PWY,10
RXN-14730,PWY-7310,2
1.8.5.2-RXN,PWY-5304,3
1.8.5.2-RXN,PWY-5303,1
RXN-15117,PWY-7817,7
PYROGLUTAMYL-PEPTIDASE-I-RXN,PWY-7942,3
CYSTEINE-DIOXYGENASE-RXN,PWY-5331,3
CYSTEINE-DIOXYGENASE-RXN,CYSTEINE-DEG-PWY,1
CYSTEINE-DIOXYGENASE-RXN,PWY-5328,11
HYDROGEN-DEHYDROGENASE-RXN,PWY-5382,1
HYDROGEN-DEHYDROGENASE-RXN,PWY-6758,1
HYDROGEN-DEHYDROGENASE-RXN,PWY-6751,1
5.1.3.20-RXN,PWY0-1241,5
RXN0-742,PRPP-PWY,42
RXN0-742,DENOVOPURINE2-PWY,25
RXN0-742,PWY-7234,6
RXN0-742,PWY-6123,6
AIRCARBOXY-RXN,PWY-6124,5
AIRCARBOXY-RXN,PWY-841,21
HISTIDINE-DECARBOXYLASE-RXN,PWY-6173,1
4.1.1.86-RXN,PWY-761,2
4.1.1.86-RXN,PWY-7988,2
4.1.1.86-RXN,PWY-6562,5
4.1.1.86-RXN,PWY-6565,6
4.3.1.14-RXN,P163-PWY,9
4.3.1.14-RXN,PWY-5327,22
RXN-17129,PWY-7072,5
ASPARAGHYD-RXN,ASPARAGINE-DEG1-PWY,1
ASPARAGHYD-RXN,ASPASN-PWY,3
ASPARAGHYD-RXN,ASPARAGINE-DEG1-PWY-1,3
RXN-23525,PWY-8402,1
3.5.1.26-RXN,ASPARAGINE-DEG1-PWY-1,3
CREATINASE-RXN,CRNFORCAT-PWY,4
RXN-2301,TAURINEDEG-PWY,1
RXN-2301,PWY-1541,5
GLUCONOKIN-RXN,PWY-5530,3
GLUCONOKIN-RXN,IDNCAT-PWY,3
GLUCONOKIN-RXN,GLUCONSUPER-PWY,1
GLUCONOKIN-RXN,KETOGLUCONMET-PWY,5
PYRNUTRANSHYDROGEN-RXN,PWY-5083,3
7-ALPHA-HYDROXYSTEROID-DEH-RXN,PWY-6518,2
7-ALPHA-HYDROXYSTEROID-DEH-RXN,PWY-8254,2
RXN-16033,PWY-6518,2
RXN-16033,PWY-7588,1
RXN-16033,PWY-8254,2
RXN-12219,PWY-6742,1
AMONITRO-RXN,PWY-7084,5
AMONITRO-RXN,AMMOXID-PWY,2
AMONITRO-RXN,PWY-7082,2
AMONITRO-RXN,PWY-8621,2
2.5.1.64-RXN,PWY-5896,9
2.5.1.64-RXN,ALL-CHORISMATE-PWY,48
2.5.1.64-RXN,PWY-5861,9
2.5.1.64-RXN,PWY-8538,9
2.5.1.64-RXN,PWY-5837,7
2.5.1.64-RXN,PWY-5862,9
2.5.1.64-RXN,PWY-5850,10
2.5.1.64-RXN,PWY-5845,10
2.5.1.64-RXN,PWY-5899,9
2.5.1.64-RXN,PWY-5898,9
2.5.1.64-RXN,PWY-5897,9
2.5.1.64-RXN,PWY-5863,8
2.5.1.64-RXN,PWY-5840,10
2.5.1.64-RXN,PWY-5838,10
2.5.1.64-RXN,PWY-5860,9
RXN-24832,PWY-7675,2
RXN2G6Z-3,PWY-8284-1,2
RXN-16750,PWY-7676,1
LEUCYLTRANSFERASE-RXN,PWY-7801,2
RXN-17846,PWY-7801,2
RXN-9839,PWY-6073,2
RXN-9839,PWY-6082,2
MHPELY-RXN,PWY-5179,6
MHPELY-RXN,PWY-5178,12
MHPELY-RXN,PWY-5162,3
MHPELY-RXN,PWY-5415,5
MHPELY-RXN,PWY-5420,7
MHPELY-RXN,PWY-5266,5
MHPELY-RXN,PWY-5430,10
MHPELY-RXN,PWY-6954,33
MHPELY-RXN,PWY0-1277,8
MHPELY-RXN,PWY-6505,12
MHPELY-RXN,PWY-6956,10
MHPELY-RXN,PWY-5183,23
MHPELY-RXN,PWY-2504,31
MHPELY-RXN,PWY-5655,12
MHPELY-RXN,PWY-8473,7
MHPELY-RXN,PWY-6957,17
MHPELY-RXN,PWY-5180,4
MHPELY-RXN,PWY-5273,5
ACETALD-DEHYDROG-RXN,PWY0-1477,5
ACETALD-DEHYDROG-RXN,THREOCAT-PWY,14
ACETALD-DEHYDROG-RXN,PWY0-1298,6
ACETALD-DEHYDROG-RXN,PHOSPHONOTASE-PWY,3
ACETALD-DEHYDROG-RXN,PWY-6604,12
ACETALD-DEHYDROG-RXN,PWY-5179,6
ACETALD-DEHYDROG-RXN,PWY-5178,12
ACETALD-DEHYDROG-RXN,PWY-7085,1
ACETALD-DEHYDROG-RXN,P461-PWY,19
ACETALD-DEHYDROG-RXN,PWY-5162,3
ACETALD-DEHYDROG-RXN,PWY-5436,2
ACETALD-DEHYDROG-RXN,PWY-8060,2
ACETALD-DEHYDROG-RXN,PWY-8062,1
ACETALD-DEHYDROG-RXN,PWY-5415,5
ACETALD-DEHYDROG-RXN,PWY-5420,7
ACETALD-DEHYDROG-RXN,P161-PWY,4
ACETALD-DEHYDROG-RXN,PWY-5480,3
ACETALD-DEHYDROG-RXN,PWY-5266,5
ACETALD-DEHYDROG-RXN,PWY-7180,3
ACETALD-DEHYDROG-RXN,ETOH-ACETYLCOA-ANA-PWY,2
ACETALD-DEHYDROG-RXN,PWY-5430,10
ACETALD-DEHYDROG-RXN,PWY-6954,33
ACETALD-DEHYDROG-RXN,PWY0-1297,7
ACETALD-DEHYDROG-RXN,PWY0-1277,8
ACETALD-DEHYDROG-RXN,P122-PWY,17
ACETALD-DEHYDROG-RXN,FERMENTATION-PWY,13
ACETALD-DEHYDROG-RXN,PWY-6505,12
ACETALD-DEHYDROG-RXN,PWY-6587,3
ACETALD-DEHYDROG-RXN,PWY-6956,10
ACETALD-DEHYDROG-RXN,PWY4LZ-257,8
ACETALD-DEHYDROG-RXN,PWY-5183,23
ACETALD-DEHYDROG-RXN,PWY-2504,31
ACETALD-DEHYDROG-RXN,PWY-5655,12
ACETALD-DEHYDROG-RXN,PWY-8473,7
ACETALD-DEHYDROG-RXN,PWY-6957,17
ACETALD-DEHYDROG-RXN,P441-PWY,21
ACETALD-DEHYDROG-RXN,PWY-6594,9
ACETALD-DEHYDROG-RXN,PWY-5180,4
ACETALD-DEHYDROG-RXN,PWY-5273,5
RXN-8841,PWY-5644,4
RXN-10246,PWY-5645,5
4.1.1.77-RXN,PWY-6214,2
4.1.1.77-RXN,PWY-5419,4
4.1.1.77-RXN,PWY-5178,12
4.1.1.77-RXN,PWY-5420,7
4.1.1.77-RXN,PWY-6336,3
4.1.1.77-RXN,PWY-5647,5
4.1.1.77-RXN,PWY-7009,4
4.1.1.77-RXN,PWY-7480,4
4.1.1.77-RXN,PWY-5430,10
4.1.1.77-RXN,PWY-6954,33
4.1.1.77-RXN,2ASDEG-PWY,2
4.1.1.77-RXN,PWY-6505,12
4.1.1.77-RXN,PWY-6210,3
4.1.1.77-RXN,PWY-5183,23
4.1.1.77-RXN,PWY-7006,3
4.1.1.77-RXN,PWY-5655,12
4.1.1.77-RXN,PWY-8473,7
4.1.1.77-RXN,PWY-5654,4
RXN-20764,TOLUENE-DEG-3-OH-PWY,4
2-OXOPENT-4-ENOATE-HYDRATASE-RXN,PWY-5179,6
2-OXOPENT-4-ENOATE-HYDRATASE-RXN,PWY-5178,12
2-OXOPENT-4-ENOATE-HYDRATASE-RXN,PWY-5162,3
2-OXOPENT-4-ENOATE-HYDRATASE-RXN,PWY-5415,5
2-OXOPENT-4-ENOATE-HYDRATASE-RXN,PWY-5420,7
2-OXOPENT-4-ENOATE-HYDRATASE-RXN,PWY-5266,5
2-OXOPENT-4-ENOATE-HYDRATASE-RXN,PWY-5430,10
2-OXOPENT-4-ENOATE-HYDRATASE-RXN,PWY-6954,33
2-OXOPENT-4-ENOATE-HYDRATASE-RXN,PWY0-1277,8
2-OXOPENT-4-ENOATE-HYDRATASE-RXN,PWY-6505,12
2-OXOPENT-4-ENOATE-HYDRATASE-RXN,PWY-6956,10
2-OXOPENT-4-ENOATE-HYDRATASE-RXN,PWY-5183,23
2-OXOPENT-4-ENOATE-HYDRATASE-RXN,PWY-2504,31
2-OXOPENT-4-ENOATE-HYDRATASE-RXN,PWY-5655,12
2-OXOPENT-4-ENOATE-HYDRATASE-RXN,PWY-8473,7
2-OXOPENT-4-ENOATE-HYDRATASE-RXN,PWY-6957,17
2-OXOPENT-4-ENOATE-HYDRATASE-RXN,PWY-5180,4
2-OXOPENT-4-ENOATE-HYDRATASE-RXN,PWY-5273,5
RXN-10381,PWY-5645,5
METHYLITACONATE-DELTA-ISOMERASE-RXN,PWY-5055,7
METHYLITACONATE-DELTA-ISOMERASE-RXN,PWY-5062,13
DIHYDROOROTATE-DEHYDROGENASE-RXN,PWY-7211,18
DIHYDROOROTATE-DEHYDROGENASE-RXN,PRPP-PWY,42
DIHYDROOROTATE-DEHYDROGENASE-RXN,PWY-5686,6
DIHYDROOROTATE-DEHYDROGENASE-RXN,PWY0-162,9
RXN-16949,PWY-7698,7
RXN-16950,PWY-7698,7
3-HYDROXYBENZOATE-6-MONOOXYGENASE-RXN,PWY-6228,1
3-HYDROXYBENZOATE-6-MONOOXYGENASE-RXN,M-CRESOL-DEGRADATION-PWY,3
RXN0-3901,ARGDEG-PWY,9
RXN0-3901,ORNDEG-PWY,5
RXN0-3901,PWY0-1221,2
RXN0-3901,ORNARGDEG-PWY,10
RXN-6261,PWY-6269,5
RXN-6261,PWY-7962,3
RXN-6261,P381-PWY,26
RXN-6261,PWY-7972,2
RXN-6261,PWY-5507,25
RXN-8769,PWY-5507,25
RXN-8769,PWY-7377,11
R341-RXN,P381-PWY,26
R341-RXN,PWY-7376,9
2.1.1.130-RXN,P381-PWY,26
2.1.1.130-RXN,PWY-7376,9
2.1.1.151-RXN,PWY-5507,25
2.1.1.151-RXN,PWY-7377,11
2.1.1.133-RXN,P381-PWY,26
2.1.1.133-RXN,PWY-7376,9
RXN-8762,PWY-5507,25
RXN-8762,PWY-7377,11
RXN-8764,PWY-5507,25
RXN-8764,PWY-7377,11
2.1.1.131-RXN,P381-PWY,26
2.1.1.131-RXN,PWY-7376,9
RXN-8763,PWY-5507,25
RXN-8763,PWY-7377,11
4.99.1.3-RXN,PWY-5507,25
4.99.1.3-RXN,PWY-7377,11
PSERTRANSAM-RXN,SERSYN-PWY,3
PSERTRANSAM-RXN,SULFATE-CYS-PWY,9
PSERTRANSAM-RXN,PWY-8010,2
PSERTRANSAM-RXN,SER-GLYSYN-PWY,4
PSERTRANSAMPYR-RXN,PYRIDOXSYN-PWY,6
PSERTRANSAMPYR-RXN,PWY0-845,11
RXN-14150,P562-PWY,6
RXN-14150,PWY-7237,9
RXN-8837,PWY-5645,5
1.2.1.32-RXN,PWY-5652,3
1.2.1.32-RXN,PWY-5647,5
1.2.1.32-RXN,PWY-6505,12
1.2.1.32-RXN,PWY-6210,3
1.2.1.32-RXN,PWY-6309,10
1.2.1.32-RXN,PWY-5655,12
1.2.1.32-RXN,PWY-5654,4
1.2.1.32-RXN,TRYPTOPHAN-DEGRADATION-1,10
RXN-8831,PWY-5644,4
RXN-8527,PWY-5419,4
RXN-8527,PWY-5178,12
RXN-8527,PWY-5420,7
RXN-8527,PWY-6336,3
RXN-8527,PWY-7480,4
RXN-8527,PWY-5430,10
RXN-8527,PWY-6954,33
RXN-8527,PWY-5183,23
RXN-8527,PWY-7006,3
RXN-8527,PWY-8473,7
RXN-16706,PWY-7893,2
RXN-16707,PWY-7893,2
RXN-8777,PWY-6760,3
RXN-8777,PWY-5257,30
RXN-8777,PWY-5519,3
RXN-8777,PWY-8020,4
RXN-8965,PWY-5744,9
RXN-8965,PWY-7024,14
RXN-16947,PWY-7698,7
RXN-16945,PWY-7698,7
GENTISATE-12-DIOXYGENASE-RXN,PWY-6640,2
GENTISATE-12-DIOXYGENASE-RXN,PWY-7469,2
GENTISATE-12-DIOXYGENASE-RXN,P281-PWY,6
GENTISATE-12-DIOXYGENASE-RXN,PWY-6223,3
RXN-18654,PWY-7882,1
RXN-18612,PWY-7878,1
RXN-11032,PWY-6389,2
RXN-11032,PWY-6396,6
RXN-16285,PWY-7626,6
SS-BUTANEDIOL-DEHYDROGENASE-RXN,PWY-6390,1
SS-BUTANEDIOL-DEHYDROGENASE-RXN,PWY-6396,6
SS-BUTANEDIOL-DEHYDROGENASE-RXN,PWY-6388,1
D-SORBITOL-DEHYDROGENASE-RXN,PWY-5782,1
D-SORBITOL-DEHYDROGENASE-RXN,PWY-5521,1
RHAMNULPALDOL-RXN,RHAMCAT-PWY,4
RHAMNULPALDOL-RXN,FUC-RHAMCAT-PWY,10
1.1.1.261-RXN,PWY-6146,46
1.1.1.261-RXN,PWY-8365,5
1.1.1.261-RXN,PWY-6350,7
1.1.1.261-RXN,PWY-6349,6
1.1.1.261-RXN,PWY-6141,9
LYXK-RXN,PWY-5257,30
LYXK-RXN,LYXMET-PWY,3
GLYC3PDEHYDROGBIOSYN-RXN,PWY-5981,3
GLYC3PDEHYDROGBIOSYN-RXN,PWY-7902,4
GLYC3PDEHYDROGBIOSYN-RXN,PHOSLIPSYN2-PWY,18
GLYC3PDEHYDROGBIOSYN-RXN,PWY0-1319,4
GLYC3PDEHYDROGBIOSYN-RXN,PWY-8401,11
GLYC3PDEHYDROGBIOSYN-RXN,PHOSLIPSYN-PWY,12
GLYC3PDEHYDROGBIOSYN-RXN,PWY4FS-8,6
GLYC3PDEHYDROGBIOSYN-RXN,PWY-5667,4
GLYC3PDEHYDROGBIOSYN-RXN,PWY4FS-7,6
RXN-10031,PWY-6160,4
RXN-10031,PWY-6165,9
RXN-17762,PWY-7787,3
RXN-17762,PWY-7788,2
RXN-17762,PWY-8090,2
RXN-17762,PWY-7789,5
RXN-17762,PWY-7786,3
RXN-17762,PWY-8091,3
1.2.3.3-RXN,PWY2DDB-10,4
RXN-13028,PWY-7900,8
RXN-12960,PWY-7900,8
RXN-14372,PWY-622,8
RXN-7669,PWY-5067,2
RXN-18777,PWY-7900,8
RXN-14371,PWY-622,8
GLYCOGEN-BRANCH-RXN,GLYCOGENSYNTH-PWY,4
RXN-9931,PWY-7513,1
RXN-9931,PWY-8437,1
1.3.1.25-RXN,PWY-5178,12
1.3.1.25-RXN,PWY-5430,10
1.3.1.25-RXN,PWY-6954,33
1.3.1.25-RXN,PWY-2503,2
1.3.1.25-RXN,PWY-5183,23
1.3.1.25-RXN,PWY-2504,31
1.3.1.25-RXN,PWY-6957,17
GLUTAMATE-SYNTHASE-FERREDOXIN-RXN,PWY-6964,2
GLUTAMATE-SYNTHASE-FERREDOXIN-RXN,PWY-6549,6
GLUTAMATE-SYNTHASE-FERREDOXIN-RXN,PWY-5505,6
GLUTAMATE-SYNTHASE-FERREDOXIN-RXN,PWY-8346,4
GLUTAMATE-SYNTHASE-FERREDOXIN-RXN,PWY-3282,3
GLUTAMATE-SYNTHASE-FERREDOXIN-RXN,PWY-4341,1
RXN-11187,PWY-6421,2
ARGININE-DEIMINASE-RXN,ARGDEGRAD-PWY,2
ARGININE-DEIMINASE-RXN,PWY-6344,5
ARGININE-DEIMINASE-RXN,PWY-8187,4
2.5.1.68-RXN,PWY-6383,4
2.5.1.68-RXN,PWY-6404,24
RXN-10245,PWY-5645,5
RXN-8529,PWY-6214,2
RXN-8529,PWY-5419,4
RXN-8529,PWY-5178,12
RXN-8529,PWY-5420,7
RXN-8529,PWY-6336,3
RXN-8529,PWY-7009,4
RXN-8529,PWY-7480,4
RXN-8529,PWY-5430,10
RXN-8529,PWY-6954,33
RXN-8529,2ASDEG-PWY,2
RXN-8529,PWY-5183,23
RXN-8529,PWY-7006,3
RXN-8529,PWY-8473,7
RXN1G-2,PWY1G-0,5
RXN-19305,PWY-7966,3
COBALAMIN5PSYN-RXN,PWY-6269,5
COBALAMIN5PSYN-RXN,PWY-5509,3
COBALAMIN5PSYN-RXN,P381-PWY,26
COBALAMIN5PSYN-RXN,PWY-7975,2
COBALAMIN5PSYN-RXN,COBALSYN-PWY,5
RXN-19308,PWY-7964,3
RXN-19307,PWY-7968,3
RXN-25316,PWY-7967,3
RXN-25319,PWY-7969,3
RXN-19297,PWY-7963,2
RXN-19302,PWY-7970,3
RXN-19318,PWY-7965,3
COBALAMINSYN-RXN,PWY-5507,25
RXN-19296,PWY-7961,2
RXN-6501,PWY1G-0,5
2.7.8.11-RXN,PHOSLIPSYN2-PWY,18
2.7.8.11-RXN,PWY-7625,1
2.7.8.11-RXN,PWY-6371,4
2.7.8.11-RXN,PWY-6351,1
2.7.8.11-RXN,PWY-6352,2
RXN-21214,PWY-6955,1
RXN1G-186,PWY1G-1,1
RXN-8852,PWY-5662,2
2.7.7.1-RXN,PWY-3502,11
2.7.7.1-RXN,PWY3O-4106,1
2.7.7.1-RXN,NAD-BIOSYNTHESIS-III,2
RXN-9797,PWY-6061,11
RXN-9845,PWY-6061,11
RXN-17645,PWY-8151,4
RXN-17645,PWY-6947,21
RXN-17645,PWY-6946,8
RXN-17645,PWY-8154,13
PSEUDOURIDINE-KINASE-RXN,PWY-6019,2
RXN-11054,PWY-1361,6
RXN-4301,PWY-2661,3
RXN-12280,PWY-6724,2
RXN-14380,PWY-622,8
RXN-12908,METH-ACETATE-PWY,3
RXN-12908,PWY-6830,9
3.5.2.18-RXN,PWY-5055,7
3.5.2.18-RXN,PWY-5062,13
PHOSPHASERDECARB-RXN,PWY-5669,2
PHOSPHASERDECARB-RXN,PHOSLIPSYN2-PWY,18
PHOSPHASERDECARB-RXN,PWY-8401,11
PHOSPHASERDECARB-RXN,PHOSLIPSYN-PWY,12
PHOSPHASERDECARB-RXN,PWY-8600,4
PHOSPHASERDECARB-RXN,PWY-8601,4
PHOSPHASERDECARB-RXN,PWY-7509,3
RXN-11747,PWY-6644,3
RXN-5285,CHLOROPHYLL-SYN,6
1.4.1.11-RXN,P163-PWY,9
1.4.1.11-RXN,PWY-5327,22
5-FORMYL-THF-CYCLO-LIGASE-RXN,PWY-2201,9
5-FORMYL-THF-CYCLO-LIGASE-RXN,PWY-3841,8
5-FORMYL-THF-CYCLO-LIGASE-RXN,1CMET2-PWY,7
UDPMANNACADEHYDROG-RXN,PWY-8227,7
UDPMANNACADEHYDROG-RXN,PWY-7335,1
UDPMANNACADEHYDROG-RXN,PWY-7332,14
RXN-13113,PWY-6999,5
XANTHINE-OXIDASE-RXN,PWY-6538,3
XANTHINE-OXIDASE-RXN,PWY-6999,5
XANTHINE-OXIDASE-RXN,PWY-6632,3
RXN-13115,PWY-6999,5
RXN-13114,PWY-6999,5
3.1.2.23-RXN,PWY-6435,4
3.1.2.23-RXN,PWY-6215,2
RXN-14336,PWY-7236,1
RXN-8953,PWY-5739,2
RXN-8953,PWY2B4Q-2,2
RXN-8953,PWY-7323,8
RXN-8953,PWY-8225,2
TEICHOICSYN4-RXN,TEICHOICACID-PWY,5
MANNONDEHYDRAT-RXN,GALACT-GLUCUROCAT-PWY,9
MANNONDEHYDRAT-RXN,PWY-7242,4
MANNONDEHYDRAT-RXN,PWY-6516,22
MANNONDEHYDRAT-RXN,GLUCUROCAT-PWY,6
RXN-8958,PWY-5741,11
RXN-8958,PWY-7854,10
R146-RXN,PWY-5389,1
R147-RXN,PWY-7270,10
R147-RXN,PWY-7527,10
R147-RXN,PWY-7528,11
R147-RXN,PWY-4361,6
RXN0-6485,PWY0-1479,10
RXN0-6478,PWY0-1479,10
RXN1G-4,PWY1G-0,5
RXN-18607,PWY-7885,5
RXN-18610,PWY-7885,5
2.6.1.33-RXN,PWY-7110,8
2.6.1.33-RXN,PWY-7317,9
2.6.1.33-RXN,PWY-8504,4
2.6.1.33-RXN,PWY-6942,6
2.6.1.33-RXN,PWY-7316,4
2.6.1.33-RXN,PWY-6977,11
6.2.1.29-RXN,PWY-6061,11
RXN-17398,PWY-7754,2
CHOLATE--COA-LIGASE-RXN,PWY-7754,2
RXN-21342,PWY-8134,1
RXN-11181,PWY-6420,1
RXN-18649,PWY-7881,1
RXN-18397,PWY-7855,3
3.2.1.141-RXN,PWY-2661,3
RXN-13179,PYRIDOXSYN-PWY,6
RXN-13179,PWY0-845,11
4.2.1.41-RXN,PWY-6501,4
4.2.1.41-RXN,PWY-6497,3
4.2.1.41-RXN,PWY-6486,4
4.2.1.41-RXN,PWY-6516,22
4.2.1.41-RXN,PWY-6499,3
GLUCARDEHYDRA-RXN,GLUCARDEG-PWY,4
GLUCARDEHYDRA-RXN,GLUCARGALACTSUPER-PWY,5
GLUCARDEHYDRA-RXN,PWY-6516,22
GLUCARDEHYDRA-RXN,PWY-6499,3
3.2.1.91-RXN,PWY-6788,3
GLYCERATE-DEHYDROGENASE-RXN,PWY-8363,5
GLYCERATE-DEHYDROGENASE-RXN,PWY-181,6
GLYCERATE-DEHYDROGENASE-RXN,PWY-8362,6
THIAZOLSYN3-RXN,PWY-7356,7
THIAZOLSYN3-RXN,PWY-7357,6
THIAZOLSYN3-RXN,PWY-6897,5
RXN-23965,PWY-8457,3
RXN-11572,PWY-6572,3
4.2.2.5-RXN,PWY-6572,3
RXN-10669,PWY-6286,1
RXN-12444,ALKANEMONOX-PWY,2
RXN-12444,PWY-7723,6
COBINAMIDEKIN-RXN,PWY-7971,2
COBINAMIDEKIN-RXN,COBALSYN-PWY,5
COBINPGUANYLYLTRANS-RXN,PWY-6269,5
COBINPGUANYLYLTRANS-RXN,PWY-7962,3
COBINPGUANYLYLTRANS-RXN,P381-PWY,26
COBINPGUANYLYLTRANS-RXN,PWY-7972,2
COBINPGUANYLYLTRANS-RXN,PWY-5507,25
COBINPGUANYLYLTRANS-RXN,PWY-7971,2
COBINPGUANYLYLTRANS-RXN,PWY-8282,1
COBINPGUANYLYLTRANS-RXN,COBALSYN-PWY,5
ALDXANAU-RXN,12DICHLORETHDEG-PWY,4
RXN-6002,PWY-3641,3
ALDEHYDE-DEHYDROGENASE-NADP+-RXN,PWY-7245,7
ALDEHYDE-DEHYDROGENASE-NADP+-RXN,PWY-7269,4
RXN0-3962,PWY-7245,7
RXN0-3962,PWY-5768,2
RXN0-3962,PWY-7268,4
N-ACETYLNEURAMINATE-SYNTHASE-RXN,PWY-6139,3
N-ACETYLNEURAMINATE-SYNTHASE-RXN,PWY-6145,10
O-SUCCINYLBENZOATE-COA-LIG-RXN,PWY-5896,9
O-SUCCINYLBENZOATE-COA-LIG-RXN,ALL-CHORISMATE-PWY,48
O-SUCCINYLBENZOATE-COA-LIG-RXN,PWY-5861,9
O-SUCCINYLBENZOATE-COA-LIG-RXN,PWY-8538,9
O-SUCCINYLBENZOATE-COA-LIG-RXN,PWY-5837,7
O-SUCCINYLBENZOATE-COA-LIG-RXN,PWY-5862,9
O-SUCCINYLBENZOATE-COA-LIG-RXN,PWY-5850,10
O-SUCCINYLBENZOATE-COA-LIG-RXN,PWY-5845,10
O-SUCCINYLBENZOATE-COA-LIG-RXN,PWY-5899,9
O-SUCCINYLBENZOATE-COA-LIG-RXN,PWY-5898,9
O-SUCCINYLBENZOATE-COA-LIG-RXN,PWY-5897,9
O-SUCCINYLBENZOATE-COA-LIG-RXN,PWY-5863,8
O-SUCCINYLBENZOATE-COA-LIG-RXN,PWY-5840,10
O-SUCCINYLBENZOATE-COA-LIG-RXN,PWY-5838,10
O-SUCCINYLBENZOATE-COA-LIG-RXN,PWY-5860,9
4.1.1.68-RXN,3-HYDROXYPHENYLACETATE-DEGRADATION-PWY,7
RXN-9983,GALLATE-DEGRADATION-II-PWY,4
RXN-9983,GALLATE-DEGRADATION-I-PWY,4
RXN-9983,PWY-6338,8
RXN-9983,METHYLGALLATE-DEGRADATION-PWY,4
RXN-9983,PWY-6339,6
RXN-9983,P184-PWY,6
RXN-21753,PWY-8180,2
PROPIONATE--COA-LIGASE-RXN,PWY-4221,12
PROPIONATE--COA-LIGASE-RXN,PWY-5104,4
PROPIONATE--COA-LIGASE-RXN,PWY-3941,5
PROPIONATE--COA-LIGASE-RXN,PWY-5747,5
PROPIONATE--COA-LIGASE-RXN,PWY0-42,5
RXN-17381,PWY-5818,6
ALLANTOICASE-RXN,PWY-5694,3
ALLANTOICASE-RXN,PWY-5697,2
ALLANTOICASE-RXN,P165-PWY,15
ALLANTOICASE-RXN,ALLANTOINDEG-PWY,4
ALLANTOICASE-RXN,URDEGR-PWY,6
ASPDECARBOX-RXN,PANTOSYN-PWY,9
ASPDECARBOX-RXN,PWY-5155,1
RXN-11057,PWY-6402,6
RXN-11057,PWY-6398,5
RXN66-161,PWY66-221,5
RXN66-146,PWY66-201,3
RXN-8872,PWY-5665,1
RXN-13064,PWY-6992,4
RXN-8630,PWY-7466,1
RXN-8630,PWY-5451,1
RXN66-181,PWY66-241,1
RXN-11056,PWY-6402,6
RXN-11056,PWY-6398,5
RXN66-163,PWY66-221,5
RXN66-169,PWY66-221,5
RXN-9929,PWY-7790,6
RXN-11898,PWY-6666,1
MALEYLPYRUVATE-ISOMERASE-RXN,PWY-7044,2
MALEYLPYRUVATE-ISOMERASE-RXN,P281-PWY,6
MALEYLPYRUVATE-ISOMERASE-RXN,PWY-6223,3
3.1.1.73-RXN,PWY-6784,2
MANNONOXIDOREDUCT-RXN,GALACT-GLUCUROCAT-PWY,9
MANNONOXIDOREDUCT-RXN,PWY-7242,4
MANNONOXIDOREDUCT-RXN,PWY-6516,22
MANNONOXIDOREDUCT-RXN,GLUCUROCAT-PWY,6
MANNITOL-2-DEHYDROGENASE-RXN,PWY-6531,3
RXN-1804,PWY-822,2
RXN-1803,PWY-822,2
SUCROSE-PHOSPHORYLASE-RXN,PWY-5384,4
TRE6PHYDRO-RXN,TREDEGLOW-PWY,2
RXN-9885,PWY-6094,4
RXN-9885,PWY-6093,3
CHLOROMALERED-RXN,PWY-6084,3
CHLOROMALERED-RXN,PWY-8487,2
CHLOROMALERED-RXN,14DICHLORBENZDEG-PWY,3
CHLOROMALERED-RXN,PCPDEG-PWY,8
CHLOROMALERED-RXN,PWY-6178,2
RXN-9891,PWY-6094,4
MALEYLACETATE-REDUCTASE-RXN,PWY-6089,2
MALEYLACETATE-REDUCTASE-RXN,PWY-6200,2
MALEYLACETATE-REDUCTASE-RXN,PWY-6084,3
MALEYLACETATE-REDUCTASE-RXN,PWY-8487,2
MALEYLACETATE-REDUCTASE-RXN,14DICHLORBENZDEG-PWY,3
MALEYLACETATE-REDUCTASE-RXN,PWY-5488,4
MALEYLACETATE-REDUCTASE-RXN,PWY-6107,3
MALEYLACETATE-REDUCTASE-RXN,PWY-6094,4
MALEYLACETATE-REDUCTASE-RXN,GAMMAHEXCHLORDEG-PWY,3
MALEYLACETATE-REDUCTASE-RXN,PWY-6193,2
MALEYLACETATE-REDUCTASE-RXN,PWY-7002,2
MALEYLACETATE-REDUCTASE-RXN,PWY-7772,3
MALEYLACETATE-REDUCTASE-RXN,PWY-7081,2
MALEYLACETATE-REDUCTASE-RXN,PWY-6041,2
MALEYLACETATE-REDUCTASE-RXN,PWY-6093,3
MALEYLACETATE-REDUCTASE-RXN,P343-PWY,3
MALEYLACETATE-REDUCTASE-RXN,PWY-7982,2
MALEYLACETATE-REDUCTASE-RXN,PWY-7773,4
MALEYLACETATE-REDUCTASE-RXN,PWY-6087,2
MALEYLACETATE-REDUCTASE-RXN,PCPDEG-PWY,8
MALEYLACETATE-REDUCTASE-RXN,PWY-5487,1
MALEYLACETATE-REDUCTASE-RXN,PWY-6178,2
RXN-10137,PWY-6200,2
RXN-10137,PWY-5488,4
RXN-10137,PWY-7772,3
RXN-10137,PWY-7081,2
RXN-10137,P343-PWY,3
RXN-10137,PWY-7773,4
RXN-11128,PWY-7571,3
RXN-11128,PWY-6409,2
RXN-13783,PWY-8299,1
RXN-17996,PWY-7810,1
RXN-12391,PWY-6724,2
RXN-14354,PWY-7238,7
RXN-12193,PWY-6737,4
AMYLOMALT-RXN,GLYCOCAT-PWY,8
BARBITURASE-RXN,PWY-6426,2
RXN-20062,PWY-5724,2
RXN-20062,PWY-8025,1
RXN-20062,PWY-5169,2
PYRUFLAVREDUCT-RXN,PWY-7003,12
PYRUFLAVREDUCT-RXN,PWY-6142,15
PYRUFLAVREDUCT-RXN,PWY-8189,2
PYRUFLAVREDUCT-RXN,NPGLUCAT-PWY,8
PYRUFLAVREDUCT-RXN,P23-PWY,9
PYRUFLAVREDUCT-RXN,PWY-6604,12
PYRUFLAVREDUCT-RXN,PWY-5493,2
PYRUFLAVREDUCT-RXN,PWY-5538,3
PYRUFLAVREDUCT-RXN,PWY-5600,3
PYRUFLAVREDUCT-RXN,PWY-6146,46
PYRUFLAVREDUCT-RXN,PWY-6583,4
PYRUFLAVREDUCT-RXN,GLUDEG-II-PWY,6
PYRUFLAVREDUCT-RXN,PWY-8303,7
PYRUFLAVREDUCT-RXN,PWY-6590,6
PYRUFLAVREDUCT-RXN,P142-PWY,3
PYRUFLAVREDUCT-RXN,PWY-5483,2
PYRUFLAVREDUCT-RXN,PWY-8275,1
PYRUFLAVREDUCT-RXN,PWY-5392,8
PYRUFLAVREDUCT-RXN,PWY-6587,3
PYRUFLAVREDUCT-RXN,PWY4LZ-257,8
PYRUFLAVREDUCT-RXN,P42-PWY,7
PYRUFLAVREDUCT-RXN,PWY-6863,7
PYRUFLAVREDUCT-RXN,PWY-6588,5
PYRUFLAVREDUCT-RXN,PWY-5100,4
PYRUFLAVREDUCT-RXN,CENTFERM-PWY,4
PYRUFLAVREDUCT-RXN,PWY-8377,4
PYRUFLAVREDUCT-RXN,PWY-5497,15
PYRUFLAVREDUCT-RXN,PWY-5096,3
PYRUFLAVREDUCT-RXN,PWY-6876,3
PYRUFLAVREDUCT-RXN,PWY-6594,9
PYRUFLAVREDUCT-RXN,PROPFERM-PWY,7
RXN-12077,PWY-6694,1
ARYLFORMAMIDASE-RXN,PWY-7765,4
ARYLFORMAMIDASE-RXN,PWY-3502,11
ARYLFORMAMIDASE-RXN,PWY-7717,3
ARYLFORMAMIDASE-RXN,PWY-5651,5
ARYLFORMAMIDASE-RXN,NADSYN-PWY,8
ARYLFORMAMIDASE-RXN,TRPCAT-PWY,3
ARYLFORMAMIDASE-RXN,PWY-6954,33
ARYLFORMAMIDASE-RXN,PWY-6505,12
ARYLFORMAMIDASE-RXN,PWY-6309,10
ARYLFORMAMIDASE-RXN,PWY-2504,31
ARYLFORMAMIDASE-RXN,PWY-5655,12
ARYLFORMAMIDASE-RXN,TRYPTOPHAN-DEGRADATION-1,10
RXN-17150,PWY-7734,1
RXN-17150,PWY-7733,1
RXN-14697,PWY-7847,2
RXN-14696,PWY-7847,2
RXN-18347,PWY-7848,2
RXN-18346,PWY-7848,2
PHOSPHASERSYN-RXN,PWY-5669,2
PHOSPHASERSYN-RXN,PHOSLIPSYN2-PWY,18
PHOSPHASERSYN-RXN,PWY-8401,11
PHOSPHASERSYN-RXN,PHOSLIPSYN-PWY,12
PHOSPHASERSYN-RXN,PWY-7509,3
RUBREDOXIN--NAD+-REDUCTASE-RXN,P221-PWY,4
RXN-12093,PWY-6703,4
GLUCOSAMINE-6-P-DEAMIN-RXN,PWY-6517,3
GLUCOSAMINE-6-P-DEAMIN-RXN,PWY-6906-1,5
GLUCOSAMINE-6-P-DEAMIN-RXN,GLUAMCAT-PWY,2
GLUCOSAMINE-6-P-DEAMIN-RXN,GLCMANNANAUT-PWY,5
GLUCOSAMINE-6-P-DEAMIN-RXN,PWY-6855,3
GLUCOSAMINE-6-P-DEAMIN-RXN,PWY-5514,6
GLUCOSAMINE-6-P-DEAMIN-RXN,P441-PWY,21
GLUCOSAMINE-6-P-DEAMIN-RXN,PWY-6906,5
RXN-13439,PWY-7052,6
6.3.2.29-RXN,PWY-7052,6
6.3.2.30-RXN,PWY-7052,6
RXN-13440,PWY-7052,6
3.4.15.6-RXN,PWY-7052,6
DARAB5PISOM-RXN,PWY-1269,4
DARAB5PISOM-RXN,PWY-7674,5
DARAB5PISOM-RXN,LPSSYN-PWY,15
DARAB5PISOM-RXN,KDO-NAGLIPASYN-PWY,16
KDO-8PPHOSPHAT-RXN,PWY-1269,4
KDO-8PPHOSPHAT-RXN,PWY-7674,5
KDO-8PPHOSPHAT-RXN,LPSSYN-PWY,15
KDO-8PPHOSPHAT-RXN,KDO-NAGLIPASYN-PWY,16
KDO-8PSYNTH-RXN,PWY-1269,4
KDO-8PSYNTH-RXN,PWY-7674,5
KDO-8PSYNTH-RXN,LPSSYN-PWY,15
KDO-8PSYNTH-RXN,KDO-NAGLIPASYN-PWY,16
CPM-KDOSYNTH-RXN,PWY-1269,4
CPM-KDOSYNTH-RXN,LPSSYN-PWY,15
CPM-KDOSYNTH-RXN,KDO-NAGLIPASYN-PWY,16
RXN-9479,PWY-5954,1
RXN-9479,PWY-5961,4
H2NEOPTERINP3PYROPHOSPHOHYDRO-RXN,ALL-CHORISMATE-PWY,48
H2NEOPTERINP3PYROPHOSPHOHYDRO-RXN,PWY-6147,4
H2NEOPTERINP3PYROPHOSPHOHYDRO-RXN,PWY-6612,9
H2NEOPTERINP3PYROPHOSPHOHYDRO-RXN,FOLSYN-PWY,11
RXN-22239,PWY-8245,9
RXN-20786,PWY-8073,6
RXN-22483,PWY-8283,6
RXN-23220,PWY2G6Z-2,6
RXN2B4Q-51,PWY2B4Q-4,5
LIPIDXSYNTHESIS-RXN,NAGLIPASYN-PWY,6
LIPIDXSYNTHESIS-RXN,LPSSYN-PWY,15
LIPIDXSYNTHESIS-RXN,KDO-NAGLIPASYN-PWY,16
RXN2DNV-1,PWYI-14,6
CDP-GLUCOSE-46-DEHYDRATASE-RXN,PWY-8139,3
CDP-GLUCOSE-46-DEHYDRATASE-RXN,PWY-5833,3
CDP-GLUCOSE-46-DEHYDRATASE-RXN,PWY-5823,4
3.2.1.107-RXN,PWY-7894,3
RXN-15734,PWY-6148,5
PHOSCHOL-RXN,PWY-3561,2
PHOSCHOL-RXN,PWY-4762,6
PHOSCHOL-RXN,PWY-7039,2
PHOSCHOL-RXN,LIPASYN-PWY,4
RXN0-6373,DHGLUCONATE-PYR-CAT-PWY,5
RXN0-6373,PWY-7165,4
RXN0-6373,GLUCOSE1PMETAB-PWY,5
HYDROXYMETHYLGLUTARYL-COA-REDUCTASE-RXN,PWY-5074,2
RXN-17379,PWY-5818,6
RXN-14724,PWY-6328,6
RXN-14724,PWY-5327,22
RXN-14724,PWY-5280,3
RXN1F-357,PWY1F-353,2
RXN-1981,PWY-6406,2
MALATE--COA-LIGASE-RXN,PWY-5741,11
MALATE--COA-LIGASE-RXN,PWY-1622,11
1.1.1.215-RXN,KETOGLUCONMET-PWY,5
HYDROXYPYRUVATE-REDUCTASE-RXN,PWY-8011,4
HYDROXYPYRUVATE-REDUCTASE-RXN,PWY-1622,11
RXN-15216,PWY0-1569,3
RXN-18771,PWY-8212,4
RXN-18771,PWY-8250,6
RXN-18771,PWY-7905,6
ETHAMLY-RXN,PWY0-1477,5
5.4.99.15-RXN,PWY-2661,3
RXN-13585,PWY-7090,5
RXN-13585,PWY-7332,14
RXN0-2101,PWY-8509,1
ASPARAGINE--TRNA-LIGASE-RXN,TRNA-CHARGING-PWY,21
OHBUTYRYL-COA-EPIM-RXN,FAO-PWY,5
OHBUTYRYL-COA-EPIM-RXN,PWY-5138,4
RXN6666-2,PWY6666-1,1
ASPARTASE-RXN,PWY-8291,2
ASPARTASE-RXN,GLUTDEG-PWY,2
ASPARTASE-RXN,PWY-8294,2
ASPARTASE-RXN,PWY-8419,1
ASPARTASE-RXN,ASPASN-PWY,3
N-CARBAMOYLPUTRESCINE-AMIDASE-RXN,ARGDEG-III-PWY,3
N-CARBAMOYLPUTRESCINE-AMIDASE-RXN,PWY-43,3
N-CARBAMOYLPUTRESCINE-AMIDASE-RXN,POLYAMINSYN3-PWY,7
AGMATINE-DEIMINASE-RXN,ARGDEG-III-PWY,3
AGMATINE-DEIMINASE-RXN,PWY-43,3
AGMATINE-DEIMINASE-RXN,POLYAMINSYN3-PWY,7
AGMATINE-DEIMINASE-RXN,PWY2S1Y-3,2
PHOSACETYLTRANS-RXN,PWY0-1477,5
PHOSACETYLTRANS-RXN,PWY-6604,12
PHOSACETYLTRANS-RXN,PWY0-1312,2
PHOSACETYLTRANS-RXN,P3-PWY,4
PHOSACETYLTRANS-RXN,PWY-5600,3
PHOSACETYLTRANS-RXN,P461-PWY,19
PHOSACETYLTRANS-RXN,PWY-5485,3
PHOSACETYLTRANS-RXN,PWY-8086,10
PHOSACETYLTRANS-RXN,P163-PWY,9
PHOSACETYLTRANS-RXN,P41-PWY,3
PHOSACETYLTRANS-RXN,METH-ACETATE-PWY,3
PHOSACETYLTRANS-RXN,PWY-8480,6
PHOSACETYLTRANS-RXN,P161-PWY,4
PHOSACETYLTRANS-RXN,PWY-1281,2
PHOSACETYLTRANS-RXN,ACETATEUTIL-PWY,3
PHOSACETYLTRANS-RXN,PWY-6590,6
PHOSACETYLTRANS-RXN,P122-PWY,17
PHOSACETYLTRANS-RXN,P142-PWY,3
PHOSACETYLTRANS-RXN,PWY-5327,22
PHOSACETYLTRANS-RXN,PWY-5482,2
PHOSACETYLTRANS-RXN,FERMENTATION-PWY,13
PHOSACETYLTRANS-RXN,PWY-6641,5
PHOSACETYLTRANS-RXN,PWY-5676,6
PHOSACETYLTRANS-RXN,PWY-6637,3
PHOSACETYLTRANS-RXN,PWY4LZ-257,8
PHOSACETYLTRANS-RXN,PWY-5100,4
PHOSACETYLTRANS-RXN,PWY-6830,9
PHOSACETYLTRANS-RXN,PWY-1541,5
PHOSACETYLTRANS-RXN,PWY-8377,4
PHOSACETYLTRANS-RXN,PWY-5497,15
PHOSACETYLTRANS-RXN,P441-PWY,21
PHOSACETYLTRANS-RXN,PROPFERM-PWY,7
UDP-GLUCURONATE-4-EPIMERASE-RXN,PWY-7328,6
UDP-GLUCURONATE-4-EPIMERASE-RXN,PWY-6415,1
UDP-GLUCURONATE-4-EPIMERASE-RXN,PWY-5114,6
UDP-GLUCURONATE-4-EPIMERASE-RXN,PWY-4861,1
TAURINE-AMINOTRANSFERASE-RXN,PWY-1263,1
TAURINE-AMINOTRANSFERASE-RXN,PWY-1541,5
RXN-14907,PWY-7387,2
RXN-11363,PWY-6478,4
RXN-17074,PWY-8379,1
RXN-17074,PWY-7718,2
RXN-8582,PWY-5429,2
BENZALDEHYDE-DEHYDROGENASE-NAD+-RXN,PWY-6766,2
BENZALDEHYDE-DEHYDROGENASE-NAD+-RXN,PWY-6444,2
BENZALDEHYDE-DEHYDROGENASE-NAD+-RXN,PWY-1501,4
BENZALDEHYDE-DEHYDROGENASE-NAD+-RXN,PWY-5178,12
BENZALDEHYDE-DEHYDROGENASE-NAD+-RXN,PWY-8161,2
BENZALDEHYDE-DEHYDROGENASE-NAD+-RXN,TOLUENE-DEG-CATECHOL-PWY,2
BENZALDEHYDE-DEHYDROGENASE-NAD+-RXN,PWY-6954,33
BENZALDEHYDE-DEHYDROGENASE-NAD+-RXN,PWY-6446,3
BENZALDEHYDE-DEHYDROGENASE-NAD+-RXN,PWY-5183,23
BENZALDEHYDE-DEHYDROGENASE-NAD+-RXN,PWY-2504,31
BENZALDEHYDE-DEHYDROGENASE-NAD+-RXN,PWY-6957,17
RXN-8583,PWY-5428,2
RXN-9910,PWY-6104,2
FUCISOM-RXN,FUC-RHAMCAT-PWY,10
FUCISOM-RXN,FUCCAT-PWY,4
DARABISOM-RXN,DARABCATK12-PWY,4
DARABISOM-RXN,PWY-5257,30
DARABISOM-RXN,DARABCAT-PWY,2
5-METHYLTHIORIBOSE-KINASE-RXN,PWY-7270,10
5-METHYLTHIORIBOSE-KINASE-RXN,PWY-6754,2
5-METHYLTHIORIBOSE-KINASE-RXN,PWY-7528,11
RXN-21317,PWY-8131,3
ADENYLYLSULFATE-REDUCTASE-RXN,DISSULFRED-PWY,2
RXN-23218,PWY-5304,3
RXN-23218,PWY-5306,2
RXN-23218,PWY-5308,3
RXN-23218,PWY-6676,4
RXN-23218,PWY-5278,2
RXN-23218,PWY-5279,1
RXN-24847,PWY-8545,2
RXN-21484,PWY-8155,1
RXN-12714,PWY-6937,15
RXN-12714,PWY-6944,13
RXN-12714,PWY-6928,19
RXN-12714,PWY-8152,9
RXN-12714,PWY-6947,21
RXN-12714,PWY-8154,13
3.5.99.5-RXN,PWY-5652,3
3.5.99.5-RXN,PWY-5647,5
3.5.99.5-RXN,PWY-6505,12
3.5.99.5-RXN,PWY-6210,3
3.5.99.5-RXN,PWY-6309,10
3.5.99.5-RXN,PWY-5655,12
3.5.99.5-RXN,PWY-5654,4
3.5.99.5-RXN,TRYPTOPHAN-DEGRADATION-1,10
RXN-8840,PWY-5644,4
RXN-19145,PWY-7942,3
RXN-12268,PWY-6771,3
URATE-OXIDASE-RXN,URSIN-PWY,7
URATE-OXIDASE-RXN,P165-PWY,15
URATE-OXIDASE-RXN,PWY-5691,3
RXN-6201,PWY-7394,3
RXN-6201,URSIN-PWY,7
RXN-6201,P165-PWY,15
RXN-6201,PWY-7849,2
RXN-6201,PWY-5691,3
RXN-8163,PWY-5283,5
RXN-8163,PWY-5327,22
RXN-7774,P105-PWY,7
RXN-2,PWY-7097,2
RXN-2,PWY-6338,8
RXN-10892,PWY-6339,6
GALACTUROISOM-RXN,GALACT-GLUCUROCAT-PWY,9
GALACTUROISOM-RXN,PWY-7248,3
GALACTUROISOM-RXN,GALACTUROCAT-PWY,5
GALACTUROISOM-RXN,PWY-6516,22
GLUCUROISOM-RXN,GALACT-GLUCUROCAT-PWY,9
GLUCUROISOM-RXN,PWY-6516,22
GLUCUROISOM-RXN,GLUCUROCAT-PWY,6
GLUCUROISOM-RXN,PWY-7247,2
RXN-16262,PWY-6808,4
RXN-16262,PWY-7438,4
RXN-16262,PWY-7657,3
RXN-16262,PWY-6974,3
RXN-16262,PWY-6973,3
RXN-17775,PWY0-1337,29
RXN-17783,PWY0-1337,29
RXN-21776,PWY-8181,13
RXN-14131,PWY-7654,7
RXN-14131,PWY-8568,19
RXN-17779,PWY0-1337,29
URIDINEKIN-RXN,PWY-7193,3
URIDINEKIN-RXN,PWY-7196,10
RXN-18395,PWY-8008,2
RXN-18395,PWY-8381,2
RXN-18395,PWY-7706,2
RXN-18395,PWY-7694,2
RXN-2102,PWY-7248,3
RXN-2102,PWY-7246,1
RXN-16325,PWY-6571,3
RXN-16325,PWY-6569,4
RXN-16325,PWY-6566,2
RXN-16324,PWY-6571,3
RXN-16324,PWY-6569,4
RXN-16324,PWY-6566,2
2.4.1.144-RXN,PWY-7426,2
RXN-9780,PWY-7374,5
RXN-9780,PWY-6263,7
RXN-11189,PWY-6421,2
2.4.1.217-RXN,PWY-5656,2
RXN-11023,PWY-6383,4
RXN-11023,PWY-6404,24
RXN-8390,PWY-5367,3
RXN-8389,PWY-5366,1
RXN-7903,PWY-5156,40
RXN-7903,PWY-5147,2
RXN-8388,PWY-5362,1
RXN-18661,PWY-7883,8
3.2.1.37-RXN,PWY-6717,2
RXN-8626,THREOCAT-PWY,14
RXN-8626,P381-PWY,26
RXN-8626,PWY-8526,1
RXN-8626,PWY-5507,25
RXN-8626,PWY-5443,2
GLUTKIN-RXN,ARGININE-SYN4-PWY,3
GLUTKIN-RXN,PWY-5004,9
GLUTKIN-RXN,CITRULBIO-PWY,7
GLUTKIN-RXN,PROSYN-PWY,3
GLUTKIN-RXN,PWY-6922,5
24-DICHLOROPHENOL-6-MONOOXYGENASE-RXN,PWY-6085,1
RXN-9866,PWY-6086,1
RXN-18659,PWY-7883,8
GLUTATHIONE-PEROXIDASE-RXN,PWY-4081,2
GLUTATHIONE-PEROXIDASE-RXN,DETOX1-PWY-1,3
AMP-NUCLEOSID-RXN,PWY-6617,1
RXN66-634,PWY-5994,28
RXN66-634,PWY-6113,82
3.1.2.21-RXN,PWY-5156,40
3.1.2.21-RXN,PWY66-430,24
3.1.2.21-RXN,PWY-6285,50
3.1.2.21-RXN,PWY-5971,30
RXN-10614,PWY-6261,11
RXN-10615,PWY-6261,11
RXN-10782,PWY-6313,6
RXN-11058,PWY-6402,6
RXN-11058,PWY-6398,5
RXN-11059,PWY-6402,6
RXN-11059,PWY-6398,5
RXN6666-9,PWY6666-2,5
RXN-10777,PWY-6313,6
RXN-2364,PWY-1281,2
RXN-2364,PWY-6641,5
RXN-2364,PWY-6637,3
RXN-2364,PWY-1541,5
CYCLOMALTODEXTRINASE-RXN,PWY-6735,1
CYCLOMALTODEXTRINASE-RXN,PWY-6731,3
THIKIN-RXN,PWY-6896,2
RXN66-1,PWY66-162,3
RXN-12424,PWY-6815,3
RXN-12423,PWY-6815,3
3.2.1.81-RXN,PWY-6816,1
BETA-GLUCURONID-RXN,GALACT-GLUCUROCAT-PWY,9
BETA-GLUCURONID-RXN,PWY-6516,22
BETA-GLUCURONID-RXN,GLUCUROCAT-PWY,6
BETA-GLUCURONID-RXN,PWY-7247,2
RXN-15289,PWY-7445,3
RXN-15291,PWY-7445,3
RXN-8771,PWY-5523,3
RXN-8771,P381-PWY,26
RXN-15212,PWY-7277,4
RXN-15212,PWY3DJ-11281,1
RXN0-5146,GLYCOCAT-PWY,8
2-METHYLCITRATE-SYNTHASE-RXN,PWY-5747,5
2-METHYLCITRATE-SYNTHASE-RXN,PWY0-42,5
2.1.3.1-RXN,PWY-5088,8
2.1.3.1-RXN,P108-PWY,6
RXN-7566,P164-PWY,7
RXN-7566,PWY-8303,7
RXN-7566,PWY-8015,2
LACTALDREDUCT-RXN,PWY0-1315,1
LACTALDREDUCT-RXN,FUC-RHAMCAT-PWY,10
RXN-8641,MGLDLCTANA-PWY,2
GLYCOLALDREDUCT-RXN,PWY-8440,3
GLYCOLALDREDUCT-RXN,PWY0-1280,2
GLYCOLALDREDUCT-RXN,GLYCOL-GLYOXDEG-PWY,6
RXN-22486,PWY-7675,2
RXN-22486,PWY-8284,2
RXN-22486,PWY-6467,5
RXN-20790,PWY-8074,2
KDOTRANS-RXN,KDOSYN-PWY,2
KDOTRANS-RXN,LPSSYN-PWY,15
KDOTRANS-RXN,KDO-NAGLIPASYN-PWY,16
RXN2G6Z-2,PWY-8284-1,2
RXN2DNV-4,PWY2DNV-1,2
RXN-22248,PWY-8246,2
RXN2B4Q-54,PWY2B4Q-6,2
RXN-20791,PWY-8074,2
RXN-22487,PWY-8284,2
RXN-22487,PWY-6467,5
RXN-22249,PWY-8246,2
RXN2B4Q-55,PWY2B4Q-6,2
KDOTRANS2-RXN,KDOSYN-PWY,2
KDOTRANS2-RXN,LPSSYN-PWY,15
KDOTRANS2-RXN,KDO-NAGLIPASYN-PWY,16
RXN2DNV-5,PWY2DNV-1,2
RXN-11323,PWY-6467,5
RXN-24833,PWY-6467,5
RXN-11327,PWY-6467,5
RXN-12095,PWY-6714,4
RXN-22814,PWY-8329,4
RXN0-2361,PWY-7883,8
RXN0-2361,PWY0-1261,12
GLYCDEH-RXN,PWY-7003,12
GLYCDEH-RXN,PWY-6131,2
GLYCDEH-RXN,GOLPDLCAT-PWY,4
GLYCDEH-RXN,GLYCEROLMETAB-PWY,2
RXN-9409,PWY-5924,2
RXN-9407,PWY-5923,2
RXN-8096,CO2FORM-PWY,1
RXN-8096,PWY-6830,9
1.7.7.2-RXN,PWY490-3,2
1.21.4.1-RXN,PWY-8186,2
MHPCHYDROL-RXN,HCAMHPDEG-PWY,5
MHPCHYDROL-RXN,PWY0-1277,8
RXN-12070,PWY-6690,5
RXN-9359,PWY-5891,2
RXN-9359,PWY-5897,9
RXN-9204,PWY-5862,9
RXN-9204,PWY-5845,10
RXN-9204,PWY-5851,1
DMK-RXN,ALL-CHORISMATE-PWY,48
DMK-RXN,PWY-5861,9
DMK-RXN,PWY-5852,1
DMK-RXN,PWY-5838,10
RXN-11047,PWY-8536,1
RXN-11047,PWY-8538,9
RXN-19668,PWY-7997,1
RXN-9217,PWY-5853,1
RXN-9217,PWY-5850,10
RXN-9217,PWY-5860,9
RXN-9365,PWY-5899,9
RXN-9365,PWY-5895,2
RXN-9190,PWY-5839,2
RXN-9190,PWY-5840,10
RXN-9358,PWY-5896,9
RXN-9358,PWY-5890,2
RXN-9360,PWY-5892,2
RXN-9360,PWY-5898,9
ALKANAL-MONOOXYGENASE-FMN-LINKED-RXN,PWY-7723,6
RXN-10724,PWY-6504,1
RXN-10724,PWY-6505,12
RXN-10724,PWY-6309,10
4-HYDROXYBENZOATE--COA-LIGASE-RXN,PHENOLDEG-PWY,1
4-HYDROXYBENZOATE--COA-LIGASE-RXN,BENZCOA-PWY,12
4-HYDROXYBENZOATE--COA-LIGASE-RXN,PWY-7046,3
RXN-12734,PWY-6937,15
RXN-12734,PWY-6944,13
RXN-12734,PWY-6928,19
RXN-12734,PWY-6947,21
2.7.8.6-RXN,PWY-8193,1
2.7.8.6-RXN,PWY-8198,2
2.7.8.6-RXN,PWY-8199,3
2.7.8.6-RXN,PWY-8192,2
2.7.8.6-RXN,PWY-8196,1
2.7.8.6-RXN,PWY-8195,2
2.7.8.6-RXN,PWY-8133,1
2.7.8.6-RXN,PWY-8228,1
2.7.8.6-RXN,PWY-8197,2
3-HYDROXBUTYRYL-COA-DEHYDRATASE-RXN,PWY-8542,20
3-HYDROXBUTYRYL-COA-DEHYDRATASE-RXN,PWY-5676,6
3-HYDROXBUTYRYL-COA-DEHYDRATASE-RXN,PWY-8425,4
3-HYDROXBUTYRYL-COA-DEHYDRATASE-RXN,PWY-5741,11
RXN1F-151,CAROTENOID-PWY,5
RXN1F-151,PWY-7938,2
RXN1F-151,PWY-7393,2
RXN1F-151,PWY-5943,2
RXN1F-148,CAROTENOID-PWY,5
RXN1F-148,PWY-5946,2
RXN1F-148,PWY-5947,1
RXN-19178,PWY-7947,3
RXN1F-150,CAROTENOID-PWY,5
RXN1F-150,PWY-7938,2
RXN1F-150,PWY-7393,2
RXN1F-150,PWY-7591,1
RXN1F-150,PWY-5943,2
RXN1F-150,PWY-7939,1
RXN-10644,PWY-6279,1
RXN0-6550,PWY-8131,3
METHYLTHIOADENOSINE-NUCLEOSIDASE-RXN,PWY0-1391,1
METHYLTHIOADENOSINE-NUCLEOSIDASE-RXN,PWY-7270,10
METHYLTHIOADENOSINE-NUCLEOSIDASE-RXN,PWY-6754,2
METHYLTHIOADENOSINE-NUCLEOSIDASE-RXN,PWY-7528,11
ADENOSYLHOMOCYSTEINE-NUCLEOSIDASE-RXN,PWY-6154,2
ADENOSYLHOMOCYSTEINE-NUCLEOSIDASE-RXN,PWY-6151,4
ADENOSYLHOMOCYSTEINE-NUCLEOSIDASE-RXN,PWY-6153,2
ADENOSYLHOMOCYSTEINE-NUCLEOSIDASE-RXN,PWY-I9,5
LANOSTEROL-SYNTHASE-RXN,PWY-6132,1
LANOSTEROL-SYNTHASE-RXN,PWY66-4,6
LANOSTEROL-SYNTHASE-RXN,PWY66-341,6
LANOSTEROL-SYNTHASE-RXN,ERGOSTEROL-SYN-PWY,15
LANOSTEROL-SYNTHASE-RXN,PWY66-3,6
LANOSTEROL-SYNTHASE-RXN,PWY66-5,19
2.4.1.198-RXN,PWY-8600,4
2.4.1.198-RXN,PWY-8601,4
2.1.1.17-RXN,PWY-6825,3
2.1.1.71-RXN,PWY-6825,3
2.1.1.71-RXN,PHOSLIPSYN2-PWY,18
2.1.1.71-RXN,PWY4FS-5,6
2.1.1.71-RXN,PWY4FS-3,3
RXN4FS-2,PWY-6825,3
RXN4FS-2,PHOSLIPSYN2-PWY,18
RXN4FS-2,PWY4FS-5,6
RXN4FS-2,PWY4FS-4,3
RXN4FS-2,PWY4FS-3,3
TCEREDCHLOR-RXN,PCEDEG-PWY,2
1.97.1.8-RXN,PCEDEG-PWY,2
1.2.1.58-RXN,BENZCOA-PWY,12
1.2.1.58-RXN,PWY-1341,4
METHYLISOCITRATE-LYASE-RXN,PWY-5747,5
METHYLISOCITRATE-LYASE-RXN,PWY0-42,5
ACETYLSEROTONIN-O-METHYLTRANSFERASE-RXN,PWY-6030,2
ACETYLSEROTONIN-O-METHYLTRANSFERASE-RXN,PWY-8475,2
1.1.1.291-RXN,PWY-5055,7
1.1.1.291-RXN,PWY-5062,13
RXN0-299,PWY0-981,1
RXN0-299,PWY-1541,5
1.13.11.15-RXN,3-HYDROXYPHENYLACETATE-DEGRADATION-PWY,7
1.14.12.1-RXN,PWY-6079,1
1.14.12.1-RXN,PWY-5648,1
1.14.12.1-RXN,PWY-6954,33
1.14.12.1-RXN,PWY-2504,31
1.14.12.15-RXN,PWY-7795,1
RXN-664,PWY-5266,5
RXN-664,PWY-5163,2
RXN-664,PWY-5273,5
RXN-10446,PWY-6623,1
RXN-10446,PWY-6224,1
RXN-12073,PWY-6690,5
1.13.11.16-RXN,HCAMHPDEG-PWY,5
1.13.11.16-RXN,PWY0-1277,8
2.6.1.37-RXN,PHOSPHONOTASE-PWY,3
2.6.1.37-RXN,PWY-6839,3
2.6.1.37-RXN,PWY-6832,1
PHOSPHONOACETALDEHYDE-HYDROLASE-RXN,PHOSPHONOTASE-PWY,3
PHOSPHONOACETALDEHYDE-HYDROLASE-RXN,PWY-8465,1
RXN-17985,PWY-7809,1
RXN-17985,PWY-7811,1
RXN-864,PWY-81,1
RXN-864,BENZCOA-PWY,12
RXN-864,PWY-5184,5
RXN-4229,PWY-2582,4
RXN-4229,PWY-6544,4
RXN-22009,PWY-8202,10
RXN-11534,PWY-2582,4
RXN-11534,PWY-6544,4
RXN66-343,PWY-7305,9
RXN66-343,PWY66-378,5
RXN-22004,PWY-8202,10
RXN-711,PWY-2582,4
RXN-711,PWY-699,2
RXN-711,PWY-6544,4
PROGESTERONE-5-ALPHA-REDUCTASE-RXN,PWY-6032,1
PROGESTERONE-5-ALPHA-REDUCTASE-RXN,PWY-8200,10
PROGESTERONE-5-ALPHA-REDUCTASE-RXN,PWY-7455,1
RXN-22005,PWY-8202,10
RXN-22007,PWY-8202,10
RXN-21973,PWY-8200,10
2.7.8.24-RXN,PWY-6826,1
4.2.1.107-RXN,PWY-6061,11
RXN-9847,PWY-6061,11
RXN-19802,PWY-6937,15
RXN-19802,PWY-6944,13
RXN-19802,PWY-6928,19
RXN-19802,PWY-8152,9
RXN-19802,PWY-6947,21
RXN-19802,PWY-8154,13
RXN-14801,PWY-7340,7
RXN-9545,PWY-5972,3
RXN-7699,PWY-7288,3
RXN-7699,PWY-5138,4
RXN-7699,PWY66-391,5
RXN-7699,PWY-6657,1
RXN-14276,PWY-8542,20
RXN-14276,PWY-6920,4
RXN-14791,PWY-7339,3
RXN-14786,PWY-7338,6
RXN-24774,PWY-8542,20
RXN-24781,PWY-8542,20
RXN-14794,PWY-7339,3
RXN-14797,PWY-7340,7
RXN-14778,PWY-7337,6
RXN-14778,PWY-7338,6
RXN-14805,PWY-8542,20
RXN-14772,PWY-7337,6
RXN-7970,PWY-3081,4
RXN-7970,LYSINE-AMINOAD-PWY,5
RXN-7970,P241-PWY,2
RXN-12901,PWY-8590,1
RXN-12901,PWY-6968,2
RXN-12901,PWY-6962,5
RXN-8959,PWY-5741,11
ORNDECARBOX-RXN,PWY-6305,4
ORNDECARBOX-RXN,PWY-8484,1
ORNDECARBOX-RXN,POLYAMSYN-PWY,7
ORNDECARBOX-RXN,POLYAMINSYN3-PWY,7
ORNDECARBOX-RXN,PWY-7341,4
ORNDECARBOX-RXN,ORNDEG-PWY,5
ORNDECARBOX-RXN,PWY-46,2
ORNDECARBOX-RXN,ORNARGDEG-PWY,10
ORNDECARBOX-RXN,ARG+POLYAMINE-SYN,16
RXN-10082,PWY-6185,4
MUCONOLACTONE-DELTA-ISOMERASE-RXN,CATECHOL-ORTHO-CLEAVAGE-PWY,4
MUCONOLACTONE-DELTA-ISOMERASE-RXN,PWY-5431,9
MUCONOLACTONE-DELTA-ISOMERASE-RXN,PWY-6182,7
MUCONOLACTONE-DELTA-ISOMERASE-RXN,PWY-5417,6
MUCONOLACTONE-DELTA-ISOMERASE-RXN,PWY-2504,31
MUCONOLACTONE-DELTA-ISOMERASE-RXN,PWY-6957,17
RXN-20401,PWY-8043,2
GLUTATHIONE-SYN-RXN,GLUTATHIONESYN-PWY,2
GLUTATHIONE-SYN-RXN,PWY-4041,5
RXN-18377,PWY-7852,3
RXN-8,PWY-3,2
GUANIDINOBUTYRASE-RXN,PWY-7523,2
GUANIDINOBUTYRASE-RXN,PWY-5742,4
GUANIDINOBUTYRASE-RXN,ARGDEG-IV-PWY,3
GUANIDINOBUTYRASE-RXN,ARGDEG-V-PWY,2
RXN-7565,PWY-5024,1
RXN-9311,PWY-5896,9
RXN-9311,ALL-CHORISMATE-PWY,48
RXN-9311,PWY-5861,9
RXN-9311,PWY-8538,9
RXN-9311,PWY-5837,7
RXN-9311,PWY-5862,9
RXN-9311,PWY-5850,10
RXN-9311,PWY-5845,10
RXN-9311,PWY-5899,9
RXN-9311,PWY-5898,9
RXN-9311,PWY-5897,9
RXN-9311,PWY-5863,8
RXN-9311,PWY-5840,10
RXN-9311,PWY-5838,10
RXN-9311,PWY-5860,9
RXN-13268,PWY-6622,2
ACYLACPSYNTH-RXN,PWY-7032,2
ACYLACPSYNTH-RXN,PWY185E-1,3
1.13.11.25-RXN,PWY-6937,15
1.13.11.25-RXN,PWY-6944,13
1.13.11.25-RXN,PWY-6928,19
1.13.11.25-RXN,PWY-6947,21
RXN-8960,PWY-5744,9
RXN-8960,PWY-6728,16
RXN-8960,PWY-7024,14
RXN-8960,PWY-5741,11
RXN-8960,PWY-7854,10
RXN-2961,PWY-1882,10
RXN-2961,PWY-1801,3
RXN-14572,PWY-8233,2
RXN-14572,PWY-8241,2
RXN-14572,PWY-7530,2
RXN-14572,PWY-8206,2
RXN-14572,PWY-8236,2
RXN-14572,PWY-8242,2
RXN-14572,PWY-8232,2
RXN-14572,PWY-8235,2
RXN-14572,PWY-8234,2
RXN-14572,PWY-8231,4
RXN-14572,PWY-8224,2
RXN-14572,PWY-8222,2
RXN-14572,PWY-8219,2
RXN-14572,PWY-8217,2
RXN-14572,PWY-7290,4
RXN-14572,PWY-8220,2
RXN-11877,PWY-6664,3
RXN-17642,PWY-7780,1
RXN-11039,PWY-6873,3
RXN-15754,PWY-2221,9
RXN-11070,PWY-6397,7
RXN-11070,PWY-6404,24
RXN-16819,PWY-7685,1
GLUTAMINE--TRNA-LIGASE-RXN,TRNA-CHARGING-PWY,21
RXN-9310,PWY-5896,9
RXN-9310,ALL-CHORISMATE-PWY,48
RXN-9310,PWY-5861,9
RXN-9310,PWY-8538,9
RXN-9310,PWY-5837,7
RXN-9310,PWY-5862,9
RXN-9310,PWY-5850,10
RXN-9310,PWY-5845,10
RXN-9310,PWY-5899,9
RXN-9310,PWY-5898,9
RXN-9310,PWY-5897,9
RXN-9310,PWY-5863,8
RXN-9310,PWY-5840,10
RXN-9310,PWY-5838,10
RXN-9310,PWY-5860,9
2.4.1.151-RXN,PWY-7434,4
L-PIPECOLATE-OXIDASE-RXN,PWY-5283,5
L-PIPECOLATE-OXIDASE-RXN,PWY-5327,22
L-PIPECOLATE-OXIDASE-RXN,PWY66-425,3
1.1.1.34-RXN,PWY-922,7
1.1.1.34-RXN,PWY-7391,7
1.1.1.34-RXN,PWY-7524,5
1.1.1.34-RXN,PWY-6174,6
1.1.1.34-RXN,ERGOSTEROL-SYN-PWY,15
1.1.1.34-RXN,PWY-8125,6
1.1.1.34-RXN,PWY-6146,46
1.1.1.34-RXN,PWY-5910,10
1.1.1.34-RXN,PWY66-5,19
FORMIMINOGLUTAMATE-DEIMINASE-RXN,PWY-5028,5
RXN-5921,PWY-3641,3
PREPHENATE-ASP-TRANSAMINE-RXN,PWY-3462,4
PREPHENATE-ASP-TRANSAMINE-RXN,PWY-3461,4
PREPHENATE-ASP-TRANSAMINE-RXN,PWY-3481,5
PREPHENATE-ASP-TRANSAMINE-RXN,PWY-6120,4
PREPHENATE-TRANSAMINE-RXN,PWY-3462,4
PREPHENATE-TRANSAMINE-RXN,PWY-3461,4
PREPHENATE-TRANSAMINE-RXN,PWY-3481,5
PREPHENATE-TRANSAMINE-RXN,PWY-6120,4
RXN-2861,PWY-6966,1
RXN-2861,PWY-1701,2
RXN-2861,PWY-1882,10
MOXXANAU-RXN,12DICHLORETHDEG-PWY,4
GLYCOGENSYN-RXN,GLYCOGENSYNTH-PWY,4
GLYCOGENSYN-RXN,PWY-622,8
RXN-9140,PWY-5818,6
RXN-9140,PWY-7752,1
PDXJ-RXN,PYRIDOXSYN-PWY,6
PDXJ-RXN,PWY0-845,11
CARNITINE-3-DEHYDROGENASE-RXN,PWY-3602,1
CARNITINE-3-DEHYDROGENASE-RXN,PWY-7472,1
RXN-25326,PWY-8586,1
RXN-15945,PWY-5254,4
RXN-15944,PWY-5254,4
RXN0-1461,PWY-5918,9
RXN0-1461,HEME-BIOSYNTHESIS-II,3
RXN0-1461,HEME-BIOSYNTHESIS-II-1,3
RXN0-1461,PWY-5920,7
RXN0-1461,PWY0-1415,4
RXN0-1461,CHLOROPHYLL-SYN,6
RXN0-1461,PWY-7159,6
FTRMBARK-RXN,PWY-5209,4
2.3.1.101-RXN,PWY-6142,15
2.3.1.101-RXN,PWY-6146,46
2.3.1.101-RXN,METHANOGENESIS-PWY,4
2.3.1.101-RXN,PWY-8305,5
2.3.1.101-RXN,PWY2OBG-1,4
2.3.1.101-RXN,PWY-6830,9
2.3.1.101-RXN,PWY-7784,4
RXN-17477,PWY-7762,3
RXN-8786,PWY-5529,15
RXN-8786,PWY-5526,6
RXN-8792,PWY-5529,15
RXN-8792,PWY-5526,6
RXN-17425,PWY-5529,15
RXN-17425,PWY-5526,6
ACETOLACTATE-DECARBOXYLASE-RXN,PWY-5939,2
ACETOLACTATE-DECARBOXYLASE-RXN,P125-PWY,4
ACETOLACTATE-DECARBOXYLASE-RXN,PWY-6396,6
PUTRESCINE-OXIDASE-RXN,PWY-2,2
RXN-8124,PWY-6148,5
CHONDROITIN-6-SULFOTRANSFERASE-RXN,PWY-6567,1
CHONDROITIN-6-SULFOTRANSFERASE-RXN,PWY-6569,4
RXN-17832,PWY-7797,1
RXN-18457,PWY-7904,2
RXN0-7390,GLCMANNANAUT-PWY,5
RXN0-7390,PWY-7581,2
RXN0-7390,PWY0-1324,3
RXN0-7390,P441-PWY,21
RXN-11726,PWY-8542,20
ISOCHORSYN-RXN,PWY-5896,9
ISOCHORSYN-RXN,ALL-CHORISMATE-PWY,48
ISOCHORSYN-RXN,PWY-6374,3
ISOCHORSYN-RXN,PWY-5903,3
ISOCHORSYN-RXN,PWY-5861,9
ISOCHORSYN-RXN,PWY-8538,9
ISOCHORSYN-RXN,PWY-5837,7
ISOCHORSYN-RXN,PWY-5862,9
ISOCHORSYN-RXN,PWY-5850,10
ISOCHORSYN-RXN,PWY-5901,3
ISOCHORSYN-RXN,ENTBACSYN-PWY,5
ISOCHORSYN-RXN,PWY-5845,10
ISOCHORSYN-RXN,PWY-5899,9
ISOCHORSYN-RXN,PWY-5898,9
ISOCHORSYN-RXN,PWY-8321,1
ISOCHORSYN-RXN,PWY-5897,9
ISOCHORSYN-RXN,PWY-5863,8
ISOCHORSYN-RXN,PWY-6406,2
ISOCHORSYN-RXN,PWY-5840,10
ISOCHORSYN-RXN,PWY-5838,10
ISOCHORSYN-RXN,PWY-5860,9
RXN-13067,P181-PWY,11
DIMETHYLGLYCINE-DEHYDROGENASE-RXN,PWY-3661-1,4
RXN-8768,PWY-5507,25
RXN-8768,PWY-7377,11
5.4.1.2-RXN,P381-PWY,26
5.4.1.2-RXN,PWY-7376,9
R162-RXN,P181-PWY,11
RXN-17485,PWY-5529,15
RXN-17485,PWY-5531,5
RXN-17485,PWY-7159,6
4.4.1.25-RXN,PWY-6638,2
4.4.1.25-RXN,PWY-6641,5
GLYOCARBOLIG-RXN,GLYCOLATEMET-PWY,3
GLYOCARBOLIG-RXN,GLYCOL-GLYOXDEG-PWY,6
THIAMIN-PYROPHOSPHOKINASE-RXN,PWY-7356,7
THIAMIN-PYROPHOSPHOKINASE-RXN,PWY-6898,1
THIAMIN-PYROPHOSPHOKINASE-RXN,PWY-6907,3
THIAMIN-PYROPHOSPHOKINASE-RXN,THISYNARA-PWY,5
THIAMIN-PYROPHOSPHOKINASE-RXN,PWY-7357,6
THIAMIN-PYROPHOSPHOKINASE-RXN,PWY-6908,3
RXN-18593,PWY-7873,4
RXN-18592,PWY-7874,4
RXN-11092,PWY-6397,7
RXN-11092,PWY-6404,24
2.6.1.18-RXN,PWY-4221,12
2.6.1.18-RXN,PWY-3941,5
2.6.1.18-RXN,PWY-1781,2
RXN-11788,PWY-6655,2
RXN-11788,PWY-6658,2
RXN-14571,PWY-7820,3
RXN-14571,PWY-8461,1
GERANOYL-COA-CARBOXYLASE-RXN,PWY-6672,3
RXN-17605,PWY-7778,7
RXN-17605,PWY-7779,6
R17-RXN,PWY-5294,2
R17-RXN,PWY-5335,2
R17-RXN,P222-PWY,1
R17-RXN,PWY-6676,4
R17-RXN,PWY-5285,1
RFFTRANS-RXN,PWY-7317,9
RFFTRANS-RXN,PWY-7315,4
RFFTRANS-RXN,PWY-8227,7
RXN0-1863,PWY0-1338,5
TEICHOICSYN5-RXN,TEICHOICACID-PWY,5
MEVALONATE-KINASE-RXN,PWY-922,7
MEVALONATE-KINASE-RXN,PWY-7391,7
MEVALONATE-KINASE-RXN,PWY-6174,6
MEVALONATE-KINASE-RXN,ERGOSTEROL-SYN-PWY,15
MEVALONATE-KINASE-RXN,PWY-8125,6
MEVALONATE-KINASE-RXN,PWY-6146,46
MEVALONATE-KINASE-RXN,PWY-5910,10
MEVALONATE-KINASE-RXN,PWY66-5,19
GLUCURONOKINASE-RXN,PWY-4841,2
PHOSPHOMEVALONATE-KINASE-RXN,PWY-922,7
PHOSPHOMEVALONATE-KINASE-RXN,PWY-7391,7
PHOSPHOMEVALONATE-KINASE-RXN,ERGOSTEROL-SYN-PWY,15
PHOSPHOMEVALONATE-KINASE-RXN,PWY-6146,46
PHOSPHOMEVALONATE-KINASE-RXN,PWY-5910,10
PHOSPHOMEVALONATE-KINASE-RXN,PWY66-5,19
RXN-13733,PWY-7119,10
RXN-20504,PWY66-388,3
CERAMIDASE-YEAST-RXN,PWY-7119,10
RXN-11375,PWY-6483,2
CERAMIDASE-RXN,PWY3DJ-11470,6
MALIC-NADP-RXN,PWY-7117,9
MALIC-NADP-RXN,GLUCONEO-PWY,13
MALIC-NADP-RXN,PWY-241,4
PROTEIN-ARGININE-DEIMINASE-RXN,PWY-4921,1
RXN-11690,PWY-6616,3
2.6.1.14-RXN,PWY-4002,2
CHITIN-DEACETYLASE-RXN,PWY-7118,4
RXN-18840,PWY-7913,3
RXN-10662,PWY3O-1801,2
THIOESTER-RXN,PWY-5148,1
RXN-10708,PWY-735,7
UDP-N-ACETYLGLUCOSAMINE-4-EPIMERASE-RXN,PWY-7820,3
UDP-N-ACETYLGLUCOSAMINE-4-EPIMERASE-RXN,PWY-5512,1
UDP-N-ACETYLGLUCOSAMINE-4-EPIMERASE-RXN,PWY-5514,6
RXN-9987,PWY-6139,3
RXN-9987,PWY-6138,5
RXN-9987,PWY-6145,10
RXN-13574,PWY-7131,3
RXN-9990,PWY-6139,3
RXN-9990,PWY-6138,5
RXN-9990,PWY-6145,10
RXN0-5330,PWY0-1568,1
RXN0-5330,PWY-7245,7
RXN0-5330,PWY-7269,4
RXN0-5330,PWY0-1573,1
RXN0-5330,PWY-7279,2
RXN0-5330,PWY0-1567,1
NADH-DEHYDROGENASE-QUINONE-RXN,PWY-7998,1
RXN0-7123,PWY2O6K-2,1
RXN0-7123,PWY2O6K-4,1
RXN-17524,PWY-7767,2
RXN-12559,PWY-6863,7
RXN-12558,PWY-6883,3
RXN-12558,PWY-6886,19
RXN-12558,PWY-6863,7
DIMESULFREDUCT-RXN,PWY0-1356,1
DIMESULFREDUCT-RXN,PWY0-1348,1
DIMESULFREDUCT-RXN,PWY0-1577,1
2.4.1.119-RXN,MANNOSYL-CHITO-DOLICHOL-BIOSYNTHESIS,6
RXN-12263,PWY-7156,14
RXN-12263,PWY66-4,6
RXN-12263,PWY66-341,6
RXN-12263,PWY-5875,1
RXN-12263,ERGOSTEROL-SYN-PWY,15
RXN-12263,PWY-6767,3
RXN-12263,PWY-5670,2
RXN-12263,PWY-6105,1
RXN-12263,PWY66-3,6
RXN-12263,PWY66-5,19
RXN-12263,PWY-7072,5
RXN-12718,PWY-6937,15
RXN-12718,PWY-6944,13
RXN-12718,PWY-6928,19
RXN-12718,PWY-6947,21
RXN0-1001,PWY-4702,4
RXN0-6479,PWY0-1479,10
RXN0-4222,PWY0-1479,10
RXN-17107,PWY-7723,6
RXN-10068,PWY-7524,5
RXN-10068,PWY-6174,6
RXN-10068,PWY-8125,6
DIPHOSPHOMEVALONTE-DECARBOXYLASE-RXN,PWY-922,7
DIPHOSPHOMEVALONTE-DECARBOXYLASE-RXN,PWY-7391,7
DIPHOSPHOMEVALONTE-DECARBOXYLASE-RXN,ERGOSTEROL-SYN-PWY,15
DIPHOSPHOMEVALONTE-DECARBOXYLASE-RXN,PWY-6146,46
DIPHOSPHOMEVALONTE-DECARBOXYLASE-RXN,PWY-5910,10
DIPHOSPHOMEVALONTE-DECARBOXYLASE-RXN,PWY66-5,19
GSPSYN-RXN,PWY-4121,1
RXNMETA-12672,PWY0-321,9
RXNMETA-12672,PWY-6071,11
RXNMETA-12671,PWY0-321,9
RXNMETA-12671,PWY-6071,11
2.5.1.42-RXN,PWY-6146,46
2.5.1.42-RXN,PWY-6350,7
2.5.1.42-RXN,PWY-6349,6
2.5.1.42-RXN,PWY-6141,9
RXN-18562,PWY-7027,2
RXN-18557,PWY-7869,2
3.1.27.9-RXN,PWY-7803,1
3.1.27.9-RXN,PWY-6689,1
1.17.1.1-RXN,PWY-5833,3
1.17.1.1-RXN,PWY-5823,4
RXN-9380,PWY-6562,5
RXN-9380,PWY-6565,6
RXN-11564,PWY-6559,3
RXN-11564,PWY-6565,6
DIPHTINE--AMMONIA-LIGASE-RXN,PWY-7546,3
DIPHTINE--AMMONIA-LIGASE-RXN,PWY-6482,3
RXN-9296,PWY-6167,9
RXN-23656,PWY-8429,2
2.7.7.39-RXN,PWY-8248,1
2.7.7.39-RXN,PWY-7815,5
2.7.7.39-RXN,PWY-7819,3
2.7.7.39-RXN,PWY-8430,2
2.7.7.39-RXN,PWY-7816,5
2.7.7.39-RXN,TEICHOICACID-PWY,5
RXN-15615,PWY-8273,1
RXN-14326,PWY-6482,3
RXN-10057,PWY-6168,9
RXN-10057,PWY-6167,9
RXN-10055,PWY-6167,9
HYDROXYMETHYLGLUTARYL-COA-SYNTHASE-RXN,PWY-922,7
HYDROXYMETHYLGLUTARYL-COA-SYNTHASE-RXN,PWY-7391,7
HYDROXYMETHYLGLUTARYL-COA-SYNTHASE-RXN,PWY-7524,5
HYDROXYMETHYLGLUTARYL-COA-SYNTHASE-RXN,PWY-6174,6
HYDROXYMETHYLGLUTARYL-COA-SYNTHASE-RXN,PWY-7571,3
HYDROXYMETHYLGLUTARYL-COA-SYNTHASE-RXN,ERGOSTEROL-SYN-PWY,15
HYDROXYMETHYLGLUTARYL-COA-SYNTHASE-RXN,PWY66-367,5
HYDROXYMETHYLGLUTARYL-COA-SYNTHASE-RXN,PWY-8125,6
HYDROXYMETHYLGLUTARYL-COA-SYNTHASE-RXN,PWY-6146,46
HYDROXYMETHYLGLUTARYL-COA-SYNTHASE-RXN,PWY-5910,10
HYDROXYMETHYLGLUTARYL-COA-SYNTHASE-RXN,PWY66-5,19
RXN-6383,PWY-4221,12
RXN-6383,PWY-5744,9
RXN-6383,PWY-5789,10
RXN-6383,PWY-5743,9
RXN-6383,PWY-3941,5
RXN-6383,PWY-7024,14
RXN-6383,PWY-6373,3
RXN-6383,PWY-8180,2
RXN-6383,PWY-7574,4
RXN-8106,PWY-5207,2
RXN-12144,PWY-6711,1
RXN-12144,PWY-7923,1
RXN-12376,PWY-6829,4
RXN-12375,PWY-6829,4
RXN-10064,PWY-5197,3
2.7.8.15-RXN,MANNOSYL-CHITO-DOLICHOL-BIOSYNTHESIS,6
RXN-8767,PWY-5507,25
RXN-8767,PWY-7377,11
RXN-13327,PWY-8341,1
RXN-14516,PWY-7286,2
RXN-14516,PWY-7283,2
RXN-14516,PWY-7285,2
RXN-8766,PWY-5507,25
RXN-8766,PWY-7377,11
RXN-14398,PWY-6146,46
RXN-14398,PWY-6141,9
RXN-14399,PWY-6146,46
RXN-14399,PWY-6350,7
RXN-14399,PWY-6349,6
RXN-14399,PWY-6141,9
RXN0-746,PRPP-PWY,42
RXN0-746,DENOVOPURINE2-PWY,25
RXN0-746,PWY-7222,4
RXN0-746,PWY-6125,8
RXN0-723,PWY-7187,7
RXN0-723,PWY0-166,14
RXN0-724,PWY-7187,7
RXN0-724,PWY0-166,14
RXN0-745,PWY-6126,7
RXN0-745,PRPP-PWY,42
RXN0-745,DENOVOPURINE2-PWY,25
RXN0-745,PWY-7220,4
2.5.1.41-RXN,PWY-6146,46
2.5.1.41-RXN,PWY-6350,7
2.5.1.41-RXN,PWY-6349,6
2.5.1.41-RXN,PWY-6141,9
RXN-11781,PWY-6654,4
RXN-11782,PWY-6654,4
RXN-11371,PWY-7546,3
RXN-11371,PWY-6482,3
RXN-16540,PWY-7656,11
RXN-16540,PWY-7654,7
RXN-16557,PWY-7656,11
RXN-11771,PWY-6650,2
RXN-11587,PWY-6575,3
RXN-15089,PWY-7420,2
RXN-7952,LIPAS-PWY,2
RXN-15088,PWY-7420,2
MALEYLACETOACETATE-ISOMERASE-RXN,TYRFUMCAT-PWY,5
RXN0-7318,PWY0-461,5
RXN0-7318,PWY-6328,6
RXN0-7318,PWY-5327,22
AMINOBUTDEHYDROG-RXN,PUTDEG-PWY,2
AMINOBUTDEHYDROG-RXN,PWY-2,2
AMINOBUTDEHYDROG-RXN,ARGDEG-PWY,9
AMINOBUTDEHYDROG-RXN,PWY-3,2
AMINOBUTDEHYDROG-RXN,ORNDEG-PWY,5
AMINOBUTDEHYDROG-RXN,ORNARGDEG-PWY,10
PROPANEDIOL-DEHYDRATASE-RXN,PWY-7013,3
GLYCEROL-DEHYDRATASE-RXN,PWY-7385,5
GLYCEROL-DEHYDRATASE-RXN,GOLPDLCAT-PWY,4
GLYCEROL-DEHYDRATASE-RXN,PWY-6130,2
RXNDQC-2,PWYDQC-4,1
RXNDQC-2,PWY-581,6
CYCLOHEXADIENYL-DEHYDROGENASE-RXN,PWY-6120,4
RXN-9989,PWY-6138,5
RXN-9989,PWY-6145,10
RXN-17852,PWY-7800,16
RXN-17851,PWY-7799,5
RXN-17851,PWY-7800,16
RXN-17850,PWY-7799,5
RXN-17850,PWY-7800,16
RXN-17853,PWY-7800,16
RXN-22587,PWY-8314,1
3.2.1.26-RXN,SUCUTIL-PWY,2
3.2.1.48-RXN,PWY-621,4
3.2.1.48-RXN,PWY66-373,5
RXN-12174,PWY-6771,3
RXN0-4022,PWY-6700,4
UREIDOGLYCOLATE-LYASE-RXN,PWY-5694,3
UREIDOGLYCOLATE-LYASE-RXN,PWY-5705,4
UREIDOGLYCOLATE-LYASE-RXN,P165-PWY,15
UREIDOGLYCOLATE-LYASE-RXN,ALLANTOINDEG-PWY,4
UREIDOGLYCOLATE-LYASE-RXN,URDEGR-PWY,6
RXN-5643,PHOSLIPSYN2-PWY,18
RXN-5643,PWY-3385,4
RXN-5643,PWY4FS-5,6
RXN-5643,PWY-4762,6
RXN-5643,PWY4FS-2,4
2.1.1.103-RXN,PHOSLIPSYN2-PWY,18
2.1.1.103-RXN,PWY-3385,4
2.1.1.103-RXN,PWY4FS-5,6
2.1.1.103-RXN,PWY4FS-4,3
2.1.1.103-RXN,PWY-4762,6
2.1.1.103-RXN,PWY4FS-3,3
2.1.1.103-RXN,PWY4FS-2,4
RXN-5642,PHOSLIPSYN2-PWY,18
RXN-5642,PWY-3385,4
RXN-5642,PWY4FS-5,6
RXN-5642,PWY4FS-4,3
RXN-5642,PWY-4762,6
RXN-5642,PWY4FS-2,4
RXN-8042,CAROTENOID-PWY,5
RXN-8042,PWY-6475,1
RXN-14178,PWY-7237,9
RXN-15988,PWY-7578,2
RXN0-3922,ARGDEG-PWY,9
RXN0-3922,ORNDEG-PWY,5
RXN0-3922,PWY0-1221,2
RXN0-3922,ORNARGDEG-PWY,10
1.14.11.2-RXN,PWY-7894,3
RXN-8102,PWY-5250,1
RXN-8102,PWY-6830,9
1.2.1.54-RXN,PWY-5742,4
1.2.1.54-RXN,ARGDEG-IV-PWY,3
R15-RXN,PWY-6854,2
R15-RXN,PWY-1186,1
R15-RXN,PWY-6053,1
RXN-15200,PWY-5317,2
RXN-15200,PWY-7432,2
RXN-15200,PWY-7341,4
RXN-17700,PWY-8351,2
RXN-17701,PWY-8351,2
RXNN-386,PWY-5427,4
RXNN-386,PWY-6954,33
RXNN-386,PWY-8111,2
RXNN-386,PWY-6956,10
MALTOSE-PHOSPHORYLASE-RXN,MALTOSECAT-PWY,2
RXN-11318,PWY-8085,4
RXN-11318,PWY-722,6
RXN-11318,PWY-6993,6
RXN-11318,PWY-5062,13
RXN-11318,PWY-7128,6
1.13.11.9-RXN,PWY-8085,4
1.13.11.9-RXN,PWY-722,6
1.13.11.9-RXN,PWY-6993,6
1.13.11.9-RXN,PWY-5062,13
1.13.11.9-RXN,PWY-7128,6
HOMSUCTRAN-RXN,PWY-5347,8
HOMSUCTRAN-RXN,PWY0-781,24
HOMSUCTRAN-RXN,MET-SAM-PWY,8
HOMSUCTRAN-RXN,P4-PWY,17
HOMSUCTRAN-RXN,HOMOSER-METSYN-PWY,4
RXN0-2301,LEU-DEG2-PWY,5
N-SULFOGLUCOSAMINE-SULFOHYDROLASE-RXN,PWY-7644,3
N-SULFOGLUCOSAMINE-SULFOHYDROLASE-RXN,PWY-7651,2
5.3.1.17-RXN,PWY-6507,4
5.3.1.17-RXN,PWY-6516,22
RXN-2841,PWY-1701,2
RXN-2841,PWY-6967,1
RXN-2841,PWY-1882,10
RXN-17610,PWY-7779,6
SEDOHEPTULOSE-BISPHOSPHATASE-RXN,PWY-7218,19
SEDOHEPTULOSE-BISPHOSPHATASE-RXN,PWY-7124,19
SEDOHEPTULOSE-BISPHOSPHATASE-RXN,PWY-6886,19
SEDOHEPTULOSE-BISPHOSPHATASE-RXN,CALVIN-PWY,12
SEDOHEPTULOSE-BISPHOSPHATASE-RXN,PHOTOALL-PWY,13
1.2.1.45-RXN,PWY-6338,8
1.2.1.45-RXN,P184-PWY,6
RXN-2462,GALLATE-DEGRADATION-I-PWY,4
RXN-2462,PWY-6338,8
RXN-2462,METHYLGALLATE-DEGRADATION-PWY,4
RXN-2462,PWY-6339,6
RXN-2462,P184-PWY,6
GALACTODEHYDROG-RXN,GALDEG-PWY,1
1.14.11.1-RXN,PWY-6100,1
1.14.11.1-RXN,PWY-3621,1
RXN-12241,PWY-6753,2
2.5.1.45-RXN,PWY-5907,1
2.5.1.44-RXN,PWY-8149,1
BENZOATE-12-DIOXYGENASE-RXN,PWY-5178,12
BENZOATE-12-DIOXYGENASE-RXN,PWY-5430,10
BENZOATE-12-DIOXYGENASE-RXN,PWY-6954,33
BENZOATE-12-DIOXYGENASE-RXN,PWY-2503,2
BENZOATE-12-DIOXYGENASE-RXN,PWY-5183,23
BENZOATE-12-DIOXYGENASE-RXN,PWY-2504,31
BENZOATE-12-DIOXYGENASE-RXN,PWY-6957,17
RXN-17826,PWY-7794,2
RXN-8772,PWY-5257,30
RXN-8772,PWY-5515,2
RXN-12078,PWY-6693,1
RXN-22816,PWY-8334,3
RXN0-4281,PWY-6786,2
RXN0-4281,PWY-5453,1
RXN0-4281,METHGLYUT-PWY,6
3.5.4.22-RXN,PWY-5159,3
4-HYDROXYPROLINE-EPIMERASE-RXN,PWY-5159,3
RXN-8775,PWY-5257,30
RXN-8775,PWY-7516,2
RXN-8775,PWY-5517,5
25-DIOXOVALERATE-DEHYDROGENASE-RXN,PWY-6760,3
25-DIOXOVALERATE-DEHYDROGENASE-RXN,PWY-5257,30
25-DIOXOVALERATE-DEHYDROGENASE-RXN,PWY-5519,3
25-DIOXOVALERATE-DEHYDROGENASE-RXN,PWY-5159,3
25-DIOXOVALERATE-DEHYDROGENASE-RXN,PWY-6501,4
25-DIOXOVALERATE-DEHYDROGENASE-RXN,PWY-6497,3
25-DIOXOVALERATE-DEHYDROGENASE-RXN,PWY-6486,4
25-DIOXOVALERATE-DEHYDROGENASE-RXN,PWY-8020,4
25-DIOXOVALERATE-DEHYDROGENASE-RXN,PWY-6516,22
25-DIOXOVALERATE-DEHYDROGENASE-RXN,PWY-6499,3
RXN-12571,PWY-6049,3
RXN-12571,PWY-6048,1
RXN-8956,PWY-5742,4
METHYLGUTAMATE-DEHYDROGENASE-RXN,PWY-6965,3
METHYLGUTAMATE-DEHYDROGENASE-RXN,PWY-6962,5
1.2.1.67-RXN,PWY-7097,2
1.2.1.67-RXN,PWY-6338,8
1.2.1.67-RXN,PWY-7982,2
1.2.1.67-RXN,PWY-7098,2
RXN-19745,PWY-8003,2
RXN-13394,PWY-7046,3
RXN-13394,PWY-8002,3
S-FORMYLGLUTATHIONE-HYDROLASE-RXN,PWY-1882,10
S-FORMYLGLUTATHIONE-HYDROLASE-RXN,PWY-1801,3
RXN-8580,PWY-5428,2
RXN-16953,PWY-7698,7
RXN-9909,PWY-6104,2
RXN-16954,PWY-7698,7
BENZYL-ALCOHOL-DEHYDROGENASE-RXN,M-CRESOL-DEGRADATION-PWY,3
RXN-8581,PWY-5429,2
BENZYL-ALC-DEHYDROGENASE-RXN,PWY-6766,2
BENZYL-ALC-DEHYDROGENASE-RXN,PWY-5178,12
BENZYL-ALC-DEHYDROGENASE-RXN,TOLUENE-DEG-CATECHOL-PWY,2
BENZYL-ALC-DEHYDROGENASE-RXN,PWY-6763,1
BENZYL-ALC-DEHYDROGENASE-RXN,PWY-5183,23
D-ALANINE-AMINOTRANSFERASE-RXN,PWY-8448,1
MANDELATE-DEHYDROGENASE-RXN,PWY-1501,4
MANDELATE-DEHYDROGENASE-RXN,PWY-6954,33
MANDELATE-DEHYDROGENASE-RXN,PWY-2504,31
MANDELATE-DEHYDROGENASE-RXN,PWY-6957,17
RXN-10891,PWY-7098,2
DEHYDDEOXGALACTKIN-RXN,GALACTCAT-PWY,3
DEHYDDEOXGALACTKIN-RXN,PWY-7130,2
DEHYDDEOXPHOSGALACT-ALDOL-RXN,GALACTCAT-PWY,3
DEHYDDEOXPHOSGALACT-ALDOL-RXN,PWY-7130,2
RXN-12072,PWY-6690,5
HCAMULTI-RXN,HCAMHPDEG-PWY,5
HCAMULTI-RXN,PWY0-1277,8
1.3.1.19-RXN,PWY-5450,2
TOLUENE-DIOL-DEHYDROGENASE-RXN,PWY-5179,6
TOLUENE-DIOL-DEHYDROGENASE-RXN,PWY-6954,33
TOLUENE-DIOL-DEHYDROGENASE-RXN,TOLUENE-DEG-DIOL-PWY,3
TOLUENE-DIOL-DEHYDROGENASE-RXN,PWY-5183,23
RXN-12071,PWY-6690,5
PHENPRODIOLDEHYDROG-RXN,HCAMHPDEG-PWY,5
PHENPRODIOLDEHYDROG-RXN,PWY0-1277,8
RXN-10445,PWY-7044,2
RXN-10445,P281-PWY,6
RXN-10445,PWY-6223,3
SUCCORNTRANSAM-RXN,AST-PWY,5
FORMIMINOGLUTAMASE-RXN,HISDEG-PWY,4
RXN-23448,PWY-8396,8
RXN-23481,PWY-8399,10
PROSTAGLANDIN-D-SYNTHASE-RXN,PWY-8397,16
PROSTAGLANDIN-D-SYNTHASE-RXN,PWY66-374,8
NITRATE-REDUCTASE-NADH-RXN,PWY-381,2
NITRATE-REDUCTASE-NADPH-RXN,PWY-5675,1
RXN-1301,PWY-481,3
RXN-9763,PWY-6057,1
RXN-15305,PWY-7671,1
RXN-17441,PWY-7760,4
RXN-17441,PWY-7759,4
RXN-17443,PWY-7760,4
RXN-17443,PWY-7759,4
RXN-17444,PWY-7760,4
RXN-17444,PWY-7759,4
RXN-17445,PWY-7760,4
RXN-17445,PWY-7759,4
RXN1G-674,PWY-6113,82
RXN1G-674,PWYG-321,51
RXN-16614,PWY-7664,14
RXN1G-53,PWY-6113,82
RXN1G-53,PWYG-321,51
RXN1G-30,PWY-6113,82
RXN1G-30,PWYG-321,51
5.3.3.14-RXN,PWY-7858,6
5.3.3.14-RXN,PWY-6285,50
5.3.3.14-RXN,PWY-6284,18
5.3.3.14-RXN,PWY0-862,6
RXN-17128,PWY-7072,5
ATP-CITRATE-PRO-S--LYASE-RXN,P23-PWY,9
ATP-CITRATE-PRO-S--LYASE-RXN,PWY-5172,1
RXN-17813,PWY-7793,2
RXN-17825,PWY-7794,2
OXALATE-DECARBOXYLASE-RXN,PWY-6698,1
RXN-18080,PWY-6902,5
RXN-18080,PWY-7822,3
RXN-9349,PWY-5887,1
RXN-8422,PWY-5725,1
RXN-17523,PWY-7170,1
RXN-17523,PWY-7579,1
RXN-17523,PWY-7578,2
RXN-17523,PWY-7845,1
RXN-17523,PWY-5915,1
RXN-17523,PWY-5917,1
RXN-17523,PWY-7580,1
L-LYSINE-AMINOTRANSFERASE-RXN,PWY-5327,22
L-LYSINE-AMINOTRANSFERASE-RXN,PWY-5298,1
PENTALENENE-SYNTHASE-RXN,PWY-6915,4
PENTALENENE-SYNTHASE-RXN,PWY-6919,4
TRYPTOPHAN-2-MONOOXYGENASE-RXN,PWY-3161,2
RXN-16296,PWY-7626,6
RXN66-350,PWY-8200,10
RXN66-342,PWY-8202,10
RXN66-342,PWY-7305,9
RXN66-342,PWY66-378,5
RXN66-353,PWY-8200,10
RXN66-353,PWY-7299,2
RXN66-353,PWY-7305,9
RXN-12747,PWY-6937,15
RXN-12747,PWY-6944,13
RXN-12747,PWY-6928,19
RXN-12747,PWY-8152,9
RXN-12747,PWY-6947,21
RXN-12747,PWY-8154,13
RXN-12789,PWY-6948,4
RXN-21988,PWY-8202,10
RXN-12693,PWY-8151,4
RXN-12693,PWY-6947,21
RXN-12693,PWY-6946,8
RXN-12693,PWY-8154,13
RXN66-351,PWY-8200,10
RXN-12694,PWY-8151,4
RXN-12694,PWY-6928,19
RXN-12694,PWY-6947,21
RXN-12694,PWY-6946,8
RXN-12694,PWY-8154,13
RXN-12694,PWY-6945,6
RXN66-354,PWY-8200,10
RXN66-354,PWY-7299,2
RXN66-354,PWY-7305,9
RXN-709,PWY-2582,4
RXN-709,PWY-699,2
RXN-709,PWY-6544,4
RXN66-362,PWY-8202,10
RXN66-362,PWY-7305,9
RXN66-362,PWY66-378,5
RXN-12790,PWY-6948,4
RXN-21989,PWY-8202,10
RXN0-6444,PWY0-1471,1
RXN-13568,PWY-8531,1
RXN-11740,PWY-6640,2
ALLOPHANATE-HYDROLASE-RXN,PWY-8593,1
RXN-12900,PWY-8292,1
RXN-12900,PWY-6968,2
RXN-12900,PWY-6962,5
R322-RXN,P381-PWY,26
R322-RXN,PWY-7376,9
HYALURONATE-LYASE-RXN,PWY-7645,2
RXN-17067,PWY-7718,2
RXN-11078,PWY-6404,24
RXN-11078,PWY185E-8,3
RXN-11081,PWY-6404,24
RXN-11081,PWY185E-8,3
TAGAKIN-RXN,HEXITOLDEGSUPER-PWY,16
TAGAKIN-RXN,LACTOSECAT-PWY,3
TAGAKIN-RXN,PWY-7395,3
TAGAKIN-RXN,GALACTITOLCAT-PWY,3
TAGAKIN-RXN,PWY-7077,3
RXN-12768,PWY-7110,8
RXN-12768,PWY-6942,6
RXN-12768,PWY-6977,11
3.4.13.22-RXN,PWY-6454,3
3.4.13.22-RXN,PWY-6455,3
TAGAALDOL-RXN,PWY-8324,1
TAGAALDOL-RXN,HEXITOLDEGSUPER-PWY,16
TAGAALDOL-RXN,LACTOSECAT-PWY,3
TAGAALDOL-RXN,PWY-7395,3
TAGAALDOL-RXN,GALACTITOLCAT-PWY,3
TAGAALDOL-RXN,PWY-7077,3
TRIOKINASE-RXN,PWY-8404,10
TRIOKINASE-RXN,PWY66-373,5
GLYCERONE-KINASE-RXN,PWY-7003,12
GLYCERONE-KINASE-RXN,PWY-6131,2
GLYCERONE-KINASE-RXN,GOLPDLCAT-PWY,4
GLYCERONE-KINASE-RXN,P185-PWY,11
RXN-17860,PWY-7800,16
RXN-17862,PWY-7800,16
RXN-17864,PWY-7800,16
RXN-17863,PWY-7800,16
RXN-17861,PWY-7800,16
RXN-17859,PWY-7800,16
2-FUROYL-COA-DEHYDROGENASE-RXN,PWY-6997,2
2-FUROYL-COA-DEHYDROGENASE-RXN,PWY-6995,2
D-XYLULOSE-REDUCTASE-RXN,PWY-5257,30
D-XYLULOSE-REDUCTASE-RXN,LARABITOLUTIL-PWY,2
RXN-18998,PWY-8512,1
4-HYDROXYBUTYRATE-DEHYDROGENASE-RXN,PWY-5022,5
4-HYDROXYBUTYRATE-DEHYDROGENASE-RXN,PWY-5677,4
PROSTAGLANDIN-E2-9-REDUCTASE-RXN,PWY66-374,8
1.1.1.197-RXN,PWY-8396,8
TROPINE-DEHYDROGENASE-RXN,PWY-5317,2
TROPINE-DEHYDROGENASE-RXN,PWY-7341,4
RXN-20397,SPHINGOLIPID-SYN-PWY,6
RXN3O-1380,SPHINGOLIPID-SYN-PWY,6
RXN3O-1380,PWY-5129,8
RXN-14250,PWY-5129,8
RXN-11341,PWY-5129,8
RXN-16332,PWY-7277,4
RXN-16332,PWY3DJ-12,3
D-XYLOSE-1-DEHYDROGENASE-RXN,PWY-8020,4
R309-RXN,PWY-7309,1
R309-RXN,P344-PWY,3
R321-RXN,P381-PWY,26
R321-RXN,PWY-7376,9
4.2.1.99-RXN,PWY-5747,5
4.2.1.99-RXN,PWY0-42,5
DOPAMINE-BETA-MONOOXYGENASE-RXN,PWY66-301,2
ARGININE-N-SUCCINYLTRANSFERASE-RXN,AST-PWY,5
RXN0-1861,PWY0-1338,5
RXN0-1862,PWY0-1338,5
1.1.99.28-RXN,PWY-5530,3
SUCCGLUALDDEHYD-RXN,AST-PWY,5
1.14.18.2-RXN,PWY-6145,10
1.14.18.2-RXN,PWY-6144,1
RXN-18605,PWY0-1585,1
1.7.2.2-RXN,PWY-5674,1
RXN-11456,PWY-6511,1
RXN-15344,PWY-7456,6
RXN-16553,PWY-7656,11
RXN-16405,PWY-6733,12
RXN-16404,PWY-6733,12
RXN-16403,PWY-6733,12
RXN-15114,PWY-7423,1
RXN-16555,PWY-7656,11
RXN-16408,PWY-6733,12
RXN-16551,PWY-7656,11
RXN-16562,PWY-7656,11
RXN-16550,PWY-7656,11
RXN-9344,PWY-7782,8
RXN-9344,PWY-5884,1
RXN-14707,PWY-7413,4
2.5.1.66-RXN,PWY-5679,2
RXN-18595,PWY-7874,4
RXN-18594,PWY-7873,4
RXN-18588,PWY-7874,4
RXN-18588,PWY-7871,2
RXN-18589,PWY-7872,2
RXN-18589,PWY-7873,4
QUERCETIN-23-DIOXYGENASE-RXN,PWY-6848,1
ACONITATE-DECARBOXYLASE-RXN,PWY-5750,1
RXN0-7020,PWY-7165,4
RXN0-7020,KETOGLUCONMET-PWY,5
RXN-17770,PWY-7789,5
RXN-17955,PWY-7805,7
RXN-17958,PWY-7807,7
RXN0-6733,PWY0-1533,5
RXN0-6733,PWY-7399,5
RXN-17959,PWY-7807,7
RXN-17956,PWY-7805,7
RXN0-6734,PWY0-1533,5
RXN0-6734,PWY-7399,5
RXN0-6732,PWY0-1533,5
RXN0-6732,PWY-7399,5
RXN-17954,PWY-7805,7
RXN-17957,PWY-7807,7
RXN-12422,PWY-6815,3
RXN-13779,PWY-7237,9
RXN-16570,PWY-7658,1
1.14.13.10-RXN,P181-PWY,11
RXN-12581,PWY-6872,1
R231-RXN,PWY-6643,3
R231-RXN,P261-PWY,4
R231-RXN,PWY-6641,5
R231-RXN,PWY-6637,3
R161-RXN,P181-PWY,11
NICOTINE-DEHYDROGENASE-RXN,P181-PWY,11
NICOTINE-DEHYDROGENASE-RXN,PWY-7128,6
UDP-GLUCOSE-46-DEHYDRATASE-RXN,PWY-3261,1
UDP-GLUCOSE-46-DEHYDRATASE-RXN,PWY-5114,6
3-HYDROXYASPARTATE-ALDOLASE-RXN,PWY-8576,1
RXN-12926,PWY-7108,4
RXN-12926,PWY-6975,5
RXN-12926,PWY-6977,11
RXN-12925,PWY-7108,4
RXN-12925,PWY-7110,8
RXN-12925,PWY-7109,1
RXN-12925,PWY-6975,5
RXN-12925,PWY-6977,11
RXN-12706,PWY-6948,4
RXN-12706,PWY-6928,19
RXN-12706,PWY-6947,21
RXN-12706,PWY-6946,8
RXN-12706,PWY-6945,6
2.3.1.176-RXN,PWY-6061,11
RXN-9850,PWY-6061,11
RXN-8930,PWY-5724,2
RXN-8930,PWY-5169,2
4OH2OXOGLUTARALDOL-RXN,HYDROXYPRODEG-PWY,1
RXN-12651,PWY-6915,4
RXN-12651,PWY-6919,4
4.2.2.3-RXN,PWY-6986,4
RXN-17104,PWY-8176,1
RXN-11776,PWY-6575,3
R10-RXN,PWY-1861,9
R10-RXN,PWY-7796,2
R10-RXN,RUMP-PWY,6
R12-RXN,PWY-1861,9
R12-RXN,PWY-7796,2
R12-RXN,RUMP-PWY,6
RXN-17899,PWY-7802,2
RXN-17898,PWY-7802,2
MYO-INOSITOL-OXYGENASE-RXN,PWY-8142,2
MYO-INOSITOL-OXYGENASE-RXN,PWY-4841,2
MANNPDEHYDROG-RXN,PWY-6531,3
MANNPDEHYDROG-RXN,MANNIDEG-PWY,1
MANNPDEHYDROG-RXN,HEXITOLDEGSUPER-PWY,16
MANNPDEHYDROG-RXN,P461-PWY,19
ALTRO-OXIDOREDUCT-RXN,GALACT-GLUCUROCAT-PWY,9
ALTRO-OXIDOREDUCT-RXN,GALACTUROCAT-PWY,5
ALTRO-OXIDOREDUCT-RXN,PWY-6516,22
R181-RXN,P181-PWY,11
DIMETHYLPROPIOTHETIN-DETHIOMETHYLASE-RXN,PWY-6046,1
DIMETHYLPROPIOTHETIN-DETHIOMETHYLASE-RXN,PWY-6049,3
RXN-16264,PWY-7626,6
RXN-16300,PWY-7626,6
RXN-9770,PWY-6044,1
RXN-11483,BIOTIN-BIOSYNTHESIS-PWY,13
RXN-11483,PWY-6519,11
RXN-15681,PWY-7533,3
GAMMA-GLUTAMYLCYCLOTRANSFERASE-RXN,PWY-4041,5
RXN-1241,PWY-5168,1
GDP-6-DEOXY-D-TALOSE-4-DEHYDROGENASE-RXN,PWY-5738,2
GDP-6-DEOXY-D-TALOSE-4-DEHYDROGENASE-RXN,PWY-7323,8
3.7.1.9-RXN,PWY-5178,12
3.7.1.9-RXN,PWY-5415,5
3.7.1.9-RXN,PWY-5430,10
3.7.1.9-RXN,PWY-6954,33
3.7.1.9-RXN,P183-PWY,2
3.7.1.9-RXN,PWY-6956,10
3.7.1.9-RXN,PWY-5183,23
3.7.1.9-RXN,PWY-2504,31
3.7.1.9-RXN,PWY-6957,17
1.2.1.9-RXN,PWY-1042,7
1.2.1.9-RXN,PWY-5464,16
RXNQT-4142,PWY-882,1
RXN-624,PWY-681,1
RXN8J2-136,PWY8J2-22,3
RXN-17424,PWY-5529,15
RXN-17424,PWY-5526,6
RXN-8787,PWY-5529,15
RXN-8787,PWY-5526,6
RXN-17479,PWY-7762,3
3.1.3.70-RXN,PWY-5656,2
RXN-11620,PWY-6573,1
DHSHIKIMATE-DEHYDRO-RXN,PWY-6416,2
DHSHIKIMATE-DEHYDRO-RXN,SHIKIMATEDEG-PWY,2
DHSHIKIMATE-DEHYDRO-RXN,PWY-6419,1
DHSHIKIMATE-DEHYDRO-RXN,PWY-6289,1
DHSHIKIMATE-DEHYDRO-RXN,PWY-6954,33
DHSHIKIMATE-DEHYDRO-RXN,PWY-2504,31
DHSHIKIMATE-DEHYDRO-RXN,QUINATEDEG-PWY,3
RXN-10032,PWY-6160,4
RXN-10032,PWY-6165,9
CHORPYRLY-RXN,ALL-CHORISMATE-PWY,48
CHORPYRLY-RXN,UBISYN-PWY,9
CHORPYRLY-RXN,PWY-5870,5
CHORPYRLY-RXN,PWY-7934,2
CHORPYRLY-RXN,PWY-6148,5
CHORPYRLY-RXN,PWY-5755,1
CHORPYRLY-RXN,PWY-7742,1
CHORPYRLY-RXN,PWY-7929,1
CHORPYRLY-RXN,PWY-7745,1
CHORPYRLY-RXN,PWY-7935,2
CHORPYRLY-RXN,PWY-7933,2
RXN-11319,THISYN-PWY,9
RXN-11319,PWY-6892,5
RXN-8964,PWY-5743,9
RXN-8964,PWY-7024,14
RXN-16395,PWY-7723,6
RXN-9666,PWY-1121,8
RXN-9666,PWY-6733,12
RXN-9666,PWY-5996,2
RXN-9666,PWY-321,3
RXN-9624,PWY3O-355,6
RXN-9624,PWY-6733,12
RXN-9624,PWY-5972,3
PALMITOYL-COA-HYDROLASE-RXN,PWY-1121,8
PALMITOYL-COA-HYDROLASE-RXN,PWY-6733,12
PALMITOYL-COA-HYDROLASE-RXN,PWY-321,3
RXN-9627,PWY-6733,12
RXN-12223,PWY-6767,3
RXN-15723,PWY-7541,2
RXN-15724,PWY-7541,2
PROPIONATE-COA-TRANSFERASE-RXN,PWY-5109,3
PROPIONATE-COA-TRANSFERASE-RXN,PWY-5494,2
PROPIONATE-COA-TRANSFERASE-RXN,PWY-8188,4
PROPIONATE-COA-TRANSFERASE-RXN,PROPFERM-PWY,7
LACCOA-RXN,PWY-5494,2
LACCOA-RXN,PWY-8188,4
LACCOA-RXN,PROPFERM-PWY,7
PHOSPHATIDYLINOSITOL-3-PHOSPHATASE-RXN,PWY-6368,1
PHOSPHATIDYLINOSITOL-3-PHOSPHATASE-RXN,PWY-6580,2
RXN-23127,PWY-8365,5
RXN-12089,PWY-6441,2
RXN-9015,PWY-5760,2
RXN-9015,PWY-6117,5
RXN-9015,PWY-6441,2
RXN-12091,PWY-6117,5
RXN-15297,PWY-8350,2
RXN-15297,PWY-7446,2
1.12.1.3-RXN,PWY-6765,1
1.12.1.3-RXN,PWY-6512,1
2.3.2.10-RXN,PWY-6463,1
RXN-11310,PWY-6462,1
RXN-11295,PWY-6459,3
RXN-11295,PWY-5265,13
RXN-11296,PWY-6459,3
RXN-11296,PWY-5265,13
RXN-11297,PWY-6459,3
RXN-11297,PWY-5265,13
RXN8J2-137,PWY8J2-22,3
1.8.1.15-RXN,PWY1G-126,1
34-DIHYDROXYPHTHALATE-DECARBOXYLASE-RXN,PWY5F9-3233,1
RXN-5682,PWY-3461,4
RXN-5682,PWY-3481,5
RXN-18007,PWY-7816,5
RXN-18008,PWY-7816,5
RXN-18015,PWY-7815,5
RXN-18016,PWY-7815,5
KDGALDOL-RXN,GALACTARDEG-PWY,4
KDGALDOL-RXN,GLUCARDEG-PWY,4
KDGALDOL-RXN,GLUCARGALACTSUPER-PWY,5
KDGALDOL-RXN,PWY-6516,22
RXN1G-874,PWY-6113,82
RXN1G-874,PWYG-321,51
RXN-9397,PWY-5927,3
RXN-9397,PWY-7443,1
RXN-13129,PWY-7002,2
RXN-10916,PWY-6342,12
RXN6666-6,PWY6666-2,5
RXN-10870,PWY-6334,1
RXN6666-7,PWY-5426,2
RXN6666-7,PWY6666-2,5
RXN6666-7,PWY-5405,2
RXN-10909,PWY-6342,12
RXN-10906,PWY-6342,12
RXN-10914,PWY-6342,12
RXN18C3-60,PWY18C3-23,1
RXN-9017,PWY-7076,1
ALKANE-1-MONOOXYGENASE-RXN,P221-PWY,4
RXN-18591,PWY-7873,4
RXN-12124,PWY-6937,15
RXN-12124,PWY-6943,2
RXN-21463,PWY-8152,9
RXN-21463,PWY-8154,13
RXN-17761,PWY-7788,2
RXN-17761,PWY-7786,3
OXALYL-COA-DECARBOXYLASE-RXN,PWY-6696,2
OXALYL-COA-DECARBOXYLASE-RXN,PWY-6695,2
OXALYL-COA-DECARBOXYLASE-RXN,PWY-7985,3
RXN-18052,PWY-7743,1
RXN-18052,PWY-7744,1
RXN-17254,PWY-7738,1
RXN-15367,PWY-7898,1
2.3.1.165-RXN,PWY-7490,2
ERYTHRULOSE-REDUCTASE-RXN,PWY-7786,3
RXN-11091,PWY-6397,7
RXN-11091,PWY-6404,24
RXN-11077,PWY-6397,7
RXN-11077,PWY-6404,24
RXN-11674,PWY-6593,1
RXN-1761,PWY-743,1
GLYCINE-AMIDINOTRANSFERASE-RXN,PWY-8045,1
GLYCINE-AMIDINOTRANSFERASE-RXN,GLYCGREAT-PWY,1
GLYCINE-AMIDINOTRANSFERASE-RXN,PWY-7693,1
GLYCINE-AMIDINOTRANSFERASE-RXN,PWY-8506,1
RXN-7573,PWY-722,6
RXN-7573,PWY-5062,13
RXN0-5298,PWY-8318,2
RXN0-5298,FUC-RHAMCAT-PWY,10
RXN0-5298,PWY-8444,2
RXN0-5298,FUCCAT-PWY,4
RXN-7241,PWY-4702,4
RXN0-5433,PWY-6713,5
RXN-8156,PWY-5274,1
PNKIN-RXN,PWY-7282,5
PNKIN-RXN,PLPSAL-PWY,6
PNKIN-RXN,PWY0-845,11
PNKIN-RXN,PWY-7204,9
PYRIDOXKIN-RXN,PWY-7282,5
PYRIDOXKIN-RXN,PLPSAL-PWY,6
PYRIDOXKIN-RXN,PWY0-845,11
PYRIDOXKIN-RXN,PWY-7204,9
PYRAMKIN-RXN,PLPSAL-PWY,6
PYRAMKIN-RXN,PWY0-845,11
PYRAMKIN-RXN,PWY-7204,9
5-AMINOLEVULINIC-ACID-SYNTHASE-RXN,PWY-7536,1
5-AMINOLEVULINIC-ACID-SYNTHASE-RXN,PWY-5189,4
5-AMINOLEVULINIC-ACID-SYNTHASE-RXN,PWY-5529,15
5-AMINOLEVULINIC-ACID-SYNTHASE-RXN,PWY-5920,7
RXN-6902,PWY-6473,2
N-FORMYLGLUTAMATE-DEFORMYLASE-RXN,PWY-5028,5
SERINE-C-PALMITOYLTRANSFERASE-RXN,SPHINGOLIPID-SYN-PWY,6
SERINE-C-PALMITOYLTRANSFERASE-RXN,PWY-7277,4
SERINE-C-PALMITOYLTRANSFERASE-RXN,PWY3DJ-12,3
SERINE-C-PALMITOYLTRANSFERASE-RXN,PWY-5129,8
RXN-20396,SPHINGOLIPID-SYN-PWY,6
XANPRIBOSYLTRAN-RXN,SALVPURINE2-PWY,2
GALACTITOL-2-DEHYDROGENASE-RXN,PWY-7862,3
MALONYL-COA-DECARBOXYLASE-RXN,PWY-8358,1
MALONYL-COA-DECARBOXYLASE-RXN,PWY-7485,3
RXN-8788,PWY-5529,15
RXN-8788,PWY-5526,6
RXN-17480,PWY-7762,3
RXN1F-66,PWY-5086,1
RXN1F-66,PWY-5068,2
RXN1F-66,PWY-7764,1
RXN-21291,PWY-8127,1
RXN-7674,PWY-5068,2
RXN-21286,PWY-8126,1
RXN-7663,PWY-5064,1
RXN-17122,PWY-8097,1
R102-RXN,P101-PWY,5
RXN8J2-219,PWY-6987,3
RXN-12627,PWY-6906-1,5
RXN-12627,PWY-6906,5
RXN-14362,PWY-7248,3
RXN-14362,PWY-7241,2
RXN-12177,PWY-6572,3
RXN-16485,PWY-7645,2
4.1.2.28-RXN,PWY-7178,3
4.1.2.28-RXN,PWY-7294,5
4.1.2.28-RXN,PWY-5257,30
SULFINOALANINE-DECARBOXYLASE-RXN,PWY-5331,3
1.1.1.292-RXN,PWY-6992,4
PHOSPHATE-BUTYRYLTRANSFERASE-RXN,PWY-6604,12
PHOSPHATE-BUTYRYLTRANSFERASE-RXN,GLUDEG-II-PWY,6
PHOSPHATE-BUTYRYLTRANSFERASE-RXN,PWY-6590,6
PHOSPHATE-BUTYRYLTRANSFERASE-RXN,CENTFERM-PWY,4
GLYCEROL-3-PHOSPHATE-OXIDASE-RXN,PWY-8508,2
TRNA-URACIL-5--METHYLTRANSFERASE-RXN,PWY-7904,2
RXN0-6259,PWY-5529,15
RXN0-6259,PWY-5531,5
RXN0-6259,PWY0-1415,4
RXN0-6259,HEMESYN2-PWY,2
RXN-21483,HEME-BIOSYNTHESIS-II-1,3
RXN-21483,PWY0-1415,4
OXALATE--COA-LIGASE-RXN,PWY-7985,3
L-GULONATE-3-DEHYDROGENASE-RXN,PWY-5525,2
GLUCOSAMINE-KINASE-RXN,PWY-6906-1,5
GLUCOSAMINE-KINASE-RXN,PWY-6906,5
RXN-15298,PWY-8350,2
RXN-15298,PWY-7446,2
GLUTAMIN-RXN,PWY-5004,9
GLUTAMIN-RXN,PWY-5505,6
GLUTAMIN-RXN,PWY-5921,2
GLUTAMIN-RXN,CITRULBIO-PWY,7
GLUTAMIN-RXN,AMMASSIM-PWY,2
GLUTAMIN-RXN,PWY490-4,3
GLUTAMIN-RXN,GLUTSYN-PWY,1
GLUTAMIN-RXN,GLUTAMINDEG-PWY,1
RXN-12029,PWY-6686,2
RXN0-2381,ALL-CHORISMATE-PWY,48
RXN0-2381,PWY-6629,12
RXN0-2381,TRPSYN-PWY,5
RXN0-2381,PWY-4161,1
RXN0-2381,COMPLETE-ARO-PWY,17
RXN0-2381,PWY-6949,1
RXN-9991,PWY-6145,10
RXN-9991,PWY-6140,3
RXN-9988,PWY-6138,5
RXN-9988,PWY-6145,10
RXN-15893,PWY-7562,4
1.1.1.283-RXN,METHGLYUT-PWY,6
1.1.1.283-RXN,PWY-5459,2
1.1.1.283-RXN,PWY-5458,3
RXN-9048,PWY-5773,2
RXN-17351,PWY-5466,2
RXN-17351,PWY-5469,2
RXN-17351,PWY-6824,2
RXN-9051,PWY-5773,2
RXN-16704,PWY-7945,2
RXN-16704,PWY-7944,2
RXN-16703,PWY-7945,2
RXN-16703,PWY-7944,2
RXN-23321,PWY-8386,2
RXN-23320,PWY-8386,2
M-CRESOL-METHYLCATECHOL-RXN,TOLUENE-DEG-3-OH-PWY,4
TOLUENE-4-MONOOXYGENASE-RXN,TOLUENE-DEG-4-OH-PWY,1
TOLUENE-4-MONOOXYGENASE-RXN,TOLUENE-DEG-3-OH-PWY,4
TOLUENE-4-MONOOXYGENASE-RXN,PWY-5183,23
TOLUENE-4-MONOOXYGENASE-RXN,PWY-5181,8
RXN-12329,PWY-8545,2
RXN-12329,PWY-8547,1
RXN-12329,PWY-8546,1
CYCLOARTENOL-SYNTHASE-RXN,PWY-6109,1
CYCLOARTENOL-SYNTHASE-RXN,PWY-7156,14
CYCLOARTENOL-SYNTHASE-RXN,PWY-8028,1
ETHANOLAMINEPHOSPHOTRANSFERASE-RXN,PHOSLIPSYN2-PWY,18
ETHANOLAMINEPHOSPHOTRANSFERASE-RXN,PWY4FS-6,1
RXN-17731,PWY-7782,8
RXN-5781,PWY-6804,1
RXN-5781,PHOSLIPSYN2-PWY,18
RXN-5781,PWY-3561,2
RXN-5781,PWY4FS-5,6
RXN-5781,PWY-4762,6
RXN-5781,PWY3O-450,1
RXN-5781,PWY4FS-2,4
RXN-20567,PWY-8055,5
RXN-17733,PWY-7782,8
RXN-20511,PWY-8053,7
RXN-20511,PWY-8051,11
RXN-19426,PWY-7618,1
RXN-10002,PWY-6143,3
RXN-19005,PWY-7920,5
2.4.2.38-RXN,PWY-7920,5
RXN-19007,PWY-7920,5
RXN-9993,PWY-6145,10
RXN-9993,PWY-6140,3
RXN-12148,PWY-6718,1
RXN-12721,PWY-6932,2
RXN-12721,PWY-6395,7
1.8.4.9-RXN,SULFMETII-PWY,3
RXN-14800,PWY-7340,7
RXN-14804,PWY-7340,7
RXN-14716,PWY-7307,1
RXN-7931,PWY-7291,2
RXN-7931,PWY0-1337,29
RXN-12519,PWY-6837,3
RXN0-5391,PWY-7292,1
RXN0-5391,PWY0-1337,29
RXN-14777,PWY-7337,6
RXN-14777,PWY-7338,6
ENOYL-COA-DELTA-ISOM-RXN,FAO-PWY,5
ENOYL-COA-DELTA-ISOM-RXN,PWY-5137,1
RXN-7836,PWY-6837,3
RXN-7836,PWY-5138,4
RXN-15310,PWY-7447,2
RXN-12130,PWY-7084,5
RXN-12130,PWY-6748,2
RXN-12130,DENITRIFICATION-PWY,3
PROSTAGLANDIN-ENDOPEROXIDE-SYNTHASE-RXN,PWY-8397,16
PROSTAGLANDIN-ENDOPEROXIDE-SYNTHASE-RXN,PWY66-374,8
RXN-23480,PWY-8399,10
RXN-23445,PWY-8396,8
RXN-20172,PWY3O-19,4
RXN-20172,PWY-7235,5
RXN-20172,PWY-7230,4
RXN-25152,PWY-8570,2
RXN-9282,PWY-5872,3
RXN-9281,PWY-5871,4
RXN-9287,PWY-5873,4
RXN-11757,PWY-8534,4
RXN-9280,PWY-5870,5
RXN-16194,PWY-6176,2
RXN-16194,PWY-5706,1
RXN-16201,PWY-7614,1
RXN-21570,PWY-8454,2
RXN-16190,PWY-6176,2
RXN-16190,PWY-5707,1
RXN-12654,PWY-6915,4
RXN-12661,PWY-6919,4
4.1.1.74-RXN,PWY-8585,3
4.1.1.74-RXN,TRPIAACAT-PWY,2
4.1.1.74-RXN,PWY-5081,2
L-ARABINONATE-DEHYDRATASE-RXN,PWY-8329,4
L-ARABINONATE-DEHYDRATASE-RXN,PWY-7295,5
L-ARABINONATE-DEHYDRATASE-RXN,PWY-5257,30
L-ARABINONATE-DEHYDRATASE-RXN,PWY-5517,5
RXN-18001,PWY-5360,1
RXN-18001,PWY-7813,1
3.11.1.2-RXN,P483-PWY,1
RXN-11879,PWY-6664,3
RXN-23654,PWY-8430,2
RXN-23657,PWY-8429,2
RXN-11968,PWY-6678,1
RXN-11968,PWY-7136,1
ACONITATE-DELTA-ISOMERASE-RXN,PWY-8018,1
RXN-20516,PWY-8055,5
RXN-20553,PWY-8053,7
RXN-20502,PWY-8051,11
R546-RXN,P601-PWY,1
R546-RXN,PWY-6989,1
RXN-11543,PWY-6550,3
3.5.1.95-RXN,PWY-6426,2
4-COUMARATE--COA-LIGASE-RXN,PWY-8094,1
4-COUMARATE--COA-LIGASE-RXN,PWY-5071,3
4-COUMARATE--COA-LIGASE-RXN,PWY-6435,4
4-COUMARATE--COA-LIGASE-RXN,PWY-5048,3
4-COUMARATE--COA-LIGASE-RXN,PWY-7046,3
4-COUMARATE--COA-LIGASE-RXN,PWY-7397,2
4-COUMARATE--COA-LIGASE-RXN,PWY-6039,2
4-COUMARATE--COA-LIGASE-RXN,PWY-6982,1
4-COUMARATE--COA-LIGASE-RXN,PWY-6320,3
4-COUMARATE--COA-LIGASE-RXN,PWY-7897,1
4-COUMARATE--COA-LIGASE-RXN,PWY1F-FLAVSYN,1
4-COUMARATE--COA-LIGASE-RXN,PWY-8157,5
4-COUMARATE--COA-LIGASE-RXN,PWY-8002,3
4-COUMARATE--COA-LIGASE-RXN,PWY-5135,1
4-COUMARATE--COA-LIGASE-RXN,PWY-361,6
4-COUMARATE--COA-LIGASE-RXN,PWY-6920,4
4-COUMARATE--COA-LIGASE-RXN,PWY-6432,2
4-COUMARATE--COA-LIGASE-RXN,PWY-7398,7
4-COUMARATE--COA-LIGASE-RXN,PWY-8104,1
RXN-1126,PWY-7826,2
RXN-1126,PWY-1121,8
RXN-1126,PWY-8003,2
RXN-1126,PWY-6673,1
RXN-1126,PWY-7398,7
RXN-10919,PWY-7461,1
1.1.1.178-RXN,PWY-5109,3
1.1.1.178-RXN,ILEUDEG-PWY,3
RXN-21782,PWY-8181,13
RXN-12238,PWY-7131,3
RXN-12238,PWY-6749,4
PALMITOTRANS-RXN,KDO-NAGLIPASYN-PWY,16
MYRISTOYLACYLTRAN-RXN,LPSSYN-PWY,15
MYRISTOYLACYLTRAN-RXN,KDO-LIPASYN-PWY,2
MYRISTOYLACYLTRAN-RXN,KDO-NAGLIPASYN-PWY,16
RXN-22489,PWY-8285,2
RXN2DNV-7,PWY2DNV-2,2
RXN2G6Z-5,PWY-8378,2
RXN2B4Q-57,PWY2B4Q-7,4
RXN2B4Q-58,PWY2B4Q-7,4
MYRPALMTRAN-RXN,KDO-NAGLIPASYN-PWY,16
RXN-14400,PWY-6146,46
RXN-14400,PWY-6350,7
RXN-14400,PWY-6349,6
RXN-14400,PWY-6141,9
RXN-9995,PWY-6146,46
RXN-9995,PWY-6350,7
RXN-9995,PWY-6349,6
RXN-9995,PWY-6141,9
RXN-23122,PWY-8365,5
RXN-23123,PWY-8365,5
RXN-6562,PWY-4002,2
RXN-13072,P181-PWY,11
RXN-13072,PWY-7270,10
RXN-13072,PWY-7527,10
RXN-13072,PWY-7528,11
RXN-13072,PWY-4361,6
2.4.2.12-RXN,NAD-BIOSYNTHESIS-III,2
RXN-20560,PWY-8051,11
PHOSPHOLIPASE-A1-RXN,LIPASYN-PWY,4
PHOSPHOLIPASE-A1-RXN,PWY-6803,3
RXN-17735,PWY-7783,6
RXN-23574,PWY-8412,4
RXN-23562,PWY-8413,1
RXN-23568,PWY-8411,9
RXN-23519,PWY-8395,3
RXN-15067,PWY-7409,3
RXN-23567,PWY-8411,9
RXN-23573,PWY-8412,4
RXN-20552,PWY-8053,7
RXN-23520,PWY-8397,16
RXN-16139,PWY-8399,10
RXN-16139,PWY66-394,1
RXN-23518,PWY-8398,2
RXN-23566,PWY-8411,9
RXN-23570,PWY-8411,9
RXN-23569,PWY-8411,9
RXN-23521,PWY-8396,8
RXN-20555,PWY-8051,11
RXN-20561,PWY-8051,11
RXN-17736,PWY-7783,6
RXN-23575,PWY-8412,4
RXN-16138,PWY-8357,4
RXN-16138,PWY-8355,9
RXN-16138,PWY-8356,3
RXN-16138,PWY66-395,1
RXN-16138,PWY66-397,2
RXN-16138,PWY-8400,6
RXN-15068,PWY-7417,2
RXN-15065,PWY-7416,1
PHOSPHOLIPASE-A2-RXN,LIPASYN-PWY,4
PHOSPHOLIPASE-A2-RXN,PWY-6803,3
RXN-25502,PWY-8602,1
RXN-23558,PWY-8410,2
RXN-20546,PWY-8051,11
RXN-25500,PWY-8603,1
RXN-23565,PWY-8411,9
RXN-23564,PWY-8411,9
L-RHAMNONATE-DEHYDRATASE-RXN,PWY-6713,5
L-RHAMNONATE-DEHYDRATASE-RXN,PWY-6714,4
RXN-15311,PWY-7447,2
SHIKIMATE-PQQ-RXN,SHIKIMATEDEG-PWY,2
SHIKIMATE-PQQ-RXN,PWY-6954,33
SHIKIMATE-PQQ-RXN,PWY-2504,31
1.1.99.25-RXN,PWY-6954,33
1.1.99.25-RXN,PWY-2504,31
1.1.99.25-RXN,QUINATEDEG-PWY,3
SUCCARGDIHYDRO-RXN,AST-PWY,5
SUCCGLUDESUCC-RXN,AST-PWY,5
D-ARABINITOL-4-DEHYDROGENASE-RXN,PWY-5257,30
D-ARABINITOL-4-DEHYDROGENASE-RXN,DARABITOLUTIL-PWY,2
RXN0-5144,PWY-7892,3
RXN0-5144,PWY8J2-27,3
2.4.1.213-RXN,PWY-7902,4
SUCROSE-PHOSPHATE-SYNTHASE-RXN,PWY-7238,7
SUCROSE-PHOSPHATE-SYNTHASE-RXN,SUCSYN-PWY,8
SUCROSE-PHOSPHATE-SYNTHASE-RXN,PWY-7347,2
RXN-9101,PWY-5796,2
RXN-9730,PWY-5794,2
RXN-9729,PWY-5794,2
RXN-9729,PWY-6060,2
2.3.1.184-RXN,PWY-6157,1
RXN-18396,PWY-7855,3
RXN-8774,PWY-8329,4
RXN-8774,PWY-7295,5
RXN-8774,PWY-5257,30
RXN-8774,PWY-5517,5
RXN-8979,PWY-5747,5
KETOHEXOKINASE-RXN,PWY-8404,10
KETOHEXOKINASE-RXN,PWY66-373,5
2.4.2.26-RXN,PWY-6571,3
2.4.2.26-RXN,PWY-6564,2
2.4.2.26-RXN,PWY-6569,4
2.4.2.26-RXN,PWY-6557,1
RXN-7637,PWY-5055,7
RXN-7637,PWY-5062,13
DARABKIN-RXN,DARABCATK12-PWY,4
DARABKIN-RXN,PWY-5257,30
FUCULOKIN-RXN,FUC-RHAMCAT-PWY,10
FUCULOKIN-RXN,FUCCAT-PWY,4
5.5.1.13-RXN,PWY-5032,1
5.5.1.13-RXN,PWY-5052,1
5.5.1.13-RXN,PWY-8179,8
5.5.1.13-RXN,PWY-5053,1
5.5.1.13-RXN,PWY-7994,1
5.5.1.13-RXN,PWY-2981,2
5.5.1.13-RXN,PWY-6887,1
RXN-8528,PWY-2981,2
RXN-12609,PWY-6891,4
RXN-12609,PWY-6895,8
RXN-18474,PWY-7862,3
RXN-17377,PWY-5818,6
LYSINE-RACEMASE-RXN,PWY-5283,5
LYSINE-RACEMASE-RXN,PWY-5327,22
RXN-15946,PWY-5254,4
RXN-17771,PWY-7789,5
RXN-22274,PWY-8249,1
RXN-8635,PWY-5461,1
RXN-14240,PWY-7214,1
RXN-17352,PWY-5466,2
RXN-17352,PWY-5469,2
RXN-17352,PWY-6824,2
RXN-15288,PWY-7445,3
RXN-8214,PWY-5288,1
RXN-19183,PWY-7947,3
RXN-14818,PWY-7352,3
RXN-14818,PWY-7354,3
RXN-12406,PWY-6808,4
RXN-12406,PWY-7438,4
RXN-22502,PWY1R65-1,2
2-FUROATE--COA-LIGASE-RXN,PWY-6997,2
2-FUROATE--COA-LIGASE-RXN,PWY-6995,2
6-HYDROXYHEXANOATE-OXIDATION-RXN,CYCLOHEXANOL-OXIDATION-PWY,2
RXN-17603,PWY-7778,7
RXN-17603,PWY-7779,6
RXN-13252,PWY-7333,1
RXN-13252,PWY-7467,1
RXN-13252,PWY-7028,1
RXN-13252,PWY-7332,14
RXN-13252,PWY-7842,1
RXN-13252,PWY-7334,1
RXN-17339,PWY-7747,3
1.14.12.18-RXN,PWY5F9-12,4
RXN-17568,PWY-7774,2
RXN-17568,PWY-7775,1
METHANE-MONOOXYGENASE-RXN,PWY-1641,1
METHANE-MONOOXYGENASE-RXN,PWY-1882,10
METHANE-MONOOXYGENASE-RXN,PWY-6523,2
RXN-8806,PWY-5534,5
RXN-17580,PWY-7776,5
1.14.13.69-RXN,PWY-5534,5
RXN-17581,PWY-7776,5
RXN-17591,PWY-7777,1
RXN-17588,PWY-7778,7
1.8.98.1-RXN,PWY-5207,2
4.1.1.51-RXN,PWY-5499,6
RXN1F-147,CAROTENOID-PWY,5
RXN1F-147,PWY-5946,2
RXN-8028,PWY-5175,1
RXN-15941,P561-PWY,1
RIBITOL-5-PHOSPHATE-2-DEHYDROGENASE-RXN,PWY-8416,2
2.7.7.40-RXN,PWY-8416,2
RXN-14405,PWY-6146,46
RXN-14405,PWY-6141,9
RXN-9996,PWY-6146,46
RXN-9996,PWY-6141,9
NITRIC-OXIDE-REDUCTASE-RXN,PWY-7084,5
NITRIC-OXIDE-REDUCTASE-RXN,DENITRIFICATION-PWY,3
R302-RXN,PWY-6142,15
R302-RXN,PWY-6146,46
R302-RXN,P341-PWY,9
RXN-17001,P341-PWY,9
RXN-12545,PWY-6855,3
LXULRU5P-RXN,PWY-5257,30
LXULRU5P-RXN,LYXMET-PWY,3
LXULRU5P-RXN,PWY-6961,4
LXULRU5P-RXN,PWY0-301,2
RXN-17765,PWY-7787,3
RXN-17765,PWY-8091,3
RXN-24782,PWY-8542,20
RXN-24777,PWY-8542,20
RXN-24779,PWY-8542,20
RXN-24775,PWY-8542,20
RXN66-482,PWY66-389,4
1.1.1.250-RXN,PWY-8334,3
RXN-16746,PWY-7674,5
RXN-13269,PWY-7037,1
RXN-13269,PWY-7031,3
3-HYDROXYBENZOATE-4-MONOOXYGENASE-RXN,M-CRESOL-DEGRADATION-PWY,3
RXN-10127,PWY-6197,4
RXN-10125,PWY-6197,4
RXN-10128,PWY-6197,4
RXN-10129,PWY-6197,4
PHENOL-2-MONOOXYGENASE-RXN,PWY-5418,1
RXN3O-127,LYSINE-AMINOAD-PWY,5
RXN-16747,PWY-7674,5
URUR-RXN,PWY-5692,4
URUR-RXN,PWY-5705,4
URUR-RXN,PWY0-41,4
URUR-RXN,URDEGR-PWY,6
URUR-RXN,PWY-5698,3
RXN-17385,PWY-8135,3
RXN-17388,PWY-8135,3
CHOLOYLGLYCINE-HYDROLASE-RXN,PWY-8135,3
RXN-12977,PWY-7456,6
BIPHENYL-23-DIOL-12-DIOXYGENASE-RXN,PWY5F9-12,4
BIPHENYL-23-DIOL-12-DIOXYGENASE-RXN,PWY-7008,2
RXN-11542,PWY-6550,3
RXN-17343,PWY-7747,3
TOLUENE-DIOXYGENASE-RXN,PWY-5179,6
TOLUENE-DIOXYGENASE-RXN,PWY-6954,33
TOLUENE-DIOXYGENASE-RXN,TOLUENE-DEG-DIOL-PWY,3
TOLUENE-DIOXYGENASE-RXN,PWY-5183,23
BENZENE-12-DIOXYGENASE-RXN,PWY-5450,2
ABEQUOSYLTRANSFERASE-RXN,PWY-8192,2
RXN-21853,PWY-8199,3
RXN-21853,PWY-8197,2
RXN-21854,PWY-8198,2
RXN-21851,PWY-8199,3
RXN-21851,PWY-8195,2
RXN-9611,PWY-5993,3
RXN-9611,PWY-5984,1
RXN2DDB-9,PWY2DDB-8,5
RXN2DDB-19,PWY2DDB-9,3
RXN2DDB-11,PWY2DDB-8,5
OLEATE-HYDRATASE-RXN,PWY2DDB-8,5
RXN-22219,PWY2DDB-8,5
RXN-25617,PWY2DDB-9,3
RXN2DDB-8,PWY2DDB-8,5
RXN2DDB-20,PWY2DDB-9,3
GLY3KIN-RXN,PWY-8363,5
GLY3KIN-RXN,PWY-181,6
1.21.3.1-RXN,PWY-5634,3
1.21.3.1-RXN,PWY-5629,1
RXN-23840,PWY-6986,4
RXN-23841,PWY-6986,4
RXN-16006,PWY-7581,2
RXN-14695,PWY-7483,3
RXN-14695,PWY-7485,3
RXN-9851,PWY-6061,11
RXN-9852,PWY-6061,11
GLYCINE-N-CHOLOYLTRANSFERASE-RXN,PWY-6061,11
RXN-9800,PWY-6061,11
RXN-9992,PWY-6145,10
RXN-9992,PWY-6140,3
RXN66-81,PWY66-201,3
HYPOTAURINE-DEHYDROGENASE-RXN,PWY-5331,3
HYPOTAURINE-DEHYDROGENASE-RXN,PWY-7850,1
ERYTHRON4PDEHYDROG-RXN,PYRIDOXSYN-PWY,6
ERYTHRON4PDEHYDROG-RXN,PWY0-845,11
RXN-17772,PWY-7787,3
RXN-17772,PWY-8090,2
RXN-17772,PWY-7789,5
RXN-17772,PWY-8091,3
RXN-12769,PWY-7110,8
RXN-12769,PWY-8504,4
RXN-12769,PWY-6942,6
RXN-12769,PWY-6977,11
RXN-13056,AEROBACTINSYN-PWY,2
RXN-21778,PWY-6111,2
RXN-9918,PWY-6111,2
RXN-9457,PWY-5935,1
LACTOSE-6-PHOSPHATE-ISOMERASE-RXN,LACTOSECAT-PWY,3
L-RHAMNOSE-1-DEHYDROGENASE-RXN,PWY-6713,5
L-RHAMNOSE-1-DEHYDROGENASE-RXN,PWY-6714,4
RXN-12158,PWY-6713,5
RXN-12158,PWY-6714,4
RXN-14939,PWY-8424,1
4.2.2.7-RXN,PWY-7644,3
4.2.2.8-RXN,PWY-7651,2
RXN-12623,PWY-6902,5
RXN-11647,PWY-7947,3
RXN-11647,PWY-6581,1
RXN-18477,PWY-7862,3
RXN-12586,PWY-4521,1
1.20.98.1-RXN,PWY-7429,1
1.1.1.43-RXN,DHGLUCONATE-PYR-CAT-PWY,5
RXN-12239,PWY-7131,3
RXN-12239,PWY-6749,4
1.1.1.251-RXN,HEXITOLDEGSUPER-PWY,16
1.1.1.251-RXN,GALACTITOLCAT-PWY,3
DEOXYHYPUSINE-MONOOXYGENASE-RXN,PWY-5905,1
DIMETHYLMALEATE-HYDRATASE-RXN,PWY-5055,7
DIMETHYLMALEATE-HYDRATASE-RXN,PWY-5062,13
RXN-5464,MANNOSYL-CHITO-DOLICHOL-BIOSYNTHESIS,6
GLUCOSAMINEPNACETYLTRANS-RXN,PWY-6981,7
GLUCOSAMINEPNACETYLTRANS-RXN,UDPNACETYLGALSYN-PWY,5
GLUCOSAMINEPNACETYLTRANS-RXN,PWY-5514,6
URIDINE-NUCLEOSIDASE-RXN,PWY-6556,2
URIDINE-NUCLEOSIDASE-RXN,PWY-7196,10
RXN0-361,PWY-7195,2
RXN-8441,PWY-5381,7
SPHINGANINE-KINASE-RXN,PWY-7119,10
SPHINGANINE-KINASE-RXN,PWY-5129,8
RXN-11376,PWY-6483,2
RXN3DJ-11417,PWY3DJ-11470,6
RXN3O-458,PWY-7119,10
UDPMANACATRANS-RXN,ECASYN-PWY,2
UDPMANACATRANS-RXN,PWY-8227,7
ARABINONATE-DEHYDRATASE-RXN,PWY-5257,30
ARABINONATE-DEHYDRATASE-RXN,PWY-5519,3
ARABINONATE-DEHYDRATASE-RXN,PWY-8331,1
1.1.1.51-RXN,PWY-6937,15
1.1.1.51-RXN,PWY-6943,2
3.2.1.130-RXN,PWY-7919,9
3.1.1.69-RXN,PWY-8600,4
3.1.1.69-RXN,PWY-8601,4
RXN0-5304,RIBOKIN-PWY,2
1.5.4.1-RXN,PWY-7442,4
RXN-8829,PWY-5644,4
5.4.4.1-RXN,PWY-5637,1
RXN-8835,PWY-5645,5
RXN-9680,P541-PWY,1
2.4.1.117-RXN,MANNOSYL-CHITO-DOLICHOL-BIOSYNTHESIS,6
RXN-16483,PWY-7644,3
RXN-17340,PWY-7747,3
1.3.1.56-RXN,PWY5F9-12,4
GLUCOSE-6-PHOSPHATE-1-EPIMERASE-RXN,PWY-2721,2
RXN-12538,PWY-7126,2
RXN-12538,PWY-7124,19
RXN-12538,PWY-6853,2
1.17.5.1-RXN,BENZCOA-PWY,12
1.17.5.1-RXN,PWY-1341,4
3.1.2.25-RXN,BENZCOA-PWY,12
3.1.2.25-RXN,PWY-1341,4
RXN-9144,PWY-5818,6
RXN-13274,PWY-7031,3
TOCOPHEROL-O-METHYLTRANSFERASE-RXN,PWY-1422,5
RXN-14919,PWY-7436,4
RXN-2562,PWY-1422,5
RXN-14918,PWY-7436,4
3.1.3.74-RXN,PWY-7204,9
RXN-14046,PWY-7204,9
RXN-11451,PWY-6509,1
RXNMETA-12666,PWY-6919,4
RXN-12825,PWY-8397,16
DEHYDOGLUCONOKINASE-RXN,DHGLUCONATE-PYR-CAT-PWY,5
RXN-12346,PWY-7371,4
RXN-12346,PWY-7992,6
RXN-12346,PWY-7373,5
RXN-17567,PWY-7774,2
RXN-665,PWY-5266,5
RXN-665,PWY-5163,2
RXN-665,PWY-5273,5
RXN-12923,PWY-7108,4
RXN-12923,PWY-6975,5
RXN-12923,PWY-6977,11
RXN-12924,PWY-7108,4
RXN-12924,PWY-6975,5
RXN-12924,PWY-6977,11
RXN-15730,PWY-7539,4
1.1.1.288-RXN,PWY-695,1
UREIDOGLYCOLATE-HYDROLASE-RXN,PWY-5692,4
UREIDOGLYCOLATE-HYDROLASE-RXN,URDEGR-PWY,6
RXN-21777,PWY-8181,13
RXN-19192,PWY-7948,4
RXN-21773,PWY-8181,13
RXN-19185,PWY-7948,4
RXN-21763,PWY-8182,7
RXN-14172,PWY-5140,1
2.4.1.141-RXN,MANNOSYL-CHITO-DOLICHOL-BIOSYNTHESIS,6
SQUALENE-MONOOXYGENASE-RXN,PWY-7156,14
SQUALENE-MONOOXYGENASE-RXN,PWY66-4,6
SQUALENE-MONOOXYGENASE-RXN,PWY66-341,6
SQUALENE-MONOOXYGENASE-RXN,ERGOSTEROL-SYN-PWY,15
SQUALENE-MONOOXYGENASE-RXN,PWY-5670,2
SQUALENE-MONOOXYGENASE-RXN,PWY66-3,6
SQUALENE-MONOOXYGENASE-RXN,PWY66-5,19
1.13.11.14-RXN,PWY-7480,4
RXN-11511,PWY-6550,3
R230-RXN,P261-PWY,4
R230-RXN,PWY-6642,3
RXN-18338,PWY-7844,2
RXN-18339,PWY-7844,2
RXN2DNV-28,PWY2DNV-5,7
RXN-18250,PWY-7831,6
RXN-23985,PWY-8459,2
RXN-18251,PWY-7831,6
RXN-18254,PWY-7833,4
RXN-18254,PWY-7831,6
RXN-18249,PWY-7831,6
RXN2DNV-31,PWY2DNV-5,7
GALACTOSIDE-3-FUCOSYLTRANSFERASE-RXN,PWY-7833,4
GALACTOSIDE-3-FUCOSYLTRANSFERASE-RXN,PWY-7831,6
RXN2DNV-34,PWY2DNV-5,7
RXN-19009,PWY-7920,5
RXN-18252,PWY-7832,5
RXN-18246,PWY-7832,5
2.4.1.65-RXN,PWY-7832,5
2.4.1.65-RXN,PWY-7833,4
RXN-18257,PWY-7832,5
RXN-18247,PWY-7832,5
RXN-19011,PWY-7920,5
RXN-3962,P621-PWY,2
RXN-14377,P621-PWY,2
RXN-23005,PWY-8357,4
RXN-23005,PWY-8355,9
RXN-23005,PWY-8400,6
RXN66-510,PWY-8357,4
RXN66-510,PWY-8355,9
RXN66-510,PWY66-397,2
RXN66-510,PWY-8400,6
RXN-23472,PWY-8398,2
RXN-23442,PWY-8396,8
RXN-23428,PWY-8397,16
RXN-20575,PWY-8056,1
ARACHIDONATE-15-LIPOXYGENASE-RXN,PWY-8410,2
ARACHIDONATE-15-LIPOXYGENASE-RXN,PWY66-392,1
ARACHIDONATE-15-LIPOXYGENASE-RXN,PWY-8397,16
ARACHIDONATE-15-LIPOXYGENASE-RXN,PWY-8411,9
RXN-23029,PWY-8357,4
RXN-23029,PWY-8400,6
RXN-23473,PWY-8399,10
RXN-14948,PWY-8397,16
RXN-23032,PWY-8042,1
RXN-13065,P181-PWY,11
RXN-13065,PWY-7978,2
RXN66-355,PWY-8200,10
RXN66-355,PWY-7305,9
RXN66-355,PWY66-381,1
RXN66-340,PWY-8200,10
RXN66-340,PWY-8202,10
RXN66-340,PWY-7305,9
RXN66-340,PWY66-378,5
RXN-21974,PWY-8200,10
RXN66-341,PWY-8202,10
RXN66-341,PWY-7305,9
RXN66-341,PWY66-378,5
RXN-21976,PWY-8200,10
RXN-14560,PWY-8231,4
RXN-14560,PWY-7290,4
RXN-22172,PWY1R65-1,2
RXN0-5126,LIPA-CORESYN-PWY,1
RXN0-5126,LPSSYN-PWY,15
3.5.3.22-RXN,PWY-5679,2
RXN-12107,PWY-6704,1
RXN-9491,PWY-5955,3
RXN-9491,PWY-5961,4
RXN-9489,PWY-5955,3
RXN-9489,PWY-5961,4
RXN-9490,PWY-5955,3
RXN-9490,PWY-5961,4
PROCOLLAGEN-PROLINE-3-DIOXYGENASE-RXN,PWY-7894,3
PYRIDOXAL-4-DEHYDROGENASE-RXN,PWY-5499,6
4.2.1.43-RXN,PWY-5257,30
4.2.1.43-RXN,PWY-7516,2
4.2.1.43-RXN,PWY-5517,5
RXN-12431,PWY-6818,1
RXN-15775,PWY-7546,3
1.1.3.37-RXN,PWY3O-6,1
RXN-7796,PWY-5129,8
1.5.1.15-RXN,PWY-8480,6
1.5.1.15-RXN,PWY-2201,9
RXN-23572,PWY-8412,4
RXN-23563,PWY-8411,9
RXN-15133,PWY-7424,2
RXN-15135,PWY-7424,2
RXN-12037,PWY-6260,3
RXN-10604,PWY-6260,3
THYROXINE-DEIODINASE-RXN,PWY-6260,3
THYROXINE-DEIODINASE-RXN,PWY-6261,11
4-PYRIDOXOLACTONASE-RXN,PWY-5499,6
CROBETREDUCT-RXN,CARNMET-PWY,4
2.7.1.134-RXN,PWY-6371,4
2.7.1.134-RXN,PWY-4661,3
2.7.1.134-RXN,PWY-6365,2
2.7.1.133-RXN,PWY-6366,1
2.7.1.133-RXN,PWY-6555,2
2.7.1.133-RXN,PWY-6371,4
2.7.1.133-RXN,PWY-6365,2
2.7.1.133-RXN,PWY-6554,2
2.7.1.133-RXN,PWY-6362,1
2.7.1.139-RXN,PWY-6555,2
2.7.1.139-RXN,PWY-6554,2
RXN-10984,PWY-6372,3
FMNREDUCT-RXN,PWY-5523,3
FMNREDUCT-RXN,P381-PWY,26
FMNREDUCT-RXN,PWY-7723,6
RXN-18481,PWY-7859,2
RXN-4021,PWY-8238,1
RXN-4021,PWY-2541,1
RXN-4021,PWY-8240,3
RXN3O-178,ERGOSTEROL-SYN-PWY,15
RXN3O-178,PWY-6075,1
RXN-23454,PWY-8396,8
PROSTAGLANDIN-E-SYNTHASE-RXN,PWY-8397,16
PROSTAGLANDIN-E-SYNTHASE-RXN,PWY66-374,8
RXN-23486,PWY-8399,10
HADTHAUERA-RXN,BENZCOA-PWY,12
HADTHAUERA-RXN,PWY-8485,2
HADTHAUERA-RXN,PWY-5184,5
HADTHAUERA-RXN,PWY-7402,6
HADTHAUERA-RXN,CENTBENZCOA-PWY,2
HADTHAUERA-RXN,PWY-7401,5
VAGL-RXN,PWY0-461,5
VAGL-RXN,PWY-6328,6
VAGL-RXN,PWY-5327,22
VAGL-RXN,PWY-5280,3
VAGL-RXN,LYSDEGII-PWY,2
RXN-20117,PWY-8026,2
RXN66-321,PWY66-341,6
RXN66-321,PWY66-5,19
RXN66-10,PWY66-3,6
RXN66-10,PWY66-5,19
RXN-20119,PWY-8026,2
RXN-4282,PWY18C3-1,1
RXN66-28,PWY66-4,6
RXN66-28,PWY-8239,2
RXN66-28,PWY-8240,3
RXN66-28,PWY66-5,19
RXN66-28,PWY-8191,1
2.3.1.89-RXN,PWY-2941,7
2.5.1.63-RXN,PWY-6644,3
RXN-11714,PWY-6627,3
NAPHTHALENE-12-DIOXYGENASE-RXN,PWY-5427,4
NAPHTHALENE-12-DIOXYGENASE-RXN,PWY-6954,33
NAPHTHALENE-12-DIOXYGENASE-RXN,PWY-6956,10
RXN-16792,PWY-7681,1
RXN-8825,PWY-5643,1
RXN-8819,PWY-5641,2
RXN-3661,PWY-5640,1
RXN-8820,PWY-5642,2
3-DEHYDROSPHINGANINE-REDUCTASE-RXN,SPHINGOLIPID-SYN-PWY,6
3-DEHYDROSPHINGANINE-REDUCTASE-RXN,PWY-7277,4
3-DEHYDROSPHINGANINE-REDUCTASE-RXN,PWY3DJ-12,3
3-DEHYDROSPHINGANINE-REDUCTASE-RXN,PWY-5129,8
RXN-12642,SPHINGOLIPID-SYN-PWY,6
6-HYDROXYNICOTINATE-REDUCTASE-RXN,PWY-5055,7
6-HYDROXYNICOTINATE-REDUCTASE-RXN,PWY-5062,13
RXN-14937,PWY-6728,16
RXN66-318,PWY66-4,6
RXN66-318,PWY66-341,6
RXN66-318,PWY-6074,2
RXN66-318,ERGOSTEROL-SYN-PWY,15
RXN66-318,PWY-8239,2
RXN66-318,PWY-8240,3
RXN66-318,PWY66-5,19
RXN66-313,PWY66-4,6
RXN66-313,PWY66-341,6
RXN66-313,PWY-6074,2
RXN66-313,ERGOSTEROL-SYN-PWY,15
RXN66-313,PWY66-5,19
RXN66-23,PWY66-3,6
RXN66-23,PWY66-5,19
RXN66-18,PWY66-3,6
RXN66-18,PWY66-5,19
RXN-9940,PWY-6117,5
L-ARABINOKINASE-RXN,PWY-82,1
RXN-13341,PWY-7040,1
RXN-13081,PWY-6993,6
RXN-13081,PWY-7128,6
1.3.1.29-RXN,PWY-5427,4
1.3.1.29-RXN,PWY-6954,33
1.3.1.29-RXN,PWY-6956,10
RXN-15559,PWY-7511,3
RXN-15560,PWY-7511,3
ERYTHRONOLIDE-SYNTHASE-RXN,PWY-7110,8
ERYTHRONOLIDE-SYNTHASE-RXN,PWY-6975,5
ERYTHRONOLIDE-SYNTHASE-RXN,PWY-7106,1
ERYTHRONOLIDE-SYNTHASE-RXN,PWY-6977,11
RXN-20551,PWY-8053,7
RXN-17740,PWY-7783,6
RXN-17741,PWY-7783,6
RXN-20547,PWY-8051,11
RXN-11053,PWY-1361,6
RXN-22741,PWY-3661-1,4
SARCOSINE-DEHYDROGENASE-RXN,PWY-4722,5
SARCOSINE-DEHYDROGENASE-RXN,CRNFORCAT-PWY,4
RXN-13760,PWY-8013,3
4.1.1.75-RXN,PWY-7523,2
4.1.1.75-RXN,PWY-5742,4
4.1.1.75-RXN,ARGDEG-IV-PWY,3
RXN-10001,PWY-6143,3
RXN-10616,PWY-6261,11
RXN-10607,PWY-6261,11
RXN-10619,PWY-6261,11
RXN-10609,PWY-6261,11
RXN-10608,PWY-6261,11
RXN-10606,PWY-6261,11
RXN-10617,PWY-6261,11
RXN-10618,PWY-6261,11
RXN-19358,PWY-5874,4
RXN-19359,PWY-5874,4
RXN66-162,PWY66-221,5
RXN-19360,PWY-5874,4
RXN66-168,PWY66-221,5
RXN-9000,PWY-5672,1
RXN-9000,PWY-5756,1
RXN-19361,PWY-5874,4
RXN66-83,PWY66-201,3
RXN-10784,PWY-6313,6
RXN-11060,PWY-6402,6
RXN-11060,PWY-6398,5
2.4.1.47-RXN,PWY-7840,1
5.1.3.17-RXN,PWY-6558,1
5.1.3.17-RXN,PWY-6564,2
RXN-11299,PWY-6455,3
1.8.1.5-RXN,PWY-5534,5
RXN-17590,PWY-7776,5
3-HYDROXYISOBUTYRYL-COA-HYDROLASE-RXN,VALDEG-PWY,5
RXN-6384,PWY-4221,12
RXN-6384,PWY-3941,5
RXN-6384,PWY-6373,3
RXN-6384,PWY-7574,4
RXN-18404,PCPDEG-PWY,8
RXN-14537,PWY-7976,1
RXN-15780,PWY-7547,1
RXN-19071,PWY-7931,1
RXN-19071,PWY-7933,2
RXN1A0-6108,PWY1A0-6120,21
RXN-23158,PWY-8368,1
RXN-19070,PWY-8210,1
RXN-19066,PWY-7930,1
RXN-9935,PWY-6116,1
RXN-8810,PWY-5634,3
RXN-8810,PWY-5633,1
LACTOSE-SYNTHASE-RXN,PWY-8459,2
RXN-12119,PWY-7838,2
RXN-12119,PWY-7835,2
RXN-12119,PWY-7841,2
RXN-12119,PWY-7836,2
RXN-12119,PWY-7839,2
RXN2DNV-27,PWY2DNV-5,7
RXN2DNV-33,PWY2DNV-5,7
RXN-15278,PWY-7837,3
RXN-15278,PWY-7434,4
RXN-19001,PWY-7426,2
RXN-15276,PWY-7837,3
RXN-15276,PWY-7434,4
2.4.1.38-RXN,PWY-7833,4
2.4.1.38-RXN,PWY-7837,3
2.4.1.38-RXN,PWY-7831,6
2.4.1.38-RXN,PWY-7434,4
RXN2DNV-30,PWY2DNV-5,7
RXN0-3601,CARNMET-PWY,4
3.2.1.106-RXN,PWY-7919,9
3.2.1.106-RXN,PWY-7918,1
RXN-15048,PWY-7413,4
RXN-17372,PWY-7751,1
RXN-12772,PWY-7414,3
RXN-13613,PWY-7094,5
RXN-13909,PWY-7158,3
1.5.1.34-RXN,PWY-8099,2
RXN-8807,PWY-5536,1
RXN-8807,PWY-5538,3
RXN-8807,PWY-7384,8
RXN-8807,PWY-5677,4
RXN-8807,PWY-7389,15
RXN-8807,PWY-7254,7
RXN-8807,PWY-5537,2
RXN-10673,PWY-6288,2
RXN-10672,PWY-6288,2
RXN2DNV-9,PWY2DNV-3,1
RXN-7683,PWY-5107,1
RXN0-1401,PWY-7805,7
RXN0-1401,PWY0-1533,5
RXN0-1401,PWY-7807,7
RXN-15349,PWY-6676,4
RXN-15349,PWY-7457,1
RXN-14002,PWY-8061,2
RXN-12816,PWY-8061,2
PYRIDOXINE-4-OXIDASE-RXN,PWY-5499,6
RXN-14844,PWY-7352,3
RXN-14844,PWY-7354,3
MYO-INOSITOL-1-KINASE-RXN,PWY-4661,3
MYO-INOSITOL-1-KINASE-RXN,PWY-6372,3
RXN-23482,PWY-8399,10
RXN-23450,PWY-8396,8
RXN-12122,PWY-8397,16
RXN-12122,PWY66-374,8
RXN-13277,PWY-7031,3
RXN-20770,PWY3O-355,6
RXN-20770,PWY-6113,82
RXN-20770,PWYG-321,51
RXN66-614,PWY-5994,28
RXN66-614,PWY-6113,82
RXN-21725,PWY-6113,82
RXN-21725,PWYG-321,51
RXN66-642,PWY-5994,28
RXN66-642,PWY-6113,82
RXN66-628,PWY-5994,28
RXN66-628,PWY-6113,82
RXN-10061,PWY-6113,82
RXN-10061,PWYG-321,51
RXN1G-499,PWY-6113,82
RXN1G-499,PWYG-321,51
RXN66-631,PWY-5994,28
RXN66-631,PWY-6113,82
RXN66-623,PWY-5994,28
RXN66-623,PWY-6113,82
RXN3O-1803,PWY3O-355,6
RXN3O-1803,PWY-6113,82
RXN3O-1803,PWYG-321,51
RXN66-625,PWY-5994,28
RXN66-625,PWY-6113,82
RXN-10059,PWY-6113,82
RXN-10059,PWYG-321,51
RXN-20769,PWY3O-355,6
RXN-20769,PWY-6113,82
RXN-20769,PWYG-321,51
RXN66-641,PWY-5994,28
RXN66-641,PWY-6113,82
RXN66-640,PWY-5994,28
RXN66-640,PWY-6113,82
RXN66-621,PWY-5994,28
RXN66-621,PWY-6113,82
RXN66-619,PWY-5994,28
RXN66-619,PWY-6113,82
RXN-21722,PWY-6113,82
RXN-21722,PWYG-321,51
RXN66-616,PWY-5994,28
RXN66-616,PWY-6113,82
RXN66-639,PWY-5994,28
RXN66-639,PWY-6113,82
RXN3O-5293,PWY3O-355,6
RXN3O-5293,PWY-6113,82
RXN3O-5293,PWYG-321,51
RXN66-633,PWY-5994,28
RXN66-633,PWY-6113,82
RXN66-630,PWY-5994,28
RXN66-630,PWY-6113,82
RXN-21719,PWY-6113,82
RXN-21719,PWYG-321,51
RXN3O-5304,PWY3O-355,6
RXN66-632,PWY-5994,28
RXN66-632,PWY-6113,82
RXN1G-536,PWY-6113,82
RXN1G-536,PWYG-321,51
RXN66-617,PWY-5994,28
RXN66-617,PWY-6113,82
RXN-21726,PWY-6113,82
RXN-21726,PWYG-321,51
RXN66-622,PWY-5994,28
RXN66-622,PWY-6113,82
RXN1G-517,PWY-6113,82
RXN1G-517,PWYG-321,51
RXN-21721,PWY-6113,82
RXN-21721,PWYG-321,51
RXN66-626,PWY-5994,28
RXN66-626,PWY-6113,82
RXN1G-526,PWY-6113,82
RXN1G-526,PWYG-321,51
RXN66-636,PWY-5994,28
RXN66-636,PWY-6113,82
RXN66-638,PWY-5994,28
RXN66-638,PWY-6113,82
RXN66-618,PWY-5994,28
RXN66-618,PWY-6113,82
RXN66-620,PWY-5994,28
RXN66-620,PWY-6113,82
RXN-21724,PWY-6113,82
RXN-21724,PWYG-321,51
RXN66-629,PWY-5994,28
RXN66-629,PWY-6113,82
RXN66-635,PWY-5994,28
RXN66-635,PWY-6113,82
RXN-21720,PWY-6113,82
RXN-21720,PWYG-321,51
RXN66-613,PWY-5966-1,3
RXN66-613,PWY-6113,82
RXN-10060,PWY-6113,82
RXN-10060,PWYG-321,51
RXN-21723,PWY-6113,82
RXN-21723,PWYG-321,51
RXN66-637,PWY-5994,28
RXN66-637,PWY-6113,82
RXN66-624,PWY-5994,28
RXN66-624,PWY-6113,82
RXN66-627,PWY-5994,28
RXN66-627,PWY-6113,82
RXN1G-508,PWY-6113,82
RXN1G-508,PWYG-321,51
RXN66-610,PWY-5966-1,3
RXN66-610,PWY-6113,82
RXN-10062,PWY-6113,82
RXN-10062,PWYG-321,51
RXN-18337,PWY-7846,1
3.5.1.29-RXN,PWY-5499,6
1.3.1.62-RXN,PWY-301,2
1.3.1.62-RXN,P321-PWY,2
RXN-13032,PWY-6984,1
RXN-13032,PWY0-501-1,4
2.6.1.30-RXN,PWY-5499,6
RXN-11298,PWY-6454,3
NANK-RXN,PWY-6138,5
NANK-RXN,PWY-6145,10
NANK-RXN,GLCMANNANAUT-PWY,5
NANK-RXN,PWY0-1324,3
NANK-RXN,P441-PWY,21
RXN-9587,PWY-5993,3
RXN-9587,PWY-5979,2
METHYLASPARTATE-AMMONIA-LYASE-RXN,PWY-5088,8
METHYLASPARTATE-AMMONIA-LYASE-RXN,PWY-5087,2
METHYLASPARTATE-AMMONIA-LYASE-RXN,GLUDEG-II-PWY,6
METHYLASPARTATE-AMMONIA-LYASE-RXN,PWY-6728,16
RXN-4444,PWY-2724,2
3.4.21.38-RXN,PWY66-432,1
RXN-14378,PWY-622,8
RXN-11518,PWY-6538,3
RXN-11518,PWY-6632,3
RXN-15044,PWY-7411,3
2.3.1.42-RXN,PWY-7782,8
RXN-6550,PWY-102,5
RXN-171,PWY-102,5
RXN-113,PWY-102,5
RXN-115,PWY-102,5
RXN-886,PWY-102,5
L-3-CYANOALANINE-SYNTHASE-RXN,P401-PWY,1
L-3-CYANOALANINE-SYNTHASE-RXN,ASPSYNII-PWY,1
ORNMUTST-RXN,PWY-6344,5
RXN-11108,PWY-6643,3
CARNOSINE-SYNTHASE-RXN,PWY66-420,1
RXN-11222,PWY66-421,1
H2NTPEPIM-RXN,PWY0-1433,2
N-ACETYLGLUCOSAMINE-KINASE-RXN,PWY-6517,3
N-ACETYLGLUCOSAMINE-KINASE-RXN,PWY-6906-1,5
N-ACETYLGLUCOSAMINE-KINASE-RXN,PWY-6906,5
3.7.1.8-RXN,PWY5F9-12,4
3.7.1.8-RXN,PWY-7008,2
RXN-13171,PWY-7009,4
R608-RXN,PWY-7009,4
R608-RXN,P662-PWY,1
RXN-18147,PWY-7828,1
GLYCERALDEHYDE-DEHYDRO-RXN,NPGLUCAT-PWY,8
2.7.1.153-RXN,PWY-6371,4
2.7.1.153-RXN,PWY-6352,2
RXN-16263,PWY-7626,6
RXN-7704,PWY-5082,2
RXN-14985,PWY-7396,4
RXN-6161,PWY-5768,2
RXN-6161,PWY-6330,1
RXN-6161,PWY3O-440,1
RXN-6161,PWY-5486,2
RXN-6161,PWY-7345,18
RXN-6161,PWY4LZ-257,8
RXN-6161,PWY-6873,3
RXN-8323,PWY-762,11
RXN-8331,PWY-762,11
RXN-8325,PWY-762,11
RXN-16046,PWY-5997,2
RXN-14491,PWY-6433,2
RXN-8361,PWY-762,11
RXN-8329,PWY-762,11
RXN-8326,PWY-762,11
RXN-16149,PWY-6433,2
RXN-8321,PWY-762,11
RXN-12755,PWY-6940,1
RXN-8306,PWY-782,24
RXN-16049,PWY-7590,2
RXN-8310,PWY-782,24
RXN-8314,PWY-782,24
RXN-8311,PWY-782,24
RXN-8301,PWY-782,24
RXN-1727,PWY-762,11
RXN-8309,PWY-782,24
RXN-8299,PWY-782,24
RXN-8313,PWY-782,24
RXN-8317,PWY-762,11
RXN-8364,PWY-782,24
RXN-8303,PWY-782,24
RXN-8366,PWY-782,24
RXN-8368,PWY-782,24
RXN-8297,PWY-782,24
RXN-8365,PWY-782,24
RXN-8367,PWY-782,24
RXN-8295,PWY-782,24
RXN-9667,PWY-5997,2
RXN-16071,PWY-7598,1
RXN-16070,PWY-7596,4
RXN-16070,PWY-7595,1
2-AMINOADIPATE-AMINOTRANSFERASE-RXN,LYSINE-DEG1-PWY,2
2-AMINOADIPATE-AMINOTRANSFERASE-RXN,PWY-3081,4
2-AMINOADIPATE-AMINOTRANSFERASE-RXN,PWY-5283,5
2-AMINOADIPATE-AMINOTRANSFERASE-RXN,PWY-5327,22
2-AMINOADIPATE-AMINOTRANSFERASE-RXN,LYSINE-AMINOAD-PWY,5
2-AMINOADIPATE-AMINOTRANSFERASE-RXN,PWY66-425,3
RXN-17768,PWY-7789,5
STREPTOMYCIN-6-PHOSPHATASE-RXN,PWY-5940,5
RXN-14271,PWY-7656,11
RXN-14271,PWY-7654,7
RXN-16559,PWY-7656,11
RXN-14930,PWY-7380,2
RXN-14930,PWY-5005,4
RXN-9775,PWY-6060,2
2.7.7.61-RXN,P2-PWY,2
RXN-15224,PWY-6524,2
RXN-11490,PWY-6524,2
RXN-11490,PWY-6525,1
RXN-18378,PWY-7853,3
4.4.1.14-RXN,ETHYL-PWY,2
4.4.1.14-RXN,PWY-7270,10
RXN-8615,PWY-5427,4
RXN-8615,PWY-6954,33
RXN-8615,PWY-8111,2
RXN-8615,PWY-6956,10
RXN-1303,PWY-481,3
RXN-15362,PWY-7465,1
RXN-15362,PWY-7462,1
AKPTHIOL-RXN,PWY-6344,5
PYRUVFORMLY-RXN,PWY-5493,2
PYRUVFORMLY-RXN,P461-PWY,19
PYRUVFORMLY-RXN,PWY-5485,3
PYRUVFORMLY-RXN,PWY-8086,10
PYRUVFORMLY-RXN,PWY-5480,3
PYRUVFORMLY-RXN,FERMENTATION-PWY,13
PYRUVFORMLY-RXN,PWY4LZ-257,8
PYRUVFORMLY-RXN,P441-PWY,21
KETOBUTFORMLY-RXN,THREOCAT-PWY,14
KETOBUTFORMLY-RXN,PWY-5437,3
RXN-13946,PWY-7167,1
RIBOSYLHOMOCYSTEINASE-RXN,PWY-6154,2
RIBOSYLHOMOCYSTEINASE-RXN,PWY-6151,4
RIBOSYLHOMOCYSTEINASE-RXN,PWY-6153,2
RIBOSYLHOMOCYSTEINASE-RXN,PWY-I9,5
GLUCONATE-DEHYDRATASE-RXN,NPGLUCAT-PWY,8
GLUCONATE-DEHYDRATASE-RXN,PWY-2221,9
RXN-9697,PWY-7397,2
RXN-9697,PWY-7398,7
RXN-14987,PWY-7398,7
RXN-13755,PWY-7317,9
RXN-13755,PWY-7316,4
RXN-12551,PWY-6861,2
2.3.1.133-RXN,PWY-6039,2
2.3.1.133-RXN,PWY-6320,3
2.3.1.133-RXN,PWY-8157,5
2.3.1.133-RXN,PWY-361,6
RXN-2621,PWY-6320,3
RXN-2621,PWY-8157,5
RXN-2621,PWY-361,6
RXN-23483,PWY-8399,10
RXN-22265,PWY66-374,8
RXN-23487,PWY-8399,10
RXN-23451,PWY-8396,8
RXN-21138,PWY-8397,16
RXN-21138,PWY66-374,8
1.1.1.141-RXN,PWY-8397,16
1.1.1.141-RXN,PWY66-374,8
FARNESOL-DEHYDROGENASE-RXN,PWY-6650,2
FARNESOL-DEHYDROGENASE-RXN,PWY-6577,2
FARNESOL-DEHYDROGENASE-RXN,PWY-6575,3
2.5.1.43-RXN,PWY-5957,1
2.5.1.43-RXN,PWY-5912,2
RXN-14641,PWY-7294,5
RXN-14641,PWY-5257,30
GLUCOSE-1-DEHYDROGENASE-NADP+-RXN,NPGLUCAT-PWY,8
GLUCOSE-1-DEHYDROGENASE-NADP+-RXN,PWY-2221,9
RXN-2761,PWY-1581,3
RXN-2761,PWY-5864,5
N-CARBAMOYLSARCOSINE-AMIDASE-RXN,PWY-4722,5
RXN-23188,PWY-8372,1
1.1.1.191-RXN,PWY-6307,4
RXN-23191,PWY-8373,1
ENZRXN-201-RXN,PWY-7003,12
ENZRXN-201-RXN,PWY-6604,12
ENZRXN-201-RXN,PWY-6583,4
ENZRXN-201-RXN,PWY-6594,9
RXN-12299,PWY-6786,2
RXN-12299,PWY-5410,1
RXN-12299,PWY-5433,1
RXN-14023,PWY-7178,3
RXN0-703,PWY-6961,4
3.2.1.157-RXN,PWY-6822,1
RXN-9736,PWY-6049,3
RXN-9736,PWY-6052,1
RXN-11344,PWY-6470,11
RXN-11342,PWY-6461,1
RXN-11342,PWY-6471,11
RXN-6421,PWY-6440,2
RXN-10747,PWY-6440,2
RXN-7488,PWY-5002,1
RXN-7488,PWY-13,1
L-XYLULOSE-REDUCTASE-RXN,PWY-5257,30
L-XYLULOSE-REDUCTASE-RXN,PWY-5515,2
L-XYLULOSE-REDUCTASE-RXN,PWY-5525,2
RXN-11623,PWY-6577,2
1.2.1.31-RXN,LYSINE-DEG1-PWY,2
1.2.1.31-RXN,PWY-5327,22
RXN-12440,PWY-6960,1
RXN-12440,PWY-6961,4
RXN8J2-138,PWY8J2-22,3
RXN0-2001,PWY0-1338,5
HAONITRO-RXN,PWY-7084,5
HAONITRO-RXN,AMMOXID-PWY,2
HAONITRO-RXN,PWY-7082,2
HAONITRO-RXN,PWY-8621,2
RXN-13785,PWY-7133,1
RXN-4764,PWY-5717,3
RXN-4764,PWY-2904,1
RXN-13789,PWY-7134,2
RXN-3591,PWY-2343,1
RXN-3591,PWY-6996,1
RXN-3590,PWY-2345,1
RXN-1101,PWY-361,6
RXN-1106,PWY-6027,1
RXN-1106,PWY-361,6
RXN-17557,P343-PWY,3
RXN-9581,PWY-5993,3
RXN-9581,PWY-5979,2
TDPFUCACTRANS-RXN,PWY-7317,9
TDPFUCACTRANS-RXN,PWY-7315,4
TDPFUCACTRANS-RXN,PWY-8227,7
TRANS-OCTAPRENYLTRANSTRANSFERASE-RXN,PWY-5862,9
TRANS-OCTAPRENYLTRANSTRANSFERASE-RXN,PWY-5845,10
TRANS-OCTAPRENYLTRANSTRANSFERASE-RXN,PWY-5864,5
TRANS-OCTAPRENYLTRANSTRANSFERASE-RXN,PWY-5805,1
RXN-11486,PWY-6520,1
RXN0-962,PWY0-521,1
RXN-10451,PWY-7859,2
RXN-14561,PWY-8231,4
RXN-14561,PWY-7290,4
RXN-21887,PWY-8230,2
2.4.1.122-RXN,PWY-7433,1
RXN-14558,PWY-8211,2
RXN-11707,PWY-6622,2
RXN-11706,PWY-7032,2
RXN-25450,PWY-8595,5
