Pathways,month,path_expr_month,Common-Name,Engineered?
12DICHLORETHDEG-PWY,August,8.681987213125707,"1,2-dichloroethane degradation",NA
12DICHLORETHDEG-PWY,July_1,8.711477103582443,"1,2-dichloroethane degradation",NA
12DICHLORETHDEG-PWY,July_2,10.738240645803335,"1,2-dichloroethane degradation",NA
12DICHLORETHDEG-PWY,July_3,8.354624198444583,"1,2-dichloroethane degradation",NA
12DICHLORETHDEG-PWY,May,19.92714343070367,"1,2-dichloroethane degradation",NA
12DICHLORETHDEG-PWY,May_22,12.275331172169277,"1,2-dichloroethane degradation",NA
12DICHLORETHDEG-PWY,October,13.529954225087073,"1,2-dichloroethane degradation",NA
1CMET2-PWY,August,95.10717593749311,folate transformations III (<i>E. coli</i>),NA
1CMET2-PWY,July_1,170.75348265192557,folate transformations III (<i>E. coli</i>),NA
1CMET2-PWY,July_2,97.49159874402005,folate transformations III (<i>E. coli</i>),NA
1CMET2-PWY,July_3,125.85225490111148,folate transformations III (<i>E. coli</i>),NA
1CMET2-PWY,May,28.8094775174316,folate transformations III (<i>E. coli</i>),NA
1CMET2-PWY,May_22,18.862635416812726,folate transformations III (<i>E. coli</i>),NA
1CMET2-PWY,October,58.697021173909135,folate transformations III (<i>E. coli</i>),NA
2AMINOBENZDEG-PWY,August,15.230621953143578,anthranilate degradation III (anaerobic),NA
2AMINOBENZDEG-PWY,July_1,12.365080241269208,anthranilate degradation III (anaerobic),NA
2AMINOBENZDEG-PWY,July_2,13.338978838872048,anthranilate degradation III (anaerobic),NA
2AMINOBENZDEG-PWY,July_3,11.1083190812761,anthranilate degradation III (anaerobic),NA
2AMINOBENZDEG-PWY,May,3.4945194062449363,anthranilate degradation III (anaerobic),NA
2AMINOBENZDEG-PWY,May_22,3.0496716439113962,anthranilate degradation III (anaerobic),NA
2AMINOBENZDEG-PWY,October,4.112634934083088,anthranilate degradation III (anaerobic),NA
2PHENDEG-PWY,August,115.90548158864662,phenylethylamine degradation I,NA
2PHENDEG-PWY,July_1,105.5066216528426,phenylethylamine degradation I,NA
2PHENDEG-PWY,July_2,119.81444401415006,phenylethylamine degradation I,NA
2PHENDEG-PWY,July_3,128.01812050487294,phenylethylamine degradation I,NA
2PHENDEG-PWY,May,194.81801187684263,phenylethylamine degradation I,NA
2PHENDEG-PWY,May_22,159.86084661996296,phenylethylamine degradation I,NA
2PHENDEG-PWY,October,155.81309562616974,phenylethylamine degradation I,NA
3-HYDROXYPHENYLACETATE-DEGRADATION-PWY,August,15.833345470994972,4-hydroxyphenylacetate degradation,NA
3-HYDROXYPHENYLACETATE-DEGRADATION-PWY,July_1,8.562852345098136,4-hydroxyphenylacetate degradation,NA
3-HYDROXYPHENYLACETATE-DEGRADATION-PWY,July_2,15.038784056194363,4-hydroxyphenylacetate degradation,NA
3-HYDROXYPHENYLACETATE-DEGRADATION-PWY,July_3,16.28123513780324,4-hydroxyphenylacetate degradation,NA
3-HYDROXYPHENYLACETATE-DEGRADATION-PWY,May,5.815011225802525,4-hydroxyphenylacetate degradation,NA
3-HYDROXYPHENYLACETATE-DEGRADATION-PWY,May_22,15.00856334253709,4-hydroxyphenylacetate degradation,NA
3-HYDROXYPHENYLACETATE-DEGRADATION-PWY,October,11.388166341130596,4-hydroxyphenylacetate degradation,NA
4AMINOBUTMETAB-PWY,August,197.86732355711797,superpathway of 4-aminobutanoate degradation to succinate,NA
4AMINOBUTMETAB-PWY,July_1,220.46060973686096,superpathway of 4-aminobutanoate degradation to succinate,NA
4AMINOBUTMETAB-PWY,July_2,176.3396243403831,superpathway of 4-aminobutanoate degradation to succinate,NA
4AMINOBUTMETAB-PWY,July_3,221.67602892964828,superpathway of 4-aminobutanoate degradation to succinate,NA
4AMINOBUTMETAB-PWY,May,446.30572874814357,superpathway of 4-aminobutanoate degradation to succinate,NA
4AMINOBUTMETAB-PWY,May_22,385.3260086359828,superpathway of 4-aminobutanoate degradation to succinate,NA
4AMINOBUTMETAB-PWY,October,386.7249261863257,superpathway of 4-aminobutanoate degradation to succinate,NA
ACETATEUTIL-PWY,August,88.11322960747627,superpathway of acetate utilization and formation,NA
ACETATEUTIL-PWY,July_1,81.34023643308187,superpathway of acetate utilization and formation,NA
ACETATEUTIL-PWY,July_2,73.14065541302807,superpathway of acetate utilization and formation,NA
ACETATEUTIL-PWY,July_3,82.8483445456294,superpathway of acetate utilization and formation,NA
ACETATEUTIL-PWY,May,454.97653778841953,superpathway of acetate utilization and formation,NA
ACETATEUTIL-PWY,May_22,587.3082825092264,superpathway of acetate utilization and formation,NA
ACETATEUTIL-PWY,October,326.50320301285933,superpathway of acetate utilization and formation,NA
ACETOACETATE-DEG-PWY,August,1947.2342921028485,acetoacetate degradation (to acetyl CoA),NA
ACETOACETATE-DEG-PWY,July_1,3210.85091641034,acetoacetate degradation (to acetyl CoA),NA
ACETOACETATE-DEG-PWY,July_2,1896.686453753523,acetoacetate degradation (to acetyl CoA),NA
ACETOACETATE-DEG-PWY,July_3,2194.6638387065072,acetoacetate degradation (to acetyl CoA),NA
ACETOACETATE-DEG-PWY,May,3559.1129642190394,acetoacetate degradation (to acetyl CoA),NA
ACETOACETATE-DEG-PWY,May_22,2870.354135946373,acetoacetate degradation (to acetyl CoA),NA
ACETOACETATE-DEG-PWY,October,3668.0490192128573,acetoacetate degradation (to acetyl CoA),NA
ADENOSYLHOMOCYSCAT-PWY,August,325.38026868331394,L-methionine salvage from L-homocysteine,NA
ADENOSYLHOMOCYSCAT-PWY,July_1,511.57107672437894,L-methionine salvage from L-homocysteine,NA
ADENOSYLHOMOCYSCAT-PWY,July_2,351.4937791817046,L-methionine salvage from L-homocysteine,NA
ADENOSYLHOMOCYSCAT-PWY,July_3,424.1757788396712,L-methionine salvage from L-homocysteine,NA
ADENOSYLHOMOCYSCAT-PWY,May,117.55267240574328,L-methionine salvage from L-homocysteine,NA
ADENOSYLHOMOCYSCAT-PWY,May_22,134.90080922871726,L-methionine salvage from L-homocysteine,NA
ADENOSYLHOMOCYSCAT-PWY,October,123.37686589129744,L-methionine salvage from L-homocysteine,NA
ALACAT2-PWY,August,77.84747858525469,L-alanine degradation II (to D-lactate),NA
ALACAT2-PWY,July_1,73.24920651279345,L-alanine degradation II (to D-lactate),NA
ALACAT2-PWY,July_2,81.15785753952983,L-alanine degradation II (to D-lactate),NA
ALACAT2-PWY,July_3,75.91920428614628,L-alanine degradation II (to D-lactate),NA
ALACAT2-PWY,May,57.50779462773897,L-alanine degradation II (to D-lactate),NA
ALACAT2-PWY,May_22,73.90743412419566,L-alanine degradation II (to D-lactate),NA
ALACAT2-PWY,October,12.092761397637252,L-alanine degradation II (to D-lactate),NA
ALADEG-PWY,August,33.769116785863105,L-alanine degradation I,NA
ALADEG-PWY,July_1,33.285358106484225,L-alanine degradation I,NA
ALADEG-PWY,July_2,43.875126299170475,L-alanine degradation I,NA
ALADEG-PWY,July_3,27.406439568328466,L-alanine degradation I,NA
ALADEG-PWY,May,20.145556985617496,L-alanine degradation I,NA
ALADEG-PWY,May_22,23.297096488516413,L-alanine degradation I,NA
ALADEG-PWY,October,12.842441953268333,L-alanine degradation I,NA
ALANINE-DEG3-PWY,August,34.433365371912,L-alanine degradation III,NA
ALANINE-DEG3-PWY,July_1,36.279781643293305,L-alanine degradation III,NA
ALANINE-DEG3-PWY,July_2,34.485851561971295,L-alanine degradation III,NA
ALANINE-DEG3-PWY,July_3,31.817774972061873,L-alanine degradation III,NA
ALANINE-DEG3-PWY,May,9.382901063844406,L-alanine degradation III,NA
ALANINE-DEG3-PWY,May_22,9.188008384654026,L-alanine degradation III,NA
ALANINE-DEG3-PWY,October,5.132989427173166,L-alanine degradation III,NA
ALANINE-SYN2-PWY,August,34.433365371912,L-alanine biosynthesis II,NA
ALANINE-SYN2-PWY,July_1,36.279781643293305,L-alanine biosynthesis II,NA
ALANINE-SYN2-PWY,July_2,34.485851561971295,L-alanine biosynthesis II,NA
ALANINE-SYN2-PWY,July_3,31.817774972061873,L-alanine biosynthesis II,NA
ALANINE-SYN2-PWY,May,9.382901063844406,L-alanine biosynthesis II,NA
ALANINE-SYN2-PWY,May_22,9.188008384654026,L-alanine biosynthesis II,NA
ALANINE-SYN2-PWY,October,5.132989427173166,L-alanine biosynthesis II,NA
ALANINE-VALINESYN-PWY,August,45.75070794601822,L-alanine biosynthesis I,NA
ALANINE-VALINESYN-PWY,July_1,42.74321398603133,L-alanine biosynthesis I,NA
ALANINE-VALINESYN-PWY,July_2,47.90095954424238,L-alanine biosynthesis I,NA
ALANINE-VALINESYN-PWY,July_3,39.161883443598846,L-alanine biosynthesis I,NA
ALANINE-VALINESYN-PWY,May,11.476812578402372,L-alanine biosynthesis I,NA
ALANINE-VALINESYN-PWY,May_22,12.910368720848371,L-alanine biosynthesis I,NA
ALANINE-VALINESYN-PWY,October,7.180182492219034,L-alanine biosynthesis I,NA
ALKANEMONOX-PWY,August,148.7589235816936,two-component alkanesulfonate monooxygenase,NA
ALKANEMONOX-PWY,July_1,163.62917647282393,two-component alkanesulfonate monooxygenase,NA
ALKANEMONOX-PWY,July_2,118.15184649641479,two-component alkanesulfonate monooxygenase,NA
ALKANEMONOX-PWY,July_3,157.81057966771152,two-component alkanesulfonate monooxygenase,NA
ALKANEMONOX-PWY,May,38.3805691837028,two-component alkanesulfonate monooxygenase,NA
ALKANEMONOX-PWY,May_22,52.48881383905865,two-component alkanesulfonate monooxygenase,NA
ALKANEMONOX-PWY,October,47.67714893565652,two-component alkanesulfonate monooxygenase,NA
AMMASSIM-PWY,August,34.144485408967235,ammonia assimilation cycle III,NA
AMMASSIM-PWY,July_1,9.823391984083905,ammonia assimilation cycle III,NA
AMMASSIM-PWY,July_2,37.097684110924384,ammonia assimilation cycle III,NA
AMMASSIM-PWY,July_3,13.306731791933395,ammonia assimilation cycle III,NA
AMMASSIM-PWY,May,7.021092798720457,ammonia assimilation cycle III,NA
AMMASSIM-PWY,May_22,8.073205023467386,ammonia assimilation cycle III,NA
AMMASSIM-PWY,October,4.191976247287277,ammonia assimilation cycle III,NA
AMMOXID-PWY,August,1021.1251455679925,ammonia oxidation I (nitrification),NA
AMMOXID-PWY,July_1,875.010709958786,ammonia oxidation I (nitrification),NA
AMMOXID-PWY,July_2,1416.074919613925,ammonia oxidation I (nitrification),NA
AMMOXID-PWY,July_3,1122.8219245242408,ammonia oxidation I (nitrification),NA
AMMOXID-PWY,May,1768.6220054635182,ammonia oxidation I (nitrification),NA
AMMOXID-PWY,May_22,1286.2367001242505,ammonia oxidation I (nitrification),NA
AMMOXID-PWY,October,1269.9905770845646,ammonia oxidation I (nitrification),NA
ANAEROFRUCAT-PWY,August,2198.525106314164,homolactic fermentation,NA
ANAEROFRUCAT-PWY,July_1,2690.752600273512,homolactic fermentation,NA
ANAEROFRUCAT-PWY,July_2,2253.6834377553073,homolactic fermentation,NA
ANAEROFRUCAT-PWY,July_3,2230.359782174283,homolactic fermentation,NA
ANAEROFRUCAT-PWY,May,3552.1317967978803,homolactic fermentation,NA
ANAEROFRUCAT-PWY,May_22,3317.392856520267,homolactic fermentation,NA
ANAEROFRUCAT-PWY,October,3620.3547852966326,homolactic fermentation,NA
ANAGLYCOLYSIS-PWY,August,1948.7773233466635,glycolysis III (from glucose),NA
ANAGLYCOLYSIS-PWY,July_1,2452.3975019282284,glycolysis III (from glucose),NA
ANAGLYCOLYSIS-PWY,July_2,2028.2038930273957,glycolysis III (from glucose),NA
ANAGLYCOLYSIS-PWY,July_3,2059.6870893611,glycolysis III (from glucose),NA
ANAGLYCOLYSIS-PWY,May,2418.2759297065127,glycolysis III (from glucose),NA
ANAGLYCOLYSIS-PWY,May_22,2362.66637735861,glycolysis III (from glucose),NA
ANAGLYCOLYSIS-PWY,October,2602.988033040456,glycolysis III (from glucose),NA
ANAPHENOXI-PWY,August,77.79073738712299,L-phenylalanine degradation II (anaerobic),NA
ANAPHENOXI-PWY,July_1,111.80094177624302,L-phenylalanine degradation II (anaerobic),NA
ANAPHENOXI-PWY,July_2,84.98147516773496,L-phenylalanine degradation II (anaerobic),NA
ANAPHENOXI-PWY,July_3,92.73924476126578,L-phenylalanine degradation II (anaerobic),NA
ANAPHENOXI-PWY,May,70.43354375352274,L-phenylalanine degradation II (anaerobic),NA
ANAPHENOXI-PWY,May_22,65.68824184184089,L-phenylalanine degradation II (anaerobic),NA
ANAPHENOXI-PWY,October,31.658427778146876,L-phenylalanine degradation II (anaerobic),NA
ARABCAT-PWY,August,51.210326962615696,L-arabinose degradation I,NA
ARABCAT-PWY,July_1,47.60271976262606,L-arabinose degradation I,NA
ARABCAT-PWY,July_2,64.62953041683768,L-arabinose degradation I,NA
ARABCAT-PWY,July_3,60.37272919785224,L-arabinose degradation I,NA
ARABCAT-PWY,May,18.98516245269497,L-arabinose degradation I,NA
ARABCAT-PWY,May_22,15.371287821207986,L-arabinose degradation I,NA
ARABCAT-PWY,October,12.216262325705593,L-arabinose degradation I,NA
ARG+POLYAMINE-SYN,August,227.3984054603962,superpathway of arginine and polyamine biosynthesis (from L-glutamate),NA
ARG+POLYAMINE-SYN,July_1,433.4543433670443,superpathway of arginine and polyamine biosynthesis (from L-glutamate),NA
ARG+POLYAMINE-SYN,July_2,266.127336061362,superpathway of arginine and polyamine biosynthesis (from L-glutamate),NA
ARG+POLYAMINE-SYN,July_3,377.06393307339357,superpathway of arginine and polyamine biosynthesis (from L-glutamate),NA
ARG+POLYAMINE-SYN,May,246.0319648223895,superpathway of arginine and polyamine biosynthesis (from L-glutamate),NA
ARG+POLYAMINE-SYN,May_22,397.0395933019374,superpathway of arginine and polyamine biosynthesis (from L-glutamate),NA
ARG+POLYAMINE-SYN,October,453.55803139353696,superpathway of arginine and polyamine biosynthesis (from L-glutamate),NA
ARG-GLU-PWY,August,108.72573798912717,L-arginine degradation VII (arginase 3 pathway),NA
ARG-GLU-PWY,July_1,112.3221689417903,L-arginine degradation VII (arginase 3 pathway),NA
ARG-GLU-PWY,July_2,118.10353051783247,L-arginine degradation VII (arginase 3 pathway),NA
ARG-GLU-PWY,July_3,129.40073440179424,L-arginine degradation VII (arginase 3 pathway),NA
ARG-GLU-PWY,May,176.75857684782628,L-arginine degradation VII (arginase 3 pathway),NA
ARG-GLU-PWY,May_22,129.11154436691578,L-arginine degradation VII (arginase 3 pathway),NA
ARG-GLU-PWY,October,88.6342048851519,L-arginine degradation VII (arginase 3 pathway),NA
ARG-PRO-PWY,August,100.74513022970629,L-arginine degradation VI (arginase 2 pathway),NA
ARG-PRO-PWY,July_1,102.39988905795812,L-arginine degradation VI (arginase 2 pathway),NA
ARG-PRO-PWY,July_2,94.0955103021981,L-arginine degradation VI (arginase 2 pathway),NA
ARG-PRO-PWY,July_3,104.42712962654022,L-arginine degradation VI (arginase 2 pathway),NA
ARG-PRO-PWY,May,90.55973231241558,L-arginine degradation VI (arginase 2 pathway),NA
ARG-PRO-PWY,May_22,122.33771457645987,L-arginine degradation VI (arginase 2 pathway),NA
ARG-PRO-PWY,October,64.95748604790397,L-arginine degradation VI (arginase 2 pathway),NA
ARGASEDEG-PWY,August,109.0261716082814,L-arginine degradation I (arginase pathway),NA
ARGASEDEG-PWY,July_1,108.59203871251326,L-arginine degradation I (arginase pathway),NA
ARGASEDEG-PWY,July_2,104.43790604969828,L-arginine degradation I (arginase pathway),NA
ARGASEDEG-PWY,July_3,119.85559286411016,L-arginine degradation I (arginase pathway),NA
ARGASEDEG-PWY,May,104.43479284385634,L-arginine degradation I (arginase pathway),NA
ARGASEDEG-PWY,May_22,140.49198214142643,L-arginine degradation I (arginase pathway),NA
ARGASEDEG-PWY,October,99.13465160906017,L-arginine degradation I (arginase pathway),NA
ARGDEG-III-PWY,August,29.383853875802625,L-arginine degradation IV (arginine decarboxylase/agmatine deiminase pathway),NA
ARGDEG-III-PWY,July_1,18.963690712667745,L-arginine degradation IV (arginine decarboxylase/agmatine deiminase pathway),NA
ARGDEG-III-PWY,July_2,33.565564898284805,L-arginine degradation IV (arginine decarboxylase/agmatine deiminase pathway),NA
ARGDEG-III-PWY,July_3,28.358279558565194,L-arginine degradation IV (arginine decarboxylase/agmatine deiminase pathway),NA
ARGDEG-III-PWY,May,6.8367116334904,L-arginine degradation IV (arginine decarboxylase/agmatine deiminase pathway),NA
ARGDEG-III-PWY,May_22,9.269510498545541,L-arginine degradation IV (arginine decarboxylase/agmatine deiminase pathway),NA
ARGDEG-III-PWY,October,3.2898376457736695,L-arginine degradation IV (arginine decarboxylase/agmatine deiminase pathway),NA
ARGDEG-V-PWY,August,12.424822549901112,L-arginine degradation X (arginine monooxygenase pathway),NA
ARGDEG-V-PWY,July_1,14.837627822419298,L-arginine degradation X (arginine monooxygenase pathway),NA
ARGDEG-V-PWY,July_2,13.420512285541706,L-arginine degradation X (arginine monooxygenase pathway),NA
ARGDEG-V-PWY,July_3,6.655400852672825,L-arginine degradation X (arginine monooxygenase pathway),NA
ARGDEG-V-PWY,May,20.189123796026955,L-arginine degradation X (arginine monooxygenase pathway),NA
ARGDEG-V-PWY,May_22,18.345823071272832,L-arginine degradation X (arginine monooxygenase pathway),NA
ARGDEG-V-PWY,October,10.747063638638185,L-arginine degradation X (arginine monooxygenase pathway),NA
ARGDEGRAD-PWY,August,47.59183443625379,L-arginine degradation V (arginine deiminase pathway),NA
ARGDEGRAD-PWY,July_1,54.05234305615591,L-arginine degradation V (arginine deiminase pathway),NA
ARGDEGRAD-PWY,July_2,33.789614977910944,L-arginine degradation V (arginine deiminase pathway),NA
ARGDEGRAD-PWY,July_3,52.73479121826956,L-arginine degradation V (arginine deiminase pathway),NA
ARGDEGRAD-PWY,May,24.693834566297628,L-arginine degradation V (arginine deiminase pathway),NA
ARGDEGRAD-PWY,May_22,26.565678978327607,L-arginine degradation V (arginine deiminase pathway),NA
ARGDEGRAD-PWY,October,10.05834947886427,L-arginine degradation V (arginine deiminase pathway),NA
ARGININE-SYN4-PWY,August,215.42614600414447,L-ornithine biosynthesis II,NA
ARGININE-SYN4-PWY,July_1,297.6256369309079,L-ornithine biosynthesis II,NA
ARGININE-SYN4-PWY,July_2,215.22261358169874,L-ornithine biosynthesis II,NA
ARGININE-SYN4-PWY,July_3,215.29562557202132,L-ornithine biosynthesis II,NA
ARGININE-SYN4-PWY,May,142.0318870421343,L-ornithine biosynthesis II,NA
ARGININE-SYN4-PWY,May_22,201.5729441911048,L-ornithine biosynthesis II,NA
ARGININE-SYN4-PWY,October,201.08484980653557,L-ornithine biosynthesis II,NA
ARGSPECAT-PWY,August,60.146196921132116,spermine biosynthesis,NA
ARGSPECAT-PWY,July_1,27.945829843176895,spermine biosynthesis,NA
ARGSPECAT-PWY,July_2,69.96730497045134,spermine biosynthesis,NA
ARGSPECAT-PWY,July_3,53.36567993107337,spermine biosynthesis,NA
ARGSPECAT-PWY,May,29.77894592805977,spermine biosynthesis,NA
ARGSPECAT-PWY,May_22,15.643136305244166,spermine biosynthesis,NA
ARGSPECAT-PWY,October,33.26261180926838,spermine biosynthesis,NA
ARGSYN-PWY,August,1192.9284894574193,L-arginine biosynthesis I (via L-ornithine),NA
ARGSYN-PWY,July_1,1507.4845169259534,L-arginine biosynthesis I (via L-ornithine),NA
ARGSYN-PWY,July_2,965.4677146511506,L-arginine biosynthesis I (via L-ornithine),NA
ARGSYN-PWY,July_3,1203.640237179681,L-arginine biosynthesis I (via L-ornithine),NA
ARGSYN-PWY,May,839.7454020366494,L-arginine biosynthesis I (via L-ornithine),NA
ARGSYN-PWY,May_22,956.4089039888892,L-arginine biosynthesis I (via L-ornithine),NA
ARGSYN-PWY,October,1063.1668479972975,L-arginine biosynthesis I (via L-ornithine),NA
ARGSYNBSUB-PWY,August,2237.1810730770276,L-arginine biosynthesis II (acetyl cycle),NA
ARGSYNBSUB-PWY,July_1,2465.1100672979906,L-arginine biosynthesis II (acetyl cycle),NA
ARGSYNBSUB-PWY,July_2,1927.0016914562552,L-arginine biosynthesis II (acetyl cycle),NA
ARGSYNBSUB-PWY,July_3,2140.4256989738906,L-arginine biosynthesis II (acetyl cycle),NA
ARGSYNBSUB-PWY,May,1274.6265907081374,L-arginine biosynthesis II (acetyl cycle),NA
ARGSYNBSUB-PWY,May_22,1434.7842118170474,L-arginine biosynthesis II (acetyl cycle),NA
ARGSYNBSUB-PWY,October,1562.990373704242,L-arginine biosynthesis II (acetyl cycle),NA
ARO-PWY,August,651.5928971966862,chorismate biosynthesis I,NA
ARO-PWY,July_1,766.5496736901406,chorismate biosynthesis I,NA
ARO-PWY,July_2,621.3983245852789,chorismate biosynthesis I,NA
ARO-PWY,July_3,618.252914511948,chorismate biosynthesis I,NA
ARO-PWY,May,546.7708076886101,chorismate biosynthesis I,NA
ARO-PWY,May_22,514.6507083294977,chorismate biosynthesis I,NA
ARO-PWY,October,532.948046834538,chorismate biosynthesis I,NA
ASPARAGINE-BIOSYNTHESIS,August,134.9414174255955,L-asparagine biosynthesis I,NA
ASPARAGINE-BIOSYNTHESIS,July_1,188.40136354153083,L-asparagine biosynthesis I,NA
ASPARAGINE-BIOSYNTHESIS,July_2,146.74015872620618,L-asparagine biosynthesis I,NA
ASPARAGINE-BIOSYNTHESIS,July_3,134.87670917270694,L-asparagine biosynthesis I,NA
ASPARAGINE-BIOSYNTHESIS,May,216.47804154535066,L-asparagine biosynthesis I,NA
ASPARAGINE-BIOSYNTHESIS,May_22,314.5111457878334,L-asparagine biosynthesis I,NA
ASPARAGINE-BIOSYNTHESIS,October,206.3587827355854,L-asparagine biosynthesis I,NA
ASPARAGINE-DEG1-PWY,August,9.911230481188255,L-asparagine degradation I,NA
ASPARAGINE-DEG1-PWY,July_1,15.562283060345635,L-asparagine degradation I,NA
ASPARAGINE-DEG1-PWY,July_2,8.00910546328163,L-asparagine degradation I,NA
ASPARAGINE-DEG1-PWY,July_3,8.825254032802967,L-asparagine degradation I,NA
ASPARAGINE-DEG1-PWY,May,5.855460924186106,L-asparagine degradation I,NA
ASPARAGINE-DEG1-PWY,May_22,7.363373709436752,L-asparagine degradation I,NA
ASPARAGINE-DEG1-PWY,October,5.552842504752308,L-asparagine degradation I,NA
ASPARAGINE-DEG1-PWY-1,August,14.852129077129492,L-asparagine degradation III (mammalian),NA
ASPARAGINE-DEG1-PWY-1,July_1,50.55657829573772,L-asparagine degradation III (mammalian),NA
ASPARAGINE-DEG1-PWY-1,July_2,28.168020690252558,L-asparagine degradation III (mammalian),NA
ASPARAGINE-DEG1-PWY-1,July_3,32.718838448366654,L-asparagine degradation III (mammalian),NA
ASPARAGINE-DEG1-PWY-1,May,9.585755196712766,L-asparagine degradation III (mammalian),NA
ASPARAGINE-DEG1-PWY-1,May_22,10.357563670113592,L-asparagine degradation III (mammalian),NA
ASPARAGINE-DEG1-PWY-1,October,11.42662898530879,L-asparagine degradation III (mammalian),NA
ASPARTATE-DEG1-PWY,August,149.1728970538439,L-aspartate degradation I,NA
ASPARTATE-DEG1-PWY,July_1,180.0052090769192,L-aspartate degradation I,NA
ASPARTATE-DEG1-PWY,July_2,161.1400405303511,L-aspartate degradation I,NA
ASPARTATE-DEG1-PWY,July_3,146.42399531590598,L-aspartate degradation I,NA
ASPARTATE-DEG1-PWY,May,143.87563745578655,L-aspartate degradation I,NA
ASPARTATE-DEG1-PWY,May_22,90.93825398951256,L-aspartate degradation I,NA
ASPARTATE-DEG1-PWY,October,127.19830323868662,L-aspartate degradation I,NA
ASPARTATESYN-PWY,August,149.1728970538439,L-aspartate biosynthesis,NA
ASPARTATESYN-PWY,July_1,180.0052090769192,L-aspartate biosynthesis,NA
ASPARTATESYN-PWY,July_2,161.1400405303511,L-aspartate biosynthesis,NA
ASPARTATESYN-PWY,July_3,146.42399531590598,L-aspartate biosynthesis,NA
ASPARTATESYN-PWY,May,143.87563745578655,L-aspartate biosynthesis,NA
ASPARTATESYN-PWY,May_22,90.93825398951256,L-aspartate biosynthesis,NA
ASPARTATESYN-PWY,October,127.19830323868662,L-aspartate biosynthesis,NA
ASPASN-PWY,August,29.146559177157346,superpathway of L-aspartate and L-asparagine biosynthesis,NA
ASPASN-PWY,July_1,69.17500930879488,superpathway of L-aspartate and L-asparagine biosynthesis,NA
ASPASN-PWY,July_2,44.33454266900891,superpathway of L-aspartate and L-asparagine biosynthesis,NA
ASPASN-PWY,July_3,47.04339139972217,superpathway of L-aspartate and L-asparagine biosynthesis,NA
ASPASN-PWY,May,12.74644005634904,superpathway of L-aspartate and L-asparagine biosynthesis,NA
ASPASN-PWY,May_22,12.766047241968316,superpathway of L-aspartate and L-asparagine biosynthesis,NA
ASPASN-PWY,October,9.422478444074356,superpathway of L-aspartate and L-asparagine biosynthesis,NA
BETA-ALA-DEGRADATION-I-PWY,August,674.299585911984,&beta;-alanine degradation I,NA
BETA-ALA-DEGRADATION-I-PWY,July_1,395.29409130605427,&beta;-alanine degradation I,NA
BETA-ALA-DEGRADATION-I-PWY,July_2,479.6620464152686,&beta;-alanine degradation I,NA
BETA-ALA-DEGRADATION-I-PWY,July_3,516.3203806787932,&beta;-alanine degradation I,NA
BETA-ALA-DEGRADATION-I-PWY,May,793.6901872718599,&beta;-alanine degradation I,NA
BETA-ALA-DEGRADATION-I-PWY,May_22,625.4638491660266,&beta;-alanine degradation I,NA
BETA-ALA-DEGRADATION-I-PWY,October,779.5505387568716,&beta;-alanine degradation I,NA
BETSYN-PWY,August,545.6361302483776,glycine betaine biosynthesis I (Gram-negative bacteria),NA
BETSYN-PWY,July_1,455.7488400161375,glycine betaine biosynthesis I (Gram-negative bacteria),NA
BETSYN-PWY,July_2,491.0223419083304,glycine betaine biosynthesis I (Gram-negative bacteria),NA
BETSYN-PWY,July_3,653.868218916487,glycine betaine biosynthesis I (Gram-negative bacteria),NA
BETSYN-PWY,May,254.0524416879519,glycine betaine biosynthesis I (Gram-negative bacteria),NA
BETSYN-PWY,May_22,246.66582301487767,glycine betaine biosynthesis I (Gram-negative bacteria),NA
BETSYN-PWY,October,197.86223217500023,glycine betaine biosynthesis I (Gram-negative bacteria),NA
BGALACT-PWY,August,176.26895492181933,lactose degradation III,NA
BGALACT-PWY,July_1,89.62524488860706,lactose degradation III,NA
BGALACT-PWY,July_2,119.26041035096988,lactose degradation III,NA
BGALACT-PWY,July_3,177.47197363574742,lactose degradation III,NA
BGALACT-PWY,May,14.390721380226099,lactose degradation III,NA
BGALACT-PWY,May_22,14.688602335891936,lactose degradation III,NA
BGALACT-PWY,October,9.237220922036293,lactose degradation III,NA
BIOTIN-BIOSYNTHESIS-PWY,August,1075.8183192800313,superpathway of biotin biosynthesis I,NA
BIOTIN-BIOSYNTHESIS-PWY,July_1,1260.9315132162546,superpathway of biotin biosynthesis I,NA
BIOTIN-BIOSYNTHESIS-PWY,July_2,1126.5020640274224,superpathway of biotin biosynthesis I,NA
BIOTIN-BIOSYNTHESIS-PWY,July_3,1012.7998940591698,superpathway of biotin biosynthesis I,NA
BIOTIN-BIOSYNTHESIS-PWY,May,1492.725943038348,superpathway of biotin biosynthesis I,NA
BIOTIN-BIOSYNTHESIS-PWY,May_22,1336.147185076119,superpathway of biotin biosynthesis I,NA
BIOTIN-BIOSYNTHESIS-PWY,October,1514.7726715644474,superpathway of biotin biosynthesis I,NA
BRANCHED-CHAIN-AA-SYN-PWY,August,4963.4656982911565,superpathway of branched chain amino acid biosynthesis,NA
BRANCHED-CHAIN-AA-SYN-PWY,July_1,6379.660888289544,superpathway of branched chain amino acid biosynthesis,NA
BRANCHED-CHAIN-AA-SYN-PWY,July_2,4770.318398234534,superpathway of branched chain amino acid biosynthesis,NA
BRANCHED-CHAIN-AA-SYN-PWY,July_3,4891.576151285112,superpathway of branched chain amino acid biosynthesis,NA
BRANCHED-CHAIN-AA-SYN-PWY,May,4844.344015705131,superpathway of branched chain amino acid biosynthesis,NA
BRANCHED-CHAIN-AA-SYN-PWY,May_22,3926.008085005677,superpathway of branched chain amino acid biosynthesis,NA
BRANCHED-CHAIN-AA-SYN-PWY,October,5072.937823351602,superpathway of branched chain amino acid biosynthesis,NA
BSUBPOLYAMSYN-PWY,August,102.67500067139116,spermidine biosynthesis I,NA
BSUBPOLYAMSYN-PWY,July_1,51.44209849633532,spermidine biosynthesis I,NA
BSUBPOLYAMSYN-PWY,July_2,106.37646690755793,spermidine biosynthesis I,NA
BSUBPOLYAMSYN-PWY,July_3,86.59982080485896,spermidine biosynthesis I,NA
BSUBPOLYAMSYN-PWY,May,37.54995280065821,spermidine biosynthesis I,NA
BSUBPOLYAMSYN-PWY,May_22,22.86840490572127,spermidine biosynthesis I,NA
BSUBPOLYAMSYN-PWY,October,27.677218468085844,spermidine biosynthesis I,NA
CALVIN-PWY,August,1263.7956633813733,Calvin-Benson-Bassham cycle,NA
CALVIN-PWY,July_1,1392.0100151702898,Calvin-Benson-Bassham cycle,NA
CALVIN-PWY,July_2,1468.2864139146752,Calvin-Benson-Bassham cycle,NA
CALVIN-PWY,July_3,1240.3199872388927,Calvin-Benson-Bassham cycle,NA
CALVIN-PWY,May,2292.9608178908297,Calvin-Benson-Bassham cycle,NA
CALVIN-PWY,May_22,1933.2443792638298,Calvin-Benson-Bassham cycle,NA
CALVIN-PWY,October,1781.4217413735216,Calvin-Benson-Bassham cycle,NA
CATECHOL-ORTHO-CLEAVAGE-PWY,August,31.14430679455137,catechol degradation to &beta;-ketoadipate,NA
CATECHOL-ORTHO-CLEAVAGE-PWY,July_1,26.77798144515206,catechol degradation to &beta;-ketoadipate,NA
CATECHOL-ORTHO-CLEAVAGE-PWY,July_2,29.366091778746792,catechol degradation to &beta;-ketoadipate,NA
CATECHOL-ORTHO-CLEAVAGE-PWY,July_3,21.501752865877123,catechol degradation to &beta;-ketoadipate,NA
CATECHOL-ORTHO-CLEAVAGE-PWY,May,42.45743949630573,catechol degradation to &beta;-ketoadipate,NA
CATECHOL-ORTHO-CLEAVAGE-PWY,May_22,28.679008139523994,catechol degradation to &beta;-ketoadipate,NA
CATECHOL-ORTHO-CLEAVAGE-PWY,October,39.90201029243429,catechol degradation to &beta;-ketoadipate,NA
CHOLINE-BETAINE-ANA-PWY,August,545.6361302483776,choline degradation I,NA
CHOLINE-BETAINE-ANA-PWY,July_1,455.7488400161375,choline degradation I,NA
CHOLINE-BETAINE-ANA-PWY,July_2,491.0223419083304,choline degradation I,NA
CHOLINE-BETAINE-ANA-PWY,July_3,653.868218916487,choline degradation I,NA
CHOLINE-BETAINE-ANA-PWY,May,254.0524416879519,choline degradation I,NA
CHOLINE-BETAINE-ANA-PWY,May_22,246.66582301487767,choline degradation I,NA
CHOLINE-BETAINE-ANA-PWY,October,197.86223217500023,choline degradation I,NA
CITRULBIO-PWY,August,233.9001954032526,L-citrulline biosynthesis,NA
CITRULBIO-PWY,July_1,311.4352534473296,L-citrulline biosynthesis,NA
CITRULBIO-PWY,July_2,224.4270008997301,L-citrulline biosynthesis,NA
CITRULBIO-PWY,July_3,218.6191077537686,L-citrulline biosynthesis,NA
CITRULBIO-PWY,May,493.87261845524074,L-citrulline biosynthesis,NA
CITRULBIO-PWY,May_22,487.36750984212364,L-citrulline biosynthesis,NA
CITRULBIO-PWY,October,604.9437907192649,L-citrulline biosynthesis,NA
CO2FORM-PWY,August,20.889431267624943,methanogenesis from methanol,NA
CO2FORM-PWY,July_1,31.752060552982158,methanogenesis from methanol,NA
CO2FORM-PWY,July_2,23.777824913055603,methanogenesis from methanol,NA
CO2FORM-PWY,July_3,20.527729336980915,methanogenesis from methanol,NA
CO2FORM-PWY,May,48.33959261330406,methanogenesis from methanol,NA
CO2FORM-PWY,May_22,28.87312686198204,methanogenesis from methanol,NA
CO2FORM-PWY,October,44.87843837947876,methanogenesis from methanol,NA
COA-PWY,August,499.85315320529827,coenzyme A biosynthesis I (bacteria),NA
COA-PWY,July_1,766.0760544739334,coenzyme A biosynthesis I (bacteria),NA
COA-PWY,July_2,505.5710779528659,coenzyme A biosynthesis I (bacteria),NA
COA-PWY,July_3,533.0618891753791,coenzyme A biosynthesis I (bacteria),NA
COA-PWY,May,238.00930209927034,coenzyme A biosynthesis I (bacteria),NA
COA-PWY,May_22,349.37205803061937,coenzyme A biosynthesis I (bacteria),NA
COA-PWY,October,239.11141250037548,coenzyme A biosynthesis I (bacteria),NA
COA-PWY-1,August,152.56672445428973,superpathway of coenzyme A biosynthesis III (mammals),NA
COA-PWY-1,July_1,247.024651816614,superpathway of coenzyme A biosynthesis III (mammals),NA
COA-PWY-1,July_2,184.15216383480174,superpathway of coenzyme A biosynthesis III (mammals),NA
COA-PWY-1,July_3,177.02840627820643,superpathway of coenzyme A biosynthesis III (mammals),NA
COA-PWY-1,May,84.42278593858275,superpathway of coenzyme A biosynthesis III (mammals),NA
COA-PWY-1,May_22,140.28431765830246,superpathway of coenzyme A biosynthesis III (mammals),NA
COA-PWY-1,October,117.31133492399846,superpathway of coenzyme A biosynthesis III (mammals),NA
COBALSYN-PWY,August,29.647421125016923,superpathway of adenosylcobalamin salvage from cobinamide I,NA
COBALSYN-PWY,July_1,35.7757525640804,superpathway of adenosylcobalamin salvage from cobinamide I,NA
COBALSYN-PWY,July_2,22.65856059127173,superpathway of adenosylcobalamin salvage from cobinamide I,NA
COBALSYN-PWY,July_3,24.28444499717838,superpathway of adenosylcobalamin salvage from cobinamide I,NA
COBALSYN-PWY,May_22,7.741940218282684,superpathway of adenosylcobalamin salvage from cobinamide I,NA
COLANSYN-PWY,August,922.179654803851,colanic acid building blocks biosynthesis,NA
COLANSYN-PWY,July_1,1262.4152701499897,colanic acid building blocks biosynthesis,NA
COLANSYN-PWY,July_2,933.8311818749306,colanic acid building blocks biosynthesis,NA
COLANSYN-PWY,July_3,961.8905259054612,colanic acid building blocks biosynthesis,NA
COLANSYN-PWY,May,680.1476692988257,colanic acid building blocks biosynthesis,NA
COLANSYN-PWY,May_22,698.1542348697034,colanic acid building blocks biosynthesis,NA
COLANSYN-PWY,October,730.1997318417415,colanic acid building blocks biosynthesis,NA
COMPLETE-ARO-PWY,August,821.913437937997,superpathway of aromatic amino acid biosynthesis (from phospho<i>enol</i>pyruvate and D-erythrose 4-phosphate),NA
COMPLETE-ARO-PWY,July_1,1169.7645185046213,superpathway of aromatic amino acid biosynthesis (from phospho<i>enol</i>pyruvate and D-erythrose 4-phosphate),NA
COMPLETE-ARO-PWY,July_2,907.1707518696354,superpathway of aromatic amino acid biosynthesis (from phospho<i>enol</i>pyruvate and D-erythrose 4-phosphate),NA
COMPLETE-ARO-PWY,July_3,892.5415108488636,superpathway of aromatic amino acid biosynthesis (from phospho<i>enol</i>pyruvate and D-erythrose 4-phosphate),NA
COMPLETE-ARO-PWY,May,391.93262675718904,superpathway of aromatic amino acid biosynthesis (from phospho<i>enol</i>pyruvate and D-erythrose 4-phosphate),NA
COMPLETE-ARO-PWY,May_22,370.04511413259326,superpathway of aromatic amino acid biosynthesis (from phospho<i>enol</i>pyruvate and D-erythrose 4-phosphate),NA
COMPLETE-ARO-PWY,October,330.00996246482634,superpathway of aromatic amino acid biosynthesis (from phospho<i>enol</i>pyruvate and D-erythrose 4-phosphate),NA
CRNFORCAT-PWY,August,72.08642095698714,creatinine degradation I,NA
CRNFORCAT-PWY,July_1,73.07836798623767,creatinine degradation I,NA
CRNFORCAT-PWY,July_2,51.7314243058362,creatinine degradation I,NA
CRNFORCAT-PWY,July_3,93.10756225696092,creatinine degradation I,NA
CRNFORCAT-PWY,May,15.582776539056425,creatinine degradation I,NA
CRNFORCAT-PWY,May_22,23.106290430883288,creatinine degradation I,NA
CRNFORCAT-PWY,October,14.474930629456182,creatinine degradation I,NA
CYSTSYN-PWY,August,845.8363044447772,L-cysteine biosynthesis I,NA
CYSTSYN-PWY,July_1,1271.0020296992975,L-cysteine biosynthesis I,NA
CYSTSYN-PWY,July_2,788.7849868406057,L-cysteine biosynthesis I,NA
CYSTSYN-PWY,July_3,944.820917190454,L-cysteine biosynthesis I,NA
CYSTSYN-PWY,May,809.0899847402325,L-cysteine biosynthesis I,NA
CYSTSYN-PWY,May_22,701.5373548677507,L-cysteine biosynthesis I,NA
CYSTSYN-PWY,October,731.9255172411845,L-cysteine biosynthesis I,NA
DAPLYSINESYN-PWY,August,1154.8226967641606,L-lysine biosynthesis I,NA
DAPLYSINESYN-PWY,July_1,1618.4002346850375,L-lysine biosynthesis I,NA
DAPLYSINESYN-PWY,July_2,1039.5186211107298,L-lysine biosynthesis I,NA
DAPLYSINESYN-PWY,July_3,1155.4694423692358,L-lysine biosynthesis I,NA
DAPLYSINESYN-PWY,May,935.2017789118954,L-lysine biosynthesis I,NA
DAPLYSINESYN-PWY,May_22,900.2073021757434,L-lysine biosynthesis I,NA
DAPLYSINESYN-PWY,October,997.1679115969259,L-lysine biosynthesis I,NA
DARABCAT-PWY,August,21.073925755244595,D-arabinose degradation I,NA
DARABCAT-PWY,July_1,22.48053407467214,D-arabinose degradation I,NA
DARABCAT-PWY,July_2,28.74484055205291,D-arabinose degradation I,NA
DARABCAT-PWY,July_3,22.457376182748362,D-arabinose degradation I,NA
DARABCAT-PWY,May,10.812205654351796,D-arabinose degradation I,NA
DARABCAT-PWY,May_22,11.353571507358431,D-arabinose degradation I,NA
DARABCAT-PWY,October,7.104060110534516,D-arabinose degradation I,NA
DARABITOLUTIL-PWY,August,42.97688408944387,D-arabinitol degradation I,NA
DARABITOLUTIL-PWY,July_1,70.88397110603805,D-arabinitol degradation I,NA
DARABITOLUTIL-PWY,July_2,57.04631682427813,D-arabinitol degradation I,NA
DARABITOLUTIL-PWY,July_3,41.291424766647566,D-arabinitol degradation I,NA
DARABITOLUTIL-PWY,May,146.87736469727997,D-arabinitol degradation I,NA
DARABITOLUTIL-PWY,May_22,75.6284167967308,D-arabinitol degradation I,NA
DARABITOLUTIL-PWY,October,92.00286123955908,D-arabinitol degradation I,NA
DENOVOPURINE2-PWY,August,2821.5235480450183,superpathway of purine nucleotides <i>de novo</i> biosynthesis II,NA
DENOVOPURINE2-PWY,July_1,4725.6207598656065,superpathway of purine nucleotides <i>de novo</i> biosynthesis II,NA
DENOVOPURINE2-PWY,July_2,3311.195510544446,superpathway of purine nucleotides <i>de novo</i> biosynthesis II,NA
DENOVOPURINE2-PWY,July_3,3311.504694428071,superpathway of purine nucleotides <i>de novo</i> biosynthesis II,NA
DENOVOPURINE2-PWY,May,1561.2160172862505,superpathway of purine nucleotides <i>de novo</i> biosynthesis II,NA
DENOVOPURINE2-PWY,May_22,1780.8609666396198,superpathway of purine nucleotides <i>de novo</i> biosynthesis II,NA
DENOVOPURINE2-PWY,October,1475.2607780940716,superpathway of purine nucleotides <i>de novo</i> biosynthesis II,NA
DETOX1-PWY,August,1700.95815167217,superoxide radicals degradation,NA
DETOX1-PWY,July_1,2321.2038630562106,superoxide radicals degradation,NA
DETOX1-PWY,July_2,1790.5549284330389,superoxide radicals degradation,NA
DETOX1-PWY,July_3,1927.0902050222112,superoxide radicals degradation,NA
DETOX1-PWY,May,13521.337344198502,superoxide radicals degradation,NA
DETOX1-PWY,May_22,10430.911112909676,superoxide radicals degradation,NA
DETOX1-PWY,October,10580.575512370959,superoxide radicals degradation,NA
DETOX1-PWY-1,August,850.8799987092657,reactive oxygen species degradation,NA
DETOX1-PWY-1,July_1,1263.7129605894418,reactive oxygen species degradation,NA
DETOX1-PWY-1,July_2,922.6200473792616,reactive oxygen species degradation,NA
DETOX1-PWY-1,July_3,969.0459622430527,reactive oxygen species degradation,NA
DETOX1-PWY-1,May,4023.1285039424865,reactive oxygen species degradation,NA
DETOX1-PWY-1,May_22,2812.4259872246853,reactive oxygen species degradation,NA
DETOX1-PWY-1,October,3216.47499286423,reactive oxygen species degradation,NA
DTDPRHAMSYN-PWY,August,720.5511044137487,dTDP-L-rhamnose biosynthesis,NA
DTDPRHAMSYN-PWY,July_1,623.7927909651481,dTDP-L-rhamnose biosynthesis,NA
DTDPRHAMSYN-PWY,July_2,716.4534262575414,dTDP-L-rhamnose biosynthesis,NA
DTDPRHAMSYN-PWY,July_3,804.313756937078,dTDP-L-rhamnose biosynthesis,NA
DTDPRHAMSYN-PWY,May,178.64023790752887,dTDP-L-rhamnose biosynthesis,NA
DTDPRHAMSYN-PWY,May_22,230.2498713087268,dTDP-L-rhamnose biosynthesis,NA
DTDPRHAMSYN-PWY,October,192.1380018135956,dTDP-L-rhamnose biosynthesis,NA
ENTNER-DOUDOROFF-PWY,August,53.030137261751875,Entner-Doudoroff shunt,NA
ENTNER-DOUDOROFF-PWY,July_1,52.57916563698406,Entner-Doudoroff shunt,NA
ENTNER-DOUDOROFF-PWY,July_2,58.243137658938,Entner-Doudoroff shunt,NA
ENTNER-DOUDOROFF-PWY,July_3,57.32269180539569,Entner-Doudoroff shunt,NA
ENTNER-DOUDOROFF-PWY,May,26.819653596333048,Entner-Doudoroff shunt,NA
ENTNER-DOUDOROFF-PWY,May_22,27.10615498426862,Entner-Doudoroff shunt,NA
ENTNER-DOUDOROFF-PWY,October,19.222794021999658,Entner-Doudoroff shunt,NA
ETOH-ACETYLCOA-ANA-PWY,August,471.5343254656468,ethanol degradation I,NA
ETOH-ACETYLCOA-ANA-PWY,July_1,638.2172693186875,ethanol degradation I,NA
ETOH-ACETYLCOA-ANA-PWY,July_2,743.6638514060476,ethanol degradation I,NA
ETOH-ACETYLCOA-ANA-PWY,July_3,428.5848118309396,ethanol degradation I,NA
ETOH-ACETYLCOA-ANA-PWY,May,717.5831597117408,ethanol degradation I,NA
ETOH-ACETYLCOA-ANA-PWY,May_22,482.15152447073444,ethanol degradation I,NA
ETOH-ACETYLCOA-ANA-PWY,October,441.14231873913087,ethanol degradation I,NA
FAO-PWY,August,273.0699266005758,fatty acid &beta;-oxidation I (generic),NA
FAO-PWY,July_1,627.0308818244491,fatty acid &beta;-oxidation I (generic),NA
FAO-PWY,July_2,255.41305237137908,fatty acid &beta;-oxidation I (generic),NA
FAO-PWY,July_3,330.06323705061175,fatty acid &beta;-oxidation I (generic),NA
FAO-PWY,May,47.42345152569558,fatty acid &beta;-oxidation I (generic),NA
FAO-PWY,May_22,55.51006965797052,fatty acid &beta;-oxidation I (generic),NA
FAO-PWY,October,42.98092127821737,fatty acid &beta;-oxidation I (generic),NA
FASYN-ELONG-PWY,August,1536.6046868825345,fatty acid elongation -- saturated,NA
FASYN-ELONG-PWY,July_1,1588.2607380239215,fatty acid elongation -- saturated,NA
FASYN-ELONG-PWY,July_2,1650.4665922765207,fatty acid elongation -- saturated,NA
FASYN-ELONG-PWY,July_3,1297.153337904883,fatty acid elongation -- saturated,NA
FASYN-ELONG-PWY,May,1977.677022602749,fatty acid elongation -- saturated,NA
FASYN-ELONG-PWY,May_22,1833.901115988973,fatty acid elongation -- saturated,NA
FASYN-ELONG-PWY,October,1834.9964743559908,fatty acid elongation -- saturated,NA
FASYN-INITIAL-PWY,August,1754.7748405095156,superpathway of fatty acid biosynthesis initiation,NA
FASYN-INITIAL-PWY,July_1,1770.1263791535762,superpathway of fatty acid biosynthesis initiation,NA
FASYN-INITIAL-PWY,July_2,1533.5122346924102,superpathway of fatty acid biosynthesis initiation,NA
FASYN-INITIAL-PWY,July_3,1543.147335587043,superpathway of fatty acid biosynthesis initiation,NA
FASYN-INITIAL-PWY,May,2490.402162504231,superpathway of fatty acid biosynthesis initiation,NA
FASYN-INITIAL-PWY,May_22,2495.7480568302153,superpathway of fatty acid biosynthesis initiation,NA
FASYN-INITIAL-PWY,October,1978.7468863325848,superpathway of fatty acid biosynthesis initiation,NA
FERMENTATION-PWY,August,463.9715229101715,mixed acid fermentation,NA
FERMENTATION-PWY,July_1,918.1952612358508,mixed acid fermentation,NA
FERMENTATION-PWY,July_2,746.7180897947321,mixed acid fermentation,NA
FERMENTATION-PWY,July_3,608.0965049751755,mixed acid fermentation,NA
FERMENTATION-PWY,May,147.2775706924525,mixed acid fermentation,NA
FERMENTATION-PWY,May_22,221.08272417956582,mixed acid fermentation,NA
FERMENTATION-PWY,October,222.06650733305474,mixed acid fermentation,NA
FOLSYN-PWY,August,1786.2752911291602,superpathway of tetrahydrofolate biosynthesis and salvage,NA
FOLSYN-PWY,July_1,1807.814949307864,superpathway of tetrahydrofolate biosynthesis and salvage,NA
FOLSYN-PWY,July_2,2281.8326916712776,superpathway of tetrahydrofolate biosynthesis and salvage,NA
FOLSYN-PWY,July_3,1280.1260941384235,superpathway of tetrahydrofolate biosynthesis and salvage,NA
FOLSYN-PWY,May,1341.6971434227246,superpathway of tetrahydrofolate biosynthesis and salvage,NA
FOLSYN-PWY,May_22,1417.1921359879118,superpathway of tetrahydrofolate biosynthesis and salvage,NA
FOLSYN-PWY,October,1833.3281970878174,superpathway of tetrahydrofolate biosynthesis and salvage,NA
FORMASS-PWY,August,541.2153958270234,formaldehyde oxidation IV (thiol-independent),NA
FORMASS-PWY,July_1,871.0316432713349,formaldehyde oxidation IV (thiol-independent),NA
FORMASS-PWY,July_2,505.3862609534491,formaldehyde oxidation IV (thiol-independent),NA
FORMASS-PWY,July_3,539.1441696023712,formaldehyde oxidation IV (thiol-independent),NA
FORMASS-PWY,May,14441.07218475755,formaldehyde oxidation IV (thiol-independent),NA
FORMASS-PWY,May_22,13178.209707217935,formaldehyde oxidation IV (thiol-independent),NA
FORMASS-PWY,October,11632.466465522584,formaldehyde oxidation IV (thiol-independent),NA
GALACT-GLUCUROCAT-PWY,August,26.74968593365146,superpathway of hexuronide and hexuronate degradation,NA
GALACT-GLUCUROCAT-PWY,July_1,28.885645102783897,superpathway of hexuronide and hexuronate degradation,NA
GALACT-GLUCUROCAT-PWY,July_2,33.78110064068717,superpathway of hexuronide and hexuronate degradation,NA
GALACT-GLUCUROCAT-PWY,July_3,39.18886837069668,superpathway of hexuronide and hexuronate degradation,NA
GALACT-GLUCUROCAT-PWY,May,28.973137046625265,superpathway of hexuronide and hexuronate degradation,NA
GALACT-GLUCUROCAT-PWY,May_22,22.19311371352737,superpathway of hexuronide and hexuronate degradation,NA
GALACT-GLUCUROCAT-PWY,October,35.348414342682986,superpathway of hexuronide and hexuronate degradation,NA
GALACTARDEG-PWY,August,61.00931909983589,D-galactarate degradation I,NA
GALACTARDEG-PWY,July_1,77.25917269778661,D-galactarate degradation I,NA
GALACTARDEG-PWY,July_2,78.96185914875987,D-galactarate degradation I,NA
GALACTARDEG-PWY,July_3,64.21454586655831,D-galactarate degradation I,NA
GALACTARDEG-PWY,May,66.83304087644792,D-galactarate degradation I,NA
GALACTARDEG-PWY,May_22,63.11009610057867,D-galactarate degradation I,NA
GALACTARDEG-PWY,October,78.56024360862192,D-galactarate degradation I,NA
GALACTCAT-PWY,August,2.7745790944232214,D-galactonate degradation,NA
GALACTCAT-PWY,July_1,4.622558889484395,D-galactonate degradation,NA
GALACTCAT-PWY,July_2,7.087934550001713,D-galactonate degradation,NA
GALACTCAT-PWY,July_3,3.947790576251215,D-galactonate degradation,NA
GALACTCAT-PWY,May,1.759857035666749,D-galactonate degradation,NA
GALACTCAT-PWY,May_22,2.9807127686734383,D-galactonate degradation,NA
GALACTCAT-PWY,October,5.453647311598461,D-galactonate degradation,NA
GALACTUROCAT-PWY,August,10.531828830644729,D-galacturonate degradation I,NA
GALACTUROCAT-PWY,July_1,16.72415939780799,D-galacturonate degradation I,NA
GALACTUROCAT-PWY,July_2,14.567953049166515,D-galacturonate degradation I,NA
GALACTUROCAT-PWY,July_3,19.16772889000194,D-galacturonate degradation I,NA
GALACTUROCAT-PWY,May,15.14580063627091,D-galacturonate degradation I,NA
GALACTUROCAT-PWY,May_22,16.528801551086055,D-galacturonate degradation I,NA
GALACTUROCAT-PWY,October,28.781166520844366,D-galacturonate degradation I,NA
GALDEG-PWY,August,0.4954952100073739,D-galactose degradation II,NA
GALDEG-PWY,July_1,0.6478578452463899,D-galactose degradation II,NA
GALDEG-PWY,July_2,1.1007130244433658,D-galactose degradation II,NA
GALDEG-PWY,July_3,0.9617865696773231,D-galactose degradation II,NA
GALLATE-DEGRADATION-II-PWY,August,6.9745652130220535,gallate degradation I,NA
GALLATE-DEGRADATION-II-PWY,July_1,3.9043941606066026,gallate degradation I,NA
GALLATE-DEGRADATION-II-PWY,July_2,11.070436054128985,gallate degradation I,NA
GALLATE-DEGRADATION-II-PWY,July_3,8.157180660921405,gallate degradation I,NA
GALLATE-DEGRADATION-II-PWY,May,3.5443591622717836,gallate degradation I,NA
GDPRHAMSYN-PWY,August,83.08301349643489,GDP-D-rhamnose biosynthesis,NA
GDPRHAMSYN-PWY,July_1,74.32606851542832,GDP-D-rhamnose biosynthesis,NA
GDPRHAMSYN-PWY,July_2,88.23750341140783,GDP-D-rhamnose biosynthesis,NA
GDPRHAMSYN-PWY,July_3,90.05413786745876,GDP-D-rhamnose biosynthesis,NA
GDPRHAMSYN-PWY,May,33.490069083017865,GDP-D-rhamnose biosynthesis,NA
GDPRHAMSYN-PWY,May_22,36.38074328495258,GDP-D-rhamnose biosynthesis,NA
GDPRHAMSYN-PWY,October,30.371981194431342,GDP-D-rhamnose biosynthesis,NA
GLNSYN-PWY,August,2065.8848417707327,L-glutamine biosynthesis I,NA
GLNSYN-PWY,July_1,1747.039252018672,L-glutamine biosynthesis I,NA
GLNSYN-PWY,July_2,1902.6685918549445,L-glutamine biosynthesis I,NA
GLNSYN-PWY,July_3,1839.7551457583259,L-glutamine biosynthesis I,NA
GLNSYN-PWY,May,770.0593240764418,L-glutamine biosynthesis I,NA
GLNSYN-PWY,May_22,978.7224829127754,L-glutamine biosynthesis I,NA
GLNSYN-PWY,October,1033.6889977668563,L-glutamine biosynthesis I,NA
GLUAMCAT-PWY,August,32.874091226398136,<i>N</i>-acetylglucosamine degradation I,NA
GLUAMCAT-PWY,July_1,113.36267411674417,<i>N</i>-acetylglucosamine degradation I,NA
GLUAMCAT-PWY,July_2,41.37203020297735,<i>N</i>-acetylglucosamine degradation I,NA
GLUAMCAT-PWY,July_3,40.51559392588572,<i>N</i>-acetylglucosamine degradation I,NA
GLUAMCAT-PWY,May,22.573017518980098,<i>N</i>-acetylglucosamine degradation I,NA
GLUAMCAT-PWY,May_22,20.30902212788879,<i>N</i>-acetylglucosamine degradation I,NA
GLUAMCAT-PWY,October,20.210550059863507,<i>N</i>-acetylglucosamine degradation I,NA
GLUCARDEG-PWY,August,30.46133159978813,<i>D</i>-glucarate degradation I,NA
GLUCARDEG-PWY,July_1,36.29666394374358,<i>D</i>-glucarate degradation I,NA
GLUCARDEG-PWY,July_2,45.236129579328164,<i>D</i>-glucarate degradation I,NA
GLUCARDEG-PWY,July_3,37.557035592990665,<i>D</i>-glucarate degradation I,NA
GLUCARDEG-PWY,May,23.586769897659806,<i>D</i>-glucarate degradation I,NA
GLUCARDEG-PWY,May_22,29.453417373089714,<i>D</i>-glucarate degradation I,NA
GLUCARDEG-PWY,October,25.48010956152635,<i>D</i>-glucarate degradation I,NA
GLUCARGALACTSUPER-PWY,August,38.903941763836336,superpathway of D-glucarate and D-galactarate degradation,NA
GLUCARGALACTSUPER-PWY,July_1,38.052620333402274,superpathway of D-glucarate and D-galactarate degradation,NA
GLUCARGALACTSUPER-PWY,July_2,55.458670033529394,superpathway of D-glucarate and D-galactarate degradation,NA
GLUCARGALACTSUPER-PWY,July_3,39.09795906271454,superpathway of D-glucarate and D-galactarate degradation,NA
GLUCARGALACTSUPER-PWY,May,33.45288832865612,superpathway of D-glucarate and D-galactarate degradation,NA
GLUCARGALACTSUPER-PWY,May_22,41.593234025245074,superpathway of D-glucarate and D-galactarate degradation,NA
GLUCARGALACTSUPER-PWY,October,47.65781086386387,superpathway of D-glucarate and D-galactarate degradation,NA
GLUCONEO-PWY,August,1905.7746036396336,gluconeogenesis I,NA
GLUCONEO-PWY,July_1,2148.658723783413,gluconeogenesis I,NA
GLUCONEO-PWY,July_2,1872.3522464301188,gluconeogenesis I,NA
GLUCONEO-PWY,July_3,2046.131933610677,gluconeogenesis I,NA
GLUCONEO-PWY,May,2758.1300462166837,gluconeogenesis I,NA
GLUCONEO-PWY,May_22,2597.231075991885,gluconeogenesis I,NA
GLUCONEO-PWY,October,2638.664003319696,gluconeogenesis I,NA
GLUCONSUPER-PWY,August,18.065554944493456,D-gluconate degradation,NA
GLUCONSUPER-PWY,July_1,40.8686932167539,D-gluconate degradation,NA
GLUCONSUPER-PWY,July_2,18.891633916814367,D-gluconate degradation,NA
GLUCONSUPER-PWY,July_3,14.118960845456025,D-gluconate degradation,NA
GLUCONSUPER-PWY,May,48.91291693837382,D-gluconate degradation,NA
GLUCONSUPER-PWY,May_22,33.1852477389715,D-gluconate degradation,NA
GLUCONSUPER-PWY,October,45.84475415508064,D-gluconate degradation,NA
GLUCOSE1PMETAB-PWY,August,338.6752904334759,glucose and glucose-1-phosphate degradation,NA
GLUCOSE1PMETAB-PWY,July_1,450.44831750098456,glucose and glucose-1-phosphate degradation,NA
GLUCOSE1PMETAB-PWY,July_2,314.18923408786486,glucose and glucose-1-phosphate degradation,NA
GLUCOSE1PMETAB-PWY,July_3,310.43079615483555,glucose and glucose-1-phosphate degradation,NA
GLUCOSE1PMETAB-PWY,May,619.3222800969386,glucose and glucose-1-phosphate degradation,NA
GLUCOSE1PMETAB-PWY,May_22,469.88491371493444,glucose and glucose-1-phosphate degradation,NA
GLUCOSE1PMETAB-PWY,October,660.4063306965401,glucose and glucose-1-phosphate degradation,NA
GLUCUROCAT-PWY,August,20.832032620704073,superpathway of &beta;-D-glucuronides degradation (to pyruvate),NA
GLUCUROCAT-PWY,July_1,17.76948867007313,superpathway of &beta;-D-glucuronides degradation (to pyruvate),NA
GLUCUROCAT-PWY,July_2,28.82716863499424,superpathway of &beta;-D-glucuronides degradation (to pyruvate),NA
GLUCUROCAT-PWY,July_3,31.508706541527012,superpathway of &beta;-D-glucuronides degradation (to pyruvate),NA
GLUCUROCAT-PWY,May,23.173406819151644,superpathway of &beta;-D-glucuronides degradation (to pyruvate),NA
GLUCUROCAT-PWY,May_22,16.6148369803259,superpathway of &beta;-D-glucuronides degradation (to pyruvate),NA
GLUCUROCAT-PWY,October,24.48630399500678,superpathway of &beta;-D-glucuronides degradation (to pyruvate),NA
GLUDEG-I-PWY,August,106.34968731800865,GABA shunt I,NA
GLUDEG-I-PWY,July_1,110.05073527412186,GABA shunt I,NA
GLUDEG-I-PWY,July_2,121.33448405034511,GABA shunt I,NA
GLUDEG-I-PWY,July_3,143.19560582999299,GABA shunt I,NA
GLUDEG-I-PWY,May,42.073456395874636,GABA shunt I,NA
GLUDEG-I-PWY,May_22,61.091229633763135,GABA shunt I,NA
GLUDEG-I-PWY,October,27.46484689663975,GABA shunt I,NA
GLUGLNSYN-PWY,August,954.3743389366673,L-glutamate biosynthesis IV,NA
GLUGLNSYN-PWY,July_1,1056.9888464667279,L-glutamate biosynthesis IV,NA
GLUGLNSYN-PWY,July_2,893.3556844992636,L-glutamate biosynthesis IV,NA
GLUGLNSYN-PWY,July_3,981.3334772102694,L-glutamate biosynthesis IV,NA
GLUGLNSYN-PWY,May,351.0003647226638,L-glutamate biosynthesis IV,NA
GLUGLNSYN-PWY,May_22,444.26296369885017,L-glutamate biosynthesis IV,NA
GLUGLNSYN-PWY,October,379.62630069697383,L-glutamate biosynthesis IV,NA
GLUTAMATE-DEG1-PWY,August,140.28575876105086,L-glutamate degradation I,NA
GLUTAMATE-DEG1-PWY,July_1,132.05641947966552,L-glutamate degradation I,NA
GLUTAMATE-DEG1-PWY,July_2,143.56527906685037,L-glutamate degradation I,NA
GLUTAMATE-DEG1-PWY,July_3,148.93626979380227,L-glutamate degradation I,NA
GLUTAMATE-DEG1-PWY,May,187.79635973092246,L-glutamate degradation I,NA
GLUTAMATE-DEG1-PWY,May_22,179.0900720422616,L-glutamate degradation I,NA
GLUTAMATE-DEG1-PWY,October,148.20689205643686,L-glutamate degradation I,NA
GLUTAMATE-SYN2-PWY,August,178.0947601111454,L-glutamate biosynthesis II,NA
GLUTAMATE-SYN2-PWY,July_1,177.77953046676026,L-glutamate biosynthesis II,NA
GLUTAMATE-SYN2-PWY,July_2,209.7442415059865,L-glutamate biosynthesis II,NA
GLUTAMATE-SYN2-PWY,July_3,180.51602280107144,L-glutamate biosynthesis II,NA
GLUTAMATE-SYN2-PWY,May,343.5597459987935,L-glutamate biosynthesis II,NA
GLUTAMATE-SYN2-PWY,May_22,253.66913454154303,L-glutamate biosynthesis II,NA
GLUTAMATE-SYN2-PWY,October,221.15607100437452,L-glutamate biosynthesis II,NA
GLUTAMINDEG-PWY,August,2.242046844645124,L-glutamine degradation I,NA
GLUTAMINDEG-PWY,July_1,2.2102532455748753,L-glutamine degradation I,NA
GLUTAMINDEG-PWY,July_2,3.642298354997862,L-glutamine degradation I,NA
GLUTAMINDEG-PWY,July_3,3.6605740094967576,L-glutamine degradation I,NA
GLUTAMINDEG-PWY,May,2.7496951612596954,L-glutamine degradation I,NA
GLUTAMINDEG-PWY,May_22,3.672541873145307,L-glutamine degradation I,NA
GLUTAMINDEG-PWY,October,2.145161767213251,L-glutamine degradation I,NA
GLUTAMINEFUM-PWY,August,954.3743389366673,L-glutamine degradation II,NA
GLUTAMINEFUM-PWY,July_1,1056.9888464667279,L-glutamine degradation II,NA
GLUTAMINEFUM-PWY,July_2,893.3556844992636,L-glutamine degradation II,NA
GLUTAMINEFUM-PWY,July_3,981.3334772102694,L-glutamine degradation II,NA
GLUTAMINEFUM-PWY,May,351.0003647226638,L-glutamine degradation II,NA
GLUTAMINEFUM-PWY,May_22,444.26296369885017,L-glutamine degradation II,NA
GLUTAMINEFUM-PWY,October,379.62630069697383,L-glutamine degradation II,NA
GLUTATHIONESYN-PWY,August,46.066595486715016,glutathione biosynthesis,NA
GLUTATHIONESYN-PWY,July_1,41.31424651457316,glutathione biosynthesis,NA
GLUTATHIONESYN-PWY,July_2,43.492796210576536,glutathione biosynthesis,NA
GLUTATHIONESYN-PWY,July_3,37.97111715323947,glutathione biosynthesis,NA
GLUTATHIONESYN-PWY,May,26.948581052187134,glutathione biosynthesis,NA
GLUTATHIONESYN-PWY,May_22,49.00753715226523,glutathione biosynthesis,NA
GLUTATHIONESYN-PWY,October,30.872830279883555,glutathione biosynthesis,NA
GLUTDEG-PWY,August,175.03387372315427,L-glutamate degradation II,NA
GLUTDEG-PWY,July_1,206.44528534935296,L-glutamate degradation II,NA
GLUTDEG-PWY,July_2,182.24370155013446,L-glutamate degradation II,NA
GLUTDEG-PWY,July_3,171.18082958677314,L-glutamate degradation II,NA
GLUTDEG-PWY,May,154.31306419462192,L-glutamate degradation II,NA
GLUTDEG-PWY,May_22,99.43821443620661,L-glutamate degradation II,NA
GLUTDEG-PWY,October,134.90531097963148,L-glutamate degradation II,NA
GLUTORN-PWY,August,394.2458394060537,L-ornithine biosynthesis I,NA
GLUTORN-PWY,July_1,529.8070741621666,L-ornithine biosynthesis I,NA
GLUTORN-PWY,July_2,328.16966365974514,L-ornithine biosynthesis I,NA
GLUTORN-PWY,July_3,382.38571875379574,L-ornithine biosynthesis I,NA
GLUTORN-PWY,May,377.38737528568953,L-ornithine biosynthesis I,NA
GLUTORN-PWY,May_22,424.06633803156046,L-ornithine biosynthesis I,NA
GLUTORN-PWY,October,567.7782367478255,L-ornithine biosynthesis I,NA
GLUTSYN-PWY,August,2.242046844645124,L-glutamate biosynthesis I,NA
GLUTSYN-PWY,July_1,2.2102532455748753,L-glutamate biosynthesis I,NA
GLUTSYN-PWY,July_2,3.642298354997862,L-glutamate biosynthesis I,NA
GLUTSYN-PWY,July_3,3.6605740094967576,L-glutamate biosynthesis I,NA
GLUTSYN-PWY,May,2.7496951612596954,L-glutamate biosynthesis I,NA
GLUTSYN-PWY,May_22,3.672541873145307,L-glutamate biosynthesis I,NA
GLUTSYN-PWY,October,2.145161767213251,L-glutamate biosynthesis I,NA
GLUTSYNIII-PWY,August,38.87392713349119,L-glutamate biosynthesis III,NA
GLUTSYNIII-PWY,July_1,59.78336287534252,L-glutamate biosynthesis III,NA
GLUTSYNIII-PWY,July_2,35.00802953200089,L-glutamate biosynthesis III,NA
GLUTSYNIII-PWY,July_3,41.60279721387272,L-glutamate biosynthesis III,NA
GLUTSYNIII-PWY,May,76.8328788996443,L-glutamate biosynthesis III,NA
GLUTSYNIII-PWY,May_22,55.42729336725884,L-glutamate biosynthesis III,NA
GLUTSYNIII-PWY,October,53.61146786570209,L-glutamate biosynthesis III,NA
GLYCEROLMETAB-PWY,August,128.18187470138736,glycerol degradation V,NA
GLYCEROLMETAB-PWY,July_1,149.92094746125866,glycerol degradation V,NA
GLYCEROLMETAB-PWY,July_2,155.29900981195442,glycerol degradation V,NA
GLYCEROLMETAB-PWY,July_3,131.3879191244846,glycerol degradation V,NA
GLYCEROLMETAB-PWY,May,102.26205154293417,glycerol degradation V,NA
GLYCEROLMETAB-PWY,May_22,81.23730672992909,glycerol degradation V,NA
GLYCEROLMETAB-PWY,October,81.75327605624197,glycerol degradation V,NA
GLYCINE-SYN2-PWY,August,901.2026534695042,glycine biosynthesis II,NA
GLYCINE-SYN2-PWY,July_1,1004.8861598522233,glycine biosynthesis II,NA
GLYCINE-SYN2-PWY,July_2,908.739060391023,glycine biosynthesis II,NA
GLYCINE-SYN2-PWY,July_3,1017.4230830831181,glycine biosynthesis II,NA
GLYCINE-SYN2-PWY,May,793.1258272962485,glycine biosynthesis II,NA
GLYCINE-SYN2-PWY,May_22,842.519019940823,glycine biosynthesis II,NA
GLYCINE-SYN2-PWY,October,682.7631725122171,glycine biosynthesis II,NA
GLYCLEAV-PWY,August,901.2026534695042,glycine cleavage,NA
GLYCLEAV-PWY,July_1,1004.8861598522233,glycine cleavage,NA
GLYCLEAV-PWY,July_2,908.739060391023,glycine cleavage,NA
GLYCLEAV-PWY,July_3,1017.4230830831181,glycine cleavage,NA
GLYCLEAV-PWY,May,793.1258272962485,glycine cleavage,NA
GLYCLEAV-PWY,May_22,842.519019940823,glycine cleavage,NA
GLYCLEAV-PWY,October,682.7631725122171,glycine cleavage,NA
GLYCOCAT-PWY,August,764.9974850573947,glycogen degradation I,NA
GLYCOCAT-PWY,July_1,972.1961082059195,glycogen degradation I,NA
GLYCOCAT-PWY,July_2,698.610382749129,glycogen degradation I,NA
GLYCOCAT-PWY,July_3,849.3100699483899,glycogen degradation I,NA
GLYCOCAT-PWY,May,827.5091201271379,glycogen degradation I,NA
GLYCOCAT-PWY,May_22,796.8752332447684,glycogen degradation I,NA
GLYCOCAT-PWY,October,829.8338604803396,glycogen degradation I,NA
GLYCOGENSYNTH-PWY,August,299.9987700508816,glycogen biosynthesis I (from ADP-D-Glucose),NA
GLYCOGENSYNTH-PWY,July_1,343.35974879567533,glycogen biosynthesis I (from ADP-D-Glucose),NA
GLYCOGENSYNTH-PWY,July_2,312.81713429694236,glycogen biosynthesis I (from ADP-D-Glucose),NA
GLYCOGENSYNTH-PWY,July_3,365.72851302095125,glycogen biosynthesis I (from ADP-D-Glucose),NA
GLYCOGENSYNTH-PWY,May,683.7853423436396,glycogen biosynthesis I (from ADP-D-Glucose),NA
GLYCOGENSYNTH-PWY,May_22,649.0142407141706,glycogen biosynthesis I (from ADP-D-Glucose),NA
GLYCOGENSYNTH-PWY,October,580.6774067109973,glycogen biosynthesis I (from ADP-D-Glucose),NA
GLYCOL-GLYOXDEG-PWY,August,64.26596856361911,superpathway of glycol metabolism and degradation,NA
GLYCOL-GLYOXDEG-PWY,July_1,16.338442964481516,superpathway of glycol metabolism and degradation,NA
GLYCOL-GLYOXDEG-PWY,July_2,60.72873954196334,superpathway of glycol metabolism and degradation,NA
GLYCOL-GLYOXDEG-PWY,July_3,30.14843285356401,superpathway of glycol metabolism and degradation,NA
GLYCOL-GLYOXDEG-PWY,May_22,44.530240064428824,superpathway of glycol metabolism and degradation,NA
GLYCOL-GLYOXDEG-PWY,October,20.680385637080928,superpathway of glycol metabolism and degradation,NA
GLYCOLATEMET-PWY,August,100.10042148620236,glycolate and glyoxylate degradation I,NA
GLYCOLATEMET-PWY,July_1,99.75328223509436,glycolate and glyoxylate degradation I,NA
GLYCOLATEMET-PWY,July_2,111.57892845841539,glycolate and glyoxylate degradation I,NA
GLYCOLATEMET-PWY,July_3,95.54532665726325,glycolate and glyoxylate degradation I,NA
GLYCOLATEMET-PWY,May,41.313667123822334,glycolate and glyoxylate degradation I,NA
GLYCOLATEMET-PWY,May_22,39.15820489390794,glycolate and glyoxylate degradation I,NA
GLYCOLATEMET-PWY,October,36.16495188113806,glycolate and glyoxylate degradation I,NA
GLYCOLYSIS,August,1914.2437072728053,glycolysis I (from glucose 6-phosphate),NA
GLYCOLYSIS,July_1,2252.8723335167574,glycolysis I (from glucose 6-phosphate),NA
GLYCOLYSIS,July_2,1991.6720998048725,glycolysis I (from glucose 6-phosphate),NA
GLYCOLYSIS,July_3,2072.9217602583653,glycolysis I (from glucose 6-phosphate),NA
GLYCOLYSIS,May,1715.1442008968843,glycolysis I (from glucose 6-phosphate),NA
GLYCOLYSIS,May_22,1915.9187756667977,glycolysis I (from glucose 6-phosphate),NA
GLYCOLYSIS,October,1886.490473192058,glycolysis I (from glucose 6-phosphate),NA
GLYCOLYSIS-E-D,August,1828.700128682589,superpathway of glycolysis and the Entner-Doudoroff pathway,NA
GLYCOLYSIS-E-D,July_1,2307.385759663703,superpathway of glycolysis and the Entner-Doudoroff pathway,NA
GLYCOLYSIS-E-D,July_2,2108.035536156222,superpathway of glycolysis and the Entner-Doudoroff pathway,NA
GLYCOLYSIS-E-D,July_3,2226.494127323207,superpathway of glycolysis and the Entner-Doudoroff pathway,NA
GLYCOLYSIS-E-D,May,1458.1512286544632,superpathway of glycolysis and the Entner-Doudoroff pathway,NA
GLYCOLYSIS-E-D,May_22,1749.1377589256508,superpathway of glycolysis and the Entner-Doudoroff pathway,NA
GLYCOLYSIS-E-D,October,1488.794533267587,superpathway of glycolysis and the Entner-Doudoroff pathway,NA
GLYCOLYSIS-TCA-GLYOX-BYPASS,August,3404.2337822823547,"superpathway of glycolysis, pyruvate dehydrogenase, TCA, and glyoxylate bypass",NA
GLYCOLYSIS-TCA-GLYOX-BYPASS,July_1,4628.734321993885,"superpathway of glycolysis, pyruvate dehydrogenase, TCA, and glyoxylate bypass",NA
GLYCOLYSIS-TCA-GLYOX-BYPASS,July_2,3548.14503693569,"superpathway of glycolysis, pyruvate dehydrogenase, TCA, and glyoxylate bypass",NA
GLYCOLYSIS-TCA-GLYOX-BYPASS,July_3,4301.627558183674,"superpathway of glycolysis, pyruvate dehydrogenase, TCA, and glyoxylate bypass",NA
GLYCOLYSIS-TCA-GLYOX-BYPASS,May,2487.807028678144,"superpathway of glycolysis, pyruvate dehydrogenase, TCA, and glyoxylate bypass",NA
GLYCOLYSIS-TCA-GLYOX-BYPASS,May_22,2705.3643218763823,"superpathway of glycolysis, pyruvate dehydrogenase, TCA, and glyoxylate bypass",NA
GLYCOLYSIS-TCA-GLYOX-BYPASS,October,2087.9666158209907,"superpathway of glycolysis, pyruvate dehydrogenase, TCA, and glyoxylate bypass",NA
GLYOXDEG-PWY,August,170.88150375810093,glycolate and glyoxylate degradation II,NA
GLYOXDEG-PWY,July_1,168.69237443965875,glycolate and glyoxylate degradation II,NA
GLYOXDEG-PWY,July_2,160.9503112499013,glycolate and glyoxylate degradation II,NA
GLYOXDEG-PWY,July_3,166.54129349800226,glycolate and glyoxylate degradation II,NA
GLYOXDEG-PWY,May,402.1528243765471,glycolate and glyoxylate degradation II,NA
GLYOXDEG-PWY,May_22,440.9181798324877,glycolate and glyoxylate degradation II,NA
GLYOXDEG-PWY,October,405.2177071579225,glycolate and glyoxylate degradation II,NA
GLYOXYLATE-BYPASS,August,807.6863611279744,glyoxylate cycle,NA
GLYOXYLATE-BYPASS,July_1,993.1206979331223,glyoxylate cycle,NA
GLYOXYLATE-BYPASS,July_2,826.7671548890905,glyoxylate cycle,NA
GLYOXYLATE-BYPASS,July_3,809.5896845371956,glyoxylate cycle,NA
GLYOXYLATE-BYPASS,May,1106.417705867962,glyoxylate cycle,NA
GLYOXYLATE-BYPASS,May_22,1112.1766507782456,glyoxylate cycle,NA
GLYOXYLATE-BYPASS,October,928.7832469476579,glyoxylate cycle,NA
GLYSYN-ALA-PWY,August,184.88342508005854,glycine biosynthesis III,NA
GLYSYN-ALA-PWY,July_1,177.82193446736716,glycine biosynthesis III,NA
GLYSYN-ALA-PWY,July_2,206.92682719106284,glycine biosynthesis III,NA
GLYSYN-ALA-PWY,July_3,179.07519746856264,glycine biosynthesis III,NA
GLYSYN-ALA-PWY,May,148.03256270707345,glycine biosynthesis III,NA
GLYSYN-ALA-PWY,May_22,189.1038769950232,glycine biosynthesis III,NA
GLYSYN-ALA-PWY,October,167.95686938813708,glycine biosynthesis III,NA
GLYSYN-PWY,August,450.86877768682564,glycine biosynthesis I,NA
GLYSYN-PWY,July_1,548.1223965665819,glycine biosynthesis I,NA
GLYSYN-PWY,July_2,437.98870924101334,glycine biosynthesis I,NA
GLYSYN-PWY,July_3,487.91786900196706,glycine biosynthesis I,NA
GLYSYN-PWY,May,262.3648113426322,glycine biosynthesis I,NA
GLYSYN-PWY,May_22,304.97462183401785,glycine biosynthesis I,NA
GLYSYN-PWY,October,215.52184931157757,glycine biosynthesis I,NA
GLYSYN-THR-PWY,August,44.57478821399701,glycine biosynthesis IV,NA
GLYSYN-THR-PWY,July_1,45.331008360582395,glycine biosynthesis IV,NA
GLYSYN-THR-PWY,July_2,35.74489550205702,glycine biosynthesis IV,NA
GLYSYN-THR-PWY,July_3,40.02510869620783,glycine biosynthesis IV,NA
GLYSYN-THR-PWY,May,33.56215371928934,glycine biosynthesis IV,NA
GLYSYN-THR-PWY,May_22,29.529059018130077,glycine biosynthesis IV,NA
GLYSYN-THR-PWY,October,35.10207957056316,glycine biosynthesis IV,NA
GOLPDLCAT-PWY,August,2.6628559291492917,"superpathway of glycerol degradation to 1,3-propanediol",NA
GOLPDLCAT-PWY,July_1,5.300909354617303,"superpathway of glycerol degradation to 1,3-propanediol",NA
GOLPDLCAT-PWY,July_2,2.953420080329559,"superpathway of glycerol degradation to 1,3-propanediol",NA
GOLPDLCAT-PWY,July_3,4.592802176819591,"superpathway of glycerol degradation to 1,3-propanediol",NA
GOLPDLCAT-PWY,May,13.957400077677116,"superpathway of glycerol degradation to 1,3-propanediol",NA
GOLPDLCAT-PWY,May_22,10.569181074370105,"superpathway of glycerol degradation to 1,3-propanediol",NA
GOLPDLCAT-PWY,October,11.833681226458065,"superpathway of glycerol degradation to 1,3-propanediol",NA
HEME-BIOSYNTHESIS-II,August,25.479994279343792,heme <i>b</i> biosynthesis I (aerobic),NA
HEME-BIOSYNTHESIS-II,July_1,72.69953283889657,heme <i>b</i> biosynthesis I (aerobic),NA
HEME-BIOSYNTHESIS-II,July_2,43.08308866684789,heme <i>b</i> biosynthesis I (aerobic),NA
HEME-BIOSYNTHESIS-II,July_3,35.492754553226206,heme <i>b</i> biosynthesis I (aerobic),NA
HEME-BIOSYNTHESIS-II,May,7.78861198559116,heme <i>b</i> biosynthesis I (aerobic),NA
HEME-BIOSYNTHESIS-II,May_22,4.9131469420973,heme <i>b</i> biosynthesis I (aerobic),NA
HEME-BIOSYNTHESIS-II,October,9.366768445367937,heme <i>b</i> biosynthesis I (aerobic),NA
HEME-BIOSYNTHESIS-II-1,August,1.8988584621204043,heme <i>b</i> biosynthesis V (aerobic),NA
HEME-BIOSYNTHESIS-II-1,July_1,2.390805352660193,heme <i>b</i> biosynthesis V (aerobic),NA
HEME-BIOSYNTHESIS-II-1,July_2,3.490151866850294,heme <i>b</i> biosynthesis V (aerobic),NA
HEME-BIOSYNTHESIS-II-1,July_3,2.2536811115104616,heme <i>b</i> biosynthesis V (aerobic),NA
HEXITOLDEGSUPER-PWY,August,934.9592669204505,superpathway of hexitol degradation (bacteria),NA
HEXITOLDEGSUPER-PWY,July_1,1317.5545612088424,superpathway of hexitol degradation (bacteria),NA
HEXITOLDEGSUPER-PWY,July_2,1056.2059465977443,superpathway of hexitol degradation (bacteria),NA
HEXITOLDEGSUPER-PWY,July_3,1109.7853958877874,superpathway of hexitol degradation (bacteria),NA
HEXITOLDEGSUPER-PWY,May,442.4099993391198,superpathway of hexitol degradation (bacteria),NA
HEXITOLDEGSUPER-PWY,May_22,652.6496684728972,superpathway of hexitol degradation (bacteria),NA
HEXITOLDEGSUPER-PWY,October,418.14705788204805,superpathway of hexitol degradation (bacteria),NA
HEXPPSYN-PWY,August,1.1625298902719643,<i>all-trans</i>-hexaprenyl diphosphate biosynthesis,NA
HEXPPSYN-PWY,July_1,3.5463615640844086,<i>all-trans</i>-hexaprenyl diphosphate biosynthesis,NA
HEXPPSYN-PWY,July_2,2.6060164899174216,<i>all-trans</i>-hexaprenyl diphosphate biosynthesis,NA
HEXPPSYN-PWY,July_3,1.0964233892439947,<i>all-trans</i>-hexaprenyl diphosphate biosynthesis,NA
HEXPPSYN-PWY,May,1.1939766113076276,<i>all-trans</i>-hexaprenyl diphosphate biosynthesis,NA
HEXPPSYN-PWY,May_22,2.348736085415088,<i>all-trans</i>-hexaprenyl diphosphate biosynthesis,NA
HEXPPSYN-PWY,October,1.7370524512803525,<i>all-trans</i>-hexaprenyl diphosphate biosynthesis,NA
HISDEG-PWY,August,112.41954178388382,L-histidine degradation I,NA
HISDEG-PWY,July_1,134.48888687763304,L-histidine degradation I,NA
HISDEG-PWY,July_2,92.91446949448797,L-histidine degradation I,NA
HISDEG-PWY,July_3,104.77803217050166,L-histidine degradation I,NA
HISDEG-PWY,May,46.93676555285931,L-histidine degradation I,NA
HISDEG-PWY,May_22,42.73698824732361,L-histidine degradation I,NA
HISDEG-PWY,October,67.65539865152958,L-histidine degradation I,NA
HISTSYN-PWY,August,355.6559712189341,L-histidine biosynthesis,NA
HISTSYN-PWY,July_1,475.63333283269003,L-histidine biosynthesis,NA
HISTSYN-PWY,July_2,451.86050305856594,L-histidine biosynthesis,NA
HISTSYN-PWY,July_3,390.24719989981185,L-histidine biosynthesis,NA
HISTSYN-PWY,May,172.47176986416602,L-histidine biosynthesis,NA
HISTSYN-PWY,May_22,287.22937139944077,L-histidine biosynthesis,NA
HISTSYN-PWY,October,216.45336160605845,L-histidine biosynthesis,NA
HOMOCYSDEGR-PWY,August,311.46430502254884,L-cysteine biosynthesis III (from L-homocysteine),NA
HOMOCYSDEGR-PWY,July_1,373.89398047544915,L-cysteine biosynthesis III (from L-homocysteine),NA
HOMOCYSDEGR-PWY,July_2,272.9391500621404,L-cysteine biosynthesis III (from L-homocysteine),NA
HOMOCYSDEGR-PWY,July_3,313.9226454584942,L-cysteine biosynthesis III (from L-homocysteine),NA
HOMOCYSDEGR-PWY,May,259.19196710858597,L-cysteine biosynthesis III (from L-homocysteine),NA
HOMOCYSDEGR-PWY,May_22,242.06543646548644,L-cysteine biosynthesis III (from L-homocysteine),NA
HOMOCYSDEGR-PWY,October,213.89342002242518,L-cysteine biosynthesis III (from L-homocysteine),NA
HOMOSER-METSYN-PWY,August,243.18370870733764,L-methionine biosynthesis I,NA
HOMOSER-METSYN-PWY,July_1,421.3835051313389,L-methionine biosynthesis I,NA
HOMOSER-METSYN-PWY,July_2,230.86150047597917,L-methionine biosynthesis I,NA
HOMOSER-METSYN-PWY,July_3,291.32973965346895,L-methionine biosynthesis I,NA
HOMOSER-METSYN-PWY,May,67.4820830201673,L-methionine biosynthesis I,NA
HOMOSER-METSYN-PWY,May_22,104.61697940740736,L-methionine biosynthesis I,NA
HOMOSER-METSYN-PWY,October,64.73411745208234,L-methionine biosynthesis I,NA
HOMOSER-THRESYN-PWY,August,578.4260290376359,L-threonine biosynthesis,NA
HOMOSER-THRESYN-PWY,July_1,886.812505887071,L-threonine biosynthesis,NA
HOMOSER-THRESYN-PWY,July_2,579.6392282507377,L-threonine biosynthesis,NA
HOMOSER-THRESYN-PWY,July_3,563.3958617651913,L-threonine biosynthesis,NA
HOMOSER-THRESYN-PWY,May,566.703504876411,L-threonine biosynthesis,NA
HOMOSER-THRESYN-PWY,May_22,521.3584458390874,L-threonine biosynthesis,NA
HOMOSER-THRESYN-PWY,October,524.0623406059389,L-threonine biosynthesis,NA
HOMOSERSYN-PWY,August,627.1997363762109,L-homoserine biosynthesis,NA
HOMOSERSYN-PWY,July_1,751.6994792510734,L-homoserine biosynthesis,NA
HOMOSERSYN-PWY,July_2,593.8616273509568,L-homoserine biosynthesis,NA
HOMOSERSYN-PWY,July_3,668.7995369190285,L-homoserine biosynthesis,NA
HOMOSERSYN-PWY,May,324.5990168101055,L-homoserine biosynthesis,NA
HOMOSERSYN-PWY,May_22,398.35230453820685,L-homoserine biosynthesis,NA
HOMOSERSYN-PWY,October,264.21933016332935,L-homoserine biosynthesis,NA
HSERMETANA-PWY,August,671.6957970888685,L-methionine biosynthesis III,NA
HSERMETANA-PWY,July_1,1084.8657850535442,L-methionine biosynthesis III,NA
HSERMETANA-PWY,July_2,681.8217837482227,L-methionine biosynthesis III,NA
HSERMETANA-PWY,July_3,724.8244800598668,L-methionine biosynthesis III,NA
HSERMETANA-PWY,May,653.2140493001127,L-methionine biosynthesis III,NA
HSERMETANA-PWY,May_22,615.3228750086688,L-methionine biosynthesis III,NA
HSERMETANA-PWY,October,744.728075520708,L-methionine biosynthesis III,NA
IDNCAT-PWY,August,6.952176627396294,L-idonate degradation,NA
IDNCAT-PWY,July_1,13.615799926459854,L-idonate degradation,NA
IDNCAT-PWY,July_2,5.359985370271312,L-idonate degradation,NA
IDNCAT-PWY,July_3,7.321903323517138,L-idonate degradation,NA
IDNCAT-PWY,May,30.958176990490582,L-idonate degradation,NA
IDNCAT-PWY,May_22,6.8823481328753875,L-idonate degradation,NA
IDNCAT-PWY,October,15.520705922302136,L-idonate degradation,NA
ILEUSYN-PWY,August,2201.214274362445,L-isoleucine biosynthesis I (from threonine),NA
ILEUSYN-PWY,July_1,2775.9674572928147,L-isoleucine biosynthesis I (from threonine),NA
ILEUSYN-PWY,July_2,2100.5930171629625,L-isoleucine biosynthesis I (from threonine),NA
ILEUSYN-PWY,July_3,2132.9173724618545,L-isoleucine biosynthesis I (from threonine),NA
ILEUSYN-PWY,May,2163.2407129928765,L-isoleucine biosynthesis I (from threonine),NA
ILEUSYN-PWY,May_22,1766.2896403163395,L-isoleucine biosynthesis I (from threonine),NA
ILEUSYN-PWY,October,2288.217309981506,L-isoleucine biosynthesis I (from threonine),NA
KDO-LIPASYN-PWY,August,2.089655586213882,(Kdo)<sub>2</sub>-lipid A biosynthesis (<i>E. coli</i>),NA
KDO-LIPASYN-PWY,July_1,3.037720200518919,(Kdo)<sub>2</sub>-lipid A biosynthesis (<i>E. coli</i>),NA
KDO-LIPASYN-PWY,July_2,2.3789566704913154,(Kdo)<sub>2</sub>-lipid A biosynthesis (<i>E. coli</i>),NA
KDO-LIPASYN-PWY,July_3,3.0242003992614594,(Kdo)<sub>2</sub>-lipid A biosynthesis (<i>E. coli</i>),NA
KDO-LIPASYN-PWY,May,0.8948875867249075,(Kdo)<sub>2</sub>-lipid A biosynthesis (<i>E. coli</i>),NA
KDO-LIPASYN-PWY,May_22,0.406092334995352,(Kdo)<sub>2</sub>-lipid A biosynthesis (<i>E. coli</i>),NA
KDOSYN-PWY,August,20.344574135621524,Kdo transfer to lipid IV<sub>A</sub> (<i>E. coli</i>),NA
KDOSYN-PWY,July_1,19.96491103497404,Kdo transfer to lipid IV<sub>A</sub> (<i>E. coli</i>),NA
KDOSYN-PWY,July_2,19.17871390132766,Kdo transfer to lipid IV<sub>A</sub> (<i>E. coli</i>),NA
KDOSYN-PWY,July_3,12.685869059590388,Kdo transfer to lipid IV<sub>A</sub> (<i>E. coli</i>),NA
KDOSYN-PWY,May,11.51005676607358,Kdo transfer to lipid IV<sub>A</sub> (<i>E. coli</i>),NA
KDOSYN-PWY,May_22,21.280350965269815,Kdo transfer to lipid IV<sub>A</sub> (<i>E. coli</i>),NA
KDOSYN-PWY,October,21.994686543723923,Kdo transfer to lipid IV<sub>A</sub> (<i>E. coli</i>),NA
LARABITOLUTIL-PWY,August,44.328888001772206,xylitol degradation I,NA
LARABITOLUTIL-PWY,July_1,86.57065823512397,xylitol degradation I,NA
LARABITOLUTIL-PWY,July_2,59.01165834649719,xylitol degradation I,NA
LARABITOLUTIL-PWY,July_3,43.9541588797736,xylitol degradation I,NA
LARABITOLUTIL-PWY,May,147.92418558421403,xylitol degradation I,NA
LARABITOLUTIL-PWY,May_22,75.6284167967308,xylitol degradation I,NA
LARABITOLUTIL-PWY,October,92.54788323313821,xylitol degradation I,NA
LEU-DEG2-PWY,August,217.65081101793749,L-leucine degradation I,NA
LEU-DEG2-PWY,July_1,301.12006442099823,L-leucine degradation I,NA
LEU-DEG2-PWY,July_2,187.26405415376502,L-leucine degradation I,NA
LEU-DEG2-PWY,July_3,227.51615596093941,L-leucine degradation I,NA
LEU-DEG2-PWY,May,89.40244076632273,L-leucine degradation I,NA
LEU-DEG2-PWY,May_22,43.624699266647504,L-leucine degradation I,NA
LEU-DEG2-PWY,October,43.98613335309196,L-leucine degradation I,NA
MALATE-ASPARTATE-SHUTTLE-PWY,August,383.9788144347965,malate/L-aspartate shuttle pathway,NA
MALATE-ASPARTATE-SHUTTLE-PWY,July_1,434.8225824877304,malate/L-aspartate shuttle pathway,NA
MALATE-ASPARTATE-SHUTTLE-PWY,July_2,397.0606914259823,malate/L-aspartate shuttle pathway,NA
MALATE-ASPARTATE-SHUTTLE-PWY,July_3,421.5549854852657,malate/L-aspartate shuttle pathway,NA
MALATE-ASPARTATE-SHUTTLE-PWY,May,572.9704447599108,malate/L-aspartate shuttle pathway,NA
MALATE-ASPARTATE-SHUTTLE-PWY,May_22,535.2115871898847,malate/L-aspartate shuttle pathway,NA
MALATE-ASPARTATE-SHUTTLE-PWY,October,470.7841236047923,malate/L-aspartate shuttle pathway,NA
MALTOSECAT-PWY,August,36.59459106720613,maltose degradation,NA
MALTOSECAT-PWY,July_1,30.967250072571964,maltose degradation,NA
MALTOSECAT-PWY,July_2,24.064634291922538,maltose degradation,NA
MALTOSECAT-PWY,July_3,29.863713654591912,maltose degradation,NA
MALTOSECAT-PWY,May,51.59544992834707,maltose degradation,NA
MALTOSECAT-PWY,May_22,48.60925293997729,maltose degradation,NA
MALTOSECAT-PWY,October,52.15055108660557,maltose degradation,NA
MANNCAT-PWY,August,118.85693165759803,D-mannose degradation I,NA
MANNCAT-PWY,July_1,211.2212512522721,D-mannose degradation I,NA
MANNCAT-PWY,July_2,129.97238421878438,D-mannose degradation I,NA
MANNCAT-PWY,July_3,115.30703430996685,D-mannose degradation I,NA
MANNCAT-PWY,May,189.65011919433215,D-mannose degradation I,NA
MANNCAT-PWY,May_22,167.93395212906486,D-mannose degradation I,NA
MANNCAT-PWY,October,178.25622285949964,D-mannose degradation I,NA
MANNIDEG-PWY,August,60.18501012423629,mannitol degradation I,NA
MANNIDEG-PWY,July_1,40.855236124137186,mannitol degradation I,NA
MANNIDEG-PWY,July_2,70.73141777402614,mannitol degradation I,NA
MANNIDEG-PWY,July_3,64.84843923987756,mannitol degradation I,NA
MANNIDEG-PWY,May,31.394648818323915,mannitol degradation I,NA
MANNIDEG-PWY,May_22,34.43079301077719,mannitol degradation I,NA
MANNIDEG-PWY,October,16.810196710428478,mannitol degradation I,NA
MENAQUINONESYN-PWY,August,182.64210818264604,menaquinol-8 biosynthesis,NA
MENAQUINONESYN-PWY,July_1,234.8220290201381,menaquinol-8 biosynthesis,NA
MENAQUINONESYN-PWY,July_2,152.55327682201425,menaquinol-8 biosynthesis,NA
MENAQUINONESYN-PWY,July_3,187.93959570629076,menaquinol-8 biosynthesis,NA
MENAQUINONESYN-PWY,May,132.01862647254177,menaquinol-8 biosynthesis,NA
MENAQUINONESYN-PWY,May_22,128.71109314429884,menaquinol-8 biosynthesis,NA
MENAQUINONESYN-PWY,October,83.64366783422984,menaquinol-8 biosynthesis,NA
MET-SAM-PWY,August,1374.8898387464737,superpathway of <i>S</i>-adenosyl-L-methionine biosynthesis from L-aspartate,NA
MET-SAM-PWY,July_1,1758.8251389694396,superpathway of <i>S</i>-adenosyl-L-methionine biosynthesis from L-aspartate,NA
MET-SAM-PWY,July_2,1281.3123754612116,superpathway of <i>S</i>-adenosyl-L-methionine biosynthesis from L-aspartate,NA
MET-SAM-PWY,July_3,1483.0417592885312,superpathway of <i>S</i>-adenosyl-L-methionine biosynthesis from L-aspartate,NA
MET-SAM-PWY,May,414.17083666403784,superpathway of <i>S</i>-adenosyl-L-methionine biosynthesis from L-aspartate,NA
MET-SAM-PWY,May_22,550.4560098986051,superpathway of <i>S</i>-adenosyl-L-methionine biosynthesis from L-aspartate,NA
MET-SAM-PWY,October,334.98296282138966,superpathway of <i>S</i>-adenosyl-L-methionine biosynthesis from L-aspartate,NA
NAD-BIOSYNTHESIS-II,August,124.81346090964135,NAD salvage pathway III (to nicotinamide riboside),NA
NAD-BIOSYNTHESIS-II,July_1,214.49351345056743,NAD salvage pathway III (to nicotinamide riboside),NA
NAD-BIOSYNTHESIS-II,July_2,122.79556996517306,NAD salvage pathway III (to nicotinamide riboside),NA
NAD-BIOSYNTHESIS-II,July_3,131.7096081414737,NAD salvage pathway III (to nicotinamide riboside),NA
NAD-BIOSYNTHESIS-II,May,97.77553424712139,NAD salvage pathway III (to nicotinamide riboside),NA
NAD-BIOSYNTHESIS-II,May_22,88.25851157734336,NAD salvage pathway III (to nicotinamide riboside),NA
NAD-BIOSYNTHESIS-II,October,101.70201564414786,NAD salvage pathway III (to nicotinamide riboside),NA
NAD-BIOSYNTHESIS-III,August,7.446716252320481,NAD biosynthesis from nicotinamide I (amidated pathway),NA
NAD-BIOSYNTHESIS-III,July_1,6.140853039022978,NAD biosynthesis from nicotinamide I (amidated pathway),NA
NAD-BIOSYNTHESIS-III,July_2,9.2940135754652,NAD biosynthesis from nicotinamide I (amidated pathway),NA
NAD-BIOSYNTHESIS-III,July_3,11.636526900789805,NAD biosynthesis from nicotinamide I (amidated pathway),NA
NAD-BIOSYNTHESIS-III,May,9.878962859400394,NAD biosynthesis from nicotinamide I (amidated pathway),NA
NAD-BIOSYNTHESIS-III,May_22,7.558735317924167,NAD biosynthesis from nicotinamide I (amidated pathway),NA
NAD-BIOSYNTHESIS-III,October,4.704644733449052,NAD biosynthesis from nicotinamide I (amidated pathway),NA
NADPHOS-DEPHOS-PWY,August,33.02399881263484,NAD phosphorylation and dephosphorylation,NA
NADPHOS-DEPHOS-PWY,July_1,64.5180363599878,NAD phosphorylation and dephosphorylation,NA
NADPHOS-DEPHOS-PWY,July_2,37.27784043617093,NAD phosphorylation and dephosphorylation,NA
NADPHOS-DEPHOS-PWY,July_3,34.568085214634934,NAD phosphorylation and dephosphorylation,NA
NADPHOS-DEPHOS-PWY,May,9.382120873714596,NAD phosphorylation and dephosphorylation,NA
NADPHOS-DEPHOS-PWY,May_22,19.009101853102397,NAD phosphorylation and dephosphorylation,NA
NADPHOS-DEPHOS-PWY,October,18.163296664866436,NAD phosphorylation and dephosphorylation,NA
NADPHOS-DEPHOS-PWY-1,August,81.7621675565718,NAD phosphorylation and transhydrogenation,NA
NADPHOS-DEPHOS-PWY-1,July_1,118.63956369155873,NAD phosphorylation and transhydrogenation,NA
NADPHOS-DEPHOS-PWY-1,July_2,82.61397600631835,NAD phosphorylation and transhydrogenation,NA
NADPHOS-DEPHOS-PWY-1,July_3,92.76325245800956,NAD phosphorylation and transhydrogenation,NA
NADPHOS-DEPHOS-PWY-1,May,57.07297714669091,NAD phosphorylation and transhydrogenation,NA
NADPHOS-DEPHOS-PWY-1,May_22,57.08005374251691,NAD phosphorylation and transhydrogenation,NA
NADPHOS-DEPHOS-PWY-1,October,40.7230342505646,NAD phosphorylation and transhydrogenation,NA
NADSYN-PWY,August,55.42969451933883,NAD <i>de novo</i> biosynthesis II (from tryptophan),NA
NADSYN-PWY,July_1,18.539677853040136,NAD <i>de novo</i> biosynthesis II (from tryptophan),NA
NADSYN-PWY,July_2,41.89068500323729,NAD <i>de novo</i> biosynthesis II (from tryptophan),NA
NADSYN-PWY,July_3,36.693415469410446,NAD <i>de novo</i> biosynthesis II (from tryptophan),NA
NAGLIPASYN-PWY,August,182.04758267579646,lipid IV<sub>A</sub> biosynthesis (<i>E. coli</i>),NA
NAGLIPASYN-PWY,July_1,174.54318318391472,lipid IV<sub>A</sub> biosynthesis (<i>E. coli</i>),NA
NAGLIPASYN-PWY,July_2,220.37900260218487,lipid IV<sub>A</sub> biosynthesis (<i>E. coli</i>),NA
NAGLIPASYN-PWY,July_3,146.3347942869442,lipid IV<sub>A</sub> biosynthesis (<i>E. coli</i>),NA
NAGLIPASYN-PWY,May,179.30676503487635,lipid IV<sub>A</sub> biosynthesis (<i>E. coli</i>),NA
NAGLIPASYN-PWY,May_22,286.0092014566277,lipid IV<sub>A</sub> biosynthesis (<i>E. coli</i>),NA
NAGLIPASYN-PWY,October,184.60658170558622,lipid IV<sub>A</sub> biosynthesis (<i>E. coli</i>),NA
NONMEVIPP-PWY,August,1425.0134880320534,methylerythritol phosphate pathway I,NA
NONMEVIPP-PWY,July_1,2857.524356147534,methylerythritol phosphate pathway I,NA
NONMEVIPP-PWY,July_2,1337.572546889197,methylerythritol phosphate pathway I,NA
NONMEVIPP-PWY,July_3,1729.2117753201476,methylerythritol phosphate pathway I,NA
NONMEVIPP-PWY,May,640.7763742412453,methylerythritol phosphate pathway I,NA
NONMEVIPP-PWY,May_22,661.012370039996,methylerythritol phosphate pathway I,NA
NONMEVIPP-PWY,October,437.6536675155206,methylerythritol phosphate pathway I,NA
NONOXIPENT-PWY,August,1195.0380253776552,pentose phosphate pathway (non-oxidative branch) I,NA
NONOXIPENT-PWY,July_1,1570.4870270319861,pentose phosphate pathway (non-oxidative branch) I,NA
NONOXIPENT-PWY,July_2,1364.8353946638674,pentose phosphate pathway (non-oxidative branch) I,NA
NONOXIPENT-PWY,July_3,1277.4867814203976,pentose phosphate pathway (non-oxidative branch) I,NA
NONOXIPENT-PWY,May,5290.537770055959,pentose phosphate pathway (non-oxidative branch) I,NA
NONOXIPENT-PWY,May_22,4288.972178566256,pentose phosphate pathway (non-oxidative branch) I,NA
NONOXIPENT-PWY,October,4429.813986187035,pentose phosphate pathway (non-oxidative branch) I,NA
NPGLUCAT-PWY,August,136.0177366954823,Entner-Doudoroff pathway II (non-phosphorylative),NA
NPGLUCAT-PWY,July_1,96.40953953222746,Entner-Doudoroff pathway II (non-phosphorylative),NA
NPGLUCAT-PWY,July_2,93.73882326842201,Entner-Doudoroff pathway II (non-phosphorylative),NA
NPGLUCAT-PWY,July_3,56.22036167106606,Entner-Doudoroff pathway II (non-phosphorylative),NA
NPGLUCAT-PWY,May,69.45542927897907,Entner-Doudoroff pathway II (non-phosphorylative),NA
NPGLUCAT-PWY,May_22,80.77164359033407,Entner-Doudoroff pathway II (non-phosphorylative),NA
NPGLUCAT-PWY,October,115.20857321943504,Entner-Doudoroff pathway II (non-phosphorylative),NA
OANTIGEN-PWY,August,1312.037947061719,<i>O</i>-antigen building blocks biosynthesis (<i>E. coli</i>),NA
OANTIGEN-PWY,July_1,1531.5629056866085,<i>O</i>-antigen building blocks biosynthesis (<i>E. coli</i>),NA
OANTIGEN-PWY,July_2,1303.0632841725692,<i>O</i>-antigen building blocks biosynthesis (<i>E. coli</i>),NA
OANTIGEN-PWY,July_3,1432.093897844318,<i>O</i>-antigen building blocks biosynthesis (<i>E. coli</i>),NA
OANTIGEN-PWY,May,852.6900267758949,<i>O</i>-antigen building blocks biosynthesis (<i>E. coli</i>),NA
OANTIGEN-PWY,May_22,948.5876849006985,<i>O</i>-antigen building blocks biosynthesis (<i>E. coli</i>),NA
OANTIGEN-PWY,October,889.93334905918,<i>O</i>-antigen building blocks biosynthesis (<i>E. coli</i>),NA
ORN-AMINOPENTANOATE-CAT-PWY,August,74.85173652690472,L-ornithine degradation I (L-proline biosynthesis),NA
ORN-AMINOPENTANOATE-CAT-PWY,July_1,67.36654663459356,L-ornithine degradation I (L-proline biosynthesis),NA
ORN-AMINOPENTANOATE-CAT-PWY,July_2,84.65441690845819,L-ornithine degradation I (L-proline biosynthesis),NA
ORN-AMINOPENTANOATE-CAT-PWY,July_3,90.69027611934581,L-ornithine degradation I (L-proline biosynthesis),NA
ORN-AMINOPENTANOATE-CAT-PWY,May,148.65003667564997,L-ornithine degradation I (L-proline biosynthesis),NA
ORN-AMINOPENTANOATE-CAT-PWY,May_22,94.96974295158867,L-ornithine degradation I (L-proline biosynthesis),NA
ORN-AMINOPENTANOATE-CAT-PWY,October,65.75124531663761,L-ornithine degradation I (L-proline biosynthesis),NA
OXIDATIVEPENT-PWY,August,621.5645885468272,pentose phosphate pathway (oxidative branch) I,NA
OXIDATIVEPENT-PWY,July_1,611.4900820617656,pentose phosphate pathway (oxidative branch) I,NA
OXIDATIVEPENT-PWY,July_2,546.839704515958,pentose phosphate pathway (oxidative branch) I,NA
OXIDATIVEPENT-PWY,July_3,595.9122024362175,pentose phosphate pathway (oxidative branch) I,NA
OXIDATIVEPENT-PWY,May,1301.4205361900092,pentose phosphate pathway (oxidative branch) I,NA
OXIDATIVEPENT-PWY,May_22,1042.4459442278944,pentose phosphate pathway (oxidative branch) I,NA
OXIDATIVEPENT-PWY,October,985.875505856592,pentose phosphate pathway (oxidative branch) I,NA
P101-PWY,August,181.65077558707594,ectoine biosynthesis,NA
P101-PWY,July_1,439.3152856639106,ectoine biosynthesis,NA
P101-PWY,July_2,191.75585895683662,ectoine biosynthesis,NA
P101-PWY,July_3,211.42584464755979,ectoine biosynthesis,NA
P101-PWY,May,127.15339872117056,ectoine biosynthesis,NA
P101-PWY,May_22,128.50495211108802,ectoine biosynthesis,NA
P101-PWY,October,94.80955443605265,ectoine biosynthesis,NA
P105-PWY,August,1753.9625208645487,TCA cycle IV (2-oxoglutarate decarboxylase),NA
P105-PWY,July_1,2613.1246984396207,TCA cycle IV (2-oxoglutarate decarboxylase),NA
P105-PWY,July_2,1912.965550479398,TCA cycle IV (2-oxoglutarate decarboxylase),NA
P105-PWY,July_3,2476.9490056738614,TCA cycle IV (2-oxoglutarate decarboxylase),NA
P105-PWY,May,1484.4608395248656,TCA cycle IV (2-oxoglutarate decarboxylase),NA
P105-PWY,May_22,1493.7214499593251,TCA cycle IV (2-oxoglutarate decarboxylase),NA
P105-PWY,October,1148.2962799113202,TCA cycle IV (2-oxoglutarate decarboxylase),NA
P108-PWY,August,1151.0425805821171,pyruvate fermentation to propanoate I,NA
P108-PWY,July_1,1758.8440357846496,pyruvate fermentation to propanoate I,NA
P108-PWY,July_2,1179.2471911712785,pyruvate fermentation to propanoate I,NA
P108-PWY,July_3,1695.8683040032004,pyruvate fermentation to propanoate I,NA
P108-PWY,May,655.5350928616758,pyruvate fermentation to propanoate I,NA
P108-PWY,May_22,876.025502968824,pyruvate fermentation to propanoate I,NA
P108-PWY,October,569.5384476424588,pyruvate fermentation to propanoate I,NA
P121-PWY,August,139.08144757220464,adenine and adenosine salvage I,NA
P121-PWY,July_1,155.7511520658076,adenine and adenosine salvage I,NA
P121-PWY,July_2,143.34158954357977,adenine and adenosine salvage I,NA
P121-PWY,July_3,143.86868328594483,adenine and adenosine salvage I,NA
P121-PWY,May,70.59001679768616,adenine and adenosine salvage I,NA
P121-PWY,May_22,108.4682933032955,adenine and adenosine salvage I,NA
P121-PWY,October,57.4377841776156,adenine and adenosine salvage I,NA
P122-PWY,August,1227.7769471385764,heterolactic fermentation,NA
P122-PWY,July_1,1627.7754549279534,heterolactic fermentation,NA
P122-PWY,July_2,1581.6878018975694,heterolactic fermentation,NA
P122-PWY,July_3,1388.3961108463984,heterolactic fermentation,NA
P122-PWY,May,1037.3445163937065,heterolactic fermentation,NA
P122-PWY,May_22,1098.7799909591795,heterolactic fermentation,NA
P122-PWY,October,922.083943073817,heterolactic fermentation,NA
P124-PWY,August,1472.3283905988078,Bifidobacterium shunt,NA
P124-PWY,July_1,2090.6657131706834,Bifidobacterium shunt,NA
P124-PWY,July_2,1601.2211209282768,Bifidobacterium shunt,NA
P124-PWY,July_3,1639.8320591187621,Bifidobacterium shunt,NA
P124-PWY,May,3422.094788438436,Bifidobacterium shunt,NA
P124-PWY,May_22,2838.417723838888,Bifidobacterium shunt,NA
P124-PWY,October,3216.487878514974,Bifidobacterium shunt,NA
P125-PWY,August,288.55675235313157,"superpathway of (<i>R,R</i>)-butanediol biosynthesis (from pyruvate)",NA
P125-PWY,July_1,293.92395149157124,"superpathway of (<i>R,R</i>)-butanediol biosynthesis (from pyruvate)",NA
P125-PWY,July_2,269.09983669106225,"superpathway of (<i>R,R</i>)-butanediol biosynthesis (from pyruvate)",NA
P125-PWY,July_3,320.0389150816242,"superpathway of (<i>R,R</i>)-butanediol biosynthesis (from pyruvate)",NA
P125-PWY,May,242.22438934986175,"superpathway of (<i>R,R</i>)-butanediol biosynthesis (from pyruvate)",NA
P125-PWY,May_22,203.28746115981636,"superpathway of (<i>R,R</i>)-butanediol biosynthesis (from pyruvate)",NA
P125-PWY,October,202.0880623352349,"superpathway of (<i>R,R</i>)-butanediol biosynthesis (from pyruvate)",NA
P142-PWY,August,236.03267197068814,pyruvate fermentation to acetate I,NA
P142-PWY,July_1,320.8415015063522,pyruvate fermentation to acetate I,NA
P142-PWY,July_2,222.2381629222086,pyruvate fermentation to acetate I,NA
P142-PWY,July_3,291.2601760580564,pyruvate fermentation to acetate I,NA
P142-PWY,May,557.9528894693983,pyruvate fermentation to acetate I,NA
P142-PWY,May_22,796.7961902688822,pyruvate fermentation to acetate I,NA
P142-PWY,October,586.7195808036032,pyruvate fermentation to acetate I,NA
P162-PWY,August,460.6887547303501,L-glutamate degradation V (via hydroxyglutarate),NA
P162-PWY,July_1,636.3363623450151,L-glutamate degradation V (via hydroxyglutarate),NA
P162-PWY,July_2,390.1009214681481,L-glutamate degradation V (via hydroxyglutarate),NA
P162-PWY,July_3,524.8245480455583,L-glutamate degradation V (via hydroxyglutarate),NA
P162-PWY,May,174.02261967134737,L-glutamate degradation V (via hydroxyglutarate),NA
P162-PWY,May_22,313.4833027366174,L-glutamate degradation V (via hydroxyglutarate),NA
P162-PWY,October,159.85590805112332,L-glutamate degradation V (via hydroxyglutarate),NA
P165-PWY,August,134.34047874149562,superpathway of purines degradation in plants,NA
P165-PWY,July_1,229.96505658164304,superpathway of purines degradation in plants,NA
P165-PWY,July_2,142.7003570391508,superpathway of purines degradation in plants,NA
P165-PWY,July_3,153.67123748233033,superpathway of purines degradation in plants,NA
P165-PWY,May,16.02438945645004,superpathway of purines degradation in plants,NA
P165-PWY,May_22,63.1477115561917,superpathway of purines degradation in plants,NA
P165-PWY,October,235.25452031836906,superpathway of purines degradation in plants,NA
P183-PWY,August,147.053015155527,catechol degradation to 2-hydroxypentadienoate I,NA
P183-PWY,July_1,154.71241621118588,catechol degradation to 2-hydroxypentadienoate I,NA
P183-PWY,July_2,125.80754603385876,catechol degradation to 2-hydroxypentadienoate I,NA
P183-PWY,July_3,194.8683469588417,catechol degradation to 2-hydroxypentadienoate I,NA
P183-PWY,May,211.4684165157657,catechol degradation to 2-hydroxypentadienoate I,NA
P183-PWY,May_22,192.0756874974607,catechol degradation to 2-hydroxypentadienoate I,NA
P183-PWY,October,173.95317236961426,catechol degradation to 2-hydroxypentadienoate I,NA
P184-PWY,August,12.456725188948479,protocatechuate degradation I (<I>meta</I>-cleavage pathway),NA
P184-PWY,July_1,3.2485393711449353,protocatechuate degradation I (<I>meta</I>-cleavage pathway),NA
P184-PWY,July_2,16.910426782379865,protocatechuate degradation I (<I>meta</I>-cleavage pathway),NA
P184-PWY,July_3,11.448524296250838,protocatechuate degradation I (<I>meta</I>-cleavage pathway),NA
P185-PWY,August,2317.347091692535,formaldehyde assimilation III (dihydroxyacetone cycle),NA
P185-PWY,July_1,2800.621078692755,formaldehyde assimilation III (dihydroxyacetone cycle),NA
P185-PWY,July_2,2441.0472964305645,formaldehyde assimilation III (dihydroxyacetone cycle),NA
P185-PWY,July_3,2450.2123880629088,formaldehyde assimilation III (dihydroxyacetone cycle),NA
P185-PWY,May,6658.581593807343,formaldehyde assimilation III (dihydroxyacetone cycle),NA
P185-PWY,May_22,5303.8487804606675,formaldehyde assimilation III (dihydroxyacetone cycle),NA
P185-PWY,October,6470.084365421531,formaldehyde assimilation III (dihydroxyacetone cycle),NA
P21-PWY,August,1188.5978090467509,pentose phosphate pathway (partial),NA
P21-PWY,July_1,1380.232211265848,pentose phosphate pathway (partial),NA
P21-PWY,July_2,1423.705358770478,pentose phosphate pathway (partial),NA
P21-PWY,July_3,1173.1015061129624,pentose phosphate pathway (partial),NA
P21-PWY,May,4794.406818336763,pentose phosphate pathway (partial),NA
P21-PWY,May_22,3903.1742803096267,pentose phosphate pathway (partial),NA
P21-PWY,October,4013.9460183139977,pentose phosphate pathway (partial),NA
P221-PWY,August,32.7138607056022,octane oxidation,NA
P221-PWY,July_1,25.8721733894542,octane oxidation,NA
P221-PWY,July_2,25.195570953092183,octane oxidation,NA
P221-PWY,July_3,32.475349387003206,octane oxidation,NA
P221-PWY,May,11.507753111678658,octane oxidation,NA
P221-PWY,May_22,2.4042661148191407,octane oxidation,NA
P222-PWY,August,4.26682254221502,sulfide oxidation I (to sulfur globules),NA
P222-PWY,July_1,6.92286031898425,sulfide oxidation I (to sulfur globules),NA
P222-PWY,July_2,6.423658072427099,sulfide oxidation I (to sulfur globules),NA
P222-PWY,July_3,3.349892960441662,sulfide oxidation I (to sulfur globules),NA
P222-PWY,May,8.36290637421331,sulfide oxidation I (to sulfur globules),NA
P222-PWY,May_22,10.05575269282299,sulfide oxidation I (to sulfur globules),NA
P222-PWY,October,14.451147675516506,sulfide oxidation I (to sulfur globules),NA
P23-PWY,August,1196.8471151881315,reductive TCA cycle I,NA
P23-PWY,July_1,1990.263058211107,reductive TCA cycle I,NA
P23-PWY,July_2,1345.8407453929804,reductive TCA cycle I,NA
P23-PWY,July_3,1766.901064131295,reductive TCA cycle I,NA
P23-PWY,May,746.3606738165436,reductive TCA cycle I,NA
P23-PWY,May_22,1351.8058549897949,reductive TCA cycle I,NA
P23-PWY,October,889.6258698555106,reductive TCA cycle I,NA
P281-PWY,August,62.44187316054492,3-phenylpropanoate degradation,NA
P281-PWY,July_1,156.04421780277045,3-phenylpropanoate degradation,NA
P281-PWY,July_2,63.88831497599636,3-phenylpropanoate degradation,NA
P281-PWY,July_3,76.91913634418674,3-phenylpropanoate degradation,NA
P281-PWY,May,26.076009185197265,3-phenylpropanoate degradation,NA
P281-PWY,May_22,35.68837049309892,3-phenylpropanoate degradation,NA
P281-PWY,October,29.366433146191255,3-phenylpropanoate degradation,NA
P283-PWY,August,921.6044031789207,hydrogen oxidation I (aerobic),NA
P283-PWY,July_1,599.5463090081348,hydrogen oxidation I (aerobic),NA
P283-PWY,July_2,1073.7089696654823,hydrogen oxidation I (aerobic),NA
P283-PWY,July_3,919.889130215056,hydrogen oxidation I (aerobic),NA
P283-PWY,May,2553.739043607716,hydrogen oxidation I (aerobic),NA
P283-PWY,May_22,1768.9691488834437,hydrogen oxidation I (aerobic),NA
P283-PWY,October,1393.8757012206704,hydrogen oxidation I (aerobic),NA
P302-PWY,August,78.57923442582403,L-sorbose degradation,NA
P302-PWY,July_1,129.41975535805219,L-sorbose degradation,NA
P302-PWY,July_2,104.35546811906062,L-sorbose degradation,NA
P302-PWY,July_3,97.13084736490244,L-sorbose degradation,NA
P302-PWY,May,38.93505735177959,L-sorbose degradation,NA
P302-PWY,May_22,51.48023676230308,L-sorbose degradation,NA
P302-PWY,October,62.01456554474447,L-sorbose degradation,NA
P341-PWY,August,450.72837048653685,glycolysis V (Pyrococcus),NA
P341-PWY,July_1,686.9763058252183,glycolysis V (Pyrococcus),NA
P341-PWY,July_2,545.9409019439755,glycolysis V (Pyrococcus),NA
P341-PWY,July_3,563.906495906981,glycolysis V (Pyrococcus),NA
P341-PWY,May,577.1696844147583,glycolysis V (Pyrococcus),NA
P341-PWY,May_22,670.5031002794868,glycolysis V (Pyrococcus),NA
P341-PWY,October,550.758453911729,glycolysis V (Pyrococcus),NA
P343-PWY,August,8.43560477405896,resorcinol degradation,NA
P343-PWY,July_1,3.8422405410254923,resorcinol degradation,NA
P343-PWY,July_2,5.941091909375951,resorcinol degradation,NA
P343-PWY,July_3,7.425137767937981,resorcinol degradation,NA
P343-PWY,May,2.6745917167907765,resorcinol degradation,NA
P343-PWY,May_22,3.174401328777937,resorcinol degradation,NA
P343-PWY,October,4.392358587421578,resorcinol degradation,NA
P344-PWY,August,205.93688780476361,superpathway of acrylonitrile degradation (to acrylate),NA
P344-PWY,July_1,320.9000655285714,superpathway of acrylonitrile degradation (to acrylate),NA
P344-PWY,July_2,193.46619762594202,superpathway of acrylonitrile degradation (to acrylate),NA
P344-PWY,July_3,172.05879485880112,superpathway of acrylonitrile degradation (to acrylate),NA
P344-PWY,May,367.9943406056099,superpathway of acrylonitrile degradation (to acrylate),NA
P344-PWY,May_22,278.14695993389347,superpathway of acrylonitrile degradation (to acrylate),NA
P344-PWY,October,461.19400268468723,superpathway of acrylonitrile degradation (to acrylate),NA
P345-PWY,August,6.237236968051485,aldoxime degradation,NA
P345-PWY,July_1,5.0570974146586565,aldoxime degradation,NA
P345-PWY,July_2,7.464960718372561,aldoxime degradation,NA
P345-PWY,July_3,5.8659511032692695,aldoxime degradation,NA
P345-PWY,May,3.704644396826655,aldoxime degradation,NA
P345-PWY,May_22,5.408983204045754,aldoxime degradation,NA
P345-PWY,October,4.613721838411884,aldoxime degradation,NA
P381-PWY,August,281.4720486851965,adenosylcobalamin biosynthesis II (aerobic),NA
P381-PWY,July_1,347.12205495073846,adenosylcobalamin biosynthesis II (aerobic),NA
P381-PWY,July_2,317.83287432539345,adenosylcobalamin biosynthesis II (aerobic),NA
P381-PWY,July_3,332.3295565263587,adenosylcobalamin biosynthesis II (aerobic),NA
P381-PWY,May,224.6357344490425,adenosylcobalamin biosynthesis II (aerobic),NA
P381-PWY,May_22,128.66251892117373,adenosylcobalamin biosynthesis II (aerobic),NA
P381-PWY,October,237.08604047320424,adenosylcobalamin biosynthesis II (aerobic),NA
P4-PWY,August,2021.2613480072946,"superpathway of L-lysine, L-threonine and L-methionine biosynthesis I",NA
P4-PWY,July_1,3141.913936846907,"superpathway of L-lysine, L-threonine and L-methionine biosynthesis I",NA
P4-PWY,July_2,1901.4717724251752,"superpathway of L-lysine, L-threonine and L-methionine biosynthesis I",NA
P4-PWY,July_3,2154.6640960245522,"superpathway of L-lysine, L-threonine and L-methionine biosynthesis I",NA
P4-PWY,May,1655.1884529935737,"superpathway of L-lysine, L-threonine and L-methionine biosynthesis I",NA
P4-PWY,May_22,1388.9022658396893,"superpathway of L-lysine, L-threonine and L-methionine biosynthesis I",NA
P4-PWY,October,1703.1565689878103,"superpathway of L-lysine, L-threonine and L-methionine biosynthesis I",NA
P41-PWY,August,38.72707515141501,pyruvate fermentation to acetate and (<i>S</i>)-lactate I,NA
P41-PWY,July_1,51.79877762166598,pyruvate fermentation to acetate and (<i>S</i>)-lactate I,NA
P41-PWY,July_2,45.46758887378846,pyruvate fermentation to acetate and (<i>S</i>)-lactate I,NA
P41-PWY,July_3,41.52636533916531,pyruvate fermentation to acetate and (<i>S</i>)-lactate I,NA
P41-PWY,May,82.73883450302853,pyruvate fermentation to acetate and (<i>S</i>)-lactate I,NA
P41-PWY,May_22,117.25950161570287,pyruvate fermentation to acetate and (<i>S</i>)-lactate I,NA
P41-PWY,October,72.9324237410533,pyruvate fermentation to acetate and (<i>S</i>)-lactate I,NA
P42-PWY,August,2817.9739009780174,incomplete reductive TCA cycle,NA
P42-PWY,July_1,3814.2337444280874,incomplete reductive TCA cycle,NA
P42-PWY,July_2,2970.5434990137965,incomplete reductive TCA cycle,NA
P42-PWY,July_3,3712.8812973757667,incomplete reductive TCA cycle,NA
P42-PWY,May,2865.463555377912,incomplete reductive TCA cycle,NA
P42-PWY,May_22,3316.1460699619283,incomplete reductive TCA cycle,NA
P42-PWY,October,2421.5479004422687,incomplete reductive TCA cycle,NA
P441-PWY,August,614.3283031383978,superpathway of <i>N</i>-acetylneuraminate degradation,NA
P441-PWY,July_1,844.3494774589848,superpathway of <i>N</i>-acetylneuraminate degradation,NA
P441-PWY,July_2,868.7820056651435,superpathway of <i>N</i>-acetylneuraminate degradation,NA
P441-PWY,July_3,535.6135266842354,superpathway of <i>N</i>-acetylneuraminate degradation,NA
P441-PWY,May,315.5548576997334,superpathway of <i>N</i>-acetylneuraminate degradation,NA
P441-PWY,May_22,419.2165175648971,superpathway of <i>N</i>-acetylneuraminate degradation,NA
P441-PWY,October,306.06519165051884,superpathway of <i>N</i>-acetylneuraminate degradation,NA
P461-PWY,August,1255.6125730630024,"hexitol fermentation to lactate, formate, ethanol and acetate",NA
P461-PWY,July_1,1832.2008018606743,"hexitol fermentation to lactate, formate, ethanol and acetate",NA
P461-PWY,July_2,1621.1720145966603,"hexitol fermentation to lactate, formate, ethanol and acetate",NA
P461-PWY,July_3,1460.3588009769373,"hexitol fermentation to lactate, formate, ethanol and acetate",NA
P461-PWY,May,689.3999222919027,"hexitol fermentation to lactate, formate, ethanol and acetate",NA
P461-PWY,May_22,942.9342041522826,"hexitol fermentation to lactate, formate, ethanol and acetate",NA
P461-PWY,October,572.4234075424248,"hexitol fermentation to lactate, formate, ethanol and acetate",NA
P542-PWY,August,182.5506197618346,choline-<i>O</i>-sulfate degradation,NA
P542-PWY,July_1,160.03390774998178,choline-<i>O</i>-sulfate degradation,NA
P542-PWY,July_2,184.84366160876925,choline-<i>O</i>-sulfate degradation,NA
P542-PWY,July_3,211.5924371336155,choline-<i>O</i>-sulfate degradation,NA
P542-PWY,May,34.48468600760999,choline-<i>O</i>-sulfate degradation,NA
P542-PWY,May_22,37.09261824043339,choline-<i>O</i>-sulfate degradation,NA
P542-PWY,October,24.801618884083414,choline-<i>O</i>-sulfate degradation,NA
P562-PWY,August,684.1391847215975,<I>myo</I>-inositol degradation I,NA
P562-PWY,July_1,272.3351304635805,<I>myo</I>-inositol degradation I,NA
P562-PWY,July_2,430.46406189271875,<I>myo</I>-inositol degradation I,NA
P562-PWY,July_3,425.8632039095023,<I>myo</I>-inositol degradation I,NA
P562-PWY,May,207.07912297319152,<I>myo</I>-inositol degradation I,NA
P562-PWY,May_22,251.04934815670094,<I>myo</I>-inositol degradation I,NA
P562-PWY,October,335.72100189568516,<I>myo</I>-inositol degradation I,NA
P641-PWY,August,15.489892791571009,phenylmercury acetate degradation,NA
P641-PWY,July_1,17.0283267678926,phenylmercury acetate degradation,NA
P641-PWY,July_2,16.80102348370518,phenylmercury acetate degradation,NA
P641-PWY,July_3,14.405551746343084,phenylmercury acetate degradation,NA
P641-PWY,May,5.2734376150203195,phenylmercury acetate degradation,NA
P641-PWY,May_22,6.224947582611536,phenylmercury acetate degradation,NA
P641-PWY,October,6.03031500226415,phenylmercury acetate degradation,NA
PANTO-PWY,August,259.36201217836486,phosphopantothenate biosynthesis I,NA
PANTO-PWY,July_1,342.05118668585436,phosphopantothenate biosynthesis I,NA
PANTO-PWY,July_2,275.69209812105004,phosphopantothenate biosynthesis I,NA
PANTO-PWY,July_3,267.6429362634499,phosphopantothenate biosynthesis I,NA
PANTO-PWY,May,435.84807303839875,phosphopantothenate biosynthesis I,NA
PANTO-PWY,May_22,306.61969919636914,phosphopantothenate biosynthesis I,NA
PANTO-PWY,October,473.4109749600578,phosphopantothenate biosynthesis I,NA
PANTOSYN-PWY,August,370.32674285001053,superpathway of coenzyme A biosynthesis I (bacteria),NA
PANTOSYN-PWY,July_1,538.8298050805108,superpathway of coenzyme A biosynthesis I (bacteria),NA
PANTOSYN-PWY,July_2,430.14905023914093,superpathway of coenzyme A biosynthesis I (bacteria),NA
PANTOSYN-PWY,July_3,394.92164933851706,superpathway of coenzyme A biosynthesis I (bacteria),NA
PANTOSYN-PWY,May,329.0034777836727,superpathway of coenzyme A biosynthesis I (bacteria),NA
PANTOSYN-PWY,May_22,372.42060599194923,superpathway of coenzyme A biosynthesis I (bacteria),NA
PANTOSYN-PWY,October,350.80248802196047,superpathway of coenzyme A biosynthesis I (bacteria),NA
PCEDEG-PWY,August,4184.0994729166805,tetrachloroethene degradation,NA
PCEDEG-PWY,July_1,3257.5115785227636,tetrachloroethene degradation,NA
PCEDEG-PWY,July_2,3756.1779855838613,tetrachloroethene degradation,NA
PCEDEG-PWY,July_3,3580.485374398587,tetrachloroethene degradation,NA
PCEDEG-PWY,May,4450.671399776235,tetrachloroethene degradation,NA
PCEDEG-PWY,May_22,3964.26231247158,tetrachloroethene degradation,NA
PCEDEG-PWY,October,4172.775085737645,tetrachloroethene degradation,NA
PENTOSE-P-PWY,August,1598.7462032318394,pentose phosphate pathway,NA
PENTOSE-P-PWY,July_1,1996.453856483757,pentose phosphate pathway,NA
PENTOSE-P-PWY,July_2,1768.455213095915,pentose phosphate pathway,NA
PENTOSE-P-PWY,July_3,1691.6933316191005,pentose phosphate pathway,NA
PENTOSE-P-PWY,May,6286.246467998042,pentose phosphate pathway,NA
PENTOSE-P-PWY,May_22,5065.865540418972,pentose phosphate pathway,NA
PENTOSE-P-PWY,October,5098.383180947798,pentose phosphate pathway,NA
PEPTIDOGLYCANSYN-PWY,August,677.6926206203511,peptidoglycan biosynthesis I (<I>meso</I>-diaminopimelate containing),NA
PEPTIDOGLYCANSYN-PWY,July_1,675.7758423281086,peptidoglycan biosynthesis I (<I>meso</I>-diaminopimelate containing),NA
PEPTIDOGLYCANSYN-PWY,July_2,688.6094664079942,peptidoglycan biosynthesis I (<I>meso</I>-diaminopimelate containing),NA
PEPTIDOGLYCANSYN-PWY,July_3,582.3469497854838,peptidoglycan biosynthesis I (<I>meso</I>-diaminopimelate containing),NA
PEPTIDOGLYCANSYN-PWY,May,560.2611106612387,peptidoglycan biosynthesis I (<I>meso</I>-diaminopimelate containing),NA
PEPTIDOGLYCANSYN-PWY,May_22,533.9934184906158,peptidoglycan biosynthesis I (<I>meso</I>-diaminopimelate containing),NA
PEPTIDOGLYCANSYN-PWY,October,508.974998033835,peptidoglycan biosynthesis I (<I>meso</I>-diaminopimelate containing),NA
PHENYLALANINE-DEG1-PWY,August,64.50661078480708,L-phenylalanine degradation I (aerobic),NA
PHENYLALANINE-DEG1-PWY,July_1,110.9770578857358,L-phenylalanine degradation I (aerobic),NA
PHENYLALANINE-DEG1-PWY,July_2,56.33019217324085,L-phenylalanine degradation I (aerobic),NA
PHENYLALANINE-DEG1-PWY,July_3,78.97574223047636,L-phenylalanine degradation I (aerobic),NA
PHENYLALANINE-DEG1-PWY,May,205.57491246880983,L-phenylalanine degradation I (aerobic),NA
PHENYLALANINE-DEG1-PWY,May_22,91.29594590841735,L-phenylalanine degradation I (aerobic),NA
PHENYLALANINE-DEG1-PWY,October,135.68336594803375,L-phenylalanine degradation I (aerobic),NA
PHESYN,August,211.19364024907918,L-phenylalanine biosynthesis I,NA
PHESYN,July_1,232.66262044409964,L-phenylalanine biosynthesis I,NA
PHESYN,July_2,204.3972706035562,L-phenylalanine biosynthesis I,NA
PHESYN,July_3,196.45974596485522,L-phenylalanine biosynthesis I,NA
PHESYN,May,56.71931180764125,L-phenylalanine biosynthesis I,NA
PHESYN,May_22,100.27427896213814,L-phenylalanine biosynthesis I,NA
PHESYN,October,119.9273196429933,L-phenylalanine biosynthesis I,NA
PHOSLIPSYN-PWY,August,988.8200368560088,superpathway of phospholipid biosynthesis III (<i>E. coli</i>),NA
PHOSLIPSYN-PWY,July_1,1139.8890056088185,superpathway of phospholipid biosynthesis III (<i>E. coli</i>),NA
PHOSLIPSYN-PWY,July_2,961.506591756172,superpathway of phospholipid biosynthesis III (<i>E. coli</i>),NA
PHOSLIPSYN-PWY,July_3,892.6247126600086,superpathway of phospholipid biosynthesis III (<i>E. coli</i>),NA
PHOSLIPSYN-PWY,May,856.0395648059447,superpathway of phospholipid biosynthesis III (<i>E. coli</i>),NA
PHOSLIPSYN-PWY,May_22,814.4774191059701,superpathway of phospholipid biosynthesis III (<i>E. coli</i>),NA
PHOSLIPSYN-PWY,October,879.9986259000491,superpathway of phospholipid biosynthesis III (<i>E. coli</i>),NA
PHOSPHONOTASE-PWY,August,9.905132560176815,2-aminoethylphosphonate degradation I,NA
PHOSPHONOTASE-PWY,July_1,19.279520867174288,2-aminoethylphosphonate degradation I,NA
PHOSPHONOTASE-PWY,July_2,13.836976273366258,2-aminoethylphosphonate degradation I,NA
PHOSPHONOTASE-PWY,July_3,14.368165110604155,2-aminoethylphosphonate degradation I,NA
PHOSPHONOTASE-PWY,May,43.37404504945455,2-aminoethylphosphonate degradation I,NA
PHOSPHONOTASE-PWY,May_22,36.712704943202105,2-aminoethylphosphonate degradation I,NA
PHOSPHONOTASE-PWY,October,46.59288474521696,2-aminoethylphosphonate degradation I,NA
PHOTOALL-PWY,August,734.1656064142666,oxygenic photosynthesis,NA
PHOTOALL-PWY,July_1,1000.3060298640088,oxygenic photosynthesis,NA
PHOTOALL-PWY,July_2,943.9319067070849,oxygenic photosynthesis,NA
PHOTOALL-PWY,July_3,829.2803043767352,oxygenic photosynthesis,NA
PHOTOALL-PWY,May,925.0516181416453,oxygenic photosynthesis,NA
PHOTOALL-PWY,May_22,1028.0773111980484,oxygenic photosynthesis,NA
PHOTOALL-PWY,October,785.1858506390246,oxygenic photosynthesis,NA
PLPSAL-PWY,August,79.91098165562101,pyridoxal 5'-phosphate salvage I,NA
PLPSAL-PWY,July_1,148.22749950425347,pyridoxal 5'-phosphate salvage I,NA
PLPSAL-PWY,July_2,73.75008584428605,pyridoxal 5'-phosphate salvage I,NA
PLPSAL-PWY,July_3,64.44942633218359,pyridoxal 5'-phosphate salvage I,NA
PLPSAL-PWY,May,9.826898759840624,pyridoxal 5'-phosphate salvage I,NA
PLPSAL-PWY,May_22,10.412857107714942,pyridoxal 5'-phosphate salvage I,NA
PLPSAL-PWY,October,42.64206730092974,pyridoxal 5'-phosphate salvage I,NA
POLYISOPRENSYN-PWY,August,425.0992362539256,polyisoprenoid biosynthesis (<i>E. coli</i>),NA
POLYISOPRENSYN-PWY,July_1,604.0654484469712,polyisoprenoid biosynthesis (<i>E. coli</i>),NA
POLYISOPRENSYN-PWY,July_2,433.0064252810804,polyisoprenoid biosynthesis (<i>E. coli</i>),NA
POLYISOPRENSYN-PWY,July_3,409.68523388856636,polyisoprenoid biosynthesis (<i>E. coli</i>),NA
POLYISOPRENSYN-PWY,May,282.48370861576086,polyisoprenoid biosynthesis (<i>E. coli</i>),NA
POLYISOPRENSYN-PWY,May_22,331.1606898286901,polyisoprenoid biosynthesis (<i>E. coli</i>),NA
POLYISOPRENSYN-PWY,October,329.84220065943157,polyisoprenoid biosynthesis (<i>E. coli</i>),NA
PPGPPMET-PWY,August,2131.326145597449,ppGpp metabolism,NA
PPGPPMET-PWY,July_1,3021.198941691115,ppGpp metabolism,NA
PPGPPMET-PWY,July_2,2256.0383928023166,ppGpp metabolism,NA
PPGPPMET-PWY,July_3,2334.2404603689106,ppGpp metabolism,NA
PPGPPMET-PWY,May,2225.6062735990863,ppGpp metabolism,NA
PPGPPMET-PWY,May_22,2055.9195184980886,ppGpp metabolism,NA
PPGPPMET-PWY,October,1990.9530802748554,ppGpp metabolism,NA
PROPIONMET-PWY,August,1601.6417156080417,propanoyl CoA degradation I,NA
PROPIONMET-PWY,July_1,2032.010233883623,propanoyl CoA degradation I,NA
PROPIONMET-PWY,July_2,1509.0680674437717,propanoyl CoA degradation I,NA
PROPIONMET-PWY,July_3,1817.753543082015,propanoyl CoA degradation I,NA
PROPIONMET-PWY,May,986.3935473985018,propanoyl CoA degradation I,NA
PROPIONMET-PWY,May_22,960.7220628610721,propanoyl CoA degradation I,NA
PROPIONMET-PWY,October,866.6403994277837,propanoyl CoA degradation I,NA
PROSYN-PWY,August,191.9755746395472,L-proline biosynthesis I (from L-glutamate),NA
PROSYN-PWY,July_1,296.58139871806503,L-proline biosynthesis I (from L-glutamate),NA
PROSYN-PWY,July_2,203.55863829781183,L-proline biosynthesis I (from L-glutamate),NA
PROSYN-PWY,July_3,189.1036656743292,L-proline biosynthesis I (from L-glutamate),NA
PROSYN-PWY,May,127.18155112286787,L-proline biosynthesis I (from L-glutamate),NA
PROSYN-PWY,May_22,159.43813920141122,L-proline biosynthesis I (from L-glutamate),NA
PROSYN-PWY,October,183.34346735693293,L-proline biosynthesis I (from L-glutamate),NA
PROTOCATECHUATE-ORTHO-CLEAVAGE-PWY,August,463.5489469195742,protocatechuate degradation II (ortho-cleavage pathway),NA
PROTOCATECHUATE-ORTHO-CLEAVAGE-PWY,July_1,489.86309175881894,protocatechuate degradation II (ortho-cleavage pathway),NA
PROTOCATECHUATE-ORTHO-CLEAVAGE-PWY,July_2,432.4757142341392,protocatechuate degradation II (ortho-cleavage pathway),NA
PROTOCATECHUATE-ORTHO-CLEAVAGE-PWY,July_3,336.38884518313466,protocatechuate degradation II (ortho-cleavage pathway),NA
PROTOCATECHUATE-ORTHO-CLEAVAGE-PWY,May,641.8328037732049,protocatechuate degradation II (ortho-cleavage pathway),NA
PROTOCATECHUATE-ORTHO-CLEAVAGE-PWY,May_22,433.0280068015773,protocatechuate degradation II (ortho-cleavage pathway),NA
PROTOCATECHUATE-ORTHO-CLEAVAGE-PWY,October,480.6879918940085,protocatechuate degradation II (ortho-cleavage pathway),NA
PROUT-PWY,August,187.22848753074175,L-proline degradation I,NA
PROUT-PWY,July_1,492.18635627598695,L-proline degradation I,NA
PROUT-PWY,July_2,138.77763467067518,L-proline degradation I,NA
PROUT-PWY,July_3,255.20452306829125,L-proline degradation I,NA
PROUT-PWY,May,654.0520750352389,L-proline degradation I,NA
PROUT-PWY,May_22,564.8302751761427,L-proline degradation I,NA
PROUT-PWY,October,690.0811784237922,L-proline degradation I,NA
PRPP-PWY,August,3659.0203679266515,"superpathway of histidine, purine, and pyrimidine biosynthesis",NA
PRPP-PWY,July_1,5953.317201304892,"superpathway of histidine, purine, and pyrimidine biosynthesis",NA
PRPP-PWY,July_2,3886.595801509472,"superpathway of histidine, purine, and pyrimidine biosynthesis",NA
PRPP-PWY,July_3,4453.8693357316815,"superpathway of histidine, purine, and pyrimidine biosynthesis",NA
PRPP-PWY,May,1981.6210085141436,"superpathway of histidine, purine, and pyrimidine biosynthesis",NA
PRPP-PWY,May_22,2098.376271778989,"superpathway of histidine, purine, and pyrimidine biosynthesis",NA
PRPP-PWY,October,2017.252998750169,"superpathway of histidine, purine, and pyrimidine biosynthesis",NA
PUTDEG-PWY,August,60.73358950155664,putrescine degradation I,NA
PUTDEG-PWY,July_1,53.055792274702895,putrescine degradation I,NA
PUTDEG-PWY,July_2,58.080895124117866,putrescine degradation I,NA
PUTDEG-PWY,July_3,67.2839686704745,putrescine degradation I,NA
PUTDEG-PWY,May,36.964657396884924,putrescine degradation I,NA
PUTDEG-PWY,May_22,38.389361638554014,putrescine degradation I,NA
PUTDEG-PWY,October,22.327120364192332,putrescine degradation I,NA
PWY-0,August,33.15753716017821,putrescine degradation III,NA
PWY-0,July_1,37.41004973805315,putrescine degradation III,NA
PWY-0,July_2,35.545182093923025,putrescine degradation III,NA
PWY-0,July_3,37.089755333453176,putrescine degradation III,NA
PWY-0,May,4.8474758381847955,putrescine degradation III,NA
PWY-0,May_22,20.482744512106127,putrescine degradation III,NA
PWY-0,October,12.726397507820394,putrescine degradation III,NA
PWY-1001,August,16.851978129701482,cellulose biosynthesis,NA
PWY-1001,July_1,6.9925512376916155,cellulose biosynthesis,NA
PWY-1001,July_2,16.108197283932633,cellulose biosynthesis,NA
PWY-1001,July_3,14.935236296621916,cellulose biosynthesis,NA
PWY-1001,May,2.586348737577568,cellulose biosynthesis,NA
PWY-1001,May_22,3.1487569784453333,cellulose biosynthesis,NA
PWY-1001,October,2.4026822880149923,cellulose biosynthesis,NA
PWY-1042,August,918.5186796130665,glycolysis IV,NA
PWY-1042,July_1,1043.4691401061027,glycolysis IV,NA
PWY-1042,July_2,953.4326691748856,glycolysis IV,NA
PWY-1042,July_3,939.9111616204955,glycolysis IV,NA
PWY-1042,May,1057.470440256624,glycolysis IV,NA
PWY-1042,May_22,1013.8596877458854,glycolysis IV,NA
PWY-1042,October,852.1462656332761,glycolysis IV,NA
PWY-1263,August,0.36000590897881696,taurine degradation I,NA
PWY-1263,July_1,0.48475974235866454,taurine degradation I,NA
PWY-1263,July_2,1.0102315730514824,taurine degradation I,NA
PWY-1263,July_3,0.6896733235591725,taurine degradation I,NA
PWY-1263,May,1.5181366139436334,taurine degradation I,NA
PWY-1263,May_22,0.8151794159925478,taurine degradation I,NA
PWY-1263,October,1.235907167071487,taurine degradation I,NA
PWY-1269,August,73.36058823869172,CMP-3-deoxy-D-<I>manno</I>-octulosonate biosynthesis,NA
PWY-1269,July_1,36.79849385411256,CMP-3-deoxy-D-<I>manno</I>-octulosonate biosynthesis,NA
PWY-1269,July_2,61.5195318963016,CMP-3-deoxy-D-<I>manno</I>-octulosonate biosynthesis,NA
PWY-1269,July_3,35.046370444554384,CMP-3-deoxy-D-<I>manno</I>-octulosonate biosynthesis,NA
PWY-1269,May,16.399743666900463,CMP-3-deoxy-D-<I>manno</I>-octulosonate biosynthesis,NA
PWY-1269,May_22,29.71329075769654,CMP-3-deoxy-D-<I>manno</I>-octulosonate biosynthesis,NA
PWY-1269,October,27.24630995843941,CMP-3-deoxy-D-<I>manno</I>-octulosonate biosynthesis,NA
PWY-1281,August,120.19446207463233,sulfoacetaldehyde degradation I,NA
PWY-1281,July_1,127.58803486450135,sulfoacetaldehyde degradation I,NA
PWY-1281,July_2,112.69073780901289,sulfoacetaldehyde degradation I,NA
PWY-1281,July_3,122.1060921463854,sulfoacetaldehyde degradation I,NA
PWY-1281,May,218.5459300178626,sulfoacetaldehyde degradation I,NA
PWY-1281,May_22,180.93922735808428,sulfoacetaldehyde degradation I,NA
PWY-1281,October,166.29240312298418,sulfoacetaldehyde degradation I,NA
PWY-1341,August,54.84525444374159,phenylacetate degradation II (anaerobic),NA
PWY-1341,July_1,98.33541499145582,phenylacetate degradation II (anaerobic),NA
PWY-1341,July_2,47.298334727295895,phenylacetate degradation II (anaerobic),NA
PWY-1341,July_3,48.784846846320264,phenylacetate degradation II (anaerobic),NA
PWY-1341,May,175.51971797802906,phenylacetate degradation II (anaerobic),NA
PWY-1341,May_22,121.78812066875692,phenylacetate degradation II (anaerobic),NA
PWY-1341,October,207.5704214025632,phenylacetate degradation II (anaerobic),NA
PWY-1361,August,107.91152764310593,benzoyl-CoA degradation I (aerobic),NA
PWY-1361,July_1,176.47762062556532,benzoyl-CoA degradation I (aerobic),NA
PWY-1361,July_2,159.32419337193923,benzoyl-CoA degradation I (aerobic),NA
PWY-1361,July_3,158.89573381798968,benzoyl-CoA degradation I (aerobic),NA
PWY-1361,May,51.65386767459228,benzoyl-CoA degradation I (aerobic),NA
PWY-1361,May_22,62.55705380444425,benzoyl-CoA degradation I (aerobic),NA
PWY-1361,October,55.79443733359931,benzoyl-CoA degradation I (aerobic),NA
PWY-1581,August,10.014204830422768,plastoquinol-9 biosynthesis I,NA
PWY-1581,July_1,11.278660670638748,plastoquinol-9 biosynthesis I,NA
PWY-1581,July_2,7.2974092620218975,plastoquinol-9 biosynthesis I,NA
PWY-1581,July_3,8.885989405460743,plastoquinol-9 biosynthesis I,NA
PWY-1581,May,13.697916967002683,plastoquinol-9 biosynthesis I,NA
PWY-1581,May_22,20.603368271657864,plastoquinol-9 biosynthesis I,NA
PWY-1581,October,33.70465349136186,plastoquinol-9 biosynthesis I,NA
PWY-1622,August,72.01758808825822,formaldehyde assimilation I (serine pathway),NA
PWY-1622,July_1,115.12492041216706,formaldehyde assimilation I (serine pathway),NA
PWY-1622,July_2,67.83938885447571,formaldehyde assimilation I (serine pathway),NA
PWY-1622,July_3,56.21083574709136,formaldehyde assimilation I (serine pathway),NA
PWY-1622,May,56.431035389200176,formaldehyde assimilation I (serine pathway),NA
PWY-1622,May_22,24.93556621475637,formaldehyde assimilation I (serine pathway),NA
PWY-1622,October,27.918265024796526,formaldehyde assimilation I (serine pathway),NA
PWY-1701,August,59.07278428446981,methanol and methylamine oxidation to formaldehyde,NA
PWY-1701,July_1,29.40205568953599,methanol and methylamine oxidation to formaldehyde,NA
PWY-1701,July_2,47.95766528241026,methanol and methylamine oxidation to formaldehyde,NA
PWY-1701,July_3,50.916351357158675,methanol and methylamine oxidation to formaldehyde,NA
PWY-1701,May,72.1399218790667,methanol and methylamine oxidation to formaldehyde,NA
PWY-1701,May_22,40.605363548793605,methanol and methylamine oxidation to formaldehyde,NA
PWY-1701,October,24.43524584674632,methanol and methylamine oxidation to formaldehyde,NA
PWY-1722,August,301.34753666765573,"formate assimilation into 5,10-methylenetetrahydrofolate",NA
PWY-1722,July_1,479.89627823104104,"formate assimilation into 5,10-methylenetetrahydrofolate",NA
PWY-1722,July_2,308.8920858733953,"formate assimilation into 5,10-methylenetetrahydrofolate",NA
PWY-1722,July_3,267.0158505778051,"formate assimilation into 5,10-methylenetetrahydrofolate",NA
PWY-1722,May,314.3001674367305,"formate assimilation into 5,10-methylenetetrahydrofolate",NA
PWY-1722,May_22,295.64467651274583,"formate assimilation into 5,10-methylenetetrahydrofolate",NA
PWY-1722,October,310.54370119173626,"formate assimilation into 5,10-methylenetetrahydrofolate",NA
PWY-1723,August,33.93828815048475,formaldehyde oxidation VI (H<sub>4</sub>MPT pathway),NA
PWY-1723,July_1,41.19227670791358,formaldehyde oxidation VI (H<sub>4</sub>MPT pathway),NA
PWY-1723,July_2,45.00104941734872,formaldehyde oxidation VI (H<sub>4</sub>MPT pathway),NA
PWY-1723,July_3,31.43359945753743,formaldehyde oxidation VI (H<sub>4</sub>MPT pathway),NA
PWY-1723,May,8.945253749774452,formaldehyde oxidation VI (H<sub>4</sub>MPT pathway),NA
PWY-1723,May_22,17.484881573659518,formaldehyde oxidation VI (H<sub>4</sub>MPT pathway),NA
PWY-1723,October,7.494293686854507,formaldehyde oxidation VI (H<sub>4</sub>MPT pathway),NA
PWY-1781,August,685.7946638699374,&beta;-alanine degradation II,NA
PWY-1781,July_1,403.4397157214688,&beta;-alanine degradation II,NA
PWY-1781,July_2,489.1983816771441,&beta;-alanine degradation II,NA
PWY-1781,July_3,527.9580341466412,&beta;-alanine degradation II,NA
PWY-1781,May,794.6945594777944,&beta;-alanine degradation II,NA
PWY-1781,May_22,627.3508938144831,&beta;-alanine degradation II,NA
PWY-1781,October,781.3182620374134,&beta;-alanine degradation II,NA
PWY-1801,August,14.295851754649885,formaldehyde oxidation II (glutathione-dependent),NA
PWY-1801,July_1,8.20926527685941,formaldehyde oxidation II (glutathione-dependent),NA
PWY-1801,July_2,14.706942348605425,formaldehyde oxidation II (glutathione-dependent),NA
PWY-1801,July_3,9.841551253765122,formaldehyde oxidation II (glutathione-dependent),NA
PWY-181,August,25.78399986898934,photorespiration I,NA
PWY-181,July_1,14.817180668100223,photorespiration I,NA
PWY-181,July_2,22.725057244406084,photorespiration I,NA
PWY-181,July_3,30.113705270800004,photorespiration I,NA
PWY-181,May,10.564161220043633,photorespiration I,NA
PWY-181,May_22,14.071730779614237,photorespiration I,NA
PWY-181,October,27.884060497076412,photorespiration I,NA
PWY-1861,August,1099.9169125340136,formaldehyde assimilation II (assimilatory RuMP Cycle),NA
PWY-1861,July_1,1432.0546162713706,formaldehyde assimilation II (assimilatory RuMP Cycle),NA
PWY-1861,July_2,1305.6044663328948,formaldehyde assimilation II (assimilatory RuMP Cycle),NA
PWY-1861,July_3,1295.4666758210979,formaldehyde assimilation II (assimilatory RuMP Cycle),NA
PWY-1861,May,4985.893438132649,formaldehyde assimilation II (assimilatory RuMP Cycle),NA
PWY-1861,May_22,3460.2991510539905,formaldehyde assimilation II (assimilatory RuMP Cycle),NA
PWY-1861,October,4151.32522238751,formaldehyde assimilation II (assimilatory RuMP Cycle),NA
PWY-1881,August,796.6700007901791,formate oxidation to CO<sub>2</sub>,NA
PWY-1881,July_1,736.9475171455726,formate oxidation to CO<sub>2</sub>,NA
PWY-1881,July_2,765.2297208032736,formate oxidation to CO<sub>2</sub>,NA
PWY-1881,July_3,867.7429924671276,formate oxidation to CO<sub>2</sub>,NA
PWY-1881,May,2741.173591339224,formate oxidation to CO<sub>2</sub>,NA
PWY-1881,May_22,2008.2905833580235,formate oxidation to CO<sub>2</sub>,NA
PWY-1881,October,2171.0922904491867,formate oxidation to CO<sub>2</sub>,NA
PWY-2161,August,452.83000494650474,folate polyglutamylation,NA
PWY-2161,July_1,580.514282060055,folate polyglutamylation,NA
PWY-2161,July_2,433.50780206912555,folate polyglutamylation,NA
PWY-2161,July_3,444.0816819599814,folate polyglutamylation,NA
PWY-2161,May,183.019881744171,folate polyglutamylation,NA
PWY-2161,May_22,244.68061359268995,folate polyglutamylation,NA
PWY-2161,October,184.01004393143327,folate polyglutamylation,NA
PWY-2201,August,154.3607925773901,folate transformations I,NA
PWY-2201,July_1,200.02470382733014,folate transformations I,NA
PWY-2201,July_2,171.30112949262897,folate transformations I,NA
PWY-2201,July_3,190.1485837934125,folate transformations I,NA
PWY-2201,May,101.21319160830694,folate transformations I,NA
PWY-2201,May_22,98.6127723895948,folate transformations I,NA
PWY-2201,October,81.43752548927507,folate transformations I,NA
PWY-2221,August,61.06445230559862,Entner-Doudoroff pathway III (semi-phosphorylative),NA
PWY-2221,July_1,44.51786227259397,Entner-Doudoroff pathway III (semi-phosphorylative),NA
PWY-2221,July_2,47.94754256534032,Entner-Doudoroff pathway III (semi-phosphorylative),NA
PWY-2221,July_3,48.18472261328709,Entner-Doudoroff pathway III (semi-phosphorylative),NA
PWY-2221,May_22,69.82725142392125,Entner-Doudoroff pathway III (semi-phosphorylative),NA
PWY-2301,August,2075.6084572000177,<i>myo</i>-inositol biosynthesis,NA
PWY-2301,July_1,4068.7854610267095,<i>myo</i>-inositol biosynthesis,NA
PWY-2301,July_2,2018.903841990372,<i>myo</i>-inositol biosynthesis,NA
PWY-2301,July_3,2304.9196085048698,<i>myo</i>-inositol biosynthesis,NA
PWY-2301,May,765.8023801544855,<i>myo</i>-inositol biosynthesis,NA
PWY-2301,May_22,848.1897984830514,<i>myo</i>-inositol biosynthesis,NA
PWY-2301,October,738.350598391229,<i>myo</i>-inositol biosynthesis,NA
PWY-2361,August,18.90748058527738,3-oxoadipate degradation,NA
PWY-2361,July_1,14.348566496798721,3-oxoadipate degradation,NA
PWY-2361,July_2,21.646499336449196,3-oxoadipate degradation,NA
PWY-2361,July_3,16.570541781814132,3-oxoadipate degradation,NA
PWY-2361,May,23.69290113274508,3-oxoadipate degradation,NA
PWY-2361,May_22,18.368561588477675,3-oxoadipate degradation,NA
PWY-2361,October,20.804259010260036,3-oxoadipate degradation,NA
PWY-241,August,16.579692358863824,"C4 photosynthetic carbon assimilation cycle, NADP-ME type",NA
PWY-241,July_1,7.126785102261176,"C4 photosynthetic carbon assimilation cycle, NADP-ME type",NA
PWY-241,July_2,9.037536175937321,"C4 photosynthetic carbon assimilation cycle, NADP-ME type",NA
PWY-241,July_3,12.134655499614695,"C4 photosynthetic carbon assimilation cycle, NADP-ME type",NA
PWY-241,May_22,5.707670785836996,"C4 photosynthetic carbon assimilation cycle, NADP-ME type",NA
PWY-2503,August,16.142051325565777,benzoate degradation I (aerobic),NA
PWY-2503,July_1,13.52559609086575,benzoate degradation I (aerobic),NA
PWY-2503,July_2,15.820360676332124,benzoate degradation I (aerobic),NA
PWY-2503,July_3,15.22487528580631,benzoate degradation I (aerobic),NA
PWY-2503,May,40.40067314416626,benzoate degradation I (aerobic),NA
PWY-2503,May_22,27.887371151108574,benzoate degradation I (aerobic),NA
PWY-2503,October,48.01656991562703,benzoate degradation I (aerobic),NA
PWY-2622,August,147.3195496330913,trehalose biosynthesis IV,NA
PWY-2622,July_1,155.04254433001864,trehalose biosynthesis IV,NA
PWY-2622,July_2,150.9441988945022,trehalose biosynthesis IV,NA
PWY-2622,July_3,181.57939000443628,trehalose biosynthesis IV,NA
PWY-2622,May,550.43557381848575,trehalose biosynthesis IV,NA
PWY-2622,May_22,531.9335670939424,trehalose biosynthesis IV,NA
PWY-2622,October,478.16112649490253,trehalose biosynthesis IV,NA
PWY-2661,August,104.55624940034983,trehalose biosynthesis V,NA
PWY-2661,July_1,166.31856691882564,trehalose biosynthesis V,NA
PWY-2661,July_2,97.17887443695379,trehalose biosynthesis V,NA
PWY-2661,July_3,170.8321778145937,trehalose biosynthesis V,NA
PWY-2661,May,638.0346162556983,trehalose biosynthesis V,NA
PWY-2661,May_22,540.830630302631,trehalose biosynthesis V,NA
PWY-2661,October,588.3658349791978,trehalose biosynthesis V,NA
PWY-2722,August,138.98295997990326,trehalose degradation IV,NA
PWY-2722,July_1,145.20211716820802,trehalose degradation IV,NA
PWY-2722,July_2,112.95410947433305,trehalose degradation IV,NA
PWY-2722,July_3,109.60658098558936,trehalose degradation IV,NA
PWY-2722,May,340.24323386809886,trehalose degradation IV,NA
PWY-2722,May_22,195.35604546551667,trehalose degradation IV,NA
PWY-2722,October,242.2635593568185,trehalose degradation IV,NA
PWY-2723,August,96.84149623308775,trehalose degradation V,NA
PWY-2723,July_1,101.48620103226641,trehalose degradation V,NA
PWY-2723,July_2,77.91332920918235,trehalose degradation V,NA
PWY-2723,July_3,62.57430228233837,trehalose degradation V,NA
PWY-2723,May,156.02289887497972,trehalose degradation V,NA
PWY-2723,May_22,121.38524028353798,trehalose degradation V,NA
PWY-2723,October,201.596889092802,trehalose degradation V,NA
PWY-283,August,34.70997576806754,benzoate degradation II (aerobic and anaerobic),NA
PWY-283,July_1,37.412918493910794,benzoate degradation II (aerobic and anaerobic),NA
PWY-283,July_2,29.228469073413088,benzoate degradation II (aerobic and anaerobic),NA
PWY-283,July_3,25.694411381263247,benzoate degradation II (aerobic and anaerobic),NA
PWY-283,May,57.83281081504096,benzoate degradation II (aerobic and anaerobic),NA
PWY-283,May_22,41.39669096243807,benzoate degradation II (aerobic and anaerobic),NA
PWY-283,October,57.16051676623515,benzoate degradation II (aerobic and anaerobic),NA
PWY-2941,August,280.3547461558213,L-lysine biosynthesis II,NA
PWY-2941,July_1,558.4492100124778,L-lysine biosynthesis II,NA
PWY-2941,July_2,305.1339619621057,L-lysine biosynthesis II,NA
PWY-2941,July_3,357.45680574646354,L-lysine biosynthesis II,NA
PWY-2941,May,181.08990582855398,L-lysine biosynthesis II,NA
PWY-2941,May_22,223.0024025958893,L-lysine biosynthesis II,NA
PWY-2941,October,204.8889259886266,L-lysine biosynthesis II,NA
PWY-2942,August,777.0769314054355,L-lysine biosynthesis III,NA
PWY-2942,July_1,1268.6520033360123,L-lysine biosynthesis III,NA
PWY-2942,July_2,713.398817521988,L-lysine biosynthesis III,NA
PWY-2942,July_3,841.4044560385155,L-lysine biosynthesis III,NA
PWY-2942,May,639.2903946477923,L-lysine biosynthesis III,NA
PWY-2942,May_22,581.1613927196556,L-lysine biosynthesis III,NA
PWY-2942,October,657.4819843878391,L-lysine biosynthesis III,NA
PWY-3,August,66.67551260340419,putrescine degradation V,NA
PWY-3,July_1,60.239900555971865,putrescine degradation V,NA
PWY-3,July_2,64.29085563554725,putrescine degradation V,NA
PWY-3,July_3,68.57325890110451,putrescine degradation V,NA
PWY-3,May,45.32817421181809,putrescine degradation V,NA
PWY-3,May_22,49.30674523637231,putrescine degradation V,NA
PWY-3,October,31.19822498755572,putrescine degradation V,NA
PWY-3001,August,3223.3136086809445,superpathway of L-isoleucine biosynthesis I,NA
PWY-3001,July_1,4430.712959114465,superpathway of L-isoleucine biosynthesis I,NA
PWY-3001,July_2,3200.593350254894,superpathway of L-isoleucine biosynthesis I,NA
PWY-3001,July_3,3435.319223784555,superpathway of L-isoleucine biosynthesis I,NA
PWY-3001,May,3002.3771662097874,superpathway of L-isoleucine biosynthesis I,NA
PWY-3001,May_22,2551.1524923176203,superpathway of L-isoleucine biosynthesis I,NA
PWY-3001,October,2846.49133171411,superpathway of L-isoleucine biosynthesis I,NA
PWY-31,August,33.87400146222246,L-canavanine degradation I,NA
PWY-31,July_1,44.95562230719675,L-canavanine degradation I,NA
PWY-31,July_2,33.44911360937428,L-canavanine degradation I,NA
PWY-31,July_3,38.71045828244844,L-canavanine degradation I,NA
PWY-31,May,28.108540172176326,L-canavanine degradation I,NA
PWY-31,May_22,34.14180141532712,L-canavanine degradation I,NA
PWY-31,October,22.882959568514295,L-canavanine degradation I,NA
PWY-3121,August,360.01839630988223,linamarin degradation,NA
PWY-3121,July_1,243.8528600182045,linamarin degradation,NA
PWY-3121,July_2,273.4511990583347,linamarin degradation,NA
PWY-3121,July_3,313.76807867377374,linamarin degradation,NA
PWY-3121,May,95.57227648247691,linamarin degradation,NA
PWY-3121,May_22,114.09759469295115,linamarin degradation,NA
PWY-3121,October,67.38499896051182,linamarin degradation,NA
PWY-3161,August,307.81576340654317,indole-3-acetate biosynthesis III (bacteria),NA
PWY-3161,July_1,367.14831954956554,indole-3-acetate biosynthesis III (bacteria),NA
PWY-3161,July_2,288.45279665492575,indole-3-acetate biosynthesis III (bacteria),NA
PWY-3161,July_3,289.04205810383303,indole-3-acetate biosynthesis III (bacteria),NA
PWY-3161,May,513.724704238232,indole-3-acetate biosynthesis III (bacteria),NA
PWY-3161,May_22,389.1062402475767,indole-3-acetate biosynthesis III (bacteria),NA
PWY-3161,October,493.26206637529197,indole-3-acetate biosynthesis III (bacteria),NA
PWY-3282,August,2740.045970915286,superpathway of ammonia assimilation (plants),NA
PWY-3282,July_1,2468.5633401176574,superpathway of ammonia assimilation (plants),NA
PWY-3282,July_2,2565.1131802446976,superpathway of ammonia assimilation (plants),NA
PWY-3282,July_3,2638.3870222344885,superpathway of ammonia assimilation (plants),NA
PWY-3282,May,862.5191237640338,superpathway of ammonia assimilation (plants),NA
PWY-3282,May_22,1169.488638770013,superpathway of ammonia assimilation (plants),NA
PWY-3282,October,1108.6406080907734,superpathway of ammonia assimilation (plants),NA
PWY-3341,August,62.116675386636174,L-proline biosynthesis III (from L-ornithine),NA
PWY-3341,July_1,53.56159807454734,L-proline biosynthesis III (from L-ornithine),NA
PWY-3341,July_2,58.72196053331648,L-proline biosynthesis III (from L-ornithine),NA
PWY-3341,July_3,57.27368034217153,L-proline biosynthesis III (from L-ornithine),NA
PWY-3341,May,40.9149044662431,L-proline biosynthesis III (from L-ornithine),NA
PWY-3341,May_22,83.0162873657892,L-proline biosynthesis III (from L-ornithine),NA
PWY-3341,October,44.22002666888775,L-proline biosynthesis III (from L-ornithine),NA
PWY-3461,August,3.1411845691158278,L-tyrosine biosynthesis II,NA
PWY-3461,July_1,0.5914761854850215,L-tyrosine biosynthesis II,NA
PWY-3461,July_2,2.1314712708897785,L-tyrosine biosynthesis II,NA
PWY-3461,July_3,2.125667832820117,L-tyrosine biosynthesis II,NA
PWY-3462,August,3.1411845691158278,L-phenylalanine biosynthesis II,NA
PWY-3462,July_1,0.5914761854850215,L-phenylalanine biosynthesis II,NA
PWY-3462,July_2,2.1314712708897785,L-phenylalanine biosynthesis II,NA
PWY-3462,July_3,2.125667832820117,L-phenylalanine biosynthesis II,NA
PWY-3641,August,40.3163841208661,L-carnitine degradation II,NA
PWY-3641,July_1,63.64196310313227,L-carnitine degradation II,NA
PWY-3641,July_2,53.36287941483525,L-carnitine degradation II,NA
PWY-3641,July_3,43.69461766067321,L-carnitine degradation II,NA
PWY-3641,May,39.77117693150492,L-carnitine degradation II,NA
PWY-3641,May_22,26.349604356888037,L-carnitine degradation II,NA
PWY-3641,October,30.991016353318315,L-carnitine degradation II,NA
PWY-3661,August,19.266389772975128,glycine betaine degradation I,NA
PWY-3661,July_1,32.888082068108304,glycine betaine degradation I,NA
PWY-3661,July_2,19.18478173245243,glycine betaine degradation I,NA
PWY-3661,July_3,29.98989028353207,glycine betaine degradation I,NA
PWY-3661,May,38.85115026516847,glycine betaine degradation I,NA
PWY-3661,May_22,48.376236830334065,glycine betaine degradation I,NA
PWY-3661,October,38.20632830033654,glycine betaine degradation I,NA
PWY-3661-1,August,71.01156506821471,glycine betaine degradation II (mammalian),NA
PWY-3661-1,July_1,103.71920427928993,glycine betaine degradation II (mammalian),NA
PWY-3661-1,July_2,84.95306558407175,glycine betaine degradation II (mammalian),NA
PWY-3661-1,July_3,95.08508227822828,glycine betaine degradation II (mammalian),NA
PWY-3661-1,May,52.02674256761281,glycine betaine degradation II (mammalian),NA
PWY-3661-1,May_22,57.57991855709049,glycine betaine degradation II (mammalian),NA
PWY-3661-1,October,52.263179334825914,glycine betaine degradation II (mammalian),NA
PWY-3722,August,464.3113452373328,glycine betaine biosynthesis II (Gram-positive bacteria),NA
PWY-3722,July_1,392.7622760733847,glycine betaine biosynthesis II (Gram-positive bacteria),NA
PWY-3722,July_2,415.32887882681797,glycine betaine biosynthesis II (Gram-positive bacteria),NA
PWY-3722,July_3,577.7005327701943,glycine betaine biosynthesis II (Gram-positive bacteria),NA
PWY-3722,May,209.19087773701162,glycine betaine biosynthesis II (Gram-positive bacteria),NA
PWY-3722,May_22,196.71575743548985,glycine betaine biosynthesis II (Gram-positive bacteria),NA
PWY-3722,October,148.66716388370804,glycine betaine biosynthesis II (Gram-positive bacteria),NA
PWY-3801,August,107.97356701962984,sucrose degradation II (sucrose synthase),NA
PWY-3801,July_1,146.4682422736184,sucrose degradation II (sucrose synthase),NA
PWY-3801,July_2,115.69308277845286,sucrose degradation II (sucrose synthase),NA
PWY-3801,July_3,119.64148949881837,sucrose degradation II (sucrose synthase),NA
PWY-3801,May,90.6723641020577,sucrose degradation II (sucrose synthase),NA
PWY-3801,May_22,105.932588178719,sucrose degradation II (sucrose synthase),NA
PWY-3801,October,88.16240684552136,sucrose degradation II (sucrose synthase),NA
PWY-381,August,658.0587187970325,nitrate reduction II (assimilatory),NA
PWY-381,July_1,755.0837521191222,nitrate reduction II (assimilatory),NA
PWY-381,July_2,502.40491867110336,nitrate reduction II (assimilatory),NA
PWY-381,July_3,657.9015374346901,nitrate reduction II (assimilatory),NA
PWY-381,May,163.54353843424394,nitrate reduction II (assimilatory),NA
PWY-381,May_22,288.6994203314764,nitrate reduction II (assimilatory),NA
PWY-381,October,226.0322692694176,nitrate reduction II (assimilatory),NA
PWY-3821,August,100.49467866470549,D-galactose detoxification,NA
PWY-3821,July_1,94.51698732334447,D-galactose detoxification,NA
PWY-3821,July_2,77.86458210868044,D-galactose detoxification,NA
PWY-3821,July_3,73.88086417153015,D-galactose detoxification,NA
PWY-3821,May,29.336166408895018,D-galactose detoxification,NA
PWY-3821,May_22,30.133123943049863,D-galactose detoxification,NA
PWY-3821,October,73.13034392225047,D-galactose detoxification,NA
PWY-3841,August,81.31437714598891,folate transformations II (plants),NA
PWY-3841,July_1,153.25752887726958,folate transformations II (plants),NA
PWY-3841,July_2,88.3304307121902,folate transformations II (plants),NA
PWY-3841,July_3,121.53175166630965,folate transformations II (plants),NA
PWY-3841,May,41.48303469294049,folate transformations II (plants),NA
PWY-3841,May_22,27.817055203071146,folate transformations II (plants),NA
PWY-3841,October,63.23054265805345,folate transformations II (plants),NA
PWY-3981,August,464.3113452373328,&beta;-alanine biosynthesis I,NA
PWY-3981,July_1,392.7622760733847,&beta;-alanine biosynthesis I,NA
PWY-3981,July_2,415.32887882681797,&beta;-alanine biosynthesis I,NA
PWY-3981,July_3,577.7005327701943,&beta;-alanine biosynthesis I,NA
PWY-3981,May,209.19087773701162,&beta;-alanine biosynthesis I,NA
PWY-3981,May_22,196.71575743548985,&beta;-alanine biosynthesis I,NA
PWY-3981,October,148.66716388370804,&beta;-alanine biosynthesis I,NA
PWY-3982,August,133.39357108092338,uracil degradation I (reductive),NA
PWY-3982,July_1,72.6817807109905,uracil degradation I (reductive),NA
PWY-3982,July_2,106.30337934492299,uracil degradation I (reductive),NA
PWY-3982,July_3,109.50746151949275,uracil degradation I (reductive),NA
PWY-3982,May,116.4631489685826,uracil degradation I (reductive),NA
PWY-3982,May_22,68.99735657905835,uracil degradation I (reductive),NA
PWY-3982,October,88.69844672441954,uracil degradation I (reductive),NA
PWY-40,August,255.79729475912308,putrescine biosynthesis I,NA
PWY-40,July_1,316.45246458079936,putrescine biosynthesis I,NA
PWY-40,July_2,267.2816427027657,putrescine biosynthesis I,NA
PWY-40,July_3,283.38128685984947,putrescine biosynthesis I,NA
PWY-40,May,356.5745850973493,putrescine biosynthesis I,NA
PWY-40,May_22,283.7693762393341,putrescine biosynthesis I,NA
PWY-40,October,302.3477376352868,putrescine biosynthesis I,NA
PWY-4041,August,53.74782312438973,&gamma;-glutamyl cycle,NA
PWY-4041,July_1,54.15389338782884,&gamma;-glutamyl cycle,NA
PWY-4041,July_2,55.54666116635871,&gamma;-glutamyl cycle,NA
PWY-4041,July_3,55.4128434774556,&gamma;-glutamyl cycle,NA
PWY-4041,May,32.252496219422184,&gamma;-glutamyl cycle,NA
PWY-4041,May_22,73.91440779340412,&gamma;-glutamyl cycle,NA
PWY-4041,October,24.31290405114718,&gamma;-glutamyl cycle,NA
PWY-4101,August,67.66238730237082,D-sorbitol degradation I,NA
PWY-4101,July_1,31.844561719006958,D-sorbitol degradation I,NA
PWY-4101,July_2,40.65359890827824,D-sorbitol degradation I,NA
PWY-4101,July_3,34.854063552822566,D-sorbitol degradation I,NA
PWY-4101,May,8.070798481700319,D-sorbitol degradation I,NA
PWY-4101,May_22,10.51319993419893,D-sorbitol degradation I,NA
PWY-4101,October,26.738356421044514,D-sorbitol degradation I,NA
PWY-4221,August,121.63481001081489,superpathway of coenzyme A biosynthesis II (plants),NA
PWY-4221,July_1,186.47639407171255,superpathway of coenzyme A biosynthesis II (plants),NA
PWY-4221,July_2,123.18410018631003,superpathway of coenzyme A biosynthesis II (plants),NA
PWY-4221,July_3,196.37716351372745,superpathway of coenzyme A biosynthesis II (plants),NA
PWY-4221,May,33.89131291423586,superpathway of coenzyme A biosynthesis II (plants),NA
PWY-4221,May_22,49.772791549387115,superpathway of coenzyme A biosynthesis II (plants),NA
PWY-4221,October,64.80231021668773,superpathway of coenzyme A biosynthesis II (plants),NA
PWY-4261,August,317.13346587846627,glycerol degradation I,NA
PWY-4261,July_1,226.24403403820406,glycerol degradation I,NA
PWY-4261,July_2,311.0946988850212,glycerol degradation I,NA
PWY-4261,July_3,323.8413469335721,glycerol degradation I,NA
PWY-4261,May,185.04549876028653,glycerol degradation I,NA
PWY-4261,May_22,157.51775231801537,glycerol degradation I,NA
PWY-4261,October,133.0531507465278,glycerol degradation I,NA
PWY-43,August,29.383853875802625,putrescine biosynthesis II,NA
PWY-43,July_1,18.963690712667745,putrescine biosynthesis II,NA
PWY-43,July_2,33.565564898284805,putrescine biosynthesis II,NA
PWY-43,July_3,28.358279558565194,putrescine biosynthesis II,NA
PWY-43,May,6.8367116334904,putrescine biosynthesis II,NA
PWY-43,May_22,9.269510498545541,putrescine biosynthesis II,NA
PWY-43,October,3.2898376457736695,putrescine biosynthesis II,NA
PWY-4341,August,286.7517795274696,L-glutamate biosynthesis V,NA
PWY-4341,July_1,282.9270648785446,L-glutamate biosynthesis V,NA
PWY-4341,July_2,294.81684546227234,L-glutamate biosynthesis V,NA
PWY-4341,July_3,307.57091358265484,L-glutamate biosynthesis V,NA
PWY-4341,May,143.28502482586475,L-glutamate biosynthesis V,NA
PWY-4341,May_22,173.10611725800857,L-glutamate biosynthesis V,NA
PWY-4341,October,131.80413014431292,L-glutamate biosynthesis V,NA
PWY-4381,August,1132.222343794743,fatty acid biosynthesis initiation (type II),NA
PWY-4381,July_1,1200.0918846627378,fatty acid biosynthesis initiation (type II),NA
PWY-4381,July_2,970.688808740514,fatty acid biosynthesis initiation (type II),NA
PWY-4381,July_3,1060.9251347286404,fatty acid biosynthesis initiation (type II),NA
PWY-4381,May,1658.766726518275,fatty acid biosynthesis initiation (type II),NA
PWY-4381,May_22,1617.5998390201553,fatty acid biosynthesis initiation (type II),NA
PWY-4381,October,1237.772790293675,fatty acid biosynthesis initiation (type II),NA
PWY-4521,August,1.2466630740326703,arsenite to oxygen electron transfer,NA
PWY-4521,July_1,1.588211731531859,arsenite to oxygen electron transfer,NA
PWY-4521,July_2,1.9337262991483881,arsenite to oxygen electron transfer,NA
PWY-4521,July_3,1.1387616290346287,arsenite to oxygen electron transfer,NA
PWY-4521,May,0.5369136371728573,arsenite to oxygen electron transfer,NA
PWY-4521,May_22,1.8330719449745418,arsenite to oxygen electron transfer,NA
PWY-4521,October,4.010414047854694,arsenite to oxygen electron transfer,NA
PWY-46,August,78.11133972825415,putrescine biosynthesis III,NA
PWY-46,July_1,92.83683979934266,putrescine biosynthesis III,NA
PWY-46,July_2,102.73671697764559,putrescine biosynthesis III,NA
PWY-46,July_3,99.73627804557374,putrescine biosynthesis III,NA
PWY-46,May,133.28815485507215,putrescine biosynthesis III,NA
PWY-46,May_22,98.27871191367893,putrescine biosynthesis III,NA
PWY-46,October,81.74108226509483,putrescine biosynthesis III,NA
PWY-4821,August,354.66988115281026,UDP-&alpha;-D-xylose biosynthesis,NA
PWY-4821,July_1,306.2118537413891,UDP-&alpha;-D-xylose biosynthesis,NA
PWY-4821,July_2,362.63317149087095,UDP-&alpha;-D-xylose biosynthesis,NA
PWY-4821,July_3,355.43464220493127,UDP-&alpha;-D-xylose biosynthesis,NA
PWY-4821,May,160.28614467107502,UDP-&alpha;-D-xylose biosynthesis,NA
PWY-4821,May_22,193.52525765195236,UDP-&alpha;-D-xylose biosynthesis,NA
PWY-4821,October,139.1474612774197,UDP-&alpha;-D-xylose biosynthesis,NA
PWY-4861,August,49.62517261905883,UDP-&alpha;-D-galacturonate biosynthesis I (from UDP-D-glucuronate),NA
PWY-4861,July_1,60.126265506523595,UDP-&alpha;-D-galacturonate biosynthesis I (from UDP-D-glucuronate),NA
PWY-4861,July_2,59.664292094986855,UDP-&alpha;-D-galacturonate biosynthesis I (from UDP-D-glucuronate),NA
PWY-4861,July_3,51.601207643372405,UDP-&alpha;-D-galacturonate biosynthesis I (from UDP-D-glucuronate),NA
PWY-4861,May,71.34599760358238,UDP-&alpha;-D-galacturonate biosynthesis I (from UDP-D-glucuronate),NA
PWY-4861,May_22,53.09682971808733,UDP-&alpha;-D-galacturonate biosynthesis I (from UDP-D-glucuronate),NA
PWY-4861,October,80.04273329349617,UDP-&alpha;-D-galacturonate biosynthesis I (from UDP-D-glucuronate),NA
PWY-4942,August,56.008079973944675,sterculate biosynthesis,NA
PWY-4942,July_1,57.98417915442542,sterculate biosynthesis,NA
PWY-4942,July_2,55.94434883057797,sterculate biosynthesis,NA
PWY-4942,July_3,46.94944921896592,sterculate biosynthesis,NA
PWY-4942,May,33.97948394888829,sterculate biosynthesis,NA
PWY-4942,May_22,42.170824724136736,sterculate biosynthesis,NA
PWY-4942,October,39.28872437813776,sterculate biosynthesis,NA
PWY-4981,August,74.85173652690472,L-proline biosynthesis II (from arginine),NA
PWY-4981,July_1,67.36654663459356,L-proline biosynthesis II (from arginine),NA
PWY-4981,July_2,84.65441690845819,L-proline biosynthesis II (from arginine),NA
PWY-4981,July_3,90.69027611934581,L-proline biosynthesis II (from arginine),NA
PWY-4981,May,148.65003667564997,L-proline biosynthesis II (from arginine),NA
PWY-4981,May_22,94.96974295158867,L-proline biosynthesis II (from arginine),NA
PWY-4981,October,65.75124531663761,L-proline biosynthesis II (from arginine),NA
PWY-4983,August,321.8813399225143,nitric oxide biosynthesis II (mammals),NA
PWY-4983,July_1,379.331130138543,nitric oxide biosynthesis II (mammals),NA
PWY-4983,July_2,286.175662196604,nitric oxide biosynthesis II (mammals),NA
PWY-4983,July_3,380.38399584066354,nitric oxide biosynthesis II (mammals),NA
PWY-4983,May,173.35776374592552,nitric oxide biosynthesis II (mammals),NA
PWY-4983,May_22,196.17977052989315,nitric oxide biosynthesis II (mammals),NA
PWY-4983,October,147.39520253544038,nitric oxide biosynthesis II (mammals),NA
PWY-4984,August,232.06659746009,urea cycle,NA
PWY-4984,July_1,282.4231323561316,urea cycle,NA
PWY-4984,July_2,209.61218644483301,urea cycle,NA
PWY-4984,July_3,254.15897128444658,urea cycle,NA
PWY-4984,May,197.01971322908156,urea cycle,NA
PWY-4984,May_22,256.4126015531934,urea cycle,NA
PWY-4984,October,224.0344706731007,urea cycle,NA
PWY-5,August,321.8813399225143,canavanine biosynthesis,NA
PWY-5,July_1,379.331130138543,canavanine biosynthesis,NA
PWY-5,July_2,286.175662196604,canavanine biosynthesis,NA
PWY-5,July_3,380.38399584066354,canavanine biosynthesis,NA
PWY-5,May,173.35776374592552,canavanine biosynthesis,NA
PWY-5,May_22,196.17977052989315,canavanine biosynthesis,NA
PWY-5,October,147.39520253544038,canavanine biosynthesis,NA
PWY-5004,August,55.8202457178856,superpathway of L-citrulline metabolism,NA
PWY-5004,July_1,84.33549498279994,superpathway of L-citrulline metabolism,NA
PWY-5004,July_2,40.1745080884591,superpathway of L-citrulline metabolism,NA
PWY-5004,July_3,63.189756354688626,superpathway of L-citrulline metabolism,NA
PWY-5004,May,22.7154823155945,superpathway of L-citrulline metabolism,NA
PWY-5004,May_22,11.28729111983047,superpathway of L-citrulline metabolism,NA
PWY-5004,October,12.638731444395194,superpathway of L-citrulline metabolism,NA
PWY-5024,August,4.713580213012673,L-arginine degradation XI,NA
PWY-5024,July_1,1.0040414856904494,L-arginine degradation XI,NA
PWY-5024,July_2,3.4615065784364805,L-arginine degradation XI,NA
PWY-5024,July_3,1.1100232703876838,L-arginine degradation XI,NA
PWY-5024,May,4.237611614692628,L-arginine degradation XI,NA
PWY-5024,May_22,3.5351706519885977,L-arginine degradation XI,NA
PWY-5024,October,1.4197138795205322,L-arginine degradation XI,NA
PWY-5025,August,363.5039791419981,indole-3-acetate biosynthesis IV (bacteria),NA
PWY-5025,July_1,438.39486904472847,indole-3-acetate biosynthesis IV (bacteria),NA
PWY-5025,July_2,341.51612216817153,indole-3-acetate biosynthesis IV (bacteria),NA
PWY-5025,July_3,341.3869088522414,indole-3-acetate biosynthesis IV (bacteria),NA
PWY-5025,May,641.7265468581302,indole-3-acetate biosynthesis IV (bacteria),NA
PWY-5025,May_22,483.2158546261669,indole-3-acetate biosynthesis IV (bacteria),NA
PWY-5025,October,617.0437016393948,indole-3-acetate biosynthesis IV (bacteria),NA
PWY-5026,August,10.43581473140928,indole-3-acetate biosynthesis V (bacteria and fungi),NA
PWY-5026,July_1,13.508725298422682,indole-3-acetate biosynthesis V (bacteria and fungi),NA
PWY-5026,July_2,19.016855991500563,indole-3-acetate biosynthesis V (bacteria and fungi),NA
PWY-5026,July_3,12.21853503210606,indole-3-acetate biosynthesis V (bacteria and fungi),NA
PWY-5026,May,3.567852483820303,indole-3-acetate biosynthesis V (bacteria and fungi),NA
PWY-5026,May_22,7.474424578755102,indole-3-acetate biosynthesis V (bacteria and fungi),NA
PWY-5026,October,1.979279640003107,indole-3-acetate biosynthesis V (bacteria and fungi),NA
PWY-5028,August,40.49497670215415,L-histidine degradation II,NA
PWY-5028,July_1,71.63061952882491,L-histidine degradation II,NA
PWY-5028,July_2,36.093910084429005,L-histidine degradation II,NA
PWY-5028,July_3,46.94783301524423,L-histidine degradation II,NA
PWY-5028,May,5.342529782858306,L-histidine degradation II,NA
PWY-5028,May_22,10.163947218791794,L-histidine degradation II,NA
PWY-5028,October,9.015209853392028,L-histidine degradation II,NA
PWY-5030,August,141.8583225313639,L-histidine degradation III,NA
PWY-5030,July_1,221.84619821371103,L-histidine degradation III,NA
PWY-5030,July_2,135.5407676060729,L-histidine degradation III,NA
PWY-5030,July_3,137.42754446442297,L-histidine degradation III,NA
PWY-5030,May,65.45214166668764,L-histidine degradation III,NA
PWY-5030,May_22,62.639587680508164,L-histidine degradation III,NA
PWY-5030,October,46.58923285933475,L-histidine degradation III,NA
PWY-5031,August,92.26403146146092,L-histidine degradation V,NA
PWY-5031,July_1,111.44128075418132,L-histidine degradation V,NA
PWY-5031,July_2,101.29003337880845,L-histidine degradation V,NA
PWY-5031,July_3,103.39244419703789,L-histidine degradation V,NA
PWY-5031,May,341.6553214167216,L-histidine degradation V,NA
PWY-5031,May_22,371.884823697833,L-histidine degradation V,NA
PWY-5031,October,259.8154595050273,L-histidine degradation V,NA
PWY-5032,August,3.4874290428632833,<i>ent</i>-kaurene biosynthesis I,NA
PWY-5032,July_1,0.436262447546525,<i>ent</i>-kaurene biosynthesis I,NA
PWY-5032,July_2,0.5834208816100916,<i>ent</i>-kaurene biosynthesis I,NA
PWY-5032,July_3,0.3718436782150087,<i>ent</i>-kaurene biosynthesis I,NA
PWY-5041,August,499.9784208030836,<i>S</i>-adenosyl-L-methionine salvage II,NA
PWY-5041,July_1,480.97669849250263,<i>S</i>-adenosyl-L-methionine salvage II,NA
PWY-5041,July_2,451.7818390136416,<i>S</i>-adenosyl-L-methionine salvage II,NA
PWY-5041,July_3,478.13659753983893,<i>S</i>-adenosyl-L-methionine salvage II,NA
PWY-5041,May,153.81424942937798,<i>S</i>-adenosyl-L-methionine salvage II,NA
PWY-5041,May_22,203.49817918216075,<i>S</i>-adenosyl-L-methionine salvage II,NA
PWY-5041,October,149.63985847788936,<i>S</i>-adenosyl-L-methionine salvage II,NA
PWY-5044,August,1169.9365343916352,purine nucleotides degradation I (plants),NA
PWY-5044,July_1,1957.790660039922,purine nucleotides degradation I (plants),NA
PWY-5044,July_2,1118.9303611616851,purine nucleotides degradation I (plants),NA
PWY-5044,July_3,1334.0219209403926,purine nucleotides degradation I (plants),NA
PWY-5044,May,4673.376609796452,purine nucleotides degradation I (plants),NA
PWY-5044,May_22,3382.5307079226122,purine nucleotides degradation I (plants),NA
PWY-5044,October,5246.465866492337,purine nucleotides degradation I (plants),NA
PWY-5046,August,936.2176730023021,2-oxoisovalerate decarboxylation to isobutanoyl-CoA,NA
PWY-5046,July_1,1176.9457417703038,2-oxoisovalerate decarboxylation to isobutanoyl-CoA,NA
PWY-5046,July_2,920.34225218062,2-oxoisovalerate decarboxylation to isobutanoyl-CoA,NA
PWY-5046,July_3,1074.0976754165326,2-oxoisovalerate decarboxylation to isobutanoyl-CoA,NA
PWY-5046,May,1823.643726224375,2-oxoisovalerate decarboxylation to isobutanoyl-CoA,NA
PWY-5046,May_22,1842.662699648596,2-oxoisovalerate decarboxylation to isobutanoyl-CoA,NA
PWY-5046,October,1883.0537388897035,2-oxoisovalerate decarboxylation to isobutanoyl-CoA,NA
PWY-5057,August,373.68189337503776,L-valine degradation II,NA
PWY-5057,July_1,508.49828904535866,L-valine degradation II,NA
PWY-5057,July_2,444.2129811573257,L-valine degradation II,NA
PWY-5057,July_3,409.26339086868506,L-valine degradation II,NA
PWY-5057,May,609.2999759191139,L-valine degradation II,NA
PWY-5057,May_22,402.0502556245545,L-valine degradation II,NA
PWY-5057,October,390.54800513683824,L-valine degradation II,NA
PWY-5067,August,52.650359288005525,glycogen biosynthesis II (from UDP-D-Glucose),NA
PWY-5067,July_1,96.55258866094057,glycogen biosynthesis II (from UDP-D-Glucose),NA
PWY-5067,July_2,71.03579984170206,glycogen biosynthesis II (from UDP-D-Glucose),NA
PWY-5067,July_3,84.25032459754166,glycogen biosynthesis II (from UDP-D-Glucose),NA
PWY-5067,May,43.466143701848274,glycogen biosynthesis II (from UDP-D-Glucose),NA
PWY-5067,May_22,18.708739938443358,glycogen biosynthesis II (from UDP-D-Glucose),NA
PWY-5067,October,36.68578478040937,glycogen biosynthesis II (from UDP-D-Glucose),NA
PWY-5074,August,64.16221994711074,mevalonate degradation,NA
PWY-5074,July_1,57.08560676241761,mevalonate degradation,NA
PWY-5074,July_2,55.75347920052944,mevalonate degradation,NA
PWY-5074,July_3,61.58482402957341,mevalonate degradation,NA
PWY-5074,May,56.10765047970613,mevalonate degradation,NA
PWY-5074,May_22,51.26787847245269,mevalonate degradation,NA
PWY-5074,October,52.30727330871381,mevalonate degradation,NA
PWY-5076,August,373.68189337503776,L-leucine degradation III,NA
PWY-5076,July_1,508.49828904535866,L-leucine degradation III,NA
PWY-5076,July_2,444.2129811573257,L-leucine degradation III,NA
PWY-5076,July_3,409.26339086868506,L-leucine degradation III,NA
PWY-5076,May,609.2999759191139,L-leucine degradation III,NA
PWY-5076,May_22,402.0502556245545,L-leucine degradation III,NA
PWY-5076,October,390.54800513683824,L-leucine degradation III,NA
PWY-5078,August,373.68189337503776,L-isoleucine degradation II,NA
PWY-5078,July_1,508.49828904535866,L-isoleucine degradation II,NA
PWY-5078,July_2,444.2129811573257,L-isoleucine degradation II,NA
PWY-5078,July_3,409.26339086868506,L-isoleucine degradation II,NA
PWY-5078,May,609.2999759191139,L-isoleucine degradation II,NA
PWY-5078,May_22,402.0502556245545,L-isoleucine degradation II,NA
PWY-5078,October,390.54800513683824,L-isoleucine degradation II,NA
PWY-5079,August,391.4036372980602,L-phenylalanine degradation III,NA
PWY-5079,July_1,560.3658147877154,L-phenylalanine degradation III,NA
PWY-5079,July_2,662.9909931733278,L-phenylalanine degradation III,NA
PWY-5079,July_3,355.965104699304,L-phenylalanine degradation III,NA
PWY-5079,May,400.8481979865319,L-phenylalanine degradation III,NA
PWY-5079,May_22,287.5587108621967,L-phenylalanine degradation III,NA
PWY-5079,October,277.56953642010257,L-phenylalanine degradation III,NA
PWY-5083,August,26.484265003619964,NAD(P)/NADPH interconversion,NA
PWY-5083,July_1,31.248862898138977,NAD(P)/NADPH interconversion,NA
PWY-5083,July_2,22.407676404493618,NAD(P)/NADPH interconversion,NA
PWY-5083,July_3,30.198433456468702,NAD(P)/NADPH interconversion,NA
PWY-5084,August,1350.0630912457675,2-oxoglutarate decarboxylation to succinyl-CoA,NA
PWY-5084,July_1,1536.0797709246679,2-oxoglutarate decarboxylation to succinyl-CoA,NA
PWY-5084,July_2,1258.07330867784,2-oxoglutarate decarboxylation to succinyl-CoA,NA
PWY-5084,July_3,1552.0232745990163,2-oxoglutarate decarboxylation to succinyl-CoA,NA
PWY-5084,May,1794.353127675839,2-oxoglutarate decarboxylation to succinyl-CoA,NA
PWY-5084,May_22,1696.3466837079836,2-oxoglutarate decarboxylation to succinyl-CoA,NA
PWY-5084,October,1550.82355962066,2-oxoglutarate decarboxylation to succinyl-CoA,NA
PWY-5088,August,23.65544857734812,L-glutamate degradation VIII (to propanoate),NA
PWY-5088,July_1,25.90648801416785,L-glutamate degradation VIII (to propanoate),NA
PWY-5088,July_2,30.20466738401793,L-glutamate degradation VIII (to propanoate),NA
PWY-5088,July_3,19.273613292345736,L-glutamate degradation VIII (to propanoate),NA
PWY-5088,May,21.315552073336285,L-glutamate degradation VIII (to propanoate),NA
PWY-5088,May_22,31.616406481166862,L-glutamate degradation VIII (to propanoate),NA
PWY-5088,October,40.42388106297675,L-glutamate degradation VIII (to propanoate),NA
PWY-5097,August,904.1272525378452,L-lysine biosynthesis VI,NA
PWY-5097,July_1,1419.701234029246,L-lysine biosynthesis VI,NA
PWY-5097,July_2,843.4893848960339,L-lysine biosynthesis VI,NA
PWY-5097,July_3,973.802922767418,L-lysine biosynthesis VI,NA
PWY-5097,May,840.0219511679592,L-lysine biosynthesis VI,NA
PWY-5097,May_22,752.787154854955,L-lysine biosynthesis VI,NA
PWY-5097,October,828.3728731759603,L-lysine biosynthesis VI,NA
PWY-5100,August,323.5117946208908,pyruvate fermentation to acetate and lactate II,NA
PWY-5100,July_1,409.38714079667335,pyruvate fermentation to acetate and lactate II,NA
PWY-5100,July_2,311.3832709302988,pyruvate fermentation to acetate and lactate II,NA
PWY-5100,July_3,383.98022439068166,pyruvate fermentation to acetate and lactate II,NA
PWY-5100,May,739.691830859791,pyruvate fermentation to acetate and lactate II,NA
PWY-5100,May_22,960.1164869284041,pyruvate fermentation to acetate and lactate II,NA
PWY-5100,October,690.8751026861648,pyruvate fermentation to acetate and lactate II,NA
PWY-5101,August,1538.4924957555177,L-isoleucine biosynthesis II,NA
PWY-5101,July_1,2343.656480700925,L-isoleucine biosynthesis II,NA
PWY-5101,July_2,1542.731237114951,L-isoleucine biosynthesis II,NA
PWY-5101,July_3,1532.9705652366333,L-isoleucine biosynthesis II,NA
PWY-5101,May,708.0517244530834,L-isoleucine biosynthesis II,NA
PWY-5101,May_22,798.6252136012921,L-isoleucine biosynthesis II,NA
PWY-5101,October,658.1062621996153,L-isoleucine biosynthesis II,NA
PWY-5103,August,2150.4694144033974,L-isoleucine biosynthesis III,NA
PWY-5103,July_1,2744.2916619567754,L-isoleucine biosynthesis III,NA
PWY-5103,July_2,2072.375858914823,L-isoleucine biosynthesis III,NA
PWY-5103,July_3,2107.466936449531,L-isoleucine biosynthesis III,NA
PWY-5103,May,2103.6888956104717,L-isoleucine biosynthesis III,NA
PWY-5103,May_22,1687.1335967922807,L-isoleucine biosynthesis III,NA
PWY-5103,October,2223.236200685693,L-isoleucine biosynthesis III,NA
PWY-5104,August,2013.2146426000845,L-isoleucine biosynthesis IV,NA
PWY-5104,July_1,2622.70599684146,L-isoleucine biosynthesis IV,NA
PWY-5104,July_2,1946.053957298775,L-isoleucine biosynthesis IV,NA
PWY-5104,July_3,2017.889798400799,L-isoleucine biosynthesis IV,NA
PWY-5104,May,2069.993670145278,L-isoleucine biosynthesis IV,NA
PWY-5104,May_22,1802.0495207217355,L-isoleucine biosynthesis IV,NA
PWY-5104,October,2141.0041602632086,L-isoleucine biosynthesis IV,NA
PWY-5108,August,700.4751843049997,L-isoleucine biosynthesis V,NA
PWY-5108,July_1,792.4904281747847,L-isoleucine biosynthesis V,NA
PWY-5108,July_2,650.740940007749,L-isoleucine biosynthesis V,NA
PWY-5108,July_3,709.6975111551249,L-isoleucine biosynthesis V,NA
PWY-5108,May,2760.5031294396563,L-isoleucine biosynthesis V,NA
PWY-5108,May_22,2399.4698588129027,L-isoleucine biosynthesis V,NA
PWY-5108,October,2640.419849643279,L-isoleucine biosynthesis V,NA
PWY-5120,August,79.6743271943963,geranylgeranyl diphosphate biosynthesis,NA
PWY-5120,July_1,128.42062301967186,geranylgeranyl diphosphate biosynthesis,NA
PWY-5120,July_2,90.56778702658092,geranylgeranyl diphosphate biosynthesis,NA
PWY-5120,July_3,77.76028809423569,geranylgeranyl diphosphate biosynthesis,NA
PWY-5120,May,78.47980462391475,geranylgeranyl diphosphate biosynthesis,NA
PWY-5120,May_22,90.39341681716041,geranylgeranyl diphosphate biosynthesis,NA
PWY-5120,October,95.17330864564366,geranylgeranyl diphosphate biosynthesis,NA
PWY-5121,August,1361.6793279813633,superpathway of geranylgeranyl diphosphate biosynthesis II (via MEP),NA
PWY-5121,July_1,3120.5019018737885,superpathway of geranylgeranyl diphosphate biosynthesis II (via MEP),NA
PWY-5121,July_2,1446.1306353348014,superpathway of geranylgeranyl diphosphate biosynthesis II (via MEP),NA
PWY-5121,July_3,1710.1796358376746,superpathway of geranylgeranyl diphosphate biosynthesis II (via MEP),NA
PWY-5121,May,1058.9032746684998,superpathway of geranylgeranyl diphosphate biosynthesis II (via MEP),NA
PWY-5121,May_22,1135.8038949705028,superpathway of geranylgeranyl diphosphate biosynthesis II (via MEP),NA
PWY-5121,October,1490.7331569465862,superpathway of geranylgeranyl diphosphate biosynthesis II (via MEP),NA
PWY-5122,August,79.6743271943963,geranyl diphosphate biosynthesis,NA
PWY-5122,July_1,128.42062301967186,geranyl diphosphate biosynthesis,NA
PWY-5122,July_2,90.56778702658092,geranyl diphosphate biosynthesis,NA
PWY-5122,July_3,77.76028809423569,geranyl diphosphate biosynthesis,NA
PWY-5122,May,78.47980462391475,geranyl diphosphate biosynthesis,NA
PWY-5122,May_22,90.39341681716041,geranyl diphosphate biosynthesis,NA
PWY-5122,October,95.17330864564366,geranyl diphosphate biosynthesis,NA
PWY-5123,August,159.3486543887926,"<i>trans, trans</i>-farnesyl diphosphate biosynthesis",NA
PWY-5123,July_1,256.84124603934373,"<i>trans, trans</i>-farnesyl diphosphate biosynthesis",NA
PWY-5123,July_2,181.13557405316183,"<i>trans, trans</i>-farnesyl diphosphate biosynthesis",NA
PWY-5123,July_3,155.52057618847138,"<i>trans, trans</i>-farnesyl diphosphate biosynthesis",NA
PWY-5123,May,156.9596092478295,"<i>trans, trans</i>-farnesyl diphosphate biosynthesis",NA
PWY-5123,May_22,180.78683363432083,"<i>trans, trans</i>-farnesyl diphosphate biosynthesis",NA
PWY-5123,October,190.34661729128732,"<i>trans, trans</i>-farnesyl diphosphate biosynthesis",NA
PWY-5130,August,1601.6417156080417,2-oxobutanoate degradation I,NA
PWY-5130,July_1,2032.010233883623,2-oxobutanoate degradation I,NA
PWY-5130,July_2,1509.0680674437717,2-oxobutanoate degradation I,NA
PWY-5130,July_3,1817.753543082015,2-oxobutanoate degradation I,NA
PWY-5130,May,986.3935473985018,2-oxobutanoate degradation I,NA
PWY-5130,May_22,960.7220628610721,2-oxobutanoate degradation I,NA
PWY-5130,October,866.6403994277837,2-oxobutanoate degradation I,NA
PWY-5136,August,285.4778205727078,fatty acid &beta;-oxidation II (plant peroxisome),NA
PWY-5136,July_1,620.8535075237451,fatty acid &beta;-oxidation II (plant peroxisome),NA
PWY-5136,July_2,267.2976731733711,fatty acid &beta;-oxidation II (plant peroxisome),NA
PWY-5136,July_3,364.7826312430471,fatty acid &beta;-oxidation II (plant peroxisome),NA
PWY-5136,May,95.39100465591768,fatty acid &beta;-oxidation II (plant peroxisome),NA
PWY-5136,May_22,109.55963798866281,fatty acid &beta;-oxidation II (plant peroxisome),NA
PWY-5136,October,89.08995465594352,fatty acid &beta;-oxidation II (plant peroxisome),NA
PWY-5137,August,1.112422022293953,"fatty acid &beta;-oxidation III (unsaturated, odd number)",NA
PWY-5137,July_1,1.0885358456104932,"fatty acid &beta;-oxidation III (unsaturated, odd number)",NA
PWY-5137,July_2,1.03420252132783,"fatty acid &beta;-oxidation III (unsaturated, odd number)",NA
PWY-5137,July_3,0.6305688019825644,"fatty acid &beta;-oxidation III (unsaturated, odd number)",NA
PWY-5137,May,1.604473972727758,"fatty acid &beta;-oxidation III (unsaturated, odd number)",NA
PWY-5137,May_22,0.9422425505648335,"fatty acid &beta;-oxidation III (unsaturated, odd number)",NA
PWY-5137,October,0.8429937095383936,"fatty acid &beta;-oxidation III (unsaturated, odd number)",NA
PWY-5138,August,3.337266066881859,"fatty acid &beta;-oxidation IV (unsaturated, even number)",NA
PWY-5138,July_1,3.26560753683148,"fatty acid &beta;-oxidation IV (unsaturated, even number)",NA
PWY-5138,July_2,3.1026075639834905,"fatty acid &beta;-oxidation IV (unsaturated, even number)",NA
PWY-5138,July_3,1.8917064059476931,"fatty acid &beta;-oxidation IV (unsaturated, even number)",NA
PWY-5138,May,4.813421918183274,"fatty acid &beta;-oxidation IV (unsaturated, even number)",NA
PWY-5138,May_22,2.8267276516945,"fatty acid &beta;-oxidation IV (unsaturated, even number)",NA
PWY-5138,October,2.5289811286151807,"fatty acid &beta;-oxidation IV (unsaturated, even number)",NA
PWY-5143,August,425.9528043813688,long-chain fatty acid activation,NA
PWY-5143,July_1,499.83611508045385,long-chain fatty acid activation,NA
PWY-5143,July_2,313.9955362652526,long-chain fatty acid activation,NA
PWY-5143,July_3,357.86366136881134,long-chain fatty acid activation,NA
PWY-5143,May,408.05629260759315,long-chain fatty acid activation,NA
PWY-5143,May_22,341.97957438085984,long-chain fatty acid activation,NA
PWY-5143,October,343.2165733550703,long-chain fatty acid activation,NA
PWY-5147,August,23.906246285497957,oleate biosynthesis I (plants),NA
PWY-5147,July_1,54.51699032507712,oleate biosynthesis I (plants),NA
PWY-5147,July_2,24.306445890735134,oleate biosynthesis I (plants),NA
PWY-5147,July_3,18.97709795314202,oleate biosynthesis I (plants),NA
PWY-5147,May,21.72256987374141,oleate biosynthesis I (plants),NA
PWY-5147,May_22,24.644857310575144,oleate biosynthesis I (plants),NA
PWY-5147,October,20.804947821675785,oleate biosynthesis I (plants),NA
PWY-5151,August,150.81578393179345,L-tyrosine degradation II,NA
PWY-5151,July_1,181.61916061504218,L-tyrosine degradation II,NA
PWY-5151,July_2,162.25773393137797,L-tyrosine degradation II,NA
PWY-5151,July_3,147.9949210255151,L-tyrosine degradation II,NA
PWY-5151,May,144.51786391852022,L-tyrosine degradation II,NA
PWY-5151,May_22,91.54536930340807,L-tyrosine degradation II,NA
PWY-5151,October,127.42722363046025,L-tyrosine degradation II,NA
PWY-5154,August,965.5509426874886,L-arginine biosynthesis III (via <i>N</i>-acetyl-L-citrulline),NA
PWY-5154,July_1,1238.3613919094607,L-arginine biosynthesis III (via <i>N</i>-acetyl-L-citrulline),NA
PWY-5154,July_2,815.1744400438388,L-arginine biosynthesis III (via <i>N</i>-acetyl-L-citrulline),NA
PWY-5154,July_3,1009.7675184526222,L-arginine biosynthesis III (via <i>N</i>-acetyl-L-citrulline),NA
PWY-5154,May,706.8548116240495,L-arginine biosynthesis III (via <i>N</i>-acetyl-L-citrulline),NA
PWY-5154,May_22,758.5266682829996,L-arginine biosynthesis III (via <i>N</i>-acetyl-L-citrulline),NA
PWY-5154,October,896.3838492261567,L-arginine biosynthesis III (via <i>N</i>-acetyl-L-citrulline),NA
PWY-5155,August,86.54825313706472,&beta;-alanine biosynthesis III,NA
PWY-5155,July_1,75.87594365542435,&beta;-alanine biosynthesis III,NA
PWY-5155,July_2,96.99487440128165,&beta;-alanine biosynthesis III,NA
PWY-5155,July_3,96.9679685633326,&beta;-alanine biosynthesis III,NA
PWY-5155,May,56.77852401224692,&beta;-alanine biosynthesis III,NA
PWY-5155,May_22,83.77453563072669,&beta;-alanine biosynthesis III,NA
PWY-5155,October,45.601493366901174,&beta;-alanine biosynthesis III,NA
PWY-5156,August,10845.753479438088,superpathway of fatty acid biosynthesis II (plant),NA
PWY-5156,July_1,12002.612802987296,superpathway of fatty acid biosynthesis II (plant),NA
PWY-5156,July_2,11381.125992896303,superpathway of fatty acid biosynthesis II (plant),NA
PWY-5156,July_3,9516.576983344781,superpathway of fatty acid biosynthesis II (plant),NA
PWY-5156,May,14716.671366271234,superpathway of fatty acid biosynthesis II (plant),NA
PWY-5156,May_22,13720.682005876963,superpathway of fatty acid biosynthesis II (plant),NA
PWY-5156,October,13683.747896631674,superpathway of fatty acid biosynthesis II (plant),NA
PWY-5162,August,3.096833820225685,"2-hydroxypenta-2,4-dienoate degradation",NA
PWY-5162,July_1,4.582247440143843,"2-hydroxypenta-2,4-dienoate degradation",NA
PWY-5162,July_2,6.468983478043199,"2-hydroxypenta-2,4-dienoate degradation",NA
PWY-5162,July_3,5.208242871506913,"2-hydroxypenta-2,4-dienoate degradation",NA
PWY-5162,May,24.090751532699006,"2-hydroxypenta-2,4-dienoate degradation",NA
PWY-5162,May_22,13.391936144940448,"2-hydroxypenta-2,4-dienoate degradation",NA
PWY-5162,October,19.721617878131916,"2-hydroxypenta-2,4-dienoate degradation",NA
PWY-5172,August,7.122569284046464,acetyl-CoA biosynthesis from citrate,NA
PWY-5172,July_1,8.599811105274808,acetyl-CoA biosynthesis from citrate,NA
PWY-5172,July_2,4.640913570391336,acetyl-CoA biosynthesis from citrate,NA
PWY-5172,July_3,3.5784480554894196,acetyl-CoA biosynthesis from citrate,NA
PWY-5172,May,12.37064025086271,acetyl-CoA biosynthesis from citrate,NA
PWY-5172,May_22,7.264041577234375,acetyl-CoA biosynthesis from citrate,NA
PWY-5172,October,8.121486029382224,acetyl-CoA biosynthesis from citrate,NA
PWY-5188,August,1139.7920660000577,uroporphyrinogen-III I (from glutamate),NA
PWY-5188,July_1,1688.0119274550536,uroporphyrinogen-III I (from glutamate),NA
PWY-5188,July_2,1190.209775478637,uroporphyrinogen-III I (from glutamate),NA
PWY-5188,July_3,1204.7160971647843,uroporphyrinogen-III I (from glutamate),NA
PWY-5188,May,709.8087871724116,uroporphyrinogen-III I (from glutamate),NA
PWY-5188,May_22,731.1203612826606,uroporphyrinogen-III I (from glutamate),NA
PWY-5188,October,671.7369375878905,uroporphyrinogen-III I (from glutamate),NA
PWY-5189,August,686.6250037004094,uroporphyrinogen-III II (from glycine),NA
PWY-5189,July_1,951.3747969664962,uroporphyrinogen-III II (from glycine),NA
PWY-5189,July_2,712.655122567024,uroporphyrinogen-III II (from glycine),NA
PWY-5189,July_3,722.200998761207,uroporphyrinogen-III II (from glycine),NA
PWY-5189,May,282.39375038811517,uroporphyrinogen-III II (from glycine),NA
PWY-5189,May_22,275.207146832874,uroporphyrinogen-III II (from glycine),NA
PWY-5189,October,293.28044106697325,uroporphyrinogen-III II (from glycine),NA
PWY-5194,August,353.2750641338496,siroheme biosynthesis,NA
PWY-5194,July_1,574.772953760442,siroheme biosynthesis,NA
PWY-5194,July_2,371.62972310427995,siroheme biosynthesis,NA
PWY-5194,July_3,419.2936768308365,siroheme biosynthesis,NA
PWY-5194,May,233.57495401920062,siroheme biosynthesis,NA
PWY-5194,May_22,322.68620015225326,siroheme biosynthesis,NA
PWY-5194,October,291.4442123819765,siroheme biosynthesis,NA
PWY-5199,August,59.32704798908488,factor 420 polyglutamylation,NA
PWY-5199,July_1,94.23554625880273,factor 420 polyglutamylation,NA
PWY-5199,July_2,58.749262604898085,factor 420 polyglutamylation,NA
PWY-5199,July_3,46.88766513877542,factor 420 polyglutamylation,NA
PWY-5199,May,101.7190569868032,factor 420 polyglutamylation,NA
PWY-5199,May_22,88.42396236753758,factor 420 polyglutamylation,NA
PWY-5199,October,92.72603371251574,factor 420 polyglutamylation,NA
PWY-5250,August,7.852785673869812,methanogenesis from trimethylamine,NA
PWY-5250,July_1,4.489319513959782,methanogenesis from trimethylamine,NA
PWY-5250,July_2,6.519789735872922,methanogenesis from trimethylamine,NA
PWY-5250,July_3,8.789099295068429,methanogenesis from trimethylamine,NA
PWY-5250,May,1.9486248134800959,methanogenesis from trimethylamine,NA
PWY-5250,May_22,4.0677989404859325,methanogenesis from trimethylamine,NA
PWY-5250,October,1.7036731654405026,methanogenesis from trimethylamine,NA
PWY-5265,August,531.4958902998483,peptidoglycan biosynthesis II (staphylococci),NA
PWY-5265,July_1,527.8172443097438,peptidoglycan biosynthesis II (staphylococci),NA
PWY-5265,July_2,574.4308111663538,peptidoglycan biosynthesis II (staphylococci),NA
PWY-5265,July_3,427.4384486641631,peptidoglycan biosynthesis II (staphylococci),NA
PWY-5265,May,521.8086206657654,peptidoglycan biosynthesis II (staphylococci),NA
PWY-5265,May_22,574.5842309784271,peptidoglycan biosynthesis II (staphylococci),NA
PWY-5265,October,629.9445429908342,peptidoglycan biosynthesis II (staphylococci),NA
PWY-5269,August,230.04822958157644,cardiolipin biosynthesis II,NA
PWY-5269,July_1,331.06902977663094,cardiolipin biosynthesis II,NA
PWY-5269,July_2,210.8458919064329,cardiolipin biosynthesis II,NA
PWY-5269,July_3,203.03453355741965,cardiolipin biosynthesis II,NA
PWY-5269,May,178.61342966481914,cardiolipin biosynthesis II,NA
PWY-5269,May_22,169.16570305661884,cardiolipin biosynthesis II,NA
PWY-5269,October,163.15826352195023,cardiolipin biosynthesis II,NA
PWY-5278,August,59.994310226642085,sulfite oxidation III,NA
PWY-5278,July_1,77.63945031291897,sulfite oxidation III,NA
PWY-5278,July_2,65.30237661456945,sulfite oxidation III,NA
PWY-5278,July_3,47.54611131103839,sulfite oxidation III,NA
PWY-5278,May,56.4709849585799,sulfite oxidation III,NA
PWY-5278,May_22,56.39579653927548,sulfite oxidation III,NA
PWY-5278,October,63.59908916746746,sulfite oxidation III,NA
PWY-5326,August,45.83215734205908,sulfite oxidation IV (sulfite oxidase),NA
PWY-5326,July_1,42.277363065662634,sulfite oxidation IV (sulfite oxidase),NA
PWY-5326,July_2,40.09440724494522,sulfite oxidation IV (sulfite oxidase),NA
PWY-5326,July_3,26.941217478239828,sulfite oxidation IV (sulfite oxidase),NA
PWY-5326,May,42.94490340422384,sulfite oxidation IV (sulfite oxidase),NA
PWY-5326,May_22,60.22491964945783,sulfite oxidation IV (sulfite oxidase),NA
PWY-5326,October,115.82512556720256,sulfite oxidation IV (sulfite oxidase),NA
PWY-5328,August,324.9756528429088,superpathway of L-methionine salvage and degradation,NA
PWY-5328,July_1,226.19779139504104,superpathway of L-methionine salvage and degradation,NA
PWY-5328,July_2,163.23377636627043,superpathway of L-methionine salvage and degradation,NA
PWY-5328,July_3,202.2310908061868,superpathway of L-methionine salvage and degradation,NA
PWY-5329,August,1177.4953857960923,L-cysteine degradation III,NA
PWY-5329,July_1,1126.454334655279,L-cysteine degradation III,NA
PWY-5329,July_2,992.9040497869964,L-cysteine degradation III,NA
PWY-5329,July_3,1225.3521273786785,L-cysteine degradation III,NA
PWY-5329,May,1040.3755006780839,L-cysteine degradation III,NA
PWY-5329,May_22,1102.3961061834977,L-cysteine degradation III,NA
PWY-5329,October,971.9238334242424,L-cysteine degradation III,NA
PWY-5340,August,1409.895471166915,sulfate activation for sulfonation,NA
PWY-5340,July_1,1430.5353387706377,sulfate activation for sulfonation,NA
PWY-5340,July_2,1213.02851960742,sulfate activation for sulfonation,NA
PWY-5340,July_3,1531.1326043420447,sulfate activation for sulfonation,NA
PWY-5340,May,412.88732468060414,sulfate activation for sulfonation,NA
PWY-5340,May_22,585.7110112050427,sulfate activation for sulfonation,NA
PWY-5340,October,563.8437767428834,sulfate activation for sulfonation,NA
PWY-5344,August,131.3757919194139,L-homocysteine biosynthesis,NA
PWY-5344,July_1,147.12868285701876,L-homocysteine biosynthesis,NA
PWY-5344,July_2,158.74109128489107,L-homocysteine biosynthesis,NA
PWY-5344,July_3,144.3347457838126,L-homocysteine biosynthesis,NA
PWY-5344,May,120.48352901458286,L-homocysteine biosynthesis,NA
PWY-5344,May_22,162.29690442016891,L-homocysteine biosynthesis,NA
PWY-5344,October,185.59009695979796,L-homocysteine biosynthesis,NA
PWY-5345,August,2590.118801053473,superpathway of L-methionine biosynthesis (by sulfhydrylation),NA
PWY-5345,July_1,3627.6258374680015,superpathway of L-methionine biosynthesis (by sulfhydrylation),NA
PWY-5345,July_2,2367.277254498463,superpathway of L-methionine biosynthesis (by sulfhydrylation),NA
PWY-5345,July_3,2823.066530914981,superpathway of L-methionine biosynthesis (by sulfhydrylation),NA
PWY-5345,May,1009.4972244157901,superpathway of L-methionine biosynthesis (by sulfhydrylation),NA
PWY-5345,May_22,1349.7542764623422,superpathway of L-methionine biosynthesis (by sulfhydrylation),NA
PWY-5345,October,1299.9618605024054,superpathway of L-methionine biosynthesis (by sulfhydrylation),NA
PWY-5347,August,865.0681754532876,superpathway of L-methionine biosynthesis (transsulfuration),NA
PWY-5347,July_1,1269.7673601406343,superpathway of L-methionine biosynthesis (transsulfuration),NA
PWY-5347,July_2,771.5319302865182,superpathway of L-methionine biosynthesis (transsulfuration),NA
PWY-5347,July_3,963.2790205349859,superpathway of L-methionine biosynthesis (transsulfuration),NA
PWY-5347,May,310.58449309774636,superpathway of L-methionine biosynthesis (transsulfuration),NA
PWY-5347,May_22,379.342963978876,superpathway of L-methionine biosynthesis (transsulfuration),NA
PWY-5347,October,291.93703542736444,superpathway of L-methionine biosynthesis (transsulfuration),NA
PWY-5350,August,1177.4953857960923,thiosulfate disproportionation IV (rhodanese),NA
PWY-5350,July_1,1126.454334655279,thiosulfate disproportionation IV (rhodanese),NA
PWY-5350,July_2,992.9040497869964,thiosulfate disproportionation IV (rhodanese),NA
PWY-5350,July_3,1225.3521273786785,thiosulfate disproportionation IV (rhodanese),NA
PWY-5350,May,1040.3755006780839,thiosulfate disproportionation IV (rhodanese),NA
PWY-5350,May_22,1102.3961061834977,thiosulfate disproportionation IV (rhodanese),NA
PWY-5350,October,971.9238334242424,thiosulfate disproportionation IV (rhodanese),NA
PWY-5362,August,38.04668656121566,sapienate biosynthesis,NA
PWY-5362,July_1,63.90999107083331,sapienate biosynthesis,NA
PWY-5362,July_2,46.077385742181995,sapienate biosynthesis,NA
PWY-5362,July_3,40.876603289256934,sapienate biosynthesis,NA
PWY-5362,May,32.616079865148336,sapienate biosynthesis,NA
PWY-5362,May_22,43.37229546761593,sapienate biosynthesis,NA
PWY-5362,October,32.724671117578666,sapienate biosynthesis,NA
PWY-5366,August,50.28436825047828,palmitoleate biosynthesis II (plants and bacteria),NA
PWY-5366,July_1,102.05903967213816,palmitoleate biosynthesis II (plants and bacteria),NA
PWY-5366,July_2,73.10944060559669,palmitoleate biosynthesis II (plants and bacteria),NA
PWY-5366,July_3,55.089763734412266,palmitoleate biosynthesis II (plants and bacteria),NA
PWY-5366,May,32.92043902552549,palmitoleate biosynthesis II (plants and bacteria),NA
PWY-5366,May_22,43.965966024308756,palmitoleate biosynthesis II (plants and bacteria),NA
PWY-5366,October,33.70274546214969,palmitoleate biosynthesis II (plants and bacteria),NA
PWY-5367,August,15.819232197043231,petroselinate biosynthesis,NA
PWY-5367,July_1,16.737015276498923,petroselinate biosynthesis,NA
PWY-5367,July_2,32.89610721214092,petroselinate biosynthesis,NA
PWY-5367,July_3,12.263059881890417,petroselinate biosynthesis,NA
PWY-5382,August,1.2604763851081109,"hydrogen oxidation II (aerobic, NAD)",NA
PWY-5382,July_1,1.1024724928907137,"hydrogen oxidation II (aerobic, NAD)",NA
PWY-5382,July_2,0.8454735190295858,"hydrogen oxidation II (aerobic, NAD)",NA
PWY-5382,July_3,1.3212913534054334,"hydrogen oxidation II (aerobic, NAD)",NA
PWY-5382,May_22,0.41226082615983833,"hydrogen oxidation II (aerobic, NAD)",NA
PWY-5384,August,203.72766281120636,sucrose degradation IV (sucrose phosphorylase),NA
PWY-5384,July_1,320.2806997977284,sucrose degradation IV (sucrose phosphorylase),NA
PWY-5384,July_2,206.49743652383813,sucrose degradation IV (sucrose phosphorylase),NA
PWY-5384,July_3,199.16106354814463,sucrose degradation IV (sucrose phosphorylase),NA
PWY-5384,May,375.2074280143046,sucrose degradation IV (sucrose phosphorylase),NA
PWY-5384,May_22,291.60413114078426,sucrose degradation IV (sucrose phosphorylase),NA
PWY-5384,October,361.4729150821909,sucrose degradation IV (sucrose phosphorylase),NA
PWY-5386,August,72.85416942444373,methylglyoxal degradation I,NA
PWY-5386,July_1,95.33727794665577,methylglyoxal degradation I,NA
PWY-5386,July_2,76.66857125167095,methylglyoxal degradation I,NA
PWY-5386,July_3,88.63226473677449,methylglyoxal degradation I,NA
PWY-5386,May,37.24040837246948,methylglyoxal degradation I,NA
PWY-5386,May_22,54.30391170769514,methylglyoxal degradation I,NA
PWY-5386,October,22.0833032827232,methylglyoxal degradation I,NA
PWY-5386-1,August,98.83901695805069,methylglyoxal degradation VIII,NA
PWY-5386-1,July_1,119.57269436419958,methylglyoxal degradation VIII,NA
PWY-5386-1,July_2,93.37911389667079,methylglyoxal degradation VIII,NA
PWY-5386-1,July_3,127.40515481005013,methylglyoxal degradation VIII,NA
PWY-5386-1,May,54.60670113018848,methylglyoxal degradation VIII,NA
PWY-5386-1,May_22,70.85300078971785,methylglyoxal degradation VIII,NA
PWY-5386-1,October,36.20961169118712,methylglyoxal degradation VIII,NA
PWY-5392,August,285.0082586622576,reductive TCA cycle II,NA
PWY-5392,July_1,453.19834615519494,reductive TCA cycle II,NA
PWY-5392,July_2,298.75977243581326,reductive TCA cycle II,NA
PWY-5392,July_3,361.0006698372576,reductive TCA cycle II,NA
PWY-5392,May,276.49984877200683,reductive TCA cycle II,NA
PWY-5392,May_22,283.38675402094407,reductive TCA cycle II,NA
PWY-5392,October,172.67983892851788,reductive TCA cycle II,NA
PWY-5403,August,30.904349267049618,betaxanthin biosynthesis (via dopamine),NA
PWY-5403,July_1,46.10008466750429,betaxanthin biosynthesis (via dopamine),NA
PWY-5403,July_2,42.50622967794157,betaxanthin biosynthesis (via dopamine),NA
PWY-5403,July_3,46.94142890961023,betaxanthin biosynthesis (via dopamine),NA
PWY-5403,May,22.018510626993443,betaxanthin biosynthesis (via dopamine),NA
PWY-5403,May_22,20.62797627496106,betaxanthin biosynthesis (via dopamine),NA
PWY-5403,October,25.955649014158038,betaxanthin biosynthesis (via dopamine),NA
PWY-5415,August,7.752365058872974,catechol degradation I (<I>meta</I>-cleavage pathway),NA
PWY-5415,July_1,9.572670676514953,catechol degradation I (<I>meta</I>-cleavage pathway),NA
PWY-5415,July_2,10.193763229710928,catechol degradation I (<I>meta</I>-cleavage pathway),NA
PWY-5415,July_3,16.023537949797344,catechol degradation I (<I>meta</I>-cleavage pathway),NA
PWY-5415,May,30.832954678196607,catechol degradation I (<I>meta</I>-cleavage pathway),NA
PWY-5415,May_22,17.454639434207934,catechol degradation I (<I>meta</I>-cleavage pathway),NA
PWY-5415,October,16.740318399856235,catechol degradation I (<I>meta</I>-cleavage pathway),NA
PWY-5417,August,18.117559489471475,catechol degradation III (ortho-cleavage pathway),NA
PWY-5417,July_1,24.61913161160085,catechol degradation III (ortho-cleavage pathway),NA
PWY-5417,July_2,31.72101176615395,catechol degradation III (ortho-cleavage pathway),NA
PWY-5417,July_3,24.6553586930432,catechol degradation III (ortho-cleavage pathway),NA
PWY-5417,May,46.067219293733466,catechol degradation III (ortho-cleavage pathway),NA
PWY-5417,May_22,33.36282319300579,catechol degradation III (ortho-cleavage pathway),NA
PWY-5417,October,45.255742070266024,catechol degradation III (ortho-cleavage pathway),NA
PWY-5418,August,10.952437074348742,phenol degradation I (aerobic),NA
PWY-5418,July_1,10.511711952111543,phenol degradation I (aerobic),NA
PWY-5418,July_2,12.505492031584112,phenol degradation I (aerobic),NA
PWY-5418,July_3,12.705886975386857,phenol degradation I (aerobic),NA
PWY-5418,May,11.462213943956492,phenol degradation I (aerobic),NA
PWY-5418,May_22,11.134453214944534,phenol degradation I (aerobic),NA
PWY-5418,October,9.688003054186185,phenol degradation I (aerobic),NA
PWY-5419,August,51.25757915074449,catechol degradation to 2-hydroxypentadienoate II,NA
PWY-5419,July_1,40.90671725361159,catechol degradation to 2-hydroxypentadienoate II,NA
PWY-5419,July_2,29.968731279086864,catechol degradation to 2-hydroxypentadienoate II,NA
PWY-5419,July_3,53.51794160796136,catechol degradation to 2-hydroxypentadienoate II,NA
PWY-5419,May,97.26777002119772,catechol degradation to 2-hydroxypentadienoate II,NA
PWY-5419,May_22,82.27245820690206,catechol degradation to 2-hydroxypentadienoate II,NA
PWY-5419,October,82.48739714136637,catechol degradation to 2-hydroxypentadienoate II,NA
PWY-5431,August,29.847949894867845,aromatic compounds degradation via 3-oxoadipate,NA
PWY-5431,July_1,33.77392755822296,aromatic compounds degradation via 3-oxoadipate,NA
PWY-5431,July_2,46.770311127390904,aromatic compounds degradation via 3-oxoadipate,NA
PWY-5431,July_3,42.42437357133932,aromatic compounds degradation via 3-oxoadipate,NA
PWY-5431,May,60.63940871708999,aromatic compounds degradation via 3-oxoadipate,NA
PWY-5431,May_22,53.01833490215182,aromatic compounds degradation via 3-oxoadipate,NA
PWY-5431,October,60.350200034673634,aromatic compounds degradation via 3-oxoadipate,NA
PWY-5436,August,49.49109108209598,L-threonine degradation IV,NA
PWY-5436,July_1,48.68119366049585,L-threonine degradation IV,NA
PWY-5436,July_2,38.99983043335751,L-threonine degradation IV,NA
PWY-5436,July_3,44.606626711362395,L-threonine degradation IV,NA
PWY-5436,May,53.20634310649797,L-threonine degradation IV,NA
PWY-5436,May_22,45.93485482101268,L-threonine degradation IV,NA
PWY-5436,October,60.32343318752474,L-threonine degradation IV,NA
PWY-5441,August,60.112504958839764,S-methyl-L-methionine cycle,NA
PWY-5441,July_1,46.390776965171895,S-methyl-L-methionine cycle,NA
PWY-5441,July_2,45.40194078868068,S-methyl-L-methionine cycle,NA
PWY-5441,July_3,62.2839748098318,S-methyl-L-methionine cycle,NA
PWY-5441,May,52.77984615675378,S-methyl-L-methionine cycle,NA
PWY-5441,May_22,54.537297518495826,S-methyl-L-methionine cycle,NA
PWY-5441,October,49.16201905265235,S-methyl-L-methionine cycle,NA
PWY-5443,August,70.71555326501267,aminopropanol phosphate biosynthesis I,NA
PWY-5443,July_1,109.4705482440104,aminopropanol phosphate biosynthesis I,NA
PWY-5443,July_2,68.58785291814743,aminopropanol phosphate biosynthesis I,NA
PWY-5443,July_3,68.81357549056398,aminopropanol phosphate biosynthesis I,NA
PWY-5443,May,70.72771259433198,aminopropanol phosphate biosynthesis I,NA
PWY-5443,May_22,60.80042920083893,aminopropanol phosphate biosynthesis I,NA
PWY-5443,October,68.49758576664063,aminopropanol phosphate biosynthesis I,NA
PWY-5461,August,7.352868161582722,betanidin degradation,NA
PWY-5461,July_1,2.408782861451947,betanidin degradation,NA
PWY-5461,July_2,4.079883334183019,betanidin degradation,NA
PWY-5461,July_3,5.047495332902944,betanidin degradation,NA
PWY-5461,May,5.9230724511815405,betanidin degradation,NA
PWY-5461,May_22,4.785353702332454,betanidin degradation,NA
PWY-5461,October,6.076623977700145,betanidin degradation,NA
PWY-5464,August,3904.993280153644,"superpathway of cytosolic glycolysis (plants), pyruvate dehydrogenase and TCA cycle",NA
PWY-5464,July_1,4642.411289594815,"superpathway of cytosolic glycolysis (plants), pyruvate dehydrogenase and TCA cycle",NA
PWY-5464,July_2,3869.7942339730753,"superpathway of cytosolic glycolysis (plants), pyruvate dehydrogenase and TCA cycle",NA
PWY-5464,July_3,4449.437088018596,"superpathway of cytosolic glycolysis (plants), pyruvate dehydrogenase and TCA cycle",NA
PWY-5464,May,4158.271118885601,"superpathway of cytosolic glycolysis (plants), pyruvate dehydrogenase and TCA cycle",NA
PWY-5464,May_22,4410.309184533801,"superpathway of cytosolic glycolysis (plants), pyruvate dehydrogenase and TCA cycle",NA
PWY-5464,October,3065.843468651433,"superpathway of cytosolic glycolysis (plants), pyruvate dehydrogenase and TCA cycle",NA
PWY-5480,August,12.327850667017012,pyruvate fermentation to ethanol I,NA
PWY-5480,July_1,8.501551505497526,pyruvate fermentation to ethanol I,NA
PWY-5480,July_2,7.663415763480085,pyruvate fermentation to ethanol I,NA
PWY-5480,July_3,6.731707672676441,pyruvate fermentation to ethanol I,NA
PWY-5480,May,2.0037334985595496,pyruvate fermentation to ethanol I,NA
PWY-5480,May_22,2.107534227576938,pyruvate fermentation to ethanol I,NA
PWY-5481,August,92.26403146146092,pyruvate fermentation to (<i>S</i>)-lactate,NA
PWY-5481,July_1,111.44128075418132,pyruvate fermentation to (<i>S</i>)-lactate,NA
PWY-5481,July_2,101.29003337880845,pyruvate fermentation to (<i>S</i>)-lactate,NA
PWY-5481,July_3,103.39244419703789,pyruvate fermentation to (<i>S</i>)-lactate,NA
PWY-5481,May,341.6553214167216,pyruvate fermentation to (<i>S</i>)-lactate,NA
PWY-5481,May_22,371.884823697833,pyruvate fermentation to (<i>S</i>)-lactate,NA
PWY-5481,October,259.8154595050273,pyruvate fermentation to (<i>S</i>)-lactate,NA
PWY-5482,August,7.722860698618206,pyruvate fermentation to acetate II,NA
PWY-5482,July_1,7.761893991054477,pyruvate fermentation to acetate II,NA
PWY-5482,July_2,10.516772944380062,pyruvate fermentation to acetate II,NA
PWY-5482,July_3,7.911195309731032,pyruvate fermentation to acetate II,NA
PWY-5482,May,12.75413994751704,pyruvate fermentation to acetate II,NA
PWY-5482,May_22,23.631867993051078,pyruvate fermentation to acetate II,NA
PWY-5482,October,17.340618015363283,pyruvate fermentation to acetate II,NA
PWY-5483,August,537.6827247424425,pyruvate fermentation to acetate III,NA
PWY-5483,July_1,719.5408669320861,pyruvate fermentation to acetate III,NA
PWY-5483,July_2,500.61326820390946,pyruvate fermentation to acetate III,NA
PWY-5483,July_3,586.0773410471072,pyruvate fermentation to acetate III,NA
PWY-5483,May,1100.1397962204358,pyruvate fermentation to acetate III,NA
PWY-5483,May_22,1273.9614474981563,pyruvate fermentation to acetate III,NA
PWY-5483,October,1009.7622077077006,pyruvate fermentation to acetate III,NA
PWY-5484,August,2074.755930742434,glycolysis II (from fructose 6-phosphate),NA
PWY-5484,July_1,2325.0931932602693,glycolysis II (from fructose 6-phosphate),NA
PWY-5484,July_2,2122.8777924294477,glycolysis II (from fructose 6-phosphate),NA
PWY-5484,July_3,2185.9478779761457,glycolysis II (from fructose 6-phosphate),NA
PWY-5484,May,2716.460355193858,glycolysis II (from fructose 6-phosphate),NA
PWY-5484,May_22,2354.5942721240745,glycolysis II (from fructose 6-phosphate),NA
PWY-5484,October,2597.3431888475093,glycolysis II (from fructose 6-phosphate),NA
PWY-5485,August,7.722860698618206,pyruvate fermentation to acetate IV,NA
PWY-5485,July_1,7.761893991054477,pyruvate fermentation to acetate IV,NA
PWY-5485,July_2,10.516772944380062,pyruvate fermentation to acetate IV,NA
PWY-5485,July_3,7.911195309731032,pyruvate fermentation to acetate IV,NA
PWY-5485,May,12.75413994751704,pyruvate fermentation to acetate IV,NA
PWY-5485,May_22,23.631867993051078,pyruvate fermentation to acetate IV,NA
PWY-5485,October,17.340618015363283,pyruvate fermentation to acetate IV,NA
PWY-5486,August,466.61802259754785,pyruvate fermentation to ethanol II,NA
PWY-5486,July_1,634.867084018774,pyruvate fermentation to ethanol II,NA
PWY-5486,July_2,740.4089164747471,pyruvate fermentation to ethanol II,NA
PWY-5486,July_3,424.003293815785,pyruvate fermentation to ethanol II,NA
PWY-5486,May,697.9389703245322,pyruvate fermentation to ethanol II,NA
PWY-5486,May_22,465.74572866785184,pyruvate fermentation to ethanol II,NA
PWY-5486,October,415.9209651221693,pyruvate fermentation to ethanol II,NA
PWY-5488,August,11.682342911594805,4-nitrophenol degradation II,NA
PWY-5488,July_1,35.02875337113987,4-nitrophenol degradation II,NA
PWY-5488,July_2,10.610988388229027,4-nitrophenol degradation II,NA
PWY-5488,July_3,5.09305982032067,4-nitrophenol degradation II,NA
PWY-5491,August,40.6817118720952,diethylphosphate degradation,NA
PWY-5491,July_1,41.86271869357516,diethylphosphate degradation,NA
PWY-5491,July_2,44.474602960601274,diethylphosphate degradation,NA
PWY-5491,July_3,38.218801424665074,diethylphosphate degradation,NA
PWY-5491,May,29.280016394437375,diethylphosphate degradation,NA
PWY-5491,May_22,26.90306778768896,diethylphosphate degradation,NA
PWY-5491,October,39.812475939516,diethylphosphate degradation,NA
PWY-5493,August,536.0125597682894,reductive monocarboxylic acid cycle,NA
PWY-5493,July_1,716.4348875909573,reductive monocarboxylic acid cycle,NA
PWY-5493,July_2,498.129958778019,reductive monocarboxylic acid cycle,NA
PWY-5493,July_3,584.5197693238247,reductive monocarboxylic acid cycle,NA
PWY-5493,May,1098.496243179461,reductive monocarboxylic acid cycle,NA
PWY-5493,May_22,1271.5288063925811,reductive monocarboxylic acid cycle,NA
PWY-5493,October,1008.8510103530599,reductive monocarboxylic acid cycle,NA
PWY-5494,August,34.11573662829606,(R)-lactate fermentation to propanoate II (acrylate pathway),NA
PWY-5494,July_1,21.418583840277908,(R)-lactate fermentation to propanoate II (acrylate pathway),NA
PWY-5494,July_2,28.3534694947984,(R)-lactate fermentation to propanoate II (acrylate pathway),NA
PWY-5494,July_3,32.65677982962266,(R)-lactate fermentation to propanoate II (acrylate pathway),NA
PWY-5494,May,1.2928180531244193,(R)-lactate fermentation to propanoate II (acrylate pathway),NA
PWY-5494,May_22,2.221043427161803,(R)-lactate fermentation to propanoate II (acrylate pathway),NA
PWY-5494,October,4.077747454902093,(R)-lactate fermentation to propanoate II (acrylate pathway),NA
PWY-5505,August,151.16434379690708,L-glutamate and L-glutamine biosynthesis,NA
PWY-5505,July_1,143.26508634077814,L-glutamate and L-glutamine biosynthesis,NA
PWY-5505,July_2,165.46546600250693,L-glutamate and L-glutamine biosynthesis,NA
PWY-5505,July_3,129.1357333521313,L-glutamate and L-glutamine biosynthesis,NA
PWY-5505,May,111.82435962751343,L-glutamate and L-glutamine biosynthesis,NA
PWY-5505,May_22,85.64280968829003,L-glutamate and L-glutamine biosynthesis,NA
PWY-5505,October,67.64478385705219,L-glutamate and L-glutamine biosynthesis,NA
PWY-5506,August,605.8978422819921,methanol oxidation to formaldehyde IV,NA
PWY-5506,July_1,1002.2817312926277,methanol oxidation to formaldehyde IV,NA
PWY-5506,July_2,572.1236735579627,methanol oxidation to formaldehyde IV,NA
PWY-5506,July_3,679.324895794807,methanol oxidation to formaldehyde IV,NA
PWY-5506,May,1891.5648891086694,methanol oxidation to formaldehyde IV,NA
PWY-5506,May_22,1459.9662641721347,methanol oxidation to formaldehyde IV,NA
PWY-5506,October,1494.6543426291162,methanol oxidation to formaldehyde IV,NA
PWY-5507,August,79.34557543047488,adenosylcobalamin biosynthesis I (anaerobic),NA
PWY-5507,July_1,62.72737523199468,adenosylcobalamin biosynthesis I (anaerobic),NA
PWY-5507,July_2,79.03628639382796,adenosylcobalamin biosynthesis I (anaerobic),NA
PWY-5507,July_3,74.53735765128216,adenosylcobalamin biosynthesis I (anaerobic),NA
PWY-5507,May_22,90.94933407180818,adenosylcobalamin biosynthesis I (anaerobic),NA
PWY-5509,August,22.85539003263574,adenosylcobalamin biosynthesis from adenosylcobinamide-GDP I,NA
PWY-5509,July_1,36.01626628782968,adenosylcobalamin biosynthesis from adenosylcobinamide-GDP I,NA
PWY-5509,July_2,27.565601202907846,adenosylcobalamin biosynthesis from adenosylcobinamide-GDP I,NA
PWY-5509,July_3,18.680407439652686,adenosylcobalamin biosynthesis from adenosylcobinamide-GDP I,NA
PWY-5509,May,20.0556831084495,adenosylcobalamin biosynthesis from adenosylcobinamide-GDP I,NA
PWY-5509,May_22,13.115237070507078,adenosylcobalamin biosynthesis from adenosylcobinamide-GDP I,NA
PWY-5509,October,14.94387430150651,adenosylcobalamin biosynthesis from adenosylcobinamide-GDP I,NA
PWY-5512,August,6.665354063089706,UDP-<i>N</i>-acetyl-D-galactosamine biosynthesis I,NA
PWY-5512,July_1,1.4790193483568572,UDP-<i>N</i>-acetyl-D-galactosamine biosynthesis I,NA
PWY-5512,July_2,2.284083439703723,UDP-<i>N</i>-acetyl-D-galactosamine biosynthesis I,NA
PWY-5512,July_3,2.674599649694444,UDP-<i>N</i>-acetyl-D-galactosamine biosynthesis I,NA
PWY-5512,May,4.551063539201607,UDP-<i>N</i>-acetyl-D-galactosamine biosynthesis I,NA
PWY-5512,May_22,0.957664628283526,UDP-<i>N</i>-acetyl-D-galactosamine biosynthesis I,NA
PWY-5512,October,2.0959510091001485,UDP-<i>N</i>-acetyl-D-galactosamine biosynthesis I,NA
PWY-5514,August,29.64667412902676,UDP-<i>N</i>-acetyl-D-galactosamine biosynthesis II,NA
PWY-5514,July_1,25.335071735837623,UDP-<i>N</i>-acetyl-D-galactosamine biosynthesis II,NA
PWY-5514,July_2,19.590113735215525,UDP-<i>N</i>-acetyl-D-galactosamine biosynthesis II,NA
PWY-5514,July_3,8.64159128403726,UDP-<i>N</i>-acetyl-D-galactosamine biosynthesis II,NA
PWY-5514,May,50.53130130591599,UDP-<i>N</i>-acetyl-D-galactosamine biosynthesis II,NA
PWY-5514,October,12.41335806048474,UDP-<i>N</i>-acetyl-D-galactosamine biosynthesis II,NA
PWY-5523,August,104.54083517198593,"5,6-dimethylbenzimidazole biosynthesis I (aerobic)",NA
PWY-5523,July_1,144.48388236091097,"5,6-dimethylbenzimidazole biosynthesis I (aerobic)",NA
PWY-5523,July_2,109.59520960217006,"5,6-dimethylbenzimidazole biosynthesis I (aerobic)",NA
PWY-5523,July_3,108.0690681552952,"5,6-dimethylbenzimidazole biosynthesis I (aerobic)",NA
PWY-5523,May,199.95706301471012,"5,6-dimethylbenzimidazole biosynthesis I (aerobic)",NA
PWY-5523,May_22,158.18505479874085,"5,6-dimethylbenzimidazole biosynthesis I (aerobic)",NA
PWY-5523,October,225.62737071868148,"5,6-dimethylbenzimidazole biosynthesis I (aerobic)",NA
PWY-5530,August,211.27987168380656,sorbitol biosynthesis II,NA
PWY-5530,July_1,353.8773215195745,sorbitol biosynthesis II,NA
PWY-5530,July_2,191.00771937258853,sorbitol biosynthesis II,NA
PWY-5530,July_3,158.8069350926498,sorbitol biosynthesis II,NA
PWY-5530,May,477.1622822205908,sorbitol biosynthesis II,NA
PWY-5530,May_22,325.21493766799193,sorbitol biosynthesis II,NA
PWY-5530,October,472.12087044072985,sorbitol biosynthesis II,NA
PWY-5533,August,2.1247179145671944,acetone degradation II (to acetoacetate),NA
PWY-5533,July_1,1.504607608154215,acetone degradation II (to acetoacetate),NA
PWY-5533,July_2,2.4228050742644784,acetone degradation II (to acetoacetate),NA
PWY-5533,July_3,1.3371607631493159,acetone degradation II (to acetoacetate),NA
PWY-5533,May,1.5455307388619217,acetone degradation II (to acetoacetate),NA
PWY-5533,May_22,1.8260484272998887,acetone degradation II (to acetoacetate),NA
PWY-5533,October,1.9529375572608858,acetone degradation II (to acetoacetate),NA
PWY-5535,August,2.226886632204078,acetate and ATP formation from acetyl-CoA II,NA
PWY-5535,July_1,3.1059793411287457,acetate and ATP formation from acetyl-CoA II,NA
PWY-5535,July_2,2.4833094258904462,acetate and ATP formation from acetyl-CoA II,NA
PWY-5535,July_3,2.0767622977100277,acetate and ATP formation from acetyl-CoA II,NA
PWY-5535,May,1.64355304097464,acetate and ATP formation from acetyl-CoA II,NA
PWY-5535,May_22,2.432641105575259,acetate and ATP formation from acetyl-CoA II,NA
PWY-5535,October,1.822394709281359,acetate and ATP formation from acetyl-CoA II,NA
PWY-5538,August,396.81531268591294,pyruvate fermentation to acetate VI,NA
PWY-5538,July_1,475.4493530097468,pyruvate fermentation to acetate VI,NA
PWY-5538,July_2,343.6064667445584,pyruvate fermentation to acetate VI,NA
PWY-5538,July_3,428.9484108219053,pyruvate fermentation to acetate VI,NA
PWY-5538,May,774.3033441473258,pyruvate fermentation to acetate VI,NA
PWY-5538,May_22,933.5697074126906,pyruvate fermentation to acetate VI,NA
PWY-5538,October,722.0140238364341,pyruvate fermentation to acetate VI,NA
PWY-5600,August,236.03267197068814,pyruvate fermentation to acetate VII,NA
PWY-5600,July_1,320.8415015063522,pyruvate fermentation to acetate VII,NA
PWY-5600,July_2,222.2381629222086,pyruvate fermentation to acetate VII,NA
PWY-5600,July_3,291.2601760580564,pyruvate fermentation to acetate VII,NA
PWY-5600,May,557.9528894693983,pyruvate fermentation to acetate VII,NA
PWY-5600,May_22,796.7961902688822,pyruvate fermentation to acetate VII,NA
PWY-5600,October,586.7195808036032,pyruvate fermentation to acetate VII,NA
PWY-561,August,1611.9774266170684,superpathway of glyoxylate cycle and fatty acid degradation,NA
PWY-561,July_1,2601.960748903704,superpathway of glyoxylate cycle and fatty acid degradation,NA
PWY-561,July_2,1716.068270847544,superpathway of glyoxylate cycle and fatty acid degradation,NA
PWY-561,July_3,2011.4436423826637,superpathway of glyoxylate cycle and fatty acid degradation,NA
PWY-561,May,1418.2300640325961,superpathway of glyoxylate cycle and fatty acid degradation,NA
PWY-561,May_22,1404.1580836732132,superpathway of glyoxylate cycle and fatty acid degradation,NA
PWY-561,October,1161.5547201700876,superpathway of glyoxylate cycle and fatty acid degradation,NA
PWY-5629,August,1.9465150675526013,isopenicillin N biosynthesis,NA
PWY-5629,July_1,1.6573615418888545,isopenicillin N biosynthesis,NA
PWY-5629,July_2,2.5307063331015662,isopenicillin N biosynthesis,NA
PWY-5629,July_3,2.9026478697493396,isopenicillin N biosynthesis,NA
PWY-5629,May,1.0155066278318703,isopenicillin N biosynthesis,NA
PWY-5629,May_22,0.4919728892239763,isopenicillin N biosynthesis,NA
PWY-5651,August,50.35553385650832,L-tryptophan degradation to 2-amino-3-carboxymuconate semialdehyde,NA
PWY-5651,July_1,10.640331240022224,L-tryptophan degradation to 2-amino-3-carboxymuconate semialdehyde,NA
PWY-5651,July_2,37.759328961827634,L-tryptophan degradation to 2-amino-3-carboxymuconate semialdehyde,NA
PWY-5651,July_3,31.23681084587665,L-tryptophan degradation to 2-amino-3-carboxymuconate semialdehyde,NA
PWY-5653,August,174.9471713005426,NAD biosynthesis from 2-amino-3-carboxymuconate semialdehyde,NA
PWY-5653,July_1,275.81179657545783,NAD biosynthesis from 2-amino-3-carboxymuconate semialdehyde,NA
PWY-5653,July_2,201.6457005848162,NAD biosynthesis from 2-amino-3-carboxymuconate semialdehyde,NA
PWY-5653,July_3,170.51744555136568,NAD biosynthesis from 2-amino-3-carboxymuconate semialdehyde,NA
PWY-5653,May,214.93136698249134,NAD biosynthesis from 2-amino-3-carboxymuconate semialdehyde,NA
PWY-5653,May_22,210.6802016337369,NAD biosynthesis from 2-amino-3-carboxymuconate semialdehyde,NA
PWY-5653,October,236.9794448978169,NAD biosynthesis from 2-amino-3-carboxymuconate semialdehyde,NA
PWY-5654,August,5.391363638600044,2-amino-3-carboxymuconate semialdehyde degradation to 2-hydroxypentadienoate,NA
PWY-5654,July_1,1.750832650098754,2-amino-3-carboxymuconate semialdehyde degradation to 2-hydroxypentadienoate,NA
PWY-5654,July_2,1.5435841207133456,2-amino-3-carboxymuconate semialdehyde degradation to 2-hydroxypentadienoate,NA
PWY-5654,July_3,1.7474273382181127,2-amino-3-carboxymuconate semialdehyde degradation to 2-hydroxypentadienoate,NA
PWY-5656,August,31.025336818663305,mannosylglycerate biosynthesis I,NA
PWY-5656,July_1,19.989655809585315,mannosylglycerate biosynthesis I,NA
PWY-5656,July_2,47.874846335645266,mannosylglycerate biosynthesis I,NA
PWY-5656,July_3,35.12830491883669,mannosylglycerate biosynthesis I,NA
PWY-5656,May,94.79431619312743,mannosylglycerate biosynthesis I,NA
PWY-5656,May_22,44.03202633342699,mannosylglycerate biosynthesis I,NA
PWY-5656,October,64.10510978216018,mannosylglycerate biosynthesis I,NA
PWY-5659,August,711.9259359443517,GDP-mannose biosynthesis,NA
PWY-5659,July_1,1040.354065282591,GDP-mannose biosynthesis,NA
PWY-5659,July_2,744.8746988354462,GDP-mannose biosynthesis,NA
PWY-5659,July_3,752.0909643799091,GDP-mannose biosynthesis,NA
PWY-5659,May,1201.1238919883122,GDP-mannose biosynthesis,NA
PWY-5659,May_22,1107.1508185748598,GDP-mannose biosynthesis,NA
PWY-5659,October,1092.9852679802927,GDP-mannose biosynthesis,NA
PWY-5661,August,96.84149623308775,GDP-&alpha;-D-glucose biosynthesis,NA
PWY-5661,July_1,101.48620103226641,GDP-&alpha;-D-glucose biosynthesis,NA
PWY-5661,July_2,77.91332920918235,GDP-&alpha;-D-glucose biosynthesis,NA
PWY-5661,July_3,62.57430228233837,GDP-&alpha;-D-glucose biosynthesis,NA
PWY-5661,May,156.02289887497972,GDP-&alpha;-D-glucose biosynthesis,NA
PWY-5661,May_22,121.38524028353798,GDP-&alpha;-D-glucose biosynthesis,NA
PWY-5661,October,201.596889092802,GDP-&alpha;-D-glucose biosynthesis,NA
PWY-5662,August,89.25069796547412,glucosylglycerate biosynthesis I,NA
PWY-5662,July_1,138.0426929092579,glucosylglycerate biosynthesis I,NA
PWY-5662,July_2,89.80398225671367,glucosylglycerate biosynthesis I,NA
PWY-5662,July_3,88.05851738839733,glucosylglycerate biosynthesis I,NA
PWY-5662,May,73.0322733363817,glucosylglycerate biosynthesis I,NA
PWY-5662,May_22,99.12860095603176,glucosylglycerate biosynthesis I,NA
PWY-5662,October,83.29721052795712,glucosylglycerate biosynthesis I,NA
PWY-5663,August,1162.0579267718072,<i>erythro</i>-tetrahydrobiopterin biosynthesis I,NA
PWY-5663,July_1,898.4081864165291,<i>erythro</i>-tetrahydrobiopterin biosynthesis I,NA
PWY-5663,July_2,1672.2154783163583,<i>erythro</i>-tetrahydrobiopterin biosynthesis I,NA
PWY-5663,July_3,701.5430656567029,<i>erythro</i>-tetrahydrobiopterin biosynthesis I,NA
PWY-5663,May,922.0051245330819,<i>erythro</i>-tetrahydrobiopterin biosynthesis I,NA
PWY-5663,May_22,1028.4579566494033,<i>erythro</i>-tetrahydrobiopterin biosynthesis I,NA
PWY-5663,October,1340.9255948765397,<i>erythro</i>-tetrahydrobiopterin biosynthesis I,NA
PWY-5667,August,390.42188867243385,CDP-diacylglycerol biosynthesis I,NA
PWY-5667,July_1,430.2180848078963,CDP-diacylglycerol biosynthesis I,NA
PWY-5667,July_2,398.1767003851586,CDP-diacylglycerol biosynthesis I,NA
PWY-5667,July_3,354.5315435864713,CDP-diacylglycerol biosynthesis I,NA
PWY-5667,May,365.5772778317091,CDP-diacylglycerol biosynthesis I,NA
PWY-5667,May_22,336.53888640757094,CDP-diacylglycerol biosynthesis I,NA
PWY-5667,October,388.47395735879024,CDP-diacylglycerol biosynthesis I,NA
PWY-5668,August,230.04822958157644,cardiolipin biosynthesis I,NA
PWY-5668,July_1,331.06902977663094,cardiolipin biosynthesis I,NA
PWY-5668,July_2,210.8458919064329,cardiolipin biosynthesis I,NA
PWY-5668,July_3,203.03453355741965,cardiolipin biosynthesis I,NA
PWY-5668,May,178.61342966481914,cardiolipin biosynthesis I,NA
PWY-5668,May_22,169.16570305661884,cardiolipin biosynthesis I,NA
PWY-5668,October,163.15826352195023,cardiolipin biosynthesis I,NA
PWY-5669,August,195.58061236110254,phosphatidylserine and phosphatidylethanolamine biosynthesis I,NA
PWY-5669,July_1,266.6538937979185,phosphatidylserine and phosphatidylethanolamine biosynthesis I,NA
PWY-5669,July_2,208.83124608978926,phosphatidylserine and phosphatidylethanolamine biosynthesis I,NA
PWY-5669,July_3,187.32324540242325,phosphatidylserine and phosphatidylethanolamine biosynthesis I,NA
PWY-5669,May,173.06321438978227,phosphatidylserine and phosphatidylethanolamine biosynthesis I,NA
PWY-5669,May_22,145.1390529985794,phosphatidylserine and phosphatidylethanolamine biosynthesis I,NA
PWY-5669,October,145.86753158402496,phosphatidylserine and phosphatidylethanolamine biosynthesis I,NA
PWY-5686,August,730.6328080272535,UMP biosynthesis I,NA
PWY-5686,July_1,815.5071416577805,UMP biosynthesis I,NA
PWY-5686,July_2,692.6344334913078,UMP biosynthesis I,NA
PWY-5686,July_3,789.9639462595237,UMP biosynthesis I,NA
PWY-5686,May,520.4132448231643,UMP biosynthesis I,NA
PWY-5686,May_22,638.1038303061362,UMP biosynthesis I,NA
PWY-5686,October,502.285354974806,UMP biosynthesis I,NA
PWY-5690,August,1150.907512595883,TCA cycle II (plants and fungi),NA
PWY-5690,July_1,1455.8110300295193,TCA cycle II (plants and fungi),NA
PWY-5690,July_2,1238.66211627841,TCA cycle II (plants and fungi),NA
PWY-5690,July_3,1359.0495993181403,TCA cycle II (plants and fungi),NA
PWY-5690,May,1187.0215822202322,TCA cycle II (plants and fungi),NA
PWY-5690,May_22,1466.105811558618,TCA cycle II (plants and fungi),NA
PWY-5690,October,841.0571963607242,TCA cycle II (plants and fungi),NA
PWY-5691,August,16.75138074021859,urate degradation I (to allantoin),NA
PWY-5691,July_1,25.546682208108713,urate degradation I (to allantoin),NA
PWY-5691,July_2,27.467146361971714,urate degradation I (to allantoin),NA
PWY-5691,July_3,15.11618951623116,urate degradation I (to allantoin),NA
PWY-5691,May,4.081734597251725,urate degradation I (to allantoin),NA
PWY-5694,August,7.088441886537243,allantoin degradation to glyoxylate I,NA
PWY-5694,July_1,6.019258234837885,allantoin degradation to glyoxylate I,NA
PWY-5694,July_2,8.836150513002135,allantoin degradation to glyoxylate I,NA
PWY-5694,July_3,7.465259082811304,allantoin degradation to glyoxylate I,NA
PWY-5694,May,2.4535557356238975,allantoin degradation to glyoxylate I,NA
PWY-5694,May_22,2.0927135736028846,allantoin degradation to glyoxylate I,NA
PWY-5695,August,1272.788205924335,inosine 5'-phosphate degradation,NA
PWY-5695,July_1,1670.6509553578683,inosine 5'-phosphate degradation,NA
PWY-5695,July_2,1128.669480878005,inosine 5'-phosphate degradation,NA
PWY-5695,July_3,1344.5296045482055,inosine 5'-phosphate degradation,NA
PWY-5695,May,3693.6832811332924,inosine 5'-phosphate degradation,NA
PWY-5695,May_22,2712.390976821781,inosine 5'-phosphate degradation,NA
PWY-5695,October,3012.2463244585356,inosine 5'-phosphate degradation,NA
PWY-5697,August,82.50909460504957,allantoin degradation to ureidoglycolate I (urea producing),NA
PWY-5697,July_1,49.78574570567037,allantoin degradation to ureidoglycolate I (urea producing),NA
PWY-5697,July_2,59.834727439155444,allantoin degradation to ureidoglycolate I (urea producing),NA
PWY-5697,July_3,37.84565674042239,allantoin degradation to ureidoglycolate I (urea producing),NA
PWY-5697,May,8.593461064964526,allantoin degradation to ureidoglycolate I (urea producing),NA
PWY-5697,May_22,7.374241924451851,allantoin degradation to ureidoglycolate I (urea producing),NA
PWY-5697,October,10.937568888386984,allantoin degradation to ureidoglycolate I (urea producing),NA
PWY-5698,August,8.777559531271798,allantoin degradation to ureidoglycolate II (ammonia producing),NA
PWY-5698,July_1,19.163581908470814,allantoin degradation to ureidoglycolate II (ammonia producing),NA
PWY-5698,July_2,10.097467702277863,allantoin degradation to ureidoglycolate II (ammonia producing),NA
PWY-5698,July_3,15.300308144336666,allantoin degradation to ureidoglycolate II (ammonia producing),NA
PWY-5698,May,6.482068130986154,allantoin degradation to ureidoglycolate II (ammonia producing),NA
PWY-5698,May_22,6.438859874168768,allantoin degradation to ureidoglycolate II (ammonia producing),NA
PWY-5698,October,7.345762582257523,allantoin degradation to ureidoglycolate II (ammonia producing),NA
PWY-5723,August,1443.0995273882022,Rubisco shunt,NA
PWY-5723,July_1,1863.5320136188102,Rubisco shunt,NA
PWY-5723,July_2,1802.006063900445,Rubisco shunt,NA
PWY-5723,July_3,1496.1746539409003,Rubisco shunt,NA
PWY-5723,May,4345.530231945189,Rubisco shunt,NA
PWY-5723,May_22,3926.4208090179277,Rubisco shunt,NA
PWY-5723,October,3513.620906489085,Rubisco shunt,NA
PWY-5738,August,79.72349802314326,GDP-6-deoxy-D-talose biosynthesis,NA
PWY-5738,July_1,70.95185664485464,GDP-6-deoxy-D-talose biosynthesis,NA
PWY-5738,July_2,84.04422881830216,GDP-6-deoxy-D-talose biosynthesis,NA
PWY-5738,July_3,86.14500463706936,GDP-6-deoxy-D-talose biosynthesis,NA
PWY-5738,May,32.48324616393814,GDP-6-deoxy-D-talose biosynthesis,NA
PWY-5738,May_22,36.266387227134366,GDP-6-deoxy-D-talose biosynthesis,NA
PWY-5738,October,30.11219513185678,GDP-6-deoxy-D-talose biosynthesis,NA
PWY-5739,August,152.02332239319276,GDP-D-perosamine biosynthesis,NA
PWY-5739,July_1,139.24681612207308,GDP-D-perosamine biosynthesis,NA
PWY-5739,July_2,148.26644004249263,GDP-D-perosamine biosynthesis,NA
PWY-5739,July_3,149.3670084050784,GDP-D-perosamine biosynthesis,NA
PWY-5739,May,117.01983501020851,GDP-D-perosamine biosynthesis,NA
PWY-5739,May_22,106.03269538178121,GDP-D-perosamine biosynthesis,NA
PWY-5739,October,129.1228043401973,GDP-D-perosamine biosynthesis,NA
PWY-5741,August,32.38564521835191,ethylmalonyl-CoA pathway,NA
PWY-5741,July_1,62.94015690131306,ethylmalonyl-CoA pathway,NA
PWY-5741,July_2,47.359173796964875,ethylmalonyl-CoA pathway,NA
PWY-5741,July_3,50.334591823482825,ethylmalonyl-CoA pathway,NA
PWY-5741,May_22,36.16276399364043,ethylmalonyl-CoA pathway,NA
PWY-5741,October,36.980787730681335,ethylmalonyl-CoA pathway,NA
PWY-5742,August,8.460760828224243,L-arginine degradation IX (arginine:pyruvate transaminase pathway),NA
PWY-5742,July_1,2.8397530703623683,L-arginine degradation IX (arginine:pyruvate transaminase pathway),NA
PWY-5742,July_2,12.299470107459989,L-arginine degradation IX (arginine:pyruvate transaminase pathway),NA
PWY-5742,July_3,1.431111289219285,L-arginine degradation IX (arginine:pyruvate transaminase pathway),NA
PWY-5751,August,46.1294243393634,phenylethanol biosynthesis,NA
PWY-5751,July_1,64.03854281186098,phenylethanol biosynthesis,NA
PWY-5751,July_2,50.6151520146894,phenylethanol biosynthesis,NA
PWY-5751,July_3,58.90101164294649,phenylethanol biosynthesis,NA
PWY-5751,May,302.12082128290746,phenylethanol biosynthesis,NA
PWY-5751,May_22,166.99520557444174,phenylethanol biosynthesis,NA
PWY-5751,October,143.25139221030844,phenylethanol biosynthesis,NA
PWY-5760,August,465.24720567240985,&beta;-alanine biosynthesis IV,NA
PWY-5760,July_1,393.9529546086508,&beta;-alanine biosynthesis IV,NA
PWY-5760,July_2,416.30349785088663,&beta;-alanine biosynthesis IV,NA
PWY-5760,July_3,578.3545493937778,&beta;-alanine biosynthesis IV,NA
PWY-5760,May,209.19087773701162,&beta;-alanine biosynthesis IV,NA
PWY-5760,May_22,196.71575743548985,&beta;-alanine biosynthesis IV,NA
PWY-5760,October,148.66716388370804,&beta;-alanine biosynthesis IV,NA
PWY-5766,August,178.0947601111454,L-glutamate degradation X,NA
PWY-5766,July_1,177.77953046676026,L-glutamate degradation X,NA
PWY-5766,July_2,209.7442415059865,L-glutamate degradation X,NA
PWY-5766,July_3,180.51602280107144,L-glutamate degradation X,NA
PWY-5766,May,343.5597459987935,L-glutamate degradation X,NA
PWY-5766,May_22,253.66913454154303,L-glutamate degradation X,NA
PWY-5766,October,221.15607100437452,L-glutamate degradation X,NA
PWY-5768,August,8.267421768899254,pyruvate fermentation to acetate VIII,NA
PWY-5768,July_1,6.369946950795724,pyruvate fermentation to acetate VIII,NA
PWY-5768,July_2,9.943148312528692,pyruvate fermentation to acetate VIII,NA
PWY-5768,July_3,7.464656508724455,pyruvate fermentation to acetate VIII,NA
PWY-5768,May,29.294328522062145,pyruvate fermentation to acetate VIII,NA
PWY-5768,May_22,14.084318455086756,pyruvate fermentation to acetate VIII,NA
PWY-5768,October,22.258257334855674,pyruvate fermentation to acetate VIII,NA
PWY-5783,August,33.729060475559336,<i>all-trans</i>-octaprenyl diphosphate biosynthesis,NA
PWY-5783,July_1,35.233368198654404,<i>all-trans</i>-octaprenyl diphosphate biosynthesis,NA
PWY-5783,July_2,40.52288585790534,<i>all-trans</i>-octaprenyl diphosphate biosynthesis,NA
PWY-5783,July_3,31.782355341226147,<i>all-trans</i>-octaprenyl diphosphate biosynthesis,NA
PWY-5783,May,27.18978417440119,<i>all-trans</i>-octaprenyl diphosphate biosynthesis,NA
PWY-5783,May_22,23.41682826963413,<i>all-trans</i>-octaprenyl diphosphate biosynthesis,NA
PWY-5783,October,16.430911489643677,<i>all-trans</i>-octaprenyl diphosphate biosynthesis,NA
PWY-5785,August,544.0295354385594,"di-<i>trans</i>,poly-<i>cis</i>-undecaprenyl phosphate biosynthesis",NA
PWY-5785,July_1,653.1038545708885,"di-<i>trans</i>,poly-<i>cis</i>-undecaprenyl phosphate biosynthesis",NA
PWY-5785,July_2,516.9072109204969,"di-<i>trans</i>,poly-<i>cis</i>-undecaprenyl phosphate biosynthesis",NA
PWY-5785,July_3,499.60768458590667,"di-<i>trans</i>,poly-<i>cis</i>-undecaprenyl phosphate biosynthesis",NA
PWY-5785,May,528.7136959390668,"di-<i>trans</i>,poly-<i>cis</i>-undecaprenyl phosphate biosynthesis",NA
PWY-5785,May_22,462.1702965867662,"di-<i>trans</i>,poly-<i>cis</i>-undecaprenyl phosphate biosynthesis",NA
PWY-5785,October,423.13928512143997,"di-<i>trans</i>,poly-<i>cis</i>-undecaprenyl phosphate biosynthesis",NA
PWY-5796,August,9.23022228774336,malonate decarboxylase activation,NA
PWY-5796,July_1,15.497202490305325,malonate decarboxylase activation,NA
PWY-5796,July_2,13.322479645547585,malonate decarboxylase activation,NA
PWY-5796,July_3,13.246277622536589,malonate decarboxylase activation,NA
PWY-5796,May,10.58264238401981,malonate decarboxylase activation,NA
PWY-5796,May_22,26.030857723889437,malonate decarboxylase activation,NA
PWY-5796,October,19.78601267660909,malonate decarboxylase activation,NA
PWY-5807,August,54.74553401538101,<i>all-trans</i>-heptaprenyl diphosphate biosynthesis,NA
PWY-5807,July_1,80.49945451477785,<i>all-trans</i>-heptaprenyl diphosphate biosynthesis,NA
PWY-5807,July_2,50.03507010469858,<i>all-trans</i>-heptaprenyl diphosphate biosynthesis,NA
PWY-5807,July_3,52.66088839916644,<i>all-trans</i>-heptaprenyl diphosphate biosynthesis,NA
PWY-5807,May,29.40087973522307,<i>all-trans</i>-heptaprenyl diphosphate biosynthesis,NA
PWY-5807,May_22,24.941291830277407,<i>all-trans</i>-heptaprenyl diphosphate biosynthesis,NA
PWY-5807,October,22.590146790710623,<i>all-trans</i>-heptaprenyl diphosphate biosynthesis,NA
PWY-5833,August,12.36811331425562,"CDP-4-dehydro-3,6-dideoxy-D-glucose biosynthesis",NA
PWY-5833,July_1,6.534168030999798,"CDP-4-dehydro-3,6-dideoxy-D-glucose biosynthesis",NA
PWY-5833,July_2,12.935301607969334,"CDP-4-dehydro-3,6-dideoxy-D-glucose biosynthesis",NA
PWY-5833,July_3,15.192313912468832,"CDP-4-dehydro-3,6-dideoxy-D-glucose biosynthesis",NA
PWY-5833,May_22,3.0168503481861815,"CDP-4-dehydro-3,6-dideoxy-D-glucose biosynthesis",NA
PWY-5834,August,18.97457174789134,CDP-tyvelose biosynthesis,NA
PWY-5834,July_1,22.941171538311806,CDP-tyvelose biosynthesis,NA
PWY-5834,July_2,18.5049934063775,CDP-tyvelose biosynthesis,NA
PWY-5834,July_3,42.4289857197583,CDP-tyvelose biosynthesis,NA
PWY-5834,May,298.37338878497246,CDP-tyvelose biosynthesis,NA
PWY-5834,May_22,257.3053494339071,CDP-tyvelose biosynthesis,NA
PWY-5834,October,301.5150215413785,CDP-tyvelose biosynthesis,NA
PWY-5837,August,13.104043141017694,"1,4-dihydroxy-2-naphthoate biosynthesis",NA
PWY-5837,July_1,55.11859463325926,"1,4-dihydroxy-2-naphthoate biosynthesis",NA
PWY-5837,July_2,18.62350528910457,"1,4-dihydroxy-2-naphthoate biosynthesis",NA
PWY-5837,July_3,17.99196530921412,"1,4-dihydroxy-2-naphthoate biosynthesis",NA
PWY-5837,May,30.78941864936782,"1,4-dihydroxy-2-naphthoate biosynthesis",NA
PWY-5837,May_22,45.00173129371047,"1,4-dihydroxy-2-naphthoate biosynthesis",NA
PWY-5837,October,40.46104475201158,"1,4-dihydroxy-2-naphthoate biosynthesis",NA
PWY-5838,August,18.76546862690681,superpathway of menaquinol-8 biosynthesis I,NA
PWY-5838,July_1,67.51824147361589,superpathway of menaquinol-8 biosynthesis I,NA
PWY-5838,July_2,23.485916564851358,superpathway of menaquinol-8 biosynthesis I,NA
PWY-5838,July_3,23.970395669209434,superpathway of menaquinol-8 biosynthesis I,NA
PWY-5838,May,46.917539161825815,superpathway of menaquinol-8 biosynthesis I,NA
PWY-5838,May_22,64.14570710287522,superpathway of menaquinol-8 biosynthesis I,NA
PWY-5838,October,54.07442320279452,superpathway of menaquinol-8 biosynthesis I,NA
PWY-5839,August,207.9587633714987,menaquinol-7 biosynthesis,NA
PWY-5839,July_1,262.5837970406302,menaquinol-7 biosynthesis,NA
PWY-5839,July_2,170.7235030794692,menaquinol-7 biosynthesis,NA
PWY-5839,July_3,210.41502469058153,menaquinol-7 biosynthesis,NA
PWY-5839,May,182.79882359453842,menaquinol-7 biosynthesis,NA
PWY-5839,May_22,147.47378420533096,menaquinol-7 biosynthesis,NA
PWY-5839,October,104.78309909449699,menaquinol-7 biosynthesis,NA
PWY-5840,August,39.72027903714375,superpathway of menaquinol-7 biosynthesis,NA
PWY-5840,July_1,132.8602889515166,superpathway of menaquinol-7 biosynthesis,NA
PWY-5840,July_2,55.17713910273116,superpathway of menaquinol-7 biosynthesis,NA
PWY-5840,July_3,56.212605271096734,superpathway of menaquinol-7 biosynthesis,NA
PWY-5840,May,46.917539161825815,superpathway of menaquinol-7 biosynthesis,NA
PWY-5840,May_22,64.14570710287522,superpathway of menaquinol-7 biosynthesis,NA
PWY-5840,October,54.07442320279452,superpathway of menaquinol-7 biosynthesis,NA
PWY-5844,August,182.64210818264604,menaquinol-9 biosynthesis,NA
PWY-5844,July_1,234.8220290201381,menaquinol-9 biosynthesis,NA
PWY-5844,July_2,152.55327682201425,menaquinol-9 biosynthesis,NA
PWY-5844,July_3,187.93959570629076,menaquinol-9 biosynthesis,NA
PWY-5844,May,132.01862647254177,menaquinol-9 biosynthesis,NA
PWY-5844,May_22,128.71109314429884,menaquinol-9 biosynthesis,NA
PWY-5844,October,83.64366783422984,menaquinol-9 biosynthesis,NA
PWY-5845,August,18.76546862690681,superpathway of menaquinol-9 biosynthesis,NA
PWY-5845,July_1,67.51824147361589,superpathway of menaquinol-9 biosynthesis,NA
PWY-5845,July_2,23.485916564851358,superpathway of menaquinol-9 biosynthesis,NA
PWY-5845,July_3,23.970395669209434,superpathway of menaquinol-9 biosynthesis,NA
PWY-5845,May,46.917539161825815,superpathway of menaquinol-9 biosynthesis,NA
PWY-5845,May_22,64.14570710287522,superpathway of menaquinol-9 biosynthesis,NA
PWY-5845,October,54.07442320279452,superpathway of menaquinol-9 biosynthesis,NA
PWY-5849,August,182.64210818264604,menaquinol-6 biosynthesis,NA
PWY-5849,July_1,234.8220290201381,menaquinol-6 biosynthesis,NA
PWY-5849,July_2,152.55327682201425,menaquinol-6 biosynthesis,NA
PWY-5849,July_3,187.93959570629076,menaquinol-6 biosynthesis,NA
PWY-5849,May,132.01862647254177,menaquinol-6 biosynthesis,NA
PWY-5849,May_22,128.71109314429884,menaquinol-6 biosynthesis,NA
PWY-5849,October,83.64366783422984,menaquinol-6 biosynthesis,NA
PWY-5850,August,18.76546862690681,superpathway of menaquinol-6 biosynthesis,NA
PWY-5850,July_1,67.51824147361589,superpathway of menaquinol-6 biosynthesis,NA
PWY-5850,July_2,23.485916564851358,superpathway of menaquinol-6 biosynthesis,NA
PWY-5850,July_3,23.970395669209434,superpathway of menaquinol-6 biosynthesis,NA
PWY-5850,May,46.917539161825815,superpathway of menaquinol-6 biosynthesis,NA
PWY-5850,May_22,64.14570710287522,superpathway of menaquinol-6 biosynthesis,NA
PWY-5850,October,54.07442320279452,superpathway of menaquinol-6 biosynthesis,NA
PWY-5851,August,25.316655188852657,demethylmenaquinol-9 biosynthesis,NA
PWY-5851,July_1,27.761768020492116,demethylmenaquinol-9 biosynthesis,NA
PWY-5851,July_2,18.170226257454924,demethylmenaquinol-9 biosynthesis,NA
PWY-5851,July_3,22.47542898429076,demethylmenaquinol-9 biosynthesis,NA
PWY-5851,May,50.780197121996665,demethylmenaquinol-9 biosynthesis,NA
PWY-5851,May_22,18.76269106103211,demethylmenaquinol-9 biosynthesis,NA
PWY-5851,October,21.13943126026715,demethylmenaquinol-9 biosynthesis,NA
PWY-5852,August,25.316655188852657,demethylmenaquinol-8 biosynthesis I,NA
PWY-5852,July_1,27.761768020492116,demethylmenaquinol-8 biosynthesis I,NA
PWY-5852,July_2,18.170226257454924,demethylmenaquinol-8 biosynthesis I,NA
PWY-5852,July_3,22.47542898429076,demethylmenaquinol-8 biosynthesis I,NA
PWY-5852,May,50.780197121996665,demethylmenaquinol-8 biosynthesis I,NA
PWY-5852,May_22,18.76269106103211,demethylmenaquinol-8 biosynthesis I,NA
PWY-5852,October,21.13943126026715,demethylmenaquinol-8 biosynthesis I,NA
PWY-5853,August,25.316655188852657,demethylmenaquinol-6 biosynthesis I,NA
PWY-5853,July_1,27.761768020492116,demethylmenaquinol-6 biosynthesis I,NA
PWY-5853,July_2,18.170226257454924,demethylmenaquinol-6 biosynthesis I,NA
PWY-5853,July_3,22.47542898429076,demethylmenaquinol-6 biosynthesis I,NA
PWY-5853,May,50.780197121996665,demethylmenaquinol-6 biosynthesis I,NA
PWY-5853,May_22,18.76269106103211,demethylmenaquinol-6 biosynthesis I,NA
PWY-5853,October,21.13943126026715,demethylmenaquinol-6 biosynthesis I,NA
PWY-5855,August,45.85309137894272,ubiquinol-7 biosynthesis (early decarboxylation),NA
PWY-5855,July_1,16.65298227698194,ubiquinol-7 biosynthesis (early decarboxylation),NA
PWY-5855,July_2,39.39686186066403,ubiquinol-7 biosynthesis (early decarboxylation),NA
PWY-5855,July_3,23.637109144992984,ubiquinol-7 biosynthesis (early decarboxylation),NA
PWY-5855,May,25.77301539456858,ubiquinol-7 biosynthesis (early decarboxylation),NA
PWY-5855,May_22,35.33818330897188,ubiquinol-7 biosynthesis (early decarboxylation),NA
PWY-5855,October,52.09448435264399,ubiquinol-7 biosynthesis (early decarboxylation),NA
PWY-5856,August,45.85309137894272,ubiquinol-9 biosynthesis (early decarboxylation),NA
PWY-5856,July_1,16.65298227698194,ubiquinol-9 biosynthesis (early decarboxylation),NA
PWY-5856,July_2,39.39686186066403,ubiquinol-9 biosynthesis (early decarboxylation),NA
PWY-5856,July_3,23.637109144992984,ubiquinol-9 biosynthesis (early decarboxylation),NA
PWY-5856,May,25.77301539456858,ubiquinol-9 biosynthesis (early decarboxylation),NA
PWY-5856,May_22,35.33818330897188,ubiquinol-9 biosynthesis (early decarboxylation),NA
PWY-5856,October,52.09448435264399,ubiquinol-9 biosynthesis (early decarboxylation),NA
PWY-5857,August,45.85309137894272,ubiquinol-10 biosynthesis (early decarboxylation),NA
PWY-5857,July_1,16.65298227698194,ubiquinol-10 biosynthesis (early decarboxylation),NA
PWY-5857,July_2,39.39686186066403,ubiquinol-10 biosynthesis (early decarboxylation),NA
PWY-5857,July_3,23.637109144992984,ubiquinol-10 biosynthesis (early decarboxylation),NA
PWY-5857,May,25.77301539456858,ubiquinol-10 biosynthesis (early decarboxylation),NA
PWY-5857,May_22,35.33818330897188,ubiquinol-10 biosynthesis (early decarboxylation),NA
PWY-5857,October,52.09448435264399,ubiquinol-10 biosynthesis (early decarboxylation),NA
PWY-5860,July_1,43.86313478309801,superpathway of demethylmenaquinol-6 biosynthesis I,NA
PWY-5860,July_2,18.899857765390276,superpathway of demethylmenaquinol-6 biosynthesis I,NA
PWY-5860,July_3,17.7350263466192,superpathway of demethylmenaquinol-6 biosynthesis I,NA
PWY-5860,May,33.782554829936814,superpathway of demethylmenaquinol-6 biosynthesis I,NA
PWY-5860,May_22,45.299067076148724,superpathway of demethylmenaquinol-6 biosynthesis I,NA
PWY-5860,October,59.68705704354682,superpathway of demethylmenaquinol-6 biosynthesis I,NA
PWY-5861,July_1,43.86313478309801,superpathway of demethylmenaquinol-8 biosynthesis I,NA
PWY-5861,July_2,18.899857765390276,superpathway of demethylmenaquinol-8 biosynthesis I,NA
PWY-5861,July_3,17.7350263466192,superpathway of demethylmenaquinol-8 biosynthesis I,NA
PWY-5861,May,33.782554829936814,superpathway of demethylmenaquinol-8 biosynthesis I,NA
PWY-5861,May_22,45.299067076148724,superpathway of demethylmenaquinol-8 biosynthesis I,NA
PWY-5861,October,59.68705704354682,superpathway of demethylmenaquinol-8 biosynthesis I,NA
PWY-5862,July_1,43.86313478309801,superpathway of demethylmenaquinol-9 biosynthesis,NA
PWY-5862,July_2,18.899857765390276,superpathway of demethylmenaquinol-9 biosynthesis,NA
PWY-5862,July_3,17.7350263466192,superpathway of demethylmenaquinol-9 biosynthesis,NA
PWY-5862,May,33.782554829936814,superpathway of demethylmenaquinol-9 biosynthesis,NA
PWY-5862,May_22,45.299067076148724,superpathway of demethylmenaquinol-9 biosynthesis,NA
PWY-5862,October,59.68705704354682,superpathway of demethylmenaquinol-9 biosynthesis,NA
PWY-5886,August,150.81578393179345,3-(4-hydroxyphenyl)pyruvate biosynthesis,NA
PWY-5886,July_1,181.61916061504218,3-(4-hydroxyphenyl)pyruvate biosynthesis,NA
PWY-5886,July_2,162.25773393137797,3-(4-hydroxyphenyl)pyruvate biosynthesis,NA
PWY-5886,July_3,147.9949210255151,3-(4-hydroxyphenyl)pyruvate biosynthesis,NA
PWY-5886,May,144.51786391852022,3-(4-hydroxyphenyl)pyruvate biosynthesis,NA
PWY-5886,May_22,91.54536930340807,3-(4-hydroxyphenyl)pyruvate biosynthesis,NA
PWY-5886,October,127.42722363046025,3-(4-hydroxyphenyl)pyruvate biosynthesis,NA
PWY-5890,August,207.9587633714987,menaquinol-10 biosynthesis,NA
PWY-5890,July_1,262.5837970406302,menaquinol-10 biosynthesis,NA
PWY-5890,July_2,170.7235030794692,menaquinol-10 biosynthesis,NA
PWY-5890,July_3,210.41502469058153,menaquinol-10 biosynthesis,NA
PWY-5890,May,182.79882359453842,menaquinol-10 biosynthesis,NA
PWY-5890,May_22,147.47378420533096,menaquinol-10 biosynthesis,NA
PWY-5890,October,104.78309909449699,menaquinol-10 biosynthesis,NA
PWY-5891,August,207.9587633714987,menaquinol-11 biosynthesis,NA
PWY-5891,July_1,262.5837970406302,menaquinol-11 biosynthesis,NA
PWY-5891,July_2,170.7235030794692,menaquinol-11 biosynthesis,NA
PWY-5891,July_3,210.41502469058153,menaquinol-11 biosynthesis,NA
PWY-5891,May,182.79882359453842,menaquinol-11 biosynthesis,NA
PWY-5891,May_22,147.47378420533096,menaquinol-11 biosynthesis,NA
PWY-5891,October,104.78309909449699,menaquinol-11 biosynthesis,NA
PWY-5892,August,207.9587633714987,menaquinol-12 biosynthesis,NA
PWY-5892,July_1,262.5837970406302,menaquinol-12 biosynthesis,NA
PWY-5892,July_2,170.7235030794692,menaquinol-12 biosynthesis,NA
PWY-5892,July_3,210.41502469058153,menaquinol-12 biosynthesis,NA
PWY-5892,May,182.79882359453842,menaquinol-12 biosynthesis,NA
PWY-5892,May_22,147.47378420533096,menaquinol-12 biosynthesis,NA
PWY-5892,October,104.78309909449699,menaquinol-12 biosynthesis,NA
PWY-5895,August,207.9587633714987,menaquinol-13 biosynthesis,NA
PWY-5895,July_1,262.5837970406302,menaquinol-13 biosynthesis,NA
PWY-5895,July_2,170.7235030794692,menaquinol-13 biosynthesis,NA
PWY-5895,July_3,210.41502469058153,menaquinol-13 biosynthesis,NA
PWY-5895,May,182.79882359453842,menaquinol-13 biosynthesis,NA
PWY-5895,May_22,147.47378420533096,menaquinol-13 biosynthesis,NA
PWY-5895,October,104.78309909449699,menaquinol-13 biosynthesis,NA
PWY-5896,August,18.76546862690681,superpathway of menaquinol-10 biosynthesis,NA
PWY-5896,July_1,67.51824147361589,superpathway of menaquinol-10 biosynthesis,NA
PWY-5896,July_2,23.485916564851358,superpathway of menaquinol-10 biosynthesis,NA
PWY-5896,July_3,23.970395669209434,superpathway of menaquinol-10 biosynthesis,NA
PWY-5896,May,46.917539161825815,superpathway of menaquinol-10 biosynthesis,NA
PWY-5896,May_22,64.14570710287522,superpathway of menaquinol-10 biosynthesis,NA
PWY-5896,October,54.07442320279452,superpathway of menaquinol-10 biosynthesis,NA
PWY-5897,August,18.76546862690681,superpathway of menaquinol-11 biosynthesis,NA
PWY-5897,July_1,67.51824147361589,superpathway of menaquinol-11 biosynthesis,NA
PWY-5897,July_2,23.485916564851358,superpathway of menaquinol-11 biosynthesis,NA
PWY-5897,July_3,23.970395669209434,superpathway of menaquinol-11 biosynthesis,NA
PWY-5897,May,46.917539161825815,superpathway of menaquinol-11 biosynthesis,NA
PWY-5897,May_22,64.14570710287522,superpathway of menaquinol-11 biosynthesis,NA
PWY-5897,October,54.07442320279452,superpathway of menaquinol-11 biosynthesis,NA
PWY-5898,August,18.76546862690681,superpathway of menaquinol-12 biosynthesis,NA
PWY-5898,July_1,67.51824147361589,superpathway of menaquinol-12 biosynthesis,NA
PWY-5898,July_2,23.485916564851358,superpathway of menaquinol-12 biosynthesis,NA
PWY-5898,July_3,23.970395669209434,superpathway of menaquinol-12 biosynthesis,NA
PWY-5898,May,46.917539161825815,superpathway of menaquinol-12 biosynthesis,NA
PWY-5898,May_22,64.14570710287522,superpathway of menaquinol-12 biosynthesis,NA
PWY-5898,October,54.07442320279452,superpathway of menaquinol-12 biosynthesis,NA
PWY-5899,August,18.76546862690681,superpathway of menaquinol-13 biosynthesis,NA
PWY-5899,July_1,67.51824147361589,superpathway of menaquinol-13 biosynthesis,NA
PWY-5899,July_2,23.485916564851358,superpathway of menaquinol-13 biosynthesis,NA
PWY-5899,July_3,23.970395669209434,superpathway of menaquinol-13 biosynthesis,NA
PWY-5899,May,46.917539161825815,superpathway of menaquinol-13 biosynthesis,NA
PWY-5899,May_22,64.14570710287522,superpathway of menaquinol-13 biosynthesis,NA
PWY-5899,October,54.07442320279452,superpathway of menaquinol-13 biosynthesis,NA
PWY-5901,August,0.6128036867654637,"2,3-dihydroxybenzoate biosynthesis",NA
PWY-5901,July_1,2.409712314168212,"2,3-dihydroxybenzoate biosynthesis",NA
PWY-5901,July_2,2.0497387317187603,"2,3-dihydroxybenzoate biosynthesis",NA
PWY-5901,July_3,2.8047360155430896,"2,3-dihydroxybenzoate biosynthesis",NA
PWY-5901,May,5.306048450798706,"2,3-dihydroxybenzoate biosynthesis",NA
PWY-5907,August,5.023351389751567,homospermidine biosynthesis I,NA
PWY-5907,July_1,2.343642889904881,homospermidine biosynthesis I,NA
PWY-5907,July_2,6.173031113163162,homospermidine biosynthesis I,NA
PWY-5907,July_3,3.229498414340051,homospermidine biosynthesis I,NA
PWY-5907,May_22,0.7346518179750495,homospermidine biosynthesis I,NA
PWY-5910,August,147.1263424394007,superpathway of geranylgeranyldiphosphate biosynthesis I (via mevalonate),NA
PWY-5910,July_1,236.0735138347324,superpathway of geranylgeranyldiphosphate biosynthesis I (via mevalonate),NA
PWY-5910,July_2,186.32138172805662,superpathway of geranylgeranyldiphosphate biosynthesis I (via mevalonate),NA
PWY-5910,July_3,160.58689963354053,superpathway of geranylgeranyldiphosphate biosynthesis I (via mevalonate),NA
PWY-5910,May,144.10424885567426,superpathway of geranylgeranyldiphosphate biosynthesis I (via mevalonate),NA
PWY-5910,May_22,126.23629092239406,superpathway of geranylgeranyldiphosphate biosynthesis I (via mevalonate),NA
PWY-5910,October,99.02528697026364,superpathway of geranylgeranyldiphosphate biosynthesis I (via mevalonate),NA
PWY-5913,August,1869.6741498417364,partial TCA cycle (obligate autotrophs),NA
PWY-5913,July_1,2584.1654432338664,partial TCA cycle (obligate autotrophs),NA
PWY-5913,July_2,2005.2751638046068,partial TCA cycle (obligate autotrophs),NA
PWY-5913,July_3,2514.5682858208042,partial TCA cycle (obligate autotrophs),NA
PWY-5913,May,1368.0524425016094,partial TCA cycle (obligate autotrophs),NA
PWY-5913,May_22,1405.81123299539,partial TCA cycle (obligate autotrophs),NA
PWY-5913,October,1036.0701790141195,partial TCA cycle (obligate autotrophs),NA
PWY-5918,August,802.3582492349744,superpathway of heme <i>b</i> biosynthesis from glutamate,NA
PWY-5918,July_1,1270.0676871977125,superpathway of heme <i>b</i> biosynthesis from glutamate,NA
PWY-5918,July_2,871.7644390348493,superpathway of heme <i>b</i> biosynthesis from glutamate,NA
PWY-5918,July_3,911.4080698091034,superpathway of heme <i>b</i> biosynthesis from glutamate,NA
PWY-5918,May,428.2523335105055,superpathway of heme <i>b</i> biosynthesis from glutamate,NA
PWY-5918,May_22,440.3362612893264,superpathway of heme <i>b</i> biosynthesis from glutamate,NA
PWY-5918,October,412.28118302135493,superpathway of heme <i>b</i> biosynthesis from glutamate,NA
PWY-5920,August,261.76607632432143,superpathway of heme <i>b</i> biosynthesis from glycine,NA
PWY-5920,July_1,366.5971725920251,superpathway of heme <i>b</i> biosynthesis from glycine,NA
PWY-5920,July_2,257.1743893948906,superpathway of heme <i>b</i> biosynthesis from glycine,NA
PWY-5920,July_3,274.059070301438,superpathway of heme <i>b</i> biosynthesis from glycine,NA
PWY-5920,May,35.185977926948475,superpathway of heme <i>b</i> biosynthesis from glycine,NA
PWY-5920,May_22,44.58284598231492,superpathway of heme <i>b</i> biosynthesis from glycine,NA
PWY-5920,October,45.88732654160463,superpathway of heme <i>b</i> biosynthesis from glycine,NA
PWY-5938,August,264.62287855402917,pyruvate fermentation to (<i>R</i>)-acetoin I,NA
PWY-5938,July_1,273.8202239619979,pyruvate fermentation to (<i>R</i>)-acetoin I,NA
PWY-5938,July_2,251.32262253279504,pyruvate fermentation to (<i>R</i>)-acetoin I,NA
PWY-5938,July_3,300.4058387961901,pyruvate fermentation to (<i>R</i>)-acetoin I,NA
PWY-5938,May,230.76563198365005,pyruvate fermentation to (<i>R</i>)-acetoin I,NA
PWY-5938,May_22,190.04143762999533,pyruvate fermentation to (<i>R</i>)-acetoin I,NA
PWY-5938,October,189.34685668882528,pyruvate fermentation to (<i>R</i>)-acetoin I,NA
PWY-5939,August,2200.861992657411,pyruvate fermentation to (<i>R</i>)-acetoin II,NA
PWY-5939,July_1,2563.7985842812454,pyruvate fermentation to (<i>R</i>)-acetoin II,NA
PWY-5939,July_2,2030.2082317208901,pyruvate fermentation to (<i>R</i>)-acetoin II,NA
PWY-5939,July_3,2143.40538429814,pyruvate fermentation to (<i>R</i>)-acetoin II,NA
PWY-5939,May,2462.8546705492076,pyruvate fermentation to (<i>R</i>)-acetoin II,NA
PWY-5939,May_22,2228.6559529887913,pyruvate fermentation to (<i>R</i>)-acetoin II,NA
PWY-5939,October,2426.266274205411,pyruvate fermentation to (<i>R</i>)-acetoin II,NA
PWY-5941,August,443.35787134215514,glycogen degradation II,NA
PWY-5941,July_1,540.0957848053262,glycogen degradation II,NA
PWY-5941,July_2,398.7759257535292,glycogen degradation II,NA
PWY-5941,July_3,468.3291266996433,glycogen degradation II,NA
PWY-5941,May,486.7974092662422,glycogen degradation II,NA
PWY-5941,May_22,433.9663291169238,glycogen degradation II,NA
PWY-5941,October,520.6570175000361,glycogen degradation II,NA
PWY-5943,August,30.941597500865832,&beta;-carotene biosynthesis,NA
PWY-5943,July_1,78.03456028228564,&beta;-carotene biosynthesis,NA
PWY-5943,July_2,28.836003234277925,&beta;-carotene biosynthesis,NA
PWY-5943,July_3,12.862640090372455,&beta;-carotene biosynthesis,NA
PWY-5943,May,29.80703310656657,&beta;-carotene biosynthesis,NA
PWY-5943,May_22,15.874883203247192,&beta;-carotene biosynthesis,NA
PWY-5943,October,21.291733830172667,&beta;-carotene biosynthesis,NA
PWY-5946,August,15.470798750432916,&alpha;-carotene biosynthesis,NA
PWY-5946,July_1,39.01728014114282,&alpha;-carotene biosynthesis,NA
PWY-5946,July_2,14.418001617138962,&alpha;-carotene biosynthesis,NA
PWY-5946,July_3,6.431320045186228,&alpha;-carotene biosynthesis,NA
PWY-5946,May,14.903516553283286,&alpha;-carotene biosynthesis,NA
PWY-5946,May_22,7.937441601623596,&alpha;-carotene biosynthesis,NA
PWY-5946,October,10.645866915086334,&alpha;-carotene biosynthesis,NA
PWY-5950,August,6.1497744268107235,geosmin biosynthesis,NA
PWY-5950,July_1,2.671666354997145,geosmin biosynthesis,NA
PWY-5950,July_2,5.84069867881228,geosmin biosynthesis,NA
PWY-5950,July_3,3.787224015734728,geosmin biosynthesis,NA
PWY-5950,May,4.081123640360909,geosmin biosynthesis,NA
PWY-5950,May_22,1.7759612717346498,geosmin biosynthesis,NA
PWY-5950,October,3.376066958197103,geosmin biosynthesis,NA
PWY-5951,August,30.551280292773665,"(<i>R,R</i>)-butanediol biosynthesis",NA
PWY-5951,July_1,25.674935084544884,"(<i>R,R</i>)-butanediol biosynthesis",NA
PWY-5951,July_2,21.963915503683705,"(<i>R,R</i>)-butanediol biosynthesis",NA
PWY-5951,July_3,24.635989349494466,"(<i>R,R</i>)-butanediol biosynthesis",NA
PWY-5951,May,16.478286496610345,"(<i>R,R</i>)-butanediol biosynthesis",NA
PWY-5951,May_22,23.8711379796214,"(<i>R,R</i>)-butanediol biosynthesis",NA
PWY-5951,October,21.39389676493782,"(<i>R,R</i>)-butanediol biosynthesis",NA
PWY-5964,August,76.26660015668286,guanylyl molybdenum cofactor biosynthesis,NA
PWY-5964,July_1,67.72483049713402,guanylyl molybdenum cofactor biosynthesis,NA
PWY-5964,July_2,85.1432549502353,guanylyl molybdenum cofactor biosynthesis,NA
PWY-5964,July_3,61.016187040254195,guanylyl molybdenum cofactor biosynthesis,NA
PWY-5964,May,88.1855192491298,guanylyl molybdenum cofactor biosynthesis,NA
PWY-5964,May_22,107.51161752215319,guanylyl molybdenum cofactor biosynthesis,NA
PWY-5964,October,106.5493725050091,guanylyl molybdenum cofactor biosynthesis,NA
PWY-5971,August,9295.297659871541,palmitate biosynthesis II (type II fatty acid synthase),NA
PWY-5971,July_1,10219.900692959793,palmitate biosynthesis II (type II fatty acid synthase),NA
PWY-5971,July_2,9921.194351139013,palmitate biosynthesis II (type II fatty acid synthase),NA
PWY-5971,July_3,7984.616568786818,palmitate biosynthesis II (type II fatty acid synthase),NA
PWY-5971,May,12560.520862558978,palmitate biosynthesis II (type II fatty acid synthase),NA
PWY-5971,May_22,11467.880460980941,palmitate biosynthesis II (type II fatty acid synthase),NA
PWY-5971,October,11648.644725940632,palmitate biosynthesis II (type II fatty acid synthase),NA
PWY-5973,August,1300.5265214264289,<i>cis</i>-vaccenate biosynthesis,NA
PWY-5973,July_1,1303.7412471716027,<i>cis</i>-vaccenate biosynthesis,NA
PWY-5973,July_2,1389.8468603990113,<i>cis</i>-vaccenate biosynthesis,NA
PWY-5973,July_3,1089.356601210858,<i>cis</i>-vaccenate biosynthesis,NA
PWY-5973,May,1786.4256001157642,<i>cis</i>-vaccenate biosynthesis,NA
PWY-5973,May_22,1579.0897641773684,<i>cis</i>-vaccenate biosynthesis,NA
PWY-5973,October,1658.7933014940902,<i>cis</i>-vaccenate biosynthesis,NA
PWY-5981,August,52.09171162658274,CDP-diacylglycerol biosynthesis III,NA
PWY-5981,July_1,65.06399384631564,CDP-diacylglycerol biosynthesis III,NA
PWY-5981,July_2,60.714700321765186,CDP-diacylglycerol biosynthesis III,NA
PWY-5981,July_3,51.04930267796278,CDP-diacylglycerol biosynthesis III,NA
PWY-5981,May,33.44479472293048,CDP-diacylglycerol biosynthesis III,NA
PWY-5981,May_22,49.37946814699602,CDP-diacylglycerol biosynthesis III,NA
PWY-5981,October,22.443623107971412,CDP-diacylglycerol biosynthesis III,NA
PWY-5983,August,51.958956164172385,trehalose biosynthesis VI,NA
PWY-5983,July_1,45.122688984773774,trehalose biosynthesis VI,NA
PWY-5983,July_2,45.0355384718456,trehalose biosynthesis VI,NA
PWY-5983,July_3,56.25520621220712,trehalose biosynthesis VI,NA
PWY-5983,May,145.68732528745224,trehalose biosynthesis VI,NA
PWY-5983,May_22,120.44852741023301,trehalose biosynthesis VI,NA
PWY-5983,October,97.41949797649355,trehalose biosynthesis VI,NA
PWY-5989,August,876.7162267385834,stearate biosynthesis II (bacteria and plants),NA
PWY-5989,July_1,1295.0400402999026,stearate biosynthesis II (bacteria and plants),NA
PWY-5989,July_2,905.6573954928731,stearate biosynthesis II (bacteria and plants),NA
PWY-5989,July_3,859.5669910739966,stearate biosynthesis II (bacteria and plants),NA
PWY-5989,May,971.0139741677059,stearate biosynthesis II (bacteria and plants),NA
PWY-5989,May_22,1065.4719361799957,stearate biosynthesis II (bacteria and plants),NA
PWY-5989,October,973.0272944664766,stearate biosynthesis II (bacteria and plants),NA
PWY-5996,August,743.8257617106835,oleate biosynthesis II (animals and fungi),NA
PWY-5996,July_1,2206.6456226957016,oleate biosynthesis II (animals and fungi),NA
PWY-5996,July_2,866.3748752111127,oleate biosynthesis II (animals and fungi),NA
PWY-5996,July_3,933.9257739492933,oleate biosynthesis II (animals and fungi),NA
PWY-5996,May,566.9687494418581,oleate biosynthesis II (animals and fungi),NA
PWY-5996,May_22,398.91021334444986,oleate biosynthesis II (animals and fungi),NA
PWY-5996,October,527.2322044333785,oleate biosynthesis II (animals and fungi),NA
PWY-6000,August,516.5420383595572,&gamma;-linolenate biosynthesis II (animals),NA
PWY-6000,July_1,919.9231690703268,&gamma;-linolenate biosynthesis II (animals),NA
PWY-6000,July_2,481.85788951393977,&gamma;-linolenate biosynthesis II (animals),NA
PWY-6000,July_3,533.4096743386575,&gamma;-linolenate biosynthesis II (animals),NA
PWY-6000,May,478.1955240048453,&gamma;-linolenate biosynthesis II (animals),NA
PWY-6000,May_22,425.4803225635937,&gamma;-linolenate biosynthesis II (animals),NA
PWY-6000,October,441.3855080474833,&gamma;-linolenate biosynthesis II (animals),NA
PWY-6001,August,425.9528043813688,linoleate biosynthesis II (animals),NA
PWY-6001,July_1,499.83611508045385,linoleate biosynthesis II (animals),NA
PWY-6001,July_2,313.9955362652526,linoleate biosynthesis II (animals),NA
PWY-6001,July_3,357.86366136881134,linoleate biosynthesis II (animals),NA
PWY-6001,May,408.05629260759315,linoleate biosynthesis II (animals),NA
PWY-6001,May_22,341.97957438085984,linoleate biosynthesis II (animals),NA
PWY-6001,October,343.2165733550703,linoleate biosynthesis II (animals),NA
PWY-6002,August,360.01839630988223,lotaustralin degradation,NA
PWY-6002,July_1,243.8528600182045,lotaustralin degradation,NA
PWY-6002,July_2,273.4511990583347,lotaustralin degradation,NA
PWY-6002,July_3,313.76807867377374,lotaustralin degradation,NA
PWY-6002,May,95.57227648247691,lotaustralin degradation,NA
PWY-6002,May_22,114.09759469295115,lotaustralin degradation,NA
PWY-6002,October,67.38499896051182,lotaustralin degradation,NA
PWY-6012,August,39.911297068282614,acyl carrier protein metabolism,NA
PWY-6012,July_1,36.368556036345794,acyl carrier protein metabolism,NA
PWY-6012,July_2,54.868627976987526,acyl carrier protein metabolism,NA
PWY-6012,July_3,34.46836518041852,acyl carrier protein metabolism,NA
PWY-6012,May,19.153414897308895,acyl carrier protein metabolism,NA
PWY-6012,May_22,27.441939109864187,acyl carrier protein metabolism,NA
PWY-6012,October,14.84014739732995,acyl carrier protein metabolism,NA
PWY-6012-1,August,39.911297068282614,acyl carrier protein activation,NA
PWY-6012-1,July_1,36.368556036345794,acyl carrier protein activation,NA
PWY-6012-1,July_2,54.868627976987526,acyl carrier protein activation,NA
PWY-6012-1,July_3,34.46836518041852,acyl carrier protein activation,NA
PWY-6012-1,May,19.153414897308895,acyl carrier protein activation,NA
PWY-6012-1,May_22,27.441939109864187,acyl carrier protein activation,NA
PWY-6012-1,October,14.84014739732995,acyl carrier protein activation,NA
PWY-6019,August,14.721476848117641,pseudouridine degradation,NA
PWY-6019,July_1,32.85274202079355,pseudouridine degradation,NA
PWY-6019,July_2,13.02174135085813,pseudouridine degradation,NA
PWY-6019,July_3,11.638848075836865,pseudouridine degradation,NA
PWY-6019,May,19.966898093322406,pseudouridine degradation,NA
PWY-6019,May_22,14.138974379557062,pseudouridine degradation,NA
PWY-6019,October,13.986135522018817,pseudouridine degradation,NA
PWY-6038,August,245.935202551216,citrate degradation,NA
PWY-6038,July_1,247.43556842773668,citrate degradation,NA
PWY-6038,July_2,234.80117517121687,citrate degradation,NA
PWY-6038,July_3,226.37428570452394,citrate degradation,NA
PWY-6038,May,164.2063185287117,citrate degradation,NA
PWY-6038,May_22,153.2225420925304,citrate degradation,NA
PWY-6038,October,196.46573154948783,citrate degradation,NA
PWY-6041,August,5.636448405105965,4-sulfocatechol degradation,NA
PWY-6041,July_1,6.817671215816387,4-sulfocatechol degradation,NA
PWY-6041,July_2,5.773320544014863,4-sulfocatechol degradation,NA
PWY-6041,July_3,8.10664303019117,4-sulfocatechol degradation,NA
PWY-6041,May,2.59656531538252,4-sulfocatechol degradation,NA
PWY-6041,May_22,3.285405632848289,4-sulfocatechol degradation,NA
PWY-6046,August,4.524147180872407,dimethylsulfoniopropanoate degradation I (cleavage),NA
PWY-6046,July_1,8.210466442790413,dimethylsulfoniopropanoate degradation I (cleavage),NA
PWY-6046,July_2,5.590568033602032,dimethylsulfoniopropanoate degradation I (cleavage),NA
PWY-6046,July_3,7.189667898645684,dimethylsulfoniopropanoate degradation I (cleavage),NA
PWY-6046,May_22,6.496718131373452,dimethylsulfoniopropanoate degradation I (cleavage),NA
PWY-6046,October,3.7253680548227295,dimethylsulfoniopropanoate degradation I (cleavage),NA
PWY-6057,August,115.30409709271808,dimethylsulfide to cytochrome <i>c</i><sub>2</sub> electron transfer,NA
PWY-6057,July_1,110.69609820619817,dimethylsulfide to cytochrome <i>c</i><sub>2</sub> electron transfer,NA
PWY-6057,July_2,86.57687804380976,dimethylsulfide to cytochrome <i>c</i><sub>2</sub> electron transfer,NA
PWY-6057,July_3,98.04789098429438,dimethylsulfide to cytochrome <i>c</i><sub>2</sub> electron transfer,NA
PWY-6057,May,475.9789538175044,dimethylsulfide to cytochrome <i>c</i><sub>2</sub> electron transfer,NA
PWY-6057,May_22,202.05974834190266,dimethylsulfide to cytochrome <i>c</i><sub>2</sub> electron transfer,NA
PWY-6057,October,297.17589328302535,dimethylsulfide to cytochrome <i>c</i><sub>2</sub> electron transfer,NA
PWY-6071,August,232.22452582962978,superpathway of phenylethylamine degradation,NA
PWY-6071,July_1,334.91180219246763,superpathway of phenylethylamine degradation,NA
PWY-6071,July_2,222.93029985573426,superpathway of phenylethylamine degradation,NA
PWY-6071,July_3,200.1419311410424,superpathway of phenylethylamine degradation,NA
PWY-6071,May,234.2265588502856,superpathway of phenylethylamine degradation,NA
PWY-6071,May_22,306.4011746640702,superpathway of phenylethylamine degradation,NA
PWY-6071,October,182.4137739744285,superpathway of phenylethylamine degradation,NA
PWY-6077,August,41.98918693011062,anthranilate degradation II (aerobic),NA
PWY-6077,July_1,40.8107997851309,anthranilate degradation II (aerobic),NA
PWY-6077,July_2,36.879141842730476,anthranilate degradation II (aerobic),NA
PWY-6077,July_3,37.44932060525787,anthranilate degradation II (aerobic),NA
PWY-6077,May,29.88034186165651,anthranilate degradation II (aerobic),NA
PWY-6077,May_22,8.109957077288,anthranilate degradation II (aerobic),NA
PWY-6077,October,8.035807861026703,anthranilate degradation II (aerobic),NA
PWY-6079,August,53.63398162594367,anthranilate degradation I (aerobic),NA
PWY-6079,July_1,65.01910868435243,anthranilate degradation I (aerobic),NA
PWY-6079,July_2,52.1602996248737,anthranilate degradation I (aerobic),NA
PWY-6079,July_3,42.491147010363996,anthranilate degradation I (aerobic),NA
PWY-6079,May,147.68851246650885,anthranilate degradation I (aerobic),NA
PWY-6079,May_22,108.64370757803351,anthranilate degradation I (aerobic),NA
PWY-6079,October,156.5793687688265,anthranilate degradation I (aerobic),NA
PWY-6085,August,2.9761248924062667,"2,4-dichlorophenoxyacetate degradation",NA
PWY-6085,July_1,4.577599946882413,"2,4-dichlorophenoxyacetate degradation",NA
PWY-6085,July_2,3.6248938128729273,"2,4-dichlorophenoxyacetate degradation",NA
PWY-6085,July_3,2.4467077304494804,"2,4-dichlorophenoxyacetate degradation",NA
PWY-6085,May,0.6531791504596212,"2,4-dichlorophenoxyacetate degradation",NA
PWY-6085,May_22,2.2279373008420014,"2,4-dichlorophenoxyacetate degradation",NA
PWY-6085,October,1.3907344101735946,"2,4-dichlorophenoxyacetate degradation",NA
PWY-6086,August,2.9761248924062667,4-chloro-2-methylphenoxyacetate degradation,NA
PWY-6086,July_1,4.577599946882413,4-chloro-2-methylphenoxyacetate degradation,NA
PWY-6086,July_2,3.6248938128729273,4-chloro-2-methylphenoxyacetate degradation,NA
PWY-6086,July_3,2.4467077304494804,4-chloro-2-methylphenoxyacetate degradation,NA
PWY-6086,May,0.6531791504596212,4-chloro-2-methylphenoxyacetate degradation,NA
PWY-6086,May_22,2.2279373008420014,4-chloro-2-methylphenoxyacetate degradation,NA
PWY-6086,October,1.3907344101735946,4-chloro-2-methylphenoxyacetate degradation,NA
PWY-6098,August,160.1877577828731,diploterol biosynthesis,NA
PWY-6098,July_1,181.68854175001832,diploterol biosynthesis,NA
PWY-6098,July_2,153.93783724488176,diploterol biosynthesis,NA
PWY-6098,July_3,143.26819637804036,diploterol biosynthesis,NA
PWY-6098,May,128.8453752636665,diploterol biosynthesis,NA
PWY-6098,May_22,115.56665110848661,diploterol biosynthesis,NA
PWY-6098,October,95.80672176497725,diploterol biosynthesis,NA
PWY-6117,August,3.743441740308185,spermine and spermidine degradation I,NA
PWY-6117,July_1,3.5720356057982694,spermine and spermidine degradation I,NA
PWY-6117,July_2,2.923857072205895,spermine and spermidine degradation I,NA
PWY-6117,July_3,1.962049870750794,spermine and spermidine degradation I,NA
PWY-6118,August,123.33668981085131,glycerol-3-phosphate shuttle,NA
PWY-6118,July_1,154.80419434555907,glycerol-3-phosphate shuttle,NA
PWY-6118,July_2,125.17661301878084,glycerol-3-phosphate shuttle,NA
PWY-6118,July_3,139.5082387715692,glycerol-3-phosphate shuttle,NA
PWY-6118,May,157.07133241316004,glycerol-3-phosphate shuttle,NA
PWY-6118,May_22,149.1212312741111,glycerol-3-phosphate shuttle,NA
PWY-6118,October,127.193376596936,glycerol-3-phosphate shuttle,NA
PWY-6120,August,24.206673199065037,L-tyrosine biosynthesis III,NA
PWY-6120,July_1,9.888994728732534,L-tyrosine biosynthesis III,NA
PWY-6120,July_2,20.4428496265844,L-tyrosine biosynthesis III,NA
PWY-6120,July_3,18.838726372148827,L-tyrosine biosynthesis III,NA
PWY-6120,May,7.521197298779789,L-tyrosine biosynthesis III,NA
PWY-6120,May_22,9.809358710760888,L-tyrosine biosynthesis III,NA
PWY-6120,October,10.646989476523636,L-tyrosine biosynthesis III,NA
PWY-6121,August,647.7695094279328,5-aminoimidazole ribonucleotide biosynthesis I,NA
PWY-6121,July_1,1023.4448910468869,5-aminoimidazole ribonucleotide biosynthesis I,NA
PWY-6121,July_2,689.1605070775522,5-aminoimidazole ribonucleotide biosynthesis I,NA
PWY-6121,July_3,754.7845202549134,5-aminoimidazole ribonucleotide biosynthesis I,NA
PWY-6121,May,446.56400678096315,5-aminoimidazole ribonucleotide biosynthesis I,NA
PWY-6121,May_22,444.77025294390484,5-aminoimidazole ribonucleotide biosynthesis I,NA
PWY-6121,October,484.10409038221826,5-aminoimidazole ribonucleotide biosynthesis I,NA
PWY-6122,August,606.6725404484823,5-aminoimidazole ribonucleotide biosynthesis II,NA
PWY-6122,July_1,928.9558177209769,5-aminoimidazole ribonucleotide biosynthesis II,NA
PWY-6122,July_2,624.9685518974177,5-aminoimidazole ribonucleotide biosynthesis II,NA
PWY-6122,July_3,693.906108442408,5-aminoimidazole ribonucleotide biosynthesis II,NA
PWY-6122,May,389.02296060626554,5-aminoimidazole ribonucleotide biosynthesis II,NA
PWY-6122,May_22,385.80399023892136,5-aminoimidazole ribonucleotide biosynthesis II,NA
PWY-6122,October,422.94093321113553,5-aminoimidazole ribonucleotide biosynthesis II,NA
PWY-6123,August,279.2729035054979,inosine-5'-phosphate biosynthesis I,NA
PWY-6123,July_1,409.75854132297815,inosine-5'-phosphate biosynthesis I,NA
PWY-6123,July_2,303.5036309707111,inosine-5'-phosphate biosynthesis I,NA
PWY-6123,July_3,281.81906126249953,inosine-5'-phosphate biosynthesis I,NA
PWY-6123,May,232.8702782288168,inosine-5'-phosphate biosynthesis I,NA
PWY-6123,May_22,237.3480364605068,inosine-5'-phosphate biosynthesis I,NA
PWY-6123,October,245.91713322930792,inosine-5'-phosphate biosynthesis I,NA
PWY-6124,August,200.6186417291903,inosine-5'-phosphate biosynthesis II,NA
PWY-6124,July_1,294.3651038182003,inosine-5'-phosphate biosynthesis II,NA
PWY-6124,July_2,211.61864482681887,inosine-5'-phosphate biosynthesis II,NA
PWY-6124,July_3,197.32535277853972,inosine-5'-phosphate biosynthesis II,NA
PWY-6124,May,161.8183254442194,inosine-5'-phosphate biosynthesis II,NA
PWY-6124,May_22,163.15673644705032,inosine-5'-phosphate biosynthesis II,NA
PWY-6124,October,176.39926420952438,inosine-5'-phosphate biosynthesis II,NA
PWY-6125,August,1938.4980161133885,superpathway of guanosine nucleotides <i>de novo</i> biosynthesis II,NA
PWY-6125,July_1,2737.6378255416266,superpathway of guanosine nucleotides <i>de novo</i> biosynthesis II,NA
PWY-6125,July_2,2116.1942277788044,superpathway of guanosine nucleotides <i>de novo</i> biosynthesis II,NA
PWY-6125,July_3,2282.8667876433265,superpathway of guanosine nucleotides <i>de novo</i> biosynthesis II,NA
PWY-6125,May,1767.4040283441775,superpathway of guanosine nucleotides <i>de novo</i> biosynthesis II,NA
PWY-6125,May_22,3251.1591978385136,superpathway of guanosine nucleotides <i>de novo</i> biosynthesis II,NA
PWY-6125,October,1768.0339760259637,superpathway of guanosine nucleotides <i>de novo</i> biosynthesis II,NA
PWY-6126,August,1197.1100485895015,superpathway of adenosine nucleotides <i>de novo</i> biosynthesis II (from IMP and L-aspartate),NA
PWY-6126,July_1,1978.2814179585614,superpathway of adenosine nucleotides <i>de novo</i> biosynthesis II (from IMP and L-aspartate),NA
PWY-6126,July_2,1494.078465747173,superpathway of adenosine nucleotides <i>de novo</i> biosynthesis II (from IMP and L-aspartate),NA
PWY-6126,July_3,1499.3509785948108,superpathway of adenosine nucleotides <i>de novo</i> biosynthesis II (from IMP and L-aspartate),NA
PWY-6126,May,777.8189709790211,superpathway of adenosine nucleotides <i>de novo</i> biosynthesis II (from IMP and L-aspartate),NA
PWY-6126,May_22,775.5475227387732,superpathway of adenosine nucleotides <i>de novo</i> biosynthesis II (from IMP and L-aspartate),NA
PWY-6126,October,634.8482448180465,superpathway of adenosine nucleotides <i>de novo</i> biosynthesis II (from IMP and L-aspartate),NA
PWY-6130,August,4.948908218042639,glycerol degradation III,NA
PWY-6130,July_1,9.05642172142378,glycerol degradation III,NA
PWY-6130,July_2,6.27435542868986,glycerol degradation III,NA
PWY-6130,July_3,6.352396530765175,glycerol degradation III,NA
PWY-6130,May,17.78147552002906,glycerol degradation III,NA
PWY-6130,May_22,17.285131083533795,glycerol degradation III,NA
PWY-6130,October,19.24327331353691,glycerol degradation III,NA
PWY-6131,August,39.81793554206976,glycerol degradation II,NA
PWY-6131,July_1,41.12058410543144,glycerol degradation II,NA
PWY-6131,July_2,44.7101425636481,glycerol degradation II,NA
PWY-6131,July_3,40.22803891582686,glycerol degradation II,NA
PWY-6131,May,34.480187663925285,glycerol degradation II,NA
PWY-6131,May_22,28.344450991246063,glycerol degradation II,NA
PWY-6131,October,29.626089694255526,glycerol degradation II,NA
PWY-6132,August,39.48479289267232,lanosterol biosynthesis,NA
PWY-6132,July_1,50.893824729134295,lanosterol biosynthesis,NA
PWY-6132,July_2,42.40489822633708,lanosterol biosynthesis,NA
PWY-6132,July_3,33.56853294541065,lanosterol biosynthesis,NA
PWY-6132,May,45.406742328291074,lanosterol biosynthesis,NA
PWY-6132,May_22,39.42602848269706,lanosterol biosynthesis,NA
PWY-6132,October,35.56171259925498,lanosterol biosynthesis,NA
PWY-6134,August,64.50661078480708,L-tyrosine biosynthesis IV,NA
PWY-6134,July_1,110.9770578857358,L-tyrosine biosynthesis IV,NA
PWY-6134,July_2,56.33019217324085,L-tyrosine biosynthesis IV,NA
PWY-6134,July_3,78.97574223047636,L-tyrosine biosynthesis IV,NA
PWY-6134,May,205.57491246880983,L-tyrosine biosynthesis IV,NA
PWY-6134,May_22,91.29594590841735,L-tyrosine biosynthesis IV,NA
PWY-6134,October,135.68336594803375,L-tyrosine biosynthesis IV,NA
PWY-6139,August,25.485593954592133,CMP-<i>N</i>-acetylneuraminate biosynthesis II (bacteria),NA
PWY-6139,July_1,19.2208190607985,CMP-<i>N</i>-acetylneuraminate biosynthesis II (bacteria),NA
PWY-6139,July_2,35.21020658039096,CMP-<i>N</i>-acetylneuraminate biosynthesis II (bacteria),NA
PWY-6139,July_3,21.611462021096926,CMP-<i>N</i>-acetylneuraminate biosynthesis II (bacteria),NA
PWY-6139,May,11.492939195418426,CMP-<i>N</i>-acetylneuraminate biosynthesis II (bacteria),NA
PWY-6139,May_22,15.607988205744032,CMP-<i>N</i>-acetylneuraminate biosynthesis II (bacteria),NA
PWY-6139,October,2.0404582376277887,CMP-<i>N</i>-acetylneuraminate biosynthesis II (bacteria),NA
PWY-6140,August,41.30764171410689,CMP-2-keto-3-deoxy-D-<i>glycero</i>-D-<i>galacto</i>-nononate biosynthesis,NA
PWY-6140,July_1,14.761937086996262,CMP-2-keto-3-deoxy-D-<i>glycero</i>-D-<i>galacto</i>-nononate biosynthesis,NA
PWY-6140,July_2,34.601829263885016,CMP-2-keto-3-deoxy-D-<i>glycero</i>-D-<i>galacto</i>-nononate biosynthesis,NA
PWY-6140,July_3,17.196226462619084,CMP-2-keto-3-deoxy-D-<i>glycero</i>-D-<i>galacto</i>-nononate biosynthesis,NA
PWY-6140,May,11.259340563229795,CMP-2-keto-3-deoxy-D-<i>glycero</i>-D-<i>galacto</i>-nononate biosynthesis,NA
PWY-6140,May_22,10.043815508782458,CMP-2-keto-3-deoxy-D-<i>glycero</i>-D-<i>galacto</i>-nononate biosynthesis,NA
PWY-6140,October,8.653458552191255,CMP-2-keto-3-deoxy-D-<i>glycero</i>-D-<i>galacto</i>-nononate biosynthesis,NA
PWY-6142,July_1,13.598916295804342,gluconeogenesis II (<i>Methanobacterium thermoautotrophicum</i>),NA
PWY-6142,July_2,10.071404063658838,gluconeogenesis II (<i>Methanobacterium thermoautotrophicum</i>),NA
PWY-6142,July_3,16.207985989132702,gluconeogenesis II (<i>Methanobacterium thermoautotrophicum</i>),NA
PWY-6144,August,4.75691655277276,CMP-<i>N</i>-glycoloylneuraminate biosynthesis,NA
PWY-6144,July_1,4.205291781667796,CMP-<i>N</i>-glycoloylneuraminate biosynthesis,NA
PWY-6144,July_2,4.790198567208089,CMP-<i>N</i>-glycoloylneuraminate biosynthesis,NA
PWY-6144,July_3,3.9836759739588063,CMP-<i>N</i>-glycoloylneuraminate biosynthesis,NA
PWY-6144,May,2.0731238318162784,CMP-<i>N</i>-glycoloylneuraminate biosynthesis,NA
PWY-6144,May_22,1.296253825320017,CMP-<i>N</i>-glycoloylneuraminate biosynthesis,NA
PWY-6147,August,298.0876737609342,6-hydroxymethyl-dihydropterin diphosphate biosynthesis I,NA
PWY-6147,July_1,494.41001582110613,6-hydroxymethyl-dihydropterin diphosphate biosynthesis I,NA
PWY-6147,July_2,310.5422416659975,6-hydroxymethyl-dihydropterin diphosphate biosynthesis I,NA
PWY-6147,July_3,341.17813255722785,6-hydroxymethyl-dihydropterin diphosphate biosynthesis I,NA
PWY-6147,May,62.59974594407967,6-hydroxymethyl-dihydropterin diphosphate biosynthesis I,NA
PWY-6147,May_22,74.3710482623042,6-hydroxymethyl-dihydropterin diphosphate biosynthesis I,NA
PWY-6147,October,70.1819411893885,6-hydroxymethyl-dihydropterin diphosphate biosynthesis I,NA
PWY-6151,August,632.4130654710227,<i>S</i>-adenosyl-L-methionine salvage I,NA
PWY-6151,July_1,646.9426446127303,<i>S</i>-adenosyl-L-methionine salvage I,NA
PWY-6151,July_2,565.2860717454668,<i>S</i>-adenosyl-L-methionine salvage I,NA
PWY-6151,July_3,581.6857137692912,<i>S</i>-adenosyl-L-methionine salvage I,NA
PWY-6151,May,372.2285399798159,<i>S</i>-adenosyl-L-methionine salvage I,NA
PWY-6151,May_22,331.6809014165281,<i>S</i>-adenosyl-L-methionine salvage I,NA
PWY-6151,October,337.6799077557805,<i>S</i>-adenosyl-L-methionine salvage I,NA
PWY-6160,August,7.614909632052916,3-dehydroquinate biosynthesis II (archaea),NA
PWY-6160,July_1,6.260660717378964,3-dehydroquinate biosynthesis II (archaea),NA
PWY-6160,July_2,15.120783101759386,3-dehydroquinate biosynthesis II (archaea),NA
PWY-6160,July_3,8.90336816185704,3-dehydroquinate biosynthesis II (archaea),NA
PWY-6160,May,24.789617358235905,3-dehydroquinate biosynthesis II (archaea),NA
PWY-6160,May_22,8.809226602406605,3-dehydroquinate biosynthesis II (archaea),NA
PWY-6163,August,225.863105563032,chorismate biosynthesis from 3-dehydroquinate,NA
PWY-6163,July_1,276.1551945719434,chorismate biosynthesis from 3-dehydroquinate,NA
PWY-6163,July_2,238.15338590319914,chorismate biosynthesis from 3-dehydroquinate,NA
PWY-6163,July_3,215.9134333143187,chorismate biosynthesis from 3-dehydroquinate,NA
PWY-6163,May,230.92408139801432,chorismate biosynthesis from 3-dehydroquinate,NA
PWY-6163,May_22,229.03136552334018,chorismate biosynthesis from 3-dehydroquinate,NA
PWY-6163,October,224.0592000490698,chorismate biosynthesis from 3-dehydroquinate,NA
PWY-6164,August,689.9069782860945,3-dehydroquinate biosynthesis I,NA
PWY-6164,July_1,699.202289619955,3-dehydroquinate biosynthesis I,NA
PWY-6164,July_2,634.1953764467623,3-dehydroquinate biosynthesis I,NA
PWY-6164,July_3,649.1571749665684,3-dehydroquinate biosynthesis I,NA
PWY-6164,May,454.02944275090783,3-dehydroquinate biosynthesis I,NA
PWY-6164,May_22,416.9761375208275,3-dehydroquinate biosynthesis I,NA
PWY-6164,October,423.3594019456108,3-dehydroquinate biosynthesis I,NA
PWY-6165,August,135.46881787457795,chorismate biosynthesis II (archaea),NA
PWY-6165,July_1,237.29465443280202,chorismate biosynthesis II (archaea),NA
PWY-6165,July_2,136.65185713587005,chorismate biosynthesis II (archaea),NA
PWY-6165,July_3,178.49532073678745,chorismate biosynthesis II (archaea),NA
PWY-6165,May,286.48639756338275,chorismate biosynthesis II (archaea),NA
PWY-6165,May_22,152.8563451230703,chorismate biosynthesis II (archaea),NA
PWY-6165,October,199.06533909829025,chorismate biosynthesis II (archaea),NA
PWY-6167,August,365.5607481900782,flavin biosynthesis II (archaea),NA
PWY-6167,July_1,588.6360070854103,flavin biosynthesis II (archaea),NA
PWY-6167,July_2,347.57628595401076,flavin biosynthesis II (archaea),NA
PWY-6167,July_3,362.4758702853401,flavin biosynthesis II (archaea),NA
PWY-6167,May,675.8856825929464,flavin biosynthesis II (archaea),NA
PWY-6167,May_22,529.6410425170117,flavin biosynthesis II (archaea),NA
PWY-6167,October,802.2140760124225,flavin biosynthesis II (archaea),NA
PWY-6168,August,763.8739854746191,flavin biosynthesis III (fungi),NA
PWY-6168,July_1,1254.183198793411,flavin biosynthesis III (fungi),NA
PWY-6168,July_2,812.4472322184796,flavin biosynthesis III (fungi),NA
PWY-6168,July_3,880.8206129367727,flavin biosynthesis III (fungi),NA
PWY-6168,May,1136.129281599263,flavin biosynthesis III (fungi),NA
PWY-6168,May_22,922.0695500965807,flavin biosynthesis III (fungi),NA
PWY-6168,October,1350.5993671902886,flavin biosynthesis III (fungi),NA
PWY-6174,August,20.06319659956899,mevalonate pathway II (haloarchaea),NA
PWY-6174,July_1,31.146393823257345,mevalonate pathway II (haloarchaea),NA
PWY-6174,July_2,50.65547947158197,mevalonate pathway II (haloarchaea),NA
PWY-6174,July_3,23.625748925415884,mevalonate pathway II (haloarchaea),NA
PWY-6174,May,17.464514123332957,mevalonate pathway II (haloarchaea),NA
PWY-6174,May_22,26.880025024737762,mevalonate pathway II (haloarchaea),NA
PWY-6174,October,15.085729482193038,mevalonate pathway II (haloarchaea),NA
PWY-6183,August,3.479310092651361,salicylate degradation I,NA
PWY-6183,July_1,3.5245102146518996,salicylate degradation I,NA
PWY-6183,July_2,3.0244818798040125,salicylate degradation I,NA
PWY-6183,July_3,1.7375139523043361,salicylate degradation I,NA
PWY-6183,May,0.8926364754505788,salicylate degradation I,NA
PWY-6183,May_22,2.2763721382252076,salicylate degradation I,NA
PWY-6183,October,1.0433783726535963,salicylate degradation I,NA
PWY-6184,August,6.958620185302722,methylsalicylate degradation,NA
PWY-6184,July_1,7.049020429303799,methylsalicylate degradation,NA
PWY-6184,July_2,6.048963759608025,methylsalicylate degradation,NA
PWY-6184,July_3,3.4750279046086723,methylsalicylate degradation,NA
PWY-6184,May,1.7852729509011576,methylsalicylate degradation,NA
PWY-6184,May_22,4.552744276450415,methylsalicylate degradation,NA
PWY-6184,October,2.0867567453071927,methylsalicylate degradation,NA
PWY-6197,August,43.80974829739497,chlorinated phenols degradation,NA
PWY-6197,July_1,42.046847808446174,chlorinated phenols degradation,NA
PWY-6197,July_2,50.021968126336446,chlorinated phenols degradation,NA
PWY-6197,July_3,50.82354790154743,chlorinated phenols degradation,NA
PWY-6197,May,45.84885577582597,chlorinated phenols degradation,NA
PWY-6197,May_22,44.537812859778136,chlorinated phenols degradation,NA
PWY-6197,October,38.75201221674474,chlorinated phenols degradation,NA
PWY-621,August,228.84437529587927,sucrose degradation III (sucrose invertase),NA
PWY-621,July_1,340.57002168306684,sucrose degradation III (sucrose invertase),NA
PWY-621,July_2,236.95025028717322,sucrose degradation III (sucrose invertase),NA
PWY-621,July_3,216.74125734614603,sucrose degradation III (sucrose invertase),NA
PWY-621,May,398.6907329110441,sucrose degradation III (sucrose invertase),NA
PWY-621,May_22,298.85776437936664,sucrose degradation III (sucrose invertase),NA
PWY-621,October,369.7307575162971,sucrose degradation III (sucrose invertase),NA
PWY-6215,August,75.06397642389335,4-chlorobenzoate degradation,NA
PWY-6215,July_1,58.73883087452049,4-chlorobenzoate degradation,NA
PWY-6215,July_2,38.11179096597265,4-chlorobenzoate degradation,NA
PWY-6215,July_3,60.82017960469585,4-chlorobenzoate degradation,NA
PWY-6215,May,22.71090163621536,4-chlorobenzoate degradation,NA
PWY-6215,May_22,20.28626593537724,4-chlorobenzoate degradation,NA
PWY-6215,October,28.438236342544542,4-chlorobenzoate degradation,NA
PWY-622,August,470.3877064371121,starch biosynthesis,NA
PWY-622,July_1,704.5092516819893,starch biosynthesis,NA
PWY-622,July_2,494.2692998691347,starch biosynthesis,NA
PWY-622,July_3,638.5233570217365,starch biosynthesis,NA
PWY-622,May,1272.5643397421338,starch biosynthesis,NA
PWY-622,May_22,1091.869807606067,starch biosynthesis,NA
PWY-622,October,1180.7556601918918,starch biosynthesis,NA
PWY-6223,August,24.15194555508387,gentisate degradation I,NA
PWY-6223,July_1,9.23814409392242,gentisate degradation I,NA
PWY-6223,July_2,16.010311376087046,gentisate degradation I,NA
PWY-6223,July_3,15.734063248548768,gentisate degradation I,NA
PWY-6223,May,8.252141277592447,gentisate degradation I,NA
PWY-6223,May_22,11.215691266324244,gentisate degradation I,NA
PWY-6223,October,11.398531338115312,gentisate degradation I,NA
PWY-6224,August,20.997434388210728,salicylate degradation II,NA
PWY-6224,July_1,22.712634975372996,salicylate degradation II,NA
PWY-6224,July_2,20.440032671610165,salicylate degradation II,NA
PWY-6224,July_3,18.16018266624244,salicylate degradation II,NA
PWY-6224,May,58.64209076567927,salicylate degradation II,NA
PWY-6224,May_22,40.81500784680517,salicylate degradation II,NA
PWY-6224,October,73.59968711651378,salicylate degradation II,NA
PWY-6228,August,7.321454653662787,3-chlorobenzoate degradation III (via gentisate),NA
PWY-6228,July_1,7.645342111015911,3-chlorobenzoate degradation III (via gentisate),NA
PWY-6228,July_2,4.2563438928721125,3-chlorobenzoate degradation III (via gentisate),NA
PWY-6228,July_3,6.310002923241131,3-chlorobenzoate degradation III (via gentisate),NA
PWY-6228,May,15.836837691685743,3-chlorobenzoate degradation III (via gentisate),NA
PWY-6228,May_22,1.4237924445342964,3-chlorobenzoate degradation III (via gentisate),NA
PWY-6228,October,8.59230464956492,3-chlorobenzoate degradation III (via gentisate),NA
PWY-6269,August,17.67420221240058,superpathway of adenosylcobalamin salvage from cobinamide II,NA
PWY-6269,July_1,30.06190700518887,superpathway of adenosylcobalamin salvage from cobinamide II,NA
PWY-6269,July_2,18.601170641904563,superpathway of adenosylcobalamin salvage from cobinamide II,NA
PWY-6269,July_3,17.803878087421076,superpathway of adenosylcobalamin salvage from cobinamide II,NA
PWY-6270,August,1425.0134880320534,isoprene biosynthesis I,NA
PWY-6270,July_1,2857.524356147534,isoprene biosynthesis I,NA
PWY-6270,July_2,1337.572546889197,isoprene biosynthesis I,NA
PWY-6270,July_3,1729.2117753201476,isoprene biosynthesis I,NA
PWY-6270,May,640.7763742412453,isoprene biosynthesis I,NA
PWY-6270,May_22,661.012370039996,isoprene biosynthesis I,NA
PWY-6270,October,437.6536675155206,isoprene biosynthesis I,NA
PWY-6277,August,647.7695094279328,superpathway of 5-aminoimidazole ribonucleotide biosynthesis (from PRPP),NA
PWY-6277,July_1,1023.4448910468869,superpathway of 5-aminoimidazole ribonucleotide biosynthesis (from PRPP),NA
PWY-6277,July_2,689.1605070775522,superpathway of 5-aminoimidazole ribonucleotide biosynthesis (from PRPP),NA
PWY-6277,July_3,754.7845202549134,superpathway of 5-aminoimidazole ribonucleotide biosynthesis (from PRPP),NA
PWY-6277,May,446.56400678096315,superpathway of 5-aminoimidazole ribonucleotide biosynthesis (from PRPP),NA
PWY-6277,May_22,444.77025294390484,superpathway of 5-aminoimidazole ribonucleotide biosynthesis (from PRPP),NA
PWY-6277,October,484.10409038221826,superpathway of 5-aminoimidazole ribonucleotide biosynthesis (from PRPP),NA
PWY-6281,August,60.08325793961794,L-selenocysteine biosynthesis II (archaea and eukaryotes),NA
PWY-6281,July_1,87.99659125440441,L-selenocysteine biosynthesis II (archaea and eukaryotes),NA
PWY-6281,July_2,55.41670850526311,L-selenocysteine biosynthesis II (archaea and eukaryotes),NA
PWY-6281,July_3,67.89724664635801,L-selenocysteine biosynthesis II (archaea and eukaryotes),NA
PWY-6281,May,86.53839851638509,L-selenocysteine biosynthesis II (archaea and eukaryotes),NA
PWY-6281,May_22,68.29485537508427,L-selenocysteine biosynthesis II (archaea and eukaryotes),NA
PWY-6281,October,51.911740967326345,L-selenocysteine biosynthesis II (archaea and eukaryotes),NA
PWY-6282,August,2682.4718201504156,palmitoleate biosynthesis I (from (5Z)-dodec-5-enoate),NA
PWY-6282,July_1,2691.7878190793067,palmitoleate biosynthesis I (from (5Z)-dodec-5-enoate),NA
PWY-6282,July_2,2892.1009070407736,palmitoleate biosynthesis I (from (5Z)-dodec-5-enoate),NA
PWY-6282,July_3,2254.3425779538416,palmitoleate biosynthesis I (from (5Z)-dodec-5-enoate),NA
PWY-6282,May,3661.495842939503,palmitoleate biosynthesis I (from (5Z)-dodec-5-enoate),NA
PWY-6282,May_22,3240.3865875638,palmitoleate biosynthesis I (from (5Z)-dodec-5-enoate),NA
PWY-6282,October,3382.334739831485,palmitoleate biosynthesis I (from (5Z)-dodec-5-enoate),NA
PWY-6284,August,5424.860332607912,superpathway of unsaturated fatty acids biosynthesis (<i>E. coli</i>),NA
PWY-6284,July_1,5419.960183525919,superpathway of unsaturated fatty acids biosynthesis (<i>E. coli</i>),NA
PWY-6284,July_2,5833.57503351779,superpathway of unsaturated fatty acids biosynthesis (<i>E. coli</i>),NA
PWY-6284,July_3,4577.191335261279,superpathway of unsaturated fatty acids biosynthesis (<i>E. coli</i>),NA
PWY-6284,May,7332.026261801619,superpathway of unsaturated fatty acids biosynthesis (<i>E. coli</i>),NA
PWY-6284,May_22,6496.062178062241,superpathway of unsaturated fatty acids biosynthesis (<i>E. coli</i>),NA
PWY-6284,October,6771.648865809415,superpathway of unsaturated fatty acids biosynthesis (<i>E. coli</i>),NA
PWY-6285,August,15039.875292973753,superpathway of fatty acids biosynthesis (<i>E. coli</i>),NA
PWY-6285,July_1,15581.321086275671,superpathway of fatty acids biosynthesis (<i>E. coli</i>),NA
PWY-6285,July_2,15987.297232319284,superpathway of fatty acids biosynthesis (<i>E. coli</i>),NA
PWY-6285,July_3,12856.191177949435,superpathway of fatty acids biosynthesis (<i>E. coli</i>),NA
PWY-6285,May,20308.894096069555,superpathway of fatty acids biosynthesis (<i>E. coli</i>),NA
PWY-6285,May_22,18147.658336271565,superpathway of fatty acids biosynthesis (<i>E. coli</i>),NA
PWY-6285,October,18845.40650297221,superpathway of fatty acids biosynthesis (<i>E. coli</i>),NA
PWY-6292,August,136.56993607791998,superpathway of L-cysteine biosynthesis (mammalian),NA
PWY-6292,July_1,152.51572240136028,superpathway of L-cysteine biosynthesis (mammalian),NA
PWY-6292,July_2,139.09712293568057,superpathway of L-cysteine biosynthesis (mammalian),NA
PWY-6292,July_3,109.32847767055117,superpathway of L-cysteine biosynthesis (mammalian),NA
PWY-6292,May,52.140571222170365,superpathway of L-cysteine biosynthesis (mammalian),NA
PWY-6292,May_22,97.20196869269161,superpathway of L-cysteine biosynthesis (mammalian),NA
PWY-6292,October,26.23731408430219,superpathway of L-cysteine biosynthesis (mammalian),NA
PWY-6293,August,156.8774301348511,superpathway of L-cysteine biosynthesis (fungi),NA
PWY-6293,July_1,237.73743621242886,superpathway of L-cysteine biosynthesis (fungi),NA
PWY-6293,July_2,170.02390285542725,superpathway of L-cysteine biosynthesis (fungi),NA
PWY-6293,July_3,139.04604941913286,superpathway of L-cysteine biosynthesis (fungi),NA
PWY-6293,May,128.20500188950393,superpathway of L-cysteine biosynthesis (fungi),NA
PWY-6293,May_22,163.26876146797832,superpathway of L-cysteine biosynthesis (fungi),NA
PWY-6293,October,178.41164996475044,superpathway of L-cysteine biosynthesis (fungi),NA
PWY-6303,August,5.410398112434435,methyl indole-3-acetate interconversion,NA
PWY-6303,July_1,9.33880522245615,methyl indole-3-acetate interconversion,NA
PWY-6303,July_2,6.955891069122954,methyl indole-3-acetate interconversion,NA
PWY-6303,July_3,7.432509451811272,methyl indole-3-acetate interconversion,NA
PWY-6303,May,4.070895208660011,methyl indole-3-acetate interconversion,NA
PWY-6303,May_22,4.942158105846266,methyl indole-3-acetate interconversion,NA
PWY-6303,October,4.548295416514224,methyl indole-3-acetate interconversion,NA
PWY-6305,August,203.88781626384724,superpathway of putrescine biosynthesis,NA
PWY-6305,July_1,260.36933185608757,superpathway of putrescine biosynthesis,NA
PWY-6305,July_2,235.46507053544488,superpathway of putrescine biosynthesis,NA
PWY-6305,July_3,236.58379904225262,superpathway of putrescine biosynthesis,NA
PWY-6305,May,321.7700147348043,superpathway of putrescine biosynthesis,NA
PWY-6305,May_22,271.7974873971834,superpathway of putrescine biosynthesis,NA
PWY-6305,October,252.98025278622978,superpathway of putrescine biosynthesis,NA
PWY-6307,August,114.72994717318328,"L-tryptophan degradation X (mammalian, via tryptamine)",NA
PWY-6307,July_1,169.7901892026391,"L-tryptophan degradation X (mammalian, via tryptamine)",NA
PWY-6307,July_2,120.29879500562888,"L-tryptophan degradation X (mammalian, via tryptamine)",NA
PWY-6307,July_3,151.0170598395838,"L-tryptophan degradation X (mammalian, via tryptamine)",NA
PWY-6307,May,126.27117215933858,"L-tryptophan degradation X (mammalian, via tryptamine)",NA
PWY-6307,May_22,107.76415475075017,"L-tryptophan degradation X (mammalian, via tryptamine)",NA
PWY-6307,October,92.2792998351903,"L-tryptophan degradation X (mammalian, via tryptamine)",NA
PWY-6317,August,379.2211292740261,D-galactose degradation I (Leloir pathway),NA
PWY-6317,July_1,384.9635123162374,D-galactose degradation I (Leloir pathway),NA
PWY-6317,July_2,300.9210931417153,D-galactose degradation I (Leloir pathway),NA
PWY-6317,July_3,301.7207387620549,D-galactose degradation I (Leloir pathway),NA
PWY-6317,May,291.3063127479095,D-galactose degradation I (Leloir pathway),NA
PWY-6317,May_22,232.77240263878778,D-galactose degradation I (Leloir pathway),NA
PWY-6317,October,384.93382567708124,D-galactose degradation I (Leloir pathway),NA
PWY-6318,August,70.1813978049199,"L-phenylalanine degradation IV (mammalian, via side chain)",NA
PWY-6318,July_1,89.83225666991896,"L-phenylalanine degradation IV (mammalian, via side chain)",NA
PWY-6318,July_2,71.54558111465114,"L-phenylalanine degradation IV (mammalian, via side chain)",NA
PWY-6318,July_3,75.21576411276205,"L-phenylalanine degradation IV (mammalian, via side chain)",NA
PWY-6318,May,32.016220743087274,"L-phenylalanine degradation IV (mammalian, via side chain)",NA
PWY-6318,May_22,23.438904512636867,"L-phenylalanine degradation IV (mammalian, via side chain)",NA
PWY-6318,October,36.87283547784589,"L-phenylalanine degradation IV (mammalian, via side chain)",NA
PWY-6333,August,466.61802259754785,acetaldehyde biosynthesis I,NA
PWY-6333,July_1,634.867084018774,acetaldehyde biosynthesis I,NA
PWY-6333,July_2,740.4089164747471,acetaldehyde biosynthesis I,NA
PWY-6333,July_3,424.003293815785,acetaldehyde biosynthesis I,NA
PWY-6333,May,697.9389703245322,acetaldehyde biosynthesis I,NA
PWY-6333,May_22,465.74572866785184,acetaldehyde biosynthesis I,NA
PWY-6333,October,415.9209651221693,acetaldehyde biosynthesis I,NA
PWY-6338,August,13.829879560558823,superpathway of vanillin and vanillate degradation,NA
PWY-6338,July_1,3.4931963315297874,superpathway of vanillin and vanillate degradation,NA
PWY-6338,July_2,18.984854419262735,superpathway of vanillin and vanillate degradation,NA
PWY-6338,July_3,12.509792345673986,superpathway of vanillin and vanillate degradation,NA
PWY-6342,August,54.27430910288096,noradrenaline and adrenaline degradation,NA
PWY-6342,July_1,40.75453511720767,noradrenaline and adrenaline degradation,NA
PWY-6342,July_2,64.58061073901703,noradrenaline and adrenaline degradation,NA
PWY-6342,July_3,51.070448126452916,noradrenaline and adrenaline degradation,NA
PWY-6342,May,11.080695528296722,noradrenaline and adrenaline degradation,NA
PWY-6342,May_22,22.088220268764864,noradrenaline and adrenaline degradation,NA
PWY-6342,October,15.566556701302087,noradrenaline and adrenaline degradation,NA
PWY-6344,August,11.750413205235764,L-arginine degradation XIV (oxidative Stickland reaction),NA
PWY-6344,July_1,12.609031796236389,L-arginine degradation XIV (oxidative Stickland reaction),NA
PWY-6344,July_2,7.997281951962563,L-arginine degradation XIV (oxidative Stickland reaction),NA
PWY-6344,July_3,8.236822829759078,L-arginine degradation XIV (oxidative Stickland reaction),NA
PWY-6344,May_22,2.5448939254010585,L-arginine degradation XIV (oxidative Stickland reaction),NA
PWY-6348,August,15.657815627720588,phosphate acquisition,NA
PWY-6348,July_1,8.201491029670123,phosphate acquisition,NA
PWY-6348,July_2,11.067462571447287,phosphate acquisition,NA
PWY-6348,July_3,10.00096468625841,phosphate acquisition,NA
PWY-6348,May,5.941473569549306,phosphate acquisition,NA
PWY-6348,May_22,4.9012802071228485,phosphate acquisition,NA
PWY-6348,October,3.093892677716636,phosphate acquisition,NA
PWY-6349,August,17.911850758567674,"C<sub>20,20</sub> CDP-archaeol biosynthesis",NA
PWY-6349,July_1,17.150619986897336,"C<sub>20,20</sub> CDP-archaeol biosynthesis",NA
PWY-6349,July_2,27.75250839843339,"C<sub>20,20</sub> CDP-archaeol biosynthesis",NA
PWY-6349,July_3,22.746237396307063,"C<sub>20,20</sub> CDP-archaeol biosynthesis",NA
PWY-6349,May,26.072495828351446,"C<sub>20,20</sub> CDP-archaeol biosynthesis",NA
PWY-6349,May_22,12.835011380179079,"C<sub>20,20</sub> CDP-archaeol biosynthesis",NA
PWY-6349,October,31.231036012567294,"C<sub>20,20</sub> CDP-archaeol biosynthesis",NA
PWY-6353,August,457.79702048646493,purine nucleotides degradation II (aerobic),NA
PWY-6353,July_1,681.3542406023655,purine nucleotides degradation II (aerobic),NA
PWY-6353,July_2,467.0719751553962,purine nucleotides degradation II (aerobic),NA
PWY-6353,July_3,585.1825045267057,purine nucleotides degradation II (aerobic),NA
PWY-6353,May,447.2109899010879,purine nucleotides degradation II (aerobic),NA
PWY-6353,May_22,311.077598984112,purine nucleotides degradation II (aerobic),NA
PWY-6353,October,543.6831471693015,purine nucleotides degradation II (aerobic),NA
PWY-6383,August,46.81829196717487,"<i>trans</i>,octa-<i>cis</i> decaprenyl phosphate biosynthesis",NA
PWY-6383,July_1,57.2514330462477,"<i>trans</i>,octa-<i>cis</i> decaprenyl phosphate biosynthesis",NA
PWY-6383,July_2,46.93791812672594,"<i>trans</i>,octa-<i>cis</i> decaprenyl phosphate biosynthesis",NA
PWY-6383,July_3,52.882371741397414,"<i>trans</i>,octa-<i>cis</i> decaprenyl phosphate biosynthesis",NA
PWY-6383,May,10.886826857814023,"<i>trans</i>,octa-<i>cis</i> decaprenyl phosphate biosynthesis",NA
PWY-6383,May_22,12.775985998239713,"<i>trans</i>,octa-<i>cis</i> decaprenyl phosphate biosynthesis",NA
PWY-6383,October,20.51207084986372,"<i>trans</i>,octa-<i>cis</i> decaprenyl phosphate biosynthesis",NA
PWY-6385,August,505.18957034357726,peptidoglycan biosynthesis III (mycobacteria),NA
PWY-6385,July_1,534.215501034389,peptidoglycan biosynthesis III (mycobacteria),NA
PWY-6385,July_2,547.6755109687675,peptidoglycan biosynthesis III (mycobacteria),NA
PWY-6385,July_3,433.1528660685749,peptidoglycan biosynthesis III (mycobacteria),NA
PWY-6385,May,443.79903321929316,peptidoglycan biosynthesis III (mycobacteria),NA
PWY-6385,May_22,494.97464233972937,peptidoglycan biosynthesis III (mycobacteria),NA
PWY-6385,October,464.5333574358067,peptidoglycan biosynthesis III (mycobacteria),NA
PWY-6386,August,463.57463535157086,UDP-<i>N</i>-acetylmuramoyl-pentapeptide biosynthesis II (lysine-containing),NA
PWY-6386,July_1,520.665210118839,UDP-<i>N</i>-acetylmuramoyl-pentapeptide biosynthesis II (lysine-containing),NA
PWY-6386,July_2,507.6534284873436,UDP-<i>N</i>-acetylmuramoyl-pentapeptide biosynthesis II (lysine-containing),NA
PWY-6386,July_3,430.34835539716715,UDP-<i>N</i>-acetylmuramoyl-pentapeptide biosynthesis II (lysine-containing),NA
PWY-6386,May,386.80157999458834,UDP-<i>N</i>-acetylmuramoyl-pentapeptide biosynthesis II (lysine-containing),NA
PWY-6386,May_22,435.93311602364923,UDP-<i>N</i>-acetylmuramoyl-pentapeptide biosynthesis II (lysine-containing),NA
PWY-6386,October,449.6226487780936,UDP-<i>N</i>-acetylmuramoyl-pentapeptide biosynthesis II (lysine-containing),NA
PWY-6387,August,630.7185753813137,UDP-<i>N</i>-acetylmuramoyl-pentapeptide biosynthesis I (<i>meso</i>-diaminopimelate containing),NA
PWY-6387,July_1,633.1433549613769,UDP-<i>N</i>-acetylmuramoyl-pentapeptide biosynthesis I (<i>meso</i>-diaminopimelate containing),NA
PWY-6387,July_2,670.2836429183453,UDP-<i>N</i>-acetylmuramoyl-pentapeptide biosynthesis I (<i>meso</i>-diaminopimelate containing),NA
PWY-6387,July_3,565.3750755952715,UDP-<i>N</i>-acetylmuramoyl-pentapeptide biosynthesis I (<i>meso</i>-diaminopimelate containing),NA
PWY-6387,May,529.5909459767915,UDP-<i>N</i>-acetylmuramoyl-pentapeptide biosynthesis I (<i>meso</i>-diaminopimelate containing),NA
PWY-6387,May_22,533.7230275759707,UDP-<i>N</i>-acetylmuramoyl-pentapeptide biosynthesis I (<i>meso</i>-diaminopimelate containing),NA
PWY-6387,October,510.74817654947515,UDP-<i>N</i>-acetylmuramoyl-pentapeptide biosynthesis I (<i>meso</i>-diaminopimelate containing),NA
PWY-6388,August,13.766739257105732,"(S,S)-butanediol degradation",NA
PWY-6388,July_1,15.214498760106562,"(S,S)-butanediol degradation",NA
PWY-6388,July_2,12.192799920838489,"(S,S)-butanediol degradation",NA
PWY-6388,July_3,12.68937546556651,"(S,S)-butanediol degradation",NA
PWY-6388,May,21.875479839619775,"(S,S)-butanediol degradation",NA
PWY-6388,May_22,24.807310245602597,"(S,S)-butanediol degradation",NA
PWY-6388,October,24.196806987511142,"(S,S)-butanediol degradation",NA
PWY-6389,August,140.97681934149017,pyruvate fermentation to (<i>S</i>)-acetoin,NA
PWY-6389,July_1,145.95169910578494,pyruvate fermentation to (<i>S</i>)-acetoin,NA
PWY-6389,July_2,130.24909359320148,pyruvate fermentation to (<i>S</i>)-acetoin,NA
PWY-6389,July_3,141.285083518924,pyruvate fermentation to (<i>S</i>)-acetoin,NA
PWY-6389,May,114.04328349516805,pyruvate fermentation to (<i>S</i>)-acetoin,NA
PWY-6389,May_22,111.06077728349264,pyruvate fermentation to (<i>S</i>)-acetoin,NA
PWY-6389,October,119.51925880623689,pyruvate fermentation to (<i>S</i>)-acetoin,NA
PWY-6390,August,13.766739257105732,"(<i>S,S</i>)-butanediol biosynthesis",NA
PWY-6390,July_1,15.214498760106562,"(<i>S,S</i>)-butanediol biosynthesis",NA
PWY-6390,July_2,12.192799920838489,"(<i>S,S</i>)-butanediol biosynthesis",NA
PWY-6390,July_3,12.68937546556651,"(<i>S,S</i>)-butanediol biosynthesis",NA
PWY-6390,May,21.875479839619775,"(<i>S,S</i>)-butanediol biosynthesis",NA
PWY-6390,May_22,24.807310245602597,"(<i>S,S</i>)-butanediol biosynthesis",NA
PWY-6390,October,24.196806987511142,"(<i>S,S</i>)-butanediol biosynthesis",NA
PWY-6396,August,85.34205529395959,"superpathway of 2,3-butanediol biosynthesis (from pyruvate)",NA
PWY-6396,July_1,69.74107928916784,"superpathway of 2,3-butanediol biosynthesis (from pyruvate)",NA
PWY-6396,July_2,74.91093292137421,"superpathway of 2,3-butanediol biosynthesis (from pyruvate)",NA
PWY-6396,July_3,83.1815415441475,"superpathway of 2,3-butanediol biosynthesis (from pyruvate)",NA
PWY-6396,May,34.26348981611857,"superpathway of 2,3-butanediol biosynthesis (from pyruvate)",NA
PWY-6396,May_22,36.80109807271846,"superpathway of 2,3-butanediol biosynthesis (from pyruvate)",NA
PWY-6396,October,82.15686132593243,"superpathway of 2,3-butanediol biosynthesis (from pyruvate)",NA
PWY-6398,August,8.851049124628346,melatonin degradation I,NA
PWY-6398,July_1,3.7780038212908673,melatonin degradation I,NA
PWY-6398,July_2,27.670997776151477,melatonin degradation I,NA
PWY-6398,July_3,12.534206768715467,melatonin degradation I,NA
PWY-6398,May,10.699234574792682,melatonin degradation I,NA
PWY-6404,August,296.1814463350707,superpathway of mycolyl-arabinogalactan-peptidoglycan complex biosynthesis,NA
PWY-6404,July_1,344.50768732835974,superpathway of mycolyl-arabinogalactan-peptidoglycan complex biosynthesis,NA
PWY-6404,July_2,357.69602223558513,superpathway of mycolyl-arabinogalactan-peptidoglycan complex biosynthesis,NA
PWY-6404,July_3,328.74066775251987,superpathway of mycolyl-arabinogalactan-peptidoglycan complex biosynthesis,NA
PWY-6404,May_22,135.6091386025438,superpathway of mycolyl-arabinogalactan-peptidoglycan complex biosynthesis,NA
PWY-6406,August,33.077994882692224,salicylate biosynthesis I,NA
PWY-6406,July_1,95.68507048960616,salicylate biosynthesis I,NA
PWY-6406,July_2,30.804145409691323,salicylate biosynthesis I,NA
PWY-6406,July_3,48.78551621638626,salicylate biosynthesis I,NA
PWY-6406,May,31.69988797596118,salicylate biosynthesis I,NA
PWY-6406,May_22,52.15293650994866,salicylate biosynthesis I,NA
PWY-6406,October,35.662370950837605,salicylate biosynthesis I,NA
PWY-6419,August,0.6231920565538646,shikimate degradation II,NA
PWY-6419,July_1,0.5815785003201284,shikimate degradation II,NA
PWY-6419,July_2,0.47779421664720245,shikimate degradation II,NA
PWY-6419,July_3,0.8524461011546772,shikimate degradation II,NA
PWY-6419,May_22,0.7646487771613228,shikimate degradation II,NA
PWY-6430,August,133.39357108092338,thymine degradation,NA
PWY-6430,July_1,72.6817807109905,thymine degradation,NA
PWY-6430,July_2,106.30337934492299,thymine degradation,NA
PWY-6430,July_3,109.50746151949275,thymine degradation,NA
PWY-6430,May,116.4631489685826,thymine degradation,NA
PWY-6430,May_22,68.99735657905835,thymine degradation,NA
PWY-6430,October,88.69844672441954,thymine degradation,NA
PWY-6435,August,3.8549269721957855,4-hydroxybenzoate biosynthesis III (plants),NA
PWY-6435,July_1,5.086665849836999,4-hydroxybenzoate biosynthesis III (plants),NA
PWY-6435,July_2,5.827694701445622,4-hydroxybenzoate biosynthesis III (plants),NA
PWY-6435,July_3,5.053232225375993,4-hydroxybenzoate biosynthesis III (plants),NA
PWY-6435,May_22,2.3969178417712733,4-hydroxybenzoate biosynthesis III (plants),NA
PWY-6441,August,1.2478139134360617,spermine and spermidine degradation III,NA
PWY-6441,July_1,1.1906785352660898,spermine and spermidine degradation III,NA
PWY-6441,July_2,0.9746190240686317,spermine and spermidine degradation III,NA
PWY-6441,July_3,0.654016623583598,spermine and spermidine degradation III,NA
PWY-6454,August,4.524492279789332,vancomycin resistance I,NA
PWY-6454,July_1,4.126881064204572,vancomycin resistance I,NA
PWY-6454,July_2,4.566087849603908,vancomycin resistance I,NA
PWY-6454,July_3,3.3103970639202878,vancomycin resistance I,NA
PWY-6457,August,17.06309946764208,cinnamoyl-CoA biosynthesis,NA
PWY-6457,July_1,33.586276664606864,cinnamoyl-CoA biosynthesis,NA
PWY-6457,July_2,12.408314263464558,cinnamoyl-CoA biosynthesis,NA
PWY-6457,July_3,14.000683575518693,cinnamoyl-CoA biosynthesis,NA
PWY-6457,May,4.835871882073855,cinnamoyl-CoA biosynthesis,NA
PWY-6457,May_22,3.4183167875208538,cinnamoyl-CoA biosynthesis,NA
PWY-6457,October,3.195658386129524,cinnamoyl-CoA biosynthesis,NA
PWY-6458,August,665.0857689578993,benzoyl-CoA biosynthesis,NA
PWY-6458,July_1,1162.5341122031505,benzoyl-CoA biosynthesis,NA
PWY-6458,July_2,657.9375979864361,benzoyl-CoA biosynthesis,NA
PWY-6458,July_3,729.9558541527254,benzoyl-CoA biosynthesis,NA
PWY-6458,May,292.5318715226398,benzoyl-CoA biosynthesis,NA
PWY-6458,May_22,260.80144571281664,benzoyl-CoA biosynthesis,NA
PWY-6458,October,266.08740102298214,benzoyl-CoA biosynthesis,NA
PWY-6459,August,8.904003212707918,peptidoglycan cross-bridge biosynthesis I (<i>S. aureus</i>),NA
PWY-6459,July_1,16.969468752238157,peptidoglycan cross-bridge biosynthesis I (<i>S. aureus</i>),NA
PWY-6459,July_2,21.427621943886642,peptidoglycan cross-bridge biosynthesis I (<i>S. aureus</i>),NA
PWY-6459,July_3,9.985525254871964,peptidoglycan cross-bridge biosynthesis I (<i>S. aureus</i>),NA
PWY-6459,May,14.277746341646042,peptidoglycan cross-bridge biosynthesis I (<i>S. aureus</i>),NA
PWY-6459,May_22,12.031633814858749,peptidoglycan cross-bridge biosynthesis I (<i>S. aureus</i>),NA
PWY-6459,October,15.07228159438678,peptidoglycan cross-bridge biosynthesis I (<i>S. aureus</i>),NA
PWY-6462,August,2.9680010709026394,peptidoglycan cross-bridge biosynthesis III (<i>Enterococcus faecalis</i>),NA
PWY-6462,July_1,5.656489584079386,peptidoglycan cross-bridge biosynthesis III (<i>Enterococcus faecalis</i>),NA
PWY-6462,July_2,7.142540647962214,peptidoglycan cross-bridge biosynthesis III (<i>Enterococcus faecalis</i>),NA
PWY-6462,July_3,3.328508418290655,peptidoglycan cross-bridge biosynthesis III (<i>Enterococcus faecalis</i>),NA
PWY-6462,May,4.75924878054868,peptidoglycan cross-bridge biosynthesis III (<i>Enterococcus faecalis</i>),NA
PWY-6462,May_22,4.0105446049529165,peptidoglycan cross-bridge biosynthesis III (<i>Enterococcus faecalis</i>),NA
PWY-6462,October,5.024093864795594,peptidoglycan cross-bridge biosynthesis III (<i>Enterococcus faecalis</i>),NA
PWY-6463,August,5.066588687283005,peptidoglycan cross-bridge biosynthesis IV (<i>Weissella viridescens</i>),NA
PWY-6463,July_1,9.435035668061374,peptidoglycan cross-bridge biosynthesis IV (<i>Weissella viridescens</i>),NA
PWY-6463,July_2,8.862021223833944,peptidoglycan cross-bridge biosynthesis IV (<i>Weissella viridescens</i>),NA
PWY-6463,July_3,5.505940150319114,peptidoglycan cross-bridge biosynthesis IV (<i>Weissella viridescens</i>),NA
PWY-6463,May,5.285625566178925,peptidoglycan cross-bridge biosynthesis IV (<i>Weissella viridescens</i>),NA
PWY-6463,May_22,4.963499835357167,peptidoglycan cross-bridge biosynthesis IV (<i>Weissella viridescens</i>),NA
PWY-6463,October,4.429743640729307,peptidoglycan cross-bridge biosynthesis IV (<i>Weissella viridescens</i>),NA
PWY-6464,August,7.029582268637926,polyvinyl alcohol degradation,NA
PWY-6464,July_1,4.082123173411335,polyvinyl alcohol degradation,NA
PWY-6464,July_2,7.776322479361486,polyvinyl alcohol degradation,NA
PWY-6464,July_3,6.541716171084721,polyvinyl alcohol degradation,NA
PWY-6464,May,0.9680870058898289,polyvinyl alcohol degradation,NA
PWY-6464,May_22,0.5762469989668559,polyvinyl alcohol degradation,NA
PWY-6464,October,1.1092514336017278,polyvinyl alcohol degradation,NA
PWY-6466,August,1605.9388817970607,pyridoxal 5'-phosphate biosynthesis II,NA
PWY-6466,July_1,2607.37978006112,pyridoxal 5'-phosphate biosynthesis II,NA
PWY-6466,July_2,1648.3317819551862,pyridoxal 5'-phosphate biosynthesis II,NA
PWY-6466,July_3,2083.4725004056168,pyridoxal 5'-phosphate biosynthesis II,NA
PWY-6466,May,1303.0930612322697,pyridoxal 5'-phosphate biosynthesis II,NA
PWY-6466,May_22,1164.8821181744552,pyridoxal 5'-phosphate biosynthesis II,NA
PWY-6466,October,1146.8282251605344,pyridoxal 5'-phosphate biosynthesis II,NA
PWY-6467,August,50.861435339053806,Kdo transfer to lipid IV<sub>A</sub> (four Kdo residues),NA
PWY-6467,July_1,49.9122775874351,Kdo transfer to lipid IV<sub>A</sub> (four Kdo residues),NA
PWY-6467,July_2,47.94678475331916,Kdo transfer to lipid IV<sub>A</sub> (four Kdo residues),NA
PWY-6467,July_3,31.71467264897597,Kdo transfer to lipid IV<sub>A</sub> (four Kdo residues),NA
PWY-6467,May,28.77514191518395,Kdo transfer to lipid IV<sub>A</sub> (four Kdo residues),NA
PWY-6467,May_22,53.20087741317454,Kdo transfer to lipid IV<sub>A</sub> (four Kdo residues),NA
PWY-6467,October,54.9867163593098,Kdo transfer to lipid IV<sub>A</sub> (four Kdo residues),NA
PWY-6470,August,180.7802823664803,peptidoglycan biosynthesis V (&beta;-lactam resistance),NA
PWY-6470,July_1,255.76802347545657,peptidoglycan biosynthesis V (&beta;-lactam resistance),NA
PWY-6470,July_2,194.56009629332954,peptidoglycan biosynthesis V (&beta;-lactam resistance),NA
PWY-6470,July_3,191.35992965974614,peptidoglycan biosynthesis V (&beta;-lactam resistance),NA
PWY-6470,May,302.5262740815757,peptidoglycan biosynthesis V (&beta;-lactam resistance),NA
PWY-6470,May_22,303.6432144147237,peptidoglycan biosynthesis V (&beta;-lactam resistance),NA
PWY-6470,October,338.23835954120483,peptidoglycan biosynthesis V (&beta;-lactam resistance),NA
PWY-6471,August,531.4958902998483,peptidoglycan biosynthesis IV (<i>Enterococcus faecium</i>),NA
PWY-6471,July_1,527.8172443097438,peptidoglycan biosynthesis IV (<i>Enterococcus faecium</i>),NA
PWY-6471,July_2,574.4308111663538,peptidoglycan biosynthesis IV (<i>Enterococcus faecium</i>),NA
PWY-6471,July_3,427.4384486641631,peptidoglycan biosynthesis IV (<i>Enterococcus faecium</i>),NA
PWY-6471,May,521.8086206657654,peptidoglycan biosynthesis IV (<i>Enterococcus faecium</i>),NA
PWY-6471,May_22,574.5842309784271,peptidoglycan biosynthesis IV (<i>Enterococcus faecium</i>),NA
PWY-6471,October,629.9445429908342,peptidoglycan biosynthesis IV (<i>Enterococcus faecium</i>),NA
PWY-6476,August,38.38126974627002,cytidylyl molybdenum cofactor biosynthesis,NA
PWY-6476,July_1,61.441256056877734,cytidylyl molybdenum cofactor biosynthesis,NA
PWY-6476,July_2,36.00461038345381,cytidylyl molybdenum cofactor biosynthesis,NA
PWY-6476,July_3,40.73048059278676,cytidylyl molybdenum cofactor biosynthesis,NA
PWY-6476,May,145.58008367022242,cytidylyl molybdenum cofactor biosynthesis,NA
PWY-6476,May_22,124.45978616241743,cytidylyl molybdenum cofactor biosynthesis,NA
PWY-6476,October,209.45817417854826,cytidylyl molybdenum cofactor biosynthesis,NA
PWY-6478,August,44.33288135828745,GDP-D-<i>glycero</i>-&alpha;-D-<i>manno</i>-heptose biosynthesis,NA
PWY-6478,July_1,36.11393016535449,GDP-D-<i>glycero</i>-&alpha;-D-<i>manno</i>-heptose biosynthesis,NA
PWY-6478,July_2,82.64905896187781,GDP-D-<i>glycero</i>-&alpha;-D-<i>manno</i>-heptose biosynthesis,NA
PWY-6478,July_3,41.77445969787863,GDP-D-<i>glycero</i>-&alpha;-D-<i>manno</i>-heptose biosynthesis,NA
PWY-6478,May,40.56631108693309,GDP-D-<i>glycero</i>-&alpha;-D-<i>manno</i>-heptose biosynthesis,NA
PWY-6478,May_22,58.096891627669734,GDP-D-<i>glycero</i>-&alpha;-D-<i>manno</i>-heptose biosynthesis,NA
PWY-6478,October,30.037286488592592,GDP-D-<i>glycero</i>-&alpha;-D-<i>manno</i>-heptose biosynthesis,NA
PWY-6482,August,22.20439141518079,diphthamide biosynthesis I (archaea),NA
PWY-6482,July_1,66.87446454245914,diphthamide biosynthesis I (archaea),NA
PWY-6482,July_2,45.93616669965081,diphthamide biosynthesis I (archaea),NA
PWY-6482,July_3,23.040191542683292,diphthamide biosynthesis I (archaea),NA
PWY-6482,May,94.31880000496878,diphthamide biosynthesis I (archaea),NA
PWY-6482,May_22,180.4248168115078,diphthamide biosynthesis I (archaea),NA
PWY-6482,October,75.92788572504698,diphthamide biosynthesis I (archaea),NA
PWY-6497,August,18.99133685793644,D-galactarate degradation II,NA
PWY-6497,July_1,18.93654071660322,D-galactarate degradation II,NA
PWY-6497,July_2,22.627587118736784,D-galactarate degradation II,NA
PWY-6497,July_3,16.536927671230565,D-galactarate degradation II,NA
PWY-6497,May,19.838266411699706,D-galactarate degradation II,NA
PWY-6497,May_22,7.361855457528782,D-galactarate degradation II,NA
PWY-6497,October,27.14710610356624,D-galactarate degradation II,NA
PWY-6499,August,10.79400154434423,D-glucarate degradation II,NA
PWY-6499,July_1,10.403020429148125,D-glucarate degradation II,NA
PWY-6499,July_2,14.967812465090937,D-glucarate degradation II,NA
PWY-6499,July_3,9.460945387318468,D-glucarate degradation II,NA
PWY-6499,May,15.748465625525935,D-glucarate degradation II,NA
PWY-6499,May_22,4.216462633070998,D-glucarate degradation II,NA
PWY-6499,October,30.066131738831654,D-glucarate degradation II,NA
PWY-6502,August,240.39705543087777,8-oxo-(d)GTP detoxification I,NA
PWY-6502,July_1,517.3500237696571,8-oxo-(d)GTP detoxification I,NA
PWY-6502,July_2,262.5301528329971,8-oxo-(d)GTP detoxification I,NA
PWY-6502,July_3,252.02456829129002,8-oxo-(d)GTP detoxification I,NA
PWY-6502,May,679.9750790374225,8-oxo-(d)GTP detoxification I,NA
PWY-6502,May_22,935.2227580307655,8-oxo-(d)GTP detoxification I,NA
PWY-6502,October,696.5374124855772,8-oxo-(d)GTP detoxification I,NA
PWY-6504,August,32.64886895067989,anthranilate degradation IV (aerobic),NA
PWY-6504,July_1,51.75105758738375,anthranilate degradation IV (aerobic),NA
PWY-6504,July_2,24.577019986068457,anthranilate degradation IV (aerobic),NA
PWY-6504,July_3,25.237853095311372,anthranilate degradation IV (aerobic),NA
PWY-6504,May,65.86701494555346,anthranilate degradation IV (aerobic),NA
PWY-6504,May_22,40.70029643464701,anthranilate degradation IV (aerobic),NA
PWY-6504,October,61.535970238924584,anthranilate degradation IV (aerobic),NA
PWY-6507,August,17.482786951994424,4-deoxy-L-<i>threo</i>-hex-4-enopyranuronate degradation,NA
PWY-6507,July_1,13.744616708092616,4-deoxy-L-<i>threo</i>-hex-4-enopyranuronate degradation,NA
PWY-6507,July_2,11.495620202844721,4-deoxy-L-<i>threo</i>-hex-4-enopyranuronate degradation,NA
PWY-6507,July_3,9.148588827683563,4-deoxy-L-<i>threo</i>-hex-4-enopyranuronate degradation,NA
PWY-6507,May,15.69482740543847,4-deoxy-L-<i>threo</i>-hex-4-enopyranuronate degradation,NA
PWY-6507,May_22,21.053825621992768,4-deoxy-L-<i>threo</i>-hex-4-enopyranuronate degradation,NA
PWY-6507,October,13.66418901896186,4-deoxy-L-<i>threo</i>-hex-4-enopyranuronate degradation,NA
PWY-6509,August,56.13471041847346,methanol oxidation to formaldehyde III,NA
PWY-6509,July_1,38.355110104563394,methanol oxidation to formaldehyde III,NA
PWY-6509,July_2,121.46029810828716,methanol oxidation to formaldehyde III,NA
PWY-6509,July_3,57.80936260163094,methanol oxidation to formaldehyde III,NA
PWY-6509,May,38.56978727799525,methanol oxidation to formaldehyde III,NA
PWY-6509,May_22,17.852009455483607,methanol oxidation to formaldehyde III,NA
PWY-6509,October,16.429330083026972,methanol oxidation to formaldehyde III,NA
PWY-6512,August,5.345553348718251,"hydrogen oxidation III (anaerobic, NADP)",NA
PWY-6512,July_1,6.763623981423143,"hydrogen oxidation III (anaerobic, NADP)",NA
PWY-6512,July_2,5.4967929776988305,"hydrogen oxidation III (anaerobic, NADP)",NA
PWY-6512,July_3,6.765408461111772,"hydrogen oxidation III (anaerobic, NADP)",NA
PWY-6512,May,10.189983932259146,"hydrogen oxidation III (anaerobic, NADP)",NA
PWY-6512,May_22,10.07014758154451,"hydrogen oxidation III (anaerobic, NADP)",NA
PWY-6512,October,5.89680349598674,"hydrogen oxidation III (anaerobic, NADP)",NA
PWY-6519,August,2731.5069386716004,8-amino-7-oxononanoate biosynthesis I,NA
PWY-6519,July_1,2735.5942105626973,8-amino-7-oxononanoate biosynthesis I,NA
PWY-6519,July_2,2954.9541721231963,8-amino-7-oxononanoate biosynthesis I,NA
PWY-6519,July_3,2324.4293451356184,8-amino-7-oxononanoate biosynthesis I,NA
PWY-6519,May,3942.342251533339,8-amino-7-oxononanoate biosynthesis I,NA
PWY-6519,May_22,3416.012559970833,8-amino-7-oxononanoate biosynthesis I,NA
PWY-6519,October,3690.4421913709684,8-amino-7-oxononanoate biosynthesis I,NA
PWY-6527,August,214.33462078046898,stachyose degradation,NA
PWY-6527,July_1,357.01395003477637,stachyose degradation,NA
PWY-6527,July_2,186.22670324061377,stachyose degradation,NA
PWY-6527,July_3,178.70065148093693,stachyose degradation,NA
PWY-6527,May,37.56367415793117,stachyose degradation,NA
PWY-6527,May_22,63.83129523363178,stachyose degradation,NA
PWY-6527,October,53.63479698284668,stachyose degradation,NA
PWY-6534,August,60.132903126982164,phenylethylamine degradation II,NA
PWY-6534,July_1,66.70315955786396,phenylethylamine degradation II,NA
PWY-6534,July_2,65.16610579691327,phenylethylamine degradation II,NA
PWY-6534,July_3,70.96244541319007,phenylethylamine degradation II,NA
PWY-6534,May,149.10746732135536,phenylethylamine degradation II,NA
PWY-6534,May_22,129.85031544489917,phenylethylamine degradation II,NA
PWY-6534,October,118.28643185065361,phenylethylamine degradation II,NA
PWY-6535,August,246.5819826551359,4-aminobutanoate degradation I,NA
PWY-6535,July_1,182.02907623641076,4-aminobutanoate degradation I,NA
PWY-6535,July_2,209.44382028801826,4-aminobutanoate degradation I,NA
PWY-6535,July_3,221.4171233398198,4-aminobutanoate degradation I,NA
PWY-6535,May,156.39500329534366,4-aminobutanoate degradation I,NA
PWY-6535,May_22,133.30089676012,4-aminobutanoate degradation I,NA
PWY-6535,October,109.2798068794011,4-aminobutanoate degradation I,NA
PWY-6536,August,493.4968844027147,4-aminobutanoate degradation III,NA
PWY-6536,July_1,521.3916690414857,4-aminobutanoate degradation III,NA
PWY-6536,July_2,437.8029090789942,4-aminobutanoate degradation III,NA
PWY-6536,July_3,476.26587420004165,4-aminobutanoate degradation III,NA
PWY-6536,May,930.5538028621141,4-aminobutanoate degradation III,NA
PWY-6536,May_22,793.0072283292017,4-aminobutanoate degradation III,NA
PWY-6536,October,720.1464458241562,4-aminobutanoate degradation III,NA
PWY-6537,August,493.4968844027147,4-aminobutanoate degradation II,NA
PWY-6537,July_1,521.3916690414857,4-aminobutanoate degradation II,NA
PWY-6537,July_2,437.8029090789942,4-aminobutanoate degradation II,NA
PWY-6537,July_3,476.26587420004165,4-aminobutanoate degradation II,NA
PWY-6537,May,930.5538028621141,4-aminobutanoate degradation II,NA
PWY-6537,May_22,793.0072283292017,4-aminobutanoate degradation II,NA
PWY-6537,October,720.1464458241562,4-aminobutanoate degradation II,NA
PWY-6543,August,145.29996802113732,4-aminobenzoate biosynthesis I,NA
PWY-6543,July_1,164.21745837672583,4-aminobenzoate biosynthesis I,NA
PWY-6543,July_2,145.17801092750202,4-aminobenzoate biosynthesis I,NA
PWY-6543,July_3,129.3728515942126,4-aminobenzoate biosynthesis I,NA
PWY-6543,May,168.42984445724886,4-aminobenzoate biosynthesis I,NA
PWY-6543,May_22,159.1093329152025,4-aminobenzoate biosynthesis I,NA
PWY-6543,October,152.08732853104988,4-aminobenzoate biosynthesis I,NA
PWY-6545,August,724.4654837457437,pyrimidine deoxyribonucleotides <i>de novo</i> biosynthesis III,NA
PWY-6545,July_1,1008.1367604032537,pyrimidine deoxyribonucleotides <i>de novo</i> biosynthesis III,NA
PWY-6545,July_2,799.6299199671271,pyrimidine deoxyribonucleotides <i>de novo</i> biosynthesis III,NA
PWY-6545,July_3,777.512738746565,pyrimidine deoxyribonucleotides <i>de novo</i> biosynthesis III,NA
PWY-6545,May,379.4558067801645,pyrimidine deoxyribonucleotides <i>de novo</i> biosynthesis III,NA
PWY-6545,May_22,432.7224386209207,pyrimidine deoxyribonucleotides <i>de novo</i> biosynthesis III,NA
PWY-6545,October,375.4332337870668,pyrimidine deoxyribonucleotides <i>de novo</i> biosynthesis III,NA
PWY-6549,August,733.1812604874276,nitrogen remobilization from senescing leaves,NA
PWY-6549,July_1,1061.6203234726001,nitrogen remobilization from senescing leaves,NA
PWY-6549,July_2,737.260714261735,nitrogen remobilization from senescing leaves,NA
PWY-6549,July_3,927.3833281527275,nitrogen remobilization from senescing leaves,NA
PWY-6549,May,691.3181609690998,nitrogen remobilization from senescing leaves,NA
PWY-6549,May_22,882.1824897455007,nitrogen remobilization from senescing leaves,NA
PWY-6549,October,498.2521494706896,nitrogen remobilization from senescing leaves,NA
PWY-6556,August,32.32312196492763,pyrimidine ribonucleosides salvage II,NA
PWY-6556,July_1,20.121434888588684,pyrimidine ribonucleosides salvage II,NA
PWY-6556,July_2,34.07119028316124,pyrimidine ribonucleosides salvage II,NA
PWY-6556,July_3,16.80584593773805,pyrimidine ribonucleosides salvage II,NA
PWY-6556,May,13.019588118929015,pyrimidine ribonucleosides salvage II,NA
PWY-6556,May_22,19.406505817334686,pyrimidine ribonucleosides salvage II,NA
PWY-6556,October,10.790521534896863,pyrimidine ribonucleosides salvage II,NA
PWY-6559,August,462.1161440912616,spermidine biosynthesis II,NA
PWY-6559,July_1,588.2205245790977,spermidine biosynthesis II,NA
PWY-6559,July_2,462.65139800240723,spermidine biosynthesis II,NA
PWY-6559,July_3,527.7960436563511,spermidine biosynthesis II,NA
PWY-6559,May,365.89076805697897,spermidine biosynthesis II,NA
PWY-6559,May_22,335.1877209582842,spermidine biosynthesis II,NA
PWY-6559,October,275.7904515814227,spermidine biosynthesis II,NA
PWY-6562,August,192.58714782213457,norspermidine biosynthesis,NA
PWY-6562,July_1,343.1356613995957,norspermidine biosynthesis,NA
PWY-6562,July_2,216.71883112343286,norspermidine biosynthesis,NA
PWY-6562,July_3,244.92035383597712,norspermidine biosynthesis,NA
PWY-6562,May,159.184416235068,norspermidine biosynthesis,NA
PWY-6562,May_22,166.589694494945,norspermidine biosynthesis,NA
PWY-6562,October,111.70351086923861,norspermidine biosynthesis,NA
PWY-6565,August,175.65664337633018,superpathway of polyamine biosynthesis III,NA
PWY-6565,July_1,289.6053804723222,superpathway of polyamine biosynthesis III,NA
PWY-6565,July_2,189.25871271767176,superpathway of polyamine biosynthesis III,NA
PWY-6565,July_3,215.02938132547231,superpathway of polyamine biosynthesis III,NA
PWY-6565,May,205.61208613475122,superpathway of polyamine biosynthesis III,NA
PWY-6565,May_22,192.04928882192246,superpathway of polyamine biosynthesis III,NA
PWY-6565,October,110.69648671797779,superpathway of polyamine biosynthesis III,NA
PWY-6573,August,2.179763982259564,chondroitin sulfate degradation (metazoa),NA
PWY-6573,July_1,1.1038584849485495,chondroitin sulfate degradation (metazoa),NA
PWY-6573,July_2,2.770898593352604,chondroitin sulfate degradation (metazoa),NA
PWY-6573,July_3,3.6083289644779786,chondroitin sulfate degradation (metazoa),NA
PWY-6573,May,2.539950619570418,chondroitin sulfate degradation (metazoa),NA
PWY-6573,May_22,1.8574390176832476,chondroitin sulfate degradation (metazoa),NA
PWY-6573,October,2.9348527108051536,chondroitin sulfate degradation (metazoa),NA
PWY-6578,August,56.57115527266136,8-amino-7-oxononanoate biosynthesis III,NA
PWY-6578,July_1,49.860430667858864,8-amino-7-oxononanoate biosynthesis III,NA
PWY-6578,July_2,59.78912187259248,8-amino-7-oxononanoate biosynthesis III,NA
PWY-6578,July_3,65.21257707144497,8-amino-7-oxononanoate biosynthesis III,NA
PWY-6578,May,15.950195928205089,8-amino-7-oxononanoate biosynthesis III,NA
PWY-6578,May_22,19.326362574511656,8-amino-7-oxononanoate biosynthesis III,NA
PWY-6578,October,13.947140906549645,8-amino-7-oxononanoate biosynthesis III,NA
PWY-6579,August,28.929088980645904,superpathway of guanine and guanosine salvage,NA
PWY-6579,July_1,34.12712005859781,superpathway of guanine and guanosine salvage,NA
PWY-6579,July_2,39.31662378048152,superpathway of guanine and guanosine salvage,NA
PWY-6579,July_3,42.309848302342694,superpathway of guanine and guanosine salvage,NA
PWY-6579,May,27.004780897755374,superpathway of guanine and guanosine salvage,NA
PWY-6579,May_22,18.24898006831463,superpathway of guanine and guanosine salvage,NA
PWY-6579,October,34.27115466327179,superpathway of guanine and guanosine salvage,NA
PWY-6580,July_1,10.46725924642596,phosphatidylinositol biosynthesis I (bacteria),NA
PWY-6580,July_2,9.015781529669269,phosphatidylinositol biosynthesis I (bacteria),NA
PWY-6580,July_3,9.298231745505154,phosphatidylinositol biosynthesis I (bacteria),NA
PWY-6580,May,2.2151440784500482,phosphatidylinositol biosynthesis I (bacteria),NA
PWY-6580,May_22,4.63824527684783,phosphatidylinositol biosynthesis I (bacteria),NA
PWY-6580,October,2.921385358338321,phosphatidylinositol biosynthesis I (bacteria),NA
PWY-6587,August,287.9241060199563,pyruvate fermentation to ethanol III,NA
PWY-6587,July_1,471.38754255106994,pyruvate fermentation to ethanol III,NA
PWY-6587,July_2,319.6415353582949,pyruvate fermentation to ethanol III,NA
PWY-6587,July_3,349.66698829155223,pyruvate fermentation to ethanol III,NA
PWY-6587,May,765.5674336730034,pyruvate fermentation to ethanol III,NA
PWY-6587,May_22,750.4092653233884,pyruvate fermentation to ethanol III,NA
PWY-6587,October,906.8701049018941,pyruvate fermentation to ethanol III,NA
PWY-6588,August,20.11866347274927,pyruvate fermentation to acetone,NA
PWY-6588,July_1,27.435907952562424,pyruvate fermentation to acetone,NA
PWY-6588,July_3,18.637614751700944,pyruvate fermentation to acetone,NA
PWY-6588,May_22,10.74249225347664,pyruvate fermentation to acetone,NA
PWY-6593,August,3.29660483931383,sulfoacetate degradation,NA
PWY-6593,July_1,1.4619353000603876,sulfoacetate degradation,NA
PWY-6593,July_2,0.9676036935258223,sulfoacetate degradation,NA
PWY-6593,July_3,1.896410402346056,sulfoacetate degradation,NA
PWY-6593,May,4.751808832266109,sulfoacetate degradation,NA
PWY-6593,May_22,4.108816884901998,sulfoacetate degradation,NA
PWY-6593,October,8.01276226050028,sulfoacetate degradation,NA
PWY-6595,August,544.9300352410104,superpathway of guanosine nucleotides degradation (plants),NA
PWY-6595,July_1,889.0180047104942,superpathway of guanosine nucleotides degradation (plants),NA
PWY-6595,July_2,515.701136785548,superpathway of guanosine nucleotides degradation (plants),NA
PWY-6595,July_3,604.857075541184,superpathway of guanosine nucleotides degradation (plants),NA
PWY-6595,May,2212.4629191995846,superpathway of guanosine nucleotides degradation (plants),NA
PWY-6595,May_22,1652.1896249906767,superpathway of guanosine nucleotides degradation (plants),NA
PWY-6595,October,2498.334377020026,superpathway of guanosine nucleotides degradation (plants),NA
PWY-6596,August,1239.1360730103256,adenosine nucleotides degradation I,NA
PWY-6596,July_1,1958.8709197595172,adenosine nucleotides degradation I,NA
PWY-6596,July_2,1173.415713209687,adenosine nucleotides degradation I,NA
PWY-6596,July_3,1418.9152783429374,adenosine nucleotides degradation I,NA
PWY-6596,May,4705.585340503885,adenosine nucleotides degradation I,NA
PWY-6596,May_22,3377.126966805752,adenosine nucleotides degradation I,NA
PWY-6596,October,5232.317876759454,adenosine nucleotides degradation I,NA
PWY-6599,August,248.73887631461443,guanine and guanosine salvage II,NA
PWY-6599,July_1,282.51671691727563,guanine and guanosine salvage II,NA
PWY-6599,July_2,266.62965251937464,guanine and guanosine salvage II,NA
PWY-6599,July_3,259.82698218086824,guanine and guanosine salvage II,NA
PWY-6599,May,154.18887109965073,guanine and guanosine salvage II,NA
PWY-6599,May_22,158.40131121633723,guanine and guanosine salvage II,NA
PWY-6599,October,134.66722152457973,guanine and guanosine salvage II,NA
PWY-6605,August,111.72264309021242,adenine and adenosine salvage II,NA
PWY-6605,July_1,125.55312667194445,adenine and adenosine salvage II,NA
PWY-6605,July_2,111.23842107556347,adenine and adenosine salvage II,NA
PWY-6605,July_3,116.93396858899891,adenine and adenosine salvage II,NA
PWY-6605,May,55.81910150771824,adenine and adenosine salvage II,NA
PWY-6605,May_22,92.19438474058178,adenine and adenosine salvage II,NA
PWY-6605,October,42.203273281835685,adenine and adenosine salvage II,NA
PWY-6606,August,581.8069200808394,guanosine nucleotides degradation II,NA
PWY-6606,July_1,915.844268642962,guanosine nucleotides degradation II,NA
PWY-6606,July_2,548.9000352276184,guanosine nucleotides degradation II,NA
PWY-6606,July_3,647.7003023012547,guanosine nucleotides degradation II,NA
PWY-6606,May,2347.5371245881734,guanosine nucleotides degradation II,NA
PWY-6606,May_22,1704.408262306582,guanosine nucleotides degradation II,NA
PWY-6606,October,2615.2610534467535,guanosine nucleotides degradation II,NA
PWY-6607,August,572.5209813888341,guanosine nucleotides degradation I,NA
PWY-6607,July_1,906.9692326090401,guanosine nucleotides degradation I,NA
PWY-6607,July_2,536.3046269896986,guanosine nucleotides degradation I,NA
PWY-6607,July_3,638.7754882532553,guanosine nucleotides degradation I,NA
PWY-6607,May,2343.934174887174,guanosine nucleotides degradation I,NA
PWY-6607,May_22,1701.4598754255749,guanosine nucleotides degradation I,NA
PWY-6607,October,2615.2610534467535,guanosine nucleotides degradation I,NA
PWY-6608,August,555.627784446209,guanosine nucleotides degradation III,NA
PWY-6608,July_1,898.73957216248,guanosine nucleotides degradation III,NA
PWY-6608,July_2,530.0100361542083,guanosine nucleotides degradation III,NA
PWY-6608,July_3,613.5124878856573,guanosine nucleotides degradation III,NA
PWY-6608,May,2349.2121155583236,guanosine nucleotides degradation III,NA
PWY-6608,May_22,1699.4635732690513,guanosine nucleotides degradation III,NA
PWY-6608,October,2655.0295192641665,guanosine nucleotides degradation III,NA
PWY-6609,August,206.64996304342503,adenine and adenosine salvage III,NA
PWY-6609,July_1,227.55780066408676,adenine and adenosine salvage III,NA
PWY-6609,July_2,227.59977607425054,adenine and adenosine salvage III,NA
PWY-6609,July_3,216.9859204060366,adenine and adenosine salvage III,NA
PWY-6609,May,98.98594683336938,adenine and adenosine salvage III,NA
PWY-6609,May_22,99.91654528566221,adenine and adenosine salvage III,NA
PWY-6609,October,79.7531211451263,adenine and adenosine salvage III,NA
PWY-6610,August,193.57511050710275,adenine salvage,NA
PWY-6610,July_1,216.19712890808154,adenine salvage,NA
PWY-6610,July_2,183.69850763040762,adenine salvage,NA
PWY-6610,July_3,193.21573998924126,adenine salvage,NA
PWY-6610,May,90.6926918724381,adenine salvage,NA
PWY-6610,May_22,116.57829974354213,adenine salvage,NA
PWY-6610,October,55.66137686907997,adenine salvage,NA
PWY-6611,August,17.917493050261218,adenine and adenosine salvage V,NA
PWY-6611,July_1,19.532996707100956,adenine and adenosine salvage V,NA
PWY-6611,July_2,22.690425093855065,adenine and adenosine salvage V,NA
PWY-6611,July_3,21.82251879143786,adenine and adenosine salvage V,NA
PWY-6611,May,2.1002003112716436,adenine and adenosine salvage V,NA
PWY-6611,May_22,5.509574704338645,adenine and adenosine salvage V,NA
PWY-6611,October,6.512059233039306,adenine and adenosine salvage V,NA
PWY-6612,August,621.8851576623292,superpathway of tetrahydrofolate biosynthesis,NA
PWY-6612,July_1,825.907214584785,superpathway of tetrahydrofolate biosynthesis,NA
PWY-6612,July_2,585.2407410930377,superpathway of tetrahydrofolate biosynthesis,NA
PWY-6612,July_3,610.2652009220952,superpathway of tetrahydrofolate biosynthesis,NA
PWY-6612,May,158.83200352360234,superpathway of tetrahydrofolate biosynthesis,NA
PWY-6612,May_22,198.39246108111968,superpathway of tetrahydrofolate biosynthesis,NA
PWY-6612,October,117.15957694323559,superpathway of tetrahydrofolate biosynthesis,NA
PWY-6613,August,181.64207353927534,"tetrahydrofolate salvage from 5,10-methenyltetrahydrofolate",NA
PWY-6613,July_1,317.1354023353963,"tetrahydrofolate salvage from 5,10-methenyltetrahydrofolate",NA
PWY-6613,July_2,207.30406495508,"tetrahydrofolate salvage from 5,10-methenyltetrahydrofolate",NA
PWY-6613,July_3,179.1218605448836,"tetrahydrofolate salvage from 5,10-methenyltetrahydrofolate",NA
PWY-6613,May,206.23632498645023,"tetrahydrofolate salvage from 5,10-methenyltetrahydrofolate",NA
PWY-6613,May_22,189.6751363028499,"tetrahydrofolate salvage from 5,10-methenyltetrahydrofolate",NA
PWY-6613,October,206.50014681539062,"tetrahydrofolate salvage from 5,10-methenyltetrahydrofolate",NA
PWY-6614,August,153.45445340363165,tetrahydrofolate biosynthesis I,NA
PWY-6614,July_1,204.31348470403273,tetrahydrofolate biosynthesis I,NA
PWY-6614,July_2,155.77931974475723,tetrahydrofolate biosynthesis I,NA
PWY-6614,July_3,138.18756846406666,tetrahydrofolate biosynthesis I,NA
PWY-6614,May,53.71433443708568,tetrahydrofolate biosynthesis I,NA
PWY-6614,May_22,57.31667078180985,tetrahydrofolate biosynthesis I,NA
PWY-6614,October,44.479565846745054,tetrahydrofolate biosynthesis I,NA
PWY-6617,August,2.686650919228197,adenosine nucleotides degradation III,NA
PWY-6617,July_1,2.9416507913525147,adenosine nucleotides degradation III,NA
PWY-6617,July_2,4.039562799552286,adenosine nucleotides degradation III,NA
PWY-6617,July_3,3.2794781144957392,adenosine nucleotides degradation III,NA
PWY-6617,May,1.6916317740531734,adenosine nucleotides degradation III,NA
PWY-6617,May_22,3.4626777957630637,adenosine nucleotides degradation III,NA
PWY-6617,October,0.850845161537402,adenosine nucleotides degradation III,NA
PWY-6619,August,116.56651332855779,adenine and adenosine salvage VI,NA
PWY-6619,July_1,181.40570762788607,adenine and adenosine salvage VI,NA
PWY-6619,July_2,110.50559821065536,adenine and adenosine salvage VI,NA
PWY-6619,July_3,121.08900935148574,adenine and adenosine salvage VI,NA
PWY-6619,May,37.6879825344377,adenine and adenosine salvage VI,NA
PWY-6619,May_22,46.42530599130428,adenine and adenosine salvage VI,NA
PWY-6619,October,34.55559484613536,adenine and adenosine salvage VI,NA
PWY-6620,August,205.37065308067207,guanine and guanosine salvage I,NA
PWY-6620,July_1,245.53782913906952,guanine and guanosine salvage I,NA
PWY-6620,July_2,212.85326902525853,guanine and guanosine salvage I,NA
PWY-6620,July_3,210.83502711822567,guanine and guanosine salvage I,NA
PWY-6620,May,125.43088024575454,guanine and guanosine salvage I,NA
PWY-6620,May_22,131.53404582973963,guanine and guanosine salvage I,NA
PWY-6620,October,114.70213714841614,guanine and guanosine salvage I,NA
PWY-6623,August,20.997434388210728,salicylate glucosides biosynthesis II,NA
PWY-6623,July_1,22.712634975372996,salicylate glucosides biosynthesis II,NA
PWY-6623,July_2,20.440032671610165,salicylate glucosides biosynthesis II,NA
PWY-6623,July_3,18.16018266624244,salicylate glucosides biosynthesis II,NA
PWY-6623,May,58.64209076567927,salicylate glucosides biosynthesis II,NA
PWY-6623,May_22,40.81500784680517,salicylate glucosides biosynthesis II,NA
PWY-6623,October,73.59968711651378,salicylate glucosides biosynthesis II,NA
PWY-6628,August,739.4479444632502,superpathway of L-phenylalanine biosynthesis,NA
PWY-6628,July_1,979.3914694031672,superpathway of L-phenylalanine biosynthesis,NA
PWY-6628,July_2,731.8860507881841,superpathway of L-phenylalanine biosynthesis,NA
PWY-6628,July_3,738.1390112671379,superpathway of L-phenylalanine biosynthesis,NA
PWY-6628,May,559.815368023925,superpathway of L-phenylalanine biosynthesis,NA
PWY-6628,May_22,591.8238874866786,superpathway of L-phenylalanine biosynthesis,NA
PWY-6628,October,564.3454574520341,superpathway of L-phenylalanine biosynthesis,NA
PWY-6629,August,548.9979904316219,superpathway of L-tryptophan biosynthesis,NA
PWY-6629,July_1,724.1142120140739,superpathway of L-tryptophan biosynthesis,NA
PWY-6629,July_2,592.1240122485816,superpathway of L-tryptophan biosynthesis,NA
PWY-6629,July_3,598.6321696326298,superpathway of L-tryptophan biosynthesis,NA
PWY-6629,May,305.76562977543836,superpathway of L-tryptophan biosynthesis,NA
PWY-6629,May_22,329.52190606059867,superpathway of L-tryptophan biosynthesis,NA
PWY-6629,October,226.20305045780026,superpathway of L-tryptophan biosynthesis,NA
PWY-6630,August,901.6055795228092,superpathway of L-tyrosine biosynthesis,NA
PWY-6630,July_1,1091.904324303156,superpathway of L-tyrosine biosynthesis,NA
PWY-6630,July_2,859.2307240225236,superpathway of L-tyrosine biosynthesis,NA
PWY-6630,July_3,846.0568390421017,superpathway of L-tyrosine biosynthesis,NA
PWY-6630,May,682.2648460603,superpathway of L-tyrosine biosynthesis,NA
PWY-6630,May_22,672.0771465112635,superpathway of L-tyrosine biosynthesis,NA
PWY-6630,October,730.3521375361637,superpathway of L-tyrosine biosynthesis,NA
PWY-6637,August,20.25393628894666,sulfolactate degradation II,NA
PWY-6637,July_1,14.365686518828896,sulfolactate degradation II,NA
PWY-6637,July_2,14.390249102792325,sulfolactate degradation II,NA
PWY-6637,July_3,14.283493948340572,sulfolactate degradation II,NA
PWY-6637,May,26.762124765546634,sulfolactate degradation II,NA
PWY-6637,May_22,10.640409018633342,sulfolactate degradation II,NA
PWY-6637,October,20.723620913902295,sulfolactate degradation II,NA
PWY-6642,August,5.921073431430556,L-cysteate degradation,NA
PWY-6642,July_1,7.065225148297727,L-cysteate degradation,NA
PWY-6642,July_2,12.423885724808066,L-cysteate degradation,NA
PWY-6642,July_3,7.439492832379636,L-cysteate degradation,NA
PWY-6643,August,7.458143721025298,coenzyme M biosynthesis II,NA
PWY-6643,July_1,5.464172417781739,coenzyme M biosynthesis II,NA
PWY-6643,July_2,5.561606517074567,coenzyme M biosynthesis II,NA
PWY-6643,July_3,6.833466741557311,coenzyme M biosynthesis II,NA
PWY-6643,May,7.300207964666978,coenzyme M biosynthesis II,NA
PWY-6643,May_22,7.051370227664309,coenzyme M biosynthesis II,NA
PWY-6643,October,10.268707826083546,coenzyme M biosynthesis II,NA
PWY-6646,August,21.665439400357698,fluoroacetate degradation,NA
PWY-6646,July_1,24.7131407526995,fluoroacetate degradation,NA
PWY-6646,July_2,23.22048429702343,fluoroacetate degradation,NA
PWY-6646,July_3,26.56071432548249,fluoroacetate degradation,NA
PWY-6646,May,9.30114933904982,fluoroacetate degradation,NA
PWY-6646,May_22,15.130730785122278,fluoroacetate degradation,NA
PWY-6646,October,16.23869908312966,fluoroacetate degradation,NA
PWY-6654,August,68.10888158076479,phosphopantothenate biosynthesis III (archaea),NA
PWY-6654,July_1,95.99384313587097,phosphopantothenate biosynthesis III (archaea),NA
PWY-6654,July_2,83.668502395633,phosphopantothenate biosynthesis III (archaea),NA
PWY-6654,July_3,61.67630613456901,phosphopantothenate biosynthesis III (archaea),NA
PWY-6654,May,130.69572712235092,phosphopantothenate biosynthesis III (archaea),NA
PWY-6654,May_22,108.1351386391676,phosphopantothenate biosynthesis III (archaea),NA
PWY-6654,October,170.66138700648318,phosphopantothenate biosynthesis III (archaea),NA
PWY-6664,August,4.876601564698394,di-myo-inositol phosphate biosynthesis,NA
PWY-6664,July_1,4.56078504973922,di-myo-inositol phosphate biosynthesis,NA
PWY-6664,July_2,6.234203160506968,di-myo-inositol phosphate biosynthesis,NA
PWY-6664,July_3,3.56724979360474,di-myo-inositol phosphate biosynthesis,NA
PWY-6664,May,2.1462984488100303,di-myo-inositol phosphate biosynthesis,NA
PWY-6664,May_22,4.843714230347976,di-myo-inositol phosphate biosynthesis,NA
PWY-6664,October,3.2120210695828018,di-myo-inositol phosphate biosynthesis,NA
PWY-6666,August,4.752958416462237,pyocyanin biosynthesis,NA
PWY-6666,July_1,4.401839331773083,pyocyanin biosynthesis,NA
PWY-6666,July_2,7.0460197583451585,pyocyanin biosynthesis,NA
PWY-6666,July_3,3.5164214305499337,pyocyanin biosynthesis,NA
PWY-6666,May,1.1533591629561655,pyocyanin biosynthesis,NA
PWY-6666,May_22,2.682353298090376,pyocyanin biosynthesis,NA
PWY-6666,October,3.8622886057022514,pyocyanin biosynthesis,NA
PWY-6683,August,1492.1150471041128,assimilatory sulfate reduction III,NA
PWY-6683,July_1,1621.605690080948,assimilatory sulfate reduction III,NA
PWY-6683,July_2,1230.6584982077381,assimilatory sulfate reduction III,NA
PWY-6683,July_3,1531.6643663004015,assimilatory sulfate reduction III,NA
PWY-6683,May,372.85279044927177,assimilatory sulfate reduction III,NA
PWY-6683,May_22,604.2570330946821,assimilatory sulfate reduction III,NA
PWY-6683,October,438.3270868695053,assimilatory sulfate reduction III,NA
PWY-6685,August,10.822434610483619,glucosylglycerate biosynthesis II,NA
PWY-6685,July_1,13.026288043807341,glucosylglycerate biosynthesis II,NA
PWY-6685,July_2,12.540995804141168,glucosylglycerate biosynthesis II,NA
PWY-6685,July_3,12.430096136842224,glucosylglycerate biosynthesis II,NA
PWY-6685,May,11.319940196919656,glucosylglycerate biosynthesis II,NA
PWY-6685,May_22,9.328243497179775,glucosylglycerate biosynthesis II,NA
PWY-6685,October,4.884562902341974,glucosylglycerate biosynthesis II,NA
PWY-6687,August,10.822434610483619,mannosylglucosylglycerate biosynthesis II,NA
PWY-6687,July_1,13.026288043807341,mannosylglucosylglycerate biosynthesis II,NA
PWY-6687,July_2,12.540995804141168,mannosylglucosylglycerate biosynthesis II,NA
PWY-6687,July_3,12.430096136842224,mannosylglucosylglycerate biosynthesis II,NA
PWY-6687,May,11.319940196919656,mannosylglucosylglycerate biosynthesis II,NA
PWY-6687,May_22,9.328243497179775,mannosylglucosylglycerate biosynthesis II,NA
PWY-6687,October,4.884562902341974,mannosylglucosylglycerate biosynthesis II,NA
PWY-6694,August,461.5624183007957,oxalate degradation I,NA
PWY-6694,July_1,629.935166428575,oxalate degradation I,NA
PWY-6694,July_2,423.27187574210666,oxalate degradation I,NA
PWY-6694,July_3,513.2224582503108,oxalate degradation I,NA
PWY-6694,May,998.9640200459403,oxalate degradation I,NA
PWY-6694,May_22,1183.3253652527983,oxalate degradation I,NA
PWY-6694,October,940.5278302942288,oxalate degradation I,NA
PWY-6695,August,173.58494161340272,oxalate degradation II,NA
PWY-6695,July_1,123.3193406759454,oxalate degradation II,NA
PWY-6695,July_2,192.50491383041535,oxalate degradation II,NA
PWY-6695,July_3,262.1367301299023,oxalate degradation II,NA
PWY-6695,May,39.031392032385,oxalate degradation II,NA
PWY-6695,May_22,32.14359003877844,oxalate degradation II,NA
PWY-6695,October,30.527206227483244,oxalate degradation II,NA
PWY-6700,August,64.28910189915692,queuosine biosynthesis I (<i>de novo</i>),NA
PWY-6700,July_1,67.82787098466598,queuosine biosynthesis I (<i>de novo</i>),NA
PWY-6700,July_2,74.53714267701807,queuosine biosynthesis I (<i>de novo</i>),NA
PWY-6700,July_3,64.30459500581873,queuosine biosynthesis I (<i>de novo</i>),NA
PWY-6700,May,73.11988573788403,queuosine biosynthesis I (<i>de novo</i>),NA
PWY-6700,May_22,63.66974135931638,queuosine biosynthesis I (<i>de novo</i>),NA
PWY-6700,October,82.23562425981801,queuosine biosynthesis I (<i>de novo</i>),NA
PWY-6703,August,1242.9285931134086,preQ<sub>0</sub> biosynthesis,NA
PWY-6703,July_1,991.6977865121451,preQ<sub>0</sub> biosynthesis,NA
PWY-6703,July_2,1762.093865561359,preQ<sub>0</sub> biosynthesis,NA
PWY-6703,July_3,764.1899379491015,preQ<sub>0</sub> biosynthesis,NA
PWY-6703,May,1029.1701783863437,preQ<sub>0</sub> biosynthesis,NA
PWY-6703,May_22,1144.0788983878022,preQ<sub>0</sub> biosynthesis,NA
PWY-6703,October,1435.1282743801735,preQ<sub>0</sub> biosynthesis,NA
PWY-6708,August,45.85309137894272,ubiquinol-8 biosynthesis (early decarboxylation),NA
PWY-6708,July_1,16.65298227698194,ubiquinol-8 biosynthesis (early decarboxylation),NA
PWY-6708,July_2,39.39686186066403,ubiquinol-8 biosynthesis (early decarboxylation),NA
PWY-6708,July_3,23.637109144992984,ubiquinol-8 biosynthesis (early decarboxylation),NA
PWY-6708,May,25.77301539456858,ubiquinol-8 biosynthesis (early decarboxylation),NA
PWY-6708,May_22,35.33818330897188,ubiquinol-8 biosynthesis (early decarboxylation),NA
PWY-6708,October,52.09448435264399,ubiquinol-8 biosynthesis (early decarboxylation),NA
PWY-6711,August,2.882696938335327,archaeosine biosynthesis I,NA
PWY-6711,July_1,3.9208398973404757,archaeosine biosynthesis I,NA
PWY-6711,July_2,2.0234019276731363,archaeosine biosynthesis I,NA
PWY-6711,July_3,3.337767638532004,archaeosine biosynthesis I,NA
PWY-6711,May,9.934807497098737,archaeosine biosynthesis I,NA
PWY-6711,May_22,7.139298093893488,archaeosine biosynthesis I,NA
PWY-6711,October,3.3217852725322023,archaeosine biosynthesis I,NA
PWY-6717,August,681.7678056796395,"(1,4)-&beta;-D-xylan degradation",NA
PWY-6717,July_1,174.16723090769332,"(1,4)-&beta;-D-xylan degradation",NA
PWY-6717,July_2,590.1084751133919,"(1,4)-&beta;-D-xylan degradation",NA
PWY-6717,July_3,469.4732712635145,"(1,4)-&beta;-D-xylan degradation",NA
PWY-6717,May,15.304995100079823,"(1,4)-&beta;-D-xylan degradation",NA
PWY-6717,May_22,12.858825346759334,"(1,4)-&beta;-D-xylan degradation",NA
PWY-6717,October,10.47603736076763,"(1,4)-&beta;-D-xylan degradation",NA
PWY-6728,August,353.2511735375432,methylaspartate cycle,NA
PWY-6728,July_1,376.91057806177986,methylaspartate cycle,NA
PWY-6728,July_2,276.7669246792091,methylaspartate cycle,NA
PWY-6728,July_3,358.7284442709543,methylaspartate cycle,NA
PWY-6728,May,102.61250889363146,methylaspartate cycle,NA
PWY-6728,May_22,137.116873321392,methylaspartate cycle,NA
PWY-6728,October,78.11518196977632,methylaspartate cycle,NA
PWY-6731,August,164.98003485357717,starch degradation III,NA
PWY-6731,July_1,176.99622380701084,starch degradation III,NA
PWY-6731,July_2,164.87697255765758,starch degradation III,NA
PWY-6731,July_3,164.53449948983115,starch degradation III,NA
PWY-6731,May,220.62076980852487,starch degradation III,NA
PWY-6731,May_22,198.26537050658234,starch degradation III,NA
PWY-6731,October,256.72723008211693,starch degradation III,NA
PWY-6737,August,379.19372912054007,starch degradation V,NA
PWY-6737,July_1,468.2390285164183,starch degradation V,NA
PWY-6737,July_2,374.61765034994943,starch degradation V,NA
PWY-6737,July_3,428.35556028683044,starch degradation V,NA
PWY-6737,May,759.9785526712024,starch degradation V,NA
PWY-6737,May_22,727.7287991943737,starch degradation V,NA
PWY-6737,October,741.1986452894479,starch degradation V,NA
PWY-6742,August,1021.1251455679925,methane oxidation to methanol II,NA
PWY-6742,July_1,875.010709958786,methane oxidation to methanol II,NA
PWY-6742,July_2,1416.074919613925,methane oxidation to methanol II,NA
PWY-6742,July_3,1122.8219245242408,methane oxidation to methanol II,NA
PWY-6742,May,1768.6220054635182,methane oxidation to methanol II,NA
PWY-6742,May_22,1286.2367001242505,methane oxidation to methanol II,NA
PWY-6742,October,1269.9905770845646,methane oxidation to methanol II,NA
PWY-6751,August,1.2604763851081109,superpathway of hydrogen production,NA
PWY-6751,July_1,1.1024724928907137,superpathway of hydrogen production,NA
PWY-6751,July_2,0.8454735190295858,superpathway of hydrogen production,NA
PWY-6751,July_3,1.3212913534054334,superpathway of hydrogen production,NA
PWY-6751,May_22,0.41226082615983833,superpathway of hydrogen production,NA
PWY-6752,August,8.54469784131289,<i>ortho</i>-quinones biosynthesis,NA
PWY-6752,July_1,6.166848574889412,<i>ortho</i>-quinones biosynthesis,NA
PWY-6752,July_2,7.884860003713143,<i>ortho</i>-quinones biosynthesis,NA
PWY-6752,July_3,12.68721347008771,<i>ortho</i>-quinones biosynthesis,NA
PWY-6752,May,2.9201475937039696,<i>ortho</i>-quinones biosynthesis,NA
PWY-6752,May_22,1.0748535636555612,<i>ortho</i>-quinones biosynthesis,NA
PWY-6752,October,2.4485873520409314,<i>ortho</i>-quinones biosynthesis,NA
PWY-6753,August,41.34062978736432,<i>S</i>-methyl-5'-thioadenosine degradation III,NA
PWY-6753,July_1,59.391008920267,<i>S</i>-methyl-5'-thioadenosine degradation III,NA
PWY-6753,July_2,41.371085899243724,<i>S</i>-methyl-5'-thioadenosine degradation III,NA
PWY-6753,July_3,37.488599190292,<i>S</i>-methyl-5'-thioadenosine degradation III,NA
PWY-6753,May,35.5522720881354,<i>S</i>-methyl-5'-thioadenosine degradation III,NA
PWY-6753,May_22,37.9573317770875,<i>S</i>-methyl-5'-thioadenosine degradation III,NA
PWY-6753,October,33.773129031296214,<i>S</i>-methyl-5'-thioadenosine degradation III,NA
PWY-6754,August,13.04522286149739,<i>S</i>-methyl-5'-thioadenosine degradation I,NA
PWY-6754,July_1,22.696281776151316,<i>S</i>-methyl-5'-thioadenosine degradation I,NA
PWY-6754,July_2,16.318604657605853,<i>S</i>-methyl-5'-thioadenosine degradation I,NA
PWY-6754,July_3,14.107889417246884,<i>S</i>-methyl-5'-thioadenosine degradation I,NA
PWY-6754,May,21.75551204231247,<i>S</i>-methyl-5'-thioadenosine degradation I,NA
PWY-6754,May_22,19.51388720783955,<i>S</i>-methyl-5'-thioadenosine degradation I,NA
PWY-6754,October,18.393588484611477,<i>S</i>-methyl-5'-thioadenosine degradation I,NA
PWY-6756,August,71.03684403729636,<i>S</i>-methyl-5'-thioadenosine degradation II,NA
PWY-6756,July_1,90.73359661216172,<i>S</i>-methyl-5'-thioadenosine degradation II,NA
PWY-6756,July_2,66.96311864675458,<i>S</i>-methyl-5'-thioadenosine degradation II,NA
PWY-6756,July_3,63.94175737008576,<i>S</i>-methyl-5'-thioadenosine degradation II,NA
PWY-6756,May,60.722819819421225,<i>S</i>-methyl-5'-thioadenosine degradation II,NA
PWY-6756,May_22,55.40121242741777,<i>S</i>-methyl-5'-thioadenosine degradation II,NA
PWY-6756,October,65.50491151102676,<i>S</i>-methyl-5'-thioadenosine degradation II,NA
PWY-6758,August,1.2604763851081109,hydrogen production II,NA
PWY-6758,July_1,1.1024724928907137,hydrogen production II,NA
PWY-6758,July_2,0.8454735190295858,hydrogen production II,NA
PWY-6758,July_3,1.3212913534054334,hydrogen production II,NA
PWY-6758,May_22,0.41226082615983833,hydrogen production II,NA
PWY-6765,August,5.345553348718251,hydrogen production IV,NA
PWY-6765,July_1,6.763623981423143,hydrogen production IV,NA
PWY-6765,July_2,5.4967929776988305,hydrogen production IV,NA
PWY-6765,July_3,6.765408461111772,hydrogen production IV,NA
PWY-6765,May,10.189983932259146,hydrogen production IV,NA
PWY-6765,May_22,10.07014758154451,hydrogen production IV,NA
PWY-6765,October,5.89680349598674,hydrogen production IV,NA
PWY-6788,August,1009.2159045226642,cellulose degradation II (fungi),NA
PWY-6788,July_1,436.4704742272576,cellulose degradation II (fungi),NA
PWY-6788,July_2,680.1896030910079,cellulose degradation II (fungi),NA
PWY-6788,July_3,549.2531187627603,cellulose degradation II (fungi),NA
PWY-6788,May,178.90913770274454,cellulose degradation II (fungi),NA
PWY-6788,May_22,56.92175536289751,cellulose degradation II (fungi),NA
PWY-6788,October,36.20953071054311,cellulose degradation II (fungi),NA
PWY-6802,August,248.99882982220973,salidroside biosynthesis,NA
PWY-6802,July_1,358.6813310324817,salidroside biosynthesis,NA
PWY-6802,July_2,364.4825327873226,salidroside biosynthesis,NA
PWY-6802,July_3,220.02820431760298,salidroside biosynthesis,NA
PWY-6802,May,269.8595618706397,salidroside biosynthesis,NA
PWY-6802,May_22,219.58809117689185,salidroside biosynthesis,NA
PWY-6802,October,194.5868870200754,salidroside biosynthesis,NA
PWY-6807,August,108.4099342406605,xyloglucan degradation II (exoglucanase),NA
PWY-6807,July_1,93.72988438944618,xyloglucan degradation II (exoglucanase),NA
PWY-6807,July_2,123.08987635396011,xyloglucan degradation II (exoglucanase),NA
PWY-6807,July_3,78.07138532188384,xyloglucan degradation II (exoglucanase),NA
PWY-6807,May,23.42312961741841,xyloglucan degradation II (exoglucanase),NA
PWY-6807,May_22,33.70263556042971,xyloglucan degradation II (exoglucanase),NA
PWY-6807,October,41.34816762791524,xyloglucan degradation II (exoglucanase),NA
PWY-6816,August,3.9203657456116474,agarose degradation,NA
PWY-6816,July_1,10.167075599039768,agarose degradation,NA
PWY-6816,July_2,4.008047446927934,agarose degradation,NA
PWY-6816,July_3,3.860573532331494,agarose degradation,NA
PWY-6816,May,5.849263172828618,agarose degradation,NA
PWY-6816,May_22,9.624161460574628,agarose degradation,NA
PWY-6816,October,11.259905226312085,agarose degradation,NA
PWY-6823,August,3782.790522313701,molybdopterin biosynthesis,NA
PWY-6823,July_1,7088.156169959014,molybdopterin biosynthesis,NA
PWY-6823,July_2,3299.2276544561287,molybdopterin biosynthesis,NA
PWY-6823,July_3,4562.446478329989,molybdopterin biosynthesis,NA
PWY-6823,May,2320.550554391018,molybdopterin biosynthesis,NA
PWY-6823,May_22,2156.9023197137326,molybdopterin biosynthesis,NA
PWY-6823,October,2108.4715045063213,molybdopterin biosynthesis,NA
PWY-6825,August,107.47968425074318,phosphatidylcholine biosynthesis V,NA
PWY-6825,July_1,110.41369568514558,phosphatidylcholine biosynthesis V,NA
PWY-6825,July_2,108.70525471913403,phosphatidylcholine biosynthesis V,NA
PWY-6825,July_3,107.32739483234235,phosphatidylcholine biosynthesis V,NA
PWY-6825,May,97.21644326222528,phosphatidylcholine biosynthesis V,NA
PWY-6825,May_22,109.86202686356151,phosphatidylcholine biosynthesis V,NA
PWY-6825,October,146.39857964222531,phosphatidylcholine biosynthesis V,NA
PWY-6826,August,0.8314559072199597,phosphatidylcholine biosynthesis VI,NA
PWY-6826,July_1,2.7361718675922804,phosphatidylcholine biosynthesis VI,NA
PWY-6826,July_2,3.5590936663201367,phosphatidylcholine biosynthesis VI,NA
PWY-6826,July_3,1.6602195763341607,phosphatidylcholine biosynthesis VI,NA
PWY-6826,May,2.595387248056812,phosphatidylcholine biosynthesis VI,NA
PWY-6826,May_22,2.7179288072424583,phosphatidylcholine biosynthesis VI,NA
PWY-6826,October,2.0053053121188067,phosphatidylcholine biosynthesis VI,NA
PWY-6832,August,18.609692042242223,2-aminoethylphosphonate degradation II,NA
PWY-6832,July_1,18.60345492083323,2-aminoethylphosphonate degradation II,NA
PWY-6832,July_2,17.913043816445928,2-aminoethylphosphonate degradation II,NA
PWY-6832,July_3,19.038349873628963,2-aminoethylphosphonate degradation II,NA
PWY-6832,May,22.40722274116048,2-aminoethylphosphonate degradation II,NA
PWY-6832,May_22,20.950449181213163,2-aminoethylphosphonate degradation II,NA
PWY-6832,October,26.072585822006833,2-aminoethylphosphonate degradation II,NA
PWY-6834,August,13.687859161655222,spermidine biosynthesis III,NA
PWY-6834,July_1,6.207167643317511,spermidine biosynthesis III,NA
PWY-6834,July_2,28.61640838276375,spermidine biosynthesis III,NA
PWY-6834,July_3,15.087088485724651,spermidine biosynthesis III,NA
PWY-6834,May_22,4.521690902952541,spermidine biosynthesis III,NA
PWY-6839,August,43.93536182333404,2-aminoethylphosphonate biosynthesis,NA
PWY-6839,July_1,51.94273204986437,2-aminoethylphosphonate biosynthesis,NA
PWY-6839,July_2,47.06855802436081,2-aminoethylphosphonate biosynthesis,NA
PWY-6839,July_3,50.47577057402977,2-aminoethylphosphonate biosynthesis,NA
PWY-6839,May,68.48968193129545,2-aminoethylphosphonate biosynthesis,NA
PWY-6839,May_22,55.117370311571264,2-aminoethylphosphonate biosynthesis,NA
PWY-6839,October,79.16413453266544,2-aminoethylphosphonate biosynthesis,NA
PWY-6840,August,44.61280394160838,homoglutathione biosynthesis,NA
PWY-6840,July_1,39.834097603717055,homoglutathione biosynthesis,NA
PWY-6840,July_2,42.621092659730834,homoglutathione biosynthesis,NA
PWY-6840,July_3,37.71479928491495,homoglutathione biosynthesis,NA
PWY-6840,May,26.948581052187134,homoglutathione biosynthesis,NA
PWY-6840,May_22,48.55465069440985,homoglutathione biosynthesis,NA
PWY-6840,October,30.588264623648037,homoglutathione biosynthesis,NA
PWY-6859,August,168.42114630368778,<i>all-trans</i>-farnesol biosynthesis,NA
PWY-6859,July_1,279.66313792434187,<i>all-trans</i>-farnesol biosynthesis,NA
PWY-6859,July_2,194.04853178327113,<i>all-trans</i>-farnesol biosynthesis,NA
PWY-6859,July_3,166.92453944914743,<i>all-trans</i>-farnesol biosynthesis,NA
PWY-6859,May,165.08149683423335,<i>all-trans</i>-farnesol biosynthesis,NA
PWY-6859,May_22,186.44043813671254,<i>all-trans</i>-farnesol biosynthesis,NA
PWY-6859,October,198.36254913306595,<i>all-trans</i>-farnesol biosynthesis,NA
PWY-6890,August,196.41294737938574,4-amino-2-methyl-5-diphosphomethylpyrimidine biosynthesis I,NA
PWY-6890,July_1,218.34937065977437,4-amino-2-methyl-5-diphosphomethylpyrimidine biosynthesis I,NA
PWY-6890,July_2,192.47027421072374,4-amino-2-methyl-5-diphosphomethylpyrimidine biosynthesis I,NA
PWY-6890,July_3,199.09752527370466,4-amino-2-methyl-5-diphosphomethylpyrimidine biosynthesis I,NA
PWY-6890,May,262.33559873300396,4-amino-2-methyl-5-diphosphomethylpyrimidine biosynthesis I,NA
PWY-6890,May_22,268.74686465699523,4-amino-2-methyl-5-diphosphomethylpyrimidine biosynthesis I,NA
PWY-6890,October,192.35446345177428,4-amino-2-methyl-5-diphosphomethylpyrimidine biosynthesis I,NA
PWY-6892,August,441.6397890220151,thiazole component of thiamine diphosphate biosynthesis I,NA
PWY-6892,July_1,983.194253098421,thiazole component of thiamine diphosphate biosynthesis I,NA
PWY-6892,July_2,352.37679310686804,thiazole component of thiamine diphosphate biosynthesis I,NA
PWY-6892,July_3,466.7134324864012,thiazole component of thiamine diphosphate biosynthesis I,NA
PWY-6892,May,263.83139400330555,thiazole component of thiamine diphosphate biosynthesis I,NA
PWY-6892,May_22,247.17399902621227,thiazole component of thiamine diphosphate biosynthesis I,NA
PWY-6892,October,186.33796087059667,thiazole component of thiamine diphosphate biosynthesis I,NA
PWY-6893,August,86.19267831097,thiamine diphosphate biosynthesis II (Bacillus),NA
PWY-6893,July_1,104.25900613657733,thiamine diphosphate biosynthesis II (Bacillus),NA
PWY-6893,July_2,92.429354878096,thiamine diphosphate biosynthesis II (Bacillus),NA
PWY-6893,July_3,61.25836724081439,thiamine diphosphate biosynthesis II (Bacillus),NA
PWY-6893,May,71.31274019140798,thiamine diphosphate biosynthesis II (Bacillus),NA
PWY-6893,May_22,57.975402461098014,thiamine diphosphate biosynthesis II (Bacillus),NA
PWY-6893,October,71.77933196069348,thiamine diphosphate biosynthesis II (Bacillus),NA
PWY-6894,August,86.19267831097,thiamine diphosphate biosynthesis I (E. coli),NA
PWY-6894,July_1,104.25900613657733,thiamine diphosphate biosynthesis I (E. coli),NA
PWY-6894,July_2,92.429354878096,thiamine diphosphate biosynthesis I (E. coli),NA
PWY-6894,July_3,61.25836724081439,thiamine diphosphate biosynthesis I (E. coli),NA
PWY-6894,May,71.31274019140798,thiamine diphosphate biosynthesis I (E. coli),NA
PWY-6894,May_22,57.975402461098014,thiamine diphosphate biosynthesis I (E. coli),NA
PWY-6894,October,71.77933196069348,thiamine diphosphate biosynthesis I (E. coli),NA
PWY-6895,August,25.223196338285895,superpathway of thiamine diphosphate biosynthesis II,NA
PWY-6895,July_1,36.1670413478826,superpathway of thiamine diphosphate biosynthesis II,NA
PWY-6895,July_2,51.573023545945276,superpathway of thiamine diphosphate biosynthesis II,NA
PWY-6895,July_3,27.82161344814364,superpathway of thiamine diphosphate biosynthesis II,NA
PWY-6895,May,12.848132192653317,superpathway of thiamine diphosphate biosynthesis II,NA
PWY-6895,May_22,29.18527764952644,superpathway of thiamine diphosphate biosynthesis II,NA
PWY-6895,October,24.06694804014079,superpathway of thiamine diphosphate biosynthesis II,NA
PWY-6896,August,107.52055258041611,thiamine diphosphate salvage I,NA
PWY-6896,July_1,116.41228947867239,thiamine diphosphate salvage I,NA
PWY-6896,July_2,136.0578356910474,thiamine diphosphate salvage I,NA
PWY-6896,July_3,115.57281968319387,thiamine diphosphate salvage I,NA
PWY-6896,May,36.5330408190968,thiamine diphosphate salvage I,NA
PWY-6896,May_22,37.95754701926368,thiamine diphosphate salvage I,NA
PWY-6896,October,47.35170908842604,thiamine diphosphate salvage I,NA
PWY-6897,August,120.19585465752452,thiamine diphosphate salvage II,NA
PWY-6897,July_1,154.67151972020682,thiamine diphosphate salvage II,NA
PWY-6897,July_2,108.34405613328671,thiamine diphosphate salvage II,NA
PWY-6897,July_3,114.02280671690252,thiamine diphosphate salvage II,NA
PWY-6897,May,72.8155042709352,thiamine diphosphate salvage II,NA
PWY-6897,May_22,150.02776933021153,thiamine diphosphate salvage II,NA
PWY-6897,October,49.35898244037248,thiamine diphosphate salvage II,NA
PWY-6898,August,1.9221089102413174,thiamine diphosphate salvage III,NA
PWY-6898,July_1,4.4934528033174574,thiamine diphosphate salvage III,NA
PWY-6898,July_2,1.1498440603317621,thiamine diphosphate salvage III,NA
PWY-6898,July_3,2.1030505079190758,thiamine diphosphate salvage III,NA
PWY-6898,May,5.503181679994903,thiamine diphosphate salvage III,NA
PWY-6898,May_22,5.875675662285082,thiamine diphosphate salvage III,NA
PWY-6898,October,4.806395268869079,thiamine diphosphate salvage III,NA
PWY-6899,August,30.278767373361177,base-degraded thiamine salvage,NA
PWY-6899,July_1,43.59518179240493,base-degraded thiamine salvage,NA
PWY-6899,July_2,25.714600013640258,base-degraded thiamine salvage,NA
PWY-6899,July_3,30.541632756748626,base-degraded thiamine salvage,NA
PWY-6899,May,60.30647862038402,base-degraded thiamine salvage,NA
PWY-6899,May_22,42.96824851905957,base-degraded thiamine salvage,NA
PWY-6899,October,67.95249177166764,base-degraded thiamine salvage,NA
PWY-6901,August,2219.4385652272363,superpathway of glucose and xylose degradation,NA
PWY-6901,July_1,2894.4909858428096,superpathway of glucose and xylose degradation,NA
PWY-6901,July_2,2379.026174859675,superpathway of glucose and xylose degradation,NA
PWY-6901,July_3,2409.984047335242,superpathway of glucose and xylose degradation,NA
PWY-6901,May,6349.984415002395,superpathway of glucose and xylose degradation,NA
PWY-6901,May_22,5668.829078891219,superpathway of glucose and xylose degradation,NA
PWY-6901,October,5674.760930597451,superpathway of glucose and xylose degradation,NA
PWY-6902,August,62.96617400625653,chitin degradation II (Vibrio),NA
PWY-6902,July_1,56.53254516317235,chitin degradation II (Vibrio),NA
PWY-6902,July_2,75.84066821169137,chitin degradation II (Vibrio),NA
PWY-6902,July_3,53.85781315594526,chitin degradation II (Vibrio),NA
PWY-6902,May,3.8355947780969917,chitin degradation II (Vibrio),NA
PWY-6902,May_22,10.39379135017177,chitin degradation II (Vibrio),NA
PWY-6902,October,17.671314728754876,chitin degradation II (Vibrio),NA
PWY-6907,August,21.535497506245065,thiamine diphosphate biosynthesis III (Staphylococcus),NA
PWY-6907,July_1,12.547162569955647,thiamine diphosphate biosynthesis III (Staphylococcus),NA
PWY-6907,July_2,17.3413137319849,thiamine diphosphate biosynthesis III (Staphylococcus),NA
PWY-6907,July_3,9.86118521042235,thiamine diphosphate biosynthesis III (Staphylococcus),NA
PWY-6907,May,45.37508300718923,thiamine diphosphate biosynthesis III (Staphylococcus),NA
PWY-6907,May_22,3.931685976138183,thiamine diphosphate biosynthesis III (Staphylococcus),NA
PWY-6907,October,18.440436734085036,thiamine diphosphate biosynthesis III (Staphylococcus),NA
PWY-6908,August,21.535497506245065,thiamine diphosphate biosynthesis IV (eukaryotes),NA
PWY-6908,July_1,12.547162569955647,thiamine diphosphate biosynthesis IV (eukaryotes),NA
PWY-6908,July_2,17.3413137319849,thiamine diphosphate biosynthesis IV (eukaryotes),NA
PWY-6908,July_3,9.86118521042235,thiamine diphosphate biosynthesis IV (eukaryotes),NA
PWY-6908,May,45.37508300718923,thiamine diphosphate biosynthesis IV (eukaryotes),NA
PWY-6908,May_22,3.931685976138183,thiamine diphosphate biosynthesis IV (eukaryotes),NA
PWY-6908,October,18.440436734085036,thiamine diphosphate biosynthesis IV (eukaryotes),NA
PWY-6910,August,125.87576417439605,hydroxymethylpyrimidine salvage,NA
PWY-6910,July_1,126.96231500907498,hydroxymethylpyrimidine salvage,NA
PWY-6910,July_2,104.3659147614821,hydroxymethylpyrimidine salvage,NA
PWY-6910,July_3,122.13666832221816,hydroxymethylpyrimidine salvage,NA
PWY-6910,May,104.31942516667112,hydroxymethylpyrimidine salvage,NA
PWY-6910,May_22,191.3684390812005,hydroxymethylpyrimidine salvage,NA
PWY-6910,October,78.68800413798749,hydroxymethylpyrimidine salvage,NA
PWY-6931,August,26.666783172614437,seleno-amino acid detoxification and volatilization I,NA
PWY-6931,July_1,26.323196287857495,seleno-amino acid detoxification and volatilization I,NA
PWY-6931,July_2,29.824988969942204,seleno-amino acid detoxification and volatilization I,NA
PWY-6931,July_3,23.53897764250896,seleno-amino acid detoxification and volatilization I,NA
PWY-6931,May,14.068716695548817,seleno-amino acid detoxification and volatilization I,NA
PWY-6931,May_22,18.657990555284904,seleno-amino acid detoxification and volatilization I,NA
PWY-6931,October,7.433191856645957,seleno-amino acid detoxification and volatilization I,NA
PWY-6936,August,472.3320037964004,seleno-amino acid biosynthesis (plants),NA
PWY-6936,July_1,763.6307694560146,seleno-amino acid biosynthesis (plants),NA
PWY-6936,July_2,440.7098521647732,seleno-amino acid biosynthesis (plants),NA
PWY-6936,July_3,549.8842654225323,seleno-amino acid biosynthesis (plants),NA
PWY-6936,May,471.3051454450811,seleno-amino acid biosynthesis (plants),NA
PWY-6936,May_22,336.82158032283303,seleno-amino acid biosynthesis (plants),NA
PWY-6936,October,429.3668251745084,seleno-amino acid biosynthesis (plants),NA
PWY-6938-1,August,92.35418249265128,NADH repair (prokaryotes),NA
PWY-6938-1,July_1,105.47084624525922,NADH repair (prokaryotes),NA
PWY-6938-1,July_2,89.92140287509054,NADH repair (prokaryotes),NA
PWY-6938-1,July_3,81.43122929241628,NADH repair (prokaryotes),NA
PWY-6938-1,May,102.44844989571871,NADH repair (prokaryotes),NA
PWY-6938-1,May_22,117.81163952957567,NADH repair (prokaryotes),NA
PWY-6938-1,October,127.2232144815458,NADH repair (prokaryotes),NA
PWY-6942,August,20.421256092157456,dTDP-D-desosamine biosynthesis,NA
PWY-6942,July_1,28.62112562056319,dTDP-D-desosamine biosynthesis,NA
PWY-6942,July_2,24.474682752563165,dTDP-D-desosamine biosynthesis,NA
PWY-6942,July_3,22.92005393463324,dTDP-D-desosamine biosynthesis,NA
PWY-6942,May,6.490526615142526,dTDP-D-desosamine biosynthesis,NA
PWY-6942,May_22,6.071044559774313,dTDP-D-desosamine biosynthesis,NA
PWY-6952,August,171.34471894299324,glycerophosphodiester degradation,NA
PWY-6952,July_1,222.56187438933563,glycerophosphodiester degradation,NA
PWY-6952,July_2,169.50196059519683,glycerophosphodiester degradation,NA
PWY-6952,July_3,188.04112801324408,glycerophosphodiester degradation,NA
PWY-6952,May,214.22517682262801,glycerophosphodiester degradation,NA
PWY-6952,May_22,195.54737311132763,glycerophosphodiester degradation,NA
PWY-6952,October,164.5906460507828,glycerophosphodiester degradation,NA
PWY-6963,August,3020.2591807074,ammonia assimilation cycle I,NA
PWY-6963,July_1,2804.0280984854,ammonia assimilation cycle I,NA
PWY-6963,July_2,2796.024276354208,ammonia assimilation cycle I,NA
PWY-6963,July_3,2821.0886229685952,ammonia assimilation cycle I,NA
PWY-6963,May,1121.0596887991057,ammonia assimilation cycle I,NA
PWY-6963,May_22,1422.9854466116255,ammonia assimilation cycle I,NA
PWY-6963,October,1413.3152984638302,ammonia assimilation cycle I,NA
PWY-6964,August,2352.636621298202,ammonia assimilation cycle II,NA
PWY-6964,July_1,2029.9663168972168,ammonia assimilation cycle II,NA
PWY-6964,July_2,2197.4854373172166,ammonia assimilation cycle II,NA
PWY-6964,July_3,2147.3260593409805,ammonia assimilation cycle II,NA
PWY-6964,May,913.3443489023066,ammonia assimilation cycle II,NA
PWY-6964,May_22,1151.828600170784,ammonia assimilation cycle II,NA
PWY-6964,October,1165.4931279111693,ammonia assimilation cycle II,NA
PWY-6966,August,58.737207280601595,methanol oxidation to formaldehyde I,NA
PWY-6966,July_1,28.851969274703258,methanol oxidation to formaldehyde I,NA
PWY-6966,July_2,47.41999198134825,methanol oxidation to formaldehyde I,NA
PWY-6966,July_3,50.14284421858079,methanol oxidation to formaldehyde I,NA
PWY-6966,May,71.93147739205904,methanol oxidation to formaldehyde I,NA
PWY-6966,May_22,40.605363548793605,methanol oxidation to formaldehyde I,NA
PWY-6966,October,24.43524584674632,methanol oxidation to formaldehyde I,NA
PWY-6967,August,0.6711540077364297,methylamine degradation I,NA
PWY-6967,July_1,0.7334485531103109,methylamine degradation I,NA
PWY-6967,July_2,1.0753466021240348,methylamine degradation I,NA
PWY-6967,July_3,1.031342851437177,methylamine degradation I,NA
PWY-6967,May,0.833777948030723,methylamine degradation I,NA
PWY-6969,August,3247.1672014902406,TCA cycle V (2-oxoglutarate synthase),NA
PWY-6969,July_1,4563.022623974938,TCA cycle V (2-oxoglutarate synthase),NA
PWY-6969,July_2,3434.69657648106,TCA cycle V (2-oxoglutarate synthase),NA
PWY-6969,July_3,4220.6511340591005,TCA cycle V (2-oxoglutarate synthase),NA
PWY-6969,May,2885.060022336384,TCA cycle V (2-oxoglutarate synthase),NA
PWY-6969,May_22,2978.8813508334943,TCA cycle V (2-oxoglutarate synthase),NA
PWY-6969,October,2169.7273011777447,TCA cycle V (2-oxoglutarate synthase),NA
PWY-6981,August,202.94317278931848,chitin biosynthesis,NA
PWY-6981,July_1,351.8333104073654,chitin biosynthesis,NA
PWY-6981,July_2,201.81310734260427,chitin biosynthesis,NA
PWY-6981,July_3,203.344036186445,chitin biosynthesis,NA
PWY-6981,May,409.8667841268207,chitin biosynthesis,NA
PWY-6981,May_22,333.56041764527055,chitin biosynthesis,NA
PWY-6981,October,461.1676241592633,chitin biosynthesis,NA
PWY-6983,August,1162.0579267718072,<i>threo</i>-tetrahydrobiopterin biosynthesis,NA
PWY-6983,July_1,898.4081864165291,<i>threo</i>-tetrahydrobiopterin biosynthesis,NA
PWY-6983,July_2,1672.2154783163583,<i>threo</i>-tetrahydrobiopterin biosynthesis,NA
PWY-6983,July_3,701.5430656567029,<i>threo</i>-tetrahydrobiopterin biosynthesis,NA
PWY-6983,May,922.0051245330819,<i>threo</i>-tetrahydrobiopterin biosynthesis,NA
PWY-6983,May_22,1028.4579566494033,<i>threo</i>-tetrahydrobiopterin biosynthesis,NA
PWY-6983,October,1340.9255948765397,<i>threo</i>-tetrahydrobiopterin biosynthesis,NA
PWY-6987,August,164.49321609592948,lipoate biosynthesis and incorporation III (Bacillus),NA
PWY-6987,July_1,297.9680611123652,lipoate biosynthesis and incorporation III (Bacillus),NA
PWY-6987,July_2,183.18956925550995,lipoate biosynthesis and incorporation III (Bacillus),NA
PWY-6987,July_3,247.86381127759154,lipoate biosynthesis and incorporation III (Bacillus),NA
PWY-6987,May,81.77345828261609,lipoate biosynthesis and incorporation III (Bacillus),NA
PWY-6987,May_22,135.67427456147058,lipoate biosynthesis and incorporation III (Bacillus),NA
PWY-6987,October,64.91055766592034,lipoate biosynthesis and incorporation III (Bacillus),NA
PWY-6992,August,36.74992635081806,"1,5-anhydrofructose degradation",NA
PWY-6992,July_1,51.42002107091131,"1,5-anhydrofructose degradation",NA
PWY-6992,July_2,40.31271207859204,"1,5-anhydrofructose degradation",NA
PWY-6992,July_3,40.06054546451755,"1,5-anhydrofructose degradation",NA
PWY-6992,May,7.291329807144869,"1,5-anhydrofructose degradation",NA
PWY-6992,May_22,14.896220535714967,"1,5-anhydrofructose degradation",NA
PWY-6992,October,19.66178522415834,"1,5-anhydrofructose degradation",NA
PWY-6999,August,23.03205679517291,theophylline degradation,NA
PWY-6999,July_1,27.697635316157406,theophylline degradation,NA
PWY-6999,July_2,36.923935495868164,theophylline degradation,NA
PWY-6999,July_3,41.79480795998391,theophylline degradation,NA
PWY-6999,May,86.34321135333437,theophylline degradation,NA
PWY-6999,May_22,42.734949881168255,theophylline degradation,NA
PWY-6999,October,65.83198342839037,theophylline degradation,NA
PWY-7003,August,393.54646126345955,glycerol degradation to butanol,NA
PWY-7003,July_1,822.4116495678992,glycerol degradation to butanol,NA
PWY-7003,July_2,430.3136561463322,glycerol degradation to butanol,NA
PWY-7003,July_3,381.5692878520615,glycerol degradation to butanol,NA
PWY-7003,May,435.84775357152904,glycerol degradation to butanol,NA
PWY-7003,May_22,1103.1843705668466,glycerol degradation to butanol,NA
PWY-7003,October,491.18192890975257,glycerol degradation to butanol,NA
PWY-702,August,15.877311866852963,L-methionine biosynthesis II,NA
PWY-702,July_1,25.678242500676944,L-methionine biosynthesis II,NA
PWY-702,July_2,13.191541809094744,L-methionine biosynthesis II,NA
PWY-702,July_3,21.27177192206773,L-methionine biosynthesis II,NA
PWY-702,May,32.099174241774726,L-methionine biosynthesis II,NA
PWY-702,May_22,36.69177687244533,L-methionine biosynthesis II,NA
PWY-702,October,33.627119217559915,L-methionine biosynthesis II,NA
PWY-7052,August,68.62739376578376,cyanophycin metabolism,NA
PWY-7052,July_1,66.63783904370376,cyanophycin metabolism,NA
PWY-7052,July_2,69.85468220435503,cyanophycin metabolism,NA
PWY-7052,July_3,81.06066811908669,cyanophycin metabolism,NA
PWY-7052,May,44.0854977546592,cyanophycin metabolism,NA
PWY-7052,May_22,46.783047859882515,cyanophycin metabolism,NA
PWY-7052,October,27.588257036724105,cyanophycin metabolism,NA
PWY-7081,August,8.43560477405896,4-aminophenol degradation,NA
PWY-7081,July_1,3.8422405410254923,4-aminophenol degradation,NA
PWY-7081,July_2,5.941091909375951,4-aminophenol degradation,NA
PWY-7081,July_3,7.425137767937981,4-aminophenol degradation,NA
PWY-7081,May,2.6745917167907765,4-aminophenol degradation,NA
PWY-7081,May_22,3.174401328777937,4-aminophenol degradation,NA
PWY-7081,October,4.392358587421578,4-aminophenol degradation,NA
PWY-7090,August,9.718244114468044,"UDP-2,3-diacetamido-2,3-dideoxy-&alpha;-D-mannuronate biosynthesis",NA
PWY-7090,July_1,7.639927360923921,"UDP-2,3-diacetamido-2,3-dideoxy-&alpha;-D-mannuronate biosynthesis",NA
PWY-7090,July_2,9.561492483324368,"UDP-2,3-diacetamido-2,3-dideoxy-&alpha;-D-mannuronate biosynthesis",NA
PWY-7090,July_3,5.331742618157337,"UDP-2,3-diacetamido-2,3-dideoxy-&alpha;-D-mannuronate biosynthesis",NA
PWY-7091,August,720.0367926197645,linustatin bioactivation,NA
PWY-7091,July_1,487.705720036409,linustatin bioactivation,NA
PWY-7091,July_2,546.9023981166694,linustatin bioactivation,NA
PWY-7091,July_3,627.5361573475475,linustatin bioactivation,NA
PWY-7091,May,191.14455296495382,linustatin bioactivation,NA
PWY-7091,May_22,228.1951893859023,linustatin bioactivation,NA
PWY-7091,October,134.76999792102364,linustatin bioactivation,NA
PWY-7092,August,720.0367926197645,neolinustatin bioactivation,NA
PWY-7092,July_1,487.705720036409,neolinustatin bioactivation,NA
PWY-7092,July_2,546.9023981166694,neolinustatin bioactivation,NA
PWY-7092,July_3,627.5361573475475,neolinustatin bioactivation,NA
PWY-7092,May,191.14455296495382,neolinustatin bioactivation,NA
PWY-7092,May_22,228.1951893859023,neolinustatin bioactivation,NA
PWY-7092,October,134.76999792102364,neolinustatin bioactivation,NA
PWY-7094,August,2665.4837335826765,fatty acid salvage,NA
PWY-7094,July_1,4550.510174578861,fatty acid salvage,NA
PWY-7094,July_2,2533.578699342171,fatty acid salvage,NA
PWY-7094,July_3,2829.1851441268536,fatty acid salvage,NA
PWY-7094,May,2780.839539224809,fatty acid salvage,NA
PWY-7094,May_22,2574.261802698814,fatty acid salvage,NA
PWY-7094,October,3317.9543987839934,fatty acid salvage,NA
PWY-7097,August,30.01572629493768,vanillin and vanillate degradation I,NA
PWY-7097,July_1,13.468593732125651,vanillin and vanillate degradation I,NA
PWY-7097,July_2,37.214334571530856,vanillin and vanillate degradation I,NA
PWY-7097,July_3,24.261946767492915,vanillin and vanillate degradation I,NA
PWY-7097,May,46.84263994234054,vanillin and vanillate degradation I,NA
PWY-7097,May_22,49.736656168847944,vanillin and vanillate degradation I,NA
PWY-7097,October,47.36455241666404,vanillin and vanillate degradation I,NA
PWY-7098,August,5.980188610865494,vanillin and vanillate degradation II,NA
PWY-7098,July_1,4.2861704124749265,vanillin and vanillate degradation II,NA
PWY-7098,July_2,7.0366059604560665,vanillin and vanillate degradation II,NA
PWY-7098,July_3,7.166733216100012,vanillin and vanillate degradation II,NA
PWY-7098,May,12.181927183215649,vanillin and vanillate degradation II,NA
PWY-7098,May_22,16.04946865957913,vanillin and vanillate degradation II,NA
PWY-7098,October,15.663513778736336,vanillin and vanillate degradation II,NA
PWY-7108,August,7.668305881547923,erythromycin A biosynthesis,NA
PWY-7108,July_1,4.169895276727286,erythromycin A biosynthesis,NA
PWY-7108,July_2,2.912460726111,erythromycin A biosynthesis,NA
PWY-7108,July_3,3.7883539415426752,erythromycin A biosynthesis,NA
PWY-7108,May,20.250147672550966,erythromycin A biosynthesis,NA
PWY-7108,May_22,2.6040780889029196,erythromycin A biosynthesis,NA
PWY-7108,October,5.784138861631378,erythromycin A biosynthesis,NA
PWY-7109,August,3.8341529407739614,megalomicin A biosynthesis,NA
PWY-7109,July_1,2.084947638363643,megalomicin A biosynthesis,NA
PWY-7109,July_2,1.4562303630555,megalomicin A biosynthesis,NA
PWY-7109,July_3,1.8941769707713376,megalomicin A biosynthesis,NA
PWY-7109,May,10.125073836275483,megalomicin A biosynthesis,NA
PWY-7109,May_22,1.3020390444514598,megalomicin A biosynthesis,NA
PWY-7109,October,2.892069430815689,megalomicin A biosynthesis,NA
PWY-7112,August,58.02023633597942,4-hydroxy-2-nonenal detoxification,NA
PWY-7112,July_1,83.49026591392288,4-hydroxy-2-nonenal detoxification,NA
PWY-7112,July_2,72.34622185638797,4-hydroxy-2-nonenal detoxification,NA
PWY-7112,July_3,57.309845662664046,4-hydroxy-2-nonenal detoxification,NA
PWY-7112,May,87.06415053255145,4-hydroxy-2-nonenal detoxification,NA
PWY-7112,May_22,113.28878764543575,4-hydroxy-2-nonenal detoxification,NA
PWY-7112,October,66.34814458553645,4-hydroxy-2-nonenal detoxification,NA
PWY-7115,August,280.98470916987856,"C4 photosynthetic carbon assimilation cycle, NAD-ME type",NA
PWY-7115,July_1,322.3144476649806,"C4 photosynthetic carbon assimilation cycle, NAD-ME type",NA
PWY-7115,July_2,264.3664514209192,"C4 photosynthetic carbon assimilation cycle, NAD-ME type",NA
PWY-7115,July_3,299.2980766113876,"C4 photosynthetic carbon assimilation cycle, NAD-ME type",NA
PWY-7115,May,327.36410329860644,"C4 photosynthetic carbon assimilation cycle, NAD-ME type",NA
PWY-7115,May_22,426.00576558474654,"C4 photosynthetic carbon assimilation cycle, NAD-ME type",NA
PWY-7115,October,192.71162446540012,"C4 photosynthetic carbon assimilation cycle, NAD-ME type",NA
PWY-7117,August,204.6401983213306,"C4 photosynthetic carbon assimilation cycle, PEPCK type",NA
PWY-7117,July_1,264.7588326952674,"C4 photosynthetic carbon assimilation cycle, PEPCK type",NA
PWY-7117,July_2,214.62819783470428,"C4 photosynthetic carbon assimilation cycle, PEPCK type",NA
PWY-7117,July_3,241.6215630049444,"C4 photosynthetic carbon assimilation cycle, PEPCK type",NA
PWY-7117,May,291.2158426745531,"C4 photosynthetic carbon assimilation cycle, PEPCK type",NA
PWY-7117,May_22,253.8683112254888,"C4 photosynthetic carbon assimilation cycle, PEPCK type",NA
PWY-7117,October,117.26782117410038,"C4 photosynthetic carbon assimilation cycle, PEPCK type",NA
PWY-7118,August,821.3518245521211,chitin deacetylation,NA
PWY-7118,July_1,779.1546314232471,chitin deacetylation,NA
PWY-7118,July_2,732.4124650032734,chitin deacetylation,NA
PWY-7118,July_3,829.37536111446,chitin deacetylation,NA
PWY-7118,May,3357.27695469719,chitin deacetylation,NA
PWY-7118,May_22,2893.545204356823,chitin deacetylation,NA
PWY-7118,October,3202.4924597321333,chitin deacetylation,NA
PWY-7119,August,35.87392885979379,ceramide and sphingolipid recycling and degradation (yeast),NA
PWY-7119,July_1,38.19307298600365,ceramide and sphingolipid recycling and degradation (yeast),NA
PWY-7119,July_2,47.33233358437785,ceramide and sphingolipid recycling and degradation (yeast),NA
PWY-7119,July_3,35.362282025070954,ceramide and sphingolipid recycling and degradation (yeast),NA
PWY-7141,August,79.6743271943963,(3<i>S</i>)-linalool biosynthesis,NA
PWY-7141,July_1,128.42062301967186,(3<i>S</i>)-linalool biosynthesis,NA
PWY-7141,July_2,90.56778702658092,(3<i>S</i>)-linalool biosynthesis,NA
PWY-7141,July_3,77.76028809423569,(3<i>S</i>)-linalool biosynthesis,NA
PWY-7141,May,78.47980462391475,(3<i>S</i>)-linalool biosynthesis,NA
PWY-7141,May_22,90.39341681716041,(3<i>S</i>)-linalool biosynthesis,NA
PWY-7141,October,95.17330864564366,(3<i>S</i>)-linalool biosynthesis,NA
PWY-7142,August,366.172559668268,cyanide detoxification II,NA
PWY-7142,July_1,166.6723084148581,cyanide detoxification II,NA
PWY-7142,July_2,306.64662431423994,cyanide detoxification II,NA
PWY-7142,July_3,336.23082915514743,cyanide detoxification II,NA
PWY-7142,May,190.22702545770176,cyanide detoxification II,NA
PWY-7142,May_22,119.57843926805891,cyanide detoxification II,NA
PWY-7142,October,131.05584541392113,cyanide detoxification II,NA
PWY-7147,August,56.57115527266136,8-amino-7-oxononanoate biosynthesis II,NA
PWY-7147,July_1,49.860430667858864,8-amino-7-oxononanoate biosynthesis II,NA
PWY-7147,July_2,59.78912187259248,8-amino-7-oxononanoate biosynthesis II,NA
PWY-7147,July_3,65.21257707144497,8-amino-7-oxononanoate biosynthesis II,NA
PWY-7147,May,15.950195928205089,8-amino-7-oxononanoate biosynthesis II,NA
PWY-7147,May_22,19.326362574511656,8-amino-7-oxononanoate biosynthesis II,NA
PWY-7147,October,13.947140906549645,8-amino-7-oxononanoate biosynthesis II,NA
PWY-7158,August,31.50616061794812,L-phenylalanine degradation V,NA
PWY-7158,July_1,56.60817707710187,L-phenylalanine degradation V,NA
PWY-7158,July_2,34.098171848164476,L-phenylalanine degradation V,NA
PWY-7158,July_3,40.583759503515886,L-phenylalanine degradation V,NA
PWY-7158,May,17.33794150257002,L-phenylalanine degradation V,NA
PWY-7158,May_22,19.593731847989037,L-phenylalanine degradation V,NA
PWY-7158,October,39.24766463360065,L-phenylalanine degradation V,NA
PWY-7176,August,1211.8747464027483,UTP and CTP <i>de novo</i> biosynthesis,NA
PWY-7176,July_1,1520.7199230328188,UTP and CTP <i>de novo</i> biosynthesis,NA
PWY-7176,July_2,1202.135088962175,UTP and CTP <i>de novo</i> biosynthesis,NA
PWY-7176,July_3,1390.9438808240266,UTP and CTP <i>de novo</i> biosynthesis,NA
PWY-7176,May,486.1592539226124,UTP and CTP <i>de novo</i> biosynthesis,NA
PWY-7176,May_22,582.9951667505011,UTP and CTP <i>de novo</i> biosynthesis,NA
PWY-7176,October,447.09697750256896,UTP and CTP <i>de novo</i> biosynthesis,NA
PWY-7179,August,92.65947027442834,purine deoxyribonucleosides degradation I,NA
PWY-7179,July_1,100.51648405086112,purine deoxyribonucleosides degradation I,NA
PWY-7179,July_2,106.4834163773186,purine deoxyribonucleosides degradation I,NA
PWY-7179,July_3,93.47675989286242,purine deoxyribonucleosides degradation I,NA
PWY-7179,May,44.55207102165332,purine deoxyribonucleosides degradation I,NA
PWY-7179,May_22,50.84961114834162,purine deoxyribonucleosides degradation I,NA
PWY-7179,October,46.76914238001891,purine deoxyribonucleosides degradation I,NA
PWY-7179-1,August,65.30066579243612,purine deoxyribonucleosides degradation II,NA
PWY-7179-1,July_1,70.318458656998,purine deoxyribonucleosides degradation II,NA
PWY-7179-1,July_2,74.38024790930228,purine deoxyribonucleosides degradation II,NA
PWY-7179-1,July_3,66.54204519591647,purine deoxyribonucleosides degradation II,NA
PWY-7179-1,May,29.7811557316854,purine deoxyribonucleosides degradation II,NA
PWY-7179-1,May_22,34.57570258562792,purine deoxyribonucleosides degradation II,NA
PWY-7179-1,October,31.534631484238993,purine deoxyribonucleosides degradation II,NA
PWY-7180,August,60.72574244495073,2-deoxy-&alpha;-D-ribose 1-phosphate degradation,NA
PWY-7180,July_1,66.39579040592038,2-deoxy-&alpha;-D-ribose 1-phosphate degradation,NA
PWY-7180,July_2,57.402968450005616,2-deoxy-&alpha;-D-ribose 1-phosphate degradation,NA
PWY-7180,July_3,64.82867275699166,2-deoxy-&alpha;-D-ribose 1-phosphate degradation,NA
PWY-7180,May,18.90849738437118,2-deoxy-&alpha;-D-ribose 1-phosphate degradation,NA
PWY-7180,May_22,41.462733864403816,2-deoxy-&alpha;-D-ribose 1-phosphate degradation,NA
PWY-7180,October,21.031145685225336,2-deoxy-&alpha;-D-ribose 1-phosphate degradation,NA
PWY-7181,August,51.59208091999111,pyrimidine deoxyribonucleosides degradation,NA
PWY-7181,July_1,39.117000278993544,pyrimidine deoxyribonucleosides degradation,NA
PWY-7181,July_2,41.46742737571698,pyrimidine deoxyribonucleosides degradation,NA
PWY-7181,July_3,49.12990064706936,pyrimidine deoxyribonucleosides degradation,NA
PWY-7181,May,32.60933126613813,pyrimidine deoxyribonucleosides degradation,NA
PWY-7181,May_22,25.153048485193455,pyrimidine deoxyribonucleosides degradation,NA
PWY-7181,October,24.950996094813036,pyrimidine deoxyribonucleosides degradation,NA
PWY-7182,August,79.6743271943963,linalool biosynthesis I,NA
PWY-7182,July_1,128.42062301967186,linalool biosynthesis I,NA
PWY-7182,July_2,90.56778702658092,linalool biosynthesis I,NA
PWY-7182,July_3,77.76028809423569,linalool biosynthesis I,NA
PWY-7182,May,78.47980462391475,linalool biosynthesis I,NA
PWY-7182,May_22,90.39341681716041,linalool biosynthesis I,NA
PWY-7182,October,95.17330864564366,linalool biosynthesis I,NA
PWY-7183,August,211.57772844053972,pyrimidine nucleobases salvage I,NA
PWY-7183,July_1,282.5219609978151,pyrimidine nucleobases salvage I,NA
PWY-7183,July_2,232.61976092413974,pyrimidine nucleobases salvage I,NA
PWY-7183,July_3,245.0965067472325,pyrimidine nucleobases salvage I,NA
PWY-7183,May,144.22702019254447,pyrimidine nucleobases salvage I,NA
PWY-7183,May_22,190.6127901331064,pyrimidine nucleobases salvage I,NA
PWY-7183,October,134.27487642326184,pyrimidine nucleobases salvage I,NA
PWY-7184,August,696.5577758945981,pyrimidine deoxyribonucleotides <i>de novo</i> biosynthesis I,NA
PWY-7184,July_1,970.1803720352245,pyrimidine deoxyribonucleotides <i>de novo</i> biosynthesis I,NA
PWY-7184,July_2,768.6531702115535,pyrimidine deoxyribonucleotides <i>de novo</i> biosynthesis I,NA
PWY-7184,July_3,726.0594901284736,pyrimidine deoxyribonucleotides <i>de novo</i> biosynthesis I,NA
PWY-7184,May,368.34778669847896,pyrimidine deoxyribonucleotides <i>de novo</i> biosynthesis I,NA
PWY-7184,May_22,420.40333198587666,pyrimidine deoxyribonucleotides <i>de novo</i> biosynthesis I,NA
PWY-7184,October,373.43175295470917,pyrimidine deoxyribonucleotides <i>de novo</i> biosynthesis I,NA
PWY-7185,August,17.8848772700904,UTP and CTP dephosphorylation I,NA
PWY-7185,July_1,8.092926423912168,UTP and CTP dephosphorylation I,NA
PWY-7185,July_2,17.530486607934225,UTP and CTP dephosphorylation I,NA
PWY-7185,July_3,16.923288138433247,UTP and CTP dephosphorylation I,NA
PWY-7185,May_22,10.339815641070247,UTP and CTP dephosphorylation I,NA
PWY-7185,October,19.61559853832459,UTP and CTP dephosphorylation I,NA
PWY-7187,August,51.35937647846884,pyrimidine deoxyribonucleotides <i>de novo</i> biosynthesis II,NA
PWY-7187,July_1,72.10010948985504,pyrimidine deoxyribonucleotides <i>de novo</i> biosynthesis II,NA
PWY-7187,July_2,92.89688832929261,pyrimidine deoxyribonucleotides <i>de novo</i> biosynthesis II,NA
PWY-7187,July_3,63.515144847840865,pyrimidine deoxyribonucleotides <i>de novo</i> biosynthesis II,NA
PWY-7187,May,27.577989904275064,pyrimidine deoxyribonucleotides <i>de novo</i> biosynthesis II,NA
PWY-7187,May_22,35.48262429310547,pyrimidine deoxyribonucleotides <i>de novo</i> biosynthesis II,NA
PWY-7187,October,40.43785951213971,pyrimidine deoxyribonucleotides <i>de novo</i> biosynthesis II,NA
PWY-7193,August,13.952863841931393,pyrimidine ribonucleosides salvage I,NA
PWY-7193,July_1,6.780391029120839,pyrimidine ribonucleosides salvage I,NA
PWY-7193,July_2,13.330846049363828,pyrimidine ribonucleosides salvage I,NA
PWY-7193,July_3,19.13381634457737,pyrimidine ribonucleosides salvage I,NA
PWY-7193,May,25.649501249880732,pyrimidine ribonucleosides salvage I,NA
PWY-7193,May_22,10.395533346388024,pyrimidine ribonucleosides salvage I,NA
PWY-7193,October,20.380226930031196,pyrimidine ribonucleosides salvage I,NA
PWY-7194,August,269.3326839405664,pyrimidine nucleobases salvage II,NA
PWY-7194,July_1,381.51235540249553,pyrimidine nucleobases salvage II,NA
PWY-7194,July_2,304.4220177786865,pyrimidine nucleobases salvage II,NA
PWY-7194,July_3,310.7025581021611,pyrimidine nucleobases salvage II,NA
PWY-7194,May,403.1413463786824,pyrimidine nucleobases salvage II,NA
PWY-7194,May_22,289.4849881576971,pyrimidine nucleobases salvage II,NA
PWY-7194,October,333.68633736728947,pyrimidine nucleobases salvage II,NA
PWY-7195,August,57.75495550002668,pyrimidine ribonucleosides salvage III,NA
PWY-7195,July_1,98.99039440468046,pyrimidine ribonucleosides salvage III,NA
PWY-7195,July_2,71.802256854546755,pyrimidine ribonucleosides salvage III,NA
PWY-7195,July_3,65.60605135492864,pyrimidine ribonucleosides salvage III,NA
PWY-7195,May,258.91432618613794,pyrimidine ribonucleosides salvage III,NA
PWY-7195,May_22,98.87219802459073,pyrimidine ribonucleosides salvage III,NA
PWY-7195,October,199.41146094402762,pyrimidine ribonucleosides salvage III,NA
PWY-7196,August,577.9266856788763,superpathway of pyrimidine ribonucleosides salvage,NA
PWY-7196,July_1,801.3857387096953,superpathway of pyrimidine ribonucleosides salvage,NA
PWY-7196,July_2,508.28137964656156,superpathway of pyrimidine ribonucleosides salvage,NA
PWY-7196,July_3,646.00352008858,superpathway of pyrimidine ribonucleosides salvage,NA
PWY-7196,May,220.4587557490244,superpathway of pyrimidine ribonucleosides salvage,NA
PWY-7196,May_22,227.7146146753188,superpathway of pyrimidine ribonucleosides salvage,NA
PWY-7196,October,144.9073006612709,superpathway of pyrimidine ribonucleosides salvage,NA
PWY-7197,August,431.51308837801383,pyrimidine deoxyribonucleotide phosphorylation,NA
PWY-7197,July_1,445.3913220580923,pyrimidine deoxyribonucleotide phosphorylation,NA
PWY-7197,July_2,439.94210145678255,pyrimidine deoxyribonucleotide phosphorylation,NA
PWY-7197,July_3,386.09454393483406,pyrimidine deoxyribonucleotide phosphorylation,NA
PWY-7197,May,287.40024066272196,pyrimidine deoxyribonucleotide phosphorylation,NA
PWY-7197,May_22,317.3986566850159,pyrimidine deoxyribonucleotide phosphorylation,NA
PWY-7197,October,272.23999677078785,pyrimidine deoxyribonucleotide phosphorylation,NA
PWY-7198,August,117.89903477413442,pyrimidine deoxyribonucleotides <i>de novo</i> biosynthesis IV,NA
PWY-7198,July_1,236.34576483797866,pyrimidine deoxyribonucleotides <i>de novo</i> biosynthesis IV,NA
PWY-7198,July_2,178.10825152455402,pyrimidine deoxyribonucleotides <i>de novo</i> biosynthesis IV,NA
PWY-7198,July_3,166.84665204590937,pyrimidine deoxyribonucleotides <i>de novo</i> biosynthesis IV,NA
PWY-7198,May,59.59043578078493,pyrimidine deoxyribonucleotides <i>de novo</i> biosynthesis IV,NA
PWY-7198,May_22,171.04680782798945,pyrimidine deoxyribonucleotides <i>de novo</i> biosynthesis IV,NA
PWY-7198,October,172.94522462784735,pyrimidine deoxyribonucleotides <i>de novo</i> biosynthesis IV,NA
PWY-7199,August,18.70215551334323,pyrimidine deoxyribonucleosides salvage,NA
PWY-7199,July_1,29.521012156309805,pyrimidine deoxyribonucleosides salvage,NA
PWY-7199,July_2,19.01227240189442,pyrimidine deoxyribonucleosides salvage,NA
PWY-7199,July_3,22.77368928916141,pyrimidine deoxyribonucleosides salvage,NA
PWY-7199,May,50.2139099320948,pyrimidine deoxyribonucleosides salvage,NA
PWY-7199,May_22,85.80123857266385,pyrimidine deoxyribonucleosides salvage,NA
PWY-7199,October,71.6685790877972,pyrimidine deoxyribonucleosides salvage,NA
PWY-7200,August,66.52088047410504,superpathway of pyrimidine deoxyribonucleoside salvage,NA
PWY-7200,July_1,96.01785327885366,superpathway of pyrimidine deoxyribonucleoside salvage,NA
PWY-7200,July_2,101.7551904451385,superpathway of pyrimidine deoxyribonucleoside salvage,NA
PWY-7200,July_3,87.54184503942705,superpathway of pyrimidine deoxyribonucleoside salvage,NA
PWY-7200,May,100.09647417053036,superpathway of pyrimidine deoxyribonucleoside salvage,NA
PWY-7200,May_22,114.06384874905508,superpathway of pyrimidine deoxyribonucleoside salvage,NA
PWY-7200,October,114.65166197979272,superpathway of pyrimidine deoxyribonucleoside salvage,NA
PWY-7205,August,237.50389609051788,CMP phosphorylation,NA
PWY-7205,July_1,237.28186140907468,CMP phosphorylation,NA
PWY-7205,July_2,230.310895262619,CMP phosphorylation,NA
PWY-7205,July_3,208.9245058381642,CMP phosphorylation,NA
PWY-7205,May,167.08170118600893,CMP phosphorylation,NA
PWY-7205,May_22,160.73225058978556,CMP phosphorylation,NA
PWY-7205,October,156.191618910757,CMP phosphorylation,NA
PWY-7206,August,15.384841842483258,pyrimidine deoxyribonucleotides dephosphorylation,NA
PWY-7206,July_1,12.205532440239404,pyrimidine deoxyribonucleotides dephosphorylation,NA
PWY-7206,July_2,17.143415166003244,pyrimidine deoxyribonucleotides dephosphorylation,NA
PWY-7206,July_3,7.925706117364611,pyrimidine deoxyribonucleotides dephosphorylation,NA
PWY-7206,May,16.33266319301834,pyrimidine deoxyribonucleotides dephosphorylation,NA
PWY-7206,May_22,8.369798228791602,pyrimidine deoxyribonucleotides dephosphorylation,NA
PWY-7206,October,11.264846501150721,pyrimidine deoxyribonucleotides dephosphorylation,NA
PWY-7208,August,1495.354439102522,superpathway of pyrimidine nucleobases salvage,NA
PWY-7208,July_1,1886.025392783735,superpathway of pyrimidine nucleobases salvage,NA
PWY-7208,July_2,1505.6172553763563,superpathway of pyrimidine nucleobases salvage,NA
PWY-7208,July_3,1720.1217252273314,superpathway of pyrimidine nucleobases salvage,NA
PWY-7208,May,654.1323315651231,superpathway of pyrimidine nucleobases salvage,NA
PWY-7208,May_22,806.386479162113,superpathway of pyrimidine nucleobases salvage,NA
PWY-7208,October,613.1549215307034,superpathway of pyrimidine nucleobases salvage,NA
PWY-7209,August,64.38863301077778,superpathway of pyrimidine ribonucleosides degradation,NA
PWY-7209,July_1,71.3926123228278,superpathway of pyrimidine ribonucleosides degradation,NA
PWY-7209,July_2,66.23208368481775,superpathway of pyrimidine ribonucleosides degradation,NA
PWY-7209,July_3,75.90836061362552,superpathway of pyrimidine ribonucleosides degradation,NA
PWY-7209,May,85.03633884104231,superpathway of pyrimidine ribonucleosides degradation,NA
PWY-7209,May_22,52.76541822619854,superpathway of pyrimidine ribonucleosides degradation,NA
PWY-7209,October,60.07900211733584,superpathway of pyrimidine ribonucleosides degradation,NA
PWY-7210,August,215.74183238728,pyrimidine deoxyribonucleotides biosynthesis from CTP,NA
PWY-7210,July_1,312.0593058459708,pyrimidine deoxyribonucleotides biosynthesis from CTP,NA
PWY-7210,July_2,263.5336911215336,pyrimidine deoxyribonucleotides biosynthesis from CTP,NA
PWY-7210,July_3,235.87640785167505,pyrimidine deoxyribonucleotides biosynthesis from CTP,NA
PWY-7210,May,228.43637589264273,pyrimidine deoxyribonucleotides biosynthesis from CTP,NA
PWY-7210,May_22,210.6950291883739,pyrimidine deoxyribonucleotides biosynthesis from CTP,NA
PWY-7210,October,192.76120891393754,pyrimidine deoxyribonucleotides biosynthesis from CTP,NA
PWY-7211,August,1583.2533596105438,superpathway of pyrimidine deoxyribonucleotides <i>de novo</i> biosynthesis,NA
PWY-7211,July_1,2527.4023276101334,superpathway of pyrimidine deoxyribonucleotides <i>de novo</i> biosynthesis,NA
PWY-7211,July_2,1854.3491654239972,superpathway of pyrimidine deoxyribonucleotides <i>de novo</i> biosynthesis,NA
PWY-7211,July_3,1924.8115558637635,superpathway of pyrimidine deoxyribonucleotides <i>de novo</i> biosynthesis,NA
PWY-7211,May,933.1031709275748,superpathway of pyrimidine deoxyribonucleotides <i>de novo</i> biosynthesis,NA
PWY-7211,May_22,1012.4220530961309,superpathway of pyrimidine deoxyribonucleotides <i>de novo</i> biosynthesis,NA
PWY-7211,October,706.9486022148593,superpathway of pyrimidine deoxyribonucleotides <i>de novo</i> biosynthesis,NA
PWY-7214,August,7.352868161582722,baicalein degradation (hydrogen peroxide detoxification),NA
PWY-7214,July_1,2.408782861451947,baicalein degradation (hydrogen peroxide detoxification),NA
PWY-7214,July_2,4.079883334183019,baicalein degradation (hydrogen peroxide detoxification),NA
PWY-7214,July_3,5.047495332902944,baicalein degradation (hydrogen peroxide detoxification),NA
PWY-7214,May,5.9230724511815405,baicalein degradation (hydrogen peroxide detoxification),NA
PWY-7214,May_22,4.785353702332454,baicalein degradation (hydrogen peroxide detoxification),NA
PWY-7214,October,6.076623977700145,baicalein degradation (hydrogen peroxide detoxification),NA
PWY-7219,August,523.0825967685133,adenosine ribonucleotides <i>de novo</i> biosynthesis,NA
PWY-7219,July_1,671.2765263219601,adenosine ribonucleotides <i>de novo</i> biosynthesis,NA
PWY-7219,July_2,538.5993562925685,adenosine ribonucleotides <i>de novo</i> biosynthesis,NA
PWY-7219,July_3,578.3243249901415,adenosine ribonucleotides <i>de novo</i> biosynthesis,NA
PWY-7219,May,149.1432424947298,adenosine ribonucleotides <i>de novo</i> biosynthesis,NA
PWY-7219,May_22,205.8614424570187,adenosine ribonucleotides <i>de novo</i> biosynthesis,NA
PWY-7219,October,161.92432225684223,adenosine ribonucleotides <i>de novo</i> biosynthesis,NA
PWY-7220,August,1740.9578495047153,adenosine deoxyribonucleotides <i>de novo</i> biosynthesis II,NA
PWY-7220,July_1,2594.8263678402877,adenosine deoxyribonucleotides <i>de novo</i> biosynthesis II,NA
PWY-7220,July_2,1999.9398770001917,adenosine deoxyribonucleotides <i>de novo</i> biosynthesis II,NA
PWY-7220,July_3,1975.5028033773037,adenosine deoxyribonucleotides <i>de novo</i> biosynthesis II,NA
PWY-7220,May,1590.704223955648,adenosine deoxyribonucleotides <i>de novo</i> biosynthesis II,NA
PWY-7220,May_22,1537.0662660983269,adenosine deoxyribonucleotides <i>de novo</i> biosynthesis II,NA
PWY-7220,October,1621.9696402808418,adenosine deoxyribonucleotides <i>de novo</i> biosynthesis II,NA
PWY-7221,August,1231.9155182808388,guanosine ribonucleotides <i>de novo</i> biosynthesis,NA
PWY-7221,July_1,1370.939091281696,guanosine ribonucleotides <i>de novo</i> biosynthesis,NA
PWY-7221,July_2,1152.9372921478405,guanosine ribonucleotides <i>de novo</i> biosynthesis,NA
PWY-7221,July_3,1299.5137290330633,guanosine ribonucleotides <i>de novo</i> biosynthesis,NA
PWY-7221,May,3921.7073664520294,guanosine ribonucleotides <i>de novo</i> biosynthesis,NA
PWY-7221,May_22,3985.3792564597115,guanosine ribonucleotides <i>de novo</i> biosynthesis,NA
PWY-7221,October,2278.5729622085432,guanosine ribonucleotides <i>de novo</i> biosynthesis,NA
PWY-7222,August,1740.9578495047153,guanosine deoxyribonucleotides <i>de novo</i> biosynthesis II,NA
PWY-7222,July_1,2594.8263678402877,guanosine deoxyribonucleotides <i>de novo</i> biosynthesis II,NA
PWY-7222,July_2,1999.9398770001917,guanosine deoxyribonucleotides <i>de novo</i> biosynthesis II,NA
PWY-7222,July_3,1975.5028033773037,guanosine deoxyribonucleotides <i>de novo</i> biosynthesis II,NA
PWY-7222,May,1590.704223955648,guanosine deoxyribonucleotides <i>de novo</i> biosynthesis II,NA
PWY-7222,May_22,1537.0662660983269,guanosine deoxyribonucleotides <i>de novo</i> biosynthesis II,NA
PWY-7222,October,1621.9696402808418,guanosine deoxyribonucleotides <i>de novo</i> biosynthesis II,NA
PWY-7226,August,971.3564846053553,guanosine deoxyribonucleotides <i>de novo</i> biosynthesis I,NA
PWY-7226,July_1,1379.65865969054,guanosine deoxyribonucleotides <i>de novo</i> biosynthesis I,NA
PWY-7226,July_2,1073.477484583715,guanosine deoxyribonucleotides <i>de novo</i> biosynthesis I,NA
PWY-7226,July_3,1077.6231772372753,guanosine deoxyribonucleotides <i>de novo</i> biosynthesis I,NA
PWY-7226,May,850.073858742199,guanosine deoxyribonucleotides <i>de novo</i> biosynthesis I,NA
PWY-7226,May_22,833.1484132119731,guanosine deoxyribonucleotides <i>de novo</i> biosynthesis I,NA
PWY-7226,October,843.7593652289775,guanosine deoxyribonucleotides <i>de novo</i> biosynthesis I,NA
PWY-7227,August,971.3564846053553,adenosine deoxyribonucleotides <i>de novo</i> biosynthesis I,NA
PWY-7227,July_1,1379.65865969054,adenosine deoxyribonucleotides <i>de novo</i> biosynthesis I,NA
PWY-7227,July_2,1073.477484583715,adenosine deoxyribonucleotides <i>de novo</i> biosynthesis I,NA
PWY-7227,July_3,1077.6231772372753,adenosine deoxyribonucleotides <i>de novo</i> biosynthesis I,NA
PWY-7227,May,850.073858742199,adenosine deoxyribonucleotides <i>de novo</i> biosynthesis I,NA
PWY-7227,May_22,833.1484132119731,adenosine deoxyribonucleotides <i>de novo</i> biosynthesis I,NA
PWY-7227,October,843.7593652289775,adenosine deoxyribonucleotides <i>de novo</i> biosynthesis I,NA
PWY-7228,August,1681.5897341266918,superpathway of guanosine nucleotides <i>de novo</i> biosynthesis I,NA
PWY-7228,July_1,2113.085186219287,superpathway of guanosine nucleotides <i>de novo</i> biosynthesis I,NA
PWY-7228,July_2,1681.663225204619,superpathway of guanosine nucleotides <i>de novo</i> biosynthesis I,NA
PWY-7228,July_3,1854.6203798972958,superpathway of guanosine nucleotides <i>de novo</i> biosynthesis I,NA
PWY-7228,May,3372.862452618305,superpathway of guanosine nucleotides <i>de novo</i> biosynthesis I,NA
PWY-7228,May_22,3595.9679733831663,superpathway of guanosine nucleotides <i>de novo</i> biosynthesis I,NA
PWY-7228,October,2539.0148989609643,superpathway of guanosine nucleotides <i>de novo</i> biosynthesis I,NA
PWY-7229,August,898.1311718612303,superpathway of adenosine nucleotides <i>de novo</i> biosynthesis I (from IMP and L-aspartate),NA
PWY-7229,July_1,1383.1706113820865,superpathway of adenosine nucleotides <i>de novo</i> biosynthesis I (from IMP and L-aspartate),NA
PWY-7229,July_2,1047.6441663030844,superpathway of adenosine nucleotides <i>de novo</i> biosynthesis I (from IMP and L-aspartate),NA
PWY-7229,July_3,1090.6046925490184,superpathway of adenosine nucleotides <i>de novo</i> biosynthesis I (from IMP and L-aspartate),NA
PWY-7229,May,475.66246343447165,superpathway of adenosine nucleotides <i>de novo</i> biosynthesis I (from IMP and L-aspartate),NA
PWY-7229,May_22,521.2291581266508,superpathway of adenosine nucleotides <i>de novo</i> biosynthesis I (from IMP and L-aspartate),NA
PWY-7229,October,423.5672058512487,superpathway of adenosine nucleotides <i>de novo</i> biosynthesis I (from IMP and L-aspartate),NA
PWY-723,August,18.38645728789853,alkylnitronates degradation,NA
PWY-723,July_1,21.070649054684495,alkylnitronates degradation,NA
PWY-723,July_2,21.118952047647703,alkylnitronates degradation,NA
PWY-723,July_3,16.509280318164727,alkylnitronates degradation,NA
PWY-723,May,11.92433708883802,alkylnitronates degradation,NA
PWY-723,May_22,10.15043933315959,alkylnitronates degradation,NA
PWY-723,October,6.679684478813591,alkylnitronates degradation,NA
PWY-7234,August,181.96447051842352,inosine-5'-phosphate biosynthesis III,NA
PWY-7234,July_1,286.92729906692585,inosine-5'-phosphate biosynthesis III,NA
PWY-7234,July_2,210.29116255149978,inosine-5'-phosphate biosynthesis III,NA
PWY-7234,July_3,187.3921141254396,inosine-5'-phosphate biosynthesis III,NA
PWY-7234,May,179.62862087501867,inosine-5'-phosphate biosynthesis III,NA
PWY-7234,May_22,176.56744119791904,inosine-5'-phosphate biosynthesis III,NA
PWY-7234,October,171.48114221707544,inosine-5'-phosphate biosynthesis III,NA
PWY-7237,August,663.7671176163539,"<i>myo</i>-, <i>chiro</i>- and <i>scyllo</i>-inositol degradation",NA
PWY-7237,July_1,233.2795455915238,"<i>myo</i>-, <i>chiro</i>- and <i>scyllo</i>-inositol degradation",NA
PWY-7237,July_2,384.27031330929105,"<i>myo</i>-, <i>chiro</i>- and <i>scyllo</i>-inositol degradation",NA
PWY-7237,July_3,400.1256486515725,"<i>myo</i>-, <i>chiro</i>- and <i>scyllo</i>-inositol degradation",NA
PWY-7237,May,181.813780862671,"<i>myo</i>-, <i>chiro</i>- and <i>scyllo</i>-inositol degradation",NA
PWY-7237,May_22,224.64196237958078,"<i>myo</i>-, <i>chiro</i>- and <i>scyllo</i>-inositol degradation",NA
PWY-7237,October,323.8041771591116,"<i>myo</i>-, <i>chiro</i>- and <i>scyllo</i>-inositol degradation",NA
PWY-7238,August,342.36215757999736,sucrose biosynthesis II,NA
PWY-7238,July_1,583.4975446525101,sucrose biosynthesis II,NA
PWY-7238,July_2,359.9398732663568,sucrose biosynthesis II,NA
PWY-7238,July_3,397.5704589744038,sucrose biosynthesis II,NA
PWY-7238,May,576.8487216668127,sucrose biosynthesis II,NA
PWY-7238,May_22,481.8962582107787,sucrose biosynthesis II,NA
PWY-7238,October,608.9931596927386,sucrose biosynthesis II,NA
PWY-724,August,1013.1775997361195,"superpathway of L-lysine, L-threonine and L-methionine biosynthesis II",NA
PWY-724,July_1,1788.1245387137528,"superpathway of L-lysine, L-threonine and L-methionine biosynthesis II",NA
PWY-724,July_2,1006.7983652266148,"superpathway of L-lysine, L-threonine and L-methionine biosynthesis II",NA
PWY-724,July_3,1056.3931187333114,"superpathway of L-lysine, L-threonine and L-methionine biosynthesis II",NA
PWY-724,May,1076.9979283298685,"superpathway of L-lysine, L-threonine and L-methionine biosynthesis II",NA
PWY-724,May_22,854.4806776513002,"superpathway of L-lysine, L-threonine and L-methionine biosynthesis II",NA
PWY-724,October,1035.2825024101007,"superpathway of L-lysine, L-threonine and L-methionine biosynthesis II",NA
PWY-7242,August,69.60445479543066,D-fructuronate degradation,NA
PWY-7242,July_1,54.11020241420467,D-fructuronate degradation,NA
PWY-7242,July_2,61.79591685308361,D-fructuronate degradation,NA
PWY-7242,July_3,57.70322321037057,D-fructuronate degradation,NA
PWY-7242,May,26.188171769088132,D-fructuronate degradation,NA
PWY-7242,May_22,20.541860095969533,D-fructuronate degradation,NA
PWY-7242,October,20.615562316343127,D-fructuronate degradation,NA
PWY-7245,August,303.5266183484082,superpathway of NAD/NADP - NADH/NADPH interconversion (yeast),NA
PWY-7245,July_1,458.46634461575127,superpathway of NAD/NADP - NADH/NADPH interconversion (yeast),NA
PWY-7245,July_2,311.1825372232531,superpathway of NAD/NADP - NADH/NADPH interconversion (yeast),NA
PWY-7245,July_3,346.2514704517148,superpathway of NAD/NADP - NADH/NADPH interconversion (yeast),NA
PWY-7245,May,293.6139510360865,superpathway of NAD/NADP - NADH/NADPH interconversion (yeast),NA
PWY-7245,May_22,271.3896082219766,superpathway of NAD/NADP - NADH/NADPH interconversion (yeast),NA
PWY-7245,October,205.0803972674748,superpathway of NAD/NADP - NADH/NADPH interconversion (yeast),NA
PWY-7247,August,2.6428911982248278,&beta;-D-glucuronide and D-glucuronate degradation,NA
PWY-7247,July_1,3.757734352398574,&beta;-D-glucuronide and D-glucuronate degradation,NA
PWY-7247,July_2,1.3887639907909506,&beta;-D-glucuronide and D-glucuronate degradation,NA
PWY-7247,July_3,3.6098370968289415,&beta;-D-glucuronide and D-glucuronate degradation,NA
PWY-7247,May,31.67772567242558,&beta;-D-glucuronide and D-glucuronate degradation,NA
PWY-7247,May_22,31.844574602697904,&beta;-D-glucuronide and D-glucuronate degradation,NA
PWY-7247,October,19.953820076594734,&beta;-D-glucuronide and D-glucuronate degradation,NA
PWY-7254,August,1181.1864037670775,TCA cycle VII (acetate-producers),NA
PWY-7254,July_1,1791.0263098531725,TCA cycle VII (acetate-producers),NA
PWY-7254,July_2,1225.9169300702747,TCA cycle VII (acetate-producers),NA
PWY-7254,July_3,1775.631911156317,TCA cycle VII (acetate-producers),NA
PWY-7254,May,777.7370883410498,TCA cycle VII (acetate-producers),NA
PWY-7254,May_22,798.7999669874578,TCA cycle VII (acetate-producers),NA
PWY-7254,October,663.169051866834,TCA cycle VII (acetate-producers),NA
PWY-7268,August,223.07889029774418,cytosolic NADPH production (yeast),NA
PWY-7268,July_1,359.53229579017534,cytosolic NADPH production (yeast),NA
PWY-7268,July_2,233.39096020559143,cytosolic NADPH production (yeast),NA
PWY-7268,July_3,261.2894891632446,cytosolic NADPH production (yeast),NA
PWY-7268,May,256.1238817285714,cytosolic NADPH production (yeast),NA
PWY-7268,May_22,248.20320500213916,cytosolic NADPH production (yeast),NA
PWY-7268,October,149.96141470338836,cytosolic NADPH production (yeast),NA
PWY-7269,August,41.12762759047914,mitochondrial NADPH production (yeast),NA
PWY-7269,July_1,75.86627922967182,mitochondrial NADPH production (yeast),NA
PWY-7269,July_2,43.798539302698956,mitochondrial NADPH production (yeast),NA
PWY-7269,July_3,64.56760190687963,mitochondrial NADPH production (yeast),NA
PWY-7269,May,28.17750978319862,mitochondrial NADPH production (yeast),NA
PWY-7269,May_22,21.7303857711687,mitochondrial NADPH production (yeast),NA
PWY-7269,October,26.3940845982671,mitochondrial NADPH production (yeast),NA
PWY-7289,August,553.0058183587927,L-cysteine biosynthesis V (mycobacteria),NA
PWY-7289,July_1,814.3298800413155,L-cysteine biosynthesis V (mycobacteria),NA
PWY-7289,July_2,567.2582755948093,L-cysteine biosynthesis V (mycobacteria),NA
PWY-7289,July_3,943.2205623846277,L-cysteine biosynthesis V (mycobacteria),NA
PWY-7289,May,132.44955009217148,L-cysteine biosynthesis V (mycobacteria),NA
PWY-7289,May_22,166.891576697085,L-cysteine biosynthesis V (mycobacteria),NA
PWY-7289,October,174.12520115888523,L-cysteine biosynthesis V (mycobacteria),NA
PWY-7292,August,1.112422022293953,"oleate &beta;-oxidation (thioesterase-dependent, yeast)",NA
PWY-7292,July_1,1.0885358456104932,"oleate &beta;-oxidation (thioesterase-dependent, yeast)",NA
PWY-7292,July_2,1.03420252132783,"oleate &beta;-oxidation (thioesterase-dependent, yeast)",NA
PWY-7292,July_3,0.6305688019825644,"oleate &beta;-oxidation (thioesterase-dependent, yeast)",NA
PWY-7292,May,1.604473972727758,"oleate &beta;-oxidation (thioesterase-dependent, yeast)",NA
PWY-7292,May_22,0.9422425505648335,"oleate &beta;-oxidation (thioesterase-dependent, yeast)",NA
PWY-7292,October,0.8429937095383936,"oleate &beta;-oxidation (thioesterase-dependent, yeast)",NA
PWY-7297,August,31.684696641204905,octopamine biosynthesis,NA
PWY-7297,July_1,55.61717347047587,octopamine biosynthesis,NA
PWY-7297,July_2,42.81225719559594,octopamine biosynthesis,NA
PWY-7297,July_3,47.02660611534179,octopamine biosynthesis,NA
PWY-7297,May,23.221193721912957,octopamine biosynthesis,NA
PWY-7297,May_22,22.90465345340857,octopamine biosynthesis,NA
PWY-7297,October,28.127844204769858,octopamine biosynthesis,NA
PWY-7299,July_1,5.1847687682996275,progesterone biosynthesis,NA
PWY-7299,July_2,2.275713835110116,progesterone biosynthesis,NA
PWY-7299,July_3,1.902778298164932,progesterone biosynthesis,NA
PWY-7299,May,16.795938079770846,progesterone biosynthesis,NA
PWY-7299,May_22,3.943350498299658,progesterone biosynthesis,NA
PWY-7299,October,14.076778618034261,progesterone biosynthesis,NA
PWY-7301,August,178.96379451372113,dTDP-4-<i>O</i>-demethyl-&beta;-L-noviose biosynthesis,NA
PWY-7301,July_1,128.4437947611226,dTDP-4-<i>O</i>-demethyl-&beta;-L-noviose biosynthesis,NA
PWY-7301,July_2,168.77516108502024,dTDP-4-<i>O</i>-demethyl-&beta;-L-noviose biosynthesis,NA
PWY-7301,July_3,179.63250625423797,dTDP-4-<i>O</i>-demethyl-&beta;-L-noviose biosynthesis,NA
PWY-7301,May,24.213545840353916,dTDP-4-<i>O</i>-demethyl-&beta;-L-noviose biosynthesis,NA
PWY-7301,May_22,42.18984117095751,dTDP-4-<i>O</i>-demethyl-&beta;-L-noviose biosynthesis,NA
PWY-7301,October,27.847027429625978,dTDP-4-<i>O</i>-demethyl-&beta;-L-noviose biosynthesis,NA
PWY-7308,August,363.5039791419981,acrylonitrile degradation I,NA
PWY-7308,July_1,438.39486904472847,acrylonitrile degradation I,NA
PWY-7308,July_2,341.51612216817153,acrylonitrile degradation I,NA
PWY-7308,July_3,341.3869088522414,acrylonitrile degradation I,NA
PWY-7308,May,641.7265468581302,acrylonitrile degradation I,NA
PWY-7308,May_22,483.2158546261669,acrylonitrile degradation I,NA
PWY-7308,October,617.0437016393948,acrylonitrile degradation I,NA
PWY-7309,August,8.61374006768631,acrylonitrile degradation II,NA
PWY-7309,July_1,6.955774061312775,acrylonitrile degradation II,NA
PWY-7309,July_2,7.130260657533217,acrylonitrile degradation II,NA
PWY-7309,July_3,7.437874161359953,acrylonitrile degradation II,NA
PWY-7309,May,5.499962969157673,acrylonitrile degradation II,NA
PWY-7309,May_22,6.181517276524031,acrylonitrile degradation II,NA
PWY-7309,October,7.2340069437799155,acrylonitrile degradation II,NA
PWY-7312,August,259.5808535032046,dTDP-&beta;-D-fucofuranose biosynthesis,NA
PWY-7312,July_1,221.17531423750353,dTDP-&beta;-D-fucofuranose biosynthesis,NA
PWY-7312,July_2,236.11095652325534,dTDP-&beta;-D-fucofuranose biosynthesis,NA
PWY-7312,July_3,273.72071969269984,dTDP-&beta;-D-fucofuranose biosynthesis,NA
PWY-7312,May,51.16449545860834,dTDP-&beta;-D-fucofuranose biosynthesis,NA
PWY-7312,May_22,93.81375049867454,dTDP-&beta;-D-fucofuranose biosynthesis,NA
PWY-7312,October,37.27139694460417,dTDP-&beta;-D-fucofuranose biosynthesis,NA
PWY-7315,August,259.5808535032046,dTDP-<i>N</i>-acetylthomosamine biosynthesis,NA
PWY-7315,July_1,221.17531423750353,dTDP-<i>N</i>-acetylthomosamine biosynthesis,NA
PWY-7315,July_2,236.11095652325534,dTDP-<i>N</i>-acetylthomosamine biosynthesis,NA
PWY-7315,July_3,273.72071969269984,dTDP-<i>N</i>-acetylthomosamine biosynthesis,NA
PWY-7315,May,51.16449545860834,dTDP-<i>N</i>-acetylthomosamine biosynthesis,NA
PWY-7315,May_22,93.81375049867454,dTDP-<i>N</i>-acetylthomosamine biosynthesis,NA
PWY-7315,October,37.27139694460417,dTDP-<i>N</i>-acetylthomosamine biosynthesis,NA
PWY-7316,August,454.7530743268418,dTDP-<i>N</i>-acetylviosamine biosynthesis,NA
PWY-7316,July_1,383.50595262956375,dTDP-<i>N</i>-acetylviosamine biosynthesis,NA
PWY-7316,July_2,291.3775033347955,dTDP-<i>N</i>-acetylviosamine biosynthesis,NA
PWY-7316,July_3,481.66291412229094,dTDP-<i>N</i>-acetylviosamine biosynthesis,NA
PWY-7316,May,55.54641551892702,dTDP-<i>N</i>-acetylviosamine biosynthesis,NA
PWY-7316,May_22,125.45142055909864,dTDP-<i>N</i>-acetylviosamine biosynthesis,NA
PWY-7316,October,39.49067714724074,dTDP-<i>N</i>-acetylviosamine biosynthesis,NA
PWY-7323,August,5.3992060644500945,superpathway of GDP-mannose-derived O-antigen building blocks biosynthesis,NA
PWY-7323,July_1,16.967597670185242,superpathway of GDP-mannose-derived O-antigen building blocks biosynthesis,NA
PWY-7323,July_2,19.417927869605208,superpathway of GDP-mannose-derived O-antigen building blocks biosynthesis,NA
PWY-7323,July_3,16.384255985520443,superpathway of GDP-mannose-derived O-antigen building blocks biosynthesis,NA
PWY-7328,August,843.7843680990475,superpathway of UDP-glucose-derived O-antigen building blocks biosynthesis,NA
PWY-7328,July_1,940.1398707995693,superpathway of UDP-glucose-derived O-antigen building blocks biosynthesis,NA
PWY-7328,July_2,842.666908886539,superpathway of UDP-glucose-derived O-antigen building blocks biosynthesis,NA
PWY-7328,July_3,853.84327588565,superpathway of UDP-glucose-derived O-antigen building blocks biosynthesis,NA
PWY-7328,May,655.6263898925192,superpathway of UDP-glucose-derived O-antigen building blocks biosynthesis,NA
PWY-7328,May_22,636.0894367197625,superpathway of UDP-glucose-derived O-antigen building blocks biosynthesis,NA
PWY-7328,October,679.696359870667,superpathway of UDP-glucose-derived O-antigen building blocks biosynthesis,NA
PWY-7333,August,0.22757767710016097,UDP-<i>N</i>-acetyl-&alpha;-D-fucosamine biosynthesis,NA
PWY-7333,July_1,0.517061353314783,UDP-<i>N</i>-acetyl-&alpha;-D-fucosamine biosynthesis,NA
PWY-7333,July_2,0.6928535928780459,UDP-<i>N</i>-acetyl-&alpha;-D-fucosamine biosynthesis,NA
PWY-7333,July_3,0.5696314853716662,UDP-<i>N</i>-acetyl-&alpha;-D-fucosamine biosynthesis,NA
PWY-7334,August,0.22757767710016097,UDP-<i>N</i>-acetyl-&alpha;-D-quinovosamine biosynthesis,NA
PWY-7334,July_1,0.517061353314783,UDP-<i>N</i>-acetyl-&alpha;-D-quinovosamine biosynthesis,NA
PWY-7334,July_2,0.6928535928780459,UDP-<i>N</i>-acetyl-&alpha;-D-quinovosamine biosynthesis,NA
PWY-7334,July_3,0.5696314853716662,UDP-<i>N</i>-acetyl-&alpha;-D-quinovosamine biosynthesis,NA
PWY-7335,August,118.26290248720146,UDP-<i>N</i>-acetyl-&alpha;-D-mannosaminouronate biosynthesis,NA
PWY-7335,July_1,101.61830692239305,UDP-<i>N</i>-acetyl-&alpha;-D-mannosaminouronate biosynthesis,NA
PWY-7335,July_2,138.88942230144602,UDP-<i>N</i>-acetyl-&alpha;-D-mannosaminouronate biosynthesis,NA
PWY-7335,July_3,130.491662512203,UDP-<i>N</i>-acetyl-&alpha;-D-mannosaminouronate biosynthesis,NA
PWY-7335,May,141.1569477113706,UDP-<i>N</i>-acetyl-&alpha;-D-mannosaminouronate biosynthesis,NA
PWY-7335,May_22,119.40058492037316,UDP-<i>N</i>-acetyl-&alpha;-D-mannosaminouronate biosynthesis,NA
PWY-7335,October,120.45641802057206,UDP-<i>N</i>-acetyl-&alpha;-D-mannosaminouronate biosynthesis,NA
PWY-7336,August,132.05463264486286,UDP-<i>N</i>-acetyl-&alpha;-D-galactosaminuronate biosynthesis,NA
PWY-7336,July_1,110.88663854692578,UDP-<i>N</i>-acetyl-&alpha;-D-galactosaminuronate biosynthesis,NA
PWY-7336,July_2,125.76616847141696,UDP-<i>N</i>-acetyl-&alpha;-D-galactosaminuronate biosynthesis,NA
PWY-7336,July_3,154.4594111019194,UDP-<i>N</i>-acetyl-&alpha;-D-galactosaminuronate biosynthesis,NA
PWY-7336,May,41.98796030297311,UDP-<i>N</i>-acetyl-&alpha;-D-galactosaminuronate biosynthesis,NA
PWY-7336,May_22,59.2357171798436,UDP-<i>N</i>-acetyl-&alpha;-D-galactosaminuronate biosynthesis,NA
PWY-7336,October,27.280233272268127,UDP-<i>N</i>-acetyl-&alpha;-D-galactosaminuronate biosynthesis,NA
PWY-7343,August,223.879552599918,UDP-&alpha;-D-glucose biosynthesis,NA
PWY-7343,July_1,269.24557049431496,UDP-&alpha;-D-glucose biosynthesis,NA
PWY-7343,July_2,217.35396832280176,UDP-&alpha;-D-glucose biosynthesis,NA
PWY-7343,July_3,214.54362957198796,UDP-&alpha;-D-glucose biosynthesis,NA
PWY-7343,May,288.4147365281011,UDP-&alpha;-D-glucose biosynthesis,NA
PWY-7343,May_22,269.41503991314164,UDP-&alpha;-D-glucose biosynthesis,NA
PWY-7343,October,286.3678340838808,UDP-&alpha;-D-glucose biosynthesis,NA
PWY-7344,August,604.9818409019178,UDP-&alpha;-D-galactose biosynthesis,NA
PWY-7344,July_1,566.2262236488657,UDP-&alpha;-D-galactose biosynthesis,NA
PWY-7344,July_2,562.2681891908256,UDP-&alpha;-D-galactose biosynthesis,NA
PWY-7344,July_3,571.2719004125516,UDP-&alpha;-D-galactose biosynthesis,NA
PWY-7344,May,270.1407962055198,UDP-&alpha;-D-galactose biosynthesis,NA
PWY-7344,May_22,284.89873799635353,UDP-&alpha;-D-galactose biosynthesis,NA
PWY-7344,October,304.1413904142605,UDP-&alpha;-D-galactose biosynthesis,NA
PWY-7345,August,1921.2198269533724,superpathway of anaerobic sucrose degradation,NA
PWY-7345,July_1,2571.4828779060354,superpathway of anaerobic sucrose degradation,NA
PWY-7345,July_2,2368.1905458518304,superpathway of anaerobic sucrose degradation,NA
PWY-7345,July_3,2216.124152716518,superpathway of anaerobic sucrose degradation,NA
PWY-7345,May,1399.3491144402194,superpathway of anaerobic sucrose degradation,NA
PWY-7345,May_22,1621.5002495280748,superpathway of anaerobic sucrose degradation,NA
PWY-7345,October,1409.4109864903178,superpathway of anaerobic sucrose degradation,NA
PWY-7346,August,301.54820369148774,UDP-&alpha;-D-glucuronate biosynthesis (from UDP-glucose),NA
PWY-7346,July_1,276.5263352892615,UDP-&alpha;-D-glucuronate biosynthesis (from UDP-glucose),NA
PWY-7346,July_2,311.39801832746275,UDP-&alpha;-D-glucuronate biosynthesis (from UDP-glucose),NA
PWY-7346,July_3,302.16078325565445,UDP-&alpha;-D-glucuronate biosynthesis (from UDP-glucose),NA
PWY-7346,May,144.39950768339025,UDP-&alpha;-D-glucuronate biosynthesis (from UDP-glucose),NA
PWY-7346,May_22,168.04138775474564,UDP-&alpha;-D-glucuronate biosynthesis (from UDP-glucose),NA
PWY-7346,October,125.74385267098523,UDP-&alpha;-D-glucuronate biosynthesis (from UDP-glucose),NA
PWY-7356,August,57.31597192519321,thiamine diphosphate salvage IV (yeast),NA
PWY-7356,July_1,74.68464433465417,thiamine diphosphate salvage IV (yeast),NA
PWY-7356,July_2,47.75886141098364,thiamine diphosphate salvage IV (yeast),NA
PWY-7356,July_3,77.60482655156427,thiamine diphosphate salvage IV (yeast),NA
PWY-7356,May,16.09075704656604,thiamine diphosphate salvage IV (yeast),NA
PWY-7356,May_22,33.42387579216231,thiamine diphosphate salvage IV (yeast),NA
PWY-7356,October,38.12396696189342,thiamine diphosphate salvage IV (yeast),NA
PWY-7357,July_1,7.6294130405490534,thiamine diphosphate formation from pyrithiamine and oxythiamine (yeast),NA
PWY-7357,July_3,4.252231194553731,thiamine diphosphate formation from pyrithiamine and oxythiamine (yeast),NA
PWY-7357,May,10.373251679979312,thiamine diphosphate formation from pyrithiamine and oxythiamine (yeast),NA
PWY-7357,May_22,21.51836905891956,thiamine diphosphate formation from pyrithiamine and oxythiamine (yeast),NA
PWY-7357,October,15.847839979231685,thiamine diphosphate formation from pyrithiamine and oxythiamine (yeast),NA
PWY-7371,August,19.65168415860726,"5,8-dihydroxy-2-naphthoate biosynthesis II",NA
PWY-7371,July_1,26.64929913161131,"5,8-dihydroxy-2-naphthoate biosynthesis II",NA
PWY-7371,July_2,22.15282015229935,"5,8-dihydroxy-2-naphthoate biosynthesis II",NA
PWY-7371,July_3,19.390065807124053,"5,8-dihydroxy-2-naphthoate biosynthesis II",NA
PWY-7371,May_22,11.444935300894727,"5,8-dihydroxy-2-naphthoate biosynthesis II",NA
PWY-7374,August,27.480871234614227,"5,8-dihydroxy-2-naphthoate biosynthesis I",NA
PWY-7374,July_1,42.39861072472486,"5,8-dihydroxy-2-naphthoate biosynthesis I",NA
PWY-7374,July_2,35.56114394521686,"5,8-dihydroxy-2-naphthoate biosynthesis I",NA
PWY-7374,July_3,30.26849401991865,"5,8-dihydroxy-2-naphthoate biosynthesis I",NA
PWY-7374,May_22,12.92222481185486,"5,8-dihydroxy-2-naphthoate biosynthesis I",NA
PWY-7374,October,14.311955764602924,"5,8-dihydroxy-2-naphthoate biosynthesis I",NA
PWY-7377,August,40.2039382027679,"cob(II)yrinate <i>a,c</i>-diamide biosynthesis I (early cobalt insertion)",NA
PWY-7377,July_1,30.35626635994841,"cob(II)yrinate <i>a,c</i>-diamide biosynthesis I (early cobalt insertion)",NA
PWY-7377,July_2,42.399097266374596,"cob(II)yrinate <i>a,c</i>-diamide biosynthesis I (early cobalt insertion)",NA
PWY-7377,July_3,40.084172079411694,"cob(II)yrinate <i>a,c</i>-diamide biosynthesis I (early cobalt insertion)",NA
PWY-7377,May,38.774216644321,"cob(II)yrinate <i>a,c</i>-diamide biosynthesis I (early cobalt insertion)",NA
PWY-7377,May_22,38.69933049837743,"cob(II)yrinate <i>a,c</i>-diamide biosynthesis I (early cobalt insertion)",NA
PWY-7377,October,46.275557352691926,"cob(II)yrinate <i>a,c</i>-diamide biosynthesis I (early cobalt insertion)",NA
PWY-7382,August,2365.3327008893866,lipoate biosynthesis and incorporation IV (yeast),NA
PWY-7382,July_1,3472.214986384004,lipoate biosynthesis and incorporation IV (yeast),NA
PWY-7382,July_2,2598.5110497530363,lipoate biosynthesis and incorporation IV (yeast),NA
PWY-7382,July_3,3324.09329782449,lipoate biosynthesis and incorporation IV (yeast),NA
PWY-7382,May,3045.312033887487,lipoate biosynthesis and incorporation IV (yeast),NA
PWY-7382,May_22,2891.9298294528644,lipoate biosynthesis and incorporation IV (yeast),NA
PWY-7382,October,2854.541289174264,lipoate biosynthesis and incorporation IV (yeast),NA
PWY-7383,August,860.572217114971,"anaerobic energy metabolism (invertebrates, cytosol)",NA
PWY-7383,July_1,1182.0756350161419,"anaerobic energy metabolism (invertebrates, cytosol)",NA
PWY-7383,July_2,962.9905423825171,"anaerobic energy metabolism (invertebrates, cytosol)",NA
PWY-7383,July_3,1069.7492435744198,"anaerobic energy metabolism (invertebrates, cytosol)",NA
PWY-7383,May,1584.3790778381544,"anaerobic energy metabolism (invertebrates, cytosol)",NA
PWY-7383,May_22,866.0036717991263,"anaerobic energy metabolism (invertebrates, cytosol)",NA
PWY-7383,October,1186.8801369807854,"anaerobic energy metabolism (invertebrates, cytosol)",NA
PWY-7384,August,2708.1648859892207,"anaerobic energy metabolism (invertebrates, mitochondrial)",NA
PWY-7384,July_1,3476.788113775863,"anaerobic energy metabolism (invertebrates, mitochondrial)",NA
PWY-7384,July_2,2656.779212145614,"anaerobic energy metabolism (invertebrates, mitochondrial)",NA
PWY-7384,July_3,3417.472097092199,"anaerobic energy metabolism (invertebrates, mitochondrial)",NA
PWY-7384,May,1435.028496461033,"anaerobic energy metabolism (invertebrates, mitochondrial)",NA
PWY-7384,May_22,1434.9144872276645,"anaerobic energy metabolism (invertebrates, mitochondrial)",NA
PWY-7384,October,1082.8386285265449,"anaerobic energy metabolism (invertebrates, mitochondrial)",NA
PWY-7388,August,5179.209991631502,"octanoyl-[acyl-carrier protein] biosynthesis (mitochondria, yeast)",NA
PWY-7388,July_1,5408.185689524668,"octanoyl-[acyl-carrier protein] biosynthesis (mitochondria, yeast)",NA
PWY-7388,July_2,5514.786866182683,"octanoyl-[acyl-carrier protein] biosynthesis (mitochondria, yeast)",NA
PWY-7388,July_3,4614.683786592222,"octanoyl-[acyl-carrier protein] biosynthesis (mitochondria, yeast)",NA
PWY-7388,May,8581.15734062621,"octanoyl-[acyl-carrier protein] biosynthesis (mitochondria, yeast)",NA
PWY-7388,May_22,7670.164430324901,"octanoyl-[acyl-carrier protein] biosynthesis (mitochondria, yeast)",NA
PWY-7388,October,7540.733250414181,"octanoyl-[acyl-carrier protein] biosynthesis (mitochondria, yeast)",NA
PWY-7389,August,2621.664437796904,superpathway of anaerobic energy metabolism (invertebrates),NA
PWY-7389,July_1,3486.1767425742323,superpathway of anaerobic energy metabolism (invertebrates),NA
PWY-7389,July_2,2610.116590444149,superpathway of anaerobic energy metabolism (invertebrates),NA
PWY-7389,July_3,3426.766504308935,superpathway of anaerobic energy metabolism (invertebrates),NA
PWY-7389,May,1906.8459961292947,superpathway of anaerobic energy metabolism (invertebrates),NA
PWY-7389,May_22,1637.4208676990386,superpathway of anaerobic energy metabolism (invertebrates),NA
PWY-7389,October,1243.568569096768,superpathway of anaerobic energy metabolism (invertebrates),NA
PWY-7394,August,10.80942964889239,urate degradation II (to allantoin),NA
PWY-7394,July_1,17.23811893812072,urate degradation II (to allantoin),NA
PWY-7394,July_2,22.335573310103747,urate degradation II (to allantoin),NA
PWY-7394,July_3,11.31607024774343,urate degradation II (to allantoin),NA
PWY-7409,August,16.870086178751947,"phospholipid remodeling (phosphatidylethanolamine, yeast)",NA
PWY-7409,July_1,30.11515172177488,"phospholipid remodeling (phosphatidylethanolamine, yeast)",NA
PWY-7409,July_2,17.65526570488279,"phospholipid remodeling (phosphatidylethanolamine, yeast)",NA
PWY-7409,July_3,25.54618865941971,"phospholipid remodeling (phosphatidylethanolamine, yeast)",NA
PWY-7409,May,7.093008754981148,"phospholipid remodeling (phosphatidylethanolamine, yeast)",NA
PWY-7409,May_22,10.468176892599894,"phospholipid remodeling (phosphatidylethanolamine, yeast)",NA
PWY-7409,October,11.371573832863106,"phospholipid remodeling (phosphatidylethanolamine, yeast)",NA
PWY-7413,August,284.965186008204,dTDP-6-deoxy-&alpha;-D-allose biosynthesis,NA
PWY-7413,July_1,244.48693549850992,dTDP-6-deoxy-&alpha;-D-allose biosynthesis,NA
PWY-7413,July_2,258.3032941984846,dTDP-6-deoxy-&alpha;-D-allose biosynthesis,NA
PWY-7413,July_3,299.18378999336403,dTDP-6-deoxy-&alpha;-D-allose biosynthesis,NA
PWY-7413,May,56.05932443090008,dTDP-6-deoxy-&alpha;-D-allose biosynthesis,NA
PWY-7413,May_22,107.55108904944103,dTDP-6-deoxy-&alpha;-D-allose biosynthesis,NA
PWY-7413,October,44.898765590551776,dTDP-6-deoxy-&alpha;-D-allose biosynthesis,NA
PWY-7417,August,231.87173768936074,"phospholipid remodeling (phosphatidate, yeast)",NA
PWY-7417,July_1,210.67423042451628,"phospholipid remodeling (phosphatidate, yeast)",NA
PWY-7417,July_2,230.71996325470178,"phospholipid remodeling (phosphatidate, yeast)",NA
PWY-7417,July_3,216.70761492933144,"phospholipid remodeling (phosphatidate, yeast)",NA
PWY-7417,May,172.92971520857523,"phospholipid remodeling (phosphatidate, yeast)",NA
PWY-7417,May_22,175.05615632481062,"phospholipid remodeling (phosphatidate, yeast)",NA
PWY-7417,October,185.8729231229184,"phospholipid remodeling (phosphatidate, yeast)",NA
PWY-7432,August,75.3580333058206,"L-phenylalanine biosynthesis III (cytosolic, plants)",NA
PWY-7432,July_1,73.56269853567271,"L-phenylalanine biosynthesis III (cytosolic, plants)",NA
PWY-7432,July_2,69.67931968469118,"L-phenylalanine biosynthesis III (cytosolic, plants)",NA
PWY-7432,July_3,81.52100314087292,"L-phenylalanine biosynthesis III (cytosolic, plants)",NA
PWY-7432,May,25.42655528948662,"L-phenylalanine biosynthesis III (cytosolic, plants)",NA
PWY-7432,May_22,52.249918822846396,"L-phenylalanine biosynthesis III (cytosolic, plants)",NA
PWY-7432,October,32.44875708405294,"L-phenylalanine biosynthesis III (cytosolic, plants)",NA
PWY-7445,August,39.550564785273394,luteolin triglucuronide degradation,NA
PWY-7445,July_1,35.71091877726809,luteolin triglucuronide degradation,NA
PWY-7445,July_2,35.964764841046744,luteolin triglucuronide degradation,NA
PWY-7445,July_3,38.12428691668816,luteolin triglucuronide degradation,NA
PWY-7445,May,92.03059913783184,luteolin triglucuronide degradation,NA
PWY-7445,May_22,105.36073880151115,luteolin triglucuronide degradation,NA
PWY-7445,October,73.62816980999597,luteolin triglucuronide degradation,NA
PWY-7459,August,29.773073615839685,kojibiose degradation,NA
PWY-7459,July_1,28.999422271345523,kojibiose degradation,NA
PWY-7459,July_2,18.94926234101325,kojibiose degradation,NA
PWY-7459,July_3,26.97134768865513,kojibiose degradation,NA
PWY-7459,May,52.52871128280954,kojibiose degradation,NA
PWY-7459,May_22,53.13061160996533,kojibiose degradation,NA
PWY-7459,October,51.941666998355956,kojibiose degradation,NA
PWY-7466,August,18.668315379163744,"acetone degradation III (to propane-1,2-diol)",NA
PWY-7466,July_1,18.05870347509415,"acetone degradation III (to propane-1,2-diol)",NA
PWY-7466,July_2,29.76990172646745,"acetone degradation III (to propane-1,2-diol)",NA
PWY-7466,July_3,21.518486843708533,"acetone degradation III (to propane-1,2-diol)",NA
PWY-7466,May,4.788585000049625,"acetone degradation III (to propane-1,2-diol)",NA
PWY-7466,May_22,5.040900934766772,"acetone degradation III (to propane-1,2-diol)",NA
PWY-7466,October,3.75253096026584,"acetone degradation III (to propane-1,2-diol)",NA
PWY-7467,August,0.22757767710016097,"UDP-2-acetamido-4-amino-2,4,6-trideoxy-&alpha;-D-galactose biosynthesis",NA
PWY-7467,July_1,0.517061353314783,"UDP-2-acetamido-4-amino-2,4,6-trideoxy-&alpha;-D-galactose biosynthesis",NA
PWY-7467,July_2,0.6928535928780459,"UDP-2-acetamido-4-amino-2,4,6-trideoxy-&alpha;-D-galactose biosynthesis",NA
PWY-7467,July_3,0.5696314853716662,"UDP-2-acetamido-4-amino-2,4,6-trideoxy-&alpha;-D-galactose biosynthesis",NA
PWY-7469,August,36.47131565367258,gentisate degradation II,NA
PWY-7469,July_1,21.202013705758176,gentisate degradation II,NA
PWY-7469,July_2,33.05497681772837,gentisate degradation II,NA
PWY-7469,July_3,29.693245278088284,gentisate degradation II,NA
PWY-7469,May,8.79268591052725,gentisate degradation II,NA
PWY-7469,May_22,11.946795045888498,gentisate degradation II,NA
PWY-7469,October,6.770708535614565,gentisate degradation II,NA
PWY-7472,August,3.699267362504935,D-carnitine degradation II,NA
PWY-7472,July_1,3.3039259439206208,D-carnitine degradation II,NA
PWY-7472,July_2,3.4418323423169364,D-carnitine degradation II,NA
PWY-7472,July_3,5.661934212491824,D-carnitine degradation II,NA
PWY-7472,May_22,0.7269777961300721,D-carnitine degradation II,NA
PWY-7472,October,1.6514971120811437,D-carnitine degradation II,NA
PWY-7509,August,198.88809358414267,cardiolipin and phosphatidylethanolamine biosynthesis (<i>Xanthomonas</i>),NA
PWY-7509,July_1,278.89792250121826,cardiolipin and phosphatidylethanolamine biosynthesis (<i>Xanthomonas</i>),NA
PWY-7509,July_2,201.3958438471909,cardiolipin and phosphatidylethanolamine biosynthesis (<i>Xanthomonas</i>),NA
PWY-7509,July_3,175.77700674860324,cardiolipin and phosphatidylethanolamine biosynthesis (<i>Xanthomonas</i>),NA
PWY-7509,May,162.9570433935371,cardiolipin and phosphatidylethanolamine biosynthesis (<i>Xanthomonas</i>),NA
PWY-7509,May_22,146.28657534652683,cardiolipin and phosphatidylethanolamine biosynthesis (<i>Xanthomonas</i>),NA
PWY-7509,October,159.27997870203066,cardiolipin and phosphatidylethanolamine biosynthesis (<i>Xanthomonas</i>),NA
PWY-7524,August,19.653869432290033,mevalonate pathway III (Thermoplasma),NA
PWY-7524,July_1,29.53524097391226,mevalonate pathway III (Thermoplasma),NA
PWY-7524,July_2,49.857723167339735,mevalonate pathway III (Thermoplasma),NA
PWY-7524,July_3,23.03493816801143,mevalonate pathway III (Thermoplasma),NA
PWY-7524,May,16.666437258084205,mevalonate pathway III (Thermoplasma),NA
PWY-7524,May_22,24.231417285499724,mevalonate pathway III (Thermoplasma),NA
PWY-7524,October,13.50925877584186,mevalonate pathway III (Thermoplasma),NA
PWY-7539,August,200.30931595539542,6-hydroxymethyl-dihydropterin diphosphate biosynthesis III (Chlamydia),NA
PWY-7539,July_1,315.85779024635815,6-hydroxymethyl-dihydropterin diphosphate biosynthesis III (Chlamydia),NA
PWY-7539,July_2,224.01144420511372,6-hydroxymethyl-dihydropterin diphosphate biosynthesis III (Chlamydia),NA
PWY-7539,July_3,248.40246722637755,6-hydroxymethyl-dihydropterin diphosphate biosynthesis III (Chlamydia),NA
PWY-7539,May,63.57360812128269,6-hydroxymethyl-dihydropterin diphosphate biosynthesis III (Chlamydia),NA
PWY-7539,May_22,76.85170511118085,6-hydroxymethyl-dihydropterin diphosphate biosynthesis III (Chlamydia),NA
PWY-7539,October,67.38346542327957,6-hydroxymethyl-dihydropterin diphosphate biosynthesis III (Chlamydia),NA
PWY-7544,August,62.53981808250735,pyruvate to cytochrome <i>bo</i> oxidase electron transfer,NA
PWY-7544,July_1,45.957775797620506,pyruvate to cytochrome <i>bo</i> oxidase electron transfer,NA
PWY-7544,July_2,58.39349650138949,pyruvate to cytochrome <i>bo</i> oxidase electron transfer,NA
PWY-7544,July_3,44.028467748867,pyruvate to cytochrome <i>bo</i> oxidase electron transfer,NA
PWY-7544,May,1559.3440379497977,pyruvate to cytochrome <i>bo</i> oxidase electron transfer,NA
PWY-7544,May_22,785.0171318533767,pyruvate to cytochrome <i>bo</i> oxidase electron transfer,NA
PWY-7544,October,896.0197201984429,pyruvate to cytochrome <i>bo</i> oxidase electron transfer,NA
PWY-7545,August,62.53981808250735,pyruvate to cytochrome <i>bd</i> oxidase electron transfer,NA
PWY-7545,July_1,45.957775797620506,pyruvate to cytochrome <i>bd</i> oxidase electron transfer,NA
PWY-7545,July_2,58.39349650138949,pyruvate to cytochrome <i>bd</i> oxidase electron transfer,NA
PWY-7545,July_3,44.028467748867,pyruvate to cytochrome <i>bd</i> oxidase electron transfer,NA
PWY-7545,May,1559.3440379497977,pyruvate to cytochrome <i>bd</i> oxidase electron transfer,NA
PWY-7545,May_22,785.0171318533767,pyruvate to cytochrome <i>bd</i> oxidase electron transfer,NA
PWY-7545,October,896.0197201984429,pyruvate to cytochrome <i>bd</i> oxidase electron transfer,NA
PWY-7546,August,20.118649721938144,diphthamide biosynthesis II (eukaryotes),NA
PWY-7546,July_1,57.37502510180837,diphthamide biosynthesis II (eukaryotes),NA
PWY-7546,July_2,36.17793583521035,diphthamide biosynthesis II (eukaryotes),NA
PWY-7546,July_3,22.210121142198663,diphthamide biosynthesis II (eukaryotes),NA
PWY-7546,May,72.79516247769239,diphthamide biosynthesis II (eukaryotes),NA
PWY-7546,May_22,142.06938104373154,diphthamide biosynthesis II (eukaryotes),NA
PWY-7546,October,60.19073197940053,diphthamide biosynthesis II (eukaryotes),NA
PWY-7559,August,98.77793862851026,glutathione degradation (DUG pathway),NA
PWY-7559,July_1,130.40085960086748,glutathione degradation (DUG pathway),NA
PWY-7559,July_2,111.40046000159276,glutathione degradation (DUG pathway),NA
PWY-7559,July_3,101.5153591195006,glutathione degradation (DUG pathway),NA
PWY-7559,May,210.69901213026486,glutathione degradation (DUG pathway),NA
PWY-7559,May_22,205.8926237852069,glutathione degradation (DUG pathway),NA
PWY-7559,October,161.91146004739733,glutathione degradation (DUG pathway),NA
PWY-7560,August,1425.0134880320534,methylerythritol phosphate pathway II,NA
PWY-7560,July_1,2857.524356147534,methylerythritol phosphate pathway II,NA
PWY-7560,July_2,1337.572546889197,methylerythritol phosphate pathway II,NA
PWY-7560,July_3,1729.2117753201476,methylerythritol phosphate pathway II,NA
PWY-7560,May,640.7763742412453,methylerythritol phosphate pathway II,NA
PWY-7560,May_22,661.012370039996,methylerythritol phosphate pathway II,NA
PWY-7560,October,437.6536675155206,methylerythritol phosphate pathway II,NA
PWY-7566,August,27.980652278433812,L-gulonate degradation,NA
PWY-7566,July_1,44.52346404610472,L-gulonate degradation,NA
PWY-7566,July_2,25.2517327833,L-gulonate degradation,NA
PWY-7566,July_3,22.574615430417484,L-gulonate degradation,NA
PWY-7566,May,39.91869190816585,L-gulonate degradation,NA
PWY-7566,May_22,32.759963214575976,L-gulonate degradation,NA
PWY-7566,October,40.414437264964924,L-gulonate degradation,NA
PWY-7586,August,178.05664099463675,"&beta;-1,4-D-mannosyl-<i>N</i>-acetyl-D-glucosamine degradation",NA
PWY-7586,July_1,342.4787468505345,"&beta;-1,4-D-mannosyl-<i>N</i>-acetyl-D-glucosamine degradation",NA
PWY-7586,July_2,205.01882628716805,"&beta;-1,4-D-mannosyl-<i>N</i>-acetyl-D-glucosamine degradation",NA
PWY-7586,July_3,186.34685691899838,"&beta;-1,4-D-mannosyl-<i>N</i>-acetyl-D-glucosamine degradation",NA
PWY-7586,May,431.34265414414114,"&beta;-1,4-D-mannosyl-<i>N</i>-acetyl-D-glucosamine degradation",NA
PWY-7586,May_22,393.096384073741,"&beta;-1,4-D-mannosyl-<i>N</i>-acetyl-D-glucosamine degradation",NA
PWY-7586,October,439.2816630526893,"&beta;-1,4-D-mannosyl-<i>N</i>-acetyl-D-glucosamine degradation",NA
PWY-7587,August,171.40574417362453,oleate biosynthesis III (cyanobacteria),NA
PWY-7587,July_1,218.3191637296714,oleate biosynthesis III (cyanobacteria),NA
PWY-7587,July_2,189.01976264725522,oleate biosynthesis III (cyanobacteria),NA
PWY-7587,July_3,154.51089930350477,oleate biosynthesis III (cyanobacteria),NA
PWY-7587,May,187.08846926001405,oleate biosynthesis III (cyanobacteria),NA
PWY-7587,May_22,189.42243966664572,oleate biosynthesis III (cyanobacteria),NA
PWY-7587,October,203.57843941198595,oleate biosynthesis III (cyanobacteria),NA
PWY-7588,August,15.009905780189797,ursodeoxycholate biosynthesis (bacteria),NA
PWY-7588,July_1,20.45195457363382,ursodeoxycholate biosynthesis (bacteria),NA
PWY-7588,July_2,15.136924796435409,ursodeoxycholate biosynthesis (bacteria),NA
PWY-7588,July_3,15.113886137328937,ursodeoxycholate biosynthesis (bacteria),NA
PWY-7588,May,33.91862520851144,ursodeoxycholate biosynthesis (bacteria),NA
PWY-7588,May_22,23.081980070871893,ursodeoxycholate biosynthesis (bacteria),NA
PWY-7588,October,23.3492421655455,ursodeoxycholate biosynthesis (bacteria),NA
PWY-7589,August,231.87173768936074,palmitoleate biosynthesis III (cyanobacteria),NA
PWY-7589,July_1,210.67423042451628,palmitoleate biosynthesis III (cyanobacteria),NA
PWY-7589,July_2,230.71996325470178,palmitoleate biosynthesis III (cyanobacteria),NA
PWY-7589,July_3,216.70761492933144,palmitoleate biosynthesis III (cyanobacteria),NA
PWY-7589,May,172.92971520857523,palmitoleate biosynthesis III (cyanobacteria),NA
PWY-7589,May_22,175.05615632481062,palmitoleate biosynthesis III (cyanobacteria),NA
PWY-7589,October,185.8729231229184,palmitoleate biosynthesis III (cyanobacteria),NA
PWY-7593,August,13.686660064828487,linoleate biosynthesis III (cyanobacteria),NA
PWY-7593,July_1,60.09932448294246,linoleate biosynthesis III (cyanobacteria),NA
PWY-7593,July_2,16.924958773438288,linoleate biosynthesis III (cyanobacteria),NA
PWY-7593,July_3,15.12985124787469,linoleate biosynthesis III (cyanobacteria),NA
PWY-7593,May,3.4039902778157685,linoleate biosynthesis III (cyanobacteria),NA
PWY-7593,May_22,5.245373067820873,linoleate biosynthesis III (cyanobacteria),NA
PWY-7593,October,5.354040682761457,linoleate biosynthesis III (cyanobacteria),NA
PWY-7596,August,17.632434769205005,superpathway of stearidonate biosynthesis (cyanobacteria),NA
PWY-7596,July_1,38.066438738642645,superpathway of stearidonate biosynthesis (cyanobacteria),NA
PWY-7596,July_2,18.135499113373026,superpathway of stearidonate biosynthesis (cyanobacteria),NA
PWY-7596,July_3,7.395854191052728,superpathway of stearidonate biosynthesis (cyanobacteria),NA
PWY-7622,August,725.6242148749556,UDP-&alpha;-D-galactofuranose biosynthesis,NA
PWY-7622,July_1,800.5171093301328,UDP-&alpha;-D-galactofuranose biosynthesis,NA
PWY-7622,July_2,695.7774460560132,UDP-&alpha;-D-galactofuranose biosynthesis,NA
PWY-7622,July_3,742.6547274024869,UDP-&alpha;-D-galactofuranose biosynthesis,NA
PWY-7622,May,648.7525283027185,UDP-&alpha;-D-galactofuranose biosynthesis,NA
PWY-7622,May_22,639.5190116936672,UDP-&alpha;-D-galactofuranose biosynthesis,NA
PWY-7622,October,586.2026559016657,UDP-&alpha;-D-galactofuranose biosynthesis,NA
PWY-7625,August,40.659845313922766,phosphatidylinositol biosynthesis II (eukaryotes),NA
PWY-7625,July_1,44.044587894475384,phosphatidylinositol biosynthesis II (eukaryotes),NA
PWY-7625,July_2,42.06392614402769,phosphatidylinositol biosynthesis II (eukaryotes),NA
PWY-7625,July_3,36.919273383111985,phosphatidylinositol biosynthesis II (eukaryotes),NA
PWY-7625,May,13.565289984701847,phosphatidylinositol biosynthesis II (eukaryotes),NA
PWY-7625,May_22,13.603255292039526,phosphatidylinositol biosynthesis II (eukaryotes),NA
PWY-7625,October,15.94651881505426,phosphatidylinositol biosynthesis II (eukaryotes),NA
PWY-7645,August,4.600125534933278,hyaluronan degradation,NA
PWY-7645,July_1,7.0038048075588595,hyaluronan degradation,NA
PWY-7645,July_2,3.7338096219965964,hyaluronan degradation,NA
PWY-7645,July_3,9.238230841951953,hyaluronan degradation,NA
PWY-7645,May,0.9393977022949944,hyaluronan degradation,NA
PWY-7645,May_22,0.9727437533515987,hyaluronan degradation,NA
PWY-7645,October,1.0958529305664966,hyaluronan degradation,NA
PWY-7663,August,1746.1460461458298,gondoate biosynthesis (anaerobic),NA
PWY-7663,July_1,1845.404430886483,gondoate biosynthesis (anaerobic),NA
PWY-7663,July_2,1840.915330585971,gondoate biosynthesis (anaerobic),NA
PWY-7663,July_3,1542.440979189641,gondoate biosynthesis (anaerobic),NA
PWY-7663,May,2923.8084942188752,gondoate biosynthesis (anaerobic),NA
PWY-7663,May_22,2610.921574486922,gondoate biosynthesis (anaerobic),NA
PWY-7663,October,2568.0559227855733,gondoate biosynthesis (anaerobic),NA
PWY-7664,August,4265.350455427696,oleate biosynthesis IV (anaerobic),NA
PWY-7664,July_1,4201.2429291952,oleate biosynthesis IV (anaerobic),NA
PWY-7664,July_2,4569.329761751795,oleate biosynthesis IV (anaerobic),NA
PWY-7664,July_3,3623.6535267067607,oleate biosynthesis IV (anaerobic),NA
PWY-7664,May,5587.532188155914,oleate biosynthesis IV (anaerobic),NA
PWY-7664,May_22,4965.277019562349,oleate biosynthesis IV (anaerobic),NA
PWY-7664,October,5137.014928811263,oleate biosynthesis IV (anaerobic),NA
PWY-7675,August,116.41394933782655,Kdo transfer to lipid IV<sub>A</sub> (single Kdo residue),NA
PWY-7675,July_1,198.9937607892357,Kdo transfer to lipid IV<sub>A</sub> (single Kdo residue),NA
PWY-7675,July_2,119.28932466266549,Kdo transfer to lipid IV<sub>A</sub> (single Kdo residue),NA
PWY-7675,July_3,117.95652020471113,Kdo transfer to lipid IV<sub>A</sub> (single Kdo residue),NA
PWY-7675,May,34.75203008086982,Kdo transfer to lipid IV<sub>A</sub> (single Kdo residue),NA
PWY-7675,May_22,72.69920446135596,Kdo transfer to lipid IV<sub>A</sub> (single Kdo residue),NA
PWY-7675,October,34.72881359281222,Kdo transfer to lipid IV<sub>A</sub> (single Kdo residue),NA
PWY-7676,August,106.2416622700158,Kdo8N transfer to lipid IV<sub>A</sub>,NA
PWY-7676,July_1,189.01130527174868,Kdo8N transfer to lipid IV<sub>A</sub>,NA
PWY-7676,July_2,109.69996771200167,Kdo8N transfer to lipid IV<sub>A</sub>,NA
PWY-7676,July_3,111.61358567491592,Kdo8N transfer to lipid IV<sub>A</sub>,NA
PWY-7676,May,28.99700169783303,Kdo8N transfer to lipid IV<sub>A</sub>,NA
PWY-7676,May_22,62.05902897872105,Kdo8N transfer to lipid IV<sub>A</sub>,NA
PWY-7676,October,23.73147032095026,Kdo8N transfer to lipid IV<sub>A</sub>,NA
PWY-7684,August,3.26141604378089,&alpha;-diglucosyldiacylglycerol biosynthesis,NA
PWY-7684,July_1,5.64286807655778,&alpha;-diglucosyldiacylglycerol biosynthesis,NA
PWY-7684,July_2,6.138968147705104,&alpha;-diglucosyldiacylglycerol biosynthesis,NA
PWY-7684,July_3,6.343011289813602,&alpha;-diglucosyldiacylglycerol biosynthesis,NA
PWY-7684,May,2.9662032349384297,&alpha;-diglucosyldiacylglycerol biosynthesis,NA
PWY-7684,May_22,1.7055015816118346,&alpha;-diglucosyldiacylglycerol biosynthesis,NA
PWY-7684,October,1.2726943881800858,&alpha;-diglucosyldiacylglycerol biosynthesis,NA
PWY-7685,August,191.7867869396635,L-malate degradation I,NA
PWY-7685,July_1,102.52339470825164,L-malate degradation I,NA
PWY-7685,July_2,114.30510708334175,L-malate degradation I,NA
PWY-7685,July_3,177.8521556438451,L-malate degradation I,NA
PWY-7685,May,84.12103705494908,L-malate degradation I,NA
PWY-7685,May_22,110.01014221117273,L-malate degradation I,NA
PWY-7685,October,69.998944625487,L-malate degradation I,NA
PWY-7686,August,358.7058904344539,L-malate degradation II,NA
PWY-7686,July_1,275.40760027280476,L-malate degradation II,NA
PWY-7686,July_2,283.5127396453561,L-malate degradation II,NA
PWY-7686,July_3,339.33950992660743,L-malate degradation II,NA
PWY-7686,May,223.05867033269766,L-malate degradation II,NA
PWY-7686,May_22,218.8807830933322,L-malate degradation II,NA
PWY-7686,October,178.86985793026508,L-malate degradation II,NA
PWY-7701,August,2.2821868370021585,4-hydroxy-4-methyl-L-glutamate biosynthesis,NA
PWY-7701,July_1,3.5882505945518846,4-hydroxy-4-methyl-L-glutamate biosynthesis,NA
PWY-7701,July_2,4.451528205362239,4-hydroxy-4-methyl-L-glutamate biosynthesis,NA
PWY-7701,July_3,2.9859426567764054,4-hydroxy-4-methyl-L-glutamate biosynthesis,NA
PWY-7701,May,19.792558350090562,4-hydroxy-4-methyl-L-glutamate biosynthesis,NA
PWY-7701,May_22,11.669189175224382,4-hydroxy-4-methyl-L-glutamate biosynthesis,NA
PWY-7701,October,14.440416303675368,4-hydroxy-4-methyl-L-glutamate biosynthesis,NA
PWY-7709,August,79.6743271943963,(3<i>R</i>)-linalool biosynthesis,NA
PWY-7709,July_1,128.42062301967186,(3<i>R</i>)-linalool biosynthesis,NA
PWY-7709,July_2,90.56778702658092,(3<i>R</i>)-linalool biosynthesis,NA
PWY-7709,July_3,77.76028809423569,(3<i>R</i>)-linalool biosynthesis,NA
PWY-7709,May,78.47980462391475,(3<i>R</i>)-linalool biosynthesis,NA
PWY-7709,May_22,90.39341681716041,(3<i>R</i>)-linalool biosynthesis,NA
PWY-7709,October,95.17330864564366,(3<i>R</i>)-linalool biosynthesis,NA
PWY-7721,August,159.3486543887926,methyl phomopsenoate biosynthesis,NA
PWY-7721,July_1,256.84124603934373,methyl phomopsenoate biosynthesis,NA
PWY-7721,July_2,181.13557405316183,methyl phomopsenoate biosynthesis,NA
PWY-7721,July_3,155.52057618847138,methyl phomopsenoate biosynthesis,NA
PWY-7721,May,156.9596092478295,methyl phomopsenoate biosynthesis,NA
PWY-7721,May_22,180.78683363432083,methyl phomopsenoate biosynthesis,NA
PWY-7721,October,190.34661729128732,methyl phomopsenoate biosynthesis,NA
PWY-7750,August,1509.9662971288074,carbon monoxide oxidation to CO<sub>2</sub>,NA
PWY-7750,July_1,1220.3311271186792,carbon monoxide oxidation to CO<sub>2</sub>,NA
PWY-7750,July_2,1379.5041657509119,carbon monoxide oxidation to CO<sub>2</sub>,NA
PWY-7750,July_3,1289.5526639120762,carbon monoxide oxidation to CO<sub>2</sub>,NA
PWY-7750,May,2663.7982718905596,carbon monoxide oxidation to CO<sub>2</sub>,NA
PWY-7750,May_22,2032.3015983767636,carbon monoxide oxidation to CO<sub>2</sub>,NA
PWY-7750,October,2584.49059048567,carbon monoxide oxidation to CO<sub>2</sub>,NA
PWY-7761,August,166.73559179019733,NAD salvage pathway II (PNC IV cycle),NA
PWY-7761,July_1,309.5272468485872,NAD salvage pathway II (PNC IV cycle),NA
PWY-7761,July_2,183.1242453499085,NAD salvage pathway II (PNC IV cycle),NA
PWY-7761,July_3,157.84872029134988,NAD salvage pathway II (PNC IV cycle),NA
PWY-7761,May,223.77668871634734,NAD salvage pathway II (PNC IV cycle),NA
PWY-7761,May_22,211.80676081718062,NAD salvage pathway II (PNC IV cycle),NA
PWY-7761,October,258.40574108612816,NAD salvage pathway II (PNC IV cycle),NA
PWY-7765,August,50.35553385650832,3-hydroxy-4-methyl-anthranilate biosynthesis II,NA
PWY-7765,July_1,10.640331240022224,3-hydroxy-4-methyl-anthranilate biosynthesis II,NA
PWY-7765,July_2,37.759328961827634,3-hydroxy-4-methyl-anthranilate biosynthesis II,NA
PWY-7765,July_3,31.23681084587665,3-hydroxy-4-methyl-anthranilate biosynthesis II,NA
PWY-7766,August,22.81521486546616,heme <i>b</i> biosynthesis IV (Gram-positive bacteria),NA
PWY-7766,July_1,59.38418203592886,heme <i>b</i> biosynthesis IV (Gram-positive bacteria),NA
PWY-7766,July_2,35.629192012034224,heme <i>b</i> biosynthesis IV (Gram-positive bacteria),NA
PWY-7766,July_3,33.705988781685214,heme <i>b</i> biosynthesis IV (Gram-positive bacteria),NA
PWY-7766,May,7.762640509010707,heme <i>b</i> biosynthesis IV (Gram-positive bacteria),NA
PWY-7766,May_22,7.525822865283777,heme <i>b</i> biosynthesis IV (Gram-positive bacteria),NA
PWY-7766,October,9.267618722737154,heme <i>b</i> biosynthesis IV (Gram-positive bacteria),NA
PWY-7772,August,8.43560477405896,&gamma;-resorcylate degradation II,NA
PWY-7772,July_1,3.8422405410254923,&gamma;-resorcylate degradation II,NA
PWY-7772,July_2,5.941091909375951,&gamma;-resorcylate degradation II,NA
PWY-7772,July_3,7.425137767937981,&gamma;-resorcylate degradation II,NA
PWY-7772,May,2.6745917167907765,&gamma;-resorcylate degradation II,NA
PWY-7772,May_22,3.174401328777937,&gamma;-resorcylate degradation II,NA
PWY-7772,October,4.392358587421578,&gamma;-resorcylate degradation II,NA
PWY-7773,August,8.43560477405896,&gamma;-resorcylate degradation I,NA
PWY-7773,July_1,3.8422405410254923,&gamma;-resorcylate degradation I,NA
PWY-7773,July_2,5.941091909375951,&gamma;-resorcylate degradation I,NA
PWY-7773,July_3,7.425137767937981,&gamma;-resorcylate degradation I,NA
PWY-7773,May,2.6745917167907765,&gamma;-resorcylate degradation I,NA
PWY-7773,May_22,3.174401328777937,&gamma;-resorcylate degradation I,NA
PWY-7773,October,4.392358587421578,&gamma;-resorcylate degradation I,NA
PWY-7790,August,714.1402552179643,UMP biosynthesis II,NA
PWY-7790,July_1,792.6364910906477,UMP biosynthesis II,NA
PWY-7790,July_2,671.5335424281473,UMP biosynthesis II,NA
PWY-7790,July_3,770.0457887350176,UMP biosynthesis II,NA
PWY-7790,May,513.5689612904154,UMP biosynthesis II,NA
PWY-7790,May_22,628.6466535162398,UMP biosynthesis II,NA
PWY-7790,October,494.74963880855654,UMP biosynthesis II,NA
PWY-7791,August,749.0635448862738,UMP biosynthesis III,NA
PWY-7791,July_1,825.6298276277561,UMP biosynthesis III,NA
PWY-7791,July_2,699.6510650014568,UMP biosynthesis III,NA
PWY-7791,July_3,809.8877550999126,UMP biosynthesis III,NA
PWY-7791,May,523.3511518613896,UMP biosynthesis III,NA
PWY-7791,May_22,655.9844130966065,UMP biosynthesis III,NA
PWY-7791,October,525.4466605485178,UMP biosynthesis III,NA
PWY-7793,August,27.975644141592134,dimethyl sulfide biosynthesis from methionine,NA
PWY-7793,July_1,26.69715284331825,dimethyl sulfide biosynthesis from methionine,NA
PWY-7793,July_2,30.297633315376377,dimethyl sulfide biosynthesis from methionine,NA
PWY-7793,July_3,24.46947887727182,dimethyl sulfide biosynthesis from methionine,NA
PWY-7793,May,14.068716695548817,dimethyl sulfide biosynthesis from methionine,NA
PWY-7793,May_22,18.657990555284904,dimethyl sulfide biosynthesis from methionine,NA
PWY-7793,October,7.433191856645957,dimethyl sulfide biosynthesis from methionine,NA
PWY-7794,August,19.197423809614495,polyethylene terephthalate degradation,NA
PWY-7794,July_1,22.092489041565894,polyethylene terephthalate degradation,NA
PWY-7794,July_2,30.761358524335968,polyethylene terephthalate degradation,NA
PWY-7794,July_3,22.068687256568506,polyethylene terephthalate degradation,NA
PWY-7794,May,18.106624834433028,polyethylene terephthalate degradation,NA
PWY-7794,May_22,12.792451281379002,polyethylene terephthalate degradation,NA
PWY-7794,October,15.261589983981702,polyethylene terephthalate degradation,NA
PWY-7795,August,20.997434388210728,terephthalate degradation,NA
PWY-7795,July_1,22.712634975372996,terephthalate degradation,NA
PWY-7795,July_2,20.440032671610165,terephthalate degradation,NA
PWY-7795,July_3,18.16018266624244,terephthalate degradation,NA
PWY-7795,May,58.64209076567927,terephthalate degradation,NA
PWY-7795,May_22,40.81500784680517,terephthalate degradation,NA
PWY-7795,October,73.59968711651378,terephthalate degradation,NA
PWY-7801,August,1.4597493503199404,N-end rule pathway I (prokaryotic),NA
PWY-7801,July_1,3.020025205902022,N-end rule pathway I (prokaryotic),NA
PWY-7801,July_2,1.6505909700039343,N-end rule pathway I (prokaryotic),NA
PWY-7801,July_3,3.244172680642529,N-end rule pathway I (prokaryotic),NA
PWY-7801,May_22,1.3800256468909846,N-end rule pathway I (prokaryotic),NA
PWY-7802,August,10.19492073347333,N-end rule pathway II (prokaryotic),NA
PWY-7802,July_1,4.288257477457656,N-end rule pathway II (prokaryotic),NA
PWY-7802,July_2,9.400635814297187,N-end rule pathway II (prokaryotic),NA
PWY-7802,July_3,8.235343975309746,N-end rule pathway II (prokaryotic),NA
PWY-7802,May,9.24801609809551,N-end rule pathway II (prokaryotic),NA
PWY-7802,May_22,18.570031264128772,N-end rule pathway II (prokaryotic),NA
PWY-7802,October,6.540243077119727,N-end rule pathway II (prokaryotic),NA
PWY-7803,August,2.930555166713868,tRNA splicing II,NA
PWY-7803,July_1,8.563470574968445,tRNA splicing II,NA
PWY-7803,July_2,9.240067314321202,tRNA splicing II,NA
PWY-7803,July_3,4.849197911322559,tRNA splicing II,NA
PWY-7803,May,6.334937741979691,tRNA splicing II,NA
PWY-7803,May_22,6.140855058815173,tRNA splicing II,NA
PWY-7803,October,5.917962010945052,tRNA splicing II,NA
PWY-7806,August,27.97742249872594,glyphosate degradation II,NA
PWY-7806,July_1,73.904548396045,glyphosate degradation II,NA
PWY-7806,July_2,37.15308202863356,glyphosate degradation II,NA
PWY-7806,July_3,27.821876342821653,glyphosate degradation II,NA
PWY-7806,May,31.329882367262936,glyphosate degradation II,NA
PWY-7806,May_22,37.06053862395929,glyphosate degradation II,NA
PWY-7806,October,38.8386768811927,glyphosate degradation II,NA
PWY-7810,August,8.434871120665445,chlorotetracycline biosynthesis,NA
PWY-7810,July_1,1.4231267495355877,chlorotetracycline biosynthesis,NA
PWY-7810,July_2,3.893770801442186,chlorotetracycline biosynthesis,NA
PWY-7810,July_3,2.487171502103968,chlorotetracycline biosynthesis,NA
PWY-7814,August,178.96379451372113,dTDP-L-daunosamine biosynthesis,NA
PWY-7814,July_1,128.4437947611226,dTDP-L-daunosamine biosynthesis,NA
PWY-7814,July_2,168.77516108502024,dTDP-L-daunosamine biosynthesis,NA
PWY-7814,July_3,179.63250625423797,dTDP-L-daunosamine biosynthesis,NA
PWY-7814,May,24.213545840353916,dTDP-L-daunosamine biosynthesis,NA
PWY-7814,May_22,42.18984117095751,dTDP-L-daunosamine biosynthesis,NA
PWY-7814,October,27.847027429625978,dTDP-L-daunosamine biosynthesis,NA
PWY-7845,August,0.9714864009041642,heme degradation II,NA
PWY-7845,July_1,2.9021402608682023,heme degradation II,NA
PWY-7845,July_2,2.8253229790904184,heme degradation II,NA
PWY-7845,July_3,1.8564114706207893,heme degradation II,NA
PWY-7845,May_22,2.0877650598475808,heme degradation II,NA
PWY-7847,August,31.93382486411541,heme degradation VI,NA
PWY-7847,July_1,32.50433335768966,heme degradation VI,NA
PWY-7847,July_2,60.229870800520715,heme degradation VI,NA
PWY-7847,July_3,36.94759441995948,heme degradation VI,NA
PWY-7847,May,47.24326220734465,heme degradation VI,NA
PWY-7847,May_22,27.969909531863692,heme degradation VI,NA
PWY-7847,October,30.266603715286255,heme degradation VI,NA
PWY-7848,August,38.12198975845509,heme degradation VII,NA
PWY-7848,July_1,23.411219584831112,heme degradation VII,NA
PWY-7848,July_2,59.72588307041539,heme degradation VII,NA
PWY-7848,July_3,42.3044610066151,heme degradation VII,NA
PWY-7848,May,8.140396795522397,heme degradation VII,NA
PWY-7848,May_22,7.779971949840344,heme degradation VII,NA
PWY-7848,October,6.910663915862262,heme degradation VII,NA
PWY-7849,August,10.80942964889239,urate degradation III (to allantoin),NA
PWY-7849,July_1,17.23811893812072,urate degradation III (to allantoin),NA
PWY-7849,July_2,22.335573310103747,urate degradation III (to allantoin),NA
PWY-7849,July_3,11.31607024774343,urate degradation III (to allantoin),NA
PWY-7851,August,192.17070680412638,coenzyme A biosynthesis II (eukaryotic),NA
PWY-7851,July_1,334.68084502573515,coenzyme A biosynthesis II (eukaryotic),NA
PWY-7851,July_2,219.4680062981703,coenzyme A biosynthesis II (eukaryotic),NA
PWY-7851,July_3,223.24631920905597,coenzyme A biosynthesis II (eukaryotic),NA
PWY-7851,May,81.63579736027198,coenzyme A biosynthesis II (eukaryotic),NA
PWY-7851,May_22,145.9024824344241,coenzyme A biosynthesis II (eukaryotic),NA
PWY-7851,October,98.31535610052984,coenzyme A biosynthesis II (eukaryotic),NA
PWY-7852,August,1308.7730587058118,6-hydroxymethyl-dihydropterin diphosphate biosynthesis IV (Plasmodium),NA
PWY-7852,July_1,1168.8253208119145,6-hydroxymethyl-dihydropterin diphosphate biosynthesis IV (Plasmodium),NA
PWY-7852,July_2,1804.0160979260208,6-hydroxymethyl-dihydropterin diphosphate biosynthesis IV (Plasmodium),NA
PWY-7852,July_3,863.6964654415185,6-hydroxymethyl-dihydropterin diphosphate biosynthesis IV (Plasmodium),NA
PWY-7852,May,955.4138520027857,6-hydroxymethyl-dihydropterin diphosphate biosynthesis IV (Plasmodium),NA
PWY-7852,May_22,1096.5607959829651,6-hydroxymethyl-dihydropterin diphosphate biosynthesis IV (Plasmodium),NA
PWY-7852,October,1423.9564342633034,6-hydroxymethyl-dihydropterin diphosphate biosynthesis IV (Plasmodium),NA
PWY-7853,August,7.914569784958077,6-hydroxymethyl-dihydropterin diphosphate biosynthesis V (<i>Pyrococcus</i>),NA
PWY-7853,July_1,5.806237065033218,6-hydroxymethyl-dihydropterin diphosphate biosynthesis V (<i>Pyrococcus</i>),NA
PWY-7853,July_2,8.100782039554987,6-hydroxymethyl-dihydropterin diphosphate biosynthesis V (<i>Pyrococcus</i>),NA
PWY-7853,July_3,6.735249599309304,6-hydroxymethyl-dihydropterin diphosphate biosynthesis V (<i>Pyrococcus</i>),NA
PWY-7853,May,4.2963340607588965,6-hydroxymethyl-dihydropterin diphosphate biosynthesis V (<i>Pyrococcus</i>),NA
PWY-7853,May_22,3.1848494053707612,6-hydroxymethyl-dihydropterin diphosphate biosynthesis V (<i>Pyrococcus</i>),NA
PWY-7855,August,6.85442367401981,ectoine degradation,NA
PWY-7855,July_1,3.3171861551501256,ectoine degradation,NA
PWY-7855,July_2,6.946346482399653,ectoine degradation,NA
PWY-7855,July_3,7.069171247910248,ectoine degradation,NA
PWY-7858,August,1362.0146509083966,(5Z)-dodecenoate biosynthesis II,NA
PWY-7858,July_1,1431.0380104855133,(5Z)-dodecenoate biosynthesis II,NA
PWY-7858,July_2,1481.0322967568816,(5Z)-dodecenoate biosynthesis II,NA
PWY-7858,July_3,1163.3109817759791,(5Z)-dodecenoate biosynthesis II,NA
PWY-7858,May,1893.8132835824135,(5Z)-dodecenoate biosynthesis II,NA
PWY-7858,May_22,1648.7054026615092,(5Z)-dodecenoate biosynthesis II,NA
PWY-7858,October,1734.2639249691501,(5Z)-dodecenoate biosynthesis II,NA
PWY-7865,August,34.51409478360265,coenzyme B/coenzyme M regeneration II (ferredoxin-dependent),NA
PWY-7865,July_1,40.62151549384579,coenzyme B/coenzyme M regeneration II (ferredoxin-dependent),NA
PWY-7865,July_2,42.65684886273044,coenzyme B/coenzyme M regeneration II (ferredoxin-dependent),NA
PWY-7865,July_3,47.94368100539444,coenzyme B/coenzyme M regeneration II (ferredoxin-dependent),NA
PWY-7865,May,55.13131895930868,coenzyme B/coenzyme M regeneration II (ferredoxin-dependent),NA
PWY-7865,May_22,55.4515334121933,coenzyme B/coenzyme M regeneration II (ferredoxin-dependent),NA
PWY-7865,October,46.59189485931812,coenzyme B/coenzyme M regeneration II (ferredoxin-dependent),NA
PWY-7866,August,34.51409478360265,coenzyme B/coenzyme M regeneration III (coenzyme F<sub>420</sub>-dependent),NA
PWY-7866,July_1,40.62151549384579,coenzyme B/coenzyme M regeneration III (coenzyme F<sub>420</sub>-dependent),NA
PWY-7866,July_2,42.65684886273044,coenzyme B/coenzyme M regeneration III (coenzyme F<sub>420</sub>-dependent),NA
PWY-7866,July_3,47.94368100539444,coenzyme B/coenzyme M regeneration III (coenzyme F<sub>420</sub>-dependent),NA
PWY-7866,May,55.13131895930868,coenzyme B/coenzyme M regeneration III (coenzyme F<sub>420</sub>-dependent),NA
PWY-7866,May_22,55.4515334121933,coenzyme B/coenzyme M regeneration III (coenzyme F<sub>420</sub>-dependent),NA
PWY-7866,October,46.59189485931812,coenzyme B/coenzyme M regeneration III (coenzyme F<sub>420</sub>-dependent),NA
PWY-7867,August,34.51409478360265,coenzyme B/coenzyme M regeneration IV (H<sub>2</sub>-dependent),NA
PWY-7867,July_1,40.62151549384579,coenzyme B/coenzyme M regeneration IV (H<sub>2</sub>-dependent),NA
PWY-7867,July_2,42.65684886273044,coenzyme B/coenzyme M regeneration IV (H<sub>2</sub>-dependent),NA
PWY-7867,July_3,47.94368100539444,coenzyme B/coenzyme M regeneration IV (H<sub>2</sub>-dependent),NA
PWY-7867,May,55.13131895930868,coenzyme B/coenzyme M regeneration IV (H<sub>2</sub>-dependent),NA
PWY-7867,May_22,55.4515334121933,coenzyme B/coenzyme M regeneration IV (H<sub>2</sub>-dependent),NA
PWY-7867,October,46.59189485931812,coenzyme B/coenzyme M regeneration IV (H<sub>2</sub>-dependent),NA
PWY-7868,August,34.51409478360265,coenzyme B/coenzyme M regeneration V (formate-dependent),NA
PWY-7868,July_1,40.62151549384579,coenzyme B/coenzyme M regeneration V (formate-dependent),NA
PWY-7868,July_2,42.65684886273044,coenzyme B/coenzyme M regeneration V (formate-dependent),NA
PWY-7868,July_3,47.94368100539444,coenzyme B/coenzyme M regeneration V (formate-dependent),NA
PWY-7868,May,55.13131895930868,coenzyme B/coenzyme M regeneration V (formate-dependent),NA
PWY-7868,May_22,55.4515334121933,coenzyme B/coenzyme M regeneration V (formate-dependent),NA
PWY-7868,October,46.59189485931812,coenzyme B/coenzyme M regeneration V (formate-dependent),NA
PWY-7873,August,5.112948258246032,D-erythronate degradation II,NA
PWY-7873,July_1,2.6710262649059766,D-erythronate degradation II,NA
PWY-7873,July_2,3.0787617421857627,D-erythronate degradation II,NA
PWY-7873,July_3,3.5667347489956223,D-erythronate degradation II,NA
PWY-7873,May,2.6200375672034033,D-erythronate degradation II,NA
PWY-7885,August,30.984718493131915,phosphatidylinositol mannoside biosynthesis,NA
PWY-7885,July_1,36.6121996256052,phosphatidylinositol mannoside biosynthesis,NA
PWY-7885,July_2,17.21206283137342,phosphatidylinositol mannoside biosynthesis,NA
PWY-7885,July_3,28.34788584330799,phosphatidylinositol mannoside biosynthesis,NA
PWY-7885,May,8.577947584788612,phosphatidylinositol mannoside biosynthesis,NA
PWY-7885,May_22,17.482445492806203,phosphatidylinositol mannoside biosynthesis,NA
PWY-7885,October,16.88500658737633,phosphatidylinositol mannoside biosynthesis,NA
PWY-7893,August,617.2607539614966,protein Pupylation and dePupylation,NA
PWY-7893,July_1,947.1634651619315,protein Pupylation and dePupylation,NA
PWY-7893,July_2,658.928208331991,protein Pupylation and dePupylation,NA
PWY-7893,July_3,754.6509446923171,protein Pupylation and dePupylation,NA
PWY-7893,May,960.0850851439238,protein Pupylation and dePupylation,NA
PWY-7893,May_22,952.1034685726241,protein Pupylation and dePupylation,NA
PWY-7893,October,862.9787190738239,protein Pupylation and dePupylation,NA
PWY-7900,August,462.8290459583616,glycogen biosynthesis III (from &alpha;-maltose 1-phosphate),NA
PWY-7900,July_1,607.5790279563054,glycogen biosynthesis III (from &alpha;-maltose 1-phosphate),NA
PWY-7900,July_2,481.13905810488313,glycogen biosynthesis III (from &alpha;-maltose 1-phosphate),NA
PWY-7900,July_3,566.6670566419047,glycogen biosynthesis III (from &alpha;-maltose 1-phosphate),NA
PWY-7900,May,1623.4702314245471,glycogen biosynthesis III (from &alpha;-maltose 1-phosphate),NA
PWY-7900,May_22,1363.966559059882,glycogen biosynthesis III (from &alpha;-maltose 1-phosphate),NA
PWY-7900,October,1479.6344529388232,glycogen biosynthesis III (from &alpha;-maltose 1-phosphate),NA
PWY-7902,August,22.172017157184012,glucosylglycerol biosynthesis,NA
PWY-7902,July_1,22.446191236321127,glucosylglycerol biosynthesis,NA
PWY-7902,July_2,26.69990965306229,glucosylglycerol biosynthesis,NA
PWY-7902,July_3,31.422541786337646,glucosylglycerol biosynthesis,NA
PWY-7902,May,20.401228699943125,glucosylglycerol biosynthesis,NA
PWY-7902,May_22,22.951813524253506,glucosylglycerol biosynthesis,NA
PWY-7902,October,14.730608838055081,glucosylglycerol biosynthesis,NA
PWY-7909,August,314.54737315877907,formaldehyde oxidation VII (THF pathway),NA
PWY-7909,July_1,490.44847069092907,formaldehyde oxidation VII (THF pathway),NA
PWY-7909,July_2,334.55258353930554,formaldehyde oxidation VII (THF pathway),NA
PWY-7909,July_3,274.4668919797316,formaldehyde oxidation VII (THF pathway),NA
PWY-7909,May,327.66481934061744,formaldehyde oxidation VII (THF pathway),NA
PWY-7909,May_22,303.0741575300126,formaldehyde oxidation VII (THF pathway),NA
PWY-7909,October,325.8864308776806,formaldehyde oxidation VII (THF pathway),NA
PWY-7923,August,2.882696938335327,archaeosine biosynthesis II,NA
PWY-7923,July_1,3.9208398973404757,archaeosine biosynthesis II,NA
PWY-7923,July_2,2.0234019276731363,archaeosine biosynthesis II,NA
PWY-7923,July_3,3.337767638532004,archaeosine biosynthesis II,NA
PWY-7923,May,9.934807497098737,archaeosine biosynthesis II,NA
PWY-7923,May_22,7.139298093893488,archaeosine biosynthesis II,NA
PWY-7923,October,3.3217852725322023,archaeosine biosynthesis II,NA
PWY-7938,August,30.941597500865832,isorenieratene biosynthesis I (actinobacteria),NA
PWY-7938,July_1,78.03456028228564,isorenieratene biosynthesis I (actinobacteria),NA
PWY-7938,July_2,28.836003234277925,isorenieratene biosynthesis I (actinobacteria),NA
PWY-7938,July_3,12.862640090372455,isorenieratene biosynthesis I (actinobacteria),NA
PWY-7938,May,29.80703310656657,isorenieratene biosynthesis I (actinobacteria),NA
PWY-7938,May_22,15.874883203247192,isorenieratene biosynthesis I (actinobacteria),NA
PWY-7938,October,21.291733830172667,isorenieratene biosynthesis I (actinobacteria),NA
PWY-7939,August,15.470798750432916,chlorobactene biosynthesis,NA
PWY-7939,July_1,39.01728014114282,chlorobactene biosynthesis,NA
PWY-7939,July_2,14.418001617138962,chlorobactene biosynthesis,NA
PWY-7939,July_3,6.431320045186228,chlorobactene biosynthesis,NA
PWY-7939,May,14.903516553283286,chlorobactene biosynthesis,NA
PWY-7939,May_22,7.937441601623596,chlorobactene biosynthesis,NA
PWY-7939,October,10.645866915086334,chlorobactene biosynthesis,NA
PWY-7953,August,453.105618407487,UDP-<i>N</i>-acetylmuramoyl-pentapeptide biosynthesis III (<i>meso</i>-diaminopimelate containing),NA
PWY-7953,July_1,416.8023210820447,UDP-<i>N</i>-acetylmuramoyl-pentapeptide biosynthesis III (<i>meso</i>-diaminopimelate containing),NA
PWY-7953,July_2,458.2460586094259,UDP-<i>N</i>-acetylmuramoyl-pentapeptide biosynthesis III (<i>meso</i>-diaminopimelate containing),NA
PWY-7953,July_3,368.59644830197965,UDP-<i>N</i>-acetylmuramoyl-pentapeptide biosynthesis III (<i>meso</i>-diaminopimelate containing),NA
PWY-7953,May,414.1781095136546,UDP-<i>N</i>-acetylmuramoyl-pentapeptide biosynthesis III (<i>meso</i>-diaminopimelate containing),NA
PWY-7953,May_22,382.46829445009047,UDP-<i>N</i>-acetylmuramoyl-pentapeptide biosynthesis III (<i>meso</i>-diaminopimelate containing),NA
PWY-7953,October,366.88595281036646,UDP-<i>N</i>-acetylmuramoyl-pentapeptide biosynthesis III (<i>meso</i>-diaminopimelate containing),NA
PWY-7961,August,9.950824310761776,phenyl adenosylcobamide biosynthesis from adenosylcobinamide-GDP,NA
PWY-7961,July_1,15.395148505966255,phenyl adenosylcobamide biosynthesis from adenosylcobinamide-GDP,NA
PWY-7961,July_2,9.821978857223154,phenyl adenosylcobamide biosynthesis from adenosylcobinamide-GDP,NA
PWY-7961,July_3,7.94048282097647,phenyl adenosylcobamide biosynthesis from adenosylcobinamide-GDP,NA
PWY-7961,May,11.147300980953922,phenyl adenosylcobamide biosynthesis from adenosylcobinamide-GDP,NA
PWY-7961,May_22,3.022007381579939,phenyl adenosylcobamide biosynthesis from adenosylcobinamide-GDP,NA
PWY-7961,October,4.3524697345138765,phenyl adenosylcobamide biosynthesis from adenosylcobinamide-GDP,NA
PWY-7963,August,9.950824310761776,4-methylphenyl adenosylcobamide biosynthesis from adenosylcobinamide-GDP,NA
PWY-7963,July_1,15.395148505966255,4-methylphenyl adenosylcobamide biosynthesis from adenosylcobinamide-GDP,NA
PWY-7963,July_2,9.821978857223154,4-methylphenyl adenosylcobamide biosynthesis from adenosylcobinamide-GDP,NA
PWY-7963,July_3,7.94048282097647,4-methylphenyl adenosylcobamide biosynthesis from adenosylcobinamide-GDP,NA
PWY-7963,May,11.147300980953922,4-methylphenyl adenosylcobamide biosynthesis from adenosylcobinamide-GDP,NA
PWY-7963,May_22,3.022007381579939,4-methylphenyl adenosylcobamide biosynthesis from adenosylcobinamide-GDP,NA
PWY-7963,October,4.3524697345138765,4-methylphenyl adenosylcobamide biosynthesis from adenosylcobinamide-GDP,NA
PWY-7964,August,22.85539003263574,pseudocobalamin biosynthesis from adenosylcobinamide-GDP,NA
PWY-7964,July_1,36.01626628782968,pseudocobalamin biosynthesis from adenosylcobinamide-GDP,NA
PWY-7964,July_2,27.565601202907846,pseudocobalamin biosynthesis from adenosylcobinamide-GDP,NA
PWY-7964,July_3,18.680407439652686,pseudocobalamin biosynthesis from adenosylcobinamide-GDP,NA
PWY-7964,May,20.0556831084495,pseudocobalamin biosynthesis from adenosylcobinamide-GDP,NA
PWY-7964,May_22,13.115237070507078,pseudocobalamin biosynthesis from adenosylcobinamide-GDP,NA
PWY-7964,October,14.94387430150651,pseudocobalamin biosynthesis from adenosylcobinamide-GDP,NA
PWY-7965,August,22.85539003263574,2-methyladeninyl adenosylcobamide biosynthesis from adenosylcobinamide-GDP,NA
PWY-7965,July_1,36.01626628782968,2-methyladeninyl adenosylcobamide biosynthesis from adenosylcobinamide-GDP,NA
PWY-7965,July_2,27.565601202907846,2-methyladeninyl adenosylcobamide biosynthesis from adenosylcobinamide-GDP,NA
PWY-7965,July_3,18.680407439652686,2-methyladeninyl adenosylcobamide biosynthesis from adenosylcobinamide-GDP,NA
PWY-7965,May,20.0556831084495,2-methyladeninyl adenosylcobamide biosynthesis from adenosylcobinamide-GDP,NA
PWY-7965,May_22,13.115237070507078,2-methyladeninyl adenosylcobamide biosynthesis from adenosylcobinamide-GDP,NA
PWY-7965,October,14.94387430150651,2-methyladeninyl adenosylcobamide biosynthesis from adenosylcobinamide-GDP,NA
PWY-7966,August,22.85539003263574,5-methoxy-6-methylbenzimidazolyl adenosylcobamide biosynthesis from adenosylcobinamide-GDP,NA
PWY-7966,July_1,36.01626628782968,5-methoxy-6-methylbenzimidazolyl adenosylcobamide biosynthesis from adenosylcobinamide-GDP,NA
PWY-7966,July_2,27.565601202907846,5-methoxy-6-methylbenzimidazolyl adenosylcobamide biosynthesis from adenosylcobinamide-GDP,NA
PWY-7966,July_3,18.680407439652686,5-methoxy-6-methylbenzimidazolyl adenosylcobamide biosynthesis from adenosylcobinamide-GDP,NA
PWY-7966,May,20.0556831084495,5-methoxy-6-methylbenzimidazolyl adenosylcobamide biosynthesis from adenosylcobinamide-GDP,NA
PWY-7966,May_22,13.115237070507078,5-methoxy-6-methylbenzimidazolyl adenosylcobamide biosynthesis from adenosylcobinamide-GDP,NA
PWY-7966,October,14.94387430150651,5-methoxy-6-methylbenzimidazolyl adenosylcobamide biosynthesis from adenosylcobinamide-GDP,NA
PWY-7967,August,22.85539003263574,5-methoxybenzimidazolyl adenosylcobamide biosynthesis from adenosylcobinamide-GDP (anaerobic),NA
PWY-7967,July_1,36.01626628782968,5-methoxybenzimidazolyl adenosylcobamide biosynthesis from adenosylcobinamide-GDP (anaerobic),NA
PWY-7967,July_2,27.565601202907846,5-methoxybenzimidazolyl adenosylcobamide biosynthesis from adenosylcobinamide-GDP (anaerobic),NA
PWY-7967,July_3,18.680407439652686,5-methoxybenzimidazolyl adenosylcobamide biosynthesis from adenosylcobinamide-GDP (anaerobic),NA
PWY-7967,May,20.0556831084495,5-methoxybenzimidazolyl adenosylcobamide biosynthesis from adenosylcobinamide-GDP (anaerobic),NA
PWY-7967,May_22,13.115237070507078,5-methoxybenzimidazolyl adenosylcobamide biosynthesis from adenosylcobinamide-GDP (anaerobic),NA
PWY-7967,October,14.94387430150651,5-methoxybenzimidazolyl adenosylcobamide biosynthesis from adenosylcobinamide-GDP (anaerobic),NA
PWY-7968,August,22.85539003263574,5-methylbenzimidazolyl adenosylcobamide biosynthesis from adenosylcobinamide-GDP,NA
PWY-7968,July_1,36.01626628782968,5-methylbenzimidazolyl adenosylcobamide biosynthesis from adenosylcobinamide-GDP,NA
PWY-7968,July_2,27.565601202907846,5-methylbenzimidazolyl adenosylcobamide biosynthesis from adenosylcobinamide-GDP,NA
PWY-7968,July_3,18.680407439652686,5-methylbenzimidazolyl adenosylcobamide biosynthesis from adenosylcobinamide-GDP,NA
PWY-7968,May,20.0556831084495,5-methylbenzimidazolyl adenosylcobamide biosynthesis from adenosylcobinamide-GDP,NA
PWY-7968,May_22,13.115237070507078,5-methylbenzimidazolyl adenosylcobamide biosynthesis from adenosylcobinamide-GDP,NA
PWY-7968,October,14.94387430150651,5-methylbenzimidazolyl adenosylcobamide biosynthesis from adenosylcobinamide-GDP,NA
PWY-7969,August,22.85539003263574,5-hydroxybenzimidazolyl adenosylcobamide biosynthesis from adenosylcobinamide-GDP (anaerobic),NA
PWY-7969,July_1,36.01626628782968,5-hydroxybenzimidazolyl adenosylcobamide biosynthesis from adenosylcobinamide-GDP (anaerobic),NA
PWY-7969,July_2,27.565601202907846,5-hydroxybenzimidazolyl adenosylcobamide biosynthesis from adenosylcobinamide-GDP (anaerobic),NA
PWY-7969,July_3,18.680407439652686,5-hydroxybenzimidazolyl adenosylcobamide biosynthesis from adenosylcobinamide-GDP (anaerobic),NA
PWY-7969,May,20.0556831084495,5-hydroxybenzimidazolyl adenosylcobamide biosynthesis from adenosylcobinamide-GDP (anaerobic),NA
PWY-7969,May_22,13.115237070507078,5-hydroxybenzimidazolyl adenosylcobamide biosynthesis from adenosylcobinamide-GDP (anaerobic),NA
PWY-7969,October,14.94387430150651,5-hydroxybenzimidazolyl adenosylcobamide biosynthesis from adenosylcobinamide-GDP (anaerobic),NA
PWY-7970,August,22.85539003263574,benzimidazolyl adenosylcobamide biosynthesis from adenosylcobinamide-GDP,NA
PWY-7970,July_1,36.01626628782968,benzimidazolyl adenosylcobamide biosynthesis from adenosylcobinamide-GDP,NA
PWY-7970,July_2,27.565601202907846,benzimidazolyl adenosylcobamide biosynthesis from adenosylcobinamide-GDP,NA
PWY-7970,July_3,18.680407439652686,benzimidazolyl adenosylcobamide biosynthesis from adenosylcobinamide-GDP,NA
PWY-7970,May,20.0556831084495,benzimidazolyl adenosylcobamide biosynthesis from adenosylcobinamide-GDP,NA
PWY-7970,May_22,13.115237070507078,benzimidazolyl adenosylcobamide biosynthesis from adenosylcobinamide-GDP,NA
PWY-7970,October,14.94387430150651,benzimidazolyl adenosylcobamide biosynthesis from adenosylcobinamide-GDP,NA
PWY-7975,August,9.950824310761776,adenosylcobalamin biosynthesis from adenosylcobinamide-GDP II,NA
PWY-7975,July_1,15.395148505966255,adenosylcobalamin biosynthesis from adenosylcobinamide-GDP II,NA
PWY-7975,July_2,9.821978857223154,adenosylcobalamin biosynthesis from adenosylcobinamide-GDP II,NA
PWY-7975,July_3,7.94048282097647,adenosylcobalamin biosynthesis from adenosylcobinamide-GDP II,NA
PWY-7975,May,11.147300980953922,adenosylcobalamin biosynthesis from adenosylcobinamide-GDP II,NA
PWY-7975,May_22,3.022007381579939,adenosylcobalamin biosynthesis from adenosylcobinamide-GDP II,NA
PWY-7975,October,4.3524697345138765,adenosylcobalamin biosynthesis from adenosylcobinamide-GDP II,NA
PWY-7976,August,3.449411815050529,sulfur reduction III,NA
PWY-7976,July_1,2.051915102686103,sulfur reduction III,NA
PWY-7976,July_2,2.886049467080081,sulfur reduction III,NA
PWY-7976,July_3,2.325121929775245,sulfur reduction III,NA
PWY-7976,May,0.9824044785673972,sulfur reduction III,NA
PWY-7976,October,1.4143717203931376,sulfur reduction III,NA
PWY-7977,August,431.26093888770765,L-methionine biosynthesis IV,NA
PWY-7977,July_1,543.1265185807738,L-methionine biosynthesis IV,NA
PWY-7977,July_2,412.2865046534546,L-methionine biosynthesis IV,NA
PWY-7977,July_3,481.03896332925723,L-methionine biosynthesis IV,NA
PWY-7977,May,227.6358956446286,L-methionine biosynthesis IV,NA
PWY-7977,May_22,257.7848170099492,L-methionine biosynthesis IV,NA
PWY-7977,October,188.95655138204825,L-methionine biosynthesis IV,NA
PWY-7985,August,43.263028371264305,oxalate degradation VI,NA
PWY-7985,July_1,38.87499887893213,oxalate degradation VI,NA
PWY-7985,July_2,50.440414568717244,oxalate degradation VI,NA
PWY-7985,July_3,55.70002412834369,oxalate degradation VI,NA
PWY-7985,May,26.748957800539316,oxalate degradation VI,NA
PWY-7985,May_22,28.918045399379835,oxalate degradation VI,NA
PWY-7985,October,20.201325718161414,oxalate degradation VI,NA
PWY-7991,August,191.1722735371121,toxoflavin biosynthesis,NA
PWY-7991,July_1,280.46428585992885,toxoflavin biosynthesis,NA
PWY-7991,July_2,161.27658168555968,toxoflavin biosynthesis,NA
PWY-7991,July_3,167.7588803560603,toxoflavin biosynthesis,NA
PWY-7991,May,508.7702288191029,toxoflavin biosynthesis,NA
PWY-7991,May_22,291.4915792394548,toxoflavin biosynthesis,NA
PWY-7991,October,518.7518745721989,toxoflavin biosynthesis,NA
PWY-7993,August,63.93884217877294,&beta;-dihydromenaquinone-9 biosynthesis,NA
PWY-7993,July_1,104.54298395814281,&beta;-dihydromenaquinone-9 biosynthesis,NA
PWY-7993,July_2,54.670781025475975,&beta;-dihydromenaquinone-9 biosynthesis,NA
PWY-7993,July_3,59.0730644803039,&beta;-dihydromenaquinone-9 biosynthesis,NA
PWY-7993,May,47.74305025647601,&beta;-dihydromenaquinone-9 biosynthesis,NA
PWY-7993,May_22,58.60201607763637,&beta;-dihydromenaquinone-9 biosynthesis,NA
PWY-7993,October,33.8104592662128,&beta;-dihydromenaquinone-9 biosynthesis,NA
PWY-7996,August,182.64210818264604,menaquinol-4 biosynthesis I,NA
PWY-7996,July_1,234.8220290201381,menaquinol-4 biosynthesis I,NA
PWY-7996,July_2,152.55327682201425,menaquinol-4 biosynthesis I,NA
PWY-7996,July_3,187.93959570629076,menaquinol-4 biosynthesis I,NA
PWY-7996,May,132.01862647254177,menaquinol-4 biosynthesis I,NA
PWY-7996,May_22,128.71109314429884,menaquinol-4 biosynthesis I,NA
PWY-7996,October,83.64366783422984,menaquinol-4 biosynthesis I,NA
PWY-7997,August,25.316655188852657,demethylmenaquinol-4 biosynthesis,NA
PWY-7997,July_1,27.761768020492116,demethylmenaquinol-4 biosynthesis,NA
PWY-7997,July_2,18.170226257454924,demethylmenaquinol-4 biosynthesis,NA
PWY-7997,July_3,22.47542898429076,demethylmenaquinol-4 biosynthesis,NA
PWY-7997,May,50.780197121996665,demethylmenaquinol-4 biosynthesis,NA
PWY-7997,May_22,18.76269106103211,demethylmenaquinol-4 biosynthesis,NA
PWY-7997,October,21.13943126026715,demethylmenaquinol-4 biosynthesis,NA
PWY-8004,August,1074.3368134324023,Entner-Doudoroff pathway I,NA
PWY-8004,July_1,1313.2013143320676,Entner-Doudoroff pathway I,NA
PWY-8004,July_2,1202.2770318553144,Entner-Doudoroff pathway I,NA
PWY-8004,July_3,1212.6788484630952,Entner-Doudoroff pathway I,NA
PWY-8004,May,812.1522771711512,Entner-Doudoroff pathway I,NA
PWY-8004,May_22,970.2943539003165,Entner-Doudoroff pathway I,NA
PWY-8004,October,784.6890295205491,Entner-Doudoroff pathway I,NA
PWY-801,August,211.32363072537288,homocysteine and cysteine interconversion,NA
PWY-801,July_1,277.5020418868025,homocysteine and cysteine interconversion,NA
PWY-801,July_2,195.42522555450162,homocysteine and cysteine interconversion,NA
PWY-801,July_3,248.32247027482168,homocysteine and cysteine interconversion,NA
PWY-801,May,132.23673249892337,homocysteine and cysteine interconversion,NA
PWY-801,May_22,157.74092755656227,homocysteine and cysteine interconversion,NA
PWY-801,October,81.89355748222312,homocysteine and cysteine interconversion,NA
PWY-8010,August,218.5930071078806,L-cysteine biosynthesis IX (Trichomonas vaginalis),NA
PWY-8010,July_1,339.42498110788887,L-cysteine biosynthesis IX (Trichomonas vaginalis),NA
PWY-8010,July_2,204.39439209180276,L-cysteine biosynthesis IX (Trichomonas vaginalis),NA
PWY-8010,July_3,273.3184269690914,L-cysteine biosynthesis IX (Trichomonas vaginalis),NA
PWY-8010,May,65.50056586543728,L-cysteine biosynthesis IX (Trichomonas vaginalis),NA
PWY-8010,May_22,67.1983820676181,L-cysteine biosynthesis IX (Trichomonas vaginalis),NA
PWY-8010,October,52.484536641164546,L-cysteine biosynthesis IX (Trichomonas vaginalis),NA
PWY-8011,August,380.1654732737843,L-serine biosynthesis II,NA
PWY-8011,July_1,363.361022978502,L-serine biosynthesis II,NA
PWY-8011,July_2,421.43710102825366,L-serine biosynthesis II,NA
PWY-8011,July_3,364.3887476549449,L-serine biosynthesis II,NA
PWY-8011,May,301.28170490881104,L-serine biosynthesis II,NA
PWY-8011,May_22,383.8511101434331,L-serine biosynthesis II,NA
PWY-8011,October,345.9358664747524,L-serine biosynthesis II,NA
PWY-8015,August,85.11425359291212,glycine degradation (reductive Stickland reaction),NA
PWY-8015,July_1,97.23791670231137,glycine degradation (reductive Stickland reaction),NA
PWY-8015,July_2,83.11723358703675,glycine degradation (reductive Stickland reaction),NA
PWY-8015,July_3,98.60951293246376,glycine degradation (reductive Stickland reaction),NA
PWY-8015,May,156.25750900976612,glycine degradation (reductive Stickland reaction),NA
PWY-8015,May_22,105.78668656212893,glycine degradation (reductive Stickland reaction),NA
PWY-8015,October,142.31409933054675,glycine degradation (reductive Stickland reaction),NA
PWY-8055,August,15.741024455401867,palmitoyl ethanolamide biosynthesis,NA
PWY-8055,July_1,7.67128127362428,palmitoyl ethanolamide biosynthesis,NA
PWY-8055,July_2,6.498254803045826,palmitoyl ethanolamide biosynthesis,NA
PWY-8055,July_3,7.162872080805068,palmitoyl ethanolamide biosynthesis,NA
PWY-8055,May,16.717404335022255,palmitoyl ethanolamide biosynthesis,NA
PWY-8060,August,14.767855924262868,2-deoxy-D-ribose degradation I,NA
PWY-8060,July_1,15.68408470128708,2-deoxy-D-ribose degradation I,NA
PWY-8060,July_2,10.425220771482199,2-deoxy-D-ribose degradation I,NA
PWY-8060,July_3,12.054475598634156,2-deoxy-D-ribose degradation I,NA
PWY-8060,May,9.315042037065405,2-deoxy-D-ribose degradation I,NA
PWY-8060,May_22,8.64098880971865,2-deoxy-D-ribose degradation I,NA
PWY-8060,October,10.791184654550024,2-deoxy-D-ribose degradation I,NA
PWY-8067,August,17.4321487303886,methylphosphonate biosynthesis,NA
PWY-8067,July_1,7.409051058531397,methylphosphonate biosynthesis,NA
PWY-8067,July_2,13.886188564106916,methylphosphonate biosynthesis,NA
PWY-8067,July_3,18.22658524868546,methylphosphonate biosynthesis,NA
PWY-8067,May_22,3.526514054711564,methylphosphonate biosynthesis,NA
PWY-8072,August,33.769116785863105,alanine racemization,NA
PWY-8072,July_1,33.285358106484225,alanine racemization,NA
PWY-8072,July_2,43.875126299170475,alanine racemization,NA
PWY-8072,July_3,27.406439568328466,alanine racemization,NA
PWY-8072,May,20.145556985617496,alanine racemization,NA
PWY-8072,May_22,23.297096488516413,alanine racemization,NA
PWY-8072,October,12.842441953268333,alanine racemization,NA
PWY-8073,August,182.04758267579646,lipid IV<sub>A</sub> biosynthesis (<i>P. putida</i>),NA
PWY-8073,July_1,174.54318318391472,lipid IV<sub>A</sub> biosynthesis (<i>P. putida</i>),NA
PWY-8073,July_2,220.37900260218487,lipid IV<sub>A</sub> biosynthesis (<i>P. putida</i>),NA
PWY-8073,July_3,146.3347942869442,lipid IV<sub>A</sub> biosynthesis (<i>P. putida</i>),NA
PWY-8073,May,179.30676503487635,lipid IV<sub>A</sub> biosynthesis (<i>P. putida</i>),NA
PWY-8073,May_22,286.0092014566277,lipid IV<sub>A</sub> biosynthesis (<i>P. putida</i>),NA
PWY-8073,October,184.60658170558622,lipid IV<sub>A</sub> biosynthesis (<i>P. putida</i>),NA
PWY-8074,August,20.344574135621524,Kdo transfer to lipid IV<sub>A</sub> (<i>P. putida</i>),NA
PWY-8074,July_1,19.96491103497404,Kdo transfer to lipid IV<sub>A</sub> (<i>P. putida</i>),NA
PWY-8074,July_2,19.17871390132766,Kdo transfer to lipid IV<sub>A</sub> (<i>P. putida</i>),NA
PWY-8074,July_3,12.685869059590388,Kdo transfer to lipid IV<sub>A</sub> (<i>P. putida</i>),NA
PWY-8074,May,11.51005676607358,Kdo transfer to lipid IV<sub>A</sub> (<i>P. putida</i>),NA
PWY-8074,May_22,21.280350965269815,Kdo transfer to lipid IV<sub>A</sub> (<i>P. putida</i>),NA
PWY-8074,October,21.994686543723923,Kdo transfer to lipid IV<sub>A</sub> (<i>P. putida</i>),NA
PWY-8086,August,100.66002789550964,"(<i>S</i>)-lactate fermentation to propanoate, acetate and hydrogen",NA
PWY-8086,July_1,163.9258998651391,"(<i>S</i>)-lactate fermentation to propanoate, acetate and hydrogen",NA
PWY-8086,July_2,127.83053693913207,"(<i>S</i>)-lactate fermentation to propanoate, acetate and hydrogen",NA
PWY-8086,July_3,147.84614736702517,"(<i>S</i>)-lactate fermentation to propanoate, acetate and hydrogen",NA
PWY-8086,May,90.67876692648876,"(<i>S</i>)-lactate fermentation to propanoate, acetate and hydrogen",NA
PWY-8086,May_22,147.506729803711,"(<i>S</i>)-lactate fermentation to propanoate, acetate and hydrogen",NA
PWY-8086,October,95.15585134705671,"(<i>S</i>)-lactate fermentation to propanoate, acetate and hydrogen",NA
PWY-8088,August,817.5500324543714,dipicolinate biosynthesis,NA
PWY-8088,July_1,1001.1520109621122,dipicolinate biosynthesis,NA
PWY-8088,July_2,752.0565045735013,dipicolinate biosynthesis,NA
PWY-8088,July_3,831.6722590733775,dipicolinate biosynthesis,NA
PWY-8088,May,670.4554577365222,dipicolinate biosynthesis,NA
PWY-8088,May_22,639.257606153798,dipicolinate biosynthesis,NA
PWY-8088,October,626.5798529052004,dipicolinate biosynthesis,NA
PWY-8097,August,1.979806567873525,5-hydroxybenzimidazole biosynthesis (anaerobic),NA
PWY-8097,July_1,1.9416625993662766,5-hydroxybenzimidazole biosynthesis (anaerobic),NA
PWY-8097,July_2,1.525215476394663,5-hydroxybenzimidazole biosynthesis (anaerobic),NA
PWY-8097,July_3,1.3709667363445148,5-hydroxybenzimidazole biosynthesis (anaerobic),NA
PWY-8097,May,2.890677078208043,5-hydroxybenzimidazole biosynthesis (anaerobic),NA
PWY-8097,May_22,1.4960535886166226,5-hydroxybenzimidazole biosynthesis (anaerobic),NA
PWY-8097,October,2.27323199599475,5-hydroxybenzimidazole biosynthesis (anaerobic),NA
PWY-8099,August,164.99684255330192,tetrahydropteridine recycling,NA
PWY-8099,July_1,184.83404415703652,tetrahydropteridine recycling,NA
PWY-8099,July_2,186.83604010848802,tetrahydropteridine recycling,NA
PWY-8099,July_3,172.6648243462047,tetrahydropteridine recycling,NA
PWY-8099,May,168.96487432461726,tetrahydropteridine recycling,NA
PWY-8099,May_22,123.17626352552159,tetrahydropteridine recycling,NA
PWY-8099,October,121.85462711631976,tetrahydropteridine recycling,NA
PWY-8106,August,31.265049889606868,queuosine biosynthesis III (queuosine salvage),NA
PWY-8106,July_1,46.040844340999165,queuosine biosynthesis III (queuosine salvage),NA
PWY-8106,July_2,35.30931053482709,queuosine biosynthesis III (queuosine salvage),NA
PWY-8106,July_3,32.85907637624097,queuosine biosynthesis III (queuosine salvage),NA
PWY-8106,May,62.6856428194936,queuosine biosynthesis III (queuosine salvage),NA
PWY-8106,May_22,48.792104866215844,queuosine biosynthesis III (queuosine salvage),NA
PWY-8106,October,63.97888839089156,queuosine biosynthesis III (queuosine salvage),NA
PWY-8110,August,30.904349267049618,L-dopa degradation II (bacterial),NA
PWY-8110,July_1,46.10008466750429,L-dopa degradation II (bacterial),NA
PWY-8110,July_2,42.50622967794157,L-dopa degradation II (bacterial),NA
PWY-8110,July_3,46.94142890961023,L-dopa degradation II (bacterial),NA
PWY-8110,May,22.018510626993443,L-dopa degradation II (bacterial),NA
PWY-8110,May_22,20.62797627496106,L-dopa degradation II (bacterial),NA
PWY-8110,October,25.955649014158038,L-dopa degradation II (bacterial),NA
PWY-8125,August,20.06319659956899,mevalonate pathway IV (archaea),NA
PWY-8125,July_1,31.146393823257345,mevalonate pathway IV (archaea),NA
PWY-8125,July_2,50.65547947158197,mevalonate pathway IV (archaea),NA
PWY-8125,July_3,23.625748925415884,mevalonate pathway IV (archaea),NA
PWY-8125,May,17.464514123332957,mevalonate pathway IV (archaea),NA
PWY-8125,May_22,26.880025024737762,mevalonate pathway IV (archaea),NA
PWY-8125,October,15.085729482193038,mevalonate pathway IV (archaea),NA
PWY-8130,August,32.37245599664285,5'-deoxyadenosine degradation I,NA
PWY-8130,July_1,35.29478314645445,5'-deoxyadenosine degradation I,NA
PWY-8130,July_2,39.342464649505224,5'-deoxyadenosine degradation I,NA
PWY-8130,July_3,36.075862609783734,5'-deoxyadenosine degradation I,NA
PWY-8130,May,17.248751327426756,5'-deoxyadenosine degradation I,NA
PWY-8130,May_22,15.681758239748802,5'-deoxyadenosine degradation I,NA
PWY-8130,October,20.222977756017272,5'-deoxyadenosine degradation I,NA
PWY-8131,August,2.461047795353217,5'-deoxyadenosine degradation II,NA
PWY-8131,July_1,4.898230566175233,5'-deoxyadenosine degradation II,NA
PWY-8131,July_2,5.281608812426338,5'-deoxyadenosine degradation II,NA
PWY-8131,July_3,3.3699464796611474,5'-deoxyadenosine degradation II,NA
PWY-8131,May,2.4633151870142513,5'-deoxyadenosine degradation II,NA
PWY-8131,May_22,4.790846882337405,5'-deoxyadenosine degradation II,NA
PWY-8136,August,92.35418249265128,NADPH repair (prokaryotes),NA
PWY-8136,July_1,105.47084624525922,NADPH repair (prokaryotes),NA
PWY-8136,July_2,89.92140287509054,NADPH repair (prokaryotes),NA
PWY-8136,July_3,81.43122929241628,NADPH repair (prokaryotes),NA
PWY-8136,May,102.44844989571871,NADPH repair (prokaryotes),NA
PWY-8136,May_22,117.81163952957567,NADPH repair (prokaryotes),NA
PWY-8136,October,127.2232144815458,NADPH repair (prokaryotes),NA
PWY-8138,August,322.2088373749074,polyphosphate metabolism,NA
PWY-8138,July_1,332.9904746820701,polyphosphate metabolism,NA
PWY-8138,July_2,308.40785964231117,polyphosphate metabolism,NA
PWY-8138,July_3,324.5853341892371,polyphosphate metabolism,NA
PWY-8138,May,484.2822957857348,polyphosphate metabolism,NA
PWY-8138,May_22,407.4600836577989,polyphosphate metabolism,NA
PWY-8138,October,420.6135400247838,polyphosphate metabolism,NA
PWY-8148,August,81.7621675565718,NADP biosynthesis,NA
PWY-8148,July_1,118.63956369155873,NADP biosynthesis,NA
PWY-8148,July_2,82.61397600631835,NADP biosynthesis,NA
PWY-8148,July_3,92.76325245800956,NADP biosynthesis,NA
PWY-8148,May,57.07297714669091,NADP biosynthesis,NA
PWY-8148,May_22,57.08005374251691,NADP biosynthesis,NA
PWY-8148,October,40.7230342505646,NADP biosynthesis,NA
PWY-8149,August,5.023351389751567,homospermidine biosynthesis II,NA
PWY-8149,July_1,2.343642889904881,homospermidine biosynthesis II,NA
PWY-8149,July_2,6.173031113163162,homospermidine biosynthesis II,NA
PWY-8149,July_3,3.229498414340051,homospermidine biosynthesis II,NA
PWY-8149,May_22,0.7346518179750495,homospermidine biosynthesis II,NA
PWY-8156,August,35.10669639630714,omphalotin biosynthesis,NA
PWY-8156,July_1,35.72664852672599,omphalotin biosynthesis,NA
PWY-8156,July_2,19.934447327639422,omphalotin biosynthesis,NA
PWY-8156,July_3,28.663777903809436,omphalotin biosynthesis,NA
PWY-8156,May,22.59175760865945,omphalotin biosynthesis,NA
PWY-8156,May_22,22.73891921328361,omphalotin biosynthesis,NA
PWY-8156,October,18.818639995851306,omphalotin biosynthesis,NA
PWY-8161,August,5.726918718740406,D-phenylglycine degradation,NA
PWY-8161,July_1,3.064983747483092,D-phenylglycine degradation,NA
PWY-8161,July_2,2.4391195791250446,D-phenylglycine degradation,NA
PWY-8161,July_3,2.8116271443928635,D-phenylglycine degradation,NA
PWY-8162,August,60.132903126982164,phenylethanol degradation,NA
PWY-8162,July_1,66.70315955786396,phenylethanol degradation,NA
PWY-8162,July_2,65.16610579691327,phenylethanol degradation,NA
PWY-8162,July_3,70.96244541319007,phenylethanol degradation,NA
PWY-8162,May,149.10746732135536,phenylethanol degradation,NA
PWY-8162,May_22,129.85031544489917,phenylethanol degradation,NA
PWY-8162,October,118.28643185065361,phenylethanol degradation,NA
PWY-8165,August,697.3001257332767,cytidylyl molybdenum cofactor sulfurylation,NA
PWY-8165,July_1,1576.2502843866325,cytidylyl molybdenum cofactor sulfurylation,NA
PWY-8165,July_2,641.7110917186017,cytidylyl molybdenum cofactor sulfurylation,NA
PWY-8165,July_3,650.4139031721761,cytidylyl molybdenum cofactor sulfurylation,NA
PWY-8165,May,1049.1095763333628,cytidylyl molybdenum cofactor sulfurylation,NA
PWY-8165,May_22,869.2527443333352,cytidylyl molybdenum cofactor sulfurylation,NA
PWY-8165,October,982.3094917354565,cytidylyl molybdenum cofactor sulfurylation,NA
PWY-8168,August,76.26660015668286,<i>bis</i>(guanylyl tungstenpterin) cofactor biosynthesis,NA
PWY-8168,July_1,67.72483049713402,<i>bis</i>(guanylyl tungstenpterin) cofactor biosynthesis,NA
PWY-8168,July_2,85.1432549502353,<i>bis</i>(guanylyl tungstenpterin) cofactor biosynthesis,NA
PWY-8168,July_3,61.016187040254195,<i>bis</i>(guanylyl tungstenpterin) cofactor biosynthesis,NA
PWY-8168,May,88.1855192491298,<i>bis</i>(guanylyl tungstenpterin) cofactor biosynthesis,NA
PWY-8168,May_22,107.51161752215319,<i>bis</i>(guanylyl tungstenpterin) cofactor biosynthesis,NA
PWY-8168,October,106.5493725050091,<i>bis</i>(guanylyl tungstenpterin) cofactor biosynthesis,NA
PWY-8171,August,37.730649469275264,molybdenum cofactor biosynthesis,NA
PWY-8171,July_1,39.32196611736684,molybdenum cofactor biosynthesis,NA
PWY-8171,July_2,40.82186826332264,molybdenum cofactor biosynthesis,NA
PWY-8171,July_3,42.848465170158406,molybdenum cofactor biosynthesis,NA
PWY-8171,May,14.595183868918898,molybdenum cofactor biosynthesis,NA
PWY-8171,May_22,29.609057014791524,molybdenum cofactor biosynthesis,NA
PWY-8171,October,14.211458795913554,molybdenum cofactor biosynthesis,NA
PWY-8173,August,8501.889751317083,<i>anteiso</i>-branched-chain fatty acid biosynthesis,NA
PWY-8173,July_1,9092.765817469934,<i>anteiso</i>-branched-chain fatty acid biosynthesis,NA
PWY-8173,July_2,9066.405538223293,<i>anteiso</i>-branched-chain fatty acid biosynthesis,NA
PWY-8173,July_3,7290.70343215523,<i>anteiso</i>-branched-chain fatty acid biosynthesis,NA
PWY-8173,May,10816.468378663909,<i>anteiso</i>-branched-chain fatty acid biosynthesis,NA
PWY-8173,May_22,10182.593295805284,<i>anteiso</i>-branched-chain fatty acid biosynthesis,NA
PWY-8173,October,10033.33972929867,<i>anteiso</i>-branched-chain fatty acid biosynthesis,NA
PWY-8174,August,8501.889751317083,odd <i>iso</i>-branched-chain fatty acid biosynthesis I,NA
PWY-8174,July_1,9092.765817469934,odd <i>iso</i>-branched-chain fatty acid biosynthesis I,NA
PWY-8174,July_2,9066.405538223293,odd <i>iso</i>-branched-chain fatty acid biosynthesis I,NA
PWY-8174,July_3,7290.70343215523,odd <i>iso</i>-branched-chain fatty acid biosynthesis I,NA
PWY-8174,May,10816.468378663909,odd <i>iso</i>-branched-chain fatty acid biosynthesis I,NA
PWY-8174,May_22,10182.593295805284,odd <i>iso</i>-branched-chain fatty acid biosynthesis I,NA
PWY-8174,October,10033.33972929867,odd <i>iso</i>-branched-chain fatty acid biosynthesis I,NA
PWY-8175,August,8476.560343653275,even <i>iso</i>-branched-chain fatty acid biosynthesis,NA
PWY-8175,July_1,9068.890021629406,even <i>iso</i>-branched-chain fatty acid biosynthesis,NA
PWY-8175,July_2,9043.7882224327,even <i>iso</i>-branched-chain fatty acid biosynthesis,NA
PWY-8175,July_3,7270.5481830608005,even <i>iso</i>-branched-chain fatty acid biosynthesis,NA
PWY-8175,May,10814.009959892297,even <i>iso</i>-branched-chain fatty acid biosynthesis,NA
PWY-8175,May_22,10180.007932591936,even <i>iso</i>-branched-chain fatty acid biosynthesis,NA
PWY-8175,October,10027.3285562281,even <i>iso</i>-branched-chain fatty acid biosynthesis,NA
PWY-8176,August,6.1793246966113315,geraniol biosynthesis (cytosol),NA
PWY-8176,July_1,0.45066850743838177,geraniol biosynthesis (cytosol),NA
PWY-8176,May,98.5528345662008,geraniol biosynthesis (cytosol),NA
PWY-8176,May_22,6.848104604485547,geraniol biosynthesis (cytosol),NA
PWY-8176,October,2.2026569066552453,geraniol biosynthesis (cytosol),NA
PWY-8178,August,1680.8321155939439,pentose phosphate pathway (non-oxidative branch) II,NA
PWY-8178,July_1,1829.213200998935,pentose phosphate pathway (non-oxidative branch) II,NA
PWY-8178,July_2,1856.2752786173814,pentose phosphate pathway (non-oxidative branch) II,NA
PWY-8178,July_3,1696.1073347854294,pentose phosphate pathway (non-oxidative branch) II,NA
PWY-8178,May,5815.385228939934,pentose phosphate pathway (non-oxidative branch) II,NA
PWY-8178,May_22,4581.491144953175,pentose phosphate pathway (non-oxidative branch) II,NA
PWY-8178,October,5093.697792846518,pentose phosphate pathway (non-oxidative branch) II,NA
PWY-8181,August,1494.3539351691786,2-methyl-branched fatty acid &beta;-oxidation,NA
PWY-8181,July_1,2985.3202299609293,2-methyl-branched fatty acid &beta;-oxidation,NA
PWY-8181,July_2,1525.2114729688305,2-methyl-branched fatty acid &beta;-oxidation,NA
PWY-8181,July_3,1725.121628451493,2-methyl-branched fatty acid &beta;-oxidation,NA
PWY-8181,May,399.05780006430336,2-methyl-branched fatty acid &beta;-oxidation,NA
PWY-8181,May_22,423.96541915474324,2-methyl-branched fatty acid &beta;-oxidation,NA
PWY-8181,October,372.34209851798437,2-methyl-branched fatty acid &beta;-oxidation,NA
PWY-8182,August,1359.944279933032,valproate &beta;-oxidation,NA
PWY-8182,July_1,2375.2895031602066,valproate &beta;-oxidation,NA
PWY-8182,July_2,1379.167566903181,valproate &beta;-oxidation,NA
PWY-8182,July_3,1650.520969251554,valproate &beta;-oxidation,NA
PWY-8182,May,1079.135896399641,valproate &beta;-oxidation,NA
PWY-8182,May_22,1028.6568030162582,valproate &beta;-oxidation,NA
PWY-8182,October,912.3824575045779,valproate &beta;-oxidation,NA
PWY-8187,August,81.03834180506826,L-arginine degradation XIII (reductive Stickland reaction),NA
PWY-8187,July_1,77.20168308340264,L-arginine degradation XIII (reductive Stickland reaction),NA
PWY-8187,July_2,69.85719250748437,L-arginine degradation XIII (reductive Stickland reaction),NA
PWY-8187,July_3,80.71719785540185,L-arginine degradation XIII (reductive Stickland reaction),NA
PWY-8187,May,37.258492900739576,L-arginine degradation XIII (reductive Stickland reaction),NA
PWY-8187,May_22,85.69227411771506,L-arginine degradation XIII (reductive Stickland reaction),NA
PWY-8187,October,49.19372445452277,L-arginine degradation XIII (reductive Stickland reaction),NA
PWY-8189,August,570.4459251402013,L-alanine degradation V (oxidative Stickland reaction),NA
PWY-8189,July_1,752.7146692342506,L-alanine degradation V (oxidative Stickland reaction),NA
PWY-8189,July_2,532.6158103399903,L-alanine degradation V (oxidative Stickland reaction),NA
PWY-8189,July_3,616.3375442958866,L-alanine degradation V (oxidative Stickland reaction),NA
PWY-8189,May,1107.8791442433055,L-alanine degradation V (oxidative Stickland reaction),NA
PWY-8189,May_22,1280.7168147772352,L-alanine degradation V (oxidative Stickland reaction),NA
PWY-8189,October,1013.983999780233,L-alanine degradation V (oxidative Stickland reaction),NA
PWY-8203,August,444.51014591097896,8-amino-7-oxononanoate biosynthesis IV,NA
PWY-8203,July_1,545.8668550545699,8-amino-7-oxononanoate biosynthesis IV,NA
PWY-8203,July_2,445.1976297992086,8-amino-7-oxononanoate biosynthesis IV,NA
PWY-8203,July_3,415.84467324617253,8-amino-7-oxononanoate biosynthesis IV,NA
PWY-8203,May,510.7947229852586,8-amino-7-oxononanoate biosynthesis IV,NA
PWY-8203,May_22,675.8708623588419,8-amino-7-oxononanoate biosynthesis IV,NA
PWY-8203,October,522.6615269393847,8-amino-7-oxononanoate biosynthesis IV,NA
PWY-821,August,773.058268219263,superpathway of sulfur amino acid biosynthesis (<i>Saccharomyces cerevisiae</i>),NA
PWY-821,July_1,900.0397124944284,superpathway of sulfur amino acid biosynthesis (<i>Saccharomyces cerevisiae</i>),NA
PWY-821,July_2,670.9135651461588,superpathway of sulfur amino acid biosynthesis (<i>Saccharomyces cerevisiae</i>),NA
PWY-821,July_3,857.8253179477633,superpathway of sulfur amino acid biosynthesis (<i>Saccharomyces cerevisiae</i>),NA
PWY-821,May,166.36200995305265,superpathway of sulfur amino acid biosynthesis (<i>Saccharomyces cerevisiae</i>),NA
PWY-821,May_22,387.39179538297304,superpathway of sulfur amino acid biosynthesis (<i>Saccharomyces cerevisiae</i>),NA
PWY-821,October,284.04911085626617,superpathway of sulfur amino acid biosynthesis (<i>Saccharomyces cerevisiae</i>),NA
PWY-8225,August,64.45993627139994,GDP-<i>N</i>-acetyl-&alpha;-D-perosamine biosynthesis,NA
PWY-8225,July_1,88.82916294355324,GDP-<i>N</i>-acetyl-&alpha;-D-perosamine biosynthesis,NA
PWY-8225,July_2,66.33243930136071,GDP-<i>N</i>-acetyl-&alpha;-D-perosamine biosynthesis,NA
PWY-8225,July_3,66.70794386082265,GDP-<i>N</i>-acetyl-&alpha;-D-perosamine biosynthesis,NA
PWY-8225,May,97.53287058629662,GDP-<i>N</i>-acetyl-&alpha;-D-perosamine biosynthesis,NA
PWY-8225,May_22,82.22849962932112,GDP-<i>N</i>-acetyl-&alpha;-D-perosamine biosynthesis,NA
PWY-8225,October,116.07946566203272,GDP-<i>N</i>-acetyl-&alpha;-D-perosamine biosynthesis,NA
PWY-8245,August,323.3685814007255,lipid IV<sub>A</sub> biosynthesis (<i>P. gingivalis</i>),NA
PWY-8245,July_1,318.36685275923764,lipid IV<sub>A</sub> biosynthesis (<i>P. gingivalis</i>),NA
PWY-8245,July_2,388.6985812696914,lipid IV<sub>A</sub> biosynthesis (<i>P. gingivalis</i>),NA
PWY-8245,July_3,261.70562971977097,lipid IV<sub>A</sub> biosynthesis (<i>P. gingivalis</i>),NA
PWY-8245,May,331.9442565757484,lipid IV<sub>A</sub> biosynthesis (<i>P. gingivalis</i>),NA
PWY-8245,May_22,539.3385660919133,lipid IV<sub>A</sub> biosynthesis (<i>P. gingivalis</i>),NA
PWY-8245,October,341.3513856618207,lipid IV<sub>A</sub> biosynthesis (<i>P. gingivalis</i>),NA
PWY-8246,August,20.344574135621524,Kdo transfer to lipid IV<sub>A</sub> (<i>P. gingivalis</i>),NA
PWY-8246,July_1,19.96491103497404,Kdo transfer to lipid IV<sub>A</sub> (<i>P. gingivalis</i>),NA
PWY-8246,July_2,19.17871390132766,Kdo transfer to lipid IV<sub>A</sub> (<i>P. gingivalis</i>),NA
PWY-8246,July_3,12.685869059590388,Kdo transfer to lipid IV<sub>A</sub> (<i>P. gingivalis</i>),NA
PWY-8246,May,11.51005676607358,Kdo transfer to lipid IV<sub>A</sub> (<i>P. gingivalis</i>),NA
PWY-8246,May_22,21.280350965269815,Kdo transfer to lipid IV<sub>A</sub> (<i>P. gingivalis</i>),NA
PWY-8246,October,21.994686543723923,Kdo transfer to lipid IV<sub>A</sub> (<i>P. gingivalis</i>),NA
PWY-8254,August,30.019811560379594,bile acids 7-O epimerization,NA
PWY-8254,July_1,40.90390914726764,bile acids 7-O epimerization,NA
PWY-8254,July_2,30.273849592870818,bile acids 7-O epimerization,NA
PWY-8254,July_3,30.227772274657873,bile acids 7-O epimerization,NA
PWY-8254,May,67.83725041702289,bile acids 7-O epimerization,NA
PWY-8254,May_22,46.163960141743786,bile acids 7-O epimerization,NA
PWY-8254,October,46.698484331091,bile acids 7-O epimerization,NA
PWY-8263,August,37.71075323502976,arsenate detoxification III,NA
PWY-8263,July_1,62.76942161800791,arsenate detoxification III,NA
PWY-8263,July_2,42.00482862035387,arsenate detoxification III,NA
PWY-8263,July_3,44.320801046182346,arsenate detoxification III,NA
PWY-8263,May,61.99403838699168,arsenate detoxification III,NA
PWY-8263,May_22,45.71156798275103,arsenate detoxification III,NA
PWY-8263,October,145.4073392655222,arsenate detoxification III,NA
PWY-8273,August,6.352198956544206,"UDP-3-acetamido-2-amino-2,3-dideoxy-&alpha;-D-glucopyranose biosynthesis",NA
PWY-8273,July_1,11.573479994671128,"UDP-3-acetamido-2-amino-2,3-dideoxy-&alpha;-D-glucopyranose biosynthesis",NA
PWY-8273,July_2,11.889368903080733,"UDP-3-acetamido-2-amino-2,3-dideoxy-&alpha;-D-glucopyranose biosynthesis",NA
PWY-8273,July_3,6.293404845054501,"UDP-3-acetamido-2-amino-2,3-dideoxy-&alpha;-D-glucopyranose biosynthesis",NA
PWY-8273,May,19.375148811459557,"UDP-3-acetamido-2-amino-2,3-dideoxy-&alpha;-D-glucopyranose biosynthesis",NA
PWY-8273,May_22,11.474974787281273,"UDP-3-acetamido-2-amino-2,3-dideoxy-&alpha;-D-glucopyranose biosynthesis",NA
PWY-8273,October,9.594766413116538,"UDP-3-acetamido-2-amino-2,3-dideoxy-&alpha;-D-glucopyranose biosynthesis",NA
PWY-8274,August,2.820263703413941,pyruvate fermentation to (<i>R</i>)-lactate,NA
PWY-8274,July_1,1.8008948126727604,pyruvate fermentation to (<i>R</i>)-lactate,NA
PWY-8274,July_2,0.9254696951887318,pyruvate fermentation to (<i>R</i>)-lactate,NA
PWY-8274,July_3,1.1855891161654448,pyruvate fermentation to (<i>R</i>)-lactate,NA
PWY-8274,May_22,1.751158177432733,pyruvate fermentation to (<i>R</i>)-lactate,NA
PWY-8275,August,536.0125597682894,pyruvate decarboxylation to acetyl CoA III,NA
PWY-8275,July_1,716.4348875909573,pyruvate decarboxylation to acetyl CoA III,NA
PWY-8275,July_2,498.129958778019,pyruvate decarboxylation to acetyl CoA III,NA
PWY-8275,July_3,584.5197693238247,pyruvate decarboxylation to acetyl CoA III,NA
PWY-8275,May,1098.496243179461,pyruvate decarboxylation to acetyl CoA III,NA
PWY-8275,May_22,1271.5288063925811,pyruvate decarboxylation to acetyl CoA III,NA
PWY-8275,October,1008.8510103530599,pyruvate decarboxylation to acetyl CoA III,NA
PWY-8276,August,65.3567475849159,4-aminobenzoate biosynthesis II,NA
PWY-8276,July_1,82.37888848554482,4-aminobenzoate biosynthesis II,NA
PWY-8276,July_2,65.38590691006385,4-aminobenzoate biosynthesis II,NA
PWY-8276,July_3,53.88551938865646,4-aminobenzoate biosynthesis II,NA
PWY-8276,May,128.24583034174745,4-aminobenzoate biosynthesis II,NA
PWY-8276,May_22,103.54078969672518,4-aminobenzoate biosynthesis II,NA
PWY-8276,October,115.56602591377802,4-aminobenzoate biosynthesis II,NA
PWY-8277,August,264.1638088455074,NAD <i>de novo</i> biosynthesis IV (anaerobic),NA
PWY-8277,July_1,485.57753228388657,NAD <i>de novo</i> biosynthesis IV (anaerobic),NA
PWY-8277,July_2,254.29484579544737,NAD <i>de novo</i> biosynthesis IV (anaerobic),NA
PWY-8277,July_3,274.7349216537499,NAD <i>de novo</i> biosynthesis IV (anaerobic),NA
PWY-8277,May,311.36883281544726,NAD <i>de novo</i> biosynthesis IV (anaerobic),NA
PWY-8277,May_22,298.2732957964416,NAD <i>de novo</i> biosynthesis IV (anaerobic),NA
PWY-8277,October,370.5819751532403,NAD <i>de novo</i> biosynthesis IV (anaerobic),NA
PWY-8279,August,9064.638243899308,"palmitate biosynthesis III (type II fatty acid synthase, NADPH-dependent enoyl-[acp] reductase)",NA
PWY-8279,July_1,9531.979973678082,"palmitate biosynthesis III (type II fatty acid synthase, NADPH-dependent enoyl-[acp] reductase)",NA
PWY-8279,July_2,9670.160064345133,"palmitate biosynthesis III (type II fatty acid synthase, NADPH-dependent enoyl-[acp] reductase)",NA
PWY-8279,July_3,7654.320736287228,"palmitate biosynthesis III (type II fatty acid synthase, NADPH-dependent enoyl-[acp] reductase)",NA
PWY-8279,May,11857.2074414188,"palmitate biosynthesis III (type II fatty acid synthase, NADPH-dependent enoyl-[acp] reductase)",NA
PWY-8279,May_22,10809.311467139329,"palmitate biosynthesis III (type II fatty acid synthase, NADPH-dependent enoyl-[acp] reductase)",NA
PWY-8279,October,11020.102938596809,"palmitate biosynthesis III (type II fatty acid synthase, NADPH-dependent enoyl-[acp] reductase)",NA
PWY-8280,August,447.833002974383,stearate biosynthesis IV,NA
PWY-8280,July_1,584.4702808590889,stearate biosynthesis IV,NA
PWY-8280,July_2,473.364142871425,stearate biosynthesis IV,NA
PWY-8280,July_3,437.50889448698877,stearate biosynthesis IV,NA
PWY-8280,May,582.5541089468109,stearate biosynthesis IV,NA
PWY-8280,May_22,517.0677245162867,stearate biosynthesis IV,NA
PWY-8280,October,606.5582736371776,stearate biosynthesis IV,NA
PWY-8282,August,4.7862518315442095,adenosylcobinamide-GDP salvage from assorted adenosylcobamides,NA
PWY-8282,July_1,5.806334407467723,adenosylcobinamide-GDP salvage from assorted adenosylcobamides,NA
PWY-8282,July_2,4.1020676057853684,adenosylcobinamide-GDP salvage from assorted adenosylcobamides,NA
PWY-8282,July_3,4.593059823452459,adenosylcobinamide-GDP salvage from assorted adenosylcobamides,NA
PWY-8282,May,6.234647248223178,adenosylcobinamide-GDP salvage from assorted adenosylcobamides,NA
PWY-8282,May_22,2.2758416347719086,adenosylcobinamide-GDP salvage from assorted adenosylcobamides,NA
PWY-8282,October,11.53747218152548,adenosylcobinamide-GDP salvage from assorted adenosylcobamides,NA
PWY-8283,August,182.04758267579646,lipid IV<sub>A</sub> biosynthesis (generic),NA
PWY-8283,July_1,174.54318318391472,lipid IV<sub>A</sub> biosynthesis (generic),NA
PWY-8283,July_2,220.37900260218487,lipid IV<sub>A</sub> biosynthesis (generic),NA
PWY-8283,July_3,146.3347942869442,lipid IV<sub>A</sub> biosynthesis (generic),NA
PWY-8283,May,179.30676503487635,lipid IV<sub>A</sub> biosynthesis (generic),NA
PWY-8283,May_22,286.0092014566277,lipid IV<sub>A</sub> biosynthesis (generic),NA
PWY-8283,October,184.60658170558622,lipid IV<sub>A</sub> biosynthesis (generic),NA
PWY-8284,August,20.344574135621524,Kdo transfer to lipid IV<sub>A</sub> (generic),NA
PWY-8284,July_1,19.96491103497404,Kdo transfer to lipid IV<sub>A</sub> (generic),NA
PWY-8284,July_2,19.17871390132766,Kdo transfer to lipid IV<sub>A</sub> (generic),NA
PWY-8284,July_3,12.685869059590388,Kdo transfer to lipid IV<sub>A</sub> (generic),NA
PWY-8284,May,11.51005676607358,Kdo transfer to lipid IV<sub>A</sub> (generic),NA
PWY-8284,May_22,21.280350965269815,Kdo transfer to lipid IV<sub>A</sub> (generic),NA
PWY-8284,October,21.994686543723923,Kdo transfer to lipid IV<sub>A</sub> (generic),NA
PWY-8284-1,August,116.41394933782655,Kdo transfer to lipid IV<sub>A</sub> (<i>Vibrio cholerae</i> serogroup O1 El Tor),NA
PWY-8284-1,July_1,198.9937607892357,Kdo transfer to lipid IV<sub>A</sub> (<i>Vibrio cholerae</i> serogroup O1 El Tor),NA
PWY-8284-1,July_2,119.28932466266549,Kdo transfer to lipid IV<sub>A</sub> (<i>Vibrio cholerae</i> serogroup O1 El Tor),NA
PWY-8284-1,July_3,117.95652020471113,Kdo transfer to lipid IV<sub>A</sub> (<i>Vibrio cholerae</i> serogroup O1 El Tor),NA
PWY-8284-1,May,34.75203008086982,Kdo transfer to lipid IV<sub>A</sub> (<i>Vibrio cholerae</i> serogroup O1 El Tor),NA
PWY-8284-1,May_22,72.69920446135596,Kdo transfer to lipid IV<sub>A</sub> (<i>Vibrio cholerae</i> serogroup O1 El Tor),NA
PWY-8284-1,October,34.72881359281222,Kdo transfer to lipid IV<sub>A</sub> (<i>Vibrio cholerae</i> serogroup O1 El Tor),NA
PWY-8285,August,2.089655586213882,(Kdo)<sub>2</sub>-lipid A biosynthesis (generic),NA
PWY-8285,July_1,3.037720200518919,(Kdo)<sub>2</sub>-lipid A biosynthesis (generic),NA
PWY-8285,July_2,2.3789566704913154,(Kdo)<sub>2</sub>-lipid A biosynthesis (generic),NA
PWY-8285,July_3,3.0242003992614594,(Kdo)<sub>2</sub>-lipid A biosynthesis (generic),NA
PWY-8285,May,0.8948875867249075,(Kdo)<sub>2</sub>-lipid A biosynthesis (generic),NA
PWY-8285,May_22,0.406092334995352,(Kdo)<sub>2</sub>-lipid A biosynthesis (generic),NA
PWY-8289,August,70.4375435568005,dZTP biosynthesis,NA
PWY-8289,July_1,58.18581106204536,dZTP biosynthesis,NA
PWY-8289,July_2,54.86979147277138,dZTP biosynthesis,NA
PWY-8289,July_3,45.61312984648493,dZTP biosynthesis,NA
PWY-8289,May,36.585304434296866,dZTP biosynthesis,NA
PWY-8289,May_22,29.816419193063567,dZTP biosynthesis,NA
PWY-8289,October,27.804943740858427,dZTP biosynthesis,NA
PWY-8291,August,86.20194173807873,L-aspartate degradation II (aerobic),NA
PWY-8291,July_1,104.56979102210323,L-aspartate degradation II (aerobic),NA
PWY-8291,July_2,109.68484419998623,L-aspartate degradation II (aerobic),NA
PWY-8291,July_3,113.4315444350865,L-aspartate degradation II (aerobic),NA
PWY-8291,May,33.08303952790562,L-aspartate degradation II (aerobic),NA
PWY-8291,May_22,42.349161639551845,L-aspartate degradation II (aerobic),NA
PWY-8291,October,25.753276863197875,L-aspartate degradation II (aerobic),NA
PWY-8294,August,86.20194173807873,L-aspartate degradation III (anaerobic),NA
PWY-8294,July_1,104.56979102210323,L-aspartate degradation III (anaerobic),NA
PWY-8294,July_2,109.68484419998623,L-aspartate degradation III (anaerobic),NA
PWY-8294,July_3,113.4315444350865,L-aspartate degradation III (anaerobic),NA
PWY-8294,May,33.08303952790562,L-aspartate degradation III (anaerobic),NA
PWY-8294,May_22,42.349161639551845,L-aspartate degradation III (anaerobic),NA
PWY-8294,October,25.753276863197875,L-aspartate degradation III (anaerobic),NA
PWY-8299,August,1.2924587759790085,(3<i>S</i>)-diazinane-3-carboxylate biosynthesis,NA
PWY-8299,July_1,2.0349811239417854,(3<i>S</i>)-diazinane-3-carboxylate biosynthesis,NA
PWY-8299,July_2,1.1449110949130068,(3<i>S</i>)-diazinane-3-carboxylate biosynthesis,NA
PWY-8299,July_3,0.9454629944052321,(3<i>S</i>)-diazinane-3-carboxylate biosynthesis,NA
PWY-8301,August,98.77793862851026,<i>S</i>-(6-hydroxy-4-methylhexan-4-yl)-L-cysteinylglycine biosynthesis,NA
PWY-8301,July_1,130.40085960086748,<i>S</i>-(6-hydroxy-4-methylhexan-4-yl)-L-cysteinylglycine biosynthesis,NA
PWY-8301,July_2,111.40046000159276,<i>S</i>-(6-hydroxy-4-methylhexan-4-yl)-L-cysteinylglycine biosynthesis,NA
PWY-8301,July_3,101.5153591195006,<i>S</i>-(6-hydroxy-4-methylhexan-4-yl)-L-cysteinylglycine biosynthesis,NA
PWY-8301,May,210.69901213026486,<i>S</i>-(6-hydroxy-4-methylhexan-4-yl)-L-cysteinylglycine biosynthesis,NA
PWY-8301,May_22,205.8926237852069,<i>S</i>-(6-hydroxy-4-methylhexan-4-yl)-L-cysteinylglycine biosynthesis,NA
PWY-8301,October,161.91146004739733,<i>S</i>-(6-hydroxy-4-methylhexan-4-yl)-L-cysteinylglycine biosynthesis,NA
PWY-8303,August,114.44364295771175,reductive glycine pathway of autotrophic CO<sub>2</sub> fixation,NA
PWY-8303,July_1,123.0384339944927,reductive glycine pathway of autotrophic CO<sub>2</sub> fixation,NA
PWY-8303,July_2,129.98904936422323,reductive glycine pathway of autotrophic CO<sub>2</sub> fixation,NA
PWY-8303,July_3,75.99970799449949,reductive glycine pathway of autotrophic CO<sub>2</sub> fixation,NA
PWY-8303,May,115.31260876572821,reductive glycine pathway of autotrophic CO<sub>2</sub> fixation,NA
PWY-8303,May_22,129.04556245291442,reductive glycine pathway of autotrophic CO<sub>2</sub> fixation,NA
PWY-8303,October,150.42019865888216,reductive glycine pathway of autotrophic CO<sub>2</sub> fixation,NA
PWY-8328,August,521.3750110759092,acetate and ATP formation from acetyl-CoA III,NA
PWY-8328,July_1,513.8446002211291,acetate and ATP formation from acetyl-CoA III,NA
PWY-8328,July_2,478.54726458732847,acetate and ATP formation from acetyl-CoA III,NA
PWY-8328,July_3,528.7808161445423,acetate and ATP formation from acetyl-CoA III,NA
PWY-8328,May,3424.597935185466,acetate and ATP formation from acetyl-CoA III,NA
PWY-8328,May_22,2805.354628893717,acetate and ATP formation from acetyl-CoA III,NA
PWY-8328,October,3173.465679553255,acetate and ATP formation from acetyl-CoA III,NA
PWY-8342,August,457.3840916571798,coenzyme A biosynthesis III (archaea),NA
PWY-8342,July_1,678.6729271140097,coenzyme A biosynthesis III (archaea),NA
PWY-8342,July_2,445.93886681994945,coenzyme A biosynthesis III (archaea),NA
PWY-8342,July_3,488.9150007005944,coenzyme A biosynthesis III (archaea),NA
PWY-8342,May,228.01705466106603,coenzyme A biosynthesis III (archaea),NA
PWY-8342,May_22,325.4705634124629,coenzyme A biosynthesis III (archaea),NA
PWY-8342,October,218.03575798979313,coenzyme A biosynthesis III (archaea),NA
PWY-8346,August,451.77420235200634,GABA shunt II,NA
PWY-8346,July_1,512.0195352924003,GABA shunt II,NA
PWY-8346,July_2,421.06555603017085,GABA shunt II,NA
PWY-8346,July_3,483.0147609899543,GABA shunt II,NA
PWY-8346,May,690.1966720104231,GABA shunt II,NA
PWY-8346,May_22,595.9267963295808,GABA shunt II,NA
PWY-8346,October,572.9634457459251,GABA shunt II,NA
PWY-8347,August,601.1983545378503,adipate biosynthesis,NA
PWY-8347,July_1,889.5416779070533,adipate biosynthesis,NA
PWY-8347,July_2,623.7441348404134,adipate biosynthesis,NA
PWY-8347,July_3,682.48602570156,adipate biosynthesis,NA
PWY-8347,May,323.29922647134833,adipate biosynthesis,NA
PWY-8347,May_22,328.8713299006879,adipate biosynthesis,NA
PWY-8347,October,282.2645913309344,adipate biosynthesis,NA
PWY-8351,August,2.371829493755501,sulfoquinovosyl diacylglycerides and sulfoquinovosyl glycerol degradation,NA
PWY-8351,July_1,1.2988317734899772,sulfoquinovosyl diacylglycerides and sulfoquinovosyl glycerol degradation,NA
PWY-8351,July_2,4.134808258580917,sulfoquinovosyl diacylglycerides and sulfoquinovosyl glycerol degradation,NA
PWY-8351,July_3,1.1260523014839945,sulfoquinovosyl diacylglycerides and sulfoquinovosyl glycerol degradation,NA
PWY-8351,May,0.7770464819291681,sulfoquinovosyl diacylglycerides and sulfoquinovosyl glycerol degradation,NA
PWY-8352,August,264.1638088455074,NAD <i>de novo</i> biosynthesis III,NA
PWY-8352,July_1,485.57753228388657,NAD <i>de novo</i> biosynthesis III,NA
PWY-8352,July_2,254.29484579544737,NAD <i>de novo</i> biosynthesis III,NA
PWY-8352,July_3,274.7349216537499,NAD <i>de novo</i> biosynthesis III,NA
PWY-8352,May,311.36883281544726,NAD <i>de novo</i> biosynthesis III,NA
PWY-8352,May_22,298.2732957964416,NAD <i>de novo</i> biosynthesis III,NA
PWY-8352,October,370.5819751532403,NAD <i>de novo</i> biosynthesis III,NA
PWY-8354,August,1056.9697060067986,adipate degradation,NA
PWY-8354,July_1,1596.8983635290442,adipate degradation,NA
PWY-8354,July_2,1088.796758704759,adipate degradation,NA
PWY-8354,July_3,1151.5290312715947,adipate degradation,NA
PWY-8354,May,522.7732824954593,adipate degradation,NA
PWY-8354,May_22,507.08028814936375,adipate degradation,NA
PWY-8354,October,433.0822324269625,adipate degradation,NA
PWY-8362,August,138.0753626895347,photorespiration II,NA
PWY-8362,July_1,103.4269224064727,photorespiration II,NA
PWY-8362,July_2,98.8469609182962,photorespiration II,NA
PWY-8362,July_3,89.6411154673019,photorespiration II,NA
PWY-8362,May,39.92469534667763,photorespiration II,NA
PWY-8362,May_22,82.85841638472205,photorespiration II,NA
PWY-8362,October,73.61854786282996,photorespiration II,NA
PWY-8378,August,2.089655586213882,Kdo-lipid A biosynthesis (<i>Vibrio cholerae</i> serogroup O1 El Tor),NA
PWY-8378,July_1,3.037720200518919,Kdo-lipid A biosynthesis (<i>Vibrio cholerae</i> serogroup O1 El Tor),NA
PWY-8378,July_2,2.3789566704913154,Kdo-lipid A biosynthesis (<i>Vibrio cholerae</i> serogroup O1 El Tor),NA
PWY-8378,July_3,3.0242003992614594,Kdo-lipid A biosynthesis (<i>Vibrio cholerae</i> serogroup O1 El Tor),NA
PWY-8378,May,0.8948875867249075,Kdo-lipid A biosynthesis (<i>Vibrio cholerae</i> serogroup O1 El Tor),NA
PWY-8378,May_22,0.406092334995352,Kdo-lipid A biosynthesis (<i>Vibrio cholerae</i> serogroup O1 El Tor),NA
PWY-8380,August,178.96379451372113,dTDP-sibirosamine biosynthesis,NA
PWY-8380,July_1,128.4437947611226,dTDP-sibirosamine biosynthesis,NA
PWY-8380,July_2,168.77516108502024,dTDP-sibirosamine biosynthesis,NA
PWY-8380,July_3,179.63250625423797,dTDP-sibirosamine biosynthesis,NA
PWY-8380,May,24.213545840353916,dTDP-sibirosamine biosynthesis,NA
PWY-8380,May_22,42.18984117095751,dTDP-sibirosamine biosynthesis,NA
PWY-8380,October,27.847027429625978,dTDP-sibirosamine biosynthesis,NA
PWY-8386,August,1.1448246834232694,benzene degradation II (aerobic),NA
PWY-8386,July_1,1.1234518452525384,benzene degradation II (aerobic),NA
PWY-8386,July_2,1.4398596845895242,benzene degradation II (aerobic),NA
PWY-8386,July_3,1.128432500008934,benzene degradation II (aerobic),NA
PWY-8390,August,1.098524176182429,D-glucuronate degradation III,NA
PWY-8390,July_1,1.306008913228059,D-glucuronate degradation III,NA
PWY-8390,July_2,2.5417823068726877,D-glucuronate degradation III,NA
PWY-8390,July_3,1.0167981402089579,D-glucuronate degradation III,NA
PWY-8390,May,1.6461005609022383,D-glucuronate degradation III,NA
PWY-8390,May_22,1.547352445422984,D-glucuronate degradation III,NA
PWY-8390,October,1.9202560526440449,D-glucuronate degradation III,NA
PWY-8391,August,1.098524176182429,D-galacturonate degradation III,NA
PWY-8391,July_1,1.306008913228059,D-galacturonate degradation III,NA
PWY-8391,July_2,2.5417823068726877,D-galacturonate degradation III,NA
PWY-8391,July_3,1.0167981402089579,D-galacturonate degradation III,NA
PWY-8391,May,1.6461005609022383,D-galacturonate degradation III,NA
PWY-8391,May_22,1.547352445422984,D-galacturonate degradation III,NA
PWY-8391,October,1.9202560526440449,D-galacturonate degradation III,NA
PWY-8401,August,619.6584719496574,superpathway of cardiolipin biosynthesis (from glycerone phosphate and fatty-acyl-[acp]) (bacteria),NA
PWY-8401,July_1,816.0190520934049,superpathway of cardiolipin biosynthesis (from glycerone phosphate and fatty-acyl-[acp]) (bacteria),NA
PWY-8401,July_2,625.4635158066295,superpathway of cardiolipin biosynthesis (from glycerone phosphate and fatty-acyl-[acp]) (bacteria),NA
PWY-8401,July_3,506.986409371867,superpathway of cardiolipin biosynthesis (from glycerone phosphate and fatty-acyl-[acp]) (bacteria),NA
PWY-8401,May,628.3528444934085,superpathway of cardiolipin biosynthesis (from glycerone phosphate and fatty-acyl-[acp]) (bacteria),NA
PWY-8401,May_22,526.6985257321771,superpathway of cardiolipin biosynthesis (from glycerone phosphate and fatty-acyl-[acp]) (bacteria),NA
PWY-8401,October,606.728277607968,superpathway of cardiolipin biosynthesis (from glycerone phosphate and fatty-acyl-[acp]) (bacteria),NA
PWY-8404,August,831.0393063418328,glycolysis VI (from fructose),NA
PWY-8404,July_1,1050.895491550129,glycolysis VI (from fructose),NA
PWY-8404,July_2,935.6312654554457,glycolysis VI (from fructose),NA
PWY-8404,July_3,909.944476831512,glycolysis VI (from fructose),NA
PWY-8404,May,521.0444918904354,glycolysis VI (from fructose),NA
PWY-8404,May_22,699.010680986228,glycolysis VI (from fructose),NA
PWY-8404,October,481.2193600805861,glycolysis VI (from fructose),NA
PWY-841,August,2171.913495237496,superpathway of purine nucleotides <i>de novo</i> biosynthesis I,NA
PWY-841,July_1,3471.4381937435774,superpathway of purine nucleotides <i>de novo</i> biosynthesis I,NA
PWY-841,July_2,2456.091248432702,superpathway of purine nucleotides <i>de novo</i> biosynthesis I,NA
PWY-841,July_3,2485.232789716164,superpathway of purine nucleotides <i>de novo</i> biosynthesis I,NA
PWY-841,May,1468.1310196443621,superpathway of purine nucleotides <i>de novo</i> biosynthesis I,NA
PWY-841,May_22,2350.5620067841137,superpathway of purine nucleotides <i>de novo</i> biosynthesis I,NA
PWY-841,October,905.3718346551818,superpathway of purine nucleotides <i>de novo</i> biosynthesis I,NA
PWY-8416,August,4.751178959405976,CDP-ribitol biosynthesis,NA
PWY-8416,July_1,2.3439765546885925,CDP-ribitol biosynthesis,NA
PWY-8416,July_2,3.824621313363722,CDP-ribitol biosynthesis,NA
PWY-8416,July_3,5.345948670679658,CDP-ribitol biosynthesis,NA
PWY-8416,May,2.0562556164670838,CDP-ribitol biosynthesis,NA
PWY-8416,May_22,2.5058350179550324,CDP-ribitol biosynthesis,NA
PWY-8416,October,1.9090981499640634,CDP-ribitol biosynthesis,NA
PWY-8425,August,1151.0249870471519,(2<i>S</i>)-ethylmalonyl-CoA biosynthesis,NA
PWY-8425,July_1,1992.349552676098,(2<i>S</i>)-ethylmalonyl-CoA biosynthesis,NA
PWY-8425,July_2,1149.3040241612503,(2<i>S</i>)-ethylmalonyl-CoA biosynthesis,NA
PWY-8425,July_3,1255.793830262485,(2<i>S</i>)-ethylmalonyl-CoA biosynthesis,NA
PWY-8425,May,3185.4290104125275,(2<i>S</i>)-ethylmalonyl-CoA biosynthesis,NA
PWY-8425,May_22,2456.6045712796786,(2<i>S</i>)-ethylmalonyl-CoA biosynthesis,NA
PWY-8425,October,3339.1575573452633,(2<i>S</i>)-ethylmalonyl-CoA biosynthesis,NA
PWY-8448,August,15.15338677225252,D-alanine degradation,NA
PWY-8448,July_1,8.290719058739798,D-alanine degradation,NA
PWY-8448,July_2,14.051743944999464,D-alanine degradation,NA
PWY-8448,July_3,11.488158113539638,D-alanine degradation,NA
PWY-8448,May,1.30009448412329,D-alanine degradation,NA
PWY-8448,May_22,2.593578257676048,D-alanine degradation,NA
PWY-8448,October,1.6124685591278018,D-alanine degradation,NA
PWY-8452,August,697.3001257332767,L-cysteine degradation IV,NA
PWY-8452,July_1,1576.2502843866325,L-cysteine degradation IV,NA
PWY-8452,July_2,641.7110917186017,L-cysteine degradation IV,NA
PWY-8452,July_3,650.4139031721761,L-cysteine degradation IV,NA
PWY-8452,May,1049.1095763333628,L-cysteine degradation IV,NA
PWY-8452,May_22,869.2527443333352,L-cysteine degradation IV,NA
PWY-8452,October,982.3094917354565,L-cysteine degradation IV,NA
PWY-8454,August,5.410398112434435,aspartame degradation,NA
PWY-8454,July_1,9.33880522245615,aspartame degradation,NA
PWY-8454,July_2,6.955891069122954,aspartame degradation,NA
PWY-8454,July_3,7.432509451811272,aspartame degradation,NA
PWY-8454,May,4.070895208660011,aspartame degradation,NA
PWY-8454,May_22,4.942158105846266,aspartame degradation,NA
PWY-8454,October,4.548295416514224,aspartame degradation,NA
PWY-8457,August,47.58721920109061,thiamine diphosphate salvage V,NA
PWY-8457,July_1,61.31384420270145,thiamine diphosphate salvage V,NA
PWY-8457,July_2,47.19409092750805,thiamine diphosphate salvage V,NA
PWY-8457,July_3,29.797797054175454,thiamine diphosphate salvage V,NA
PWY-8457,May,28.062633070174194,thiamine diphosphate salvage V,NA
PWY-8457,May_22,30.048060102736976,thiamine diphosphate salvage V,NA
PWY-8457,October,29.21299505345675,thiamine diphosphate salvage V,NA
PWY-8462,August,51.261087928157615,UDP-<i>N</i>-acetyl-&alpha;-D-mannosamine biosynthesis,NA
PWY-8462,July_1,53.75771817209385,UDP-<i>N</i>-acetyl-&alpha;-D-mannosamine biosynthesis,NA
PWY-8462,July_2,51.325994168536695,UDP-<i>N</i>-acetyl-&alpha;-D-mannosamine biosynthesis,NA
PWY-8462,July_3,50.67706487010598,UDP-<i>N</i>-acetyl-&alpha;-D-mannosamine biosynthesis,NA
PWY-8462,May,25.30711155750513,UDP-<i>N</i>-acetyl-&alpha;-D-mannosamine biosynthesis,NA
PWY-8462,May_22,22.65130608170839,UDP-<i>N</i>-acetyl-&alpha;-D-mannosamine biosynthesis,NA
PWY-8462,October,22.758663173638336,UDP-<i>N</i>-acetyl-&alpha;-D-mannosamine biosynthesis,NA
PWY-8465,August,4.952566280088408,(1<i>R</i>)-(2-amino-1-hydroxyethyl)phosphonate degradation,NA
PWY-8465,July_1,9.639760433587144,(1<i>R</i>)-(2-amino-1-hydroxyethyl)phosphonate degradation,NA
PWY-8465,July_2,6.918488136683129,(1<i>R</i>)-(2-amino-1-hydroxyethyl)phosphonate degradation,NA
PWY-8465,July_3,7.184082555302077,(1<i>R</i>)-(2-amino-1-hydroxyethyl)phosphonate degradation,NA
PWY-8465,May,21.687022524727276,(1<i>R</i>)-(2-amino-1-hydroxyethyl)phosphonate degradation,NA
PWY-8465,May_22,18.356352471601053,(1<i>R</i>)-(2-amino-1-hydroxyethyl)phosphonate degradation,NA
PWY-8465,October,23.29644237260848,(1<i>R</i>)-(2-amino-1-hydroxyethyl)phosphonate degradation,NA
PWY-8509,August,14.06752337709585,selenate reduction I,NA
PWY-8509,July_1,15.013053317531988,selenate reduction I,NA
PWY-8509,July_2,14.135433757235901,selenate reduction I,NA
PWY-8509,July_3,13.978344997981136,selenate reduction I,NA
PWY-8509,May,11.704591060505471,selenate reduction I,NA
PWY-8509,May_22,10.559253481015377,selenate reduction I,NA
PWY-8509,October,3.5654458347313494,selenate reduction I,NA
PWY-8511,August,148.77873621637747,NAD biosynthesis from nicotinamide II (deamidated pathway),NA
PWY-8511,July_1,242.28395147676406,NAD biosynthesis from nicotinamide II (deamidated pathway),NA
PWY-8511,July_2,177.89578393855345,NAD biosynthesis from nicotinamide II (deamidated pathway),NA
PWY-8511,July_3,139.9074500199553,NAD biosynthesis from nicotinamide II (deamidated pathway),NA
PWY-8511,May,269.40435826525515,NAD biosynthesis from nicotinamide II (deamidated pathway),NA
PWY-8511,May_22,247.79525670837418,NAD biosynthesis from nicotinamide II (deamidated pathway),NA
PWY-8511,October,332.83055702538,NAD biosynthesis from nicotinamide II (deamidated pathway),NA
PWY-8525,August,5509.211628436087,odd <i>iso</i>-branched-chain fatty acid biosynthesis II,NA
PWY-8525,July_1,5993.04564424934,odd <i>iso</i>-branched-chain fatty acid biosynthesis II,NA
PWY-8525,July_2,5858.912855901108,odd <i>iso</i>-branched-chain fatty acid biosynthesis II,NA
PWY-8525,July_3,4765.467951569896,odd <i>iso</i>-branched-chain fatty acid biosynthesis II,NA
PWY-8525,May,6947.012030019863,odd <i>iso</i>-branched-chain fatty acid biosynthesis II,NA
PWY-8525,May_22,6599.607861816295,odd <i>iso</i>-branched-chain fatty acid biosynthesis II,NA
PWY-8525,October,6445.8165849071975,odd <i>iso</i>-branched-chain fatty acid biosynthesis II,NA
PWY-8533,August,45.85309137894272,ubiquinol-8 biosynthesis (anaerobic),NA
PWY-8533,July_1,16.65298227698194,ubiquinol-8 biosynthesis (anaerobic),NA
PWY-8533,July_2,39.39686186066403,ubiquinol-8 biosynthesis (anaerobic),NA
PWY-8533,July_3,23.637109144992984,ubiquinol-8 biosynthesis (anaerobic),NA
PWY-8533,May,25.77301539456858,ubiquinol-8 biosynthesis (anaerobic),NA
PWY-8533,May_22,35.33818330897188,ubiquinol-8 biosynthesis (anaerobic),NA
PWY-8533,October,52.09448435264399,ubiquinol-8 biosynthesis (anaerobic),NA
PWY-8535,August,45.85309137894272,"ubiquinol biosynthesis (early decarboxylation, generic)",NA
PWY-8535,July_1,16.65298227698194,"ubiquinol biosynthesis (early decarboxylation, generic)",NA
PWY-8535,July_2,39.39686186066403,"ubiquinol biosynthesis (early decarboxylation, generic)",NA
PWY-8535,July_3,23.637109144992984,"ubiquinol biosynthesis (early decarboxylation, generic)",NA
PWY-8535,May,25.77301539456858,"ubiquinol biosynthesis (early decarboxylation, generic)",NA
PWY-8535,May_22,35.33818330897188,"ubiquinol biosynthesis (early decarboxylation, generic)",NA
PWY-8535,October,52.09448435264399,"ubiquinol biosynthesis (early decarboxylation, generic)",NA
PWY-8536,August,25.316655188852657,demethylmenaquinol biosynthesis (generic),NA
PWY-8536,July_1,27.761768020492116,demethylmenaquinol biosynthesis (generic),NA
PWY-8536,July_2,18.170226257454924,demethylmenaquinol biosynthesis (generic),NA
PWY-8536,July_3,22.47542898429076,demethylmenaquinol biosynthesis (generic),NA
PWY-8536,May,50.780197121996665,demethylmenaquinol biosynthesis (generic),NA
PWY-8536,May_22,18.76269106103211,demethylmenaquinol biosynthesis (generic),NA
PWY-8536,October,21.13943126026715,demethylmenaquinol biosynthesis (generic),NA
PWY-8537,August,182.64210818264604,menaquinol biosynthesis (generic),NA
PWY-8537,July_1,234.8220290201381,menaquinol biosynthesis (generic),NA
PWY-8537,July_2,152.55327682201425,menaquinol biosynthesis (generic),NA
PWY-8537,July_3,187.93959570629076,menaquinol biosynthesis (generic),NA
PWY-8537,May,132.01862647254177,menaquinol biosynthesis (generic),NA
PWY-8537,May_22,128.71109314429884,menaquinol biosynthesis (generic),NA
PWY-8537,October,83.64366783422984,menaquinol biosynthesis (generic),NA
PWY-8538,August,18.76546862690681,superpathway of menaquinol biosynthesis (generic),NA
PWY-8538,July_1,67.51824147361589,superpathway of menaquinol biosynthesis (generic),NA
PWY-8538,July_2,23.485916564851358,superpathway of menaquinol biosynthesis (generic),NA
PWY-8538,July_3,23.970395669209434,superpathway of menaquinol biosynthesis (generic),NA
PWY-8538,May,46.917539161825815,superpathway of menaquinol biosynthesis (generic),NA
PWY-8538,May_22,64.14570710287522,superpathway of menaquinol biosynthesis (generic),NA
PWY-8538,October,54.07442320279452,superpathway of menaquinol biosynthesis (generic),NA
PWY-8542,August,1822.1278310045964,fatty acid biosynthesis (archaea),NA
PWY-8542,July_1,2701.221779281078,fatty acid biosynthesis (archaea),NA
PWY-8542,July_2,1917.6558457472568,fatty acid biosynthesis (archaea),NA
PWY-8542,July_3,2227.53264533514,fatty acid biosynthesis (archaea),NA
PWY-8542,May,11369.359811937591,fatty acid biosynthesis (archaea),NA
PWY-8542,May_22,8322.239230314945,fatty acid biosynthesis (archaea),NA
PWY-8542,October,11092.915454110345,fatty acid biosynthesis (archaea),NA
PWY-8551,August,450.86877768682564,glycine biosynthesis V,NA
PWY-8551,July_1,548.1223965665819,glycine biosynthesis V,NA
PWY-8551,July_2,437.98870924101334,glycine biosynthesis V,NA
PWY-8551,July_3,487.91786900196706,glycine biosynthesis V,NA
PWY-8551,May,262.3648113426322,glycine biosynthesis V,NA
PWY-8551,May_22,304.97462183401785,glycine biosynthesis V,NA
PWY-8551,October,215.52184931157757,glycine biosynthesis V,NA
PWY-8560,August,2099.1527348353047,TCA cycle VIII (Chlamydia),NA
PWY-8560,July_1,2564.7225008379287,TCA cycle VIII (Chlamydia),NA
PWY-8560,July_2,2211.4029208311695,TCA cycle VIII (Chlamydia),NA
PWY-8560,July_3,2716.4800948310467,TCA cycle VIII (Chlamydia),NA
PWY-8560,May,1562.7638650288254,TCA cycle VIII (Chlamydia),NA
PWY-8560,May_22,1700.0879247200978,TCA cycle VIII (Chlamydia),NA
PWY-8560,October,1203.195480910443,TCA cycle VIII (Chlamydia),NA
PWY-8568,August,6910.576046095535,"fatty acid biosynthesis (Euglena, malonyl-CoA-independent)",NA
PWY-8568,July_1,12561.884199403452,"fatty acid biosynthesis (Euglena, malonyl-CoA-independent)",NA
PWY-8568,July_2,7322.272245472239,"fatty acid biosynthesis (Euglena, malonyl-CoA-independent)",NA
PWY-8568,July_3,8447.91351600717,"fatty acid biosynthesis (Euglena, malonyl-CoA-independent)",NA
PWY-8568,May,9628.573685615886,"fatty acid biosynthesis (Euglena, malonyl-CoA-independent)",NA
PWY-8568,May_22,7912.492890034722,"fatty acid biosynthesis (Euglena, malonyl-CoA-independent)",NA
PWY-8568,October,10188.0454197536,"fatty acid biosynthesis (Euglena, malonyl-CoA-independent)",NA
PWY-8571,August,45.85309137894272,ubiquinol-10 biosynthesis (UbiN),NA
PWY-8571,July_1,16.65298227698194,ubiquinol-10 biosynthesis (UbiN),NA
PWY-8571,July_2,39.39686186066403,ubiquinol-10 biosynthesis (UbiN),NA
PWY-8571,July_3,23.637109144992984,ubiquinol-10 biosynthesis (UbiN),NA
PWY-8571,May,25.77301539456858,ubiquinol-10 biosynthesis (UbiN),NA
PWY-8571,May_22,35.33818330897188,ubiquinol-10 biosynthesis (UbiN),NA
PWY-8571,October,52.09448435264399,ubiquinol-10 biosynthesis (UbiN),NA
PWY-8585,August,306.51603839822997,skatole biosynthesis,NA
PWY-8585,July_1,360.0935226939435,skatole biosynthesis,NA
PWY-8585,July_2,293.51368511705016,skatole biosynthesis,NA
PWY-8585,July_3,305.7925115140162,skatole biosynthesis,NA
PWY-8585,May,235.7713913897096,skatole biosynthesis,NA
PWY-8585,May_22,231.8342696158063,skatole biosynthesis,NA
PWY-8585,October,147.85719973935997,skatole biosynthesis,NA
PWY-8590,August,2.35325017172938,metformin degradation,NA
PWY-8590,July_1,2.4452771750231665,metformin degradation,NA
PWY-8590,July_2,2.146349657474466,metformin degradation,NA
PWY-8590,July_3,1.0773965124159408,metformin degradation,NA
PWY-8590,May,1.3067550318788053,metformin degradation,NA
PWY-8590,May_22,2.7345093440682335,metformin degradation,NA
PWY-8595,August,352.67211521207076,koreenceine B biosynthesis,NA
PWY-8595,July_1,468.10379534474896,koreenceine B biosynthesis,NA
PWY-8595,July_2,362.28797790155954,koreenceine B biosynthesis,NA
PWY-8595,July_3,324.23208002108595,koreenceine B biosynthesis,NA
PWY-8595,May,481.58194773394,koreenceine B biosynthesis,NA
PWY-8595,May_22,442.1456359414616,koreenceine B biosynthesis,NA
PWY-8595,October,457.43004519782187,koreenceine B biosynthesis,NA
PWY-8618,August,724.4402165009382,tRNA-uridine 4-thiolation II,NA
PWY-8618,July_1,1610.6636582306585,tRNA-uridine 4-thiolation II,NA
PWY-8618,July_2,666.253586558981,tRNA-uridine 4-thiolation II,NA
PWY-8618,July_3,674.3614980492463,tRNA-uridine 4-thiolation II,NA
PWY-8618,May,1084.072388985242,tRNA-uridine 4-thiolation II,NA
PWY-8618,May_22,897.4753725382648,tRNA-uridine 4-thiolation II,NA
PWY-8618,October,1024.7688901447107,tRNA-uridine 4-thiolation II,NA
PWY-881,August,200.39236036760735,trehalose biosynthesis II,NA
PWY-881,July_1,253.60938207246804,trehalose biosynthesis II,NA
PWY-881,July_2,202.6047476672452,trehalose biosynthesis II,NA
PWY-881,July_3,232.60734899344936,trehalose biosynthesis II,NA
PWY-881,May,479.54021735033496,trehalose biosynthesis II,NA
PWY-881,May_22,408.75622650470547,trehalose biosynthesis II,NA
PWY-881,October,398.0075290728016,trehalose biosynthesis II,NA
PWY-922,August,19.210517669968166,mevalonate pathway I (eukaryotes and bacteria),NA
PWY-922,July_1,29.96705860695655,mevalonate pathway I (eukaryotes and bacteria),NA
PWY-922,July_2,48.07816243840892,mevalonate pathway I (eukaryotes and bacteria),NA
PWY-922,July_3,22.146867602782216,mevalonate pathway I (eukaryotes and bacteria),NA
PWY-922,May,16.046427520612408,mevalonate pathway I (eukaryotes and bacteria),NA
PWY-922,May_22,25.088221627113114,mevalonate pathway I (eukaryotes and bacteria),NA
PWY-922,October,15.085729482193038,mevalonate pathway I (eukaryotes and bacteria),NA
PWY0-1021,August,697.3001257332767,L-alanine biosynthesis III,NA
PWY0-1021,July_1,1576.2502843866325,L-alanine biosynthesis III,NA
PWY0-1021,July_2,641.7110917186017,L-alanine biosynthesis III,NA
PWY0-1021,July_3,650.4139031721761,L-alanine biosynthesis III,NA
PWY0-1021,May,1049.1095763333628,L-alanine biosynthesis III,NA
PWY0-1021,May_22,869.2527443333352,L-alanine biosynthesis III,NA
PWY0-1021,October,982.3094917354565,L-alanine biosynthesis III,NA
PWY0-1061,August,157.01762979810243,superpathway of L-alanine biosynthesis,NA
PWY0-1061,July_1,224.28231158339517,superpathway of L-alanine biosynthesis,NA
PWY0-1061,July_2,141.64756285571872,superpathway of L-alanine biosynthesis,NA
PWY0-1061,July_3,133.1513172554325,superpathway of L-alanine biosynthesis,NA
PWY0-1061,May,50.21465872787739,superpathway of L-alanine biosynthesis,NA
PWY0-1061,May_22,42.675562272700006,superpathway of L-alanine biosynthesis,NA
PWY0-1061,October,23.913814739398894,superpathway of L-alanine biosynthesis,NA
PWY0-1182,August,137.99400399377737,trehalose degradation II (cytosolic),NA
PWY0-1182,July_1,147.03516207831768,trehalose degradation II (cytosolic),NA
PWY0-1182,July_2,122.57686828268929,trehalose degradation II (cytosolic),NA
PWY0-1182,July_3,113.20686612964272,trehalose degradation II (cytosolic),NA
PWY0-1182,May,285.54441555767664,trehalose degradation II (cytosolic),NA
PWY0-1182,May_22,168.9754847640526,trehalose degradation II (cytosolic),NA
PWY0-1182,October,227.6506522911788,trehalose degradation II (cytosolic),NA
PWY0-1241,August,10.495762557148327,ADP-L-<i>glycero</i>-&beta;-D-<i>manno</i>-heptose biosynthesis,NA
PWY0-1241,July_1,13.336401887415601,ADP-L-<i>glycero</i>-&beta;-D-<i>manno</i>-heptose biosynthesis,NA
PWY0-1241,July_2,4.989848486017909,ADP-L-<i>glycero</i>-&beta;-D-<i>manno</i>-heptose biosynthesis,NA
PWY0-1241,July_3,9.720991098592158,ADP-L-<i>glycero</i>-&beta;-D-<i>manno</i>-heptose biosynthesis,NA
PWY0-1241,May,73.30367576112779,ADP-L-<i>glycero</i>-&beta;-D-<i>manno</i>-heptose biosynthesis,NA
PWY0-1241,May_22,93.22511470828526,ADP-L-<i>glycero</i>-&beta;-D-<i>manno</i>-heptose biosynthesis,NA
PWY0-1241,October,64.53947183999537,ADP-L-<i>glycero</i>-&beta;-D-<i>manno</i>-heptose biosynthesis,NA
PWY0-1261,August,427.81895617093295,peptidoglycan recycling I,NA
PWY0-1261,July_1,542.8261744972775,peptidoglycan recycling I,NA
PWY0-1261,July_2,455.9830361988246,peptidoglycan recycling I,NA
PWY0-1261,July_3,362.6228772906751,peptidoglycan recycling I,NA
PWY0-1261,May,329.786550165005,peptidoglycan recycling I,NA
PWY0-1261,May_22,415.6589188507319,peptidoglycan recycling I,NA
PWY0-1261,October,414.58815367823985,peptidoglycan recycling I,NA
PWY0-1264,August,914.6552710261321,malonyl-CoA biosynthesis via biotin-carboxyl carrier protein,NA
PWY0-1264,July_1,977.6416145367923,malonyl-CoA biosynthesis via biotin-carboxyl carrier protein,NA
PWY0-1264,July_2,855.6424772812002,malonyl-CoA biosynthesis via biotin-carboxyl carrier protein,NA
PWY0-1264,July_3,905.407364552813,malonyl-CoA biosynthesis via biotin-carboxyl carrier protein,NA
PWY0-1264,May,656.9509409582997,malonyl-CoA biosynthesis via biotin-carboxyl carrier protein,NA
PWY0-1264,May_22,561.2058807666413,malonyl-CoA biosynthesis via biotin-carboxyl carrier protein,NA
PWY0-1264,October,642.4249751992854,malonyl-CoA biosynthesis via biotin-carboxyl carrier protein,NA
PWY0-1280,August,7.593386433236506,ethylene glycol degradation,NA
PWY0-1280,July_1,17.740957442170817,ethylene glycol degradation,NA
PWY0-1280,July_2,11.325871071899446,ethylene glycol degradation,NA
PWY0-1280,July_3,14.958311072871826,ethylene glycol degradation,NA
PWY0-1280,May,18.686381697573758,ethylene glycol degradation,NA
PWY0-1280,May_22,29.462908256204162,ethylene glycol degradation,NA
PWY0-1280,October,22.780380861401515,ethylene glycol degradation,NA
PWY0-1295,August,68.30867242948626,pyrimidine ribonucleosides degradation,NA
PWY0-1295,July_1,48.60320262672913,pyrimidine ribonucleosides degradation,NA
PWY0-1295,July_2,64.38542287980506,pyrimidine ribonucleosides degradation,NA
PWY0-1295,July_3,48.104537208629154,pyrimidine ribonucleosides degradation,NA
PWY0-1295,May,30.362416407347254,pyrimidine ribonucleosides degradation,NA
PWY0-1295,May_22,32.76924209856544,pyrimidine ribonucleosides degradation,NA
PWY0-1295,October,19.10255416210543,pyrimidine ribonucleosides degradation,NA
PWY0-1296,August,122.30597917623635,purine ribonucleosides degradation,NA
PWY0-1296,July_1,135.08785487863472,purine ribonucleosides degradation,NA
PWY0-1296,July_2,143.58077093633912,purine ribonucleosides degradation,NA
PWY0-1296,July_3,124.5287555604366,purine ribonucleosides degradation,NA
PWY0-1296,May,60.016792194648154,purine ribonucleosides degradation,NA
PWY0-1296,May_22,68.2208353921519,purine ribonucleosides degradation,NA
PWY0-1296,October,62.705816647088724,purine ribonucleosides degradation,NA
PWY0-1297,August,70.4911272937102,superpathway of purine deoxyribonucleosides degradation,NA
PWY0-1297,July_1,106.78083599243197,superpathway of purine deoxyribonucleosides degradation,NA
PWY0-1297,July_2,94.50863592526588,superpathway of purine deoxyribonucleosides degradation,NA
PWY0-1297,July_3,84.48214897926533,superpathway of purine deoxyribonucleosides degradation,NA
PWY0-1297,May,37.016747223524476,superpathway of purine deoxyribonucleosides degradation,NA
PWY0-1297,May_22,37.323858409602884,superpathway of purine deoxyribonucleosides degradation,NA
PWY0-1297,October,51.131738430833394,superpathway of purine deoxyribonucleosides degradation,NA
PWY0-1298,August,79.87969531150672,superpathway of pyrimidine deoxyribonucleosides degradation,NA
PWY0-1298,July_1,70.47609660380995,superpathway of pyrimidine deoxyribonucleosides degradation,NA
PWY0-1298,July_2,63.92128922246595,superpathway of pyrimidine deoxyribonucleosides degradation,NA
PWY0-1298,July_3,73.44771363488051,superpathway of pyrimidine deoxyribonucleosides degradation,NA
PWY0-1298,May,40.2457677807505,superpathway of pyrimidine deoxyribonucleosides degradation,NA
PWY0-1298,May_22,33.84258250443563,superpathway of pyrimidine deoxyribonucleosides degradation,NA
PWY0-1298,October,28.42395533798643,superpathway of pyrimidine deoxyribonucleosides degradation,NA
PWY0-1299,August,95.53821904062902,arginine dependent acid resistance,NA
PWY0-1299,July_1,115.57580849858643,arginine dependent acid resistance,NA
PWY0-1299,July_2,98.70779730032716,arginine dependent acid resistance,NA
PWY0-1299,July_3,111.71426738484202,arginine dependent acid resistance,NA
PWY0-1299,May,124.62925101431497,arginine dependent acid resistance,NA
PWY0-1299,May_22,109.05464383976071,arginine dependent acid resistance,NA
PWY0-1299,October,99.3868741865597,arginine dependent acid resistance,NA
PWY0-1300,August,45.25253969476171,2-<I>O</I>-&alpha;-mannosyl-D-glycerate degradation,NA
PWY0-1300,July_1,52.41012321921641,2-<I>O</I>-&alpha;-mannosyl-D-glycerate degradation,NA
PWY0-1300,July_2,54.25025453449635,2-<I>O</I>-&alpha;-mannosyl-D-glycerate degradation,NA
PWY0-1300,July_3,45.59706909280928,2-<I>O</I>-&alpha;-mannosyl-D-glycerate degradation,NA
PWY0-1300,May,50.39927698004269,2-<I>O</I>-&alpha;-mannosyl-D-glycerate degradation,NA
PWY0-1300,May_22,47.283862380786815,2-<I>O</I>-&alpha;-mannosyl-D-glycerate degradation,NA
PWY0-1300,October,30.311626663336433,2-<I>O</I>-&alpha;-mannosyl-D-glycerate degradation,NA
PWY0-1301,August,31.684620428018444,melibiose degradation,NA
PWY0-1301,July_1,27.779096669177406,melibiose degradation,NA
PWY0-1301,July_2,27.717978328123387,melibiose degradation,NA
PWY0-1301,July_3,26.129374257567985,melibiose degradation,NA
PWY0-1301,May,16.202047077876042,melibiose degradation,NA
PWY0-1301,May_22,13.131806026930004,melibiose degradation,NA
PWY0-1301,October,11.300667459527755,melibiose degradation,NA
PWY0-1305,August,3.9332365593715437,L-glutamate degradation IX (via 4-aminobutanoate),NA
PWY0-1305,July_1,13.340861128594357,L-glutamate degradation IX (via 4-aminobutanoate),NA
PWY0-1305,July_2,3.291355728032003,L-glutamate degradation IX (via 4-aminobutanoate),NA
PWY0-1305,July_3,4.434798459011928,L-glutamate degradation IX (via 4-aminobutanoate),NA
PWY0-1305,May,1.5130254584729443,L-glutamate degradation IX (via 4-aminobutanoate),NA
PWY0-1305,May_22,1.9076730456288058,L-glutamate degradation IX (via 4-aminobutanoate),NA
PWY0-1305,October,2.0347055741745352,L-glutamate degradation IX (via 4-aminobutanoate),NA
PWY0-1312,August,37.855254205082076,acetate and ATP formation from acetyl-CoA I,NA
PWY0-1312,July_1,39.601625623405006,acetate and ATP formation from acetyl-CoA I,NA
PWY0-1312,July_2,38.4780468243695,acetate and ATP formation from acetyl-CoA I,NA
PWY0-1312,July_3,43.15944445184726,acetate and ATP formation from acetyl-CoA I,NA
PWY0-1312,May,86.61268767982901,acetate and ATP formation from acetyl-CoA I,NA
PWY0-1312,May_22,96.9160395067577,acetate and ATP formation from acetyl-CoA I,NA
PWY0-1312,October,61.140277503157705,acetate and ATP formation from acetyl-CoA I,NA
PWY0-1313,August,521.3750110759092,acetate conversion to acetyl-CoA,NA
PWY0-1313,July_1,513.8446002211291,acetate conversion to acetyl-CoA,NA
PWY0-1313,July_2,478.54726458732847,acetate conversion to acetyl-CoA,NA
PWY0-1313,July_3,528.7808161445423,acetate conversion to acetyl-CoA,NA
PWY0-1313,May,3424.597935185466,acetate conversion to acetyl-CoA,NA
PWY0-1313,May_22,2805.354628893717,acetate conversion to acetyl-CoA,NA
PWY0-1313,October,3173.465679553255,acetate conversion to acetyl-CoA,NA
PWY0-1314,August,68.74506087246847,fructose degradation,NA
PWY0-1314,July_1,49.66419978759115,fructose degradation,NA
PWY0-1314,July_2,51.94241729185603,fructose degradation,NA
PWY0-1314,July_3,62.41369768382437,fructose degradation,NA
PWY0-1314,May,74.31457736245838,fructose degradation,NA
PWY0-1314,May_22,64.94974436088563,fructose degradation,NA
PWY0-1314,October,52.967241490864254,fructose degradation,NA
PWY0-1315,August,7.458192277819289,L-lactaldehyde degradation (anaerobic),NA
PWY0-1315,July_1,17.507479912604445,L-lactaldehyde degradation (anaerobic),NA
PWY0-1315,July_2,11.07033755034659,L-lactaldehyde degradation (anaerobic),NA
PWY0-1315,July_3,14.74282712458329,L-lactaldehyde degradation (anaerobic),NA
PWY0-1315,May,18.686381697573758,L-lactaldehyde degradation (anaerobic),NA
PWY0-1315,May_22,29.308025184460313,L-lactaldehyde degradation (anaerobic),NA
PWY0-1315,October,22.780380861401515,L-lactaldehyde degradation (anaerobic),NA
PWY0-1317,August,0.2703883108344335,L-lactaldehyde degradation (aerobic),NA
PWY0-1317,July_1,0.31130337275516246,L-lactaldehyde degradation (aerobic),NA
PWY0-1317,July_2,0.511067043105712,L-lactaldehyde degradation (aerobic),NA
PWY0-1317,July_3,0.4309678965770739,L-lactaldehyde degradation (aerobic),NA
PWY0-1317,May_22,0.23232460761577445,L-lactaldehyde degradation (aerobic),NA
PWY0-1319,August,390.42188867243385,CDP-diacylglycerol biosynthesis II,NA
PWY0-1319,July_1,430.2180848078963,CDP-diacylglycerol biosynthesis II,NA
PWY0-1319,July_2,398.1767003851586,CDP-diacylglycerol biosynthesis II,NA
PWY0-1319,July_3,354.5315435864713,CDP-diacylglycerol biosynthesis II,NA
PWY0-1319,May,365.5772778317091,CDP-diacylglycerol biosynthesis II,NA
PWY0-1319,May_22,336.53888640757094,CDP-diacylglycerol biosynthesis II,NA
PWY0-1319,October,388.47395735879024,CDP-diacylglycerol biosynthesis II,NA
PWY0-1325,August,134.9414174255955,superpathway of L-asparagine biosynthesis,NA
PWY0-1325,July_1,188.40136354153083,superpathway of L-asparagine biosynthesis,NA
PWY0-1325,July_2,146.74015872620618,superpathway of L-asparagine biosynthesis,NA
PWY0-1325,July_3,134.87670917270694,superpathway of L-asparagine biosynthesis,NA
PWY0-1325,May,216.47804154535066,superpathway of L-asparagine biosynthesis,NA
PWY0-1325,May_22,314.5111457878334,superpathway of L-asparagine biosynthesis,NA
PWY0-1325,October,206.3587827355854,superpathway of L-asparagine biosynthesis,NA
PWY0-1329,August,1396.5226885096001,succinate to cytochrome <i>bo</i> oxidase electron transfer,NA
PWY0-1329,July_1,1899.1437349881958,succinate to cytochrome <i>bo</i> oxidase electron transfer,NA
PWY0-1329,July_2,1468.1893288292774,succinate to cytochrome <i>bo</i> oxidase electron transfer,NA
PWY0-1329,July_3,2050.697313855804,succinate to cytochrome <i>bo</i> oxidase electron transfer,NA
PWY0-1329,May,1179.088748128475,succinate to cytochrome <i>bo</i> oxidase electron transfer,NA
PWY0-1329,May_22,1166.3933260328977,succinate to cytochrome <i>bo</i> oxidase electron transfer,NA
PWY0-1329,October,940.5062992047835,succinate to cytochrome <i>bo</i> oxidase electron transfer,NA
PWY0-1336,August,1396.5226885096001,NADH to fumarate electron transfer,NA
PWY0-1336,July_1,1899.1437349881958,NADH to fumarate electron transfer,NA
PWY0-1336,July_2,1468.1893288292774,NADH to fumarate electron transfer,NA
PWY0-1336,July_3,2050.697313855804,NADH to fumarate electron transfer,NA
PWY0-1336,May,1179.088748128475,NADH to fumarate electron transfer,NA
PWY0-1336,May_22,1166.3933260328977,NADH to fumarate electron transfer,NA
PWY0-1336,October,940.5062992047835,NADH to fumarate electron transfer,NA
PWY0-1337,August,6193.959216832535,oleate &beta;-oxidation,NA
PWY0-1337,July_1,10910.693644070212,oleate &beta;-oxidation,NA
PWY0-1337,July_2,6197.676349513816,oleate &beta;-oxidation,NA
PWY0-1337,July_3,7425.498503769401,oleate &beta;-oxidation,NA
PWY0-1337,May,6453.661220480566,oleate &beta;-oxidation,NA
PWY0-1337,May_22,5447.454600780682,oleate &beta;-oxidation,NA
PWY0-1337,October,8706.7300448122,oleate &beta;-oxidation,NA
PWY0-1348,August,4.0597557643970905,NADH to dimethyl sulfoxide electron transfer,NA
PWY0-1348,July_1,2.171130807264766,NADH to dimethyl sulfoxide electron transfer,NA
PWY0-1348,July_2,2.9692708627583126,NADH to dimethyl sulfoxide electron transfer,NA
PWY0-1348,July_3,3.041757364250632,NADH to dimethyl sulfoxide electron transfer,NA
PWY0-1348,May,3.836247004292411,NADH to dimethyl sulfoxide electron transfer,NA
PWY0-1348,May_22,1.322078952384557,NADH to dimethyl sulfoxide electron transfer,NA
PWY0-1348,October,0.7360315665439919,NADH to dimethyl sulfoxide electron transfer,NA
PWY0-1353,August,1396.5226885096001,succinate to cytochrome <i>bd</i> oxidase electron transfer,NA
PWY0-1353,July_1,1899.1437349881958,succinate to cytochrome <i>bd</i> oxidase electron transfer,NA
PWY0-1353,July_2,1468.1893288292774,succinate to cytochrome <i>bd</i> oxidase electron transfer,NA
PWY0-1353,July_3,2050.697313855804,succinate to cytochrome <i>bd</i> oxidase electron transfer,NA
PWY0-1353,May,1179.088748128475,succinate to cytochrome <i>bd</i> oxidase electron transfer,NA
PWY0-1353,May_22,1166.3933260328977,succinate to cytochrome <i>bd</i> oxidase electron transfer,NA
PWY0-1353,October,940.5062992047835,succinate to cytochrome <i>bd</i> oxidase electron transfer,NA
PWY0-1356,August,4.0597557643970905,formate to dimethyl sulfoxide electron transfer,NA
PWY0-1356,July_1,2.171130807264766,formate to dimethyl sulfoxide electron transfer,NA
PWY0-1356,July_2,2.9692708627583126,formate to dimethyl sulfoxide electron transfer,NA
PWY0-1356,July_3,3.041757364250632,formate to dimethyl sulfoxide electron transfer,NA
PWY0-1356,May,3.836247004292411,formate to dimethyl sulfoxide electron transfer,NA
PWY0-1356,May_22,1.322078952384557,formate to dimethyl sulfoxide electron transfer,NA
PWY0-1356,October,0.7360315665439919,formate to dimethyl sulfoxide electron transfer,NA
PWY0-1391,August,13.04522286149739,<i>S</i>-methyl-5'-thioadenosine degradation IV,NA
PWY0-1391,July_1,22.696281776151316,<i>S</i>-methyl-5'-thioadenosine degradation IV,NA
PWY0-1391,July_2,16.318604657605853,<i>S</i>-methyl-5'-thioadenosine degradation IV,NA
PWY0-1391,July_3,14.107889417246884,<i>S</i>-methyl-5'-thioadenosine degradation IV,NA
PWY0-1391,May,21.75551204231247,<i>S</i>-methyl-5'-thioadenosine degradation IV,NA
PWY0-1391,May_22,19.51388720783955,<i>S</i>-methyl-5'-thioadenosine degradation IV,NA
PWY0-1391,October,18.393588484611477,<i>S</i>-methyl-5'-thioadenosine degradation IV,NA
PWY0-1465,August,23.255851207672748,D-malate degradation,NA
PWY0-1465,July_1,23.99948833495914,D-malate degradation,NA
PWY0-1465,July_2,24.295420295112372,D-malate degradation,NA
PWY0-1465,July_3,16.040799595026687,D-malate degradation,NA
PWY0-1465,May,13.857276726517862,D-malate degradation,NA
PWY0-1465,May_22,15.254880897298682,D-malate degradation,NA
PWY0-1465,October,12.602489725234106,D-malate degradation,NA
PWY0-1466,August,121.94213181965935,trehalose degradation VI (periplasmic),NA
PWY0-1466,July_1,67.69157152375492,trehalose degradation VI (periplasmic),NA
PWY0-1466,July_2,94.30156776730932,trehalose degradation VI (periplasmic),NA
PWY0-1466,July_3,76.99310537804394,trehalose degradation VI (periplasmic),NA
PWY0-1466,May,84.50611047658127,trehalose degradation VI (periplasmic),NA
PWY0-1466,May_22,32.278720516016364,trehalose degradation VI (periplasmic),NA
PWY0-1466,October,51.02760563440891,trehalose degradation VI (periplasmic),NA
PWY0-1479,August,600.1444164577863,tRNA processing,NA
PWY0-1479,July_1,1274.834529042516,tRNA processing,NA
PWY0-1479,July_2,661.0003967270036,tRNA processing,NA
PWY0-1479,July_3,668.9955952049179,tRNA processing,NA
PWY0-1479,May,92.48905970415376,tRNA processing,NA
PWY0-1479,May_22,111.05322508896604,tRNA processing,NA
PWY0-1479,October,228.621528579259,tRNA processing,NA
PWY0-1507,August,19.66677688529516,biotin biosynthesis from 8-amino-7-oxononanoate I,NA
PWY0-1507,July_1,15.073457090014063,biotin biosynthesis from 8-amino-7-oxononanoate I,NA
PWY0-1507,July_2,18.341114952435163,biotin biosynthesis from 8-amino-7-oxononanoate I,NA
PWY0-1507,July_3,9.022974589661406,biotin biosynthesis from 8-amino-7-oxononanoate I,NA
PWY0-1507,May,8.263981234754171,biotin biosynthesis from 8-amino-7-oxononanoate I,NA
PWY0-1507,May_22,10.927720764331553,biotin biosynthesis from 8-amino-7-oxononanoate I,NA
PWY0-1507,October,7.182982848556708,biotin biosynthesis from 8-amino-7-oxononanoate I,NA
PWY0-1517,August,515.027923974335,sedoheptulose bisphosphate bypass,NA
PWY0-1517,July_1,455.63247891318315,sedoheptulose bisphosphate bypass,NA
PWY0-1517,July_2,537.7563776392465,sedoheptulose bisphosphate bypass,NA
PWY0-1517,July_3,539.2710150762084,sedoheptulose bisphosphate bypass,NA
PWY0-1517,May,1445.5260290671672,sedoheptulose bisphosphate bypass,NA
PWY0-1517,May_22,1050.057903316352,sedoheptulose bisphosphate bypass,NA
PWY0-1517,October,1397.0537159678427,sedoheptulose bisphosphate bypass,NA
PWY0-1544,August,93.61424376537087,proline to cytochrome <i>bo</i> oxidase electron transfer,NA
PWY0-1544,July_1,246.09317813799348,proline to cytochrome <i>bo</i> oxidase electron transfer,NA
PWY0-1544,July_2,69.38881733533759,proline to cytochrome <i>bo</i> oxidase electron transfer,NA
PWY0-1544,July_3,127.60226153414563,proline to cytochrome <i>bo</i> oxidase electron transfer,NA
PWY0-1544,May,327.02603751761944,proline to cytochrome <i>bo</i> oxidase electron transfer,NA
PWY0-1544,May_22,282.41513758807133,proline to cytochrome <i>bo</i> oxidase electron transfer,NA
PWY0-1544,October,345.0405892118961,proline to cytochrome <i>bo</i> oxidase electron transfer,NA
PWY0-1545,August,230.04822958157644,cardiolipin biosynthesis III,NA
PWY0-1545,July_1,331.06902977663094,cardiolipin biosynthesis III,NA
PWY0-1545,July_2,210.8458919064329,cardiolipin biosynthesis III,NA
PWY0-1545,July_3,203.03453355741965,cardiolipin biosynthesis III,NA
PWY0-1545,May,178.61342966481914,cardiolipin biosynthesis III,NA
PWY0-1545,May_22,169.16570305661884,cardiolipin biosynthesis III,NA
PWY0-1545,October,163.15826352195023,cardiolipin biosynthesis III,NA
PWY0-1561,August,123.33668981085131,glycerol-3-phosphate to cytochrome <i>bo</i> oxidase electron transfer,NA
PWY0-1561,July_1,154.80419434555907,glycerol-3-phosphate to cytochrome <i>bo</i> oxidase electron transfer,NA
PWY0-1561,July_2,125.17661301878084,glycerol-3-phosphate to cytochrome <i>bo</i> oxidase electron transfer,NA
PWY0-1561,July_3,139.5082387715692,glycerol-3-phosphate to cytochrome <i>bo</i> oxidase electron transfer,NA
PWY0-1561,May,157.07133241316004,glycerol-3-phosphate to cytochrome <i>bo</i> oxidase electron transfer,NA
PWY0-1561,May_22,149.1212312741111,glycerol-3-phosphate to cytochrome <i>bo</i> oxidase electron transfer,NA
PWY0-1561,October,127.193376596936,glycerol-3-phosphate to cytochrome <i>bo</i> oxidase electron transfer,NA
PWY0-1565,August,2.4734540481561633,D-lactate to cytochrome <i>bo</i> oxidase electron transfer,NA
PWY0-1565,July_1,1.1250573344389891,D-lactate to cytochrome <i>bo</i> oxidase electron transfer,NA
PWY0-1565,July_2,2.550968091487443,D-lactate to cytochrome <i>bo</i> oxidase electron transfer,NA
PWY0-1565,July_3,1.867126260116824,D-lactate to cytochrome <i>bo</i> oxidase electron transfer,NA
PWY0-1565,May,0.7211858442797539,D-lactate to cytochrome <i>bo</i> oxidase electron transfer,NA
PWY0-1565,May_22,0.34944855436295313,D-lactate to cytochrome <i>bo</i> oxidase electron transfer,NA
PWY0-1565,October,0.8983172091768278,D-lactate to cytochrome <i>bo</i> oxidase electron transfer,NA
PWY0-1576,August,1396.5226885096001,hydrogen to fumarate electron transfer,NA
PWY0-1576,July_1,1899.1437349881958,hydrogen to fumarate electron transfer,NA
PWY0-1576,July_2,1468.1893288292774,hydrogen to fumarate electron transfer,NA
PWY0-1576,July_3,2050.697313855804,hydrogen to fumarate electron transfer,NA
PWY0-1576,May,1179.088748128475,hydrogen to fumarate electron transfer,NA
PWY0-1576,May_22,1166.3933260328977,hydrogen to fumarate electron transfer,NA
PWY0-1576,October,940.5062992047835,hydrogen to fumarate electron transfer,NA
PWY0-1577,August,4.0597557643970905,hydrogen to dimethyl sulfoxide electron transfer,NA
PWY0-1577,July_1,2.171130807264766,hydrogen to dimethyl sulfoxide electron transfer,NA
PWY0-1577,July_2,2.9692708627583126,hydrogen to dimethyl sulfoxide electron transfer,NA
PWY0-1577,July_3,3.041757364250632,hydrogen to dimethyl sulfoxide electron transfer,NA
PWY0-1577,May,3.836247004292411,hydrogen to dimethyl sulfoxide electron transfer,NA
PWY0-1577,May_22,1.322078952384557,hydrogen to dimethyl sulfoxide electron transfer,NA
PWY0-1577,October,0.7360315665439919,hydrogen to dimethyl sulfoxide electron transfer,NA
PWY0-1581,August,123.33668981085131,nitrate reduction IX (dissimilatory),NA
PWY0-1581,July_1,154.80419434555907,nitrate reduction IX (dissimilatory),NA
PWY0-1581,July_2,125.17661301878084,nitrate reduction IX (dissimilatory),NA
PWY0-1581,July_3,139.5082387715692,nitrate reduction IX (dissimilatory),NA
PWY0-1581,May,157.07133241316004,nitrate reduction IX (dissimilatory),NA
PWY0-1581,May_22,149.1212312741111,nitrate reduction IX (dissimilatory),NA
PWY0-1581,October,127.193376596936,nitrate reduction IX (dissimilatory),NA
PWY0-1582,August,1519.8593783204515,glycerol-3-phosphate to fumarate electron transfer,NA
PWY0-1582,July_1,2053.9479293337545,glycerol-3-phosphate to fumarate electron transfer,NA
PWY0-1582,July_2,1593.3659418480584,glycerol-3-phosphate to fumarate electron transfer,NA
PWY0-1582,July_3,2190.2055526273734,glycerol-3-phosphate to fumarate electron transfer,NA
PWY0-1582,May,1336.160080541635,glycerol-3-phosphate to fumarate electron transfer,NA
PWY0-1582,May_22,1315.5145573070085,glycerol-3-phosphate to fumarate electron transfer,NA
PWY0-1582,October,1067.6996758017196,glycerol-3-phosphate to fumarate electron transfer,NA
PWY0-1587,August,27.095964896934525,N<sup>6</sup>-L-threonylcarbamoyladenosine<sup>37</sup>-modified tRNA biosynthesis,NA
PWY0-1587,July_1,36.5171738430614,N<sup>6</sup>-L-threonylcarbamoyladenosine<sup>37</sup>-modified tRNA biosynthesis,NA
PWY0-1587,July_2,21.940311723538898,N<sup>6</sup>-L-threonylcarbamoyladenosine<sup>37</sup>-modified tRNA biosynthesis,NA
PWY0-1587,July_3,20.069130590258936,N<sup>6</sup>-L-threonylcarbamoyladenosine<sup>37</sup>-modified tRNA biosynthesis,NA
PWY0-1587,May,18.783146509941375,N<sup>6</sup>-L-threonylcarbamoyladenosine<sup>37</sup>-modified tRNA biosynthesis,NA
PWY0-1587,May_22,9.590635395590983,N<sup>6</sup>-L-threonylcarbamoyladenosine<sup>37</sup>-modified tRNA biosynthesis,NA
PWY0-1587,October,8.70936113584002,N<sup>6</sup>-L-threonylcarbamoyladenosine<sup>37</sup>-modified tRNA biosynthesis,NA
PWY0-1591,August,123.33668981085131,glycerol-3-phosphate to hydrogen peroxide electron transport,NA
PWY0-1591,July_1,154.80419434555907,glycerol-3-phosphate to hydrogen peroxide electron transport,NA
PWY0-1591,July_2,125.17661301878084,glycerol-3-phosphate to hydrogen peroxide electron transport,NA
PWY0-1591,July_3,139.5082387715692,glycerol-3-phosphate to hydrogen peroxide electron transport,NA
PWY0-1591,May,157.07133241316004,glycerol-3-phosphate to hydrogen peroxide electron transport,NA
PWY0-1591,May_22,149.1212312741111,glycerol-3-phosphate to hydrogen peroxide electron transport,NA
PWY0-1591,October,127.193376596936,glycerol-3-phosphate to hydrogen peroxide electron transport,NA
PWY0-1601,August,1.19843139910193,cadaverine biosynthesis,NA
PWY0-1601,July_1,1.6071733489957385,cadaverine biosynthesis,NA
PWY0-1601,July_2,1.4013290574319945,cadaverine biosynthesis,NA
PWY0-1601,July_3,0.993103048409423,cadaverine biosynthesis,NA
PWY0-1601,May,62.411213890548325,cadaverine biosynthesis,NA
PWY0-1601,May_22,44.69157393827144,cadaverine biosynthesis,NA
PWY0-1601,October,62.87225876901517,cadaverine biosynthesis,NA
PWY0-1608,August,67.148049279298,glycine degradation,NA
PWY0-1608,July_1,80.3129114736382,glycine degradation,NA
PWY0-1608,July_2,53.75843459609987,glycine degradation,NA
PWY0-1608,July_3,58.30175295902171,glycine degradation,NA
PWY0-1608,May,17.30943965497516,glycine degradation,NA
PWY0-1608,May_22,12.50142058907952,glycine degradation,NA
PWY0-1608,October,11.6064674817872,glycine degradation,NA
PWY0-162,August,1229.1535220207884,superpathway of pyrimidine ribonucleotides <i>de novo</i> biosynthesis,NA
PWY0-162,July_1,1610.182519379087,superpathway of pyrimidine ribonucleotides <i>de novo</i> biosynthesis,NA
PWY0-162,July_2,1219.4479278196545,superpathway of pyrimidine ribonucleotides <i>de novo</i> biosynthesis,NA
PWY0-162,July_3,1355.0623670265738,superpathway of pyrimidine ribonucleotides <i>de novo</i> biosynthesis,NA
PWY0-162,May,688.1606847327114,superpathway of pyrimidine ribonucleotides <i>de novo</i> biosynthesis,NA
PWY0-162,May_22,917.8439940692834,superpathway of pyrimidine ribonucleotides <i>de novo</i> biosynthesis,NA
PWY0-162,October,696.3180028072019,superpathway of pyrimidine ribonucleotides <i>de novo</i> biosynthesis,NA
PWY0-166,August,1013.2261103029091,superpathway of pyrimidine deoxyribonucleotides <i>de novo</i> biosynthesis (<i>E. coli</i>),NA
PWY0-166,July_1,1575.3882894201847,superpathway of pyrimidine deoxyribonucleotides <i>de novo</i> biosynthesis (<i>E. coli</i>),NA
PWY0-166,July_2,1218.9681853468342,superpathway of pyrimidine deoxyribonucleotides <i>de novo</i> biosynthesis (<i>E. coli</i>),NA
PWY0-166,July_3,1160.5691274322508,superpathway of pyrimidine deoxyribonucleotides <i>de novo</i> biosynthesis (<i>E. coli</i>),NA
PWY0-166,May,729.4318428010304,superpathway of pyrimidine deoxyribonucleotides <i>de novo</i> biosynthesis (<i>E. coli</i>),NA
PWY0-166,May_22,757.9073359247041,superpathway of pyrimidine deoxyribonucleotides <i>de novo</i> biosynthesis (<i>E. coli</i>),NA
PWY0-166,October,715.4089668118531,superpathway of pyrimidine deoxyribonucleotides <i>de novo</i> biosynthesis (<i>E. coli</i>),NA
PWY0-321,August,182.7909899926466,phenylacetate degradation I (aerobic),NA
PWY0-321,July_1,419.31804715651873,phenylacetate degradation I (aerobic),NA
PWY0-321,July_2,320.56132179508944,phenylacetate degradation I (aerobic),NA
PWY0-321,July_3,325.20289318055904,phenylacetate degradation I (aerobic),NA
PWY0-321,May,223.38779367991478,phenylacetate degradation I (aerobic),NA
PWY0-321,May_22,350.5002706510837,phenylacetate degradation I (aerobic),NA
PWY0-321,October,215.12509865668164,phenylacetate degradation I (aerobic),NA
PWY0-381,August,385.1729214549615,glycerol and glycerophosphodiester degradation,NA
PWY0-381,July_1,315.6761606054949,glycerol and glycerophosphodiester degradation,NA
PWY0-381,July_2,376.4415794313235,glycerol and glycerophosphodiester degradation,NA
PWY0-381,July_3,395.65233077240634,glycerol and glycerophosphodiester degradation,NA
PWY0-381,May,211.93545044567773,glycerol and glycerophosphodiester degradation,NA
PWY0-381,May_22,187.69714569223314,glycerol and glycerophosphodiester degradation,NA
PWY0-381,October,146.19390355681773,glycerol and glycerophosphodiester degradation,NA
PWY0-42,July_1,6.884987834186801,2-methylcitrate cycle I,NA
PWY0-42,July_2,12.100075037741188,2-methylcitrate cycle I,NA
PWY0-42,July_3,6.079521180349499,2-methylcitrate cycle I,NA
PWY0-42,May,11.31600511352579,2-methylcitrate cycle I,NA
PWY0-42,May_22,16.74435192940723,2-methylcitrate cycle I,NA
PWY0-42,October,20.905073077296773,2-methylcitrate cycle I,NA
PWY0-501,August,587.2959111133546,lipoate biosynthesis and incorporation I,NA
PWY0-501,July_1,886.892205295774,lipoate biosynthesis and incorporation I,NA
PWY0-501,July_2,633.8963083342246,lipoate biosynthesis and incorporation I,NA
PWY0-501,July_3,845.868550190325,lipoate biosynthesis and incorporation I,NA
PWY0-501,May,572.0893625935674,lipoate biosynthesis and incorporation I,NA
PWY0-501,May_22,583.2777525152005,lipoate biosynthesis and incorporation I,NA
PWY0-501,October,493.36604280325315,lipoate biosynthesis and incorporation I,NA
PWY0-501-1,August,887.0281998812034,lipoate biosynthesis and incorporation V (mammals),NA
PWY0-501-1,July_1,1284.9289700152146,lipoate biosynthesis and incorporation V (mammals),NA
PWY0-501-1,July_2,947.8425095599638,lipoate biosynthesis and incorporation V (mammals),NA
PWY0-501-1,July_3,1199.1052610406618,lipoate biosynthesis and incorporation V (mammals),NA
PWY0-501-1,May,1121.9765843731768,lipoate biosynthesis and incorporation V (mammals),NA
PWY0-501-1,May_22,1071.7904973666405,lipoate biosynthesis and incorporation V (mammals),NA
PWY0-501-1,October,1036.8637591296285,lipoate biosynthesis and incorporation V (mammals),NA
PWY0-541,August,56.008079973944675,<i>cis</i>-cyclopropane fatty acid (CFA) biosynthesis,NA
PWY0-541,July_1,57.98417915442542,<i>cis</i>-cyclopropane fatty acid (CFA) biosynthesis,NA
PWY0-541,July_2,55.94434883057797,<i>cis</i>-cyclopropane fatty acid (CFA) biosynthesis,NA
PWY0-541,July_3,46.94944921896592,<i>cis</i>-cyclopropane fatty acid (CFA) biosynthesis,NA
PWY0-541,May,33.97948394888829,<i>cis</i>-cyclopropane fatty acid (CFA) biosynthesis,NA
PWY0-541,May_22,42.170824724136736,<i>cis</i>-cyclopropane fatty acid (CFA) biosynthesis,NA
PWY0-541,October,39.28872437813776,<i>cis</i>-cyclopropane fatty acid (CFA) biosynthesis,NA
PWY0-662,August,575.1557380120919,PRPP biosynthesis,NA
PWY0-662,July_1,544.2167320383451,PRPP biosynthesis,NA
PWY0-662,July_2,555.4238398140891,PRPP biosynthesis,NA
PWY0-662,July_3,561.9225743875904,PRPP biosynthesis,NA
PWY0-662,May,452.0040673387465,PRPP biosynthesis,NA
PWY0-662,May_22,437.12029994340645,PRPP biosynthesis,NA
PWY0-662,October,445.8956153626245,PRPP biosynthesis,NA
PWY0-781,August,1925.9695085256028,aspartate superpathway,NA
PWY0-781,July_1,3014.790651195532,aspartate superpathway,NA
PWY0-781,July_2,1952.214466333232,aspartate superpathway,NA
PWY0-781,July_3,2263.855655717378,aspartate superpathway,NA
PWY0-781,May,619.0061072417536,aspartate superpathway,NA
PWY0-781,May_22,980.7261225077533,aspartate superpathway,NA
PWY0-781,October,693.1697923771264,aspartate superpathway,NA
PWY0-823,August,255.79729475912308,L-arginine degradation III (arginine decarboxylase/agmatinase pathway),NA
PWY0-823,July_1,316.45246458079936,L-arginine degradation III (arginine decarboxylase/agmatinase pathway),NA
PWY0-823,July_2,267.2816427027657,L-arginine degradation III (arginine decarboxylase/agmatinase pathway),NA
PWY0-823,July_3,283.38128685984947,L-arginine degradation III (arginine decarboxylase/agmatinase pathway),NA
PWY0-823,May,356.5745850973493,L-arginine degradation III (arginine decarboxylase/agmatinase pathway),NA
PWY0-823,May_22,283.7693762393341,L-arginine degradation III (arginine decarboxylase/agmatinase pathway),NA
PWY0-823,October,302.3477376352868,L-arginine degradation III (arginine decarboxylase/agmatinase pathway),NA
PWY0-845,August,26.894631379287972,superpathway of pyridoxal 5'-phosphate biosynthesis and salvage,NA
PWY0-845,July_1,99.4505601049445,superpathway of pyridoxal 5'-phosphate biosynthesis and salvage,NA
PWY0-845,July_2,27.427278729776358,superpathway of pyridoxal 5'-phosphate biosynthesis and salvage,NA
PWY0-845,July_3,25.48501006617092,superpathway of pyridoxal 5'-phosphate biosynthesis and salvage,NA
PWY0-845,May,14.185237197154096,superpathway of pyridoxal 5'-phosphate biosynthesis and salvage,NA
PWY0-862,August,1491.8603168212449,(5Z)-dodecenoate biosynthesis I,NA
PWY0-862,July_1,1454.422691445615,(5Z)-dodecenoate biosynthesis I,NA
PWY0-862,July_2,1594.3875853718453,(5Z)-dodecenoate biosynthesis I,NA
PWY0-862,July_3,1271.7394357144817,(5Z)-dodecenoate biosynthesis I,NA
PWY0-862,May,1902.1787689116468,(5Z)-dodecenoate biosynthesis I,NA
PWY0-862,May_22,1697.9898796621167,(5Z)-dodecenoate biosynthesis I,NA
PWY0-862,October,1740.9131227612854,(5Z)-dodecenoate biosynthesis I,NA
PWY0-901,August,90.59189220545014,L-selenocysteine biosynthesis I (bacteria),NA
PWY0-901,July_1,122.2505805944672,L-selenocysteine biosynthesis I (bacteria),NA
PWY0-901,July_2,96.06805308718982,L-selenocysteine biosynthesis I (bacteria),NA
PWY0-901,July_3,97.62825421545743,L-selenocysteine biosynthesis I (bacteria),NA
PWY0-901,May,101.1864386523815,L-selenocysteine biosynthesis I (bacteria),NA
PWY0-901,May_22,80.64595512260057,L-selenocysteine biosynthesis I (bacteria),NA
PWY0-901,October,66.95410440025347,L-selenocysteine biosynthesis I (bacteria),NA
PWY0-981,August,8.475339392179823,taurine degradation IV,NA
PWY0-981,July_1,9.36166396909761,taurine degradation IV,NA
PWY0-981,July_2,8.775231345514356,taurine degradation IV,NA
PWY0-981,July_3,9.880821648313734,taurine degradation IV,NA
PWY0-981,May,9.70502191563538,taurine degradation IV,NA
PWY0-981,May_22,6.970680135501124,taurine degradation IV,NA
PWY0-981,October,6.143779212797681,taurine degradation IV,NA
PWY1-2,August,417.6993974202713,L-alanine degradation IV,NA
PWY1-2,July_1,323.2284124626981,L-alanine degradation IV,NA
PWY1-2,July_2,476.67297686457715,L-alanine degradation IV,NA
PWY1-2,July_3,669.848436067612,L-alanine degradation IV,NA
PWY1-2,May,264.9042425830363,L-alanine degradation IV,NA
PWY1-2,May_22,196.78288543336558,L-alanine degradation IV,NA
PWY1-2,October,243.94487177386043,L-alanine degradation IV,NA
PWY1-3,August,362.3592500299728,polyhydroxybutanoate biosynthesis,NA
PWY1-3,July_1,535.9426134319152,polyhydroxybutanoate biosynthesis,NA
PWY1-3,July_2,380.8850305919566,polyhydroxybutanoate biosynthesis,NA
PWY1-3,July_3,443.00325929876374,polyhydroxybutanoate biosynthesis,NA
PWY1-3,May,2272.4360031184433,polyhydroxybutanoate biosynthesis,NA
PWY1-3,May_22,1662.3685065604134,polyhydroxybutanoate biosynthesis,NA
PWY1-3,October,2215.8185731755725,polyhydroxybutanoate biosynthesis,NA
PWY185E-8,August,18.617720127060036,"<i>trans,octacis</i>-decaprenylphospho-&beta;-D-arabinofuranose biosynthesis",NA
PWY185E-8,July_1,38.21608477954188,"<i>trans,octacis</i>-decaprenylphospho-&beta;-D-arabinofuranose biosynthesis",NA
PWY185E-8,July_2,23.583567222305824,"<i>trans,octacis</i>-decaprenylphospho-&beta;-D-arabinofuranose biosynthesis",NA
PWY185E-8,July_3,39.66070943586832,"<i>trans,octacis</i>-decaprenylphospho-&beta;-D-arabinofuranose biosynthesis",NA
PWY185E-8,May,10.389541178648777,"<i>trans,octacis</i>-decaprenylphospho-&beta;-D-arabinofuranose biosynthesis",NA
PWY185E-8,May_22,14.117548209630083,"<i>trans,octacis</i>-decaprenylphospho-&beta;-D-arabinofuranose biosynthesis",NA
PWY185E-8,October,18.16337884859073,"<i>trans,octacis</i>-decaprenylphospho-&beta;-D-arabinofuranose biosynthesis",NA
PWY18C3-24,August,10.82079622486887,methylsalicylate degradation,NA
PWY18C3-24,July_1,18.6776104449123,methylsalicylate degradation,NA
PWY18C3-24,July_2,13.911782138245908,methylsalicylate degradation,NA
PWY18C3-24,July_3,14.865018903622545,methylsalicylate degradation,NA
PWY18C3-24,May,8.141790417320022,methylsalicylate degradation,NA
PWY18C3-24,May_22,9.884316211692532,methylsalicylate degradation,NA
PWY18C3-24,October,9.096590833028449,methylsalicylate degradation,NA
PWY1A0-6120,August,2451.128495226594,streptorubin B biosynthesis,NA
PWY1A0-6120,July_1,2993.468155916419,streptorubin B biosynthesis,NA
PWY1A0-6120,July_2,2536.656945309404,streptorubin B biosynthesis,NA
PWY1A0-6120,July_3,2261.2099431435868,streptorubin B biosynthesis,NA
PWY1A0-6120,May,2937.6278172941343,streptorubin B biosynthesis,NA
PWY1A0-6120,May_22,2795.288603087834,streptorubin B biosynthesis,NA
PWY1A0-6120,October,2934.0820790150515,streptorubin B biosynthesis,NA
PWY1F-353,August,18.847685250409775,glycine betaine biosynthesis III (plants),NA
PWY1F-353,July_1,13.03622873137849,glycine betaine biosynthesis III (plants),NA
PWY1F-353,July_2,18.183983258952104,glycine betaine biosynthesis III (plants),NA
PWY1F-353,July_3,18.279733146971587,glycine betaine biosynthesis III (plants),NA
PWY1F-353,May,5.8284284001345386,glycine betaine biosynthesis III (plants),NA
PWY1F-353,May_22,6.525588670492189,glycine betaine biosynthesis III (plants),NA
PWY1F-353,October,3.5775548580146435,glycine betaine biosynthesis III (plants),NA
PWY1F-467,August,17.06309946764208,"phenylpropanoid biosynthesis, initial reactions",NA
PWY1F-467,July_1,33.586276664606864,"phenylpropanoid biosynthesis, initial reactions",NA
PWY1F-467,July_2,12.408314263464558,"phenylpropanoid biosynthesis, initial reactions",NA
PWY1F-467,July_3,14.000683575518693,"phenylpropanoid biosynthesis, initial reactions",NA
PWY1F-467,May,4.835871882073855,"phenylpropanoid biosynthesis, initial reactions",NA
PWY1F-467,May_22,3.4183167875208538,"phenylpropanoid biosynthesis, initial reactions",NA
PWY1F-467,October,3.195658386129524,"phenylpropanoid biosynthesis, initial reactions",NA
PWY1F-823,August,68.74476950949972,leucopelargonidin and leucocyanidin biosynthesis,NA
PWY1F-823,July_1,62.9994867925074,leucopelargonidin and leucocyanidin biosynthesis,NA
PWY1F-823,July_2,74.73552737144868,leucopelargonidin and leucocyanidin biosynthesis,NA
PWY1F-823,July_3,75.17813736454691,leucopelargonidin and leucocyanidin biosynthesis,NA
PWY1F-823,May,33.889098047912775,leucopelargonidin and leucocyanidin biosynthesis,NA
PWY1F-823,May_22,38.58763078486269,leucopelargonidin and leucocyanidin biosynthesis,NA
PWY1F-823,October,42.55696471057062,leucopelargonidin and leucocyanidin biosynthesis,NA
PWY1G-0,August,449.2637428424773,mycothiol biosynthesis,NA
PWY1G-0,July_1,1034.2482537107844,mycothiol biosynthesis,NA
PWY1G-0,July_2,472.30675580939175,mycothiol biosynthesis,NA
PWY1G-0,July_3,491.33620749404275,mycothiol biosynthesis,NA
PWY1G-0,May,196.56753782608337,mycothiol biosynthesis,NA
PWY1G-0,May_22,169.33856982927531,mycothiol biosynthesis,NA
PWY1G-0,October,117.66973973378781,mycothiol biosynthesis,NA
PWY1G-1,August,86.34330433863336,mycothiol-mediated detoxification,NA
PWY1G-1,July_1,85.05743719879989,mycothiol-mediated detoxification,NA
PWY1G-1,July_2,93.40310654974077,mycothiol-mediated detoxification,NA
PWY1G-1,July_3,92.71517343417791,mycothiol-mediated detoxification,NA
PWY1G-1,May,20.102795004538457,mycothiol-mediated detoxification,NA
PWY1G-1,May_22,43.24867687698693,mycothiol-mediated detoxification,NA
PWY1G-1,October,36.186341977033344,mycothiol-mediated detoxification,NA
PWY1G-126,August,5.083379735319371,mycothiol oxidation,NA
PWY1G-126,July_1,6.018838259139583,mycothiol oxidation,NA
PWY1G-126,July_2,3.1066553695601473,mycothiol oxidation,NA
PWY1G-126,July_3,2.1179035220732385,mycothiol oxidation,NA
PWY1G-126,May,2.452028670468972,mycothiol oxidation,NA
PWY1G-126,May_22,1.6658239657073348,mycothiol oxidation,NA
PWY1G-126,October,1.6940919094555342,mycothiol oxidation,NA
PWY1YI0-8,August,1396.5226885096001,"succinate to cytochrome <i>bo</i> quinol oxidase (cyanobacteria, cytoplamic membrane)",NA
PWY1YI0-8,July_1,1899.1437349881958,"succinate to cytochrome <i>bo</i> quinol oxidase (cyanobacteria, cytoplamic membrane)",NA
PWY1YI0-8,July_2,1468.1893288292774,"succinate to cytochrome <i>bo</i> quinol oxidase (cyanobacteria, cytoplamic membrane)",NA
PWY1YI0-8,July_3,2050.697313855804,"succinate to cytochrome <i>bo</i> quinol oxidase (cyanobacteria, cytoplamic membrane)",NA
PWY1YI0-8,May,1179.088748128475,"succinate to cytochrome <i>bo</i> quinol oxidase (cyanobacteria, cytoplamic membrane)",NA
PWY1YI0-8,May_22,1166.3933260328977,"succinate to cytochrome <i>bo</i> quinol oxidase (cyanobacteria, cytoplamic membrane)",NA
PWY1YI0-8,October,940.5062992047835,"succinate to cytochrome <i>bo</i> quinol oxidase (cyanobacteria, cytoplamic membrane)",NA
PWY1ZNC-1,August,1865.8399042976323,assimilatory sulfate reduction IV,NA
PWY1ZNC-1,July_1,2063.4038509221546,assimilatory sulfate reduction IV,NA
PWY1ZNC-1,July_2,1616.3166757423774,assimilatory sulfate reduction IV,NA
PWY1ZNC-1,July_3,1979.938479954264,assimilatory sulfate reduction IV,NA
PWY1ZNC-1,May,665.3296221061335,assimilatory sulfate reduction IV,NA
PWY1ZNC-1,May_22,874.6569695632419,assimilatory sulfate reduction IV,NA
PWY1ZNC-1,October,819.9256821202174,assimilatory sulfate reduction IV,NA
PWY2B4Q-2,August,64.45993627139994,GDP-<i>N</i>-formyl-&alpha;-D-perosamine biosynthesis,NA
PWY2B4Q-2,July_1,88.82916294355324,GDP-<i>N</i>-formyl-&alpha;-D-perosamine biosynthesis,NA
PWY2B4Q-2,July_2,66.33243930136071,GDP-<i>N</i>-formyl-&alpha;-D-perosamine biosynthesis,NA
PWY2B4Q-2,July_3,66.70794386082265,GDP-<i>N</i>-formyl-&alpha;-D-perosamine biosynthesis,NA
PWY2B4Q-2,May,97.53287058629662,GDP-<i>N</i>-formyl-&alpha;-D-perosamine biosynthesis,NA
PWY2B4Q-2,May_22,82.22849962932112,GDP-<i>N</i>-formyl-&alpha;-D-perosamine biosynthesis,NA
PWY2B4Q-2,October,116.07946566203272,GDP-<i>N</i>-formyl-&alpha;-D-perosamine biosynthesis,NA
PWY2B4Q-4,August,141.70068247401738,"lipid IV<sub>A</sub> biosynthesis (2,3-diamino-2,3-dideoxy-D-glucopyranose-containing)",NA
PWY2B4Q-4,July_1,119.66137246671653,"lipid IV<sub>A</sub> biosynthesis (2,3-diamino-2,3-dideoxy-D-glucopyranose-containing)",NA
PWY2B4Q-4,July_2,164.8856382574848,"lipid IV<sub>A</sub> biosynthesis (2,3-diamino-2,3-dideoxy-D-glucopyranose-containing)",NA
PWY2B4Q-4,July_3,112.9795135769205,"lipid IV<sub>A</sub> biosynthesis (2,3-diamino-2,3-dideoxy-D-glucopyranose-containing)",NA
PWY2B4Q-4,May,158.57178380862774,"lipid IV<sub>A</sub> biosynthesis (2,3-diamino-2,3-dideoxy-D-glucopyranose-containing)",NA
PWY2B4Q-4,May_22,251.11424043433698,"lipid IV<sub>A</sub> biosynthesis (2,3-diamino-2,3-dideoxy-D-glucopyranose-containing)",NA
PWY2B4Q-4,October,155.89972768954976,"lipid IV<sub>A</sub> biosynthesis (2,3-diamino-2,3-dideoxy-D-glucopyranose-containing)",NA
PWY2B4Q-6,August,20.344574135621524,Kdo transfer to lipid IV<sub>A</sub> (<i>Brucella</i>),NA
PWY2B4Q-6,July_1,19.96491103497404,Kdo transfer to lipid IV<sub>A</sub> (<i>Brucella</i>),NA
PWY2B4Q-6,July_2,19.17871390132766,Kdo transfer to lipid IV<sub>A</sub> (<i>Brucella</i>),NA
PWY2B4Q-6,July_3,12.685869059590388,Kdo transfer to lipid IV<sub>A</sub> (<i>Brucella</i>),NA
PWY2B4Q-6,May,11.51005676607358,Kdo transfer to lipid IV<sub>A</sub> (<i>Brucella</i>),NA
PWY2B4Q-6,May_22,21.280350965269815,Kdo transfer to lipid IV<sub>A</sub> (<i>Brucella</i>),NA
PWY2B4Q-6,October,21.994686543723923,Kdo transfer to lipid IV<sub>A</sub> (<i>Brucella</i>),NA
PWY2B4Q-7,August,4.179311172427764,(Kdo)<sub>2</sub>-lipid A biosynthesis I (<i>Brucella</i>),NA
PWY2B4Q-7,July_1,6.075440401037838,(Kdo)<sub>2</sub>-lipid A biosynthesis I (<i>Brucella</i>),NA
PWY2B4Q-7,July_2,4.757913340982631,(Kdo)<sub>2</sub>-lipid A biosynthesis I (<i>Brucella</i>),NA
PWY2B4Q-7,July_3,6.048400798522919,(Kdo)<sub>2</sub>-lipid A biosynthesis I (<i>Brucella</i>),NA
PWY2B4Q-7,May,1.789775173449815,(Kdo)<sub>2</sub>-lipid A biosynthesis I (<i>Brucella</i>),NA
PWY2B4Q-7,May_22,0.812184669990704,(Kdo)<sub>2</sub>-lipid A biosynthesis I (<i>Brucella</i>),NA
PWY2DDB-10,August,83.41844409469374,lactate conversion to acetate,NA
PWY2DDB-10,July_1,96.10260025890875,lactate conversion to acetate,NA
PWY2DDB-10,July_2,86.85952846298296,lactate conversion to acetate,NA
PWY2DDB-10,July_3,81.59948028877145,lactate conversion to acetate,NA
PWY2DDB-10,May,797.6254682996446,lactate conversion to acetate,NA
PWY2DDB-10,May_22,534.4049491805472,lactate conversion to acetate,NA
PWY2DDB-10,October,499.3925887816754,lactate conversion to acetate,NA
PWY2DNV-1,August,20.344574135621524,Kdo transfer to lipid IV<sub>A</sub> (<i>H. pylori</i>),NA
PWY2DNV-1,July_1,19.96491103497404,Kdo transfer to lipid IV<sub>A</sub> (<i>H. pylori</i>),NA
PWY2DNV-1,July_2,19.17871390132766,Kdo transfer to lipid IV<sub>A</sub> (<i>H. pylori</i>),NA
PWY2DNV-1,July_3,12.685869059590388,Kdo transfer to lipid IV<sub>A</sub> (<i>H. pylori</i>),NA
PWY2DNV-1,May,11.51005676607358,Kdo transfer to lipid IV<sub>A</sub> (<i>H. pylori</i>),NA
PWY2DNV-1,May_22,21.280350965269815,Kdo transfer to lipid IV<sub>A</sub> (<i>H. pylori</i>),NA
PWY2DNV-1,October,21.994686543723923,Kdo transfer to lipid IV<sub>A</sub> (<i>H. pylori</i>),NA
PWY2DNV-11,August,153.45445340363165,tetrahydrofolate biosynthesis II,NA
PWY2DNV-11,July_1,204.31348470403273,tetrahydrofolate biosynthesis II,NA
PWY2DNV-11,July_2,155.77931974475723,tetrahydrofolate biosynthesis II,NA
PWY2DNV-11,July_3,138.18756846406666,tetrahydrofolate biosynthesis II,NA
PWY2DNV-11,May,53.71433443708568,tetrahydrofolate biosynthesis II,NA
PWY2DNV-11,May_22,57.31667078180985,tetrahydrofolate biosynthesis II,NA
PWY2DNV-11,October,44.479565846745054,tetrahydrofolate biosynthesis II,NA
PWY2DNV-2,August,2.089655586213882,(Kdo)<sub>2</sub>-lipid A biosynthesis (<i>H. pylori</i>),NA
PWY2DNV-2,July_1,3.037720200518919,(Kdo)<sub>2</sub>-lipid A biosynthesis (<i>H. pylori</i>),NA
PWY2DNV-2,July_2,2.3789566704913154,(Kdo)<sub>2</sub>-lipid A biosynthesis (<i>H. pylori</i>),NA
PWY2DNV-2,July_3,3.0242003992614594,(Kdo)<sub>2</sub>-lipid A biosynthesis (<i>H. pylori</i>),NA
PWY2DNV-2,May,0.8948875867249075,(Kdo)<sub>2</sub>-lipid A biosynthesis (<i>H. pylori</i>),NA
PWY2DNV-2,May_22,0.406092334995352,(Kdo)<sub>2</sub>-lipid A biosynthesis (<i>H. pylori</i>),NA
PWY2G6Z-2,August,182.04758267579646,lipid IV<sub>A</sub> biosynthesis (<i>Vibrio cholerae</i> serogroup O1 El Tor),NA
PWY2G6Z-2,July_1,174.54318318391472,lipid IV<sub>A</sub> biosynthesis (<i>Vibrio cholerae</i> serogroup O1 El Tor),NA
PWY2G6Z-2,July_2,220.37900260218487,lipid IV<sub>A</sub> biosynthesis (<i>Vibrio cholerae</i> serogroup O1 El Tor),NA
PWY2G6Z-2,July_3,146.3347942869442,lipid IV<sub>A</sub> biosynthesis (<i>Vibrio cholerae</i> serogroup O1 El Tor),NA
PWY2G6Z-2,May,179.30676503487635,lipid IV<sub>A</sub> biosynthesis (<i>Vibrio cholerae</i> serogroup O1 El Tor),NA
PWY2G6Z-2,May_22,286.0092014566277,lipid IV<sub>A</sub> biosynthesis (<i>Vibrio cholerae</i> serogroup O1 El Tor),NA
PWY2G6Z-2,October,184.60658170558622,lipid IV<sub>A</sub> biosynthesis (<i>Vibrio cholerae</i> serogroup O1 El Tor),NA
PWY2O6K-6,August,123.33668981085131,glycerol 3-phosphate to cytochrome <i>aa<sub>3</sub></i> oxidase electron transfer,NA
PWY2O6K-6,July_1,154.80419434555907,glycerol 3-phosphate to cytochrome <i>aa<sub>3</sub></i> oxidase electron transfer,NA
PWY2O6K-6,July_2,125.17661301878084,glycerol 3-phosphate to cytochrome <i>aa<sub>3</sub></i> oxidase electron transfer,NA
PWY2O6K-6,July_3,139.5082387715692,glycerol 3-phosphate to cytochrome <i>aa<sub>3</sub></i> oxidase electron transfer,NA
PWY2O6K-6,May,157.07133241316004,glycerol 3-phosphate to cytochrome <i>aa<sub>3</sub></i> oxidase electron transfer,NA
PWY2O6K-6,May_22,149.1212312741111,glycerol 3-phosphate to cytochrome <i>aa<sub>3</sub></i> oxidase electron transfer,NA
PWY2O6K-6,October,127.193376596936,glycerol 3-phosphate to cytochrome <i>aa<sub>3</sub></i> oxidase electron transfer,NA
PWY2O6K-7,August,1396.5226885096001,succinate to cytochrome <i>aa<sub>3</sub></i> oxidase electron transfer,NA
PWY2O6K-7,July_1,1899.1437349881958,succinate to cytochrome <i>aa<sub>3</sub></i> oxidase electron transfer,NA
PWY2O6K-7,July_2,1468.1893288292774,succinate to cytochrome <i>aa<sub>3</sub></i> oxidase electron transfer,NA
PWY2O6K-7,July_3,2050.697313855804,succinate to cytochrome <i>aa<sub>3</sub></i> oxidase electron transfer,NA
PWY2O6K-7,May,1179.088748128475,succinate to cytochrome <i>aa<sub>3</sub></i> oxidase electron transfer,NA
PWY2O6K-7,May_22,1166.3933260328977,succinate to cytochrome <i>aa<sub>3</sub></i> oxidase electron transfer,NA
PWY2O6K-7,October,940.5062992047835,succinate to cytochrome <i>aa<sub>3</sub></i> oxidase electron transfer,NA
PWY2PN3-13,August,883.3672990571195,ornithine-ammonia cycle,NA
PWY2PN3-13,July_1,1126.457588140757,ornithine-ammonia cycle,NA
PWY2PN3-13,July_2,794.6628902396321,ornithine-ammonia cycle,NA
PWY2PN3-13,July_3,936.5074152350536,ornithine-ammonia cycle,NA
PWY2PN3-13,May,746.6123443061707,ornithine-ammonia cycle,NA
PWY2PN3-13,May_22,810.8846136549142,ornithine-ammonia cycle,NA
PWY2PN3-13,October,736.5941340100792,ornithine-ammonia cycle,NA
PWY2PN3-2,August,1396.5226885096001,succinate to cytochrome <i>bd</i> quinol oxidase (cytoplasmic membrane),NA
PWY2PN3-2,July_1,1899.1437349881958,succinate to cytochrome <i>bd</i> quinol oxidase (cytoplasmic membrane),NA
PWY2PN3-2,July_2,1468.1893288292774,succinate to cytochrome <i>bd</i> quinol oxidase (cytoplasmic membrane),NA
PWY2PN3-2,July_3,2050.697313855804,succinate to cytochrome <i>bd</i> quinol oxidase (cytoplasmic membrane),NA
PWY2PN3-2,May,1179.088748128475,succinate to cytochrome <i>bd</i> quinol oxidase (cytoplasmic membrane),NA
PWY2PN3-2,May_22,1166.3933260328977,succinate to cytochrome <i>bd</i> quinol oxidase (cytoplasmic membrane),NA
PWY2PN3-2,October,940.5062992047835,succinate to cytochrome <i>bd</i> quinol oxidase (cytoplasmic membrane),NA
PWY3DJ-11470,August,30.907254697224175,sphingosine and sphingosine-1-phosphate metabolism,NA
PWY3DJ-11470,July_1,48.37138406585119,sphingosine and sphingosine-1-phosphate metabolism,NA
PWY3DJ-11470,July_2,32.69370026872971,sphingosine and sphingosine-1-phosphate metabolism,NA
PWY3DJ-11470,July_3,55.070770325926524,sphingosine and sphingosine-1-phosphate metabolism,NA
PWY3DJ-11470,May_22,37.38899146219536,sphingosine and sphingosine-1-phosphate metabolism,NA
PWY3O-1743,August,118.85693165759803,D-mannose degradation II,NA
PWY3O-1743,July_1,211.2212512522721,D-mannose degradation II,NA
PWY3O-1743,July_2,129.97238421878438,D-mannose degradation II,NA
PWY3O-1743,July_3,115.30703430996685,D-mannose degradation II,NA
PWY3O-1743,May,189.65011919433215,D-mannose degradation II,NA
PWY3O-1743,May_22,167.93395212906486,D-mannose degradation II,NA
PWY3O-1743,October,178.25622285949964,D-mannose degradation II,NA
PWY3O-1801,August,743.8257617106835,palmitoleate biosynthesis IV (fungi and animals),NA
PWY3O-1801,July_1,2206.6456226957016,palmitoleate biosynthesis IV (fungi and animals),NA
PWY3O-1801,July_2,866.3748752111127,palmitoleate biosynthesis IV (fungi and animals),NA
PWY3O-1801,July_3,933.9257739492933,palmitoleate biosynthesis IV (fungi and animals),NA
PWY3O-1801,May,566.9687494418581,palmitoleate biosynthesis IV (fungi and animals),NA
PWY3O-1801,May_22,398.91021334444986,palmitoleate biosynthesis IV (fungi and animals),NA
PWY3O-1801,October,527.2322044333785,palmitoleate biosynthesis IV (fungi and animals),NA
PWY3O-246,August,30.551280292773665,"(R,R)-butanediol degradation",NA
PWY3O-246,July_1,25.674935084544884,"(R,R)-butanediol degradation",NA
PWY3O-246,July_2,21.963915503683705,"(R,R)-butanediol degradation",NA
PWY3O-246,July_3,24.635989349494466,"(R,R)-butanediol degradation",NA
PWY3O-246,May,16.478286496610345,"(R,R)-butanediol degradation",NA
PWY3O-246,May_22,23.8711379796214,"(R,R)-butanediol degradation",NA
PWY3O-246,October,21.39389676493782,"(R,R)-butanediol degradation",NA
PWY3O-4106,August,7.446716252320481,NAD salvage pathway IV (from nicotinamide riboside),NA
PWY3O-4106,July_1,6.140853039022978,NAD salvage pathway IV (from nicotinamide riboside),NA
PWY3O-4106,July_2,9.2940135754652,NAD salvage pathway IV (from nicotinamide riboside),NA
PWY3O-4106,July_3,11.636526900789805,NAD salvage pathway IV (from nicotinamide riboside),NA
PWY3O-4106,May,9.878962859400394,NAD salvage pathway IV (from nicotinamide riboside),NA
PWY3O-4106,May_22,7.558735317924167,NAD salvage pathway IV (from nicotinamide riboside),NA
PWY3O-4106,October,4.704644733449052,NAD salvage pathway IV (from nicotinamide riboside),NA
PWY3O-4107,August,145.63521174721146,NAD salvage pathway V (PNC V cycle),NA
PWY3O-4107,July_1,237.12673538285034,NAD salvage pathway V (PNC V cycle),NA
PWY3O-4107,July_2,172.43910524647237,NAD salvage pathway V (PNC V cycle),NA
PWY3O-4107,July_3,135.36389642661058,NAD salvage pathway V (PNC V cycle),NA
PWY3O-4107,May,269.40435826525515,NAD salvage pathway V (PNC V cycle),NA
PWY3O-4107,May_22,243.55309527217662,NAD salvage pathway V (PNC V cycle),NA
PWY3O-4107,October,329.76881633209473,NAD salvage pathway V (PNC V cycle),NA
PWY3O-4108,August,391.4036372980602,L-tyrosine degradation III,NA
PWY3O-4108,July_1,560.3658147877154,L-tyrosine degradation III,NA
PWY3O-4108,July_2,662.9909931733278,L-tyrosine degradation III,NA
PWY3O-4108,July_3,355.965104699304,L-tyrosine degradation III,NA
PWY3O-4108,May,400.8481979865319,L-tyrosine degradation III,NA
PWY3O-4108,May_22,287.5587108621967,L-tyrosine degradation III,NA
PWY3O-4108,October,277.56953642010257,L-tyrosine degradation III,NA
PWY490-3,August,659.3920912458073,nitrate reduction VI (assimilatory),NA
PWY490-3,July_1,755.6321543136046,nitrate reduction VI (assimilatory),NA
PWY490-3,July_2,503.21543254557935,nitrate reduction VI (assimilatory),NA
PWY490-3,July_3,659.164741480212,nitrate reduction VI (assimilatory),NA
PWY490-3,May,166.00968310278867,nitrate reduction VI (assimilatory),NA
PWY490-3,May_22,296.70988625678774,nitrate reduction VI (assimilatory),NA
PWY490-3,October,230.16951208915273,nitrate reduction VI (assimilatory),NA
PWY4FS-7,August,463.6544975488727,phosphatidylglycerol biosynthesis I (acyl-[acp] donor),NA
PWY4FS-7,July_1,526.7391863013517,phosphatidylglycerol biosynthesis I (acyl-[acp] donor),NA
PWY4FS-7,July_2,466.3030293132347,phosphatidylglycerol biosynthesis I (acyl-[acp] donor),NA
PWY4FS-7,July_3,418.4007580433118,phosphatidylglycerol biosynthesis I (acyl-[acp] donor),NA
PWY4FS-7,May,459.39657458036777,phosphatidylglycerol biosynthesis I (acyl-[acp] donor),NA
PWY4FS-7,May_22,415.2067221482215,phosphatidylglycerol biosynthesis I (acyl-[acp] donor),NA
PWY4FS-7,October,472.499189344926,phosphatidylglycerol biosynthesis I (acyl-[acp] donor),NA
PWY4FS-8,August,463.6544975488727,phosphatidylglycerol biosynthesis II (acyl-CoA donor),NA
PWY4FS-8,July_1,526.7391863013517,phosphatidylglycerol biosynthesis II (acyl-CoA donor),NA
PWY4FS-8,July_2,466.3030293132347,phosphatidylglycerol biosynthesis II (acyl-CoA donor),NA
PWY4FS-8,July_3,418.4007580433118,phosphatidylglycerol biosynthesis II (acyl-CoA donor),NA
PWY4FS-8,May,459.39657458036777,phosphatidylglycerol biosynthesis II (acyl-CoA donor),NA
PWY4FS-8,May_22,415.2067221482215,phosphatidylglycerol biosynthesis II (acyl-CoA donor),NA
PWY4FS-8,October,472.499189344926,phosphatidylglycerol biosynthesis II (acyl-CoA donor),NA
PWY66-161,August,554.5179911493757,ethanol degradation III,NA
PWY66-161,July_1,609.7343811283406,ethanol degradation III,NA
PWY66-161,July_2,508.27665816072783,ethanol degradation III,NA
PWY66-161,July_3,604.8723956183222,ethanol degradation III,NA
PWY66-161,May,982.2506681158836,ethanol degradation III,NA
PWY66-161,May_22,1246.5218004865978,ethanol degradation III,NA
PWY66-161,October,705.0921550304589,ethanol degradation III,NA
PWY66-162,August,744.66436467686,ethanol degradation IV,NA
PWY66-162,July_1,1020.9354832161443,ethanol degradation IV,NA
PWY66-162,July_2,696.9172608408618,ethanol degradation IV,NA
PWY66-162,July_3,868.7451549241539,ethanol degradation IV,NA
PWY66-162,May,2391.746355617243,ethanol degradation IV,NA
PWY66-162,May_22,2256.656749492741,ethanol degradation IV,NA
PWY66-162,October,1831.5158738372027,ethanol degradation IV,NA
PWY66-21,August,1131.3732793366153,ethanol degradation II,NA
PWY66-21,July_1,1382.4157970349775,ethanol degradation II,NA
PWY66-21,July_2,1082.0934251321237,ethanol degradation II,NA
PWY66-21,July_3,1122.623327438319,ethanol degradation II,NA
PWY66-21,May,2946.6380189907054,ethanol degradation II,NA
PWY66-21,May_22,2599.8391587387155,ethanol degradation II,NA
PWY66-21,October,2550.904773500169,ethanol degradation II,NA
PWY66-366,August,204.0304925345925,flavin salvage,NA
PWY66-366,July_1,255.79279743977912,flavin salvage,NA
PWY66-366,July_2,218.55622376032602,flavin salvage,NA
PWY66-366,July_3,196.1175480698218,flavin salvage,NA
PWY66-366,May,319.23526754180887,flavin salvage,NA
PWY66-366,May_22,270.6228117014132,flavin salvage,NA
PWY66-366,October,371.7002238267445,flavin salvage,NA
PWY66-367,August,155.2411870537981,ketogenesis,NA
PWY66-367,July_1,249.92207775195925,ketogenesis,NA
PWY66-367,July_2,141.29217835781841,ketogenesis,NA
PWY66-367,July_3,223.56076652542868,ketogenesis,NA
PWY66-367,May,153.10900547328123,ketogenesis,NA
PWY66-367,May_22,153.10934915390632,ketogenesis,NA
PWY66-367,October,100.75988759065584,ketogenesis,NA
PWY66-368,August,467.61836790264726,ketolysis,NA
PWY66-368,July_1,871.4545536450947,ketolysis,NA
PWY66-368,July_2,505.7684777494514,ketolysis,NA
PWY66-368,July_3,672.0555186148964,ketolysis,NA
PWY66-368,May,1095.4480647987846,ketolysis,NA
PWY66-368,May_22,915.7050071461795,ketolysis,NA
PWY66-368,October,1101.1449759992051,ketolysis,NA
PWY66-373,August,33.79732646803481,sucrose degradation V (sucrose &alpha;-glucosidase),NA
PWY66-373,July_1,63.960422294154995,sucrose degradation V (sucrose &alpha;-glucosidase),NA
PWY66-373,July_2,44.26944915225344,sucrose degradation V (sucrose &alpha;-glucosidase),NA
PWY66-373,July_3,51.16388247508651,sucrose degradation V (sucrose &alpha;-glucosidase),NA
PWY66-373,May,29.98614467170841,sucrose degradation V (sucrose &alpha;-glucosidase),NA
PWY66-373,May_22,31.74296482685927,sucrose degradation V (sucrose &alpha;-glucosidase),NA
PWY66-373,October,22.730962606963317,sucrose degradation V (sucrose &alpha;-glucosidase),NA
PWY66-385,August,69.34348922836912,dTMP <i>de novo</i> biosynthesis (mitochondrial),NA
PWY66-385,July_1,127.3064371181425,dTMP <i>de novo</i> biosynthesis (mitochondrial),NA
PWY66-385,July_2,79.48875872116584,dTMP <i>de novo</i> biosynthesis (mitochondrial),NA
PWY66-385,July_3,97.81103470338273,dTMP <i>de novo</i> biosynthesis (mitochondrial),NA
PWY66-385,May,15.591551724997629,dTMP <i>de novo</i> biosynthesis (mitochondrial),NA
PWY66-385,May_22,6.547060643475795,dTMP <i>de novo</i> biosynthesis (mitochondrial),NA
PWY66-385,October,14.813656102254365,dTMP <i>de novo</i> biosynthesis (mitochondrial),NA
PWY66-387,August,520.009666744109,3-methyl-branched fatty acid &alpha;-oxidation,NA
PWY66-387,July_1,556.6034781909077,3-methyl-branched fatty acid &alpha;-oxidation,NA
PWY66-387,July_2,482.04389018956886,3-methyl-branched fatty acid &alpha;-oxidation,NA
PWY66-387,July_3,516.2645682504992,3-methyl-branched fatty acid &alpha;-oxidation,NA
PWY66-387,May,370.70588022814593,3-methyl-branched fatty acid &alpha;-oxidation,NA
PWY66-387,May_22,383.10690449686837,3-methyl-branched fatty acid &alpha;-oxidation,NA
PWY66-387,October,277.38947221803573,3-methyl-branched fatty acid &alpha;-oxidation,NA
PWY66-389,August,873.3285727231857,phytol degradation,NA
PWY66-389,July_1,1059.3958369610727,phytol degradation,NA
PWY66-389,July_2,1019.9597909838459,phytol degradation,NA
PWY66-389,July_3,865.9243854098024,phytol degradation,NA
PWY66-389,May,934.5536795603828,phytol degradation,NA
PWY66-389,May_22,817.5615034154879,phytol degradation,NA
PWY66-389,October,675.9712825629011,phytol degradation,NA
PWY66-391,August,34.253748780555966,fatty acid &beta;-oxidation VI (mammalian peroxisome),NA
PWY66-391,July_1,74.02145274639278,fatty acid &beta;-oxidation VI (mammalian peroxisome),NA
PWY66-391,July_2,39.609226188234544,fatty acid &beta;-oxidation VI (mammalian peroxisome),NA
PWY66-391,July_3,56.7069434397449,fatty acid &beta;-oxidation VI (mammalian peroxisome),NA
PWY66-391,May,15.974545483968717,fatty acid &beta;-oxidation VI (mammalian peroxisome),NA
PWY66-391,May_22,22.65456590541279,fatty acid &beta;-oxidation VI (mammalian peroxisome),NA
PWY66-391,October,20.29771291822959,fatty acid &beta;-oxidation VI (mammalian peroxisome),NA
PWY66-398,August,1150.907512595883,TCA cycle III (animals),NA
PWY66-398,July_1,1455.8110300295193,TCA cycle III (animals),NA
PWY66-398,July_2,1238.66211627841,TCA cycle III (animals),NA
PWY66-398,July_3,1359.0495993181403,TCA cycle III (animals),NA
PWY66-398,May,1187.0215822202322,TCA cycle III (animals),NA
PWY66-398,May_22,1466.105811558618,TCA cycle III (animals),NA
PWY66-398,October,841.0571963607242,TCA cycle III (animals),NA
PWY66-399,August,2203.4843815056015,gluconeogenesis III,NA
PWY66-399,July_1,2737.2561274900263,gluconeogenesis III,NA
PWY66-399,July_2,2251.354851168536,gluconeogenesis III,NA
PWY66-399,July_3,2383.073842386534,gluconeogenesis III,NA
PWY66-399,May,3247.8682069522283,gluconeogenesis III,NA
PWY66-399,May_22,2798.4083142326263,gluconeogenesis III,NA
PWY66-399,October,3206.7224034489523,gluconeogenesis III,NA
PWY66-409,August,1237.6270466783587,superpathway of purine nucleotide salvage,NA
PWY66-409,July_1,1595.9313080252264,superpathway of purine nucleotide salvage,NA
PWY66-409,July_2,1260.9656401495479,superpathway of purine nucleotide salvage,NA
PWY66-409,July_3,1376.994714871061,superpathway of purine nucleotide salvage,NA
PWY66-409,May,1959.924628698552,superpathway of purine nucleotide salvage,NA
PWY66-409,May_22,3732.3785913876754,superpathway of purine nucleotide salvage,NA
PWY66-409,October,1757.4087175602513,superpathway of purine nucleotide salvage,NA
PWY66-426,August,867.1854213407845,hydrogen sulfide biosynthesis II (mammalian),NA
PWY66-426,July_1,1038.368616215917,hydrogen sulfide biosynthesis II (mammalian),NA
PWY66-426,July_2,737.1594149540158,hydrogen sulfide biosynthesis II (mammalian),NA
PWY66-426,July_3,862.842232714245,hydrogen sulfide biosynthesis II (mammalian),NA
PWY66-426,May,710.9609949234659,hydrogen sulfide biosynthesis II (mammalian),NA
PWY66-426,May_22,651.4055750856096,hydrogen sulfide biosynthesis II (mammalian),NA
PWY66-426,October,604.6521433102853,hydrogen sulfide biosynthesis II (mammalian),NA
PWY66-428,August,208.95658012032007,L-threonine degradation V,NA
PWY66-428,July_1,236.4899682879465,L-threonine degradation V,NA
PWY66-428,July_2,197.5461090745412,L-threonine degradation V,NA
PWY66-428,July_3,194.13949391724887,L-threonine degradation V,NA
PWY66-428,May,184.70265198323943,L-threonine degradation V,NA
PWY66-428,May_22,153.33656709436517,L-threonine degradation V,NA
PWY66-428,October,198.64473981059794,L-threonine degradation V,NA
PWY66-429,August,722.3320172686683,fatty acid biosynthesis initiation (mitochondria),NA
PWY66-429,July_1,700.47322483627,fatty acid biosynthesis initiation (mitochondria),NA
PWY66-429,July_2,612.2657989345846,fatty acid biosynthesis initiation (mitochondria),NA
PWY66-429,July_3,596.697389860169,fatty acid biosynthesis initiation (mitochondria),NA
PWY66-429,May,1340.5591617320617,fatty acid biosynthesis initiation (mitochondria),NA
PWY66-429,May_22,1157.4178854917395,fatty acid biosynthesis initiation (mitochondria),NA
PWY66-429,October,1002.379025687065,fatty acid biosynthesis initiation (mitochondria),NA
PWY66-430,August,2270.080209484031,tetradecanoate biosynthesis (mitochondria),NA
PWY66-430,July_1,2758.155230687031,tetradecanoate biosynthesis (mitochondria),NA
PWY66-430,July_2,2505.012993873266,tetradecanoate biosynthesis (mitochondria),NA
PWY66-430,July_3,2110.616916741399,tetradecanoate biosynthesis (mitochondria),NA
PWY66-430,May,2611.4851709336253,tetradecanoate biosynthesis (mitochondria),NA
PWY66-430,May_22,2446.13330105918,tetradecanoate biosynthesis (mitochondria),NA
PWY66-430,October,2483.9570145293737,tetradecanoate biosynthesis (mitochondria),NA
PWYI-14,August,182.04758267579646,lipid IV<sub>A</sub> biosynthesis (<i>H. pylori</i>),NA
PWYI-14,July_1,174.54318318391472,lipid IV<sub>A</sub> biosynthesis (<i>H. pylori</i>),NA
PWYI-14,July_2,220.37900260218487,lipid IV<sub>A</sub> biosynthesis (<i>H. pylori</i>),NA
PWYI-14,July_3,146.3347942869442,lipid IV<sub>A</sub> biosynthesis (<i>H. pylori</i>),NA
PWYI-14,May,179.30676503487635,lipid IV<sub>A</sub> biosynthesis (<i>H. pylori</i>),NA
PWYI-14,May_22,286.0092014566277,lipid IV<sub>A</sub> biosynthesis (<i>H. pylori</i>),NA
PWYI-14,October,184.60658170558622,lipid IV<sub>A</sub> biosynthesis (<i>H. pylori</i>),NA
PWYQT-4427,August,131.94472619715688,sulfoquinovosyl diacylglycerol biosynthesis,NA
PWYQT-4427,July_1,92.99860141584851,sulfoquinovosyl diacylglycerol biosynthesis,NA
PWYQT-4427,July_2,85.24358339110246,sulfoquinovosyl diacylglycerol biosynthesis,NA
PWYQT-4427,July_3,102.372965949717,sulfoquinovosyl diacylglycerol biosynthesis,NA
PWYQT-4427,May,83.30477170171564,sulfoquinovosyl diacylglycerol biosynthesis,NA
PWYQT-4427,May_22,121.21968921497064,sulfoquinovosyl diacylglycerol biosynthesis,NA
PWYQT-4427,October,134.34563274331177,sulfoquinovosyl diacylglycerol biosynthesis,NA
PWYQT-4429,August,149.67487879930323,CO<sub>2</sub> fixation into oxaloacetate (anaplerotic),NA
PWYQT-4429,July_1,205.9143073363303,CO<sub>2</sub> fixation into oxaloacetate (anaplerotic),NA
PWYQT-4429,July_2,173.82070877076401,CO<sub>2</sub> fixation into oxaloacetate (anaplerotic),NA
PWYQT-4429,July_3,174.20228873896275,CO<sub>2</sub> fixation into oxaloacetate (anaplerotic),NA
PWYQT-4429,May,158.32587952713973,CO<sub>2</sub> fixation into oxaloacetate (anaplerotic),NA
PWYQT-4429,May_22,149.0316906423,CO<sub>2</sub> fixation into oxaloacetate (anaplerotic),NA
PWYQT-4429,October,133.8804586524939,CO<sub>2</sub> fixation into oxaloacetate (anaplerotic),NA
PYRIDNUCSAL-PWY,August,135.2288876938546,NAD salvage pathway I (PNC VI cycle),NA
PYRIDNUCSAL-PWY,July_1,223.59067277182547,NAD salvage pathway I (PNC VI cycle),NA
PYRIDNUCSAL-PWY,July_2,156.83441030817494,NAD salvage pathway I (PNC VI cycle),NA
PYRIDNUCSAL-PWY,July_3,127.31731368553443,NAD salvage pathway I (PNC VI cycle),NA
PYRIDNUCSAL-PWY,May,252.1103611118969,NAD salvage pathway I (PNC VI cycle),NA
PYRIDNUCSAL-PWY,May_22,188.9599109110002,NAD salvage pathway I (PNC VI cycle),NA
PYRIDNUCSAL-PWY,October,298.9040679873192,NAD salvage pathway I (PNC VI cycle),NA
PYRIDNUCSYN-PWY,August,575.6585671866785,NAD <i>de novo</i> biosynthesis I,NA
PYRIDNUCSYN-PWY,July_1,1073.0640683845554,NAD <i>de novo</i> biosynthesis I,NA
PYRIDNUCSYN-PWY,July_2,618.9419483188339,NAD <i>de novo</i> biosynthesis I,NA
PYRIDNUCSYN-PWY,July_3,808.4569293918421,NAD <i>de novo</i> biosynthesis I,NA
PYRIDNUCSYN-PWY,May,440.25842274057527,NAD <i>de novo</i> biosynthesis I,NA
PYRIDNUCSYN-PWY,May_22,422.2686672690569,NAD <i>de novo</i> biosynthesis I,NA
PYRIDNUCSYN-PWY,October,493.065104972544,NAD <i>de novo</i> biosynthesis I,NA
PYRIDOXSYN-PWY,August,17.216115421775086,pyridoxal 5'-phosphate biosynthesis I,NA
PYRIDOXSYN-PWY,July_1,39.664998962874904,pyridoxal 5'-phosphate biosynthesis I,NA
PYRIDOXSYN-PWY,July_2,16.01464016183495,pyridoxal 5'-phosphate biosynthesis I,NA
PYRIDOXSYN-PWY,July_3,11.979402639537517,pyridoxal 5'-phosphate biosynthesis I,NA
PYRIDOXSYN-PWY,May,8.597379755015158,pyridoxal 5'-phosphate biosynthesis I,NA
PYRUVDEHYD-PWY,August,2327.896664465036,pyruvate decarboxylation to acetyl CoA I,NA
PYRUVDEHYD-PWY,July_1,2457.1261320238887,pyruvate decarboxylation to acetyl CoA I,NA
PYRUVDEHYD-PWY,July_2,2204.4968571748996,pyruvate decarboxylation to acetyl CoA I,NA
PYRUVDEHYD-PWY,July_3,2530.0328931648864,pyruvate decarboxylation to acetyl CoA I,NA
PYRUVDEHYD-PWY,May,3682.810821490862,pyruvate decarboxylation to acetyl CoA I,NA
PYRUVDEHYD-PWY,May_22,3741.0986595489967,pyruvate decarboxylation to acetyl CoA I,NA
PYRUVDEHYD-PWY,October,3244.377791408228,pyruvate decarboxylation to acetyl CoA I,NA
REDCITCYC,August,1230.7255069112937,TCA cycle VI (Helicobacter),NA
REDCITCYC,July_1,1928.756605232512,TCA cycle VI (Helicobacter),NA
REDCITCYC,July_2,1306.313733916451,TCA cycle VI (Helicobacter),NA
REDCITCYC,July_3,1836.6926213027941,TCA cycle VI (Helicobacter),NA
REDCITCYC,May,796.9758732868114,TCA cycle VI (Helicobacter),NA
REDCITCYC,May_22,816.7948506234956,TCA cycle VI (Helicobacter),NA
REDCITCYC,October,686.5323689795224,TCA cycle VI (Helicobacter),NA
RHAMCAT-PWY,August,27.794057335991344,L-rhamnose degradation I,NA
RHAMCAT-PWY,July_1,31.372328887364183,L-rhamnose degradation I,NA
RHAMCAT-PWY,July_2,22.025986767959463,L-rhamnose degradation I,NA
RHAMCAT-PWY,July_3,17.272706470585845,L-rhamnose degradation I,NA
RHAMCAT-PWY,May,9.3598306618353,L-rhamnose degradation I,NA
RHAMCAT-PWY,May_22,3.052721935430479,L-rhamnose degradation I,NA
RHAMCAT-PWY,October,8.153459850468773,L-rhamnose degradation I,NA
RIBITOLUTIL-PWY,August,19.31201777501404,ribitol degradation I,NA
RIBITOLUTIL-PWY,July_1,19.083569773179324,ribitol degradation I,NA
RIBITOLUTIL-PWY,July_2,24.48507120835788,ribitol degradation I,NA
RIBITOLUTIL-PWY,July_3,20.097183219436364,ribitol degradation I,NA
RIBITOLUTIL-PWY,May,8.377909686887508,ribitol degradation I,NA
RIBITOLUTIL-PWY,May_22,8.847043598183975,ribitol degradation I,NA
RIBITOLUTIL-PWY,October,3.9352468411208963,ribitol degradation I,NA
RIBOKIN-PWY,August,26.36181985250141,ribose phosphorylation,NA
RIBOKIN-PWY,July_1,30.502386154284224,ribose phosphorylation,NA
RIBOKIN-PWY,July_2,39.77282192288354,ribose phosphorylation,NA
RIBOKIN-PWY,July_3,24.882598017226275,ribose phosphorylation,NA
RIBOKIN-PWY,May,38.09098814372558,ribose phosphorylation,NA
RIBOKIN-PWY,May_22,28.12032713906443,ribose phosphorylation,NA
RIBOKIN-PWY,October,31.988409060280915,ribose phosphorylation,NA
RIBOSYN2-PWY,August,1011.7402250503526,flavin biosynthesis I (bacteria and plants),NA
RIBOSYN2-PWY,July_1,1565.0084242676744,flavin biosynthesis I (bacteria and plants),NA
RIBOSYN2-PWY,July_2,1024.1866034725097,flavin biosynthesis I (bacteria and plants),NA
RIBOSYN2-PWY,July_3,1148.8846954712521,flavin biosynthesis I (bacteria and plants),NA
RIBOSYN2-PWY,May,1362.4979120627168,flavin biosynthesis I (bacteria and plants),NA
RIBOSYN2-PWY,May_22,1229.0004162217497,flavin biosynthesis I (bacteria and plants),NA
RIBOSYN2-PWY,October,1626.9637987268457,flavin biosynthesis I (bacteria and plants),NA
RUMP-PWY,August,669.4036662287434,formaldehyde oxidation I,NA
RUMP-PWY,July_1,801.3772498990083,formaldehyde oxidation I,NA
RUMP-PWY,July_2,625.3944772449129,formaldehyde oxidation I,NA
RUMP-PWY,July_3,672.09223770501,formaldehyde oxidation I,NA
RUMP-PWY,May,1250.903586415796,formaldehyde oxidation I,NA
RUMP-PWY,May_22,983.585181362526,formaldehyde oxidation I,NA
RUMP-PWY,October,1021.6879460711475,formaldehyde oxidation I,NA
SALVADEHYPOX-PWY,August,1027.4026267817726,adenosine nucleotides degradation II,NA
SALVADEHYPOX-PWY,July_1,1640.5612923805686,adenosine nucleotides degradation II,NA
SALVADEHYPOX-PWY,July_2,954.4770723199465,adenosine nucleotides degradation II,NA
SALVADEHYPOX-PWY,July_3,1120.4138373925232,adenosine nucleotides degradation II,NA
SALVADEHYPOX-PWY,May,4616.31342599163,adenosine nucleotides degradation II,NA
SALVADEHYPOX-PWY,May_22,3298.631685452496,adenosine nucleotides degradation II,NA
SALVADEHYPOX-PWY,October,5175.121148428804,adenosine nucleotides degradation II,NA
SALVPURINE2-PWY,August,29.241622812434102,xanthine and xanthosine salvage,NA
SALVPURINE2-PWY,July_1,30.97534538115277,xanthine and xanthosine salvage,NA
SALVPURINE2-PWY,July_2,35.06020071307507,xanthine and xanthosine salvage,NA
SALVPURINE2-PWY,July_3,28.235058319982862,xanthine and xanthosine salvage,NA
SALVPURINE2-PWY,May,14.77091528996792,xanthine and xanthosine salvage,NA
SALVPURINE2-PWY,May_22,16.2739085627137,xanthine and xanthosine salvage,NA
SALVPURINE2-PWY,October,15.234510895779916,xanthine and xanthosine salvage,NA
SAM-PWY,August,1118.7188168649568,S-adenosyl-L-methionine biosynthesis,NA
SAM-PWY,July_1,971.9547993268754,S-adenosyl-L-methionine biosynthesis,NA
SAM-PWY,July_2,1063.1263694970503,S-adenosyl-L-methionine biosynthesis,NA
SAM-PWY,July_3,1157.1938305534359,S-adenosyl-L-methionine biosynthesis,NA
SAM-PWY,May,323.50372187227975,S-adenosyl-L-methionine biosynthesis,NA
SAM-PWY,May_22,491.3998816631543,S-adenosyl-L-methionine biosynthesis,NA
SAM-PWY,October,285.3857638060017,S-adenosyl-L-methionine biosynthesis,NA
SER-GLYSYN-PWY,August,850.7596466119112,superpathway of L-serine and glycine biosynthesis I,NA
SER-GLYSYN-PWY,July_1,1176.573981005951,superpathway of L-serine and glycine biosynthesis I,NA
SER-GLYSYN-PWY,July_2,805.8020284409473,superpathway of L-serine and glycine biosynthesis I,NA
SER-GLYSYN-PWY,July_3,902.090417872255,superpathway of L-serine and glycine biosynthesis I,NA
SER-GLYSYN-PWY,May,519.267134537767,superpathway of L-serine and glycine biosynthesis I,NA
SER-GLYSYN-PWY,May_22,540.6403949462097,superpathway of L-serine and glycine biosynthesis I,NA
SER-GLYSYN-PWY,October,473.97505428285945,superpathway of L-serine and glycine biosynthesis I,NA
SERSYN-PWY,August,420.3520967266322,L-serine biosynthesis I,NA
SERSYN-PWY,July_1,619.57465901264,L-serine biosynthesis I,NA
SERSYN-PWY,July_2,405.517800220097,L-serine biosynthesis I,NA
SERSYN-PWY,July_3,437.9591444074018,L-serine biosynthesis I,NA
SERSYN-PWY,May,235.41978096091717,L-serine biosynthesis I,NA
SERSYN-PWY,May_22,228.74226037320253,L-serine biosynthesis I,NA
SERSYN-PWY,October,239.07093809627213,L-serine biosynthesis I,NA
SHIKIMATEDEG-PWY,August,0.6231920565538646,shikimate degradation I,NA
SHIKIMATEDEG-PWY,July_1,0.5815785003201284,shikimate degradation I,NA
SHIKIMATEDEG-PWY,July_2,0.47779421664720245,shikimate degradation I,NA
SHIKIMATEDEG-PWY,July_3,0.8524461011546772,shikimate degradation I,NA
SHIKIMATEDEG-PWY,May_22,0.7646487771613228,shikimate degradation I,NA
SO4ASSIM-PWY,August,2009.6240951444327,assimilatory sulfate reduction I,NA
SO4ASSIM-PWY,July_1,2145.119028108688,assimilatory sulfate reduction I,NA
SO4ASSIM-PWY,July_2,1677.1568325296287,assimilatory sulfate reduction I,NA
SO4ASSIM-PWY,July_3,2101.3285618458513,assimilatory sulfate reduction I,NA
SO4ASSIM-PWY,May,546.6453270532253,assimilatory sulfate reduction I,NA
SO4ASSIM-PWY,May_22,852.4103087550897,assimilatory sulfate reduction I,NA
SO4ASSIM-PWY,October,691.8203950701758,assimilatory sulfate reduction I,NA
SORBDEG-PWY,August,78.57923442582403,D-sorbitol degradation II,NA
SORBDEG-PWY,July_1,129.41975535805219,D-sorbitol degradation II,NA
SORBDEG-PWY,July_2,104.35546811906062,D-sorbitol degradation II,NA
SORBDEG-PWY,July_3,97.13084736490244,D-sorbitol degradation II,NA
SORBDEG-PWY,May,38.93505735177959,D-sorbitol degradation II,NA
SORBDEG-PWY,May_22,51.48023676230308,D-sorbitol degradation II,NA
SORBDEG-PWY,October,62.01456554474447,D-sorbitol degradation II,NA
SUCSYN-PWY,August,952.9076362746008,sucrose biosynthesis I (from photosynthesis),NA
SUCSYN-PWY,July_1,1112.8606348936594,sucrose biosynthesis I (from photosynthesis),NA
SUCSYN-PWY,July_2,1045.7712808133253,sucrose biosynthesis I (from photosynthesis),NA
SUCSYN-PWY,July_3,1054.5972396300551,sucrose biosynthesis I (from photosynthesis),NA
SUCSYN-PWY,May,604.3839475111903,sucrose biosynthesis I (from photosynthesis),NA
SUCSYN-PWY,May_22,1054.417151495844,sucrose biosynthesis I (from photosynthesis),NA
SUCSYN-PWY,October,909.061343455141,sucrose biosynthesis I (from photosynthesis),NA
SUCUTIL-PWY,August,4.860503813764075,sucrose degradation I (sucrose phosphotransferase),NA
SUCUTIL-PWY,July_1,2.4908470447536697,sucrose degradation I (sucrose phosphotransferase),NA
SUCUTIL-PWY,July_2,3.933907237836035,sucrose degradation I (sucrose phosphotransferase),NA
SUCUTIL-PWY,July_3,6.79670329262337,sucrose degradation I (sucrose phosphotransferase),NA
SULFATE-CYS-PWY,August,1942.3112610295225,superpathway of sulfate assimilation and cysteine biosynthesis,NA
SULFATE-CYS-PWY,July_1,2660.125189535208,superpathway of sulfate assimilation and cysteine biosynthesis,NA
SULFATE-CYS-PWY,July_2,1678.9347982784109,superpathway of sulfate assimilation and cysteine biosynthesis,NA
SULFATE-CYS-PWY,July_3,2235.201079049113,superpathway of sulfate assimilation and cysteine biosynthesis,NA
SULFATE-CYS-PWY,May,578.8126917728446,superpathway of sulfate assimilation and cysteine biosynthesis,NA
SULFATE-CYS-PWY,May_22,761.1583459091155,superpathway of sulfate assimilation and cysteine biosynthesis,NA
SULFATE-CYS-PWY,October,695.8339989494743,superpathway of sulfate assimilation and cysteine biosynthesis,NA
SULFMETII-PWY,August,808.6380853461542,assimilatory sulfate reduction II,NA
SULFMETII-PWY,July_1,905.3337565530079,assimilatory sulfate reduction II,NA
SULFMETII-PWY,July_2,701.9257055309773,assimilatory sulfate reduction II,NA
SULFMETII-PWY,July_3,856.8025042892599,assimilatory sulfate reduction II,NA
SULFMETII-PWY,May,301.5564481219264,assimilatory sulfate reduction II,NA
SULFMETII-PWY,May_22,328.71500538553056,assimilatory sulfate reduction II,NA
SULFMETII-PWY,October,324.3310808344416,assimilatory sulfate reduction II,NA
TAURINEDEG-PWY,August,18.982348305222544,taurine degradation III,NA
TAURINEDEG-PWY,July_1,16.720806077081466,taurine degradation III,NA
TAURINEDEG-PWY,July_2,20.58986428841557,taurine degradation III,NA
TAURINEDEG-PWY,July_3,22.08652058504618,taurine degradation III,NA
TAURINEDEG-PWY,May,13.551834629950413,taurine degradation III,NA
TAURINEDEG-PWY,May_22,17.090070863392448,taurine degradation III,NA
TAURINEDEG-PWY,October,7.991711944550506,taurine degradation III,NA
TCA,August,1853.978237499626,TCA cycle I (prokaryotic),NA
TCA,July_1,2695.2344276913504,TCA cycle I (prokaryotic),NA
TCA,July_2,2084.2421303349197,TCA cycle I (prokaryotic),NA
TCA,July_3,2645.971907917312,TCA cycle I (prokaryotic),NA
TCA,May,1090.1607736764654,TCA cycle I (prokaryotic),NA
TCA,May_22,1331.2457602711168,TCA cycle I (prokaryotic),NA
TCA,October,887.3497518137332,TCA cycle I (prokaryotic),NA
TCA-GLYOX-BYPASS,August,1808.8200657450589,superpathway of glyoxylate bypass and TCA,NA
TCA-GLYOX-BYPASS,July_1,2325.8536355947854,superpathway of glyoxylate bypass and TCA,NA
TCA-GLYOX-BYPASS,July_2,1890.8021126741191,superpathway of glyoxylate bypass and TCA,NA
TCA-GLYOX-BYPASS,July_3,2366.9601826345956,superpathway of glyoxylate bypass and TCA,NA
TCA-GLYOX-BYPASS,May,1245.8072496438976,superpathway of glyoxylate bypass and TCA,NA
TCA-GLYOX-BYPASS,May_22,1576.5490855615462,superpathway of glyoxylate bypass and TCA,NA
TCA-GLYOX-BYPASS,October,1071.6459913512153,superpathway of glyoxylate bypass and TCA,NA
THIOREDOX-PWY,August,1613.4204396864948,thioredoxin pathway (NADPH),NA
THIOREDOX-PWY,July_1,3156.621045293512,thioredoxin pathway (NADPH),NA
THIOREDOX-PWY,July_2,1618.9583128341424,thioredoxin pathway (NADPH),NA
THIOREDOX-PWY,July_3,1850.5719586772439,thioredoxin pathway (NADPH),NA
THIOREDOX-PWY,May,840.965707011354,thioredoxin pathway (NADPH),NA
THIOREDOX-PWY,May_22,882.843120172578,thioredoxin pathway (NADPH),NA
THIOREDOX-PWY,October,935.2072494732431,thioredoxin pathway (NADPH),NA
THIOSULFOX-PWY,August,0.9750232148460154,thiosulfate oxidation I (to tetrathionate),NA
THIOSULFOX-PWY,July_1,2.066246827792992,thiosulfate oxidation I (to tetrathionate),NA
THIOSULFOX-PWY,July_2,2.0730115799812037,thiosulfate oxidation I (to tetrathionate),NA
THIOSULFOX-PWY,July_3,1.33230192020994,thiosulfate oxidation I (to tetrathionate),NA
THIOSULFOX-PWY,May,2.2532484094088323,thiosulfate oxidation I (to tetrathionate),NA
THIOSULFOX-PWY,May_22,1.6662340769966535,thiosulfate oxidation I (to tetrathionate),NA
THIOSULFOX-PWY,October,1.710157899852744,thiosulfate oxidation I (to tetrathionate),NA
THISYN-PWY,August,243.30531753645846,superpathway of thiamine diphosphate biosynthesis I,NA
THISYN-PWY,July_1,345.2190795617867,superpathway of thiamine diphosphate biosynthesis I,NA
THISYN-PWY,July_2,192.3668233896283,superpathway of thiamine diphosphate biosynthesis I,NA
THISYN-PWY,July_3,226.29115124676102,superpathway of thiamine diphosphate biosynthesis I,NA
THISYN-PWY,May,180.37184043932984,superpathway of thiamine diphosphate biosynthesis I,NA
THISYN-PWY,May_22,262.0518503790905,superpathway of thiamine diphosphate biosynthesis I,NA
THISYN-PWY,October,137.7779940711912,superpathway of thiamine diphosphate biosynthesis I,NA
THRDLCTCAT-PWY,August,18.966495515425606,L-threonine degradation III (to methylglyoxal),NA
THRDLCTCAT-PWY,July_1,17.149809271880468,L-threonine degradation III (to methylglyoxal),NA
THRDLCTCAT-PWY,July_2,11.506303098344045,L-threonine degradation III (to methylglyoxal),NA
THRDLCTCAT-PWY,July_3,11.4187726373945,L-threonine degradation III (to methylglyoxal),NA
THRDLCTCAT-PWY,May_22,4.333929448093267,L-threonine degradation III (to methylglyoxal),NA
THRDLCTCAT-PWY,October,5.786986652723493,L-threonine degradation III (to methylglyoxal),NA
THREOCAT-PWY,August,57.277591216187815,superpathway of L-threonine metabolism,NA
THREOCAT-PWY,July_1,55.477434949742815,superpathway of L-threonine metabolism,NA
THREOCAT-PWY,July_2,74.77645610883872,superpathway of L-threonine metabolism,NA
THREOCAT-PWY,July_3,40.0047055476203,superpathway of L-threonine metabolism,NA
THREOCAT-PWY,May_22,148.6423897149062,superpathway of L-threonine metabolism,NA
THREONINE-DEG2-PWY,August,106.60014071201297,L-threonine degradation II,NA
THREONINE-DEG2-PWY,July_1,67.14467593272533,L-threonine degradation II,NA
THREONINE-DEG2-PWY,July_2,97.59916666197587,L-threonine degradation II,NA
THREONINE-DEG2-PWY,July_3,90.58990738487086,L-threonine degradation II,NA
THREONINE-DEG2-PWY,May,39.42870868055413,L-threonine degradation II,NA
THREONINE-DEG2-PWY,May_22,47.048637763767545,L-threonine degradation II,NA
THREONINE-DEG2-PWY,October,28.269601556659563,L-threonine degradation II,NA
THRESYN-PWY,August,1210.2109429324696,superpathway of L-threonine biosynthesis,NA
THRESYN-PWY,July_1,1719.8637080734575,superpathway of L-threonine biosynthesis,NA
THRESYN-PWY,July_2,1208.8496645834293,superpathway of L-threonine biosynthesis,NA
THRESYN-PWY,July_3,1265.6433755224693,superpathway of L-threonine biosynthesis,NA
THRESYN-PWY,May,907.6539528073017,superpathway of L-threonine biosynthesis,NA
THRESYN-PWY,May_22,864.7591143104224,superpathway of L-threonine biosynthesis,NA
THRESYN-PWY,October,789.9794797944049,superpathway of L-threonine biosynthesis,NA
TOLUENE-DEG-4-OH-PWY,August,0.5724123417116347,toluene degradation to 4-methylphenol,NA
TOLUENE-DEG-4-OH-PWY,July_1,0.5617259226262692,toluene degradation to 4-methylphenol,NA
TOLUENE-DEG-4-OH-PWY,July_2,0.7199298422947621,toluene degradation to 4-methylphenol,NA
TOLUENE-DEG-4-OH-PWY,July_3,0.564216250004467,toluene degradation to 4-methylphenol,NA
TREDEGLOW-PWY,August,139.76604581480765,trehalose degradation I (low osmolarity),NA
TREDEGLOW-PWY,July_1,153.56151646186305,trehalose degradation I (low osmolarity),NA
TREDEGLOW-PWY,July_2,127.65132289291387,trehalose degradation I (low osmolarity),NA
TREDEGLOW-PWY,July_3,116.69384729795013,trehalose degradation I (low osmolarity),NA
TREDEGLOW-PWY,May,307.60973466208054,trehalose degradation I (low osmolarity),NA
TREDEGLOW-PWY,May_22,203.62839574162737,trehalose degradation I (low osmolarity),NA
TREDEGLOW-PWY,October,236.44614309726163,trehalose degradation I (low osmolarity),NA
TREHALOSESYN-PWY,August,95.45054685004726,trehalose biosynthesis III,NA
TREHALOSESYN-PWY,July_1,132.3128880233925,trehalose biosynthesis III,NA
TREHALOSESYN-PWY,July_2,105.14936373841643,trehalose biosynthesis III,NA
TREHALOSESYN-PWY,July_3,116.76267964465767,trehalose biosynthesis III,NA
TREHALOSESYN-PWY,May,301.44625989887777,trehalose biosynthesis III,NA
TREHALOSESYN-PWY,May_22,239.78368815045377,trehalose biosynthesis III,NA
TREHALOSESYN-PWY,October,269.24606779492,trehalose biosynthesis III,NA
TRESYN-PWY,August,205.308639121363,trehalose biosynthesis I,NA
TRESYN-PWY,July_1,261.07764427037057,trehalose biosynthesis I,NA
TRESYN-PWY,July_2,210.72276307247145,trehalose biosynthesis I,NA
TRESYN-PWY,July_3,237.27170897811004,trehalose biosynthesis I,NA
TRESYN-PWY,May,502.35604427666954,trehalose biosynthesis I,NA
TRESYN-PWY,May_22,429.43659508727586,trehalose biosynthesis I,NA
TRESYN-PWY,October,431.30011928346494,trehalose biosynthesis I,NA
TRNA-CHARGING-PWY,August,3103.8199796515946,tRNA charging,NA
TRNA-CHARGING-PWY,July_1,4174.520295851371,tRNA charging,NA
TRNA-CHARGING-PWY,July_2,3028.938479824332,tRNA charging,NA
TRNA-CHARGING-PWY,July_3,3236.762674753655,tRNA charging,NA
TRNA-CHARGING-PWY,May,2229.459751234611,tRNA charging,NA
TRNA-CHARGING-PWY,May_22,2533.4236300854445,tRNA charging,NA
TRNA-CHARGING-PWY,October,2086.1549428038347,tRNA charging,NA
TRPCAT-PWY,August,47.09059010488825,L-tryptophan degradation I (via anthranilate),NA
TRPCAT-PWY,July_1,9.60588069570842,L-tryptophan degradation I (via anthranilate),NA
TRPCAT-PWY,July_2,43.86131052820824,L-tryptophan degradation I (via anthranilate),NA
TRPCAT-PWY,July_3,35.181646994926936,L-tryptophan degradation I (via anthranilate),NA
TRPCAT-PWY,May,3.829506184902747,L-tryptophan degradation I (via anthranilate),NA
TRPCAT-PWY,October,4.694564986644406,L-tryptophan degradation I (via anthranilate),NA
TRPKYNCAT-PWY,August,150.81578393179345,L-tryptophan degradation IV (via indole-3-lactate),NA
TRPKYNCAT-PWY,July_1,181.61916061504218,L-tryptophan degradation IV (via indole-3-lactate),NA
TRPKYNCAT-PWY,July_2,162.25773393137797,L-tryptophan degradation IV (via indole-3-lactate),NA
TRPKYNCAT-PWY,July_3,147.9949210255151,L-tryptophan degradation IV (via indole-3-lactate),NA
TRPKYNCAT-PWY,May,144.51786391852022,L-tryptophan degradation IV (via indole-3-lactate),NA
TRPKYNCAT-PWY,May_22,91.54536930340807,L-tryptophan degradation IV (via indole-3-lactate),NA
TRPKYNCAT-PWY,October,127.42722363046025,L-tryptophan degradation IV (via indole-3-lactate),NA
TRPSYN-PWY,August,296.3214449180073,L-tryptophan biosynthesis,NA
TRPSYN-PWY,July_1,399.688471276695,L-tryptophan biosynthesis,NA
TRPSYN-PWY,July_2,329.12013160549725,L-tryptophan biosynthesis,NA
TRPSYN-PWY,July_3,339.80771248464094,L-tryptophan biosynthesis,NA
TRPSYN-PWY,May,105.16156063738266,L-tryptophan biosynthesis,NA
TRPSYN-PWY,May_22,150.51298170091133,L-tryptophan biosynthesis,NA
TRPSYN-PWY,October,62.228344462265085,L-tryptophan biosynthesis,NA
TYRFUMCAT-PWY,August,183.1766174531549,L-tyrosine degradation I,NA
TYRFUMCAT-PWY,July_1,242.05650103662356,L-tyrosine degradation I,NA
TYRFUMCAT-PWY,July_2,172.32128883309164,L-tyrosine degradation I,NA
TYRFUMCAT-PWY,July_3,203.08171052338886,L-tyrosine degradation I,NA
TYRFUMCAT-PWY,May,57.0241852384164,L-tyrosine degradation I,NA
TYRFUMCAT-PWY,May_22,57.23729789446783,L-tyrosine degradation I,NA
TYRFUMCAT-PWY,October,39.26064546445698,L-tyrosine degradation I,NA
TYRSYN,August,283.7644155774449,L-tyrosine biosynthesis I,NA
TYRSYN,July_1,310.6724816102181,L-tyrosine biosynthesis I,NA
TYRSYN,July_2,281.79224624367004,L-tyrosine biosynthesis I,NA
TYRSYN,July_3,257.18731562268243,L-tyrosine biosynthesis I,NA
TYRSYN,May,214.84892757835826,L-tyrosine biosynthesis I,NA
TYRSYN,May_22,184.66623509866204,L-tyrosine biosynthesis I,NA
TYRSYN,October,272.2963354691921,L-tyrosine biosynthesis I,NA
UBISYN-PWY,August,119.7454838551451,superpathway of ubiquinol-8 biosynthesis (early decarboxylation),NA
UBISYN-PWY,July_1,77.09912892601767,superpathway of ubiquinol-8 biosynthesis (early decarboxylation),NA
UBISYN-PWY,July_2,127.56836343539865,superpathway of ubiquinol-8 biosynthesis (early decarboxylation),NA
UBISYN-PWY,July_3,70.34888150224025,superpathway of ubiquinol-8 biosynthesis (early decarboxylation),NA
UBISYN-PWY,May,39.94382311504317,superpathway of ubiquinol-8 biosynthesis (early decarboxylation),NA
UBISYN-PWY,May_22,57.407414338227525,superpathway of ubiquinol-8 biosynthesis (early decarboxylation),NA
UBISYN-PWY,October,47.66983588776309,superpathway of ubiquinol-8 biosynthesis (early decarboxylation),NA
UDPNACETYLGALSYN-PWY,August,424.3289890893668,UDP-<i>N</i>-acetyl-D-glucosamine biosynthesis II,NA
UDPNACETYLGALSYN-PWY,July_1,672.4394321527881,UDP-<i>N</i>-acetyl-D-glucosamine biosynthesis II,NA
UDPNACETYLGALSYN-PWY,July_2,449.3818538274429,UDP-<i>N</i>-acetyl-D-glucosamine biosynthesis II,NA
UDPNACETYLGALSYN-PWY,July_3,449.1431448705196,UDP-<i>N</i>-acetyl-D-glucosamine biosynthesis II,NA
UDPNACETYLGALSYN-PWY,May,536.6302268263713,UDP-<i>N</i>-acetyl-D-glucosamine biosynthesis II,NA
UDPNACETYLGALSYN-PWY,May_22,467.6128360141305,UDP-<i>N</i>-acetyl-D-glucosamine biosynthesis II,NA
UDPNACETYLGALSYN-PWY,October,489.1372814976094,UDP-<i>N</i>-acetyl-D-glucosamine biosynthesis II,NA
UDPNAGSYN-PWY,August,796.7725852844,UDP-<i>N</i>-acetyl-D-glucosamine biosynthesis I,NA
UDPNAGSYN-PWY,July_1,1039.7823959510722,UDP-<i>N</i>-acetyl-D-glucosamine biosynthesis I,NA
UDPNAGSYN-PWY,July_2,813.4543127201334,UDP-<i>N</i>-acetyl-D-glucosamine biosynthesis I,NA
UDPNAGSYN-PWY,July_3,801.8347001551801,UDP-<i>N</i>-acetyl-D-glucosamine biosynthesis I,NA
UDPNAGSYN-PWY,May,734.2669704386171,UDP-<i>N</i>-acetyl-D-glucosamine biosynthesis I,NA
UDPNAGSYN-PWY,May_22,763.4853196555928,UDP-<i>N</i>-acetyl-D-glucosamine biosynthesis I,NA
UDPNAGSYN-PWY,October,788.7572437228529,UDP-<i>N</i>-acetyl-D-glucosamine biosynthesis I,NA
URSIN-PWY,August,79.8834257734332,ureide biosynthesis,NA
URSIN-PWY,July_1,175.5038986711032,ureide biosynthesis,NA
URSIN-PWY,July_2,158.14784626970678,ureide biosynthesis,NA
URSIN-PWY,July_3,144.57383248548965,ureide biosynthesis,NA
URSIN-PWY,May,11.112500927149126,ureide biosynthesis,NA
URSIN-PWY,May_22,20.567284359752634,ureide biosynthesis,NA
VALDEG-PWY,August,31.967930827471363,L-valine degradation I,NA
VALDEG-PWY,July_1,32.06647256682813,L-valine degradation I,NA
VALDEG-PWY,July_2,59.41936958596641,L-valine degradation I,NA
VALDEG-PWY,July_3,43.94826671362058,L-valine degradation I,NA
VALDEG-PWY,May,14.527306790633123,L-valine degradation I,NA
VALDEG-PWY,May_22,14.497577348472056,L-valine degradation I,NA
VALDEG-PWY,October,35.00167651422251,L-valine degradation I,NA
VALSYN-PWY,August,3521.9267349711736,L-valine biosynthesis,NA
VALSYN-PWY,July_1,3972.9457744134243,L-valine biosynthesis,NA
VALSYN-PWY,July_2,3299.1649034815814,L-valine biosynthesis,NA
VALSYN-PWY,July_3,3443.47174914649,L-valine biosynthesis,NA
VALSYN-PWY,May,3289.9027023298368,L-valine biosynthesis,NA
VALSYN-PWY,May_22,3115.3981780936565,L-valine biosynthesis,NA
VALSYN-PWY,October,3239.0862657427324,L-valine biosynthesis,NA
XYLCAT-PWY,August,111.44878785600818,D-xylose degradation I,NA
XYLCAT-PWY,July_1,108.60373290130161,D-xylose degradation I,NA
XYLCAT-PWY,July_2,119.7865934515367,D-xylose degradation I,NA
XYLCAT-PWY,July_3,114.83385313868969,D-xylose degradation I,NA
XYLCAT-PWY,May,191.92651599299376,D-xylose degradation I,NA
XYLCAT-PWY,May_22,92.89679231460096,D-xylose degradation I,NA
XYLCAT-PWY,October,91.24551972841192,D-xylose degradation I,NA
