Compound,Kegg,Pathways of compound,InChI-Key,compound,kegg_cid,Common-Name,Engineered?
CPD-10358,C12127,PWY-6029,InChIKey=XMOCLSLCDHWDHP-SWLSCSKDSA-N,Gallocatechin,C12127,"2,3-<i>trans</i>-flavanols biosynthesis",NA
CPD-8191,C09276,PWY-5365,InChIKey=FWYSBEAFFPBAQU-LBPRGKRZSA-N,"(2S)-2-(2-hydroxypropan-2-yl)-2H,3H,7H-furo[3,2-g]chromen-7-one",C09276,linear furanocoumarin biosynthesis,NA
CPD-734,C08491,PWY-735,InChIKey=ZNJFBWYDHIGLCU-HWKXXFMVSA-M,Jasmonic acid,C08491,jasmonic acid biosynthesis,NA
CPD-734,C08491,PWY-6297,InChIKey=ZNJFBWYDHIGLCU-HWKXXFMVSA-M,Jasmonic acid,C08491,tuberonate glucoside biosynthesis,NA
CPD-4122,C16223,PWY-2561,InChIKey=PVEMGMOWXQUWRD-NJAOXFEXSA-N,1-(Carboxymethyl)cyclohexanecarboxylic acid,C16223,medicarpin conjugates interconversion,NA
CPD-61,C03652,PWY-5055,InChIKey=WTIIULQJLZEHGZ-CVYQJGLWSA-L,"(3S)-2-hydroxy-2,3-dimethylbutanedioic acid",C03652,nicotinate degradation III,NA
CPD-61,C03652,PWY-5062,InChIKey=WTIIULQJLZEHGZ-CVYQJGLWSA-L,"(3S)-2-hydroxy-2,3-dimethylbutanedioic acid",C03652,superpathway of nicotinate degradation,NA
CIS-4-HYDROXY-D-PROLINE,C03440,PWY-5159,InChIKey=PMMYEEVYMWASQN-QWWZWVQMSA-N,cis-4-Hydroxy-D-proline,C03440,<i>trans</i>-4-hydroxy-L-proline degradation II,NA
CPD-335,C01089,PWY66-368,InChIKey=WHBMMWSBFZVSSR-GSVOUGTGSA-M,3-hydroxybutyric acid,C01089,ketolysis,NA
CPD-335,C01089,PWY66-367,InChIKey=WHBMMWSBFZVSSR-GSVOUGTGSA-M,3-hydroxybutyric acid,C01089,ketogenesis,NA
MEVALONATE,C00418,PWY-5074,InChIKey=KJTLQQUUPVSXIM-ZCFIWIBFSA-M,Mevalonic acid,C00418,mevalonate degradation,NA
MEVALONATE,C00418,PWY-8125,InChIKey=KJTLQQUUPVSXIM-ZCFIWIBFSA-M,Mevalonic acid,C00418,mevalonate pathway IV (archaea),NA
MEVALONATE,C00418,PWY-7524,InChIKey=KJTLQQUUPVSXIM-ZCFIWIBFSA-M,Mevalonic acid,C00418,mevalonate pathway III (Thermoplasma),NA
MEVALONATE,C00418,PWY-922,InChIKey=KJTLQQUUPVSXIM-ZCFIWIBFSA-M,Mevalonic acid,C00418,mevalonate pathway I (eukaryotes and bacteria),NA
MEVALONATE,C00418,PWY-6146,InChIKey=KJTLQQUUPVSXIM-ZCFIWIBFSA-M,Mevalonic acid,C00418,<i>Methanobacterium thermoautotrophicum</i> biosynthetic metabolism,NA
MEVALONATE,C00418,PWY66-5,InChIKey=KJTLQQUUPVSXIM-ZCFIWIBFSA-M,Mevalonic acid,C00418,superpathway of cholesterol biosynthesis,NA
MEVALONATE,C00418,PWY-5910,InChIKey=KJTLQQUUPVSXIM-ZCFIWIBFSA-M,Mevalonic acid,C00418,superpathway of geranylgeranyldiphosphate biosynthesis I (via mevalonate),NA
MEVALONATE,C00418,ERGOSTEROL-SYN-PWY,InChIKey=KJTLQQUUPVSXIM-ZCFIWIBFSA-M,Mevalonic acid,C00418,superpathway of ergosterol biosynthesis I,NA
MEVALONATE,C00418,PWY-6174,InChIKey=KJTLQQUUPVSXIM-ZCFIWIBFSA-M,Mevalonic acid,C00418,mevalonate pathway II (haloarchaea),NA
S-ALLANTOIN,C02350,PWY-5691,InChIKey=POJWUDADGALRAB-SFOWXEAESA-N,Allantoin,C02350,urate degradation I (to allantoin),NA
S-ALLANTOIN,C02350,URSIN-PWY,InChIKey=POJWUDADGALRAB-SFOWXEAESA-N,Allantoin,C02350,ureide biosynthesis,NA
S-ALLANTOIN,C02350,PWY-7849,InChIKey=POJWUDADGALRAB-SFOWXEAESA-N,Allantoin,C02350,urate degradation III (to allantoin),NA
S-ALLANTOIN,C02350,PWY-7394,InChIKey=POJWUDADGALRAB-SFOWXEAESA-N,Allantoin,C02350,urate degradation II (to allantoin),NA
S-ALLANTOIN,C02350,PWY-5698,InChIKey=POJWUDADGALRAB-SFOWXEAESA-N,Allantoin,C02350,allantoin degradation to ureidoglycolate II (ammonia producing),NA
S-ALLANTOIN,C02350,PWY-5692,InChIKey=POJWUDADGALRAB-SFOWXEAESA-N,Allantoin,C02350,allantoin degradation to glyoxylate II,NA
S-ALLANTOIN,C02350,PWY-5705,InChIKey=POJWUDADGALRAB-SFOWXEAESA-N,Allantoin,C02350,allantoin degradation to glyoxylate III,NA
S-ALLANTOIN,C02350,PWY0-41,InChIKey=POJWUDADGALRAB-SFOWXEAESA-N,Allantoin,C02350,allantoin degradation IV (anaerobic),NA
S-ALLANTOIN,C02350,PWY-5697,InChIKey=POJWUDADGALRAB-SFOWXEAESA-N,Allantoin,C02350,allantoin degradation to ureidoglycolate I (urea producing),NA
S-ALLANTOIN,C02350,PWY-5694,InChIKey=POJWUDADGALRAB-SFOWXEAESA-N,Allantoin,C02350,allantoin degradation to glyoxylate I,NA
S-ALLANTOIN,C02350,ALLANTOINDEG-PWY,InChIKey=POJWUDADGALRAB-SFOWXEAESA-N,Allantoin,C02350,superpathway of allantoin degradation in yeast,NA
S-ALLANTOIN,C02350,P165-PWY,InChIKey=POJWUDADGALRAB-SFOWXEAESA-N,Allantoin,C02350,superpathway of purines degradation in plants,NA
S-ALLANTOIN,C02350,URDEGR-PWY,InChIKey=POJWUDADGALRAB-SFOWXEAESA-N,Allantoin,C02350,superpathway of allantoin degradation in plants,NA
S-CITRAMALATE,C02614,PWY-5087,InChIKey=XFTRTWQBIOMVPK-YFKPBYRVSA-L,2-Methylsuccinic acid,C02614,L-glutamate degradation VI (to pyruvate),NA
S-CITRAMALATE,C02614,GLUDEG-II-PWY,InChIKey=XFTRTWQBIOMVPK-YFKPBYRVSA-L,2-Methylsuccinic acid,C02614,L-glutamate degradation VII (to butanoate),NA
S-CITRAMALATE,C02614,PWY-5088,InChIKey=XFTRTWQBIOMVPK-YFKPBYRVSA-L,2-Methylsuccinic acid,C02614,L-glutamate degradation VIII (to propanoate),NA
CPD-4261,C09844,PWY-3041,InChIKey=WEEGYLXZBRQIMU-WAAGHKOSSA-N,Eucalyptol,C09844,monoterpene biosynthesis,NA
CPD-4261,C09844,6-HYDROXYCINEOLE-DEGRADATION-PWY,InChIKey=WEEGYLXZBRQIMU-WAAGHKOSSA-N,Eucalyptol,C09844,"1,8-cineole degradation",NA
CPD-13086,C14829,PWY-8395,InChIKey=CQSLTKIXAJTQGA-FLIBITNWSA-M,12(13)-DiHOME,C14829,linoleate metabolites biosynthesis,NA
CPD-13086,C14829,PWY-6710,InChIKey=CQSLTKIXAJTQGA-FLIBITNWSA-M,12(13)-DiHOME,C14829,poly-hydroxy fatty acids biosynthesis,NA
16-HYDROXYPALMITATE,C18218,PWY-1121,InChIKey=UGAGPNKCDRTDHP-UHFFFAOYSA-M,16-Hydroxyhexadecanoic acid,C18218,suberin monomers biosynthesis,NA
16-HYDROXYPALMITATE,C18218,PWY-6733,InChIKey=UGAGPNKCDRTDHP-UHFFFAOYSA-M,16-Hydroxyhexadecanoic acid,C18218,sporopollenin precursors biosynthesis,NA
16-HYDROXYPALMITATE,C18218,PWY-321,InChIKey=UGAGPNKCDRTDHP-UHFFFAOYSA-M,16-Hydroxyhexadecanoic acid,C18218,cutin biosynthesis,NA
16-HYDROXYPALMITATE,C18218,PWY-7120,InChIKey=UGAGPNKCDRTDHP-UHFFFAOYSA-M,16-Hydroxyhexadecanoic acid,C18218,esterified suberin biosynthesis,NA
DEOXYADENOSINE,C00559,PWY-7179-1,InChIKey=OLXZPDWKRNYJJZ-RRKCRQDMSA-N,2'-Deoxyadenosine,C00559,purine deoxyribonucleosides degradation II,NA
DEOXYADENOSINE,C00559,PWY-7179,InChIKey=OLXZPDWKRNYJJZ-RRKCRQDMSA-N,2'-Deoxyadenosine,C00559,purine deoxyribonucleosides degradation I,NA
DEOXYADENOSINE,C00559,PWY0-1297,InChIKey=OLXZPDWKRNYJJZ-RRKCRQDMSA-N,2'-Deoxyadenosine,C00559,superpathway of purine deoxyribonucleosides degradation,NA
DEOXYADENOSINE,C00559,PWY-7224,InChIKey=OLXZPDWKRNYJJZ-RRKCRQDMSA-N,2'-Deoxyadenosine,C00559,purine deoxyribonucleosides salvage,NA
DEOXYCYTIDINE,C00881,PWY-7181,InChIKey=CKTSBUTUHBMZGZ-SHYZEUOFSA-N,2'-Deoxycytidine,C00881,pyrimidine deoxyribonucleosides degradation,NA
DEOXYCYTIDINE,C00881,PWY0-1298,InChIKey=CKTSBUTUHBMZGZ-SHYZEUOFSA-N,2'-Deoxycytidine,C00881,superpathway of pyrimidine deoxyribonucleosides degradation,NA
DEOXYCYTIDINE,C00881,PWY-7199,InChIKey=CKTSBUTUHBMZGZ-SHYZEUOFSA-N,2'-Deoxycytidine,C00881,pyrimidine deoxyribonucleosides salvage,NA
DEOXYCYTIDINE,C00881,PWY-7200,InChIKey=CKTSBUTUHBMZGZ-SHYZEUOFSA-N,2'-Deoxycytidine,C00881,superpathway of pyrimidine deoxyribonucleoside salvage,NA
DEOXYGUANOSINE,C00330,PWY-7179-1,InChIKey=YKBGVTZYEHREMT-KVQBGUIXSA-N,2-Deoxyguanosine,C00330,purine deoxyribonucleosides degradation II,NA
DEOXYGUANOSINE,C00330,PWY-7179,InChIKey=YKBGVTZYEHREMT-KVQBGUIXSA-N,2-Deoxyguanosine,C00330,purine deoxyribonucleosides degradation I,NA
DEOXYGUANOSINE,C00330,PWY0-1297,InChIKey=YKBGVTZYEHREMT-KVQBGUIXSA-N,2-Deoxyguanosine,C00330,superpathway of purine deoxyribonucleosides degradation,NA
DEOXYGUANOSINE,C00330,PWY-7224,InChIKey=YKBGVTZYEHREMT-KVQBGUIXSA-N,2-Deoxyguanosine,C00330,purine deoxyribonucleosides salvage,NA
DEOXYINOSINE,C05512,PWY-7179-1,InChIKey=VGONTNSXDCQUGY-RRKCRQDMSA-N,2'-Deoxyinosine,C05512,purine deoxyribonucleosides degradation II,NA
DEOXYINOSINE,C05512,PWY-7179,InChIKey=VGONTNSXDCQUGY-RRKCRQDMSA-N,2'-Deoxyinosine,C05512,purine deoxyribonucleosides degradation I,NA
DEOXYINOSINE,C05512,PWY0-1297,InChIKey=VGONTNSXDCQUGY-RRKCRQDMSA-N,2'-Deoxyinosine,C05512,superpathway of purine deoxyribonucleosides degradation,NA
CPD-14126,C17582,PWY-7014,InChIKey=ARLIVUJSSKFVPL-JPYLPOILSA-P,2'-N-Acetylparomamine,C17582,paromamine biosynthesis I (from glucose 6-phosphate),NA
CPD-14126,C17582,PWY-7021,InChIKey=ARLIVUJSSKFVPL-JPYLPOILSA-P,2'-N-Acetylparomamine,C17582,superpathway of neomycin biosynthesis,NA
CPD-14126,C17582,PWY-7000,InChIKey=ARLIVUJSSKFVPL-JPYLPOILSA-P,2'-N-Acetylparomamine,C17582,kanamycin biosynthesis,NA
CPD-14126,C17582,PWY-7022,InChIKey=ARLIVUJSSKFVPL-JPYLPOILSA-P,2'-N-Acetylparomamine,C17582,paromamine biosynthesis II (from glucose 6-phosphate),NA
CPD-14126,C17582,PWY-7020,InChIKey=ARLIVUJSSKFVPL-JPYLPOILSA-P,2'-N-Acetylparomamine,C17582,superpathway of butirocin biosynthesis (from glucose 6-phosphate),NA
CPD-10637,C12835,PWY-6094,InChIKey=PLPVRWUZGSFJJB-OWOJBTEDSA-L,"2,5-Dichloro-4-oxohex-2-enedioate",C12835,"3,4,6-trichlorocatechol degradation",NA
CPD-19014,C21297,PWY-7779,InChIKey=BWLBGMIXKSTLSX-UHFFFAOYSA-M,2-Methyllactic acid,C21297,methyl <i>tert</i>-butyl ether degradation,NA
CPD-19014,C21297,PWY-7778,InChIKey=BWLBGMIXKSTLSX-UHFFFAOYSA-M,2-Methyllactic acid,C21297,2-methylpropene degradation,NA
2-O-ALPHA-MANNOSYL-D-GLYCERATE,C11544,PWY-5656,InChIKey=DDXCFDOPXBPUJC-SAYMMRJXSA-M,2-O-alpha-mannosyl-D-glycerate,C11544,mannosylglycerate biosynthesis I,NA
2-O-ALPHA-MANNOSYL-D-GLYCERATE,C11544,PWY-5658,InChIKey=DDXCFDOPXBPUJC-SAYMMRJXSA-M,2-O-alpha-mannosyl-D-glycerate,C11544,mannosylglycerate biosynthesis II,NA
CPD-16663,C20985,PWY-7746,InChIKey=WVFKPISWLUJJIJ-LIZSDCNHSA-M,2-sulfotrehalose,C20985,mycobacterial sulfolipid biosynthesis,NA
CPD-16663,C20985,PWY-7746,InChIKey=WVFKPISWLUJJIJ-LIZSDCNHSA-M,Trehalose 2-sulfate,C20985,mycobacterial sulfolipid biosynthesis,NA
O-SUCCINYLBENZOATE,C02730,PWY-5837,InChIKey=YIVWQNVQRXFZJB-UHFFFAOYSA-L,2-Succinylbenzoate,C02730,"1,4-dihydroxy-2-naphthoate biosynthesis",NA
O-SUCCINYLBENZOATE,C02730,PWY-8538,InChIKey=YIVWQNVQRXFZJB-UHFFFAOYSA-L,2-Succinylbenzoate,C02730,superpathway of menaquinol biosynthesis (generic),NA
O-SUCCINYLBENZOATE,C02730,ALL-CHORISMATE-PWY,InChIKey=YIVWQNVQRXFZJB-UHFFFAOYSA-L,2-Succinylbenzoate,C02730,superpathway of chorismate metabolism,NA
O-SUCCINYLBENZOATE,C02730,PWY-5863,InChIKey=YIVWQNVQRXFZJB-UHFFFAOYSA-L,2-Succinylbenzoate,C02730,superpathway of phylloquinol biosynthesis,NA
O-SUCCINYLBENZOATE,C02730,PWY-5861,InChIKey=YIVWQNVQRXFZJB-UHFFFAOYSA-L,2-Succinylbenzoate,C02730,superpathway of demethylmenaquinol-8 biosynthesis I,NA
O-SUCCINYLBENZOATE,C02730,PWY-5899,InChIKey=YIVWQNVQRXFZJB-UHFFFAOYSA-L,2-Succinylbenzoate,C02730,superpathway of menaquinol-13 biosynthesis,NA
O-SUCCINYLBENZOATE,C02730,PWY-5898,InChIKey=YIVWQNVQRXFZJB-UHFFFAOYSA-L,2-Succinylbenzoate,C02730,superpathway of menaquinol-12 biosynthesis,NA
O-SUCCINYLBENZOATE,C02730,PWY-5897,InChIKey=YIVWQNVQRXFZJB-UHFFFAOYSA-L,2-Succinylbenzoate,C02730,superpathway of menaquinol-11 biosynthesis,NA
O-SUCCINYLBENZOATE,C02730,PWY-5896,InChIKey=YIVWQNVQRXFZJB-UHFFFAOYSA-L,2-Succinylbenzoate,C02730,superpathway of menaquinol-10 biosynthesis,NA
O-SUCCINYLBENZOATE,C02730,PWY-5838,InChIKey=YIVWQNVQRXFZJB-UHFFFAOYSA-L,2-Succinylbenzoate,C02730,superpathway of menaquinol-8 biosynthesis I,NA
O-SUCCINYLBENZOATE,C02730,PWY-5862,InChIKey=YIVWQNVQRXFZJB-UHFFFAOYSA-L,2-Succinylbenzoate,C02730,superpathway of demethylmenaquinol-9 biosynthesis,NA
O-SUCCINYLBENZOATE,C02730,PWY-5860,InChIKey=YIVWQNVQRXFZJB-UHFFFAOYSA-L,2-Succinylbenzoate,C02730,superpathway of demethylmenaquinol-6 biosynthesis I,NA
O-SUCCINYLBENZOATE,C02730,PWY-5845,InChIKey=YIVWQNVQRXFZJB-UHFFFAOYSA-L,2-Succinylbenzoate,C02730,superpathway of menaquinol-9 biosynthesis,NA
O-SUCCINYLBENZOATE,C02730,PWY-5840,InChIKey=YIVWQNVQRXFZJB-UHFFFAOYSA-L,2-Succinylbenzoate,C02730,superpathway of menaquinol-7 biosynthesis,NA
O-SUCCINYLBENZOATE,C02730,PWY-5850,InChIKey=YIVWQNVQRXFZJB-UHFFFAOYSA-L,2-Succinylbenzoate,C02730,superpathway of menaquinol-6 biosynthesis,NA
3-HYDROXYPHENYL-PROPIONATE,C11457,HCAMHPDEG-PWY,InChIKey=QVWAEZJXDYOKEH-UHFFFAOYSA-M,3-(3-Hydroxyphenyl)propionic Acid,C11457,3-phenylpropanoate and 3-(3-hydroxyphenyl)propanoate degradation to 2-hydroxypentadienoate,NA
3-HYDROXYPHENYL-PROPIONATE,C11457,PWY0-1277,InChIKey=QVWAEZJXDYOKEH-UHFFFAOYSA-M,3-(3-Hydroxyphenyl)propionic Acid,C11457,3-phenylpropanoate and 3-(3-hydroxyphenyl)propanoate degradation,NA
P-HYDROXY-PHENYLPYRUVATE,C01179,PWY-5317,InChIKey=KKADPXVIOXHVKN-UHFFFAOYSA-M,4-Hydroxyphenylpyruvic acid,C01179,tropane alkaloids biosynthesis,NA
P-HYDROXY-PHENYLPYRUVATE,C01179,PWY-7341,InChIKey=KKADPXVIOXHVKN-UHFFFAOYSA-M,4-Hydroxyphenylpyruvic acid,C01179,superpathway of hyoscyamine (atropine) and scopolamine biosynthesis,NA
P-HYDROXY-PHENYLPYRUVATE,C01179,PWY-7432,InChIKey=KKADPXVIOXHVKN-UHFFFAOYSA-M,4-Hydroxyphenylpyruvic acid,C01179,"L-phenylalanine biosynthesis III (cytosolic, plants)",NA
P-HYDROXY-PHENYLPYRUVATE,C01179,PWY-5754,InChIKey=KKADPXVIOXHVKN-UHFFFAOYSA-M,4-Hydroxyphenylpyruvic acid,C01179,4-hydroxybenzoate biosynthesis I (eukaryotes),NA
P-HYDROXY-PHENYLPYRUVATE,C01179,PWY-8016,InChIKey=KKADPXVIOXHVKN-UHFFFAOYSA-M,4-Hydroxyphenylpyruvic acid,C01179,L-tyrosine degradation V (reductive Stickland reaction),NA
P-HYDROXY-PHENYLPYRUVATE,C01179,PWY-5048,InChIKey=KKADPXVIOXHVKN-UHFFFAOYSA-M,4-Hydroxyphenylpyruvic acid,C01179,rosmarinic acid biosynthesis I,NA
P-HYDROXY-PHENYLPYRUVATE,C01179,PWY-5071,InChIKey=KKADPXVIOXHVKN-UHFFFAOYSA-M,4-Hydroxyphenylpyruvic acid,C01179,superpathway of rosmarinic acid biosynthesis,NA
P-HYDROXY-PHENYLPYRUVATE,C01179,TYRSYN,InChIKey=KKADPXVIOXHVKN-UHFFFAOYSA-M,4-Hydroxyphenylpyruvic acid,C01179,L-tyrosine biosynthesis I,NA
P-HYDROXY-PHENYLPYRUVATE,C01179,PWY-6630,InChIKey=KKADPXVIOXHVKN-UHFFFAOYSA-M,4-Hydroxyphenylpyruvic acid,C01179,superpathway of L-tyrosine biosynthesis,NA
P-HYDROXY-PHENYLPYRUVATE,C01179,COMPLETE-ARO-PWY,InChIKey=KKADPXVIOXHVKN-UHFFFAOYSA-M,4-Hydroxyphenylpyruvic acid,C01179,superpathway of aromatic amino acid biosynthesis (from phospho<i>enol</i>pyruvate and D-erythrose 4-phosphate),NA
P-HYDROXY-PHENYLPYRUVATE,C01179,ALL-CHORISMATE-PWY,InChIKey=KKADPXVIOXHVKN-UHFFFAOYSA-M,4-Hydroxyphenylpyruvic acid,C01179,superpathway of chorismate metabolism,NA
P-HYDROXY-PHENYLPYRUVATE,C01179,PWY-5886,InChIKey=KKADPXVIOXHVKN-UHFFFAOYSA-M,4-Hydroxyphenylpyruvic acid,C01179,3-(4-hydroxyphenyl)pyruvate biosynthesis,NA
P-HYDROXY-PHENYLPYRUVATE,C01179,PWY-7518,InChIKey=KKADPXVIOXHVKN-UHFFFAOYSA-M,4-Hydroxyphenylpyruvic acid,C01179,atromentin biosynthesis,NA
P-HYDROXY-PHENYLPYRUVATE,C01179,PWY-8493,InChIKey=KKADPXVIOXHVKN-UHFFFAOYSA-M,4-Hydroxyphenylpyruvic acid,C01179,L-homotyrosine biosynthesis,NA
P-HYDROXY-PHENYLPYRUVATE,C01179,PWY-7649,InChIKey=KKADPXVIOXHVKN-UHFFFAOYSA-M,4-Hydroxyphenylpyruvic acid,C01179,3-hydroxy-<i>L</i>-homotyrosine biosynthesis,NA
P-HYDROXY-PHENYLPYRUVATE,C01179,PWY2SK3-2,InChIKey=KKADPXVIOXHVKN-UHFFFAOYSA-M,4-Hydroxyphenylpyruvic acid,C01179,scytonemin biosynthesis,NA
P-HYDROXY-PHENYLPYRUVATE,C01179,PWY-3581,InChIKey=KKADPXVIOXHVKN-UHFFFAOYSA-M,4-Hydroxyphenylpyruvic acid,C01179,(<i>S</i>)-reticuline biosynthesis I,NA
P-HYDROXY-PHENYLPYRUVATE,C01179,PWY3O-4108,InChIKey=KKADPXVIOXHVKN-UHFFFAOYSA-M,4-Hydroxyphenylpyruvic acid,C01179,L-tyrosine degradation III,NA
P-HYDROXY-PHENYLPYRUVATE,C01179,PWY-7514,InChIKey=KKADPXVIOXHVKN-UHFFFAOYSA-M,4-Hydroxyphenylpyruvic acid,C01179,L-tyrosine degradation IV (to 4-methylphenol),NA
P-HYDROXY-PHENYLPYRUVATE,C01179,PWY-5151,InChIKey=KKADPXVIOXHVKN-UHFFFAOYSA-M,4-Hydroxyphenylpyruvic acid,C01179,L-tyrosine degradation II,NA
P-HYDROXY-PHENYLPYRUVATE,C01179,PWY-7303,InChIKey=KKADPXVIOXHVKN-UHFFFAOYSA-M,4-Hydroxyphenylpyruvic acid,C01179,4-hydroxy-3-prenylbenzoate biosynthesis,NA
P-HYDROXY-PHENYLPYRUVATE,C01179,PWY-8369,InChIKey=KKADPXVIOXHVKN-UHFFFAOYSA-M,4-Hydroxyphenylpyruvic acid,C01179,superpathway of novobiocin biosynthesis,NA
P-HYDROXY-PHENYLPYRUVATE,C01179,PWY-1422,InChIKey=KKADPXVIOXHVKN-UHFFFAOYSA-M,4-Hydroxyphenylpyruvic acid,C01179,vitamin E biosynthesis (tocopherols),NA
P-HYDROXY-PHENYLPYRUVATE,C01179,PWY-1581,InChIKey=KKADPXVIOXHVKN-UHFFFAOYSA-M,4-Hydroxyphenylpyruvic acid,C01179,plastoquinol-9 biosynthesis I,NA
P-HYDROXY-PHENYLPYRUVATE,C01179,PWY-5864,InChIKey=KKADPXVIOXHVKN-UHFFFAOYSA-M,4-Hydroxyphenylpyruvic acid,C01179,superpathway of plastoquinol biosynthesis,NA
P-HYDROXY-PHENYLPYRUVATE,C01179,TYRFUMCAT-PWY,InChIKey=KKADPXVIOXHVKN-UHFFFAOYSA-M,4-Hydroxyphenylpyruvic acid,C01179,L-tyrosine degradation I,NA
CPD-721,C05616,METHYLGALLATE-DEGRADATION-PWY,InChIKey=KWCCUYSXAYTNKA-UHFFFAOYSA-M,3-O-methylgallate,C05616,methylgallate degradation,NA
CPD-721,C05616,PWY-6339,InChIKey=KWCCUYSXAYTNKA-UHFFFAOYSA-M,3-O-methylgallate,C05616,syringate degradation,NA
4-AMINO-BUTYRATE,C00334,PWY-0,InChIKey=BTCSSZJGUNDROE-UHFFFAOYSA-N,γ-Aminobutyric acid,C00334,putrescine degradation III,NA
4-AMINO-BUTYRATE,C00334,PWY-2,InChIKey=BTCSSZJGUNDROE-UHFFFAOYSA-N,γ-Aminobutyric acid,C00334,putrescine degradation IV,NA
4-AMINO-BUTYRATE,C00334,PWY-3,InChIKey=BTCSSZJGUNDROE-UHFFFAOYSA-N,γ-Aminobutyric acid,C00334,putrescine degradation V,NA
4-AMINO-BUTYRATE,C00334,PUTDEG-PWY,InChIKey=BTCSSZJGUNDROE-UHFFFAOYSA-N,γ-Aminobutyric acid,C00334,putrescine degradation I,NA
4-AMINO-BUTYRATE,C00334,PWY-7523,InChIKey=BTCSSZJGUNDROE-UHFFFAOYSA-N,γ-Aminobutyric acid,C00334,L-arginine degradation XII,NA
4-AMINO-BUTYRATE,C00334,PWY-5742,InChIKey=BTCSSZJGUNDROE-UHFFFAOYSA-N,γ-Aminobutyric acid,C00334,L-arginine degradation IX (arginine:pyruvate transaminase pathway),NA
4-AMINO-BUTYRATE,C00334,ARGDEG-IV-PWY,InChIKey=BTCSSZJGUNDROE-UHFFFAOYSA-N,γ-Aminobutyric acid,C00334,L-arginine degradation VIII (arginine oxidase pathway),NA
4-AMINO-BUTYRATE,C00334,ARGDEG-V-PWY,InChIKey=BTCSSZJGUNDROE-UHFFFAOYSA-N,γ-Aminobutyric acid,C00334,L-arginine degradation X (arginine monooxygenase pathway),NA
4-AMINO-BUTYRATE,C00334,PWY0-1221,InChIKey=BTCSSZJGUNDROE-UHFFFAOYSA-N,γ-Aminobutyric acid,C00334,putrescine degradation II,NA
4-AMINO-BUTYRATE,C00334,ORNDEG-PWY,InChIKey=BTCSSZJGUNDROE-UHFFFAOYSA-N,γ-Aminobutyric acid,C00334,superpathway of ornithine degradation,NA
4-AMINO-BUTYRATE,C00334,PWY0-1305,InChIKey=BTCSSZJGUNDROE-UHFFFAOYSA-N,γ-Aminobutyric acid,C00334,L-glutamate degradation IX (via 4-aminobutanoate),NA
4-AMINO-BUTYRATE,C00334,PWY-8543,InChIKey=BTCSSZJGUNDROE-UHFFFAOYSA-N,γ-Aminobutyric acid,C00334,gaburedin biosynthesis,NA
4-AMINO-BUTYRATE,C00334,PWY-8477,InChIKey=BTCSSZJGUNDROE-UHFFFAOYSA-N,γ-Aminobutyric acid,C00334,cyclopamine biosynthesis,NA
4-AMINO-BUTYRATE,C00334,PWY-6473,InChIKey=BTCSSZJGUNDROE-UHFFFAOYSA-N,γ-Aminobutyric acid,C00334,4-aminobutanoate degradation IV,NA
4-AMINO-BUTYRATE,C00334,PWY-5022,InChIKey=BTCSSZJGUNDROE-UHFFFAOYSA-N,γ-Aminobutyric acid,C00334,4-aminobutanoate degradation V,NA
4-AMINO-BUTYRATE,C00334,P181-PWY,InChIKey=BTCSSZJGUNDROE-UHFFFAOYSA-N,γ-Aminobutyric acid,C00334,nicotine degradation I (pyridine pathway),NA
4-AMINO-BUTYRATE,C00334,PWY-6537,InChIKey=BTCSSZJGUNDROE-UHFFFAOYSA-N,γ-Aminobutyric acid,C00334,4-aminobutanoate degradation II,NA
4-AMINO-BUTYRATE,C00334,PWY-8346,InChIKey=BTCSSZJGUNDROE-UHFFFAOYSA-N,γ-Aminobutyric acid,C00334,GABA shunt II,NA
4-AMINO-BUTYRATE,C00334,PWY-6536,InChIKey=BTCSSZJGUNDROE-UHFFFAOYSA-N,γ-Aminobutyric acid,C00334,4-aminobutanoate degradation III,NA
4-AMINO-BUTYRATE,C00334,PWY-6535,InChIKey=BTCSSZJGUNDROE-UHFFFAOYSA-N,γ-Aminobutyric acid,C00334,4-aminobutanoate degradation I,NA
4-AMINO-BUTYRATE,C00334,ORNARGDEG-PWY,InChIKey=BTCSSZJGUNDROE-UHFFFAOYSA-N,γ-Aminobutyric acid,C00334,superpathway of L-arginine and L-ornithine degradation,NA
4-AMINO-BUTYRATE,C00334,ARGDEG-PWY,InChIKey=BTCSSZJGUNDROE-UHFFFAOYSA-N,γ-Aminobutyric acid,C00334,"superpathway of L-arginine, putrescine, and 4-aminobutanoate degradation",NA
4-AMINO-BUTYRATE,C00334,4AMINOBUTMETAB-PWY,InChIKey=BTCSSZJGUNDROE-UHFFFAOYSA-N,γ-Aminobutyric acid,C00334,superpathway of 4-aminobutanoate degradation to succinate,NA
4-AMINO-BUTYRATE,C00334,GLUDEG-I-PWY,InChIKey=BTCSSZJGUNDROE-UHFFFAOYSA-N,γ-Aminobutyric acid,C00334,GABA shunt I,NA
4-AMINO-BUTYRATE,C00334,PWY66-421,InChIKey=BTCSSZJGUNDROE-UHFFFAOYSA-N,γ-Aminobutyric acid,C00334,homocarnosine biosynthesis,NA
CPD-592,C01035,PWY-8532,InChIKey=TUHVEAJXIMEOSA-UHFFFAOYSA-N,4-Guanidinobutyric acid,C01035,lydicamycin biosynthesis,NA
CPD-592,C01035,PWY-7523,InChIKey=TUHVEAJXIMEOSA-UHFFFAOYSA-N,4-Guanidinobutyric acid,C01035,L-arginine degradation XII,NA
CPD-592,C01035,PWY-5742,InChIKey=TUHVEAJXIMEOSA-UHFFFAOYSA-N,4-Guanidinobutyric acid,C01035,L-arginine degradation IX (arginine:pyruvate transaminase pathway),NA
CPD-592,C01035,ARGDEG-IV-PWY,InChIKey=TUHVEAJXIMEOSA-UHFFFAOYSA-N,4-Guanidinobutyric acid,C01035,L-arginine degradation VIII (arginine oxidase pathway),NA
CPD-592,C01035,ARGDEG-V-PWY,InChIKey=TUHVEAJXIMEOSA-UHFFFAOYSA-N,4-Guanidinobutyric acid,C01035,L-arginine degradation X (arginine monooxygenase pathway),NA
CPD-15502,C12457,PWY-7303,InChIKey=VBHJEUYYPUPECH-UHFFFAOYSA-M,3-Dimethylallyl-4-hydroxymandelic acid,C12457,4-hydroxy-3-prenylbenzoate biosynthesis,NA
CPD-15502,C12457,PWY-8369,InChIKey=VBHJEUYYPUPECH-UHFFFAOYSA-M,3-Dimethylallyl-4-hydroxymandelic acid,C12457,superpathway of novobiocin biosynthesis,NA
CPD-15319,C06034,PWY-7701,InChIKey=ONTAOGAXMOTXQW-FWRGRRDFSA-M,"(2S,4S)-4-amino-2-hydroxy-2-methylpentanedioic acid",C06034,4-hydroxy-4-methyl-L-glutamate biosynthesis,NA
CPD-15319,C06034,PWY-7702,InChIKey=ONTAOGAXMOTXQW-FWRGRRDFSA-M,"(2S,4S)-4-amino-2-hydroxy-2-methylpentanedioic acid",C06034,sch210971 and sch210972 biosynthesis,NA
CPD-824,C03771,PWY-6422,InChIKey=ARBHXJXXVVHMET-UHFFFAOYSA-N,2-Oxoarginine,C03771,D-arginine degradation,NA
CPD-824,C03771,PWY-7523,InChIKey=ARBHXJXXVVHMET-UHFFFAOYSA-N,2-Oxoarginine,C03771,L-arginine degradation XII,NA
CPD-824,C03771,PWY-5742,InChIKey=ARBHXJXXVVHMET-UHFFFAOYSA-N,2-Oxoarginine,C03771,L-arginine degradation IX (arginine:pyruvate transaminase pathway),NA
CPD-824,C03771,ARGDEG-IV-PWY,InChIKey=ARBHXJXXVVHMET-UHFFFAOYSA-N,2-Oxoarginine,C03771,L-arginine degradation VIII (arginine oxidase pathway),NA
CPD-824,C03771,PWY-5024,InChIKey=ARBHXJXXVVHMET-UHFFFAOYSA-N,2-Oxoarginine,C03771,L-arginine degradation XI,NA
CPD-824,C03771,PWY-6511,InChIKey=ARBHXJXXVVHMET-UHFFFAOYSA-N,2-Oxoarginine,C03771,3-methylarginine biosynthesis,NA
5-OXOPROLINE,C01879,PWY-7019,InChIKey=ODHCTXKNWHHXJC-VKHMYHEASA-M,L-Pyroglutamic acid,C01879,butirosin biosynthesis (from L-glutamate and ribostamycin),NA
5-OXOPROLINE,C01879,PWY-7020,InChIKey=ODHCTXKNWHHXJC-VKHMYHEASA-M,L-Pyroglutamic acid,C01879,superpathway of butirocin biosynthesis (from glucose 6-phosphate),NA
5-OXOPROLINE,C01879,PWY-7533,InChIKey=ODHCTXKNWHHXJC-VKHMYHEASA-M,L-Pyroglutamic acid,C01879,gliotoxin biosynthesis,NA
5-OXOPROLINE,C01879,PWY-7942,InChIKey=ODHCTXKNWHHXJC-VKHMYHEASA-M,L-Pyroglutamic acid,C01879,5-oxo-L-proline metabolism,NA
5-OXOPROLINE,C01879,PWY-4041,InChIKey=ODHCTXKNWHHXJC-VKHMYHEASA-M,L-Pyroglutamic acid,C01879,&gamma;-glutamyl cycle,NA
ADENINE,C00147,PWY185E-5,InChIKey=GFFGJBXGBJISGV-UHFFFAOYSA-N,Adenine,C00147,decaprenyl phosphate 5'-methylthioxylose biosynthesis,NA
ADENINE,C00147,PWY-6756,InChIKey=GFFGJBXGBJISGV-UHFFFAOYSA-N,Adenine,C00147,<i>S</i>-methyl-5'-thioadenosine degradation II,NA
ADENINE,C00147,PWY-7527,InChIKey=GFFGJBXGBJISGV-UHFFFAOYSA-N,Adenine,C00147,L-methionine salvage cycle III,NA
ADENINE,C00147,PWY-7072,InChIKey=GFFGJBXGBJISGV-UHFFFAOYSA-N,Adenine,C00147,hopanoid biosynthesis (bacteria),NA
ADENINE,C00147,PWY-2841,InChIKey=GFFGJBXGBJISGV-UHFFFAOYSA-N,Adenine,C00147,cytokinins degradation,NA
ADENINE,C00147,PWY0-1533,InChIKey=GFFGJBXGBJISGV-UHFFFAOYSA-N,Adenine,C00147,methylphosphonate degradation I,NA
ADENINE,C00147,PWY-7399,InChIKey=GFFGJBXGBJISGV-UHFFFAOYSA-N,Adenine,C00147,methylphosphonate degradation II,NA
ADENINE,C00147,PWY-7371,InChIKey=GFFGJBXGBJISGV-UHFFFAOYSA-N,Adenine,C00147,"5,8-dihydroxy-2-naphthoate biosynthesis II",NA
ADENINE,C00147,PWY-7373,InChIKey=GFFGJBXGBJISGV-UHFFFAOYSA-N,Adenine,C00147,superpathway of demethylmenaquinol-6 biosynthesis II,NA
ADENINE,C00147,PWY-7992,InChIKey=GFFGJBXGBJISGV-UHFFFAOYSA-N,Adenine,C00147,superpathway of menaquinol-8 biosynthesis III,NA
ADENINE,C00147,PWY-6617,InChIKey=GFFGJBXGBJISGV-UHFFFAOYSA-N,Adenine,C00147,adenosine nucleotides degradation III,NA
ADENINE,C00147,PWY-6700,InChIKey=GFFGJBXGBJISGV-UHFFFAOYSA-N,Adenine,C00147,queuosine biosynthesis I (<i>de novo</i>),NA
ADENINE,C00147,PWY-8106,InChIKey=GFFGJBXGBJISGV-UHFFFAOYSA-N,Adenine,C00147,queuosine biosynthesis III (queuosine salvage),NA
ADENINE,C00147,PWY-I9,InChIKey=GFFGJBXGBJISGV-UHFFFAOYSA-N,Adenine,C00147,L-cysteine biosynthesis VI (reverse transsulfuration),NA
ADENINE,C00147,PWY-6151,InChIKey=GFFGJBXGBJISGV-UHFFFAOYSA-N,Adenine,C00147,<i>S</i>-adenosyl-L-methionine salvage I,NA
ADENINE,C00147,PWY-6154,InChIKey=GFFGJBXGBJISGV-UHFFFAOYSA-N,Adenine,C00147,autoinducer AI-2 biosynthesis II (<i>Vibrio</i>),NA
ADENINE,C00147,PWY-6153,InChIKey=GFFGJBXGBJISGV-UHFFFAOYSA-N,Adenine,C00147,autoinducer AI-2 biosynthesis I,NA
ADENINE,C00147,PWY-7805,InChIKey=GFFGJBXGBJISGV-UHFFFAOYSA-N,Adenine,C00147,(aminomethyl)phosphonate degradation,NA
ADENINE,C00147,PWY-6605,InChIKey=GFFGJBXGBJISGV-UHFFFAOYSA-N,Adenine,C00147,adenine and adenosine salvage II,NA
ADENINE,C00147,PWY-8131,InChIKey=GFFGJBXGBJISGV-UHFFFAOYSA-N,Adenine,C00147,5'-deoxyadenosine degradation II,NA
ADENINE,C00147,PWY0-1391,InChIKey=GFFGJBXGBJISGV-UHFFFAOYSA-N,Adenine,C00147,<i>S</i>-methyl-5'-thioadenosine degradation IV,NA
ADENINE,C00147,PWY-6754,InChIKey=GFFGJBXGBJISGV-UHFFFAOYSA-N,Adenine,C00147,<i>S</i>-methyl-5'-thioadenosine degradation I,NA
ADENINE,C00147,PWY-7270,InChIKey=GFFGJBXGBJISGV-UHFFFAOYSA-N,Adenine,C00147,L-methionine salvage cycle II (plants),NA
ADENINE,C00147,PWY-7528,InChIKey=GFFGJBXGBJISGV-UHFFFAOYSA-N,Adenine,C00147,L-methionine salvage cycle I (bacteria and plants),NA
ADENINE,C00147,PWY-5796,InChIKey=GFFGJBXGBJISGV-UHFFFAOYSA-N,Adenine,C00147,malonate decarboxylase activation,NA
ADENINE,C00147,P2-PWY,InChIKey=GFFGJBXGBJISGV-UHFFFAOYSA-N,Adenine,C00147,citrate lyase activation,NA
ADENINE,C00147,PWY-6644,InChIKey=GFFGJBXGBJISGV-UHFFFAOYSA-N,Adenine,C00147,fluoroacetate and fluorothreonine biosynthesis,NA
ADENINE,C00147,PWY-5532,InChIKey=GFFGJBXGBJISGV-UHFFFAOYSA-N,Adenine,C00147,nucleoside and nucleotide degradation (archaea),NA
ADENINE,C00147,PWY0-1296,InChIKey=GFFGJBXGBJISGV-UHFFFAOYSA-N,Adenine,C00147,purine ribonucleosides degradation,NA
ADENINE,C00147,P121-PWY,InChIKey=GFFGJBXGBJISGV-UHFFFAOYSA-N,Adenine,C00147,adenine and adenosine salvage I,NA
ADENINE,C00147,PWY66-409,InChIKey=GFFGJBXGBJISGV-UHFFFAOYSA-N,Adenine,C00147,superpathway of purine nucleotide salvage,NA
ADENINE,C00147,PWY-6609,InChIKey=GFFGJBXGBJISGV-UHFFFAOYSA-N,Adenine,C00147,adenine and adenosine salvage III,NA
ADENINE,C00147,PWY-6611,InChIKey=GFFGJBXGBJISGV-UHFFFAOYSA-N,Adenine,C00147,adenine and adenosine salvage V,NA
ADENINE,C00147,PWY-7179,InChIKey=GFFGJBXGBJISGV-UHFFFAOYSA-N,Adenine,C00147,purine deoxyribonucleosides degradation I,NA
ADENINE,C00147,PWY0-1297,InChIKey=GFFGJBXGBJISGV-UHFFFAOYSA-N,Adenine,C00147,superpathway of purine deoxyribonucleosides degradation,NA
ADENINE,C00147,PWY-6627,InChIKey=GFFGJBXGBJISGV-UHFFFAOYSA-N,Adenine,C00147,salinosporamide A biosynthesis,NA
ADENINE,C00147,PWY-7807,InChIKey=GFFGJBXGBJISGV-UHFFFAOYSA-N,Adenine,C00147,glyphosate degradation III,NA
ADENINE,C00147,PWY-8130,InChIKey=GFFGJBXGBJISGV-UHFFFAOYSA-N,Adenine,C00147,5'-deoxyadenosine degradation I,NA
ADENINE,C00147,PWY-7964,InChIKey=GFFGJBXGBJISGV-UHFFFAOYSA-N,Adenine,C00147,pseudocobalamin biosynthesis from adenosylcobinamide-GDP,NA
ADENINE,C00147,PWY-6610,InChIKey=GFFGJBXGBJISGV-UHFFFAOYSA-N,Adenine,C00147,adenine salvage,NA
ADENOSINE,C00212,PWY-2841,InChIKey=OIRDTQYFTABQOQ-KQYNXXCUSA-N,adenosine,C00212,cytokinins degradation,NA
ADENOSINE,C00212,METHIONINE-DEG1-PWY,InChIKey=OIRDTQYFTABQOQ-KQYNXXCUSA-N,adenosine,C00212,L-methionine degradation I (to L-homocysteine),NA
ADENOSINE,C00212,PWY-6292,InChIKey=OIRDTQYFTABQOQ-KQYNXXCUSA-N,adenosine,C00212,superpathway of L-cysteine biosynthesis (mammalian),NA
ADENOSINE,C00212,PWY-5328,InChIKey=OIRDTQYFTABQOQ-KQYNXXCUSA-N,adenosine,C00212,superpathway of L-methionine salvage and degradation,NA
ADENOSINE,C00212,PWY-5041,InChIKey=OIRDTQYFTABQOQ-KQYNXXCUSA-N,adenosine,C00212,<i>S</i>-adenosyl-L-methionine salvage II,NA
ADENOSINE,C00212,PWY-5532,InChIKey=OIRDTQYFTABQOQ-KQYNXXCUSA-N,adenosine,C00212,nucleoside and nucleotide degradation (archaea),NA
ADENOSINE,C00212,P121-PWY,InChIKey=OIRDTQYFTABQOQ-KQYNXXCUSA-N,adenosine,C00212,adenine and adenosine salvage I,NA
ADENOSINE,C00212,PWY-5935,InChIKey=OIRDTQYFTABQOQ-KQYNXXCUSA-N,adenosine,C00212,1-tuberculosinyladenosine biosynthesis,NA
ADENOSINE,C00212,PWY0-1296,InChIKey=OIRDTQYFTABQOQ-KQYNXXCUSA-N,adenosine,C00212,purine ribonucleosides degradation,NA
ADENOSINE,C00212,SALVADEHYPOX-PWY,InChIKey=OIRDTQYFTABQOQ-KQYNXXCUSA-N,adenosine,C00212,adenosine nucleotides degradation II,NA
ADENOSINE,C00212,PWY-6353,InChIKey=OIRDTQYFTABQOQ-KQYNXXCUSA-N,adenosine,C00212,purine nucleotides degradation II (aerobic),NA
ADENOSINE,C00212,PWY-6609,InChIKey=OIRDTQYFTABQOQ-KQYNXXCUSA-N,adenosine,C00212,adenine and adenosine salvage III,NA
ADENOSINE,C00212,PWY-6611,InChIKey=OIRDTQYFTABQOQ-KQYNXXCUSA-N,adenosine,C00212,adenine and adenosine salvage V,NA
ADENOSINE,C00212,PWY-6605,InChIKey=OIRDTQYFTABQOQ-KQYNXXCUSA-N,adenosine,C00212,adenine and adenosine salvage II,NA
ADENOSINE,C00212,PWY-6619,InChIKey=OIRDTQYFTABQOQ-KQYNXXCUSA-N,adenosine,C00212,adenine and adenosine salvage VI,NA
ADENOSINE,C00212,PWY66-409,InChIKey=OIRDTQYFTABQOQ-KQYNXXCUSA-N,adenosine,C00212,superpathway of purine nucleotide salvage,NA
ADENOSINE,C00212,PWY-2841,InChIKey=OIRDTQYFTABQOQ-KQYNXXCUSA-N,Adenosine,C00212,cytokinins degradation,NA
ADENOSINE,C00212,METHIONINE-DEG1-PWY,InChIKey=OIRDTQYFTABQOQ-KQYNXXCUSA-N,Adenosine,C00212,L-methionine degradation I (to L-homocysteine),NA
ADENOSINE,C00212,PWY-6292,InChIKey=OIRDTQYFTABQOQ-KQYNXXCUSA-N,Adenosine,C00212,superpathway of L-cysteine biosynthesis (mammalian),NA
ADENOSINE,C00212,PWY-5328,InChIKey=OIRDTQYFTABQOQ-KQYNXXCUSA-N,Adenosine,C00212,superpathway of L-methionine salvage and degradation,NA
ADENOSINE,C00212,PWY-5041,InChIKey=OIRDTQYFTABQOQ-KQYNXXCUSA-N,Adenosine,C00212,<i>S</i>-adenosyl-L-methionine salvage II,NA
ADENOSINE,C00212,PWY-5532,InChIKey=OIRDTQYFTABQOQ-KQYNXXCUSA-N,Adenosine,C00212,nucleoside and nucleotide degradation (archaea),NA
ADENOSINE,C00212,P121-PWY,InChIKey=OIRDTQYFTABQOQ-KQYNXXCUSA-N,Adenosine,C00212,adenine and adenosine salvage I,NA
ADENOSINE,C00212,PWY-5935,InChIKey=OIRDTQYFTABQOQ-KQYNXXCUSA-N,Adenosine,C00212,1-tuberculosinyladenosine biosynthesis,NA
ADENOSINE,C00212,PWY0-1296,InChIKey=OIRDTQYFTABQOQ-KQYNXXCUSA-N,Adenosine,C00212,purine ribonucleosides degradation,NA
ADENOSINE,C00212,SALVADEHYPOX-PWY,InChIKey=OIRDTQYFTABQOQ-KQYNXXCUSA-N,Adenosine,C00212,adenosine nucleotides degradation II,NA
ADENOSINE,C00212,PWY-6353,InChIKey=OIRDTQYFTABQOQ-KQYNXXCUSA-N,Adenosine,C00212,purine nucleotides degradation II (aerobic),NA
ADENOSINE,C00212,PWY-6609,InChIKey=OIRDTQYFTABQOQ-KQYNXXCUSA-N,Adenosine,C00212,adenine and adenosine salvage III,NA
ADENOSINE,C00212,PWY-6611,InChIKey=OIRDTQYFTABQOQ-KQYNXXCUSA-N,Adenosine,C00212,adenine and adenosine salvage V,NA
ADENOSINE,C00212,PWY-6605,InChIKey=OIRDTQYFTABQOQ-KQYNXXCUSA-N,Adenosine,C00212,adenine and adenosine salvage II,NA
ADENOSINE,C00212,PWY-6619,InChIKey=OIRDTQYFTABQOQ-KQYNXXCUSA-N,Adenosine,C00212,adenine and adenosine salvage VI,NA
ADENOSINE,C00212,PWY66-409,InChIKey=OIRDTQYFTABQOQ-KQYNXXCUSA-N,Adenosine,C00212,superpathway of purine nucleotide salvage,NA
TREHALOSE,C01083,TREHALOSESYN-PWY,InChIKey=HDTRYLNUVZCQOY-LIZSDCNHSA-N,alpha-alpha-Trehalose,C01083,trehalose biosynthesis III,NA
TREHALOSE,C01083,TRESYN-PWY,InChIKey=HDTRYLNUVZCQOY-LIZSDCNHSA-N,alpha-alpha-Trehalose,C01083,trehalose biosynthesis I,NA
TREHALOSE,C01083,PWY-881,InChIKey=HDTRYLNUVZCQOY-LIZSDCNHSA-N,alpha-alpha-Trehalose,C01083,trehalose biosynthesis II,NA
TREHALOSE,C01083,PWY-2661,InChIKey=HDTRYLNUVZCQOY-LIZSDCNHSA-N,alpha-alpha-Trehalose,C01083,trehalose biosynthesis V,NA
TREHALOSE,C01083,PWY-5983,InChIKey=HDTRYLNUVZCQOY-LIZSDCNHSA-N,alpha-alpha-Trehalose,C01083,trehalose biosynthesis VI,NA
TREHALOSE,C01083,PWY-5985,InChIKey=HDTRYLNUVZCQOY-LIZSDCNHSA-N,alpha-alpha-Trehalose,C01083,trehalose biosynthesis VII,NA
TREHALOSE,C01083,PWY-7900,InChIKey=HDTRYLNUVZCQOY-LIZSDCNHSA-N,alpha-alpha-Trehalose,C01083,glycogen biosynthesis III (from &alpha;-maltose 1-phosphate),NA
TREHALOSE,C01083,PWY-2622,InChIKey=HDTRYLNUVZCQOY-LIZSDCNHSA-N,alpha-alpha-Trehalose,C01083,trehalose biosynthesis IV,NA
TREHALOSE,C01083,PWY-6397,InChIKey=HDTRYLNUVZCQOY-LIZSDCNHSA-N,alpha-alpha-Trehalose,C01083,mycolyl-arabinogalactan-peptidoglycan complex biosynthesis,NA
TREHALOSE,C01083,PWY-6404,InChIKey=HDTRYLNUVZCQOY-LIZSDCNHSA-N,alpha-alpha-Trehalose,C01083,superpathway of mycolyl-arabinogalactan-peptidoglycan complex biosynthesis,NA
TREHALOSE,C01083,PWYG-321,InChIKey=HDTRYLNUVZCQOY-LIZSDCNHSA-N,alpha-alpha-Trehalose,C01083,mycolate biosynthesis,NA
TREHALOSE,C01083,PWY-6113,InChIKey=HDTRYLNUVZCQOY-LIZSDCNHSA-N,alpha-alpha-Trehalose,C01083,superpathway of mycolate biosynthesis,NA
TREHALOSE,C01083,PWY-7738,InChIKey=HDTRYLNUVZCQOY-LIZSDCNHSA-N,alpha-alpha-Trehalose,C01083,polyacyltrehalose biosynthesis,NA
TREHALOSE,C01083,PWY-2722,InChIKey=HDTRYLNUVZCQOY-LIZSDCNHSA-N,alpha-alpha-Trehalose,C01083,trehalose degradation IV,NA
TREHALOSE,C01083,PWY-7746,InChIKey=HDTRYLNUVZCQOY-LIZSDCNHSA-N,alpha-alpha-Trehalose,C01083,mycobacterial sulfolipid biosynthesis,NA
TREHALOSE,C01083,PWY-2723,InChIKey=HDTRYLNUVZCQOY-LIZSDCNHSA-N,alpha-alpha-Trehalose,C01083,trehalose degradation V,NA
TREHALOSE,C01083,PWY0-1466,InChIKey=HDTRYLNUVZCQOY-LIZSDCNHSA-N,alpha-alpha-Trehalose,C01083,trehalose degradation VI (periplasmic),NA
TREHALOSE,C01083,PWY0-1182,InChIKey=HDTRYLNUVZCQOY-LIZSDCNHSA-N,alpha-alpha-Trehalose,C01083,trehalose degradation II (cytosolic),NA
TREHALOSE,C01083,PWY-6981,InChIKey=HDTRYLNUVZCQOY-LIZSDCNHSA-N,alpha-alpha-Trehalose,C01083,chitin biosynthesis,NA
CPD-5583,C11045,PWY-8454,InChIKey=IAOZJIPTCAWIRG-QWRGUYRKSA-N,Aspartame,C11045,aspartame degradation,NA
BETAINE_ALDEHYDE,C00576,PWY-3721,InChIKey=SXKNCCSPZDCRFD-UHFFFAOYSA-N,Betaine,C00576,choline degradation II,NA
BETAINE_ALDEHYDE,C00576,BETSYN-PWY,InChIKey=SXKNCCSPZDCRFD-UHFFFAOYSA-N,Betaine,C00576,glycine betaine biosynthesis I (Gram-negative bacteria),NA
BETAINE_ALDEHYDE,C00576,PWY-7494,InChIKey=SXKNCCSPZDCRFD-UHFFFAOYSA-N,Betaine,C00576,choline degradation IV,NA
BETAINE_ALDEHYDE,C00576,PWY1F-353,InChIKey=SXKNCCSPZDCRFD-UHFFFAOYSA-N,Betaine,C00576,glycine betaine biosynthesis III (plants),NA
BETAINE_ALDEHYDE,C00576,CHOLINE-BETAINE-ANA-PWY,InChIKey=SXKNCCSPZDCRFD-UHFFFAOYSA-N,Betaine,C00576,choline degradation I,NA
BETAINE_ALDEHYDE,C00576,P542-PWY,InChIKey=SXKNCCSPZDCRFD-UHFFFAOYSA-N,Betaine,C00576,choline-<i>O</i>-sulfate degradation,NA
BETAINE_ALDEHYDE,C00576,PWY-3722,InChIKey=SXKNCCSPZDCRFD-UHFFFAOYSA-N,Betaine,C00576,glycine betaine biosynthesis II (Gram-positive bacteria),NA
BIOTIN,C00120,PWY0-1507,InChIKey=YBJHBAHKTGYVGT-ZKWXMUAHSA-M,Biotin,C00120,biotin biosynthesis from 8-amino-7-oxononanoate I,NA
BIOTIN,C00120,BIOTIN-BIOSYNTHESIS-PWY,InChIKey=YBJHBAHKTGYVGT-ZKWXMUAHSA-M,Biotin,C00120,superpathway of biotin biosynthesis I,NA
BIOTIN,C00120,PWY-7380,InChIKey=YBJHBAHKTGYVGT-ZKWXMUAHSA-M,Biotin,C00120,biotin biosynthesis from 8-amino-7-oxononanoate II,NA
BIOTIN,C00120,PWY-5005,InChIKey=YBJHBAHKTGYVGT-ZKWXMUAHSA-M,Biotin,C00120,superpathway of biotin biosynthesis II,NA
BIOTIN,C00120,PWY-8128,InChIKey=YBJHBAHKTGYVGT-ZKWXMUAHSA-M,Biotin,C00120,biotin biosynthesis from 8-amino-7-oxononanoate III,NA
BIOTIN,C00120,PWY-8575,InChIKey=YBJHBAHKTGYVGT-ZKWXMUAHSA-M,Biotin,C00120,biotin biosynthesis from 8-amino-7-oxononanoate IV,NA
BIOTIN,C00120,PWY0-1264,InChIKey=YBJHBAHKTGYVGT-ZKWXMUAHSA-M,Biotin,C00120,malonyl-CoA biosynthesis via biotin-carboxyl carrier protein,NA
CHOLINE,C00114,PWY-3542,InChIKey=OEYIOHPDSNJKLS-UHFFFAOYSA-N,Choline,C00114,choline biosynthesis II,NA
CHOLINE,C00114,PWY-3561,InChIKey=OEYIOHPDSNJKLS-UHFFFAOYSA-N,Choline,C00114,choline biosynthesis III,NA
CHOLINE,C00114,LIPASYN-PWY,InChIKey=OEYIOHPDSNJKLS-UHFFFAOYSA-N,Choline,C00114,phospholipases,NA
CHOLINE,C00114,PWY-7039,InChIKey=OEYIOHPDSNJKLS-UHFFFAOYSA-N,Choline,C00114,"phosphatidate metabolism, as a signaling molecule",NA
CHOLINE,C00114,PWY-7783,InChIKey=OEYIOHPDSNJKLS-UHFFFAOYSA-N,Choline,C00114,plasmalogen degradation,NA
CHOLINE,C00114,PWY-7501,InChIKey=OEYIOHPDSNJKLS-UHFFFAOYSA-N,Choline,C00114,phosphatidylserine biosynthesis I,NA
CHOLINE,C00114,PWY-7367,InChIKey=OEYIOHPDSNJKLS-UHFFFAOYSA-N,Choline,C00114,phosphatidylcholine resynthesis via glycerophosphocholine,NA
CHOLINE,C00114,PWY-3385,InChIKey=OEYIOHPDSNJKLS-UHFFFAOYSA-N,Choline,C00114,choline biosynthesis I,NA
CHOLINE,C00114,PWY-4762,InChIKey=OEYIOHPDSNJKLS-UHFFFAOYSA-N,Choline,C00114,superpathway of choline biosynthesis,NA
CHOLINE,C00114,BETSYN-PWY,InChIKey=OEYIOHPDSNJKLS-UHFFFAOYSA-N,Choline,C00114,glycine betaine biosynthesis I (Gram-negative bacteria),NA
CHOLINE,C00114,CHOLINE-BETAINE-ANA-PWY,InChIKey=OEYIOHPDSNJKLS-UHFFFAOYSA-N,Choline,C00114,choline degradation I,NA
CHOLINE,C00114,P542-PWY,InChIKey=OEYIOHPDSNJKLS-UHFFFAOYSA-N,Choline,C00114,choline-<i>O</i>-sulfate degradation,NA
CHOLINE,C00114,PWY-3301,InChIKey=OEYIOHPDSNJKLS-UHFFFAOYSA-N,Choline,C00114,sinapate ester biosynthesis,NA
CHOLINE,C00114,PWY-7167,InChIKey=OEYIOHPDSNJKLS-UHFFFAOYSA-N,Choline,C00114,choline degradation III,NA
CHOLINE,C00114,PWY-3722,InChIKey=OEYIOHPDSNJKLS-UHFFFAOYSA-N,Choline,C00114,glycine betaine biosynthesis II (Gram-positive bacteria),NA
CHOLINE,C00114,PWY-3721,InChIKey=OEYIOHPDSNJKLS-UHFFFAOYSA-N,Choline,C00114,choline degradation II,NA
CHOLINE,C00114,PWY-7494,InChIKey=OEYIOHPDSNJKLS-UHFFFAOYSA-N,Choline,C00114,choline degradation IV,NA
CHOLINE,C00114,PWY-6826,InChIKey=OEYIOHPDSNJKLS-UHFFFAOYSA-N,Choline,C00114,phosphatidylcholine biosynthesis VI,NA
CHOLINE,C00114,PWY1F-353,InChIKey=OEYIOHPDSNJKLS-UHFFFAOYSA-N,Choline,C00114,glycine betaine biosynthesis III (plants),NA
CHOLINE,C00114,PWY-7818,InChIKey=OEYIOHPDSNJKLS-UHFFFAOYSA-N,Choline,C00114,teichoic acid biosynthesis (<i>S. pneumoniae</i>),NA
CHOLINE,C00114,PWY-7886,InChIKey=OEYIOHPDSNJKLS-UHFFFAOYSA-N,Choline,C00114,cell-surface glycoconjugate-linked phosphocholine biosynthesis,NA
CHOLINE,C00114,PWY-7782,InChIKey=OEYIOHPDSNJKLS-UHFFFAOYSA-N,Choline,C00114,plasmalogen biosynthesis I (aerobic),NA
CHOLINE,C00114,PWY3O-450,InChIKey=OEYIOHPDSNJKLS-UHFFFAOYSA-N,Choline,C00114,phosphatidylcholine biosynthesis I,NA
CHOLINE,C00114,PHOSLIPSYN2-PWY,InChIKey=OEYIOHPDSNJKLS-UHFFFAOYSA-N,Choline,C00114,superpathway of phospholipid biosynthesis II (plants),NA
CHOLINE,C00114,PWY4FS-5,InChIKey=OEYIOHPDSNJKLS-UHFFFAOYSA-N,Choline,C00114,superpathway of phosphatidylcholine biosynthesis,NA
CPD-543,C00919,P542-PWY,InChIKey=WXCQAWGXWVRCGP-UHFFFAOYSA-N,Choline sulfate,C00919,choline-<i>O</i>-sulfate degradation,NA
TRANS-CINNAMOYL-BETA-D-GLUCOSE,C04164,PWY-5968,InChIKey=CJGRGYBLAHPYOM-HOLMNUNMSA-N,1-O-trans-Cinnamoyl-beta-D-glucopyranose,C04164,cinnamate esters biosynthesis,NA
CONIFERYL-ALDEHYDE,C02666,PWY-6027,InChIKey=DKZBBWMURDFHNE-NSCUHMNNSA-N,4-Hydroxy-3-methoxycinnamaldehyde,C02666,capsiconiate biosynthesis,NA
CONIFERYL-ALDEHYDE,C02666,PWY-6302,InChIKey=DKZBBWMURDFHNE-NSCUHMNNSA-N,4-Hydroxy-3-methoxycinnamaldehyde,C02666,dihydroconiferyl alcohol biosynthesis,NA
CONIFERYL-ALDEHYDE,C02666,PWY-361,InChIKey=DKZBBWMURDFHNE-NSCUHMNNSA-N,4-Hydroxy-3-methoxycinnamaldehyde,C02666,monolignol biosynthesis,NA
CONIFERYL-ALDEHYDE,C02666,PWY-5168,InChIKey=DKZBBWMURDFHNE-NSCUHMNNSA-N,4-Hydroxy-3-methoxycinnamaldehyde,C02666,ferulate and sinapate biosynthesis,NA
CONIFERYL-ALDEHYDE,C02666,PWY-83,InChIKey=DKZBBWMURDFHNE-NSCUHMNNSA-N,4-Hydroxy-3-methoxycinnamaldehyde,C02666,monolignol glucosides biosynthesis,NA
CONIFERYL-ALDEHYDE,C02666,PWY-6027,InChIKey=DKZBBWMURDFHNE-NSCUHMNNSA-N,coniferaldehyde,C02666,capsiconiate biosynthesis,NA
CONIFERYL-ALDEHYDE,C02666,PWY-6302,InChIKey=DKZBBWMURDFHNE-NSCUHMNNSA-N,coniferaldehyde,C02666,dihydroconiferyl alcohol biosynthesis,NA
CONIFERYL-ALDEHYDE,C02666,PWY-361,InChIKey=DKZBBWMURDFHNE-NSCUHMNNSA-N,coniferaldehyde,C02666,monolignol biosynthesis,NA
CONIFERYL-ALDEHYDE,C02666,PWY-5168,InChIKey=DKZBBWMURDFHNE-NSCUHMNNSA-N,coniferaldehyde,C02666,ferulate and sinapate biosynthesis,NA
CONIFERYL-ALDEHYDE,C02666,PWY-83,InChIKey=DKZBBWMURDFHNE-NSCUHMNNSA-N,coniferaldehyde,C02666,monolignol glucosides biosynthesis,NA
CORTICOSTERONE,C02140,PWY66-382,InChIKey=OMFXVFTZEKFJBZ-HJTSIMOOSA-N,Corticosterone,C02140,mineralocorticoid biosynthesis,NA
CORTICOSTERONE,C02140,PWY-7305,InChIKey=OMFXVFTZEKFJBZ-HJTSIMOOSA-N,Corticosterone,C02140,superpathway of steroid hormone biosynthesis,NA
CPD-8662,C08588,PWY-5397,InChIKey=PANKHBYNKQNAHN-MQQNZMFNSA-L,Crocetin,C08588,crocetin biosynthesis,NA
CPD-8662,C08588,PWY-5398,InChIKey=PANKHBYNKQNAHN-MQQNZMFNSA-L,Crocetin,C08588,crocetin esters biosynthesis,NA
CPD-6602,C10443,PWY-6432,InChIKey=ZIUSSTSXXLLKKK-KOBPDPAPSA-N,Curcumin,C10443,curcuminoid biosynthesis,NA
CPD-6602,C10443,PWY-4421,InChIKey=ZIUSSTSXXLLKKK-KOBPDPAPSA-N,Curcumin,C10443,curcumin glucoside biosynthesis,NA
CPD-6602,C10443,PWY0-1527,InChIKey=ZIUSSTSXXLLKKK-KOBPDPAPSA-N,Curcumin,C10443,curcumin degradation,NA
CYTIDINE,C00475,PWY-7185,InChIKey=UHDGCWIWMRVCDJ-XVFCMESISA-N,Cytidine,C00475,UTP and CTP dephosphorylation I,NA
CYTIDINE,C00475,PWY0-1295,InChIKey=UHDGCWIWMRVCDJ-XVFCMESISA-N,Cytidine,C00475,pyrimidine ribonucleosides degradation,NA
CYTIDINE,C00475,PWY-7209,InChIKey=UHDGCWIWMRVCDJ-XVFCMESISA-N,Cytidine,C00475,superpathway of pyrimidine ribonucleosides degradation,NA
CYTIDINE,C00475,PWY-6556,InChIKey=UHDGCWIWMRVCDJ-XVFCMESISA-N,Cytidine,C00475,pyrimidine ribonucleosides salvage II,NA
CYTIDINE,C00475,PWY-5532,InChIKey=UHDGCWIWMRVCDJ-XVFCMESISA-N,Cytidine,C00475,nucleoside and nucleotide degradation (archaea),NA
CYTIDINE,C00475,PWY-7193,InChIKey=UHDGCWIWMRVCDJ-XVFCMESISA-N,Cytidine,C00475,pyrimidine ribonucleosides salvage I,NA
CYTIDINE,C00475,PWY-7196,InChIKey=UHDGCWIWMRVCDJ-XVFCMESISA-N,Cytidine,C00475,superpathway of pyrimidine ribonucleosides salvage,NA
CYTIDINE,C00475,PWY-7195,InChIKey=UHDGCWIWMRVCDJ-XVFCMESISA-N,Cytidine,C00475,pyrimidine ribonucleosides salvage III,NA
CYTOSINE,C00380,PWY-5532,InChIKey=OPTASPLRGRRNAP-UHFFFAOYSA-N,Cytosine,C00380,nucleoside and nucleotide degradation (archaea),NA
CYTOSINE,C00380,PWY-7569,InChIKey=OPTASPLRGRRNAP-UHFFFAOYSA-N,Cytosine,C00380,arginomycin biosynthesis,NA
CYTOSINE,C00380,PWY-7570,InChIKey=OPTASPLRGRRNAP-UHFFFAOYSA-N,Cytosine,C00380,blasticidin S biosynthesis,NA
CYTOSINE,C00380,PWY-7195,InChIKey=OPTASPLRGRRNAP-UHFFFAOYSA-N,Cytosine,C00380,pyrimidine ribonucleosides salvage III,NA
CYTOSINE,C00380,PWY-7194,InChIKey=OPTASPLRGRRNAP-UHFFFAOYSA-N,Cytosine,C00380,pyrimidine nucleobases salvage II,NA
CPD-220,C00792,PWY-6422,InChIKey=ODKSFYDXXFIFQN-SCSAIBSYSA-O,D-Arginine,C00792,D-arginine degradation,NA
CPD-302,C00402,PWY-6470,InChIKey=CKLJMWTZIZZHCS-UWTATZPHSA-M,D-Aspartic acid,C00402,peptidoglycan biosynthesis V (&beta;-lactam resistance),NA
CPD-302,C00402,PWY-6461,InChIKey=CKLJMWTZIZZHCS-UWTATZPHSA-M,D-Aspartic acid,C00402,peptidoglycan cross-bridge biosynthesis II (<i>E. faecium</i>),NA
CPD-302,C00402,PWY-6471,InChIKey=CKLJMWTZIZZHCS-UWTATZPHSA-M,D-Aspartic acid,C00402,peptidoglycan biosynthesis IV (<i>Enterococcus faecium</i>),NA
D-CARNITINE,C15025,PWY-7472,InChIKey=PHIQHXFUZVPYII-LURJTMIESA-N,D-Carnitine,C15025,D-carnitine degradation II,NA
D-CARNITINE,C15025,PWY-7471,InChIKey=PHIQHXFUZVPYII-LURJTMIESA-N,D-Carnitine,C15025,D-carnitine degradation I,NA
D-GLT,C00217,PWY-8448,InChIKey=WHUUTDBJXJRKMK-GSVOUGTGSA-M,D-Glutamic acid,C00217,D-alanine degradation,NA
D-GLT,C00217,PWY-8453,InChIKey=WHUUTDBJXJRKMK-GSVOUGTGSA-M,D-Glutamic acid,C00217,D-glutamate degradation,NA
D-GLT,C00217,PWY-8381,InChIKey=WHUUTDBJXJRKMK-GSVOUGTGSA-M,D-Glutamic acid,C00217,sulfazecin biosynthesis,NA
D-GLT,C00217,PWY-6387,InChIKey=WHUUTDBJXJRKMK-GSVOUGTGSA-M,D-Glutamic acid,C00217,UDP-<i>N</i>-acetylmuramoyl-pentapeptide biosynthesis I (<i>meso</i>-diaminopimelate containing),NA
D-GLT,C00217,PWY-6385,InChIKey=WHUUTDBJXJRKMK-GSVOUGTGSA-M,D-Glutamic acid,C00217,peptidoglycan biosynthesis III (mycobacteria),NA
D-GLT,C00217,PEPTIDOGLYCANSYN-PWY,InChIKey=WHUUTDBJXJRKMK-GSVOUGTGSA-M,D-Glutamic acid,C00217,peptidoglycan biosynthesis I (<I>meso</I>-diaminopimelate containing),NA
D-GLT,C00217,PWY-6386,InChIKey=WHUUTDBJXJRKMK-GSVOUGTGSA-M,D-Glutamic acid,C00217,UDP-<i>N</i>-acetylmuramoyl-pentapeptide biosynthesis II (lysine-containing),NA
D-GLT,C00217,PWY-6470,InChIKey=WHUUTDBJXJRKMK-GSVOUGTGSA-M,D-Glutamic acid,C00217,peptidoglycan biosynthesis V (&beta;-lactam resistance),NA
D-GLT,C00217,PWY-5265,InChIKey=WHUUTDBJXJRKMK-GSVOUGTGSA-M,D-Glutamic acid,C00217,peptidoglycan biosynthesis II (staphylococci),NA
D-GLT,C00217,PWY-6471,InChIKey=WHUUTDBJXJRKMK-GSVOUGTGSA-M,D-Glutamic acid,C00217,peptidoglycan biosynthesis IV (<i>Enterococcus faecium</i>),NA
MANNITOL,C00392,PWY-3881,InChIKey=FBPFZTCFMRRESA-KVTDHHQDSA-N,Mannitol,C00392,mannitol biosynthesis,NA
MANNITOL,C00392,PWY-6531,InChIKey=FBPFZTCFMRRESA-KVTDHHQDSA-N,Mannitol,C00392,mannitol cycle,NA
MANNITOL,C00392,PWY-3861,InChIKey=FBPFZTCFMRRESA-KVTDHHQDSA-N,Mannitol,C00392,mannitol degradation II,NA
D-PROLINE,C00763,PWY-8186,InChIKey=ONIBWKKTOPOVIA-SCSAIBSYSA-N,D-Proline,C00763,L-proline degradation II (reductive Stickland reaction),NA
D-SERINE,C00740,PWY-8140,InChIKey=MTCFGRXMJLQNBG-UWTATZPHSA-N,D-Serine,C00740,serine racemization,NA
D-SERINE,C00740,PWY0-1535,InChIKey=MTCFGRXMJLQNBG-UWTATZPHSA-N,D-Serine,C00740,D-serine degradation,NA
D-SERINE,C00740,PWY-6455,InChIKey=MTCFGRXMJLQNBG-UWTATZPHSA-N,D-Serine,C00740,vancomycin resistance II,NA
CPD-8192,C18083,PWY-5365,InChIKey=FIDUIAPDSKSUGO-UHFFFAOYSA-N,Demethylsuberosin,C18083,linear furanocoumarin biosynthesis,NA
CPD-18421,C09747,PWY-7712,InChIKey=LINOMUASTDIRTM-QRBKTPBVSA-N,Deoxynivalenol,C09747,deoxynivalenol biosynthesis,NA
CPD-18421,C09747,PWY-7715,InChIKey=LINOMUASTDIRTM-QRBKTPBVSA-N,Deoxynivalenol,C09747,superpathway of trichothecene biosynthesis,NA
CPD-94,C10448,PWY-6302,InChIKey=MWOMNLDJNQWJMK-UHFFFAOYSA-N,dihydroconiferyl alcohol,C10448,dihydroconiferyl alcohol biosynthesis,NA
CPD-94,C10448,PWY-83,InChIKey=MWOMNLDJNQWJMK-UHFFFAOYSA-N,dihydroconiferyl alcohol,C10448,monolignol glucosides biosynthesis,NA
DIMETHYLMAL-CPD,C00922,PWY-5055,InChIKey=CGBYBGVMDAPUIH-ARJAWSKDSA-L,Dimethyl maleate,C00922,nicotinate degradation III,NA
DIMETHYLMAL-CPD,C00922,PWY-5062,InChIKey=CGBYBGVMDAPUIH-ARJAWSKDSA-L,Dimethyl maleate,C00922,superpathway of nicotinate degradation,NA
CPD-8215,C10343,PWY-8166,InChIKey=RHMXXJGYXNZAPX-UHFFFAOYSA-M,"1,3,8-trihydroxy-6-methyl-anthracene-9,10-dione",C10343,emodin biosynthesis,NA
CPD-8215,C10343,PWY-8609,InChIKey=RHMXXJGYXNZAPX-UHFFFAOYSA-M,"1,3,8-trihydroxy-6-methyl-anthracene-9,10-dione",C10343,monodictyphenone biosynthesis,NA
CPD-8215,C10343,PWY-8611,InChIKey=RHMXXJGYXNZAPX-UHFFFAOYSA-M,"1,3,8-trihydroxy-6-methyl-anthracene-9,10-dione",C10343,pestheic acid biosynthesis,NA
CPD-8215,C10343,PWY-5780,InChIKey=RHMXXJGYXNZAPX-UHFFFAOYSA-M,"1,3,8-trihydroxy-6-methyl-anthracene-9,10-dione",C10343,hypericin biosynthesis,NA
CPD-8215,C10343,PWY-7079,InChIKey=RHMXXJGYXNZAPX-UHFFFAOYSA-M,"1,3,8-trihydroxy-6-methyl-anthracene-9,10-dione",C10343,geodin biosynthesis,NA
CPD-8097,C09263,PWY-5349,InChIKey=ILEDWLMCKZNDJK-UHFFFAOYSA-N,Esculetin,C09263,esculetin biosynthesis,NA
CPD-8097,C09263,PWY-7057,InChIKey=ILEDWLMCKZNDJK-UHFFFAOYSA-N,Esculetin,C09263,cichoriin interconversion,NA
CPD-8097,C09263,PWY-7058,InChIKey=ILEDWLMCKZNDJK-UHFFFAOYSA-N,Esculetin,C09263,esculetin modification,NA
CPD-8097,C09263,PWY-7186,InChIKey=ILEDWLMCKZNDJK-UHFFFAOYSA-N,Esculetin,C09263,superpathway of scopolin and esculin biosynthesis,NA
ETHYLBENZENE,C07111,PWY-481,InChIKey=YNQLUTRBYVCPMQ-UHFFFAOYSA-N,Ethylbenzene,C07111,ethylbenzene degradation (anaerobic),NA
FERULIC-ACID,C01494,PWY-7498,InChIKey=KSEBMYQBYZTDHS-HWKANZROSA-M,3-Methoxycinnamic acid,C01494,phenylpropanoids methylation (ice plant),NA
FERULIC-ACID,C01494,PWY-6784,InChIKey=KSEBMYQBYZTDHS-HWKANZROSA-M,3-Methoxycinnamic acid,C01494,cellulose and hemicellulose degradation (cellulolosome),NA
FERULIC-ACID,C01494,PWY-7256,InChIKey=KSEBMYQBYZTDHS-HWKANZROSA-M,3-Methoxycinnamic acid,C01494,cyanidin diglucoside biosynthesis (acyl-glucose dependent),NA
FERULIC-ACID,C01494,PWY-7260,InChIKey=KSEBMYQBYZTDHS-HWKANZROSA-M,3-Methoxycinnamic acid,C01494,delphinidin diglucoside biosynthesis (acyl-glucose dependent),NA
FERULIC-ACID,C01494,PWY-7259,InChIKey=KSEBMYQBYZTDHS-HWKANZROSA-M,3-Methoxycinnamic acid,C01494,pelargonidin diglucoside biosynthesis (acyl-glucose dependent),NA
FERULIC-ACID,C01494,PWY-5168,InChIKey=KSEBMYQBYZTDHS-HWKANZROSA-M,3-Methoxycinnamic acid,C01494,ferulate and sinapate biosynthesis,NA
FERULIC-ACID,C01494,PWY-2181,InChIKey=KSEBMYQBYZTDHS-HWKANZROSA-M,3-Methoxycinnamic acid,C01494,free phenylpropanoid acid biosynthesis,NA
FERULIC-ACID,C01494,PWY2DDB-5,InChIKey=KSEBMYQBYZTDHS-HWKANZROSA-M,3-Methoxycinnamic acid,C01494,hydroxycinnamate degradation,NA
FERULIC-ACID,C01494,PWY-7186,InChIKey=KSEBMYQBYZTDHS-HWKANZROSA-M,3-Methoxycinnamic acid,C01494,superpathway of scopolin and esculin biosynthesis,NA
FERULIC-ACID,C01494,PWY-1121,InChIKey=KSEBMYQBYZTDHS-HWKANZROSA-M,3-Methoxycinnamic acid,C01494,suberin monomers biosynthesis,NA
FERULIC-ACID,C01494,PWY-6343,InChIKey=KSEBMYQBYZTDHS-HWKANZROSA-M,3-Methoxycinnamic acid,C01494,ferulate degradation,NA
FERULIC-ACID,C01494,PWY-7498,InChIKey=KSEBMYQBYZTDHS-HWKANZROSA-M,Ferulic acid,C01494,phenylpropanoids methylation (ice plant),NA
FERULIC-ACID,C01494,PWY-6784,InChIKey=KSEBMYQBYZTDHS-HWKANZROSA-M,Ferulic acid,C01494,cellulose and hemicellulose degradation (cellulolosome),NA
FERULIC-ACID,C01494,PWY-7256,InChIKey=KSEBMYQBYZTDHS-HWKANZROSA-M,Ferulic acid,C01494,cyanidin diglucoside biosynthesis (acyl-glucose dependent),NA
FERULIC-ACID,C01494,PWY-7260,InChIKey=KSEBMYQBYZTDHS-HWKANZROSA-M,Ferulic acid,C01494,delphinidin diglucoside biosynthesis (acyl-glucose dependent),NA
FERULIC-ACID,C01494,PWY-7259,InChIKey=KSEBMYQBYZTDHS-HWKANZROSA-M,Ferulic acid,C01494,pelargonidin diglucoside biosynthesis (acyl-glucose dependent),NA
FERULIC-ACID,C01494,PWY-5168,InChIKey=KSEBMYQBYZTDHS-HWKANZROSA-M,Ferulic acid,C01494,ferulate and sinapate biosynthesis,NA
FERULIC-ACID,C01494,PWY-2181,InChIKey=KSEBMYQBYZTDHS-HWKANZROSA-M,Ferulic acid,C01494,free phenylpropanoid acid biosynthesis,NA
FERULIC-ACID,C01494,PWY2DDB-5,InChIKey=KSEBMYQBYZTDHS-HWKANZROSA-M,Ferulic acid,C01494,hydroxycinnamate degradation,NA
FERULIC-ACID,C01494,PWY-7186,InChIKey=KSEBMYQBYZTDHS-HWKANZROSA-M,Ferulic acid,C01494,superpathway of scopolin and esculin biosynthesis,NA
FERULIC-ACID,C01494,PWY-1121,InChIKey=KSEBMYQBYZTDHS-HWKANZROSA-M,Ferulic acid,C01494,suberin monomers biosynthesis,NA
FERULIC-ACID,C01494,PWY-6343,InChIKey=KSEBMYQBYZTDHS-HWKANZROSA-M,Ferulic acid,C01494,ferulate degradation,NA
GALACTITOL,C01697,GALACTITOLCAT-PWY,InChIKey=FBPFZTCFMRRESA-GUCUJZIJSA-N,Dulcitol,C01697,galactitol degradation,NA
GALACTITOL,C01697,HEXITOLDEGSUPER-PWY,InChIKey=FBPFZTCFMRRESA-GUCUJZIJSA-N,Dulcitol,C01697,superpathway of hexitol degradation (bacteria),NA
GALACTITOL,C01697,PWY-6693,InChIKey=FBPFZTCFMRRESA-GUCUJZIJSA-N,Dulcitol,C01697,D-galactose degradation IV,NA
GALACTITOL,C01697,PWY-7862,InChIKey=FBPFZTCFMRRESA-GUCUJZIJSA-N,Dulcitol,C01697,D-altritol and galactitol degradation,NA
BETAINE,C00719,BETSYN-PWY,InChIKey=KWIUHFFTVRNATP-UHFFFAOYSA-N,Betaine,C00719,glycine betaine biosynthesis I (Gram-negative bacteria),NA
BETAINE,C00719,CHOLINE-BETAINE-ANA-PWY,InChIKey=KWIUHFFTVRNATP-UHFFFAOYSA-N,Betaine,C00719,choline degradation I,NA
BETAINE,C00719,P542-PWY,InChIKey=KWIUHFFTVRNATP-UHFFFAOYSA-N,Betaine,C00719,choline-<i>O</i>-sulfate degradation,NA
BETAINE,C00719,PWY-3722,InChIKey=KWIUHFFTVRNATP-UHFFFAOYSA-N,Betaine,C00719,glycine betaine biosynthesis II (Gram-positive bacteria),NA
BETAINE,C00719,P541-PWY,InChIKey=KWIUHFFTVRNATP-UHFFFAOYSA-N,Betaine,C00719,glycine betaine biosynthesis IV (from glycine),NA
BETAINE,C00719,PWY-8124,InChIKey=KWIUHFFTVRNATP-UHFFFAOYSA-N,Betaine,C00719,(2-trimethylamino)ethylphosphonate degradation,NA
BETAINE,C00719,PWY-3602,InChIKey=KWIUHFFTVRNATP-UHFFFAOYSA-N,Betaine,C00719,L-carnitine degradation III,NA
BETAINE,C00719,PWY-7471,InChIKey=KWIUHFFTVRNATP-UHFFFAOYSA-N,Betaine,C00719,D-carnitine degradation I,NA
BETAINE,C00719,PWY1F-353,InChIKey=KWIUHFFTVRNATP-UHFFFAOYSA-N,Betaine,C00719,glycine betaine biosynthesis III (plants),NA
BETAINE,C00719,PWY-3721,InChIKey=KWIUHFFTVRNATP-UHFFFAOYSA-N,Betaine,C00719,choline degradation II,NA
BETAINE,C00719,PWY-7494,InChIKey=KWIUHFFTVRNATP-UHFFFAOYSA-N,Betaine,C00719,choline degradation IV,NA
BETAINE,C00719,PWY-8325,InChIKey=KWIUHFFTVRNATP-UHFFFAOYSA-N,Betaine,C00719,glycine betaine degradation III,NA
BETAINE,C00719,PWY-3661,InChIKey=KWIUHFFTVRNATP-UHFFFAOYSA-N,Betaine,C00719,glycine betaine degradation I,NA
BETAINE,C00719,PWY-3661-1,InChIKey=KWIUHFFTVRNATP-UHFFFAOYSA-N,Betaine,C00719,glycine betaine degradation II (mammalian),NA
BETAINE,C00719,ADENOSYLHOMOCYSCAT-PWY,InChIKey=KWIUHFFTVRNATP-UHFFFAOYSA-N,Betaine,C00719,L-methionine salvage from L-homocysteine,NA
BETAINE,C00719,PWY-5328,InChIKey=KWIUHFFTVRNATP-UHFFFAOYSA-N,Betaine,C00719,superpathway of L-methionine salvage and degradation,NA
BETAINE,C00719,PWY-8107,InChIKey=KWIUHFFTVRNATP-UHFFFAOYSA-N,Betaine,C00719,methanogenesis from glycine betaine,NA
BETAINE,C00719,PWY-8108,InChIKey=KWIUHFFTVRNATP-UHFFFAOYSA-N,Betaine,C00719,glycine betaine degradation IV,NA
GUANINE,C00242,PWY-6700,InChIKey=UYTPUPDQBNUYGX-UHFFFAOYSA-N,Guanine,C00242,queuosine biosynthesis I (<i>de novo</i>),NA
GUANINE,C00242,PWY-8106,InChIKey=UYTPUPDQBNUYGX-UHFFFAOYSA-N,Guanine,C00242,queuosine biosynthesis III (queuosine salvage),NA
GUANINE,C00242,PWY-7923,InChIKey=UYTPUPDQBNUYGX-UHFFFAOYSA-N,Guanine,C00242,archaeosine biosynthesis II,NA
GUANINE,C00242,PWY-6711,InChIKey=UYTPUPDQBNUYGX-UHFFFAOYSA-N,Guanine,C00242,archaeosine biosynthesis I,NA
GUANINE,C00242,PWY-6599,InChIKey=UYTPUPDQBNUYGX-UHFFFAOYSA-N,Guanine,C00242,guanine and guanosine salvage II,NA
GUANINE,C00242,PWY-8440,InChIKey=UYTPUPDQBNUYGX-UHFFFAOYSA-N,Guanine,C00242,nucleoside and nucleotide degradation (halobacteria),NA
GUANINE,C00242,PWY-5532,InChIKey=UYTPUPDQBNUYGX-UHFFFAOYSA-N,Guanine,C00242,nucleoside and nucleotide degradation (archaea),NA
GUANINE,C00242,PWY0-1296,InChIKey=UYTPUPDQBNUYGX-UHFFFAOYSA-N,Guanine,C00242,purine ribonucleosides degradation,NA
GUANINE,C00242,PWY-6620,InChIKey=UYTPUPDQBNUYGX-UHFFFAOYSA-N,Guanine,C00242,guanine and guanosine salvage I,NA
GUANINE,C00242,PWY66-409,InChIKey=UYTPUPDQBNUYGX-UHFFFAOYSA-N,Guanine,C00242,superpathway of purine nucleotide salvage,NA
GUANINE,C00242,PWY-6579,InChIKey=UYTPUPDQBNUYGX-UHFFFAOYSA-N,Guanine,C00242,superpathway of guanine and guanosine salvage,NA
GUANINE,C00242,PWY-7179-1,InChIKey=UYTPUPDQBNUYGX-UHFFFAOYSA-N,Guanine,C00242,purine deoxyribonucleosides degradation II,NA
GUANINE,C00242,PWY-7179,InChIKey=UYTPUPDQBNUYGX-UHFFFAOYSA-N,Guanine,C00242,purine deoxyribonucleosides degradation I,NA
GUANINE,C00242,PWY0-1297,InChIKey=UYTPUPDQBNUYGX-UHFFFAOYSA-N,Guanine,C00242,superpathway of purine deoxyribonucleosides degradation,NA
GUANINE,C00242,PWY-8105,InChIKey=UYTPUPDQBNUYGX-UHFFFAOYSA-N,Guanine,C00242,queuosine biosynthesis II (queuine salvage),NA
GUANINE,C00242,P164-PWY,InChIKey=UYTPUPDQBNUYGX-UHFFFAOYSA-N,Guanine,C00242,purine nucleobases degradation I (anaerobic),NA
GUANINE,C00242,PWY-5497,InChIKey=UYTPUPDQBNUYGX-UHFFFAOYSA-N,Guanine,C00242,purine nucleobases degradation II (anaerobic),NA
GUANINE,C00242,PWY-6608,InChIKey=UYTPUPDQBNUYGX-UHFFFAOYSA-N,Guanine,C00242,guanosine nucleotides degradation III,NA
GUANINE,C00242,PWY-6353,InChIKey=UYTPUPDQBNUYGX-UHFFFAOYSA-N,Guanine,C00242,purine nucleotides degradation II (aerobic),NA
GUANINE,C00242,PWY-6606,InChIKey=UYTPUPDQBNUYGX-UHFFFAOYSA-N,Guanine,C00242,guanosine nucleotides degradation II,NA
GUANINE,C00242,PWY-6595,InChIKey=UYTPUPDQBNUYGX-UHFFFAOYSA-N,Guanine,C00242,superpathway of guanosine nucleotides degradation (plants),NA
GUANINE,C00242,PWY-5044,InChIKey=UYTPUPDQBNUYGX-UHFFFAOYSA-N,Guanine,C00242,purine nucleotides degradation I (plants),NA
GUANINE,C00242,P165-PWY,InChIKey=UYTPUPDQBNUYGX-UHFFFAOYSA-N,Guanine,C00242,superpathway of purines degradation in plants,NA
GUANOSINE,C00387,PWY-8440,InChIKey=NYHBQMYGNKIUIF-UUOKFMHZSA-N,Guanosine,C00387,nucleoside and nucleotide degradation (halobacteria),NA
GUANOSINE,C00387,PWY-5532,InChIKey=NYHBQMYGNKIUIF-UUOKFMHZSA-N,Guanosine,C00387,nucleoside and nucleotide degradation (archaea),NA
GUANOSINE,C00387,PWY0-1296,InChIKey=NYHBQMYGNKIUIF-UUOKFMHZSA-N,Guanosine,C00387,purine ribonucleosides degradation,NA
GUANOSINE,C00387,PWY-6620,InChIKey=NYHBQMYGNKIUIF-UUOKFMHZSA-N,Guanosine,C00387,guanine and guanosine salvage I,NA
GUANOSINE,C00387,PWY66-409,InChIKey=NYHBQMYGNKIUIF-UUOKFMHZSA-N,Guanosine,C00387,superpathway of purine nucleotide salvage,NA
GUANOSINE,C00387,PWY-6608,InChIKey=NYHBQMYGNKIUIF-UUOKFMHZSA-N,Guanosine,C00387,guanosine nucleotides degradation III,NA
GUANOSINE,C00387,PWY-6353,InChIKey=NYHBQMYGNKIUIF-UUOKFMHZSA-N,Guanosine,C00387,purine nucleotides degradation II (aerobic),NA
GUANOSINE,C00387,PWY-6618,InChIKey=NYHBQMYGNKIUIF-UUOKFMHZSA-N,Guanosine,C00387,guanine and guanosine salvage III,NA
GUANOSINE,C00387,PWY-6579,InChIKey=NYHBQMYGNKIUIF-UUOKFMHZSA-N,Guanosine,C00387,superpathway of guanine and guanosine salvage,NA
GUANOSINE,C00387,PWY-6607,InChIKey=NYHBQMYGNKIUIF-UUOKFMHZSA-N,Guanosine,C00387,guanosine nucleotides degradation I,NA
GUANOSINE,C00387,PWY-6606,InChIKey=NYHBQMYGNKIUIF-UUOKFMHZSA-N,Guanosine,C00387,guanosine nucleotides degradation II,NA
GUANOSINE,C00387,PWY-6595,InChIKey=NYHBQMYGNKIUIF-UUOKFMHZSA-N,Guanosine,C00387,superpathway of guanosine nucleotides degradation (plants),NA
GUANOSINE,C00387,PWY-5044,InChIKey=NYHBQMYGNKIUIF-UUOKFMHZSA-N,Guanosine,C00387,purine nucleotides degradation I (plants),NA
GUANOSINE,C00387,P165-PWY,InChIKey=NYHBQMYGNKIUIF-UUOKFMHZSA-N,Guanosine,C00387,superpathway of purines degradation in plants,NA
GUANOSINE,C00387,PWY-6599,InChIKey=NYHBQMYGNKIUIF-UUOKFMHZSA-N,Guanosine,C00387,guanine and guanosine salvage II,NA
CPD-10511,C19615,PWY-321,InChIKey=QQHJDPROMQRDLA-UHFFFAOYSA-L,Hexadecanedioic acid,C19615,cutin biosynthesis,NA
HYPOXANTHINE,C00262,PWY-7374,InChIKey=FDGQSTZJBFJUBT-UHFFFAOYSA-N,Hypoxanthine,C00262,"5,8-dihydroxy-2-naphthoate biosynthesis I",NA
HYPOXANTHINE,C00262,PWY-6263,InChIKey=FDGQSTZJBFJUBT-UHFFFAOYSA-N,Hypoxanthine,C00262,superpathway of menaquinol-8 biosynthesis II,NA
HYPOXANTHINE,C00262,PWY-6753,InChIKey=FDGQSTZJBFJUBT-UHFFFAOYSA-N,Hypoxanthine,C00262,<i>S</i>-methyl-5'-thioadenosine degradation III,NA
HYPOXANTHINE,C00262,PWY-6610,InChIKey=FDGQSTZJBFJUBT-UHFFFAOYSA-N,Hypoxanthine,C00262,adenine salvage,NA
HYPOXANTHINE,C00262,PWY0-1296,InChIKey=FDGQSTZJBFJUBT-UHFFFAOYSA-N,Hypoxanthine,C00262,purine ribonucleosides degradation,NA
HYPOXANTHINE,C00262,PWY-6609,InChIKey=FDGQSTZJBFJUBT-UHFFFAOYSA-N,Hypoxanthine,C00262,adenine and adenosine salvage III,NA
HYPOXANTHINE,C00262,PWY-7179-1,InChIKey=FDGQSTZJBFJUBT-UHFFFAOYSA-N,Hypoxanthine,C00262,purine deoxyribonucleosides degradation II,NA
HYPOXANTHINE,C00262,PWY-7179,InChIKey=FDGQSTZJBFJUBT-UHFFFAOYSA-N,Hypoxanthine,C00262,purine deoxyribonucleosides degradation I,NA
HYPOXANTHINE,C00262,PWY0-1297,InChIKey=FDGQSTZJBFJUBT-UHFFFAOYSA-N,Hypoxanthine,C00262,superpathway of purine deoxyribonucleosides degradation,NA
HYPOXANTHINE,C00262,P164-PWY,InChIKey=FDGQSTZJBFJUBT-UHFFFAOYSA-N,Hypoxanthine,C00262,purine nucleobases degradation I (anaerobic),NA
HYPOXANTHINE,C00262,PWY-5497,InChIKey=FDGQSTZJBFJUBT-UHFFFAOYSA-N,Hypoxanthine,C00262,purine nucleobases degradation II (anaerobic),NA
HYPOXANTHINE,C00262,SALVADEHYPOX-PWY,InChIKey=FDGQSTZJBFJUBT-UHFFFAOYSA-N,Hypoxanthine,C00262,adenosine nucleotides degradation II,NA
HYPOXANTHINE,C00262,PWY-6353,InChIKey=FDGQSTZJBFJUBT-UHFFFAOYSA-N,Hypoxanthine,C00262,purine nucleotides degradation II (aerobic),NA
HYPOXANTHINE,C00262,PWY-6596,InChIKey=FDGQSTZJBFJUBT-UHFFFAOYSA-N,Hypoxanthine,C00262,adenosine nucleotides degradation I,NA
HYPOXANTHINE,C00262,PWY-5044,InChIKey=FDGQSTZJBFJUBT-UHFFFAOYSA-N,Hypoxanthine,C00262,purine nucleotides degradation I (plants),NA
HYPOXANTHINE,C00262,P165-PWY,InChIKey=FDGQSTZJBFJUBT-UHFFFAOYSA-N,Hypoxanthine,C00262,superpathway of purines degradation in plants,NA
INOSINE,C00294,PWY0-1296,InChIKey=UGQMRVRMYYASKQ-KQYNXXCUSA-N,Inosine,C00294,purine ribonucleosides degradation,NA
INOSINE,C00294,SALVADEHYPOX-PWY,InChIKey=UGQMRVRMYYASKQ-KQYNXXCUSA-N,Inosine,C00294,adenosine nucleotides degradation II,NA
INOSINE,C00294,PWY-6353,InChIKey=UGQMRVRMYYASKQ-KQYNXXCUSA-N,Inosine,C00294,purine nucleotides degradation II (aerobic),NA
INOSINE,C00294,PWY-6609,InChIKey=UGQMRVRMYYASKQ-KQYNXXCUSA-N,Inosine,C00294,adenine and adenosine salvage III,NA
INOSINE,C00294,PWY-6596,InChIKey=UGQMRVRMYYASKQ-KQYNXXCUSA-N,Inosine,C00294,adenosine nucleotides degradation I,NA
INOSINE,C00294,PWY-5044,InChIKey=UGQMRVRMYYASKQ-KQYNXXCUSA-N,Inosine,C00294,purine nucleotides degradation I (plants),NA
INOSINE,C00294,P165-PWY,InChIKey=UGQMRVRMYYASKQ-KQYNXXCUSA-N,Inosine,C00294,superpathway of purines degradation in plants,NA
INOSINE,C00294,PWY-6611,InChIKey=UGQMRVRMYYASKQ-KQYNXXCUSA-N,Inosine,C00294,adenine and adenosine salvage V,NA
INOSINE,C00294,PWY0-1296,InChIKey=UGQMRVRMYYASKQ-KQYNXXCUSA-N,inosinum,C00294,purine ribonucleosides degradation,NA
INOSINE,C00294,SALVADEHYPOX-PWY,InChIKey=UGQMRVRMYYASKQ-KQYNXXCUSA-N,inosinum,C00294,adenosine nucleotides degradation II,NA
INOSINE,C00294,PWY-6353,InChIKey=UGQMRVRMYYASKQ-KQYNXXCUSA-N,inosinum,C00294,purine nucleotides degradation II (aerobic),NA
INOSINE,C00294,PWY-6609,InChIKey=UGQMRVRMYYASKQ-KQYNXXCUSA-N,inosinum,C00294,adenine and adenosine salvage III,NA
INOSINE,C00294,PWY-6596,InChIKey=UGQMRVRMYYASKQ-KQYNXXCUSA-N,inosinum,C00294,adenosine nucleotides degradation I,NA
INOSINE,C00294,PWY-5044,InChIKey=UGQMRVRMYYASKQ-KQYNXXCUSA-N,inosinum,C00294,purine nucleotides degradation I (plants),NA
INOSINE,C00294,P165-PWY,InChIKey=UGQMRVRMYYASKQ-KQYNXXCUSA-N,inosinum,C00294,superpathway of purines degradation in plants,NA
INOSINE,C00294,PWY-6611,InChIKey=UGQMRVRMYYASKQ-KQYNXXCUSA-N,inosinum,C00294,adenine and adenosine salvage V,NA
LL-DIAMINOPIMELATE,C00666,DAPLYSINESYN-PWY,InChIKey=GMKMEZVLHJARHF-WHFBIAKZSA-N,"(2S,6S)-2,6-diaminoheptanedioic acid",C00666,L-lysine biosynthesis I,NA
LL-DIAMINOPIMELATE,C00666,P4-PWY,InChIKey=GMKMEZVLHJARHF-WHFBIAKZSA-N,"(2S,6S)-2,6-diaminoheptanedioic acid",C00666,"superpathway of L-lysine, L-threonine and L-methionine biosynthesis I",NA
LL-DIAMINOPIMELATE,C00666,PWY0-781,InChIKey=GMKMEZVLHJARHF-WHFBIAKZSA-N,"(2S,6S)-2,6-diaminoheptanedioic acid",C00666,aspartate superpathway,NA
LL-DIAMINOPIMELATE,C00666,PWY-5097,InChIKey=GMKMEZVLHJARHF-WHFBIAKZSA-N,"(2S,6S)-2,6-diaminoheptanedioic acid",C00666,L-lysine biosynthesis VI,NA
LL-DIAMINOPIMELATE,C00666,PWY-724,InChIKey=GMKMEZVLHJARHF-WHFBIAKZSA-N,"(2S,6S)-2,6-diaminoheptanedioic acid",C00666,"superpathway of L-lysine, L-threonine and L-methionine biosynthesis II",NA
LL-DIAMINOPIMELATE,C00666,PWY-2941,InChIKey=GMKMEZVLHJARHF-WHFBIAKZSA-N,"(2S,6S)-2,6-diaminoheptanedioic acid",C00666,L-lysine biosynthesis II,NA
CPD-468,C00956,PWY-5630,InChIKey=OYIFNHCXNCRBQI-BYPYZUCNSA-M,2-Aminoadipic acid,C00956,penicillin K biosynthesis,NA
CPD-468,C00956,PWY-5298,InChIKey=OYIFNHCXNCRBQI-BYPYZUCNSA-M,2-Aminoadipic acid,C00956,L-lysine degradation VI,NA
CPD-468,C00956,PWY-7716,InChIKey=OYIFNHCXNCRBQI-BYPYZUCNSA-M,2-Aminoadipic acid,C00956,penicillin G and penicillin V biosynthesis,NA
CPD-468,C00956,PWY-5283,InChIKey=OYIFNHCXNCRBQI-BYPYZUCNSA-M,2-Aminoadipic acid,C00956,L-lysine degradation V,NA
CPD-468,C00956,PWY66-425,InChIKey=OYIFNHCXNCRBQI-BYPYZUCNSA-M,2-Aminoadipic acid,C00956,L-lysine degradation II (L-pipecolate pathway),NA
CPD-468,C00956,LYSINE-DEG1-PWY,InChIKey=OYIFNHCXNCRBQI-BYPYZUCNSA-M,2-Aminoadipic acid,C00956,L-lysine degradation XI,NA
CPD-468,C00956,PWY-5327,InChIKey=OYIFNHCXNCRBQI-BYPYZUCNSA-M,2-Aminoadipic acid,C00956,superpathway of L-lysine degradation,NA
CPD-468,C00956,LYSINE-AMINOAD-PWY,InChIKey=OYIFNHCXNCRBQI-BYPYZUCNSA-M,2-Aminoadipic acid,C00956,L-lysine biosynthesis IV,NA
CPD-468,C00956,PWY-3081,InChIKey=OYIFNHCXNCRBQI-BYPYZUCNSA-M,2-Aminoadipic acid,C00956,L-lysine biosynthesis V,NA
CPD-468,C00956,PWY-5629,InChIKey=OYIFNHCXNCRBQI-BYPYZUCNSA-M,2-Aminoadipic acid,C00956,isopenicillin N biosynthesis,NA
CPD-468,C00956,PWY-5634,InChIKey=OYIFNHCXNCRBQI-BYPYZUCNSA-M,2-Aminoadipic acid,C00956,"superpathway of penicillin, cephalosporin and cephamycin biosynthesis",NA
ARG,C00062,ARGSYNBSUB-PWY,InChIKey=ODKSFYDXXFIFQN-BYPYZUCNSA-O,L-Arginine,C00062,L-arginine biosynthesis II (acetyl cycle),NA
ARG,C00062,PWY-7400,InChIKey=ODKSFYDXXFIFQN-BYPYZUCNSA-O,L-Arginine,C00062,L-arginine biosynthesis IV (archaea),NA
ARG,C00062,ARGSYN-PWY,InChIKey=ODKSFYDXXFIFQN-BYPYZUCNSA-O,L-Arginine,C00062,L-arginine biosynthesis I (via L-ornithine),NA
ARG,C00062,PWY-5154,InChIKey=ODKSFYDXXFIFQN-BYPYZUCNSA-O,L-Arginine,C00062,L-arginine biosynthesis III (via <i>N</i>-acetyl-L-citrulline),NA
ARG,C00062,PWY-8451,InChIKey=ODKSFYDXXFIFQN-BYPYZUCNSA-O,L-Arginine,C00062,2-oxoglutarate-derived opine biosynthesis,NA
ARG,C00062,OCTOPINEDEG-PWY,InChIKey=ODKSFYDXXFIFQN-BYPYZUCNSA-O,L-Arginine,C00062,octopine degradation,NA
ARG,C00062,NOPALINEDEG-PWY,InChIKey=ODKSFYDXXFIFQN-BYPYZUCNSA-O,L-Arginine,C00062,nopaline degradation,NA
ARG,C00062,PWY-8450,InChIKey=ODKSFYDXXFIFQN-BYPYZUCNSA-O,L-Arginine,C00062,pyruvate-derived opine biosynthesis I (bacteria),NA
ARG,C00062,PWY-7351,InChIKey=ODKSFYDXXFIFQN-BYPYZUCNSA-O,L-Arginine,C00062,pyruvate-derived opine biosynthesis II (marine invertebrates),NA
ARG,C00062,PWY-8529,InChIKey=ODKSFYDXXFIFQN-BYPYZUCNSA-O,L-Arginine,C00062,ketomemicin biosynthesis,NA
ARG,C00062,PWY-8498,InChIKey=ODKSFYDXXFIFQN-BYPYZUCNSA-O,L-Arginine,C00062,micropeptin K139 biosynthesis,NA
ARG,C00062,PWY-8496,InChIKey=ODKSFYDXXFIFQN-BYPYZUCNSA-O,L-Arginine,C00062,anabaenopeptin F biosynthesis,NA
ARG,C00062,PWY-8492,InChIKey=ODKSFYDXXFIFQN-BYPYZUCNSA-O,L-Arginine,C00062,anabaenopeptin B biosynthesis,NA
ARG,C00062,PWY-6511,InChIKey=ODKSFYDXXFIFQN-BYPYZUCNSA-O,L-Arginine,C00062,3-methylarginine biosynthesis,NA
ARG,C00062,PWY-5024,InChIKey=ODKSFYDXXFIFQN-BYPYZUCNSA-O,L-Arginine,C00062,L-arginine degradation XI,NA
ARG,C00062,PWY-6853,InChIKey=ODKSFYDXXFIFQN-BYPYZUCNSA-O,L-Arginine,C00062,ethene biosynthesis II (microbes),NA
ARG,C00062,ARGDEGRAD-PWY,InChIKey=ODKSFYDXXFIFQN-BYPYZUCNSA-O,L-Arginine,C00062,L-arginine degradation V (arginine deiminase pathway),NA
ARG,C00062,PWY-6344,InChIKey=ODKSFYDXXFIFQN-BYPYZUCNSA-O,L-Arginine,C00062,L-arginine degradation XIV (oxidative Stickland reaction),NA
ARG,C00062,PWY-8187,InChIKey=ODKSFYDXXFIFQN-BYPYZUCNSA-O,L-Arginine,C00062,L-arginine degradation XIII (reductive Stickland reaction),NA
ARG,C00062,PWY2PN3-13,InChIKey=ODKSFYDXXFIFQN-BYPYZUCNSA-O,L-Arginine,C00062,ornithine-ammonia cycle,NA
ARG,C00062,PWY-4981,InChIKey=ODKSFYDXXFIFQN-BYPYZUCNSA-O,L-Arginine,C00062,L-proline biosynthesis II (from arginine),NA
ARG,C00062,PWY-8298,InChIKey=ODKSFYDXXFIFQN-BYPYZUCNSA-O,L-Arginine,C00062,streptozotocin biosynthesis,NA
ARG,C00062,PWY2PN3-14,InChIKey=ODKSFYDXXFIFQN-BYPYZUCNSA-O,L-Arginine,C00062,spermidine biosynthesis IV,NA
ARG,C00062,PWY-6834,InChIKey=ODKSFYDXXFIFQN-BYPYZUCNSA-O,L-Arginine,C00062,spermidine biosynthesis III,NA
ARG,C00062,PWY-43,InChIKey=ODKSFYDXXFIFQN-BYPYZUCNSA-O,L-Arginine,C00062,putrescine biosynthesis II,NA
ARG,C00062,PWY-40,InChIKey=ODKSFYDXXFIFQN-BYPYZUCNSA-O,L-Arginine,C00062,putrescine biosynthesis I,NA
ARG,C00062,PWY0-1299,InChIKey=ODKSFYDXXFIFQN-BYPYZUCNSA-O,L-Arginine,C00062,arginine dependent acid resistance,NA
ARG,C00062,ARGDEG-III-PWY,InChIKey=ODKSFYDXXFIFQN-BYPYZUCNSA-O,L-Arginine,C00062,L-arginine degradation IV (arginine decarboxylase/agmatine deiminase pathway),NA
ARG,C00062,PWY0-823,InChIKey=ODKSFYDXXFIFQN-BYPYZUCNSA-O,L-Arginine,C00062,L-arginine degradation III (arginine decarboxylase/agmatinase pathway),NA
ARG,C00062,ARGDEG-PWY,InChIKey=ODKSFYDXXFIFQN-BYPYZUCNSA-O,L-Arginine,C00062,"superpathway of L-arginine, putrescine, and 4-aminobutanoate degradation",NA
ARG,C00062,ORNARGDEG-PWY,InChIKey=ODKSFYDXXFIFQN-BYPYZUCNSA-O,L-Arginine,C00062,superpathway of L-arginine and L-ornithine degradation,NA
ARG,C00062,PWY-8532,InChIKey=ODKSFYDXXFIFQN-BYPYZUCNSA-O,L-Arginine,C00062,lydicamycin biosynthesis,NA
ARG,C00062,ARGDEG-V-PWY,InChIKey=ODKSFYDXXFIFQN-BYPYZUCNSA-O,L-Arginine,C00062,L-arginine degradation X (arginine monooxygenase pathway),NA
ARG,C00062,PWY-6409,InChIKey=ODKSFYDXXFIFQN-BYPYZUCNSA-O,L-Arginine,C00062,pyoverdine I biosynthesis,NA
ARG,C00062,PWY-8506,InChIKey=ODKSFYDXXFIFQN-BYPYZUCNSA-O,L-Arginine,C00062,netropsin biosynthesis,NA
ARG,C00062,PWY-8045,InChIKey=ODKSFYDXXFIFQN-BYPYZUCNSA-O,L-Arginine,C00062,cylindrospermopsin biosynthesis,NA
ARG,C00062,PWY-7693,InChIKey=ODKSFYDXXFIFQN-BYPYZUCNSA-O,L-Arginine,C00062,guadinomine B biosynthesis,NA
ARG,C00062,GLYCGREAT-PWY,InChIKey=ODKSFYDXXFIFQN-BYPYZUCNSA-O,L-Arginine,C00062,creatine biosynthesis,NA
ARG,C00062,TRNA-CHARGING-PWY,InChIKey=ODKSFYDXXFIFQN-BYPYZUCNSA-O,L-Arginine,C00062,tRNA charging,NA
ARG,C00062,PWY-7987,InChIKey=ODKSFYDXXFIFQN-BYPYZUCNSA-O,L-Arginine,C00062,vanchrobactin biosynthesis,NA
ARG,C00062,PWY-7860,InChIKey=ODKSFYDXXFIFQN-BYPYZUCNSA-O,L-Arginine,C00062,nitric oxide biosynthesis III (bacteria),NA
ARG,C00062,PWY-8531,InChIKey=ODKSFYDXXFIFQN-BYPYZUCNSA-O,L-Arginine,C00062,thaxtomin A biosynthesis,NA
ARG,C00062,PWY-6422,InChIKey=ODKSFYDXXFIFQN-BYPYZUCNSA-O,L-Arginine,C00062,D-arginine degradation,NA
ARG,C00062,AST-PWY,InChIKey=ODKSFYDXXFIFQN-BYPYZUCNSA-O,L-Arginine,C00062,L-arginine degradation II (AST pathway),NA
ARG,C00062,ARGDEG-IV-PWY,InChIKey=ODKSFYDXXFIFQN-BYPYZUCNSA-O,L-Arginine,C00062,L-arginine degradation VIII (arginine oxidase pathway),NA
ARG,C00062,PWY-7797,InChIKey=ODKSFYDXXFIFQN-BYPYZUCNSA-O,L-Arginine,C00062,nocardicin A biosynthesis,NA
ARG,C00062,PWY-7770,InChIKey=ODKSFYDXXFIFQN-BYPYZUCNSA-O,L-Arginine,C00062,indolmycin biosynthesis,NA
ARG,C00062,PWY-5679,InChIKey=ODKSFYDXXFIFQN-BYPYZUCNSA-O,L-Arginine,C00062,clavulanate biosynthesis,NA
ARG,C00062,PWY-7600,InChIKey=ODKSFYDXXFIFQN-BYPYZUCNSA-O,L-Arginine,C00062,peramine biosynthesis,NA
ARG,C00062,PWY-7570,InChIKey=ODKSFYDXXFIFQN-BYPYZUCNSA-O,L-Arginine,C00062,blasticidin S biosynthesis,NA
ARG,C00062,PWY-7523,InChIKey=ODKSFYDXXFIFQN-BYPYZUCNSA-O,L-Arginine,C00062,L-arginine degradation XII,NA
ARG,C00062,PWY-7510,InChIKey=ODKSFYDXXFIFQN-BYPYZUCNSA-O,L-Arginine,C00062,rhizocticin A and B biosynthesis,NA
ARG,C00062,PWY-7274,InChIKey=ODKSFYDXXFIFQN-BYPYZUCNSA-O,L-Arginine,C00062,D-cycloserine biosynthesis,NA
ARG,C00062,PWY-46,InChIKey=ODKSFYDXXFIFQN-BYPYZUCNSA-O,L-Arginine,C00062,putrescine biosynthesis III,NA
ARG,C00062,ARG+POLYAMINE-SYN,InChIKey=ODKSFYDXXFIFQN-BYPYZUCNSA-O,L-Arginine,C00062,superpathway of arginine and polyamine biosynthesis (from L-glutamate),NA
ARG,C00062,POLYAMSYN-PWY,InChIKey=ODKSFYDXXFIFQN-BYPYZUCNSA-O,L-Arginine,C00062,superpathway of polyamine biosynthesis I,NA
ARG,C00062,PWY-7341,InChIKey=ODKSFYDXXFIFQN-BYPYZUCNSA-O,L-Arginine,C00062,superpathway of hyoscyamine (atropine) and scopolamine biosynthesis,NA
ARG,C00062,PWY-6305,InChIKey=ODKSFYDXXFIFQN-BYPYZUCNSA-O,L-Arginine,C00062,superpathway of putrescine biosynthesis,NA
ARG,C00062,POLYAMINSYN3-PWY,InChIKey=ODKSFYDXXFIFQN-BYPYZUCNSA-O,L-Arginine,C00062,superpathway of polyamine biosynthesis II,NA
ARG,C00062,PWY-6922,InChIKey=ODKSFYDXXFIFQN-BYPYZUCNSA-O,L-Arginine,C00062,L-<i>N<sup>&delta;</sup></i>-acetylornithine biosynthesis,NA
ARG,C00062,CITRULBIO-PWY,InChIKey=ODKSFYDXXFIFQN-BYPYZUCNSA-O,L-Arginine,C00062,L-citrulline biosynthesis,NA
ARG,C00062,ARGASEDEG-PWY,InChIKey=ODKSFYDXXFIFQN-BYPYZUCNSA-O,L-Arginine,C00062,L-arginine degradation I (arginase pathway),NA
ARG,C00062,ARG-GLU-PWY,InChIKey=ODKSFYDXXFIFQN-BYPYZUCNSA-O,L-Arginine,C00062,L-arginine degradation VII (arginase 3 pathway),NA
ARG,C00062,ARG-PRO-PWY,InChIKey=ODKSFYDXXFIFQN-BYPYZUCNSA-O,L-Arginine,C00062,L-arginine degradation VI (arginase 2 pathway),NA
ARG,C00062,PWY-4984,InChIKey=ODKSFYDXXFIFQN-BYPYZUCNSA-O,L-Arginine,C00062,urea cycle,NA
ARG,C00062,PWY-6845,InChIKey=ODKSFYDXXFIFQN-BYPYZUCNSA-O,L-Arginine,C00062,nitric oxide biosynthesis I (plants),NA
ARG,C00062,PWY-4983,InChIKey=ODKSFYDXXFIFQN-BYPYZUCNSA-O,L-Arginine,C00062,nitric oxide biosynthesis II (mammals),NA
ARG,C00062,PWY-5004,InChIKey=ODKSFYDXXFIFQN-BYPYZUCNSA-O,L-Arginine,C00062,superpathway of L-citrulline metabolism,NA
ARG,C00062,PWY-7052,InChIKey=ODKSFYDXXFIFQN-BYPYZUCNSA-O,L-Arginine,C00062,cyanophycin metabolism,NA
ARG,C00062,PWY-5742,InChIKey=ODKSFYDXXFIFQN-BYPYZUCNSA-O,L-Arginine,C00062,L-arginine degradation IX (arginine:pyruvate transaminase pathway),NA
ARG,C00062,PWY-5940,InChIKey=ODKSFYDXXFIFQN-BYPYZUCNSA-O,L-Arginine,C00062,streptomycin biosynthesis,NA
ASN,C00152,ASPARAGINESYN-PWY,InChIKey=DCXYFEDJOCDNAF-REOHCLBHSA-N,L-Asparagine,C00152,L-asparagine biosynthesis II,NA
ASN,C00152,ASPARAGINE-BIOSYNTHESIS,InChIKey=DCXYFEDJOCDNAF-REOHCLBHSA-N,L-Asparagine,C00152,L-asparagine biosynthesis I,NA
ASN,C00152,PWY0-1325,InChIKey=DCXYFEDJOCDNAF-REOHCLBHSA-N,L-Asparagine,C00152,superpathway of L-asparagine biosynthesis,NA
ASN,C00152,PWY490-4,InChIKey=DCXYFEDJOCDNAF-REOHCLBHSA-N,L-Asparagine,C00152,L-asparagine biosynthesis III (tRNA-dependent),NA
ASN,C00152,PWY-7694,InChIKey=DCXYFEDJOCDNAF-REOHCLBHSA-N,L-Asparagine,C00152,zwittermicin A biosynthesis,NA
ASN,C00152,PWY-8402,InChIKey=DCXYFEDJOCDNAF-REOHCLBHSA-N,L-Asparagine,C00152,<i>N</i>-(1-deoxy-D-fructos-1-yl)-L-asparagine degradation,NA
ASN,C00152,PWY-4002,InChIKey=DCXYFEDJOCDNAF-REOHCLBHSA-N,L-Asparagine,C00152,L-asparagine degradation II,NA
ASN,C00152,TRNA-CHARGING-PWY,InChIKey=DCXYFEDJOCDNAF-REOHCLBHSA-N,L-Asparagine,C00152,tRNA charging,NA
ASN,C00152,PWY-8117,InChIKey=DCXYFEDJOCDNAF-REOHCLBHSA-N,L-Asparagine,C00152,colibactin biosynthesis,NA
ASN,C00152,ASPASN-PWY,InChIKey=DCXYFEDJOCDNAF-REOHCLBHSA-N,L-Asparagine,C00152,superpathway of L-aspartate and L-asparagine biosynthesis,NA
ASN,C00152,ASPARAGINE-DEG1-PWY,InChIKey=DCXYFEDJOCDNAF-REOHCLBHSA-N,L-Asparagine,C00152,L-asparagine degradation I,NA
ASN,C00152,ASPARAGINE-DEG1-PWY-1,InChIKey=DCXYFEDJOCDNAF-REOHCLBHSA-N,L-Asparagine,C00152,L-asparagine degradation III (mammalian),NA
ASN,C00152,ASPSYNII-PWY,InChIKey=DCXYFEDJOCDNAF-REOHCLBHSA-N,L-Asparagine,C00152,cyanide detoxification I,NA
L-ASPARTATE,C00049,PWY-3462,InChIKey=CKLJMWTZIZZHCS-REOHCLBHSA-M,L-Aspartic acid,C00049,L-phenylalanine biosynthesis II,NA
L-ASPARTATE,C00049,PWY-6120,InChIKey=CKLJMWTZIZZHCS-REOHCLBHSA-M,L-Aspartic acid,C00049,L-tyrosine biosynthesis III,NA
L-ASPARTATE,C00049,PWY-3461,InChIKey=CKLJMWTZIZZHCS-REOHCLBHSA-M,L-Aspartic acid,C00049,L-tyrosine biosynthesis II,NA
L-ASPARTATE,C00049,PWY-3481,InChIKey=CKLJMWTZIZZHCS-REOHCLBHSA-M,L-Aspartic acid,C00049,superpathway of L-phenylalanine and L-tyrosine biosynthesis,NA
L-ASPARTATE,C00049,ASPSYNII-PWY,InChIKey=CKLJMWTZIZZHCS-REOHCLBHSA-M,L-Aspartic acid,C00049,cyanide detoxification I,NA
L-ASPARTATE,C00049,ASPARAGINE-DEG1-PWY,InChIKey=CKLJMWTZIZZHCS-REOHCLBHSA-M,L-Aspartic acid,C00049,L-asparagine degradation I,NA
L-ASPARTATE,C00049,PWY-7855,InChIKey=CKLJMWTZIZZHCS-REOHCLBHSA-M,L-Aspartic acid,C00049,ectoine degradation,NA
L-ASPARTATE,C00049,PWY-8402,InChIKey=CKLJMWTZIZZHCS-REOHCLBHSA-M,L-Aspartic acid,C00049,<i>N</i>-(1-deoxy-D-fructos-1-yl)-L-asparagine degradation,NA
L-ASPARTATE,C00049,PWY-8454,InChIKey=CKLJMWTZIZZHCS-REOHCLBHSA-M,L-Aspartic acid,C00049,aspartame degradation,NA
L-ASPARTATE,C00049,PWY-8576,InChIKey=CKLJMWTZIZZHCS-REOHCLBHSA-M,L-Aspartic acid,C00049,glycolate and glyoxylate degradation III,NA
L-ASPARTATE,C00049,PWY-8563,InChIKey=CKLJMWTZIZZHCS-REOHCLBHSA-M,L-Aspartic acid,C00049,surfactin biosynthesis,NA
L-ASPARTATE,C00049,PWY-8526,InChIKey=CKLJMWTZIZZHCS-REOHCLBHSA-M,L-Aspartic acid,C00049,"(2<i>S</i>,3<i>S</i>)-2,3-diaminobutanoate biosynthesis",NA
L-ASPARTATE,C00049,PWY-8498,InChIKey=CKLJMWTZIZZHCS-REOHCLBHSA-M,L-Aspartic acid,C00049,micropeptin K139 biosynthesis,NA
L-ASPARTATE,C00049,PWY-6511,InChIKey=CKLJMWTZIZZHCS-REOHCLBHSA-M,L-Aspartic acid,C00049,3-methylarginine biosynthesis,NA
L-ASPARTATE,C00049,PWY-7790,InChIKey=CKLJMWTZIZZHCS-REOHCLBHSA-M,L-Aspartic acid,C00049,UMP biosynthesis II,NA
L-ASPARTATE,C00049,PWY-7791,InChIKey=CKLJMWTZIZZHCS-REOHCLBHSA-M,L-Aspartic acid,C00049,UMP biosynthesis III,NA
L-ASPARTATE,C00049,PWY-5686,InChIKey=CKLJMWTZIZZHCS-REOHCLBHSA-M,L-Aspartic acid,C00049,UMP biosynthesis I,NA
L-ASPARTATE,C00049,PWY0-162,InChIKey=CKLJMWTZIZZHCS-REOHCLBHSA-M,L-Aspartic acid,C00049,superpathway of pyrimidine ribonucleotides <i>de novo</i> biosynthesis,NA
L-ASPARTATE,C00049,PWY-7211,InChIKey=CKLJMWTZIZZHCS-REOHCLBHSA-M,L-Aspartic acid,C00049,superpathway of pyrimidine deoxyribonucleotides <i>de novo</i> biosynthesis,NA
L-ASPARTATE,C00049,PWY490-4,InChIKey=CKLJMWTZIZZHCS-REOHCLBHSA-M,L-Aspartic acid,C00049,L-asparagine biosynthesis III (tRNA-dependent),NA
L-ASPARTATE,C00049,TRNA-CHARGING-PWY,InChIKey=CKLJMWTZIZZHCS-REOHCLBHSA-M,L-Aspartic acid,C00049,tRNA charging,NA
L-ASPARTATE,C00049,PWY-8352,InChIKey=CKLJMWTZIZZHCS-REOHCLBHSA-M,L-Aspartic acid,C00049,NAD <i>de novo</i> biosynthesis III,NA
L-ASPARTATE,C00049,PWY-8277,InChIKey=CKLJMWTZIZZHCS-REOHCLBHSA-M,L-Aspartic acid,C00049,NAD <i>de novo</i> biosynthesis IV (anaerobic),NA
L-ASPARTATE,C00049,ASPARAGINE-BIOSYNTHESIS,InChIKey=CKLJMWTZIZZHCS-REOHCLBHSA-M,L-Aspartic acid,C00049,L-asparagine biosynthesis I,NA
L-ASPARTATE,C00049,PWY-8295,InChIKey=CKLJMWTZIZZHCS-REOHCLBHSA-M,L-Aspartic acid,C00049,nitrite biosynthesis,NA
L-ASPARTATE,C00049,PWY-8289,InChIKey=CKLJMWTZIZZHCS-REOHCLBHSA-M,L-Aspartic acid,C00049,dZTP biosynthesis,NA
L-ASPARTATE,C00049,PWY-7219,InChIKey=CKLJMWTZIZZHCS-REOHCLBHSA-M,L-Aspartic acid,C00049,adenosine ribonucleotides <i>de novo</i> biosynthesis,NA
L-ASPARTATE,C00049,PWY-7229,InChIKey=CKLJMWTZIZZHCS-REOHCLBHSA-M,L-Aspartic acid,C00049,superpathway of adenosine nucleotides <i>de novo</i> biosynthesis I (from IMP and L-aspartate),NA
L-ASPARTATE,C00049,PWY-6126,InChIKey=CKLJMWTZIZZHCS-REOHCLBHSA-M,L-Aspartic acid,C00049,superpathway of adenosine nucleotides <i>de novo</i> biosynthesis II (from IMP and L-aspartate),NA
L-ASPARTATE,C00049,PWY66-409,InChIKey=CKLJMWTZIZZHCS-REOHCLBHSA-M,L-Aspartic acid,C00049,superpathway of purine nucleotide salvage,NA
L-ASPARTATE,C00049,ASPARAGINESYN-PWY,InChIKey=CKLJMWTZIZZHCS-REOHCLBHSA-M,L-Aspartic acid,C00049,L-asparagine biosynthesis II,NA
L-ASPARTATE,C00049,PWY0-1325,InChIKey=CKLJMWTZIZZHCS-REOHCLBHSA-M,L-Aspartic acid,C00049,superpathway of L-asparagine biosynthesis,NA
L-ASPARTATE,C00049,PWY-8419,InChIKey=CKLJMWTZIZZHCS-REOHCLBHSA-M,L-Aspartic acid,C00049,L-canavanine degradation II,NA
L-ASPARTATE,C00049,PWY-8294,InChIKey=CKLJMWTZIZZHCS-REOHCLBHSA-M,L-Aspartic acid,C00049,L-aspartate degradation III (anaerobic),NA
L-ASPARTATE,C00049,PWY-8291,InChIKey=CKLJMWTZIZZHCS-REOHCLBHSA-M,L-Aspartic acid,C00049,L-aspartate degradation II (aerobic),NA
L-ASPARTATE,C00049,DAPLYSINESYN-PWY,InChIKey=CKLJMWTZIZZHCS-REOHCLBHSA-M,L-Aspartic acid,C00049,L-lysine biosynthesis I,NA
L-ASPARTATE,C00049,PWY-8296,InChIKey=CKLJMWTZIZZHCS-REOHCLBHSA-M,L-Aspartic acid,C00049,cremeomycin biosynthesis,NA
L-ASPARTATE,C00049,PWY-6559,InChIKey=CKLJMWTZIZZHCS-REOHCLBHSA-M,L-Aspartic acid,C00049,spermidine biosynthesis II,NA
L-ASPARTATE,C00049,PWY-7977,InChIKey=CKLJMWTZIZZHCS-REOHCLBHSA-M,L-Aspartic acid,C00049,L-methionine biosynthesis IV,NA
L-ASPARTATE,C00049,PWY-8179,InChIKey=CKLJMWTZIZZHCS-REOHCLBHSA-M,L-Aspartic acid,C00049,platensimycin biosynthesis,NA
L-ASPARTATE,C00049,HOMOSERSYN-PWY,InChIKey=CKLJMWTZIZZHCS-REOHCLBHSA-M,L-Aspartic acid,C00049,L-homoserine biosynthesis,NA
L-ASPARTATE,C00049,MET-SAM-PWY,InChIKey=CKLJMWTZIZZHCS-REOHCLBHSA-M,L-Aspartic acid,C00049,superpathway of <i>S</i>-adenosyl-L-methionine biosynthesis from L-aspartate,NA
L-ASPARTATE,C00049,PWY-8088,InChIKey=CKLJMWTZIZZHCS-REOHCLBHSA-M,L-Aspartic acid,C00049,dipicolinate biosynthesis,NA
L-ASPARTATE,C00049,PWY-6160,InChIKey=CKLJMWTZIZZHCS-REOHCLBHSA-M,L-Aspartic acid,C00049,3-dehydroquinate biosynthesis II (archaea),NA
L-ASPARTATE,C00049,PWY-6165,InChIKey=CKLJMWTZIZZHCS-REOHCLBHSA-M,L-Aspartic acid,C00049,chorismate biosynthesis II (archaea),NA
L-ASPARTATE,C00049,PWY-7153,InChIKey=CKLJMWTZIZZHCS-REOHCLBHSA-M,L-Aspartic acid,C00049,grixazone biosynthesis,NA
L-ASPARTATE,C00049,PWY-5097,InChIKey=CKLJMWTZIZZHCS-REOHCLBHSA-M,L-Aspartic acid,C00049,L-lysine biosynthesis VI,NA
L-ASPARTATE,C00049,PWY-724,InChIKey=CKLJMWTZIZZHCS-REOHCLBHSA-M,L-Aspartic acid,C00049,"superpathway of L-lysine, L-threonine and L-methionine biosynthesis II",NA
L-ASPARTATE,C00049,PWY-2942,InChIKey=CKLJMWTZIZZHCS-REOHCLBHSA-M,L-Aspartic acid,C00049,L-lysine biosynthesis III,NA
L-ASPARTATE,C00049,PWY-2941,InChIKey=CKLJMWTZIZZHCS-REOHCLBHSA-M,L-Aspartic acid,C00049,L-lysine biosynthesis II,NA
L-ASPARTATE,C00049,PWY-6562,InChIKey=CKLJMWTZIZZHCS-REOHCLBHSA-M,L-Aspartic acid,C00049,norspermidine biosynthesis,NA
L-ASPARTATE,C00049,PWY-6565,InChIKey=CKLJMWTZIZZHCS-REOHCLBHSA-M,L-Aspartic acid,C00049,superpathway of polyamine biosynthesis III,NA
L-ASPARTATE,C00049,P101-PWY,InChIKey=CKLJMWTZIZZHCS-REOHCLBHSA-M,L-Aspartic acid,C00049,ectoine biosynthesis,NA
L-ASPARTATE,C00049,PWY-7383,InChIKey=CKLJMWTZIZZHCS-REOHCLBHSA-M,L-Aspartic acid,C00049,"anaerobic energy metabolism (invertebrates, cytosol)",NA
L-ASPARTATE,C00049,PWY-7389,InChIKey=CKLJMWTZIZZHCS-REOHCLBHSA-M,L-Aspartic acid,C00049,superpathway of anaerobic energy metabolism (invertebrates),NA
L-ASPARTATE,C00049,PWY-8560,InChIKey=CKLJMWTZIZZHCS-REOHCLBHSA-M,L-Aspartic acid,C00049,TCA cycle VIII (Chlamydia),NA
L-ASPARTATE,C00049,PWY-7117,InChIKey=CKLJMWTZIZZHCS-REOHCLBHSA-M,L-Aspartic acid,C00049,"C4 photosynthetic carbon assimilation cycle, PEPCK type",NA
L-ASPARTATE,C00049,PWY-7115,InChIKey=CKLJMWTZIZZHCS-REOHCLBHSA-M,L-Aspartic acid,C00049,"C4 photosynthetic carbon assimilation cycle, NAD-ME type",NA
L-ASPARTATE,C00049,ASPARTATE-DEG1-PWY,InChIKey=CKLJMWTZIZZHCS-REOHCLBHSA-M,L-Aspartic acid,C00049,L-aspartate degradation I,NA
L-ASPARTATE,C00049,ASPARAGINE-DEG1-PWY-1,InChIKey=CKLJMWTZIZZHCS-REOHCLBHSA-M,L-Aspartic acid,C00049,L-asparagine degradation III (mammalian),NA
L-ASPARTATE,C00049,ASPARTATESYN-PWY,InChIKey=CKLJMWTZIZZHCS-REOHCLBHSA-M,L-Aspartic acid,C00049,L-aspartate biosynthesis,NA
L-ASPARTATE,C00049,PWY-5345,InChIKey=CKLJMWTZIZZHCS-REOHCLBHSA-M,L-Aspartic acid,C00049,superpathway of L-methionine biosynthesis (by sulfhydrylation),NA
L-ASPARTATE,C00049,THRESYN-PWY,InChIKey=CKLJMWTZIZZHCS-REOHCLBHSA-M,L-Aspartic acid,C00049,superpathway of L-threonine biosynthesis,NA
L-ASPARTATE,C00049,PWY-3001,InChIKey=CKLJMWTZIZZHCS-REOHCLBHSA-M,L-Aspartic acid,C00049,superpathway of L-isoleucine biosynthesis I,NA
L-ASPARTATE,C00049,PWY-5347,InChIKey=CKLJMWTZIZZHCS-REOHCLBHSA-M,L-Aspartic acid,C00049,superpathway of L-methionine biosynthesis (transsulfuration),NA
L-ASPARTATE,C00049,PWY-6146,InChIKey=CKLJMWTZIZZHCS-REOHCLBHSA-M,L-Aspartic acid,C00049,<i>Methanobacterium thermoautotrophicum</i> biosynthetic metabolism,NA
L-ASPARTATE,C00049,P4-PWY,InChIKey=CKLJMWTZIZZHCS-REOHCLBHSA-M,L-Aspartic acid,C00049,"superpathway of L-lysine, L-threonine and L-methionine biosynthesis I",NA
L-ASPARTATE,C00049,GLUTDEG-PWY,InChIKey=CKLJMWTZIZZHCS-REOHCLBHSA-M,L-Aspartic acid,C00049,L-glutamate degradation II,NA
L-ASPARTATE,C00049,ASPASN-PWY,InChIKey=CKLJMWTZIZZHCS-REOHCLBHSA-M,L-Aspartic acid,C00049,superpathway of L-aspartate and L-asparagine biosynthesis,NA
L-ASPARTATE,C00049,MALATE-ASPARTATE-SHUTTLE-PWY,InChIKey=CKLJMWTZIZZHCS-REOHCLBHSA-M,L-Aspartic acid,C00049,malate/L-aspartate shuttle pathway,NA
L-ASPARTATE,C00049,PWY-6148,InChIKey=CKLJMWTZIZZHCS-REOHCLBHSA-M,L-Aspartic acid,C00049,tetrahydromethanopterin biosynthesis,NA
L-ASPARTATE,C00049,PWY-6720,InChIKey=CKLJMWTZIZZHCS-REOHCLBHSA-M,L-Aspartic acid,C00049,toyocamycin biosynthesis,NA
L-ASPARTATE,C00049,PWY-7052,InChIKey=CKLJMWTZIZZHCS-REOHCLBHSA-M,L-Aspartic acid,C00049,cyanophycin metabolism,NA
L-ASPARTATE,C00049,PWY-5811,InChIKey=CKLJMWTZIZZHCS-REOHCLBHSA-M,L-Aspartic acid,C00049,indole-3-acetate inactivation VII,NA
L-ASPARTATE,C00049,PWY-2021,InChIKey=CKLJMWTZIZZHCS-REOHCLBHSA-M,L-Aspartic acid,C00049,indole-3-acetate inactivation IV,NA
L-ASPARTATE,C00049,PWY-5797,InChIKey=CKLJMWTZIZZHCS-REOHCLBHSA-M,L-Aspartic acid,C00049,indole-3-acetate inactivation VI,NA
L-ASPARTATE,C00049,PWY-1962,InChIKey=CKLJMWTZIZZHCS-REOHCLBHSA-M,L-Aspartic acid,C00049,indole-3-acetate inactivation II,NA
L-ASPARTATE,C00049,PWY-6219,InChIKey=CKLJMWTZIZZHCS-REOHCLBHSA-M,L-Aspartic acid,C00049,indole-3-acetate inactivation VIII,NA
L-ASPARTATE,C00049,PWY-1782,InChIKey=CKLJMWTZIZZHCS-REOHCLBHSA-M,L-Aspartic acid,C00049,superpathway of indole-3-acetate conjugate biosynthesis,NA
L-ASPARTATE,C00049,PWY-5784,InChIKey=CKLJMWTZIZZHCS-REOHCLBHSA-M,L-Aspartic acid,C00049,indole-3-acetate inactivation VIII,NA
L-ASPARTATE,C00049,PWY-1981,InChIKey=CKLJMWTZIZZHCS-REOHCLBHSA-M,L-Aspartic acid,C00049,indole-3-acetate inactivation III,NA
L-ASPARTATE,C00049,PWY-5316,InChIKey=CKLJMWTZIZZHCS-REOHCLBHSA-M,L-Aspartic acid,C00049,nicotine biosynthesis,NA
L-ASPARTATE,C00049,PWY-7342,InChIKey=CKLJMWTZIZZHCS-REOHCLBHSA-M,L-Aspartic acid,C00049,superpathway of nicotine biosynthesis,NA
L-ASPARTATE,C00049,PYRIDNUCSYN-PWY,InChIKey=CKLJMWTZIZZHCS-REOHCLBHSA-M,L-Aspartic acid,C00049,NAD <i>de novo</i> biosynthesis I,NA
L-ASPARTATE,C00049,PWY0-781,InChIKey=CKLJMWTZIZZHCS-REOHCLBHSA-M,L-Aspartic acid,C00049,aspartate superpathway,NA
L-ASPARTATE,C00049,PWY-5,InChIKey=CKLJMWTZIZZHCS-REOHCLBHSA-M,L-Aspartic acid,C00049,canavanine biosynthesis,NA
L-ASPARTATE,C00049,PWY-5155,InChIKey=CKLJMWTZIZZHCS-REOHCLBHSA-M,L-Aspartic acid,C00049,&beta;-alanine biosynthesis III,NA
L-ASPARTATE,C00049,PANTOSYN-PWY,InChIKey=CKLJMWTZIZZHCS-REOHCLBHSA-M,L-Aspartic acid,C00049,superpathway of coenzyme A biosynthesis I (bacteria),NA
L-ASPARTATE,C00049,PWY-7234,InChIKey=CKLJMWTZIZZHCS-REOHCLBHSA-M,L-Aspartic acid,C00049,inosine-5'-phosphate biosynthesis III,NA
L-ASPARTATE,C00049,PWY-6123,InChIKey=CKLJMWTZIZZHCS-REOHCLBHSA-M,L-Aspartic acid,C00049,inosine-5'-phosphate biosynthesis I,NA
L-ASPARTATE,C00049,DENOVOPURINE2-PWY,InChIKey=CKLJMWTZIZZHCS-REOHCLBHSA-M,L-Aspartic acid,C00049,superpathway of purine nucleotides <i>de novo</i> biosynthesis II,NA
L-ASPARTATE,C00049,PRPP-PWY,InChIKey=CKLJMWTZIZZHCS-REOHCLBHSA-M,L-Aspartic acid,C00049,"superpathway of histidine, purine, and pyrimidine biosynthesis",NA
L-ASPARTATE,C00049,PWY-6124,InChIKey=CKLJMWTZIZZHCS-REOHCLBHSA-M,L-Aspartic acid,C00049,inosine-5'-phosphate biosynthesis II,NA
L-ASPARTATE,C00049,PWY-841,InChIKey=CKLJMWTZIZZHCS-REOHCLBHSA-M,L-Aspartic acid,C00049,superpathway of purine nucleotides <i>de novo</i> biosynthesis I,NA
L-ASPARTATE,C00049,PWY2PN3-13,InChIKey=CKLJMWTZIZZHCS-REOHCLBHSA-M,L-Aspartic acid,C00049,ornithine-ammonia cycle,NA
L-ASPARTATE,C00049,ARGSYNBSUB-PWY,InChIKey=CKLJMWTZIZZHCS-REOHCLBHSA-M,L-Aspartic acid,C00049,L-arginine biosynthesis II (acetyl cycle),NA
L-ASPARTATE,C00049,PWY-7400,InChIKey=CKLJMWTZIZZHCS-REOHCLBHSA-M,L-Aspartic acid,C00049,L-arginine biosynthesis IV (archaea),NA
L-ASPARTATE,C00049,ARGSYN-PWY,InChIKey=CKLJMWTZIZZHCS-REOHCLBHSA-M,L-Aspartic acid,C00049,L-arginine biosynthesis I (via L-ornithine),NA
L-ASPARTATE,C00049,ARG+POLYAMINE-SYN,InChIKey=CKLJMWTZIZZHCS-REOHCLBHSA-M,L-Aspartic acid,C00049,superpathway of arginine and polyamine biosynthesis (from L-glutamate),NA
L-ASPARTATE,C00049,PWY-5154,InChIKey=CKLJMWTZIZZHCS-REOHCLBHSA-M,L-Aspartic acid,C00049,L-arginine biosynthesis III (via <i>N</i>-acetyl-L-citrulline),NA
L-ASPARTATE,C00049,PWY-4984,InChIKey=CKLJMWTZIZZHCS-REOHCLBHSA-M,L-Aspartic acid,C00049,urea cycle,NA
L-ASPARTATE,C00049,PWY-4983,InChIKey=CKLJMWTZIZZHCS-REOHCLBHSA-M,L-Aspartic acid,C00049,nitric oxide biosynthesis II (mammals),NA
L-ASPARTATE,C00049,PWY-5004,InChIKey=CKLJMWTZIZZHCS-REOHCLBHSA-M,L-Aspartic acid,C00049,superpathway of L-citrulline metabolism,NA
CARNITINE,C00318,PWY-3621,InChIKey=PHIQHXFUZVPYII-ZCFIWIBFSA-N,Betaine,C00318,&gamma;-butyrobetaine degradation II,NA
CARNITINE,C00318,PWY-6100,InChIKey=PHIQHXFUZVPYII-ZCFIWIBFSA-N,Betaine,C00318,L-carnitine biosynthesis,NA
CARNITINE,C00318,PWY-8339,InChIKey=PHIQHXFUZVPYII-ZCFIWIBFSA-N,Betaine,C00318,&gamma;-butyrobetaine degradation III,NA
CARNITINE,C00318,PWY-3641,InChIKey=PHIQHXFUZVPYII-ZCFIWIBFSA-N,Betaine,C00318,L-carnitine degradation II,NA
CARNITINE,C00318,PWY-8307,InChIKey=PHIQHXFUZVPYII-ZCFIWIBFSA-N,Betaine,C00318,L-carnitine degradation IV,NA
CARNITINE,C00318,PWY-6111,InChIKey=PHIQHXFUZVPYII-ZCFIWIBFSA-N,Betaine,C00318,mitochondrial L-carnitine shuttle,NA
CARNITINE,C00318,CARNMET-PWY,InChIKey=PHIQHXFUZVPYII-ZCFIWIBFSA-N,Betaine,C00318,L-carnitine degradation I,NA
CARNITINE,C00318,PWY-3602,InChIKey=PHIQHXFUZVPYII-ZCFIWIBFSA-N,Betaine,C00318,L-carnitine degradation III,NA
CARNITINE,C00318,PWY-7472,InChIKey=PHIQHXFUZVPYII-ZCFIWIBFSA-N,Betaine,C00318,D-carnitine degradation II,NA
CARNITINE,C00318,PWY-3621,InChIKey=PHIQHXFUZVPYII-ZCFIWIBFSA-N,L-Carnitine,C00318,&gamma;-butyrobetaine degradation II,NA
CARNITINE,C00318,PWY-6100,InChIKey=PHIQHXFUZVPYII-ZCFIWIBFSA-N,L-Carnitine,C00318,L-carnitine biosynthesis,NA
CARNITINE,C00318,PWY-8339,InChIKey=PHIQHXFUZVPYII-ZCFIWIBFSA-N,L-Carnitine,C00318,&gamma;-butyrobetaine degradation III,NA
CARNITINE,C00318,PWY-3641,InChIKey=PHIQHXFUZVPYII-ZCFIWIBFSA-N,L-Carnitine,C00318,L-carnitine degradation II,NA
CARNITINE,C00318,PWY-8307,InChIKey=PHIQHXFUZVPYII-ZCFIWIBFSA-N,L-Carnitine,C00318,L-carnitine degradation IV,NA
CARNITINE,C00318,PWY-6111,InChIKey=PHIQHXFUZVPYII-ZCFIWIBFSA-N,L-Carnitine,C00318,mitochondrial L-carnitine shuttle,NA
CARNITINE,C00318,CARNMET-PWY,InChIKey=PHIQHXFUZVPYII-ZCFIWIBFSA-N,L-Carnitine,C00318,L-carnitine degradation I,NA
CARNITINE,C00318,PWY-3602,InChIKey=PHIQHXFUZVPYII-ZCFIWIBFSA-N,L-Carnitine,C00318,L-carnitine degradation III,NA
CARNITINE,C00318,PWY-7472,InChIKey=PHIQHXFUZVPYII-ZCFIWIBFSA-N,L-Carnitine,C00318,D-carnitine degradation II,NA
L-CITRULLINE,C00327,CITRULLINE-DEG-PWY,InChIKey=RHGKLRLOHDJJDR-BYPYZUCNSA-N,L-Citrulline,C00327,L-citrulline degradation,NA
L-CITRULLINE,C00327,CITRULBIO-PWY,InChIKey=RHGKLRLOHDJJDR-BYPYZUCNSA-N,L-Citrulline,C00327,L-citrulline biosynthesis,NA
L-CITRULLINE,C00327,PWY-6845,InChIKey=RHGKLRLOHDJJDR-BYPYZUCNSA-N,L-Citrulline,C00327,nitric oxide biosynthesis I (plants),NA
L-CITRULLINE,C00327,PWY-7860,InChIKey=RHGKLRLOHDJJDR-BYPYZUCNSA-N,L-Citrulline,C00327,nitric oxide biosynthesis III (bacteria),NA
L-CITRULLINE,C00327,PWY-8531,InChIKey=RHGKLRLOHDJJDR-BYPYZUCNSA-N,L-Citrulline,C00327,thaxtomin A biosynthesis,NA
L-CITRULLINE,C00327,ARGDEGRAD-PWY,InChIKey=RHGKLRLOHDJJDR-BYPYZUCNSA-N,L-Citrulline,C00327,L-arginine degradation V (arginine deiminase pathway),NA
L-CITRULLINE,C00327,PWY-6344,InChIKey=RHGKLRLOHDJJDR-BYPYZUCNSA-N,L-Citrulline,C00327,L-arginine degradation XIV (oxidative Stickland reaction),NA
L-CITRULLINE,C00327,PWY-8187,InChIKey=RHGKLRLOHDJJDR-BYPYZUCNSA-N,L-Citrulline,C00327,L-arginine degradation XIII (reductive Stickland reaction),NA
L-CITRULLINE,C00327,PWY2PN3-13,InChIKey=RHGKLRLOHDJJDR-BYPYZUCNSA-N,L-Citrulline,C00327,ornithine-ammonia cycle,NA
L-CITRULLINE,C00327,ARGSYNBSUB-PWY,InChIKey=RHGKLRLOHDJJDR-BYPYZUCNSA-N,L-Citrulline,C00327,L-arginine biosynthesis II (acetyl cycle),NA
L-CITRULLINE,C00327,PWY-7400,InChIKey=RHGKLRLOHDJJDR-BYPYZUCNSA-N,L-Citrulline,C00327,L-arginine biosynthesis IV (archaea),NA
L-CITRULLINE,C00327,ARGSYN-PWY,InChIKey=RHGKLRLOHDJJDR-BYPYZUCNSA-N,L-Citrulline,C00327,L-arginine biosynthesis I (via L-ornithine),NA
L-CITRULLINE,C00327,ARG+POLYAMINE-SYN,InChIKey=RHGKLRLOHDJJDR-BYPYZUCNSA-N,L-Citrulline,C00327,superpathway of arginine and polyamine biosynthesis (from L-glutamate),NA
L-CITRULLINE,C00327,PWY-5154,InChIKey=RHGKLRLOHDJJDR-BYPYZUCNSA-N,L-Citrulline,C00327,L-arginine biosynthesis III (via <i>N</i>-acetyl-L-citrulline),NA
L-CITRULLINE,C00327,PWY-4984,InChIKey=RHGKLRLOHDJJDR-BYPYZUCNSA-N,L-Citrulline,C00327,urea cycle,NA
L-CITRULLINE,C00327,PWY-4983,InChIKey=RHGKLRLOHDJJDR-BYPYZUCNSA-N,L-Citrulline,C00327,nitric oxide biosynthesis II (mammals),NA
L-CITRULLINE,C00327,PWY-5004,InChIKey=RHGKLRLOHDJJDR-BYPYZUCNSA-N,L-Citrulline,C00327,superpathway of L-citrulline metabolism,NA
GLT,C00025,PWY-8511,InChIKey=WHUUTDBJXJRKMK-VKHMYHEASA-M,L-Glutamic acid,C00025,NAD biosynthesis from nicotinamide II (deamidated pathway),NA
GLT,C00025,PWY-8352,InChIKey=WHUUTDBJXJRKMK-VKHMYHEASA-M,L-Glutamic acid,C00025,NAD <i>de novo</i> biosynthesis III,NA
GLT,C00025,PWY-8277,InChIKey=WHUUTDBJXJRKMK-VKHMYHEASA-M,L-Glutamic acid,C00025,NAD <i>de novo</i> biosynthesis IV (anaerobic),NA
GLT,C00025,PWY-5381,InChIKey=WHUUTDBJXJRKMK-VKHMYHEASA-M,L-Glutamic acid,C00025,NAD salvage (plants),NA
GLT,C00025,PWY-7761,InChIKey=WHUUTDBJXJRKMK-VKHMYHEASA-M,L-Glutamic acid,C00025,NAD salvage pathway II (PNC IV cycle),NA
GLT,C00025,PYRIDNUCSAL-PWY,InChIKey=WHUUTDBJXJRKMK-VKHMYHEASA-M,L-Glutamic acid,C00025,NAD salvage pathway I (PNC VI cycle),NA
GLT,C00025,PWY-5653,InChIKey=WHUUTDBJXJRKMK-VKHMYHEASA-M,L-Glutamic acid,C00025,NAD biosynthesis from 2-amino-3-carboxymuconate semialdehyde,NA
GLT,C00025,NADSYN-PWY,InChIKey=WHUUTDBJXJRKMK-VKHMYHEASA-M,L-Glutamic acid,C00025,NAD <i>de novo</i> biosynthesis II (from tryptophan),NA
GLT,C00025,PWY3O-4107,InChIKey=WHUUTDBJXJRKMK-VKHMYHEASA-M,L-Glutamic acid,C00025,NAD salvage pathway V (PNC V cycle),NA
GLT,C00025,PWY-3502,InChIKey=WHUUTDBJXJRKMK-VKHMYHEASA-M,L-Glutamic acid,C00025,superpathway of NAD biosynthesis in eukaryotes,NA
GLT,C00025,PYRIDNUCSYN-PWY,InChIKey=WHUUTDBJXJRKMK-VKHMYHEASA-M,L-Glutamic acid,C00025,NAD <i>de novo</i> biosynthesis I,NA
GLT,C00025,HISDEG-PWY,InChIKey=WHUUTDBJXJRKMK-VKHMYHEASA-M,L-Glutamic acid,C00025,L-histidine degradation I,NA
GLT,C00025,PWY-7942,InChIKey=WHUUTDBJXJRKMK-VKHMYHEASA-M,L-Glutamic acid,C00025,5-oxo-L-proline metabolism,NA
GLT,C00025,PWY-5087,InChIKey=WHUUTDBJXJRKMK-VKHMYHEASA-M,L-Glutamic acid,C00025,L-glutamate degradation VI (to pyruvate),NA
GLT,C00025,GLUDEG-II-PWY,InChIKey=WHUUTDBJXJRKMK-VKHMYHEASA-M,L-Glutamic acid,C00025,L-glutamate degradation VII (to butanoate),NA
GLT,C00025,PWY-5088,InChIKey=WHUUTDBJXJRKMK-VKHMYHEASA-M,L-Glutamic acid,C00025,L-glutamate degradation VIII (to propanoate),NA
GLT,C00025,PWY-7376,InChIKey=WHUUTDBJXJRKMK-VKHMYHEASA-M,L-Glutamic acid,C00025,"cob(II)yrinate <i>a,c</i>-diamide biosynthesis II (late cobalt incorporation)",NA
GLT,C00025,TAURINEDEG-PWY,InChIKey=WHUUTDBJXJRKMK-VKHMYHEASA-M,L-Glutamic acid,C00025,taurine degradation III,NA
GLT,C00025,PWY-1541,InChIKey=WHUUTDBJXJRKMK-VKHMYHEASA-M,L-Glutamic acid,C00025,superpathway of taurine degradation,NA
GLT,C00025,AST-PWY,InChIKey=WHUUTDBJXJRKMK-VKHMYHEASA-M,L-Glutamic acid,C00025,L-arginine degradation II (AST pathway),NA
GLT,C00025,PWY-8184,InChIKey=WHUUTDBJXJRKMK-VKHMYHEASA-M,L-Glutamic acid,C00025,L-isoleucine degradation III (oxidative Stickland reaction),NA
GLT,C00025,PWY-8173,InChIKey=WHUUTDBJXJRKMK-VKHMYHEASA-M,L-Glutamic acid,C00025,<i>anteiso</i>-branched-chain fatty acid biosynthesis,NA
GLT,C00025,PWY-5108,InChIKey=WHUUTDBJXJRKMK-VKHMYHEASA-M,L-Glutamic acid,C00025,L-isoleucine biosynthesis V,NA
GLT,C00025,ILEUSYN-PWY,InChIKey=WHUUTDBJXJRKMK-VKHMYHEASA-M,L-Glutamic acid,C00025,L-isoleucine biosynthesis I (from threonine),NA
GLT,C00025,THREOCAT-PWY,InChIKey=WHUUTDBJXJRKMK-VKHMYHEASA-M,L-Glutamic acid,C00025,superpathway of L-threonine metabolism,NA
GLT,C00025,ILEUDEG-PWY,InChIKey=WHUUTDBJXJRKMK-VKHMYHEASA-M,L-Glutamic acid,C00025,L-isoleucine degradation I,NA
GLT,C00025,PWY-5101,InChIKey=WHUUTDBJXJRKMK-VKHMYHEASA-M,L-Glutamic acid,C00025,L-isoleucine biosynthesis II,NA
GLT,C00025,PWY-5104,InChIKey=WHUUTDBJXJRKMK-VKHMYHEASA-M,L-Glutamic acid,C00025,L-isoleucine biosynthesis IV,NA
GLT,C00025,PWY-5078,InChIKey=WHUUTDBJXJRKMK-VKHMYHEASA-M,L-Glutamic acid,C00025,L-isoleucine degradation II,NA
GLT,C00025,PWY-5075,InChIKey=WHUUTDBJXJRKMK-VKHMYHEASA-M,L-Glutamic acid,C00025,L-leucine degradation II,NA
GLT,C00025,PWY-5912,InChIKey=WHUUTDBJXJRKMK-VKHMYHEASA-M,L-Glutamic acid,C00025,2'-deoxymugineic acid phytosiderophore biosynthesis,NA
GLT,C00025,PWY-6133,InChIKey=WHUUTDBJXJRKMK-VKHMYHEASA-M,L-Glutamic acid,C00025,(S)-reticuline biosynthesis II,NA
GLT,C00025,PWY-5049,InChIKey=WHUUTDBJXJRKMK-VKHMYHEASA-M,L-Glutamic acid,C00025,rosmarinic acid biosynthesis II,NA
GLT,C00025,LYSDEGII-PWY,InChIKey=WHUUTDBJXJRKMK-VKHMYHEASA-M,L-Glutamic acid,C00025,L-lysine degradation III,NA
GLT,C00025,PWY-5280,InChIKey=WHUUTDBJXJRKMK-VKHMYHEASA-M,L-Glutamic acid,C00025,L-lysine degradation IV,NA
GLT,C00025,PWY-7962,InChIKey=WHUUTDBJXJRKMK-VKHMYHEASA-M,L-Glutamic acid,C00025,"adenosylcobinamide-GDP biosynthesis from cobyrinate <i>a,c</i>-diamide",NA
GLT,C00025,PWY-6321,InChIKey=WHUUTDBJXJRKMK-VKHMYHEASA-M,L-Glutamic acid,C00025,homotaurine degradation,NA
GLT,C00025,PWY-5097,InChIKey=WHUUTDBJXJRKMK-VKHMYHEASA-M,L-Glutamic acid,C00025,L-lysine biosynthesis VI,NA
GLT,C00025,PWY-724,InChIKey=WHUUTDBJXJRKMK-VKHMYHEASA-M,L-Glutamic acid,C00025,"superpathway of L-lysine, L-threonine and L-methionine biosynthesis II",NA
GLT,C00025,PWY-6638,InChIKey=WHUUTDBJXJRKMK-VKHMYHEASA-M,L-Glutamic acid,C00025,sulfolactate degradation III,NA
GLT,C00025,PWY-6641,InChIKey=WHUUTDBJXJRKMK-VKHMYHEASA-M,L-Glutamic acid,C00025,superpathway of sulfolactate degradation,NA
GLT,C00025,PWY-6643,InChIKey=WHUUTDBJXJRKMK-VKHMYHEASA-M,L-Glutamic acid,C00025,coenzyme M biosynthesis II,NA
GLT,C00025,PWY-6642,InChIKey=WHUUTDBJXJRKMK-VKHMYHEASA-M,L-Glutamic acid,C00025,L-cysteate degradation,NA
GLT,C00025,PWY-6682,InChIKey=WHUUTDBJXJRKMK-VKHMYHEASA-M,L-Glutamic acid,C00025,dehydrophos biosynthesis,NA
GLT,C00025,PWY-7318,InChIKey=WHUUTDBJXJRKMK-VKHMYHEASA-M,L-Glutamic acid,C00025,"dTDP-3-acetamido-3,6-dideoxy-&alpha;-D-glucose biosynthesis",NA
GLT,C00025,PWY-7414,InChIKey=WHUUTDBJXJRKMK-VKHMYHEASA-M,L-Glutamic acid,C00025,dTDP-&alpha;-D-mycaminose biosynthesis,NA
GLT,C00025,PWY-7688,InChIKey=WHUUTDBJXJRKMK-VKHMYHEASA-M,L-Glutamic acid,C00025,dTDP-&alpha;-D-ravidosamine and dTDP-4-acetyl-&alpha;-D-ravidosamine biosynthesis,NA
GLT,C00025,PWY-6953,InChIKey=WHUUTDBJXJRKMK-VKHMYHEASA-M,L-Glutamic acid,C00025,dTDP-3-acetamido-&alpha;-D-fucose biosynthesis,NA
GLT,C00025,PWY-3462,InChIKey=WHUUTDBJXJRKMK-VKHMYHEASA-M,L-Glutamic acid,C00025,L-phenylalanine biosynthesis II,NA
GLT,C00025,PWY-6120,InChIKey=WHUUTDBJXJRKMK-VKHMYHEASA-M,L-Glutamic acid,C00025,L-tyrosine biosynthesis III,NA
GLT,C00025,PWY-3461,InChIKey=WHUUTDBJXJRKMK-VKHMYHEASA-M,L-Glutamic acid,C00025,L-tyrosine biosynthesis II,NA
GLT,C00025,PWY-3481,InChIKey=WHUUTDBJXJRKMK-VKHMYHEASA-M,L-Glutamic acid,C00025,superpathway of L-phenylalanine and L-tyrosine biosynthesis,NA
GLT,C00025,PWY-7018,InChIKey=WHUUTDBJXJRKMK-VKHMYHEASA-M,L-Glutamic acid,C00025,paromomycin biosynthesis (from paromamine),NA
GLT,C00025,P181-PWY,InChIKey=WHUUTDBJXJRKMK-VKHMYHEASA-M,L-Glutamic acid,C00025,nicotine degradation I (pyridine pathway),NA
GLT,C00025,PWY-6537,InChIKey=WHUUTDBJXJRKMK-VKHMYHEASA-M,L-Glutamic acid,C00025,4-aminobutanoate degradation II,NA
GLT,C00025,PWY-6536,InChIKey=WHUUTDBJXJRKMK-VKHMYHEASA-M,L-Glutamic acid,C00025,4-aminobutanoate degradation III,NA
GLT,C00025,PWY-6535,InChIKey=WHUUTDBJXJRKMK-VKHMYHEASA-M,L-Glutamic acid,C00025,4-aminobutanoate degradation I,NA
GLT,C00025,4AMINOBUTMETAB-PWY,InChIKey=WHUUTDBJXJRKMK-VKHMYHEASA-M,L-Glutamic acid,C00025,superpathway of 4-aminobutanoate degradation to succinate,NA
GLT,C00025,PWY0-1546,InChIKey=WHUUTDBJXJRKMK-VKHMYHEASA-M,L-Glutamic acid,C00025,muropeptide degradation,NA
GLT,C00025,PWY-7054,InChIKey=WHUUTDBJXJRKMK-VKHMYHEASA-M,L-Glutamic acid,C00025,<i>N</i>-acetylglutaminylglutamine amide biosynthesis,NA
GLT,C00025,PWY-7015,InChIKey=WHUUTDBJXJRKMK-VKHMYHEASA-M,L-Glutamic acid,C00025,ribostamycin biosynthesis (from paromamine),NA
GLT,C00025,PWY-7016,InChIKey=WHUUTDBJXJRKMK-VKHMYHEASA-M,L-Glutamic acid,C00025,neomycin biosynthesis,NA
GLT,C00025,PWY-7021,InChIKey=WHUUTDBJXJRKMK-VKHMYHEASA-M,L-Glutamic acid,C00025,superpathway of neomycin biosynthesis,NA
GLT,C00025,PWY-7090,InChIKey=WHUUTDBJXJRKMK-VKHMYHEASA-M,L-Glutamic acid,C00025,"UDP-2,3-diacetamido-2,3-dideoxy-&alpha;-D-mannuronate biosynthesis",NA
GLT,C00025,PWY-6711,InChIKey=WHUUTDBJXJRKMK-VKHMYHEASA-M,L-Glutamic acid,C00025,archaeosine biosynthesis I,NA
GLT,C00025,PWY-7028,InChIKey=WHUUTDBJXJRKMK-VKHMYHEASA-M,L-Glutamic acid,C00025,"UDP-<i>N,N'</i>-diacetylbacillosamine biosynthesis",NA
GLT,C00025,PWY-8397,InChIKey=WHUUTDBJXJRKMK-VKHMYHEASA-M,L-Glutamic acid,C00025,arachidonate metabolites biosynthesis,NA
GLT,C00025,PWY2B4Q-2,InChIKey=WHUUTDBJXJRKMK-VKHMYHEASA-M,L-Glutamic acid,C00025,GDP-<i>N</i>-formyl-&alpha;-D-perosamine biosynthesis,NA
GLT,C00025,PWY-8225,InChIKey=WHUUTDBJXJRKMK-VKHMYHEASA-M,L-Glutamic acid,C00025,GDP-<i>N</i>-acetyl-&alpha;-D-perosamine biosynthesis,NA
GLT,C00025,PWY-5739,InChIKey=WHUUTDBJXJRKMK-VKHMYHEASA-M,L-Glutamic acid,C00025,GDP-D-perosamine biosynthesis,NA
GLT,C00025,PWY8J2-22,InChIKey=WHUUTDBJXJRKMK-VKHMYHEASA-M,L-Glutamic acid,C00025,kanosamine biosynthesis II,NA
GLT,C00025,PWY-6853,InChIKey=WHUUTDBJXJRKMK-VKHMYHEASA-M,L-Glutamic acid,C00025,ethene biosynthesis II (microbes),NA
GLT,C00025,PROUT-PWY,InChIKey=WHUUTDBJXJRKMK-VKHMYHEASA-M,L-Glutamic acid,C00025,L-proline degradation I,NA
GLT,C00025,PWY-7315,InChIKey=WHUUTDBJXJRKMK-VKHMYHEASA-M,L-Glutamic acid,C00025,dTDP-<i>N</i>-acetylthomosamine biosynthesis,NA
GLT,C00025,PWY-8227,InChIKey=WHUUTDBJXJRKMK-VKHMYHEASA-M,L-Glutamic acid,C00025,superpathway of enterobacterial common antigen biosynthesis,NA
GLT,C00025,PWY-7104,InChIKey=WHUUTDBJXJRKMK-VKHMYHEASA-M,L-Glutamic acid,C00025,dTDP-&beta;-L-megosamine biosynthesis,NA
GLT,C00025,PWY-7440,InChIKey=WHUUTDBJXJRKMK-VKHMYHEASA-M,L-Glutamic acid,C00025,dTDP-&beta;-L-4-<i>epi</i>-vancosamine biosynthesis,NA
GLT,C00025,PWY-6334,InChIKey=WHUUTDBJXJRKMK-VKHMYHEASA-M,L-Glutamic acid,C00025,L-dopa degradation I (mammalian),NA
GLT,C00025,PWY-5297,InChIKey=WHUUTDBJXJRKMK-VKHMYHEASA-M,L-Glutamic acid,C00025,siroheme amide biosynthesis,NA
GLT,C00025,PWY-7733,InChIKey=WHUUTDBJXJRKMK-VKHMYHEASA-M,L-Glutamic acid,C00025,3-hydroxyquinaldate biosynthesis,NA
GLT,C00025,PWY-6808,InChIKey=WHUUTDBJXJRKMK-VKHMYHEASA-M,L-Glutamic acid,C00025,dTDP-&alpha;-D-forosamine biosynthesis,NA
GLT,C00025,PWY-7438,InChIKey=WHUUTDBJXJRKMK-VKHMYHEASA-M,L-Glutamic acid,C00025,superpathway of dTDP-glucose-derived antibiotic building blocks biosynthesis,NA
GLT,C00025,PWY-7811,InChIKey=WHUUTDBJXJRKMK-VKHMYHEASA-M,L-Glutamic acid,C00025,6-methylpretetramide biosynthesis,NA
GLT,C00025,PWY-7809,InChIKey=WHUUTDBJXJRKMK-VKHMYHEASA-M,L-Glutamic acid,C00025,superpathway of tetracycline and oxytetracycline biosynthesis,NA
GLT,C00025,PWY-7814,InChIKey=WHUUTDBJXJRKMK-VKHMYHEASA-M,L-Glutamic acid,C00025,dTDP-L-daunosamine biosynthesis,NA
GLT,C00025,PWY-1187,InChIKey=WHUUTDBJXJRKMK-VKHMYHEASA-M,L-Glutamic acid,C00025,glucosinolate biosynthesis from homomethionine,NA
GLT,C00025,PWYQT-4471,InChIKey=WHUUTDBJXJRKMK-VKHMYHEASA-M,L-Glutamic acid,C00025,glucosinolate biosynthesis from dihomomethionine,NA
GLT,C00025,PWYQT-4472,InChIKey=WHUUTDBJXJRKMK-VKHMYHEASA-M,L-Glutamic acid,C00025,glucosinolate biosynthesis from trihomomethionine,NA
GLT,C00025,PWYQT-4473,InChIKey=WHUUTDBJXJRKMK-VKHMYHEASA-M,L-Glutamic acid,C00025,glucosinolate biosynthesis from tetrahomomethionine,NA
GLT,C00025,PWYQT-4474,InChIKey=WHUUTDBJXJRKMK-VKHMYHEASA-M,L-Glutamic acid,C00025,glucosinolate biosynthesis from pentahomomethionine,NA
GLT,C00025,PWYQT-4475,InChIKey=WHUUTDBJXJRKMK-VKHMYHEASA-M,L-Glutamic acid,C00025,glucosinolate biosynthesis from hexahomomethionine,NA
GLT,C00025,PWY-2821,InChIKey=WHUUTDBJXJRKMK-VKHMYHEASA-M,L-Glutamic acid,C00025,glucosinolate biosynthesis from phenylalanine,NA
GLT,C00025,PWY-601,InChIKey=WHUUTDBJXJRKMK-VKHMYHEASA-M,L-Glutamic acid,C00025,glucosinolate biosynthesis from tryptophan,NA
GLT,C00025,CAMALEXIN-SYN,InChIKey=WHUUTDBJXJRKMK-VKHMYHEASA-M,L-Glutamic acid,C00025,camalexin biosynthesis,NA
GLT,C00025,PWY-7467,InChIKey=WHUUTDBJXJRKMK-VKHMYHEASA-M,L-Glutamic acid,C00025,"UDP-2-acetamido-4-amino-2,4,6-trideoxy-&alpha;-D-galactose biosynthesis",NA
GLT,C00025,PWY-7842,InChIKey=WHUUTDBJXJRKMK-VKHMYHEASA-M,L-Glutamic acid,C00025,UDP-yelosamine biosynthesis,NA
GLT,C00025,PWY-7719,InChIKey=WHUUTDBJXJRKMK-VKHMYHEASA-M,L-Glutamic acid,C00025,CMP-diacetamido-8-epilegionaminic acid biosynthesis,NA
GLT,C00025,PWY0-1338,InChIKey=WHUUTDBJXJRKMK-VKHMYHEASA-M,L-Glutamic acid,C00025,polymyxin resistance,NA
GLT,C00025,PWY-5196,InChIKey=WHUUTDBJXJRKMK-VKHMYHEASA-M,L-Glutamic acid,C00025,factor 430 biosynthesis,NA
GLT,C00025,PWY-761,InChIKey=WHUUTDBJXJRKMK-VKHMYHEASA-M,L-Glutamic acid,C00025,rhizobactin 1021 biosynthesis,NA
GLT,C00025,PWY-7988,InChIKey=WHUUTDBJXJRKMK-VKHMYHEASA-M,L-Glutamic acid,C00025,baumannoferrin biosynthesis,NA
GLT,C00025,PWY-7855,InChIKey=WHUUTDBJXJRKMK-VKHMYHEASA-M,L-Glutamic acid,C00025,ectoine degradation,NA
GLT,C00025,PWY-6562,InChIKey=WHUUTDBJXJRKMK-VKHMYHEASA-M,L-Glutamic acid,C00025,norspermidine biosynthesis,NA
GLT,C00025,PWY-6565,InChIKey=WHUUTDBJXJRKMK-VKHMYHEASA-M,L-Glutamic acid,C00025,superpathway of polyamine biosynthesis III,NA
GLT,C00025,P101-PWY,InChIKey=WHUUTDBJXJRKMK-VKHMYHEASA-M,L-Glutamic acid,C00025,ectoine biosynthesis,NA
GLT,C00025,PWY-6143,InChIKey=WHUUTDBJXJRKMK-VKHMYHEASA-M,L-Glutamic acid,C00025,CMP-pseudaminate biosynthesis,NA
GLT,C00025,PWY-7901,InChIKey=WHUUTDBJXJRKMK-VKHMYHEASA-M,L-Glutamic acid,C00025,glucosinolate biosynthesis from tyrosine,NA
GLT,C00025,PWY-5329,InChIKey=WHUUTDBJXJRKMK-VKHMYHEASA-M,L-Glutamic acid,C00025,L-cysteine degradation III,NA
GLT,C00025,CYSTEINE-DEG-PWY,InChIKey=WHUUTDBJXJRKMK-VKHMYHEASA-M,L-Glutamic acid,C00025,L-cysteine degradation I,NA
GLT,C00025,PWY-5328,InChIKey=WHUUTDBJXJRKMK-VKHMYHEASA-M,L-Glutamic acid,C00025,superpathway of L-methionine salvage and degradation,NA
GLT,C00025,PWY-8560,InChIKey=WHUUTDBJXJRKMK-VKHMYHEASA-M,L-Glutamic acid,C00025,TCA cycle VIII (Chlamydia),NA
GLT,C00025,ASPARTATE-DEG1-PWY,InChIKey=WHUUTDBJXJRKMK-VKHMYHEASA-M,L-Glutamic acid,C00025,L-aspartate degradation I,NA
GLT,C00025,ASPARAGINE-DEG1-PWY-1,InChIKey=WHUUTDBJXJRKMK-VKHMYHEASA-M,L-Glutamic acid,C00025,L-asparagine degradation III (mammalian),NA
GLT,C00025,ASPARTATESYN-PWY,InChIKey=WHUUTDBJXJRKMK-VKHMYHEASA-M,L-Glutamic acid,C00025,L-aspartate biosynthesis,NA
GLT,C00025,PWY-5345,InChIKey=WHUUTDBJXJRKMK-VKHMYHEASA-M,L-Glutamic acid,C00025,superpathway of L-methionine biosynthesis (by sulfhydrylation),NA
GLT,C00025,THRESYN-PWY,InChIKey=WHUUTDBJXJRKMK-VKHMYHEASA-M,L-Glutamic acid,C00025,superpathway of L-threonine biosynthesis,NA
GLT,C00025,PWY-3001,InChIKey=WHUUTDBJXJRKMK-VKHMYHEASA-M,L-Glutamic acid,C00025,superpathway of L-isoleucine biosynthesis I,NA
GLT,C00025,PWY-5347,InChIKey=WHUUTDBJXJRKMK-VKHMYHEASA-M,L-Glutamic acid,C00025,superpathway of L-methionine biosynthesis (transsulfuration),NA
GLT,C00025,GLUTDEG-PWY,InChIKey=WHUUTDBJXJRKMK-VKHMYHEASA-M,L-Glutamic acid,C00025,L-glutamate degradation II,NA
GLT,C00025,ASPASN-PWY,InChIKey=WHUUTDBJXJRKMK-VKHMYHEASA-M,L-Glutamic acid,C00025,superpathway of L-aspartate and L-asparagine biosynthesis,NA
GLT,C00025,MALATE-ASPARTATE-SHUTTLE-PWY,InChIKey=WHUUTDBJXJRKMK-VKHMYHEASA-M,L-Glutamic acid,C00025,malate/L-aspartate shuttle pathway,NA
GLT,C00025,PWY-7559,InChIKey=WHUUTDBJXJRKMK-VKHMYHEASA-M,L-Glutamic acid,C00025,glutathione degradation (DUG pathway),NA
GLT,C00025,PWY-5103,InChIKey=WHUUTDBJXJRKMK-VKHMYHEASA-M,L-Glutamic acid,C00025,L-isoleucine biosynthesis III,NA
GLT,C00025,PWY-7861,InChIKey=WHUUTDBJXJRKMK-VKHMYHEASA-M,L-Glutamic acid,C00025,<i>N</i>-hydroxy-L-pipecolate biosynthesis,NA
GLT,C00025,P621-PWY,InChIKey=WHUUTDBJXJRKMK-VKHMYHEASA-M,L-Glutamic acid,C00025,nylon-6 oligomer degradation,NA
GLT,C00025,PWY-2161B,InChIKey=WHUUTDBJXJRKMK-VKHMYHEASA-M,L-Glutamic acid,C00025,glutamate removal from folates,NA
GLT,C00025,PWY-4061,InChIKey=WHUUTDBJXJRKMK-VKHMYHEASA-M,L-Glutamic acid,C00025,glutathione-mediated detoxification I,NA
GLT,C00025,PWY-7112,InChIKey=WHUUTDBJXJRKMK-VKHMYHEASA-M,L-Glutamic acid,C00025,4-hydroxy-2-nonenal detoxification,NA
GLT,C00025,PWY-8588,InChIKey=WHUUTDBJXJRKMK-VKHMYHEASA-M,L-Glutamic acid,C00025,brassinin and derivatives biosynthesis,NA
GLT,C00025,PWYQT-4477,InChIKey=WHUUTDBJXJRKMK-VKHMYHEASA-M,L-Glutamic acid,C00025,indole glucosinolate activation (intact plant cell),NA
GLT,C00025,PWY-6842,InChIKey=WHUUTDBJXJRKMK-VKHMYHEASA-M,L-Glutamic acid,C00025,glutathione-mediated detoxification II,NA
GLT,C00025,PWY-8301,InChIKey=WHUUTDBJXJRKMK-VKHMYHEASA-M,L-Glutamic acid,C00025,<i>S</i>-(6-hydroxy-4-methylhexan-4-yl)-L-cysteinylglycine biosynthesis,NA
GLT,C00025,PWY-8001,InChIKey=WHUUTDBJXJRKMK-VKHMYHEASA-M,L-Glutamic acid,C00025,felinine and 3-methyl-3-sulfanylbutan-1-ol biosynthesis,NA
GLT,C00025,PWY-181,InChIKey=WHUUTDBJXJRKMK-VKHMYHEASA-M,L-Glutamic acid,C00025,photorespiration I,NA
GLT,C00025,PWY-8363,InChIKey=WHUUTDBJXJRKMK-VKHMYHEASA-M,L-Glutamic acid,C00025,photorespiration III,NA
GLT,C00025,PWY-8362,InChIKey=WHUUTDBJXJRKMK-VKHMYHEASA-M,L-Glutamic acid,C00025,photorespiration II,NA
GLT,C00025,PWY-8565,InChIKey=WHUUTDBJXJRKMK-VKHMYHEASA-M,L-Glutamic acid,C00025,polyporic acid biosynthesis,NA
GLT,C00025,PWY-8014,InChIKey=WHUUTDBJXJRKMK-VKHMYHEASA-M,L-Glutamic acid,C00025,L-phenylalanine degradation VI (reductive Stickland reaction),NA
GLT,C00025,ANAPHENOXI-PWY,InChIKey=WHUUTDBJXJRKMK-VKHMYHEASA-M,L-Glutamic acid,C00025,L-phenylalanine degradation II (anaerobic),NA
GLT,C00025,BENZCOA-PWY,InChIKey=WHUUTDBJXJRKMK-VKHMYHEASA-M,L-Glutamic acid,C00025,anaerobic aromatic compound degradation (<i>Thauera aromatica</i>),NA
GLT,C00025,PWY-5079,InChIKey=WHUUTDBJXJRKMK-VKHMYHEASA-M,L-Glutamic acid,C00025,L-phenylalanine degradation III,NA
GLT,C00025,PHESYN,InChIKey=WHUUTDBJXJRKMK-VKHMYHEASA-M,L-Glutamic acid,C00025,L-phenylalanine biosynthesis I,NA
GLT,C00025,PWY-6628,InChIKey=WHUUTDBJXJRKMK-VKHMYHEASA-M,L-Glutamic acid,C00025,superpathway of L-phenylalanine biosynthesis,NA
GLT,C00025,PWY-6318,InChIKey=WHUUTDBJXJRKMK-VKHMYHEASA-M,L-Glutamic acid,C00025,"L-phenylalanine degradation IV (mammalian, via side chain)",NA
GLT,C00025,PWY-7614,InChIKey=WHUUTDBJXJRKMK-VKHMYHEASA-M,L-Glutamic acid,C00025,methiin metabolism,NA
GLT,C00025,PWY-5706,InChIKey=WHUUTDBJXJRKMK-VKHMYHEASA-M,L-Glutamic acid,C00025,alliin metabolism,NA
GLT,C00025,PWY-5707,InChIKey=WHUUTDBJXJRKMK-VKHMYHEASA-M,L-Glutamic acid,C00025,propanethial <i>S</i>-oxide biosynthesis,NA
GLT,C00025,PWY-6176,InChIKey=WHUUTDBJXJRKMK-VKHMYHEASA-M,L-Glutamic acid,C00025,superpathway of Allium flavor precursors,NA
GLT,C00025,PWY-8512,InChIKey=WHUUTDBJXJRKMK-VKHMYHEASA-M,L-Glutamic acid,C00025,cytidine 3'-phospho-5'-diphosphoramidate biosynthesis,NA
GLT,C00025,PWY-8443,InChIKey=WHUUTDBJXJRKMK-VKHMYHEASA-M,L-Glutamic acid,C00025,cyclosporin A biosynthesis,NA
GLT,C00025,PWY-5028,InChIKey=WHUUTDBJXJRKMK-VKHMYHEASA-M,L-Glutamic acid,C00025,L-histidine degradation II,NA
GLT,C00025,PYRIDOXSYN-PWY,InChIKey=WHUUTDBJXJRKMK-VKHMYHEASA-M,L-Glutamic acid,C00025,pyridoxal 5'-phosphate biosynthesis I,NA
GLT,C00025,PWY0-845,InChIKey=WHUUTDBJXJRKMK-VKHMYHEASA-M,L-Glutamic acid,C00025,superpathway of pyridoxal 5'-phosphate biosynthesis and salvage,NA
GLT,C00025,SERSYN-PWY,InChIKey=WHUUTDBJXJRKMK-VKHMYHEASA-M,L-Glutamic acid,C00025,L-serine biosynthesis I,NA
GLT,C00025,SER-GLYSYN-PWY,InChIKey=WHUUTDBJXJRKMK-VKHMYHEASA-M,L-Glutamic acid,C00025,superpathway of L-serine and glycine biosynthesis I,NA
GLT,C00025,SULFATE-CYS-PWY,InChIKey=WHUUTDBJXJRKMK-VKHMYHEASA-M,L-Glutamic acid,C00025,superpathway of sulfate assimilation and cysteine biosynthesis,NA
GLT,C00025,PWY-8010,InChIKey=WHUUTDBJXJRKMK-VKHMYHEASA-M,L-Glutamic acid,C00025,L-cysteine biosynthesis IX (Trichomonas vaginalis),NA
GLT,C00025,PWY-8120,InChIKey=WHUUTDBJXJRKMK-VKHMYHEASA-M,L-Glutamic acid,C00025,&beta;-alanine degradation III,NA
GLT,C00025,BETA-ALA-DEGRADATION-I-PWY,InChIKey=WHUUTDBJXJRKMK-VKHMYHEASA-M,L-Glutamic acid,C00025,&beta;-alanine degradation I,NA
GLT,C00025,PWY-8525,InChIKey=WHUUTDBJXJRKMK-VKHMYHEASA-M,L-Glutamic acid,C00025,odd <i>iso</i>-branched-chain fatty acid biosynthesis II,NA
GLT,C00025,PWY-7767,InChIKey=WHUUTDBJXJRKMK-VKHMYHEASA-M,L-Glutamic acid,C00025,L-leucine degradation IV (reductive Stickland reaction),NA
GLT,C00025,PWY-8185,InChIKey=WHUUTDBJXJRKMK-VKHMYHEASA-M,L-Glutamic acid,C00025,L-leucine degradation V (oxidative Stickland reaction),NA
GLT,C00025,PWY-8174,InChIKey=WHUUTDBJXJRKMK-VKHMYHEASA-M,L-Glutamic acid,C00025,odd <i>iso</i>-branched-chain fatty acid biosynthesis I,NA
GLT,C00025,LEUSYN-PWY,InChIKey=WHUUTDBJXJRKMK-VKHMYHEASA-M,L-Glutamic acid,C00025,L-leucine biosynthesis,NA
GLT,C00025,LEU-DEG2-PWY,InChIKey=WHUUTDBJXJRKMK-VKHMYHEASA-M,L-Glutamic acid,C00025,L-leucine degradation I,NA
GLT,C00025,PWY-5076,InChIKey=WHUUTDBJXJRKMK-VKHMYHEASA-M,L-Glutamic acid,C00025,L-leucine degradation III,NA
GLT,C00025,PWY-7518,InChIKey=WHUUTDBJXJRKMK-VKHMYHEASA-M,L-Glutamic acid,C00025,atromentin biosynthesis,NA
GLT,C00025,PWY-5754,InChIKey=WHUUTDBJXJRKMK-VKHMYHEASA-M,L-Glutamic acid,C00025,4-hydroxybenzoate biosynthesis I (eukaryotes),NA
GLT,C00025,PWY-8016,InChIKey=WHUUTDBJXJRKMK-VKHMYHEASA-M,L-Glutamic acid,C00025,L-tyrosine degradation V (reductive Stickland reaction),NA
GLT,C00025,PWY-3581,InChIKey=WHUUTDBJXJRKMK-VKHMYHEASA-M,L-Glutamic acid,C00025,(<i>S</i>)-reticuline biosynthesis I,NA
GLT,C00025,PWY-5048,InChIKey=WHUUTDBJXJRKMK-VKHMYHEASA-M,L-Glutamic acid,C00025,rosmarinic acid biosynthesis I,NA
GLT,C00025,PWY-5071,InChIKey=WHUUTDBJXJRKMK-VKHMYHEASA-M,L-Glutamic acid,C00025,superpathway of rosmarinic acid biosynthesis,NA
GLT,C00025,TYRSYN,InChIKey=WHUUTDBJXJRKMK-VKHMYHEASA-M,L-Glutamic acid,C00025,L-tyrosine biosynthesis I,NA
GLT,C00025,PWY-6630,InChIKey=WHUUTDBJXJRKMK-VKHMYHEASA-M,L-Glutamic acid,C00025,superpathway of L-tyrosine biosynthesis,NA
GLT,C00025,PWY-7514,InChIKey=WHUUTDBJXJRKMK-VKHMYHEASA-M,L-Glutamic acid,C00025,L-tyrosine degradation IV (to 4-methylphenol),NA
GLT,C00025,PWY3O-4108,InChIKey=WHUUTDBJXJRKMK-VKHMYHEASA-M,L-Glutamic acid,C00025,L-tyrosine degradation III,NA
GLT,C00025,PWY-5886,InChIKey=WHUUTDBJXJRKMK-VKHMYHEASA-M,L-Glutamic acid,C00025,3-(4-hydroxyphenyl)pyruvate biosynthesis,NA
GLT,C00025,PWY-5864,InChIKey=WHUUTDBJXJRKMK-VKHMYHEASA-M,L-Glutamic acid,C00025,superpathway of plastoquinol biosynthesis,NA
GLT,C00025,TYRFUMCAT-PWY,InChIKey=WHUUTDBJXJRKMK-VKHMYHEASA-M,L-Glutamic acid,C00025,L-tyrosine degradation I,NA
GLT,C00025,PWY-5151,InChIKey=WHUUTDBJXJRKMK-VKHMYHEASA-M,L-Glutamic acid,C00025,L-tyrosine degradation II,NA
GLT,C00025,PWY-8161,InChIKey=WHUUTDBJXJRKMK-VKHMYHEASA-M,L-Glutamic acid,C00025,D-phenylglycine degradation,NA
GLT,C00025,PWY-8581,InChIKey=WHUUTDBJXJRKMK-VKHMYHEASA-M,L-Glutamic acid,C00025,isobutylmalonyl-CoA biosynthesis,NA
GLT,C00025,PWY-8183,InChIKey=WHUUTDBJXJRKMK-VKHMYHEASA-M,L-Glutamic acid,C00025,L-valine degradation III (oxidative Stickland reaction),NA
GLT,C00025,PWY-8175,InChIKey=WHUUTDBJXJRKMK-VKHMYHEASA-M,L-Glutamic acid,C00025,even <i>iso</i>-branched-chain fatty acid biosynthesis,NA
GLT,C00025,VALSYN-PWY,InChIKey=WHUUTDBJXJRKMK-VKHMYHEASA-M,L-Glutamic acid,C00025,L-valine biosynthesis,NA
GLT,C00025,BRANCHED-CHAIN-AA-SYN-PWY,InChIKey=WHUUTDBJXJRKMK-VKHMYHEASA-M,L-Glutamic acid,C00025,superpathway of branched chain amino acid biosynthesis,NA
GLT,C00025,PWY-5057,InChIKey=WHUUTDBJXJRKMK-VKHMYHEASA-M,L-Glutamic acid,C00025,L-valine degradation II,NA
GLT,C00025,PWY-7377,InChIKey=WHUUTDBJXJRKMK-VKHMYHEASA-M,L-Glutamic acid,C00025,"cob(II)yrinate <i>a,c</i>-diamide biosynthesis I (early cobalt insertion)",NA
GLT,C00025,PWY-6309,InChIKey=WHUUTDBJXJRKMK-VKHMYHEASA-M,L-Glutamic acid,C00025,"L-tryptophan degradation XI (mammalian, via kynurenine)",NA
GLT,C00025,PWY-8187,InChIKey=WHUUTDBJXJRKMK-VKHMYHEASA-M,L-Glutamic acid,C00025,L-arginine degradation XIII (reductive Stickland reaction),NA
GLT,C00025,PWY-3341,InChIKey=WHUUTDBJXJRKMK-VKHMYHEASA-M,L-Glutamic acid,C00025,L-proline biosynthesis III (from L-ornithine),NA
GLT,C00025,ARGASEDEG-PWY,InChIKey=WHUUTDBJXJRKMK-VKHMYHEASA-M,L-Glutamic acid,C00025,L-arginine degradation I (arginase pathway),NA
GLT,C00025,ARG-PRO-PWY,InChIKey=WHUUTDBJXJRKMK-VKHMYHEASA-M,L-Glutamic acid,C00025,L-arginine degradation VI (arginase 2 pathway),NA
GLT,C00025,PUTDEG-PWY,InChIKey=WHUUTDBJXJRKMK-VKHMYHEASA-M,L-Glutamic acid,C00025,putrescine degradation I,NA
GLT,C00025,PWY-8229,InChIKey=WHUUTDBJXJRKMK-VKHMYHEASA-M,L-Glutamic acid,C00025,"UDP-3-acetamido-2,3-dideoxy-2-(seryl)amino-&alpha;-D-glucuronamide biosynthesis",NA
GLT,C00025,PWY-8273,InChIKey=WHUUTDBJXJRKMK-VKHMYHEASA-M,L-Glutamic acid,C00025,"UDP-3-acetamido-2-amino-2,3-dideoxy-&alpha;-D-glucopyranose biosynthesis",NA
GLT,C00025,PWY0-461,InChIKey=WHUUTDBJXJRKMK-VKHMYHEASA-M,L-Glutamic acid,C00025,L-lysine degradation I,NA
GLT,C00025,PWY-6328,InChIKey=WHUUTDBJXJRKMK-VKHMYHEASA-M,L-Glutamic acid,C00025,L-lysine degradation X,NA
GLT,C00025,PWY-8276,InChIKey=WHUUTDBJXJRKMK-VKHMYHEASA-M,L-Glutamic acid,C00025,4-aminobenzoate biosynthesis II,NA
GLT,C00025,TRPSYN-PWY,InChIKey=WHUUTDBJXJRKMK-VKHMYHEASA-M,L-Glutamic acid,C00025,L-tryptophan biosynthesis,NA
GLT,C00025,PWY-6629,InChIKey=WHUUTDBJXJRKMK-VKHMYHEASA-M,L-Glutamic acid,C00025,superpathway of L-tryptophan biosynthesis,NA
GLT,C00025,COMPLETE-ARO-PWY,InChIKey=WHUUTDBJXJRKMK-VKHMYHEASA-M,L-Glutamic acid,C00025,superpathway of aromatic amino acid biosynthesis (from phospho<i>enol</i>pyruvate and D-erythrose 4-phosphate),NA
GLT,C00025,PWY-6661,InChIKey=WHUUTDBJXJRKMK-VKHMYHEASA-M,L-Glutamic acid,C00025,4-hydroxy-2(1<i>H</i>)-quinolone biosynthesis,NA
GLT,C00025,PWY-6662,InChIKey=WHUUTDBJXJRKMK-VKHMYHEASA-M,L-Glutamic acid,C00025,superpathway of quinolone and alkylquinolone biosynthesis,NA
GLT,C00025,PWY-5958,InChIKey=WHUUTDBJXJRKMK-VKHMYHEASA-M,L-Glutamic acid,C00025,acridone alkaloid biosynthesis,NA
GLT,C00025,ASPARAGINE-BIOSYNTHESIS,InChIKey=WHUUTDBJXJRKMK-VKHMYHEASA-M,L-Glutamic acid,C00025,L-asparagine biosynthesis I,NA
GLT,C00025,PWY0-1325,InChIKey=WHUUTDBJXJRKMK-VKHMYHEASA-M,L-Glutamic acid,C00025,superpathway of L-asparagine biosynthesis,NA
GLT,C00025,PWY2PN3-13,InChIKey=WHUUTDBJXJRKMK-VKHMYHEASA-M,L-Glutamic acid,C00025,ornithine-ammonia cycle,NA
GLT,C00025,PWY-7790,InChIKey=WHUUTDBJXJRKMK-VKHMYHEASA-M,L-Glutamic acid,C00025,UMP biosynthesis II,NA
GLT,C00025,PWY-7791,InChIKey=WHUUTDBJXJRKMK-VKHMYHEASA-M,L-Glutamic acid,C00025,UMP biosynthesis III,NA
GLT,C00025,PWY-5686,InChIKey=WHUUTDBJXJRKMK-VKHMYHEASA-M,L-Glutamic acid,C00025,UMP biosynthesis I,NA
GLT,C00025,PWY-6466,InChIKey=WHUUTDBJXJRKMK-VKHMYHEASA-M,L-Glutamic acid,C00025,pyridoxal 5'-phosphate biosynthesis II,NA
GLT,C00025,PWY-7221,InChIKey=WHUUTDBJXJRKMK-VKHMYHEASA-M,L-Glutamic acid,C00025,guanosine ribonucleotides <i>de novo</i> biosynthesis,NA
GLT,C00025,PWY66-409,InChIKey=WHUUTDBJXJRKMK-VKHMYHEASA-M,L-Glutamic acid,C00025,superpathway of purine nucleotide salvage,NA
GLT,C00025,PWY-7228,InChIKey=WHUUTDBJXJRKMK-VKHMYHEASA-M,L-Glutamic acid,C00025,superpathway of guanosine nucleotides <i>de novo</i> biosynthesis I,NA
GLT,C00025,PWY-6125,InChIKey=WHUUTDBJXJRKMK-VKHMYHEASA-M,L-Glutamic acid,C00025,superpathway of guanosine nucleotides <i>de novo</i> biosynthesis II,NA
GLT,C00025,PWY-7185,InChIKey=WHUUTDBJXJRKMK-VKHMYHEASA-M,L-Glutamic acid,C00025,UTP and CTP dephosphorylation I,NA
GLT,C00025,PWY-7176,InChIKey=WHUUTDBJXJRKMK-VKHMYHEASA-M,L-Glutamic acid,C00025,UTP and CTP <i>de novo</i> biosynthesis,NA
GLT,C00025,PWY-7208,InChIKey=WHUUTDBJXJRKMK-VKHMYHEASA-M,L-Glutamic acid,C00025,superpathway of pyrimidine nucleobases salvage,NA
GLT,C00025,PWY-7196,InChIKey=WHUUTDBJXJRKMK-VKHMYHEASA-M,L-Glutamic acid,C00025,superpathway of pyrimidine ribonucleosides salvage,NA
GLT,C00025,PWY0-162,InChIKey=WHUUTDBJXJRKMK-VKHMYHEASA-M,L-Glutamic acid,C00025,superpathway of pyrimidine ribonucleotides <i>de novo</i> biosynthesis,NA
GLT,C00025,PWY-7211,InChIKey=WHUUTDBJXJRKMK-VKHMYHEASA-M,L-Glutamic acid,C00025,superpathway of pyrimidine deoxyribonucleotides <i>de novo</i> biosynthesis,NA
GLT,C00025,PWY-7177,InChIKey=WHUUTDBJXJRKMK-VKHMYHEASA-M,L-Glutamic acid,C00025,UTP and CTP dephosphorylation II,NA
GLT,C00025,HISTSYN-PWY,InChIKey=WHUUTDBJXJRKMK-VKHMYHEASA-M,L-Glutamic acid,C00025,L-histidine biosynthesis,NA
GLT,C00025,PWY490-4,InChIKey=WHUUTDBJXJRKMK-VKHMYHEASA-M,L-Glutamic acid,C00025,L-asparagine biosynthesis III (tRNA-dependent),NA
GLT,C00025,PWY-8032,InChIKey=WHUUTDBJXJRKMK-VKHMYHEASA-M,L-Glutamic acid,C00025,chloramphenicol biosynthesis,NA
GLT,C00025,PWY-6543,InChIKey=WHUUTDBJXJRKMK-VKHMYHEASA-M,L-Glutamic acid,C00025,4-aminobenzoate biosynthesis I,NA
GLT,C00025,PWY-7575,InChIKey=WHUUTDBJXJRKMK-VKHMYHEASA-M,L-Glutamic acid,C00025,superpathway of candicidin biosynthesis (from chorismate),NA
GLT,C00025,GLUTAMINDEG-PWY,InChIKey=WHUUTDBJXJRKMK-VKHMYHEASA-M,L-Glutamic acid,C00025,L-glutamine degradation I,NA
GLT,C00025,PWY-7383,InChIKey=WHUUTDBJXJRKMK-VKHMYHEASA-M,L-Glutamic acid,C00025,"anaerobic energy metabolism (invertebrates, cytosol)",NA
GLT,C00025,PWY-7389,InChIKey=WHUUTDBJXJRKMK-VKHMYHEASA-M,L-Glutamic acid,C00025,superpathway of anaerobic energy metabolism (invertebrates),NA
GLT,C00025,PWY-8188,InChIKey=WHUUTDBJXJRKMK-VKHMYHEASA-M,L-Glutamic acid,C00025,L-alanine degradation VI (reductive Stickland reaction),NA
GLT,C00025,PWY-8189,InChIKey=WHUUTDBJXJRKMK-VKHMYHEASA-M,L-Glutamic acid,C00025,L-alanine degradation V (oxidative Stickland reaction),NA
GLT,C00025,PROPFERM-PWY,InChIKey=WHUUTDBJXJRKMK-VKHMYHEASA-M,L-Glutamic acid,C00025,superpathway of L-alanine fermentation (Stickland reaction),NA
GLT,C00025,ALANINE-DEG3-PWY,InChIKey=WHUUTDBJXJRKMK-VKHMYHEASA-M,L-Glutamic acid,C00025,L-alanine degradation III,NA
GLT,C00025,ALANINE-SYN2-PWY,InChIKey=WHUUTDBJXJRKMK-VKHMYHEASA-M,L-Glutamic acid,C00025,L-alanine biosynthesis II,NA
GLT,C00025,PWY-5096,InChIKey=WHUUTDBJXJRKMK-VKHMYHEASA-M,L-Glutamic acid,C00025,pyruvate fermentation to acetate and alanine,NA
GLT,C00025,PWY0-1061,InChIKey=WHUUTDBJXJRKMK-VKHMYHEASA-M,L-Glutamic acid,C00025,superpathway of L-alanine biosynthesis,NA
GLT,C00025,PWY-6146,InChIKey=WHUUTDBJXJRKMK-VKHMYHEASA-M,L-Glutamic acid,C00025,<i>Methanobacterium thermoautotrophicum</i> biosynthetic metabolism,NA
GLT,C00025,PWY-8013,InChIKey=WHUUTDBJXJRKMK-VKHMYHEASA-M,L-Glutamic acid,C00025,UDP-<i>N</i>-acetyl-D-galactosamine biosynthesis III,NA
GLT,C00025,UDPNACETYLGALSYN-PWY,InChIKey=WHUUTDBJXJRKMK-VKHMYHEASA-M,L-Glutamic acid,C00025,UDP-<i>N</i>-acetyl-D-glucosamine biosynthesis II,NA
GLT,C00025,PWY-6981,InChIKey=WHUUTDBJXJRKMK-VKHMYHEASA-M,L-Glutamic acid,C00025,chitin biosynthesis,NA
GLT,C00025,UDPNAGSYN-PWY,InChIKey=WHUUTDBJXJRKMK-VKHMYHEASA-M,L-Glutamic acid,C00025,UDP-<i>N</i>-acetyl-D-glucosamine biosynthesis I,NA
GLT,C00025,OANTIGEN-PWY,InChIKey=WHUUTDBJXJRKMK-VKHMYHEASA-M,L-Glutamic acid,C00025,<i>O</i>-antigen building blocks biosynthesis (<i>E. coli</i>),NA
GLT,C00025,PWY-7332,InChIKey=WHUUTDBJXJRKMK-VKHMYHEASA-M,L-Glutamic acid,C00025,superpathway of UDP-<I>N</i>-acetylglucosamine-derived O-antigen building blocks biosynthesis,NA
GLT,C00025,PWY-6404,InChIKey=WHUUTDBJXJRKMK-VKHMYHEASA-M,L-Glutamic acid,C00025,superpathway of mycolyl-arabinogalactan-peptidoglycan complex biosynthesis,NA
GLT,C00025,DAPLYSINESYN-PWY,InChIKey=WHUUTDBJXJRKMK-VKHMYHEASA-M,L-Glutamic acid,C00025,L-lysine biosynthesis I,NA
GLT,C00025,P4-PWY,InChIKey=WHUUTDBJXJRKMK-VKHMYHEASA-M,L-Glutamic acid,C00025,"superpathway of L-lysine, L-threonine and L-methionine biosynthesis I",NA
GLT,C00025,PWY0-781,InChIKey=WHUUTDBJXJRKMK-VKHMYHEASA-M,L-Glutamic acid,C00025,aspartate superpathway,NA
GLT,C00025,VALDEG-PWY,InChIKey=WHUUTDBJXJRKMK-VKHMYHEASA-M,L-Glutamic acid,C00025,L-valine degradation I,NA
GLT,C00025,HYDROXYPRODEG-PWY,InChIKey=WHUUTDBJXJRKMK-VKHMYHEASA-M,L-Glutamic acid,C00025,<i>trans</i>-4-hydroxy-L-proline degradation I,NA
GLT,C00025,PWY-8504,InChIKey=WHUUTDBJXJRKMK-VKHMYHEASA-M,L-Glutamic acid,C00025,spectinomycin biosynthesis,NA
GLT,C00025,PWY-7316,InChIKey=WHUUTDBJXJRKMK-VKHMYHEASA-M,L-Glutamic acid,C00025,dTDP-<i>N</i>-acetylviosamine biosynthesis,NA
GLT,C00025,PWY-7317,InChIKey=WHUUTDBJXJRKMK-VKHMYHEASA-M,L-Glutamic acid,C00025,superpathway of dTDP-glucose-derived O-antigen building blocks biosynthesis,NA
GLT,C00025,PWY-6942,InChIKey=WHUUTDBJXJRKMK-VKHMYHEASA-M,L-Glutamic acid,C00025,dTDP-D-desosamine biosynthesis,NA
GLT,C00025,PWY-7110,InChIKey=WHUUTDBJXJRKMK-VKHMYHEASA-M,L-Glutamic acid,C00025,superpathway of megalomicin A biosynthesis,NA
GLT,C00025,PWY-6977,InChIKey=WHUUTDBJXJRKMK-VKHMYHEASA-M,L-Glutamic acid,C00025,superpathway of erythromycin biosynthesis,NA
GLT,C00025,PWY-5298,InChIKey=WHUUTDBJXJRKMK-VKHMYHEASA-M,L-Glutamic acid,C00025,L-lysine degradation VI,NA
GLT,C00025,PWY-5029,InChIKey=WHUUTDBJXJRKMK-VKHMYHEASA-M,L-Glutamic acid,C00025,3-(imidazol-5-yl)lactate salvage,NA
GLT,C00025,HISTDEG-PWY,InChIKey=WHUUTDBJXJRKMK-VKHMYHEASA-M,L-Glutamic acid,C00025,L-histidine degradation IV,NA
GLT,C00025,PWY-5283,InChIKey=WHUUTDBJXJRKMK-VKHMYHEASA-M,L-Glutamic acid,C00025,L-lysine degradation V,NA
GLT,C00025,PWY66-425,InChIKey=WHUUTDBJXJRKMK-VKHMYHEASA-M,L-Glutamic acid,C00025,L-lysine degradation II (L-pipecolate pathway),NA
GLT,C00025,LYSINE-AMINOAD-PWY,InChIKey=WHUUTDBJXJRKMK-VKHMYHEASA-M,L-Glutamic acid,C00025,L-lysine biosynthesis IV,NA
GLT,C00025,PWY-3081,InChIKey=WHUUTDBJXJRKMK-VKHMYHEASA-M,L-Glutamic acid,C00025,L-lysine biosynthesis V,NA
GLT,C00025,LYSINE-DEG1-PWY,InChIKey=WHUUTDBJXJRKMK-VKHMYHEASA-M,L-Glutamic acid,C00025,L-lysine degradation XI,NA
GLT,C00025,PWY-5327,InChIKey=WHUUTDBJXJRKMK-VKHMYHEASA-M,L-Glutamic acid,C00025,superpathway of L-lysine degradation,NA
GLT,C00025,PWY-8380,InChIKey=WHUUTDBJXJRKMK-VKHMYHEASA-M,L-Glutamic acid,C00025,dTDP-sibirosamine biosynthesis,NA
GLT,C00025,PWY-8441,InChIKey=WHUUTDBJXJRKMK-VKHMYHEASA-M,L-Glutamic acid,C00025,(4<i>R</i>)-4-[(<i>E</i>)-2-butenyl]-4-methyl-L-threonine biosynthesis,NA
GLT,C00025,PWY-8453,InChIKey=WHUUTDBJXJRKMK-VKHMYHEASA-M,L-Glutamic acid,C00025,D-glutamate degradation,NA
GLT,C00025,PWY-6511,InChIKey=WHUUTDBJXJRKMK-VKHMYHEASA-M,L-Glutamic acid,C00025,3-methylarginine biosynthesis,NA
GLT,C00025,PWY-5024,InChIKey=WHUUTDBJXJRKMK-VKHMYHEASA-M,L-Glutamic acid,C00025,L-arginine degradation XI,NA
GLT,C00025,PWY-8505,InChIKey=WHUUTDBJXJRKMK-VKHMYHEASA-M,L-Glutamic acid,C00025,4-acetamido-1<i>H</i>-pyrrole-2-carboxylate biosynthesis,NA
GLT,C00025,PWY-8587,InChIKey=WHUUTDBJXJRKMK-VKHMYHEASA-M,L-Glutamic acid,C00025,thienodolin biosynthesis,NA
GLT,C00025,PWY-5468,InChIKey=WHUUTDBJXJRKMK-VKHMYHEASA-M,L-Glutamic acid,C00025,tetracyclic quinolizidine alkaloids biosynthesis,NA
GLT,C00025,PWY-8585,InChIKey=WHUUTDBJXJRKMK-VKHMYHEASA-M,L-Glutamic acid,C00025,skatole biosynthesis,NA
GLT,C00025,PWY-581,InChIKey=WHUUTDBJXJRKMK-VKHMYHEASA-M,L-Glutamic acid,C00025,indole-3-acetate biosynthesis II,NA
GLT,C00025,TRPIAACAT-PWY,InChIKey=WHUUTDBJXJRKMK-VKHMYHEASA-M,L-Glutamic acid,C00025,indole-3-acetate biosynthesis VI (bacteria),NA
GLT,C00025,PWY-5081,InChIKey=WHUUTDBJXJRKMK-VKHMYHEASA-M,L-Glutamic acid,C00025,L-tryptophan degradation VIII (to tryptophol),NA
GLT,C00025,TRPKYNCAT-PWY,InChIKey=WHUUTDBJXJRKMK-VKHMYHEASA-M,L-Glutamic acid,C00025,L-tryptophan degradation IV (via indole-3-lactate),NA
GLT,C00025,PWY-8017,InChIKey=WHUUTDBJXJRKMK-VKHMYHEASA-M,L-Glutamic acid,C00025,L-tryptophan degradation XIII (reductive Stickland reaction),NA
GLT,C00025,PWY-8623,InChIKey=WHUUTDBJXJRKMK-VKHMYHEASA-M,L-Glutamic acid,C00025,phenazine-1-carboxamide biosynthesis,NA
GLT,C00025,PWY-8563,InChIKey=WHUUTDBJXJRKMK-VKHMYHEASA-M,L-Glutamic acid,C00025,surfactin biosynthesis,NA
GLT,C00025,PWY-7025,InChIKey=WHUUTDBJXJRKMK-VKHMYHEASA-M,L-Glutamic acid,C00025,gentamicin biosynthesis,NA
GLT,C00025,PWY-5154,InChIKey=WHUUTDBJXJRKMK-VKHMYHEASA-M,L-Glutamic acid,C00025,L-arginine biosynthesis III (via <i>N</i>-acetyl-L-citrulline),NA
GLT,C00025,GLUTORN-PWY,InChIKey=WHUUTDBJXJRKMK-VKHMYHEASA-M,L-Glutamic acid,C00025,L-ornithine biosynthesis I,NA
GLT,C00025,ARGSYN-PWY,InChIKey=WHUUTDBJXJRKMK-VKHMYHEASA-M,L-Glutamic acid,C00025,L-arginine biosynthesis I (via L-ornithine),NA
GLT,C00025,ARG+POLYAMINE-SYN,InChIKey=WHUUTDBJXJRKMK-VKHMYHEASA-M,L-Glutamic acid,C00025,superpathway of arginine and polyamine biosynthesis (from L-glutamate),NA
GLT,C00025,PWY-8439,InChIKey=WHUUTDBJXJRKMK-VKHMYHEASA-M,L-Glutamic acid,C00025,poly-&gamma;-D-glutamate biosynthesis,NA
GLT,C00025,PWY-8383,InChIKey=WHUUTDBJXJRKMK-VKHMYHEASA-M,L-Glutamic acid,C00025,myxochelin A and B biosynthesis,NA
GLT,C00025,PWY-8367,InChIKey=WHUUTDBJXJRKMK-VKHMYHEASA-M,L-Glutamic acid,C00025,hygromycin B biosynthesis,NA
GLT,C00025,PWY-8366,InChIKey=WHUUTDBJXJRKMK-VKHMYHEASA-M,L-Glutamic acid,C00025,septacidin biosynthesis,NA
GLT,C00025,PWY-7117,InChIKey=WHUUTDBJXJRKMK-VKHMYHEASA-M,L-Glutamic acid,C00025,"C4 photosynthetic carbon assimilation cycle, PEPCK type",NA
GLT,C00025,PWY-7115,InChIKey=WHUUTDBJXJRKMK-VKHMYHEASA-M,L-Glutamic acid,C00025,"C4 photosynthetic carbon assimilation cycle, NAD-ME type",NA
GLT,C00025,PWY-8543,InChIKey=WHUUTDBJXJRKMK-VKHMYHEASA-M,L-Glutamic acid,C00025,gaburedin biosynthesis,NA
GLT,C00025,PWY0-1305,InChIKey=WHUUTDBJXJRKMK-VKHMYHEASA-M,L-Glutamic acid,C00025,L-glutamate degradation IX (via 4-aminobutanoate),NA
GLT,C00025,GLUTSYNIII-PWY,InChIKey=WHUUTDBJXJRKMK-VKHMYHEASA-M,L-Glutamic acid,C00025,L-glutamate biosynthesis III,NA
GLT,C00025,GLUTSYN-PWY,InChIKey=WHUUTDBJXJRKMK-VKHMYHEASA-M,L-Glutamic acid,C00025,L-glutamate biosynthesis I,NA
GLT,C00025,GLUTAMINEFUM-PWY,InChIKey=WHUUTDBJXJRKMK-VKHMYHEASA-M,L-Glutamic acid,C00025,L-glutamine degradation II,NA
GLT,C00025,PWY-5770,InChIKey=WHUUTDBJXJRKMK-VKHMYHEASA-M,L-Glutamic acid,C00025,"phenazine-1-carboxylate and phenazine-1,6-dicarboxylate biosynthesis",NA
GLT,C00025,PWY-8382,InChIKey=WHUUTDBJXJRKMK-VKHMYHEASA-M,L-Glutamic acid,C00025,diazepinomicin biosynthesis,NA
GLT,C00025,PWY-8321,InChIKey=WHUUTDBJXJRKMK-VKHMYHEASA-M,L-Glutamic acid,C00025,salicylate biosynthesis II,NA
GLT,C00025,PWY2DNV-11,InChIKey=WHUUTDBJXJRKMK-VKHMYHEASA-M,L-Glutamic acid,C00025,tetrahydrofolate biosynthesis II,NA
GLT,C00025,GLUGLNSYN-PWY,InChIKey=WHUUTDBJXJRKMK-VKHMYHEASA-M,L-Glutamic acid,C00025,L-glutamate biosynthesis IV,NA
GLT,C00025,P162-PWY,InChIKey=WHUUTDBJXJRKMK-VKHMYHEASA-M,L-Glutamic acid,C00025,L-glutamate degradation V (via hydroxyglutarate),NA
GLT,C00025,PWY-8190,InChIKey=WHUUTDBJXJRKMK-VKHMYHEASA-M,L-Glutamic acid,C00025,L-glutamate degradation XI (reductive Stickland reaction),NA
GLT,C00025,PWY-5022,InChIKey=WHUUTDBJXJRKMK-VKHMYHEASA-M,L-Glutamic acid,C00025,4-aminobutanoate degradation V,NA
GLT,C00025,PWY-6728,InChIKey=WHUUTDBJXJRKMK-VKHMYHEASA-M,L-Glutamic acid,C00025,methylaspartate cycle,NA
GLT,C00025,ALACAT2-PWY,InChIKey=WHUUTDBJXJRKMK-VKHMYHEASA-M,L-Glutamic acid,C00025,L-alanine degradation II (to D-lactate),NA
GLT,C00025,GLUTAMATE-DEG1-PWY,InChIKey=WHUUTDBJXJRKMK-VKHMYHEASA-M,L-Glutamic acid,C00025,L-glutamate degradation I,NA
GLT,C00025,PWY-5883,InChIKey=WHUUTDBJXJRKMK-VKHMYHEASA-M,L-Glutamic acid,C00025,ephedrine biosynthesis,NA
GLT,C00025,PWY-8158,InChIKey=WHUUTDBJXJRKMK-VKHMYHEASA-M,L-Glutamic acid,C00025,ibotenate and muscimol biosynthesis,NA
GLT,C00025,PWY-8346,InChIKey=WHUUTDBJXJRKMK-VKHMYHEASA-M,L-Glutamic acid,C00025,GABA shunt II,NA
GLT,C00025,PWY-4341,InChIKey=WHUUTDBJXJRKMK-VKHMYHEASA-M,L-Glutamic acid,C00025,L-glutamate biosynthesis V,NA
GLT,C00025,PWY-6549,InChIKey=WHUUTDBJXJRKMK-VKHMYHEASA-M,L-Glutamic acid,C00025,nitrogen remobilization from senescing leaves,NA
GLT,C00025,PWY-8080,InChIKey=WHUUTDBJXJRKMK-VKHMYHEASA-M,L-Glutamic acid,C00025,kainate biosynthesis,NA
GLT,C00025,PWY-8083,InChIKey=WHUUTDBJXJRKMK-VKHMYHEASA-M,L-Glutamic acid,C00025,domoic acid biosynthesis,NA
GLT,C00025,PWY-6409,InChIKey=WHUUTDBJXJRKMK-VKHMYHEASA-M,L-Glutamic acid,C00025,pyoverdine I biosynthesis,NA
GLT,C00025,PWY-7693,InChIKey=WHUUTDBJXJRKMK-VKHMYHEASA-M,L-Glutamic acid,C00025,guadinomine B biosynthesis,NA
GLT,C00025,PWY-7255,InChIKey=WHUUTDBJXJRKMK-VKHMYHEASA-M,L-Glutamic acid,C00025,ergothioneine biosynthesis I (bacteria),NA
GLT,C00025,PWY-6840,InChIKey=WHUUTDBJXJRKMK-VKHMYHEASA-M,L-Glutamic acid,C00025,homoglutathione biosynthesis,NA
GLT,C00025,GLUTATHIONESYN-PWY,InChIKey=WHUUTDBJXJRKMK-VKHMYHEASA-M,L-Glutamic acid,C00025,glutathione biosynthesis,NA
GLT,C00025,PWY-4041,InChIKey=WHUUTDBJXJRKMK-VKHMYHEASA-M,L-Glutamic acid,C00025,&gamma;-glutamyl cycle,NA
GLT,C00025,PWY-8043,InChIKey=WHUUTDBJXJRKMK-VKHMYHEASA-M,L-Glutamic acid,C00025,ophthalmate biosynthesis,NA
GLT,C00025,PWY-5921,InChIKey=WHUUTDBJXJRKMK-VKHMYHEASA-M,L-Glutamic acid,C00025,glutaminyl-tRNA<sup>gln</sup> biosynthesis via transamidation,NA
GLT,C00025,TRNA-CHARGING-PWY,InChIKey=WHUUTDBJXJRKMK-VKHMYHEASA-M,L-Glutamic acid,C00025,tRNA charging,NA
GLT,C00025,PWY-5188,InChIKey=WHUUTDBJXJRKMK-VKHMYHEASA-M,L-Glutamic acid,C00025,uroporphyrinogen-III I (from glutamate),NA
GLT,C00025,PWY-5918,InChIKey=WHUUTDBJXJRKMK-VKHMYHEASA-M,L-Glutamic acid,C00025,superpathway of heme <i>b</i> biosynthesis from glutamate,NA
GLT,C00025,P381-PWY,InChIKey=WHUUTDBJXJRKMK-VKHMYHEASA-M,L-Glutamic acid,C00025,adenosylcobalamin biosynthesis II (aerobic),NA
GLT,C00025,PWY-5507,InChIKey=WHUUTDBJXJRKMK-VKHMYHEASA-M,L-Glutamic acid,C00025,adenosylcobalamin biosynthesis I (anaerobic),NA
GLT,C00025,PWY-7907,InChIKey=WHUUTDBJXJRKMK-VKHMYHEASA-M,L-Glutamic acid,C00025,"(2S,3E)-2-amino-4-methoxy-but-3-enoate biosynthesis",NA
GLT,C00025,PWY-7953,InChIKey=WHUUTDBJXJRKMK-VKHMYHEASA-M,L-Glutamic acid,C00025,UDP-<i>N</i>-acetylmuramoyl-pentapeptide biosynthesis III (<i>meso</i>-diaminopimelate containing),NA
GLT,C00025,PWY-7863,InChIKey=WHUUTDBJXJRKMK-VKHMYHEASA-M,L-Glutamic acid,C00025,roseoflavin biosynthesis,NA
GLT,C00025,PWY-8381,InChIKey=WHUUTDBJXJRKMK-VKHMYHEASA-M,L-Glutamic acid,C00025,sulfazecin biosynthesis,NA
GLT,C00025,PWY-7706,InChIKey=WHUUTDBJXJRKMK-VKHMYHEASA-M,L-Glutamic acid,C00025,dapdiamides biosynthesis,NA
GLT,C00025,PWY-7694,InChIKey=WHUUTDBJXJRKMK-VKHMYHEASA-M,L-Glutamic acid,C00025,zwittermicin A biosynthesis,NA
GLT,C00025,PWY-8008,InChIKey=WHUUTDBJXJRKMK-VKHMYHEASA-M,L-Glutamic acid,C00025,staphyloferrin B biosynthesis,NA
GLT,C00025,PWY-2161,InChIKey=WHUUTDBJXJRKMK-VKHMYHEASA-M,L-Glutamic acid,C00025,folate polyglutamylation,NA
GLT,C00025,PWY-7400,InChIKey=WHUUTDBJXJRKMK-VKHMYHEASA-M,L-Glutamic acid,C00025,L-arginine biosynthesis IV (archaea),NA
GLT,C00025,PWY-5818,InChIKey=WHUUTDBJXJRKMK-VKHMYHEASA-M,L-Glutamic acid,C00025,validamycin biosynthesis,NA
GLT,C00025,PWY-7674,InChIKey=WHUUTDBJXJRKMK-VKHMYHEASA-M,L-Glutamic acid,C00025,"CMP-8-amino-3,8-dideoxy-D-<I>manno</I>-octulosonate biosynthesis",NA
GLT,C00025,PWY-5254,InChIKey=WHUUTDBJXJRKMK-VKHMYHEASA-M,L-Glutamic acid,C00025,methanofuran biosynthesis,NA
GLT,C00025,PWY-5030,InChIKey=WHUUTDBJXJRKMK-VKHMYHEASA-M,L-Glutamic acid,C00025,L-histidine degradation III,NA
GLT,C00025,PWY-7531,InChIKey=WHUUTDBJXJRKMK-VKHMYHEASA-M,L-Glutamic acid,C00025,mannojirimycin biosynthesis,NA
GLT,C00025,GLUTAMATE-SYN2-PWY,InChIKey=WHUUTDBJXJRKMK-VKHMYHEASA-M,L-Glutamic acid,C00025,L-glutamate biosynthesis II,NA
GLT,C00025,GLUDEG-I-PWY,InChIKey=WHUUTDBJXJRKMK-VKHMYHEASA-M,L-Glutamic acid,C00025,GABA shunt I,NA
GLT,C00025,PWY-5766,InChIKey=WHUUTDBJXJRKMK-VKHMYHEASA-M,L-Glutamic acid,C00025,L-glutamate degradation X,NA
GLT,C00025,PWY-5199,InChIKey=WHUUTDBJXJRKMK-VKHMYHEASA-M,L-Glutamic acid,C00025,factor 420 polyglutamylation,NA
GLT,C00025,PWY-6533,InChIKey=WHUUTDBJXJRKMK-VKHMYHEASA-M,L-Glutamic acid,C00025,aniline degradation,NA
GLT,C00025,PWY-5740,InChIKey=WHUUTDBJXJRKMK-VKHMYHEASA-M,L-Glutamic acid,C00025,GDP-L-colitose biosynthesis,NA
GLT,C00025,PWY-7323,InChIKey=WHUUTDBJXJRKMK-VKHMYHEASA-M,L-Glutamic acid,C00025,superpathway of GDP-mannose-derived O-antigen building blocks biosynthesis,NA
GLT,C00025,PWY-2242,InChIKey=WHUUTDBJXJRKMK-VKHMYHEASA-M,L-Glutamic acid,C00025,ammonia oxidation III (heterotrophic nitrification),NA
GLT,C00025,PWY-8620,InChIKey=WHUUTDBJXJRKMK-VKHMYHEASA-M,L-Glutamic acid,C00025,ammonia oxidation V (dirammox),NA
GLT,C00025,ARGSYNBSUB-PWY,InChIKey=WHUUTDBJXJRKMK-VKHMYHEASA-M,L-Glutamic acid,C00025,L-arginine biosynthesis II (acetyl cycle),NA
GLT,C00025,PWY-8294,InChIKey=WHUUTDBJXJRKMK-VKHMYHEASA-M,L-Glutamic acid,C00025,L-aspartate degradation III (anaerobic),NA
GLT,C00025,PWY-8291,InChIKey=WHUUTDBJXJRKMK-VKHMYHEASA-M,L-Glutamic acid,C00025,L-aspartate degradation II (aerobic),NA
GLT,C00025,AMMASSIM-PWY,InChIKey=WHUUTDBJXJRKMK-VKHMYHEASA-M,L-Glutamic acid,C00025,ammonia assimilation cycle III,NA
GLT,C00025,PWY-6964,InChIKey=WHUUTDBJXJRKMK-VKHMYHEASA-M,L-Glutamic acid,C00025,ammonia assimilation cycle II,NA
GLT,C00025,GLNSYN-PWY,InChIKey=WHUUTDBJXJRKMK-VKHMYHEASA-M,L-Glutamic acid,C00025,L-glutamine biosynthesis I,NA
GLT,C00025,PWY-3282,InChIKey=WHUUTDBJXJRKMK-VKHMYHEASA-M,L-Glutamic acid,C00025,superpathway of ammonia assimilation (plants),NA
GLT,C00025,PWY-6963,InChIKey=WHUUTDBJXJRKMK-VKHMYHEASA-M,L-Glutamic acid,C00025,ammonia assimilation cycle I,NA
GLT,C00025,PWY-5505,InChIKey=WHUUTDBJXJRKMK-VKHMYHEASA-M,L-Glutamic acid,C00025,L-glutamate and L-glutamine biosynthesis,NA
GLT,C00025,PWY-6965,InChIKey=WHUUTDBJXJRKMK-VKHMYHEASA-M,L-Glutamic acid,C00025,methylamine degradation II,NA
GLT,C00025,PWY-6962,InChIKey=WHUUTDBJXJRKMK-VKHMYHEASA-M,L-Glutamic acid,C00025,superpathway of trimethylamine degradation,NA
GLT,C00025,PWY-8456,InChIKey=WHUUTDBJXJRKMK-VKHMYHEASA-M,L-Glutamic acid,C00025,tetrahydrosarcinapterin biosynthesis,NA
GLT,C00025,PWY-6749,InChIKey=WHUUTDBJXJRKMK-VKHMYHEASA-M,L-Glutamic acid,C00025,CMP-legionaminate biosynthesis I,NA
GLT,C00025,PWY-7019,InChIKey=WHUUTDBJXJRKMK-VKHMYHEASA-M,L-Glutamic acid,C00025,butirosin biosynthesis (from L-glutamate and ribostamycin),NA
GLT,C00025,PWY-7020,InChIKey=WHUUTDBJXJRKMK-VKHMYHEASA-M,L-Glutamic acid,C00025,superpathway of butirocin biosynthesis (from glucose 6-phosphate),NA
GLT,C00025,PWY-7000,InChIKey=WHUUTDBJXJRKMK-VKHMYHEASA-M,L-Glutamic acid,C00025,kanamycin biosynthesis,NA
GLT,C00025,PWY-7072,InChIKey=WHUUTDBJXJRKMK-VKHMYHEASA-M,L-Glutamic acid,C00025,hopanoid biosynthesis (bacteria),NA
GLT,C00025,PWY-6219,InChIKey=WHUUTDBJXJRKMK-VKHMYHEASA-M,L-Glutamic acid,C00025,indole-3-acetate inactivation VIII,NA
GLT,C00025,PWY-1782,InChIKey=WHUUTDBJXJRKMK-VKHMYHEASA-M,L-Glutamic acid,C00025,superpathway of indole-3-acetate conjugate biosynthesis,NA
GLT,C00025,PWY-5784,InChIKey=WHUUTDBJXJRKMK-VKHMYHEASA-M,L-Glutamic acid,C00025,indole-3-acetate inactivation VIII,NA
GLT,C00025,PWY0-1221,InChIKey=WHUUTDBJXJRKMK-VKHMYHEASA-M,L-Glutamic acid,C00025,putrescine degradation II,NA
GLT,C00025,ORNDEG-PWY,InChIKey=WHUUTDBJXJRKMK-VKHMYHEASA-M,L-Glutamic acid,C00025,superpathway of ornithine degradation,NA
GLT,C00025,ARGDEG-PWY,InChIKey=WHUUTDBJXJRKMK-VKHMYHEASA-M,L-Glutamic acid,C00025,"superpathway of L-arginine, putrescine, and 4-aminobutanoate degradation",NA
GLT,C00025,ORNARGDEG-PWY,InChIKey=WHUUTDBJXJRKMK-VKHMYHEASA-M,L-Glutamic acid,C00025,superpathway of L-arginine and L-ornithine degradation,NA
GLT,C00025,PWY-5736,InChIKey=WHUUTDBJXJRKMK-VKHMYHEASA-M,L-Glutamic acid,C00025,isopropylamine degradation,NA
GLT,C00025,PWY-6122,InChIKey=WHUUTDBJXJRKMK-VKHMYHEASA-M,L-Glutamic acid,C00025,5-aminoimidazole ribonucleotide biosynthesis II,NA
GLT,C00025,DENOVOPURINE2-PWY,InChIKey=WHUUTDBJXJRKMK-VKHMYHEASA-M,L-Glutamic acid,C00025,superpathway of purine nucleotides <i>de novo</i> biosynthesis II,NA
GLT,C00025,PRPP-PWY,InChIKey=WHUUTDBJXJRKMK-VKHMYHEASA-M,L-Glutamic acid,C00025,"superpathway of histidine, purine, and pyrimidine biosynthesis",NA
GLT,C00025,PWY-6121,InChIKey=WHUUTDBJXJRKMK-VKHMYHEASA-M,L-Glutamic acid,C00025,5-aminoimidazole ribonucleotide biosynthesis I,NA
GLT,C00025,PWY-6277,InChIKey=WHUUTDBJXJRKMK-VKHMYHEASA-M,L-Glutamic acid,C00025,superpathway of 5-aminoimidazole ribonucleotide biosynthesis (from PRPP),NA
GLT,C00025,PWY-841,InChIKey=WHUUTDBJXJRKMK-VKHMYHEASA-M,L-Glutamic acid,C00025,superpathway of purine nucleotides <i>de novo</i> biosynthesis I,NA
GLT,C00025,PWY-2941,InChIKey=WHUUTDBJXJRKMK-VKHMYHEASA-M,L-Glutamic acid,C00025,L-lysine biosynthesis II,NA
GLT,C00025,PWY-6387,InChIKey=WHUUTDBJXJRKMK-VKHMYHEASA-M,L-Glutamic acid,C00025,UDP-<i>N</i>-acetylmuramoyl-pentapeptide biosynthesis I (<i>meso</i>-diaminopimelate containing),NA
GLT,C00025,PWY-6385,InChIKey=WHUUTDBJXJRKMK-VKHMYHEASA-M,L-Glutamic acid,C00025,peptidoglycan biosynthesis III (mycobacteria),NA
GLT,C00025,PEPTIDOGLYCANSYN-PWY,InChIKey=WHUUTDBJXJRKMK-VKHMYHEASA-M,L-Glutamic acid,C00025,peptidoglycan biosynthesis I (<I>meso</I>-diaminopimelate containing),NA
GLT,C00025,PWY-6386,InChIKey=WHUUTDBJXJRKMK-VKHMYHEASA-M,L-Glutamic acid,C00025,UDP-<i>N</i>-acetylmuramoyl-pentapeptide biosynthesis II (lysine-containing),NA
GLT,C00025,PWY-6470,InChIKey=WHUUTDBJXJRKMK-VKHMYHEASA-M,L-Glutamic acid,C00025,peptidoglycan biosynthesis V (&beta;-lactam resistance),NA
GLT,C00025,PWY-5265,InChIKey=WHUUTDBJXJRKMK-VKHMYHEASA-M,L-Glutamic acid,C00025,peptidoglycan biosynthesis II (staphylococci),NA
GLT,C00025,PWY-6471,InChIKey=WHUUTDBJXJRKMK-VKHMYHEASA-M,L-Glutamic acid,C00025,peptidoglycan biosynthesis IV (<i>Enterococcus faecium</i>),NA
GLT,C00025,ARGININE-SYN4-PWY,InChIKey=WHUUTDBJXJRKMK-VKHMYHEASA-M,L-Glutamic acid,C00025,L-ornithine biosynthesis II,NA
GLT,C00025,PWY-6922,InChIKey=WHUUTDBJXJRKMK-VKHMYHEASA-M,L-Glutamic acid,C00025,L-<i>N<sup>&delta;</sup></i>-acetylornithine biosynthesis,NA
GLT,C00025,CITRULBIO-PWY,InChIKey=WHUUTDBJXJRKMK-VKHMYHEASA-M,L-Glutamic acid,C00025,L-citrulline biosynthesis,NA
GLT,C00025,PWY-5004,InChIKey=WHUUTDBJXJRKMK-VKHMYHEASA-M,L-Glutamic acid,C00025,superpathway of L-citrulline metabolism,NA
GLT,C00025,PROSYN-PWY,InChIKey=WHUUTDBJXJRKMK-VKHMYHEASA-M,L-Glutamic acid,C00025,L-proline biosynthesis I (from L-glutamate),NA
GLT,C00025,PWY-6614,InChIKey=WHUUTDBJXJRKMK-VKHMYHEASA-M,L-Glutamic acid,C00025,tetrahydrofolate biosynthesis I,NA
GLT,C00025,PWY-6612,InChIKey=WHUUTDBJXJRKMK-VKHMYHEASA-M,L-Glutamic acid,C00025,superpathway of tetrahydrofolate biosynthesis,NA
GLT,C00025,ALL-CHORISMATE-PWY,InChIKey=WHUUTDBJXJRKMK-VKHMYHEASA-M,L-Glutamic acid,C00025,superpathway of chorismate metabolism,NA
GLT,C00025,FOLSYN-PWY,InChIKey=WHUUTDBJXJRKMK-VKHMYHEASA-M,L-Glutamic acid,C00025,superpathway of tetrahydrofolate biosynthesis and salvage,NA
GLN,C00064,PWY-8294,InChIKey=ZDXPYRJPNDTMRX-VKHMYHEASA-N,L-Glutamine,C00064,L-aspartate degradation III (anaerobic),NA
GLN,C00064,PWY-8291,InChIKey=ZDXPYRJPNDTMRX-VKHMYHEASA-N,L-Glutamine,C00064,L-aspartate degradation II (aerobic),NA
GLN,C00064,GLNSYN-PWY,InChIKey=ZDXPYRJPNDTMRX-VKHMYHEASA-N,L-Glutamine,C00064,L-glutamine biosynthesis I,NA
GLN,C00064,PWY-5978,InChIKey=ZDXPYRJPNDTMRX-VKHMYHEASA-N,L-Glutamine,C00064,kanosamine biosynthesis I,NA
GLN,C00064,PWY-5993,InChIKey=ZDXPYRJPNDTMRX-VKHMYHEASA-N,L-Glutamine,C00064,superpathway of rifamycin B biosynthesis,NA
GLN,C00064,PWY-8298,InChIKey=ZDXPYRJPNDTMRX-VKHMYHEASA-N,L-Glutamine,C00064,streptozotocin biosynthesis,NA
GLN,C00064,PWY-5770,InChIKey=ZDXPYRJPNDTMRX-VKHMYHEASA-N,L-Glutamine,C00064,"phenazine-1-carboxylate and phenazine-1,6-dicarboxylate biosynthesis",NA
GLN,C00064,PWY-8382,InChIKey=ZDXPYRJPNDTMRX-VKHMYHEASA-N,L-Glutamine,C00064,diazepinomicin biosynthesis,NA
GLN,C00064,PWY-8504,InChIKey=ZDXPYRJPNDTMRX-VKHMYHEASA-N,L-Glutamine,C00064,spectinomycin biosynthesis,NA
GLN,C00064,PWY-8623,InChIKey=ZDXPYRJPNDTMRX-VKHMYHEASA-N,L-Glutamine,C00064,phenazine-1-carboxamide biosynthesis,NA
GLN,C00064,PWY-2242,InChIKey=ZDXPYRJPNDTMRX-VKHMYHEASA-N,L-Glutamine,C00064,ammonia oxidation III (heterotrophic nitrification),NA
GLN,C00064,PWY-8620,InChIKey=ZDXPYRJPNDTMRX-VKHMYHEASA-N,L-Glutamine,C00064,ammonia oxidation V (dirammox),NA
GLN,C00064,PWY-6470,InChIKey=ZDXPYRJPNDTMRX-VKHMYHEASA-N,L-Glutamine,C00064,peptidoglycan biosynthesis V (&beta;-lactam resistance),NA
GLN,C00064,PWY-8587,InChIKey=ZDXPYRJPNDTMRX-VKHMYHEASA-N,L-Glutamine,C00064,thienodolin biosynthesis,NA
GLN,C00064,PWY-8502,InChIKey=ZDXPYRJPNDTMRX-VKHMYHEASA-N,L-Glutamine,C00064,indigoidine biosynthesis,NA
GLN,C00064,TRNA-CHARGING-PWY,InChIKey=ZDXPYRJPNDTMRX-VKHMYHEASA-N,L-Glutamine,C00064,tRNA charging,NA
GLN,C00064,PWY-8013,InChIKey=ZDXPYRJPNDTMRX-VKHMYHEASA-N,L-Glutamine,C00064,UDP-<i>N</i>-acetyl-D-galactosamine biosynthesis III,NA
GLN,C00064,UDPNACETYLGALSYN-PWY,InChIKey=ZDXPYRJPNDTMRX-VKHMYHEASA-N,L-Glutamine,C00064,UDP-<i>N</i>-acetyl-D-glucosamine biosynthesis II,NA
GLN,C00064,PWY-6981,InChIKey=ZDXPYRJPNDTMRX-VKHMYHEASA-N,L-Glutamine,C00064,chitin biosynthesis,NA
GLN,C00064,UDPNAGSYN-PWY,InChIKey=ZDXPYRJPNDTMRX-VKHMYHEASA-N,L-Glutamine,C00064,UDP-<i>N</i>-acetyl-D-glucosamine biosynthesis I,NA
GLN,C00064,OANTIGEN-PWY,InChIKey=ZDXPYRJPNDTMRX-VKHMYHEASA-N,L-Glutamine,C00064,<i>O</i>-antigen building blocks biosynthesis (<i>E. coli</i>),NA
GLN,C00064,PWY-7332,InChIKey=ZDXPYRJPNDTMRX-VKHMYHEASA-N,L-Glutamine,C00064,superpathway of UDP-<I>N</i>-acetylglucosamine-derived O-antigen building blocks biosynthesis,NA
GLN,C00064,PWY-6404,InChIKey=ZDXPYRJPNDTMRX-VKHMYHEASA-N,L-Glutamine,C00064,superpathway of mycolyl-arabinogalactan-peptidoglycan complex biosynthesis,NA
GLN,C00064,PWY-6749,InChIKey=ZDXPYRJPNDTMRX-VKHMYHEASA-N,L-Glutamine,C00064,CMP-legionaminate biosynthesis I,NA
GLN,C00064,PWY-8449,InChIKey=ZDXPYRJPNDTMRX-VKHMYHEASA-N,L-Glutamine,C00064,mannopine and agropine biosynthesis,NA
GLN,C00064,GLUGLNSYN-PWY,InChIKey=ZDXPYRJPNDTMRX-VKHMYHEASA-N,L-Glutamine,C00064,L-glutamate biosynthesis IV,NA
GLN,C00064,PWY-6963,InChIKey=ZDXPYRJPNDTMRX-VKHMYHEASA-N,L-Glutamine,C00064,ammonia assimilation cycle I,NA
GLN,C00064,PWY-8346,InChIKey=ZDXPYRJPNDTMRX-VKHMYHEASA-N,L-Glutamine,C00064,GABA shunt II,NA
GLN,C00064,PWY-4341,InChIKey=ZDXPYRJPNDTMRX-VKHMYHEASA-N,L-Glutamine,C00064,L-glutamate biosynthesis V,NA
GLN,C00064,PWY-6549,InChIKey=ZDXPYRJPNDTMRX-VKHMYHEASA-N,L-Glutamine,C00064,nitrogen remobilization from senescing leaves,NA
GLN,C00064,PWY-6964,InChIKey=ZDXPYRJPNDTMRX-VKHMYHEASA-N,L-Glutamine,C00064,ammonia assimilation cycle II,NA
GLN,C00064,PWY-3282,InChIKey=ZDXPYRJPNDTMRX-VKHMYHEASA-N,L-Glutamine,C00064,superpathway of ammonia assimilation (plants),NA
GLN,C00064,GLUTSYN-PWY,InChIKey=ZDXPYRJPNDTMRX-VKHMYHEASA-N,L-Glutamine,C00064,L-glutamate biosynthesis I,NA
GLN,C00064,PWY-5505,InChIKey=ZDXPYRJPNDTMRX-VKHMYHEASA-N,L-Glutamine,C00064,L-glutamate and L-glutamine biosynthesis,NA
GLN,C00064,GLUTAMINEFUM-PWY,InChIKey=ZDXPYRJPNDTMRX-VKHMYHEASA-N,L-Glutamine,C00064,L-glutamine degradation II,NA
GLN,C00064,AMMASSIM-PWY,InChIKey=ZDXPYRJPNDTMRX-VKHMYHEASA-N,L-Glutamine,C00064,ammonia assimilation cycle III,NA
GLN,C00064,CITRULBIO-PWY,InChIKey=ZDXPYRJPNDTMRX-VKHMYHEASA-N,L-Glutamine,C00064,L-citrulline biosynthesis,NA
GLN,C00064,PWY-5004,InChIKey=ZDXPYRJPNDTMRX-VKHMYHEASA-N,L-Glutamine,C00064,superpathway of L-citrulline metabolism,NA
GLN,C00064,GLUTAMINDEG-PWY,InChIKey=ZDXPYRJPNDTMRX-VKHMYHEASA-N,L-Glutamine,C00064,L-glutamine degradation I,NA
GLN,C00064,PWY2PN3-13,InChIKey=ZDXPYRJPNDTMRX-VKHMYHEASA-N,L-Glutamine,C00064,ornithine-ammonia cycle,NA
GLN,C00064,ARGSYNBSUB-PWY,InChIKey=ZDXPYRJPNDTMRX-VKHMYHEASA-N,L-Glutamine,C00064,L-arginine biosynthesis II (acetyl cycle),NA
GLN,C00064,PWY-7790,InChIKey=ZDXPYRJPNDTMRX-VKHMYHEASA-N,L-Glutamine,C00064,UMP biosynthesis II,NA
GLN,C00064,PWY-7400,InChIKey=ZDXPYRJPNDTMRX-VKHMYHEASA-N,L-Glutamine,C00064,L-arginine biosynthesis IV (archaea),NA
GLN,C00064,ARGSYN-PWY,InChIKey=ZDXPYRJPNDTMRX-VKHMYHEASA-N,L-Glutamine,C00064,L-arginine biosynthesis I (via L-ornithine),NA
GLN,C00064,ARG+POLYAMINE-SYN,InChIKey=ZDXPYRJPNDTMRX-VKHMYHEASA-N,L-Glutamine,C00064,superpathway of arginine and polyamine biosynthesis (from L-glutamate),NA
GLN,C00064,PWY-7791,InChIKey=ZDXPYRJPNDTMRX-VKHMYHEASA-N,L-Glutamine,C00064,UMP biosynthesis III,NA
GLN,C00064,PWY-5686,InChIKey=ZDXPYRJPNDTMRX-VKHMYHEASA-N,L-Glutamine,C00064,UMP biosynthesis I,NA
GLN,C00064,PWY-5154,InChIKey=ZDXPYRJPNDTMRX-VKHMYHEASA-N,L-Glutamine,C00064,L-arginine biosynthesis III (via <i>N</i>-acetyl-L-citrulline),NA
GLN,C00064,ASPARAGINE-BIOSYNTHESIS,InChIKey=ZDXPYRJPNDTMRX-VKHMYHEASA-N,L-Glutamine,C00064,L-asparagine biosynthesis I,NA
GLN,C00064,PWY0-1325,InChIKey=ZDXPYRJPNDTMRX-VKHMYHEASA-N,L-Glutamine,C00064,superpathway of L-asparagine biosynthesis,NA
GLN,C00064,TRPSYN-PWY,InChIKey=ZDXPYRJPNDTMRX-VKHMYHEASA-N,L-Glutamine,C00064,L-tryptophan biosynthesis,NA
GLN,C00064,PWY-6629,InChIKey=ZDXPYRJPNDTMRX-VKHMYHEASA-N,L-Glutamine,C00064,superpathway of L-tryptophan biosynthesis,NA
GLN,C00064,COMPLETE-ARO-PWY,InChIKey=ZDXPYRJPNDTMRX-VKHMYHEASA-N,L-Glutamine,C00064,superpathway of aromatic amino acid biosynthesis (from phospho<i>enol</i>pyruvate and D-erythrose 4-phosphate),NA
GLN,C00064,PWY-6661,InChIKey=ZDXPYRJPNDTMRX-VKHMYHEASA-N,L-Glutamine,C00064,4-hydroxy-2(1<i>H</i>)-quinolone biosynthesis,NA
GLN,C00064,PWY-6662,InChIKey=ZDXPYRJPNDTMRX-VKHMYHEASA-N,L-Glutamine,C00064,superpathway of quinolone and alkylquinolone biosynthesis,NA
GLN,C00064,PWY-5958,InChIKey=ZDXPYRJPNDTMRX-VKHMYHEASA-N,L-Glutamine,C00064,acridone alkaloid biosynthesis,NA
GLN,C00064,PWY-8032,InChIKey=ZDXPYRJPNDTMRX-VKHMYHEASA-N,L-Glutamine,C00064,chloramphenicol biosynthesis,NA
GLN,C00064,PWY-6543,InChIKey=ZDXPYRJPNDTMRX-VKHMYHEASA-N,L-Glutamine,C00064,4-aminobenzoate biosynthesis I,NA
GLN,C00064,PWY-7575,InChIKey=ZDXPYRJPNDTMRX-VKHMYHEASA-N,L-Glutamine,C00064,superpathway of candicidin biosynthesis (from chorismate),NA
GLN,C00064,PWY-6612,InChIKey=ZDXPYRJPNDTMRX-VKHMYHEASA-N,L-Glutamine,C00064,superpathway of tetrahydrofolate biosynthesis,NA
GLN,C00064,ALL-CHORISMATE-PWY,InChIKey=ZDXPYRJPNDTMRX-VKHMYHEASA-N,L-Glutamine,C00064,superpathway of chorismate metabolism,NA
GLN,C00064,FOLSYN-PWY,InChIKey=ZDXPYRJPNDTMRX-VKHMYHEASA-N,L-Glutamine,C00064,superpathway of tetrahydrofolate biosynthesis and salvage,NA
GLN,C00064,PWY-8276,InChIKey=ZDXPYRJPNDTMRX-VKHMYHEASA-N,L-Glutamine,C00064,4-aminobenzoate biosynthesis II,NA
GLN,C00064,PWY-8229,InChIKey=ZDXPYRJPNDTMRX-VKHMYHEASA-N,L-Glutamine,C00064,"UDP-3-acetamido-2,3-dideoxy-2-(seryl)amino-&alpha;-D-glucuronamide biosynthesis",NA
GLN,C00064,PWY-6471,InChIKey=ZDXPYRJPNDTMRX-VKHMYHEASA-N,L-Glutamine,C00064,peptidoglycan biosynthesis IV (<i>Enterococcus faecium</i>),NA
GLN,C00064,PWY-5265,InChIKey=ZDXPYRJPNDTMRX-VKHMYHEASA-N,L-Glutamine,C00064,peptidoglycan biosynthesis II (staphylococci),NA
GLN,C00064,PWY-5921,InChIKey=ZDXPYRJPNDTMRX-VKHMYHEASA-N,L-Glutamine,C00064,glutaminyl-tRNA<sup>gln</sup> biosynthesis via transamidation,NA
GLN,C00064,PWY490-4,InChIKey=ZDXPYRJPNDTMRX-VKHMYHEASA-N,L-Glutamine,C00064,L-asparagine biosynthesis III (tRNA-dependent),NA
GLN,C00064,PWY-4361,InChIKey=ZDXPYRJPNDTMRX-VKHMYHEASA-N,L-Glutamine,C00064,<i>S</i>-methyl-5-thio-&alpha;-D-ribose 1-phosphate degradation I,NA
GLN,C00064,PWY-7528,InChIKey=ZDXPYRJPNDTMRX-VKHMYHEASA-N,L-Glutamine,C00064,L-methionine salvage cycle I (bacteria and plants),NA
GLN,C00064,PWY-7270,InChIKey=ZDXPYRJPNDTMRX-VKHMYHEASA-N,L-Glutamine,C00064,L-methionine salvage cycle II (plants),NA
GLN,C00064,PWY-7527,InChIKey=ZDXPYRJPNDTMRX-VKHMYHEASA-N,L-Glutamine,C00064,L-methionine salvage cycle III,NA
GLN,C00064,PWY-8512,InChIKey=ZDXPYRJPNDTMRX-VKHMYHEASA-N,L-Glutamine,C00064,cytidine 3'-phospho-5'-diphosphoramidate biosynthesis,NA
GLN,C00064,PWY-6233,InChIKey=ZDXPYRJPNDTMRX-VKHMYHEASA-N,L-Glutamine,C00064,jasmonoyl-amino acid conjugates biosynthesis II,NA
GLN,C00064,PWY-6234,InChIKey=ZDXPYRJPNDTMRX-VKHMYHEASA-N,L-Glutamine,C00064,superpathway of jasmonoyl-amino acid conjugates biosynthesis,NA
GLN,C00064,PWY-5196,InChIKey=ZDXPYRJPNDTMRX-VKHMYHEASA-N,L-Glutamine,C00064,factor 430 biosynthesis,NA
GLN,C00064,HISTSYN-PWY,InChIKey=ZDXPYRJPNDTMRX-VKHMYHEASA-N,L-Glutamine,C00064,L-histidine biosynthesis,NA
GLN,C00064,PWY-7811,InChIKey=ZDXPYRJPNDTMRX-VKHMYHEASA-N,L-Glutamine,C00064,6-methylpretetramide biosynthesis,NA
GLN,C00064,PWY-7809,InChIKey=ZDXPYRJPNDTMRX-VKHMYHEASA-N,L-Glutamine,C00064,superpathway of tetracycline and oxytetracycline biosynthesis,NA
GLN,C00064,PWY-5297,InChIKey=ZDXPYRJPNDTMRX-VKHMYHEASA-N,L-Glutamine,C00064,siroheme amide biosynthesis,NA
GLN,C00064,PWY-7706,InChIKey=ZDXPYRJPNDTMRX-VKHMYHEASA-N,L-Glutamine,C00064,dapdiamides biosynthesis,NA
GLN,C00064,PWY-6466,InChIKey=ZDXPYRJPNDTMRX-VKHMYHEASA-N,L-Glutamine,C00064,pyridoxal 5'-phosphate biosynthesis II,NA
GLN,C00064,PWY-7377,InChIKey=ZDXPYRJPNDTMRX-VKHMYHEASA-N,L-Glutamine,C00064,"cob(II)yrinate <i>a,c</i>-diamide biosynthesis I (early cobalt insertion)",NA
GLN,C00064,PWY-5940,InChIKey=ZDXPYRJPNDTMRX-VKHMYHEASA-N,L-Glutamine,C00064,streptomycin biosynthesis,NA
GLN,C00064,PWY-7185,InChIKey=ZDXPYRJPNDTMRX-VKHMYHEASA-N,L-Glutamine,C00064,UTP and CTP dephosphorylation I,NA
GLN,C00064,PWY-7176,InChIKey=ZDXPYRJPNDTMRX-VKHMYHEASA-N,L-Glutamine,C00064,UTP and CTP <i>de novo</i> biosynthesis,NA
GLN,C00064,PWY-7208,InChIKey=ZDXPYRJPNDTMRX-VKHMYHEASA-N,L-Glutamine,C00064,superpathway of pyrimidine nucleobases salvage,NA
GLN,C00064,PWY-7196,InChIKey=ZDXPYRJPNDTMRX-VKHMYHEASA-N,L-Glutamine,C00064,superpathway of pyrimidine ribonucleosides salvage,NA
GLN,C00064,PWY0-162,InChIKey=ZDXPYRJPNDTMRX-VKHMYHEASA-N,L-Glutamine,C00064,superpathway of pyrimidine ribonucleotides <i>de novo</i> biosynthesis,NA
GLN,C00064,PWY-7211,InChIKey=ZDXPYRJPNDTMRX-VKHMYHEASA-N,L-Glutamine,C00064,superpathway of pyrimidine deoxyribonucleotides <i>de novo</i> biosynthesis,NA
GLN,C00064,PWY-7177,InChIKey=ZDXPYRJPNDTMRX-VKHMYHEASA-N,L-Glutamine,C00064,UTP and CTP dephosphorylation II,NA
GLN,C00064,PWY-7014,InChIKey=ZDXPYRJPNDTMRX-VKHMYHEASA-N,L-Glutamine,C00064,paromamine biosynthesis I (from glucose 6-phosphate),NA
GLN,C00064,PWY-7021,InChIKey=ZDXPYRJPNDTMRX-VKHMYHEASA-N,L-Glutamine,C00064,superpathway of neomycin biosynthesis,NA
GLN,C00064,PWY-8367,InChIKey=ZDXPYRJPNDTMRX-VKHMYHEASA-N,L-Glutamine,C00064,hygromycin B biosynthesis,NA
GLN,C00064,PWY-7000,InChIKey=ZDXPYRJPNDTMRX-VKHMYHEASA-N,L-Glutamine,C00064,kanamycin biosynthesis,NA
GLN,C00064,PWY-7022,InChIKey=ZDXPYRJPNDTMRX-VKHMYHEASA-N,L-Glutamine,C00064,paromamine biosynthesis II (from glucose 6-phosphate),NA
GLN,C00064,PWY-7020,InChIKey=ZDXPYRJPNDTMRX-VKHMYHEASA-N,L-Glutamine,C00064,superpathway of butirocin biosynthesis (from glucose 6-phosphate),NA
GLN,C00064,PWY-7221,InChIKey=ZDXPYRJPNDTMRX-VKHMYHEASA-N,L-Glutamine,C00064,guanosine ribonucleotides <i>de novo</i> biosynthesis,NA
GLN,C00064,PWY66-409,InChIKey=ZDXPYRJPNDTMRX-VKHMYHEASA-N,L-Glutamine,C00064,superpathway of purine nucleotide salvage,NA
GLN,C00064,PWY-7228,InChIKey=ZDXPYRJPNDTMRX-VKHMYHEASA-N,L-Glutamine,C00064,superpathway of guanosine nucleotides <i>de novo</i> biosynthesis I,NA
GLN,C00064,PWY-6125,InChIKey=ZDXPYRJPNDTMRX-VKHMYHEASA-N,L-Glutamine,C00064,superpathway of guanosine nucleotides <i>de novo</i> biosynthesis II,NA
GLN,C00064,PWY-6711,InChIKey=ZDXPYRJPNDTMRX-VKHMYHEASA-N,L-Glutamine,C00064,archaeosine biosynthesis I,NA
GLN,C00064,PWY-7054,InChIKey=ZDXPYRJPNDTMRX-VKHMYHEASA-N,L-Glutamine,C00064,<i>N</i>-acetylglutaminylglutamine amide biosynthesis,NA
GLN,C00064,PWY-6219,InChIKey=ZDXPYRJPNDTMRX-VKHMYHEASA-N,L-Glutamine,C00064,indole-3-acetate inactivation VIII,NA
GLN,C00064,PWY-1782,InChIKey=ZDXPYRJPNDTMRX-VKHMYHEASA-N,L-Glutamine,C00064,superpathway of indole-3-acetate conjugate biosynthesis,NA
GLN,C00064,PWY-7962,InChIKey=ZDXPYRJPNDTMRX-VKHMYHEASA-N,L-Glutamine,C00064,"adenosylcobinamide-GDP biosynthesis from cobyrinate <i>a,c</i>-diamide",NA
GLN,C00064,PWY-5507,InChIKey=ZDXPYRJPNDTMRX-VKHMYHEASA-N,L-Glutamine,C00064,adenosylcobalamin biosynthesis I (anaerobic),NA
GLN,C00064,PWY-7376,InChIKey=ZDXPYRJPNDTMRX-VKHMYHEASA-N,L-Glutamine,C00064,"cob(II)yrinate <i>a,c</i>-diamide biosynthesis II (late cobalt incorporation)",NA
GLN,C00064,P381-PWY,InChIKey=ZDXPYRJPNDTMRX-VKHMYHEASA-N,L-Glutamine,C00064,adenosylcobalamin biosynthesis II (aerobic),NA
GLN,C00064,PWY-6318,InChIKey=ZDXPYRJPNDTMRX-VKHMYHEASA-N,L-Glutamine,C00064,"L-phenylalanine degradation IV (mammalian, via side chain)",NA
GLN,C00064,PWY-6122,InChIKey=ZDXPYRJPNDTMRX-VKHMYHEASA-N,L-Glutamine,C00064,5-aminoimidazole ribonucleotide biosynthesis II,NA
GLN,C00064,DENOVOPURINE2-PWY,InChIKey=ZDXPYRJPNDTMRX-VKHMYHEASA-N,L-Glutamine,C00064,superpathway of purine nucleotides <i>de novo</i> biosynthesis II,NA
GLN,C00064,PRPP-PWY,InChIKey=ZDXPYRJPNDTMRX-VKHMYHEASA-N,L-Glutamine,C00064,"superpathway of histidine, purine, and pyrimidine biosynthesis",NA
GLN,C00064,PWY-6121,InChIKey=ZDXPYRJPNDTMRX-VKHMYHEASA-N,L-Glutamine,C00064,5-aminoimidazole ribonucleotide biosynthesis I,NA
GLN,C00064,PWY-6277,InChIKey=ZDXPYRJPNDTMRX-VKHMYHEASA-N,L-Glutamine,C00064,superpathway of 5-aminoimidazole ribonucleotide biosynthesis (from PRPP),NA
GLN,C00064,PWY-841,InChIKey=ZDXPYRJPNDTMRX-VKHMYHEASA-N,L-Glutamine,C00064,superpathway of purine nucleotides <i>de novo</i> biosynthesis I,NA
GLN,C00064,PWY-8511,InChIKey=ZDXPYRJPNDTMRX-VKHMYHEASA-N,L-Glutamine,C00064,NAD biosynthesis from nicotinamide II (deamidated pathway),NA
GLN,C00064,PWY-8352,InChIKey=ZDXPYRJPNDTMRX-VKHMYHEASA-N,L-Glutamine,C00064,NAD <i>de novo</i> biosynthesis III,NA
GLN,C00064,PWY-8277,InChIKey=ZDXPYRJPNDTMRX-VKHMYHEASA-N,L-Glutamine,C00064,NAD <i>de novo</i> biosynthesis IV (anaerobic),NA
GLN,C00064,PWY-5381,InChIKey=ZDXPYRJPNDTMRX-VKHMYHEASA-N,L-Glutamine,C00064,NAD salvage (plants),NA
GLN,C00064,PWY-7761,InChIKey=ZDXPYRJPNDTMRX-VKHMYHEASA-N,L-Glutamine,C00064,NAD salvage pathway II (PNC IV cycle),NA
GLN,C00064,PYRIDNUCSAL-PWY,InChIKey=ZDXPYRJPNDTMRX-VKHMYHEASA-N,L-Glutamine,C00064,NAD salvage pathway I (PNC VI cycle),NA
GLN,C00064,PWY-5653,InChIKey=ZDXPYRJPNDTMRX-VKHMYHEASA-N,L-Glutamine,C00064,NAD biosynthesis from 2-amino-3-carboxymuconate semialdehyde,NA
GLN,C00064,NADSYN-PWY,InChIKey=ZDXPYRJPNDTMRX-VKHMYHEASA-N,L-Glutamine,C00064,NAD <i>de novo</i> biosynthesis II (from tryptophan),NA
GLN,C00064,PWY3O-4107,InChIKey=ZDXPYRJPNDTMRX-VKHMYHEASA-N,L-Glutamine,C00064,NAD salvage pathway V (PNC V cycle),NA
GLN,C00064,PWY-3502,InChIKey=ZDXPYRJPNDTMRX-VKHMYHEASA-N,L-Glutamine,C00064,superpathway of NAD biosynthesis in eukaryotes,NA
GLN,C00064,PYRIDNUCSYN-PWY,InChIKey=ZDXPYRJPNDTMRX-VKHMYHEASA-N,L-Glutamine,C00064,NAD <i>de novo</i> biosynthesis I,NA
GLN,C00064,PWY0-781,InChIKey=ZDXPYRJPNDTMRX-VKHMYHEASA-N,L-Glutamine,C00064,aspartate superpathway,NA
ILE,C00407,PWY-7859,InChIKey=AGPKZVBTJJNPAG-WHFBIAKZSA-N,Isoleucine,C00407,jasmonoyl-L-isoleucine inactivation,NA
ILE,C00407,PWY-8543,InChIKey=AGPKZVBTJJNPAG-WHFBIAKZSA-N,Isoleucine,C00407,gaburedin biosynthesis,NA
ILE,C00407,PWY-8498,InChIKey=AGPKZVBTJJNPAG-WHFBIAKZSA-N,Isoleucine,C00407,micropeptin K139 biosynthesis,NA
ILE,C00407,PWY-8496,InChIKey=AGPKZVBTJJNPAG-WHFBIAKZSA-N,Isoleucine,C00407,anabaenopeptin F biosynthesis,NA
ILE,C00407,PWY-8495,InChIKey=AGPKZVBTJJNPAG-WHFBIAKZSA-N,Isoleucine,C00407,oscillamide Y biosynthesis,NA
ILE,C00407,PWY-8523,InChIKey=AGPKZVBTJJNPAG-WHFBIAKZSA-N,Isoleucine,C00407,"altemicidin, SB-203207, and SB-203208 biosynthesis",NA
ILE,C00407,TRNA-CHARGING-PWY,InChIKey=AGPKZVBTJJNPAG-WHFBIAKZSA-N,Isoleucine,C00407,tRNA charging,NA
ILE,C00407,PWY-8361,InChIKey=AGPKZVBTJJNPAG-WHFBIAKZSA-N,Isoleucine,C00407,apratoxin A biosynthesis,NA
ILE,C00407,PWY-6233,InChIKey=AGPKZVBTJJNPAG-WHFBIAKZSA-N,Isoleucine,C00407,jasmonoyl-amino acid conjugates biosynthesis II,NA
ILE,C00407,PWY-6220,InChIKey=AGPKZVBTJJNPAG-WHFBIAKZSA-N,Isoleucine,C00407,jasmonoyl-amino acid conjugates biosynthesis I,NA
ILE,C00407,PWY-6234,InChIKey=AGPKZVBTJJNPAG-WHFBIAKZSA-N,Isoleucine,C00407,superpathway of jasmonoyl-amino acid conjugates biosynthesis,NA
ILE,C00407,PWY-5990,InChIKey=AGPKZVBTJJNPAG-WHFBIAKZSA-N,Isoleucine,C00407,lotaustralin biosynthesis,NA
ILE,C00407,PWY-5991,InChIKey=AGPKZVBTJJNPAG-WHFBIAKZSA-N,Isoleucine,C00407,superpathway of linamarin and lotaustralin biosynthesis,NA
ILE,C00407,PWY-7706,InChIKey=AGPKZVBTJJNPAG-WHFBIAKZSA-N,Isoleucine,C00407,dapdiamides biosynthesis,NA
ILE,C00407,PWY-7667,InChIKey=AGPKZVBTJJNPAG-WHFBIAKZSA-N,Isoleucine,C00407,apicidin biosynthesis,NA
ILE,C00407,PWY-6679,InChIKey=AGPKZVBTJJNPAG-WHFBIAKZSA-N,Isoleucine,C00407,jadomycin biosynthesis,NA
ILE,C00407,PWY-8184,InChIKey=AGPKZVBTJJNPAG-WHFBIAKZSA-N,Isoleucine,C00407,L-isoleucine degradation III (oxidative Stickland reaction),NA
ILE,C00407,PWY-8173,InChIKey=AGPKZVBTJJNPAG-WHFBIAKZSA-N,Isoleucine,C00407,<i>anteiso</i>-branched-chain fatty acid biosynthesis,NA
ILE,C00407,PWY-5108,InChIKey=AGPKZVBTJJNPAG-WHFBIAKZSA-N,Isoleucine,C00407,L-isoleucine biosynthesis V,NA
ILE,C00407,ILEUSYN-PWY,InChIKey=AGPKZVBTJJNPAG-WHFBIAKZSA-N,Isoleucine,C00407,L-isoleucine biosynthesis I (from threonine),NA
ILE,C00407,THREOCAT-PWY,InChIKey=AGPKZVBTJJNPAG-WHFBIAKZSA-N,Isoleucine,C00407,superpathway of L-threonine metabolism,NA
ILE,C00407,PWY-3001,InChIKey=AGPKZVBTJJNPAG-WHFBIAKZSA-N,Isoleucine,C00407,superpathway of L-isoleucine biosynthesis I,NA
ILE,C00407,BRANCHED-CHAIN-AA-SYN-PWY,InChIKey=AGPKZVBTJJNPAG-WHFBIAKZSA-N,Isoleucine,C00407,superpathway of branched chain amino acid biosynthesis,NA
ILE,C00407,ILEUDEG-PWY,InChIKey=AGPKZVBTJJNPAG-WHFBIAKZSA-N,Isoleucine,C00407,L-isoleucine degradation I,NA
ILE,C00407,PWY-5101,InChIKey=AGPKZVBTJJNPAG-WHFBIAKZSA-N,Isoleucine,C00407,L-isoleucine biosynthesis II,NA
ILE,C00407,PWY-5104,InChIKey=AGPKZVBTJJNPAG-WHFBIAKZSA-N,Isoleucine,C00407,L-isoleucine biosynthesis IV,NA
ILE,C00407,PWY-5103,InChIKey=AGPKZVBTJJNPAG-WHFBIAKZSA-N,Isoleucine,C00407,L-isoleucine biosynthesis III,NA
ILE,C00407,PWY-5078,InChIKey=AGPKZVBTJJNPAG-WHFBIAKZSA-N,Isoleucine,C00407,L-isoleucine degradation II,NA
LEU,C00123,PWY-1822,InChIKey=ROHFNLRQFUQHCH-YFKPBYRVSA-N,L-Leucine,C00123,indole-3-acetate activation I,NA
LEU,C00123,PWY-8563,InChIKey=ROHFNLRQFUQHCH-YFKPBYRVSA-N,L-Leucine,C00123,surfactin biosynthesis,NA
LEU,C00123,PWY-8543,InChIKey=ROHFNLRQFUQHCH-YFKPBYRVSA-N,L-Leucine,C00123,gaburedin biosynthesis,NA
LEU,C00123,TRNA-CHARGING-PWY,InChIKey=ROHFNLRQFUQHCH-YFKPBYRVSA-N,L-Leucine,C00123,tRNA charging,NA
LEU,C00123,PWY-8443,InChIKey=ROHFNLRQFUQHCH-YFKPBYRVSA-N,L-Leucine,C00123,cyclosporin A biosynthesis,NA
LEU,C00123,PWY-7769,InChIKey=ROHFNLRQFUQHCH-YFKPBYRVSA-N,L-Leucine,C00123,phosalacine biosynthesis,NA
LEU,C00123,PWY-8525,InChIKey=ROHFNLRQFUQHCH-YFKPBYRVSA-N,L-Leucine,C00123,odd <i>iso</i>-branched-chain fatty acid biosynthesis II,NA
LEU,C00123,PWY-7767,InChIKey=ROHFNLRQFUQHCH-YFKPBYRVSA-N,L-Leucine,C00123,L-leucine degradation IV (reductive Stickland reaction),NA
LEU,C00123,PWY-8185,InChIKey=ROHFNLRQFUQHCH-YFKPBYRVSA-N,L-Leucine,C00123,L-leucine degradation V (oxidative Stickland reaction),NA
LEU,C00123,PWY-8174,InChIKey=ROHFNLRQFUQHCH-YFKPBYRVSA-N,L-Leucine,C00123,odd <i>iso</i>-branched-chain fatty acid biosynthesis I,NA
LEU,C00123,LEUSYN-PWY,InChIKey=ROHFNLRQFUQHCH-YFKPBYRVSA-N,L-Leucine,C00123,L-leucine biosynthesis,NA
LEU,C00123,BRANCHED-CHAIN-AA-SYN-PWY,InChIKey=ROHFNLRQFUQHCH-YFKPBYRVSA-N,L-Leucine,C00123,superpathway of branched chain amino acid biosynthesis,NA
LEU,C00123,LEU-DEG2-PWY,InChIKey=ROHFNLRQFUQHCH-YFKPBYRVSA-N,L-Leucine,C00123,L-leucine degradation I,NA
LEU,C00123,PWY-5076,InChIKey=ROHFNLRQFUQHCH-YFKPBYRVSA-N,L-Leucine,C00123,L-leucine degradation III,NA
LEU,C00123,PWY-8081,InChIKey=ROHFNLRQFUQHCH-YFKPBYRVSA-N,L-Leucine,C00123,leucine-derived hydroxynitrile glucoside biosynthesis,NA
LEU,C00123,PWY-6233,InChIKey=ROHFNLRQFUQHCH-YFKPBYRVSA-N,L-Leucine,C00123,jasmonoyl-amino acid conjugates biosynthesis II,NA
LEU,C00123,PWY-6220,InChIKey=ROHFNLRQFUQHCH-YFKPBYRVSA-N,L-Leucine,C00123,jasmonoyl-amino acid conjugates biosynthesis I,NA
LEU,C00123,PWY-6234,InChIKey=ROHFNLRQFUQHCH-YFKPBYRVSA-N,L-Leucine,C00123,superpathway of jasmonoyl-amino acid conjugates biosynthesis,NA
LEU,C00123,PWY-7706,InChIKey=ROHFNLRQFUQHCH-YFKPBYRVSA-N,L-Leucine,C00123,dapdiamides biosynthesis,NA
LEU,C00123,PWY-7694,InChIKey=ROHFNLRQFUQHCH-YFKPBYRVSA-N,L-Leucine,C00123,zwittermicin A biosynthesis,NA
LEU,C00123,PWY-7665,InChIKey=ROHFNLRQFUQHCH-YFKPBYRVSA-N,L-Leucine,C00123,aureobasidin A biosynthesis,NA
LEU,C00123,PWY-7648,InChIKey=ROHFNLRQFUQHCH-YFKPBYRVSA-N,L-Leucine,C00123,3-hydroxy-4-methyl-proline biosynthesis,NA
LEU,C00123,PWY-7570,InChIKey=ROHFNLRQFUQHCH-YFKPBYRVSA-N,L-Leucine,C00123,blasticidin S biosynthesis,NA
LEU,C00123,PWY-7569,InChIKey=ROHFNLRQFUQHCH-YFKPBYRVSA-N,L-Leucine,C00123,arginomycin biosynthesis,NA
LEU,C00123,PWY-6003,InChIKey=ROHFNLRQFUQHCH-YFKPBYRVSA-N,L-Leucine,C00123,gramicidin S biosynthesis,NA
LEU,C00123,PWY-7441,InChIKey=ROHFNLRQFUQHCH-YFKPBYRVSA-N,L-Leucine,C00123,polymyxin A biosynthesis,NA
LEU,C00123,PWY-6219,InChIKey=ROHFNLRQFUQHCH-YFKPBYRVSA-N,L-Leucine,C00123,indole-3-acetate inactivation VIII,NA
LEU,C00123,PWY-1782,InChIKey=ROHFNLRQFUQHCH-YFKPBYRVSA-N,L-Leucine,C00123,superpathway of indole-3-acetate conjugate biosynthesis,NA
LEU,C00123,PWY-5075,InChIKey=ROHFNLRQFUQHCH-YFKPBYRVSA-N,L-Leucine,C00123,L-leucine degradation II,NA
MET,C00073,PWY-6644,InChIKey=FFEARJCKVFRZRR-BYPYZUCNSA-N,L-Methionine,C00073,fluoroacetate and fluorothreonine biosynthesis,NA
MET,C00073,PWY-6627,InChIKey=FFEARJCKVFRZRR-BYPYZUCNSA-N,L-Methionine,C00073,salinosporamide A biosynthesis,NA
MET,C00073,PWY-6890,InChIKey=FFEARJCKVFRZRR-BYPYZUCNSA-N,L-Methionine,C00073,4-amino-2-methyl-5-diphosphomethylpyrimidine biosynthesis I,NA
MET,C00073,THISYNARA-PWY,InChIKey=FFEARJCKVFRZRR-BYPYZUCNSA-N,L-Methionine,C00073,superpathway of thiamine diphosphate biosynthesis III (eukaryotes),NA
MET,C00073,PWY-6895,InChIKey=FFEARJCKVFRZRR-BYPYZUCNSA-N,L-Methionine,C00073,superpathway of thiamine diphosphate biosynthesis II,NA
MET,C00073,PWY-7022,InChIKey=FFEARJCKVFRZRR-BYPYZUCNSA-N,L-Methionine,C00073,paromamine biosynthesis II (from glucose 6-phosphate),NA
MET,C00073,PWY-7020,InChIKey=FFEARJCKVFRZRR-BYPYZUCNSA-N,L-Methionine,C00073,superpathway of butirocin biosynthesis (from glucose 6-phosphate),NA
MET,C00073,PWY-7286,InChIKey=FFEARJCKVFRZRR-BYPYZUCNSA-N,L-Methionine,C00073,7-(3-amino-3-carboxypropyl)-wyosine biosynthesis,NA
MET,C00073,PWY-7283,InChIKey=FFEARJCKVFRZRR-BYPYZUCNSA-N,L-Methionine,C00073,wybutosine biosynthesis,NA
MET,C00073,PWY-7285,InChIKey=FFEARJCKVFRZRR-BYPYZUCNSA-N,L-Methionine,C00073,methylwyosine biosynthesis,NA
MET,C00073,PWY-702,InChIKey=FFEARJCKVFRZRR-BYPYZUCNSA-N,L-Methionine,C00073,L-methionine biosynthesis II,NA
MET,C00073,PWY-724,InChIKey=FFEARJCKVFRZRR-BYPYZUCNSA-N,L-Methionine,C00073,"superpathway of L-lysine, L-threonine and L-methionine biosynthesis II",NA
MET,C00073,PWY-6942,InChIKey=FFEARJCKVFRZRR-BYPYZUCNSA-N,L-Methionine,C00073,dTDP-D-desosamine biosynthesis,NA
MET,C00073,PWY-7110,InChIKey=FFEARJCKVFRZRR-BYPYZUCNSA-N,L-Methionine,C00073,superpathway of megalomicin A biosynthesis,NA
MET,C00073,PWY-6977,InChIKey=FFEARJCKVFRZRR-BYPYZUCNSA-N,L-Methionine,C00073,superpathway of erythromycin biosynthesis,NA
MET,C00073,PWY-6892,InChIKey=FFEARJCKVFRZRR-BYPYZUCNSA-N,L-Methionine,C00073,thiazole component of thiamine diphosphate biosynthesis I,NA
MET,C00073,THISYN-PWY,InChIKey=FFEARJCKVFRZRR-BYPYZUCNSA-N,L-Methionine,C00073,superpathway of thiamine diphosphate biosynthesis I,NA
MET,C00073,PWY-6828,InChIKey=FFEARJCKVFRZRR-BYPYZUCNSA-N,L-Methionine,C00073,linezolid resistance,NA
MET,C00073,PWY-7371,InChIKey=FFEARJCKVFRZRR-BYPYZUCNSA-N,L-Methionine,C00073,"5,8-dihydroxy-2-naphthoate biosynthesis II",NA
MET,C00073,PWY-7373,InChIKey=FFEARJCKVFRZRR-BYPYZUCNSA-N,L-Methionine,C00073,superpathway of demethylmenaquinol-6 biosynthesis II,NA
MET,C00073,PWY-7992,InChIKey=FFEARJCKVFRZRR-BYPYZUCNSA-N,L-Methionine,C00073,superpathway of menaquinol-8 biosynthesis III,NA
MET,C00073,PWY-7374,InChIKey=FFEARJCKVFRZRR-BYPYZUCNSA-N,L-Methionine,C00073,"5,8-dihydroxy-2-naphthoate biosynthesis I",NA
MET,C00073,PWY-6263,InChIKey=FFEARJCKVFRZRR-BYPYZUCNSA-N,L-Methionine,C00073,superpathway of menaquinol-8 biosynthesis II,NA
MET,C00073,PWY-6700,InChIKey=FFEARJCKVFRZRR-BYPYZUCNSA-N,L-Methionine,C00073,queuosine biosynthesis I (<i>de novo</i>),NA
MET,C00073,PWY-8097,InChIKey=FFEARJCKVFRZRR-BYPYZUCNSA-N,L-Methionine,C00073,5-hydroxybenzimidazole biosynthesis (anaerobic),NA
MET,C00073,PWY-7807,InChIKey=FFEARJCKVFRZRR-BYPYZUCNSA-N,L-Methionine,C00073,glyphosate degradation III,NA
MET,C00073,PWY0-1533,InChIKey=FFEARJCKVFRZRR-BYPYZUCNSA-N,L-Methionine,C00073,methylphosphonate degradation I,NA
MET,C00073,PWY-7399,InChIKey=FFEARJCKVFRZRR-BYPYZUCNSA-N,L-Methionine,C00073,methylphosphonate degradation II,NA
MET,C00073,PWY-7805,InChIKey=FFEARJCKVFRZRR-BYPYZUCNSA-N,L-Methionine,C00073,(aminomethyl)phosphonate degradation,NA
MET,C00073,PWY-6823,InChIKey=FFEARJCKVFRZRR-BYPYZUCNSA-N,L-Methionine,C00073,molybdopterin biosynthesis,NA
MET,C00073,PWY-7846,InChIKey=FFEARJCKVFRZRR-BYPYZUCNSA-N,L-Methionine,C00073,heme degradation V,NA
MET,C00073,PWY-6148,InChIKey=FFEARJCKVFRZRR-BYPYZUCNSA-N,L-Methionine,C00073,tetrahydromethanopterin biosynthesis,NA
MET,C00073,PWY-7864,InChIKey=FFEARJCKVFRZRR-BYPYZUCNSA-N,L-Methionine,C00073,8-methylmenaquinone biosynthesis,NA
MET,C00073,PWY-7760,InChIKey=FFEARJCKVFRZRR-BYPYZUCNSA-N,L-Methionine,C00073,bacteriochlorophyll <i>e</i> biosynthesis,NA
MET,C00073,PWY-8112,InChIKey=FFEARJCKVFRZRR-BYPYZUCNSA-N,L-Methionine,C00073,factor 420 biosynthesis I (archaea),NA
MET,C00073,PWY-5198,InChIKey=FFEARJCKVFRZRR-BYPYZUCNSA-N,L-Methionine,C00073,factor 420 biosynthesis II (mycobacteria),NA
MET,C00073,PWY-8113,InChIKey=FFEARJCKVFRZRR-BYPYZUCNSA-N,L-Methionine,C00073,3PG-factor 420 biosynthesis,NA
MET,C00073,PWY-4361,InChIKey=FFEARJCKVFRZRR-BYPYZUCNSA-N,L-Methionine,C00073,<i>S</i>-methyl-5-thio-&alpha;-D-ribose 1-phosphate degradation I,NA
MET,C00073,PWY-7799,InChIKey=FFEARJCKVFRZRR-BYPYZUCNSA-N,L-Methionine,C00073,Arg/N-end rule pathway (eukaryotic),NA
MET,C00073,PWY-7800,InChIKey=FFEARJCKVFRZRR-BYPYZUCNSA-N,L-Methionine,C00073,Ac/N-end rule pathway,NA
MET,C00073,PWY-6420,InChIKey=FFEARJCKVFRZRR-BYPYZUCNSA-N,L-Methionine,C00073,pyrroloquinoline quinone biosynthesis,NA
MET,C00073,PWY-8106,InChIKey=FFEARJCKVFRZRR-BYPYZUCNSA-N,L-Methionine,C00073,queuosine biosynthesis III (queuosine salvage),NA
MET,C00073,PWY-7174,InChIKey=FFEARJCKVFRZRR-BYPYZUCNSA-N,L-Methionine,C00073,<i>S</i>-methyl-5-thio-&alpha;-D-ribose 1-phosphate degradation II,NA
MET,C00073,PWY-8132,InChIKey=FFEARJCKVFRZRR-BYPYZUCNSA-N,L-Methionine,C00073,<i>S</i>-methyl-5-thio-&alpha;-D-ribose 1-phosphate degradation III,NA
MET,C00073,PWY-3841,InChIKey=FFEARJCKVFRZRR-BYPYZUCNSA-N,L-Methionine,C00073,folate transformations II (plants),NA
MET,C00073,PWY-2201,InChIKey=FFEARJCKVFRZRR-BYPYZUCNSA-N,L-Methionine,C00073,folate transformations I,NA
MET,C00073,HOMOSER-METSYN-PWY,InChIKey=FFEARJCKVFRZRR-BYPYZUCNSA-N,L-Methionine,C00073,L-methionine biosynthesis I,NA
MET,C00073,P4-PWY,InChIKey=FFEARJCKVFRZRR-BYPYZUCNSA-N,L-Methionine,C00073,"superpathway of L-lysine, L-threonine and L-methionine biosynthesis I",NA
MET,C00073,PWY-5347,InChIKey=FFEARJCKVFRZRR-BYPYZUCNSA-N,L-Methionine,C00073,superpathway of L-methionine biosynthesis (transsulfuration),NA
MET,C00073,HSERMETANA-PWY,InChIKey=FFEARJCKVFRZRR-BYPYZUCNSA-N,L-Methionine,C00073,L-methionine biosynthesis III,NA
MET,C00073,PWY-5345,InChIKey=FFEARJCKVFRZRR-BYPYZUCNSA-N,L-Methionine,C00073,superpathway of L-methionine biosynthesis (by sulfhydrylation),NA
MET,C00073,1CMET2-PWY,InChIKey=FFEARJCKVFRZRR-BYPYZUCNSA-N,L-Methionine,C00073,folate transformations III (<i>E. coli</i>),NA
MET,C00073,PWY-7977,InChIKey=FFEARJCKVFRZRR-BYPYZUCNSA-N,L-Methionine,C00073,L-methionine biosynthesis IV,NA
MET,C00073,PWY-5531,InChIKey=FFEARJCKVFRZRR-BYPYZUCNSA-N,L-Methionine,C00073,"3,8-divinyl-chlorophyllide <i>a</i> biosynthesis (from uroporphyrinogen-III) II (anaerobic)",NA
MET,C00073,PWY-5529,InChIKey=FFEARJCKVFRZRR-BYPYZUCNSA-N,L-Methionine,C00073,superpathway of bacteriochlorophyll <i>a</i> biosynthesis (from glycine),NA
MET,C00073,HEMESYN2-PWY,InChIKey=FFEARJCKVFRZRR-BYPYZUCNSA-N,L-Methionine,C00073,heme <i>b</i> biosynthesis II (oxygen-independent),NA
MET,C00073,PWY0-1415,InChIKey=FFEARJCKVFRZRR-BYPYZUCNSA-N,L-Methionine,C00073,superpathway of heme <i>b</i> biosynthesis from uroporphyrinogen-III,NA
MET,C00073,PWY-3661,InChIKey=FFEARJCKVFRZRR-BYPYZUCNSA-N,L-Methionine,C00073,glycine betaine degradation I,NA
MET,C00073,PWY-3661-1,InChIKey=FFEARJCKVFRZRR-BYPYZUCNSA-N,L-Methionine,C00073,glycine betaine degradation II (mammalian),NA
MET,C00073,ADENOSYLHOMOCYSCAT-PWY,InChIKey=FFEARJCKVFRZRR-BYPYZUCNSA-N,L-Methionine,C00073,L-methionine salvage from L-homocysteine,NA
MET,C00073,PWY-8364,InChIKey=FFEARJCKVFRZRR-BYPYZUCNSA-N,L-Methionine,C00073,"7,8-dimethylmenaquinone biosynthesis",NA
MET,C00073,PWY-7552,InChIKey=FFEARJCKVFRZRR-BYPYZUCNSA-N,L-Methionine,C00073,heme <i>b</i> biosynthesis III (from siroheme),NA
MET,C00073,PWY-8415,InChIKey=FFEARJCKVFRZRR-BYPYZUCNSA-N,L-Methionine,C00073,macrocyclic archaeol phospholipid biosynthesis,NA
MET,C00073,PWY-8414,InChIKey=FFEARJCKVFRZRR-BYPYZUCNSA-N,L-Methionine,C00073,glycerol dibiphytanyl glycerol tetraether lipid biosynthesis,NA
MET,C00073,PWY-5757,InChIKey=FFEARJCKVFRZRR-BYPYZUCNSA-N,L-Methionine,C00073,fosfomycin biosynthesis,NA
MET,C00073,PWY-6322,InChIKey=FFEARJCKVFRZRR-BYPYZUCNSA-N,L-Methionine,C00073,phosphinothricin tripeptide biosynthesis,NA
MET,C00073,PWY-7769,InChIKey=FFEARJCKVFRZRR-BYPYZUCNSA-N,L-Methionine,C00073,phosalacine biosynthesis,NA
MET,C00073,PWY-8482,InChIKey=FFEARJCKVFRZRR-BYPYZUCNSA-N,L-Methionine,C00073,MM 4550 biosynthesis,NA
MET,C00073,PWY-8367,InChIKey=FFEARJCKVFRZRR-BYPYZUCNSA-N,L-Methionine,C00073,hygromycin B biosynthesis,NA
MET,C00073,PWY-8499,InChIKey=FFEARJCKVFRZRR-BYPYZUCNSA-N,L-Methionine,C00073,oxetanocin A biosynthesis,NA
MET,C00073,PWY-8504,InChIKey=FFEARJCKVFRZRR-BYPYZUCNSA-N,L-Methionine,C00073,spectinomycin biosynthesis,NA
MET,C00073,PWY-8368,InChIKey=FFEARJCKVFRZRR-BYPYZUCNSA-N,L-Methionine,C00073,clorobiocin biosynthesis,NA
MET,C00073,PWY-7072,InChIKey=FFEARJCKVFRZRR-BYPYZUCNSA-N,L-Methionine,C00073,hopanoid biosynthesis (bacteria),NA
MET,C00073,PWY-8481,InChIKey=FFEARJCKVFRZRR-BYPYZUCNSA-N,L-Methionine,C00073,thienamycin biosynthesis,NA
MET,C00073,PWY-8540,InChIKey=FFEARJCKVFRZRR-BYPYZUCNSA-N,L-Methionine,C00073,"isopyochelin, thiazostatin and watasemycin biosynthesis",NA
MET,C00073,PWY-7554,InChIKey=FFEARJCKVFRZRR-BYPYZUCNSA-N,L-Methionine,C00073,heme <i>d</i><sub>1</sub> biosynthesis,NA
MET,C00073,PWY-6829,InChIKey=FFEARJCKVFRZRR-BYPYZUCNSA-N,L-Methionine,C00073,tRNA methylation (yeast),NA
MET,C00073,PWY-7888,InChIKey=FFEARJCKVFRZRR-BYPYZUCNSA-N,L-Methionine,C00073,tRNA-uridine<sup>34</sup> modifications (eukaryotic cytoplasm),NA
MET,C00073,PWY-8562,InChIKey=FFEARJCKVFRZRR-BYPYZUCNSA-N,L-Methionine,C00073,[Fe]-hydrogenase cofactor biosynthesis,NA
MET,C00073,PWY0-1275,InChIKey=FFEARJCKVFRZRR-BYPYZUCNSA-N,L-Methionine,C00073,lipoate biosynthesis and incorporation II,NA
MET,C00073,PWY0-501,InChIKey=FFEARJCKVFRZRR-BYPYZUCNSA-N,L-Methionine,C00073,lipoate biosynthesis and incorporation I,NA
MET,C00073,PWY-6987,InChIKey=FFEARJCKVFRZRR-BYPYZUCNSA-N,L-Methionine,C00073,lipoate biosynthesis and incorporation III (Bacillus),NA
MET,C00073,PWY0-501-1,InChIKey=FFEARJCKVFRZRR-BYPYZUCNSA-N,L-Methionine,C00073,lipoate biosynthesis and incorporation V (mammals),NA
MET,C00073,PWY-7382,InChIKey=FFEARJCKVFRZRR-BYPYZUCNSA-N,L-Methionine,C00073,lipoate biosynthesis and incorporation IV (yeast),NA
MET,C00073,PWY-8572,InChIKey=FFEARJCKVFRZRR-BYPYZUCNSA-N,L-Methionine,C00073,lipoate biosynthesis and incorporation VI (LipS1/LipS2),NA
MET,C00073,PWY0-1507,InChIKey=FFEARJCKVFRZRR-BYPYZUCNSA-N,L-Methionine,C00073,biotin biosynthesis from 8-amino-7-oxononanoate I,NA
MET,C00073,BIOTIN-BIOSYNTHESIS-PWY,InChIKey=FFEARJCKVFRZRR-BYPYZUCNSA-N,L-Methionine,C00073,superpathway of biotin biosynthesis I,NA
MET,C00073,PWY-7380,InChIKey=FFEARJCKVFRZRR-BYPYZUCNSA-N,L-Methionine,C00073,biotin biosynthesis from 8-amino-7-oxononanoate II,NA
MET,C00073,PWY-5005,InChIKey=FFEARJCKVFRZRR-BYPYZUCNSA-N,L-Methionine,C00073,superpathway of biotin biosynthesis II,NA
MET,C00073,PWY-8128,InChIKey=FFEARJCKVFRZRR-BYPYZUCNSA-N,L-Methionine,C00073,biotin biosynthesis from 8-amino-7-oxononanoate III,NA
MET,C00073,PWY-8575,InChIKey=FFEARJCKVFRZRR-BYPYZUCNSA-N,L-Methionine,C00073,biotin biosynthesis from 8-amino-7-oxononanoate IV,NA
MET,C00073,PWY-7710,InChIKey=FFEARJCKVFRZRR-BYPYZUCNSA-N,L-Methionine,C00073,FeMo cofactor biosynthesis,NA
MET,C00073,PWY-7025,InChIKey=FFEARJCKVFRZRR-BYPYZUCNSA-N,L-Methionine,C00073,gentamicin biosynthesis,NA
MET,C00073,PWY-8543,InChIKey=FFEARJCKVFRZRR-BYPYZUCNSA-N,L-Methionine,C00073,gaburedin biosynthesis,NA
MET,C00073,TRNA-CHARGING-PWY,InChIKey=FFEARJCKVFRZRR-BYPYZUCNSA-N,L-Methionine,C00073,tRNA charging,NA
MET,C00073,PWY-6854,InChIKey=FFEARJCKVFRZRR-BYPYZUCNSA-N,L-Methionine,C00073,ethene biosynthesis III (microbes),NA
MET,C00073,PWY-1186,InChIKey=FFEARJCKVFRZRR-BYPYZUCNSA-N,L-Methionine,C00073,L-homomethionine biosynthesis,NA
MET,C00073,PWY-6053,InChIKey=FFEARJCKVFRZRR-BYPYZUCNSA-N,L-Methionine,C00073,dimethylsulfoniopropanoate biosynthesis III (algae and phytoplankton),NA
MET,C00073,PWY-8122,InChIKey=FFEARJCKVFRZRR-BYPYZUCNSA-N,L-Methionine,C00073,mycofactocin biosynthesis,NA
MET,C00073,PWY-7708,InChIKey=FFEARJCKVFRZRR-BYPYZUCNSA-N,L-Methionine,C00073,lyngbyatoxin biosynthesis,NA
MET,C00073,PWY-7694,InChIKey=FFEARJCKVFRZRR-BYPYZUCNSA-N,L-Methionine,C00073,zwittermicin A biosynthesis,NA
MET,C00073,PWY-701,InChIKey=FFEARJCKVFRZRR-BYPYZUCNSA-N,L-Methionine,C00073,L-methionine degradation II,NA
MET,C00073,PWY-7793,InChIKey=FFEARJCKVFRZRR-BYPYZUCNSA-N,L-Methionine,C00073,dimethyl sulfide biosynthesis from methionine,NA
MET,C00073,PWY-5082,InChIKey=FFEARJCKVFRZRR-BYPYZUCNSA-N,L-Methionine,C00073,L-methionine degradation III,NA
MET,C00073,PWY-6055,InChIKey=FFEARJCKVFRZRR-BYPYZUCNSA-N,L-Methionine,C00073,dimethylsulfoniopropanoate biosynthesis II (Spartina),NA
MET,C00073,PWY-6054,InChIKey=FFEARJCKVFRZRR-BYPYZUCNSA-N,L-Methionine,C00073,dimethylsulfoniopropanoate biosynthesis I (Wollastonia),NA
MET,C00073,PWY-5441,InChIKey=FFEARJCKVFRZRR-BYPYZUCNSA-N,L-Methionine,C00073,S-methyl-L-methionine cycle,NA
MET,C00073,METHIONINE-DEG1-PWY,InChIKey=FFEARJCKVFRZRR-BYPYZUCNSA-N,L-Methionine,C00073,L-methionine degradation I (to L-homocysteine),NA
MET,C00073,PWY-6292,InChIKey=FFEARJCKVFRZRR-BYPYZUCNSA-N,L-Methionine,C00073,superpathway of L-cysteine biosynthesis (mammalian),NA
MET,C00073,PWY-5328,InChIKey=FFEARJCKVFRZRR-BYPYZUCNSA-N,L-Methionine,C00073,superpathway of L-methionine salvage and degradation,NA
MET,C00073,PWY-6151,InChIKey=FFEARJCKVFRZRR-BYPYZUCNSA-N,L-Methionine,C00073,<i>S</i>-adenosyl-L-methionine salvage I,NA
MET,C00073,PWY-5041,InChIKey=FFEARJCKVFRZRR-BYPYZUCNSA-N,L-Methionine,C00073,<i>S</i>-adenosyl-L-methionine salvage II,NA
MET,C00073,PWY-5912,InChIKey=FFEARJCKVFRZRR-BYPYZUCNSA-N,L-Methionine,C00073,2'-deoxymugineic acid phytosiderophore biosynthesis,NA
MET,C00073,SAM-PWY,InChIKey=FFEARJCKVFRZRR-BYPYZUCNSA-N,L-Methionine,C00073,S-adenosyl-L-methionine biosynthesis,NA
MET,C00073,MET-SAM-PWY,InChIKey=FFEARJCKVFRZRR-BYPYZUCNSA-N,L-Methionine,C00073,superpathway of <i>S</i>-adenosyl-L-methionine biosynthesis from L-aspartate,NA
MET,C00073,PWY-I9,InChIKey=FFEARJCKVFRZRR-BYPYZUCNSA-N,L-Methionine,C00073,L-cysteine biosynthesis VI (reverse transsulfuration),NA
MET,C00073,PWY-7527,InChIKey=FFEARJCKVFRZRR-BYPYZUCNSA-N,L-Methionine,C00073,L-methionine salvage cycle III,NA
MET,C00073,PWY-7270,InChIKey=FFEARJCKVFRZRR-BYPYZUCNSA-N,L-Methionine,C00073,L-methionine salvage cycle II (plants),NA
MET,C00073,PWY-7528,InChIKey=FFEARJCKVFRZRR-BYPYZUCNSA-N,L-Methionine,C00073,L-methionine salvage cycle I (bacteria and plants),NA
MET,C00073,PWY0-781,InChIKey=FFEARJCKVFRZRR-BYPYZUCNSA-N,L-Methionine,C00073,aspartate superpathway,NA
MET,C00073,ETHYL-PWY,InChIKey=FFEARJCKVFRZRR-BYPYZUCNSA-N,L-Methionine,C00073,ethene biosynthesis I (plants),NA
CPD-463,C05324,PWY-5957,InChIKey=KRGPXXHMOXVMMM-CIUDSAMLSA-N,Nicotianamine,C05324,L-nicotianamine biosynthesis,NA
CPD-463,C05324,PWY-5912,InChIKey=KRGPXXHMOXVMMM-CIUDSAMLSA-N,Nicotianamine,C05324,2'-deoxymugineic acid phytosiderophore biosynthesis,NA
PHE,C00079,PWY-3462,InChIKey=COLNVLDHVKWLRT-QMMMGPOBSA-N,L-Phenylalanine,C00079,L-phenylalanine biosynthesis II,NA
PHE,C00079,PWY-3481,InChIKey=COLNVLDHVKWLRT-QMMMGPOBSA-N,L-Phenylalanine,C00079,superpathway of L-phenylalanine and L-tyrosine biosynthesis,NA
PHE,C00079,PWY-5082,InChIKey=COLNVLDHVKWLRT-QMMMGPOBSA-N,L-Phenylalanine,C00079,L-methionine degradation III,NA
PHE,C00079,PWY-7520,InChIKey=COLNVLDHVKWLRT-QMMMGPOBSA-N,L-Phenylalanine,C00079,terrequinone A biosynthesis,NA
PHE,C00079,PWY-5081,InChIKey=COLNVLDHVKWLRT-QMMMGPOBSA-N,L-Phenylalanine,C00079,L-tryptophan degradation VIII (to tryptophol),NA
PHE,C00079,PWY-5317,InChIKey=COLNVLDHVKWLRT-QMMMGPOBSA-N,L-Phenylalanine,C00079,tropane alkaloids biosynthesis,NA
PHE,C00079,PWY-7341,InChIKey=COLNVLDHVKWLRT-QMMMGPOBSA-N,L-Phenylalanine,C00079,superpathway of hyoscyamine (atropine) and scopolamine biosynthesis,NA
PHE,C00079,PWY-7432,InChIKey=COLNVLDHVKWLRT-QMMMGPOBSA-N,L-Phenylalanine,C00079,"L-phenylalanine biosynthesis III (cytosolic, plants)",NA
PHE,C00079,PWY-8454,InChIKey=COLNVLDHVKWLRT-QMMMGPOBSA-N,L-Phenylalanine,C00079,aspartame degradation,NA
PHE,C00079,PWY-8370,InChIKey=COLNVLDHVKWLRT-QMMMGPOBSA-N,L-Phenylalanine,C00079,leporin B biosynthesis,NA
PHE,C00079,PWY-8543,InChIKey=COLNVLDHVKWLRT-QMMMGPOBSA-N,L-Phenylalanine,C00079,gaburedin biosynthesis,NA
PHE,C00079,PWY-8531,InChIKey=COLNVLDHVKWLRT-QMMMGPOBSA-N,L-Phenylalanine,C00079,thaxtomin A biosynthesis,NA
PHE,C00079,PWY-8523,InChIKey=COLNVLDHVKWLRT-QMMMGPOBSA-N,L-Phenylalanine,C00079,"altemicidin, SB-203207, and SB-203208 biosynthesis",NA
PHE,C00079,PWY-8496,InChIKey=COLNVLDHVKWLRT-QMMMGPOBSA-N,L-Phenylalanine,C00079,anabaenopeptin F biosynthesis,NA
PHE,C00079,PWY-8495,InChIKey=COLNVLDHVKWLRT-QMMMGPOBSA-N,L-Phenylalanine,C00079,oscillamide Y biosynthesis,NA
PHE,C00079,PWY-8494,InChIKey=COLNVLDHVKWLRT-QMMMGPOBSA-N,L-Phenylalanine,C00079,anabaenopeptin A biosynthesis,NA
PHE,C00079,PWY-8492,InChIKey=COLNVLDHVKWLRT-QMMMGPOBSA-N,L-Phenylalanine,C00079,anabaenopeptin B biosynthesis,NA
PHE,C00079,PWY-8527,InChIKey=COLNVLDHVKWLRT-QMMMGPOBSA-N,L-Phenylalanine,C00079,pacidamycin S biosynthesis,NA
PHE,C00079,PWY-6495,InChIKey=COLNVLDHVKWLRT-QMMMGPOBSA-N,L-Phenylalanine,C00079,ergotamine biosynthesis,NA
PHE,C00079,PWY-6503,InChIKey=COLNVLDHVKWLRT-QMMMGPOBSA-N,L-Phenylalanine,C00079,superpathway of ergotamine biosynthesis,NA
PHE,C00079,TRNA-CHARGING-PWY,InChIKey=COLNVLDHVKWLRT-QMMMGPOBSA-N,L-Phenylalanine,C00079,tRNA charging,NA
PHE,C00079,PHENYLALANINE-DEG1-PWY,InChIKey=COLNVLDHVKWLRT-QMMMGPOBSA-N,L-Phenylalanine,C00079,L-phenylalanine degradation I (aerobic),NA
PHE,C00079,PWY-6134,InChIKey=COLNVLDHVKWLRT-QMMMGPOBSA-N,L-Phenylalanine,C00079,L-tyrosine biosynthesis IV,NA
PHE,C00079,PWY-8528,InChIKey=COLNVLDHVKWLRT-QMMMGPOBSA-N,L-Phenylalanine,C00079,pacidamycin 3 biosynthesis,NA
PHE,C00079,PWY-6003,InChIKey=COLNVLDHVKWLRT-QMMMGPOBSA-N,L-Phenylalanine,C00079,gramicidin S biosynthesis,NA
PHE,C00079,PWY-8116,InChIKey=COLNVLDHVKWLRT-QMMMGPOBSA-N,L-Phenylalanine,C00079,ochratoxin A biosynthesis,NA
PHE,C00079,PWY-8565,InChIKey=COLNVLDHVKWLRT-QMMMGPOBSA-N,L-Phenylalanine,C00079,polyporic acid biosynthesis,NA
PHE,C00079,PWY-8014,InChIKey=COLNVLDHVKWLRT-QMMMGPOBSA-N,L-Phenylalanine,C00079,L-phenylalanine degradation VI (reductive Stickland reaction),NA
PHE,C00079,ANAPHENOXI-PWY,InChIKey=COLNVLDHVKWLRT-QMMMGPOBSA-N,L-Phenylalanine,C00079,L-phenylalanine degradation II (anaerobic),NA
PHE,C00079,BENZCOA-PWY,InChIKey=COLNVLDHVKWLRT-QMMMGPOBSA-N,L-Phenylalanine,C00079,anaerobic aromatic compound degradation (<i>Thauera aromatica</i>),NA
PHE,C00079,PHESYN,InChIKey=COLNVLDHVKWLRT-QMMMGPOBSA-N,L-Phenylalanine,C00079,L-phenylalanine biosynthesis I,NA
PHE,C00079,PWY-6628,InChIKey=COLNVLDHVKWLRT-QMMMGPOBSA-N,L-Phenylalanine,C00079,superpathway of L-phenylalanine biosynthesis,NA
PHE,C00079,COMPLETE-ARO-PWY,InChIKey=COLNVLDHVKWLRT-QMMMGPOBSA-N,L-Phenylalanine,C00079,superpathway of aromatic amino acid biosynthesis (from phospho<i>enol</i>pyruvate and D-erythrose 4-phosphate),NA
PHE,C00079,ALL-CHORISMATE-PWY,InChIKey=COLNVLDHVKWLRT-QMMMGPOBSA-N,L-Phenylalanine,C00079,superpathway of chorismate metabolism,NA
PHE,C00079,PWY-6318,InChIKey=COLNVLDHVKWLRT-QMMMGPOBSA-N,L-Phenylalanine,C00079,"L-phenylalanine degradation IV (mammalian, via side chain)",NA
PHE,C00079,PWY-5751,InChIKey=COLNVLDHVKWLRT-QMMMGPOBSA-N,L-Phenylalanine,C00079,phenylethanol biosynthesis,NA
PHE,C00079,PWY-6220,InChIKey=COLNVLDHVKWLRT-QMMMGPOBSA-N,L-Phenylalanine,C00079,jasmonoyl-amino acid conjugates biosynthesis I,NA
PHE,C00079,PWY-6234,InChIKey=COLNVLDHVKWLRT-QMMMGPOBSA-N,L-Phenylalanine,C00079,superpathway of jasmonoyl-amino acid conjugates biosynthesis,NA
PHE,C00079,PWY-2821,InChIKey=COLNVLDHVKWLRT-QMMMGPOBSA-N,L-Phenylalanine,C00079,glucosinolate biosynthesis from phenylalanine,NA
PHE,C00079,PWY-7824,InChIKey=COLNVLDHVKWLRT-QMMMGPOBSA-N,L-Phenylalanine,C00079,prunasin and amygdalin biosynthesis,NA
PHE,C00079,PWY-7668,InChIKey=COLNVLDHVKWLRT-QMMMGPOBSA-N,L-Phenylalanine,C00079,apicidin F biosynthesis,NA
PHE,C00079,PWY-7665,InChIKey=COLNVLDHVKWLRT-QMMMGPOBSA-N,L-Phenylalanine,C00079,aureobasidin A biosynthesis,NA
PHE,C00079,PWY-7626,InChIKey=COLNVLDHVKWLRT-QMMMGPOBSA-N,L-Phenylalanine,C00079,bacilysin biosynthesis,NA
PHE,C00079,PWY-7158,InChIKey=COLNVLDHVKWLRT-QMMMGPOBSA-N,L-Phenylalanine,C00079,L-phenylalanine degradation V,NA
PHE,C00079,PWY-7533,InChIKey=COLNVLDHVKWLRT-QMMMGPOBSA-N,L-Phenylalanine,C00079,gliotoxin biosynthesis,NA
PHE,C00079,PWY-6444,InChIKey=COLNVLDHVKWLRT-QMMMGPOBSA-N,L-Phenylalanine,C00079,"benzoate biosynthesis II (CoA-independent, non-&beta;-oxidative)",NA
PHE,C00079,PWY-5883,InChIKey=COLNVLDHVKWLRT-QMMMGPOBSA-N,L-Phenylalanine,C00079,ephedrine biosynthesis,NA
PHE,C00079,PWY-8157,InChIKey=COLNVLDHVKWLRT-QMMMGPOBSA-N,L-Phenylalanine,C00079,avenanthramide biosynthesis,NA
PHE,C00079,PWY-6457,InChIKey=COLNVLDHVKWLRT-QMMMGPOBSA-N,L-Phenylalanine,C00079,cinnamoyl-CoA biosynthesis,NA
PHE,C00079,PWY-6443,InChIKey=COLNVLDHVKWLRT-QMMMGPOBSA-N,L-Phenylalanine,C00079,"benzoate biosynthesis I (CoA-dependent, &beta;-oxidative)",NA
PHE,C00079,PWY-6446,InChIKey=COLNVLDHVKWLRT-QMMMGPOBSA-N,L-Phenylalanine,C00079,"benzoate biosynthesis III (CoA-dependent, non-&beta;-oxidative)",NA
PHE,C00079,PWY1F-467,InChIKey=COLNVLDHVKWLRT-QMMMGPOBSA-N,L-Phenylalanine,C00079,"phenylpropanoid biosynthesis, initial reactions",NA
PHE,C00079,PWY-7186,InChIKey=COLNVLDHVKWLRT-QMMMGPOBSA-N,L-Phenylalanine,C00079,superpathway of scopolin and esculin biosynthesis,NA
PHE,C00079,PWY-1121,InChIKey=COLNVLDHVKWLRT-QMMMGPOBSA-N,L-Phenylalanine,C00079,suberin monomers biosynthesis,NA
PHE,C00079,PWY-5048,InChIKey=COLNVLDHVKWLRT-QMMMGPOBSA-N,L-Phenylalanine,C00079,rosmarinic acid biosynthesis I,NA
PHE,C00079,PWY-5071,InChIKey=COLNVLDHVKWLRT-QMMMGPOBSA-N,L-Phenylalanine,C00079,superpathway of rosmarinic acid biosynthesis,NA
PHE,C00079,PWY-5660,InChIKey=COLNVLDHVKWLRT-QMMMGPOBSA-N,L-Phenylalanine,C00079,paclitaxel biosynthesis,NA
PHE,C00079,PWY-7704,InChIKey=COLNVLDHVKWLRT-QMMMGPOBSA-N,L-Phenylalanine,C00079,viridicatin biosynthesis,NA
PHE,C00079,PWY-8529,InChIKey=COLNVLDHVKWLRT-QMMMGPOBSA-N,L-Phenylalanine,C00079,ketomemicin biosynthesis,NA
PHE,C00079,PWY-7275,InChIKey=COLNVLDHVKWLRT-QMMMGPOBSA-N,L-Phenylalanine,C00079,L-homophenylalanine biosynthesis,NA
PHE,C00079,PWY-5079,InChIKey=COLNVLDHVKWLRT-QMMMGPOBSA-N,L-Phenylalanine,C00079,L-phenylalanine degradation III,NA
PHE,C00079,PWY-6219,InChIKey=COLNVLDHVKWLRT-QMMMGPOBSA-N,L-Phenylalanine,C00079,indole-3-acetate inactivation VIII,NA
PHE,C00079,PWY-1782,InChIKey=COLNVLDHVKWLRT-QMMMGPOBSA-N,L-Phenylalanine,C00079,superpathway of indole-3-acetate conjugate biosynthesis,NA
PHE,C00079,PWY-5788,InChIKey=COLNVLDHVKWLRT-QMMMGPOBSA-N,L-Phenylalanine,C00079,indole-3-acetate inactivation V,NA
L-PIPECOLATE,C00408,PWY-8424,InChIKey=HXEACLLIILLPRG-YFKPBYRVSA-N,Pipecolic acid,C00408,ascomycin biosynthesis,NA
L-PIPECOLATE,C00408,PWY-7861,InChIKey=HXEACLLIILLPRG-YFKPBYRVSA-N,Pipecolic acid,C00408,<i>N</i>-hydroxy-L-pipecolate biosynthesis,NA
L-PIPECOLATE,C00408,PWY-7667,InChIKey=HXEACLLIILLPRG-YFKPBYRVSA-N,Pipecolic acid,C00408,apicidin biosynthesis,NA
L-PIPECOLATE,C00408,PWY-7668,InChIKey=HXEACLLIILLPRG-YFKPBYRVSA-N,Pipecolic acid,C00408,apicidin F biosynthesis,NA
L-PIPECOLATE,C00408,PWY-5283,InChIKey=HXEACLLIILLPRG-YFKPBYRVSA-N,Pipecolic acid,C00408,L-lysine degradation V,NA
L-PIPECOLATE,C00408,PWY-5327,InChIKey=HXEACLLIILLPRG-YFKPBYRVSA-N,Pipecolic acid,C00408,superpathway of L-lysine degradation,NA
L-PIPECOLATE,C00408,PWY66-425,InChIKey=HXEACLLIILLPRG-YFKPBYRVSA-N,Pipecolic acid,C00408,L-lysine degradation II (L-pipecolate pathway),NA
PRO,C00148,P561-PWY,InChIKey=ONIBWKKTOPOVIA-BYPYZUCNSA-N,L-Proline,C00148,proline betaine degradation I,NA
PRO,C00148,ORN-AMINOPENTANOATE-CAT-PWY,InChIKey=ONIBWKKTOPOVIA-BYPYZUCNSA-N,L-Proline,C00148,L-ornithine degradation I (L-proline biosynthesis),NA
PRO,C00148,PWY-4981,InChIKey=ONIBWKKTOPOVIA-BYPYZUCNSA-N,L-Proline,C00148,L-proline biosynthesis II (from arginine),NA
PRO,C00148,ARG-GLU-PWY,InChIKey=ONIBWKKTOPOVIA-BYPYZUCNSA-N,L-Proline,C00148,L-arginine degradation VII (arginase 3 pathway),NA
PRO,C00148,PWY-8498,InChIKey=ONIBWKKTOPOVIA-BYPYZUCNSA-N,L-Proline,C00148,micropeptin K139 biosynthesis,NA
PRO,C00148,PWY-8361,InChIKey=ONIBWKKTOPOVIA-BYPYZUCNSA-N,L-Proline,C00148,apratoxin A biosynthesis,NA
PRO,C00148,PWY1A0-6120,InChIKey=ONIBWKKTOPOVIA-BYPYZUCNSA-N,L-Proline,C00148,streptorubin B biosynthesis,NA
PRO,C00148,PWY-6495,InChIKey=ONIBWKKTOPOVIA-BYPYZUCNSA-N,L-Proline,C00148,ergotamine biosynthesis,NA
PRO,C00148,PWY-6503,InChIKey=ONIBWKKTOPOVIA-BYPYZUCNSA-N,L-Proline,C00148,superpathway of ergotamine biosynthesis,NA
PRO,C00148,TRNA-CHARGING-PWY,InChIKey=ONIBWKKTOPOVIA-BYPYZUCNSA-N,L-Proline,C00148,tRNA charging,NA
PRO,C00148,PWY-8368,InChIKey=ONIBWKKTOPOVIA-BYPYZUCNSA-N,L-Proline,C00148,clorobiocin biosynthesis,NA
PRO,C00148,PWY-8210,InChIKey=ONIBWKKTOPOVIA-BYPYZUCNSA-N,L-Proline,C00148,pyrrolomycin biosynthesis,NA
PRO,C00148,PWY-8524,InChIKey=ONIBWKKTOPOVIA-BYPYZUCNSA-N,L-Proline,C00148,sclerate biosynthesis,NA
PRO,C00148,PWY-7525,InChIKey=ONIBWKKTOPOVIA-BYPYZUCNSA-N,L-Proline,C00148,fumitremorgin C biosynthesis,NA
PRO,C00148,PWY-7537,InChIKey=ONIBWKKTOPOVIA-BYPYZUCNSA-N,L-Proline,C00148,superpathway of fumitremorgin biosynthesis,NA
PRO,C00148,PWY-8345,InChIKey=ONIBWKKTOPOVIA-BYPYZUCNSA-N,L-Proline,C00148,malbrancheamide biosynthesis,NA
PRO,C00148,PWY-7930,InChIKey=ONIBWKKTOPOVIA-BYPYZUCNSA-N,L-Proline,C00148,pyoluteorin biosynthesis,NA
PRO,C00148,PWY-7931,InChIKey=ONIBWKKTOPOVIA-BYPYZUCNSA-N,L-Proline,C00148,brominated pyrroles biosynthesis,NA
PRO,C00148,PWY-7933,InChIKey=ONIBWKKTOPOVIA-BYPYZUCNSA-N,L-Proline,C00148,superpathway of polybrominated aromatic compound biosynthesis,NA
PRO,C00148,PWY-7547,InChIKey=ONIBWKKTOPOVIA-BYPYZUCNSA-N,L-Proline,C00148,prodigiosin biosynthesis,NA
PRO,C00148,PWY0-1544,InChIKey=ONIBWKKTOPOVIA-BYPYZUCNSA-N,L-Proline,C00148,proline to cytochrome <i>bo</i> oxidase electron transfer,NA
PRO,C00148,PWY-7718,InChIKey=ONIBWKKTOPOVIA-BYPYZUCNSA-N,L-Proline,C00148,actinomycin D biosynthesis,NA
PRO,C00148,PWY-7665,InChIKey=ONIBWKKTOPOVIA-BYPYZUCNSA-N,L-Proline,C00148,aureobasidin A biosynthesis,NA
PRO,C00148,PWY-7515,InChIKey=ONIBWKKTOPOVIA-BYPYZUCNSA-N,L-Proline,C00148,<i>trans</i>-3-hydroxy-L-proline degradation,NA
PRO,C00148,PWY-4281,InChIKey=ONIBWKKTOPOVIA-BYPYZUCNSA-N,L-Proline,C00148,L-proline biosynthesis IV,NA
PRO,C00148,PWY-6003,InChIKey=ONIBWKKTOPOVIA-BYPYZUCNSA-N,L-Proline,C00148,gramicidin S biosynthesis,NA
PRO,C00148,PWY-5737,InChIKey=ONIBWKKTOPOVIA-BYPYZUCNSA-N,L-Proline,C00148,(5<i>R</i>)-carbapenem carboxylate biosynthesis,NA
PRO,C00148,PWY-6922,InChIKey=ONIBWKKTOPOVIA-BYPYZUCNSA-N,L-Proline,C00148,L-<i>N<sup>&delta;</sup></i>-acetylornithine biosynthesis,NA
PRO,C00148,CITRULBIO-PWY,InChIKey=ONIBWKKTOPOVIA-BYPYZUCNSA-N,L-Proline,C00148,L-citrulline biosynthesis,NA
PRO,C00148,PWY-5004,InChIKey=ONIBWKKTOPOVIA-BYPYZUCNSA-N,L-Proline,C00148,superpathway of L-citrulline metabolism,NA
PRO,C00148,PROUT-PWY,InChIKey=ONIBWKKTOPOVIA-BYPYZUCNSA-N,L-Proline,C00148,L-proline degradation I,NA
PRO,C00148,PWY-8187,InChIKey=ONIBWKKTOPOVIA-BYPYZUCNSA-N,L-Proline,C00148,L-arginine degradation XIII (reductive Stickland reaction),NA
PRO,C00148,PWY-3341,InChIKey=ONIBWKKTOPOVIA-BYPYZUCNSA-N,L-Proline,C00148,L-proline biosynthesis III (from L-ornithine),NA
PRO,C00148,PROSYN-PWY,InChIKey=ONIBWKKTOPOVIA-BYPYZUCNSA-N,L-Proline,C00148,L-proline biosynthesis I (from L-glutamate),NA
PRO,C00148,ARG-PRO-PWY,InChIKey=ONIBWKKTOPOVIA-BYPYZUCNSA-N,L-Proline,C00148,L-arginine degradation VI (arginase 2 pathway),NA
PRO,C00148,PWY-8186,InChIKey=ONIBWKKTOPOVIA-BYPYZUCNSA-N,L-Proline,C00148,L-proline degradation II (reductive Stickland reaction),NA
SER,C00065,PWY-6955,InChIKey=MTCFGRXMJLQNBG-REOHCLBHSA-N,L-Serine,C00065,lincomycin A biosynthesis,NA
SER,C00065,PWY-8359,InChIKey=MTCFGRXMJLQNBG-REOHCLBHSA-N,L-Serine,C00065,taurine biosynthesis III,NA
SER,C00065,PWY66-426,InChIKey=MTCFGRXMJLQNBG-REOHCLBHSA-N,L-Serine,C00065,hydrogen sulfide biosynthesis II (mammalian),NA
SER,C00065,PWY-8551,InChIKey=MTCFGRXMJLQNBG-REOHCLBHSA-N,L-Serine,C00065,glycine biosynthesis V,NA
SER,C00065,PWY-3841,InChIKey=MTCFGRXMJLQNBG-REOHCLBHSA-N,L-Serine,C00065,folate transformations II (plants),NA
SER,C00065,PWY-3661-1,InChIKey=MTCFGRXMJLQNBG-REOHCLBHSA-N,L-Serine,C00065,glycine betaine degradation II (mammalian),NA
SER,C00065,PWY-2161,InChIKey=MTCFGRXMJLQNBG-REOHCLBHSA-N,L-Serine,C00065,folate polyglutamylation,NA
SER,C00065,PWY-2201,InChIKey=MTCFGRXMJLQNBG-REOHCLBHSA-N,L-Serine,C00065,folate transformations I,NA
SER,C00065,PWY66-385,InChIKey=MTCFGRXMJLQNBG-REOHCLBHSA-N,L-Serine,C00065,dTMP <i>de novo</i> biosynthesis (mitochondrial),NA
SER,C00065,1CMET2-PWY,InChIKey=MTCFGRXMJLQNBG-REOHCLBHSA-N,L-Serine,C00065,folate transformations III (<i>E. coli</i>),NA
SER,C00065,GLYSYN-PWY,InChIKey=MTCFGRXMJLQNBG-REOHCLBHSA-N,L-Serine,C00065,glycine biosynthesis I,NA
SER,C00065,SERSYN-PWY,InChIKey=MTCFGRXMJLQNBG-REOHCLBHSA-N,L-Serine,C00065,L-serine biosynthesis I,NA
SER,C00065,SER-GLYSYN-PWY,InChIKey=MTCFGRXMJLQNBG-REOHCLBHSA-N,L-Serine,C00065,superpathway of L-serine and glycine biosynthesis I,NA
SER,C00065,PWY-8588,InChIKey=MTCFGRXMJLQNBG-REOHCLBHSA-N,L-Serine,C00065,brassinin and derivatives biosynthesis,NA
SER,C00065,PWY-I9,InChIKey=MTCFGRXMJLQNBG-REOHCLBHSA-N,L-Serine,C00065,L-cysteine biosynthesis VI (reverse transsulfuration),NA
SER,C00065,PWY-8071,InChIKey=MTCFGRXMJLQNBG-REOHCLBHSA-N,L-Serine,C00065,"<i>N</i>-3-oxalyl-L-2,3-diaminopropanoate biosynthesis",NA
SER,C00065,PWY-7870,InChIKey=MTCFGRXMJLQNBG-REOHCLBHSA-N,L-Serine,C00065,L-cysteine biosynthesis VII (from <i>S</i>-sulfo-L-cysteine),NA
SER,C00065,PWY-7274,InChIKey=MTCFGRXMJLQNBG-REOHCLBHSA-N,L-Serine,C00065,D-cycloserine biosynthesis,NA
SER,C00065,PWY-6936,InChIKey=MTCFGRXMJLQNBG-REOHCLBHSA-N,L-Serine,C00065,seleno-amino acid biosynthesis (plants),NA
SER,C00065,PWY-6395,InChIKey=MTCFGRXMJLQNBG-REOHCLBHSA-N,L-Serine,C00065,superpathway of seleno-compound metabolism,NA
SER,C00065,CYSTSYN-PWY,InChIKey=MTCFGRXMJLQNBG-REOHCLBHSA-N,L-Serine,C00065,L-cysteine biosynthesis I,NA
SER,C00065,SULFATE-CYS-PWY,InChIKey=MTCFGRXMJLQNBG-REOHCLBHSA-N,L-Serine,C00065,superpathway of sulfate assimilation and cysteine biosynthesis,NA
SER,C00065,PWY-8140,InChIKey=MTCFGRXMJLQNBG-REOHCLBHSA-N,L-Serine,C00065,serine racemization,NA
SER,C00065,PWY-6455,InChIKey=MTCFGRXMJLQNBG-REOHCLBHSA-N,L-Serine,C00065,vancomycin resistance II,NA
SER,C00065,PWY-181,InChIKey=MTCFGRXMJLQNBG-REOHCLBHSA-N,L-Serine,C00065,photorespiration I,NA
SER,C00065,PWY-8363,InChIKey=MTCFGRXMJLQNBG-REOHCLBHSA-N,L-Serine,C00065,photorespiration III,NA
SER,C00065,PWY-8362,InChIKey=MTCFGRXMJLQNBG-REOHCLBHSA-N,L-Serine,C00065,photorespiration II,NA
SER,C00065,PWY-8011,InChIKey=MTCFGRXMJLQNBG-REOHCLBHSA-N,L-Serine,C00065,L-serine biosynthesis II,NA
SER,C00065,PWY-1622,InChIKey=MTCFGRXMJLQNBG-REOHCLBHSA-N,L-Serine,C00065,formaldehyde assimilation I (serine pathway),NA
SER,C00065,PWY-7669,InChIKey=MTCFGRXMJLQNBG-REOHCLBHSA-N,L-Serine,C00065,equisetin biosynthesis,NA
SER,C00065,PWY-8229,InChIKey=MTCFGRXMJLQNBG-REOHCLBHSA-N,L-Serine,C00065,"UDP-3-acetamido-2,3-dideoxy-2-(seryl)amino-&alpha;-D-glucuronamide biosynthesis",NA
SER,C00065,PWY1A0-6120,InChIKey=MTCFGRXMJLQNBG-REOHCLBHSA-N,L-Serine,C00065,streptorubin B biosynthesis,NA
SER,C00065,HOMOCYSDEGR-PWY,InChIKey=MTCFGRXMJLQNBG-REOHCLBHSA-N,L-Serine,C00065,L-cysteine biosynthesis III (from L-homocysteine),NA
SER,C00065,PWY-6292,InChIKey=MTCFGRXMJLQNBG-REOHCLBHSA-N,L-Serine,C00065,superpathway of L-cysteine biosynthesis (mammalian),NA
SER,C00065,PWY-5328,InChIKey=MTCFGRXMJLQNBG-REOHCLBHSA-N,L-Serine,C00065,superpathway of L-methionine salvage and degradation,NA
SER,C00065,PWY-801,InChIKey=MTCFGRXMJLQNBG-REOHCLBHSA-N,L-Serine,C00065,homocysteine and cysteine interconversion,NA
SER,C00065,PWY-821,InChIKey=MTCFGRXMJLQNBG-REOHCLBHSA-N,L-Serine,C00065,superpathway of sulfur amino acid biosynthesis (<i>Saccharomyces cerevisiae</i>),NA
SER,C00065,PWY-6293,InChIKey=MTCFGRXMJLQNBG-REOHCLBHSA-N,L-Serine,C00065,superpathway of L-cysteine biosynthesis (fungi),NA
SER,C00065,PWY-6409,InChIKey=MTCFGRXMJLQNBG-REOHCLBHSA-N,L-Serine,C00065,pyoverdine I biosynthesis,NA
SER,C00065,PWY-7501,InChIKey=MTCFGRXMJLQNBG-REOHCLBHSA-N,L-Serine,C00065,phosphatidylserine biosynthesis I,NA
SER,C00065,SPHINGOLIPID-SYN-PWY,InChIKey=MTCFGRXMJLQNBG-REOHCLBHSA-N,L-Serine,C00065,sphingolipid biosynthesis (yeast),NA
SER,C00065,PWY3DJ-12,InChIKey=MTCFGRXMJLQNBG-REOHCLBHSA-N,L-Serine,C00065,ceramide <i>de novo</i> biosynthesis,NA
SER,C00065,PWY-7277,InChIKey=MTCFGRXMJLQNBG-REOHCLBHSA-N,L-Serine,C00065,sphingolipid biosynthesis (mammals),NA
SER,C00065,PWY-5129,InChIKey=MTCFGRXMJLQNBG-REOHCLBHSA-N,L-Serine,C00065,sphingolipid biosynthesis (plants),NA
SER,C00065,PWY-8009,InChIKey=MTCFGRXMJLQNBG-REOHCLBHSA-N,L-Serine,C00065,L-cysteine biosynthesis VIII (Thermococcus kodakarensis),NA
SER,C00065,PWY-8381,InChIKey=MTCFGRXMJLQNBG-REOHCLBHSA-N,L-Serine,C00065,sulfazecin biosynthesis,NA
SER,C00065,PWY-7706,InChIKey=MTCFGRXMJLQNBG-REOHCLBHSA-N,L-Serine,C00065,dapdiamides biosynthesis,NA
SER,C00065,PWY-8008,InChIKey=MTCFGRXMJLQNBG-REOHCLBHSA-N,L-Serine,C00065,staphyloferrin B biosynthesis,NA
SER,C00065,PWY-6574,InChIKey=MTCFGRXMJLQNBG-REOHCLBHSA-N,L-Serine,C00065,achromobactin biosynthesis,NA
SER,C00065,PWY-7735,InChIKey=MTCFGRXMJLQNBG-REOHCLBHSA-N,L-Serine,C00065,echinomycin and triostin A biosynthesis,NA
SER,C00065,PWY-8484,InChIKey=MTCFGRXMJLQNBG-REOHCLBHSA-N,L-Serine,C00065,fimsbactin A biosynthesis,NA
SER,C00065,TRNA-CHARGING-PWY,InChIKey=MTCFGRXMJLQNBG-REOHCLBHSA-N,L-Serine,C00065,tRNA charging,NA
SER,C00065,PWY-6281,InChIKey=MTCFGRXMJLQNBG-REOHCLBHSA-N,L-Serine,C00065,L-selenocysteine biosynthesis II (archaea and eukaryotes),NA
SER,C00065,PWY0-901,InChIKey=MTCFGRXMJLQNBG-REOHCLBHSA-N,L-Serine,C00065,L-selenocysteine biosynthesis I (bacteria),NA
SER,C00065,PWY-8117,InChIKey=MTCFGRXMJLQNBG-REOHCLBHSA-N,L-Serine,C00065,colibactin biosynthesis,NA
SER,C00065,PWY-7987,InChIKey=MTCFGRXMJLQNBG-REOHCLBHSA-N,L-Serine,C00065,vanchrobactin biosynthesis,NA
SER,C00065,PWY-7693,InChIKey=MTCFGRXMJLQNBG-REOHCLBHSA-N,L-Serine,C00065,guadinomine B biosynthesis,NA
SER,C00065,PWY-7694,InChIKey=MTCFGRXMJLQNBG-REOHCLBHSA-N,L-Serine,C00065,zwittermicin A biosynthesis,NA
SER,C00065,PWY-7797,InChIKey=MTCFGRXMJLQNBG-REOHCLBHSA-N,L-Serine,C00065,nocardicin A biosynthesis,NA
SER,C00065,PWY-7751,InChIKey=MTCFGRXMJLQNBG-REOHCLBHSA-N,L-Serine,C00065,shinorine biosynthesis,NA
SER,C00065,PWY-7571,InChIKey=MTCFGRXMJLQNBG-REOHCLBHSA-N,L-Serine,C00065,ferrichrome A biosynthesis,NA
SER,C00065,ENTBACSYN-PWY,InChIKey=MTCFGRXMJLQNBG-REOHCLBHSA-N,L-Serine,C00065,enterobactin biosynthesis,NA
SER,C00065,PWY-7533,InChIKey=MTCFGRXMJLQNBG-REOHCLBHSA-N,L-Serine,C00065,gliotoxin biosynthesis,NA
SER,C00065,PWY-7547,InChIKey=MTCFGRXMJLQNBG-REOHCLBHSA-N,L-Serine,C00065,prodigiosin biosynthesis,NA
SER,C00065,PWY-5497,InChIKey=MTCFGRXMJLQNBG-REOHCLBHSA-N,L-Serine,C00065,purine nucleobases degradation II (anaerobic),NA
SER,C00065,PWY-8325,InChIKey=MTCFGRXMJLQNBG-REOHCLBHSA-N,L-Serine,C00065,glycine betaine degradation III,NA
SER,C00065,PWY-3661,InChIKey=MTCFGRXMJLQNBG-REOHCLBHSA-N,L-Serine,C00065,glycine betaine degradation I,NA
SER,C00065,SERDEG-PWY,InChIKey=MTCFGRXMJLQNBG-REOHCLBHSA-N,L-Serine,C00065,L-serine degradation,NA
SER,C00065,PWY0-1608,InChIKey=MTCFGRXMJLQNBG-REOHCLBHSA-N,L-Serine,C00065,glycine degradation,NA
SER,C00065,PWY-6141,InChIKey=MTCFGRXMJLQNBG-REOHCLBHSA-N,L-Serine,C00065,archaetidylserine and archaetidylethanolamine biosynthesis,NA
SER,C00065,PWY-6146,InChIKey=MTCFGRXMJLQNBG-REOHCLBHSA-N,L-Serine,C00065,<i>Methanobacterium thermoautotrophicum</i> biosynthetic metabolism,NA
SER,C00065,PWY-7506,InChIKey=MTCFGRXMJLQNBG-REOHCLBHSA-N,L-Serine,C00065,phosphatidylserine biosynthesis II,NA
SER,C00065,PWY-6273,InChIKey=MTCFGRXMJLQNBG-REOHCLBHSA-N,L-Serine,C00065,phosphatidylethanolamine biosynthesis III,NA
SER,C00065,TRPSYN-PWY,InChIKey=MTCFGRXMJLQNBG-REOHCLBHSA-N,L-Serine,C00065,L-tryptophan biosynthesis,NA
SER,C00065,PWY-6629,InChIKey=MTCFGRXMJLQNBG-REOHCLBHSA-N,L-Serine,C00065,superpathway of L-tryptophan biosynthesis,NA
SER,C00065,COMPLETE-ARO-PWY,InChIKey=MTCFGRXMJLQNBG-REOHCLBHSA-N,L-Serine,C00065,superpathway of aromatic amino acid biosynthesis (from phospho<i>enol</i>pyruvate and D-erythrose 4-phosphate),NA
SER,C00065,ALL-CHORISMATE-PWY,InChIKey=MTCFGRXMJLQNBG-REOHCLBHSA-N,L-Serine,C00065,superpathway of chorismate metabolism,NA
SER,C00065,PWY-1,InChIKey=MTCFGRXMJLQNBG-REOHCLBHSA-N,L-Serine,C00065,lathyrine biosynthesis,NA
SER,C00065,PWY-3542,InChIKey=MTCFGRXMJLQNBG-REOHCLBHSA-N,L-Serine,C00065,choline biosynthesis II,NA
SER,C00065,PWY-7782,InChIKey=MTCFGRXMJLQNBG-REOHCLBHSA-N,L-Serine,C00065,plasmalogen biosynthesis I (aerobic),NA
SER,C00065,PWY4FS-6,InChIKey=MTCFGRXMJLQNBG-REOHCLBHSA-N,L-Serine,C00065,phosphatidylethanolamine biosynthesis II,NA
SER,C00065,PWY-3385,InChIKey=MTCFGRXMJLQNBG-REOHCLBHSA-N,L-Serine,C00065,choline biosynthesis I,NA
SER,C00065,PWY-4762,InChIKey=MTCFGRXMJLQNBG-REOHCLBHSA-N,L-Serine,C00065,superpathway of choline biosynthesis,NA
SER,C00065,PWY-5669,InChIKey=MTCFGRXMJLQNBG-REOHCLBHSA-N,L-Serine,C00065,phosphatidylserine and phosphatidylethanolamine biosynthesis I,NA
SER,C00065,PWY-8401,InChIKey=MTCFGRXMJLQNBG-REOHCLBHSA-N,L-Serine,C00065,superpathway of cardiolipin biosynthesis (from glycerone phosphate and fatty-acyl-[acp]) (bacteria),NA
SER,C00065,PHOSLIPSYN-PWY,InChIKey=MTCFGRXMJLQNBG-REOHCLBHSA-N,L-Serine,C00065,superpathway of phospholipid biosynthesis III (<i>E. coli</i>),NA
SER,C00065,PHOSLIPSYN2-PWY,InChIKey=MTCFGRXMJLQNBG-REOHCLBHSA-N,L-Serine,C00065,superpathway of phospholipid biosynthesis II (plants),NA
SER,C00065,PWY-7509,InChIKey=MTCFGRXMJLQNBG-REOHCLBHSA-N,L-Serine,C00065,cardiolipin and phosphatidylethanolamine biosynthesis (<i>Xanthomonas</i>),NA
THR,C00188,HOMOSER-THRESYN-PWY,InChIKey=AYFVYJQAPQTCCC-GBXIJSLDSA-N,L-Threonine,C00188,L-threonine biosynthesis,NA
THR,C00188,PWY0-781,InChIKey=AYFVYJQAPQTCCC-GBXIJSLDSA-N,L-Threonine,C00188,aspartate superpathway,NA
THR,C00188,P4-PWY,InChIKey=AYFVYJQAPQTCCC-GBXIJSLDSA-N,L-Threonine,C00188,"superpathway of L-lysine, L-threonine and L-methionine biosynthesis I",NA
THR,C00188,PWY-724,InChIKey=AYFVYJQAPQTCCC-GBXIJSLDSA-N,L-Threonine,C00188,"superpathway of L-lysine, L-threonine and L-methionine biosynthesis II",NA
THR,C00188,THRESYN-PWY,InChIKey=AYFVYJQAPQTCCC-GBXIJSLDSA-N,L-Threonine,C00188,superpathway of L-threonine biosynthesis,NA
THR,C00188,PWY-7650,InChIKey=AYFVYJQAPQTCCC-GBXIJSLDSA-N,L-Threonine,C00188,echinocandin B biosynthesis,NA
THR,C00188,PWY-8498,InChIKey=AYFVYJQAPQTCCC-GBXIJSLDSA-N,L-Threonine,C00188,micropeptin K139 biosynthesis,NA
THR,C00188,PWY-8374,InChIKey=AYFVYJQAPQTCCC-GBXIJSLDSA-N,L-Threonine,C00188,antimycin biosynthesis,NA
THR,C00188,PWY-5436,InChIKey=AYFVYJQAPQTCCC-GBXIJSLDSA-N,L-Threonine,C00188,L-threonine degradation IV,NA
THR,C00188,GLYSYN-THR-PWY,InChIKey=AYFVYJQAPQTCCC-GBXIJSLDSA-N,L-Threonine,C00188,glycine biosynthesis IV,NA
THR,C00188,PWY-6409,InChIKey=AYFVYJQAPQTCCC-GBXIJSLDSA-N,L-Threonine,C00188,pyoverdine I biosynthesis,NA
THR,C00188,TRNA-CHARGING-PWY,InChIKey=AYFVYJQAPQTCCC-GBXIJSLDSA-N,L-Threonine,C00188,tRNA charging,NA
THR,C00188,PWY-7984,InChIKey=AYFVYJQAPQTCCC-GBXIJSLDSA-N,L-Threonine,C00188,acinetobactin biosynthesis,NA
THR,C00188,PWY185E-1,InChIKey=AYFVYJQAPQTCCC-GBXIJSLDSA-N,L-Threonine,C00188,mycobactin biosynthesis,NA
THR,C00188,PWY-7983,InChIKey=AYFVYJQAPQTCCC-GBXIJSLDSA-N,L-Threonine,C00188,pseudomonine biosynthesis,NA
THR,C00188,PWY-5903,InChIKey=AYFVYJQAPQTCCC-GBXIJSLDSA-N,L-Threonine,C00188,bacillibactin biosynthesis,NA
THR,C00188,PWY-7954,InChIKey=AYFVYJQAPQTCCC-GBXIJSLDSA-N,L-Threonine,C00188,tabtoxinine-&beta;-lactam biosynthesis,NA
THR,C00188,PWY-6374,InChIKey=AYFVYJQAPQTCCC-GBXIJSLDSA-N,L-Threonine,C00188,vibriobactin biosynthesis,NA
THR,C00188,THREONINE-DEG2-PWY,InChIKey=AYFVYJQAPQTCCC-GBXIJSLDSA-N,L-Threonine,C00188,L-threonine degradation II,NA
THR,C00188,THRDLCTCAT-PWY,InChIKey=AYFVYJQAPQTCCC-GBXIJSLDSA-N,L-Threonine,C00188,L-threonine degradation III (to methylglyoxal),NA
THR,C00188,PWY-7378,InChIKey=AYFVYJQAPQTCCC-GBXIJSLDSA-N,L-Threonine,C00188,aminopropanol phosphate biosynthesis II,NA
THR,C00188,PWY-7718,InChIKey=AYFVYJQAPQTCCC-GBXIJSLDSA-N,L-Threonine,C00188,actinomycin D biosynthesis,NA
THR,C00188,PWY-7658,InChIKey=AYFVYJQAPQTCCC-GBXIJSLDSA-N,L-Threonine,C00188,protein <I>N</i>-glycosylation (<i>Methanococcus voltae</i>),NA
THR,C00188,PWY-5826,InChIKey=AYFVYJQAPQTCCC-GBXIJSLDSA-N,L-Threonine,C00188,hypoglycin biosynthesis,NA
THR,C00188,PWY-5437,InChIKey=AYFVYJQAPQTCCC-GBXIJSLDSA-N,L-Threonine,C00188,L-threonine degradation I,NA
THR,C00188,ILEUSYN-PWY,InChIKey=AYFVYJQAPQTCCC-GBXIJSLDSA-N,L-Threonine,C00188,L-isoleucine biosynthesis I (from threonine),NA
THR,C00188,PWY-3001,InChIKey=AYFVYJQAPQTCCC-GBXIJSLDSA-N,L-Threonine,C00188,superpathway of L-isoleucine biosynthesis I,NA
THR,C00188,BRANCHED-CHAIN-AA-SYN-PWY,InChIKey=AYFVYJQAPQTCCC-GBXIJSLDSA-N,L-Threonine,C00188,superpathway of branched chain amino acid biosynthesis,NA
THR,C00188,PWY-8443,InChIKey=AYFVYJQAPQTCCC-GBXIJSLDSA-N,L-Threonine,C00188,cyclosporin A biosynthesis,NA
THR,C00188,PWY66-428,InChIKey=AYFVYJQAPQTCCC-GBXIJSLDSA-N,L-Threonine,C00188,L-threonine degradation V,NA
THR,C00188,PWY-7441,InChIKey=AYFVYJQAPQTCCC-GBXIJSLDSA-N,L-Threonine,C00188,polymyxin A biosynthesis,NA
THR,C00188,PWY0-1587,InChIKey=AYFVYJQAPQTCCC-GBXIJSLDSA-N,L-Threonine,C00188,N<sup>6</sup>-L-threonylcarbamoyladenosine<sup>37</sup>-modified tRNA biosynthesis,NA
THR,C00188,PWY-8526,InChIKey=AYFVYJQAPQTCCC-GBXIJSLDSA-N,L-Threonine,C00188,"(2<i>S</i>,3<i>S</i>)-2,3-diaminobutanoate biosynthesis",NA
THR,C00188,PWY-5443,InChIKey=AYFVYJQAPQTCCC-GBXIJSLDSA-N,L-Threonine,C00188,aminopropanol phosphate biosynthesis I,NA
THR,C00188,THREOCAT-PWY,InChIKey=AYFVYJQAPQTCCC-GBXIJSLDSA-N,L-Threonine,C00188,superpathway of L-threonine metabolism,NA
THR,C00188,P381-PWY,InChIKey=AYFVYJQAPQTCCC-GBXIJSLDSA-N,L-Threonine,C00188,adenosylcobalamin biosynthesis II (aerobic),NA
THR,C00188,PWY-5507,InChIKey=AYFVYJQAPQTCCC-GBXIJSLDSA-N,L-Threonine,C00188,adenosylcobalamin biosynthesis I (anaerobic),NA
THR,C00188,PWY-6644,InChIKey=AYFVYJQAPQTCCC-GBXIJSLDSA-N,L-Threonine,C00188,fluoroacetate and fluorothreonine biosynthesis,NA
THR,C00188,P241-PWY,InChIKey=AYFVYJQAPQTCCC-GBXIJSLDSA-N,L-Threonine,C00188,coenzyme B biosynthesis,NA
TRP,C00078,TRPSYN-PWY,InChIKey=QIVBCDIJIAJPQS-VIFPVBQESA-N,L-Tryptophan,C00078,L-tryptophan biosynthesis,NA
TRP,C00078,PWY-6629,InChIKey=QIVBCDIJIAJPQS-VIFPVBQESA-N,L-Tryptophan,C00078,superpathway of L-tryptophan biosynthesis,NA
TRP,C00078,COMPLETE-ARO-PWY,InChIKey=QIVBCDIJIAJPQS-VIFPVBQESA-N,L-Tryptophan,C00078,superpathway of aromatic amino acid biosynthesis (from phospho<i>enol</i>pyruvate and D-erythrose 4-phosphate),NA
TRP,C00078,ALL-CHORISMATE-PWY,InChIKey=QIVBCDIJIAJPQS-VIFPVBQESA-N,L-Tryptophan,C00078,superpathway of chorismate metabolism,NA
TRP,C00078,PWY-8585,InChIKey=QIVBCDIJIAJPQS-VIFPVBQESA-N,L-Tryptophan,C00078,skatole biosynthesis,NA
TRP,C00078,TRPIAACAT-PWY,InChIKey=QIVBCDIJIAJPQS-VIFPVBQESA-N,L-Tryptophan,C00078,indole-3-acetate biosynthesis VI (bacteria),NA
TRP,C00078,TRPKYNCAT-PWY,InChIKey=QIVBCDIJIAJPQS-VIFPVBQESA-N,L-Tryptophan,C00078,L-tryptophan degradation IV (via indole-3-lactate),NA
TRP,C00078,PWY-8017,InChIKey=QIVBCDIJIAJPQS-VIFPVBQESA-N,L-Tryptophan,C00078,L-tryptophan degradation XIII (reductive Stickland reaction),NA
TRP,C00078,PWY-8586,InChIKey=QIVBCDIJIAJPQS-VIFPVBQESA-N,L-Tryptophan,C00078,aetokthonotoxin biosynthesis,NA
TRP,C00078,PWY2SK3-2,InChIKey=QIVBCDIJIAJPQS-VIFPVBQESA-N,L-Tryptophan,C00078,scytonemin biosynthesis,NA
TRP,C00078,PWY-8531,InChIKey=QIVBCDIJIAJPQS-VIFPVBQESA-N,L-Tryptophan,C00078,thaxtomin A biosynthesis,NA
TRP,C00078,PWY-7555,InChIKey=QIVBCDIJIAJPQS-VIFPVBQESA-N,L-Tryptophan,C00078,&alpha;-cyclopiazonate biosynthesis,NA
TRP,C00078,PWY-6030,InChIKey=QIVBCDIJIAJPQS-VIFPVBQESA-N,L-Tryptophan,C00078,serotonin and melatonin biosynthesis I,NA
TRP,C00078,PWY-7532,InChIKey=QIVBCDIJIAJPQS-VIFPVBQESA-N,L-Tryptophan,C00078,acetylaszonalenin biosynthesis,NA
TRP,C00078,PWY-5290,InChIKey=QIVBCDIJIAJPQS-VIFPVBQESA-N,L-Tryptophan,C00078,secologanin and strictosidine biosynthesis,NA
TRP,C00078,PWY-8475,InChIKey=QIVBCDIJIAJPQS-VIFPVBQESA-N,L-Tryptophan,C00078,serotonin and melatonin biosynthesis II,NA
TRP,C00078,PWY-7936,InChIKey=QIVBCDIJIAJPQS-VIFPVBQESA-N,L-Tryptophan,C00078,psilocybin biosynthesis,NA
TRP,C00078,PWY-6307,InChIKey=QIVBCDIJIAJPQS-VIFPVBQESA-N,L-Tryptophan,C00078,"L-tryptophan degradation X (mammalian, via tryptamine)",NA
TRP,C00078,PWY-5877,InChIKey=QIVBCDIJIAJPQS-VIFPVBQESA-N,L-Tryptophan,C00078,beta-carboline biosynthesis,NA
TRP,C00078,PWY-5473,InChIKey=QIVBCDIJIAJPQS-VIFPVBQESA-N,L-Tryptophan,C00078,hydroxycinnamic acid serotonin amides biosynthesis,NA
TRP,C00078,PWY-3181,InChIKey=QIVBCDIJIAJPQS-VIFPVBQESA-N,L-Tryptophan,C00078,L-tryptophan degradation VI (via tryptamine),NA
TRP,C00078,PWY-3162,InChIKey=QIVBCDIJIAJPQS-VIFPVBQESA-N,L-Tryptophan,C00078,L-tryptophan degradation V (side chain pathway),NA
TRP,C00078,PWY-7770,InChIKey=QIVBCDIJIAJPQS-VIFPVBQESA-N,L-Tryptophan,C00078,indolmycin biosynthesis,NA
TRP,C00078,PWYDQC-4,InChIKey=QIVBCDIJIAJPQS-VIFPVBQESA-N,L-Tryptophan,C00078,indole-3-acetate biosynthesis I,NA
TRP,C00078,CAMALEXIN-SYN,InChIKey=QIVBCDIJIAJPQS-VIFPVBQESA-N,L-Tryptophan,C00078,camalexin biosynthesis,NA
TRP,C00078,PWY-8024,InChIKey=QIVBCDIJIAJPQS-VIFPVBQESA-N,L-Tryptophan,C00078,4-hydroxyindole-3-carbonyl nitrile biosynthesis,NA
TRP,C00078,PWY-581,InChIKey=QIVBCDIJIAJPQS-VIFPVBQESA-N,L-Tryptophan,C00078,indole-3-acetate biosynthesis II,NA
TRP,C00078,PWY-601,InChIKey=QIVBCDIJIAJPQS-VIFPVBQESA-N,L-Tryptophan,C00078,glucosinolate biosynthesis from tryptophan,NA
TRP,C00078,TRNA-CHARGING-PWY,InChIKey=QIVBCDIJIAJPQS-VIFPVBQESA-N,L-Tryptophan,C00078,tRNA charging,NA
TRP,C00078,PWY-7525,InChIKey=QIVBCDIJIAJPQS-VIFPVBQESA-N,L-Tryptophan,C00078,fumitremorgin C biosynthesis,NA
TRP,C00078,PWY-7537,InChIKey=QIVBCDIJIAJPQS-VIFPVBQESA-N,L-Tryptophan,C00078,superpathway of fumitremorgin biosynthesis,NA
TRP,C00078,PWY-8345,InChIKey=QIVBCDIJIAJPQS-VIFPVBQESA-N,L-Tryptophan,C00078,malbrancheamide biosynthesis,NA
TRP,C00078,PWY-7733,InChIKey=QIVBCDIJIAJPQS-VIFPVBQESA-N,L-Tryptophan,C00078,3-hydroxyquinaldate biosynthesis,NA
TRP,C00078,PWY-7734,InChIKey=QIVBCDIJIAJPQS-VIFPVBQESA-N,L-Tryptophan,C00078,quinoxaline-2-carboxylate biosynthesis,NA
TRP,C00078,PWY-8483,InChIKey=QIVBCDIJIAJPQS-VIFPVBQESA-N,L-Tryptophan,C00078,ambiguine A biosynthesis,NA
TRP,C00078,PWY-7957,InChIKey=QIVBCDIJIAJPQS-VIFPVBQESA-N,L-Tryptophan,C00078,hapalindole H biosynthesis,NA
TRP,C00078,PWY-7959,InChIKey=QIVBCDIJIAJPQS-VIFPVBQESA-N,L-Tryptophan,C00078,12-<i>epi</i>-hapalindole biosynthesis,NA
TRP,C00078,PWY-7958,InChIKey=QIVBCDIJIAJPQS-VIFPVBQESA-N,L-Tryptophan,C00078,12-<i>epi</i>-fischerindole biosynthesis,NA
TRP,C00078,PWY-7956,InChIKey=QIVBCDIJIAJPQS-VIFPVBQESA-N,L-Tryptophan,C00078,3-[(<i>E</i>)-2-isocyanoethenyl]-1<i>H</i>-indole biosynthesis,NA
TRP,C00078,PWY-8587,InChIKey=QIVBCDIJIAJPQS-VIFPVBQESA-N,L-Tryptophan,C00078,thienodolin biosynthesis,NA
TRP,C00078,PWY-6345,InChIKey=QIVBCDIJIAJPQS-VIFPVBQESA-N,L-Tryptophan,C00078,K-252 biosynthesis,NA
TRP,C00078,PWY-7040,InChIKey=QIVBCDIJIAJPQS-VIFPVBQESA-N,L-Tryptophan,C00078,violacein biosynthesis,NA
TRP,C00078,PWY-6346,InChIKey=QIVBCDIJIAJPQS-VIFPVBQESA-N,L-Tryptophan,C00078,staurosporine biosynthesis,NA
TRP,C00078,PWY-5467,InChIKey=QIVBCDIJIAJPQS-VIFPVBQESA-N,L-Tryptophan,C00078,gramine biosynthesis,NA
TRP,C00078,TRYPDEG-PWY,InChIKey=QIVBCDIJIAJPQS-VIFPVBQESA-N,L-Tryptophan,C00078,L-tryptophan degradation II (via pyruvate),NA
TRP,C00078,PWY-7708,InChIKey=QIVBCDIJIAJPQS-VIFPVBQESA-N,L-Tryptophan,C00078,lyngbyatoxin biosynthesis,NA
TRP,C00078,PWY-7667,InChIKey=QIVBCDIJIAJPQS-VIFPVBQESA-N,L-Tryptophan,C00078,apicidin biosynthesis,NA
TRP,C00078,PWY-7668,InChIKey=QIVBCDIJIAJPQS-VIFPVBQESA-N,L-Tryptophan,C00078,apicidin F biosynthesis,NA
TRP,C00078,PWY-7612,InChIKey=QIVBCDIJIAJPQS-VIFPVBQESA-N,L-Tryptophan,C00078,chaetoglobosin A biosynthesis,NA
TRP,C00078,PWY-7605,InChIKey=QIVBCDIJIAJPQS-VIFPVBQESA-N,L-Tryptophan,C00078,roquefortine C biosynthesis,NA
TRP,C00078,PWY-7609,InChIKey=QIVBCDIJIAJPQS-VIFPVBQESA-N,L-Tryptophan,C00078,"superpathway of roquefortine, meleagrin and neoxaline biosynthesis",NA
TRP,C00078,PWY-7549,InChIKey=QIVBCDIJIAJPQS-VIFPVBQESA-N,L-Tryptophan,C00078,asperlicin E biosynthesis,NA
TRP,C00078,PWY-7543,InChIKey=QIVBCDIJIAJPQS-VIFPVBQESA-N,L-Tryptophan,C00078,5-<i>N</i>-acetylardeemin biosynthesis,NA
TRP,C00078,PWY-7542,InChIKey=QIVBCDIJIAJPQS-VIFPVBQESA-N,L-Tryptophan,C00078,fumiquinazoline D biosynthesis,NA
TRP,C00078,PWY-7765,InChIKey=QIVBCDIJIAJPQS-VIFPVBQESA-N,L-Tryptophan,C00078,3-hydroxy-4-methyl-anthranilate biosynthesis II,NA
TRP,C00078,PWY-5651,InChIKey=QIVBCDIJIAJPQS-VIFPVBQESA-N,L-Tryptophan,C00078,L-tryptophan degradation to 2-amino-3-carboxymuconate semialdehyde,NA
TRP,C00078,NADSYN-PWY,InChIKey=QIVBCDIJIAJPQS-VIFPVBQESA-N,L-Tryptophan,C00078,NAD <i>de novo</i> biosynthesis II (from tryptophan),NA
TRP,C00078,PWY-5655,InChIKey=QIVBCDIJIAJPQS-VIFPVBQESA-N,L-Tryptophan,C00078,L-tryptophan degradation IX,NA
TRP,C00078,TRYPTOPHAN-DEGRADATION-1,InChIKey=QIVBCDIJIAJPQS-VIFPVBQESA-N,L-Tryptophan,C00078,L-tryptophan degradation III (eukaryotic),NA
TRP,C00078,PWY-3502,InChIKey=QIVBCDIJIAJPQS-VIFPVBQESA-N,L-Tryptophan,C00078,superpathway of NAD biosynthesis in eukaryotes,NA
TRP,C00078,PWY-6309,InChIKey=QIVBCDIJIAJPQS-VIFPVBQESA-N,L-Tryptophan,C00078,"L-tryptophan degradation XI (mammalian, via kynurenine)",NA
TRP,C00078,PWY-7717,InChIKey=QIVBCDIJIAJPQS-VIFPVBQESA-N,L-Tryptophan,C00078,3-hydroxy-4-methyl-anthranilate biosynthesis I,NA
TRP,C00078,TRPCAT-PWY,InChIKey=QIVBCDIJIAJPQS-VIFPVBQESA-N,L-Tryptophan,C00078,L-tryptophan degradation I (via anthranilate),NA
TRP,C00078,PWY-6505,InChIKey=QIVBCDIJIAJPQS-VIFPVBQESA-N,L-Tryptophan,C00078,L-tryptophan degradation XII (Geobacillus),NA
TRP,C00078,PWY-6954,InChIKey=QIVBCDIJIAJPQS-VIFPVBQESA-N,L-Tryptophan,C00078,superpathway of aromatic compound degradation (via 2-hydroxypentadienoate),NA
TRP,C00078,PWY-2504,InChIKey=QIVBCDIJIAJPQS-VIFPVBQESA-N,L-Tryptophan,C00078,superpathway of aromatic compound degradation (via 3-oxoadipate),NA
TRP,C00078,PWY-6324,InChIKey=QIVBCDIJIAJPQS-VIFPVBQESA-N,L-Tryptophan,C00078,rebeccamycin biosynthesis,NA
TRP,C00078,PWY-6831,InChIKey=QIVBCDIJIAJPQS-VIFPVBQESA-N,L-Tryptophan,C00078,pyrrolnitrin biosynthesis,NA
TRP,C00078,PWY-7520,InChIKey=QIVBCDIJIAJPQS-VIFPVBQESA-N,L-Tryptophan,C00078,terrequinone A biosynthesis,NA
TRP,C00078,PWY-5081,InChIKey=QIVBCDIJIAJPQS-VIFPVBQESA-N,L-Tryptophan,C00078,L-tryptophan degradation VIII (to tryptophol),NA
TRP,C00078,PWY-3161,InChIKey=QIVBCDIJIAJPQS-VIFPVBQESA-N,L-Tryptophan,C00078,indole-3-acetate biosynthesis III (bacteria),NA
TRP,C00078,PWY-6493,InChIKey=QIVBCDIJIAJPQS-VIFPVBQESA-N,L-Tryptophan,C00078,chanoclavine I aldehyde biosynthesis,NA
TRP,C00078,PWY-6503,InChIKey=QIVBCDIJIAJPQS-VIFPVBQESA-N,L-Tryptophan,C00078,superpathway of ergotamine biosynthesis,NA
TYR,C00082,PWY-6120,InChIKey=OUYCCCASQSFEME-QMMMGPOBSA-N,L-Tyrosine,C00082,L-tyrosine biosynthesis III,NA
TYR,C00082,PWY-3461,InChIKey=OUYCCCASQSFEME-QMMMGPOBSA-N,L-Tyrosine,C00082,L-tyrosine biosynthesis II,NA
TYR,C00082,PWY-3481,InChIKey=OUYCCCASQSFEME-QMMMGPOBSA-N,L-Tyrosine,C00082,superpathway of L-phenylalanine and L-tyrosine biosynthesis,NA
TYR,C00082,PWY-7158,InChIKey=OUYCCCASQSFEME-QMMMGPOBSA-N,L-Tyrosine,C00082,L-phenylalanine degradation V,NA
TYR,C00082,PHENYLALANINE-DEG1-PWY,InChIKey=OUYCCCASQSFEME-QMMMGPOBSA-N,L-Tyrosine,C00082,L-phenylalanine degradation I (aerobic),NA
TYR,C00082,PWY-6134,InChIKey=OUYCCCASQSFEME-QMMMGPOBSA-N,L-Tyrosine,C00082,L-tyrosine biosynthesis IV,NA
TYR,C00082,PWY-8498,InChIKey=OUYCCCASQSFEME-QMMMGPOBSA-N,L-Tyrosine,C00082,micropeptin K139 biosynthesis,NA
TYR,C00082,PWY-8495,InChIKey=OUYCCCASQSFEME-QMMMGPOBSA-N,L-Tyrosine,C00082,oscillamide Y biosynthesis,NA
TYR,C00082,PWY-8494,InChIKey=OUYCCCASQSFEME-QMMMGPOBSA-N,L-Tyrosine,C00082,anabaenopeptin A biosynthesis,NA
TYR,C00082,PWY-5049,InChIKey=OUYCCCASQSFEME-QMMMGPOBSA-N,L-Tyrosine,C00082,rosmarinic acid biosynthesis II,NA
TYR,C00082,PWY66-301,InChIKey=OUYCCCASQSFEME-QMMMGPOBSA-N,L-Tyrosine,C00082,catecholamine biosynthesis,NA
TYR,C00082,PWY-5394,InChIKey=OUYCCCASQSFEME-QMMMGPOBSA-N,L-Tyrosine,C00082,betalamic acid biosynthesis,NA
TYR,C00082,PWY-7705,InChIKey=OUYCCCASQSFEME-QMMMGPOBSA-N,L-Tyrosine,C00082,quinolinone B biosynthesis,NA
TYR,C00082,PWY-8361,InChIKey=OUYCCCASQSFEME-QMMMGPOBSA-N,L-Tyrosine,C00082,apratoxin A biosynthesis,NA
TYR,C00082,TRNA-CHARGING-PWY,InChIKey=OUYCCCASQSFEME-QMMMGPOBSA-N,L-Tyrosine,C00082,tRNA charging,NA
TYR,C00082,PWY-7826,InChIKey=OUYCCCASQSFEME-QMMMGPOBSA-N,L-Tyrosine,C00082,<i>Amaryllidacea</i> alkaloids biosynthesis,NA
TYR,C00082,PWY-5254,InChIKey=OUYCCCASQSFEME-QMMMGPOBSA-N,L-Tyrosine,C00082,methanofuran biosynthesis,NA
TYR,C00082,PWY-7297,InChIKey=OUYCCCASQSFEME-QMMMGPOBSA-N,L-Tyrosine,C00082,octopamine biosynthesis,NA
TYR,C00082,PWY-6802,InChIKey=OUYCCCASQSFEME-QMMMGPOBSA-N,L-Tyrosine,C00082,salidroside biosynthesis,NA
TYR,C00082,PWY-5474,InChIKey=OUYCCCASQSFEME-QMMMGPOBSA-N,L-Tyrosine,C00082,hydroxycinnamic acid tyramine amides biosynthesis,NA
TYR,C00082,PWY-7518,InChIKey=OUYCCCASQSFEME-QMMMGPOBSA-N,L-Tyrosine,C00082,atromentin biosynthesis,NA
TYR,C00082,PWY-5754,InChIKey=OUYCCCASQSFEME-QMMMGPOBSA-N,L-Tyrosine,C00082,4-hydroxybenzoate biosynthesis I (eukaryotes),NA
TYR,C00082,PWY-8016,InChIKey=OUYCCCASQSFEME-QMMMGPOBSA-N,L-Tyrosine,C00082,L-tyrosine degradation V (reductive Stickland reaction),NA
TYR,C00082,PWY-5048,InChIKey=OUYCCCASQSFEME-QMMMGPOBSA-N,L-Tyrosine,C00082,rosmarinic acid biosynthesis I,NA
TYR,C00082,PWY-5071,InChIKey=OUYCCCASQSFEME-QMMMGPOBSA-N,L-Tyrosine,C00082,superpathway of rosmarinic acid biosynthesis,NA
TYR,C00082,TYRSYN,InChIKey=OUYCCCASQSFEME-QMMMGPOBSA-N,L-Tyrosine,C00082,L-tyrosine biosynthesis I,NA
TYR,C00082,PWY-6630,InChIKey=OUYCCCASQSFEME-QMMMGPOBSA-N,L-Tyrosine,C00082,superpathway of L-tyrosine biosynthesis,NA
TYR,C00082,COMPLETE-ARO-PWY,InChIKey=OUYCCCASQSFEME-QMMMGPOBSA-N,L-Tyrosine,C00082,superpathway of aromatic amino acid biosynthesis (from phospho<i>enol</i>pyruvate and D-erythrose 4-phosphate),NA
TYR,C00082,ALL-CHORISMATE-PWY,InChIKey=OUYCCCASQSFEME-QMMMGPOBSA-N,L-Tyrosine,C00082,superpathway of chorismate metabolism,NA
TYR,C00082,PWY-7514,InChIKey=OUYCCCASQSFEME-QMMMGPOBSA-N,L-Tyrosine,C00082,L-tyrosine degradation IV (to 4-methylphenol),NA
TYR,C00082,PWY-5886,InChIKey=OUYCCCASQSFEME-QMMMGPOBSA-N,L-Tyrosine,C00082,3-(4-hydroxyphenyl)pyruvate biosynthesis,NA
TYR,C00082,PWY-5864,InChIKey=OUYCCCASQSFEME-QMMMGPOBSA-N,L-Tyrosine,C00082,superpathway of plastoquinol biosynthesis,NA
TYR,C00082,TYRFUMCAT-PWY,InChIKey=OUYCCCASQSFEME-QMMMGPOBSA-N,L-Tyrosine,C00082,L-tyrosine degradation I,NA
TYR,C00082,PWY-5151,InChIKey=OUYCCCASQSFEME-QMMMGPOBSA-N,L-Tyrosine,C00082,L-tyrosine degradation II,NA
TYR,C00082,PWY-8379,InChIKey=OUYCCCASQSFEME-QMMMGPOBSA-N,L-Tyrosine,C00082,sibiromycin biosynthesis,NA
TYR,C00082,PWY-6955,InChIKey=OUYCCCASQSFEME-QMMMGPOBSA-N,L-Tyrosine,C00082,lincomycin A biosynthesis,NA
TYR,C00082,PWY-6409,InChIKey=OUYCCCASQSFEME-QMMMGPOBSA-N,L-Tyrosine,C00082,pyoverdine I biosynthesis,NA
TYR,C00082,PWY-5317,InChIKey=OUYCCCASQSFEME-QMMMGPOBSA-N,L-Tyrosine,C00082,tropane alkaloids biosynthesis,NA
TYR,C00082,PWY-7341,InChIKey=OUYCCCASQSFEME-QMMMGPOBSA-N,L-Tyrosine,C00082,superpathway of hyoscyamine (atropine) and scopolamine biosynthesis,NA
TYR,C00082,PWY-7432,InChIKey=OUYCCCASQSFEME-QMMMGPOBSA-N,L-Tyrosine,C00082,"L-phenylalanine biosynthesis III (cytosolic, plants)",NA
TYR,C00082,PWY-7960,InChIKey=OUYCCCASQSFEME-QMMMGPOBSA-N,L-Tyrosine,C00082,rhabduscin biosynthesis,NA
TYR,C00082,PWY-7955,InChIKey=OUYCCCASQSFEME-QMMMGPOBSA-N,L-Tyrosine,C00082,paerucumarin biosynthesis,NA
TYR,C00082,PWY-8112,InChIKey=OUYCCCASQSFEME-QMMMGPOBSA-N,L-Tyrosine,C00082,factor 420 biosynthesis I (archaea),NA
TYR,C00082,PWY-5198,InChIKey=OUYCCCASQSFEME-QMMMGPOBSA-N,L-Tyrosine,C00082,factor 420 biosynthesis II (mycobacteria),NA
TYR,C00082,PWY-8113,InChIKey=OUYCCCASQSFEME-QMMMGPOBSA-N,L-Tyrosine,C00082,3PG-factor 420 biosynthesis,NA
TYR,C00082,PWY-7901,InChIKey=OUYCCCASQSFEME-QMMMGPOBSA-N,L-Tyrosine,C00082,glucosinolate biosynthesis from tyrosine,NA
TYR,C00082,PWY-7088,InChIKey=OUYCCCASQSFEME-QMMMGPOBSA-N,L-Tyrosine,C00082,taxiphyllin biosynthesis,NA
TYR,C00082,PWY-861,InChIKey=OUYCCCASQSFEME-QMMMGPOBSA-N,L-Tyrosine,C00082,dhurrin biosynthesis,NA
TYR,C00082,PWY-7670,InChIKey=OUYCCCASQSFEME-QMMMGPOBSA-N,L-Tyrosine,C00082,fusaridione A biosynthesis,NA
TYR,C00082,PWY-3581,InChIKey=OUYCCCASQSFEME-QMMMGPOBSA-N,L-Tyrosine,C00082,(<i>S</i>)-reticuline biosynthesis I,NA
TYR,C00082,PWY-6133,InChIKey=OUYCCCASQSFEME-QMMMGPOBSA-N,L-Tyrosine,C00082,(S)-reticuline biosynthesis II,NA
TYR,C00082,PWY-7565,InChIKey=OUYCCCASQSFEME-QMMMGPOBSA-N,L-Tyrosine,C00082,aspyridone A biosynthesis,NA
TYR,C00082,PWY-7563,InChIKey=OUYCCCASQSFEME-QMMMGPOBSA-N,L-Tyrosine,C00082,bassianin and desmethylbassianin biosynthesis,NA
TYR,C00082,PWY-7561,InChIKey=OUYCCCASQSFEME-QMMMGPOBSA-N,L-Tyrosine,C00082,tenellin biosynthesis,NA
TYR,C00082,PWY-6892,InChIKey=OUYCCCASQSFEME-QMMMGPOBSA-N,L-Tyrosine,C00082,thiazole component of thiamine diphosphate biosynthesis I,NA
TYR,C00082,THISYN-PWY,InChIKey=OUYCCCASQSFEME-QMMMGPOBSA-N,L-Tyrosine,C00082,superpathway of thiamine diphosphate biosynthesis I,NA
TYR,C00082,PWY-7671,InChIKey=OUYCCCASQSFEME-QMMMGPOBSA-N,L-Tyrosine,C00082,saframycin A biosynthesis,NA
TYR,C00082,PWY-7304,InChIKey=OUYCCCASQSFEME-QMMMGPOBSA-N,L-Tyrosine,C00082,"3-amino-4,7-dihydroxy-coumarin biosynthesis",NA
TYR,C00082,PWY-8369,InChIKey=OUYCCCASQSFEME-QMMMGPOBSA-N,L-Tyrosine,C00082,superpathway of novobiocin biosynthesis,NA
TYR,C00082,PWY-5399,InChIKey=OUYCCCASQSFEME-QMMMGPOBSA-N,L-Tyrosine,C00082,betacyanin biosynthesis,NA
TYR,C00082,PWY-6481,InChIKey=OUYCCCASQSFEME-QMMMGPOBSA-N,L-Tyrosine,C00082,L-dopa and L-dopachrome biosynthesis,NA
TYR,C00082,PWY-7917,InChIKey=OUYCCCASQSFEME-QMMMGPOBSA-N,L-Tyrosine,C00082,pheomelanin biosynthesis,NA
TYR,C00082,PWY-8493,InChIKey=OUYCCCASQSFEME-QMMMGPOBSA-N,L-Tyrosine,C00082,L-homotyrosine biosynthesis,NA
TYR,C00082,PWY3O-4108,InChIKey=OUYCCCASQSFEME-QMMMGPOBSA-N,L-Tyrosine,C00082,L-tyrosine degradation III,NA
TYR,C00082,PWY-5929,InChIKey=OUYCCCASQSFEME-QMMMGPOBSA-N,L-Tyrosine,C00082,puromycin biosynthesis,NA
TYR,C00082,PWY-5404,InChIKey=OUYCCCASQSFEME-QMMMGPOBSA-N,L-Tyrosine,C00082,betaxanthin biosynthesis (via dopaxanthin),NA
TYR,C00082,PWY-5405,InChIKey=OUYCCCASQSFEME-QMMMGPOBSA-N,L-Tyrosine,C00082,superpathway of betalain biosynthesis (from L-tyrosine),NA
VAL,C00183,PWY-8563,InChIKey=KZSNJWFQEVHDMF-BYPYZUCNSA-N,L-Valine,C00183,surfactin biosynthesis,NA
VAL,C00183,PWY-8543,InChIKey=KZSNJWFQEVHDMF-BYPYZUCNSA-N,L-Valine,C00183,gaburedin biosynthesis,NA
VAL,C00183,ALANINE-VALINESYN-PWY,InChIKey=KZSNJWFQEVHDMF-BYPYZUCNSA-N,L-Valine,C00183,L-alanine biosynthesis I,NA
VAL,C00183,PWY0-1061,InChIKey=KZSNJWFQEVHDMF-BYPYZUCNSA-N,L-Valine,C00183,superpathway of L-alanine biosynthesis,NA
VAL,C00183,PWY-8494,InChIKey=KZSNJWFQEVHDMF-BYPYZUCNSA-N,L-Valine,C00183,anabaenopeptin A biosynthesis,NA
VAL,C00183,PWY-8492,InChIKey=KZSNJWFQEVHDMF-BYPYZUCNSA-N,L-Valine,C00183,anabaenopeptin B biosynthesis,NA
VAL,C00183,PWY-8443,InChIKey=KZSNJWFQEVHDMF-BYPYZUCNSA-N,L-Valine,C00183,cyclosporin A biosynthesis,NA
VAL,C00183,TRNA-CHARGING-PWY,InChIKey=KZSNJWFQEVHDMF-BYPYZUCNSA-N,L-Valine,C00183,tRNA charging,NA
VAL,C00183,PWY-8336,InChIKey=KZSNJWFQEVHDMF-BYPYZUCNSA-N,L-Valine,C00183,valinomycin biosynthesis,NA
VAL,C00183,PWY-8581,InChIKey=KZSNJWFQEVHDMF-BYPYZUCNSA-N,L-Valine,C00183,isobutylmalonyl-CoA biosynthesis,NA
VAL,C00183,PWY-8183,InChIKey=KZSNJWFQEVHDMF-BYPYZUCNSA-N,L-Valine,C00183,L-valine degradation III (oxidative Stickland reaction),NA
VAL,C00183,PWY-8175,InChIKey=KZSNJWFQEVHDMF-BYPYZUCNSA-N,L-Valine,C00183,even <i>iso</i>-branched-chain fatty acid biosynthesis,NA
VAL,C00183,VALDEG-PWY,InChIKey=KZSNJWFQEVHDMF-BYPYZUCNSA-N,L-Valine,C00183,L-valine degradation I,NA
VAL,C00183,VALSYN-PWY,InChIKey=KZSNJWFQEVHDMF-BYPYZUCNSA-N,L-Valine,C00183,L-valine biosynthesis,NA
VAL,C00183,BRANCHED-CHAIN-AA-SYN-PWY,InChIKey=KZSNJWFQEVHDMF-BYPYZUCNSA-N,L-Valine,C00183,superpathway of branched chain amino acid biosynthesis,NA
VAL,C00183,PWY-5057,InChIKey=KZSNJWFQEVHDMF-BYPYZUCNSA-N,L-Valine,C00183,L-valine degradation II,NA
VAL,C00183,PWY-6233,InChIKey=KZSNJWFQEVHDMF-BYPYZUCNSA-N,L-Valine,C00183,jasmonoyl-amino acid conjugates biosynthesis II,NA
VAL,C00183,PWY-6220,InChIKey=KZSNJWFQEVHDMF-BYPYZUCNSA-N,L-Valine,C00183,jasmonoyl-amino acid conjugates biosynthesis I,NA
VAL,C00183,PWY-6234,InChIKey=KZSNJWFQEVHDMF-BYPYZUCNSA-N,L-Valine,C00183,superpathway of jasmonoyl-amino acid conjugates biosynthesis,NA
VAL,C00183,PWY-3022,InChIKey=KZSNJWFQEVHDMF-BYPYZUCNSA-N,L-Valine,C00183,linamarin biosynthesis,NA
VAL,C00183,PWY-5991,InChIKey=KZSNJWFQEVHDMF-BYPYZUCNSA-N,L-Valine,C00183,superpathway of linamarin and lotaustralin biosynthesis,NA
VAL,C00183,PWY-7735,InChIKey=KZSNJWFQEVHDMF-BYPYZUCNSA-N,L-Valine,C00183,echinomycin and triostin A biosynthesis,NA
VAL,C00183,PWY-7718,InChIKey=KZSNJWFQEVHDMF-BYPYZUCNSA-N,L-Valine,C00183,actinomycin D biosynthesis,NA
VAL,C00183,PWY-7708,InChIKey=KZSNJWFQEVHDMF-BYPYZUCNSA-N,L-Valine,C00183,lyngbyatoxin biosynthesis,NA
VAL,C00183,PWY-7706,InChIKey=KZSNJWFQEVHDMF-BYPYZUCNSA-N,L-Valine,C00183,dapdiamides biosynthesis,NA
VAL,C00183,PWY-7665,InChIKey=KZSNJWFQEVHDMF-BYPYZUCNSA-N,L-Valine,C00183,aureobasidin A biosynthesis,NA
VAL,C00183,PWY-7510,InChIKey=KZSNJWFQEVHDMF-BYPYZUCNSA-N,L-Valine,C00183,rhizocticin A and B biosynthesis,NA
VAL,C00183,PWY-6003,InChIKey=KZSNJWFQEVHDMF-BYPYZUCNSA-N,L-Valine,C00183,gramicidin S biosynthesis,NA
VAL,C00183,PWY-6219,InChIKey=KZSNJWFQEVHDMF-BYPYZUCNSA-N,L-Valine,C00183,indole-3-acetate inactivation VIII,NA
VAL,C00183,PWY-1782,InChIKey=KZSNJWFQEVHDMF-BYPYZUCNSA-N,L-Valine,C00183,superpathway of indole-3-acetate conjugate biosynthesis,NA
VAL,C00183,PWY-5788,InChIKey=KZSNJWFQEVHDMF-BYPYZUCNSA-N,L-Valine,C00183,indole-3-acetate inactivation V,NA
VAL,C00183,PWY-5629,InChIKey=KZSNJWFQEVHDMF-BYPYZUCNSA-N,L-Valine,C00183,isopenicillin N biosynthesis,NA
VAL,C00183,PWY-5634,InChIKey=KZSNJWFQEVHDMF-BYPYZUCNSA-N,L-Valine,C00183,"superpathway of penicillin, cephalosporin and cephamycin biosynthesis",NA
MALEATE,C01384,PWY-7469,InChIKey=VZCYOOQTPOCHFL-UPHRSURJSA-L,Maleic acid,C01384,gentisate degradation II,NA
MALEATE,C01384,PWY-6993,InChIKey=VZCYOOQTPOCHFL-UPHRSURJSA-L,Maleic acid,C01384,nicotine degradation II (pyrrolidine pathway),NA
MALEATE,C01384,PWY-7128,InChIKey=VZCYOOQTPOCHFL-UPHRSURJSA-L,Maleic acid,C01384,nicotine degradation III (VPP pathway),NA
MALEATE,C01384,PWY-8085,InChIKey=VZCYOOQTPOCHFL-UPHRSURJSA-L,Maleic acid,C01384,picolinate degradation,NA
MALEATE,C01384,PWY-722,InChIKey=VZCYOOQTPOCHFL-UPHRSURJSA-L,Maleic acid,C01384,nicotinate degradation I,NA
MALEATE,C01384,PWY-5033,InChIKey=VZCYOOQTPOCHFL-UPHRSURJSA-L,Maleic acid,C01384,nicotinate degradation II,NA
MALEATE,C01384,PWY-5062,InChIKey=VZCYOOQTPOCHFL-UPHRSURJSA-L,Maleic acid,C01384,superpathway of nicotinate degradation,NA
MALTOTETRAOSE,C02052,PWY-8317,InChIKey=LUEWUZLMQUOBSB-AYQJAVFRSA-N,Maltotetraose,C02052,cyclobis-(1&rarr;6)-&alpha;-nigerosyl biosynthesis,NA
MALTOTETRAOSE,C02052,GLYCOCAT-PWY,InChIKey=LUEWUZLMQUOBSB-AYQJAVFRSA-N,Maltotetraose,C02052,glycogen degradation I,NA
MALTOTRIOSE,C01835,PWY-8317,InChIKey=FYGDTMLNYKFZSV-DZOUCCHMSA-N,Maltotriose,C01835,cyclobis-(1&rarr;6)-&alpha;-nigerosyl biosynthesis,NA
MALTOTRIOSE,C01835,GLYCOCAT-PWY,InChIKey=FYGDTMLNYKFZSV-DZOUCCHMSA-N,Maltotriose,C01835,glycogen degradation I,NA
MALTOTRIOSE,C01835,PWY-6724,InChIKey=FYGDTMLNYKFZSV-DZOUCCHMSA-N,Maltotriose,C01835,starch degradation II,NA
N-ACETYL-D-MANNOSAMINE-6P,C04257,PWY-6138,InChIKey=BRGMHAYQAZFZDJ-ZTVVOAFPSA-L,D-Mannosamine,C04257,CMP-<i>N</i>-acetylneuraminate biosynthesis I (eukaryotes),NA
N-ACETYL-D-MANNOSAMINE-6P,C04257,PWY-6145,InChIKey=BRGMHAYQAZFZDJ-ZTVVOAFPSA-L,D-Mannosamine,C04257,superpathway of CMP-sialic acids biosynthesis,NA
N-ACETYL-D-MANNOSAMINE-6P,C04257,PWY0-1324,InChIKey=BRGMHAYQAZFZDJ-ZTVVOAFPSA-L,D-Mannosamine,C04257,<i>N</i>-acetylneuraminate and <i>N</i>-acetylmannosamine degradation I,NA
N-ACETYL-D-MANNOSAMINE-6P,C04257,P441-PWY,InChIKey=BRGMHAYQAZFZDJ-ZTVVOAFPSA-L,D-Mannosamine,C04257,superpathway of <i>N</i>-acetylneuraminate degradation,NA
N-ACETYL-D-MANNOSAMINE-6P,C04257,GLCMANNANAUT-PWY,InChIKey=BRGMHAYQAZFZDJ-ZTVVOAFPSA-L,D-Mannosamine,C04257,"superpathway of <i>N</i>-acetylneuraminate, <i>N</i>-acetylglucosamine, and <i>N</i>-acetylmannosamine degradation to &beta;-D-fructofuranose 6-phosphate",NA
CPD0-881,C16698,PWY0-1261,InChIKey=NMEMTQKUEVNSPV-MKFCKLDKSA-K,N-acetylmuramic acid 6-phosphate,C16698,peptidoglycan recycling I,NA
CPD0-881,C16698,PWY-7883,InChIKey=NMEMTQKUEVNSPV-MKFCKLDKSA-K,N-acetylmuramic acid 6-phosphate,C16698,peptidoglycan recycling II,NA
N-ALPHA-ACETYLORNITHINE,C00437,ARGSYNBSUB-PWY,InChIKey=JRLGPAXAGHMNOL-LURJTMIESA-N,N-acetylornithine,C00437,L-arginine biosynthesis II (acetyl cycle),NA
N-ALPHA-ACETYLORNITHINE,C00437,GLUTORN-PWY,InChIKey=JRLGPAXAGHMNOL-LURJTMIESA-N,N-acetylornithine,C00437,L-ornithine biosynthesis I,NA
N-ALPHA-ACETYLORNITHINE,C00437,ARGSYN-PWY,InChIKey=JRLGPAXAGHMNOL-LURJTMIESA-N,N-acetylornithine,C00437,L-arginine biosynthesis I (via L-ornithine),NA
N-ALPHA-ACETYLORNITHINE,C00437,ARG+POLYAMINE-SYN,InChIKey=JRLGPAXAGHMNOL-LURJTMIESA-N,N-acetylornithine,C00437,superpathway of arginine and polyamine biosynthesis (from L-glutamate),NA
N-ALPHA-ACETYLORNITHINE,C00437,PWY-5154,InChIKey=JRLGPAXAGHMNOL-LURJTMIESA-N,N-acetylornithine,C00437,L-arginine biosynthesis III (via <i>N</i>-acetyl-L-citrulline),NA
N-SUCCINYL-2-AMINO-6-KETOPIMELATE,C04462,DAPLYSINESYN-PWY,InChIKey=SDVXSCSNVVZWDD-LURJTMIESA-K,(2S)-2-(3-carboxypropanamido)-6-oxoheptanedioic acid,C04462,L-lysine biosynthesis I,NA
N-SUCCINYL-2-AMINO-6-KETOPIMELATE,C04462,P4-PWY,InChIKey=SDVXSCSNVVZWDD-LURJTMIESA-K,(2S)-2-(3-carboxypropanamido)-6-oxoheptanedioic acid,C04462,"superpathway of L-lysine, L-threonine and L-methionine biosynthesis I",NA
N-SUCCINYL-2-AMINO-6-KETOPIMELATE,C04462,PWY0-781,InChIKey=SDVXSCSNVVZWDD-LURJTMIESA-K,(2S)-2-(3-carboxypropanamido)-6-oxoheptanedioic acid,C04462,aspartate superpathway,NA
CPD-567,C02727,LYSDEGII-PWY,InChIKey=DTERQYGMUDWYAZ-ZETCQYMHSA-N,N6-Acetyl-L-lysine,C02727,L-lysine degradation III,NA
CPD-567,C02727,PWY-5327,InChIKey=DTERQYGMUDWYAZ-ZETCQYMHSA-N,N6-Acetyl-L-lysine,C02727,superpathway of L-lysine degradation,NA
NIACINE,C00253,PWY-7961,InChIKey=PVNIIMVLHYAWGP-UHFFFAOYSA-M,Nicotinic acid,C00253,phenyl adenosylcobamide biosynthesis from adenosylcobinamide-GDP,NA
NIACINE,C00253,P345-PWY,InChIKey=PVNIIMVLHYAWGP-UHFFFAOYSA-M,Nicotinic acid,C00253,aldoxime degradation,NA
NIACINE,C00253,PWY-7963,InChIKey=PVNIIMVLHYAWGP-UHFFFAOYSA-M,Nicotinic acid,C00253,4-methylphenyl adenosylcobamide biosynthesis from adenosylcobinamide-GDP,NA
NIACINE,C00253,PWY-7964,InChIKey=PVNIIMVLHYAWGP-UHFFFAOYSA-M,Nicotinic acid,C00253,pseudocobalamin biosynthesis from adenosylcobinamide-GDP,NA
NIACINE,C00253,PWY-7970,InChIKey=PVNIIMVLHYAWGP-UHFFFAOYSA-M,Nicotinic acid,C00253,benzimidazolyl adenosylcobamide biosynthesis from adenosylcobinamide-GDP,NA
NIACINE,C00253,PWY-7969,InChIKey=PVNIIMVLHYAWGP-UHFFFAOYSA-M,Nicotinic acid,C00253,5-hydroxybenzimidazolyl adenosylcobamide biosynthesis from adenosylcobinamide-GDP (anaerobic),NA
NIACINE,C00253,PWY-5507,InChIKey=PVNIIMVLHYAWGP-UHFFFAOYSA-M,Nicotinic acid,C00253,adenosylcobalamin biosynthesis I (anaerobic),NA
NIACINE,C00253,PWY-7967,InChIKey=PVNIIMVLHYAWGP-UHFFFAOYSA-M,Nicotinic acid,C00253,5-methoxybenzimidazolyl adenosylcobamide biosynthesis from adenosylcobinamide-GDP (anaerobic),NA
NIACINE,C00253,PWY-7966,InChIKey=PVNIIMVLHYAWGP-UHFFFAOYSA-M,Nicotinic acid,C00253,5-methoxy-6-methylbenzimidazolyl adenosylcobamide biosynthesis from adenosylcobinamide-GDP,NA
NIACINE,C00253,PWY-5509,InChIKey=PVNIIMVLHYAWGP-UHFFFAOYSA-M,Nicotinic acid,C00253,adenosylcobalamin biosynthesis from adenosylcobinamide-GDP I,NA
NIACINE,C00253,P381-PWY,InChIKey=PVNIIMVLHYAWGP-UHFFFAOYSA-M,Nicotinic acid,C00253,adenosylcobalamin biosynthesis II (aerobic),NA
NIACINE,C00253,PWY-6269,InChIKey=PVNIIMVLHYAWGP-UHFFFAOYSA-M,Nicotinic acid,C00253,superpathway of adenosylcobalamin salvage from cobinamide II,NA
NIACINE,C00253,COBALSYN-PWY,InChIKey=PVNIIMVLHYAWGP-UHFFFAOYSA-M,Nicotinic acid,C00253,superpathway of adenosylcobalamin salvage from cobinamide I,NA
NIACINE,C00253,PWY-7968,InChIKey=PVNIIMVLHYAWGP-UHFFFAOYSA-M,Nicotinic acid,C00253,5-methylbenzimidazolyl adenosylcobamide biosynthesis from adenosylcobinamide-GDP,NA
NIACINE,C00253,PWY-7965,InChIKey=PVNIIMVLHYAWGP-UHFFFAOYSA-M,Nicotinic acid,C00253,2-methyladeninyl adenosylcobamide biosynthesis from adenosylcobinamide-GDP,NA
NIACINE,C00253,PWY-722,InChIKey=PVNIIMVLHYAWGP-UHFFFAOYSA-M,Nicotinic acid,C00253,nicotinate degradation I,NA
NIACINE,C00253,PWY-5388,InChIKey=PVNIIMVLHYAWGP-UHFFFAOYSA-M,Nicotinic acid,C00253,N-glucosylnicotinate metabolism,NA
NIACINE,C00253,PWY-8511,InChIKey=PVNIIMVLHYAWGP-UHFFFAOYSA-M,Nicotinic acid,C00253,NAD biosynthesis from nicotinamide II (deamidated pathway),NA
NIACINE,C00253,PYRIDNUCSAL-PWY,InChIKey=PVNIIMVLHYAWGP-UHFFFAOYSA-M,Nicotinic acid,C00253,NAD salvage pathway I (PNC VI cycle),NA
NIACINE,C00253,PWY3O-4107,InChIKey=PVNIIMVLHYAWGP-UHFFFAOYSA-M,Nicotinic acid,C00253,NAD salvage pathway V (PNC V cycle),NA
NIACINE,C00253,PWY-3502,InChIKey=PVNIIMVLHYAWGP-UHFFFAOYSA-M,Nicotinic acid,C00253,superpathway of NAD biosynthesis in eukaryotes,NA
NIACINE,C00253,PWY-5316,InChIKey=PVNIIMVLHYAWGP-UHFFFAOYSA-M,Nicotinic acid,C00253,nicotine biosynthesis,NA
NIACINE,C00253,PWY-7342,InChIKey=PVNIIMVLHYAWGP-UHFFFAOYSA-M,Nicotinic acid,C00253,superpathway of nicotine biosynthesis,NA
NIACINE,C00253,PWY-5033,InChIKey=PVNIIMVLHYAWGP-UHFFFAOYSA-M,Nicotinic acid,C00253,nicotinate degradation II,NA
NIACINE,C00253,PWY-5381,InChIKey=PVNIIMVLHYAWGP-UHFFFAOYSA-M,Nicotinic acid,C00253,NAD salvage (plants),NA
NIACINE,C00253,PWY-5055,InChIKey=PVNIIMVLHYAWGP-UHFFFAOYSA-M,Nicotinic acid,C00253,nicotinate degradation III,NA
NIACINE,C00253,PWY-5062,InChIKey=PVNIIMVLHYAWGP-UHFFFAOYSA-M,Nicotinic acid,C00253,superpathway of nicotinate degradation,NA
NIACINE,C00253,PWY-5110,InChIKey=PVNIIMVLHYAWGP-UHFFFAOYSA-M,Nicotinic acid,C00253,trigonelline biosynthesis,NA
CPD-18427,C06080,PWY-7713,InChIKey=UKOTXHQERFPCBU-XLYGLCRNSA-N,Nivalenol,C06080,nivalenol biosynthesis,NA
CPD-18427,C06080,PWY-7715,InChIKey=UKOTXHQERFPCBU-XLYGLCRNSA-N,Nivalenol,C06080,superpathway of trichothecene biosynthesis,NA
CPD-9245,C08362,PWY-5366,InChIKey=SECPZKHBENQXJG-FPLPWBNLSA-M,Palmitoleic acid,C08362,palmitoleate biosynthesis II (plants and bacteria),NA
CPD-9245,C08362,PWY-6282,InChIKey=SECPZKHBENQXJG-FPLPWBNLSA-M,Palmitoleic acid,C08362,palmitoleate biosynthesis I (from (5Z)-dodec-5-enoate),NA
CPD-9245,C08362,PWY-6285,InChIKey=SECPZKHBENQXJG-FPLPWBNLSA-M,Palmitoleic acid,C08362,superpathway of fatty acids biosynthesis (<i>E. coli</i>),NA
CPD-9245,C08362,PWY-6284,InChIKey=SECPZKHBENQXJG-FPLPWBNLSA-M,Palmitoleic acid,C08362,superpathway of unsaturated fatty acids biosynthesis (<i>E. coli</i>),NA
CPD-9245,C08362,PWY3O-1801,InChIKey=SECPZKHBENQXJG-FPLPWBNLSA-M,Palmitoleic acid,C08362,palmitoleate biosynthesis IV (fungi and animals),NA
CPD-9245,C08362,PWY-5366,InChIKey=SECPZKHBENQXJG-FPLPWBNLSA-M,Palmitoleic Acid,C08362,palmitoleate biosynthesis II (plants and bacteria),NA
CPD-9245,C08362,PWY-6282,InChIKey=SECPZKHBENQXJG-FPLPWBNLSA-M,Palmitoleic Acid,C08362,palmitoleate biosynthesis I (from (5Z)-dodec-5-enoate),NA
CPD-9245,C08362,PWY-6285,InChIKey=SECPZKHBENQXJG-FPLPWBNLSA-M,Palmitoleic Acid,C08362,superpathway of fatty acids biosynthesis (<i>E. coli</i>),NA
CPD-9245,C08362,PWY-6284,InChIKey=SECPZKHBENQXJG-FPLPWBNLSA-M,Palmitoleic Acid,C08362,superpathway of unsaturated fatty acids biosynthesis (<i>E. coli</i>),NA
CPD-9245,C08362,PWY3O-1801,InChIKey=SECPZKHBENQXJG-FPLPWBNLSA-M,Palmitoleic Acid,C08362,palmitoleate biosynthesis IV (fungi and animals),NA
PHLORETIN,C00774,PWY-7897,InChIKey=VGEREEWJJVICBM-UHFFFAOYSA-N,Phloretin,C00774,flavonoid di-C-glucosylation,NA
PHLORETIN,C00774,PWY-6515,InChIKey=VGEREEWJJVICBM-UHFFFAOYSA-N,Phloretin,C00774,phloridzin biosynthesis,NA
CPD-10640,C07090,PWY-6107,InChIKey=RNYZJZKPGHQTJR-UHFFFAOYSA-N,Protoanemonin,C07090,chlorosalicylate degradation,NA
PYROGALLOL,C01108,PWY-8386,InChIKey=WQGWDDDVZFFDIG-UHFFFAOYSA-N,Pyrogallol,C01108,benzene degradation II (aerobic),NA
PYROGALLOL,C01108,P3-PWY,InChIKey=WQGWDDDVZFFDIG-UHFFFAOYSA-N,Pyrogallol,C01108,gallate degradation III (anaerobic),NA
PYROGALLOL,C01108,PWY-7009,InChIKey=WQGWDDDVZFFDIG-UHFFFAOYSA-N,Pyrogallol,C01108,"2,2'-dihydroxybiphenyl degradation",NA
CPD-1099,C00492,PWY-6527,InChIKey=MUPFEKGTMRGPLJ-ZQSKZDJDSA-N,D-(+)-Raffinose,C00492,stachyose degradation,NA
CPD-1099,C00492,PWY-5343,InChIKey=MUPFEKGTMRGPLJ-ZQSKZDJDSA-N,D-(+)-Raffinose,C00492,ajugose biosynthesis II (galactinol-independent),NA
CPD-1099,C00492,PWY-6525,InChIKey=MUPFEKGTMRGPLJ-ZQSKZDJDSA-N,D-(+)-Raffinose,C00492,stellariose and mediose biosynthesis,NA
CPD-1099,C00492,PWY-6524,InChIKey=MUPFEKGTMRGPLJ-ZQSKZDJDSA-N,D-(+)-Raffinose,C00492,lychnose and isolychnose biosynthesis,NA
CPD-1099,C00492,PWY-5337,InChIKey=MUPFEKGTMRGPLJ-ZQSKZDJDSA-N,D-(+)-Raffinose,C00492,stachyose biosynthesis,NA
CPD-1099,C00492,PWY-6527,InChIKey=MUPFEKGTMRGPLJ-ZQSKZDJDSA-N,D-Raffinose,C00492,stachyose degradation,NA
CPD-1099,C00492,PWY-5343,InChIKey=MUPFEKGTMRGPLJ-ZQSKZDJDSA-N,D-Raffinose,C00492,ajugose biosynthesis II (galactinol-independent),NA
CPD-1099,C00492,PWY-6525,InChIKey=MUPFEKGTMRGPLJ-ZQSKZDJDSA-N,D-Raffinose,C00492,stellariose and mediose biosynthesis,NA
CPD-1099,C00492,PWY-6524,InChIKey=MUPFEKGTMRGPLJ-ZQSKZDJDSA-N,D-Raffinose,C00492,lychnose and isolychnose biosynthesis,NA
CPD-1099,C00492,PWY-5337,InChIKey=MUPFEKGTMRGPLJ-ZQSKZDJDSA-N,D-Raffinose,C00492,stachyose biosynthesis,NA
CPD-1099,C00492,PWY-6527,InChIKey=MUPFEKGTMRGPLJ-ZQSKZDJDSA-N,melitose,C00492,stachyose degradation,NA
CPD-1099,C00492,PWY-5343,InChIKey=MUPFEKGTMRGPLJ-ZQSKZDJDSA-N,melitose,C00492,ajugose biosynthesis II (galactinol-independent),NA
CPD-1099,C00492,PWY-6525,InChIKey=MUPFEKGTMRGPLJ-ZQSKZDJDSA-N,melitose,C00492,stellariose and mediose biosynthesis,NA
CPD-1099,C00492,PWY-6524,InChIKey=MUPFEKGTMRGPLJ-ZQSKZDJDSA-N,melitose,C00492,lychnose and isolychnose biosynthesis,NA
CPD-1099,C00492,PWY-5337,InChIKey=MUPFEKGTMRGPLJ-ZQSKZDJDSA-N,melitose,C00492,stachyose biosynthesis,NA
CPD-12167,C10464,PWY-6425,InChIKey=JFVKWCYZKMUTLH-AYPBNUJASA-N,Rotenalone,C10464,rotenoid biosynthesis II,NA
SARCOSINE,C00213,PWY-7807,InChIKey=FSYKKLYZXJSNPZ-UHFFFAOYSA-N,Sarcosine,C00213,glyphosate degradation III,NA
SARCOSINE,C00213,PWY-8443,InChIKey=FSYKKLYZXJSNPZ-UHFFFAOYSA-N,Sarcosine,C00213,cyclosporin A biosynthesis,NA
SARCOSINE,C00213,PWY-8325,InChIKey=FSYKKLYZXJSNPZ-UHFFFAOYSA-N,Sarcosine,C00213,glycine betaine degradation III,NA
SARCOSINE,C00213,PWY-3661,InChIKey=FSYKKLYZXJSNPZ-UHFFFAOYSA-N,Sarcosine,C00213,glycine betaine degradation I,NA
SARCOSINE,C00213,CRNFORCAT-PWY,InChIKey=FSYKKLYZXJSNPZ-UHFFFAOYSA-N,Sarcosine,C00213,creatinine degradation I,NA
SARCOSINE,C00213,PWY-4722,InChIKey=FSYKKLYZXJSNPZ-UHFFFAOYSA-N,Sarcosine,C00213,creatinine degradation II,NA
SARCOSINE,C00213,PWY-3661-1,InChIKey=FSYKKLYZXJSNPZ-UHFFFAOYSA-N,Sarcosine,C00213,glycine betaine degradation II (mammalian),NA
SARCOSINE,C00213,P541-PWY,InChIKey=FSYKKLYZXJSNPZ-UHFFFAOYSA-N,Sarcosine,C00213,glycine betaine biosynthesis IV (from glycine),NA
CPD-14452,C09311,PWY-7058,InChIKey=GUAFOGOEJLSQBT-UHFFFAOYSA-N,Scoparone,C09311,esculetin modification,NA
SCOPOLETIN,C01752,PWY-7058,InChIKey=RODXRVNMMDRFIK-UHFFFAOYSA-N,7-hydroxy-6-methoxy-2H-chromen-2-one,C01752,esculetin modification,NA
SCOPOLETIN,C01752,PWY-6792,InChIKey=RODXRVNMMDRFIK-UHFFFAOYSA-N,7-hydroxy-6-methoxy-2H-chromen-2-one,C01752,scopoletin biosynthesis,NA
SCOPOLETIN,C01752,PWY-7186,InChIKey=RODXRVNMMDRFIK-UHFFFAOYSA-N,7-hydroxy-6-methoxy-2H-chromen-2-one,C01752,superpathway of scopolin and esculin biosynthesis,NA
SCOPOLETIN,C01752,PWY-7058,InChIKey=RODXRVNMMDRFIK-UHFFFAOYSA-N,Scopoletin,C01752,esculetin modification,NA
SCOPOLETIN,C01752,PWY-6792,InChIKey=RODXRVNMMDRFIK-UHFFFAOYSA-N,Scopoletin,C01752,scopoletin biosynthesis,NA
SCOPOLETIN,C01752,PWY-7186,InChIKey=RODXRVNMMDRFIK-UHFFFAOYSA-N,Scopoletin,C01752,superpathway of scopolin and esculin biosynthesis,NA
SINAPATE,C00482,PWY-2181,InChIKey=PCMORTLOPMLEFB-ONEGZZNKSA-M,Sinapic acid,C00482,free phenylpropanoid acid biosynthesis,NA
SINAPATE,C00482,PWY-5168,InChIKey=PCMORTLOPMLEFB-ONEGZZNKSA-M,Sinapic acid,C00482,ferulate and sinapate biosynthesis,NA
SINAPATE,C00482,PWY-7256,InChIKey=PCMORTLOPMLEFB-ONEGZZNKSA-M,Sinapic acid,C00482,cyanidin diglucoside biosynthesis (acyl-glucose dependent),NA
SINAPATE,C00482,PWY-7450,InChIKey=PCMORTLOPMLEFB-ONEGZZNKSA-M,Sinapic acid,C00482,anthocyanidin modification (<i>Arabidopsis</i>),NA
SINAPATE,C00482,PWY-3301,InChIKey=PCMORTLOPMLEFB-ONEGZZNKSA-M,Sinapic acid,C00482,sinapate ester biosynthesis,NA
SINAPATE,C00482,PWY-7461,InChIKey=PCMORTLOPMLEFB-ONEGZZNKSA-M,Sinapic acid,C00482,hydroxycinnamate sugar acid ester biosynthesis,NA
SUC,C00042,DAPLYSINESYN-PWY,InChIKey=KDYFGRWQOYBRFD-UHFFFAOYSA-L,Succinic acid,C00042,L-lysine biosynthesis I,NA
SUC,C00042,GLYOXYLATE-BYPASS,InChIKey=KDYFGRWQOYBRFD-UHFFFAOYSA-L,Succinic acid,C00042,glyoxylate cycle,NA
SUC,C00042,PWY-5747,InChIKey=KDYFGRWQOYBRFD-UHFFFAOYSA-L,Succinic acid,C00042,2-methylcitrate cycle II,NA
SUC,C00042,PWY0-42,InChIKey=KDYFGRWQOYBRFD-UHFFFAOYSA-L,Succinic acid,C00042,2-methylcitrate cycle I,NA
SUC,C00042,PWY0-981,InChIKey=KDYFGRWQOYBRFD-UHFFFAOYSA-L,Succinic acid,C00042,taurine degradation IV,NA
SUC,C00042,PWY-1541,InChIKey=KDYFGRWQOYBRFD-UHFFFAOYSA-L,Succinic acid,C00042,superpathway of taurine degradation,NA
SUC,C00042,PWY-142,InChIKey=KDYFGRWQOYBRFD-UHFFFAOYSA-L,Succinic acid,C00042,<i>m</i>-xylene degradation (anaerobic),NA
SUC,C00042,AST-PWY,InChIKey=KDYFGRWQOYBRFD-UHFFFAOYSA-L,Succinic acid,C00042,L-arginine degradation II (AST pathway),NA
SUC,C00042,PWY-5363,InChIKey=KDYFGRWQOYBRFD-UHFFFAOYSA-L,Succinic acid,C00042,chrysin biosynthesis,NA
SUC,C00042,PWY-6993,InChIKey=KDYFGRWQOYBRFD-UHFFFAOYSA-L,Succinic acid,C00042,nicotine degradation II (pyrrolidine pathway),NA
SUC,C00042,3-HYDROXYPHENYLACETATE-DEGRADATION-PWY,InChIKey=KDYFGRWQOYBRFD-UHFFFAOYSA-L,Succinic acid,C00042,4-hydroxyphenylacetate degradation,NA
SUC,C00042,P181-PWY,InChIKey=KDYFGRWQOYBRFD-UHFFFAOYSA-L,Succinic acid,C00042,nicotine degradation I (pyridine pathway),NA
SUC,C00042,PWY-6537,InChIKey=KDYFGRWQOYBRFD-UHFFFAOYSA-L,Succinic acid,C00042,4-aminobutanoate degradation II,NA
SUC,C00042,PWY-8346,InChIKey=KDYFGRWQOYBRFD-UHFFFAOYSA-L,Succinic acid,C00042,GABA shunt II,NA
SUC,C00042,PWY-3621,InChIKey=KDYFGRWQOYBRFD-UHFFFAOYSA-L,Succinic acid,C00042,&gamma;-butyrobetaine degradation II,NA
SUC,C00042,PWY-6100,InChIKey=KDYFGRWQOYBRFD-UHFFFAOYSA-L,Succinic acid,C00042,L-carnitine biosynthesis,NA
SUC,C00042,PWY-6950,InChIKey=KDYFGRWQOYBRFD-UHFFFAOYSA-L,Succinic acid,C00042,DIMBOA-glucoside biosynthesis,NA
SUC,C00042,HCAMHPDEG-PWY,InChIKey=KDYFGRWQOYBRFD-UHFFFAOYSA-L,Succinic acid,C00042,3-phenylpropanoate and 3-(3-hydroxyphenyl)propanoate degradation to 2-hydroxypentadienoate,NA
SUC,C00042,PWY0-1277,InChIKey=KDYFGRWQOYBRFD-UHFFFAOYSA-L,Succinic acid,C00042,3-phenylpropanoate and 3-(3-hydroxyphenyl)propanoate degradation,NA
SUC,C00042,PWY-7894,InChIKey=KDYFGRWQOYBRFD-UHFFFAOYSA-L,Succinic acid,C00042,procollagen hydroxylation and glycosylation,NA
SUC,C00042,PWY66-387,InChIKey=KDYFGRWQOYBRFD-UHFFFAOYSA-L,Succinic acid,C00042,3-methyl-branched fatty acid &alpha;-oxidation,NA
SUC,C00042,PWY-5679,InChIKey=KDYFGRWQOYBRFD-UHFFFAOYSA-L,Succinic acid,C00042,clavulanate biosynthesis,NA
SUC,C00042,PWY-5059,InChIKey=KDYFGRWQOYBRFD-UHFFFAOYSA-L,Succinic acid,C00042,pinobanksin biosynthesis,NA
SUC,C00042,PWY1F-823,InChIKey=KDYFGRWQOYBRFD-UHFFFAOYSA-L,Succinic acid,C00042,leucopelargonidin and leucocyanidin biosynthesis,NA
SUC,C00042,PWY-5925,InChIKey=KDYFGRWQOYBRFD-UHFFFAOYSA-L,Succinic acid,C00042,hydroxylated mugineic acid phytosiderophore biosynthesis,NA
SUC,C00042,PWY-5270,InChIKey=KDYFGRWQOYBRFD-UHFFFAOYSA-L,Succinic acid,C00042,morphine biosynthesis,NA
SUC,C00042,PWY-7151,InChIKey=KDYFGRWQOYBRFD-UHFFFAOYSA-L,Succinic acid,C00042,polymethylated quercetin glucoside biosynthesis II - quercetagetin series (Chrysosplenium),NA
SUC,C00042,PWY-7150,InChIKey=KDYFGRWQOYBRFD-UHFFFAOYSA-L,Succinic acid,C00042,polymethylated quercetin glucoside biosynthesis I - quercetin series (Chrysosplenium),NA
SUC,C00042,PWY-7149,InChIKey=KDYFGRWQOYBRFD-UHFFFAOYSA-L,Succinic acid,C00042,superpathway of polymethylated quercetin/quercetagetin glucoside biosynthesis (Chrysosplenium),NA
SUC,C00042,PWY-7186,InChIKey=KDYFGRWQOYBRFD-UHFFFAOYSA-L,Succinic acid,C00042,superpathway of scopolin and esculin biosynthesis,NA
SUC,C00042,PWY-7232,InChIKey=KDYFGRWQOYBRFD-UHFFFAOYSA-L,Succinic acid,C00042,gibberellin biosynthesis V,NA
SUC,C00042,PWY-7274,InChIKey=KDYFGRWQOYBRFD-UHFFFAOYSA-L,Succinic acid,C00042,D-cycloserine biosynthesis,NA
SUC,C00042,PWY-5737,InChIKey=KDYFGRWQOYBRFD-UHFFFAOYSA-L,Succinic acid,C00042,(5<i>R</i>)-carbapenem carboxylate biosynthesis,NA
SUC,C00042,PWY-7298,InChIKey=KDYFGRWQOYBRFD-UHFFFAOYSA-L,Succinic acid,C00042,nevadensin biosynthesis,NA
SUC,C00042,PWY-5390,InChIKey=KDYFGRWQOYBRFD-UHFFFAOYSA-L,Succinic acid,C00042,rutin biosynthesis,NA
SUC,C00042,PWY1F-FLAVSYN,InChIKey=KDYFGRWQOYBRFD-UHFFFAOYSA-L,Succinic acid,C00042,flavonoid biosynthesis,NA
SUC,C00042,PWY-3101,InChIKey=KDYFGRWQOYBRFD-UHFFFAOYSA-L,Succinic acid,C00042,flavonol biosynthesis,NA
SUC,C00042,PWY-5391,InChIKey=KDYFGRWQOYBRFD-UHFFFAOYSA-L,Succinic acid,C00042,syringetin biosynthesis,NA
SUC,C00042,PWY-6266,InChIKey=KDYFGRWQOYBRFD-UHFFFAOYSA-L,Succinic acid,C00042,superpathway of flavones and derivatives biosynthesis,NA
SUC,C00042,PWY-7000,InChIKey=KDYFGRWQOYBRFD-UHFFFAOYSA-L,Succinic acid,C00042,kanamycin biosynthesis,NA
SUC,C00042,PWY-5743,InChIKey=KDYFGRWQOYBRFD-UHFFFAOYSA-L,Succinic acid,C00042,3-hydroxypropanoate cycle,NA
SUC,C00042,PWY-7024,InChIKey=KDYFGRWQOYBRFD-UHFFFAOYSA-L,Succinic acid,C00042,superpathway of the 3-hydroxypropanoate cycle,NA
SUC,C00042,PWY-2083,InChIKey=KDYFGRWQOYBRFD-UHFFFAOYSA-L,Succinic acid,C00042,isoflavonoid biosynthesis II,NA
SUC,C00042,PWY-3097,InChIKey=KDYFGRWQOYBRFD-UHFFFAOYSA-L,Succinic acid,C00042,superpathway of isoflavonoids (via naringenin),NA
SUC,C00042,PWY-5060,InChIKey=KDYFGRWQOYBRFD-UHFFFAOYSA-L,Succinic acid,C00042,luteolin biosynthesis,NA
SUC,C00042,PWY-6787,InChIKey=KDYFGRWQOYBRFD-UHFFFAOYSA-L,Succinic acid,C00042,flavonoid biosynthesis (in equisetum),NA
SUC,C00042,PWY-7419,InChIKey=KDYFGRWQOYBRFD-UHFFFAOYSA-L,Succinic acid,C00042,FR-900098 and FR-33289 antibiotics biosynthesis,NA
SUC,C00042,PWY-7790,InChIKey=KDYFGRWQOYBRFD-UHFFFAOYSA-L,Succinic acid,C00042,UMP biosynthesis II,NA
SUC,C00042,PWY-7447,InChIKey=KDYFGRWQOYBRFD-UHFFFAOYSA-L,Succinic acid,C00042,2-aminoethylphosphonate degradation III,NA
SUC,C00042,PWY-5749,InChIKey=KDYFGRWQOYBRFD-UHFFFAOYSA-L,Succinic acid,C00042,itaconate degradation,NA
SUC,C00042,PWY-7517,InChIKey=KDYFGRWQOYBRFD-UHFFFAOYSA-L,Succinic acid,C00042,brassicicene C biosynthesis,NA
SUC,C00042,PWY-7582,InChIKey=KDYFGRWQOYBRFD-UHFFFAOYSA-L,Succinic acid,C00042,mercaptosuccinate degradation,NA
SUC,C00042,PWY-6536,InChIKey=KDYFGRWQOYBRFD-UHFFFAOYSA-L,Succinic acid,C00042,4-aminobutanoate degradation III,NA
SUC,C00042,PWY-7648,InChIKey=KDYFGRWQOYBRFD-UHFFFAOYSA-L,Succinic acid,C00042,3-hydroxy-4-methyl-proline biosynthesis,NA
SUC,C00042,PWY-7649,InChIKey=KDYFGRWQOYBRFD-UHFFFAOYSA-L,Succinic acid,C00042,3-hydroxy-<i>L</i>-homotyrosine biosynthesis,NA
SUC,C00042,PWY-5349,InChIKey=KDYFGRWQOYBRFD-UHFFFAOYSA-L,Succinic acid,C00042,esculetin biosynthesis,NA
SUC,C00042,PWY-7693,InChIKey=KDYFGRWQOYBRFD-UHFFFAOYSA-L,Succinic acid,C00042,guadinomine B biosynthesis,NA
SUC,C00042,PWY-7706,InChIKey=KDYFGRWQOYBRFD-UHFFFAOYSA-L,Succinic acid,C00042,dapdiamides biosynthesis,NA
SUC,C00042,PWY-5818,InChIKey=KDYFGRWQOYBRFD-UHFFFAOYSA-L,Succinic acid,C00042,validamycin biosynthesis,NA
SUC,C00042,PWY-5152,InChIKey=KDYFGRWQOYBRFD-UHFFFAOYSA-L,Succinic acid,C00042,leucodelphinidin biosynthesis,NA
SUC,C00042,PWY-7267,InChIKey=KDYFGRWQOYBRFD-UHFFFAOYSA-L,Succinic acid,C00042,anthocyanin biosynthesis (pelargonidin 3-<i>O</i>-glucoside),NA
SUC,C00042,PWY66-368,InChIKey=KDYFGRWQOYBRFD-UHFFFAOYSA-L,Succinic acid,C00042,ketolysis,NA
SUC,C00042,PWY-2361,InChIKey=KDYFGRWQOYBRFD-UHFFFAOYSA-L,Succinic acid,C00042,3-oxoadipate degradation,NA
SUC,C00042,PWY-5183,InChIKey=KDYFGRWQOYBRFD-UHFFFAOYSA-L,Succinic acid,C00042,superpathway of aerobic toluene degradation,NA
SUC,C00042,PWY-5417,InChIKey=KDYFGRWQOYBRFD-UHFFFAOYSA-L,Succinic acid,C00042,catechol degradation III (ortho-cleavage pathway),NA
SUC,C00042,PWY-6182,InChIKey=KDYFGRWQOYBRFD-UHFFFAOYSA-L,Succinic acid,C00042,superpathway of salicylate degradation,NA
SUC,C00042,PWY-5431,InChIKey=KDYFGRWQOYBRFD-UHFFFAOYSA-L,Succinic acid,C00042,aromatic compounds degradation via 3-oxoadipate,NA
SUC,C00042,PWY-5181,InChIKey=KDYFGRWQOYBRFD-UHFFFAOYSA-L,Succinic acid,C00042,toluene degradation III (aerobic) (via <i>p</i>-cresol),NA
SUC,C00042,PWY-2504,InChIKey=KDYFGRWQOYBRFD-UHFFFAOYSA-L,Succinic acid,C00042,superpathway of aromatic compound degradation (via 3-oxoadipate),NA
SUC,C00042,PWY-6957,InChIKey=KDYFGRWQOYBRFD-UHFFFAOYSA-L,Succinic acid,C00042,mandelate degradation to acetyl-CoA,NA
SUC,C00042,PWY-6185,InChIKey=KDYFGRWQOYBRFD-UHFFFAOYSA-L,Succinic acid,C00042,4-methylcatechol degradation (<i>ortho</i> cleavage),NA
SUC,C00042,PWY-6696,InChIKey=KDYFGRWQOYBRFD-UHFFFAOYSA-L,Succinic acid,C00042,oxalate degradation III,NA
SUC,C00042,PWY-6695,InChIKey=KDYFGRWQOYBRFD-UHFFFAOYSA-L,Succinic acid,C00042,oxalate degradation II,NA
SUC,C00042,PWY-6328,InChIKey=KDYFGRWQOYBRFD-UHFFFAOYSA-L,Succinic acid,C00042,L-lysine degradation X,NA
SUC,C00042,PWY-5280,InChIKey=KDYFGRWQOYBRFD-UHFFFAOYSA-L,Succinic acid,C00042,L-lysine degradation IV,NA
SUC,C00042,PWY-81,InChIKey=KDYFGRWQOYBRFD-UHFFFAOYSA-L,Succinic acid,C00042,toluene degradation to benzoyl-CoA (anaerobic),NA
SUC,C00042,BENZCOA-PWY,InChIKey=KDYFGRWQOYBRFD-UHFFFAOYSA-L,Succinic acid,C00042,anaerobic aromatic compound degradation (<i>Thauera aromatica</i>),NA
SUC,C00042,PWY-5184,InChIKey=KDYFGRWQOYBRFD-UHFFFAOYSA-L,Succinic acid,C00042,toluene degradation VI (anaerobic),NA
SUC,C00042,PWY-5677,InChIKey=KDYFGRWQOYBRFD-UHFFFAOYSA-L,Succinic acid,C00042,succinate fermentation to butanoate,NA
SUC,C00042,PWY-5536,InChIKey=KDYFGRWQOYBRFD-UHFFFAOYSA-L,Succinic acid,C00042,acetate formation from acetyl-CoA (succinate),NA
SUC,C00042,PWY-804,InChIKey=KDYFGRWQOYBRFD-UHFFFAOYSA-L,Succinic acid,C00042,glycolate degradation II,NA
SUC,C00042,PWY-5292,InChIKey=KDYFGRWQOYBRFD-UHFFFAOYSA-L,Succinic acid,C00042,"vindoline, vindorosine and vinblastine biosynthesis",NA
SUC,C00042,PWY-7898,InChIKey=KDYFGRWQOYBRFD-UHFFFAOYSA-L,Succinic acid,C00042,"4,4'-disulfanediyldibutanoate degradation",NA
SUC,C00042,HOMOSER-METSYN-PWY,InChIKey=KDYFGRWQOYBRFD-UHFFFAOYSA-L,Succinic acid,C00042,L-methionine biosynthesis I,NA
SUC,C00042,P4-PWY,InChIKey=KDYFGRWQOYBRFD-UHFFFAOYSA-L,Succinic acid,C00042,"superpathway of L-lysine, L-threonine and L-methionine biosynthesis I",NA
SUC,C00042,PWY-5347,InChIKey=KDYFGRWQOYBRFD-UHFFFAOYSA-L,Succinic acid,C00042,superpathway of L-methionine biosynthesis (transsulfuration),NA
SUC,C00042,MET-SAM-PWY,InChIKey=KDYFGRWQOYBRFD-UHFFFAOYSA-L,Succinic acid,C00042,superpathway of <i>S</i>-adenosyl-L-methionine biosynthesis from L-aspartate,NA
SUC,C00042,PWY0-781,InChIKey=KDYFGRWQOYBRFD-UHFFFAOYSA-L,Succinic acid,C00042,aspartate superpathway,NA
SUC,C00042,PWY-801,InChIKey=KDYFGRWQOYBRFD-UHFFFAOYSA-L,Succinic acid,C00042,homocysteine and cysteine interconversion,NA
SUC,C00042,PWY-821,InChIKey=KDYFGRWQOYBRFD-UHFFFAOYSA-L,Succinic acid,C00042,superpathway of sulfur amino acid biosynthesis (<i>Saccharomyces cerevisiae</i>),NA
SUC,C00042,PWY-6293,InChIKey=KDYFGRWQOYBRFD-UHFFFAOYSA-L,Succinic acid,C00042,superpathway of L-cysteine biosynthesis (fungi),NA
SUC,C00042,PWY-7955,InChIKey=KDYFGRWQOYBRFD-UHFFFAOYSA-L,Succinic acid,C00042,paerucumarin biosynthesis,NA
SUC,C00042,PWY-5070,InChIKey=KDYFGRWQOYBRFD-UHFFFAOYSA-L,Succinic acid,C00042,"gibberellin biosynthesis I (non C-3, non C-13 hydroxylation)",NA
SUC,C00042,PWY-5036,InChIKey=KDYFGRWQOYBRFD-UHFFFAOYSA-L,Succinic acid,C00042,gibberellin biosynthesis II (early C-3 hydroxylation),NA
SUC,C00042,PWY-5035,InChIKey=KDYFGRWQOYBRFD-UHFFFAOYSA-L,Succinic acid,C00042,gibberellin biosynthesis III (early C-13 hydroxylation),NA
SUC,C00042,PWY-5052,InChIKey=KDYFGRWQOYBRFD-UHFFFAOYSA-L,Succinic acid,C00042,superpathway of gibberellin biosynthesis,NA
SUC,C00042,PWY-6919,InChIKey=KDYFGRWQOYBRFD-UHFFFAOYSA-L,Succinic acid,C00042,neopentalenoketolactone and pentalenate biosynthesis,NA
SUC,C00042,PWY-6915,InChIKey=KDYFGRWQOYBRFD-UHFFFAOYSA-L,Succinic acid,C00042,pentalenolactone biosynthesis,NA
SUC,C00042,PWY-7252,InChIKey=KDYFGRWQOYBRFD-UHFFFAOYSA-L,Succinic acid,C00042,luteolinidin 5-<i>O</i>-glucoside biosynthesis,NA
SUC,C00042,PWY-5631,InChIKey=KDYFGRWQOYBRFD-UHFFFAOYSA-L,Succinic acid,C00042,deacetylcephalosporin C biosynthesis,NA
SUC,C00042,PWY-5634,InChIKey=KDYFGRWQOYBRFD-UHFFFAOYSA-L,Succinic acid,C00042,"superpathway of penicillin, cephalosporin and cephamycin biosynthesis",NA
SUC,C00042,PWY-7253,InChIKey=KDYFGRWQOYBRFD-UHFFFAOYSA-L,Succinic acid,C00042,apigeninidin 5-<i>O</i>-glucoside biosynthesis,NA
SUC,C00042,PWY-6659,InChIKey=KDYFGRWQOYBRFD-UHFFFAOYSA-L,Succinic acid,C00042,fusicoccin A biosynthesis,NA
SUC,C00042,PWY-7687,InChIKey=KDYFGRWQOYBRFD-UHFFFAOYSA-L,Succinic acid,C00042,stipitatate biosynthesis,NA
SUC,C00042,PWY-7957,InChIKey=KDYFGRWQOYBRFD-UHFFFAOYSA-L,Succinic acid,C00042,hapalindole H biosynthesis,NA
SUC,C00042,PWY-7959,InChIKey=KDYFGRWQOYBRFD-UHFFFAOYSA-L,Succinic acid,C00042,12-<i>epi</i>-hapalindole biosynthesis,NA
SUC,C00042,PWY-7956,InChIKey=KDYFGRWQOYBRFD-UHFFFAOYSA-L,Succinic acid,C00042,3-[(<i>E</i>)-2-isocyanoethenyl]-1<i>H</i>-indole biosynthesis,NA
SUC,C00042,PWY-7958,InChIKey=KDYFGRWQOYBRFD-UHFFFAOYSA-L,Succinic acid,C00042,12-<i>epi</i>-fischerindole biosynthesis,NA
SUC,C00042,PWY-7960,InChIKey=KDYFGRWQOYBRFD-UHFFFAOYSA-L,Succinic acid,C00042,rhabduscin biosynthesis,NA
SUC,C00042,PWY-6473,InChIKey=KDYFGRWQOYBRFD-UHFFFAOYSA-L,Succinic acid,C00042,4-aminobutanoate degradation IV,NA
SUC,C00042,PWY-7978,InChIKey=KDYFGRWQOYBRFD-UHFFFAOYSA-L,Succinic acid,C00042,<i>N</i>-methylpyrrolidone degradation,NA
SUC,C00042,PWY-6535,InChIKey=KDYFGRWQOYBRFD-UHFFFAOYSA-L,Succinic acid,C00042,4-aminobutanoate degradation I,NA
SUC,C00042,ORNARGDEG-PWY,InChIKey=KDYFGRWQOYBRFD-UHFFFAOYSA-L,Succinic acid,C00042,superpathway of L-arginine and L-ornithine degradation,NA
SUC,C00042,ARGDEG-PWY,InChIKey=KDYFGRWQOYBRFD-UHFFFAOYSA-L,Succinic acid,C00042,"superpathway of L-arginine, putrescine, and 4-aminobutanoate degradation",NA
SUC,C00042,4AMINOBUTMETAB-PWY,InChIKey=KDYFGRWQOYBRFD-UHFFFAOYSA-L,Succinic acid,C00042,superpathway of 4-aminobutanoate degradation to succinate,NA
SUC,C00042,GLUDEG-I-PWY,InChIKey=KDYFGRWQOYBRFD-UHFFFAOYSA-L,Succinic acid,C00042,GABA shunt I,NA
SUC,C00042,PWY-7749,InChIKey=KDYFGRWQOYBRFD-UHFFFAOYSA-L,Succinic acid,C00042,(-)-4'-demethyl-epipodophyllotoxin biosynthesis,NA
SUC,C00042,PWY-5479,InChIKey=KDYFGRWQOYBRFD-UHFFFAOYSA-L,Succinic acid,C00042,6-methoxypodophyllotoxin biosynthesis,NA
SUC,C00042,PWY-8294,InChIKey=KDYFGRWQOYBRFD-UHFFFAOYSA-L,Succinic acid,C00042,L-aspartate degradation III (anaerobic),NA
SUC,C00042,PWY-8483,InChIKey=KDYFGRWQOYBRFD-UHFFFAOYSA-L,Succinic acid,C00042,ambiguine A biosynthesis,NA
SUC,C00042,PWY-6792,InChIKey=KDYFGRWQOYBRFD-UHFFFAOYSA-L,Succinic acid,C00042,scopoletin biosynthesis,NA
SUC,C00042,PWY-6982,InChIKey=KDYFGRWQOYBRFD-UHFFFAOYSA-L,Succinic acid,C00042,umbelliferone biosynthesis,NA
SUC,C00042,PWY0-461,InChIKey=KDYFGRWQOYBRFD-UHFFFAOYSA-L,Succinic acid,C00042,L-lysine degradation I,NA
SUC,C00042,PWY-5327,InChIKey=KDYFGRWQOYBRFD-UHFFFAOYSA-L,Succinic acid,C00042,superpathway of L-lysine degradation,NA
SUC,C00042,PWY1G01-4,InChIKey=KDYFGRWQOYBRFD-UHFFFAOYSA-L,Succinic acid,C00042,glutarate degradation,NA
SUC,C00042,PWY-5125,InChIKey=KDYFGRWQOYBRFD-UHFFFAOYSA-L,Succinic acid,C00042,anthocyanin biosynthesis,NA
SUC,C00042,PWY-641,InChIKey=KDYFGRWQOYBRFD-UHFFFAOYSA-L,Succinic acid,C00042,proanthocyanidins biosynthesis from flavanols,NA
SUC,C00042,PWY-8045,InChIKey=KDYFGRWQOYBRFD-UHFFFAOYSA-L,Succinic acid,C00042,cylindrospermopsin biosynthesis,NA
SUC,C00042,PWY18C3-3,InChIKey=KDYFGRWQOYBRFD-UHFFFAOYSA-L,Succinic acid,C00042,&alpha;-tomatine biosynthesis,NA
SUC,C00042,PWY18C3-2,InChIKey=KDYFGRWQOYBRFD-UHFFFAOYSA-L,Succinic acid,C00042,solasodine and soladulcidine biosynthesis,NA
SUC,C00042,PWY18C3-6,InChIKey=KDYFGRWQOYBRFD-UHFFFAOYSA-L,Succinic acid,C00042,superpathway of glycoalkaloid metabolism (Solanaceae),NA
SUC,C00042,PWY-8066,InChIKey=KDYFGRWQOYBRFD-UHFFFAOYSA-L,Succinic acid,C00042,methylphosphonate degradation III,NA
SUC,C00042,PWY-8075,InChIKey=KDYFGRWQOYBRFD-UHFFFAOYSA-L,Succinic acid,C00042,(Kdo)<sub>2</sub>-lipid A biosynthesis (<i>P. putida</i>),NA
SUC,C00042,PWY-5317,InChIKey=KDYFGRWQOYBRFD-UHFFFAOYSA-L,Succinic acid,C00042,tropane alkaloids biosynthesis,NA
SUC,C00042,PWY-7341,InChIKey=KDYFGRWQOYBRFD-UHFFFAOYSA-L,Succinic acid,C00042,superpathway of hyoscyamine (atropine) and scopolamine biosynthesis,NA
SUC,C00042,PWY-8083,InChIKey=KDYFGRWQOYBRFD-UHFFFAOYSA-L,Succinic acid,C00042,domoic acid biosynthesis,NA
SUC,C00042,PWY-8080,InChIKey=KDYFGRWQOYBRFD-UHFFFAOYSA-L,Succinic acid,C00042,kainate biosynthesis,NA
SUC,C00042,PWY-8076,InChIKey=KDYFGRWQOYBRFD-UHFFFAOYSA-L,Succinic acid,C00042,8-<i>O</i>-methylated benzoxazinoid glucoside biosynthesis,NA
SUC,C00042,PWY-4161,InChIKey=KDYFGRWQOYBRFD-UHFFFAOYSA-L,Succinic acid,C00042,superpathway of benzoxazinoid glucosides biosynthesis (from 1-(indol-3-yl)glycerol 3-phosphate),NA
SUC,C00042,PWY-6682,InChIKey=KDYFGRWQOYBRFD-UHFFFAOYSA-L,Succinic acid,C00042,dehydrophos biosynthesis,NA
SUC,C00042,PWY-8124,InChIKey=KDYFGRWQOYBRFD-UHFFFAOYSA-L,Succinic acid,C00042,(2-trimethylamino)ethylphosphonate degradation,NA
SUC,C00042,PWY-7599,InChIKey=KDYFGRWQOYBRFD-UHFFFAOYSA-L,Succinic acid,C00042,anditomin biosynthesis,NA
SUC,C00042,PWY-7526,InChIKey=KDYFGRWQOYBRFD-UHFFFAOYSA-L,Succinic acid,C00042,fumitremorgin A biosynthesis,NA
SUC,C00042,PWY-7537,InChIKey=KDYFGRWQOYBRFD-UHFFFAOYSA-L,Succinic acid,C00042,superpathway of fumitremorgin biosynthesis,NA
SUC,C00042,PWY-8158,InChIKey=KDYFGRWQOYBRFD-UHFFFAOYSA-L,Succinic acid,C00042,ibotenate and muscimol biosynthesis,NA
SUC,C00042,PWY-8179,InChIKey=KDYFGRWQOYBRFD-UHFFFAOYSA-L,Succinic acid,C00042,platensimycin biosynthesis,NA
SUC,C00042,PWY-8320,InChIKey=KDYFGRWQOYBRFD-UHFFFAOYSA-L,Succinic acid,C00042,(3<i>R</i>)-N-[(2<i>S</i>)-1-hydroxy-6-[(3<i>R</i>)-3-isocyanobutanamido]hexan-2-yl]-3-isocyanobutanamide biosynthesis,NA
SUC,C00042,PWY-8277,InChIKey=KDYFGRWQOYBRFD-UHFFFAOYSA-L,Succinic acid,C00042,NAD <i>de novo</i> biosynthesis IV (anaerobic),NA
SUC,C00042,PWY-8358,InChIKey=KDYFGRWQOYBRFD-UHFFFAOYSA-L,Succinic acid,C00042,curacin A biosynthesis,NA
SUC,C00042,PWY-8360,InChIKey=KDYFGRWQOYBRFD-UHFFFAOYSA-L,Succinic acid,C00042,hectochlorin biosynthesis,NA
SUC,C00042,PWY-8367,InChIKey=KDYFGRWQOYBRFD-UHFFFAOYSA-L,Succinic acid,C00042,hygromycin B biosynthesis,NA
SUC,C00042,PWY-8381,InChIKey=KDYFGRWQOYBRFD-UHFFFAOYSA-L,Succinic acid,C00042,sulfazecin biosynthesis,NA
SUC,C00042,PWY2O6K-7,InChIKey=KDYFGRWQOYBRFD-UHFFFAOYSA-L,Succinic acid,C00042,succinate to cytochrome <i>aa<sub>3</sub></i> oxidase electron transfer,NA
SUC,C00042,FERMENTATION-PWY,InChIKey=KDYFGRWQOYBRFD-UHFFFAOYSA-L,Succinic acid,C00042,mixed acid fermentation,NA
SUC,C00042,PWY0-1576,InChIKey=KDYFGRWQOYBRFD-UHFFFAOYSA-L,Succinic acid,C00042,hydrogen to fumarate electron transfer,NA
SUC,C00042,PWY0-1582,InChIKey=KDYFGRWQOYBRFD-UHFFFAOYSA-L,Succinic acid,C00042,glycerol-3-phosphate to fumarate electron transfer,NA
SUC,C00042,PWY0-1336,InChIKey=KDYFGRWQOYBRFD-UHFFFAOYSA-L,Succinic acid,C00042,NADH to fumarate electron transfer,NA
SUC,C00042,REDCITCYC,InChIKey=KDYFGRWQOYBRFD-UHFFFAOYSA-L,Succinic acid,C00042,TCA cycle VI (Helicobacter),NA
SUC,C00042,PWY-7705,InChIKey=KDYFGRWQOYBRFD-UHFFFAOYSA-L,Succinic acid,C00042,quinolinone B biosynthesis,NA
SUC,C00042,PWY-7704,InChIKey=KDYFGRWQOYBRFD-UHFFFAOYSA-L,Succinic acid,C00042,viridicatin biosynthesis,NA
SUC,C00042,PWY-8407,InChIKey=KDYFGRWQOYBRFD-UHFFFAOYSA-L,Succinic acid,C00042,fumagillin biosynthesis,NA
SUC,C00042,PWY-102,InChIKey=KDYFGRWQOYBRFD-UHFFFAOYSA-L,Succinic acid,C00042,gibberellin inactivation I (2&beta;-hydroxylation),NA
SUC,C00042,PWY-8464,InChIKey=KDYFGRWQOYBRFD-UHFFFAOYSA-L,Succinic acid,C00042,sphingofungin B-D biosynthesis,NA
SUC,C00042,PWY-6495,InChIKey=KDYFGRWQOYBRFD-UHFFFAOYSA-L,Succinic acid,C00042,ergotamine biosynthesis,NA
SUC,C00042,PWY-6503,InChIKey=KDYFGRWQOYBRFD-UHFFFAOYSA-L,Succinic acid,C00042,superpathway of ergotamine biosynthesis,NA
SUC,C00042,PWY-6853,InChIKey=KDYFGRWQOYBRFD-UHFFFAOYSA-L,Succinic acid,C00042,ethene biosynthesis II (microbes),NA
SUC,C00042,PWY-8481,InChIKey=KDYFGRWQOYBRFD-UHFFFAOYSA-L,Succinic acid,C00042,thienamycin biosynthesis,NA
SUC,C00042,PWY-8482,InChIKey=KDYFGRWQOYBRFD-UHFFFAOYSA-L,Succinic acid,C00042,MM 4550 biosynthesis,NA
SUC,C00042,PWY-8485,InChIKey=KDYFGRWQOYBRFD-UHFFFAOYSA-L,Succinic acid,C00042,cyclohexane-1-carboxylate degradation II (anaerobic),NA
SUC,C00042,PWY-5153,InChIKey=KDYFGRWQOYBRFD-UHFFFAOYSA-L,Succinic acid,C00042,anthocyanin biosynthesis (delphinidin 3-O-glucoside),NA
SUC,C00042,PWY-8523,InChIKey=KDYFGRWQOYBRFD-UHFFFAOYSA-L,Succinic acid,C00042,"altemicidin, SB-203207, and SB-203208 biosynthesis",NA
SUC,C00042,PWY-7025,InChIKey=KDYFGRWQOYBRFD-UHFFFAOYSA-L,Succinic acid,C00042,gentamicin biosynthesis,NA
SUC,C00042,PWY-5660,InChIKey=KDYFGRWQOYBRFD-UHFFFAOYSA-L,Succinic acid,C00042,paclitaxel biosynthesis,NA
SUC,C00042,PWY-6085,InChIKey=KDYFGRWQOYBRFD-UHFFFAOYSA-L,Succinic acid,C00042,"2,4-dichlorophenoxyacetate degradation",NA
SUC,C00042,PWY-6086,InChIKey=KDYFGRWQOYBRFD-UHFFFAOYSA-L,Succinic acid,C00042,4-chloro-2-methylphenoxyacetate degradation,NA
SUC,C00042,PWY-8552,InChIKey=KDYFGRWQOYBRFD-UHFFFAOYSA-L,Succinic acid,C00042,fumarate reduction (Shewanella),NA
SUC,C00042,PWY2PN3-2,InChIKey=KDYFGRWQOYBRFD-UHFFFAOYSA-L,Succinic acid,C00042,succinate to cytochrome <i>bd</i> quinol oxidase (cytoplasmic membrane),NA
SUC,C00042,PWY1YI0-8,InChIKey=KDYFGRWQOYBRFD-UHFFFAOYSA-L,Succinic acid,C00042,"succinate to cytochrome <i>bo</i> quinol oxidase (cyanobacteria, cytoplamic membrane)",NA
SUC,C00042,PWY-5913,InChIKey=KDYFGRWQOYBRFD-UHFFFAOYSA-L,Succinic acid,C00042,partial TCA cycle (obligate autotrophs),NA
SUC,C00042,PWY1YI0-3,InChIKey=KDYFGRWQOYBRFD-UHFFFAOYSA-L,Succinic acid,C00042,succinate to cytochrome <i>c</i> oxidase via plastocyanin (thylakoid membrane),NA
SUC,C00042,PWY1YI0-2,InChIKey=KDYFGRWQOYBRFD-UHFFFAOYSA-L,Succinic acid,C00042,succinate to chytochrome <i>c</i> oxidase via cytochrome <i>c</i><sub>6</sub> (thylakoid membrane),NA
SUC,C00042,PWY-8086,InChIKey=KDYFGRWQOYBRFD-UHFFFAOYSA-L,Succinic acid,C00042,"(<i>S</i>)-lactate fermentation to propanoate, acetate and hydrogen",NA
SUC,C00042,P108-PWY,InChIKey=KDYFGRWQOYBRFD-UHFFFAOYSA-L,Succinic acid,C00042,pyruvate fermentation to propanoate I,NA
SUC,C00042,PWY-5088,InChIKey=KDYFGRWQOYBRFD-UHFFFAOYSA-L,Succinic acid,C00042,L-glutamate degradation VIII (to propanoate),NA
SUC,C00042,PWY0-43,InChIKey=KDYFGRWQOYBRFD-UHFFFAOYSA-L,Succinic acid,C00042,conversion of succinate to propanoate,NA
SUC,C00042,P105-PWY,InChIKey=KDYFGRWQOYBRFD-UHFFFAOYSA-L,Succinic acid,C00042,TCA cycle IV (2-oxoglutarate decarboxylase),NA
SUC,C00042,PWY-7254,InChIKey=KDYFGRWQOYBRFD-UHFFFAOYSA-L,Succinic acid,C00042,TCA cycle VII (acetate-producers),NA
SUC,C00042,PWY-561,InChIKey=KDYFGRWQOYBRFD-UHFFFAOYSA-L,Succinic acid,C00042,superpathway of glyoxylate cycle and fatty acid degradation,NA
SUC,C00042,TCA,InChIKey=KDYFGRWQOYBRFD-UHFFFAOYSA-L,Succinic acid,C00042,TCA cycle I (prokaryotic),NA
SUC,C00042,TCA-GLYOX-BYPASS,InChIKey=KDYFGRWQOYBRFD-UHFFFAOYSA-L,Succinic acid,C00042,superpathway of glyoxylate bypass and TCA,NA
SUC,C00042,GLYCOLYSIS-TCA-GLYOX-BYPASS,InChIKey=KDYFGRWQOYBRFD-UHFFFAOYSA-L,Succinic acid,C00042,"superpathway of glycolysis, pyruvate dehydrogenase, TCA, and glyoxylate bypass",NA
SUC,C00042,PWY-5537,InChIKey=KDYFGRWQOYBRFD-UHFFFAOYSA-L,Succinic acid,C00042,pyruvate fermentation to acetate V,NA
SUC,C00042,P23-PWY,InChIKey=KDYFGRWQOYBRFD-UHFFFAOYSA-L,Succinic acid,C00042,reductive TCA cycle I,NA
SUC,C00042,PWY-8560,InChIKey=KDYFGRWQOYBRFD-UHFFFAOYSA-L,Succinic acid,C00042,TCA cycle VIII (Chlamydia),NA
SUC,C00042,PWY-6969,InChIKey=KDYFGRWQOYBRFD-UHFFFAOYSA-L,Succinic acid,C00042,TCA cycle V (2-oxoglutarate synthase),NA
SUC,C00042,PWY-6728,InChIKey=KDYFGRWQOYBRFD-UHFFFAOYSA-L,Succinic acid,C00042,methylaspartate cycle,NA
SUC,C00042,PWY-5690,InChIKey=KDYFGRWQOYBRFD-UHFFFAOYSA-L,Succinic acid,C00042,TCA cycle II (plants and fungi),NA
SUC,C00042,PWY-5464,InChIKey=KDYFGRWQOYBRFD-UHFFFAOYSA-L,Succinic acid,C00042,"superpathway of cytosolic glycolysis (plants), pyruvate dehydrogenase and TCA cycle",NA
SUC,C00042,PWY-7384,InChIKey=KDYFGRWQOYBRFD-UHFFFAOYSA-L,Succinic acid,C00042,"anaerobic energy metabolism (invertebrates, mitochondrial)",NA
SUC,C00042,PWY-7389,InChIKey=KDYFGRWQOYBRFD-UHFFFAOYSA-L,Succinic acid,C00042,superpathway of anaerobic energy metabolism (invertebrates),NA
SUC,C00042,PWY-5392,InChIKey=KDYFGRWQOYBRFD-UHFFFAOYSA-L,Succinic acid,C00042,reductive TCA cycle II,NA
SUC,C00042,P42-PWY,InChIKey=KDYFGRWQOYBRFD-UHFFFAOYSA-L,Succinic acid,C00042,incomplete reductive TCA cycle,NA
SUC,C00042,PWY-6146,InChIKey=KDYFGRWQOYBRFD-UHFFFAOYSA-L,Succinic acid,C00042,<i>Methanobacterium thermoautotrophicum</i> biosynthetic metabolism,NA
SUC,C00042,PWY-5538,InChIKey=KDYFGRWQOYBRFD-UHFFFAOYSA-L,Succinic acid,C00042,pyruvate fermentation to acetate VI,NA
SUC,C00042,PWY-3781,InChIKey=KDYFGRWQOYBRFD-UHFFFAOYSA-L,Succinic acid,C00042,aerobic respiration I (cytochrome c),NA
SUC,C00042,PWY66-398,InChIKey=KDYFGRWQOYBRFD-UHFFFAOYSA-L,Succinic acid,C00042,TCA cycle III (animals),NA
SUC,C00042,PWY-7279,InChIKey=KDYFGRWQOYBRFD-UHFFFAOYSA-L,Succinic acid,C00042,aerobic respiration II (cytochrome c) (yeast),NA
SUC,C00042,PWY-4302,InChIKey=KDYFGRWQOYBRFD-UHFFFAOYSA-L,Succinic acid,C00042,aerobic respiration III (alternative oxidase pathway),NA
SUC,C00042,PWY0-1353,InChIKey=KDYFGRWQOYBRFD-UHFFFAOYSA-L,Succinic acid,C00042,succinate to cytochrome <i>bd</i> oxidase electron transfer,NA
SUC,C00042,PWY0-1329,InChIKey=KDYFGRWQOYBRFD-UHFFFAOYSA-L,Succinic acid,C00042,succinate to cytochrome <i>bo</i> oxidase electron transfer,NA
SUCROSE,C00089,PWY-7347,InChIKey=CZMRCDWAGMRECN-UGDNZRGBSA-N,Sucrose,C00089,sucrose biosynthesis III,NA
SUCROSE,C00089,SUCSYN-PWY,InChIKey=CZMRCDWAGMRECN-UGDNZRGBSA-N,Sucrose,C00089,sucrose biosynthesis I (from photosynthesis),NA
SUCROSE,C00089,PWY-7238,InChIKey=CZMRCDWAGMRECN-UGDNZRGBSA-N,Sucrose,C00089,sucrose biosynthesis II,NA
SUCROSE,C00089,PWY-5343,InChIKey=CZMRCDWAGMRECN-UGDNZRGBSA-N,Sucrose,C00089,ajugose biosynthesis II (galactinol-independent),NA
SUCROSE,C00089,PWY-3801,InChIKey=CZMRCDWAGMRECN-UGDNZRGBSA-N,Sucrose,C00089,sucrose degradation II (sucrose synthase),NA
SUCROSE,C00089,PWY-7345,InChIKey=CZMRCDWAGMRECN-UGDNZRGBSA-N,Sucrose,C00089,superpathway of anaerobic sucrose degradation,NA
SUCROSE,C00089,PWY-862,InChIKey=CZMRCDWAGMRECN-UGDNZRGBSA-N,Sucrose,C00089,fructan degradation,NA
SUCROSE,C00089,PWY-6527,InChIKey=CZMRCDWAGMRECN-UGDNZRGBSA-N,Sucrose,C00089,stachyose degradation,NA
SUCROSE,C00089,SUCUTIL-PWY,InChIKey=CZMRCDWAGMRECN-UGDNZRGBSA-N,Sucrose,C00089,sucrose degradation I (sucrose phosphotransferase),NA
SUCROSE,C00089,SUCROSEUTIL2-PWY,InChIKey=CZMRCDWAGMRECN-UGDNZRGBSA-N,Sucrose,C00089,sucrose degradation VII (sucrose 3-dehydrogenase),NA
SUCROSE,C00089,PWY18C3-15,InChIKey=CZMRCDWAGMRECN-UGDNZRGBSA-N,Sucrose,C00089,acylsucrose biosynthesis (<i>Solanum pennellii</i>),NA
SUCROSE,C00089,PWY18C3-17,InChIKey=CZMRCDWAGMRECN-UGDNZRGBSA-N,Sucrose,C00089,superpathway of acylsucrose biosynthesis (wild tomato),NA
SUCROSE,C00089,PWY18C3-8,InChIKey=CZMRCDWAGMRECN-UGDNZRGBSA-N,Sucrose,C00089,monoacylsucrose biosynthesis (<i>Solanum</i>),NA
SUCROSE,C00089,PWY66-373,InChIKey=CZMRCDWAGMRECN-UGDNZRGBSA-N,Sucrose,C00089,sucrose degradation V (sucrose &alpha;-glucosidase),NA
SUCROSE,C00089,PWY-621,InChIKey=CZMRCDWAGMRECN-UGDNZRGBSA-N,Sucrose,C00089,sucrose degradation III (sucrose invertase),NA
SUCROSE,C00089,PWY-822,InChIKey=CZMRCDWAGMRECN-UGDNZRGBSA-N,Sucrose,C00089,fructan biosynthesis,NA
SUCROSE,C00089,PWY-6525,InChIKey=CZMRCDWAGMRECN-UGDNZRGBSA-N,Sucrose,C00089,stellariose and mediose biosynthesis,NA
SUCROSE,C00089,PWY-6524,InChIKey=CZMRCDWAGMRECN-UGDNZRGBSA-N,Sucrose,C00089,lychnose and isolychnose biosynthesis,NA
SUCROSE,C00089,PWY-5337,InChIKey=CZMRCDWAGMRECN-UGDNZRGBSA-N,Sucrose,C00089,stachyose biosynthesis,NA
SUCROSE,C00089,PWY-5384,InChIKey=CZMRCDWAGMRECN-UGDNZRGBSA-N,Sucrose,C00089,sucrose degradation IV (sucrose phosphorylase),NA
CPD-8486,C10833,PWY-6339,InChIKey=JMSVCTWVEWCHDZ-UHFFFAOYSA-M,Syringic acid,C10833,syringate degradation,NA
CPD-16677,C12371,PWY-7485,InChIKey=BXLGPMDGOMEFBX-UHFFFAOYSA-N,Tetracenomycin A2,C12371,tetracenomycin C biosynthesis,NA
CPD0-1414,C06570,PWY-7812,InChIKey=OFVLGDICTFRJMM-WESIUVDSSA-N,Tetracycline,C06570,tetracycline and oxytetracycline biosynthesis,NA
CPD0-1414,C06570,PWY-7809,InChIKey=OFVLGDICTFRJMM-WESIUVDSSA-N,Tetracycline,C06570,superpathway of tetracycline and oxytetracycline biosynthesis,NA
CPD0-1414,C06570,PWY-7808,InChIKey=OFVLGDICTFRJMM-WESIUVDSSA-N,Tetracycline,C06570,tetracycline resistance,NA
CPD0-1414,C06570,PWY-7810,InChIKey=OFVLGDICTFRJMM-WESIUVDSSA-N,Tetracycline,C06570,chlorotetracycline biosynthesis,NA
THYMINE,C00178,PWY-6430,InChIKey=RWQNBRDOKXIBIV-UHFFFAOYSA-N,Thymine,C00178,thymine degradation,NA
THYMINE,C00178,PWY-7181,InChIKey=RWQNBRDOKXIBIV-UHFFFAOYSA-N,Thymine,C00178,pyrimidine deoxyribonucleosides degradation,NA
THYMINE,C00178,PWY0-1298,InChIKey=RWQNBRDOKXIBIV-UHFFFAOYSA-N,Thymine,C00178,superpathway of pyrimidine deoxyribonucleosides degradation,NA
CPD-676,C01197,PWY-6781,InChIKey=QAIPRVGONGVQAS-DUXPYHPUSA-M,caffeate,C01197,chlorogenic acid degradation,NA
CPD-676,C01197,PWY-7937,InChIKey=QAIPRVGONGVQAS-DUXPYHPUSA-M,caffeate,C01197,fungal bioluminescence,NA
CPD-676,C01197,PWY2DDB-5,InChIKey=QAIPRVGONGVQAS-DUXPYHPUSA-M,caffeate,C01197,hydroxycinnamate degradation,NA
CPD-676,C01197,PWY-7826,InChIKey=QAIPRVGONGVQAS-DUXPYHPUSA-M,caffeate,C01197,<i>Amaryllidacea</i> alkaloids biosynthesis,NA
CPD-676,C01197,PWY-8003,InChIKey=QAIPRVGONGVQAS-DUXPYHPUSA-M,caffeate,C01197,<i>trans</i>-caffeate degradation (aerobic),NA
CPD-676,C01197,PWY-6673,InChIKey=QAIPRVGONGVQAS-DUXPYHPUSA-M,caffeate,C01197,caffeoylglucarate biosynthesis,NA
CPD-676,C01197,PWY-1121,InChIKey=QAIPRVGONGVQAS-DUXPYHPUSA-M,caffeate,C01197,suberin monomers biosynthesis,NA
CPD-676,C01197,PWY-7498,InChIKey=QAIPRVGONGVQAS-DUXPYHPUSA-M,caffeate,C01197,phenylpropanoids methylation (ice plant),NA
CPD-676,C01197,PWY-7186,InChIKey=QAIPRVGONGVQAS-DUXPYHPUSA-M,caffeate,C01197,superpathway of scopolin and esculin biosynthesis,NA
CPD-676,C01197,PWY-2181,InChIKey=QAIPRVGONGVQAS-DUXPYHPUSA-M,caffeate,C01197,free phenylpropanoid acid biosynthesis,NA
CPD-676,C01197,PWY-6781,InChIKey=QAIPRVGONGVQAS-DUXPYHPUSA-M,Caffeic acid,C01197,chlorogenic acid degradation,NA
CPD-676,C01197,PWY-7937,InChIKey=QAIPRVGONGVQAS-DUXPYHPUSA-M,Caffeic acid,C01197,fungal bioluminescence,NA
CPD-676,C01197,PWY2DDB-5,InChIKey=QAIPRVGONGVQAS-DUXPYHPUSA-M,Caffeic acid,C01197,hydroxycinnamate degradation,NA
CPD-676,C01197,PWY-7826,InChIKey=QAIPRVGONGVQAS-DUXPYHPUSA-M,Caffeic acid,C01197,<i>Amaryllidacea</i> alkaloids biosynthesis,NA
CPD-676,C01197,PWY-8003,InChIKey=QAIPRVGONGVQAS-DUXPYHPUSA-M,Caffeic acid,C01197,<i>trans</i>-caffeate degradation (aerobic),NA
CPD-676,C01197,PWY-6673,InChIKey=QAIPRVGONGVQAS-DUXPYHPUSA-M,Caffeic acid,C01197,caffeoylglucarate biosynthesis,NA
CPD-676,C01197,PWY-1121,InChIKey=QAIPRVGONGVQAS-DUXPYHPUSA-M,Caffeic acid,C01197,suberin monomers biosynthesis,NA
CPD-676,C01197,PWY-7498,InChIKey=QAIPRVGONGVQAS-DUXPYHPUSA-M,Caffeic acid,C01197,phenylpropanoids methylation (ice plant),NA
CPD-676,C01197,PWY-7186,InChIKey=QAIPRVGONGVQAS-DUXPYHPUSA-M,Caffeic acid,C01197,superpathway of scopolin and esculin biosynthesis,NA
CPD-676,C01197,PWY-2181,InChIKey=QAIPRVGONGVQAS-DUXPYHPUSA-M,Caffeic acid,C01197,free phenylpropanoid acid biosynthesis,NA
METHYLNICOTINATE,C01004,PWY-5110,InChIKey=WWNNZCOKKKDOPX-UHFFFAOYSA-N,Trigonelline,C01004,trigonelline biosynthesis,NA
UBIQUINONE-10,C11378,PWY-5872,InChIKey=ACTIUHUUMQJHFO-UPTCCGCDSA-N,coenzyme Q1,C11378,ubiquinone-10 biosynthesis (late decarboxylation),NA
UDP-MANNAC,C01170,PWY-8462,InChIKey=LFTYTUAZOPRMMI-ZYQOOJPVSA-L,D-Mannosamine,C01170,UDP-<i>N</i>-acetyl-&alpha;-D-mannosamine biosynthesis,NA
UDP-MANNAC,C01170,PWY-8461,InChIKey=LFTYTUAZOPRMMI-ZYQOOJPVSA-L,D-Mannosamine,C01170,<i>Streptococcus pneumoniae</i> serotype 4 capsular polysaccharide biosynthesis,NA
UDP-MANNAC,C01170,PWY-8237,InChIKey=LFTYTUAZOPRMMI-ZYQOOJPVSA-L,D-Mannosamine,C01170,<i>Escherichia coli</i> serotype O:1B/<i>Salmonella enterica</i> serotype O:42 O antigen biosynthesis,NA
UDP-MANNAC,C01170,PWY-8207,InChIKey=LFTYTUAZOPRMMI-ZYQOOJPVSA-L,D-Mannosamine,C01170,<i>Escherichia coli</i> serotype O:85/<i>Salmonella enterica</i> serotype O:17 O antigen biosynthesis,NA
UDP-MANNAC,C01170,PWY-7815,InChIKey=LFTYTUAZOPRMMI-ZYQOOJPVSA-L,D-Mannosamine,C01170,poly(ribitol phosphate) wall teichoic acid biosynthesis I (<i>B. subtilis</i>),NA
UDP-MANNAC,C01170,PWY-8204,InChIKey=LFTYTUAZOPRMMI-ZYQOOJPVSA-L,D-Mannosamine,C01170,<i>Salmonella enterica</i> serotype O:54 O antigen biosynthesis,NA
UDP-MANNAC,C01170,TEICHOICACID-PWY,InChIKey=LFTYTUAZOPRMMI-ZYQOOJPVSA-L,D-Mannosamine,C01170,poly(glycerol phosphate) wall teichoic acid biosynthesis,NA
UDP-MANNAC,C01170,PWY-7819,InChIKey=LFTYTUAZOPRMMI-ZYQOOJPVSA-L,D-Mannosamine,C01170,poly(3-O-&beta;-D-glucopyranosyl-<i>N</i>-acetylgalactosamine 1-phosphate) wall teichoic acid biosynthesis,NA
UDP-MANNAC,C01170,PWY-7816,InChIKey=LFTYTUAZOPRMMI-ZYQOOJPVSA-L,D-Mannosamine,C01170,poly(ribitol phosphate) wall teichoic acid biosynthesis II (<i>S. aureus</i>),NA
UDP-MANNAC,C01170,PWY-7335,InChIKey=LFTYTUAZOPRMMI-ZYQOOJPVSA-L,D-Mannosamine,C01170,UDP-<i>N</i>-acetyl-&alpha;-D-mannosaminouronate biosynthesis,NA
UDP-MANNAC,C01170,PWY-7332,InChIKey=LFTYTUAZOPRMMI-ZYQOOJPVSA-L,D-Mannosamine,C01170,superpathway of UDP-<I>N</i>-acetylglucosamine-derived O-antigen building blocks biosynthesis,NA
UDP-MANNAC,C01170,PWY-8227,InChIKey=LFTYTUAZOPRMMI-ZYQOOJPVSA-L,D-Mannosamine,C01170,superpathway of enterobacterial common antigen biosynthesis,NA
CPD-8186,C09315,PWY-6982,InChIKey=ORHBXUUXSCNDEV-UHFFFAOYSA-N,7-Hydroxycoumarine,C09315,umbelliferone biosynthesis,NA
CPD-8186,C09315,PWY-7186,InChIKey=ORHBXUUXSCNDEV-UHFFFAOYSA-N,7-Hydroxycoumarine,C09315,superpathway of scopolin and esculin biosynthesis,NA
CPD-8186,C09315,PWY-8476,InChIKey=ORHBXUUXSCNDEV-UHFFFAOYSA-N,7-Hydroxycoumarine,C09315,angular furanocoumarin biosynthesis,NA
CPD-8186,C09315,PWY-5365,InChIKey=ORHBXUUXSCNDEV-UHFFFAOYSA-N,7-Hydroxycoumarine,C09315,linear furanocoumarin biosynthesis,NA
CPD-8186,C09315,PWY-6982,InChIKey=ORHBXUUXSCNDEV-UHFFFAOYSA-N,Umbelliferone,C09315,umbelliferone biosynthesis,NA
CPD-8186,C09315,PWY-7186,InChIKey=ORHBXUUXSCNDEV-UHFFFAOYSA-N,Umbelliferone,C09315,superpathway of scopolin and esculin biosynthesis,NA
CPD-8186,C09315,PWY-8476,InChIKey=ORHBXUUXSCNDEV-UHFFFAOYSA-N,Umbelliferone,C09315,angular furanocoumarin biosynthesis,NA
CPD-8186,C09315,PWY-5365,InChIKey=ORHBXUUXSCNDEV-UHFFFAOYSA-N,Umbelliferone,C09315,linear furanocoumarin biosynthesis,NA
URACIL,C00106,PWY-7183,InChIKey=ISAKRJDGNUQOIC-UHFFFAOYSA-N,Uracil,C00106,pyrimidine nucleobases salvage I,NA
URACIL,C00106,PWY-7208,InChIKey=ISAKRJDGNUQOIC-UHFFFAOYSA-N,Uracil,C00106,superpathway of pyrimidine nucleobases salvage,NA
URACIL,C00106,PWY-3982,InChIKey=ISAKRJDGNUQOIC-UHFFFAOYSA-N,Uracil,C00106,uracil degradation I (reductive),NA
URACIL,C00106,PWY-6556,InChIKey=ISAKRJDGNUQOIC-UHFFFAOYSA-N,Uracil,C00106,pyrimidine ribonucleosides salvage II,NA
URACIL,C00106,PWY-7196,InChIKey=ISAKRJDGNUQOIC-UHFFFAOYSA-N,Uracil,C00106,superpathway of pyrimidine ribonucleosides salvage,NA
URACIL,C00106,PWY-7195,InChIKey=ISAKRJDGNUQOIC-UHFFFAOYSA-N,Uracil,C00106,pyrimidine ribonucleosides salvage III,NA
URACIL,C00106,PWY-7194,InChIKey=ISAKRJDGNUQOIC-UHFFFAOYSA-N,Uracil,C00106,pyrimidine nucleobases salvage II,NA
URACIL,C00106,PWY-5532,InChIKey=ISAKRJDGNUQOIC-UHFFFAOYSA-N,Uracil,C00106,nucleoside and nucleotide degradation (archaea),NA
URACIL,C00106,PWY0-1295,InChIKey=ISAKRJDGNUQOIC-UHFFFAOYSA-N,Uracil,C00106,pyrimidine ribonucleosides degradation,NA
URACIL,C00106,PWY-7209,InChIKey=ISAKRJDGNUQOIC-UHFFFAOYSA-N,Uracil,C00106,superpathway of pyrimidine ribonucleosides degradation,NA
URACIL,C00106,PWY-7181,InChIKey=ISAKRJDGNUQOIC-UHFFFAOYSA-N,Uracil,C00106,pyrimidine deoxyribonucleosides degradation,NA
URACIL,C00106,PWY0-1298,InChIKey=ISAKRJDGNUQOIC-UHFFFAOYSA-N,Uracil,C00106,superpathway of pyrimidine deoxyribonucleosides degradation,NA
URACIL,C00106,PWY0-1471,InChIKey=ISAKRJDGNUQOIC-UHFFFAOYSA-N,Uracil,C00106,uracil degradation III,NA
URACIL,C00106,PWY-6019,InChIKey=ISAKRJDGNUQOIC-UHFFFAOYSA-N,Uracil,C00106,pseudouridine degradation,NA
URACIL,C00106,PWY-6426,InChIKey=ISAKRJDGNUQOIC-UHFFFAOYSA-N,Uracil,C00106,uracil degradation II (oxidative),NA
URACIL,C00106,PWY-1,InChIKey=ISAKRJDGNUQOIC-UHFFFAOYSA-N,Uracil,C00106,lathyrine biosynthesis,NA
URACIL,C00106,PWY-5021,InChIKey=ISAKRJDGNUQOIC-UHFFFAOYSA-N,Uracil,C00106,willardiine and isowillardiine biosynthesis,NA
URIDINE,C00299,PWY-7185,InChIKey=DRTQHJPVMGBUCF-XVFCMESISA-N,Uridine,C00299,UTP and CTP dephosphorylation I,NA
URIDINE,C00299,PWY-5532,InChIKey=DRTQHJPVMGBUCF-XVFCMESISA-N,Uridine,C00299,nucleoside and nucleotide degradation (archaea),NA
URIDINE,C00299,PWY0-1295,InChIKey=DRTQHJPVMGBUCF-XVFCMESISA-N,Uridine,C00299,pyrimidine ribonucleosides degradation,NA
URIDINE,C00299,PWY-7209,InChIKey=DRTQHJPVMGBUCF-XVFCMESISA-N,Uridine,C00299,superpathway of pyrimidine ribonucleosides degradation,NA
URIDINE,C00299,PWY-8528,InChIKey=DRTQHJPVMGBUCF-XVFCMESISA-N,Uridine,C00299,pacidamycin 3 biosynthesis,NA
URIDINE,C00299,PWY-8527,InChIKey=DRTQHJPVMGBUCF-XVFCMESISA-N,Uridine,C00299,pacidamycin S biosynthesis,NA
URIDINE,C00299,PWY-7193,InChIKey=DRTQHJPVMGBUCF-XVFCMESISA-N,Uridine,C00299,pyrimidine ribonucleosides salvage I,NA
URIDINE,C00299,PWY-7821,InChIKey=DRTQHJPVMGBUCF-XVFCMESISA-N,Uridine,C00299,tunicamycin biosynthesis,NA
URIDINE,C00299,PWY-6556,InChIKey=DRTQHJPVMGBUCF-XVFCMESISA-N,Uridine,C00299,pyrimidine ribonucleosides salvage II,NA
URIDINE,C00299,PWY-7196,InChIKey=DRTQHJPVMGBUCF-XVFCMESISA-N,Uridine,C00299,superpathway of pyrimidine ribonucleosides salvage,NA
UROCANATE,C00785,PWY-5030,InChIKey=LOIYMIARKYCTBW-OWOJBTEDSA-M,trans-Urocanic Acid,C00785,L-histidine degradation III,NA
UROCANATE,C00785,HISHP-PWY,InChIKey=LOIYMIARKYCTBW-OWOJBTEDSA-M,trans-Urocanic Acid,C00785,L-histidine degradation VI,NA
UROCANATE,C00785,PWY-5028,InChIKey=LOIYMIARKYCTBW-OWOJBTEDSA-M,trans-Urocanic Acid,C00785,L-histidine degradation II,NA
UROCANATE,C00785,HISDEG-PWY,InChIKey=LOIYMIARKYCTBW-OWOJBTEDSA-M,trans-Urocanic Acid,C00785,L-histidine degradation I,NA
UROCANATE,C00785,PWY-5030,InChIKey=LOIYMIARKYCTBW-OWOJBTEDSA-M,urocanate,C00785,L-histidine degradation III,NA
UROCANATE,C00785,HISHP-PWY,InChIKey=LOIYMIARKYCTBW-OWOJBTEDSA-M,urocanate,C00785,L-histidine degradation VI,NA
UROCANATE,C00785,PWY-5028,InChIKey=LOIYMIARKYCTBW-OWOJBTEDSA-M,urocanate,C00785,L-histidine degradation II,NA
UROCANATE,C00785,HISDEG-PWY,InChIKey=LOIYMIARKYCTBW-OWOJBTEDSA-M,urocanate,C00785,L-histidine degradation I,NA
VANILLATE,C06672,PWY-7982,InChIKey=WKOLLVMJNQIZCI-UHFFFAOYSA-M,Vanillic acid,C06672,pinoresinol degradation,NA
VANILLATE,C06672,PWY-7256,InChIKey=WKOLLVMJNQIZCI-UHFFFAOYSA-M,Vanillic acid,C06672,cyanidin diglucoside biosynthesis (acyl-glucose dependent),NA
VANILLATE,C06672,PWY-7260,InChIKey=WKOLLVMJNQIZCI-UHFFFAOYSA-M,Vanillic acid,C06672,delphinidin diglucoside biosynthesis (acyl-glucose dependent),NA
VANILLATE,C06672,PWY-7259,InChIKey=WKOLLVMJNQIZCI-UHFFFAOYSA-M,Vanillic acid,C06672,pelargonidin diglucoside biosynthesis (acyl-glucose dependent),NA
VANILLATE,C06672,PWY-6340,InChIKey=WKOLLVMJNQIZCI-UHFFFAOYSA-M,Vanillic acid,C06672,"5,5'-dehydrodivanillate degradation",NA
VANILLATE,C06672,PWY-7097,InChIKey=WKOLLVMJNQIZCI-UHFFFAOYSA-M,Vanillic acid,C06672,vanillin and vanillate degradation I,NA
VANILLATE,C06672,PWY-6338,InChIKey=WKOLLVMJNQIZCI-UHFFFAOYSA-M,Vanillic acid,C06672,superpathway of vanillin and vanillate degradation,NA
VANILLATE,C06672,PWY-7098,InChIKey=WKOLLVMJNQIZCI-UHFFFAOYSA-M,Vanillic acid,C06672,vanillin and vanillate degradation II,NA
